protein_id,sequence_length,length_after_2000_residue_cap,exceeds_2000_residues
Q7X1P7,638,638,False
Q9FBC5,324,324,False
P22629,183,183,False
O85361,506,506,False
B5SU02,323,323,False
Q4VQ11,326,326,False
P04185,442,442,False
A0T123,548,548,False
Q9FV53,269,269,False
Q9ZB22,645,645,False
Q81VW8,280,280,False
Q3ZCJ8,463,463,False
P00376,187,187,False
P02754,178,178,False
P11064,158,158,False
Q56D28,391,391,False
Q2KJ64,322,322,False
Q8VH27,466,466,False
A3RLP8,370,370,False
A4KCT8,286,286,False
P10844,1291,1291,False
Q60457,546,546,False
P11838,419,419,False
Q01583,1211,1211,False
Q5VLE3,345,345,False
P06873,384,384,False
Q8VH25,477,477,False
P00573,883,883,False
A1E3K9,288,288,False
Q6REX6,286,286,False
P27189,1061,1061,False
Q43445,367,367,False
O46128,523,523,False
Q03732,230,230,False
O75311,464,464,False
P05369,353,353,False
Q16236,605,605,False
O53585,637,637,False
P05089,322,322,False
P24062,1370,1370,False
P28305,269,269,False
Q9BXC0,346,346,False
O00443,1686,1686,False
Q5S007,2527,2000,True
Q12974,167,167,False
Q9QUN7,784,784,False
Q63633,1139,1139,False
Q8K418,399,399,False
Q6XKD3,403,403,False
O15455,904,904,False
Q9NR20,520,520,False
P19332,752,752,False
P30613,574,574,False
Q96CA5,298,298,False
Q49PX0,117,117,False
P09848,1927,1927,False
Q12931,704,704,False
Q8WTQ7,553,553,False
P42346,2549,2000,True
Q9NUW8,608,608,False
O54798,399,399,False
Q9GZQ4,415,415,False
P55072,806,806,False
Q9UPY5,501,501,False
Q7TNH1,468,468,False
Q14397,625,625,False
Q15208,465,465,False
P49619,791,791,False
O54939,306,306,False
Q8RLA6,275,275,False
Q13304,367,367,False
Q8TF76,798,798,False
Q9WUL0,767,767,False
Q8NEB9,887,887,False
P35626,688,688,False
Q8NE63,616,616,False
Q93096,173,173,False
Q9JII9,367,367,False
Q9H4A3,2382,2000,True
P0A3M1,286,286,False
P33436,662,662,False
P0AEJ2,391,391,False
P9WHE9,160,160,False
Q9HB89,426,426,False
P00669,150,150,False
P60033,236,236,False
O00764,312,312,False
Q8HY88,411,411,False
B8PY99,368,368,False
P24063,1162,1162,False
P14618,531,531,False
P21575,864,864,False
Q8T8E7,347,347,False
Q5KSK8,365,365,False
Q9UL54,1235,1235,False
P35344,358,358,False
P46406,333,333,False
P00563,381,381,False
O41156,216,216,False
Q96WJ0,719,719,False
P25084,239,239,False
O69002,198,198,False
Q9EY48,458,458,False
Q9RMS5,237,237,False
P21588,576,576,False
P47196,480,480,False
Q02765,330,330,False
Q8VD48,319,319,False
Q80T02,329,329,False
Q62689,1132,1132,False
P15387,857,857,False
Q63881,630,630,False
P97639,353,353,False
Q62600,1202,1202,False
P56718,416,416,False
P07379,622,622,False
O70594,557,557,False
Q3ZAV1,553,553,False
Q5FVR2,476,476,False
P29598,432,432,False
P22985,1331,1331,False
O32449,317,317,False
P03070,708,708,False
Q6PRC7,441,441,False
Q9BDS8,355,355,False
P61814,352,352,False
Q9GPG0,573,573,False
Q9R1C8,440,440,False
Q61618,319,319,False
Q91WR5,323,323,False
O08663,478,478,False
O70126,345,345,False
P70343,373,373,False
P55097,329,329,False
P35329,868,868,False
P22518,483,483,False
O35491,499,499,False
O35492,638,638,False
O35493,481,481,False
Q9Z2A7,498,498,False
Q80W54,475,475,False
Q9QVP9,1009,1009,False
O35659,463,463,False
Q9R1K6,375,375,False
P35428,282,282,False
P28776,407,407,False
Q02111,707,707,False
Q6T3U4,1333,1333,False
P35383,373,373,False
P20918,812,812,False
P41593,591,591,False
Q923I7,670,670,False
P28571,692,692,False
Q9JIA7,617,617,False
Q9QZX7,339,339,False
P48776,406,406,False
P19221,618,618,False
Q8BLA8,1125,1125,False
P06869,433,433,False
P03452,565,565,False
P32302,372,372,False
P35384,1085,1085,False
P61964,334,334,False
Q7Z2W7,1104,1104,False
C3L5T6,189,189,False
Q9WV60,420,420,False
Q9Y2T6,319,319,False
P14625,803,803,False
O75460,977,977,False
O95747,527,527,False
P20794,623,623,False
Q9UEW8,545,545,False
P43071,1501,1501,False
P04401,133,133,False
O76039,960,960,False
P22687,497,497,False
Q8IVW4,592,592,False
O75747,1486,1486,False
Q2XUH7,137,137,False
O95382,1288,1288,False
O43283,966,966,False
O60885,1362,1362,False
Q9UPZ9,632,632,False
Q9Y2H9,1570,1570,False
Q52WX2,424,424,False
Q27793,521,521,False
P26918,254,254,False
P9WP01,268,268,False
Q8T8E9,395,395,False
P10398,606,606,False
P00349,483,483,False
P03433,716,716,False
Q924U1,396,396,False
D1MIX9,287,287,False
O15269,473,473,False
O15270,562,562,False
P0AF14,232,232,False
P01106,454,454,False
P01109,435,435,False
P13674,534,534,False
P25942,277,277,False
P26262,638,638,False
P61244,160,160,False
P70349,126,126,False
P70658,359,359,False
P79394,352,352,False
Q6UCJ9,417,417,False
Q9NPH5,578,578,False
Q15393,1217,1217,False
Q15717,326,326,False
Q16690,384,384,False
Q16828,381,381,False
O88704,910,910,False
O94759,1503,1503,False
O18531,757,757,False
O78750,227,227,False
Q8HZP2,352,352,False
Q61125,334,334,False
O88703,863,863,False
P14142,509,509,False
Q9UL62,973,973,False
Q03530,315,315,False
P06865,529,529,False
P20917,627,627,False
Q9Y3Q4,1203,1203,False
A0ZX81,286,286,False
O15151,490,490,False
P05193,381,381,False
P0C7A3,435,435,False
P56704,352,352,False
P59676,750,750,False
P62834,184,184,False
Q4TVR4,286,286,False
Q50H31,268,268,False
Q7TMR0,491,491,False
Q80SS6,329,329,False
Q83TT7,20,20,False
Q8GDC1,266,266,False
Q91ZY3,389,389,False
Q96B36,256,256,False
Q99J39,492,492,False
Q9H237,461,461,False
Q9JJJ7,461,461,False
Q9JLN9,2549,2000,True
Q9Y2T1,843,843,False
Q86SK9,330,330,False
P50053,298,298,False
P19120,650,650,False
P9WNP5,314,314,False
P56719,460,460,False
P13501,91,91,False
Q2KHZ8,536,536,False
Q63009,353,353,False
Q96LA8,375,375,False
P11142,646,646,False
Q2HY42,266,266,False
Q9XAY4,266,266,False
Q6XEC0,265,265,False
Q7X575,286,286,False
Q75VQ4,469,469,False
P16788,707,707,False
Q9JIM1,460,460,False
O54699,456,456,False
Q62773,659,659,False
P22309,533,533,False
P9WQA3,344,344,False
A0A380PJR2,359,359,False
Q9Y468,840,840,False
Q96JM7,780,780,False
Q8NA19,623,623,False
Q05BQ5,628,628,False
Q0VC81,317,317,False
P04839,570,570,False
Q9Y5S8,564,564,False
Q6DLW5,406,406,False
Q7M3D2,280,280,False
Q7K6A1,449,449,False
P11308,479,479,False
P50416,773,773,False
Q873Y0,825,825,False
Q9BZP6,476,476,False
O02768,604,604,False
Q99986,396,396,False
P09598,283,283,False
P04273,254,254,False
O55193,373,373,False
O70424,76,76,False
Q9Y239,953,953,False
P10636,758,758,False
B2RXH2,506,506,False
O75604,605,605,False
P22736,598,598,False
P51450,516,516,False
Q16637,294,294,False
P46063,649,649,False
P54132,1417,1417,False
Q07440,172,172,False
Q15149,4684,2000,True
Q8TDD5,553,553,False
Q79MP6,246,246,False
Q7T1G6,1614,1614,False
Q932Y6,286,286,False
Q13887,457,457,False
P15428,266,266,False
P51570,392,392,False
P84022,425,425,False
Q03137,986,986,False
Q5J463,269,269,False
Q8I2J3,570,570,False
Q8VNN2,1029,1029,False
Q9BPW0,484,484,False
Q9HC29,1040,1040,False
Q9HC97,309,309,False
A3EZJ3,631,631,False
C3TRK2,638,638,False
Q15056,248,248,False
O00167,538,538,False
O15118,1278,1278,False
P11940,636,636,False
P14735,1019,1019,False
P0CY54,314,314,False
P25440,801,801,False
P35561,428,428,False
P48048,391,391,False
P48145,328,328,False
P54578,494,494,False
P61981,247,247,False
Q03164,3969,2000,True
Q9FD53,317,317,False
Q05BA5,1403,1403,False
Q17339,463,463,False
G5EF15,264,264,False
Q2Q167,126,126,False
Q3Y5H1,307,307,False
Q5A7N4,207,207,False
Q6QLK5,814,814,False
Q8IL11,605,605,False
Q92560,729,729,False
Q9FD70,803,803,False
Q9HBX9,757,757,False
Q9XUB2,468,468,False
Q9Y570,386,386,False
P14598,390,390,False
O00255,610,610,False
P55011,1212,1212,False
Q9H2X9,1139,1139,False
Q13951,182,182,False
Q9UBE0,346,346,False
Q8TDS5,384,384,False
Q8NEC5,780,780,False
Q9H1D0,765,765,False
Q9NZQ8,1165,1165,False
Q8TD43,1214,1214,False
Q8TDU9,374,374,False
Q9NQA5,729,729,False
Q6GMR7,532,532,False
P78348,528,528,False
Q8WXD0,754,754,False
Q3S5C3,105,105,False
Q48435,381,381,False
B8R6A5,312,312,False
Q9Y745,436,436,False
Q5TIX5,86,86,False
Q4U2R8,563,563,False
Q8TCC7,542,542,False
Q8RL90,397,397,False
Q3UVX5,1203,1203,False
P24928,1970,1970,False
Q93LQ9,293,293,False
Q39829,18,18,False
Q39830,664,664,False
Q13609,305,305,False
Q62120,1132,1132,False
P06307,115,115,False
Q14451,532,532,False
P13500,99,99,False
C0IX24,316,316,False
Q86Y07,508,508,False
Q1A7N1,1104,1104,False
B5THE3,1818,1818,False
P23780,647,647,False
P70699,953,953,False
Q70YI1,233,233,False
P42225,749,749,False
Q9HZK0,332,332,False
Q0VTR6,383,383,False
Q0VTR8,383,383,False
Q0VTS0,383,383,False
Q2XPY6,291,291,False
Q6Q793,449,449,False
A5Z252,449,449,False
Q2LFS1,449,449,False
C4LRQ6,449,449,False
C7C422,270,270,False
P9WKK7,428,428,False
B2ZTR6,359,359,False
D6NSM8,383,383,False
P11500,47,47,False
P56470,323,323,False
Q96HE7,468,468,False
P00727,519,519,False
P14927,111,111,False
Q9WV26,359,359,False
Q6NSN2,522,522,False
P49683,370,370,False
P37340,457,457,False
P31224,1049,1049,False
P9WPP7,396,396,False
P0A0I7,238,238,False
P48302,442,442,False
P0A017,159,159,False
Q53I59,924,924,False
Q06241,202,202,False
Q96W81,524,524,False
P70269,397,397,False
Q06347,560,560,False
O75608,230,230,False
P00591,450,450,False
Q64546,498,498,False
P76558,759,759,False
Q8ILQ7,211,211,False
Q08752,370,370,False
Q9NAW4,492,492,False
Q00496,1251,1251,False
D5HSX5,308,308,False
P62744,142,142,False
Q9Y6L6,691,691,False
P49764,158,158,False
P49763,221,221,False
Q9NAW2,484,484,False
P53624,667,667,False
Q3I4V7,239,239,False
Q9I194,762,762,False
O15305,246,246,False
O40947,1089,1089,False
O60240,522,522,False
O75030,526,526,False
P11411,486,486,False
P17861,261,261,False
P25376,633,633,False
P31941,199,199,False
P32897,222,222,False
P51449,518,518,False
P52292,529,529,False
P62826,216,216,False
P63279,158,158,False
P9WMR3,874,874,False
P83916,185,185,False
P87108,93,93,False
P98073,1019,1019,False
Q2TB90,917,917,False
Q61009,509,509,False
Q96LD8,212,212,False
Q96P20,1036,1036,False
Q9BHT9,950,950,False
Q9BQF6,1050,1050,False
Q9C000,1473,1473,False
Q9GZR1,1112,1112,False
Q9HC16,384,384,False
Q9QUQ5,974,974,False
Q9UIF8,2168,2000,True
Q9Y4P1,393,393,False
Q9NPD5,702,702,False
O15244,555,555,False
O94956,709,709,False
Q96FL8,570,570,False
Q86VL8,602,602,False
Q16873,150,150,False
P50225,295,295,False
P19224,532,532,False
Q9HAW7,530,530,False
O60656,530,530,False
Q9HAW8,530,530,False
P14488,256,256,False
Q99814,870,870,False
Q9QXI6,665,665,False
P43490,491,491,False
P9WJM9,414,414,False
P9WQP7,370,370,False
Q06992,575,575,False
Q8TCT0,537,537,False
P27694,616,616,False
O95147,198,198,False
Q5DUB1,407,407,False
Q9UHJ3,866,866,False
O95931,251,251,False
Q8TBX8,421,421,False
P0C1R8,321,321,False
P33766,364,364,False
P0A7Y4,155,155,False
Q60F97,458,458,False
P9WKD7,162,162,False
Q9N1E2,558,558,False
Q9ESG6,338,338,False
Q9NY91,659,659,False
Q9UNH5,594,594,False
P34896,483,483,False
P9WMC1,216,216,False
O43683,1085,1085,False
O35956,551,551,False
P01589,272,272,False
P10613,528,528,False
P11387,765,765,False
O19175,125,125,False
Q9BJF5,507,507,False
Q704Y3,839,839,False
P11021,654,654,False
Q02440,1829,1829,False
P54697,2245,2000,True
Q53EL6,469,469,False
P14324,419,419,False
P15692,395,395,False
P43220,463,463,False
P18405,259,259,False
Q03431,593,593,False
Q61143,930,930,False
A0A2S9PM60,871,871,False
O94782,785,785,False
Q9GZU7,261,261,False
Q9JN24,150,150,False
Q9NPA2,562,562,False
P43316,213,213,False
Q9NNX6,404,404,False
O14744,637,637,False
Q8TEK3,1537,1537,False
O43463,412,412,False
Q25615,497,497,False
P68104,462,462,False
Q05639,463,463,False
Q2PCB5,309,309,False
Q8CA95,790,790,False
Q9QNF7,376,376,False
P13159,343,343,False
P05231,212,212,False
C3TDZ2,317,317,False
P12276,2512,2000,True
O60235,418,418,False
Q8IU80,811,811,False
O15393,492,492,False
Q86W56,976,976,False
O08556,354,354,False
Q1ZY22,352,352,False
P78540,354,354,False
Q8I384,411,411,False
P49789,147,147,False
C3TIE2,350,350,False
E2QDN0,367,367,False
P95276,356,356,False
O69638,327,327,False
P9WG57,250,250,False
P9WFR9,266,266,False
P0C5S6,849,849,False
D3W065,265,265,False
P57058,714,714,False
Q12772,1141,1141,False
Q9QUK6,835,835,False
Q9NZ45,108,108,False
Q9IGQ6,469,469,False
Q62190,1378,1378,False
O60741,890,890,False
Q9UL51,889,889,False
Q9P1Z3,774,774,False
Q91Y86,384,384,False
Q9NQR1,393,393,False
Q9H5I1,410,410,False
Q8K3T4,300,300,False
P30987,341,341,False
P31228,341,341,False
Q86U86,1689,1689,False
Q58F21,947,947,False
Q15059,726,726,False
Q48935,341,341,False
Q96NT5,459,459,False
P19096,2504,2000,True
Q15131,360,360,False
Q14004,1512,1512,False
P48426,406,406,False
Q96Q15,3661,2000,True
Q7RTN6,431,431,False
Q9Y572,518,518,False
Q8ZEY1,299,299,False
P00747,810,810,False
P20701,1170,1170,False
P30939,366,366,False
P11388,1531,1531,False
P05023,1023,1023,False
P0ABQ4,159,159,False
P16233,465,465,False
P06479,376,376,False
P20839,514,514,False
P04626,1255,1255,False
P0AES6,804,804,False
O76074,875,875,False
P09884,1462,1462,False
O15379,428,428,False
P23921,792,792,False
P24557,533,533,False
P39051,492,492,False
P54219,525,525,False
P07202,933,933,False
P0AD65,633,633,False
P06241,537,537,False
P20711,480,480,False
P07333,972,972,False
P35498,2009,2000,True
P28472,473,473,False
P9WGR1,269,269,False
P22680,504,504,False
P22888,699,699,False
P31213,254,254,False
O95180,2353,2000,True
P10827,490,490,False
P32754,393,393,False
P40238,635,635,False
Q9UBN7,1215,1215,False
P11926,461,461,False
P28702,533,533,False
P00750,562,562,False
P41180,1078,1078,False
Q14654,390,390,False
P17181,557,557,False
Q04609,750,750,False
Q05940,514,514,False
Q92206,496,496,False
P15121,316,316,False
P62942,108,108,False
P30531,599,599,False
Q13224,1484,1484,False
P04049,648,648,False
P15144,967,967,False
P15538,503,503,False
O14936,926,926,False
O60331,668,668,False
Q9NRH2,765,765,False
P9WI81,626,626,False
Q6XUX3,929,929,False
P62344,524,524,False
Q12852,859,859,False
A6XA80,150,150,False
Q690N0,482,482,False
P31947,248,248,False
Q9P0U3,644,644,False
B2LUN4,420,420,False
Q9ULC6,663,663,False
Q9Y2J8,665,665,False
Q9ULW8,664,664,False
P01584,269,269,False
P00813,363,363,False
P51649,535,535,False
P09619,1106,1106,False
P06276,602,602,False
Q9NP87,494,494,False
O94222,520,520,False
O08530,382,382,False
P48303,383,383,False
P10997,89,89,False
P51657,344,344,False
Q62730,381,381,False
P51656,344,344,False
P51658,381,381,False
Q9GME2,314,314,False
Q8WTV0,552,552,False
P10688,756,756,False
P97696,400,400,False
Q9WTU3,1978,1978,False
P63252,427,427,False
Q7Z2H8,476,476,False
P39086,918,918,False
P54289,1103,1103,False
P20291,161,161,False
B6F061,249,249,False
P0A0K8,644,644,False
P05227,332,332,False
P16184,206,206,False
P50336,477,477,False
O24164,504,504,False
Q9TSW7,466,466,False
P34884,115,115,False
Q5TCY1,1321,1321,False
Q8HZ64,338,338,False
P12643,396,396,False
Q96PH1,765,765,False
Q28691,488,488,False
D5F1R0,470,470,False
Q16881,649,649,False
P47989,1333,1333,False
Q9BQB6,163,163,False
O95372,231,231,False
P00698,147,147,False
P42677,84,84,False
P06821,97,97,False
P49281,568,568,False
P15311,586,586,False
P03437,566,566,False
Q6P1E0,629,629,False
P79227,464,464,False
A9X4R8,38,38,False
Q4U3Q4,505,505,False
Q0ZAQ8,441,441,False
P70385,305,305,False
Q9H7Z6,458,458,False
P05091,517,517,False
P10721,976,976,False
Q92769,488,488,False
Q8NB78,822,822,False
Q9Y4C1,1321,1321,False
Q9Y2K7,1162,1162,False
O15054,1643,1643,False
Q9UPP1,1060,1060,False
Q8IVT5,923,923,False
Q8NB16,471,471,False
Q9JZ55,280,280,False
P49681,329,329,False
Q9Y2I7,2098,2000,True
Q96S44,253,253,False
O15297,605,605,False
P9WH09,304,304,False
O60882,483,483,False
C3SIU2,105,105,False
P08473,750,750,False
P02752,238,238,False
Q09429,1582,1582,False
P28076,219,219,False
P28063,276,276,False
O55234,264,264,False
P28065,219,219,False
P28072,239,239,False
Q8WSF8,236,236,False
Q3SZX4,260,260,False
A6YCJ1,292,292,False
A4HSF7,491,491,False
P10828,461,461,False
P62937,165,165,False
Q4Q5S8,421,421,False
Q96C86,337,337,False
P21741,143,143,False
O89017,435,435,False
P04818,313,313,False
P31350,389,389,False
P35916,1363,1363,False
P09651,372,372,False
P30083,459,459,False
P08069,1367,1367,False
P14060,373,373,False
P14778,569,569,False
P30572,1009,1009,False
P20393,614,614,False
Q14995,579,579,False
Q9Y466,385,385,False
P10589,423,423,False
Q92570,626,626,False
P16473,764,764,False
Q9UK17,655,655,False
Q01718,297,297,False
Q02127,395,395,False
P07099,455,455,False
O60706,1549,1549,False
Q12879,1464,1464,False
P14679,529,529,False
P36888,993,993,False
P11473,427,427,False
P11511,503,503,False
P41972,917,917,False
P28221,377,377,False
P0A749,419,419,False
P47871,477,477,False
P16066,1061,1061,False
O14920,756,756,False
Q9Y6K1,912,912,False
P26358,1616,1616,False
P08235,984,984,False
P43119,386,386,False
Q99808,456,456,False
P03952,638,638,False
Q9H244,342,342,False
P12268,514,514,False
P13631,454,454,False
P48443,463,463,False
P9WGY9,1178,1178,False
P16234,1089,1089,False
P54149,233,233,False
O86157,203,203,False
O75874,414,414,False
P54829,565,565,False
O00487,310,310,False
Q9NP58,842,842,False
P10826,455,455,False
P42261,906,906,False
Q5S006,2527,2000,True
P10599,105,105,False
O00625,290,290,False
Q7Z5Q5,900,900,False
P25106,362,362,False
P03126,158,158,False
Q92499,740,740,False
P68826,183,183,False
Q8WQX9,930,930,False
P00740,461,461,False
Q9R1L2,259,259,False
Q9WTV9,420,420,False
Q8TBC4,463,463,False
Q13564,534,534,False
P00374,187,187,False
Q07523,353,353,False
B0BNF9,370,370,False
O15121,323,323,False
Q64729,503,503,False
Q96Q89,1820,1820,False
O95235,890,890,False
Q9NR71,780,780,False
P70623,132,132,False
P19205,732,732,False
P21964,271,271,False
P23945,695,695,False
Q9UHC9,1359,1359,False
Q9QLI9,726,726,False
Q9H665,355,355,False
Q8MJ89,353,353,False
O60282,957,957,False
O95398,923,923,False
Q8WZA2,1011,1011,False
P97504,651,651,False
P29319,983,983,False
P14234,517,517,False
Q00342,1000,1000,False
Q9WTU6,423,423,False
P05532,979,979,False
P35546,1115,1115,False
Q06806,1134,1134,False
P43404,618,618,False
Q78DX7,2340,2000,True
P57771,180,180,False
P59538,309,309,False
Q5KTC7,362,362,False
Q06609,339,339,False
Q9R1W5,463,463,False
O13383,690,690,False
P00734,622,622,False
P06729,351,351,False
P70453,456,456,False
Q28731,235,235,False
Q8TDX6,532,532,False
P07949,1114,1114,False
P80404,500,500,False
P04746,511,511,False
O15440,1437,1437,False
Q8N5Z0,425,425,False
Q6YP21,454,454,False
Q9JM51,153,153,False
P41052,361,361,False
Q6DLS0,406,406,False
Q75ZY9,1382,1382,False
Q869C3,737,737,False
Q5XXA6,986,986,False
Q96RI1,486,486,False
P30559,389,389,False
P00918,260,260,False
P03468,454,454,False
P0DOF8,97,97,False
Q91XA9,473,473,False
P60842,406,406,False
Q13451,457,457,False
P60484,403,403,False
Q9NRM0,540,540,False
O61142,690,690,False
Q7TMA4,361,361,False
Q6PCB7,646,646,False
Q60714,646,646,False
P49279,550,550,False
Q9UUP5,206,206,False
P06858,475,475,False
P54652,639,639,False
Q9Y230,463,463,False
P50747,726,726,False
Q9UH92,298,298,False
Q16739,394,394,False
P62593,286,286,False
P29317,976,976,False
P21731,343,343,False
Q14145,624,624,False
P9WIC1,105,105,False
P14769,368,368,False
P08294,240,240,False
Q3ZKN1,330,330,False
Q7Z601,462,462,False
Q7TQN9,365,365,False
Q96S53,571,571,False
O15550,1401,1401,False
Q09428,1581,1581,False
P35499,1836,1836,False
P07947,543,543,False
O15427,465,465,False
O08966,556,556,False
O75751,556,556,False
O70127,1321,1321,False
Q63120,1541,1541,False
Q9NSA0,550,550,False
Q62633,348,348,False
P70172,348,348,False
P53987,494,494,False
O43451,2753,2000,True
P23284,216,216,False
P01111,189,189,False
Q07889,1333,1333,False
Q93T40,256,256,False
O54967,1055,1055,False
P05981,417,417,False
Q86TP1,453,453,False
P83512,408,408,False
O95932,706,706,False
P21981,686,686,False
P09488,218,218,False
P15090,132,132,False
P07306,291,291,False
P14174,115,115,False
P16389,499,499,False
P15085,419,419,False
P07477,247,247,False
P51575,399,399,False
Q5R387,149,149,False
Q15633,366,366,False
P07288,261,261,False
P19858,332,332,False
Q99571,388,388,False
O60563,726,726,False
P46734,347,347,False
P25975,334,334,False
P49892,324,324,False
Q60613,410,410,False
P54646,552,552,False
O43741,272,272,False
P19801,751,751,False
P05230,155,155,False
P15328,257,257,False
P51579,389,389,False
P51582,365,365,False
Q62666,530,530,False
P11150,499,499,False
P23204,468,468,False
P37230,468,468,False
O95050,263,263,False
E9PZQ0,5035,2000,True
P49653,472,472,False
P20142,388,388,False
P48775,406,406,False
O15229,486,486,False
P00387,301,301,False
Q6PE15,297,297,False
P65502,189,189,False
P63165,101,101,False
Q92698,747,747,False
O95461,756,756,False
P61956,95,95,False
O94925,669,669,False
Q38C91,773,773,False
Q9H0H5,632,632,False
Q62848,415,415,False
Q15084,440,440,False
Q9ULH1,1129,1129,False
Q14191,1432,1432,False
P46531,2555,2000,True
P48050,445,445,False
P78508,379,379,False
O60928,360,360,False
P35560,391,391,False
B9UM29,337,337,False
B9UM26,362,362,False
G3V906,351,351,False
Q8C131,343,343,False
P11309,313,313,False
P52333,1124,1124,False
P50637,169,169,False
P09917,674,674,False
Q4QBL1,362,362,False
Q866A2,502,502,False
Q5NGQ3,260,260,False
Q6PL18,1390,1390,False
Q9BXA5,334,334,False
Q6IYF9,317,317,False
Q96P68,337,337,False
P0C1S7,663,663,False
Q99707,1265,1265,False
Q9NZK7,142,142,False
P10145,99,99,False
Q93009,1102,1102,False
Q96K76,1375,1375,False
Q9UK80,565,565,False
Q96RU2,1077,1077,False
P40818,1118,1118,False
Q9NPI8,374,374,False
Q05923,314,314,False
A0A1D5QZY8,491,491,False
P22392,152,152,False
Q9H2M3,363,363,False
B5ATN6,197,197,False
Q8VHL0,384,384,False
Q8BH82,396,396,False
Q07969,472,472,False
O75936,387,387,False
P41229,1560,1560,False
Q6ZMT4,941,941,False
Q53781,240,240,False
A0R666,217,217,False
Q9AIU7,667,667,False
Q8N6T7,355,355,False
Q9NXA8,310,310,False
Q9NRC8,400,400,False
P62136,330,330,False
P01112,189,189,False
Q9NRG4,433,433,False
Q9VFK6,691,691,False
Q9Z148,1263,1263,False
P42124,760,760,False
P45975,635,635,False
O96526,311,311,False
W7JX98,853,853,False
Q25856,736,736,False
Q9NYQ3,351,351,False
Q6S996,940,940,False
Q9UBM7,475,475,False
O95551,362,362,False
P52564,334,334,False
Q9CPU0,184,184,False
Q9NWM0,555,555,False
P58735,704,704,False
P00746,253,253,False
Q9UPN9,1127,1127,False
O95696,1058,1058,False
Q9ULI0,1458,1458,False
Q9HC62,589,589,False
Q460N5,1801,1801,False
Q460N3,678,678,False
P97313,4128,2000,True
Q99028,186,186,False
Q6DE08,361,361,False
O60602,858,858,False
P39050,491,491,False
Q80WQ2,782,782,False
Q9Z1T6,2097,2000,True
Q2NL51,490,490,False
O54988,1233,1233,False
Q15109,404,404,False
Q63495,402,402,False
A0A8I3N393,636,636,False
Q9JJX6,388,388,False
Q9MYJ9,351,351,False
Q9UJ71,328,328,False
P22897,1456,1456,False
Q8WTT0,213,213,False
Q9H2X3,399,399,False
Q571F8,602,602,False
I3LIR5,583,583,False
P04062,536,536,False
P35375,405,405,False
P28566,365,365,False
Q96GD4,344,344,False
Q9D6N1,262,262,False
Q9EPX4,343,343,False
Q15910,746,746,False
O88509,859,859,False
Q92800,747,747,False
O75530,441,441,False
P01116,189,189,False
P31689,397,397,False
Q9X759,577,577,False
Q9BV23,337,337,False
Q8NFV4,306,306,False
Q8BVQ5,386,386,False
P17174,413,413,False
P97449,966,966,False
Q99570,1358,1358,False
P52633,837,837,False
Q43191,862,862,False
Q20MD3,469,469,False
P35579,1960,1960,False
Q9Z0Y9,445,445,False
Q99757,166,166,False
A4GTP0,241,241,False
P07583,135,135,False
P02701,152,152,False
Q9U5N1,385,385,False
Q9JHG7,1102,1102,False
Q8R0V5,405,405,False
Q9WUN2,729,729,False
Q6GG09,585,585,False
P50135,292,292,False
P15289,507,507,False
P51512,607,607,False
P47809,397,397,False
P63085,358,358,False
P49137,400,400,False
P97477,395,395,False
P04409,672,672,False
P41245,730,730,False
Q9ERQ8,264,264,False
Q92523,772,772,False
Q96QK1,796,796,False
O35904,1043,1043,False
P35236,360,360,False
P13861,404,404,False
P09668,335,335,False
P49662,377,377,False
P04798,512,512,False
Q16549,785,785,False
A3FFR5,286,286,False
Q83YP9,286,286,False
P0A8F0,208,208,False
Q60614,332,332,False
P30935,428,428,False
P09210,222,222,False
Q8MZM0,512,512,False
P54904,276,276,False
Q9M629,535,535,False
P81072,26,26,False
Q9FG87,529,529,False
Q38860,506,506,False
P93836,445,445,False
Q37001,470,470,False
Q7YWJ9,692,692,False
P07140,649,649,False
O00519,579,579,False
P14550,325,325,False
P17342,541,541,False
P28300,417,417,False
P51451,505,505,False
Q9BTU6,479,479,False
P53634,463,463,False
Q60748,411,411,False
P25911,512,512,False
P02774,474,474,False
P9WQ77,449,449,False
P9WNV1,691,691,False
P00636,338,338,False
P55786,919,919,False
P23141,567,567,False
P80147,500,500,False
P07753,352,352,False
Q9SMJ3,588,588,False
Q43054,505,505,False
Q04468,505,505,False
P32358,579,579,False
Q9X721,1118,1118,False
Q96242,518,518,False
Q36792,539,539,False
P49264,496,496,False
P55211,416,416,False
Q9H228,398,398,False
P45983,427,427,False
Q9CWJ9,592,592,False
P25115,475,475,False
P00921,260,260,False
P04406,335,335,False
Q9UNA0,930,930,False
E3UJZ5,585,585,False
H9TVJ1,478,478,False
Q9CAK8,231,231,False
P93841,401,401,False
P69834,302,302,False
Q9XFS9,477,477,False
Q38854,717,717,False
P21687,382,382,False
P25462,423,423,False
Q61614,427,427,False
Q13526,163,163,False
P54833,415,415,False
Q9Z2J6,382,382,False
Q13627,763,763,False
P80025,712,712,False
Q9BV47,211,211,False
A4IFJ5,749,749,False
O77746,865,865,False
P47745,326,326,False
Q60484,376,376,False
Q9N2B7,390,390,False
P07154,334,334,False
Q9UKM7,699,699,False
Q09470,495,495,False
P51136,467,467,False
Q4QE15,355,355,False
P39052,870,870,False
Q8ZDW5,642,642,False
P09429,215,215,False
Q9BY08,206,206,False
A0A6L0XH39,373,373,False
O95278,331,331,False
O43175,533,533,False
P43007,532,532,False
P10144,247,247,False
O75173,837,837,False
P06870,262,262,False
Q08642,673,673,False
P9WP55,310,310,False
O14649,394,394,False
Q9NPC2,374,374,False
O95069,426,426,False
Q13123,557,557,False
P25122,585,585,False
Q92953,911,911,False
Q9R117,1184,1184,False
O95352,703,703,False
A0AVT1,1052,1052,False
P41226,1012,1012,False
P46092,362,362,False
Q10469,447,447,False
Q9Y5Z6,326,326,False
O60880,128,128,False
P16442,354,354,False
P07445,131,131,False
Q5IB64,807,807,False
Q9H7B4,428,428,False
Q86Y97,462,462,False
Q4FZB7,885,885,False
Q15047,1291,1291,False
P08424,402,402,False
P07688,335,335,False
P43166,264,264,False
P22771,452,452,False
P22906,192,192,False
P10938,283,283,False
P57789,538,538,False
Q7Z418,384,384,False
Q01538,1121,1121,False
Q9VTU8,335,335,False
Q9V396,270,270,False
Q63008,618,618,False
Q9NRS4,437,437,False
Q5GIT4,1357,1357,False
Q16875,520,520,False
Q6Y7W6,1299,1299,False
P0C1S0,147,147,False
P43657,344,344,False
Q15392,516,516,False
P28028,751,751,False
O15357,1258,1258,False
Q9C0B1,505,505,False
Q6IE75,514,514,False
Q5QJU3,275,275,False
P18894,345,345,False
Q9KID9,344,344,False
Q6P7S1,394,394,False
P42785,496,496,False
P47811,360,360,False
P48067,706,706,False
P18125,503,503,False
P42891,754,754,False
O00141,431,431,False
P48044,370,370,False
P51812,740,740,False
P96471,440,440,False
P40261,264,264,False
P9WH75,725,725,False
P12004,261,261,False
Q76LX8,1427,1427,False
Q8VIH9,385,385,False
Q8VH37,377,377,False
P15735,406,406,False
O42392,451,451,False
P00441,154,154,False
P67870,215,215,False
P11275,478,478,False
P00492,218,218,False
P9WKE1,214,214,False
P26447,101,101,False
P43351,418,418,False
P51531,1590,1590,False
Q13148,414,414,False
Q920D2,187,187,False
Q14721,858,858,False
Q9ULD8,1083,1083,False
O14788,317,317,False
P01031,1676,1676,False
A2AGL3,4863,2000,True
P00761,231,231,False
A1XG20,516,516,False
A1YYP7,431,431,False
A6QP37,438,438,False
A9XFY4,781,781,False
B4FS76,370,370,False
B6TK44,297,297,False
C0L093,664,664,False
C5ISA2,448,448,False
P24964,379,379,False
E1BKU0,401,401,False
G3FIN0,744,744,False
H6TY12,538,538,False
H9BT73,2320,2000,True
J7HAW4,604,604,False
K4JQ36,426,426,False
K7N5L2,503,503,False
M3VH47,415,415,False
O24163,548,548,False
O35505,2169,2000,True
O46521,191,191,False
O89085,117,117,False
P00166,160,160,False
P06402,353,353,False
P16395,805,805,False
P19468,637,637,False
P25162,519,519,False
P25805,569,569,False
P69560,353,353,False
P97879,1112,1112,False
Q01HZ7,428,428,False
Q27552,521,521,False
Q27957,218,218,False
Q2TU57,221,221,False
Q31945,69,69,False
Q3V4E6,109,109,False
Q42840,391,391,False
Q42950,356,356,False
Q63010,561,561,False
Q76129,115,115,False
Q9FYV8,544,544,False
Q9NJH6,677,677,False
Q9WKE8,259,259,False
Q9YQ12,99,99,False
Q9NG02,399,399,False
A7XBP7,516,516,False
Q9XQA6,296,296,False
P35406,363,363,False
O55192,617,617,False
P20417,432,432,False
P22734,264,264,False
P21730,350,350,False
P28476,465,465,False
Q9Y6Y9,160,160,False
Q921V5,442,442,False
Q6E213,333,333,False
Q58HT5,328,328,False
Q09327,533,533,False
P26572,445,445,False
P29410,239,239,False
P30307,473,473,False
P01103,641,641,False
Q2NL67,630,630,False
Q7Z3E1,657,657,False
Q9NR21,338,338,False
Q9WVG5,500,500,False
P16469,663,663,False
P17655,700,700,False
Q63707,395,395,False
Q64640,361,361,False
Q96D31,301,301,False
P21275,408,408,False
Q14330,331,331,False
Q99895,268,268,False
Q07869,468,468,False
P11137,1827,1827,False
P9WHH1,335,335,False
Q33BM1,306,306,False
Q9ES90,307,307,False
Q13336,389,389,False
P16232,288,288,False
P06746,335,335,False
P54619,331,331,False
P03313,2185,2000,True
Q9BVJ7,150,150,False
Q9H1R2,295,295,False
Q13332,1948,1948,False
P26045,913,913,False
Q9HX69,392,392,False
Q9Y6W6,482,482,False
P11497,2345,2000,True
Q9JHG3,377,377,False
Q93084,999,999,False
Q8TBE9,248,248,False
A4Q9F0,912,912,False
Q8CI15,382,382,False
P41212,452,452,False
P46510,330,330,False
P02144,154,154,False
P23907,256,256,False
P09487,524,524,False
Q93008,2554,2000,True
Q13107,963,963,False
P08419,269,269,False
P34913,555,555,False
P35563,483,483,False
P14635,433,433,False
P51679,360,360,False
Q60644,446,446,False
Q9Y210,931,931,False
Q13507,921,921,False
A5Z1V5,382,382,False
Q63199,324,324,False
O15021,2623,2000,True
O60307,1309,1309,False
Q86SG6,692,692,False
P30535,169,169,False
O75493,328,328,False
Q04760,184,184,False
A0A072ZLE6,332,332,False
P29375,1690,1690,False
P20831,889,889,False
Q9BUL5,403,403,False
Q12888,1972,1972,False
Q96T88,793,793,False
Q8I2S7,301,301,False
Q07422,610,610,False
Q9HCP0,422,422,False
Q15746,1914,1914,False
Q99MI5,302,302,False
P0A070,191,191,False
Q53GL7,1025,1025,False
Q9H0J9,701,701,False
Q72874,99,99,False
P68106,108,108,False
P31751,481,481,False
Q9H4A4,650,650,False
P16519,638,638,False
Q80XI6,850,850,False
P58308,460,460,False
P58307,416,416,False
P35813,382,382,False
P11678,715,715,False
P05164,745,745,False
Q3SYC2,334,334,False
P00742,488,488,False
P11247,718,718,False
P20151,261,261,False
P49862,253,253,False
P35347,415,415,False
P27707,260,260,False
O09175,650,650,False
Q9UGJ0,569,569,False
O15296,676,676,False
P35396,440,440,False
P37238,505,505,False
Q9XTA2,710,710,False
P23687,710,710,False
P04177,498,498,False
P21761,393,393,False
O43293,454,454,False
Q9BZX2,261,261,False
Q72547,566,566,False
Q9QZN9,360,360,False
P48169,554,554,False
P49768,467,467,False
P53582,386,386,False
O43526,872,872,False
P0DUB6,511,511,False
P08246,267,267,False
P06240,509,509,False
Q04844,493,493,False
P97717,514,514,False
P05067,770,770,False
Q62053,362,362,False
P32240,513,513,False
P50129,470,470,False
P36544,502,502,False
Q14012,370,370,False
Q16566,473,473,False
Q64663,595,595,False
P49651,373,373,False
P32871,1068,1068,False
P42337,1068,1068,False
P51580,245,245,False
P25023,396,396,False
P27986,724,724,False
Q00534,326,326,False
O95665,410,410,False
P48442,1079,1079,False
Q9UBX1,484,484,False
P31939,592,592,False
P16278,677,677,False
Q9Z1K9,827,827,False
P06280,429,429,False
Q9Y5Z0,518,518,False
O96017,543,543,False
Q03311,603,603,False
Q01815,2139,2000,True
P47824,399,399,False
Q9UBL9,471,471,False
O15530,556,556,False
P11166,492,492,False
Q13393,1074,1074,False
P27815,886,886,False
P11586,935,935,False
P78368,415,415,False
P19021,973,973,False
P30519,316,316,False
P70604,580,580,False
Q63634,445,445,False
P72355,431,431,False
P15086,417,417,False
Q15418,735,735,False
P53355,1430,1430,False
P81425,765,765,False
P28867,674,674,False
Q9UQL6,1122,1122,False
P31424,1203,1203,False
Q9XDB3,691,691,False
P20444,672,672,False
P06737,847,847,False
P55157,894,894,False
P35351,363,363,False
P43346,260,260,False
P21447,1276,1276,False
P00378,189,189,False
P26431,820,820,False
Q16445,453,453,False
P07339,412,412,False
P12389,511,511,False
P21555,382,382,False
P15145,963,963,False
O15399,1336,1336,False
P29276,332,332,False
P30419,496,496,False
P34960,473,473,False
O94806,890,890,False
Q63449,923,923,False
Q13509,450,450,False
P41743,596,596,False
P43405,635,635,False
Q9Y0I0,463,463,False
P00787,339,339,False
O02667,319,319,False
P46616,409,409,False
P10253,952,952,False
P00915,261,261,False
P09958,794,794,False
P06281,402,402,False
Q15661,275,275,False
P04184,233,233,False
P07943,316,316,False
P12337,565,565,False
P47820,1313,1313,False
P00382,157,157,False
O88457,1765,1765,False
P29089,359,359,False
P04439,365,365,False
P15309,386,386,False
P41240,450,450,False
P51452,185,185,False
P53779,464,464,False
P52789,917,917,False
Q9P0G3,267,267,False
Q61391,750,750,False
P70313,1202,1202,False
Q64077,402,402,False
P22437,602,602,False
P18901,446,446,False
O88908,525,525,False
P48974,425,425,False
P19328,453,453,False
P09242,524,524,False
Q64602,425,425,False
Q9CQ65,283,283,False
P23526,432,432,False
P12931,536,536,False
Q8WMX0,139,139,False
Q9TT92,207,207,False
Q16478,980,980,False
P43235,329,329,False
D3ZUM4,647,647,False
Q9I8D0,838,838,False
O43525,872,872,False
P21643,406,406,False
Q05921,735,735,False
P19367,917,917,False
Q04912,1400,1400,False
P33533,372,372,False
P29373,138,138,False
Q9UIQ6,1025,1025,False
Q05397,1052,1052,False
Q6Q253,402,402,False
P33535,398,398,False
P70596,332,332,False
P23467,1997,1997,False
Q16584,847,847,False
P17164,462,462,False
P14270,803,803,False
P00791,385,385,False
Q8WUI4,952,952,False
Q9HCR9,933,933,False
P70579,908,908,False
P79266,454,454,False
P43005,524,524,False
P19099,503,503,False
P06211,600,600,False
P05364,381,381,False
Q99519,415,415,False
P08236,651,651,False
P19327,422,422,False
P21980,687,687,False
O60755,368,368,False
P54098,1239,1239,False
O08858,362,362,False
O14939,933,933,False
P28340,1107,1107,False
Q14833,912,912,False
P10323,421,421,False
Q02759,663,663,False
P22607,806,806,False
P22612,351,351,False
P16638,1100,1100,False
P14410,1827,1827,False
P05622,1098,1098,False
Q07343,736,736,False
O88420,1978,1978,False
Q9Z0U4,991,991,False
P01730,458,458,False
P00390,522,522,False
P56560,520,520,False
P21236,245,245,False
P34949,423,423,False
P08686,495,495,False
P08482,460,460,False
P17405,631,631,False
P97687,511,511,False
Q9Z2V6,1113,1113,False
P08911,531,531,False
Q96RP8,456,456,False
Q9ERZ8,871,871,False
Q9H1R3,596,596,False
Q12908,348,348,False
P13612,1032,1032,False
P19634,815,815,False
P35610,550,550,False
P31423,912,912,False
P37059,387,387,False
P11416,462,462,False
P48729,337,337,False
O88554,559,559,False
O08786,436,436,False
Q61327,619,619,False
P45452,471,471,False
Q13557,499,499,False
P29994,2750,2000,True
P49743,458,458,False
Q13133,447,447,False
Q95323,312,312,False
P22735,817,817,False
P11884,519,519,False
Q04750,767,767,False
P04629,796,796,False
P51577,388,388,False
P03951,625,625,False
P00748,615,615,False
P09601,288,288,False
Q92824,1860,1860,False
P48730,415,415,False
P08254,477,477,False
P15381,2171,2000,True
P23458,1154,1154,False
P27487,766,766,False
P42345,2549,2000,True
Q95N78,468,468,False
O60551,498,498,False
O70536,545,545,False
P31421,872,872,False
P56481,453,453,False
P05696,672,672,False
Q7TQM4,524,524,False
Q4U254,401,401,False
P42866,398,398,False
P00797,406,406,False
O62664,600,600,False
Q9WUD2,761,761,False
P16455,207,207,False
P23791,816,816,False
P24347,488,488,False
P30560,424,424,False
P23109,747,747,False
P56192,900,900,False
P30551,444,444,False
P80192,1104,1104,False
Q02779,954,954,False
Q9Z2V5,1149,1149,False
Q04400,1262,1262,False
P47747,359,359,False
P04183,234,234,False
P07451,260,260,False
P00558,417,417,False
Q14832,879,879,False
Q9Y2R2,807,807,False
P10635,497,497,False
P97772,1199,1199,False
Q13237,762,762,False
P45985,399,399,False
P25963,317,317,False
Q08828,1119,1119,False
P00381,163,163,False
P16050,662,662,False
P46019,1235,1235,False
P50233,400,400,False
Q08493,712,712,False
P35558,622,622,False
Q01432,767,767,False
Q4QQW4,482,482,False
O14746,1132,1132,False
P22694,351,351,False
P22756,949,949,False
P28471,552,552,False
P00185,524,524,False
Q9NR82,932,932,False
P15150,503,503,False
Q8NBP7,692,692,False
P30191,453,453,False
P55859,289,289,False
Q9ULZ9,603,603,False
P05129,697,697,False
O15264,365,365,False
P50127,371,371,False
P07314,568,568,False
P05979,600,600,False
P79248,174,174,False
P29122,969,969,False
P25774,331,331,False
O95136,353,353,False
P26769,1090,1090,False
Q08881,620,620,False
P23574,465,465,False
P40145,1251,1251,False
P51511,669,669,False
P36507,400,400,False
P56658,363,363,False
Q95136,446,446,False
P52332,1153,1153,False
O60674,1132,1132,False
Q01813,784,784,False
O75116,1388,1388,False
Q9MYM4,937,937,False
Q12923,2485,2000,True
P35355,604,604,False
P30680,369,369,False
Q9BEG3,430,430,False
Q9TVW2,363,363,False
P03359,1687,1687,False
Q9Z351,759,759,False
P30122,597,597,False
O35435,395,395,False
P19643,520,520,False
P09470,1312,1312,False
O08537,530,530,False
Q05655,676,676,False
O75914,559,559,False
P19969,464,464,False
Q9UNI1,258,258,False
P33527,1531,1531,False
Q15303,1308,1308,False
Q13946,482,482,False
Q8BGY9,580,580,False
Q9WUD9,536,536,False
Q9Y5Y6,855,855,False
P20815,502,502,False
P68403,671,671,False
Q62986,530,530,False
Q9NRA0,654,654,False
P53350,603,603,False
P23280,308,308,False
P34903,492,492,False
P20789,424,424,False
Q96KS0,407,407,False
Q62645,1323,1323,False
Q16513,984,984,False
O35186,329,329,False
P47746,473,473,False
P14384,443,443,False
Q9WTR4,597,597,False
P79350,401,401,False
P68404,671,671,False
Q01812,956,956,False
P05771,671,671,False
Q9UQ49,428,428,False
Q9NXG6,502,502,False
P29476,1429,1429,False
Q8BW75,520,520,False
Q06518,1147,1147,False
P49891,295,295,False
P50613,346,346,False
P19091,899,899,False
Q14940,896,896,False
Q9Y345,797,797,False
Q9XSW7,985,985,False
P11799,1906,1906,False
P11151,478,478,False
P19785,599,599,False
P30969,327,327,False
P31422,879,879,False
P32297,505,505,False
O35627,358,358,False
P09483,630,630,False
P05362,532,532,False
Q61616,446,446,False
P15207,902,902,False
P05480,535,535,False
P00439,452,452,False
P18292,617,617,False
P06493,297,297,False
Q13231,466,466,False
P16116,315,315,False
P28700,467,467,False
P43003,542,542,False
P13100,297,297,False
P0C559,675,675,False
Q9TSZ3,1158,1158,False
Q9ESU6,1400,1400,False
P51532,1647,1647,False
Q12830,3046,2000,True
Q9NPI1,651,651,False
Q5SWU9,2345,2000,True
P12928,574,574,False
P10980,466,466,False
Q99523,831,831,False
Q8N3A8,854,854,False
B3VTJ2,941,941,False
Q8K0H1,567,567,False
O43194,453,453,False
A6QR73,298,298,False
Q92753,470,470,False
P05982,274,274,False
P14091,396,396,False
Q8IW41,473,473,False
P33434,662,662,False
Q5U9J1,281,281,False
Q9L4Q3,299,299,False
P00520,1123,1123,False
Q00959,1464,1464,False
P02753,201,201,False
Q99P97,158,158,False
P09172,617,617,False
G7Q3P2,335,335,False
P09874,1014,1014,False
P19971,482,482,False
P09038,288,288,False
E9Q4Z2,2448,2000,True
Q8R4D5,1104,1104,False
Q00610,1675,1675,False
O96394,329,329,False
Q9TRC7,755,755,False
O15164,1050,1050,False
Q9BXF3,1484,1484,False
Q9H8M2,597,597,False
Q8IZX4,1826,1826,False
Q9UIF9,1905,1905,False
Q9ULD4,1205,1205,False
O96028,1365,1365,False
Q9BZ95,1437,1437,False
Q9BYW2,2564,2000,True
Q9NR22,394,394,False
O88508,908,908,False
Q673L6,1125,1125,False
Q6ZWH5,1172,1172,False
Q15382,184,184,False
P46952,286,286,False
P46953,286,286,False
Q4E657,485,485,False
P40337,213,213,False
Q00960,1482,1482,False
Q9UBS0,482,482,False
P24823,529,529,False
P45845,249,249,False
Q96Q83,286,286,False
P9WQ17,701,701,False
Q8NHU3,365,365,False
Q9ZHC3,457,457,False
O94788,518,518,False
Q9Y259,395,395,False
P54292,241,241,False
P52792,465,465,False
P23739,1841,1841,False
P50750,372,372,False
P35790,457,457,False
P10760,432,432,False
Q9HBA0,871,871,False
P12527,673,673,False
P08243,561,561,False
O00411,1230,1230,False
P24095,864,864,False
P18841,515,515,False
Q9UIK4,370,370,False
Q5JRX3,1037,1037,False
Q28524,418,418,False
Q07071,627,627,False
P40189,918,918,False
Q9QXE2,573,573,False
P54358,1092,1092,False
O75676,772,772,False
P13716,330,330,False
O00329,1044,1044,False
P51878,434,434,False
P55201,1214,1214,False
Q9UBY0,812,812,False
O14983,1001,1001,False
Q8VCT4,565,565,False
P04085,211,211,False
P19020,446,446,False
P78527,4128,2000,True
P00451,2351,2000,True
P06537,792,792,False
P42338,1070,1070,False
Q11128,374,374,False
P50554,500,500,False
P15823,515,515,False
P13053,423,423,False
P24822,559,559,False
P16177,452,452,False
P34978,341,341,False
P07607,307,307,False
P14151,372,372,False
P29350,595,595,False
P27169,355,355,False
P50339,247,247,False
P24547,514,514,False
P08485,478,478,False
P78417,241,241,False
O43603,387,387,False
P54577,528,528,False
P25099,326,326,False
O00748,559,559,False
P14061,328,328,False
P29120,753,753,False
P00516,671,671,False
P15208,1372,1372,False
P43140,466,466,False
P48058,902,902,False
Q9NPC1,358,358,False
Q9BY41,377,377,False
P02766,147,147,False
P58295,799,799,False
Q9ERZ4,466,466,False
P21836,614,614,False
P37136,614,614,False
P08483,589,589,False
Q9Y3R4,380,380,False
P35869,848,848,False
P48147,710,710,False
Q02110,393,393,False
Q01177,812,812,False
P03958,352,352,False
P30875,369,369,False
P62965,137,137,False
Q02734,374,374,False
Q6B4J2,163,163,False
O60733,806,806,False
P08037,402,402,False
Q63704,772,772,False
Q9Y303,409,409,False
P9WKG5,159,159,False
P56740,121,121,False
P46821,2468,2000,True
Q47764,182,182,False
P21675,1893,1893,False
Q9UJU2,399,399,False
P61813,352,352,False
O43826,429,429,False
Q9PTN2,453,453,False
P51448,523,523,False
P20273,847,847,False
P14842,471,471,False
P32300,372,372,False
P32305,448,448,False
P39655,663,663,False
P36196,767,767,False
O97972,263,263,False
O00222,908,908,False
P97612,579,579,False
P30994,479,479,False
O95977,384,384,False
Q194T1,469,469,False
Q01776,327,327,False
Q9JHR7,1019,1019,False
Q9Y2K6,914,914,False
P0C6U6,4060,2000,True
Q9HC52,389,389,False
O00257,560,560,False
H9B8T9,335,335,False
P16070,742,742,False
P15379,778,778,False
Q6NXK8,526,526,False
Q925H0,512,512,False
P07824,323,323,False
Q91X44,623,623,False
Q6PFX9,1320,1320,False
Q3UES3,1166,1166,False
P25054,2843,2000,True
P08631,526,526,False
Q05209,780,780,False
P30099,510,510,False
P23786,658,658,False
P09811,850,850,False
P08909,460,460,False
P11717,2491,2000,True
O43570,354,354,False
P08575,1306,1306,False
Q2TA32,354,354,False
P97926,388,388,False
P00752,246,246,False
P08001,415,415,False
P16453,656,656,False
P27117,461,461,False
P00380,167,167,False
Q5D7U5,391,391,False
P51639,887,887,False
O70282,557,557,False
Q13547,482,482,False
Q9UBY5,353,353,False
P19838,968,968,False
P18090,466,466,False
P02768,609,609,False
P21398,527,527,False
Q06278,1338,1338,False
Q9P2J5,1176,1176,False
P50293,290,290,False
Q9Y6I3,576,576,False
O43739,400,400,False
Q9Y265,456,456,False
P32249,361,361,False
Q3U6B2,357,357,False
P15498,845,845,False
P56819,501,501,False
Q99KQ4,491,491,False
Q80Z29,491,491,False
P39654,663,663,False
P35991,659,659,False
P11214,559,559,False
Q3TRM4,1355,1355,False
Q07806,822,822,False
P23944,561,561,False
P48450,733,733,False
P58406,445,445,False
P22605,482,482,False
P48736,1102,1102,False
Q9UBF8,816,816,False
P22909,465,465,False
P48769,260,260,False
Q9NVS9,261,261,False
O60911,334,334,False
P48764,834,834,False
P13051,313,313,False
O08725,364,364,False
P20236,493,493,False
P00325,375,375,False
P00749,431,431,False
O95470,568,568,False
Q8CGU9,485,485,False
P19357,509,509,False
O95602,1720,1720,False
O88587,265,265,False
Q99075,208,208,False
P21781,194,194,False
P08620,206,206,False
P01579,166,166,False
P48061,93,93,False
P02776,101,101,False
P19875,107,107,False
P51671,97,97,False
P22004,513,513,False
P30124,398,398,False
Q59643,337,337,False
Q9VTV9,327,327,False
P70619,424,424,False
P01590,268,268,False
P11716,5037,2000,True
P25095,359,359,False
P29323,1055,1055,False
P0DJD9,388,388,False
Q9Y2T5,361,361,False
P18654,740,740,False
G3IAK4,501,501,False
P06733,434,434,False
P35439,938,938,False
O35795,495,495,False
O77239,305,305,False
Q25917,508,508,False
P04278,402,402,False
Q15116,288,288,False
Q5L478,447,447,False
P55212,293,293,False
P05453,685,685,False
Q07108,199,199,False
Q9HCN6,339,339,False
P49638,278,278,False
P49959,708,708,False
Q670S6,296,296,False
P70496,1074,1074,False
Q63088,334,334,False
Q9R1T3,306,306,False
P80067,462,462,False
P27471,223,223,False
P0C0L6,372,372,False
Q9JIS4,538,538,False
P00786,333,333,False
Q5SIY4,345,345,False
Q9DDV6,191,191,False
Q56950,525,525,False
Q7M0F8,444,444,False
A8K2H7,482,482,False
B0K020,108,108,False
Q93ZN9,461,461,False
P00845,72,72,False
Q9DDE3,634,634,False
P08192,422,422,False
P61316,203,203,False
P15319,239,239,False
P50128,471,471,False
P37172,509,509,False
P60843,406,406,False
Q8VCK6,330,330,False
Q9JHF7,199,199,False
P11152,474,474,False
Q8KHJ3,310,310,False
P81123,81,81,False
P35342,317,317,False
Q9QWJ9,922,922,False
Q2AC31,361,361,False
Q76EI6,330,330,False
Q3UFD7,319,319,False
Q8IZ08,494,494,False
O08878,375,375,False
Q91ZP4,660,660,False
Q9NYV8,317,317,False
Q9NYV7,291,291,False
Q9NYW5,299,299,False
P59536,307,307,False
P59551,318,318,False
Q9NYW1,312,312,False
A0A060INS8,335,335,False
O60671,282,282,False
P11802,303,303,False
Q96DB2,347,347,False
O08562,1984,1984,False
P81721,515,515,False
O94953,1096,1096,False
P02666,224,224,False
P31153,395,395,False
Q79EC5,103,103,False
O54050,462,462,False
P00766,245,245,False
O49150,864,864,False
Q9NP77,194,194,False
Q15678,1187,1187,False
Q8WVY7,318,318,False
P40306,273,273,False
Q99884,636,636,False
Q9QYM2,972,972,False
P03428,759,759,False
O42713,556,556,False
O35854,393,393,False
P27435,273,273,False
Q8R431,303,303,False
Q8BLG2,370,370,False
Q9BPV8,354,354,False
P43253,416,416,False
Q63424,729,729,False
Q9Y2A9,372,372,False
P30405,207,207,False
P70531,724,724,False
P52700,290,290,False
A0A6L8P2U9,487,487,False
O35820,163,163,False
O35084,507,507,False
O62698,604,604,False
O77636,833,833,False
O77823,118,118,False
O97554,606,606,False
P28347,426,426,False
Q2V0Q7,354,354,False
P18669,254,254,False
P35821,432,432,False
P35918,1345,1345,False
Q6IQ55,1244,1244,False
Q9GRG6,266,266,False
P67827,325,325,False
Q9BXM7,581,581,False
Q5HEN6,252,252,False
P37268,417,417,False
P30936,428,428,False
P28474,374,374,False
Q8R4G1,323,323,False
Q8CIP3,322,322,False
P17325,334,334,False
A0SYQ0,153,153,False
Q5U431,456,456,False
Q9X9I8,434,434,False
P0A9J8,386,386,False
P16277,499,499,False
P05413,133,133,False
P9WPX7,147,147,False
P10274,651,651,False
Q8K4Z6,928,928,False
Q99436,277,277,False
P23711,315,315,False
P43236,329,329,False
P18031,435,435,False
Q13085,2346,2000,True
P98139,444,444,False
Q9H2J7,730,730,False
Q04756,655,655,False
Q5FVF5,210,210,False
Q9NSI6,2320,2000,True
P13864,1620,1620,False
Q99952,460,460,False
Q76I76,1423,1423,False
O15355,546,546,False
Q9BW19,673,673,False
P08176,320,320,False
P35638,169,169,False
Q95XG9,322,322,False
Q19564,334,334,False
O45307,334,334,False
O01739,383,383,False
Q9NS86,450,450,False
Q8VIJ5,916,916,False
O55040,428,428,False
Q8BZ39,395,395,False
O43598,174,174,False
P24855,282,282,False
Q9WUT3,733,733,False
Q03469,268,268,False
P90518,719,719,False
P05177,516,516,False
P51617,712,712,False
P21396,526,526,False
P21462,350,350,False
P28647,320,320,False
P30729,387,387,False
Q08188,693,693,False
P49582,502,502,False
P06536,795,795,False
P07861,750,750,False
P31388,436,436,False
Q28044,418,418,False
P25104,359,359,False
P19438,455,455,False
P78329,520,520,False
P14646,736,736,False
Q29550,566,566,False
Q16512,942,942,False
P27361,379,379,False
B0LPN4,4953,2000,True
Q02401,1928,1928,False
P61169,444,444,False
P27791,351,351,False
Q16552,155,155,False
P26639,723,723,False
P00800,548,548,False
C0HJB3,981,981,False
Q96A54,375,375,False
Q86V24,386,386,False
Q9NP59,571,571,False
Q9Y294,204,204,False
P17764,424,424,False
Q6B856,445,445,False
B9V8S1,908,908,False
Q02880,1626,1626,False
P29372,298,298,False
O15527,345,345,False
P11712,490,490,False
P04775,2005,2000,True
Q9GZN0,384,384,False
P35520,551,551,False
Q9Y5P4,624,624,False
Q5TU56,255,255,False
P08684,503,503,False
O75469,434,434,False
P10696,532,532,False
Q9JKC1,597,597,False
P51678,359,359,False
Q13118,480,480,False
P53669,647,647,False
O08790,351,351,False
Q9Y5K5,329,329,False
Q9UMW8,372,372,False
Q91WN4,479,479,False
Q9UM47,2321,2000,True
Q04721,2471,2000,True
Q99466,2003,2000,True
Q9Z183,666,666,False
Q14694,798,798,False
Q92995,863,863,False
O14793,375,375,False
Q8TE04,598,598,False
Q9BZ23,570,570,False
Q9H999,370,370,False
P08263,222,222,False
P23576,451,451,False
Q9Y256,329,329,False
Q02853,492,492,False
P49880,776,776,False
O60346,1717,1717,False
P30355,161,161,False
Q2M385,716,716,False
Q62463,423,423,False
Q62205,1984,1984,False
P25085,178,178,False
Q96PN8,268,268,False
P28037,902,902,False
Q6L709,376,376,False
Q96IY4,423,423,False
P54290,1091,1091,False
P54750,535,535,False
W8T2T2,398,398,False
Q5RJP0,316,316,False
P16118,471,471,False
O60825,505,505,False
Q2WGM0,463,463,False
P24008,259,259,False
P09216,737,737,False
P56528,304,304,False
P53041,499,499,False
Q15256,657,657,False
Q8BJ56,486,486,False
P60487,292,292,False
Q29092,804,804,False
P61168,444,444,False
Q99P50,364,364,False
P11474,423,423,False
P62813,455,455,False
Q4FZV0,881,881,False
O61059,567,567,False
Q4ACT8,745,745,False
P79218,384,384,False
P56526,985,985,False
P68849,352,352,False
Q16853,763,763,False
Q05513,592,592,False
Q07075,957,957,False
Q99705,353,353,False
P34971,466,466,False
Q01097,1482,1482,False
P00346,338,338,False
Q28037,426,426,False
Q28642,367,367,False
P97821,462,462,False
O08914,579,579,False
P06186,930,930,False
O88867,478,478,False
P89582,95,95,False
P29477,1144,1144,False
O55242,223,223,False
P06795,1276,1276,False
P55210,303,303,False
Q7ZJM1,288,288,False
P51677,355,355,False
P14555,144,144,False
P05121,402,402,False
O15111,745,745,False
P14099,921,921,False
Q28156,865,865,False
P16586,855,855,False
P23316,776,776,False
P00730,419,419,False
Q58D55,653,653,False
Q54A96,569,569,False
Q3HTL5,241,241,False
P51661,386,386,False
P51589,502,502,False
P49721,201,201,False
P48163,572,572,False
Q59401,384,384,False
Q63931,430,430,False
P19491,883,883,False
P19492,888,888,False
P19493,902,902,False
P22199,981,981,False
P30553,452,452,False
P15390,1840,1840,False
P22760,399,399,False
Q14542,456,456,False
Q9ULX7,337,337,False
P09057,461,461,False
Q6P7A9,953,953,False
Q13093,441,441,False
P35969,1333,1333,False
P00772,266,266,False
P10586,1907,1907,False
P05093,508,508,False
P56524,1084,1084,False
P11217,842,842,False
Q9ET64,422,422,False
Q14164,716,716,False
O14733,419,419,False
P15589,577,577,False
O76083,593,593,False
Q60737,391,391,False
Q99788,373,373,False
Q9ZTP8,458,458,False
Q8IY84,436,436,False
Q16696,494,494,False
Q63371,328,328,False
O00482,541,541,False
Q2KIM0,468,468,False
P19754,1134,1134,False
P29597,1187,1187,False
Q77YG1,500,500,False
Q6RY99,512,512,False
P08842,583,583,False
A0A0H4FQ60,540,540,False
B4URE7,565,565,False
E2QF15,360,360,False
Q7KQK5,622,622,False
A0A0C7ACN7,337,337,False
C3SLB7,456,456,False
H9EUW9,382,382,False
Q76270,124,124,False
Q91H74,3391,2000,True
Q9IP65,354,354,False
W5VNF7,381,381,False
X5EH84,158,158,False
Q9NYV4,1490,1490,False
P04201,325,325,False
Q9NYW0,307,307,False
P59543,309,309,False
P59544,299,299,False
P40925,334,334,False
P24046,479,479,False
Q9Z1J7,539,539,False
Q15758,541,541,False
Q9Z2X8,624,624,False
Q9UPC5,381,381,False
O00398,339,339,False
Q9BXC1,333,333,False
Q8BFU7,328,328,False
P55926,526,526,False
Q9NVM4,692,692,False
O31272,255,255,False
P25779,467,467,False
P19821,832,832,False
P04174,162,162,False
P29475,1434,1434,False
O88319,424,424,False
P20272,473,473,False
P11597,493,493,False
Q05823,741,741,False
P56696,695,695,False
P00352,501,501,False
P30838,453,453,False
P47895,512,512,False
Q9BQB4,213,213,False
P15941,1255,1255,False
P16154,2710,2000,True
P18177,2366,2000,True
Q9NZQ7,290,290,False
P07602,524,524,False
Q4L144,425,425,False
Q61586,827,827,False
P47866,411,411,False
Q02156,737,737,False
Q01118,1682,1682,False
Q64578,994,994,False
P11507,1043,1043,False
P62509,458,458,False
Q02750,393,393,False
Q9Y4K3,522,522,False
Q96T53,435,435,False
Q9UIG0,1483,1483,False
Q9H0E9,1235,1235,False
Q86PR3,110,110,False
Q04998,424,424,False
O08689,376,376,False
Q96L73,2696,2000,True
Q9NR48,2969,2000,True
Q7Z5W3,292,292,False
P55263,362,362,False
Q05469,1076,1076,False
P48449,732,732,False
Q9EQZ6,1011,1011,False
P15396,874,874,False
Q9D358,158,158,False
Q1W675,885,885,False
Q16790,459,459,False
P42263,894,894,False
P21729,384,384,False
Q11201,340,340,False
P15907,406,406,False
Q11203,375,375,False
Q11130,342,342,False
Q2NNR4,317,317,False
A0A8C0THM6,335,335,False
Q9HVB9,215,215,False
O35235,316,316,False
Q9BYC5,575,575,False
P30966,357,357,False
Q9ERT1,251,251,False
A9QW74,594,594,False
Q64F92,205,205,False
P56950,487,487,False
P23804,489,489,False
O88427,2365,2000,True
Q9R0C9,223,223,False
Q80W94,334,334,False
Q9Y286,467,467,False
P63319,697,697,False
P42260,908,908,False
Q01279,1210,1210,False
A8PUY1,304,304,False
Q9Z1L0,1070,1070,False
Q61180,699,699,False
I6YFP0,266,266,False
Q28309,314,314,False
Q86VZ5,413,413,False
P34975,380,380,False
P24723,683,683,False
P00693,438,438,False
O15382,392,392,False
D3ZDM7,341,341,False
Q922Z0,341,341,False
P47752,352,352,False
Q9UIV1,285,285,False
O95453,639,639,False
P12259,2224,2000,True
P35377,367,367,False
P15539,500,500,False
Q9IQ47,716,716,False
P02511,175,175,False
P46934,1319,1319,False
P61793,364,364,False
Q13322,594,594,False
Q9R0W5,495,495,False
Q9JK96,168,168,False
Q31FD6,315,315,False
P13995,350,350,False
Q6P6C2,394,394,False
P33261,490,490,False
P15559,274,274,False
Q9GUA8,444,444,False
Q9ULU4,1186,1186,False
Q6P5Z2,889,889,False
Q9BXA6,273,273,False
Q6VAB6,950,950,False
Q5TCX8,1036,1036,False
Q9H792,1746,1746,False
Q6ZQW0,407,407,False
Q3B7M2,308,308,False
Q6P2M8,343,343,False
P04040,527,527,False
P68400,391,391,False
Q9UDY8,824,824,False
Q9R1S4,267,267,False
Q9NS87,1388,1388,False
Q6DWJ6,353,353,False
P28336,390,390,False
O02824,466,466,False
O55017,2327,2000,True
Q8IV61,690,690,False
P59722,338,338,False
Q9YQ30,99,99,False
P46093,362,362,False
Q9BRH5,400,400,False
P52565,204,204,False
P00762,246,246,False
P49616,328,328,False
P07141,552,552,False
O92972,3010,2000,True
Q28039,638,638,False
Q5TC84,451,451,False
O70444,326,326,False
Q8MI13,119,119,False
O00400,549,549,False
Q0GMK6,189,189,False
P27958,3011,2000,True
Q9NXS2,382,382,False
P33435,472,472,False
Q6GPL3,368,368,False
A0A059UE90,419,419,False
P08592,770,770,False
P9WNG3,335,335,False
O68720,468,468,False
P21803,821,821,False
P11362,822,822,False
Q6UB75,92,92,False
Q6W9J1,286,286,False
P00523,533,533,False
P00743,492,492,False
P02550,451,451,False
P06756,1048,1048,False
P62993,217,217,False
O70212,490,490,False
P42356,2102,2000,True
P16110,264,264,False
P18266,420,420,False
P26439,372,372,False
Q01469,135,135,False
P00438,394,394,False
P51682,354,354,False
Q64133,526,526,False
P56199,1179,1179,False
Q13002,908,908,False
Q13003,919,919,False
P14423,146,146,False
P18054,663,663,False
Q60612,326,326,False
Q64737,1010,1010,False
Q13822,863,863,False
Q12913,1337,1337,False
P38650,4644,2000,True
P03772,221,221,False
P04925,254,254,False
P31650,627,627,False
O35921,561,561,False
Q01158,548,548,False
P9WJN1,288,288,False
P78536,824,824,False
A0A0E7NXW5,323,323,False
Q3UXZ9,1690,1690,False
Q9UBB5,411,411,False
Q5HH78,269,269,False
Q81258,3021,2000,True
P07305,194,194,False
P49795,217,217,False
O15492,202,202,False
Q9UHF0,121,121,False
P49810,448,448,False
P49902,561,561,False
P36639,156,156,False
Q04917,246,246,False
Q02644,464,464,False
P05141,298,298,False
P21146,689,689,False
O00512,1426,1426,False
Q13183,592,592,False
Q9BPX1,270,270,False
Q9NQC3,1192,1192,False
P0DMS9,266,266,False
Q8WWT9,602,602,False
P40933,162,162,False
P10646,304,304,False
P54803,685,685,False
P08962,238,238,False
Q10471,571,571,False
Q9NR63,512,512,False
Q15743,365,365,False
Q9Y4K0,774,774,False
O14804,337,337,False
Q9NQS5,396,396,False
Q8IYL9,337,337,False
P46095,362,362,False
Q9NYG8,393,393,False
Q6P988,496,496,False
Q08722,323,323,False
B2RXC2,942,942,False
P22449,474,474,False
Q923J1,1863,1863,False
P48065,614,614,False
P08581,1390,1390,False
P56450,332,332,False
P53396,1101,1101,False
P10632,490,490,False
Q9EQC5,806,806,False
Q8VEB1,590,590,False
Q5M848,304,304,False
Q16877,469,469,False
P10649,218,218,False
Q9HBW0,348,348,False
P07650,440,440,False
P02769,607,607,False
P22748,312,312,False
P12657,460,460,False
A5D7B7,760,760,False
Q9HCL2,828,828,False
Q14469,280,280,False
P19320,739,739,False
Q64264,421,421,False
P24527,611,611,False
Q62668,929,929,False
P97689,384,384,False
Q6R6M4,530,530,False
A8Q2D1,599,599,False
A0A0C5PRQ1,614,614,False
P11103,1013,1013,False
P11541,859,859,False
P70606,536,536,False
P42264,919,919,False
P69328,640,640,False
P56677,855,855,False
O75581,1613,1613,False
O54908,272,272,False
Q8Z5I4,257,257,False
P80365,405,405,False
P97571,713,713,False
Q09128,514,514,False
Q01693,504,504,False
O95718,433,433,False
O43865,530,530,False
Q9NYB0,399,399,False
O15055,1255,1255,False
Q8TCD5,201,201,False
Q9NPB1,228,228,False
Q76JV1,300,300,False
P19490,907,907,False
P10608,418,418,False
Q63207,482,482,False
Q6AYQ3,472,472,False
Q8R116,503,503,False
Q9HCG7,927,927,False
Q6J4K2,584,584,False
O08967,399,399,False
Q9HB21,404,404,False
P04631,92,92,False
A4TVL0,124,124,False
Q96SW2,442,442,False
Q00788,371,371,False
P08049,750,750,False
P00760,246,246,False
Q9H773,170,170,False
Q86YT5,568,568,False
Q67BT3,572,572,False
Q8CJ44,572,572,False
Q06495,639,639,False
P50482,809,809,False
P16753,708,708,False
Q13255,1194,1194,False
P39069,194,194,False
P14100,530,530,False
Q9UGL1,1544,1544,False
O08816,501,501,False
Q92794,2004,2000,True
O95251,611,611,False
Q8WYB5,2073,2000,True
P30304,524,524,False
Q14790,479,479,False
Q14831,915,915,False
Q9NWZ3,460,460,False
Q2XVA1,508,508,False
Q8R4B8,1033,1033,False
Q96RD7,426,426,False
Q8NHM5,1336,1336,False
Q14781,532,532,False
O95503,412,412,False
P70605,732,732,False
Q9NQW7,623,623,False
P12785,2505,2000,True
Q09472,2414,2000,True
Q9H160,280,280,False
Q7LBC6,1761,1761,False
P63146,152,152,False
Q5QD14,337,337,False
Q60855,656,656,False
Q8TDS4,363,363,False
O00444,970,970,False
Q15652,2540,2000,True
Q13315,3056,2000,True
O76031,633,633,False
P31016,724,724,False
P56545,445,445,False
A5H660,440,440,False
B4EH87,129,129,False
P30098,440,440,False
Q76059,75,75,False
O70342,466,466,False
Q99N57,648,648,False
Q61241,365,365,False
P9WJF1,461,461,False
P17706,415,415,False
Q5YLN7,159,159,False
P22411,766,766,False
O07855,502,502,False
Q3U507,335,335,False
Q9JJX7,370,370,False
Q5XJA0,369,369,False
P51141,695,695,False
Q02769,416,416,False
P47712,749,749,False
Q92934,168,168,False
Q920B6,426,426,False
P17599,706,706,False
Q92947,438,438,False
Q92633,364,364,False
P35557,465,465,False
P36400,443,443,False
Q3UQU0,596,596,False
Q9Z0W0,550,550,False
G3V783,539,539,False
Q96AD5,504,504,False
P00336,334,334,False
Q53729,716,716,False
O15727,327,327,False
Q27546,315,315,False
O15540,132,132,False
Q13185,183,183,False
P45973,191,191,False
Q8CHN6,568,568,False
Q64610,887,887,False
Q9R1E6,862,862,False
Q13555,558,558,False
Q2M2I8,961,961,False
Q7KZI7,788,788,False
P43686,418,418,False
O00231,422,422,False
Q1L4E8,322,322,False
Q4QXU5,329,329,False
A0A2J8P2M1,338,338,False
Q3U3Q1,472,472,False
Q6QA75,89,89,False
Q6TUJ4,133,133,False
Q8NUQ6,502,502,False
Q923Y9,332,332,False
P51813,675,675,False
P51955,445,445,False
P53667,647,647,False
P07711,333,333,False
Q03142,799,799,False
O95259,989,989,False
P35349,871,871,False
Q01063,747,747,False
Q9Y478,270,270,False
P06494,1257,1257,False
Q16850,509,509,False
P47205,303,303,False
P11216,843,843,False
P03420,574,574,False
P32198,773,773,False
P22443,508,508,False
O43924,150,150,False
Q15119,407,407,False
Q15139,912,912,False
Q06124,593,593,False
Q9H227,469,469,False
P15389,2019,2000,True
P49881,606,606,False
P50281,582,582,False
P51635,325,325,False
P51675,355,355,False
O95644,943,943,False
P16499,860,860,False
P35400,915,915,False
Q9JL21,362,362,False
Q9FBI2,315,315,False
Q9BRX8,229,229,False
Q9NX74,493,493,False
Q9Y232,598,598,False
F1KRD8,544,544,False
P43249,590,590,False
P22830,423,423,False
O97578,435,435,False
P15494,160,160,False
Q9EPB7,384,384,False
O14966,203,203,False
P56690,1043,1043,False
Q8K424,791,791,False
Q06219,598,598,False
P26433,831,831,False
C4LW95,314,314,False
Q4QYD9,791,791,False
P25931,464,464,False
O77760,550,550,False
O77759,526,526,False
Q8N8U2,506,506,False
Q9HCE7,757,757,False
P28327,561,561,False
K7GQZ4,638,638,False
Q9Y6F8,540,540,False
P9WFK7,402,402,False
P07900,732,732,False
P17712,465,465,False
P28843,760,760,False
P31639,672,672,False
Q44079,254,254,False
B7UUK1,167,167,False
D2SSQ3,283,283,False
Q9L4P2,273,273,False
Q3SAW3,283,283,False
Q9NYL2,800,800,False
Q99733,375,375,False
Q5U5Z8,902,902,False
F1LNR9,597,597,False
P48763,813,813,False
Q9UKU6,1069,1069,False
B2GV46,319,319,False
P16581,610,610,False
P07384,714,714,False
Q99500,378,378,False
Q15120,406,406,False
O95264,441,441,False
Q9NY47,1150,1150,False
P13497,986,986,False
P24158,256,256,False
P16615,1042,1042,False
P09211,210,210,False
Q15349,733,733,False
O87171,128,128,False
P50172,292,292,False
Q15722,352,352,False
Q8N1Q1,262,262,False
P09871,688,688,False
P18433,802,802,False
P19156,1034,1034,False
Q04759,706,706,False
Q9Y251,543,543,False
P50579,478,478,False
Q9Y2I1,1504,1504,False
Q9NRW4,184,184,False
O93874,270,270,False
Q50565,176,176,False
P0C6U8,4382,2000,True
O54814,359,359,False
O77669,159,159,False
P00939,249,249,False
P40881,247,247,False
P70263,357,357,False
Q9UQB9,309,309,False
Q9UUZ4,747,747,False
O75716,305,305,False
P30547,407,407,False
P31389,488,488,False
P32307,370,370,False
P32738,640,640,False
P34970,328,328,False
P34976,359,359,False
P35463,443,443,False
P41144,380,380,False
P08648,1049,1049,False
Q13233,1512,1512,False
P0A6W3,360,360,False
P16083,231,231,False
P16092,822,822,False
Q15759,364,364,False
Q16773,422,422,False
P19174,1290,1290,False
P28838,519,519,False
P00599,118,118,False
P00602,118,118,False
Q9Y2D0,317,317,False
P22102,1010,1010,False
P22455,802,802,False
P25116,425,425,False
P09467,338,338,False
Q9UHL4,492,492,False
P51160,858,858,False
Q03181,441,441,False
O94768,372,372,False
O94804,968,968,False
P16591,822,822,False
P33981,857,857,False
Q99640,499,499,False
O77773,1091,1091,False
Q75NA5,576,576,False
P54756,1037,1037,False
Q4CXJ6,296,296,False
P54764,986,986,False
P35270,261,261,False
Q9NYW2,309,309,False
P08397,361,361,False
Q17SB2,448,448,False
Q9WVC6,431,431,False
Q9AH50,209,209,False
P81172,84,84,False
P08709,466,466,False
P48735,452,452,False
Q6GI75,256,256,False
P70536,388,388,False
P20288,444,444,False
P0A9A6,383,383,False
P13807,737,737,False
O09106,482,482,False
Q16816,387,387,False
P42336,1068,1068,False
Q00961,1237,1237,False
P42684,1182,1182,False
P42262,883,883,False
Q62968,1956,1956,False
P04035,888,888,False
Q8WN72,172,172,False
P32244,323,323,False
P40763,770,770,False
P14600,407,407,False
P26255,400,400,False
Q8SPQ9,604,604,False
O70196,710,710,False
Q00535,292,292,False
P18886,658,658,False
P27867,357,357,False
Q63273,979,979,False
Q63921,602,602,False
Q13131,559,559,False
P28704,520,520,False
P11708,334,334,False
P50578,325,325,False
Q02790,459,459,False
P13569,1480,1480,False
P23978,599,599,False
Q16706,1144,1144,False
O00754,1011,1011,False
P09623,509,509,False
P35750,714,714,False
O97506,643,643,False
P09955,416,416,False
Q61851,801,801,False
P23946,247,247,False
Q13324,411,411,False
P19784,350,350,False
P07858,339,339,False
P09237,267,267,False
P12822,1310,1310,False
Q01338,465,465,False
Q01727,315,315,False
O42275,633,633,False
P25098,689,689,False
P13726,295,295,False
A3KMY8,652,652,False
P11440,297,297,False
P43114,488,488,False
P48748,352,352,False
P0C1U9,800,800,False
P61431,307,307,False
P90584,324,324,False
P49187,464,464,False
P67871,215,215,False
P04637,393,393,False
O70370,340,340,False
P17612,351,351,False
P79208,603,603,False
P51159,221,221,False
P20340,208,208,False
Q9NTK5,396,396,False
O60313,960,960,False
O00264,195,195,False
Q709F0,780,780,False
Q9DAR7,338,338,False
B3DH72,375,375,False
I6L8L7,457,457,False
Q9UKK9,219,219,False
P04545,194,194,False
P03421,241,241,False
Q8IL04,205,205,False
P45446,470,470,False
Q05516,673,673,False
Q8N884,522,522,False
Q9UI32,602,602,False
P16296,462,462,False
Q8TA74,5317,2000,True
Q9NRL2,1556,1556,False
Q704V1,250,250,False
Q9Y6K0,416,416,False
Q14839,1912,1912,False
P18074,760,760,False
P38117,255,255,False
P33991,863,863,False
P35580,1976,1976,False
Q14683,1233,1233,False
Q15067,660,660,False
Q16827,1216,1216,False
O70551,648,648,False
Q9Y6T7,804,804,False
Q60493,261,261,False
O00481,513,513,False
O43187,625,625,False
Q92841,729,729,False
Q9Z7P3,258,258,False
Q9NPD8,197,197,False
Q8BUD0,365,365,False
Q9NQ90,1003,1003,False
Q9NU22,5596,2000,True
Q9BZE4,634,634,False
Q9P0J0,144,144,False
Q86XP3,938,938,False
P26196,483,483,False
P51149,207,207,False
Q62755,446,446,False
P41182,706,706,False
P23743,735,735,False
Q9BY32,194,194,False
O95340,614,614,False
P0C5J4,361,361,False
P14272,638,638,False
P03418,391,391,False
Q68EF4,912,912,False
O00148,427,427,False
P56485,362,362,False
Q9HCX4,862,862,False
P23025,273,273,False
O88506,553,553,False
Q92905,334,334,False
Q92608,1830,1830,False
Q7L2E3,1194,1194,False
P41250,739,739,False
Q6JQN1,1059,1059,False
O15254,700,700,False
Q9ULC5,683,683,False
P07741,180,180,False
Q9Y2W1,955,955,False
Q9NSE4,1012,1012,False
P09812,842,842,False
P21912,280,280,False
P0C7B7,321,321,False
Q96GX5,879,879,False
Q9NV35,164,164,False
Q05320,676,676,False
P35343,359,359,False
P58022,776,776,False
P38919,411,411,False
Q8TCT8,520,520,False
Q96GG9,259,259,False
P62575,1035,1035,False
Q84HF5,461,461,False
P9WFV1,969,969,False
Q9D7Q1,464,464,False
O95630,424,424,False
Q8R180,464,464,False
O60841,1220,1220,False
Q5HYI8,236,236,False
P12236,298,298,False
P49585,367,367,False
P30086,187,187,False
P61158,418,418,False
Q58FF8,381,381,False
Q03145,977,977,False
Q9Y336,463,463,False
P50583,147,147,False
Q5U3Y7,176,176,False
Q8TB45,409,409,False
Q13057,564,564,False
Q9QY96,1079,1079,False
Q6TEK4,161,161,False
A8NS89,492,492,False
Q8BHY3,960,960,False
Q16820,701,701,False
O23920,442,442,False
Q15573,450,450,False
Q86TW2,530,530,False
Q3MIX3,580,580,False
P04899,355,355,False
Q7Z406,1995,1995,False
P42285,1042,1042,False
O95347,1197,1197,False
Q9UHD8,586,586,False
P49748,655,655,False
P61019,212,212,False
P22674,350,350,False
P63104,245,245,False
Q9CYK2,362,362,False
Q26964,1060,1060,False
Q6PJP8,1040,1040,False
Q99R76,502,502,False
P17659,530,530,False
Q5BJF2,176,176,False
B5DF27,776,776,False
Q7Z478,1369,1369,False
Q9TU16,492,492,False
P61077,147,147,False
Q8TCT7,592,592,False
D3ZNG3,523,523,False
Q9U638,442,442,False
Q02974,298,298,False
Q14576,367,367,False
G7N604,595,595,False
V9HWB9,332,332,False
Q76MJ5,926,926,False
Q6ZSR9,355,355,False
P08240,638,638,False
Q9H0A0,1025,1025,False
O60361,137,137,False
P49589,748,748,False
I6X8D2,1733,1733,False
Q8TDX5,336,336,False
Q13574,928,928,False
O95848,222,222,False
Q9H816,532,532,False
Q9Z1Z1,1108,1108,False
Q7A2Q4,167,167,False
Q9JJF9,523,523,False
P26885,142,142,False
Q4KLH9,365,365,False
Q14240,407,407,False
Q9H903,347,347,False
P52699,246,246,False
A0A8C0QLS2,781,781,False
Q99972,504,504,False
K4CF70,476,476,False
Q9NSD9,589,589,False
P49411,455,455,False
P61026,200,200,False
O75643,2136,2000,True
Q9P2R7,463,463,False
Q8IYD1,628,628,False
P08574,325,325,False
P63116,530,530,False
I3LTK9,658,658,False
Q8N5Y8,322,322,False
D2K848,424,424,False
Q9BW91,350,350,False
Q14188,446,446,False
O00590,384,384,False
P58215,753,753,False
D4A7K4,455,455,False
P80209,390,390,False
Q02485,1850,1850,False
Q14957,1233,1233,False
D3ZJF9,421,421,False
O70526,372,372,False
O75106,756,756,False
O77240,513,513,False
P00807,281,281,False
P11766,374,374,False
O96935,1085,1085,False
Q13554,666,666,False
Q9QYN8,445,445,False
Q05030,1097,1097,False
Q02763,1124,1124,False
Q29010,427,427,False
P05024,1021,1021,False
P27732,2203,2000,True
Q8HZR1,603,603,False
P29322,1005,1005,False
Q01558,331,331,False
Q01668,2161,2000,True
P34914,554,554,False
Q16654,411,411,False
P21802,821,821,False
P43367,324,324,False
Q9UKV0,1011,1011,False
O75387,559,559,False
Q63016,512,512,False
Q965D5,432,432,False
Q8ST54,471,471,False
Q60492,223,223,False
P49327,2511,2000,True
Q9UBR2,303,303,False
P07374,840,840,False
O75365,173,173,False
O60603,784,784,False
P9WG47,838,838,False
P97391,137,137,False
P07293,1873,1873,False
P22935,138,138,False
Q8WWR8,484,484,False
P42679,507,507,False
P04066,466,466,False
P18911,458,458,False
P45984,424,424,False
P17707,334,334,False
Q14242,412,412,False
P38571,399,399,False
P12955,493,493,False
Q95PM0,450,450,False
P20265,443,443,False
P24942,543,543,False
Q99685,303,303,False
Q5DUH8,420,420,False
Q7T3S7,136,136,False
O08557,285,285,False
P07901,733,733,False
P98170,497,497,False
Q9QXX3,151,151,False
Q9QUL3,142,142,False
Q9H2G2,1235,1235,False
Q9HAZ1,481,481,False
Q9HBH9,465,465,False
P22459,653,653,False
P20618,241,241,False
P9WN95,379,379,False
Q86831,893,893,False
P06278,512,512,False
P06492,490,490,False
P35739,799,799,False
P08754,354,354,False
P42685,505,505,False
P49759,484,484,False
P49760,499,499,False
P49761,638,638,False
P25090,351,351,False
P31651,614,614,False
Q9UJM8,370,370,False
O88533,480,480,False
P37058,310,310,False
P28845,292,292,False
O75582,802,802,False
P52020,573,573,False
P30873,391,391,False
Q14642,412,412,False
Q99538,433,433,False
P62508,458,458,False
P42680,631,631,False
Q9UM73,1620,1620,False
P15384,525,525,False
P79074,403,403,False
P13956,244,244,False
P06026,393,393,False
P10584,327,327,False
O54898,2254,2000,True
P29599,269,269,False
Q16665,826,826,False
P17597,670,670,False
A1ZA98,579,579,False
O00555,2506,2000,True
P37173,567,567,False
P09238,476,476,False
Q27963,517,517,False
Q13976,671,671,False
P17256,395,395,False
P13721,403,403,False
Q9BZM2,168,168,False
Q9UNK4,145,145,False
P31749,480,480,False
P21673,171,171,False
P20395,692,692,False
P00763,246,246,False
O54912,411,411,False
Q9ES08,396,396,False
A0A045ISB3,276,276,False
A0A0B7LH44,740,740,False
A0A1D8D5K2,2193,2000,True
A0A286XTF2,366,366,False
A2TEF2,480,480,False
A3FPL9,392,392,False
D3ZFJ0,1102,1102,False
D4ADR1,384,384,False
D5FGE8,502,502,False
E1BI31,902,902,False
E5KIY2,270,270,False
E9PU00,791,791,False
F7HEV7,372,372,False
G1C7A4,798,798,False
G1SVH0,536,536,False
H9FL65,115,115,False
H9YX08,374,374,False
I6LNT8,483,483,False
A0A8I3NDW2,361,361,False
O31048,723,723,False
P02979,244,244,False
P03303,2179,2000,True
P90627,340,340,False
Q06GJ0,594,594,False
Q26710,329,329,False
Q2L8D9,9,9,False
Q66478,2193,2000,True
Q6A2E2,702,702,False
Q81VX4,262,262,False
Q8ILP4,519,519,False
Q93SQ1,453,453,False
Q9X688,691,691,False
V5TFZ2,900,900,False
A1Z1Q3,425,425,False
A3FQ79,710,710,False
B2ZB02,297,297,False
E9PTA2,1507,1507,False
F0X4H1,515,515,False
G3V9H8,1115,1115,False
O00187,686,686,False
O08756,261,261,False
O35129,299,299,False
O35881,305,305,False
O43897,1013,1013,False
O55239,264,264,False
O75151,1096,1096,False
O75330,724,724,False
O88643,545,545,False
O93344,518,518,False
O95436,690,690,False
O95563,127,127,False
P02748,559,559,False
P04190,257,257,False
P05659,1509,1509,False
P06681,752,752,False
P08799,2116,2000,True
P0A0H5,117,117,False
P10569,1168,1168,False
P12711,374,374,False
P13608,2364,2000,True
P16551,708,708,False
P23471,2315,2000,True
P26883,108,108,False
P27463,509,509,False
P29033,226,226,False
P29992,359,359,False
P32038,263,263,False
P32929,405,405,False
P33121,698,698,False
P34897,504,504,False
P36969,197,197,False
P38646,679,679,False
P42566,896,896,False
P42568,568,568,False
P48740,699,699,False
P49290,716,716,False
P59215,354,354,False
P61081,183,183,False
P62166,190,190,False
P79114,2052,2000,True
P79293,1935,1935,False
Q01705,2531,2000,True
Q03111,559,559,False
Q05096,1136,1136,False
Q08357,652,652,False
Q09QM4,339,339,False
Q0VD19,625,625,False
Q15165,354,354,False
Q15166,354,354,False
Q15561,434,434,False
Q15843,81,81,False
Q16762,297,297,False
Q27YN9,2265,2000,True
Q28641,1938,1938,False
Q3S340,466,466,False
Q4QEW7,320,320,False
Q5CYL9,676,676,False
Q5CZ29,824,824,False
Q5FVP8,388,388,False
Q5JWF2,1037,1037,False
Q60700,888,888,False
Q60825,637,637,False
Q63272,1100,1100,False
Q63474,910,910,False
Q64018,457,457,False
Q6DMN0,422,422,False
Q6NS65,339,339,False
Q6S4V9,718,718,False
Q6URW6,2000,2000,False
Q76NL8,1193,1193,False
Q789A4,2007,2000,True
Q7Z628,596,596,False
Q80SU6,601,601,False
Q8BRU6,517,517,False
Q8C078,588,588,False
Q8IM71,440,440,False
Q8IXQ6,854,854,False
Q8K3Y3,209,209,False
Q8K4R8,601,601,False
Q8MJW8,360,360,False
Q8N130,599,599,False
Q8WUM9,679,679,False
Q91VE3,249,249,False
Q91XP5,464,464,False
Q924C3,906,906,False
Q92888,912,912,False
Q93EK7,311,311,False
Q94661,622,622,False
Q969T7,300,300,False
Q96AE4,644,644,False
Q96JB6,756,756,False
Q99104,1853,1853,False
Q99323,2057,2000,True
Q99IB8,3033,2000,True
Q9BQ69,325,325,False
Q9H4M9,534,534,False
Q9HBK9,375,375,False
Q9I9R4,198,198,False
Q9N1U3,782,782,False
Q9NX46,363,363,False
Q9NY64,477,477,False
Q9UBN4,977,977,False
Q9UBZ9,1251,1251,False
Q9UGC6,210,210,False
Q9UHP3,1055,1055,False
Q9UKN7,3530,2000,True
Q9UKX2,1941,1941,False
Q9VWX8,187,187,False
Q9WU19,370,370,False
Q9Y6L7,1015,1015,False
Q15858,1988,1988,False
P30101,505,505,False
P32322,319,319,False
Q15554,542,542,False
Q9P2T1,348,348,False
P58801,539,539,False
Q06496,637,637,False
Q6IQ23,1121,1121,False
Q969H4,720,720,False
Q5VTY9,493,493,False
P97480,510,510,False
Q99504,573,573,False
Q16526,586,586,False
P02489,173,173,False
Q25869,745,745,False
C1KIQ2,181,181,False
Q0ZMF1,181,181,False
P58335,489,489,False
Q82134,125,125,False
P00780,379,379,False
P04271,92,92,False
P08183,1280,1280,False
P08238,724,724,False
Q12791,1236,1236,False
O15554,427,427,False
P22460,613,613,False
Q9HC98,313,313,False
Q9JI10,497,497,False
Q9NQU5,681,681,False
Q9NRP7,1315,1315,False
P52663,292,292,False
P47900,373,373,False
P53792,670,670,False
Q62758,406,406,False
Q05769,604,604,False
P70174,488,488,False
P39877,138,138,False
O14975,620,620,False
Q6P1M0,643,643,False
Q93088,406,406,False
P33534,380,380,False
P47199,331,331,False
P21453,382,382,False
Q9WUI1,364,364,False
P30557,365,365,False
P00491,289,289,False
O15496,165,165,False
P06766,335,335,False
Q02083,359,359,False
Q28998,468,468,False
Q9EPB1,500,500,False
P97266,98,98,False
O14976,1311,1311,False
P07265,584,584,False
P12530,663,663,False
P53985,500,500,False
Q07820,350,350,False
Q6P6U0,517,517,False
Q07014,512,512,False
Q64725,629,629,False
P32577,450,450,False
P16054,737,737,False
P42681,527,527,False
P16662,529,529,False
P16098,535,535,False
P15917,809,809,False
P15840,386,386,False
Q9Y5X4,410,410,False
Q96SB4,655,655,False
Q92630,601,601,False
Q9Z0Y2,146,146,False
Q9Z0F8,827,827,False
P10236,1058,1058,False
Q02563,742,742,False
P48546,466,466,False
P15291,398,398,False
Q8MTZ4,826,826,False
P23919,212,212,False
P19112,363,363,False
P39900,470,470,False
Q9NYA1,384,384,False
P49660,385,385,False
P41231,377,377,False
O02662,405,405,False
P28705,463,463,False
Q92736,4967,2000,True
P15273,468,468,False
Q17058,567,567,False
O95263,885,885,False
Q9Y233,1055,1055,False
Q9H7Z7,377,377,False
P94451,555,555,False
P46925,453,453,False
P49366,369,369,False
O15826,268,268,False
P41232,374,374,False
Q9EP66,360,360,False
P49019,387,387,False
O14842,300,300,False
P51684,374,374,False
Q8K5E0,354,354,False
Q01064,536,536,False
P04054,148,148,False
Q13258,359,359,False
Q16647,500,500,False
P29371,465,465,False
P11715,507,507,False
Q05343,467,467,False
O00459,728,728,False
P36873,323,323,False
P36897,503,503,False
P24053,390,390,False
P49682,368,368,False
Q00526,305,305,False
P51993,359,359,False
P04070,461,461,False
Q08209,521,521,False
Q9Y5K2,254,254,False
Q9Y337,293,293,False
Q92876,244,244,False
P07683,604,604,False
P9WIQ1,399,399,False
P09769,529,529,False
O70174,629,629,False
P05187,535,535,False
Q01650,507,507,False
Q9GZT4,340,340,False
Q9NTG7,399,399,False
Q8IXJ6,389,389,False
P68402,229,229,False
Q61263,540,540,False
O75908,522,522,False
Q91ZY1,391,391,False
P00735,625,625,False
Q29463,247,247,False
P23385,1199,1199,False
Q00975,2339,2000,True
P35228,1153,1153,False
O96013,591,591,False
Q06486,415,415,False
Q9EST2,292,292,False
Q13177,524,524,False
O00746,187,187,False
P41149,325,325,False
P03887,318,318,False
P23443,525,525,False
P32320,146,146,False
P35370,367,367,False
Q96EB6,747,747,False
Q16769,361,361,False
Q9NBA7,488,488,False
Q965D7,230,230,False
Q965D6,301,301,False
P28523,332,332,False
Q5VT25,1732,1732,False
P39688,537,537,False
Q15391,338,338,False
Q9NY33,737,737,False
Q07973,514,514,False
Q9NSY1,1161,1161,False
Q9P1W9,311,311,False
A0A0T9WNE5,396,396,False
A2APX8,2009,2000,True
A5PKW4,1024,1024,False
A5U4N0,324,324,False
D3Z7P3,674,674,False
O00391,747,747,False
O14717,391,391,False
O14745,358,358,False
O14815,690,690,False
O14894,197,197,False
O15056,1496,1496,False
O35760,227,227,False
O43426,1573,1573,False
O54974,136,136,False
O55143,1044,1044,False
O70276,533,533,False
O75356,428,428,False
O75962,3097,2000,True
O95279,499,499,False
P08567,350,350,False
P10515,647,647,False
P11762,135,135,False
P12265,648,648,False
P13264,674,674,False
P18510,177,177,False
P20192,734,734,False
P20231,275,275,False
P20749,454,454,False
P21183,415,415,False
P33072,418,418,False
P35568,1242,1242,False
P35713,384,384,False
P37798,449,449,False
P43680,377,377,False
P46939,3433,2000,True
P48436,509,509,False
P51161,128,128,False
P51530,1060,1060,False
P51556,727,727,False
P57764,484,484,False
P59533,333,333,False
P59534,338,338,False
P59535,323,323,False
P59537,309,309,False
P59539,299,299,False
P59540,309,309,False
P59541,319,319,False
P59542,299,299,False
P61922,500,500,False
P68135,377,377,False
P70682,604,604,False
P78549,312,312,False
P9WID5,324,324,False
Q00195,664,664,False
Q07917,598,598,False
Q10472,559,559,False
Q13155,320,320,False
Q13480,694,694,False
Q14435,633,633,False
Q14674,2120,2000,True
Q15562,447,447,False
Q16658,493,493,False
Q16740,277,277,False
Q28175,533,533,False
Q32ZE1,3419,2000,True
Q38720,217,217,False
Q3HR10,359,359,False
Q3TBT3,378,378,False
Q4AE59,553,553,False
Q4G0J3,582,582,False
Q5EB52,335,335,False
Q5VWQ8,1189,1189,False
Q61091,685,685,False
Q64518,999,999,False
Q6N021,2002,2000,True
Q6P587,221,221,False
Q6SZW1,724,724,False
Q6XQN6,538,538,False
Q7RTR8,314,314,False
Q7T2L8,382,382,False
Q84406,242,242,False
Q86GS5,367,367,False
Q86SR1,603,603,False
Q86V67,102,102,False
Q86W10,505,505,False
Q86WV6,379,379,False
Q8C6L5,507,507,False
Q8CIM5,396,396,False
Q8I3X4,245,245,False
Q8IUC8,556,556,False
Q8N539,461,461,False
Q8N543,542,542,False
Q8N5K1,135,135,False
Q8NCL4,622,622,False
Q8NFU5,416,416,False
Q8TAX0,266,266,False
Q8VCQ6,419,419,False
Q91WW5,304,304,False
Q920E5,353,353,False
Q92551,441,441,False
Q96FI4,390,390,False
Q96FL9,552,552,False
Q96IV0,654,654,False
Q96LA9,322,322,False
Q96PC2,410,410,False
Q96Q04,1460,1460,False
Q96T54,332,332,False
Q96T60,521,521,False
Q99594,435,435,False
Q9BU89,302,302,False
Q9BV86,223,223,False
Q9D4B1,365,365,False
Q9D8T2,487,487,False
Q9DBJ1,254,254,False
Q9EQY0,977,977,False
Q9H255,320,320,False
Q9H7M9,311,311,False
Q9JHI9,570,570,False
Q9JLS3,1235,1235,False
Q9NWH9,1034,1034,False
Q9NY59,655,655,False
Q9NYV9,303,303,False
Q9NYW3,318,318,False
Q9NYW4,299,299,False
Q9NYW6,316,316,False
Q9NYW7,299,299,False
Q9NZN5,1544,1544,False
Q9QX29,975,975,False
Q9UF12,460,460,False
Q9UH17,382,382,False
Q9UHH9,426,426,False
Q9UKL6,214,214,False
Q9UNU6,501,501,False
Q9WTR1,756,756,False
Q9WVC5,862,862,False
Q9WVC8,757,757,False
Q9Y657,262,262,False
Q9Y6A2,500,500,False
Q9Y6N5,450,450,False
Q9YGV3,1027,1027,False
Q9YGX2,533,533,False
T1VXA1,337,337,False
P0DTD1,7096,2000,True
Q13619,759,759,False
Q9NS67,375,375,False
Q9HYN5,115,115,False
Q8CM62,246,246,False
G4VFD7,379,379,False
A0A143MHK7,340,340,False
A0A024AXB9,66,66,False
F1MN93,757,757,False
Q9P286,719,719,False
Q99598,290,290,False
P11801,424,424,False
P27808,447,447,False
Q96RU8,372,372,False
Q9WU09,296,296,False
Q9UEE5,414,414,False
Q9UF33,1036,1036,False
Q9UKE5,1360,1360,False
P00488,732,732,False
P17931,250,250,False
P54645,559,559,False
Q9NSD5,602,602,False
Q9FH76,463,463,False
P96830,276,276,False
P9WIA1,163,163,False
P9WQD7,417,417,False
P20292,161,161,False
P35030,304,304,False
P16257,169,169,False
Q01717,412,412,False
P16610,390,390,False
P80276,316,316,False
Q15761,445,445,False
P00375,187,187,False
P26684,426,426,False
O54735,833,833,False
O15303,877,877,False
Q8IWQ3,736,736,False
O43781,588,588,False
Q9H2X6,1198,1198,False
Q9H422,1215,1215,False
Q14680,651,651,False
O00142,265,265,False
P52732,1056,1056,False
P08170,839,839,False
P22894,467,467,False
P28161,218,218,False
O08590,763,763,False
P56818,501,501,False
P32248,378,378,False
P61794,364,364,False
P51685,355,355,False
Q00536,496,496,False
Q13043,487,487,False
Q07912,1038,1038,False
Q13153,545,545,False
Q13882,451,451,False
Q15375,998,998,False
O54698,457,457,False
P46059,708,708,False
P04326,86,86,False
P00736,705,705,False
P97583,337,337,False
P07382,520,520,False
P11086,282,282,False
P09960,611,611,False
Q14123,709,709,False
P10482,455,455,False
P9WQN9,340,340,False
Q07817,233,233,False
Q32MK0,819,819,False
O14757,476,476,False
O75807,674,674,False
P04186,761,761,False
P32750,141,141,False
P36956,1147,1147,False
P53539,338,338,False
Q5SWA1,713,713,False
Q6IQ20,393,393,False
Q9GZZ1,169,169,False
Q9NRA2,495,495,False
Q46085,1021,1021,False
Q8TDQ0,301,301,False
P21451,442,442,False
P07872,661,661,False
P22001,575,575,False
P78600,575,575,False
Q09137,552,552,False
Q873X9,433,433,False
O60658,829,829,False
O43497,2377,2000,True
Q60857,630,630,False
Q9HBH1,243,243,False
P35353,415,415,False
Q01062,928,928,False
O02853,191,191,False
P28646,391,391,False
P14740,767,767,False
P25102,358,358,False
P35364,357,357,False
P03120,365,365,False
Q6V1X1,898,898,False
P36906,500,500,False
P28907,300,300,False
P28827,1452,1452,False
P28074,263,263,False
A4I591,473,473,False
O96673,261,261,False
P0DTC2,1273,1273,False
P27008,1014,1014,False
Q13285,461,461,False
Q2HXR2,247,247,False
Q16644,382,382,False
P53778,367,367,False
Q64560,1249,1249,False
O08532,1103,1103,False
Q92843,193,193,False
P54690,411,411,False
P54687,386,386,False
O60488,711,711,False
O95573,720,720,False
P17302,382,382,False
Q12797,758,758,False
Q61503,576,576,False
Q8VCN5,398,398,False
Q9BE41,1940,1940,False
Q9BQT8,299,299,False
Q9UKU0,697,697,False
Q9UKV8,859,859,False
Q9UN76,642,642,False
P42330,323,323,False
Q12884,760,760,False
P14902,403,403,False
P39898,452,452,False
Q96RI0,385,385,False
P04233,296,296,False
P04191,1001,1001,False
P00883,364,364,False
P00489,843,843,False
O97467,504,504,False
O95822,493,493,False
O60725,284,284,False
P15944,275,275,False
P31390,486,486,False
P15101,610,610,False
P67775,309,309,False
P27139,260,260,False
Q9NRE1,261,261,False
Q13188,491,491,False
P15169,458,458,False
Q15077,328,328,False
P00592,146,146,False
Q9NP56,450,450,False
Q9BUB5,465,465,False
Q9Z0J4,1429,1429,False
P30082,485,485,False
P10809,573,573,False
O14965,403,403,False
Q9BDQ5,350,350,False
O02747,847,847,False
O07911,430,430,False
O70423,765,765,False
Q8JZL2,353,353,False
Q80Z39,360,360,False
P11444,359,359,False
P07313,608,608,False
P14262,329,329,False
P55772,510,510,False
Q5JUK3,1230,1230,False
Q6UVM3,1135,1135,False
Q86U44,580,580,False
Q9H3H5,408,408,False
Q9QZC1,910,910,False
B5DFE2,746,746,False
O88536,351,351,False
P01721,117,117,False
Q08050,763,763,False
Q9GU59,437,437,False
P63096,354,354,False
P09471,354,354,False
P10611,510,510,False
Q00688,224,224,False
P43143,493,493,False
P41148,804,804,False
Q02844,273,273,False
Q61214,763,763,False
Q95WR6,394,394,False
Q8WS26,425,425,False
P29853,1006,1006,False
Q63118,464,464,False
P02879,576,576,False
P35917,1363,1363,False
P43428,357,357,False
Q9XZT6,250,250,False
Q16581,482,482,False
P08138,427,427,False
P32304,448,448,False
Q15118,436,436,False
Q16572,532,532,False
P23795,613,613,False
O95749,300,300,False
O15120,278,278,False
Q61606,485,485,False
P33033,323,323,False
P00784,345,345,False
P04058,586,586,False
P06199,466,466,False
P0A2Y6,388,388,False
P35218,305,305,False
P42892,770,770,False
Q86TI2,863,863,False
Q8NER1,839,839,False
P17538,263,263,False
O88275,505,505,False
P29411,227,227,False
P29452,402,402,False
P29466,404,404,False
P29473,1205,1205,False
F1QCV2,675,675,False
O97438,317,317,False
P59594,1255,1255,False
Q498D6,800,800,False
Q6H8N0,340,340,False
Q8VD00,176,176,False
Q96HI0,755,755,False
Q99536,393,393,False
O14986,540,540,False
P29474,1203,1203,False
P30305,580,580,False
P00630,167,167,False
P09810,444,444,False
P04053,509,509,False
Q16831,310,310,False
O60259,260,260,False
P00189,520,520,False
P06760,648,648,False
P05363,384,384,False
Q9Y243,479,479,False
P16390,528,528,False
P37289,362,362,False
P49654,397,397,False
Q01337,458,458,False
Q01827,515,515,False
O00763,2458,2000,True
P52655,376,376,False
P41440,591,591,False
P00338,332,332,False
P08191,300,300,False
P50997,1021,1021,False
P25910,249,249,False
O13428,1897,1897,False
Q8HYC3,389,389,False
P16333,377,377,False
P26435,362,362,False
P06730,217,217,False
Q8TDX7,302,302,False
P23469,700,700,False
Q9Y2H1,464,464,False
Q9Y4K4,846,846,False
Q9Y6R4,1608,1608,False
P10415,239,239,False
Q9UKR3,277,277,False
Q96G91,374,374,False
P15382,129,129,False
P50391,375,375,False
Q16678,543,543,False
P12104,132,132,False
O35936,677,677,False
O55183,247,247,False
O88634,396,396,False
P06151,332,332,False
P0C870,316,316,False
P20848,421,421,False
P36776,959,959,False
P48346,162,162,False
P52823,247,247,False
Q09326,442,442,False
Q2TV84,1622,1622,False
Q8CIG3,826,826,False
Q96NZ9,151,151,False
Q9GZQ8,125,125,False
Q9H492,121,121,False
Q9JIP4,426,426,False
Q9R001,930,930,False
Q9WV08,377,377,False
Q7YTA4,544,544,False
P16732,674,674,False
P60174,249,249,False
P30837,517,517,False
Q03405,335,335,False
P42575,452,452,False
Q95J97,351,351,False
P18584,497,497,False
P0C6X1,6758,2000,True
P31646,602,602,False
P18130,466,466,False
P47211,349,349,False
P30530,894,894,False
Q96KB5,322,322,False
Q9H4B4,646,646,False
Q16620,822,822,False
P41279,467,467,False
Q9BZL6,878,878,False
P54753,998,998,False
P24666,158,158,False
P23470,1445,1445,False
P04774,2009,2000,True
Q00194,690,690,False
Q923Y8,332,332,False
Q62928,357,357,False
P0C1P9,1435,1435,False
P0A6R0,317,317,False
P09382,135,135,False
P07752,372,372,False
P01024,1663,1663,False
P03438,566,566,False
Q94F81,286,286,False
P49684,386,386,False
Q9Y237,131,131,False
Q9UK32,745,745,False
P49863,264,264,False
Q15125,230,230,False
P08689,403,403,False
Q9QUR6,710,710,False
P49674,416,416,False
P54819,239,239,False
P07195,334,334,False
Q13126,283,283,False
Q93086,422,422,False
Q9UKR0,248,248,False
P23097,466,466,False
P40220,137,137,False
Q13163,448,448,False
P13661,276,276,False
P04014,649,649,False
P29320,983,983,False
Q9NRR2,321,321,False
P47869,451,451,False
Q05193,864,864,False
P30550,384,384,False
P09660,494,494,False
P14925,976,976,False
P08104,1951,1951,False
Q9Y6K9,419,419,False
O77078,371,371,False
P15393,499,499,False
P23979,489,489,False
P43004,574,574,False
P28190,326,326,False
P05412,331,331,False
O75795,530,530,False
P13866,664,664,False
Q05941,502,502,False
Q64654,503,503,False
P29401,623,623,False
P06804,235,235,False
Q9Y231,359,359,False
P49138,386,386,False
P23298,683,683,False
P11980,531,531,False
P22083,530,530,False
P17301,1181,1181,False
P17516,323,323,False
P43117,366,366,False
P43219,455,455,False
P43354,598,598,False
P46108,304,304,False
P47806,1111,1111,False
P47929,136,136,False
Q8R0X7,568,568,False
Q8R2Y0,336,336,False
Q8R455,1104,1104,False
O43353,540,540,False
Q8MHZ5,366,366,False
P04055,146,146,False
O70528,388,388,False
P30043,206,206,False
P12807,692,692,False
P38936,164,164,False
P59264,122,122,False
Q00987,491,491,False
Q13535,2644,2000,True
Q8CFK4,608,608,False
O00418,725,725,False
P39748,380,380,False
O14672,748,748,False
Q9GJT6,620,620,False
P06762,289,289,False
Q8MMZ8,1003,1003,False
Q92851,521,521,False
Q969V1,340,340,False
Q6GWS8,286,286,False
Q6JP75,309,309,False
Q6P179,960,960,False
Q6P3R8,708,708,False
Q6PHR2,472,472,False
Q6PIU2,408,408,False
Q9Y5L3,495,495,False
Q9Y5R2,645,645,False
Q9Y5S1,764,764,False
Q9Y5S2,1711,1711,False
O19045,490,490,False
P14207,255,255,False
P50130,446,446,False
P70597,405,405,False
Q9Y5Y4,395,395,False
P54762,984,984,False
Q8IU85,385,385,False
P88142,876,876,False
Q9JI35,445,445,False
Q9N1N9,602,602,False
Q9Y5X9,500,500,False
Q9Y616,596,596,False
Q9Y6E0,443,443,False
Q9Y6F1,533,533,False
Q9Y6M4,447,447,False
Q9Z0J5,526,526,False
Q9Z0R9,444,444,False
Q9Z122,444,444,False
P9WPP9,451,451,False
P9WNS3,638,638,False
P0A9J6,309,309,False
P0AD64,286,286,False
P0C1S8,567,567,False
P0A031,390,390,False
P31214,254,254,False
Q16719,465,465,False
P18440,290,290,False
O35433,838,838,False
Q969S8,669,669,False
Q9ERZ3,589,589,False
Q63384,416,416,False
P31644,462,462,False
P0A0J7,388,388,False
P0C1U8,336,336,False
P0C264,359,359,False
P0C6X7,7073,2000,True
P10070,1586,1586,False
P10153,161,161,False
Q16659,721,721,False
Q16832,855,855,False
Q17066,300,300,False
Q1HEC0,2455,2000,True
Q26966,642,642,False
E1BN64,1115,1115,False
P28593,492,492,False
Q6R5A3,839,839,False
Q9UHI8,967,967,False
Q9EQ60,2359,2000,True
O70344,671,671,False
P21556,342,342,False
Q14416,872,872,False
O43174,497,497,False
P15056,766,766,False
P11274,1271,1271,False
P54760,987,987,False
Q27686,499,499,False
Q27757,545,545,False
Q28263,861,861,False
Q3BCU0,352,352,False
Q3UP87,265,265,False
Q6QIY3,1958,1958,False
Q6R3M4,717,717,False
Q6RI86,1125,1125,False
Q6T3U3,1331,1331,False
Q6W5P4,371,371,False
Q9NY46,2000,2000,False
P27987,946,946,False
P00521,746,746,False
Q9UI33,1791,1791,False
A0A0G2K344,1068,1068,False
A1L3X0,281,281,False
E2JF22,2547,2000,True
F1M391,379,379,False
O70628,534,534,False
O88947,481,481,False
P00347,887,887,False
P02458,1487,1487,False
P05111,366,366,False
P10242,640,640,False
P10820,554,554,False
P16125,334,334,False
P21549,392,392,False
P22770,502,502,False
P27482,149,149,False
P57678,1058,1058,False
Q02053,1058,1058,False
Q02399,292,292,False
Q13247,344,344,False
Q3UHJ0,959,959,False
Q5W0Z9,365,365,False
Q62448,906,906,False
Q71SY5,747,747,False
Q7Z4S6,1674,1674,False
Q8IVV7,300,300,False
Q8WYN0,398,398,False
Q91820,407,407,False
Q92508,2521,2000,True
Q96MU7,727,727,False
Q99497,189,189,False
Q9BY66,1539,1539,False
Q9NRX4,125,125,False
Q9UIJ5,367,367,False
A0A3F3IEK2,642,642,False
D5JEH1,1641,1641,False
P9WGU9,468,468,False
P9WNU7,452,452,False
Q48485,384,384,False
Q8NQE1,482,482,False
Q8NFI3,743,743,False
Q8T6J6,323,323,False
O14786,923,923,False
Q9DC28,415,415,False
P56483,355,355,False
P06748,294,294,False
Q6WQJ1,1044,1044,False
Q700B8,480,480,False
Q9Z1M0,595,595,False
Q9ZLT0,255,255,False
P10605,339,339,False
P10686,1290,1290,False
P10481,382,382,False
P10499,495,495,False
P0DPI0,1296,1296,False
Q8TD08,544,544,False
Q02858,1122,1122,False
O88410,367,367,False
O14843,346,346,False
Q9UQD0,1980,1980,False
P33316,252,252,False
P31649,602,602,False
P00720,164,164,False
P48066,632,632,False
Q9UI40,661,661,False
Q8NFF2,622,622,False
P48999,674,674,False
P11167,492,492,False
P11169,496,496,False
P11172,480,480,False
Q42656,378,378,False
Q43760,355,355,False
Q46991,292,292,False
Q4G017,1502,1502,False
Q4Q5W4,414,414,False
Q533H1,374,374,False
Q56D22,140,140,False
P63086,358,358,False
P20264,500,500,False
P14137,526,526,False
Q13418,452,452,False
Q62137,1100,1100,False
Q06187,659,659,False
O00206,839,839,False
Q8N5S9,505,505,False
Q8TD19,979,979,False
Q96NX5,476,476,False
Q59H18,835,835,False
Q7L7X3,1001,1001,False
Q7TQN8,468,468,False
Q7TQP3,335,335,False
Q80UJ1,556,556,False
Q81R22,162,162,False
Q81RP3,272,272,False
P35574,1555,1555,False
P35590,1138,1138,False
P36894,532,532,False
P18910,1057,1057,False
P16298,524,524,False
P17658,529,529,False
Q9LGC6,929,929,False
P11509,494,494,False
Q96RR4,588,588,False
Q99683,1374,1374,False
Q14973,349,349,False
P06400,928,928,False
P06526,509,509,False
P06797,334,334,False
P06855,301,301,False
P06881,128,128,False
Q12840,1032,1032,False
Q82122,2153,2000,True
Q82323,166,166,False
Q865E1,445,445,False
A0JN73,1002,1002,False
A0MJA4,1325,1325,False
A0MJA5,1332,1332,False
A2RP81,308,308,False
A3RGC1,427,427,False
A4ZYU9,386,386,False
A5A4K8,400,400,False
A5A4K9,366,366,False
P36896,505,505,False
P37023,503,503,False
P38024,426,426,False
P38532,525,525,False
Q06418,890,890,False
Q06830,199,199,False
Q07002,474,474,False
Q07812,192,192,False
Q08345,913,913,False
Q09013,629,629,False
Q0H0G9,199,199,False
Q0PXQ5,569,569,False
O54833,350,350,False
O77656,471,471,False
P00469,316,316,False
Q12851,820,820,False
Q12866,999,999,False
Q13164,816,816,False
Q13470,666,666,False
Q13489,604,604,False
Q5MY95,495,495,False
Q5NUL3,361,361,False
Q5TKS0,403,403,False
Q5XX84,293,293,False
Q60641,488,488,False
P0DPI1,1296,1296,False
P11344,533,533,False
P11413,515,515,False
P11797,499,499,False
P12314,374,374,False
P12644,408,408,False
P12746,250,250,False
P13423,764,764,False
P13516,355,355,False
P13601,501,501,False
P38605,759,759,False
P9WPN5,405,405,False
Q9P2K8,1649,1649,False
Q9P8Q7,550,550,False
Q9QXD6,338,338,False
Q9QZT4,168,168,False
Q9S446,206,206,False
Q9UBE8,527,527,False
Q9UBT6,870,870,False
Q9UGN5,583,583,False
Q9UGP5,575,575,False
Q9UHC3,531,531,False
P47936,347,347,False
P53790,665,665,False
Q8JXU8,231,231,False
P35363,471,471,False
P16109,830,830,False
Q60751,1373,1373,False
Q60963,440,440,False
Q61096,254,254,False
Q61337,204,204,False
Q62226,437,437,False
Q9UKI8,766,766,False
Q9UNA4,740,740,False
Q9UNQ0,655,655,False
P39040,491,491,False
P40136,800,800,False
P41235,474,474,False
P41586,468,468,False
P41738,853,853,False
P42226,847,847,False
P42227,770,770,False
P42229,794,794,False
Q86UE8,772,772,False
Q86UX6,486,486,False
Q86X55,608,608,False
Q86V86,326,326,False
Q9UHD2,729,729,False
Q8TDU6,330,330,False
P51680,360,360,False
Q76JU9,300,300,False
P51683,373,373,False
Q969F8,398,398,False
Q8K4Z4,418,418,False
Q9UPE1,567,567,False
Q9UQ88,783,783,False
Q9W6Q1,813,813,False
P06935,3430,2000,True
P07112,709,709,False
P07148,127,127,False
P07237,508,508,False
P07254,563,563,False
P07308,358,358,False
Q86YV6,388,388,False
Q86Z02,1210,1210,False
Q8BLF1,408,408,False
Q8CGM4,400,400,False
Q8G2R2,430,430,False
Q8IVH8,894,894,False
Q8IWU9,490,490,False
Q8IYT8,1036,1036,False
A7L861,574,574,False
A8DS27,293,293,False
A8RR46,307,307,False
A9JQL9,287,287,False
O00311,574,574,False
P07437,444,444,False
P31648,599,599,False
O60939,215,215,False
P28565,374,374,False
Q9Y5Y9,1956,1956,False
Q29495,207,207,False
Q9MYX0,630,630,False
P07332,822,822,False
P52702,443,443,False
O30463,181,181,False
P62139,330,330,False
Q9Z0Y8,2201,2000,True
P0DMV8,641,641,False
P08151,1106,1106,False
Q13490,618,618,False
Q13510,395,395,False
Q13546,671,671,False
Q13705,512,512,False
Q13873,1038,1038,False
Q14289,1009,1009,False
B0FL73,467,467,False
O00182,355,355,False
O00214,317,317,False
O00238,502,502,False
P14210,728,728,False
P14222,555,555,False
P14422,68,68,False
P14489,266,266,False
P14616,1297,1297,False
P14920,347,347,False
P15127,1383,1383,False
D3ZGQ2,270,270,False
Q62868,1388,1388,False
P30291,646,646,False
P47748,370,370,False
O15552,330,330,False
P50407,446,446,False
P49219,420,420,False
P51576,399,399,False
Q8BZP8,371,371,False
Q8VH26,587,587,False
Q92831,832,832,False
Q92830,837,837,False
Q14994,352,352,False
Q62805,346,346,False
Q62976,1209,1209,False
Q63341,465,465,False
Q63470,763,763,False
Q63644,1369,1369,False
Q64346,381,381,False
P42858,3142,2000,True
P43057,1097,1097,False
Q8N2K0,398,398,False
Q8N474,314,314,False
Q8N4C8,1332,1332,False
Q8N568,766,766,False
Q8N752,337,337,False
Q8NCG7,672,672,False
Q8NET8,790,790,False
Q8WTS6,366,366,False
Q99873,371,371,False
Q60490,229,229,False
Q63531,735,735,False
O88943,852,852,False
Q04206,551,551,False
Q43077,674,674,False
Q9WMX2,3010,2000,True
Q9WVF6,144,144,False
Q9WVG6,608,608,False
Q9XYC7,449,449,False
Q9Y253,713,713,False
Q9Y463,629,629,False
Q9Y496,699,699,False
Q9Y4D2,1042,1042,False
Q8NEV4,1616,1616,False
Q8NFD2,765,765,False
Q8NI60,647,647,False
O00337,649,649,False
O00506,426,426,False
O00571,662,662,False
O00750,1634,1634,False
O00767,359,359,False
O08565,349,349,False
O08703,162,162,False
Q9P0X4,2223,2000,True
O04417,492,492,False
P08487,1291,1291,False
P08659,550,550,False
P08922,2347,2000,True
P09482,622,622,False
P09581,977,977,False
P09923,528,528,False
Q15046,597,597,False
Q15058,1648,1648,False
O08726,372,372,False
O14578,2027,2000,True
O14638,875,875,False
P15304,1068,1068,False
P15385,655,655,False
P15445,119,119,False
P16056,1379,1379,False
P16152,277,277,False
P30552,453,453,False
P27448,753,753,False
P48281,422,422,False
Q15465,462,462,False
Q15466,257,257,False
Q15569,626,626,False
Q15831,433,433,False
Q15835,563,563,False
Q16288,839,839,False
Q16651,343,343,False
Q69ZF3,918,918,False
Q6DT37,1551,1551,False
P27037,513,513,False
P27467,352,352,False
P27695,318,318,False
P28062,276,276,False
P28293,261,261,False
P28563,367,367,False
P28839,519,519,False
P29376,864,864,False
P63001,192,192,False
P9WPP1,433,433,False
P9WNS1,413,413,False
P9WPJ7,163,163,False
P00808,307,307,False
B8Q4Z9,411,411,False
P29338,217,217,False
Q8NG66,645,645,False
Q9Y3S1,2297,2000,True
P21281,511,511,False
Q9AQH7,466,466,False
Q2NNR5,340,340,False
Q6L5J4,353,353,False
Q8SPZ1,59,59,False
Q8T9Z7,245,245,False
Q8TCW9,393,393,False
Q8TDC3,778,778,False
Q8TDV5,335,335,False
Q8VC69,545,545,False
Q8WXR4,1341,1341,False
Q91WC9,669,669,False
Q91ZY2,391,391,False
O14684,152,152,False
O14730,519,519,False
O14980,1071,1071,False
P71716,565,565,False
P78325,824,824,False
P78352,724,724,False
P78356,416,416,False
P78362,688,688,False
P80299,554,554,False
P80366,459,459,False
P80370,383,383,False
Q9GRG7,521,521,False
P34980,365,365,False
P34021,878,878,False
Q59388,477,477,False
P34947,590,590,False
P51956,506,506,False
P30085,196,196,False
O15075,740,740,False
O15146,869,869,False
O15245,554,554,False
O15648,487,487,False
O26232,228,228,False
P17752,444,444,False
P18493,1016,1016,False
P18858,919,919,False
P19111,533,533,False
P19440,569,569,False
Q9GZT9,426,426,False
Q9H093,628,628,False
Q9H0K1,926,926,False
Q9H1C0,372,372,False
Q9H2K8,898,898,False
Q9H3Y6,488,488,False
Q9H5J4,265,265,False
Q9H6Z9,239,239,False
Q9HAS3,691,691,False
P00530,873,873,False
P00569,194,194,False
P00623,138,138,False
P00639,282,282,False
P00640,326,326,False
P49116,596,596,False
P49185,411,411,False
P49336,464,464,False
P49652,362,362,False
P49915,693,693,False
P49961,510,510,False
P50295,290,290,False
Q920L1,447,447,False
Q920L5,267,267,False
Q920R3,447,447,False
Q92772,493,493,False
P00642,277,277,False
P00690,511,511,False
P00751,764,764,False
P00809,306,306,False
P00970,487,487,False
P01256,128,128,False
P02692,127,127,False
P02699,348,348,False
P29678,393,393,False
P30555,359,359,False
Q92793,2442,2000,True
Q92887,1545,1545,False
Q92918,833,833,False
Q92993,513,513,False
Q96D53,544,544,False
Q96L34,752,752,False
O32393,1202,1202,False
O35078,346,346,False
O35240,533,533,False
P31040,664,664,False
P31152,587,587,False
P31482,146,146,False
P31641,620,620,False
P81908,574,574,False
P94958,379,379,False
P9WIJ3,197,197,False
P96878,764,764,False
P97287,331,331,False
P97321,761,761,False
P97520,352,352,False
P97793,1621,1621,False
O35346,1055,1055,False
O35678,303,303,False
O35949,271,271,False
O43318,606,606,False
O43524,673,673,False
O43868,658,658,False
O46635,470,470,False
O52691,227,227,False
O60285,661,661,False
P19525,551,551,False
P19602,611,611,False
Q00532,357,357,False
Q00537,523,523,False
Q9HB03,270,270,False
Q9HBY8,367,367,False
Q9JMD7,580,580,False
Q9K2N0,266,266,False
Q9MYW9,400,400,False
Q9N6S8,484,484,False
Q9NBD4,484,484,False
Q9NFS5,321,321,False
Q9NR96,1032,1032,False
Q9NR97,1041,1041,False
P20916,626,626,False
P21127,795,795,False
P21709,976,976,False
P50570,870,870,False
P50591,281,281,False
P51659,736,736,False
P51686,369,369,False
P51692,787,787,False
P51817,358,358,False
P51957,841,841,False
P02866,290,290,False
P03118,401,401,False
P04015,367,367,False
Q197X6,646,646,False
Q6R7Z5,340,340,False
Q964Q8,363,363,False
P52270,251,251,False
O15197,1021,1021,False
P21860,1342,1342,False
O60427,444,444,False
P12318,317,317,False
O75015,233,233,False
Q14376,348,348,False
O95838,553,553,False
P23415,457,457,False
P52895,323,323,False
Q96LB1,330,330,False
Q96LB2,322,322,False
Q96P09,236,236,False
Q96P65,431,431,False
Q96PD7,388,388,False
Q96PN6,1610,1610,False
Q96PY6,1258,1258,False
Q96RJ0,339,339,False
P31750,480,480,False
P31938,393,393,False
P32298,578,578,False
P32301,463,463,False
P32755,393,393,False
P33176,963,963,False
P33905,234,234,False
P35222,781,781,False
P35327,250,250,False
P35398,523,523,False
Q00613,529,529,False
Q02224,2701,2000,True
P23416,452,452,False
Q99527,375,375,False
P11168,524,524,False
P14672,509,509,False
P22732,501,501,False
P07686,556,556,False
P49773,126,126,False
O60760,199,199,False
P60568,153,153,False
Q9NZV8,630,630,False
Q99489,341,341,False
Q99558,947,947,False
O60333,1816,1816,False
O60678,531,531,False
O60930,286,286,False
O62855,364,364,False
O75164,1064,1064,False
O75355,529,529,False
P22079,712,712,False
Q02241,960,960,False
Q03114,292,292,False
Q04771,509,509,False
Q04828,323,323,False
Q06000,474,474,False
Q9NRM7,1088,1088,False
Q9NUX5,634,634,False
Q9NWT6,349,349,False
Q9NXB9,296,296,False
Q9NY57,414,414,False
Q9Y2U5,619,619,False
Q14703,1052,1052,False
P40926,338,338,False
O15438,1527,1527,False
O60502,916,916,False
P22234,425,425,False
P22281,533,533,False
P22413,925,925,False
P22513,359,359,False
P23940,213,213,False
P24387,322,322,False
P53671,638,638,False
P54131,499,499,False
Q9NYK1,1049,1049,False
Q9NYP7,299,299,False
Q9NYY3,685,685,False
Q9NZ08,941,941,False
Q9P0L2,795,795,False
Q9P289,416,416,False
P04274,418,418,False
P04415,898,898,False
P04694,454,454,False
P22307,547,547,False
Q9GZQ6,430,430,False
Q9Y5X5,522,522,False
O95267,797,797,False
P04181,439,439,False
O15294,1046,1046,False
P0AD63,286,286,False
P21589,574,574,False
P54763,986,986,False
P55085,397,397,False
P55899,365,365,False
Q99661,725,725,False
Q99677,370,370,False
Q99755,562,562,False
Q99759,626,626,False
Q99835,787,787,False
Q99LR1,398,398,False
Q99N23,324,324,False
Q9BPW9,319,319,False
Q9BRS2,568,568,False
P04792,205,205,False
P05162,132,132,False
P05186,524,524,False
Q69422,2864,2000,True
Q13443,819,819,False
O60218,316,316,False
Q9HD36,204,204,False
O15392,142,142,False
P38398,1863,1863,False
P31944,242,242,False
Q02318,531,531,False
O15528,508,508,False
O00574,342,342,False
Q99418,400,400,False
Q16854,277,277,False
P56937,341,341,False
Q9BVS4,552,552,False
Q9BW60,279,279,False
Q9BWU1,502,502,False
Q9BXA7,367,367,False
Q9BYT3,514,514,False
O75385,1050,1050,False
O75762,1119,1119,False
O75907,488,488,False
O78749,514,514,False
O88351,757,757,False
O88693,394,394,False
Q96PF2,358,358,False
P03471,469,469,False
P39045,538,538,False
Q70I53,369,369,False
O95342,1321,1321,False
P0CS83,398,398,False
Q2HPH0,67,67,False
P28562,367,367,False
O14640,695,695,False
Q92997,716,716,False
Q9BQI3,630,630,False
Q9NZJ5,1116,1116,False
Q9H9B1,1298,1298,False
Q96KQ7,1210,1210,False
O89049,499,499,False
O94760,285,285,False
P25051,343,343,False
P25961,591,591,False
P26019,1488,1488,False
P26663,3010,2000,True
P26927,711,711,False
P27028,705,705,False
Q16548,175,175,False
Q24498,5127,2000,True
Q61221,836,836,False
Q9IH62,602,602,False
Q5SC61,532,532,False
P61586,193,193,False
Q96RG2,1323,1323,False
Q9BYP7,1800,1800,False
Q9TSZ1,400,400,False
A0QNE0,675,675,False
O86309,275,275,False
P9WP25,300,300,False
P9WMF9,217,217,False
P9WNX1,161,161,False
P9WIB9,199,199,False
P9WJN3,303,303,False
P9WPJ9,207,207,False
P9WIL5,309,309,False
P9WI73,750,750,False
Q0PJ46,316,316,False
Q6VVP7,313,313,False
Q9Y006,451,451,False
P50250,479,479,False
P56703,355,355,False
P56726,793,793,False
P57059,783,783,False
P57078,832,832,False
P58154,229,229,False
P58681,1050,1050,False
P9WMN1,284,284,False
P60953,191,191,False
P61088,152,152,False
P61160,394,394,False
P61823,150,150,False
P62157,149,149,False
P0DP23,149,149,False
P63000,192,192,False
Q9UBC3,853,853,False
O95864,444,444,False
Q3T905,429,429,False
P30561,848,848,False
P54300,365,365,False
P42224,750,750,False
A1Z199,97,97,False
P19621,26,26,False
O64411,500,500,False
Q962Y6,598,598,False
Q9UM07,663,663,False
Q8TCT1,267,267,False
Q9Y263,795,795,False
P10619,480,480,False
P43378,593,593,False
Q08257,329,329,False
Q96S37,553,553,False
Q9BZ11,813,813,False
Q9C098,648,648,False
Q9C5U0,1080,1080,False
Q9C5U1,1036,1036,False
Q9EPK8,871,871,False
Q9ERM3,498,498,False
Q9EXV5,291,291,False
Q9F663,293,293,False
Q9FUJ3,501,501,False
Q9GPQ4,327,327,False
B4URF0,453,453,False
O60341,852,852,False
C3SWJ7,264,264,False
Q6B0I6,523,523,False
Q9QYJ6,794,794,False
Q95214,305,305,False
Q9UKK3,1724,1724,False
P10173,512,512,False
P43250,576,576,False
Q8T6T2,400,400,False
Q6KCB6,512,512,False
P63073,217,217,False
Q9Y2K2,1321,1321,False
Q8WU08,396,396,False
Q9BXU1,1019,1019,False
P37840,140,140,False
Q9H6P5,420,420,False
Q9H2K2,1166,1166,False
Q99816,390,390,False
P45974,858,858,False
P09936,223,223,False
O94921,469,469,False
O95271,1327,1327,False
O95819,1239,1239,False
O95835,1130,1130,False
O95870,558,558,False
O96214,320,320,False
P00371,347,347,False
P00395,513,513,False
P00403,227,227,False
Q9H3R0,1056,1056,False
P9WHV7,307,307,False
O95544,446,446,False
P35961,843,843,False
Q63380,617,617,False
Q96BR1,496,496,False
Q7DHH4,668,668,False
P45880,294,294,False
Q56UN5,1328,1328,False
Q01782,288,288,False
P15374,230,230,False
Q7JHP9,620,620,False
O60989,450,450,False
P15149,492,492,False
Q8K4F2,677,677,False
P08683,500,500,False
P40989,1895,1895,False
F5BCZ9,1897,1897,False
O93875,386,386,False
P07639,362,362,False
P30940,366,366,False
P79399,150,150,False
P79400,291,291,False
Q75Z89,470,470,False
P34968,459,459,False
Q9JHJ5,437,437,False
P97288,388,388,False
P52209,483,483,False
P18846,271,271,False
Q01433,825,825,False
P18434,290,290,False
P30520,456,456,False
P08289,524,524,False
Q14697,944,944,False
P0A6B4,359,359,False
P49588,968,968,False
P07327,375,375,False
P51647,501,501,False
P00326,375,375,False
P08319,380,380,False
P40394,386,386,False
O95622,1261,1261,False
P00811,377,377,False
P27144,223,223,False
P02665,231,231,False
Q9SEH8,578,578,False
P28494,1148,1148,False
Q6P762,1009,1009,False
P21139,1040,1040,False
Q9ULA0,485,485,False
Q95334,942,942,False
Q64686,305,305,False
P02763,201,201,False
Q28838,468,468,False
P30545,453,453,False
P18871,465,465,False
P22086,458,458,False
Q9BTY2,467,467,False
P00689,508,508,False
Q8TET4,914,914,False
Q8BVW0,898,898,False
P46197,1047,1047,False
P70180,536,536,False
Q8VCT3,650,650,False
P15684,965,965,False
P97629,1025,1025,False
O43895,674,674,False
Q99MA2,674,674,False
P00176,491,491,False
P01008,464,464,False
Q5EGZ1,805,805,False
Q8ZLS1,328,328,False
P54136,660,660,False
P34927,284,284,False
P17439,515,515,False
Q43014,531,531,False
P52757,468,468,False
P25962,400,400,False
P52500,384,384,False
P04578,856,856,False
P24735,397,397,False
Q2V0Y6,288,288,False
P0A1V9,275,275,False
O00462,879,879,False
P07478,247,247,False
O00089,804,804,False
P06734,321,321,False
P32214,516,516,False
Q13698,1873,1873,False
P03234,605,605,False
P00789,705,705,False
P04574,266,266,False
Q27971,700,700,False
Q9MYX2,263,263,False
P34158,1476,1476,False
P15088,417,417,False
Q9I056,412,412,False
P43155,626,626,False
Q9UKG9,612,612,False
P79483,266,266,False
O00220,468,468,False
P08603,1231,1231,False
P08185,405,405,False
P00546,298,298,False
P19835,753,753,False
P30306,576,576,False
Q90YJ9,640,640,False
O75419,566,566,False
P28329,748,748,False
P28570,635,635,False
P27922,693,693,False
P43153,1104,1104,False
P40313,264,264,False
P04293,1235,1235,False
Q8K409,335,335,False
P13267,1437,1437,False
Q27713,587,587,False
P09417,244,244,False
P11348,241,241,False
P33260,490,490,False
P10633,504,504,False
P10634,500,500,False
P12938,500,500,False
Q64680,500,500,False
P06732,381,381,False
P10111,164,164,False
P24470,494,494,False
P00183,415,415,False
Q9UP65,541,541,False
P56389,146,146,False
Q70AG6,169,169,False
Q8FEJ5,236,236,False
Q5HMD9,451,451,False
P07807,211,211,False
P27708,2225,2000,True
B2RQC6,2225,2000,True
P0AC13,282,282,False
A0A113T0T6,680,680,False
P15709,284,284,False
Q12882,1025,1025,False
P22412,409,409,False
Q9Z2Z8,471,471,False
Q6AY53,369,369,False
P36633,746,746,False
O15228,680,680,False
Q93RY0,298,298,False
P96583,727,727,False
Q8Z9J9,159,159,False
Q59487,168,168,False
P13922,608,608,False
P80041,486,486,False
Q05754,620,620,False
Q9GJU1,443,443,False
P52703,400,400,False
P28088,441,441,False
P51907,523,523,False
P42893,762,762,False
P0AEK4,262,262,False
P0A6D3,427,427,False
P21450,427,427,False
Q62658,108,108,False
Q9NWM8,211,211,False
Q8QGU2,108,108,False
P19217,295,295,False
P49888,294,294,False
Q95MF8,295,295,False
P19235,508,508,False
P41252,1262,1262,False
Q9GJT2,282,282,False
P0AEY8,410,410,False
P70627,752,752,False
Q05932,587,587,False
P48760,587,587,False
Q92820,318,318,False
P48506,637,637,False
P12319,257,257,False
Q9NZ42,101,101,False
Q6P4F1,479,479,False
P62812,455,455,False
Q0GKD7,362,362,False
Q6IE76,417,417,False
Q3THK7,693,693,False
P27824,592,592,False
Q61603,456,456,False
Q9ET01,850,850,False
Q16775,308,308,False
O35952,309,309,False
P35575,357,357,False
Q9Y3Q0,740,740,False
P53609,377,377,False
P00366,558,558,False
Q62795,465,465,False
P68890,100,100,False
P15104,373,373,False
P47897,775,775,False
Q9Y2Q3,226,226,False
Q60631,217,217,False
Q95254,366,366,False
P41921,483,483,False
P04351,169,169,False
Q9Y2T3,454,454,False
P32189,559,559,False
P17425,520,520,False
Q01237,887,887,False
P26664,3011,2000,True
Q77YF8,116,116,False
O34483,310,310,False
P05108,521,521,False
P89449,637,637,False
Q14534,574,574,False
P27881,917,917,False
Q01984,295,295,False
P12081,509,509,False
P96618,121,121,False
P03354,1603,1603,False
O35880,50,50,False
P09790,1532,1532,False
P0ADG7,488,488,False
Q8WN95,2664,2000,True
Q14573,2671,2000,True
Q62688,1096,1096,False
P20456,277,277,False
P17105,459,459,False
P23818,907,907,False
Q80ZG2,678,678,False
P08833,259,259,False
P18065,325,325,False
P17936,291,291,False
P22692,258,258,False
P24593,272,272,False
P24592,240,240,False
P0CO23,202,202,False
P70712,464,464,False
Q9P0Z9,390,390,False
P48547,511,511,False
O95237,230,230,False
P16235,700,700,False
P01213,254,254,False
P01130,860,860,False
Q5TCQ9,1481,1481,False
O88855,351,351,False
P70470,230,230,False
P00697,148,148,False
Q13477,382,382,False
O35379,1528,1528,False
Q6MGC4,127,127,False
P35345,325,325,False
P47743,908,908,False
P48032,211,211,False
P49287,364,364,False
P13444,397,397,False
P18298,395,395,False
P0AE18,264,264,False
Q01662,387,387,False
P00959,677,677,False
O88766,466,466,False
P50282,708,708,False
P53602,400,400,False
Q64326,296,296,False
P55156,887,887,False
P27158,121,121,False
Q01579,240,240,False
P32211,479,479,False
Q6P6R0,348,348,False
Q9EQD2,417,417,False
Q14643,2758,2000,True
P30418,451,451,False
O19067,243,243,False
Q6QHF9,511,511,False
P08164,272,272,False
P03905,459,459,False
Q8HXG6,141,141,False
Q07001,517,517,False
P02718,522,522,False
P51144,384,384,False
P30549,384,384,False
Q9JLB5,447,447,False
P43144,479,479,False
Q9R1M7,1135,1135,False
P12392,495,495,False
Q9ERC0,381,381,False
P18113,461,461,False
O18956,513,513,False
Q63447,375,375,False
P30277,423,423,False
P54707,1039,1039,False
Q28969,1205,1205,False
P03474,466,466,False
Q9BDP5,275,275,False
O60906,423,423,False
P68825,183,183,False
P79291,228,228,False
P51578,455,455,False
O15547,441,441,False
P01374,205,205,False
O35811,361,361,False
P70618,360,360,False
P00480,354,354,False
Q9I8A2,496,496,False
Q6Y1R5,337,337,False
P02919,844,844,False
P00798,323,323,False
P04073,392,392,False
P00803,324,324,False
O60256,369,369,False
P29074,926,926,False
O15770,546,546,False
P04176,453,453,False
Q8P1K1,347,347,False
O95363,451,451,False
P06868,812,812,False
Q62035,341,341,False
P46002,341,341,False
P00560,416,416,False
P20961,402,402,False
P16885,1265,1265,False
P0C869,781,781,False
P47713,748,748,False
Q8NCC3,412,412,False
Q9NQ66,1216,1216,False
P60891,318,318,False
P54001,534,534,False
P28857,1012,1012,False
O09114,189,189,False
P10210,635,635,False
Q9WVM4,284,284,False
P04156,253,253,False
O02776,977,977,False
Q8C0L6,504,504,False
P19623,302,302,False
P24433,528,528,False
P22061,227,227,False
Q15172,486,486,False
Q76MZ3,589,589,False
P00517,351,351,False
O75688,479,479,False
Q8AWE3,426,426,False
P67774,309,309,False
Q15257,358,358,False
P63151,447,447,False
P85973,289,289,False
P23492,289,289,False
Q9R1K8,795,795,False
P0A8V2,1342,1342,False
P03300,2209,2000,True
P49430,533,533,False
P16444,411,411,False
P01911,266,266,False
P00774,271,271,False
P08543,1137,1137,False
P07742,792,792,False
P21817,5038,2000,True
D3ZWV0,485,485,False
P18762,418,418,False
P50247,432,432,False
P17708,333,333,False
Q5BJR8,463,463,False
P07267,405,405,False
Q00796,357,357,False
P98077,582,582,False
P30204,458,458,False
P56221,172,172,False
Q00690,612,612,False
P98105,549,549,False
P18337,372,372,False
Q01102,768,768,False
P30938,363,363,False
P35365,370,370,False
P33247,631,631,False
P06700,562,562,False
Q9LM02,336,336,False
P30548,407,407,False
Q8X6S1,240,240,False
P09250,341,341,False
O43280,583,583,False
Q99N42,471,471,False
Q92547,1522,1522,False
P15348,1447,1447,False
P0A884,264,264,False
P45352,307,307,False
P04958,1315,1315,False
O60779,497,497,False
P17289,491,491,False
Q14761,206,206,False
Q15904,470,470,False
P15313,513,513,False
O60704,377,377,False
P0A725,305,305,False
Q8DNV6,457,457,False
P52623,277,277,False
P98174,961,961,False
P52624,311,311,False
P05194,252,252,False
Q98254,323,323,False
P15474,157,157,False
Q7TSF2,588,588,False
P26640,1264,1264,False
Q91WG0,561,561,False
P00767,245,245,False
P02710,461,461,False
O35164,246,246,False
P05556,798,798,False
Q712U5,112,112,False
P26010,798,798,False
P25044,335,335,False
P15514,252,252,False
P04114,4563,2000,True
P22273,462,462,False
Q9R0Q2,351,351,False
P23336,394,394,False
P51050,289,289,False
P34948,441,441,False
P39656,456,456,False
P07814,1512,1512,False
P52788,366,366,False
P28720,386,386,False
Q9H4B7,451,451,False
P77173,328,328,False
Q07010,210,210,False
Q55663,394,394,False
P10443,1160,1160,False
P0A6L2,292,292,False
O34623,1115,1115,False
P45568,398,398,False
P32352,222,222,False
P02829,709,709,False
P08373,342,342,False
P28715,1186,1186,False
O74189,877,877,False
D2K2A8,54,54,False
Q8NY00,657,657,False
P20852,494,494,False
Q9Y2E5,1009,1009,False
P00582,928,928,False
P20813,491,491,False
P05181,493,493,False
P50454,418,418,False
Q9UGM1,479,479,False
O43184,909,909,False
Q820T1,321,321,False
P68795,313,313,False
P43711,316,316,False
P0DB00,324,324,False
P15108,705,705,False
P00956,938,938,False
Q25270,43,43,False
P43819,329,329,False
Q97S36,348,348,False
P04608,86,86,False
P0A9C5,469,469,False
Q8IM16,449,449,False
P32584,239,239,False
Q8II92,173,173,False
O00483,81,81,False
P69332,354,354,False
P08546,1242,1242,False
P09252,1194,1194,False
P68371,445,445,False
P04825,870,870,False
O93400,375,375,False
P0AB71,359,359,False
P14900,438,438,False
Q97RU8,450,450,False
P29990,3391,2000,True
P0A953,406,406,False
P0CP75,637,637,False
Q96662,3907,2000,True
Q48255,167,167,False
P15038,684,684,False
O24855,221,221,False
Q9HUN3,464,464,False
P97584,329,329,False
P27034,818,818,False
Q59750,755,755,False
Q9RK76,539,539,False
P61076,617,617,False
P06835,825,825,False
P48825,860,860,False
O34667,157,157,False
P45578,171,171,False
Q9Z5X1,172,172,False
P30656,287,287,False
P22141,198,198,False
P23724,241,241,False
P10378,536,536,False
Q4DI50,340,340,False
P05182,493,493,False
P56218,295,295,False
P37088,669,669,False
P03962,267,267,False
P0A9J4,303,303,False
Q70E71,183,183,False
P46549,982,982,False
P0CS13,317,317,False
P22939,299,299,False
Q08210,569,569,False
Q9HVW7,421,421,False
P50107,326,326,False
P06721,395,395,False
P03007,243,243,False
P53341,584,584,False
Q0P8E1,1186,1186,False
P34981,398,398,False
P56073,162,162,False
P70032,598,598,False
P40495,371,371,False
O67648,282,282,False
A4XI97,676,676,False
P26637,1090,1090,False
Q9GSW0,496,496,False
P0CT06,547,547,False
P47204,394,394,False
P08019,549,549,False
Q54801,168,168,False
P9WNL9,1094,1094,False
P40347,161,161,False
P38604,731,731,False
Q45614,611,611,False
P26993,278,278,False
Q04782,728,728,False
P07101,528,528,False
Q86XE5,327,327,False
P12614,459,459,False
A0A0H2UPP7,230,230,False
Q97SR4,252,252,False
P84077,181,181,False
Q8RN04,398,398,False
P11412,505,505,False
P32215,523,523,False
P02751,2477,2000,True
P09610,887,887,False
P07998,156,156,False
P35573,1532,1532,False
Q15078,307,307,False
P40231,332,332,False
Q12051,335,335,False
P56068,255,255,False
P63640,264,264,False
B1LRJ1,1756,1756,False
O59010,425,425,False
Q02643,423,423,False
P29144,1249,1249,False
C6ARS9,318,318,False
P54616,258,258,False
Q9HB55,503,503,False
P04292,1235,1235,False
Q836J0,273,273,False
O14519,115,115,False
P20645,277,277,False
P03950,147,147,False
Q8NFJ6,384,384,False
Q7Z1V1,481,481,False
Q15750,504,504,False
Q9NWT8,199,199,False
P14743,455,455,False
Q63415,937,937,False
Q6UW60,755,755,False
Q7YR26,767,767,False
P43870,300,300,False
O75956,126,126,False
P16471,622,622,False
P53615,221,221,False
P28272,314,314,False
Q8NG68,377,377,False
Q4CXF7,404,404,False
Q8I1R6,608,608,False
Q12778,655,655,False
O60883,481,481,False
P53686,357,357,False
P13738,388,388,False
P32523,503,503,False
P24864,410,410,False
P20248,432,432,False
P30281,292,292,False
P03373,555,555,False
P03374,688,688,False
P03377,861,861,False
P03379,982,982,False
Q04796,290,290,False
P08004,1131,1131,False
P04800,504,504,False
P29353,583,583,False
P51691,536,536,False
Q581W1,369,369,False
P53051,589,589,False
O25801,346,346,False
P21757,451,451,False
P0DPD6,811,811,False
Q9BXR0,403,403,False
Q2TJZ7,153,153,False
P0A1P6,469,469,False
P02724,150,150,False
Q5AJ71,281,281,False
P26006,1051,1051,False
Q389T8,492,492,False
P17157,305,305,False
P06242,306,306,False
P39073,555,555,False
P43568,368,368,False
O15066,747,747,False
Q8N118,509,509,False
Q6FTL6,219,219,False
P68370,451,451,False
P32397,470,470,False
P29703,316,316,False
P14677,750,750,False
P08237,780,780,False
P45040,316,316,False
P0C0E6,341,341,False
O94907,266,266,False
P0A4L9,648,648,False
P00946,391,391,False
P29952,429,429,False
P9WH10,202,202,False
Q99062,836,836,False
P12823,3388,2000,True
P44514,377,377,False
P00830,511,511,False
P14756,498,498,False
O75884,186,186,False
P07342,687,687,False
Q9BT73,122,122,False
Q12794,435,435,False
Q03521,324,324,False
P00898,520,520,False
P0C6E9,781,781,False
Q9PPP5,223,223,False
P19324,417,417,False
Q10283,1053,1053,False
Q653V7,885,885,False
P05113,134,134,False
Q9I7A8,168,168,False
Q2HRB6,534,534,False
P99999,105,105,False
Q8AAK6,864,864,False
Q8X225,331,331,False
P19145,602,602,False
O14641,736,736,False
P55058,493,493,False
O97148,514,514,False
Q9HWG3,547,547,False
P17442,1178,1178,False
Q6ZN16,1313,1313,False
Q96Q40,435,435,False
Q9KPI8,231,231,False
O00115,360,360,False
Q13523,1007,1007,False
Q8TDR2,534,534,False
P17865,382,382,False
P46943,645,645,False
P47872,440,440,False
Q6ZVD8,1323,1323,False
P0AES4,875,875,False
P56109,307,307,False
Q9URB4,359,359,False
P29029,562,562,False
Q43570,234,234,False
Q6Y3N0,105,105,False
O13332,471,471,False
P36107,401,401,False
P43828,682,682,False
O54754,1333,1333,False
Q9Z0U5,1333,1333,False
P80456,1334,1334,False
Q5FB27,1338,1338,False
P41233,2261,2000,True
O50979,449,449,False
Q9HUY3,279,279,False
P17787,502,502,False
Q4WNT5,515,515,False
Q15878,2313,2000,True
P33302,1511,1511,False
E9BRC0,635,635,False
E9B7X3,262,262,False
P19022,906,906,False
P00178,491,491,False
P11707,501,501,False
Q8WWX8,675,675,False
Q86YI8,300,300,False
Q5NGP7,327,327,False
Q38DI7,479,479,False
P02770,608,608,False
P04303,218,218,False
P01160,151,151,False
O77344,440,440,False
Q15788,1441,1441,False
Q834R3,315,315,False
Q16348,729,729,False
Q54873,1066,1066,False
Q9N623,424,424,False
P24460,494,494,False
P04799,513,513,False
P61075,288,288,False
Q9BX84,2022,2000,True
Q06210,699,699,False
P00722,1024,1024,False
Q28905,362,362,False
P51178,756,756,False
Q2U7N3,909,909,False
Q9KM66,686,686,False
P26281,159,159,False
Q9X1N5,291,291,False
Q2G036,195,195,False
Q99542,508,508,False
Q97R46,459,459,False
A0QVH7,398,398,False
P08538,468,468,False
Q16198,76,76,False
P50549,477,477,False
Q9NSD7,469,469,False
Q9F2F0,203,203,False
P49798,205,205,False
O80452,839,839,False
P0DOF9,469,469,False
P22314,1058,1058,False
K7XJL6,695,695,False
O88446,551,551,False
O70577,553,553,False
O15439,1325,1325,False
Q9Y694,548,548,False
Q9R1U7,536,536,False
Q9R141,553,553,False
Q5RLM2,535,535,False
Q9R0W2,555,555,False
Q96QA9,1514,1514,False
Q63089,556,556,False
Q00910,644,644,False
P51574,710,710,False
O88563,1522,1522,False
O76082,557,557,False
O35913,661,661,False
Q9JHI3,682,682,False
Q9EPT5,643,643,False
Q92959,643,643,False
Q6ZQN7,724,724,False
P70502,670,670,False
P46721,670,670,False
P46720,670,670,False
Q91Y77,514,514,False
Q63344,489,489,False
Q86VW1,577,577,False
Q9ERB5,715,715,False
Q9QZX8,687,687,False
Q9UM81,1502,1502,False
Q13115,394,394,False
Q95Z89,262,262,False
P07203,203,203,False
Q9ULK4,1368,1368,False
P01138,241,241,False
A5K1A2,410,410,False
Q8ILW6,410,410,False
Q8IBS5,528,528,False
P62805,103,103,False
F1N083,372,372,False
P0DM80,487,487,False
P07724,608,608,False
A0A6L8Q2B7,453,453,False
Q8I4S1,210,210,False
Q8I5C5,116,116,False
Q53H47,684,684,False
Q9UMN6,2715,2000,True
Q8NEZ4,4911,2000,True
O14686,5537,2000,True
P03470,453,453,False
P9WQD9,416,416,False
O43772,301,301,False
Q28705,130,130,False
B4EB35,316,316,False
P50897,306,306,False
B7UPE2,1342,1342,False
P19550,847,847,False
P45877,212,212,False
Q63645,397,397,False
Q63T71,162,162,False
O59791,323,323,False
P9WI55,162,162,False
P42512,720,720,False
P96884,266,266,False
Q8I6Z5,590,590,False
P9WID4,324,324,False
A3QR02,503,503,False
P00432,527,527,False
J3SE37,563,563,False
P06987,355,355,False
O67625,289,289,False
B5U2Z5,194,194,False
Q9N0W7,441,441,False
Q9NFN6,652,652,False
A0A1I7V8J2,295,295,False
P06786,1428,1428,False
L8I2E6,730,730,False
P55826,537,537,False
H9CNL0,5118,2000,True
P26294,474,474,False
O18323,871,871,False
P24226,469,469,False
P06988,434,434,False
Q65XK0,578,578,False
P05793,491,491,False
G2YM83,227,227,False
M5BZV0,915,915,False
P48016,1211,1211,False
B3TNN2,615,615,False
Q9AR38,536,536,False
Q9SPL6,555,555,False
P93846,492,492,False
Q8S3J0,583,583,False
C5IW59,356,356,False
I3VR33,5142,2000,True
P62615,283,283,False
P29465,1165,1165,False
Q1CTD3,347,347,False
P07862,306,306,False
P18063,394,394,False
P05100,187,187,False
P77488,620,620,False
P62617,159,159,False
P25791,158,158,False
P09768,234,234,False
Q8IL32,927,927,False
P24171,681,681,False
P29704,444,444,False
Q5GSR3,331,331,False
P0ACB2,324,324,False
C3LPU7,347,347,False
F4MUJ9,340,340,False
Q8I5R7,746,746,False
Q8IDJ8,583,583,False
B7UJP3,620,620,False
Q4QKG6,625,625,False
Q9RUB5,629,629,False
P0A6G7,207,207,False
P03469,470,470,False
Q05097,122,122,False
P06709,321,321,False
P11880,452,452,False
P22188,495,495,False
P17952,491,491,False
Q99619,263,263,False
Q8DW17,369,369,False
P20083,630,630,False
P0AEG4,208,208,False
P03355,1738,1738,False
P0ACC7,456,456,False
Q07794,436,436,False
Q03330,439,439,False
O88909,537,537,False
Q9HAW9,530,530,False
Q9R1A7,431,431,False
P22310,534,534,False
P35503,534,534,False
P24462,503,503,False
P14859,743,743,False
P09086,479,479,False
Q9JIP7,709,709,False
P03101,505,505,False
P0A988,366,366,False
P56634,471,471,False
P06685,1023,1023,False
P17443,355,355,False
Q9ER60,1841,1841,False
P15682,498,498,False
P38169,460,460,False
O06446,843,843,False
Q2FUW6,796,796,False
P00691,659,659,False
Q08649,445,445,False
Q9C0Y4,969,969,False
Q03135,178,178,False
P23874,440,440,False
P31946,246,246,False
P27348,245,245,False
P36836,707,707,False
P80193,383,383,False
P26818,688,688,False
Q9XSD0,140,140,False
A0A0D9R315,1823,1823,False
G3HDX1,291,291,False
P07813,860,860,False
Q2FXH2,805,805,False
Q386D9,1074,1074,False
Q89535,574,574,False
P0C691,786,786,False
P0A0H2,243,243,False
Q8IKU0,910,910,False
Q245K9,418,418,False
G5EB00,580,580,False
P04585,1435,1435,False
K7N5L9,308,308,False
Q8JUX6,2474,2000,True
Q6YGZ1,535,535,False
P22262,237,237,False
Q9UVX3,492,492,False
A0A0H2UQD0,449,449,False
P07363,654,654,False
P08400,431,431,False
Q5HK19,610,610,False
P24173,319,319,False
A6H249,633,633,False
P31323,418,418,False
Q16819,746,746,False
P9WKI7,529,529,False
P32485,435,435,False
E9QYP0,501,501,False
Q6FRS9,1095,1095,False
P60932,273,273,False
P60472,253,253,False
P0AGJ9,424,424,False
P21889,590,590,False
P0A8L1,430,430,False
K9N7C7,7078,2000,True
Q98VG9,6709,2000,True
Q7T664,287,287,False
Q8IKG4,488,488,False
Q5VWK5,629,629,False
P54493,507,507,False
P46636,386,386,False
Q8E1K8,319,319,False
P38624,215,215,False
P25043,261,261,False
O43148,476,476,False
Q6XV28,470,470,False
Q07599,470,470,False
O66465,359,359,False
P9WMW7,359,359,False
P03522,511,511,False
P9WKK6,428,428,False
Q72502,854,854,False
Q9I4X3,517,517,False
A2RI47,182,182,False
P75906,672,672,False
Q8DP63,463,463,False
Q54727,697,697,False
Q61041,375,375,False
P9WHQ9,202,202,False
P0ABZ6,428,428,False
Q5KP44,544,544,False
Q2G2U1,351,351,False
Q9RDT3,415,415,False
Q0P9D1,195,195,False
P16435,677,677,False
P63142,499,499,False
Q15031,903,903,False
P59071,121,121,False
P00917,261,261,False
Q2FDU6,502,502,False
Q7MW40,301,301,False
A0A173Z7B1,663,663,False
G1FEK8,181,181,False
I1U3K2,1801,1801,False
P84058,421,421,False
F8V479,463,463,False
Q4DCQ3,233,233,False
Q81EJ6,273,273,False
Q81EK9,275,275,False
Q8TDB8,520,520,False
P9WI83,431,431,False
Q9NZM1,2061,2000,True
P04618,116,116,False
O53581,336,336,False
P30730,700,700,False
F5A8F7,104,104,False
Q3LS20,538,538,False
P48052,419,419,False
Q9UI42,421,421,False
P21961,412,412,False
O43511,780,780,False
Q9R155,780,780,False
Q83371,560,560,False
P95689,428,428,False
P49591,514,514,False
Q12834,499,499,False
A0A0S4TER9,521,521,False
Q86WV7,227,227,False
P0C0F4,402,402,False
D3ZYL0,658,658,False
Q02248,781,781,False
Q5MAI5,379,379,False
Q96QT4,1865,1865,False
Q9UQ07,419,419,False
Q9JL18,514,514,False
F1RRW5,1309,1309,False
O75381,377,377,False
Q6PH85,259,259,False
Q8IWE4,304,304,False
Q92564,292,292,False
Q9BTE7,237,237,False
Q60795,597,597,False
Q9HXM5,489,489,False
Q14849,445,445,False
Q3UR32,397,397,False
O70507,1186,1186,False
Q8IHZ9,324,324,False
P06702,114,114,False
Q9HXQ1,252,252,False
P9WFY7,230,230,False
Q2FZ43,245,245,False
Q9BPZ2,258,258,False
Q5JUX0,258,258,False
Q56A73,249,249,False
Q6NYC1,403,403,False
O70199,493,493,False
Q64550,535,535,False
P38489,217,217,False
Q8VHW5,421,421,False
O35049,655,655,False
Q08477,520,520,False
O43791,374,374,False
Q02928,519,519,False
Q9HCS2,524,524,False
P98187,520,520,False
B7VU80,1005,1005,False
Q14653,427,427,False
O14929,419,419,False
Q86UY6,237,237,False
Q8BZ21,2003,2000,True
P0AFI2,752,752,False
Q8CIP4,752,752,False
Q81WF0,428,428,False
Q13011,328,328,False
Q92844,425,425,False
A7MCY6,615,615,False
Q9H6S1,392,392,False
P30084,290,290,False
Q9UPS6,1966,1966,False
P46937,504,504,False
Q9P296,337,337,False
O43464,458,458,False
Q9Y365,291,291,False
Q9NQZ5,370,370,False
P0A6F5,548,548,False
P48549,501,501,False
P48544,419,419,False
Q9NS61,270,270,False
Q9ERD9,407,407,False
Q8VD38,974,974,False
Q9H9Z2,209,209,False
Q9EP73,290,290,False
Q9WUL5,247,247,False
O75351,444,444,False
Q8ZMF7,159,159,False
Q47758,348,348,False
Q16621,373,373,False
O35543,199,199,False
Q5SK48,372,372,False
Q9NR19,701,701,False
P97468,371,371,False
O75084,574,574,False
Q8IZL9,346,346,False
Q9UP38,647,647,False
Q55664,359,359,False
P12504,192,192,False
Q9Z0W1,427,427,False
Q8ZKQ6,530,530,False
Q04207,549,549,False
Q8NFU7,2136,2000,True
O43314,1243,1243,False
Q15544,211,211,False
Q14765,748,748,False
Q8Y8D7,264,264,False
P42232,786,786,False
Q86W47,210,210,False
P54840,703,703,False
O09061,240,240,False
O35955,273,273,False
Q9R1P3,201,201,False
P23560,247,247,False
P21246,168,168,False
P56730,875,875,False
Q92743,480,480,False
Q96CX2,325,325,False
P28301,411,411,False
Q08397,574,574,False
Q92519,343,343,False
Q6SA08,328,328,False
Q4A0P1,208,208,False
P21845,276,276,False
P05804,603,603,False
P32019,993,993,False
P05523,269,269,False
Q53I60,924,924,False
Q6L8Q7,609,609,False
O88838,264,264,False
Q68ED2,915,915,False
Q9Y223,722,722,False
P0A6I6,159,159,False
Q8K4B4,644,644,False
Q99P67,213,213,False
P04180,440,440,False
Q9HAU4,748,748,False
Q70CQ3,517,517,False
P46091,355,355,False
O00429,736,736,False
Q99836,296,296,False
P49916,1009,1009,False
P49917,911,911,False
V5VCK8,250,250,False
A0A080SPQ8,252,252,False
Q9HXY2,251,251,False
P03072,688,688,False
P9WNZ1,418,418,False
P10408,901,901,False
P9WFW3,594,594,False
E9BSI1,1154,1154,False
Q4DA54,478,478,False
P9WFT3,336,336,False
Q4DSP6,690,690,False
P32657,1468,1468,False
Q9C0H9,1183,1183,False
Q61176,323,323,False
A6NNY8,438,438,False
Q9Y4E8,981,981,False
P35125,1406,1406,False
P51784,963,963,False
Q9Y5T5,823,823,False
O94966,1318,1318,False
Q9P2H5,1018,1018,False
Q9P275,1123,1123,False
Q70EL2,814,814,False
Q9NQC7,956,956,False
Q5VVQ6,348,348,False
Q96DC9,234,234,False
Q5VV17,481,481,False
Q5T2D3,398,398,False
Q7L8S5,288,288,False
Q8N6M0,293,293,False
Q6GQQ9,843,843,False
Q96JH7,1222,1222,False
Q96FJ0,436,436,False
P54252,361,361,False
Q9H3M9,355,355,False
Q15040,202,202,False
Q8TAC2,188,188,False
Q51504,579,579,False
O70305,1285,1285,False
P05307,510,510,False
Q9EQ16,351,351,False
Q9BQ51,273,273,False
P9WPC9,848,848,False
P05033,739,739,False
Q693B1,232,232,False
Q10567,949,949,False
Q64373,233,233,False
P07996,1170,1170,False
P31327,1500,1500,False
Q9EQU3,1032,1032,False
Q15399,786,786,False
P10768,282,282,False
Q8R4K2,459,459,False
Q03393,145,145,False
Q9NWW9,162,162,False
P53816,162,162,False
Q9UL19,164,164,False
Q96KN8,279,279,False
Q9GZU1,580,580,False
Q9Y4W6,797,797,False
Q9HBL8,299,299,False
P49356,437,437,False
P49354,379,379,False
A0A1U8CD06,334,334,False
T1QYY3,288,288,False
P44969,1694,1694,False
Q9EP86,432,432,False
O00560,298,298,False
Q6ZPR4,1224,1224,False
Q9Z258,1237,1237,False
Q16558,191,191,False
Q8NI77,898,898,False
P9WQ59,580,580,False
P9WQ51,548,548,False
O53580,637,637,False
Q8CFW1,1002,1002,False
Q6R6I6,758,758,False
Q9GZV9,251,251,False
Q30W70,846,846,False
Q16880,541,541,False
P54855,530,530,False
Q64676,541,541,False
P01391,71,71,False
B2RY04,1868,1868,False
Q9H7D0,1870,1870,False
P43118,366,366,False
Q96I25,401,401,False
P30835,780,780,False
P54754,993,993,False
P54757,1005,1005,False
Q62413,1035,1035,False
Q61772,998,998,False
O09127,1004,1004,False
P09759,984,984,False
P54761,987,987,False
O08644,1014,1014,False
Q96GW9,593,593,False
Q92915,247,247,False
P18708,744,744,False
P0C0W8,345,345,False
O95497,513,513,False
P52630,851,851,False
P13667,645,645,False
Q8NBS9,432,432,False
P29965,261,261,False
P48023,281,281,False
Q06643,244,244,False
Q08462,1091,1091,False
Q9TV63,1939,1939,False
O14791,398,398,False
Q5VVY1,283,283,False
D4A7K7,357,357,False
P41216,699,699,False
P54818,684,684,False
Q9HD26,462,462,False
Q15599,337,337,False
P11613,362,362,False
O89039,362,362,False
P49842,254,254,False
Q14332,565,565,False
Q08463,641,641,False
Q08464,570,570,False
Q0P543,460,460,False
O95619,227,227,False
Q9ULM3,1422,1422,False
P08174,381,381,False
Q8IXL6,584,584,False
Q9D099,267,267,False
Q8IZK6,566,566,False
Q7Z4H4,148,148,False
P10092,127,127,False
Q13191,982,982,False
O43151,1795,1795,False
P05198,315,315,False
Q5S255,660,660,False
Q9JJH7,1158,1158,False
Q00993,888,888,False
Q60805,994,994,False
O14874,412,412,False
Q99828,191,191,False
I3LVF1,370,370,False
P09391,276,276,False
Q9H300,379,379,False
Q8IV08,490,490,False
Q96BZ4,506,506,False
P63098,170,170,False
Q7L5A8,372,372,False
Q9EQV9,422,422,False
Q14749,295,295,False
P04021,372,372,False
P25786,263,263,False
P28070,264,264,False
P50148,359,359,False
P0A722,262,262,False
Q5GIG6,834,834,False
P18505,474,474,False
O95140,757,757,False
P21439,1286,1286,False
Q924H0,417,417,False
P81277,87,87,False
P01137,390,390,False
P02778,98,98,False
Q9Z0K8,512,512,False
P43251,543,543,False
Q4KLZ0,512,512,False
Q13422,519,519,False
P15170,499,499,False
P49685,360,360,False
Q9NRF9,147,147,False
P62330,175,175,False
P40879,764,764,False
Q99714,261,261,False
Q6P549,1257,1257,False
Q14457,450,450,False
P30993,351,351,False
P35235,593,593,False
Q9WVS8,806,806,False
Q8I0P1,758,758,False
Q9UBP0,616,616,False
P32004,1257,1257,False
Q9R0N0,392,392,False
Q13501,440,440,False
Q8IYW5,571,571,False
P00186,513,513,False
Q8BLD9,478,478,False
P06672,568,568,False
B9J3S4,965,965,False
Q81BJ6,960,960,False
P85968,483,483,False
P05370,515,515,False
P35475,653,653,False
O08892,389,389,False
P0DPA2,414,414,False
O75417,2590,2000,True
Q8IAS0,573,573,False
Q8ILG2,627,627,False
Q96FW1,271,271,False
Q9BZM1,189,189,False
Q6NS38,261,261,False
Q13686,389,389,False
E9Q6R7,3430,2000,True
P98161,4303,2000,True
P05183,504,504,False
P05178,490,490,False
Q7L0J3,742,742,False
Q9JIS5,742,742,False
Q9UBU3,117,117,False
Q9BDJ6,116,116,False
P48051,423,423,False
Q9H252,994,994,False
P42676,704,704,False
P10749,269,269,False
Q9JJ09,695,695,False
O75832,226,226,False
Q9H2H0,198,198,False
Q6PCT2,694,694,False
Q7LFL8,322,322,False
O42781,351,351,False
Q9GZR5,314,314,False
P69913,61,61,False
Q9I5U5,268,268,False
P07738,259,259,False
A0R607,460,460,False
Q3UP24,1024,1024,False
Q91VJ1,354,354,False
P15945,261,261,False
Q7N561,122,122,False
P24752,427,427,False
P80386,270,270,False
Q582G3,527,527,False
P51116,673,673,False
Q64244,303,303,False
Q91WP6,418,418,False
Q07011,255,255,False
Q96NY8,510,510,False
Q9Y5A9,579,579,False
Q9BYJ9,559,559,False
Q7Z739,585,585,False
P20171,189,189,False
P48076,150,150,False
Q62172,648,648,False
P95160,463,463,False
P95200,470,470,False
P41740,535,535,False
P43358,317,317,False
Q91VM4,549,549,False
O75306,463,463,False
Q9NQV7,894,894,False
Q9HBY0,568,568,False
P41498,158,158,False
Q9Y508,228,228,False
Q15406,480,480,False
P00505,430,430,False
Q9NPP4,1024,1024,False
Q9Z286,1608,1608,False
P03367,1447,1447,False
Q9QBY3,1430,1430,False
P12497,1435,1435,False
P04584,1464,1464,False
P03369,1437,1437,False
P03366,1447,1447,False
P18688,1237,1237,False
P35233,416,416,False
P00525,526,526,False
P03472,470,470,False
Q6XUE4,469,469,False
P16207,465,465,False
P06820,469,469,False
P16199,465,465,False
Q9DGD3,303,303,False
O08775,1343,1343,False
G1T8E2,432,432,False
P24385,295,295,False
P25322,295,295,False
Q9D379,455,455,False
P51946,323,323,False
Q495T6,779,779,False
P44432,262,262,False
Q8QZV1,534,534,False
P97633,325,325,False
Q04631,377,377,False
P29702,375,375,False
Q5EAD5,377,377,False
P24740,1428,1428,False
P05959,1436,1436,False
Q28021,1388,1388,False
P05132,351,351,False
P54827,87,87,False
P23589,299,299,False
P0DJD7,388,388,False
P0A079,252,252,False
P04805,471,471,False
P00962,554,554,False
Q3MHH4,775,775,False
Q9CXJ1,523,523,False
Q2FXJ5,420,420,False
Q04451,732,732,False
O02604,623,623,False
P04625,408,408,False
P0A6K3,169,169,False
Q8DP79,203,203,False
P44786,169,169,False
Q58D13,604,604,False
Q45066,806,806,False
P05653,821,821,False
P70473,382,382,False
P04407,376,376,False
Q9RI12,732,732,False
P0AF12,232,232,False
P08179,212,212,False
Q27743,316,316,False
Q5E9B1,334,334,False
Q45894,1296,1296,False
P18203,108,108,False
Q2FZS0,313,313,False
P38158,584,584,False
P41020,570,570,False
P17086,567,567,False
P9WIK2,254,254,False
P9WPP8,451,451,False
P29846,3010,2000,True
Q01196,453,453,False
V9GZ37,476,476,False
O25928,159,159,False
P24182,449,449,False
P69035,14,14,False
P33478,3391,2000,True
P14340,3391,2000,True
P27915,3390,2000,True
Q58HT7,3387,2000,True
P0DPQ5,210,210,False
P19139,391,391,False
P26661,3033,2000,True
O39929,3008,2000,True
O39927,3018,2000,True
P04526,319,319,False
P06710,643,643,False
P70677,277,277,False
P62343,524,524,False
P21552,360,360,False
P28585,291,291,False
B5Y1L0,232,232,False
Q5HFG2,228,228,False
P03406,206,206,False
Q00985,314,314,False
P05888,507,507,False
P04276,476,476,False
Q13522,171,171,False
P61105,212,212,False
P41543,476,476,False
P05866,90,90,False
Q15596,1464,1464,False
Q9Y6Q9,1424,1424,False
P49802,495,495,False
Q5RES1,582,582,False
Q04637,1599,1599,False
Q1HVG2,223,223,False
P22696,170,170,False
Q9R0P9,223,223,False
Q9JKB1,230,230,False
P18067,207,207,False
O35430,839,839,False
P10520,440,440,False
P00651,130,130,False
P06149,571,571,False
P04036,273,273,False
O94811,219,219,False
P51948,309,309,False
P03206,245,245,False
P03211,641,641,False
H0YDU8,485,485,False
P07740,355,355,False
P0CX82,189,189,False
P41948,499,499,False
P08679,460,460,False
P14904,514,514,False
Q9Y618,2514,2000,True
O43521,198,198,False
P35639,168,168,False
P9WNG2,335,335,False
P9WHJ3,790,790,False
P63251,501,501,False
Q9QR71,1129,1129,False
P15693,540,540,False
P04993,608,608,False
Q00G26,463,463,False
Q99728,777,777,False
P42639,284,284,False
P00514,380,380,False
O66809,367,367,False
Q504U8,1091,1091,False
P0A752,213,213,False
P00532,323,323,False
P0A6M2,176,176,False
P49058,404,404,False
P0C0H6,493,493,False
P18509,176,176,False
Q8F7V4,463,463,False
Q9H2J4,239,239,False
P13589,175,175,False
P21932,1144,1144,False
P01161,152,152,False
P01015,477,477,False
Q8VDA6,146,146,False
P35524,994,994,False
P07522,1133,1133,False
P50442,423,423,False
Q9WVR3,1257,1257,False
P97636,194,194,False
P25427,241,241,False
Q9QWS8,1102,1102,False
P60042,116,116,False
P06767,130,130,False
P01283,170,170,False
P30937,384,384,False
P35405,469,469,False
Q06432,222,222,False
P01150,255,255,False
P32120,420,420,False
P56494,389,389,False
P58825,166,166,False
P05504,226,226,False
Q8C6A8,355,355,False
P41539,130,130,False
P67932,11,11,False
P01356,114,114,False
O77621,295,295,False
P97714,562,562,False
Q60474,464,464,False
O77830,394,394,False
O77715,382,382,False
Q95223,410,410,False
Q831P9,163,163,False
P43252,415,415,False
Q9R261,357,357,False
P01355,115,115,False
O60503,1353,1353,False
P35523,988,988,False
Q13572,414,414,False
P01500,46,46,False
P13678,739,739,False
P03528,455,455,False
P01282,170,170,False
P11314,418,418,False
P07692,590,590,False
P23677,461,461,False
P17200,490,490,False
P32560,13,13,False
A7MBE0,563,563,False
P47937,452,452,False
P48040,366,366,False
P28334,386,386,False
P11614,377,377,False
Q02284,366,366,False
Q02152,479,479,False
P31387,370,370,False
P10683,124,124,False
P07808,98,98,False
Q16099,956,956,False
P0AE70,111,111,False
P07817,277,277,False
O14727,1248,1248,False
P32842,164,164,False
P78595,1499,1499,False
P49407,418,418,False
P21583,273,273,False
Q24451,1108,1108,False
P07490,92,92,False
Q1LZD0,332,332,False
O77680,446,446,False
O35899,630,630,False
P20366,129,129,False
P01303,97,97,False
Q04573,382,382,False
P97295,381,381,False
P60615,95,95,False
P97292,397,397,False
P49144,390,390,False
Q29006,137,137,False
P11483,590,590,False
P79250,389,389,False
P25108,457,457,False
P22466,123,123,False
P30546,491,491,False
P30990,170,170,False
Q16613,207,207,False
P00547,310,310,False
P36423,533,533,False
O88626,370,370,False
O95153,1857,1857,False
P01133,1207,1207,False
Q9Y587,144,144,False
P61278,116,116,False
Q15822,529,529,False
P04756,457,457,False
O02781,154,154,False
P05020,348,348,False
Q2FZP6,493,493,False
P53704,713,713,False
Q9WU25,466,466,False
P04757,499,499,False
Q2KIP6,380,380,False
P34979,417,417,False
Q9Z2D5,381,381,False
P27114,133,133,False
P04806,485,485,False
P20933,346,346,False
P84213,107,107,False
Q9XT82,361,361,False
P51143,615,615,False
Q9WVD0,383,383,False
Q58DD0,804,804,False
P79292,370,370,False
P12872,115,115,False
Q9PUI7,473,473,False
P16598,270,270,False
P49218,156,156,False
P28576,204,204,False
P97678,191,191,False
P16599,235,235,False
A8MPY1,467,467,False
P56971,473,473,False
P41222,190,190,False
Q29095,189,189,False
Q8WN93,462,462,False
Q867C0,148,148,False
P08219,456,456,False
P70310,416,416,False
P04566,72,72,False
O75342,701,701,False
P38417,853,853,False
P35000,437,437,False
Q60882,310,310,False
Q8N4C6,2090,2000,True
Q76LL8,415,415,False
Q9XWV7,143,143,False
P04642,332,332,False
Q9WVA9,114,114,False
Q00643,224,224,False
P01143,187,187,False
Q05683,585,585,False
Q924T8,339,339,False
Q9QYW1,425,425,False
Q64666,205,205,False
P49581,494,494,False
B0R470,778,778,False
P07492,148,148,False
Q497R5,173,173,False
Q99JA4,352,352,False
P20420,452,452,False
P30926,498,498,False
P70580,195,195,False
P63059,492,492,False
P24259,150,150,False
P35570,1235,1235,False
P60322,136,136,False
P01127,241,241,False
Q9NPB8,672,672,False
Q99732,161,161,False
Q80VJ4,672,672,False
Q62711,772,772,False
P10687,1216,1216,False
P68182,351,351,False
Q8TB61,432,432,False
O77700,392,392,False
Q9MZL5,603,603,False
Q17QM9,164,164,False
P41985,465,465,False
Q95137,174,174,False
Q9BGI0,500,500,False
P17870,418,418,False
Q32L53,366,366,False
Q3ZBB6,144,144,False
Q1JQA3,193,193,False
Q2KI11,215,215,False
Q2KIG5,533,533,False
P32835,219,219,False
P32836,220,220,False
P30996,1274,1274,False
Q13427,754,754,False
P32418,973,973,False
Q9PN07,186,186,False
P51608,486,486,False
P0A853,471,471,False
P20035,231,231,False
P0A7G6,353,353,False
P61769,119,119,False
P9WQ18,601,601,False
Q5HIH6,450,450,False
P43889,456,456,False
Q8DQ18,459,459,False
Q9Z429,538,538,False
P0DPD8,883,883,False
P9WPL0,434,434,False
P9WPP0,433,433,False
P9WPL4,372,372,False
P9WPN4,405,405,False
Q9GT49,647,647,False
Q6IA69,706,706,False
A5D7T0,79,79,False
P0A881,108,108,False
P16924,516,516,False
P9WFX0,450,450,False
P42535,538,538,False
P19921,166,166,False
P53184,216,216,False
P9WHH8,464,464,False
Q9Y3C6,166,166,False
O43447,177,177,False
P31550,327,327,False
Q9HUU1,287,287,False
P00561,820,820,False
P0A6F1,382,382,False
O74036,349,349,False
P9WQD8,416,416,False
P9WFX4,370,370,False
P34707,623,623,False
P06582,145,145,False
O14763,440,440,False
A0A0B4J268,109,109,False
P30679,374,374,False
P51843,470,470,False
O00421,344,344,False
P24468,414,414,False
P17169,609,609,False
Q4VA93,672,672,False
B1LDF1,384,384,False
Q61288,502,502,False
P36895,532,532,False
Q61271,505,505,False
Q5A3P6,947,947,False
P80188,198,198,False
P13166,716,716,False
P0A9P4,321,321,False
P01042,644,644,False
C9JQD8,365,365,False
Q2FZQ3,256,256,False
P10417,236,236,False
Q01970,1234,1234,False
Q9NZ20,509,509,False
P02675,491,491,False
Q96SD1,692,692,False
G5EFF5,753,753,False
O75475,530,530,False
P33038,419,419,False
P65456,419,419,False
Q4QLK7,424,424,False
B4F110,487,487,False
A6T4N4,491,491,False
P0A091,449,449,False
P9WJL3,535,535,False
O31211,437,437,False
P9WNW0,639,639,False
O69721,323,323,False
Q9HW02,480,480,False
P86926,469,469,False
Q923X8,358,358,False
Q2HRB2,257,257,False
Q3ULW8,533,533,False
Q9BSW2,731,731,False
Q8VBX1,493,493,False
Q721J8,264,264,False
P08514,1039,1039,False
Q11205,350,350,False
P29172,448,448,False
Q6TGC4,694,694,False
A0A087WW23,218,218,False
Q25489,462,462,False
Q8XB35,440,440,False
O34453,363,363,False
P0C0J0,398,398,False
P9WKD2,307,307,False
Q58FG1,418,418,False
P07147,537,537,False
P9WFF6,296,296,False
P9WJ60,296,296,False
Q7U0P8,262,262,False
Q61206,229,229,False
O43189,567,567,False
Q5T6S3,580,580,False
Q13363,440,440,False
P26662,3010,2000,True
P23639,250,250,False
P10759,747,747,False
Q3V1D3,745,745,False
Q02356,824,824,False
O09178,765,765,False
Q63844,380,380,False
A4D1B5,854,854,False
Q2FYS4,800,800,False
Q8XP19,599,599,False
Q48481,384,384,False
P46116,281,281,False
Q8VC82,373,373,False
P58873,404,404,False
P36025,268,268,False
Q00024,568,568,False
B1LEI7,440,440,False
H9TB17,1332,1332,False
P34152,1052,1052,False
Q8KRU5,556,556,False
P29972,269,269,False
P29208,320,320,False
B1JQH1,176,176,False
Q9TTK6,763,763,False
Q59118,684,684,False
P08587,690,690,False
P97718,466,466,False
P30728,446,446,False
P51436,387,387,False
P9WIS7,553,553,False
P9WHH9,464,464,False
P9WPA7,312,312,False
P01223,138,138,False
Q8Z9U1,399,399,False
B1JRQ0,399,399,False
P00156,380,380,False
P22301,178,178,False
B7MNI9,440,440,False
Q3ZCJ2,325,325,False
P53008,833,833,False
P0A9M5,152,152,False
Q01853,806,806,False
Q5VWZ2,237,237,False
P00524,526,526,False
P63185,526,526,False
Q9NVV5,238,238,False
Q96IZ2,230,230,False
P06856,1006,1006,False
Q8R2Y2,648,648,False
Q6PHU5,825,825,False
P12710,127,127,False
P9WNE0,336,336,False
Q6G8J9,420,420,False
P03953,259,259,False
P09104,434,434,False
P0A7A9,176,176,False
P00817,287,287,False
Q6GFD7,309,309,False
P9WNF7,495,495,False
Q96J92,1243,1243,False
P20536,218,218,False
Q06330,500,500,False
P0AE05,177,177,False
O95479,791,791,False
P13955,161,161,False
Q2YS77,250,250,False
P14779,1049,1049,False
Q8N0U8,176,176,False
Q6TEK3,176,176,False
Q93YN9,451,451,False
Q9BX63,1249,1249,False
P27296,716,716,False
Q02108,690,690,False
P0AEU0,260,260,False
Q06520,285,285,False
Q8BTI9,1064,1064,False
P70182,546,546,False
P70181,539,539,False
Q93NH4,425,425,False
Q6PHW0,289,289,False
F4KU78,222,222,False
Q9HZK1,245,245,False
P10644,381,381,False
Q02962,417,417,False
P14916,238,238,False
P12390,500,500,False
P04386,881,881,False
Q9GV45,196,196,False
Q8IUF8,465,465,False
Q9H6W3,641,641,False
B0KZK1,517,517,False
P46736,316,316,False
Q8TBK2,473,473,False
P9WK16,741,741,False
P43912,246,246,False
Q9HYR3,141,141,False
P9WGI5,323,323,False
Q60989,496,496,False
Q05816,135,135,False
P21645,341,341,False
Q969R2,916,916,False
Q9HC23,129,129,False
Q9HVM7,314,314,False
P62623,316,316,False
Q3YUZ7,1342,1342,False
O14607,1347,1347,False
A0A0R4IM31,316,316,False
F0KIP0,205,205,False
P50993,1020,1020,False
P08312,327,327,False
Q9KL41,176,176,False
P63316,161,161,False
P01120,322,322,False
P09186,857,857,False
P36537,528,528,False
Q67344,446,446,False
P00342,332,332,False
P19419,428,428,False
P22007,431,431,False
Q27352,451,451,False
P35754,106,106,False
P00442,152,152,False
P10620,155,155,False
P01270,115,115,False
P04789,250,250,False
P11889,333,333,False
P06803,313,313,False
Q7RTX1,841,841,False
Q7RTX0,852,852,False
Q16825,1174,1174,False
P58389,323,323,False
Q16531,1140,1140,False
Q28153,266,266,False
P60900,246,246,False
P60010,375,375,False
P51587,3418,2000,True
P9WMK9,195,195,False
P04141,144,144,False
Q14676,2089,2000,True
P10147,92,92,False
P13236,92,92,False
P05305,212,212,False
P20895,298,298,False
A9UEZ6,1633,1633,False
Q9P0M2,348,348,False
P03138,389,389,False
Q96PD4,163,163,False
Q9HBE4,162,162,False
Q9GZX6,179,179,False
Q969J5,263,263,False
P25708,464,464,False
Q96JD6,320,320,False
Q9NSA3,81,81,False
Q00495,978,978,False
P15260,489,489,False
P53708,1063,1063,False
P05106,788,788,False
P18084,799,799,False
P18564,788,788,False
P26012,769,769,False
Q99973,2627,2000,True
P36898,502,502,False
Q9QXM0,425,425,False
A3M3H0,1873,1873,False
Q9UJ42,338,338,False
P48454,512,512,False
P26660,3033,2000,True
Q8WXS5,425,425,False
P68431,136,136,False
Q9Y698,323,323,False
Q01860,360,360,False
Q14393,678,678,False
Q9CAJ0,511,511,False
Q969M7,185,185,False
Q99700,1313,1313,False
Q16543,378,378,False
Q16518,533,533,False
Q9NRY4,1499,1499,False
Q76R61,183,183,False
P54284,484,484,False
P51965,193,193,False
P05185,509,509,False
Q8VIJ4,590,590,False
P12271,317,317,False
P54253,815,815,False
Q9UHI5,535,535,False
Q9ULC4,181,181,False
P04628,370,370,False
O08699,266,266,False
Q8VCC1,269,269,False
Q9UBT2,640,640,False
P0ABR7,374,374,False
Q8WTX7,329,329,False
O88871,940,940,False
Q9BZE0,524,524,False
Q96IZ0,340,340,False
P03409,353,353,False
P06612,865,865,False
P9WG49,934,934,False
Q13469,925,925,False
Q7TN79,314,314,False
O60894,148,148,False
P59591,511,511,False
Q51817,1732,1732,False
Q81495,3021,2000,True
P19711,3988,2000,True
Q6Q2C2,555,555,False
Q8WXE1,791,791,False
A9CPF9,708,708,False
Q60453,196,196,False
Q76LV2,733,733,False
P0C6X5,6729,2000,True
P0C6Y4,6781,2000,True
P0C6X4,7132,2000,True
P0C6W3,7119,2000,True
P0C6W4,7182,2000,True
P0C6W5,6930,2000,True
P0C6X9,7176,2000,True
P0C6X6,7095,2000,True
P0C6Y2,6629,2000,True
Q9BSL1,405,405,False
Q680I0,623,623,False
Q9WRL0,845,845,False
Q53TY8,381,381,False
Q848S6,293,293,False
K9N5Q8,1353,1353,False
Q9UKP5,1117,1117,False
Q498M6,541,541,False
P16778,487,487,False
Q4J6C6,727,727,False
Q58EY0,459,459,False
Q95MH6,379,379,False
Q5U7L3,328,328,False
P10123,317,317,False
F1L1D9,346,346,False
P14415,290,290,False
P54709,279,279,False
Q8IWL2,248,248,False
Q8IXH6,220,220,False
P79391,270,270,False
O43315,295,295,False
P28887,2165,2000,True
Q9UBU7,674,674,False
P25930,353,353,False
P02795,61,61,False
Q13519,176,176,False
P49448,558,558,False
P0A7Z4,329,329,False
P9WGZ1,347,347,False
P66706,314,314,False
Q92979,244,244,False
P55957,195,195,False
P31343,716,716,False
P98082,770,770,False
Q83883,1789,1789,False
Q8JUX5,1248,1248,False
A0A024B7W1,3423,2000,True
A6T4N9,305,305,False
Q99576,134,134,False
O14492,632,632,False
Q9HD89,108,108,False
P04665,560,560,False
P51114,621,621,False
Q61584,677,677,False
Q5XI81,568,568,False
A0EPY1,206,206,False
Q4E4E1,376,376,False
O95393,424,424,False
P55347,436,436,False
Q3T906,1256,1256,False
P12916,2157,2000,True
P17763,3392,2000,True
P83110,453,453,False
P18848,351,351,False
P51788,898,898,False
O00299,241,241,False
Q9UKS7,526,526,False
Q26304,548,548,False
P05154,406,406,False
I6WXK4,276,276,False
Q96FJ2,89,89,False
Q6UWP7,414,414,False
A0A8C0LZB8,1003,1003,False
Q9BTL3,118,118,False
P07911,640,640,False
G1SGC5,2643,2000,True
Q8MMZ7,994,994,False
P08519,2040,2000,True
Q13541,118,118,False
Q9NSU2,314,314,False
Q91XB0,314,314,False
P46598,707,707,False
B4URF7,759,759,False
B2RLK2,1723,1723,False
P0DTC1,4405,2000,True
A0A0D1DYD5,2185,2000,True
Q8C7D2,445,445,False
O75909,580,580,False
Q04095,1603,1603,False
O60260,465,465,False
P0C6F2,1435,1435,False
Q5R774,624,624,False
P87666,676,676,False
Q89853,677,677,False
Q6NXT6,567,567,False
O60391,1043,1043,False
P89951,212,212,False
P11439,638,638,False
P05160,661,661,False
Q8BH61,732,732,False
O08619,732,732,False
Q96PF1,710,710,False
P22557,587,587,False
Q8R492,761,761,False
Q8K411,1036,1036,False
Q13617,745,745,False
Q27783,527,527,False
Q9UJQ4,1053,1053,False
Q15532,418,418,False
P06802,906,906,False
Q9ULZ1,77,77,False
P12590,344,344,False
Q9HCE5,456,456,False
P33012,157,157,False
Q8IYB4,626,626,False
Q7Z5P4,300,300,False
A0A0K2E2J2,1699,1699,False
P0A8T7,1407,1407,False
P18598,294,294,False
Q63421,768,768,False
P20648,1035,1035,False
P05632,51,51,False
Q8NFM4,1077,1077,False
P02712,493,493,False
A0A5G2RFL7,379,379,False
P09114,664,664,False
Q8R493,495,495,False
Q9ERK7,501,501,False
Q9R0R3,77,77,False
P63138,474,474,False
P05107,769,769,False
Q15369,112,112,False
Q9NQB0,619,619,False
Q61239,377,377,False
P25089,353,353,False
O43172,522,522,False
A0A8I3NP04,667,667,False
P18508,466,466,False
A0A2R8YG87,263,263,False
Q8NWQ9,159,159,False
P02554,445,445,False
Q94715,308,308,False
P0DOF5,97,97,False
P21148,445,445,False
Q2FYS5,663,663,False
Q86VQ6,643,643,False
A5GZW8,159,159,False
D0VWV4,169,169,False
P09681,153,153,False
Q13563,968,968,False
O95399,124,124,False
P24863,283,283,False
Q9UKL0,485,485,False
F6ZDS4,2431,2000,True
Q8TAF3,677,677,False
P80385,330,330,False
P30279,289,289,False
Q16204,474,474,False
P25110,517,517,False
P18915,319,319,False
P30897,298,298,False
Q59514,313,313,False
P14644,536,536,False
P49288,346,346,False
P09217,592,592,False
P06628,124,124,False
P16497,606,606,False
P07205,417,417,False
Q8HYC2,125,125,False
Q9QZQ3,123,123,False
Q9QZQ4,123,123,False
Q9Z1B7,366,366,False
Q9BZJ3,242,242,False
P48056,614,614,False
P00327,375,375,False
P00328,374,374,False
P20594,1047,1047,False
Q920H4,532,532,False
Q9GZZ6,450,450,False
P0AB91,350,350,False
Q01061,534,534,False
P30274,430,430,False
O75376,2440,2000,True
P00916,261,261,False
Q08369,441,441,False
Q64541,1028,1028,False
P07340,304,304,False
Q04IS7,264,264,False
P62959,126,126,False
Q00651,1039,1039,False
P0DOF6,469,469,False
Q8WUK0,201,201,False
Q2M2H8,2515,2000,True
P05631,298,298,False
P52505,156,156,False
O42772,297,297,False
Q8SQG8,473,473,False
B1AH88,102,102,False
Q9UJW3,386,386,False
P01023,1474,1474,False
P69996,569,569,False
P48995,793,793,False
Q13586,685,685,False
P10424,306,306,False
P15791,533,533,False
P08413,542,542,False
P11730,527,527,False
Q49AN0,593,593,False
Q9H0F6,387,387,False
P53610,377,377,False
Q8R2H2,787,787,False
P18506,449,449,False
P48167,497,497,False
P22723,474,474,False
Q8R3L8,464,464,False
Q9P2K3,495,495,False
O60840,1977,1977,False
P9WG45,675,675,False
Q8NEV1,391,391,False
Q9ULW0,747,747,False
P09889,340,340,False
P49885,111,111,False
Q9TU15,527,527,False
P97535,456,456,False
P26432,832,832,False
Q14571,2701,2000,True
Q63065,434,434,False
O54937,412,412,False
Q63563,1545,1545,False
Q8IYB8,786,786,False
Q931S2,800,800,False
Q932M0,889,889,False
P66936,644,644,False
Q59556,854,854,False
Q9JIS7,1985,1985,False
P52176,712,712,False
P04786,769,769,False
P29754,359,359,False
P04762,527,527,False
P08134,193,193,False
Q02641,598,598,False
P05778,97,97,False
Q04707,719,719,False
P0A3M5,680,680,False
P16671,472,472,False
Q16611,211,211,False
P52902,397,397,False
P52904,359,359,False
P08047,785,785,False
P0A879,397,397,False
P30809,109,109,False
P30810,63,63,False
P20153,508,508,False
O18473,576,576,False
P49882,536,536,False
O76202,472,472,False
P30573,1213,1213,False
Q9BVC4,326,326,False
Q9Y6M9,179,179,False
P08750,443,443,False
P40750,624,624,False
P42971,668,668,False
Q01844,656,656,False
Q01543,452,452,False
Q9QUM0,1033,1033,False
O54890,787,787,False
P43406,1044,1044,False
Q01986,393,393,False
P36506,400,400,False
P15884,667,667,False
Q9JHF9,160,160,False
Q6GPI1,263,263,False
Q9BPZ7,522,522,False
P07992,297,297,False
Q92889,916,916,False
Q08603,331,331,False
Q08602,567,567,False
Q0VGT2,1544,1544,False
Q8ND76,341,341,False
P13584,511,511,False
Q9QZH4,271,271,False
Q5EG47,559,559,False
P62873,340,340,False
P59768,71,71,False
P0DPH7,450,450,False
Q9NY65,449,449,False
P84903,685,685,False
O95456,288,288,False
Q9BX93,195,195,False
P9WPU9,305,305,False
P9WPV3,446,446,False
Q07699,218,218,False
Q6P3E7,666,666,False
Q03282,100,100,False
Q03284,30,30,False
P28075,263,263,False
P97952,218,218,False
Q56A07,215,215,False
P17535,347,347,False
P97823,230,230,False
Q9WTL7,231,231,False
P18916,519,519,False
P03431,757,757,False
P9WIP3,292,292,False
Q08289,660,660,False
P34741,201,201,False
Q9BRQ5,295,295,False
Q96SN7,254,254,False
Q0V8R6,529,529,False
Q9HC35,981,981,False
Q9Y2C9,796,796,False
Q6PAJ1,1270,1270,False
Q02242,288,288,False
P23760,479,479,False
P69905,142,142,False
P68871,147,147,False
O88944,873,873,False
Q6T755,266,266,False
Q80Z26,529,529,False
Q9R297,352,352,False
A0A3N4B635,2035,2000,True
Q9JLY8,355,355,False
Q499N1,459,459,False
D3Z9J1,270,270,False
