compound_id,name,soc_code,target_uniprot,delta_probability,delta_probability_sd,positive_fold_fraction,target_gene,evidence_level
SMOKE_CITALOPRAM_20,Citalopram,BLO,P35414,-0.0008498862152919,0.0060929572209715,0.6,APLNR,none
SMOKE_CITALOPRAM_20,Citalopram,BLO,P24530,-0.0006763860583305,0.0008656613645143,0.2,EDNRB,direct
SMOKE_CITALOPRAM_20,Citalopram,BLO,P30518,-0.0021265458781272,0.0031165527179837,0.2,AVPR2,none
SMOKE_CITALOPRAM_20,Citalopram,BLO,P35346,0.0029259969014674,0.0045284577645361,0.6,SSTR5,none
SMOKE_CITALOPRAM_20,Citalopram,BLO,Q9Y271,-0.02387285977602,0.0135096805170178,0.0,CYSLTR1,none
SMOKE_CITALOPRAM_20,Citalopram,BLO,P34998,-0.0021158461458981,0.0034086862578988,0.2,CRHR1,none
SMOKE_CITALOPRAM_20,Citalopram,BLO,P30874,-0.0008858311921358,0.0018672896549105,0.6,SSTR2,none
SMOKE_CITALOPRAM_20,Citalopram,BLO,P34995,0.0031734853982925,0.0026492425240576,1.0,PTGER1,secondary
SMOKE_CITALOPRAM_20,Citalopram,BLO,P08173,0.0018728387076407,0.0023593150544911,1.0,CHRM4,none
SMOKE_CITALOPRAM_20,Citalopram,BLO,P30988,0.0015426047611981,0.0019268922042101,0.8,CALCR,secondary
SMOKE_CITALOPRAM_20,Citalopram,BLO,P41595,0.0001959137589437,0.0019845969509333,0.6,HTR2B,none
SMOKE_CITALOPRAM_20,Citalopram,BLO,P35408,-0.0005616415292024,0.00095832668012,0.0,PTGER4,secondary
SMOKE_CITALOPRAM_20,Citalopram,BLO,P21918,-0.0121490154415369,0.0135515434667468,0.2,DRD5,none
SMOKE_CITALOPRAM_20,Citalopram,BLO,P31391,-0.0038357167504727,0.006123264785856,0.4,SSTR4,none
SMOKE_CITALOPRAM_20,Citalopram,BLO,P30968,-0.0054331193678081,0.0072528612799942,0.0,GNRHR,none
SMOKE_CITALOPRAM_20,Citalopram,BLO,P08913,-0.0004000485059805,0.0003125364310108,0.0,ADRA2A,none
SMOKE_CITALOPRAM_20,Citalopram,BLO,Q13639,0.0021197360474616,0.0026414340827614,0.8,HTR4,direct
SMOKE_CITALOPRAM_20,Citalopram,BLO,P43116,0.004887240473181,0.0032033186871558,1.0,PTGER2,none
SMOKE_CITALOPRAM_20,Citalopram,BLO,P37288,-0.0034518023021519,0.0056947893463075,0.2,AVPR1A,none
SMOKE_CITALOPRAM_20,Citalopram,BLO,P28222,-0.0009535077842883,0.0010107703274115,0.2,HTR1B,none
SMOKE_CITALOPRAM_20,Citalopram,BLO,P32238,0.0014157727127894,0.0019753049127757,0.8,CCKAR,none
SMOKE_CITALOPRAM_20,Citalopram,BLO,P18825,-0.0006382610881701,0.0007122302195057,0.2,ADRA2C,none
SMOKE_CITALOPRAM_20,Citalopram,BLO,P30872,6.685070547973737e-05,0.0003954397689085,0.4,SSTR1,none
SMOKE_CITALOPRAM_20,Citalopram,BLO,P47901,0.001027027494274,0.001304896781221,0.6,AVPR1B,none
SMOKE_CITALOPRAM_20,Citalopram,BLO,P25021,-0.0036012236960232,0.0035073382314294,0.0,HRH2,none
SMOKE_CITALOPRAM_20,Citalopram,BLO,P18089,0.0034319381229579,0.0029558474197983,1.0,ADRA2B,none
SMOKE_CITALOPRAM_20,Citalopram,BLO,P48039,-0.0064377784729003,0.0085901236161589,0.4,MTNR1A,none
SMOKE_CITALOPRAM_20,Citalopram,BLO,P49286,-0.0044986773282289,0.0051197195425629,0.2,MTNR1B,none
SMOKE_CITALOPRAM_20,Citalopram,BLO,P43088,0.0004381310136523,0.0020222957246005,0.6,PTGFR,secondary
SMOKE_CITALOPRAM_20,Citalopram,BLO,P41146,0.0009642682853154,0.0016532036243006,0.4,OPRL1,none
SMOKE_CITALOPRAM_20,Citalopram,BLO,P32745,-0.0013180344831198,0.0012909804936498,0.0,SSTR3,none
SMOKE_CITALOPRAM_20,Citalopram,BLO,P08912,0.0021443490404635,0.0073066009208559,0.8,CHRM5,none
SMOKE_CITALOPRAM_20,Citalopram,BLO,P21728,-0.0022498122416436,0.0062890779227018,0.6,DRD1,none
SMOKE_CITALOPRAM_20,Citalopram,BLO,Q9UBS5,7.537715282524005e-05,0.0023731689434498,0.6,GABBR1,secondary
SMOKE_CITALOPRAM_20,Citalopram,BLO,P07550,-0.0027571930550038,0.0039578042924404,0.2,ADRB2,none
SMOKE_CITALOPRAM_20,Citalopram,BLO,P61073,-0.0026423442177474,0.0032979759853333,0.2,CXCR4,none
SMOKE_CITALOPRAM_20,Citalopram,BLO,P08172,-0.0011492371559143,0.0026820395141839,0.2,CHRM2,none
SMOKE_CITALOPRAM_20,Citalopram,BLO,P08588,0.0002296738384757,0.0038358895108103,0.6,ADRB1,none
SMOKE_CITALOPRAM_20,Citalopram,BLO,P08908,0.0045728320255875,0.0040646567940711,0.8,HTR1A,none
SMOKE_CITALOPRAM_20,Citalopram,BLO,P11229,0.0005996663239784,0.003752150805667,0.4,CHRM1,none
SMOKE_CITALOPRAM_20,Citalopram,BLO,P14416,-0.012666868045926,0.0179747827351093,0.0,DRD2,none
SMOKE_CITALOPRAM_20,Citalopram,BLO,P21554,-0.0021550636738538,0.0023658201098442,0.2,CNR1,none
SMOKE_CITALOPRAM_20,Citalopram,BLO,P21917,0.0024132742546498,0.0030324067920446,1.0,DRD4,none
SMOKE_CITALOPRAM_20,Citalopram,BLO,O43193,0.0003367293684277,0.0005728431860916,0.8,MLNR,secondary
SMOKE_CITALOPRAM_20,Citalopram,BLO,P25100,0.0009039230644702,0.0011086300946772,0.8,ADRA1D,none
SMOKE_CITALOPRAM_20,Citalopram,BLO,P28223,0.0008201446617022,0.0070476313121616,0.8,HTR2A,direct
SMOKE_CITALOPRAM_20,Citalopram,BLO,P28335,-0.0011758379405364,0.0011377298505976,0.0,HTR2C,none
SMOKE_CITALOPRAM_20,Citalopram,BLO,P30542,0.0021515432745218,0.0021873814985156,1.0,ADORA1,none
SMOKE_CITALOPRAM_20,Citalopram,BLO,P30556,0.001868286752142,0.0027848691679537,1.0,AGTR1,none
SMOKE_CITALOPRAM_20,Citalopram,BLO,P35348,0.0094569297507405,0.0083660827949643,1.0,ADRA1A,none
SMOKE_CITALOPRAM_20,Citalopram,BLO,P35367,-0.0024033128283917,0.0027230393607169,0.4,HRH1,none
SMOKE_CITALOPRAM_20,Citalopram,BLO,P35368,-0.0007200230029411,0.0018478906713426,0.4,ADRA1B,none
SMOKE_CITALOPRAM_20,Citalopram,BLO,P21452,0.0035691857337951,0.0032498589716851,0.8,TACR2,none
SMOKE_CITALOPRAM_20,Citalopram,BLO,P35372,0.0005368158454075,0.0017973656067624,0.4,OPRM1,none
SMOKE_CITALOPRAM_20,Citalopram,BLO,P35462,0.0002620480954647,0.0120856557041406,0.6,DRD3,none
SMOKE_CITALOPRAM_20,Citalopram,BLO,P41143,1.4029443264007568e-05,7.643747085239738e-05,0.6,OPRD1,none
SMOKE_CITALOPRAM_20,Citalopram,BLO,P41145,-9.521916217636316e-05,0.0021342241670936,0.4,OPRK1,none
SMOKE_CITALOPRAM_20,Citalopram,BLO,P32246,-0.0010672789067029,0.0019159008515998,0.2,CCR1,secondary
SMOKE_CITALOPRAM_20,Citalopram,BLO,P25025,-0.0017415561014786,0.0057252165861427,0.8,CXCR2,none
SMOKE_CITALOPRAM_20,Citalopram,BLO,P20309,-0.0001305960176978,0.0043920949101448,0.8,CHRM3,none
SMOKE_CITALOPRAM_20,Citalopram,BLO,P13945,0.0005480889230966,0.0032040001824498,0.6,ADRB3,none
SMOKE_CITALOPRAM_20,Citalopram,BLO,P25103,0.0020810347050428,0.0027733428869396,0.8,TACR1,none
SMOKE_CITALOPRAM_20,Citalopram,BLO,P25105,1.9079074263572693e-05,0.0001792274269973,0.4,PTAFR,direct
SMOKE_CITALOPRAM_20,Citalopram,BLO,P29274,-0.0047372682020068,0.0045005697757005,0.0,ADORA2A,direct
SMOKE_CITALOPRAM_20,Citalopram,BLO,P25101,0.0009407129255123,0.0008452549227513,1.0,EDNRA,none
SMOKE_CITALOPRAM_20,Citalopram,BLO,P34972,0.001364292926155,0.0032010802533477,0.6,CNR2,none
SMOKE_CITALOPRAM_20,Citalopram,BLO,P29275,0.0048066615127027,0.0045489100739359,0.8,ADORA2B,none
SMOKE_CITALOPRAM_20,Citalopram,BLO,P0DMS8,0.0028234012424945,0.0024187716189771,0.8,ADORA3,none
SMOKE_CITALOPRAM_20,Citalopram,BLO,P32245,0.0008571677026338,0.0025888131931424,0.6,MC4R,none
SMOKE_CITALOPRAM_20,Citalopram,BLO,Q9Y5N1,-1.574307680130005e-05,3.136988016194664e-05,0.2,HRH3,none
SMOKE_CITALOPRAM_20,Citalopram,BLO,P51681,0.0006171006825752,0.0026004195678979,0.4,CCR5,secondary
SMOKE_CITALOPRAM_20,Citalopram,BLO,P32239,0.0007871795678511,0.0008610372897237,0.8,CCKBR,secondary
SMOKE_CITALOPRAM_20,Citalopram,BLO,P30543,-0.0010677173268049,0.0009984710486605,0.2,ADORA2A,direct
SMOKE_CITALOPRAM_20,Citalopram,BLO,P34969,-0.010736770927906,0.0145219014957547,0.2,HTR7,none
SMOKE_CITALOPRAM_20,Citalopram,BLO,P30411,-0.0005061287665739,0.0035816268064081,0.6,BDKRB2,none
SMOKE_CITALOPRAM_20,Citalopram,BLO,P41594,-0.001114023849368,0.0058197677135467,0.4,GRM5,none
SMOKE_CITALOPRAM_20,Citalopram,BLO,P50406,0.0032553616911172,0.0024486305192112,0.8,HTR6,secondary
SMOKE_CITALOPRAM_20,Citalopram,BLO,P47898,-0.0001681394933257,0.0003823166189249,0.4,HTR5A,none
SMOKE_CITALOPRAM_20,Citalopram,BLO,P28564,0.0001364655763609,0.0014139274135231,0.6,HTR1B,none
SMOKE_CITALOPRAM_20,Citalopram,BLO,P43115,-0.0047882543876767,0.0071124490350484,0.2,PTGER3,secondary
SMOKE_CITALOPRAM_20,Citalopram,BLO,Q9H3N8,-5.356744077289477e-05,0.0002570331853348,0.4,HRH4,none
SMOKE_CITALOPRAM_20,Citalopram,BLO,Q9UKP6,0.0010475121671333,0.0009644380770623,1.0,UTS2R,direct
SMOKE_CITALOPRAM_20,Citalopram,BLO,Q01726,-0.0024500009603798,0.0023517364170402,0.0,MC1R,secondary
SMOKE_CITALOPRAM_20,Citalopram,BLO,Q16602,-3.307424412923865e-05,5.311740096658468e-05,0.2,CALCRL,direct
SMOKE_CITALOPRAM_20,Citalopram,BLO,P41597,0.0022444892674684,0.0066885109990835,0.4,CCR2,secondary
SMOKE_CITALOPRAM_20,Citalopram,BLO,P49146,-0.0010470177512615,0.0016018041642382,0.0,NPY2R,none
SMOKE_CITALOPRAM_20,Citalopram,BLO,P25024,0.0007823053747415,0.0010696221143007,0.8,CXCR1,none
SMOKE_CITALOPRAM_20,Citalopram,BLO,P32247,0.004007295705378,0.0034935984294861,0.8,BRS3,secondary
SMOKE_CITALOPRAM_20,Citalopram,BLO,P30989,0.0024926259648054,0.0027035197708755,0.8,NTSR1,secondary
SMOKE_CITALOPRAM_20,Citalopram,BLO,P46663,-0.0012296620989218,0.001469820854254,0.2,BDKRB1,none
SMOKE_CITALOPRAM_20,Citalopram,BLO,Q9NS75,0.0024102590978145,0.0048556621186435,0.8,CYSLTR2,none
SMOKE_CITALOPRAM_20,Citalopram,BLO,P29371,-0.0006817478570155,0.0013919053599238,0.4,TACR3,none
SMOKE_CITALOPRAM_20,Citalopram,BLO,P41587,0.000341363629559,0.0014914420899003,0.6,VIPR2,none
SMOKE_CITALOPRAM_20,Citalopram,BLO,P50052,0.0003419183194637,0.0009593843715265,0.6,AGTR2,none
SMOKE_CITALOPRAM_20,Citalopram,BLO,P33032,2.782158480840735e-05,0.0004599762032739,0.4,MC5R,secondary
SMOKE_CITALOPRAM_20,Citalopram,BLO,Q92847,-0.0028920494951307,0.0032531409524381,0.2,GHSR,none
SMOKE_CITALOPRAM_20,Citalopram,BLO,P41968,-0.0008497353410348,0.0006489029037766,0.0,MC3R,none
SMOKE_CITALOPRAM_20,Citalopram,BLO,P25929,0.0004319820436649,0.0009896906558424,0.8,NPY1R,none
SMOKE_CITALOPRAM_20,Citalopram,BLO,O43614,-0.0012710787123069,0.003955456893891,0.4,HCRTR2,none
SMOKE_CITALOPRAM_20,Citalopram,BLO,P49238,-0.0006296012434177,0.0013638888485729,0.6,CX3CR1,none
SMOKE_CITALOPRAM_20,Citalopram,BLO,O43613,0.0005162645247764,0.0029192159418016,0.6,HCRTR1,none
SMOKE_CITALOPRAM_20,Citalopram,BLO,P32241,5.3770469094160944e-05,9.026609041029587e-05,0.6,VIPR1,none
SMOKE_CITALOPRAM_20,Citalopram,BLO,Q8TDU6,0.0008295819279737,0.0018561559263616,0.8,GPBAR1,secondary
SMOKE_CITALOPRAM_20,Citalopram,BLO,P01275,0.0009827043395489,0.0007391420658677,1.0,GCG,none
SMOKE_CITALOPRAM_20,Citalopram,BLO,Q96LB1,-4.846975207328797e-05,0.0001857515017036,0.4,MRGPRX2,none
SMOKE_CITALOPRAM_20,Citalopram,BLO,Q61224,0.0001445226371288,0.000517594628036,0.4,HTR1D,none
SMOKE_CITALOPRAM_20,Citalopram,BLO,O75899,-0.0035407834220677,0.0047573926858603,0.2,GABBR2,none
SMOKE_CITALOPRAM_20,Citalopram,BLO,P51787,2.068430148938205e-05,7.160197856137529e-05,0.4,KCNQ1,none
SMOKE_CITALOPRAM_20,Citalopram,BLO,P43681,-0.0012394536752253,0.0013727629557251,0.2,CHRNA4,none
SMOKE_CITALOPRAM_20,Citalopram,BLO,P46098,-0.0032033021561801,0.0038759955205023,0.0,HTR3A,none
SMOKE_CITALOPRAM_20,Citalopram,BLO,Q13936,0.001032481319271,0.0010512172011658,0.8,CACNA1C,none
SMOKE_CITALOPRAM_20,Citalopram,BLO,P14867,-3.85537750844378e-05,0.0002736868336796,0.4,GABRA1,none
SMOKE_CITALOPRAM_20,Citalopram,BLO,Q14524,-0.000384253275115,0.0011616221163421,0.6,SCN5A,none
SMOKE_CITALOPRAM_20,Citalopram,BLO,Q05586,0.0018683753442019,0.0033882316201925,0.6,GRIN1,none
SMOKE_CITALOPRAM_20,Citalopram,BLO,Q92952,0.0012623302172869,0.0016327381599694,0.8,KCNN1,none
SMOKE_CITALOPRAM_20,Citalopram,BLO,Q12809,0.0042675826698541,0.0076919603161513,0.8,KCNH2,none
SMOKE_CITALOPRAM_20,Citalopram,BLO,P56373,-0.0003238443168811,0.0025024118367582,0.2,P2RX3,none
SMOKE_CITALOPRAM_20,Citalopram,BLO,P07727,-0.0013369123917073,0.0027837317902594,0.4,GLRA1,none
SMOKE_CITALOPRAM_20,Citalopram,BLO,Q9UGI6,-0.0001135740458266,0.000123101985082,0.2,KCNN3,none
SMOKE_CITALOPRAM_20,Citalopram,BLO,P22002,0.000268448900897,0.0002464121789671,1.0,CACNA1C,none
SMOKE_CITALOPRAM_20,Citalopram,BLO,Q99250,0.0028444856870919,0.0029806664679199,0.8,SCN2A,none
SMOKE_CITALOPRAM_20,Citalopram,BLO,Q9H2S1,0.0003019943833351,0.0004690323257818,0.6,KCNN2,none
SMOKE_CITALOPRAM_20,Citalopram,BLO,Q99572,9.93143767118454e-05,0.0008180444128811,0.6,P2RX7,none
SMOKE_CITALOPRAM_20,Citalopram,BLO,P02708,0.000533734622877,0.0009114629938267,0.8,CHRNA1,none
SMOKE_CITALOPRAM_20,Citalopram,BLO,Q02294,-0.0006053413962945,0.0006157993921078,0.2,CACNA1B,none
SMOKE_CITALOPRAM_20,Citalopram,BLO,P18507,0.0014442097162827,0.0014295375440269,1.0,GABRG2,none
SMOKE_CITALOPRAM_20,Citalopram,BLO,P12821,0.0016627073055133,0.0026399090420454,0.6,ACE,none
SMOKE_CITALOPRAM_20,Citalopram,BLO,P21397,0.0036109194625169,0.0069066975265741,0.6,MAOA,none
SMOKE_CITALOPRAM_20,Citalopram,BLO,P27338,0.0017697807634249,0.0046607968397438,0.6,MAOB,none
SMOKE_CITALOPRAM_20,Citalopram,BLO,P22303,0.0025677680969238,0.0027757808566093,0.8,ACHE,none
SMOKE_CITALOPRAM_20,Citalopram,BLO,P23219,-0.0005384609103202,0.0007494513993151,0.4,PTGS1,direct
SMOKE_CITALOPRAM_20,Citalopram,BLO,P35354,0.0011495582293719,0.0033556341659277,0.6,PTGS2,none
SMOKE_CITALOPRAM_20,Citalopram,BLO,P42574,-8.326955139636993e-05,0.0008156508556567,0.4,CASP3,none
SMOKE_CITALOPRAM_20,Citalopram,BLO,Q14432,0.0006149820983409,0.0018704149406403,0.6,PDE3A,none
SMOKE_CITALOPRAM_20,Citalopram,BLO,P07339,2.505667544028256e-05,0.0007155304774641,0.4,CTSD,none
SMOKE_CITALOPRAM_20,Citalopram,BLO,O00408,-0.0010002363706007,0.0046733431518077,0.6,PDE2A,none
SMOKE_CITALOPRAM_20,Citalopram,BLO,Q08499,-0.0072891367599368,0.0071051316335797,0.2,PDE4D,none
SMOKE_CITALOPRAM_20,Citalopram,BLO,Q13370,0.0009857870172709,0.0072263721376657,0.6,PDE3B,none
SMOKE_CITALOPRAM_20,Citalopram,BLO,P14780,0.0037403204478323,0.004537085071206,0.8,MMP9,none
SMOKE_CITALOPRAM_20,Citalopram,BLO,P03956,-0.0039452137425541,0.0034489729441702,0.0,MMP1,none
SMOKE_CITALOPRAM_20,Citalopram,BLO,P08253,0.0004657652170863,0.0007057319162413,0.6,MMP2,none
SMOKE_CITALOPRAM_20,Citalopram,BLO,Q9UDY8,0.0014261386822909,0.0056992932222783,0.6,MALT1,none
SMOKE_CITALOPRAM_20,Citalopram,BLO,P80457,0.000509824603796,0.0024252657312899,0.4,XDH,none
SMOKE_CITALOPRAM_20,Citalopram,BLO,Q9BYF1,-0.004254572559148,0.0059571987949311,0.4,ACE2,none
SMOKE_CITALOPRAM_20,Citalopram,BLO,P08311,0.0013496089959517,0.0008480510441586,1.0,CTSG,none
SMOKE_CITALOPRAM_20,Citalopram,BLO,P56817,-0.0002569470671005,0.0003482046013232,0.2,BACE1,none
SMOKE_CITALOPRAM_20,Citalopram,BLO,P00519,0.0040447693318128,0.0054240240715444,0.8,ABL1,none
SMOKE_CITALOPRAM_20,Citalopram,BLO,P17948,-5.378238711273298e-05,0.0003061823372263,0.4,FLT1,secondary
SMOKE_CITALOPRAM_20,Citalopram,BLO,P10721,1.627393066883087e-05,2.0138731997576546e-05,1.0,KIT,secondary
SMOKE_CITALOPRAM_20,Citalopram,BLO,P06213,-0.0004691377398557,0.0004681792343035,0.2,INSR,none
SMOKE_CITALOPRAM_20,Citalopram,BLO,P00533,0.0005484375869855,0.0007027040119282,0.8,EGFR,none
SMOKE_CITALOPRAM_20,Citalopram,BLO,Q96GD4,-0.0013828109949827,0.0013351396191865,0.2,AURKB,none
SMOKE_CITALOPRAM_20,Citalopram,BLO,P06239,-0.0018653388833627,0.0012277833884581,0.0,LCK,none
SMOKE_CITALOPRAM_20,Citalopram,BLO,Q16539,-0.0003092117549385,0.0051590134389698,0.6,MAPK14,none
SMOKE_CITALOPRAM_20,Citalopram,BLO,P49841,-0.0023041821550577,0.001871490268968,0.0,GSK3B,none
SMOKE_CITALOPRAM_20,Citalopram,BLO,P12931,0.0002943504659924,0.0019074155716225,0.2,SRC,none
SMOKE_CITALOPRAM_20,Citalopram,BLO,Q05397,-0.0009225901449099,0.0010493585141375,0.0,PTK2,secondary
SMOKE_CITALOPRAM_20,Citalopram,BLO,P35968,-0.0045686508528888,0.0038731426466256,0.0,KDR,secondary
SMOKE_CITALOPRAM_20,Citalopram,BLO,P43403,0.0010723967570811,0.0021287824492901,0.8,ZAP70,none
SMOKE_CITALOPRAM_20,Citalopram,BLO,P04629,0.0095458757132291,0.0076258168555796,1.0,NTRK1,none
SMOKE_CITALOPRAM_20,Citalopram,BLO,P49840,-2.0745395886478946e-05,0.0013854373246431,0.8,GSK3A,none
SMOKE_CITALOPRAM_20,Citalopram,BLO,O75116,0.0006559580797329,0.0003361375711392,1.0,ROCK2,none
SMOKE_CITALOPRAM_20,Citalopram,BLO,P17252,-0.0034381481818854,0.0030914647504687,0.0,PRKCA,none
SMOKE_CITALOPRAM_20,Citalopram,BLO,P24941,-0.0028695936780422,0.0029865715187042,0.0,CDK2,none
SMOKE_CITALOPRAM_20,Citalopram,BLO,Q13464,0.0047415145672857,0.0039525371976196,1.0,ROCK1,none
SMOKE_CITALOPRAM_20,Citalopram,BLO,P48736,0.0003322001430206,0.0004804128839168,0.8,PIK3CG,none
SMOKE_CITALOPRAM_20,Citalopram,BLO,O14733,-0.0004063122032675,0.001269208616577,0.4,MAP2K7,none
SMOKE_CITALOPRAM_20,Citalopram,BLO,Q13315,-0.0015112969558686,0.0041733928956091,0.6,ATM,none
SMOKE_CITALOPRAM_20,Citalopram,BLO,P07948,0.0034544598311185,0.0031718951649963,0.8,LYN,none
SMOKE_CITALOPRAM_20,Citalopram,BLO,P28482,-0.0013944018865004,0.0010824748314917,0.0,MAPK1,none
SMOKE_CITALOPRAM_20,Citalopram,BLO,Q9UQM7,-0.0015204589581117,0.0027056986000388,0.4,CAMK2A,none
SMOKE_CITALOPRAM_20,Citalopram,BLO,O14965,0.0029918905347585,0.0053610978648066,0.8,AURKA,none
SMOKE_CITALOPRAM_20,Citalopram,BLO,Q15118,-7.166303839767352e-05,0.0029134885407984,0.4,PDK1,none
SMOKE_CITALOPRAM_20,Citalopram,BLO,Q8TDR2,0.0023431628942489,0.0023822591174393,0.8,STK35,none
SMOKE_CITALOPRAM_20,Citalopram,BLO,P10275,-0.0002962470171041,0.0071806134656071,0.8,AR,none
SMOKE_CITALOPRAM_20,Citalopram,BLO,P04150,0.0014932919293642,0.0014474571216851,1.0,NR3C1,none
SMOKE_CITALOPRAM_20,Citalopram,BLO,P10276,0.0014963969588279,0.0038133668713271,0.8,RARA,none
SMOKE_CITALOPRAM_20,Citalopram,BLO,P03372,0.0055002537555992,0.004246418364346,0.8,ESR1,none
SMOKE_CITALOPRAM_20,Citalopram,BLO,P19793,-0.003515402553603,0.004451687913388,0.0,RXRA,secondary
SMOKE_CITALOPRAM_20,Citalopram,BLO,P06401,0.0083170514553785,0.006908347364515,1.0,PGR,none
SMOKE_CITALOPRAM_20,Citalopram,BLO,P37231,-0.0019751484505832,0.0048902207054197,0.4,PPARG,direct
SMOKE_CITALOPRAM_20,Citalopram,BLO,Q92731,-0.001239875331521,0.0236936658620834,0.8,ESR2,none
SMOKE_CITALOPRAM_20,Citalopram,BLO,P55055,-0.0132159488275647,0.0138807641342282,0.0,NR1H2,secondary
SMOKE_CITALOPRAM_20,Citalopram,BLO,P30531,-0.0021842445712536,0.0038732744287699,0.2,SLC6A1,none
SMOKE_CITALOPRAM_20,Citalopram,BLO,P23975,-0.0049826432950794,0.008703670464456,0.4,SLC6A2,none
SMOKE_CITALOPRAM_20,Citalopram,BLO,P31645,0.0018681641668081,0.0017972801579162,1.0,SLC6A4,none
SMOKE_CITALOPRAM_20,Citalopram,BLO,Q01959,0.0062188818119466,0.0049983267672359,1.0,SLC6A3,none
SMOKE_CITALOPRAM_20,Citalopram,BLO,P31652,-0.0002852409961633,0.0002872885379474,0.2,SLC6A4,none
SMOKE_CITALOPRAM_20,Citalopram,BLO,P23977,0.0017879769438877,0.0018145774956792,1.0,SLC6A3,none
SMOKE_CITALOPRAM_20,Citalopram,BLO,Q9GZV3,0.0006812997162342,0.0016020840266719,0.6,SLC5A7,none
SMOKE_CITALOPRAM_20,Citalopram,BLO,P28572,0.0026030752342194,0.0026712801773101,0.8,SLC6A9,secondary
SMOKE_CITALOPRAM_20,Citalopram,BLO,P30536,-1.0874495274038054e-05,0.0008482818957418,0.6,TSPO,none
SMOKE_CITALOPRAM_20,Citalopram,BLO,P01375,0.0006350796902552,0.0006460329750552,0.8,TNF,none
SMOKE_CITALOPRAM_20,Citalopram,BLO,Q99720,0.0146780405193567,0.0132322451099753,1.0,SIGMAR1,none
SMOKE_CITALOPRAM_20,Citalopram,CAR,P35414,-0.0032770098187029,0.0070749963633716,0.4,APLNR,none
SMOKE_CITALOPRAM_20,Citalopram,CAR,P24530,-0.0001900203496916,0.0007936782203614,0.2,EDNRB,direct
SMOKE_CITALOPRAM_20,Citalopram,CAR,P30518,-0.0016089752316474,0.0028282909188419,0.4,AVPR2,secondary
SMOKE_CITALOPRAM_20,Citalopram,CAR,P35346,0.0005614020046778,0.0012527023209258,0.6,SSTR5,none
SMOKE_CITALOPRAM_20,Citalopram,CAR,Q9Y271,-0.0140514867380261,0.0096228951588273,0.2,CYSLTR1,none
SMOKE_CITALOPRAM_20,Citalopram,CAR,P34998,-0.0007433205610141,0.0023907176218926,0.6,CRHR1,none
SMOKE_CITALOPRAM_20,Citalopram,CAR,P30874,-0.0010638817911967,0.0022458343300968,0.4,SSTR2,none
SMOKE_CITALOPRAM_20,Citalopram,CAR,P34995,0.0027020678389817,0.0033621559850871,1.0,PTGER1,none
SMOKE_CITALOPRAM_20,Citalopram,CAR,P08173,0.0014354787999764,0.0021263314411044,0.6,CHRM4,direct
SMOKE_CITALOPRAM_20,Citalopram,CAR,P30988,0.0012347630690783,0.0017892478499561,0.6,CALCR,none
SMOKE_CITALOPRAM_20,Citalopram,CAR,P41595,-0.0001267306506633,0.0010580079397186,0.6,HTR2B,direct
SMOKE_CITALOPRAM_20,Citalopram,CAR,P35408,-0.0007072702283039,0.0012846599565818,0.4,PTGER4,none
SMOKE_CITALOPRAM_20,Citalopram,CAR,P21918,-0.0151832159608602,0.0131062744185328,0.0,DRD5,none
SMOKE_CITALOPRAM_20,Citalopram,CAR,P31391,-0.0046778037212789,0.0087546138092875,0.4,SSTR4,none
SMOKE_CITALOPRAM_20,Citalopram,CAR,P30968,-0.0041443333029747,0.0059934938326478,0.0,GNRHR,none
SMOKE_CITALOPRAM_20,Citalopram,CAR,P08913,-0.0004382789193186,0.0006328418385237,0.2,ADRA2A,direct
SMOKE_CITALOPRAM_20,Citalopram,CAR,Q13639,0.0011576212709769,0.0026432720478624,0.8,HTR4,direct
SMOKE_CITALOPRAM_20,Citalopram,CAR,P43116,0.0033687234390527,0.004807639401406,0.8,PTGER2,none
SMOKE_CITALOPRAM_20,Citalopram,CAR,P37288,-0.0018756918143481,0.0056878267787396,0.6,AVPR1A,direct
SMOKE_CITALOPRAM_20,Citalopram,CAR,P28222,-0.000420684373239,0.0006238992209546,0.2,HTR1B,none
SMOKE_CITALOPRAM_20,Citalopram,CAR,P32238,0.0013437994057312,0.0013288486516103,0.6,CCKAR,none
SMOKE_CITALOPRAM_20,Citalopram,CAR,P18825,-0.0003803186118602,0.000431504799053,0.2,ADRA2C,none
SMOKE_CITALOPRAM_20,Citalopram,CAR,P30872,0.0004491619765758,0.0005408829892985,0.8,SSTR1,none
SMOKE_CITALOPRAM_20,Citalopram,CAR,P47901,0.0022785165347158,0.0026193112134933,1.0,AVPR1B,secondary
SMOKE_CITALOPRAM_20,Citalopram,CAR,P25021,-0.0042458088137209,0.0065115788020193,0.4,HRH2,direct
SMOKE_CITALOPRAM_20,Citalopram,CAR,P18089,0.0024836026132106,0.0030462185386568,1.0,ADRA2B,direct
SMOKE_CITALOPRAM_20,Citalopram,CAR,P48039,-0.0079845478758215,0.0116774290800094,0.4,MTNR1A,none
SMOKE_CITALOPRAM_20,Citalopram,CAR,P49286,-0.0042254799045622,0.0057396166957914,0.2,MTNR1B,none
SMOKE_CITALOPRAM_20,Citalopram,CAR,P43088,-0.0001813307462725,0.0014599285786971,0.6,PTGFR,none
SMOKE_CITALOPRAM_20,Citalopram,CAR,P41146,0.000579310930334,0.0010194847127422,0.8,OPRL1,secondary
SMOKE_CITALOPRAM_20,Citalopram,CAR,P32745,-0.001369024044834,0.0018451972864568,0.2,SSTR3,none
SMOKE_CITALOPRAM_20,Citalopram,CAR,P08912,0.0021686791442334,0.0087863551452755,0.8,CHRM5,none
SMOKE_CITALOPRAM_20,Citalopram,CAR,P21728,-0.0019876405131071,0.0041909497231245,0.6,DRD1,none
SMOKE_CITALOPRAM_20,Citalopram,CAR,Q9UBS5,0.000901523977518,0.0031366718467324,0.4,GABBR1,none
SMOKE_CITALOPRAM_20,Citalopram,CAR,P07550,-0.0038832514546811,0.0072167813777923,0.4,ADRB2,direct
SMOKE_CITALOPRAM_20,Citalopram,CAR,P61073,-0.0031961291097104,0.0052863783203065,0.4,CXCR4,secondary
SMOKE_CITALOPRAM_20,Citalopram,CAR,P08172,-0.0017968520987778,0.0037622705567628,0.4,CHRM2,direct
SMOKE_CITALOPRAM_20,Citalopram,CAR,P08588,0.0004231259226799,0.004923487547785,0.4,ADRB1,direct
SMOKE_CITALOPRAM_20,Citalopram,CAR,P08908,0.0020215392578393,0.0013518171617761,1.0,HTR1A,none
SMOKE_CITALOPRAM_20,Citalopram,CAR,P11229,-0.0001157335937023,0.0031605763360857,0.6,CHRM1,direct
SMOKE_CITALOPRAM_20,Citalopram,CAR,P14416,-0.0009806684684008,0.006459588650614,0.6,DRD2,direct
SMOKE_CITALOPRAM_20,Citalopram,CAR,P21554,-0.0015085346531122,0.0023394343443214,0.4,CNR1,none
SMOKE_CITALOPRAM_20,Citalopram,CAR,P21917,0.000215829903027,0.0006559800822287,0.6,DRD4,secondary
SMOKE_CITALOPRAM_20,Citalopram,CAR,O43193,-5.404651346907485e-06,0.0005136337131261,0.4,MLNR,none
SMOKE_CITALOPRAM_20,Citalopram,CAR,P25100,0.0003584519145078,0.0014156531542539,0.4,ADRA1D,none
SMOKE_CITALOPRAM_20,Citalopram,CAR,P28223,0.0031616315245628,0.0079660713672637,0.8,HTR2A,direct
SMOKE_CITALOPRAM_20,Citalopram,CAR,P28335,-0.0008294709259644,0.0010599542874842,0.4,HTR2C,none
SMOKE_CITALOPRAM_20,Citalopram,CAR,P30542,0.0013808466028422,0.0018380159744992,0.6,ADORA1,direct
SMOKE_CITALOPRAM_20,Citalopram,CAR,P30556,0.0010857991874217,0.0024525471962988,0.6,AGTR1,none
SMOKE_CITALOPRAM_20,Citalopram,CAR,P35348,0.0036531402729451,0.0038870847783982,0.8,ADRA1A,direct
SMOKE_CITALOPRAM_20,Citalopram,CAR,P35367,-0.0015978545416146,0.0027488383930176,0.2,HRH1,direct
SMOKE_CITALOPRAM_20,Citalopram,CAR,P35368,-0.0021330588497221,0.0027337921783328,0.2,ADRA1B,none
SMOKE_CITALOPRAM_20,Citalopram,CAR,P21452,0.0021967112552374,0.003146456554532,0.8,TACR2,none
SMOKE_CITALOPRAM_20,Citalopram,CAR,P35372,0.0004071779549121,0.0013041152851656,0.8,OPRM1,none
SMOKE_CITALOPRAM_20,Citalopram,CAR,P35462,0.0022782641462981,0.0063890474848449,0.6,DRD3,none
SMOKE_CITALOPRAM_20,Citalopram,CAR,P41143,2.8558075428009037e-05,4.766153506352566e-05,0.8,OPRD1,direct
SMOKE_CITALOPRAM_20,Citalopram,CAR,P41145,-0.000326110428432,0.0019718781113624,0.4,OPRK1,direct
SMOKE_CITALOPRAM_20,Citalopram,CAR,P32246,-0.0009253367898054,0.0010184604907408,0.2,CCR1,none
SMOKE_CITALOPRAM_20,Citalopram,CAR,P25025,-0.0019779324065893,0.0046689882874488,0.4,CXCR2,none
SMOKE_CITALOPRAM_20,Citalopram,CAR,P20309,0.000389000022551,0.0020395300816744,0.6,CHRM3,none
SMOKE_CITALOPRAM_20,Citalopram,CAR,P13945,-0.0007129780715331,0.0015958806034177,0.4,ADRB3,none
SMOKE_CITALOPRAM_20,Citalopram,CAR,P25103,0.0012665234971791,0.001981945708394,0.6,TACR1,none
SMOKE_CITALOPRAM_20,Citalopram,CAR,P25105,0.0001110687881009,0.0002536927058827,0.8,PTAFR,direct
SMOKE_CITALOPRAM_20,Citalopram,CAR,P29274,-0.004170149564743,0.005331992637366,0.2,ADORA2A,direct
SMOKE_CITALOPRAM_20,Citalopram,CAR,P25101,0.0003617703914642,0.0003631638246588,0.8,EDNRA,none
SMOKE_CITALOPRAM_20,Citalopram,CAR,P34972,-0.0004030033887829,0.0022453072015196,0.2,CNR2,none
SMOKE_CITALOPRAM_20,Citalopram,CAR,P29275,0.0027300738729536,0.0031557267066091,1.0,ADORA2B,none
SMOKE_CITALOPRAM_20,Citalopram,CAR,P0DMS8,0.0007224910077638,0.0010562448296695,1.0,ADORA3,none
SMOKE_CITALOPRAM_20,Citalopram,CAR,P32245,0.000559126609005,0.0023657409474253,0.8,MC4R,none
SMOKE_CITALOPRAM_20,Citalopram,CAR,Q9Y5N1,-1.0542571544647217e-06,4.093497773283161e-05,0.4,HRH3,none
SMOKE_CITALOPRAM_20,Citalopram,CAR,P51681,0.000505649310071,0.0025425544008612,0.4,CCR5,none
SMOKE_CITALOPRAM_20,Citalopram,CAR,P32239,0.0020165785681456,0.0026773908175528,0.8,CCKBR,none
SMOKE_CITALOPRAM_20,Citalopram,CAR,P30543,-0.0008248329395428,0.0009605552186258,0.4,ADORA2A,direct
SMOKE_CITALOPRAM_20,Citalopram,CAR,P34969,-0.0095644351094961,0.0129110505804419,0.2,HTR7,none
SMOKE_CITALOPRAM_20,Citalopram,CAR,P30411,-2.6219338906230405e-05,0.0022982761729508,0.6,BDKRB2,none
SMOKE_CITALOPRAM_20,Citalopram,CAR,P41594,-0.0018355116480961,0.004722632933408,0.6,GRM5,secondary
SMOKE_CITALOPRAM_20,Citalopram,CAR,P50406,0.0017648413777351,0.001500983024016,1.0,HTR6,none
SMOKE_CITALOPRAM_20,Citalopram,CAR,P47898,7.526949048042297e-05,0.0002295911399414,0.6,HTR5A,none
SMOKE_CITALOPRAM_20,Citalopram,CAR,P28564,-0.0005664027994498,0.0006868591881357,0.2,HTR1B,none
SMOKE_CITALOPRAM_20,Citalopram,CAR,P43115,-0.0010805599158629,0.0093033965677022,0.2,PTGER3,none
SMOKE_CITALOPRAM_20,Citalopram,CAR,Q9H3N8,-0.0001294933317694,0.0002187249629059,0.4,HRH4,none
SMOKE_CITALOPRAM_20,Citalopram,CAR,Q9UKP6,0.000279308122117,0.0005347168189473,0.8,UTS2R,direct
SMOKE_CITALOPRAM_20,Citalopram,CAR,Q01726,-0.0022927627433091,0.002881453372538,0.2,MC1R,none
SMOKE_CITALOPRAM_20,Citalopram,CAR,Q16602,-2.665892316144891e-05,3.846955587505363e-05,0.4,CALCRL,direct
SMOKE_CITALOPRAM_20,Citalopram,CAR,P41597,0.0003389164921827,0.0046422444283962,0.2,CCR2,none
SMOKE_CITALOPRAM_20,Citalopram,CAR,P49146,-0.0014175809919834,0.0017990596825256,0.2,NPY2R,none
SMOKE_CITALOPRAM_20,Citalopram,CAR,P25024,-1.346394401480211e-05,0.0011072697816416,0.8,CXCR1,none
SMOKE_CITALOPRAM_20,Citalopram,CAR,P32247,-0.0019818730652332,0.0066614649258553,0.4,BRS3,none
SMOKE_CITALOPRAM_20,Citalopram,CAR,P30989,0.0010822780895978,0.0021897528786212,0.6,NTSR1,none
SMOKE_CITALOPRAM_20,Citalopram,CAR,P46663,-0.0007767498609609,0.0009636327158659,0.4,BDKRB1,none
SMOKE_CITALOPRAM_20,Citalopram,CAR,Q9NS75,0.0021442547440528,0.0040354416705667,0.8,CYSLTR2,none
SMOKE_CITALOPRAM_20,Citalopram,CAR,P29371,-0.0003519937454257,0.0003574312431737,0.2,TACR3,none
SMOKE_CITALOPRAM_20,Citalopram,CAR,P41587,-0.0004059374332427,0.0010266305180266,0.6,VIPR2,none
SMOKE_CITALOPRAM_20,Citalopram,CAR,P50052,0.0001393437414662,0.0006979602621868,0.2,AGTR2,none
SMOKE_CITALOPRAM_20,Citalopram,CAR,P33032,2.0562856661854312e-05,0.0001954023755388,0.6,MC5R,none
SMOKE_CITALOPRAM_20,Citalopram,CAR,Q92847,-0.0028980926144868,0.0037752299103885,0.2,GHSR,none
SMOKE_CITALOPRAM_20,Citalopram,CAR,P41968,-0.0007302686572074,0.0011601640144363,0.2,MC3R,none
SMOKE_CITALOPRAM_20,Citalopram,CAR,P25929,0.001172249787487,0.0012047964846715,1.0,NPY1R,none
SMOKE_CITALOPRAM_20,Citalopram,CAR,O43614,-0.0007191702607087,0.0018336235079914,0.6,HCRTR2,none
SMOKE_CITALOPRAM_20,Citalopram,CAR,P49238,-0.000303883862216,0.0009158198954537,0.4,CX3CR1,none
SMOKE_CITALOPRAM_20,Citalopram,CAR,O43613,0.0004209525941405,0.0014708638191223,0.8,HCRTR1,none
SMOKE_CITALOPRAM_20,Citalopram,CAR,P32241,0.0001033484950312,0.0002511518250685,0.4,VIPR1,none
SMOKE_CITALOPRAM_20,Citalopram,CAR,Q8TDU6,0.0002476639929227,0.0015643887454643,0.6,GPBAR1,none
SMOKE_CITALOPRAM_20,Citalopram,CAR,P01275,0.0010352067183703,0.0015049775829538,0.8,GCG,none
SMOKE_CITALOPRAM_20,Citalopram,CAR,Q96LB1,-0.0001336030691163,0.0004106752458028,0.4,MRGPRX2,none
SMOKE_CITALOPRAM_20,Citalopram,CAR,Q61224,0.000180539485882,0.0006968165980651,0.6,HTR1D,none
SMOKE_CITALOPRAM_20,Citalopram,CAR,O75899,-0.000671962625347,0.001942622824572,0.4,GABBR2,secondary
SMOKE_CITALOPRAM_20,Citalopram,CAR,P51787,1.95257362065604e-05,5.838772267452441e-05,0.6,KCNQ1,direct
SMOKE_CITALOPRAM_20,Citalopram,CAR,P43681,0.0002271123230457,0.002663095947355,0.6,CHRNA4,direct
SMOKE_CITALOPRAM_20,Citalopram,CAR,P46098,-0.0042874692007899,0.005295262672007,0.2,HTR3A,direct
SMOKE_CITALOPRAM_20,Citalopram,CAR,Q13936,0.0007532105082646,0.001000415883027,1.0,CACNA1C,direct
SMOKE_CITALOPRAM_20,Citalopram,CAR,P14867,-5.998984124744311e-05,0.0003423069720156,0.4,GABRA1,none
SMOKE_CITALOPRAM_20,Citalopram,CAR,Q14524,-0.0001780487655196,0.0004966610576957,0.6,SCN5A,direct
SMOKE_CITALOPRAM_20,Citalopram,CAR,Q05586,-0.0016090966528281,0.0054300474002957,0.4,GRIN1,direct
SMOKE_CITALOPRAM_20,Citalopram,CAR,Q92952,0.0003448642673902,0.0004038958868477,0.8,KCNN1,none
SMOKE_CITALOPRAM_20,Citalopram,CAR,Q12809,0.0038558579981327,0.0053671994246542,0.8,KCNH2,direct
SMOKE_CITALOPRAM_20,Citalopram,CAR,P56373,-0.0014476455980911,0.0040342658758163,0.4,P2RX3,direct
SMOKE_CITALOPRAM_20,Citalopram,CAR,P07727,-0.0002377688942942,0.0018587654922157,0.6,GLRA1,none
SMOKE_CITALOPRAM_20,Citalopram,CAR,Q9UGI6,-4.4836848246632144e-05,7.960715447552502e-05,0.2,KCNN3,none
SMOKE_CITALOPRAM_20,Citalopram,CAR,P22002,6.766021397197619e-05,8.131946378853172e-05,0.8,CACNA1C,direct
SMOKE_CITALOPRAM_20,Citalopram,CAR,Q99250,0.0016134418547153,0.0018453350057825,0.8,SCN2A,direct
SMOKE_CITALOPRAM_20,Citalopram,CAR,Q9H2S1,0.0003410443605389,0.0003807834291364,0.8,KCNN2,none
SMOKE_CITALOPRAM_20,Citalopram,CAR,Q99572,0.000686191022396,0.0012456474360078,0.8,P2RX7,direct
SMOKE_CITALOPRAM_20,Citalopram,CAR,P02708,8.660182356834412e-05,0.0007095994078554,0.6,CHRNA1,direct
SMOKE_CITALOPRAM_20,Citalopram,CAR,Q02294,-0.0005304433288984,0.0011204651091247,0.4,CACNA1B,none
SMOKE_CITALOPRAM_20,Citalopram,CAR,P18507,0.0007813818519935,0.0007606650469824,0.8,GABRG2,none
SMOKE_CITALOPRAM_20,Citalopram,CAR,P12821,-0.0006797626847401,0.002712951041758,0.6,ACE,direct
SMOKE_CITALOPRAM_20,Citalopram,CAR,P21397,0.001600345945917,0.0052125421352684,0.6,MAOA,none
SMOKE_CITALOPRAM_20,Citalopram,CAR,P27338,-0.0024223297368735,0.006779960822314,0.4,MAOB,none
SMOKE_CITALOPRAM_20,Citalopram,CAR,P22303,0.0016785152256488,0.0019143647514283,0.6,ACHE,direct
SMOKE_CITALOPRAM_20,Citalopram,CAR,P23219,-0.0007270567002706,0.0013524021487683,0.2,PTGS1,none
SMOKE_CITALOPRAM_20,Citalopram,CAR,P35354,0.0003080666065216,0.0023475664202123,0.4,PTGS2,direct
SMOKE_CITALOPRAM_20,Citalopram,CAR,P42574,-0.0003040269075427,0.0010889492696151,0.4,CASP3,none
SMOKE_CITALOPRAM_20,Citalopram,CAR,Q14432,0.0006265811389312,0.0014737688470631,0.6,PDE3A,direct
SMOKE_CITALOPRAM_20,Citalopram,CAR,P07339,0.000263194728177,0.0004222527786623,0.8,CTSD,none
SMOKE_CITALOPRAM_20,Citalopram,CAR,O00408,-0.0002443127450533,0.0065308939665555,0.6,PDE2A,secondary
SMOKE_CITALOPRAM_20,Citalopram,CAR,Q08499,-0.0067142667248845,0.0063304547220468,0.2,PDE4D,none
SMOKE_CITALOPRAM_20,Citalopram,CAR,Q13370,-0.0001567423314554,0.00813789665699,0.8,PDE3B,secondary
SMOKE_CITALOPRAM_20,Citalopram,CAR,P14780,0.0020596727263182,0.0022410203237086,0.8,MMP9,none
SMOKE_CITALOPRAM_20,Citalopram,CAR,P03956,-0.0019449874525889,0.0018623218638822,0.2,MMP1,none
SMOKE_CITALOPRAM_20,Citalopram,CAR,P08253,0.0005198403960093,0.0007598920492455,0.6,MMP2,none
SMOKE_CITALOPRAM_20,Citalopram,CAR,Q9UDY8,0.00055817887187,0.0041835703887045,0.6,MALT1,none
SMOKE_CITALOPRAM_20,Citalopram,CAR,P80457,0.0007243014988489,0.0009166917880065,0.8,XDH,none
SMOKE_CITALOPRAM_20,Citalopram,CAR,Q9BYF1,-0.0046213595196604,0.0073195905424654,0.4,ACE2,none
SMOKE_CITALOPRAM_20,Citalopram,CAR,P08311,0.0009619258344173,0.0011272226693108,0.8,CTSG,none
SMOKE_CITALOPRAM_20,Citalopram,CAR,P56817,2.704486178117804e-05,0.0002633159747347,0.4,BACE1,none
SMOKE_CITALOPRAM_20,Citalopram,CAR,P00519,7.322579767787829e-05,0.0008358639315702,0.6,ABL1,direct
SMOKE_CITALOPRAM_20,Citalopram,CAR,P17948,-8.666515350341797e-05,0.0005169062060303,0.6,FLT1,none
SMOKE_CITALOPRAM_20,Citalopram,CAR,P10721,1.0709464731917253e-05,1.769727714417968e-05,0.6,KIT,none
SMOKE_CITALOPRAM_20,Citalopram,CAR,P06213,-0.0001129589945776,0.000241474903305,0.2,INSR,none
SMOKE_CITALOPRAM_20,Citalopram,CAR,P00533,7.725134491920471e-05,0.0001957003260031,0.6,EGFR,none
SMOKE_CITALOPRAM_20,Citalopram,CAR,Q96GD4,-0.0008356220787391,0.0009770540054887,0.4,AURKB,none
SMOKE_CITALOPRAM_20,Citalopram,CAR,P06239,-0.0006610676646232,0.0006491262465715,0.2,LCK,none
SMOKE_CITALOPRAM_20,Citalopram,CAR,Q16539,0.0017489626770839,0.0044467938132584,0.4,MAPK14,none
SMOKE_CITALOPRAM_20,Citalopram,CAR,P49841,-0.0028891377151012,0.004384639672935,0.2,GSK3B,none
SMOKE_CITALOPRAM_20,Citalopram,CAR,P12931,-0.0003065206110477,0.0015675323083996,0.6,SRC,secondary
SMOKE_CITALOPRAM_20,Citalopram,CAR,Q05397,-0.0005145519971847,0.0007722786976955,0.2,PTK2,none
SMOKE_CITALOPRAM_20,Citalopram,CAR,P35968,-0.003390397876501,0.0045635881833732,0.0,KDR,none
SMOKE_CITALOPRAM_20,Citalopram,CAR,P43403,0.0009257934871129,0.0011356257600709,0.8,ZAP70,none
SMOKE_CITALOPRAM_20,Citalopram,CAR,P04629,0.0061547919176518,0.0072972592897713,0.8,NTRK1,secondary
SMOKE_CITALOPRAM_20,Citalopram,CAR,P49840,-0.0007452443242073,0.0018284971592947,0.4,GSK3A,none
SMOKE_CITALOPRAM_20,Citalopram,CAR,O75116,-0.0005757786566391,0.0017109146574512,0.6,ROCK2,none
SMOKE_CITALOPRAM_20,Citalopram,CAR,P17252,-0.002269085496664,0.0029432054143399,0.0,PRKCA,secondary
SMOKE_CITALOPRAM_20,Citalopram,CAR,P24941,-0.0042349793948233,0.0054751052521169,0.2,CDK2,none
SMOKE_CITALOPRAM_20,Citalopram,CAR,Q13464,0.0027572116814553,0.0041086683049798,0.8,ROCK1,none
SMOKE_CITALOPRAM_20,Citalopram,CAR,P48736,0.0004870131670031,0.0005694259307347,0.6,PIK3CG,secondary
SMOKE_CITALOPRAM_20,Citalopram,CAR,O14733,5.331784632289782e-05,0.0018340982496738,0.2,MAP2K7,none
SMOKE_CITALOPRAM_20,Citalopram,CAR,Q13315,-0.0020076401997357,0.006542420014739,0.4,ATM,none
SMOKE_CITALOPRAM_20,Citalopram,CAR,P07948,0.0019757046829909,0.0023619756102561,0.6,LYN,none
SMOKE_CITALOPRAM_20,Citalopram,CAR,P28482,2.717822826525662e-05,0.0010683212894946,0.4,MAPK1,none
SMOKE_CITALOPRAM_20,Citalopram,CAR,Q9UQM7,-0.0012701973319053,0.0028085941448807,0.4,CAMK2A,secondary
SMOKE_CITALOPRAM_20,Citalopram,CAR,O14965,0.0017691798275336,0.0040639257058501,0.4,AURKA,none
SMOKE_CITALOPRAM_20,Citalopram,CAR,Q15118,0.0005976423854008,0.0028615570627152,0.4,PDK1,none
SMOKE_CITALOPRAM_20,Citalopram,CAR,Q8TDR2,0.001556386006996,0.0014201621524989,1.0,STK35,none
SMOKE_CITALOPRAM_20,Citalopram,CAR,P10275,-0.0002134174137609,0.0025342018343508,0.4,AR,none
SMOKE_CITALOPRAM_20,Citalopram,CAR,P04150,0.0019296400714665,0.0032081669196486,0.6,NR3C1,direct
SMOKE_CITALOPRAM_20,Citalopram,CAR,P10276,0.0017218865687027,0.0050754626281559,0.6,RARA,none
SMOKE_CITALOPRAM_20,Citalopram,CAR,P03372,0.0052371160127222,0.0051781060174107,1.0,ESR1,none
SMOKE_CITALOPRAM_20,Citalopram,CAR,P19793,-0.0036794678308069,0.005004855338484,0.2,RXRA,none
SMOKE_CITALOPRAM_20,Citalopram,CAR,P06401,0.0069395503960549,0.0080865919589996,0.8,PGR,none
SMOKE_CITALOPRAM_20,Citalopram,CAR,P37231,-0.0040863356553018,0.0055859121493995,0.4,PPARG,direct
SMOKE_CITALOPRAM_20,Citalopram,CAR,Q92731,-0.003338084090501,0.0265691522508859,0.8,ESR2,none
SMOKE_CITALOPRAM_20,Citalopram,CAR,P55055,-0.0072383643127977,0.0133917797356843,0.6,NR1H2,none
SMOKE_CITALOPRAM_20,Citalopram,CAR,P30531,-0.0031955577433109,0.0045074163936078,0.2,SLC6A1,secondary
SMOKE_CITALOPRAM_20,Citalopram,CAR,P23975,-0.0050268759950995,0.0088405031710863,0.4,SLC6A2,direct
SMOKE_CITALOPRAM_20,Citalopram,CAR,P31645,0.0018871880602091,0.0021766603458672,0.8,SLC6A4,none
SMOKE_CITALOPRAM_20,Citalopram,CAR,Q01959,0.002674889517948,0.0026981455739587,1.0,SLC6A3,none
SMOKE_CITALOPRAM_20,Citalopram,CAR,P31652,-0.0002669029054231,0.0003022569871973,0.4,SLC6A4,none
SMOKE_CITALOPRAM_20,Citalopram,CAR,P23977,0.0014583952724933,0.00166598521173,0.8,SLC6A3,none
SMOKE_CITALOPRAM_20,Citalopram,CAR,Q9GZV3,0.0001670673518674,0.0005771375726908,0.6,SLC5A7,none
SMOKE_CITALOPRAM_20,Citalopram,CAR,P28572,0.0017171070212498,0.0018838855903595,1.0,SLC6A9,none
SMOKE_CITALOPRAM_20,Citalopram,CAR,P30536,0.0007482416694983,0.002289718016982,0.4,TSPO,none
SMOKE_CITALOPRAM_20,Citalopram,CAR,P01375,0.0002949155750684,0.0003474937402643,0.8,TNF,none
SMOKE_CITALOPRAM_20,Citalopram,CAR,Q99720,0.0112749058753252,0.0141559960320591,0.8,SIGMAR1,none
SMOKE_CITALOPRAM_20,Citalopram,EAR,P35414,-0.0001249555498361,0.0017387151019647,0.6,APLNR,none
SMOKE_CITALOPRAM_20,Citalopram,EAR,P24530,-0.0001313425600528,0.0004400653415359,0.2,EDNRB,none
SMOKE_CITALOPRAM_20,Citalopram,EAR,P30518,-0.000560701242648,0.0010214087087661,0.4,AVPR2,none
SMOKE_CITALOPRAM_20,Citalopram,EAR,P35346,0.0003749810275621,0.0010127035202458,0.6,SSTR5,none
SMOKE_CITALOPRAM_20,Citalopram,EAR,Q9Y271,-0.0073503307066857,0.0035412588622421,0.0,CYSLTR1,none
SMOKE_CITALOPRAM_20,Citalopram,EAR,P34998,-0.0006942398613318,0.0005436824867501,0.0,CRHR1,none
SMOKE_CITALOPRAM_20,Citalopram,EAR,P30874,-0.0002237550943391,0.0004050449060741,0.4,SSTR2,none
SMOKE_CITALOPRAM_20,Citalopram,EAR,P34995,0.000991754932329,0.0005588873755186,1.0,PTGER1,none
SMOKE_CITALOPRAM_20,Citalopram,EAR,P08173,0.0006115880096331,0.0006562751950696,1.0,CHRM4,none
SMOKE_CITALOPRAM_20,Citalopram,EAR,P30988,0.0004839479806832,0.0004582875408232,1.0,CALCR,none
SMOKE_CITALOPRAM_20,Citalopram,EAR,P41595,-0.000181925293873,0.0005097830435261,0.4,HTR2B,none
SMOKE_CITALOPRAM_20,Citalopram,EAR,P35408,-0.0001818865566747,0.0002979312266688,0.2,PTGER4,none
SMOKE_CITALOPRAM_20,Citalopram,EAR,P21918,-0.0057895355857908,0.0041466415859758,0.0,DRD5,none
SMOKE_CITALOPRAM_20,Citalopram,EAR,P31391,-0.0015159242320805,0.0021368265151977,0.2,SSTR4,none
SMOKE_CITALOPRAM_20,Citalopram,EAR,P30968,-0.0014765501255169,0.0021038800477981,0.2,GNRHR,none
SMOKE_CITALOPRAM_20,Citalopram,EAR,P08913,-0.0001276001275982,5.9259746194584295e-05,0.0,ADRA2A,none
SMOKE_CITALOPRAM_20,Citalopram,EAR,Q13639,1.5437602996826172e-05,0.0009737345972098,0.8,HTR4,none
SMOKE_CITALOPRAM_20,Citalopram,EAR,P43116,0.001022296026349,0.0008703070925548,0.8,PTGER2,none
SMOKE_CITALOPRAM_20,Citalopram,EAR,P37288,-0.00072167662438,0.0015179775655269,0.6,AVPR1A,none
SMOKE_CITALOPRAM_20,Citalopram,EAR,P28222,-0.0003263562975917,0.0002840437518898,0.2,HTR1B,none
SMOKE_CITALOPRAM_20,Citalopram,EAR,P32238,-1.797601544240024e-05,0.0005627797218039,0.4,CCKAR,none
SMOKE_CITALOPRAM_20,Citalopram,EAR,P18825,-0.0001602210104465,0.0001660414709476,0.2,ADRA2C,none
SMOKE_CITALOPRAM_20,Citalopram,EAR,P30872,0.0001008838444249,0.0001375843421556,0.8,SSTR1,none
SMOKE_CITALOPRAM_20,Citalopram,EAR,P47901,0.0002131827204721,0.0007824945496395,0.6,AVPR1B,none
SMOKE_CITALOPRAM_20,Citalopram,EAR,P25021,-0.0013469464611262,0.0012397816171869,0.2,HRH2,none
SMOKE_CITALOPRAM_20,Citalopram,EAR,P18089,0.0012739945668727,0.0009962196927517,1.0,ADRA2B,none
SMOKE_CITALOPRAM_20,Citalopram,EAR,P48039,-0.001977254403755,0.0025507274549454,0.2,MTNR1A,none
SMOKE_CITALOPRAM_20,Citalopram,EAR,P49286,-0.0004666440072469,0.0005918492097407,0.2,MTNR1B,none
SMOKE_CITALOPRAM_20,Citalopram,EAR,P43088,0.0004248391778673,0.0004184866556897,0.8,PTGFR,none
SMOKE_CITALOPRAM_20,Citalopram,EAR,P41146,0.0003351904451847,0.0004951736773364,0.8,OPRL1,none
SMOKE_CITALOPRAM_20,Citalopram,EAR,P32745,-0.0003321170806884,0.0004064129025209,0.4,SSTR3,none
SMOKE_CITALOPRAM_20,Citalopram,EAR,P08912,-7.314979939110344e-06,0.002291100565344,0.4,CHRM5,none
SMOKE_CITALOPRAM_20,Citalopram,EAR,P21728,-0.0008782975492067,0.0016377021092921,0.4,DRD1,none
SMOKE_CITALOPRAM_20,Citalopram,EAR,Q9UBS5,-0.0001861304044723,0.0003839942219201,0.4,GABBR1,none
SMOKE_CITALOPRAM_20,Citalopram,EAR,P07550,-0.0008899889653548,0.0018405236769467,0.4,ADRB2,none
SMOKE_CITALOPRAM_20,Citalopram,EAR,P61073,-0.0010030142730101,0.0014932125341147,0.4,CXCR4,none
SMOKE_CITALOPRAM_20,Citalopram,EAR,P08172,-0.0009034648537635,0.0009459406137466,0.2,CHRM2,none
SMOKE_CITALOPRAM_20,Citalopram,EAR,P08588,0.0006793424254283,0.0017455648630857,0.8,ADRB1,none
SMOKE_CITALOPRAM_20,Citalopram,EAR,P08908,0.0007894270238466,0.0008074548677541,0.8,HTR1A,none
SMOKE_CITALOPRAM_20,Citalopram,EAR,P11229,0.000123364108731,0.0010482321958988,0.6,CHRM1,none
SMOKE_CITALOPRAM_20,Citalopram,EAR,P14416,-0.0029905117116868,0.0038118541706353,0.2,DRD2,none
SMOKE_CITALOPRAM_20,Citalopram,EAR,P21554,-0.000742501753848,0.0007054190500639,0.0,CNR1,none
SMOKE_CITALOPRAM_20,Citalopram,EAR,P21917,0.0006810080376453,0.0008729341207072,0.6,DRD4,none
SMOKE_CITALOPRAM_20,Citalopram,EAR,O43193,-4.47764978162013e-05,0.0003280255477875,0.4,MLNR,none
SMOKE_CITALOPRAM_20,Citalopram,EAR,P25100,0.0002460599062032,0.0003141839115414,0.8,ADRA1D,none
SMOKE_CITALOPRAM_20,Citalopram,EAR,P28223,0.0005321688950061,0.0015809927135705,0.8,HTR2A,none
SMOKE_CITALOPRAM_20,Citalopram,EAR,P28335,-0.0002363830863032,0.0003025062615051,0.2,HTR2C,none
SMOKE_CITALOPRAM_20,Citalopram,EAR,P30542,0.0006276361527852,0.0005246989894658,0.8,ADORA1,none
SMOKE_CITALOPRAM_20,Citalopram,EAR,P30556,0.0004179321113042,0.0007352637476287,0.8,AGTR1,none
SMOKE_CITALOPRAM_20,Citalopram,EAR,P35348,0.0029197260737419,0.0026763840578496,0.8,ADRA1A,none
SMOKE_CITALOPRAM_20,Citalopram,EAR,P35367,-0.0011441446840763,0.0008826699340716,0.0,HRH1,none
SMOKE_CITALOPRAM_20,Citalopram,EAR,P35368,-0.0004253119113855,0.0006022004527039,0.4,ADRA1B,none
SMOKE_CITALOPRAM_20,Citalopram,EAR,P21452,0.0012002360308542,0.0007059514755383,1.0,TACR2,none
SMOKE_CITALOPRAM_20,Citalopram,EAR,P35372,0.0003222949744667,0.0006130936671979,0.8,OPRM1,none
SMOKE_CITALOPRAM_20,Citalopram,EAR,P35462,0.0009260497754439,0.003165042027831,0.8,DRD3,none
SMOKE_CITALOPRAM_20,Citalopram,EAR,P41143,1.301988959312439e-05,2.325895729882177e-05,0.8,OPRD1,none
SMOKE_CITALOPRAM_20,Citalopram,EAR,P41145,0.0001510359288658,0.0008297379827126,0.4,OPRK1,none
SMOKE_CITALOPRAM_20,Citalopram,EAR,P32246,-0.0003751292824745,0.0005208617076277,0.2,CCR1,none
SMOKE_CITALOPRAM_20,Citalopram,EAR,P25025,-0.0006421640282496,0.0012940935557708,0.0,CXCR2,none
SMOKE_CITALOPRAM_20,Citalopram,EAR,P20309,-0.0006392992800101,0.0010953537421301,0.2,CHRM3,none
SMOKE_CITALOPRAM_20,Citalopram,EAR,P13945,-0.0001603014825377,0.000734367466066,0.4,ADRB3,none
SMOKE_CITALOPRAM_20,Citalopram,EAR,P25103,0.0006820484995841,0.0009505308698862,0.8,TACR1,none
SMOKE_CITALOPRAM_20,Citalopram,EAR,P25105,9.022652989187918e-07,5.050644904258661e-05,0.4,PTAFR,none
SMOKE_CITALOPRAM_20,Citalopram,EAR,P29274,-0.0021261633373796,0.0010891210986301,0.0,ADORA2A,none
SMOKE_CITALOPRAM_20,Citalopram,EAR,P25101,0.0004976343479938,0.0002149087085854,1.0,EDNRA,none
SMOKE_CITALOPRAM_20,Citalopram,EAR,P34972,-0.0006859440472908,0.0015006177127361,0.2,CNR2,none
SMOKE_CITALOPRAM_20,Citalopram,EAR,P29275,0.0015433129156008,0.0013359998119994,1.0,ADORA2B,none
SMOKE_CITALOPRAM_20,Citalopram,EAR,P0DMS8,0.0001432608842151,0.0006507434300146,0.6,ADORA3,none
SMOKE_CITALOPRAM_20,Citalopram,EAR,P32245,0.0003908116486854,0.0003607234975788,1.0,MC4R,none
SMOKE_CITALOPRAM_20,Citalopram,EAR,Q9Y5N1,-6.768107596144546e-06,8.705306754563935e-06,0.2,HRH3,none
SMOKE_CITALOPRAM_20,Citalopram,EAR,P51681,0.0003028072533197,0.000858727726154,0.6,CCR5,none
SMOKE_CITALOPRAM_20,Citalopram,EAR,P32239,0.000431499996921,0.0006897338316775,0.6,CCKBR,none
SMOKE_CITALOPRAM_20,Citalopram,EAR,P30543,-0.0001997813524212,0.0003033659304492,0.2,ADORA2A,none
SMOKE_CITALOPRAM_20,Citalopram,EAR,P34969,-0.0040763369761407,0.0038606522139161,0.0,HTR7,none
SMOKE_CITALOPRAM_20,Citalopram,EAR,P30411,3.2176078093471006e-05,0.0010242677526548,0.8,BDKRB2,none
SMOKE_CITALOPRAM_20,Citalopram,EAR,P41594,-0.0013804708141833,0.0024835641961544,0.2,GRM5,none
SMOKE_CITALOPRAM_20,Citalopram,EAR,P50406,0.0001120395972975,0.0002539759152568,0.6,HTR6,none
SMOKE_CITALOPRAM_20,Citalopram,EAR,P47898,-1.6233325368375517e-05,8.84846449480392e-05,0.6,HTR5A,none
SMOKE_CITALOPRAM_20,Citalopram,EAR,P28564,-6.725266575813293e-05,0.0004116436466574,0.4,HTR1B,none
SMOKE_CITALOPRAM_20,Citalopram,EAR,P43115,-0.0012698583304882,0.0021131511311978,0.4,PTGER3,none
SMOKE_CITALOPRAM_20,Citalopram,EAR,Q9H3N8,4.878714753431268e-05,7.427290984196588e-05,0.6,HRH4,none
SMOKE_CITALOPRAM_20,Citalopram,EAR,Q9UKP6,0.0003390751662664,0.0001886818645289,1.0,UTS2R,none
SMOKE_CITALOPRAM_20,Citalopram,EAR,Q01726,-0.0005692489212378,0.0006685605621896,0.2,MC1R,none
SMOKE_CITALOPRAM_20,Citalopram,EAR,Q16602,-1.2330710887908936e-05,1.3421900803223252e-05,0.2,CALCRL,none
SMOKE_CITALOPRAM_20,Citalopram,EAR,P41597,0.0007790319505147,0.0019029397517442,0.4,CCR2,none
SMOKE_CITALOPRAM_20,Citalopram,EAR,P49146,-0.000312575692078,0.0005014087073504,0.4,NPY2R,none
SMOKE_CITALOPRAM_20,Citalopram,EAR,P25024,0.0001113757462007,0.0004348111979197,0.6,CXCR1,none
SMOKE_CITALOPRAM_20,Citalopram,EAR,P32247,0.0006781116244383,0.0019238042877987,0.8,BRS3,none
SMOKE_CITALOPRAM_20,Citalopram,EAR,P30989,0.0007423434290103,0.0008260354516096,0.8,NTSR1,none
SMOKE_CITALOPRAM_20,Citalopram,EAR,P46663,-0.0002991892397403,0.0002365041000302,0.0,BDKRB1,none
SMOKE_CITALOPRAM_20,Citalopram,EAR,Q9NS75,0.0006231520092114,0.0011819031788036,0.8,CYSLTR2,none
SMOKE_CITALOPRAM_20,Citalopram,EAR,P29371,1.8843264115275812e-05,0.00041956154746,0.4,TACR3,none
SMOKE_CITALOPRAM_20,Citalopram,EAR,P41587,0.000160916155437,0.000537660147529,0.4,VIPR2,none
SMOKE_CITALOPRAM_20,Citalopram,EAR,P50052,0.0002982586738653,0.0002638102741912,0.8,AGTR2,none
SMOKE_CITALOPRAM_20,Citalopram,EAR,P33032,-4.208833161101211e-06,0.0001026564714265,0.6,MC5R,none
SMOKE_CITALOPRAM_20,Citalopram,EAR,Q92847,-0.0009400442359037,0.000821967900265,0.0,GHSR,none
SMOKE_CITALOPRAM_20,Citalopram,EAR,P41968,-0.0002323172957403,0.0001419689215254,0.0,MC3R,none
SMOKE_CITALOPRAM_20,Citalopram,EAR,P25929,-0.0001392051635775,0.0004083775274921,0.6,NPY1R,none
SMOKE_CITALOPRAM_20,Citalopram,EAR,O43614,-0.0005095020169392,0.0010178728261962,0.2,HCRTR2,none
SMOKE_CITALOPRAM_20,Citalopram,EAR,P49238,-0.000165078046848,0.0001349154044874,0.0,CX3CR1,none
SMOKE_CITALOPRAM_20,Citalopram,EAR,O43613,-2.6248395442962646e-05,0.0009221041691489,0.6,HCRTR1,none
SMOKE_CITALOPRAM_20,Citalopram,EAR,P32241,2.2820382582722232e-05,7.001410267548636e-05,0.6,VIPR1,none
SMOKE_CITALOPRAM_20,Citalopram,EAR,Q8TDU6,4.336237907409668e-06,0.0005002513062208,0.6,GPBAR1,none
SMOKE_CITALOPRAM_20,Citalopram,EAR,P01275,0.0004214163927827,0.0003514541895128,0.8,GCG,none
SMOKE_CITALOPRAM_20,Citalopram,EAR,Q96LB1,-5.424022901934222e-07,0.0001011683998513,0.6,MRGPRX2,none
SMOKE_CITALOPRAM_20,Citalopram,EAR,Q61224,4.197507951175794e-05,0.0002174105029553,0.4,HTR1D,none
SMOKE_CITALOPRAM_20,Citalopram,EAR,O75899,-0.0006923146429471,0.0013405053177848,0.2,GABBR2,none
SMOKE_CITALOPRAM_20,Citalopram,EAR,P51787,-8.039176577767648e-07,1.8456014004186727e-05,0.4,KCNQ1,secondary
SMOKE_CITALOPRAM_20,Citalopram,EAR,P43681,-0.0002904854773078,0.0004903431981801,0.4,CHRNA4,none
SMOKE_CITALOPRAM_20,Citalopram,EAR,P46098,-0.0011628553038462,0.0009840507991611,0.2,HTR3A,none
SMOKE_CITALOPRAM_20,Citalopram,EAR,Q13936,0.0003472477255854,0.0002740772615652,1.0,CACNA1C,none
SMOKE_CITALOPRAM_20,Citalopram,EAR,P14867,-9.24915093492018e-06,8.437586802756414e-05,0.4,GABRA1,none
SMOKE_CITALOPRAM_20,Citalopram,EAR,Q14524,-5.117058753967285e-05,0.0001938846689881,0.6,SCN5A,none
SMOKE_CITALOPRAM_20,Citalopram,EAR,Q05586,0.0003676045744214,0.0011018754448741,0.6,GRIN1,none
SMOKE_CITALOPRAM_20,Citalopram,EAR,Q92952,0.0003970343677792,0.0003737694059964,1.0,KCNN1,none
SMOKE_CITALOPRAM_20,Citalopram,EAR,Q12809,0.0015824784059077,0.0020381978247314,1.0,KCNH2,none
SMOKE_CITALOPRAM_20,Citalopram,EAR,P56373,-0.0004728864878416,0.0008319184416905,0.2,P2RX3,none
SMOKE_CITALOPRAM_20,Citalopram,EAR,P07727,-0.0004582114634104,0.0005221238243393,0.2,GLRA1,none
SMOKE_CITALOPRAM_20,Citalopram,EAR,Q9UGI6,-2.649724410730414e-05,2.895847865147516e-05,0.2,KCNN3,none
SMOKE_CITALOPRAM_20,Citalopram,EAR,P22002,5.871206667507067e-05,6.891968951094896e-05,0.6,CACNA1C,none
SMOKE_CITALOPRAM_20,Citalopram,EAR,Q99250,0.000974778435193,0.0009433610248379,1.0,SCN2A,none
SMOKE_CITALOPRAM_20,Citalopram,EAR,Q9H2S1,3.281235694885254e-05,0.0001967992720892,0.6,KCNN2,none
SMOKE_CITALOPRAM_20,Citalopram,EAR,Q99572,-0.0001681625872151,0.0006905260379426,0.6,P2RX7,none
SMOKE_CITALOPRAM_20,Citalopram,EAR,P02708,0.0001981437235372,0.0002002181718125,0.8,CHRNA1,none
SMOKE_CITALOPRAM_20,Citalopram,EAR,Q02294,-5.400180816650391e-05,0.0001963765971595,0.4,CACNA1B,none
SMOKE_CITALOPRAM_20,Citalopram,EAR,P18507,0.0004880249616689,0.0004932266892865,0.8,GABRG2,none
SMOKE_CITALOPRAM_20,Citalopram,EAR,P12821,0.000661184254568,0.0012643208028748,0.6,ACE,none
SMOKE_CITALOPRAM_20,Citalopram,EAR,P21397,0.0018055945402011,0.0014322770293802,0.8,MAOA,none
SMOKE_CITALOPRAM_20,Citalopram,EAR,P27338,0.0010632835328578,0.0021673173177987,0.6,MAOB,none
SMOKE_CITALOPRAM_20,Citalopram,EAR,P22303,0.0006409201887436,0.0007079447968862,0.8,ACHE,none
SMOKE_CITALOPRAM_20,Citalopram,EAR,P23219,-0.0002403207181487,0.0003945484349969,0.4,PTGS1,none
SMOKE_CITALOPRAM_20,Citalopram,EAR,P35354,0.0002603948232717,0.0008746123639866,0.6,PTGS2,none
SMOKE_CITALOPRAM_20,Citalopram,EAR,P42574,-0.0001784116029739,0.0001571068278281,0.0,CASP3,none
SMOKE_CITALOPRAM_20,Citalopram,EAR,Q14432,0.0001882586657302,0.0006039851577952,0.6,PDE3A,none
SMOKE_CITALOPRAM_20,Citalopram,EAR,P07339,0.0001360103487968,0.0001495962787885,0.8,CTSD,none
SMOKE_CITALOPRAM_20,Citalopram,EAR,O00408,0.0009126998484134,0.0013656190130859,0.6,PDE2A,none
SMOKE_CITALOPRAM_20,Citalopram,EAR,Q08499,-0.0038169026374816,0.0022828250657767,0.0,PDE4D,none
SMOKE_CITALOPRAM_20,Citalopram,EAR,Q13370,0.0005539703997783,0.0021786547731608,0.4,PDE3B,none
SMOKE_CITALOPRAM_20,Citalopram,EAR,P14780,0.0006493337568826,0.0012179919285699,0.8,MMP9,none
SMOKE_CITALOPRAM_20,Citalopram,EAR,P03956,-0.0009362436830997,0.0005962880095466,0.0,MMP1,none
SMOKE_CITALOPRAM_20,Citalopram,EAR,P08253,0.000184195494512,0.0002362715604249,0.8,MMP2,none
SMOKE_CITALOPRAM_20,Citalopram,EAR,Q9UDY8,0.0003061290772166,0.0019982839003205,0.6,MALT1,none
SMOKE_CITALOPRAM_20,Citalopram,EAR,P80457,0.0001935802429215,0.0006448000203818,0.8,XDH,none
SMOKE_CITALOPRAM_20,Citalopram,EAR,Q9BYF1,-0.0011914633214473,0.0014357581967487,0.2,ACE2,none
SMOKE_CITALOPRAM_20,Citalopram,EAR,P08311,0.0004236251115798,0.000267462368356,1.0,CTSG,none
SMOKE_CITALOPRAM_20,Citalopram,EAR,P56817,-4.468858242034912e-05,6.549756653839722e-05,0.4,BACE1,none
SMOKE_CITALOPRAM_20,Citalopram,EAR,P00519,0.0009052231907844,0.0018568594241514,0.6,ABL1,none
SMOKE_CITALOPRAM_20,Citalopram,EAR,P17948,-0.0001332543761236,0.0001522063394077,0.2,FLT1,none
SMOKE_CITALOPRAM_20,Citalopram,EAR,P10721,4.002451987616951e-06,5.502412022906356e-06,0.8,KIT,none
SMOKE_CITALOPRAM_20,Citalopram,EAR,P06213,-0.0001647286117076,7.693468069192022e-05,0.0,INSR,none
SMOKE_CITALOPRAM_20,Citalopram,EAR,P00533,0.0001553572656121,0.0003236933844164,0.8,EGFR,none
SMOKE_CITALOPRAM_20,Citalopram,EAR,Q96GD4,-0.0004466012178454,0.0003633771266322,0.0,AURKB,none
SMOKE_CITALOPRAM_20,Citalopram,EAR,P06239,-0.0006014831596985,0.0013325749896466,0.6,LCK,none
SMOKE_CITALOPRAM_20,Citalopram,EAR,Q16539,-0.0001689121127128,0.0015633525326848,0.4,MAPK14,none
SMOKE_CITALOPRAM_20,Citalopram,EAR,P49841,-0.0007944278186187,0.000366661028238,0.0,GSK3B,none
SMOKE_CITALOPRAM_20,Citalopram,EAR,P12931,8.11867430456914e-05,0.0005259919562377,0.6,SRC,none
SMOKE_CITALOPRAM_20,Citalopram,EAR,Q05397,-0.000281780201476,0.0001574045745655,0.0,PTK2,none
SMOKE_CITALOPRAM_20,Citalopram,EAR,P35968,-0.0013127364218235,0.0010029905242845,0.0,KDR,none
SMOKE_CITALOPRAM_20,Citalopram,EAR,P43403,0.0002192761749029,0.0010076984763145,0.8,ZAP70,none
SMOKE_CITALOPRAM_20,Citalopram,EAR,P04629,0.0022887983359396,0.0015533547848463,1.0,NTRK1,none
SMOKE_CITALOPRAM_20,Citalopram,EAR,P49840,-1.5170126971497666e-05,0.0005277986638247,0.4,GSK3A,none
SMOKE_CITALOPRAM_20,Citalopram,EAR,O75116,-0.0002291597484145,0.0003811900387518,0.4,ROCK2,none
SMOKE_CITALOPRAM_20,Citalopram,EAR,P17252,-0.0013647868763655,0.0008526251767762,0.0,PRKCA,none
SMOKE_CITALOPRAM_20,Citalopram,EAR,P24941,-0.0009190134587697,0.0007066899561323,0.0,CDK2,none
SMOKE_CITALOPRAM_20,Citalopram,EAR,Q13464,0.0013343151658773,0.0007697857217863,1.0,ROCK1,none
SMOKE_CITALOPRAM_20,Citalopram,EAR,P48736,0.0002165682672057,0.0004434655420482,0.6,PIK3CG,none
SMOKE_CITALOPRAM_20,Citalopram,EAR,O14733,-0.0001662924914853,0.0004274067468941,0.6,MAP2K7,none
SMOKE_CITALOPRAM_20,Citalopram,EAR,Q13315,-0.0001804105995688,0.0017726469086483,0.6,ATM,none
SMOKE_CITALOPRAM_20,Citalopram,EAR,P07948,0.0011200386798009,0.0008531776838935,0.8,LYN,none
SMOKE_CITALOPRAM_20,Citalopram,EAR,P28482,-9.263307219953276e-06,0.0005143752205185,0.8,MAPK1,none
SMOKE_CITALOPRAM_20,Citalopram,EAR,Q9UQM7,-8.052810881054029e-05,0.000613305484876,0.4,CAMK2A,none
SMOKE_CITALOPRAM_20,Citalopram,EAR,O14965,0.0008433770271949,0.0013586805434897,0.8,AURKA,none
SMOKE_CITALOPRAM_20,Citalopram,EAR,Q15118,2.538636363169644e-05,0.0001906045217765,0.4,PDK1,none
SMOKE_CITALOPRAM_20,Citalopram,EAR,Q8TDR2,0.0008795417961664,0.0009133785497397,0.8,STK35,none
SMOKE_CITALOPRAM_20,Citalopram,EAR,P10275,-0.0001240439742105,0.0020571283530443,0.4,AR,none
SMOKE_CITALOPRAM_20,Citalopram,EAR,P04150,0.0005489032482728,0.0006816075765527,0.8,NR3C1,none
SMOKE_CITALOPRAM_20,Citalopram,EAR,P10276,0.0008267123484984,0.0011017965152859,0.8,RARA,none
SMOKE_CITALOPRAM_20,Citalopram,EAR,P03372,0.0019165948033332,0.0007213267963379,1.0,ESR1,none
SMOKE_CITALOPRAM_20,Citalopram,EAR,P19793,-0.0011989936465397,0.0010595126077532,0.2,RXRA,none
SMOKE_CITALOPRAM_20,Citalopram,EAR,P06401,0.0028227902948856,0.001697733765468,1.0,PGR,none
SMOKE_CITALOPRAM_20,Citalopram,EAR,P37231,-0.0005123562877997,0.001296360627748,0.6,PPARG,none
SMOKE_CITALOPRAM_20,Citalopram,EAR,Q92731,0.0007581949466839,0.0049195210449397,0.6,ESR2,none
SMOKE_CITALOPRAM_20,Citalopram,EAR,P55055,-0.0044740131124854,0.0055289641022682,0.2,NR1H2,none
SMOKE_CITALOPRAM_20,Citalopram,EAR,P30531,-0.0005388788995333,0.0009875576943159,0.2,SLC6A1,none
SMOKE_CITALOPRAM_20,Citalopram,EAR,P23975,-0.0008425913983955,0.0020734129939228,0.6,SLC6A2,none
SMOKE_CITALOPRAM_20,Citalopram,EAR,P31645,0.0001917898625833,0.0004700800927821,0.8,SLC6A4,none
SMOKE_CITALOPRAM_20,Citalopram,EAR,Q01959,0.0015849921619519,0.0009508674847893,1.0,SLC6A3,none
SMOKE_CITALOPRAM_20,Citalopram,EAR,P31652,-6.88679501763545e-05,4.586006252793595e-05,0.0,SLC6A4,none
SMOKE_CITALOPRAM_20,Citalopram,EAR,P23977,0.0010121259838342,0.000292018026812,1.0,SLC6A3,none
SMOKE_CITALOPRAM_20,Citalopram,EAR,Q9GZV3,0.000470102590043,0.0003816986572928,0.8,SLC5A7,none
SMOKE_CITALOPRAM_20,Citalopram,EAR,P28572,0.0007301982259377,0.0006901677697896,1.0,SLC6A9,none
SMOKE_CITALOPRAM_20,Citalopram,EAR,P30536,0.0003923714102711,0.0005829868023283,0.8,TSPO,none
SMOKE_CITALOPRAM_20,Citalopram,EAR,P01375,0.0001465506793465,0.0001256769319297,0.8,TNF,none
SMOKE_CITALOPRAM_20,Citalopram,EAR,Q99720,0.0055680526420474,0.0040643387474119,1.0,SIGMAR1,none
SMOKE_CITALOPRAM_20,Citalopram,END,P35414,-0.0003347612801007,0.0008645540219731,0.2,APLNR,none
SMOKE_CITALOPRAM_20,Citalopram,END,P24530,-0.0001699373096926,0.0002268024691147,0.2,EDNRB,none
SMOKE_CITALOPRAM_20,Citalopram,END,P30518,-0.0004680249840021,0.0013660842087119,0.4,AVPR2,none
SMOKE_CITALOPRAM_20,Citalopram,END,P35346,-0.0006643574452027,0.0012235441245138,0.4,SSTR5,none
SMOKE_CITALOPRAM_20,Citalopram,END,Q9Y271,-0.005466884933412,0.0061700982041656,0.2,CYSLTR1,none
SMOKE_CITALOPRAM_20,Citalopram,END,P34998,-0.0003263302205596,0.0007598159718327,0.2,CRHR1,none
SMOKE_CITALOPRAM_20,Citalopram,END,P30874,-0.0007852744311094,0.001034318935126,0.4,SSTR2,none
SMOKE_CITALOPRAM_20,Citalopram,END,P34995,0.0012349433964118,0.000691972032655,1.0,PTGER1,none
SMOKE_CITALOPRAM_20,Citalopram,END,P08173,0.0005422446993179,0.0005073056090623,0.8,CHRM4,none
SMOKE_CITALOPRAM_20,Citalopram,END,P30988,0.0003894075634889,0.0001711802469799,1.0,CALCR,none
SMOKE_CITALOPRAM_20,Citalopram,END,P41595,-0.000454971945146,0.0007496107718907,0.2,HTR2B,none
SMOKE_CITALOPRAM_20,Citalopram,END,P35408,-0.0003204267413821,0.00049227749696,0.4,PTGER4,none
SMOKE_CITALOPRAM_20,Citalopram,END,P21918,-0.0054795588366687,0.0023854691535234,0.0,DRD5,none
SMOKE_CITALOPRAM_20,Citalopram,END,P31391,-0.0020517702214419,0.0027468518819659,0.2,SSTR4,none
SMOKE_CITALOPRAM_20,Citalopram,END,P30968,-0.0007899545016698,0.0022662084084004,0.4,GNRHR,none
SMOKE_CITALOPRAM_20,Citalopram,END,P08913,-0.0001512519957032,0.0001657008542679,0.2,ADRA2A,direct
SMOKE_CITALOPRAM_20,Citalopram,END,Q13639,-0.0009318336960859,0.0011687336955219,0.0,HTR4,none
SMOKE_CITALOPRAM_20,Citalopram,END,P43116,0.0014029331505298,0.0008868364384397,1.0,PTGER2,none
SMOKE_CITALOPRAM_20,Citalopram,END,P37288,-0.001657085143961,0.0019982133526355,0.2,AVPR1A,none
SMOKE_CITALOPRAM_20,Citalopram,END,P28222,-0.0003314506320748,0.0003483809123281,0.2,HTR1B,none
SMOKE_CITALOPRAM_20,Citalopram,END,P32238,0.0002207774668931,0.0008369217393919,0.6,CCKAR,none
SMOKE_CITALOPRAM_20,Citalopram,END,P18825,-0.0001526880951132,0.0001585005229571,0.2,ADRA2C,none
SMOKE_CITALOPRAM_20,Citalopram,END,P30872,0.000143186742207,0.0001559750671731,0.8,SSTR1,none
SMOKE_CITALOPRAM_20,Citalopram,END,P47901,0.0008141666767187,0.0009797613602131,0.8,AVPR1B,none
SMOKE_CITALOPRAM_20,Citalopram,END,P25021,-0.0018373582279309,0.0020032203756272,0.2,HRH2,none
SMOKE_CITALOPRAM_20,Citalopram,END,P18089,0.0017663345206528,0.0012997889425605,1.0,ADRA2B,none
SMOKE_CITALOPRAM_20,Citalopram,END,P48039,-0.0015924058388918,0.0028853856492787,0.2,MTNR1A,none
SMOKE_CITALOPRAM_20,Citalopram,END,P49286,-0.0005627147620543,0.0019477966707199,0.2,MTNR1B,none
SMOKE_CITALOPRAM_20,Citalopram,END,P43088,0.0003515023854561,0.0010756987612694,0.8,PTGFR,none
SMOKE_CITALOPRAM_20,Citalopram,END,P41146,0.0005302235367707,0.0006076258141547,0.8,OPRL1,none
SMOKE_CITALOPRAM_20,Citalopram,END,P32745,-0.0004093818424735,0.0006089052767492,0.4,SSTR3,none
SMOKE_CITALOPRAM_20,Citalopram,END,P08912,0.0002311524003744,0.003462677123025,0.4,CHRM5,none
SMOKE_CITALOPRAM_20,Citalopram,END,P21728,-0.001065419986844,0.0010487993713468,0.0,DRD1,none
SMOKE_CITALOPRAM_20,Citalopram,END,Q9UBS5,-0.0003110822290182,0.0008167751366272,0.2,GABBR1,none
SMOKE_CITALOPRAM_20,Citalopram,END,P07550,-0.0018509976798668,0.0028443674091249,0.2,ADRB2,direct
SMOKE_CITALOPRAM_20,Citalopram,END,P61073,-0.0011441648239269,0.0013028949033468,0.2,CXCR4,secondary
SMOKE_CITALOPRAM_20,Citalopram,END,P08172,-0.0013805653434246,0.001578141702339,0.2,CHRM2,none
SMOKE_CITALOPRAM_20,Citalopram,END,P08588,0.0019428718369454,0.0023966904263943,0.8,ADRB1,none
SMOKE_CITALOPRAM_20,Citalopram,END,P08908,0.0008340295171365,0.0018371130572631,0.6,HTR1A,direct
SMOKE_CITALOPRAM_20,Citalopram,END,P11229,0.0002257570595247,0.0012131314724683,0.6,CHRM1,none
SMOKE_CITALOPRAM_20,Citalopram,END,P14416,-0.0019440327305346,0.0023315870203077,0.2,DRD2,direct
SMOKE_CITALOPRAM_20,Citalopram,END,P21554,-0.0007713712984696,0.0006866251351311,0.0,CNR1,none
SMOKE_CITALOPRAM_20,Citalopram,END,P21917,0.0009468268835917,0.0011517552193254,0.8,DRD4,secondary
SMOKE_CITALOPRAM_20,Citalopram,END,O43193,0.0001041565119521,0.000516299100127,0.8,MLNR,none
SMOKE_CITALOPRAM_20,Citalopram,END,P25100,0.0002822861133608,0.0004106044070795,0.8,ADRA1D,secondary
SMOKE_CITALOPRAM_20,Citalopram,END,P28223,0.0024392630439251,0.0017308592796325,1.0,HTR2A,none
SMOKE_CITALOPRAM_20,Citalopram,END,P28335,5.577951742452569e-05,0.0002929469046648,0.4,HTR2C,none
SMOKE_CITALOPRAM_20,Citalopram,END,P30542,0.0009495593840256,0.0009657556074671,0.8,ADORA1,none
SMOKE_CITALOPRAM_20,Citalopram,END,P30556,0.000589526083786,0.0010409681126475,0.6,AGTR1,none
SMOKE_CITALOPRAM_20,Citalopram,END,P35348,0.003160260617733,0.003106279997155,0.8,ADRA1A,direct
SMOKE_CITALOPRAM_20,Citalopram,END,P35367,-0.0011261336039751,0.0010675640078261,0.0,HRH1,none
SMOKE_CITALOPRAM_20,Citalopram,END,P35368,-0.0004921994986943,0.0005275908042676,0.2,ADRA1B,secondary
SMOKE_CITALOPRAM_20,Citalopram,END,P21452,0.0013114486355334,0.0009553118725307,1.0,TACR2,none
SMOKE_CITALOPRAM_20,Citalopram,END,P35372,0.0004646398010663,0.0021112682297825,0.6,OPRM1,none
SMOKE_CITALOPRAM_20,Citalopram,END,P35462,0.0003706816642079,0.0025390873197466,0.6,DRD3,none
SMOKE_CITALOPRAM_20,Citalopram,END,P41143,2.9044225811958316e-05,4.574924969347194e-05,0.8,OPRD1,none
SMOKE_CITALOPRAM_20,Citalopram,END,P41145,-5.209818482398987e-05,0.0020186060573905,0.6,OPRK1,none
SMOKE_CITALOPRAM_20,Citalopram,END,P32246,-0.0005986407632008,0.0003414129314478,0.0,CCR1,none
SMOKE_CITALOPRAM_20,Citalopram,END,P25025,-0.0005747243994846,0.0017105939332395,0.6,CXCR2,secondary
SMOKE_CITALOPRAM_20,Citalopram,END,P20309,-0.0008957170066423,0.0015534315025433,0.4,CHRM3,none
SMOKE_CITALOPRAM_20,Citalopram,END,P13945,0.0002508033066987,0.0009943244513124,0.4,ADRB3,secondary
SMOKE_CITALOPRAM_20,Citalopram,END,P25103,0.0006238281494006,0.0006661312072537,0.8,TACR1,none
SMOKE_CITALOPRAM_20,Citalopram,END,P25105,1.0989979273290372e-05,9.12376490305178e-05,0.6,PTAFR,none
SMOKE_CITALOPRAM_20,Citalopram,END,P29274,-0.0021955098491162,0.0007790144300088,0.0,ADORA2A,none
SMOKE_CITALOPRAM_20,Citalopram,END,P25101,0.0007812440162524,0.0004587856819853,1.0,EDNRA,none
SMOKE_CITALOPRAM_20,Citalopram,END,P34972,-0.0003619980125222,0.0023610133212059,0.4,CNR2,none
SMOKE_CITALOPRAM_20,Citalopram,END,P29275,0.0021580276079475,0.0020717112347483,1.0,ADORA2B,none
SMOKE_CITALOPRAM_20,Citalopram,END,P0DMS8,0.0001206446468131,0.0008504569996148,0.6,ADORA3,none
SMOKE_CITALOPRAM_20,Citalopram,END,P32245,-0.000222124159336,0.0004981352831237,0.2,MC4R,none
SMOKE_CITALOPRAM_20,Citalopram,END,Q9Y5N1,-2.36071650761005e-06,1.1901387551915832e-05,0.6,HRH3,none
SMOKE_CITALOPRAM_20,Citalopram,END,P51681,0.0004507731646299,0.0008362059597857,0.6,CCR5,none
SMOKE_CITALOPRAM_20,Citalopram,END,P32239,0.0004453725996427,0.0006619883934035,0.6,CCKBR,none
SMOKE_CITALOPRAM_20,Citalopram,END,P30543,-0.000224429735681,0.0002725205849856,0.0,ADORA2A,none
SMOKE_CITALOPRAM_20,Citalopram,END,P34969,-0.0041308058425784,0.0040065543726086,0.2,HTR7,none
SMOKE_CITALOPRAM_20,Citalopram,END,P30411,8.234046254074201e-05,0.0009544328786432,0.6,BDKRB2,none
SMOKE_CITALOPRAM_20,Citalopram,END,P41594,-0.0016559523064643,0.0035865800455212,0.2,GRM5,none
SMOKE_CITALOPRAM_20,Citalopram,END,P50406,0.0002171687810914,0.0015159305185079,0.4,HTR6,none
SMOKE_CITALOPRAM_20,Citalopram,END,P47898,-0.0001401852787239,0.0001405939692631,0.2,HTR5A,none
SMOKE_CITALOPRAM_20,Citalopram,END,P28564,-0.0003416154650039,0.0003925452765543,0.2,HTR1B,none
SMOKE_CITALOPRAM_20,Citalopram,END,P43115,-0.0012706865090876,0.0022023392375558,0.2,PTGER3,none
SMOKE_CITALOPRAM_20,Citalopram,END,Q9H3N8,7.063001248752698e-05,0.0001091414596885,0.6,HRH4,none
SMOKE_CITALOPRAM_20,Citalopram,END,Q9UKP6,0.0004036672471556,0.0002173524262616,1.0,UTS2R,none
SMOKE_CITALOPRAM_20,Citalopram,END,Q01726,-0.0010551068698987,0.0012460864381864,0.2,MC1R,none
SMOKE_CITALOPRAM_20,Citalopram,END,Q16602,-8.42064582684543e-06,1.514773157396121e-05,0.2,CALCRL,none
SMOKE_CITALOPRAM_20,Citalopram,END,P41597,0.0007515113684348,0.0014542590361088,0.6,CCR2,none
SMOKE_CITALOPRAM_20,Citalopram,END,P49146,-0.0001600708783371,0.0005237854784354,0.4,NPY2R,none
SMOKE_CITALOPRAM_20,Citalopram,END,P25024,-4.18052059103502e-06,0.0006643278175033,0.4,CXCR1,secondary
SMOKE_CITALOPRAM_20,Citalopram,END,P32247,7.6092778726888355e-06,0.0020106660667806,0.6,BRS3,none
SMOKE_CITALOPRAM_20,Citalopram,END,P30989,0.0006002746522426,0.0009334368514828,0.8,NTSR1,none
SMOKE_CITALOPRAM_20,Citalopram,END,P46663,-0.0005501505220308,0.0003612387226894,0.0,BDKRB1,none
SMOKE_CITALOPRAM_20,Citalopram,END,Q9NS75,0.0004113864270038,0.0015153089771047,0.8,CYSLTR2,none
SMOKE_CITALOPRAM_20,Citalopram,END,P29371,-0.0004430275293998,0.0004465402162168,0.2,TACR3,none
SMOKE_CITALOPRAM_20,Citalopram,END,P41587,0.0001113750040531,0.0006305830902419,0.4,VIPR2,none
SMOKE_CITALOPRAM_20,Citalopram,END,P50052,-3.085434582317248e-05,0.0002910252951551,0.4,AGTR2,none
SMOKE_CITALOPRAM_20,Citalopram,END,P33032,4.858076499658637e-05,0.0001381123292958,0.4,MC5R,none
SMOKE_CITALOPRAM_20,Citalopram,END,Q92847,-0.0009939729934558,0.0015009798808023,0.4,GHSR,direct
SMOKE_CITALOPRAM_20,Citalopram,END,P41968,-0.0004452847060747,0.0004267691110726,0.2,MC3R,none
SMOKE_CITALOPRAM_20,Citalopram,END,P25929,0.0001181218758574,0.0004435692680999,0.8,NPY1R,none
SMOKE_CITALOPRAM_20,Citalopram,END,O43614,-0.0009456641855649,0.0010947145055979,0.2,HCRTR2,secondary
SMOKE_CITALOPRAM_20,Citalopram,END,P49238,-0.0001736246049404,0.0002314391749678,0.2,CX3CR1,secondary
SMOKE_CITALOPRAM_20,Citalopram,END,O43613,-0.0002441499382257,0.0005754637531936,0.6,HCRTR1,none
SMOKE_CITALOPRAM_20,Citalopram,END,P32241,5.655363202095032e-05,0.000124350801343,0.6,VIPR1,none
SMOKE_CITALOPRAM_20,Citalopram,END,Q8TDU6,0.0007020003977231,0.0008300288463942,0.8,GPBAR1,none
SMOKE_CITALOPRAM_20,Citalopram,END,P01275,0.0005219277227297,0.0005883521516807,0.8,GCG,none
SMOKE_CITALOPRAM_20,Citalopram,END,Q96LB1,-4.760250521940179e-05,0.0002947892062366,0.6,MRGPRX2,none
SMOKE_CITALOPRAM_20,Citalopram,END,Q61224,-2.116188443324063e-05,0.0003142436034977,0.2,HTR1D,secondary
SMOKE_CITALOPRAM_20,Citalopram,END,O75899,-0.0008610297227278,0.0014403263339772,0.2,GABBR2,none
SMOKE_CITALOPRAM_20,Citalopram,END,P51787,-5.637109097733628e-06,1.365968546451768e-05,0.4,KCNQ1,none
SMOKE_CITALOPRAM_20,Citalopram,END,P43681,-0.0004941280931234,0.0007805440691299,0.4,CHRNA4,none
SMOKE_CITALOPRAM_20,Citalopram,END,P46098,-0.0019396807765588,0.0010145204141736,0.0,HTR3A,direct
SMOKE_CITALOPRAM_20,Citalopram,END,Q13936,0.0004163958074059,0.0003977275046054,0.8,CACNA1C,none
SMOKE_CITALOPRAM_20,Citalopram,END,P14867,-5.754828453063965e-05,8.764029189478606e-05,0.2,GABRA1,none
SMOKE_CITALOPRAM_20,Citalopram,END,Q14524,-4.2565538024064153e-05,0.0003174920275341,0.6,SCN5A,none
SMOKE_CITALOPRAM_20,Citalopram,END,Q05586,0.0001333087711827,0.0017764252843335,0.6,GRIN1,none
SMOKE_CITALOPRAM_20,Citalopram,END,Q92952,0.0006260983645915,0.000609727052506,0.8,KCNN1,none
SMOKE_CITALOPRAM_20,Citalopram,END,Q12809,0.0015592407435178,0.00247871899046,1.0,KCNH2,none
SMOKE_CITALOPRAM_20,Citalopram,END,P56373,-0.0013857844751328,0.0011780387721955,0.2,P2RX3,none
SMOKE_CITALOPRAM_20,Citalopram,END,P07727,-0.0001312650711042,0.0005350374849513,0.6,GLRA1,none
SMOKE_CITALOPRAM_20,Citalopram,END,Q9UGI6,-1.1448189980001189e-05,1.926089134940412e-05,0.2,KCNN3,none
SMOKE_CITALOPRAM_20,Citalopram,END,P22002,6.715245399391279e-05,6.437988486140966e-05,0.8,CACNA1C,none
SMOKE_CITALOPRAM_20,Citalopram,END,Q99250,0.0009846340399235,0.0008111674687825,1.0,SCN2A,none
SMOKE_CITALOPRAM_20,Citalopram,END,Q9H2S1,0.0001037113397615,0.0001413526770193,0.8,KCNN2,none
SMOKE_CITALOPRAM_20,Citalopram,END,Q99572,0.0001649148762226,0.0006464221514761,0.6,P2RX7,none
SMOKE_CITALOPRAM_20,Citalopram,END,P02708,0.0003349810722284,0.0001445091038476,1.0,CHRNA1,none
SMOKE_CITALOPRAM_20,Citalopram,END,Q02294,-0.0002878468367271,0.0004347240319475,0.4,CACNA1B,none
SMOKE_CITALOPRAM_20,Citalopram,END,P18507,0.0003708355070557,0.0005595943657681,0.8,GABRG2,none
SMOKE_CITALOPRAM_20,Citalopram,END,P12821,0.0009870268404483,0.0015349487075582,0.8,ACE,none
SMOKE_CITALOPRAM_20,Citalopram,END,P21397,0.0031607635319232,0.0023647705093026,1.0,MAOA,none
SMOKE_CITALOPRAM_20,Citalopram,END,P27338,0.0006381321582011,0.0021967568900436,0.4,MAOB,none
SMOKE_CITALOPRAM_20,Citalopram,END,P22303,0.0006317943334579,0.000445406709332,0.8,ACHE,none
SMOKE_CITALOPRAM_20,Citalopram,END,P23219,-0.0004723757447209,0.0004821787006221,0.2,PTGS1,none
SMOKE_CITALOPRAM_20,Citalopram,END,P35354,0.000331106421072,0.0007826426299288,0.8,PTGS2,none
SMOKE_CITALOPRAM_20,Citalopram,END,P42574,-0.0003405172319617,0.0006855481187812,0.4,CASP3,none
SMOKE_CITALOPRAM_20,Citalopram,END,Q14432,0.0003436431288719,0.0009856952819973,0.6,PDE3A,none
SMOKE_CITALOPRAM_20,Citalopram,END,P07339,0.0001914061576826,0.000183720345376,0.8,CTSD,none
SMOKE_CITALOPRAM_20,Citalopram,END,O00408,0.0008756570750847,0.0016405319329351,0.6,PDE2A,none
SMOKE_CITALOPRAM_20,Citalopram,END,Q08499,-0.0022120482753962,0.0022223759442567,0.2,PDE4D,none
SMOKE_CITALOPRAM_20,Citalopram,END,Q13370,-0.0003308437881059,0.0033006123267114,0.6,PDE3B,none
SMOKE_CITALOPRAM_20,Citalopram,END,P14780,-0.0001232001959579,0.0008373813470825,0.4,MMP9,none
SMOKE_CITALOPRAM_20,Citalopram,END,P03956,-0.0013508349657058,0.000731487176381,0.0,MMP1,none
SMOKE_CITALOPRAM_20,Citalopram,END,P08253,0.0002438273222651,0.0003088600351475,0.8,MMP2,none
SMOKE_CITALOPRAM_20,Citalopram,END,Q9UDY8,0.000544692215044,0.0019335936522111,0.6,MALT1,none
SMOKE_CITALOPRAM_20,Citalopram,END,P80457,0.0001780886232154,0.0005834483308717,0.6,XDH,none
SMOKE_CITALOPRAM_20,Citalopram,END,Q9BYF1,-0.000970970839262,0.0017983342986553,0.2,ACE2,none
SMOKE_CITALOPRAM_20,Citalopram,END,P08311,0.0005542881553992,0.0004258964327163,1.0,CTSG,none
SMOKE_CITALOPRAM_20,Citalopram,END,P56817,-1.936405897140503e-05,4.348416041466408e-05,0.2,BACE1,none
SMOKE_CITALOPRAM_20,Citalopram,END,P00519,0.0012181516503915,0.00185008184053,0.8,ABL1,none
SMOKE_CITALOPRAM_20,Citalopram,END,P17948,-0.0001391239493386,0.0002889546158257,0.4,FLT1,none
SMOKE_CITALOPRAM_20,Citalopram,END,P10721,3.436580300331116e-06,5.8018335948872846e-06,0.6,KIT,none
SMOKE_CITALOPRAM_20,Citalopram,END,P06213,-0.0001631453633308,7.382775947917253e-05,0.0,INSR,secondary
SMOKE_CITALOPRAM_20,Citalopram,END,P00533,0.0004303440509829,0.0005678278394043,1.0,EGFR,secondary
SMOKE_CITALOPRAM_20,Citalopram,END,Q96GD4,-0.0004704177263192,0.0002853051119018,0.0,AURKB,none
SMOKE_CITALOPRAM_20,Citalopram,END,P06239,-0.0006913729012012,0.0012178524630144,0.4,LCK,none
SMOKE_CITALOPRAM_20,Citalopram,END,Q16539,-0.0006533887353725,0.0018047522753477,0.4,MAPK14,none
SMOKE_CITALOPRAM_20,Citalopram,END,P49841,-0.0012423120206221,0.0006930230883881,0.0,GSK3B,none
SMOKE_CITALOPRAM_20,Citalopram,END,P12931,-0.0001035586028592,0.0007750540389679,0.4,SRC,secondary
SMOKE_CITALOPRAM_20,Citalopram,END,Q05397,-0.0002780895738396,9.208310075337069e-05,0.0,PTK2,none
SMOKE_CITALOPRAM_20,Citalopram,END,P35968,-0.0015773780178278,0.0010898150503635,0.0,KDR,none
SMOKE_CITALOPRAM_20,Citalopram,END,P43403,0.0002924241125583,0.0016943980008363,0.6,ZAP70,none
SMOKE_CITALOPRAM_20,Citalopram,END,P04629,0.003579493612051,0.0027897066902369,1.0,NTRK1,none
SMOKE_CITALOPRAM_20,Citalopram,END,P49840,7.63423759053694e-06,0.0006178704788908,0.4,GSK3A,none
SMOKE_CITALOPRAM_20,Citalopram,END,O75116,-0.0003464557230472,0.0003850546781904,0.2,ROCK2,none
SMOKE_CITALOPRAM_20,Citalopram,END,P17252,-0.0017954722279682,0.001119764521718,0.0,PRKCA,none
SMOKE_CITALOPRAM_20,Citalopram,END,P24941,-0.0006796180969104,0.0022123327944427,0.2,CDK2,none
SMOKE_CITALOPRAM_20,Citalopram,END,Q13464,0.0017080515390262,0.0012974792625755,1.0,ROCK1,none
SMOKE_CITALOPRAM_20,Citalopram,END,P48736,0.000605508335866,0.000428678584285,1.0,PIK3CG,none
SMOKE_CITALOPRAM_20,Citalopram,END,O14733,-6.104297790443525e-05,0.0007421578047797,0.4,MAP2K7,none
SMOKE_CITALOPRAM_20,Citalopram,END,Q13315,-0.0003150526317767,0.0020909125450998,0.4,ATM,none
SMOKE_CITALOPRAM_20,Citalopram,END,P07948,0.0012387577444314,0.0011578047415241,0.8,LYN,none
SMOKE_CITALOPRAM_20,Citalopram,END,P28482,0.000285972666461,0.0005817068158648,0.6,MAPK1,none
SMOKE_CITALOPRAM_20,Citalopram,END,Q9UQM7,-0.0001232467620866,0.0010055188322439,0.6,CAMK2A,none
SMOKE_CITALOPRAM_20,Citalopram,END,O14965,0.0011383328819647,0.0013528228737413,0.6,AURKA,none
SMOKE_CITALOPRAM_20,Citalopram,END,Q15118,5.527883695322089e-05,0.0006690525333397,0.6,PDK1,none
SMOKE_CITALOPRAM_20,Citalopram,END,Q8TDR2,0.0008234411361627,0.0012741293758153,0.6,STK35,none
SMOKE_CITALOPRAM_20,Citalopram,END,P10275,-0.0001442771463189,0.0025912730488926,0.4,AR,direct
SMOKE_CITALOPRAM_20,Citalopram,END,P04150,0.0008451525354757,0.0009104560012929,1.0,NR3C1,direct
SMOKE_CITALOPRAM_20,Citalopram,END,P10276,0.0029419653583317,0.0018029632046818,1.0,RARA,none
SMOKE_CITALOPRAM_20,Citalopram,END,P03372,0.0013862677151337,0.0019364322070032,0.8,ESR1,secondary
SMOKE_CITALOPRAM_20,Citalopram,END,P19793,-0.0011698913294821,0.0008377276826649,0.2,RXRA,none
SMOKE_CITALOPRAM_20,Citalopram,END,P06401,0.0044857887551188,0.0027528833597898,1.0,PGR,secondary
SMOKE_CITALOPRAM_20,Citalopram,END,P37231,-0.0012233018642291,0.0021942390594631,0.2,PPARG,none
SMOKE_CITALOPRAM_20,Citalopram,END,Q92731,0.0029782094061374,0.0040307361632585,0.6,ESR2,none
SMOKE_CITALOPRAM_20,Citalopram,END,P55055,-0.003165781032294,0.005133488215506,0.4,NR1H2,none
SMOKE_CITALOPRAM_20,Citalopram,END,P30531,-0.0009564053034409,0.0005253561539575,0.0,SLC6A1,none
SMOKE_CITALOPRAM_20,Citalopram,END,P23975,-0.0001785341592039,0.0017813352169468,0.6,SLC6A2,none
SMOKE_CITALOPRAM_20,Citalopram,END,P31645,0.0002421677054371,0.0011808432172983,0.4,SLC6A4,none
SMOKE_CITALOPRAM_20,Citalopram,END,Q01959,0.002243336988613,0.0009533370612189,1.0,SLC6A3,none
SMOKE_CITALOPRAM_20,Citalopram,END,P31652,-0.0001038428381434,3.121382542303763e-05,0.0,SLC6A4,none
SMOKE_CITALOPRAM_20,Citalopram,END,P23977,0.0013467073440551,0.0005833949544467,1.0,SLC6A3,none
SMOKE_CITALOPRAM_20,Citalopram,END,Q9GZV3,0.0005435053026303,0.0004539256333373,1.0,SLC5A7,none
SMOKE_CITALOPRAM_20,Citalopram,END,P28572,0.0008319668704643,0.0006347943563014,1.0,SLC6A9,none
SMOKE_CITALOPRAM_20,Citalopram,END,P30536,0.0007982209208421,0.0007549212314188,1.0,TSPO,none
SMOKE_CITALOPRAM_20,Citalopram,END,P01375,0.000139602649142,0.0002428423031233,0.6,TNF,none
SMOKE_CITALOPRAM_20,Citalopram,END,Q99720,0.0071615413762629,0.0039163436740636,1.0,SIGMAR1,none
SMOKE_CITALOPRAM_20,Citalopram,EYE,P35414,0.0009678535279817,0.0017420650692656,0.6,APLNR,none
SMOKE_CITALOPRAM_20,Citalopram,EYE,P24530,-0.0004145927669014,0.0001768818183336,0.0,EDNRB,none
SMOKE_CITALOPRAM_20,Citalopram,EYE,P30518,-0.00170248223003,0.0021851765923202,0.2,AVPR2,none
SMOKE_CITALOPRAM_20,Citalopram,EYE,P35346,-0.0008501835400238,0.0013832825934514,0.4,SSTR5,secondary
SMOKE_CITALOPRAM_20,Citalopram,EYE,Q9Y271,-0.0094434861093759,0.0054253465496003,0.0,CYSLTR1,none
SMOKE_CITALOPRAM_20,Citalopram,EYE,P34998,-0.0013443462084978,0.0012310774764046,0.0,CRHR1,secondary
SMOKE_CITALOPRAM_20,Citalopram,EYE,P30874,-0.0009034447139129,0.0021693240851163,0.2,SSTR2,secondary
SMOKE_CITALOPRAM_20,Citalopram,EYE,P34995,0.0022038794122636,0.0014553373912349,1.0,PTGER1,none
SMOKE_CITALOPRAM_20,Citalopram,EYE,P08173,0.0012230798602104,0.0022247426677495,0.8,CHRM4,direct
SMOKE_CITALOPRAM_20,Citalopram,EYE,P30988,0.0009463928872719,0.0013260740088298,0.8,CALCR,none
SMOKE_CITALOPRAM_20,Citalopram,EYE,P41595,0.00086636247579,0.0007430160185322,1.0,HTR2B,none
SMOKE_CITALOPRAM_20,Citalopram,EYE,P35408,-0.0005687333759851,0.0006986072985455,0.0,PTGER4,none
SMOKE_CITALOPRAM_20,Citalopram,EYE,P21918,-0.0140463607385754,0.0151690943166613,0.0,DRD5,none
SMOKE_CITALOPRAM_20,Citalopram,EYE,P31391,-0.0023854137398302,0.0051677213050425,0.4,SSTR4,none
SMOKE_CITALOPRAM_20,Citalopram,EYE,P30968,-0.002765454351902,0.0027370078023523,0.0,GNRHR,none
SMOKE_CITALOPRAM_20,Citalopram,EYE,P08913,-0.0002729639527387,0.0002249250101158,0.0,ADRA2A,direct
SMOKE_CITALOPRAM_20,Citalopram,EYE,Q13639,0.0030775875784456,0.0071424939669668,0.8,HTR4,none
SMOKE_CITALOPRAM_20,Citalopram,EYE,P43116,0.0053037842735648,0.0051059792749583,0.8,PTGER2,none
SMOKE_CITALOPRAM_20,Citalopram,EYE,P37288,-0.0019830160308629,0.0035475203767418,0.4,AVPR1A,none
SMOKE_CITALOPRAM_20,Citalopram,EYE,P28222,-0.0003617502807173,0.0004995276685804,0.4,HTR1B,none
SMOKE_CITALOPRAM_20,Citalopram,EYE,P32238,0.0007738106069155,0.0013664285652339,0.6,CCKAR,none
SMOKE_CITALOPRAM_20,Citalopram,EYE,P18825,-0.0003056123969145,0.0002300084597663,0.2,ADRA2C,secondary
SMOKE_CITALOPRAM_20,Citalopram,EYE,P30872,9.128749661613256e-05,0.0003075733256991,0.6,SSTR1,none
SMOKE_CITALOPRAM_20,Citalopram,EYE,P47901,0.0013076640898361,0.0012616862077265,1.0,AVPR1B,none
SMOKE_CITALOPRAM_20,Citalopram,EYE,P25021,-0.0028072006534785,0.0070291152223944,0.4,HRH2,none
SMOKE_CITALOPRAM_20,Citalopram,EYE,P18089,0.0030178413726389,0.003094594925642,1.0,ADRA2B,none
SMOKE_CITALOPRAM_20,Citalopram,EYE,P48039,-0.008479094132781,0.0104796886444091,0.2,MTNR1A,none
SMOKE_CITALOPRAM_20,Citalopram,EYE,P49286,-0.0019048117101192,0.004225390497595,0.6,MTNR1B,none
SMOKE_CITALOPRAM_20,Citalopram,EYE,P43088,-6.567463424289599e-05,0.0013292545918375,0.4,PTGFR,none
SMOKE_CITALOPRAM_20,Citalopram,EYE,P41146,0.0007305510225705,0.0006672492600046,0.8,OPRL1,none
SMOKE_CITALOPRAM_20,Citalopram,EYE,P32745,-0.0009112812695093,0.0010465810773894,0.0,SSTR3,none
SMOKE_CITALOPRAM_20,Citalopram,EYE,P08912,0.0012345246504992,0.004935176577419,0.6,CHRM5,none
SMOKE_CITALOPRAM_20,Citalopram,EYE,P21728,-0.0013547285925596,0.0042125103063881,0.4,DRD1,none
SMOKE_CITALOPRAM_20,Citalopram,EYE,Q9UBS5,-0.0003899119910784,0.0026900835800915,0.4,GABBR1,none
SMOKE_CITALOPRAM_20,Citalopram,EYE,P07550,-0.0011674426496028,0.0067567126825451,0.4,ADRB2,none
SMOKE_CITALOPRAM_20,Citalopram,EYE,P61073,-0.0008101172861643,0.0018288874998688,0.2,CXCR4,none
SMOKE_CITALOPRAM_20,Citalopram,EYE,P08172,-0.0030810825992375,0.0059706442989408,0.4,CHRM2,direct
SMOKE_CITALOPRAM_20,Citalopram,EYE,P08588,0.0032109268940985,0.0076590222306549,0.6,ADRB1,none
SMOKE_CITALOPRAM_20,Citalopram,EYE,P08908,0.0009694091859273,0.0029777190648019,0.6,HTR1A,direct
SMOKE_CITALOPRAM_20,Citalopram,EYE,P11229,0.0003948025405406,0.0029703895561397,0.6,CHRM1,direct
SMOKE_CITALOPRAM_20,Citalopram,EYE,P14416,0.000390994537156,0.0037010360974818,0.8,DRD2,none
SMOKE_CITALOPRAM_20,Citalopram,EYE,P21554,-0.0004210196493659,0.0003987170057371,0.2,CNR1,none
SMOKE_CITALOPRAM_20,Citalopram,EYE,P21917,0.0008401706581935,0.0010813020635396,1.0,DRD4,none
SMOKE_CITALOPRAM_20,Citalopram,EYE,O43193,0.0014025650452822,0.001896705944091,0.8,MLNR,none
SMOKE_CITALOPRAM_20,Citalopram,EYE,P25100,0.0008370131254196,0.0011144244344905,0.8,ADRA1D,secondary
SMOKE_CITALOPRAM_20,Citalopram,EYE,P28223,0.0006014168029651,0.0050700074061751,0.8,HTR2A,direct
SMOKE_CITALOPRAM_20,Citalopram,EYE,P28335,-0.0006590411067008,0.0007304596365429,0.4,HTR2C,none
SMOKE_CITALOPRAM_20,Citalopram,EYE,P30542,0.0019270002376288,0.0024415964726358,0.8,ADORA1,none
SMOKE_CITALOPRAM_20,Citalopram,EYE,P30556,0.0012315108906477,0.0018503135070204,0.8,AGTR1,none
SMOKE_CITALOPRAM_20,Citalopram,EYE,P35348,0.0049537546001374,0.006452789530158,1.0,ADRA1A,direct
SMOKE_CITALOPRAM_20,Citalopram,EYE,P35367,-0.0012641251087188,0.0008711192640475,0.0,HRH1,none
SMOKE_CITALOPRAM_20,Citalopram,EYE,P35368,-1.8681585061131045e-05,0.0013673320645466,0.4,ADRA1B,secondary
SMOKE_CITALOPRAM_20,Citalopram,EYE,P21452,0.0021863945294171,0.0022615878842771,1.0,TACR2,none
SMOKE_CITALOPRAM_20,Citalopram,EYE,P35372,0.0001052573352353,0.0041680871509015,0.6,OPRM1,direct
SMOKE_CITALOPRAM_20,Citalopram,EYE,P35462,0.0033668144606053,0.0089791426435112,0.4,DRD3,none
SMOKE_CITALOPRAM_20,Citalopram,EYE,P41143,7.100477523636073e-05,9.295481140725316e-05,0.8,OPRD1,none
SMOKE_CITALOPRAM_20,Citalopram,EYE,P41145,-0.0001875325979199,0.0025654521305114,0.4,OPRK1,none
SMOKE_CITALOPRAM_20,Citalopram,EYE,P32246,-0.0014410763978958,0.0021248536650091,0.2,CCR1,none
SMOKE_CITALOPRAM_20,Citalopram,EYE,P25025,7.961094524944201e-05,0.0032870469149202,0.6,CXCR2,none
SMOKE_CITALOPRAM_20,Citalopram,EYE,P20309,-0.0005618028226308,0.0017311521805822,0.4,CHRM3,direct
SMOKE_CITALOPRAM_20,Citalopram,EYE,P13945,-0.0017006807029247,0.0029029287397861,0.4,ADRB3,none
SMOKE_CITALOPRAM_20,Citalopram,EYE,P25103,0.0003286227583885,0.0031327221076935,0.6,TACR1,none
SMOKE_CITALOPRAM_20,Citalopram,EYE,P25105,4.363805055618286e-05,0.0001690972276264,0.6,PTAFR,none
SMOKE_CITALOPRAM_20,Citalopram,EYE,P29274,-0.0026009276043623,0.001448024995625,0.0,ADORA2A,none
SMOKE_CITALOPRAM_20,Citalopram,EYE,P25101,0.0008654929697513,0.0008739428594708,1.0,EDNRA,none
SMOKE_CITALOPRAM_20,Citalopram,EYE,P34972,0.0020440251100808,0.0069390917196869,0.6,CNR2,none
SMOKE_CITALOPRAM_20,Citalopram,EYE,P29275,0.0039749192073941,0.0031155531760305,1.0,ADORA2B,none
SMOKE_CITALOPRAM_20,Citalopram,EYE,P0DMS8,0.0032702200114727,0.0034374296665191,1.0,ADORA3,none
SMOKE_CITALOPRAM_20,Citalopram,EYE,P32245,-7.869601540733129e-05,0.0013926093233749,0.6,MC4R,none
SMOKE_CITALOPRAM_20,Citalopram,EYE,Q9Y5N1,-3.2524018024560064e-05,2.528660661482718e-05,0.0,HRH3,none
SMOKE_CITALOPRAM_20,Citalopram,EYE,P51681,-0.0001233600050909,0.0006289560114964,0.6,CCR5,none
SMOKE_CITALOPRAM_20,Citalopram,EYE,P32239,0.0011841744417324,0.0019721218850463,0.6,CCKBR,none
SMOKE_CITALOPRAM_20,Citalopram,EYE,P30543,-0.0004416271985974,0.0005216693971306,0.2,ADORA2A,none
SMOKE_CITALOPRAM_20,Citalopram,EYE,P34969,-0.004830730613321,0.0071250516921281,0.0,HTR7,none
SMOKE_CITALOPRAM_20,Citalopram,EYE,P30411,0.001954787177965,0.0036504117306321,0.6,BDKRB2,none
SMOKE_CITALOPRAM_20,Citalopram,EYE,P41594,-0.0013726599281653,0.0027644196525216,0.2,GRM5,secondary
SMOKE_CITALOPRAM_20,Citalopram,EYE,P50406,0.0030526272021234,0.0027032440993934,1.0,HTR6,none
SMOKE_CITALOPRAM_20,Citalopram,EYE,P47898,-0.0002655275166034,0.0004136944480706,0.4,HTR5A,secondary
SMOKE_CITALOPRAM_20,Citalopram,EYE,P28564,-6.955787830520421e-05,0.0008341061766259,0.4,HTR1B,none
SMOKE_CITALOPRAM_20,Citalopram,EYE,P43115,-0.003193597542122,0.0054875905625522,0.2,PTGER3,none
SMOKE_CITALOPRAM_20,Citalopram,EYE,Q9H3N8,-1.7537176972837187e-05,0.0001255038951057,0.4,HRH4,none
SMOKE_CITALOPRAM_20,Citalopram,EYE,Q9UKP6,0.0002576306578703,0.0002273758291266,1.0,UTS2R,none
SMOKE_CITALOPRAM_20,Citalopram,EYE,Q01726,-0.0021065331529825,0.0018563059857115,0.0,MC1R,none
SMOKE_CITALOPRAM_20,Citalopram,EYE,Q16602,-1.9559263819246556e-05,5.122215952724218e-05,0.6,CALCRL,none
SMOKE_CITALOPRAM_20,Citalopram,EYE,P41597,0.0026850781869143,0.0040356139652431,0.6,CCR2,none
SMOKE_CITALOPRAM_20,Citalopram,EYE,P49146,-0.0008370854193344,0.0008300071349367,0.2,NPY2R,none
SMOKE_CITALOPRAM_20,Citalopram,EYE,P25024,0.0001052357256412,0.0010872468119487,0.6,CXCR1,secondary
SMOKE_CITALOPRAM_20,Citalopram,EYE,P32247,-0.0006553351995535,0.0066053001210093,0.4,BRS3,none
SMOKE_CITALOPRAM_20,Citalopram,EYE,P30989,5.834027979290113e-05,0.0005250665708445,0.6,NTSR1,none
SMOKE_CITALOPRAM_20,Citalopram,EYE,P46663,-0.0013768874341621,0.0013936803443357,0.0,BDKRB1,none
SMOKE_CITALOPRAM_20,Citalopram,EYE,Q9NS75,0.0024069540668278,0.0043292301706969,0.8,CYSLTR2,none
SMOKE_CITALOPRAM_20,Citalopram,EYE,P29371,-0.0003106243966612,0.0006764659192413,0.6,TACR3,none
SMOKE_CITALOPRAM_20,Citalopram,EYE,P41587,-3.012418710568454e-05,0.0007809465168975,0.4,VIPR2,none
SMOKE_CITALOPRAM_20,Citalopram,EYE,P50052,-7.016137533355504e-05,0.0008844445110298,0.8,AGTR2,none
SMOKE_CITALOPRAM_20,Citalopram,EYE,P33032,4.982724931323901e-05,0.000206628392334,0.6,MC5R,none
SMOKE_CITALOPRAM_20,Citalopram,EYE,Q92847,-0.0012316368520259,0.001772295916453,0.2,GHSR,none
SMOKE_CITALOPRAM_20,Citalopram,EYE,P41968,-0.0002361021906835,0.0002072801580652,0.0,MC3R,none
SMOKE_CITALOPRAM_20,Citalopram,EYE,P25929,0.0012734852498397,0.001984727801755,0.6,NPY1R,none
SMOKE_CITALOPRAM_20,Citalopram,EYE,O43614,-0.0004488267004489,0.0014812487643212,0.4,HCRTR2,none
SMOKE_CITALOPRAM_20,Citalopram,EYE,P49238,-0.0004620969411917,0.0006720748497173,0.2,CX3CR1,none
SMOKE_CITALOPRAM_20,Citalopram,EYE,O43613,-0.0005224689957685,0.0016220216639339,0.6,HCRTR1,none
SMOKE_CITALOPRAM_20,Citalopram,EYE,P32241,7.829144306015223e-05,0.0001356320426566,0.6,VIPR1,none
SMOKE_CITALOPRAM_20,Citalopram,EYE,Q8TDU6,0.0006400466081686,0.0010673521319404,0.8,GPBAR1,none
SMOKE_CITALOPRAM_20,Citalopram,EYE,P01275,0.0008101239800453,0.0007484243833459,1.0,GCG,none
SMOKE_CITALOPRAM_20,Citalopram,EYE,Q96LB1,0.000505163508933,0.000487465847982,1.0,MRGPRX2,none
SMOKE_CITALOPRAM_20,Citalopram,EYE,Q61224,-8.351355791091919e-05,0.0002968748740386,0.4,HTR1D,secondary
SMOKE_CITALOPRAM_20,Citalopram,EYE,O75899,-0.0013535066973417,0.0023481466341763,0.2,GABBR2,none
SMOKE_CITALOPRAM_20,Citalopram,EYE,P51787,-1.272335612156894e-05,2.0914170818286948e-05,0.2,KCNQ1,none
SMOKE_CITALOPRAM_20,Citalopram,EYE,P43681,-1.692250407359097e-05,0.000717154587619,0.6,CHRNA4,none
SMOKE_CITALOPRAM_20,Citalopram,EYE,P46098,-0.0056497501209378,0.0051931547932326,0.0,HTR3A,none
SMOKE_CITALOPRAM_20,Citalopram,EYE,Q13936,0.0006319068488664,0.000667996937409,0.8,CACNA1C,none
SMOKE_CITALOPRAM_20,Citalopram,EYE,P14867,-5.317851901054382e-05,0.0003974957799073,0.2,GABRA1,none
SMOKE_CITALOPRAM_20,Citalopram,EYE,Q14524,8.239820454036817e-05,0.0006106216460466,0.6,SCN5A,direct
SMOKE_CITALOPRAM_20,Citalopram,EYE,Q05586,0.0027358294464647,0.0060964142903685,0.6,GRIN1,none
SMOKE_CITALOPRAM_20,Citalopram,EYE,Q92952,0.0009186193346977,0.0009890514193102,1.0,KCNN1,none
SMOKE_CITALOPRAM_20,Citalopram,EYE,Q12809,0.0059227058663964,0.0087742041796445,1.0,KCNH2,none
SMOKE_CITALOPRAM_20,Citalopram,EYE,P56373,-0.001647698925808,0.0031446432694792,0.2,P2RX3,none
SMOKE_CITALOPRAM_20,Citalopram,EYE,P07727,0.0001049950733431,0.0017381906509399,0.6,GLRA1,secondary
SMOKE_CITALOPRAM_20,Citalopram,EYE,Q9UGI6,-4.820972753805109e-05,0.0001074148822226,0.4,KCNN3,none
SMOKE_CITALOPRAM_20,Citalopram,EYE,P22002,0.0001057513072737,0.0003064548654947,0.6,CACNA1C,none
SMOKE_CITALOPRAM_20,Citalopram,EYE,Q99250,0.0016352341044694,0.0012735645286738,0.8,SCN2A,none
SMOKE_CITALOPRAM_20,Citalopram,EYE,Q9H2S1,0.0006260626250877,0.0005698914756067,0.8,KCNN2,none
SMOKE_CITALOPRAM_20,Citalopram,EYE,Q99572,0.0001044303207891,0.0015958528965711,0.6,P2RX7,none
SMOKE_CITALOPRAM_20,Citalopram,EYE,P02708,0.0003390513302292,0.0002969028137158,0.8,CHRNA1,none
SMOKE_CITALOPRAM_20,Citalopram,EYE,Q02294,-0.0005246207001619,0.0007491110009141,0.2,CACNA1B,secondary
SMOKE_CITALOPRAM_20,Citalopram,EYE,P18507,0.0010620862012729,0.0009543607593514,1.0,GABRG2,none
SMOKE_CITALOPRAM_20,Citalopram,EYE,P12821,0.0006360642728395,0.0042925905436277,0.8,ACE,none
SMOKE_CITALOPRAM_20,Citalopram,EYE,P21397,0.0012769245076924,0.0039353687316179,0.6,MAOA,none
SMOKE_CITALOPRAM_20,Citalopram,EYE,P27338,-0.0015989236999303,0.0075760968029499,0.2,MAOB,secondary
SMOKE_CITALOPRAM_20,Citalopram,EYE,P22303,0.001554736518301,0.001585517427884,0.8,ACHE,none
SMOKE_CITALOPRAM_20,Citalopram,EYE,P23219,-0.0002313248842256,0.0006376125966198,0.4,PTGS1,none
SMOKE_CITALOPRAM_20,Citalopram,EYE,P35354,-0.0006515189888887,0.0004933407180942,0.2,PTGS2,none
SMOKE_CITALOPRAM_20,Citalopram,EYE,P42574,-0.0001869380503194,0.0018076219130307,0.2,CASP3,none
SMOKE_CITALOPRAM_20,Citalopram,EYE,Q14432,0.0002621270832605,0.0016446317313238,0.6,PDE3A,none
SMOKE_CITALOPRAM_20,Citalopram,EYE,P07339,-6.204843430168694e-06,0.0001433055149391,0.6,CTSD,none
SMOKE_CITALOPRAM_20,Citalopram,EYE,O00408,0.0011233069235458,0.0021015314850956,0.8,PDE2A,none
SMOKE_CITALOPRAM_20,Citalopram,EYE,Q08499,-0.0055266199633479,0.0035190701019018,0.0,PDE4D,none
SMOKE_CITALOPRAM_20,Citalopram,EYE,Q13370,0.0012706428533419,0.0050158780068159,0.6,PDE3B,none
SMOKE_CITALOPRAM_20,Citalopram,EYE,P14780,0.0013892464339733,0.0029503053519874,0.6,MMP9,none
SMOKE_CITALOPRAM_20,Citalopram,EYE,P03956,-0.0040137628093361,0.0038274633698165,0.0,MMP1,none
SMOKE_CITALOPRAM_20,Citalopram,EYE,P08253,9.4585120677948e-05,0.0001935399486683,0.6,MMP2,none
SMOKE_CITALOPRAM_20,Citalopram,EYE,Q9UDY8,0.0017209805082529,0.0038504432886838,0.6,MALT1,none
SMOKE_CITALOPRAM_20,Citalopram,EYE,P80457,0.0006860308349132,0.0003191432042513,1.0,XDH,none
SMOKE_CITALOPRAM_20,Citalopram,EYE,Q9BYF1,-0.0004789613303728,0.0032617561519145,0.2,ACE2,none
SMOKE_CITALOPRAM_20,Citalopram,EYE,P08311,0.0013727613259106,0.0023327704984694,0.8,CTSG,none
SMOKE_CITALOPRAM_20,Citalopram,EYE,P56817,-5.334839079296216e-05,0.0003719691885635,0.4,BACE1,none
SMOKE_CITALOPRAM_20,Citalopram,EYE,P00519,0.0010625250870361,0.0035959221422672,0.6,ABL1,none
SMOKE_CITALOPRAM_20,Citalopram,EYE,P17948,0.0002457134542055,0.0005689891986548,0.6,FLT1,none
SMOKE_CITALOPRAM_20,Citalopram,EYE,P10721,7.778406143188477e-06,1.1053883099521045e-05,1.0,KIT,none
SMOKE_CITALOPRAM_20,Citalopram,EYE,P06213,-0.0002731427666731,0.0005149884964339,0.4,INSR,none
SMOKE_CITALOPRAM_20,Citalopram,EYE,P00533,0.0009738787775859,0.0010612851474434,0.8,EGFR,none
SMOKE_CITALOPRAM_20,Citalopram,EYE,Q96GD4,-0.0007086336845532,0.0008892089826986,0.0,AURKB,none
SMOKE_CITALOPRAM_20,Citalopram,EYE,P06239,-0.0005879938835278,0.0026856288313865,0.2,LCK,none
SMOKE_CITALOPRAM_20,Citalopram,EYE,Q16539,0.0022643648553639,0.0060718641616404,0.4,MAPK14,none
SMOKE_CITALOPRAM_20,Citalopram,EYE,P49841,-0.0024819509126245,0.0020065151620656,0.0,GSK3B,none
SMOKE_CITALOPRAM_20,Citalopram,EYE,P12931,-0.0002632714749779,0.002329925308004,0.4,SRC,none
SMOKE_CITALOPRAM_20,Citalopram,EYE,Q05397,-0.0008025526767596,0.0007901433273218,0.0,PTK2,none
SMOKE_CITALOPRAM_20,Citalopram,EYE,P35968,-0.0023654685355722,0.0017006631242111,0.0,KDR,none
SMOKE_CITALOPRAM_20,Citalopram,EYE,P43403,0.0018555670976638,0.0022985907271504,0.8,ZAP70,none
SMOKE_CITALOPRAM_20,Citalopram,EYE,P04629,0.0073772124014794,0.0062301186844706,1.0,NTRK1,none
SMOKE_CITALOPRAM_20,Citalopram,EYE,P49840,0.0004580289241857,0.0009014771785587,0.8,GSK3A,none
SMOKE_CITALOPRAM_20,Citalopram,EYE,O75116,-0.0003922566829714,0.0027555271517485,0.4,ROCK2,none
SMOKE_CITALOPRAM_20,Citalopram,EYE,P17252,-0.0024995065759867,0.0025067785754799,0.0,PRKCA,none
SMOKE_CITALOPRAM_20,Citalopram,EYE,P24941,-0.0034238181542605,0.0045863515697419,0.2,CDK2,none
SMOKE_CITALOPRAM_20,Citalopram,EYE,Q13464,0.0041354508139193,0.0043145301751792,1.0,ROCK1,none
SMOKE_CITALOPRAM_20,Citalopram,EYE,P48736,0.0005800359067507,0.0003664869291242,1.0,PIK3CG,secondary
SMOKE_CITALOPRAM_20,Citalopram,EYE,O14733,0.0002769053098745,0.0007922970689833,0.6,MAP2K7,none
SMOKE_CITALOPRAM_20,Citalopram,EYE,Q13315,0.0018039860296994,0.0016455632867291,0.8,ATM,none
SMOKE_CITALOPRAM_20,Citalopram,EYE,P07948,0.0013256960082799,0.0019629560410976,0.6,LYN,none
SMOKE_CITALOPRAM_20,Citalopram,EYE,P28482,-0.0003384642186574,0.0006352214841172,0.4,MAPK1,none
SMOKE_CITALOPRAM_20,Citalopram,EYE,Q9UQM7,-0.0007792219403199,0.0010943239321932,0.2,CAMK2A,secondary
SMOKE_CITALOPRAM_20,Citalopram,EYE,O14965,0.002494400832802,0.0043654511682689,0.6,AURKA,none
SMOKE_CITALOPRAM_20,Citalopram,EYE,Q15118,-0.000452165317256,0.0019859545864164,0.2,PDK1,none
SMOKE_CITALOPRAM_20,Citalopram,EYE,Q8TDR2,0.0020394474267959,0.0036973759997636,0.8,STK35,none
SMOKE_CITALOPRAM_20,Citalopram,EYE,P10275,0.000932864844799,0.0043704793788492,0.6,AR,none
SMOKE_CITALOPRAM_20,Citalopram,EYE,P04150,0.001789403730072,0.0017189516220241,1.0,NR3C1,direct
SMOKE_CITALOPRAM_20,Citalopram,EYE,P10276,0.0039070486091077,0.0040469993837177,0.8,RARA,none
SMOKE_CITALOPRAM_20,Citalopram,EYE,P03372,0.0029511214233934,0.0020985617302358,1.0,ESR1,none
SMOKE_CITALOPRAM_20,Citalopram,EYE,P19793,-0.003235277486965,0.0034387917257845,0.0,RXRA,none
SMOKE_CITALOPRAM_20,Citalopram,EYE,P06401,0.0088529670611023,0.0102260550484061,1.0,PGR,none
SMOKE_CITALOPRAM_20,Citalopram,EYE,P37231,-0.0024838210083544,0.0055356584489345,0.4,PPARG,none
SMOKE_CITALOPRAM_20,Citalopram,EYE,Q92731,0.0008639708394184,0.0106426831334829,0.4,ESR2,none
SMOKE_CITALOPRAM_20,Citalopram,EYE,P55055,-0.0126067325472831,0.0125297214835882,0.0,NR1H2,none
SMOKE_CITALOPRAM_20,Citalopram,EYE,P30531,-0.0028345354367047,0.003103437134996,0.0,SLC6A1,none
SMOKE_CITALOPRAM_20,Citalopram,EYE,P23975,-0.0016788996290415,0.0021275251638144,0.2,SLC6A2,direct
SMOKE_CITALOPRAM_20,Citalopram,EYE,P31645,0.0008983768639154,0.0014064915012568,0.6,SLC6A4,none
SMOKE_CITALOPRAM_20,Citalopram,EYE,Q01959,0.005859917961061,0.0049824267625808,1.0,SLC6A3,none
SMOKE_CITALOPRAM_20,Citalopram,EYE,P31652,-0.0001046486213454,0.0001177706653834,0.2,SLC6A4,none
SMOKE_CITALOPRAM_20,Citalopram,EYE,P23977,0.0023163252044469,0.0017371028661727,1.0,SLC6A3,none
SMOKE_CITALOPRAM_20,Citalopram,EYE,Q9GZV3,0.00041994228377,0.0015951374080032,0.8,SLC5A7,none
SMOKE_CITALOPRAM_20,Citalopram,EYE,P28572,0.0007353693363256,0.002692524343729,0.8,SLC6A9,none
SMOKE_CITALOPRAM_20,Citalopram,EYE,P30536,-0.0005634881672449,0.0011712254490703,0.2,TSPO,none
SMOKE_CITALOPRAM_20,Citalopram,EYE,P01375,8.960217382991686e-05,0.0005424749688245,0.6,TNF,none
SMOKE_CITALOPRAM_20,Citalopram,EYE,Q99720,0.0098364474251866,0.0119819026440382,1.0,SIGMAR1,none
SMOKE_CITALOPRAM_20,Citalopram,GAS,P35414,-0.0058133555576205,0.0117105618119239,0.4,APLNR,none
SMOKE_CITALOPRAM_20,Citalopram,GAS,P24530,-0.0008502110722474,0.0008735117153264,0.2,EDNRB,direct
SMOKE_CITALOPRAM_20,Citalopram,GAS,P30518,-0.0052153216674923,0.0078750606626272,0.2,AVPR2,none
SMOKE_CITALOPRAM_20,Citalopram,GAS,P35346,0.0014146044850349,0.0073413038626313,0.4,SSTR5,none
SMOKE_CITALOPRAM_20,Citalopram,GAS,Q9Y271,-0.0616340041160583,0.0241342671215534,0.0,CYSLTR1,secondary
SMOKE_CITALOPRAM_20,Citalopram,GAS,P34998,-0.0035318532027304,0.0069577656686306,0.4,CRHR1,secondary
SMOKE_CITALOPRAM_20,Citalopram,GAS,P30874,-0.0028789229691028,0.0067040091380476,0.6,SSTR2,none
SMOKE_CITALOPRAM_20,Citalopram,GAS,P34995,0.0071075186133384,0.0060782372020184,1.0,PTGER1,none
SMOKE_CITALOPRAM_20,Citalopram,GAS,P08173,0.0045761289075016,0.0039207399822771,1.0,CHRM4,none
SMOKE_CITALOPRAM_20,Citalopram,GAS,P30988,0.0037182781379669,0.0028733918443322,1.0,CALCR,secondary
SMOKE_CITALOPRAM_20,Citalopram,GAS,P41595,0.0004822723567485,0.0042673759162425,0.4,HTR2B,direct
SMOKE_CITALOPRAM_20,Citalopram,GAS,P35408,-0.0019663826096802,0.0038114674389362,0.2,PTGER4,secondary
SMOKE_CITALOPRAM_20,Citalopram,GAS,P21918,-0.0330483540892601,0.0192161500453948,0.0,DRD5,none
SMOKE_CITALOPRAM_20,Citalopram,GAS,P31391,-0.0106003079563379,0.0200157426297664,0.0,SSTR4,none
SMOKE_CITALOPRAM_20,Citalopram,GAS,P30968,-0.0134582798928022,0.0165504068136215,0.0,GNRHR,none
SMOKE_CITALOPRAM_20,Citalopram,GAS,P08913,-0.0012939736479893,0.0016856583533808,0.0,ADRA2A,direct
SMOKE_CITALOPRAM_20,Citalopram,GAS,Q13639,0.0040999809280037,0.007666521705687,0.8,HTR4,direct
SMOKE_CITALOPRAM_20,Citalopram,GAS,P43116,0.011773657053709,0.0105077130720019,1.0,PTGER2,direct
SMOKE_CITALOPRAM_20,Citalopram,GAS,P37288,-0.010851421393454,0.0171507876366376,0.4,AVPR1A,none
SMOKE_CITALOPRAM_20,Citalopram,GAS,P28222,-0.0014283411437645,0.0009329777094535,0.0,HTR1B,none
SMOKE_CITALOPRAM_20,Citalopram,GAS,P32238,0.0034237839281558,0.0024279062636196,0.8,CCKAR,direct
SMOKE_CITALOPRAM_20,Citalopram,GAS,P18825,-0.0011802107328549,0.0011242256732657,0.2,ADRA2C,none
SMOKE_CITALOPRAM_20,Citalopram,GAS,P30872,0.000558691448532,0.0012201009085401,0.4,SSTR1,none
SMOKE_CITALOPRAM_20,Citalopram,GAS,P47901,0.0046071978285908,0.0048806020058691,1.0,AVPR1B,none
SMOKE_CITALOPRAM_20,Citalopram,GAS,P25021,-0.0133626963943243,0.0166423413902521,0.0,HRH2,direct
SMOKE_CITALOPRAM_20,Citalopram,GAS,P18089,0.0077062784694135,0.0061176340095698,1.0,ADRA2B,none
SMOKE_CITALOPRAM_20,Citalopram,GAS,P48039,-0.0197165720164775,0.0277250967919826,0.0,MTNR1A,none
SMOKE_CITALOPRAM_20,Citalopram,GAS,P49286,-0.0087911561131477,0.0121602462604641,0.2,MTNR1B,none
SMOKE_CITALOPRAM_20,Citalopram,GAS,P43088,-0.0008618589490652,0.0056028962135314,0.8,PTGFR,none
SMOKE_CITALOPRAM_20,Citalopram,GAS,P41146,0.0017060867976397,0.0032551907934248,0.6,OPRL1,secondary
SMOKE_CITALOPRAM_20,Citalopram,GAS,P32745,-0.0036615268327295,0.0049913260154426,0.0,SSTR3,none
SMOKE_CITALOPRAM_20,Citalopram,GAS,P08912,0.0077754431404173,0.0208002179861068,0.8,CHRM5,none
SMOKE_CITALOPRAM_20,Citalopram,GAS,P21728,-0.0029576912056654,0.005989430937916,0.2,DRD1,direct
SMOKE_CITALOPRAM_20,Citalopram,GAS,Q9UBS5,0.0020753480494022,0.0078120580874383,0.6,GABBR1,none
SMOKE_CITALOPRAM_20,Citalopram,GAS,P07550,-0.0080177728086709,0.0135197956115007,0.4,ADRB2,none
SMOKE_CITALOPRAM_20,Citalopram,GAS,P61073,-0.0064248358830809,0.0120590338483452,0.2,CXCR4,none
SMOKE_CITALOPRAM_20,Citalopram,GAS,P08172,-0.0054696626029908,0.0111611736938357,0.4,CHRM2,direct
SMOKE_CITALOPRAM_20,Citalopram,GAS,P08588,0.0019650987815111,0.01299892924726,0.6,ADRB1,direct
SMOKE_CITALOPRAM_20,Citalopram,GAS,P08908,0.0050381729379296,0.0043504349887371,0.8,HTR1A,none
SMOKE_CITALOPRAM_20,Citalopram,GAS,P11229,-0.0004386924265418,0.0074474844150245,0.4,CHRM1,direct
SMOKE_CITALOPRAM_20,Citalopram,GAS,P14416,-0.0147400889545679,0.0211175475269556,0.2,DRD2,direct
SMOKE_CITALOPRAM_20,Citalopram,GAS,P21554,-0.0048178909346461,0.004588269162923,0.0,CNR1,direct
SMOKE_CITALOPRAM_20,Citalopram,GAS,P21917,0.0026173058431595,0.0026281396858394,0.8,DRD4,none
SMOKE_CITALOPRAM_20,Citalopram,GAS,O43193,0.0005397774511948,0.0021503064781427,0.6,MLNR,none
SMOKE_CITALOPRAM_20,Citalopram,GAS,P25100,0.0030950668733567,0.0032231868244707,1.0,ADRA1D,none
SMOKE_CITALOPRAM_20,Citalopram,GAS,P28223,0.0059704529121518,0.0211036875844001,0.8,HTR2A,none
SMOKE_CITALOPRAM_20,Citalopram,GAS,P28335,-0.0029147893656045,0.0024091240484267,0.0,HTR2C,none
SMOKE_CITALOPRAM_20,Citalopram,GAS,P30542,0.005410629324615,0.0061605186201632,0.8,ADORA1,none
SMOKE_CITALOPRAM_20,Citalopram,GAS,P30556,0.0052208588458597,0.0073017054237425,0.6,AGTR1,none
SMOKE_CITALOPRAM_20,Citalopram,GAS,P35348,0.0133889289572834,0.009618698619306,1.0,ADRA1A,direct
SMOKE_CITALOPRAM_20,Citalopram,GAS,P35367,-0.0048627243377268,0.0021781753748655,0.0,HRH1,direct
SMOKE_CITALOPRAM_20,Citalopram,GAS,P35368,-0.0024935831315815,0.0053706052713096,0.4,ADRA1B,none
SMOKE_CITALOPRAM_20,Citalopram,GAS,P21452,0.0080997962504625,0.0066860183142125,1.0,TACR2,direct
SMOKE_CITALOPRAM_20,Citalopram,GAS,P35372,-0.0011008515721186,0.0040002008900046,0.6,OPRM1,direct
SMOKE_CITALOPRAM_20,Citalopram,GAS,P35462,0.0008320502820424,0.0190785881131887,0.6,DRD3,none
SMOKE_CITALOPRAM_20,Citalopram,GAS,P41143,0.0001039430499076,0.0001626527082407,0.8,OPRD1,none
SMOKE_CITALOPRAM_20,Citalopram,GAS,P41145,-0.0016193699557334,0.0047897365875542,0.6,OPRK1,direct
SMOKE_CITALOPRAM_20,Citalopram,GAS,P32246,-0.0028885989449918,0.003214203286916,0.2,CCR1,none
SMOKE_CITALOPRAM_20,Citalopram,GAS,P25025,-0.0056474148295819,0.0160080604255199,0.8,CXCR2,none
SMOKE_CITALOPRAM_20,Citalopram,GAS,P20309,0.0022513004951179,0.005539521574974,0.8,CHRM3,direct
SMOKE_CITALOPRAM_20,Citalopram,GAS,P13945,-0.0012713819742202,0.0045510618947446,0.4,ADRB3,none
SMOKE_CITALOPRAM_20,Citalopram,GAS,P25103,0.0047191111370921,0.0046712746843695,1.0,TACR1,direct
SMOKE_CITALOPRAM_20,Citalopram,GAS,P25105,0.0002253740967717,0.0006493891705758,0.4,PTAFR,none
SMOKE_CITALOPRAM_20,Citalopram,GAS,P29274,-0.009489401243627,0.0045966245234012,0.0,ADORA2A,none
SMOKE_CITALOPRAM_20,Citalopram,GAS,P25101,0.0008954476797953,0.0010981949744746,0.8,EDNRA,none
SMOKE_CITALOPRAM_20,Citalopram,GAS,P34972,0.0024397834204137,0.0088881738483905,0.6,CNR2,none
SMOKE_CITALOPRAM_20,Citalopram,GAS,P29275,0.0081133227795362,0.0062598590739071,1.0,ADORA2B,none
SMOKE_CITALOPRAM_20,Citalopram,GAS,P0DMS8,0.0069007189013063,0.0077868807129561,0.8,ADORA3,none
SMOKE_CITALOPRAM_20,Citalopram,GAS,P32245,0.0004321411252021,0.0050578634254634,0.6,MC4R,none
SMOKE_CITALOPRAM_20,Citalopram,GAS,Q9Y5N1,-2.8568505513248965e-05,9.965863864636049e-05,0.2,HRH3,direct
SMOKE_CITALOPRAM_20,Citalopram,GAS,P51681,0.0024304152466356,0.0067372410558164,0.4,CCR5,none
SMOKE_CITALOPRAM_20,Citalopram,GAS,P32239,0.0032875523902475,0.0037600498180836,0.8,CCKBR,none
SMOKE_CITALOPRAM_20,Citalopram,GAS,P30543,-0.002541332738474,0.0023226684425026,0.0,ADORA2A,none
SMOKE_CITALOPRAM_20,Citalopram,GAS,P34969,-0.0246177371591329,0.0278689246624708,0.0,HTR7,none
SMOKE_CITALOPRAM_20,Citalopram,GAS,P30411,0.000432121742051,0.0056557864882051,0.6,BDKRB2,none
SMOKE_CITALOPRAM_20,Citalopram,GAS,P41594,-0.0058928071521222,0.0096666011959314,0.2,GRM5,none
SMOKE_CITALOPRAM_20,Citalopram,GAS,P50406,0.0059921988286077,0.0059784310869872,1.0,HTR6,none
SMOKE_CITALOPRAM_20,Citalopram,GAS,P47898,-0.0005941845593042,0.0008061054977588,0.2,HTR5A,none
SMOKE_CITALOPRAM_20,Citalopram,GAS,P28564,-0.0005207076901569,0.0016923969378694,0.2,HTR1B,none
SMOKE_CITALOPRAM_20,Citalopram,GAS,P43115,-0.0050250552594661,0.0205809399485588,0.4,PTGER3,none
SMOKE_CITALOPRAM_20,Citalopram,GAS,Q9H3N8,-0.000185415148735,0.0003090490645263,0.2,HRH4,none
SMOKE_CITALOPRAM_20,Citalopram,GAS,Q9UKP6,0.0016498140757903,0.0014035769272595,1.0,UTS2R,none
SMOKE_CITALOPRAM_20,Citalopram,GAS,Q01726,-0.0073475367389619,0.0088658602908253,0.0,MC1R,none
SMOKE_CITALOPRAM_20,Citalopram,GAS,Q16602,-6.003156158840284e-05,6.004854731145315e-05,0.2,CALCRL,direct
SMOKE_CITALOPRAM_20,Citalopram,GAS,P41597,0.0032921854872256,0.0110568394884467,0.6,CCR2,none
SMOKE_CITALOPRAM_20,Citalopram,GAS,P49146,-0.0035941153764724,0.0042099030688405,0.2,NPY2R,none
SMOKE_CITALOPRAM_20,Citalopram,GAS,P25024,6.745383143424988e-05,0.0020467429421842,0.6,CXCR1,none
SMOKE_CITALOPRAM_20,Citalopram,GAS,P32247,0.001944025978446,0.0068974811583757,0.6,BRS3,none
SMOKE_CITALOPRAM_20,Citalopram,GAS,P30989,0.0049714879132807,0.0063332505524158,1.0,NTSR1,none
SMOKE_CITALOPRAM_20,Citalopram,GAS,P46663,-0.0030022575519979,0.0028517162427306,0.0,BDKRB1,none
SMOKE_CITALOPRAM_20,Citalopram,GAS,Q9NS75,0.0067295492626726,0.0100725935772061,0.8,CYSLTR2,secondary
SMOKE_CITALOPRAM_20,Citalopram,GAS,P29371,-0.0011838801437988,0.0020969614852219,0.2,TACR3,none
SMOKE_CITALOPRAM_20,Citalopram,GAS,P41587,-0.0007469818228855,0.0024543453473597,0.4,VIPR2,secondary
SMOKE_CITALOPRAM_20,Citalopram,GAS,P50052,0.0001253057271242,0.0023690601810812,0.4,AGTR2,none
SMOKE_CITALOPRAM_20,Citalopram,GAS,P33032,-3.5310535167809576e-05,0.0008912159246392,0.4,MC5R,none
SMOKE_CITALOPRAM_20,Citalopram,GAS,Q92847,-0.0055248783901333,0.0083011472597718,0.2,GHSR,none
SMOKE_CITALOPRAM_20,Citalopram,GAS,P41968,-0.0025983662344515,0.0026997425593435,0.0,MC3R,none
SMOKE_CITALOPRAM_20,Citalopram,GAS,P25929,0.0029099427629262,0.0037470341194421,0.8,NPY1R,direct
SMOKE_CITALOPRAM_20,Citalopram,GAS,O43614,-0.0029919042717665,0.0063692918047308,0.4,HCRTR2,none
SMOKE_CITALOPRAM_20,Citalopram,GAS,P49238,-0.000921344035305,0.0021507483907043,0.2,CX3CR1,none
SMOKE_CITALOPRAM_20,Citalopram,GAS,O43613,0.0010355751728639,0.0052056261338293,0.6,HCRTR1,none
SMOKE_CITALOPRAM_20,Citalopram,GAS,P32241,0.000274942809483,0.0004913291195407,0.6,VIPR1,direct
SMOKE_CITALOPRAM_20,Citalopram,GAS,Q8TDU6,0.0032469765283167,0.0040841251611709,0.8,GPBAR1,none
SMOKE_CITALOPRAM_20,Citalopram,GAS,P01275,0.0028122507501393,0.0029379939660429,1.0,GCG,secondary
SMOKE_CITALOPRAM_20,Citalopram,GAS,Q96LB1,-0.0001682367146713,0.0012754902709275,0.4,MRGPRX2,none
SMOKE_CITALOPRAM_20,Citalopram,GAS,Q61224,0.0005591474473476,0.0014112113276496,0.6,HTR1D,none
SMOKE_CITALOPRAM_20,Citalopram,GAS,O75899,-0.0060350215062499,0.0061945104971528,0.0,GABBR2,none
SMOKE_CITALOPRAM_20,Citalopram,GAS,P51787,4.787742909684312e-06,0.0001224024308612,0.4,KCNQ1,direct
SMOKE_CITALOPRAM_20,Citalopram,GAS,P43681,-0.0009788818424567,0.0035454821772873,0.4,CHRNA4,direct
SMOKE_CITALOPRAM_20,Citalopram,GAS,P46098,-0.0129707902669906,0.015438724309206,0.0,HTR3A,direct
SMOKE_CITALOPRAM_20,Citalopram,GAS,Q13936,0.0024992085527628,0.0026810592971742,0.8,CACNA1C,none
SMOKE_CITALOPRAM_20,Citalopram,GAS,P14867,-0.0002522490976843,0.0008450985769741,0.4,GABRA1,none
SMOKE_CITALOPRAM_20,Citalopram,GAS,Q14524,-0.0009308382868766,0.0021712516900151,0.4,SCN5A,direct
SMOKE_CITALOPRAM_20,Citalopram,GAS,Q05586,0.0004996947827748,0.0104919942095875,0.6,GRIN1,none
SMOKE_CITALOPRAM_20,Citalopram,GAS,Q92952,0.0020433671306818,0.0024676385801285,0.8,KCNN1,none
SMOKE_CITALOPRAM_20,Citalopram,GAS,Q12809,0.0088418694213032,0.0122135793790221,1.0,KCNH2,none
SMOKE_CITALOPRAM_20,Citalopram,GAS,P56373,-0.0042784786783158,0.0106636295095086,0.2,P2RX3,none
SMOKE_CITALOPRAM_20,Citalopram,GAS,P07727,-0.0012629084521904,0.0044030686840415,0.2,GLRA1,none
SMOKE_CITALOPRAM_20,Citalopram,GAS,Q9UGI6,-0.0001196391895064,0.0001860568445408,0.2,KCNN3,none
SMOKE_CITALOPRAM_20,Citalopram,GAS,P22002,0.0003669515135698,0.0003894511901307,0.8,CACNA1C,none
SMOKE_CITALOPRAM_20,Citalopram,GAS,Q99250,0.0044656656682491,0.0051283505745232,0.8,SCN2A,direct
SMOKE_CITALOPRAM_20,Citalopram,GAS,Q9H2S1,0.0014348544646054,0.0009625033708289,1.0,KCNN2,none
SMOKE_CITALOPRAM_20,Citalopram,GAS,Q99572,0.0023575662635266,0.0041708322241902,0.6,P2RX7,none
SMOKE_CITALOPRAM_20,Citalopram,GAS,P02708,0.0013047534739598,0.0015386216109618,0.8,CHRNA1,direct
SMOKE_CITALOPRAM_20,Citalopram,GAS,Q02294,-0.0016801916062831,0.0028533935546875,0.4,CACNA1B,none
SMOKE_CITALOPRAM_20,Citalopram,GAS,P18507,0.0024915193207561,0.0013055623276159,1.0,GABRG2,none
SMOKE_CITALOPRAM_20,Citalopram,GAS,P12821,0.0016142710810527,0.0066402214579284,0.8,ACE,direct
SMOKE_CITALOPRAM_20,Citalopram,GAS,P21397,0.0030366391874849,0.0142787126824259,0.6,MAOA,direct
SMOKE_CITALOPRAM_20,Citalopram,GAS,P27338,-0.0108157387003302,0.0235971175134181,0.4,MAOB,secondary
SMOKE_CITALOPRAM_20,Citalopram,GAS,P22303,0.0038495236076414,0.0041583683341741,0.8,ACHE,direct
SMOKE_CITALOPRAM_20,Citalopram,GAS,P23219,-0.0008986227330751,0.0027510314248502,0.4,PTGS1,direct
SMOKE_CITALOPRAM_20,Citalopram,GAS,P35354,0.00206631119363,0.006000985391438,0.4,PTGS2,none
SMOKE_CITALOPRAM_20,Citalopram,GAS,P42574,-0.0010405384236946,0.0044641490094363,0.6,CASP3,secondary
SMOKE_CITALOPRAM_20,Citalopram,GAS,Q14432,0.001414256519638,0.0041200472041964,0.4,PDE3A,none
SMOKE_CITALOPRAM_20,Citalopram,GAS,P07339,0.0003582119825296,0.0010930235730484,0.6,CTSD,none
SMOKE_CITALOPRAM_20,Citalopram,GAS,O00408,0.0014163441956043,0.0114275971427559,0.6,PDE2A,none
SMOKE_CITALOPRAM_20,Citalopram,GAS,Q08499,-0.0210018493235111,0.0099345557391643,0.0,PDE4D,direct
SMOKE_CITALOPRAM_20,Citalopram,GAS,Q13370,-0.0046931309625506,0.0213502142578363,0.4,PDE3B,none
SMOKE_CITALOPRAM_20,Citalopram,GAS,P14780,0.0069205341860651,0.0072462284006178,0.8,MMP9,none
SMOKE_CITALOPRAM_20,Citalopram,GAS,P03956,-0.0062602483667433,0.0040628812275826,0.0,MMP1,none
SMOKE_CITALOPRAM_20,Citalopram,GAS,P08253,0.0010515466565266,0.0013845090288668,1.0,MMP2,none
SMOKE_CITALOPRAM_20,Citalopram,GAS,Q9UDY8,0.0036950602661818,0.0095015428960323,0.6,MALT1,none
SMOKE_CITALOPRAM_20,Citalopram,GAS,P80457,0.0023180886637419,0.003437740728259,0.8,XDH,secondary
SMOKE_CITALOPRAM_20,Citalopram,GAS,Q9BYF1,-0.0122859133407473,0.0205796360969543,0.0,ACE2,none
SMOKE_CITALOPRAM_20,Citalopram,GAS,P08311,0.0034914356656372,0.0023952452465891,1.0,CTSG,none
SMOKE_CITALOPRAM_20,Citalopram,GAS,P56817,-0.0001750782103044,0.0006941230385564,0.2,BACE1,none
SMOKE_CITALOPRAM_20,Citalopram,GAS,P00519,0.0050085457041859,0.0035656148102134,1.0,ABL1,direct
SMOKE_CITALOPRAM_20,Citalopram,GAS,P17948,5.493238495546393e-05,0.0012879347195848,0.6,FLT1,none
SMOKE_CITALOPRAM_20,Citalopram,GAS,P10721,2.78607003565412e-05,3.291025132057257e-05,1.0,KIT,none
SMOKE_CITALOPRAM_20,Citalopram,GAS,P06213,-0.0006446689367294,0.0003467316855676,0.0,INSR,none
SMOKE_CITALOPRAM_20,Citalopram,GAS,P00533,0.0012380204861983,0.0012724079424515,1.0,EGFR,none
SMOKE_CITALOPRAM_20,Citalopram,GAS,Q96GD4,-0.0026532993651926,0.0021805600263178,0.0,AURKB,secondary
SMOKE_CITALOPRAM_20,Citalopram,GAS,P06239,-0.0018267318373546,0.0030976261477917,0.2,LCK,none
SMOKE_CITALOPRAM_20,Citalopram,GAS,Q16539,0.0031008063815534,0.0095982421189546,0.6,MAPK14,secondary
SMOKE_CITALOPRAM_20,Citalopram,GAS,P49841,-0.0083955284208059,0.0093440013006329,0.0,GSK3B,none
SMOKE_CITALOPRAM_20,Citalopram,GAS,P12931,-0.0003275424242019,0.00464031053707,0.6,SRC,none
SMOKE_CITALOPRAM_20,Citalopram,GAS,Q05397,-0.0016992337768897,0.0016842373879626,0.0,PTK2,none
SMOKE_CITALOPRAM_20,Citalopram,GAS,P35968,-0.0065066218376159,0.0067237196490168,0.0,KDR,none
SMOKE_CITALOPRAM_20,Citalopram,GAS,P43403,0.0004130870220251,0.0032296448480337,0.6,ZAP70,none
SMOKE_CITALOPRAM_20,Citalopram,GAS,P04629,0.0193820800632238,0.0220423247665166,1.0,NTRK1,none
SMOKE_CITALOPRAM_20,Citalopram,GAS,P49840,-0.001095664454624,0.0051996903494,0.8,GSK3A,direct
SMOKE_CITALOPRAM_20,Citalopram,GAS,O75116,-0.0008844368276186,0.0028099368792027,0.6,ROCK2,none
SMOKE_CITALOPRAM_20,Citalopram,GAS,P17252,-0.006413618568331,0.0044063390232622,0.0,PRKCA,none
SMOKE_CITALOPRAM_20,Citalopram,GAS,P24941,-0.0122340889647603,0.0120269125327467,0.0,CDK2,direct
SMOKE_CITALOPRAM_20,Citalopram,GAS,Q13464,0.0092342691496014,0.0101801874116063,1.0,ROCK1,none
SMOKE_CITALOPRAM_20,Citalopram,GAS,P48736,0.001610331586562,0.0012397249229252,0.8,PIK3CG,none
SMOKE_CITALOPRAM_20,Citalopram,GAS,O14733,0.0004864252987317,0.0038702606689184,0.6,MAP2K7,none
SMOKE_CITALOPRAM_20,Citalopram,GAS,Q13315,-0.0038208111654967,0.0152289252728223,0.6,ATM,none
SMOKE_CITALOPRAM_20,Citalopram,GAS,P07948,0.0059209312312304,0.0071136015467345,0.8,LYN,none
SMOKE_CITALOPRAM_20,Citalopram,GAS,P28482,-0.0015261486405506,0.001499667414464,0.0,MAPK1,secondary
SMOKE_CITALOPRAM_20,Citalopram,GAS,Q9UQM7,-0.0037564262747764,0.0082440823316574,0.4,CAMK2A,secondary
SMOKE_CITALOPRAM_20,Citalopram,GAS,O14965,0.0075194695964455,0.0087169101461768,0.8,AURKA,none
SMOKE_CITALOPRAM_20,Citalopram,GAS,Q15118,-1.849532054620795e-05,0.0051478892564773,0.6,PDK1,none
SMOKE_CITALOPRAM_20,Citalopram,GAS,Q8TDR2,0.0049482332542538,0.0044035427272319,0.8,STK35,none
SMOKE_CITALOPRAM_20,Citalopram,GAS,P10275,0.0014477409422397,0.010348891839385,0.8,AR,none
SMOKE_CITALOPRAM_20,Citalopram,GAS,P04150,0.0047005885280668,0.0057201795279979,1.0,NR3C1,none
SMOKE_CITALOPRAM_20,Citalopram,GAS,P10276,0.0045156651176512,0.0105578396469354,0.6,RARA,none
SMOKE_CITALOPRAM_20,Citalopram,GAS,P03372,0.0096050966531038,0.0057143182493746,1.0,ESR1,none
SMOKE_CITALOPRAM_20,Citalopram,GAS,P19793,-0.0081268576905131,0.008780350908637,0.0,RXRA,none
SMOKE_CITALOPRAM_20,Citalopram,GAS,P06401,0.0199775360524654,0.0185425467789173,1.0,PGR,none
SMOKE_CITALOPRAM_20,Citalopram,GAS,P37231,-0.0073147430084645,0.0143266757950186,0.6,PPARG,none
SMOKE_CITALOPRAM_20,Citalopram,GAS,Q92731,-0.0089277504011988,0.0747372433543205,0.6,ESR2,none
SMOKE_CITALOPRAM_20,Citalopram,GAS,P55055,-0.0319419838488101,0.0362217538058757,0.0,NR1H2,none
SMOKE_CITALOPRAM_20,Citalopram,GAS,P30531,-0.0082329530268907,0.0087233902886509,0.0,SLC6A1,none
SMOKE_CITALOPRAM_20,Citalopram,GAS,P23975,-0.0074137249030172,0.0091874683275818,0.2,SLC6A2,direct
SMOKE_CITALOPRAM_20,Citalopram,GAS,P31645,0.0053706723265349,0.0070883608423173,1.0,SLC6A4,direct
SMOKE_CITALOPRAM_20,Citalopram,GAS,Q01959,0.0115959513932466,0.0086549883708357,1.0,SLC6A3,none
SMOKE_CITALOPRAM_20,Citalopram,GAS,P31652,-0.000802656984888,0.0005851362366229,0.0,SLC6A4,direct
SMOKE_CITALOPRAM_20,Citalopram,GAS,P23977,0.0035477173514664,0.0017436133930459,1.0,SLC6A3,none
SMOKE_CITALOPRAM_20,Citalopram,GAS,Q9GZV3,0.0006736796349287,0.0021218101028352,0.6,SLC5A7,none
SMOKE_CITALOPRAM_20,Citalopram,GAS,P28572,0.0043123788200318,0.0027450800407677,1.0,SLC6A9,none
SMOKE_CITALOPRAM_20,Citalopram,GAS,P30536,0.0007051635766401,0.0044762031175196,0.6,TSPO,none
SMOKE_CITALOPRAM_20,Citalopram,GAS,P01375,0.0012785348808392,0.0015840113628655,0.8,TNF,none
SMOKE_CITALOPRAM_20,Citalopram,GAS,Q99720,0.031626634299755,0.0327985845506191,1.0,SIGMAR1,none
SMOKE_CITALOPRAM_20,Citalopram,HEP,P35414,-0.000853550445754,0.0033731320872902,0.6,APLNR,none
SMOKE_CITALOPRAM_20,Citalopram,HEP,P24530,-0.0002376988559262,0.0005255041178315,0.2,EDNRB,none
SMOKE_CITALOPRAM_20,Citalopram,HEP,P30518,-0.0011892721522599,0.0024459108244627,0.4,AVPR2,none
SMOKE_CITALOPRAM_20,Citalopram,HEP,P35346,0.001602477626875,0.0037354805972427,0.4,SSTR5,none
SMOKE_CITALOPRAM_20,Citalopram,HEP,Q9Y271,-0.0106486128643155,0.0097533483058214,0.0,CYSLTR1,none
SMOKE_CITALOPRAM_20,Citalopram,HEP,P34998,-0.0011755228042602,0.0014504451537504,0.2,CRHR1,none
SMOKE_CITALOPRAM_20,Citalopram,HEP,P30874,-0.0006786606973037,0.0013734898529946,0.4,SSTR2,none
SMOKE_CITALOPRAM_20,Citalopram,HEP,P34995,0.0019476742018014,0.0018049995414912,1.0,PTGER1,none
SMOKE_CITALOPRAM_20,Citalopram,HEP,P08173,0.0008185111219063,0.0011076123919337,0.8,CHRM4,none
SMOKE_CITALOPRAM_20,Citalopram,HEP,P30988,0.0008861072128638,0.0009940789313986,0.8,CALCR,none
SMOKE_CITALOPRAM_20,Citalopram,HEP,P41595,-0.0001523725659353,0.0010815988061949,0.6,HTR2B,none
SMOKE_CITALOPRAM_20,Citalopram,HEP,P35408,-0.0003328472375869,0.0009736131178215,0.6,PTGER4,none
SMOKE_CITALOPRAM_20,Citalopram,HEP,P21918,-0.006044837180525,0.0097274733707308,0.4,DRD5,none
SMOKE_CITALOPRAM_20,Citalopram,HEP,P31391,-0.0025078603066504,0.0049055577255785,0.4,SSTR4,none
SMOKE_CITALOPRAM_20,Citalopram,HEP,P30968,-0.0040899477899074,0.005259733647108,0.0,GNRHR,secondary
SMOKE_CITALOPRAM_20,Citalopram,HEP,P08913,-0.0002770982682704,0.0002740891650319,0.0,ADRA2A,none
SMOKE_CITALOPRAM_20,Citalopram,HEP,Q13639,0.0006878413259983,0.0023449198342859,0.8,HTR4,none
SMOKE_CITALOPRAM_20,Citalopram,HEP,P43116,0.0030117377173155,0.0024618515744805,1.0,PTGER2,none
SMOKE_CITALOPRAM_20,Citalopram,HEP,P37288,-0.0023221992887556,0.0040706070140004,0.6,AVPR1A,none
SMOKE_CITALOPRAM_20,Citalopram,HEP,P28222,-0.000517769891303,0.0005568734486587,0.2,HTR1B,none
SMOKE_CITALOPRAM_20,Citalopram,HEP,P32238,0.0004281058791093,0.0007939442293718,0.6,CCKAR,none
SMOKE_CITALOPRAM_20,Citalopram,HEP,P18825,-0.0003431439399719,0.0004378848534543,0.2,ADRA2C,none
SMOKE_CITALOPRAM_20,Citalopram,HEP,P30872,9.09738228074275e-05,0.0001920673530548,0.8,SSTR1,none
SMOKE_CITALOPRAM_20,Citalopram,HEP,P47901,0.0008777402108535,0.0012098767329007,0.8,AVPR1B,none
SMOKE_CITALOPRAM_20,Citalopram,HEP,P25021,-0.0026927352882921,0.0035216694232076,0.0,HRH2,none
SMOKE_CITALOPRAM_20,Citalopram,HEP,P18089,0.0022837824653834,0.0022087898105382,1.0,ADRA2B,none
SMOKE_CITALOPRAM_20,Citalopram,HEP,P48039,-0.0038997284136712,0.0054241041652858,0.4,MTNR1A,none
SMOKE_CITALOPRAM_20,Citalopram,HEP,P49286,-0.0027638734318315,0.0029596979729831,0.0,MTNR1B,none
SMOKE_CITALOPRAM_20,Citalopram,HEP,P43088,0.0002132020890712,0.0015959360171109,0.8,PTGFR,none
SMOKE_CITALOPRAM_20,Citalopram,HEP,P41146,0.0005157172563485,0.0008840127848088,0.6,OPRL1,none
SMOKE_CITALOPRAM_20,Citalopram,HEP,P32745,-0.0008372970041818,0.0011024049017578,0.0,SSTR3,none
SMOKE_CITALOPRAM_20,Citalopram,HEP,P08912,0.0013397254515439,0.0059075080789625,0.6,CHRM5,none
SMOKE_CITALOPRAM_20,Citalopram,HEP,P21728,-0.0013234816724434,0.0030693386215716,0.2,DRD1,none
SMOKE_CITALOPRAM_20,Citalopram,HEP,Q9UBS5,0.0001039326161844,0.0013840433675795,0.6,GABBR1,none
SMOKE_CITALOPRAM_20,Citalopram,HEP,P07550,-0.001391903264448,0.0029372950084507,0.4,ADRB2,none
SMOKE_CITALOPRAM_20,Citalopram,HEP,P61073,-0.0017704360652714,0.003249414730817,0.2,CXCR4,none
SMOKE_CITALOPRAM_20,Citalopram,HEP,P08172,-0.0009106919169425,0.0021735816262662,0.4,CHRM2,none
SMOKE_CITALOPRAM_20,Citalopram,HEP,P08588,0.0009256303310394,0.003257620614022,0.8,ADRB1,none
SMOKE_CITALOPRAM_20,Citalopram,HEP,P08908,0.001696330262348,0.0019755526445806,0.6,HTR1A,none
SMOKE_CITALOPRAM_20,Citalopram,HEP,P11229,0.000214514133404,0.0021775215864181,0.6,CHRM1,direct
SMOKE_CITALOPRAM_20,Citalopram,HEP,P14416,-0.0064737773500382,0.0095804296433925,0.2,DRD2,none
SMOKE_CITALOPRAM_20,Citalopram,HEP,P21554,-0.0014042302500456,0.001560388947837,0.0,CNR1,none
SMOKE_CITALOPRAM_20,Citalopram,HEP,P21917,0.0011446774005889,0.0016751672374084,0.8,DRD4,none
SMOKE_CITALOPRAM_20,Citalopram,HEP,O43193,0.0003195777535438,0.0004454775771591,0.8,MLNR,none
SMOKE_CITALOPRAM_20,Citalopram,HEP,P25100,0.0006945192581042,0.0011384026147425,0.8,ADRA1D,none
SMOKE_CITALOPRAM_20,Citalopram,HEP,P28223,0.0014468431472778,0.0045211040414869,0.8,HTR2A,none
SMOKE_CITALOPRAM_20,Citalopram,HEP,P28335,-0.0006185360252857,0.0006997562013566,0.2,HTR2C,none
SMOKE_CITALOPRAM_20,Citalopram,HEP,P30542,0.0013406060170382,0.0015789802419021,0.8,ADORA1,none
SMOKE_CITALOPRAM_20,Citalopram,HEP,P30556,0.0013705424498766,0.001699686399661,1.0,AGTR1,none
SMOKE_CITALOPRAM_20,Citalopram,HEP,P35348,0.005817393772304,0.0052472497336566,1.0,ADRA1A,none
SMOKE_CITALOPRAM_20,Citalopram,HEP,P35367,-0.0021491744555532,0.0016392988618463,0.0,HRH1,none
SMOKE_CITALOPRAM_20,Citalopram,HEP,P35368,-0.0006050892407074,0.0008457604562863,0.2,ADRA1B,none
SMOKE_CITALOPRAM_20,Citalopram,HEP,P21452,0.0022614493500441,0.0022084892261773,0.8,TACR2,none
SMOKE_CITALOPRAM_20,Citalopram,HEP,P35372,0.0007554896292276,0.0015401882119476,0.6,OPRM1,none
SMOKE_CITALOPRAM_20,Citalopram,HEP,P35462,-0.000762777402997,0.007720889057964,0.6,DRD3,none
SMOKE_CITALOPRAM_20,Citalopram,HEP,P41143,4.222988991386956e-06,3.47340501321014e-05,0.4,OPRD1,none
SMOKE_CITALOPRAM_20,Citalopram,HEP,P41145,0.0001036383182508,0.0016142142703756,0.4,OPRK1,none
SMOKE_CITALOPRAM_20,Citalopram,HEP,P32246,-0.0004421584308147,0.0011464755516499,0.2,CCR1,none
SMOKE_CITALOPRAM_20,Citalopram,HEP,P25025,-0.0015690252184867,0.0042871939949691,0.4,CXCR2,none
SMOKE_CITALOPRAM_20,Citalopram,HEP,P20309,-0.0003974489809479,0.0024412702769041,0.6,CHRM3,none
SMOKE_CITALOPRAM_20,Citalopram,HEP,P13945,-0.0002534285304136,0.0017020218074321,0.4,ADRB3,none
SMOKE_CITALOPRAM_20,Citalopram,HEP,P25103,0.0012181795900687,0.0015445691533386,0.8,TACR1,none
SMOKE_CITALOPRAM_20,Citalopram,HEP,P25105,3.1919033062877133e-05,0.0001159710591309,0.6,PTAFR,none
SMOKE_CITALOPRAM_20,Citalopram,HEP,P29274,-0.0029393031727522,0.0029364060610532,0.2,ADORA2A,none
SMOKE_CITALOPRAM_20,Citalopram,HEP,P25101,0.0006195172900334,0.0006373445503413,1.0,EDNRA,none
SMOKE_CITALOPRAM_20,Citalopram,HEP,P34972,0.0010225974256172,0.0023287595249712,0.6,CNR2,none
SMOKE_CITALOPRAM_20,Citalopram,HEP,P29275,0.0027855038642883,0.0030868097674101,0.8,ADORA2B,none
SMOKE_CITALOPRAM_20,Citalopram,HEP,P0DMS8,0.0015810423064976,0.0016690682386979,0.8,ADORA3,none
SMOKE_CITALOPRAM_20,Citalopram,HEP,P32245,0.0001348532678093,0.0014459721278399,0.6,MC4R,none
SMOKE_CITALOPRAM_20,Citalopram,HEP,Q9Y5N1,-2.7939677238464355e-06,1.532601163489744e-05,0.2,HRH3,none
SMOKE_CITALOPRAM_20,Citalopram,HEP,P51681,0.0007950275903567,0.0020090376492589,0.6,CCR5,none
SMOKE_CITALOPRAM_20,Citalopram,HEP,P32239,0.0004095777985639,0.0004435018927324,0.8,CCKBR,none
SMOKE_CITALOPRAM_20,Citalopram,HEP,P30543,-0.0006974585121497,0.0008135217940434,0.2,ADORA2A,none
SMOKE_CITALOPRAM_20,Citalopram,HEP,P34969,-0.0078347157686948,0.0110287507995963,0.2,HTR7,none
SMOKE_CITALOPRAM_20,Citalopram,HEP,P30411,-0.0005064659053459,0.0020940983667969,0.6,BDKRB2,none
SMOKE_CITALOPRAM_20,Citalopram,HEP,P41594,-0.0004178218659944,0.0040455912239849,0.4,GRM5,none
SMOKE_CITALOPRAM_20,Citalopram,HEP,P50406,0.0014306500088423,0.0012355399085208,1.0,HTR6,none
SMOKE_CITALOPRAM_20,Citalopram,HEP,P47898,-0.0001202926068799,0.0003386179159861,0.4,HTR5A,none
SMOKE_CITALOPRAM_20,Citalopram,HEP,P28564,0.0001039363414747,0.0010096034966409,0.4,HTR1B,none
SMOKE_CITALOPRAM_20,Citalopram,HEP,P43115,-0.0034110881388187,0.0033705092500895,0.0,PTGER3,none
SMOKE_CITALOPRAM_20,Citalopram,HEP,Q9H3N8,1.3702362593903672e-05,0.0001719794236123,0.6,HRH4,none
SMOKE_CITALOPRAM_20,Citalopram,HEP,Q9UKP6,0.0005995780229568,0.0007168320589698,1.0,UTS2R,none
SMOKE_CITALOPRAM_20,Citalopram,HEP,Q01726,-0.0017046816647052,0.0014316290616989,0.0,MC1R,none
SMOKE_CITALOPRAM_20,Citalopram,HEP,Q16602,-1.7125905287684873e-05,2.5412149625481103e-05,0.4,CALCRL,none
SMOKE_CITALOPRAM_20,Citalopram,HEP,P41597,0.0013781941961497,0.004243891686201,0.4,CCR2,none
SMOKE_CITALOPRAM_20,Citalopram,HEP,P49146,-0.0005560174467973,0.0005534392548725,0.2,NPY2R,none
SMOKE_CITALOPRAM_20,Citalopram,HEP,P25024,0.0003821499703917,0.0005273460992611,0.8,CXCR1,none
SMOKE_CITALOPRAM_20,Citalopram,HEP,P32247,0.0020279467571526,0.0019317843252792,1.0,BRS3,none
SMOKE_CITALOPRAM_20,Citalopram,HEP,P30989,0.0014008447760716,0.0022317722905427,0.8,NTSR1,none
SMOKE_CITALOPRAM_20,Citalopram,HEP,P46663,-0.0008018106454983,0.0009743383852764,0.0,BDKRB1,none
SMOKE_CITALOPRAM_20,Citalopram,HEP,Q9NS75,0.001570499734953,0.0029284588526934,0.6,CYSLTR2,none
SMOKE_CITALOPRAM_20,Citalopram,HEP,P29371,-0.0004010438860859,0.0006697041681036,0.4,TACR3,none
SMOKE_CITALOPRAM_20,Citalopram,HEP,P41587,0.0001199841499328,0.0007982288952916,0.6,VIPR2,none
SMOKE_CITALOPRAM_20,Citalopram,HEP,P50052,0.0002108216285705,0.0005912543274462,0.6,AGTR2,none
SMOKE_CITALOPRAM_20,Citalopram,HEP,P33032,8.889287528290879e-06,0.0003767365997191,0.2,MC5R,none
SMOKE_CITALOPRAM_20,Citalopram,HEP,Q92847,-0.0013375536072999,0.0022328330669552,0.2,GHSR,none
SMOKE_CITALOPRAM_20,Citalopram,HEP,P41968,-0.0004382021725177,0.0006298526423051,0.0,MC3R,none
SMOKE_CITALOPRAM_20,Citalopram,HEP,P25929,0.0003282703401055,0.0003550326509866,0.8,NPY1R,none
SMOKE_CITALOPRAM_20,Citalopram,HEP,O43614,-0.0011580928694456,0.0026907420251518,0.2,HCRTR2,none
SMOKE_CITALOPRAM_20,Citalopram,HEP,P49238,-0.0001623108983039,0.0005917848320677,0.6,CX3CR1,none
SMOKE_CITALOPRAM_20,Citalopram,HEP,O43613,0.0001197814926854,0.0020746802911162,0.6,HCRTR1,none
SMOKE_CITALOPRAM_20,Citalopram,HEP,P32241,7.356629066634923e-05,8.414978947257623e-05,0.8,VIPR1,none
SMOKE_CITALOPRAM_20,Citalopram,HEP,Q8TDU6,0.0005063116550445,0.0008276902954094,0.8,GPBAR1,none
SMOKE_CITALOPRAM_20,Citalopram,HEP,P01275,0.0005718030151911,0.0007344595505855,0.8,GCG,none
SMOKE_CITALOPRAM_20,Citalopram,HEP,Q96LB1,1.7420947187929414e-05,0.0001569040614413,0.8,MRGPRX2,none
SMOKE_CITALOPRAM_20,Citalopram,HEP,Q61224,0.0001102648675441,0.0003110048128291,0.4,HTR1D,none
SMOKE_CITALOPRAM_20,Citalopram,HEP,O75899,-0.0023123726714402,0.0025584253016859,0.2,GABBR2,none
SMOKE_CITALOPRAM_20,Citalopram,HEP,P51787,9.635090464144014e-06,3.91589492210187e-05,0.4,KCNQ1,none
SMOKE_CITALOPRAM_20,Citalopram,HEP,P43681,-0.0006267823046073,0.0012734065530821,0.6,CHRNA4,none
SMOKE_CITALOPRAM_20,Citalopram,HEP,P46098,-0.0021761693060398,0.0025614160113036,0.4,HTR3A,none
SMOKE_CITALOPRAM_20,Citalopram,HEP,Q13936,0.000547370291315,0.0007321911398321,0.8,CACNA1C,none
SMOKE_CITALOPRAM_20,Citalopram,HEP,P14867,-6.260350346565247e-05,0.0001843291101977,0.4,GABRA1,none
SMOKE_CITALOPRAM_20,Citalopram,HEP,Q14524,-0.0002573393285274,0.0007311412482522,0.4,SCN5A,none
SMOKE_CITALOPRAM_20,Citalopram,HEP,Q05586,0.000521732144989,0.0012719586957246,0.6,GRIN1,none
SMOKE_CITALOPRAM_20,Citalopram,HEP,Q92952,0.0009409681078977,0.0011127449106425,1.0,KCNN1,none
SMOKE_CITALOPRAM_20,Citalopram,HEP,Q12809,0.0026352531276643,0.0048932991921901,0.8,KCNH2,none
SMOKE_CITALOPRAM_20,Citalopram,HEP,P56373,-0.0002897098602261,0.0017047066939994,0.2,P2RX3,none
SMOKE_CITALOPRAM_20,Citalopram,HEP,P07727,-0.000469474500278,0.0012786405859515,0.6,GLRA1,none
SMOKE_CITALOPRAM_20,Citalopram,HEP,Q9UGI6,-4.273578451829962e-05,5.88260154472664e-05,0.4,KCNN3,none
SMOKE_CITALOPRAM_20,Citalopram,HEP,P22002,0.0001333348482148,0.0001463209482608,1.0,CACNA1C,none
SMOKE_CITALOPRAM_20,Citalopram,HEP,Q99250,0.0017455801134929,0.0021580858156085,0.8,SCN2A,none
SMOKE_CITALOPRAM_20,Citalopram,HEP,Q9H2S1,0.0002202689647674,0.0002260611800011,0.8,KCNN2,none
SMOKE_CITALOPRAM_20,Citalopram,HEP,Q99572,0.0001011155545711,0.0006711541209369,0.2,P2RX7,none
SMOKE_CITALOPRAM_20,Citalopram,HEP,P02708,0.0003157868923153,0.0003567652311176,0.8,CHRNA1,none
SMOKE_CITALOPRAM_20,Citalopram,HEP,Q02294,-0.0003396503743715,0.0003397606778889,0.2,CACNA1B,none
SMOKE_CITALOPRAM_20,Citalopram,HEP,P18507,0.0005542956059798,0.0006226014811545,0.8,GABRG2,none
SMOKE_CITALOPRAM_20,Citalopram,HEP,P12821,0.0011170305078849,0.0015325113199651,0.8,ACE,none
SMOKE_CITALOPRAM_20,Citalopram,HEP,P21397,0.0026767447125166,0.0037868234794586,0.6,MAOA,none
SMOKE_CITALOPRAM_20,Citalopram,HEP,P27338,0.0008842900278978,0.0027122818864881,0.6,MAOB,none
SMOKE_CITALOPRAM_20,Citalopram,HEP,P22303,0.0013988830614835,0.0013909928966313,1.0,ACHE,none
SMOKE_CITALOPRAM_20,Citalopram,HEP,P23219,-0.0002280741900904,0.0006312502082437,0.4,PTGS1,none
SMOKE_CITALOPRAM_20,Citalopram,HEP,P35354,0.0008057228988036,0.0023996899835765,0.4,PTGS2,none
SMOKE_CITALOPRAM_20,Citalopram,HEP,P42574,-0.0004139184893574,0.0008084337459877,0.2,CASP3,secondary
SMOKE_CITALOPRAM_20,Citalopram,HEP,Q14432,0.0005172237870283,0.0011985244927927,0.6,PDE3A,none
SMOKE_CITALOPRAM_20,Citalopram,HEP,P07339,0.0002397149801254,0.0004454652953427,0.8,CTSD,none
SMOKE_CITALOPRAM_20,Citalopram,HEP,O00408,0.0003882955643348,0.0025782727170735,0.6,PDE2A,none
SMOKE_CITALOPRAM_20,Citalopram,HEP,Q08499,-0.0044734338298439,0.0041819140315055,0.2,PDE4D,none
SMOKE_CITALOPRAM_20,Citalopram,HEP,Q13370,0.0005892418557778,0.0055075464770197,0.6,PDE3B,none
SMOKE_CITALOPRAM_20,Citalopram,HEP,P14780,0.0019287213217467,0.0024796244688332,0.8,MMP9,none
SMOKE_CITALOPRAM_20,Citalopram,HEP,P03956,-0.0022361711598932,0.0018934928812086,0.0,MMP1,secondary
SMOKE_CITALOPRAM_20,Citalopram,HEP,P08253,0.0002655059215612,0.0005086049786768,0.6,MMP2,secondary
SMOKE_CITALOPRAM_20,Citalopram,HEP,Q9UDY8,0.0008842438692227,0.0036635268479585,0.6,MALT1,secondary
SMOKE_CITALOPRAM_20,Citalopram,HEP,P80457,0.0001632921339478,0.0015321262180805,0.8,XDH,none
SMOKE_CITALOPRAM_20,Citalopram,HEP,Q9BYF1,-0.0030864172149449,0.0051348260603845,0.4,ACE2,secondary
SMOKE_CITALOPRAM_20,Citalopram,HEP,P08311,0.0004926845431327,0.0001873372384579,1.0,CTSG,none
SMOKE_CITALOPRAM_20,Citalopram,HEP,P56817,-9.729787416290492e-05,0.0001398899621563,0.2,BACE1,secondary
SMOKE_CITALOPRAM_20,Citalopram,HEP,P00519,0.0019434429705142,0.0028861134778708,0.8,ABL1,none
SMOKE_CITALOPRAM_20,Citalopram,HEP,P17948,-0.0001016035676002,0.0001629899488762,0.4,FLT1,none
SMOKE_CITALOPRAM_20,Citalopram,HEP,P10721,9.440630492463242e-06,1.1958709364989772e-05,0.8,KIT,secondary
SMOKE_CITALOPRAM_20,Citalopram,HEP,P06213,-0.0002385616244282,0.0003608301049098,0.2,INSR,none
SMOKE_CITALOPRAM_20,Citalopram,HEP,P00533,0.0004425644874572,0.000615197699517,0.8,EGFR,secondary
SMOKE_CITALOPRAM_20,Citalopram,HEP,Q96GD4,-0.0007056489703245,0.0008955213124863,0.2,AURKB,secondary
SMOKE_CITALOPRAM_20,Citalopram,HEP,P06239,-0.0006084404885768,0.0014652260579168,0.4,LCK,none
SMOKE_CITALOPRAM_20,Citalopram,HEP,Q16539,-0.0008267037337645,0.0028199790976941,0.4,MAPK14,secondary
SMOKE_CITALOPRAM_20,Citalopram,HEP,P49841,-0.0016451306873932,0.0016116980696097,0.0,GSK3B,none
SMOKE_CITALOPRAM_20,Citalopram,HEP,P12931,0.0001880966156022,0.000810952624306,0.6,SRC,none
SMOKE_CITALOPRAM_20,Citalopram,HEP,Q05397,-0.0004828728851862,0.0004470819258131,0.0,PTK2,none
SMOKE_CITALOPRAM_20,Citalopram,HEP,P35968,-0.0025840350426733,0.0020465268753468,0.0,KDR,none
SMOKE_CITALOPRAM_20,Citalopram,HEP,P43403,0.000435893976828,0.0010578627698123,0.8,ZAP70,secondary
SMOKE_CITALOPRAM_20,Citalopram,HEP,P04629,0.0059334244579076,0.0058558965101838,1.0,NTRK1,none
SMOKE_CITALOPRAM_20,Citalopram,HEP,P49840,-0.000274914491456,0.0010855878936126,0.8,GSK3A,none
SMOKE_CITALOPRAM_20,Citalopram,HEP,O75116,-8.097812678897753e-05,0.0002998082491103,0.4,ROCK2,secondary
SMOKE_CITALOPRAM_20,Citalopram,HEP,P17252,-0.0021920502185821,0.0021661994978785,0.0,PRKCA,none
SMOKE_CITALOPRAM_20,Citalopram,HEP,P24941,-0.0017873086035251,0.001332975924015,0.0,CDK2,none
SMOKE_CITALOPRAM_20,Citalopram,HEP,Q13464,0.0025914907455444,0.002227749209851,1.0,ROCK1,secondary
SMOKE_CITALOPRAM_20,Citalopram,HEP,P48736,0.0003208570124115,0.0002142398589057,1.0,PIK3CG,none
SMOKE_CITALOPRAM_20,Citalopram,HEP,O14733,-0.0002306923270225,0.0008074998040683,0.4,MAP2K7,secondary
SMOKE_CITALOPRAM_20,Citalopram,HEP,Q13315,-0.0009657725458964,0.0028230277821421,0.6,ATM,secondary
SMOKE_CITALOPRAM_20,Citalopram,HEP,P07948,0.0020866678096354,0.002375736599788,0.8,LYN,none
SMOKE_CITALOPRAM_20,Citalopram,HEP,P28482,-0.0008406683919019,0.0007900695200078,0.0,MAPK1,secondary
SMOKE_CITALOPRAM_20,Citalopram,HEP,Q9UQM7,-0.0008376009645871,0.0019951844587922,0.4,CAMK2A,none
SMOKE_CITALOPRAM_20,Citalopram,HEP,O14965,0.0015443011652678,0.0031362865120172,0.8,AURKA,secondary
SMOKE_CITALOPRAM_20,Citalopram,HEP,Q15118,-0.0001438006729586,0.0015354214701801,0.2,PDK1,none
SMOKE_CITALOPRAM_20,Citalopram,HEP,Q8TDR2,0.0015864536399021,0.0016128352144733,0.8,STK35,none
SMOKE_CITALOPRAM_20,Citalopram,HEP,P10275,-1.455247365811374e-05,0.0039596850983798,0.6,AR,direct
SMOKE_CITALOPRAM_20,Citalopram,HEP,P04150,0.0009304657578468,0.0011047595180571,0.8,NR3C1,none
SMOKE_CITALOPRAM_20,Citalopram,HEP,P10276,0.0014893158804625,0.0036379948724061,0.6,RARA,secondary
SMOKE_CITALOPRAM_20,Citalopram,HEP,P03372,0.0032058439683169,0.0022442711051553,0.8,ESR1,secondary
SMOKE_CITALOPRAM_20,Citalopram,HEP,P19793,-0.0020767257083207,0.0021919957362115,0.0,RXRA,none
SMOKE_CITALOPRAM_20,Citalopram,HEP,P06401,0.0056681977584958,0.004551846999675,1.0,PGR,secondary
SMOKE_CITALOPRAM_20,Citalopram,HEP,P37231,-0.0014077082742005,0.002737859962508,0.4,PPARG,none
SMOKE_CITALOPRAM_20,Citalopram,HEP,Q92731,0.0013355400878936,0.0164061579853296,0.8,ESR2,secondary
SMOKE_CITALOPRAM_20,Citalopram,HEP,P55055,-0.0066147381439805,0.0095841120928525,0.0,NR1H2,none
SMOKE_CITALOPRAM_20,Citalopram,HEP,P30531,-0.0013142197858542,0.0022151391021907,0.2,SLC6A1,none
SMOKE_CITALOPRAM_20,Citalopram,HEP,P23975,-0.0015557162696495,0.0034892824478447,0.6,SLC6A2,none
SMOKE_CITALOPRAM_20,Citalopram,HEP,P31645,0.0012102872133255,0.0013616802170872,1.0,SLC6A4,none
SMOKE_CITALOPRAM_20,Citalopram,HEP,Q01959,0.0036252576392143,0.0030757875647395,1.0,SLC6A3,none
SMOKE_CITALOPRAM_20,Citalopram,HEP,P31652,-0.0001566924183862,0.0001251295179827,0.0,SLC6A4,none
SMOKE_CITALOPRAM_20,Citalopram,HEP,P23977,0.0008720457553863,0.0007831425173208,0.8,SLC6A3,none
SMOKE_CITALOPRAM_20,Citalopram,HEP,Q9GZV3,0.0003590397536754,0.0006384711596183,0.8,SLC5A7,none
SMOKE_CITALOPRAM_20,Citalopram,HEP,P28572,0.0009396225214004,0.0010964049724861,0.8,SLC6A9,none
SMOKE_CITALOPRAM_20,Citalopram,HEP,P30536,0.0004562765243463,0.0008517559035681,0.8,TSPO,secondary
SMOKE_CITALOPRAM_20,Citalopram,HEP,P01375,0.0003812827053479,0.0005294224247336,0.8,TNF,none
SMOKE_CITALOPRAM_20,Citalopram,HEP,Q99720,0.0093783400952816,0.0098472982645034,1.0,SIGMAR1,none
SMOKE_CITALOPRAM_20,Citalopram,IMM,P35414,-0.0019294016528874,0.0070859380066394,0.6,APLNR,none
SMOKE_CITALOPRAM_20,Citalopram,IMM,P24530,-0.0007588554290123,0.0003386214375495,0.0,EDNRB,none
SMOKE_CITALOPRAM_20,Citalopram,IMM,P30518,-0.0026192900259047,0.0041759926825761,0.0,AVPR2,none
SMOKE_CITALOPRAM_20,Citalopram,IMM,P35346,0.001926103956066,0.0039719776250422,0.6,SSTR5,none
SMOKE_CITALOPRAM_20,Citalopram,IMM,Q9Y271,-0.0263121239840984,0.0106223160400986,0.0,CYSLTR1,none
SMOKE_CITALOPRAM_20,Citalopram,IMM,P34998,-0.0018790122121572,0.0033909822814166,0.4,CRHR1,none
SMOKE_CITALOPRAM_20,Citalopram,IMM,P30874,-0.0014816612238064,0.0033746769186109,0.6,SSTR2,none
SMOKE_CITALOPRAM_20,Citalopram,IMM,P34995,0.0030244297813624,0.0033538124989718,1.0,PTGER1,none
SMOKE_CITALOPRAM_20,Citalopram,IMM,P08173,0.0019377071876078,0.0020560943521559,1.0,CHRM4,none
SMOKE_CITALOPRAM_20,Citalopram,IMM,P30988,0.0012044232571497,0.0015494270483031,1.0,CALCR,none
SMOKE_CITALOPRAM_20,Citalopram,IMM,P41595,0.0001129224910982,0.0014736433513462,0.6,HTR2B,none
SMOKE_CITALOPRAM_20,Citalopram,IMM,P35408,-0.0007894851150922,0.000848316703923,0.0,PTGER4,secondary
SMOKE_CITALOPRAM_20,Citalopram,IMM,P21918,-0.0124235469847917,0.0065038022585213,0.0,DRD5,none
SMOKE_CITALOPRAM_20,Citalopram,IMM,P31391,-0.0053256014361977,0.0090022105723619,0.2,SSTR4,secondary
SMOKE_CITALOPRAM_20,Citalopram,IMM,P30968,-0.0052955630235373,0.0073038074187934,0.0,GNRHR,none
SMOKE_CITALOPRAM_20,Citalopram,IMM,P08913,-0.000482253730297,0.0006825244054198,0.0,ADRA2A,none
SMOKE_CITALOPRAM_20,Citalopram,IMM,Q13639,0.0019072566647082,0.0032666570041328,0.8,HTR4,none
SMOKE_CITALOPRAM_20,Citalopram,IMM,P43116,0.0051100854761898,0.0049302903935313,1.0,PTGER2,direct
SMOKE_CITALOPRAM_20,Citalopram,IMM,P37288,-0.0043111806735396,0.0055596115998923,0.2,AVPR1A,none
SMOKE_CITALOPRAM_20,Citalopram,IMM,P28222,-0.0007475037127733,0.0006089864764362,0.0,HTR1B,none
SMOKE_CITALOPRAM_20,Citalopram,IMM,P32238,0.001140596345067,0.001424289192073,0.6,CCKAR,none
SMOKE_CITALOPRAM_20,Citalopram,IMM,P18825,-0.0006467636558227,0.0007207611924968,0.2,ADRA2C,none
SMOKE_CITALOPRAM_20,Citalopram,IMM,P30872,0.000233386454056,0.0007344040786847,0.6,SSTR1,secondary
SMOKE_CITALOPRAM_20,Citalopram,IMM,P47901,0.0011065676808357,0.0014455011114478,0.8,AVPR1B,none
SMOKE_CITALOPRAM_20,Citalopram,IMM,P25021,-0.0050000385381281,0.0069590029306709,0.2,HRH2,none
SMOKE_CITALOPRAM_20,Citalopram,IMM,P18089,0.0037157335318624,0.0038564049173146,1.0,ADRA2B,none
SMOKE_CITALOPRAM_20,Citalopram,IMM,P48039,-0.0082271229475736,0.010906814597547,0.2,MTNR1A,none
SMOKE_CITALOPRAM_20,Citalopram,IMM,P49286,-0.0049057696014642,0.0045108618214726,0.2,MTNR1B,none
SMOKE_CITALOPRAM_20,Citalopram,IMM,P43088,0.0002644587366376,0.0019921029452234,0.8,PTGFR,none
SMOKE_CITALOPRAM_20,Citalopram,IMM,P41146,0.0009656369802542,0.0019032770069316,0.6,OPRL1,none
SMOKE_CITALOPRAM_20,Citalopram,IMM,P32745,-0.0015013419324532,0.0018717963248491,0.0,SSTR3,secondary
SMOKE_CITALOPRAM_20,Citalopram,IMM,P08912,0.0037652873434126,0.0100339511409401,0.8,CHRM5,none
SMOKE_CITALOPRAM_20,Citalopram,IMM,P21728,-0.0020958329550921,0.0046667396090924,0.4,DRD1,none
SMOKE_CITALOPRAM_20,Citalopram,IMM,Q9UBS5,0.000325742730638,0.0033983923494815,0.4,GABBR1,none
SMOKE_CITALOPRAM_20,Citalopram,IMM,P07550,-0.0037777596153318,0.0062372176907956,0.2,ADRB2,none
SMOKE_CITALOPRAM_20,Citalopram,IMM,P61073,-0.0027412038762122,0.0032691317610442,0.0,CXCR4,none
SMOKE_CITALOPRAM_20,Citalopram,IMM,P08172,-0.003653599647805,0.006779336836189,0.2,CHRM2,none
SMOKE_CITALOPRAM_20,Citalopram,IMM,P08588,0.0017506312578916,0.0050695789977908,0.6,ADRB1,none
SMOKE_CITALOPRAM_20,Citalopram,IMM,P08908,0.0037361229769885,0.0049253646284341,0.6,HTR1A,none
SMOKE_CITALOPRAM_20,Citalopram,IMM,P11229,-0.0005099434638395,0.004796770401299,0.6,CHRM1,none
SMOKE_CITALOPRAM_20,Citalopram,IMM,P14416,-0.0085260150954127,0.0109665933996438,0.0,DRD2,none
SMOKE_CITALOPRAM_20,Citalopram,IMM,P21554,-0.0024844934232532,0.0029132331255823,0.0,CNR1,none
SMOKE_CITALOPRAM_20,Citalopram,IMM,P21917,0.0017886630957946,0.0017442627577111,1.0,DRD4,none
SMOKE_CITALOPRAM_20,Citalopram,IMM,O43193,0.0002573106321506,0.0007515144534409,0.4,MLNR,none
SMOKE_CITALOPRAM_20,Citalopram,IMM,P25100,0.0004824824573006,0.0011154564563184,0.8,ADRA1D,none
SMOKE_CITALOPRAM_20,Citalopram,IMM,P28223,0.0026066754944622,0.0077367722988128,0.8,HTR2A,none
SMOKE_CITALOPRAM_20,Citalopram,IMM,P28335,-0.0012346219737082,0.0010132841998711,0.0,HTR2C,none
SMOKE_CITALOPRAM_20,Citalopram,IMM,P30542,0.0029053154867142,0.0036479677073657,0.8,ADORA1,none
SMOKE_CITALOPRAM_20,Citalopram,IMM,P30556,0.0024043847806751,0.0033918339759111,0.8,AGTR1,none
SMOKE_CITALOPRAM_20,Citalopram,IMM,P35348,0.0099489502608776,0.0091623235493898,1.0,ADRA1A,none
SMOKE_CITALOPRAM_20,Citalopram,IMM,P35367,-0.0018863931763917,0.0027191049885004,0.4,HRH1,direct
SMOKE_CITALOPRAM_20,Citalopram,IMM,P35368,-0.0015173417050391,0.0025739048141986,0.6,ADRA1B,none
SMOKE_CITALOPRAM_20,Citalopram,IMM,P21452,0.0038539625238627,0.0041595650836825,1.0,TACR2,direct
SMOKE_CITALOPRAM_20,Citalopram,IMM,P35372,-0.0012884084135293,0.0034097505267709,0.4,OPRM1,none
SMOKE_CITALOPRAM_20,Citalopram,IMM,P35462,0.0008020919049158,0.0107067348435521,0.4,DRD3,none
SMOKE_CITALOPRAM_20,Citalopram,IMM,P41143,6.360374391078949e-05,0.0001646865712245,0.8,OPRD1,none
SMOKE_CITALOPRAM_20,Citalopram,IMM,P41145,-0.0003845397441182,0.002309491392225,0.2,OPRK1,none
SMOKE_CITALOPRAM_20,Citalopram,IMM,P32246,-0.0017854638863354,0.0018800916150212,0.0,CCR1,secondary
SMOKE_CITALOPRAM_20,Citalopram,IMM,P25025,-0.0031035628635436,0.006993553135544,0.2,CXCR2,secondary
SMOKE_CITALOPRAM_20,Citalopram,IMM,P20309,-0.0008211672538891,0.0051240087486803,0.4,CHRM3,none
SMOKE_CITALOPRAM_20,Citalopram,IMM,P13945,0.0013485595118254,0.0038225867319852,0.4,ADRB3,none
SMOKE_CITALOPRAM_20,Citalopram,IMM,P25103,0.001904921256937,0.0025434992276132,0.8,TACR1,direct
SMOKE_CITALOPRAM_20,Citalopram,IMM,P25105,9.608231630409136e-05,0.0002998010604642,0.4,PTAFR,direct
SMOKE_CITALOPRAM_20,Citalopram,IMM,P29274,-0.0043469620868563,0.003177567385137,0.0,ADORA2A,direct
SMOKE_CITALOPRAM_20,Citalopram,IMM,P25101,0.000732859945856,0.0006735330098308,1.0,EDNRA,none
SMOKE_CITALOPRAM_20,Citalopram,IMM,P34972,0.0001391261757817,0.005253308918327,0.2,CNR2,direct
SMOKE_CITALOPRAM_20,Citalopram,IMM,P29275,0.0055936221033334,0.0050806603394448,1.0,ADORA2B,direct
SMOKE_CITALOPRAM_20,Citalopram,IMM,P0DMS8,0.003027883823961,0.0043190470896661,0.6,ADORA3,none
SMOKE_CITALOPRAM_20,Citalopram,IMM,P32245,5.473904457176104e-05,0.0019208742305636,0.6,MC4R,none
SMOKE_CITALOPRAM_20,Citalopram,IMM,Q9Y5N1,-1.8512457245378755e-05,2.646050779731013e-05,0.2,HRH3,none
SMOKE_CITALOPRAM_20,Citalopram,IMM,P51681,0.0003121484187431,0.0018664345843717,0.4,CCR5,none
SMOKE_CITALOPRAM_20,Citalopram,IMM,P32239,0.0008212346583604,0.0013380699092522,0.6,CCKBR,secondary
SMOKE_CITALOPRAM_20,Citalopram,IMM,P30543,-0.0009256034973077,0.0010948770213872,0.2,ADORA2A,direct
SMOKE_CITALOPRAM_20,Citalopram,IMM,P34969,-0.0122770182788372,0.0140984710305929,0.0,HTR7,direct
SMOKE_CITALOPRAM_20,Citalopram,IMM,P30411,0.000868720584549,0.0030238176696002,0.8,BDKRB2,direct
SMOKE_CITALOPRAM_20,Citalopram,IMM,P41594,-0.0023252498358488,0.002862035529688,0.2,GRM5,none
SMOKE_CITALOPRAM_20,Citalopram,IMM,P50406,0.0043632667511701,0.0052615273743867,1.0,HTR6,none
SMOKE_CITALOPRAM_20,Citalopram,IMM,P47898,-0.0002974867820739,0.0006881820154376,0.4,HTR5A,none
SMOKE_CITALOPRAM_20,Citalopram,IMM,P28564,-0.0001927126140799,0.0014505469007417,0.4,HTR1B,none
SMOKE_CITALOPRAM_20,Citalopram,IMM,P43115,-0.0025928050745278,0.0106746023520827,0.6,PTGER3,none
SMOKE_CITALOPRAM_20,Citalopram,IMM,Q9H3N8,-2.556033359724097e-05,0.0001653356448514,0.6,HRH4,none
SMOKE_CITALOPRAM_20,Citalopram,IMM,Q9UKP6,0.0008697040611878,0.0009303851402364,1.0,UTS2R,direct
SMOKE_CITALOPRAM_20,Citalopram,IMM,Q01726,-0.0024688895791769,0.0034441894385963,0.0,MC1R,secondary
SMOKE_CITALOPRAM_20,Citalopram,IMM,Q16602,-3.1201914680423215e-05,5.323607911122963e-05,0.2,CALCRL,none
SMOKE_CITALOPRAM_20,Citalopram,IMM,P41597,0.0026282048784196,0.0051622344180941,0.8,CCR2,secondary
SMOKE_CITALOPRAM_20,Citalopram,IMM,P49146,-0.0014596574474126,0.0017473744228482,0.0,NPY2R,secondary
SMOKE_CITALOPRAM_20,Citalopram,IMM,P25024,-4.644803630071692e-05,0.0008365105604752,0.4,CXCR1,none
SMOKE_CITALOPRAM_20,Citalopram,IMM,P32247,0.002511465223506,0.0035201560240238,0.8,BRS3,none
SMOKE_CITALOPRAM_20,Citalopram,IMM,P30989,0.0023253157269209,0.0029475926421582,0.8,NTSR1,none
SMOKE_CITALOPRAM_20,Citalopram,IMM,P46663,-0.0015866186004132,0.0018383518327027,0.0,BDKRB1,secondary
SMOKE_CITALOPRAM_20,Citalopram,IMM,Q9NS75,0.0017898709047585,0.0039925947785377,0.4,CYSLTR2,none
SMOKE_CITALOPRAM_20,Citalopram,IMM,P29371,-0.0003386523458175,0.0010463822400197,0.4,TACR3,none
SMOKE_CITALOPRAM_20,Citalopram,IMM,P41587,6.765127182006836e-06,0.0012857634574174,0.6,VIPR2,secondary
SMOKE_CITALOPRAM_20,Citalopram,IMM,P50052,0.0004750415682792,0.0012053271057084,0.8,AGTR2,none
SMOKE_CITALOPRAM_20,Citalopram,IMM,P33032,0.0001388240634696,0.0007079096976667,0.6,MC5R,secondary
SMOKE_CITALOPRAM_20,Citalopram,IMM,Q92847,-0.0032575093209743,0.004469446837902,0.2,GHSR,none
SMOKE_CITALOPRAM_20,Citalopram,IMM,P41968,-0.0009459957364015,0.00090629956685,0.0,MC3R,none
SMOKE_CITALOPRAM_20,Citalopram,IMM,P25929,0.0006256401538848,0.0014085579896345,0.6,NPY1R,direct
SMOKE_CITALOPRAM_20,Citalopram,IMM,O43614,-0.0014090050244703,0.004000948742032,0.4,HCRTR2,none
SMOKE_CITALOPRAM_20,Citalopram,IMM,P49238,-0.0007034122827462,0.0009391032508574,0.2,CX3CR1,none
SMOKE_CITALOPRAM_20,Citalopram,IMM,O43613,0.000923435378354,0.0018217902397736,0.4,HCRTR1,none
SMOKE_CITALOPRAM_20,Citalopram,IMM,P32241,0.0001152593613369,0.0001414035214111,0.6,VIPR1,direct
SMOKE_CITALOPRAM_20,Citalopram,IMM,Q8TDU6,0.0013601426035165,0.0031558824703097,0.8,GPBAR1,secondary
SMOKE_CITALOPRAM_20,Citalopram,IMM,P01275,0.001530721434392,0.0019237714586779,1.0,GCG,secondary
SMOKE_CITALOPRAM_20,Citalopram,IMM,Q96LB1,-0.0001169305323855,0.0005083882133476,0.4,MRGPRX2,none
SMOKE_CITALOPRAM_20,Citalopram,IMM,Q61224,0.0002310849667992,0.0005987937911413,0.4,HTR1D,none
SMOKE_CITALOPRAM_20,Citalopram,IMM,O75899,-0.001821681857109,0.0036016344092786,0.2,GABBR2,none
SMOKE_CITALOPRAM_20,Citalopram,IMM,P51787,-1.1920929132713809e-08,7.664961594855413e-05,0.4,KCNQ1,none
SMOKE_CITALOPRAM_20,Citalopram,IMM,P43681,-0.0011831347364932,0.0012908959761261,0.2,CHRNA4,none
SMOKE_CITALOPRAM_20,Citalopram,IMM,P46098,-0.0039153853431344,0.0042976601980626,0.0,HTR3A,none
SMOKE_CITALOPRAM_20,Citalopram,IMM,Q13936,0.0010392584372311,0.0010088357375934,0.8,CACNA1C,none
SMOKE_CITALOPRAM_20,Citalopram,IMM,P14867,-2.8211623430252075e-05,0.0003028353094123,0.6,GABRA1,none
SMOKE_CITALOPRAM_20,Citalopram,IMM,Q14524,-0.0006266597774811,0.0012752101756632,0.4,SCN5A,none
SMOKE_CITALOPRAM_20,Citalopram,IMM,Q05586,0.0014094251673668,0.0045811147429049,0.6,GRIN1,none
SMOKE_CITALOPRAM_20,Citalopram,IMM,Q92952,0.0014823417877778,0.0022337888367474,0.8,KCNN1,none
SMOKE_CITALOPRAM_20,Citalopram,IMM,Q12809,0.0038658753037452,0.0072854338213801,0.8,KCNH2,none
SMOKE_CITALOPRAM_20,Citalopram,IMM,P56373,-0.0020065431017428,0.0043531544506549,0.2,P2RX3,direct
SMOKE_CITALOPRAM_20,Citalopram,IMM,P07727,-0.0009010240319184,0.0024366960860788,0.2,GLRA1,none
SMOKE_CITALOPRAM_20,Citalopram,IMM,Q9UGI6,-8.843764953780919e-05,9.303174738306552e-05,0.0,KCNN3,none
SMOKE_CITALOPRAM_20,Citalopram,IMM,P22002,0.0002188675134675,0.000281244632788,0.8,CACNA1C,none
SMOKE_CITALOPRAM_20,Citalopram,IMM,Q99250,0.0023767794482409,0.0036041997373104,0.8,SCN2A,none
SMOKE_CITALOPRAM_20,Citalopram,IMM,Q9H2S1,0.0003315601497888,0.0004061407817061,0.8,KCNN2,none
SMOKE_CITALOPRAM_20,Citalopram,IMM,Q99572,0.0005693573621101,0.0017721572658047,0.6,P2RX7,direct
SMOKE_CITALOPRAM_20,Citalopram,IMM,P02708,0.0002553574740886,0.0006666501285508,0.8,CHRNA1,none
SMOKE_CITALOPRAM_20,Citalopram,IMM,Q02294,-0.000856464728713,0.0015026626642793,0.2,CACNA1B,none
SMOKE_CITALOPRAM_20,Citalopram,IMM,P18507,0.0017201412701979,0.0018674720777198,1.0,GABRG2,none
SMOKE_CITALOPRAM_20,Citalopram,IMM,P12821,0.0001544229744467,0.0036404414568096,0.6,ACE,none
SMOKE_CITALOPRAM_20,Citalopram,IMM,P21397,0.0036164466291666,0.0058454554527997,0.6,MAOA,none
SMOKE_CITALOPRAM_20,Citalopram,IMM,P27338,0.0002071287453873,0.0051647778600454,0.4,MAOB,none
SMOKE_CITALOPRAM_20,Citalopram,IMM,P22303,0.0022631033789366,0.0027788376901298,0.6,ACHE,none
SMOKE_CITALOPRAM_20,Citalopram,IMM,P23219,-0.0007145881536416,0.001375934225507,0.2,PTGS1,none
SMOKE_CITALOPRAM_20,Citalopram,IMM,P35354,0.00052260607481,0.0019316697726026,0.4,PTGS2,direct
SMOKE_CITALOPRAM_20,Citalopram,IMM,P42574,-0.0004325881600379,0.001499205129221,0.2,CASP3,none
SMOKE_CITALOPRAM_20,Citalopram,IMM,Q14432,0.0011464856797829,0.0019564477261155,0.6,PDE3A,none
SMOKE_CITALOPRAM_20,Citalopram,IMM,P07339,0.0001404687791364,0.0003612387517932,0.6,CTSD,none
SMOKE_CITALOPRAM_20,Citalopram,IMM,O00408,-0.002028239890933,0.0036142368335276,0.4,PDE2A,none
SMOKE_CITALOPRAM_20,Citalopram,IMM,Q08499,-0.0111298765987157,0.0113993594422936,0.0,PDE4D,direct
SMOKE_CITALOPRAM_20,Citalopram,IMM,Q13370,-6.365850276779383e-05,0.006856292951852,0.6,PDE3B,none
SMOKE_CITALOPRAM_20,Citalopram,IMM,P14780,0.0025112670846283,0.0036577342543751,0.8,MMP9,none
SMOKE_CITALOPRAM_20,Citalopram,IMM,P03956,-0.0045052105560898,0.0043223407119512,0.0,MMP1,secondary
SMOKE_CITALOPRAM_20,Citalopram,IMM,P08253,0.0006692025926895,0.0009787564631551,0.8,MMP2,none
SMOKE_CITALOPRAM_20,Citalopram,IMM,Q9UDY8,6.807930913055316e-05,0.0057064932771027,0.6,MALT1,secondary
SMOKE_CITALOPRAM_20,Citalopram,IMM,P80457,0.0008829776197671,0.0017028886359184,0.6,XDH,none
SMOKE_CITALOPRAM_20,Citalopram,IMM,Q9BYF1,-0.0035334874410182,0.0059620509855449,0.2,ACE2,none
SMOKE_CITALOPRAM_20,Citalopram,IMM,P08311,0.0017909553134813,0.0018424142617732,1.0,CTSG,none
SMOKE_CITALOPRAM_20,Citalopram,IMM,P56817,-0.0001741636515362,0.0003399541019462,0.2,BACE1,none
SMOKE_CITALOPRAM_20,Citalopram,IMM,P00519,0.0053639486432075,0.0086031332612037,0.6,ABL1,none
SMOKE_CITALOPRAM_20,Citalopram,IMM,P17948,-6.813146319473162e-05,0.0007571579772047,0.4,FLT1,secondary
SMOKE_CITALOPRAM_20,Citalopram,IMM,P10721,1.301392876484897e-05,1.6849291569087654e-05,1.0,KIT,none
SMOKE_CITALOPRAM_20,Citalopram,IMM,P06213,-0.0003860831202473,0.0001928024285007,0.0,INSR,none
SMOKE_CITALOPRAM_20,Citalopram,IMM,P00533,0.000588983297348,0.0006420650170184,1.0,EGFR,none
SMOKE_CITALOPRAM_20,Citalopram,IMM,Q96GD4,-0.0013210043543949,0.0011662375181913,0.0,AURKB,none
SMOKE_CITALOPRAM_20,Citalopram,IMM,P06239,-0.0011498857056722,0.0013729220954701,0.2,LCK,direct
SMOKE_CITALOPRAM_20,Citalopram,IMM,Q16539,0.0012345645809546,0.0034396154806017,0.4,MAPK14,secondary
SMOKE_CITALOPRAM_20,Citalopram,IMM,P49841,-0.0030473968945443,0.0032452682498842,0.0,GSK3B,none
SMOKE_CITALOPRAM_20,Citalopram,IMM,P12931,-0.0004035428282804,0.0024487257469445,0.4,SRC,secondary
SMOKE_CITALOPRAM_20,Citalopram,IMM,Q05397,-0.0009140301262959,0.0009494051919318,0.0,PTK2,secondary
SMOKE_CITALOPRAM_20,Citalopram,IMM,P35968,-0.005036175251007,0.0042730043642222,0.0,KDR,none
SMOKE_CITALOPRAM_20,Citalopram,IMM,P43403,0.0002680521574802,0.0020151296630501,0.6,ZAP70,secondary
SMOKE_CITALOPRAM_20,Citalopram,IMM,P04629,0.0097541902214288,0.010019133798778,1.0,NTRK1,secondary
SMOKE_CITALOPRAM_20,Citalopram,IMM,P49840,-0.0003062348696403,0.0017247358337044,0.6,GSK3A,none
SMOKE_CITALOPRAM_20,Citalopram,IMM,O75116,-0.0004013560828752,0.0011154027888551,0.6,ROCK2,secondary
SMOKE_CITALOPRAM_20,Citalopram,IMM,P17252,-0.0037248928565531,0.0036866664886474,0.0,PRKCA,none
SMOKE_CITALOPRAM_20,Citalopram,IMM,P24941,-0.004247355274856,0.0049302317202091,0.0,CDK2,none
SMOKE_CITALOPRAM_20,Citalopram,IMM,Q13464,0.0053214621730148,0.005117658060044,1.0,ROCK1,secondary
SMOKE_CITALOPRAM_20,Citalopram,IMM,P48736,0.0004487145633902,0.0004985439009033,0.8,PIK3CG,none
SMOKE_CITALOPRAM_20,Citalopram,IMM,O14733,8.168928616214544e-05,0.0012905682669952,0.4,MAP2K7,none
SMOKE_CITALOPRAM_20,Citalopram,IMM,Q13315,-0.0014881733804941,0.0034496248699724,0.4,ATM,none
SMOKE_CITALOPRAM_20,Citalopram,IMM,P07948,0.003942540846765,0.0043371631763875,0.8,LYN,secondary
SMOKE_CITALOPRAM_20,Citalopram,IMM,P28482,-0.000893143180292,0.0012561741750687,0.4,MAPK1,none
SMOKE_CITALOPRAM_20,Citalopram,IMM,Q9UQM7,-0.001627915771678,0.0036827833391726,0.6,CAMK2A,none
SMOKE_CITALOPRAM_20,Citalopram,IMM,O14965,0.0047060749493539,0.0058285156264901,0.8,AURKA,none
SMOKE_CITALOPRAM_20,Citalopram,IMM,Q15118,-0.000144517791341,0.001952295191586,0.4,PDK1,none
SMOKE_CITALOPRAM_20,Citalopram,IMM,Q8TDR2,0.0017870906740427,0.0019529701676219,1.0,STK35,none
SMOKE_CITALOPRAM_20,Citalopram,IMM,P10275,-0.0003035344125237,0.0046539385803043,0.6,AR,none
SMOKE_CITALOPRAM_20,Citalopram,IMM,P04150,0.0023237410932779,0.0031370865181088,1.0,NR3C1,direct
SMOKE_CITALOPRAM_20,Citalopram,IMM,P10276,0.0018135827267542,0.0045551103539764,0.6,RARA,none
SMOKE_CITALOPRAM_20,Citalopram,IMM,P03372,0.005674353800714,0.0048045027069747,1.0,ESR1,none
SMOKE_CITALOPRAM_20,Citalopram,IMM,P19793,-0.004222516901791,0.0047859521582722,0.0,RXRA,none
SMOKE_CITALOPRAM_20,Citalopram,IMM,P06401,0.0091998176649212,0.0092542767524719,0.8,PGR,none
SMOKE_CITALOPRAM_20,Citalopram,IMM,P37231,-0.002762259915471,0.0067654475569725,0.6,PPARG,direct
SMOKE_CITALOPRAM_20,Citalopram,IMM,Q92731,-0.0008812256273813,0.0246641840785741,0.6,ESR2,none
SMOKE_CITALOPRAM_20,Citalopram,IMM,P55055,-0.0141144301742315,0.019795024767518,0.0,NR1H2,secondary
SMOKE_CITALOPRAM_20,Citalopram,IMM,P30531,-0.0028947934042662,0.0035456945188343,0.0,SLC6A1,none
SMOKE_CITALOPRAM_20,Citalopram,IMM,P23975,-0.0058754840865731,0.006846104748547,0.0,SLC6A2,none
SMOKE_CITALOPRAM_20,Citalopram,IMM,P31645,0.0021089005749672,0.0027559909503906,0.8,SLC6A4,none
SMOKE_CITALOPRAM_20,Citalopram,IMM,Q01959,0.006425401661545,0.0061194133013486,1.0,SLC6A3,none
SMOKE_CITALOPRAM_20,Citalopram,IMM,P31652,-0.0003020010772161,0.000262477871729,0.2,SLC6A4,none
SMOKE_CITALOPRAM_20,Citalopram,IMM,P23977,0.0022059560287743,0.0017721682088449,1.0,SLC6A3,none
SMOKE_CITALOPRAM_20,Citalopram,IMM,Q9GZV3,0.000376380601665,0.0009818576509132,0.8,SLC5A7,none
SMOKE_CITALOPRAM_20,Citalopram,IMM,P28572,0.0024141683243215,0.0022919385228306,0.8,SLC6A9,none
SMOKE_CITALOPRAM_20,Citalopram,IMM,P30536,-0.0002833306789398,0.0014071479672566,0.4,TSPO,none
SMOKE_CITALOPRAM_20,Citalopram,IMM,P01375,0.0007288146880455,0.0008652018150314,0.8,TNF,direct
SMOKE_CITALOPRAM_20,Citalopram,IMM,Q99720,0.0164935402572155,0.0166722200810909,1.0,SIGMAR1,none
SMOKE_CITALOPRAM_20,Citalopram,INF,P35414,0.0011322867358103,0.0018536266870796,0.8,APLNR,none
SMOKE_CITALOPRAM_20,Citalopram,INF,P24530,-0.000393564987462,0.0003191285359207,0.0,EDNRB,none
SMOKE_CITALOPRAM_20,Citalopram,INF,P30518,-0.0014401205116882,0.0032065587583929,0.4,AVPR2,none
SMOKE_CITALOPRAM_20,Citalopram,INF,P35346,0.0004788905498571,0.0027652524877339,0.4,SSTR5,none
SMOKE_CITALOPRAM_20,Citalopram,INF,Q9Y271,-0.0138859478756785,0.0067909196950495,0.0,CYSLTR1,none
SMOKE_CITALOPRAM_20,Citalopram,INF,P34998,-0.0007156688952818,0.0006307644071057,0.0,CRHR1,none
SMOKE_CITALOPRAM_20,Citalopram,INF,P30874,-0.0010996408527716,0.0027009348850697,0.2,SSTR2,none
SMOKE_CITALOPRAM_20,Citalopram,INF,P34995,0.0015867691254243,0.0017688834341242,1.0,PTGER1,none
SMOKE_CITALOPRAM_20,Citalopram,INF,P08173,0.0006126433727331,0.0014419181970879,0.6,CHRM4,none
SMOKE_CITALOPRAM_20,Citalopram,INF,P30988,0.000249361997703,0.0008200450101867,0.4,CALCR,none
SMOKE_CITALOPRAM_20,Citalopram,INF,P41595,8.495077781844884e-05,0.0003638863272499,0.6,HTR2B,none
SMOKE_CITALOPRAM_20,Citalopram,INF,P35408,-0.0004061613290105,0.0006273511098697,0.0,PTGER4,none
SMOKE_CITALOPRAM_20,Citalopram,INF,P21918,-0.0055358735844492,0.0031969384290277,0.0,DRD5,none
SMOKE_CITALOPRAM_20,Citalopram,INF,P31391,-0.0028188861906528,0.0055504408665001,0.4,SSTR4,none
SMOKE_CITALOPRAM_20,Citalopram,INF,P30968,-0.0021461993455886,0.0041535519994795,0.4,GNRHR,none
SMOKE_CITALOPRAM_20,Citalopram,INF,P08913,-0.0002489779144525,0.0003840635763481,0.2,ADRA2A,none
SMOKE_CITALOPRAM_20,Citalopram,INF,Q13639,0.0009238332277163,0.0024244976229965,0.6,HTR4,none
SMOKE_CITALOPRAM_20,Citalopram,INF,P43116,0.0029332258272916,0.0036139430012553,0.8,PTGER2,none
SMOKE_CITALOPRAM_20,Citalopram,INF,P37288,-0.0025636958889663,0.0046483296900987,0.2,AVPR1A,none
SMOKE_CITALOPRAM_20,Citalopram,INF,P28222,-0.0002551775542087,0.0003325946745462,0.2,HTR1B,none
SMOKE_CITALOPRAM_20,Citalopram,INF,P32238,0.0002522733120713,0.0006624755333177,0.8,CCKAR,none
SMOKE_CITALOPRAM_20,Citalopram,INF,P18825,-0.0003456689300946,0.0003943755291402,0.0,ADRA2C,none
SMOKE_CITALOPRAM_20,Citalopram,INF,P30872,0.0001018159091472,0.0005012580077163,0.4,SSTR1,none
SMOKE_CITALOPRAM_20,Citalopram,INF,P47901,0.0001575868518557,0.0009697098284959,0.4,AVPR1B,none
SMOKE_CITALOPRAM_20,Citalopram,INF,P25021,-0.0027828838210552,0.0060240114107728,0.6,HRH2,none
SMOKE_CITALOPRAM_20,Citalopram,INF,P18089,0.0021191991399973,0.0019887750968337,0.8,ADRA2B,none
SMOKE_CITALOPRAM_20,Citalopram,INF,P48039,-0.0035149070899933,0.0061290594749152,0.2,MTNR1A,none
SMOKE_CITALOPRAM_20,Citalopram,INF,P49286,-0.0022218893282115,0.0027439673431217,0.4,MTNR1B,none
SMOKE_CITALOPRAM_20,Citalopram,INF,P43088,-9.721032984089106e-05,0.0013743810122832,0.4,PTGFR,none
SMOKE_CITALOPRAM_20,Citalopram,INF,P41146,0.0005811605369672,0.0009633424342609,0.8,OPRL1,none
SMOKE_CITALOPRAM_20,Citalopram,INF,P32745,-0.0006508872029371,0.0010739263379946,0.2,SSTR3,none
SMOKE_CITALOPRAM_20,Citalopram,INF,P08912,0.0025444603525102,0.0061728749424219,0.6,CHRM5,none
SMOKE_CITALOPRAM_20,Citalopram,INF,P21728,-0.0008927404996939,0.0018331863684579,0.2,DRD1,none
SMOKE_CITALOPRAM_20,Citalopram,INF,Q9UBS5,-0.0002716455492191,0.0012127512600272,0.4,GABBR1,none
SMOKE_CITALOPRAM_20,Citalopram,INF,P07550,-0.0024752903264015,0.0040912339463829,0.2,ADRB2,none
SMOKE_CITALOPRAM_20,Citalopram,INF,P61073,-0.000996422371827,0.0015355738578364,0.4,CXCR4,none
SMOKE_CITALOPRAM_20,Citalopram,INF,P08172,-0.0030440886039286,0.0051090186461806,0.2,CHRM2,none
SMOKE_CITALOPRAM_20,Citalopram,INF,P08588,0.0009896021801978,0.0042673819698393,0.6,ADRB1,none
SMOKE_CITALOPRAM_20,Citalopram,INF,P08908,0.0017639603465795,0.0019043866777792,0.8,HTR1A,none
SMOKE_CITALOPRAM_20,Citalopram,INF,P11229,-0.0006383806467056,0.0028465194627642,0.4,CHRM1,none
SMOKE_CITALOPRAM_20,Citalopram,INF,P14416,-0.0026794287841767,0.0037638265639543,0.0,DRD2,none
SMOKE_CITALOPRAM_20,Citalopram,INF,P21554,-0.0008746087551116,0.0017470550956204,0.2,CNR1,none
SMOKE_CITALOPRAM_20,Citalopram,INF,P21917,0.0009928416693583,0.0009605635423213,0.8,DRD4,none
SMOKE_CITALOPRAM_20,Citalopram,INF,O43193,0.0007172074401751,0.0012061148881912,0.6,MLNR,none
SMOKE_CITALOPRAM_20,Citalopram,INF,P25100,0.0002380482910666,0.0005722576752305,0.6,ADRA1D,none
SMOKE_CITALOPRAM_20,Citalopram,INF,P28223,0.0024673719890415,0.0036282162182033,1.0,HTR2A,none
SMOKE_CITALOPRAM_20,Citalopram,INF,P28335,-0.0002953596413135,0.000456970767118,0.4,HTR2C,none
SMOKE_CITALOPRAM_20,Citalopram,INF,P30542,0.0014794789021834,0.0025051881093531,0.8,ADORA1,none
SMOKE_CITALOPRAM_20,Citalopram,INF,P30556,0.0009203344816341,0.0016969689168035,0.8,AGTR1,none
SMOKE_CITALOPRAM_20,Citalopram,INF,P35348,0.004705396015197,0.0054270233958959,0.8,ADRA1A,none
SMOKE_CITALOPRAM_20,Citalopram,INF,P35367,-0.0002890851465053,0.0012294076150283,0.4,HRH1,none
SMOKE_CITALOPRAM_20,Citalopram,INF,P35368,-0.000402495265007,0.0013687044847756,0.4,ADRA1B,none
SMOKE_CITALOPRAM_20,Citalopram,INF,P21452,0.0018729083240032,0.0023111982736736,1.0,TACR2,none
SMOKE_CITALOPRAM_20,Citalopram,INF,P35372,-0.0011627823114395,0.0023630452342331,0.4,OPRM1,none
SMOKE_CITALOPRAM_20,Citalopram,INF,P35462,-0.0002902511623688,0.0067046741023659,0.6,DRD3,none
SMOKE_CITALOPRAM_20,Citalopram,INF,P41143,7.33539491193369e-05,0.0001317444985033,1.0,OPRD1,none
SMOKE_CITALOPRAM_20,Citalopram,INF,P41145,0.0003335356595925,0.0023508334998041,0.4,OPRK1,none
SMOKE_CITALOPRAM_20,Citalopram,INF,P32246,-0.0009298779186792,0.001155192265287,0.0,CCR1,none
SMOKE_CITALOPRAM_20,Citalopram,INF,P25025,-0.0015746302669867,0.003905248362571,0.6,CXCR2,none
SMOKE_CITALOPRAM_20,Citalopram,INF,P20309,-0.0023679223377257,0.0037784911692142,0.4,CHRM3,none
SMOKE_CITALOPRAM_20,Citalopram,INF,P13945,0.000858143728692,0.0016132309101521,0.8,ADRB3,none
SMOKE_CITALOPRAM_20,Citalopram,INF,P25103,0.0001830626279115,0.0019384501501917,0.6,TACR1,none
SMOKE_CITALOPRAM_20,Citalopram,INF,P25105,5.883425546926446e-05,0.0001840502955019,0.6,PTAFR,none
SMOKE_CITALOPRAM_20,Citalopram,INF,P29274,-0.0014032803010195,0.0009936526184901,0.2,ADORA2A,none
SMOKE_CITALOPRAM_20,Citalopram,INF,P25101,0.0006617322796955,0.0007200721302069,0.8,EDNRA,none
SMOKE_CITALOPRAM_20,Citalopram,INF,P34972,0.0002941485436167,0.002869619987905,0.6,CNR2,none
SMOKE_CITALOPRAM_20,Citalopram,INF,P29275,0.002996303141117,0.0032506599090993,1.0,ADORA2B,none
SMOKE_CITALOPRAM_20,Citalopram,INF,P0DMS8,0.0020971833728253,0.0029023934621363,0.8,ADORA3,none
SMOKE_CITALOPRAM_20,Citalopram,INF,P32245,-0.0002062980056507,0.0011802600929513,0.8,MC4R,none
SMOKE_CITALOPRAM_20,Citalopram,INF,Q9Y5N1,-2.4821236365824006e-05,1.6007998056011274e-05,0.0,HRH3,none
SMOKE_CITALOPRAM_20,Citalopram,INF,P51681,0.0001290801883442,0.0007123282994143,0.6,CCR5,none
SMOKE_CITALOPRAM_20,Citalopram,INF,P32239,0.0001002889111987,0.0008159460849128,0.4,CCKBR,none
SMOKE_CITALOPRAM_20,Citalopram,INF,P30543,-0.0003694489714689,0.0005553953815251,0.4,ADORA2A,none
SMOKE_CITALOPRAM_20,Citalopram,INF,P34969,-0.0050653922371566,0.0065917018800973,0.0,HTR7,none
SMOKE_CITALOPRAM_20,Citalopram,INF,P30411,0.0010118652135133,0.0018476109253242,0.8,BDKRB2,none
SMOKE_CITALOPRAM_20,Citalopram,INF,P41594,-0.0005698021268472,0.0017700098687782,0.4,GRM5,none
SMOKE_CITALOPRAM_20,Citalopram,INF,P50406,0.0030997947324067,0.0036243293434381,1.0,HTR6,none
SMOKE_CITALOPRAM_20,Citalopram,INF,P47898,-0.0002625025808811,0.0005668312660418,0.4,HTR5A,none
SMOKE_CITALOPRAM_20,Citalopram,INF,P28564,8.897297084331512e-05,0.001007133279927,0.4,HTR1B,none
SMOKE_CITALOPRAM_20,Citalopram,INF,P43115,-0.0009405750897713,0.003838320961222,0.4,PTGER3,none
SMOKE_CITALOPRAM_20,Citalopram,INF,Q9H3N8,4.387013541418128e-05,5.2474548283498734e-05,0.8,HRH4,none
SMOKE_CITALOPRAM_20,Citalopram,INF,Q9UKP6,0.0004446346429176,0.0005793063901364,1.0,UTS2R,none
SMOKE_CITALOPRAM_20,Citalopram,INF,Q01726,-0.0016150657320395,0.0025414316914975,0.2,MC1R,none
SMOKE_CITALOPRAM_20,Citalopram,INF,Q16602,-2.3309141852223547e-06,3.15295037580654e-05,0.8,CALCRL,none
SMOKE_CITALOPRAM_20,Citalopram,INF,P41597,0.001668308628723,0.0022875007707625,0.6,CCR2,none
SMOKE_CITALOPRAM_20,Citalopram,INF,P49146,-0.0004870556294918,0.0006130576948635,0.2,NPY2R,none
SMOKE_CITALOPRAM_20,Citalopram,INF,P25024,-7.088780694175512e-05,0.000330677779857,0.4,CXCR1,none
SMOKE_CITALOPRAM_20,Citalopram,INF,P32247,0.0004064783570356,0.003659198526293,0.6,BRS3,none
SMOKE_CITALOPRAM_20,Citalopram,INF,P30989,0.0008674666169099,0.0012562796473503,1.0,NTSR1,none
SMOKE_CITALOPRAM_20,Citalopram,INF,P46663,-0.0009592406568117,0.0013380217133089,0.2,BDKRB1,none
SMOKE_CITALOPRAM_20,Citalopram,INF,Q9NS75,0.0012508991640061,0.0019321657018736,0.8,CYSLTR2,none
SMOKE_CITALOPRAM_20,Citalopram,INF,P29371,-0.0003083992633037,0.0005001311656087,0.2,TACR3,none
SMOKE_CITALOPRAM_20,Citalopram,INF,P41587,0.0002171974629163,0.0003782398998737,0.6,VIPR2,none
SMOKE_CITALOPRAM_20,Citalopram,INF,P50052,-0.0002905011060647,0.0010298059787601,0.6,AGTR2,none
SMOKE_CITALOPRAM_20,Citalopram,INF,P33032,0.0001948319404618,0.0004667419125325,0.8,MC5R,none
SMOKE_CITALOPRAM_20,Citalopram,INF,Q92847,-0.0014479744713753,0.0024609165266156,0.2,GHSR,none
SMOKE_CITALOPRAM_20,Citalopram,INF,P41968,-0.0003712169709615,0.0005234102136455,0.2,MC3R,none
SMOKE_CITALOPRAM_20,Citalopram,INF,P25929,0.0002790968865156,0.0008296265732496,0.8,NPY1R,none
SMOKE_CITALOPRAM_20,Citalopram,INF,O43614,-0.0004578392836265,0.0024877884425222,0.4,HCRTR2,none
SMOKE_CITALOPRAM_20,Citalopram,INF,P49238,-0.000390620145481,0.0003457539714872,0.0,CX3CR1,none
SMOKE_CITALOPRAM_20,Citalopram,INF,O43613,-0.0002762980875559,0.0007233596988953,0.2,HCRTR1,none
SMOKE_CITALOPRAM_20,Citalopram,INF,P32241,7.105618715286255e-05,0.0001188200985779,0.6,VIPR1,secondary
SMOKE_CITALOPRAM_20,Citalopram,INF,Q8TDU6,0.0014798969496041,0.0021666449028998,1.0,GPBAR1,none
SMOKE_CITALOPRAM_20,Citalopram,INF,P01275,0.0007563151302747,0.0008755432791076,1.0,GCG,none
SMOKE_CITALOPRAM_20,Citalopram,INF,Q96LB1,-9.896978554024828e-06,0.0002608298091217,0.6,MRGPRX2,none
SMOKE_CITALOPRAM_20,Citalopram,INF,Q61224,4.532635284704156e-05,0.0002964148588944,0.4,HTR1D,none
SMOKE_CITALOPRAM_20,Citalopram,INF,O75899,-0.0004378836601972,0.0014321132330223,0.4,GABBR2,none
SMOKE_CITALOPRAM_20,Citalopram,INF,P51787,-1.5908852219581604e-05,3.805091910180636e-05,0.4,KCNQ1,none
SMOKE_CITALOPRAM_20,Citalopram,INF,P43681,-0.0012219492346048,0.001414263038896,0.0,CHRNA4,none
SMOKE_CITALOPRAM_20,Citalopram,INF,P46098,-0.0028532403521239,0.0023348378017544,0.0,HTR3A,none
SMOKE_CITALOPRAM_20,Citalopram,INF,Q13936,0.0003848370106425,0.0005762034561485,0.8,CACNA1C,none
SMOKE_CITALOPRAM_20,Citalopram,INF,P14867,-3.232620656490326e-05,0.0001782725303201,0.4,GABRA1,none
SMOKE_CITALOPRAM_20,Citalopram,INF,Q14524,-0.0003263715771026,0.0006927677313797,0.4,SCN5A,none
SMOKE_CITALOPRAM_20,Citalopram,INF,Q05586,0.0006843690061941,0.0022748997434973,0.4,GRIN1,none
SMOKE_CITALOPRAM_20,Citalopram,INF,Q92952,0.0011589601635932,0.0018536295974627,1.0,KCNN1,none
SMOKE_CITALOPRAM_20,Citalopram,INF,Q12809,0.0020259148441255,0.0032692255917936,0.8,KCNH2,none
SMOKE_CITALOPRAM_20,Citalopram,INF,P56373,-0.0019974287133663,0.0031426714267581,0.2,P2RX3,none
SMOKE_CITALOPRAM_20,Citalopram,INF,P07727,6.605163071071729e-05,0.0015900777652859,0.4,GLRA1,none
SMOKE_CITALOPRAM_20,Citalopram,INF,Q9UGI6,-4.673153307521716e-05,4.8641573812346905e-05,0.2,KCNN3,none
SMOKE_CITALOPRAM_20,Citalopram,INF,P22002,0.0001149773597717,0.0001307823404204,1.0,CACNA1C,none
SMOKE_CITALOPRAM_20,Citalopram,INF,Q99250,0.0014036875218153,0.0017348559340462,1.0,SCN2A,none
SMOKE_CITALOPRAM_20,Citalopram,INF,Q9H2S1,0.0003134630678687,0.0006605417001992,0.4,KCNN2,none
SMOKE_CITALOPRAM_20,Citalopram,INF,Q99572,0.0009194646263495,0.0014242975739762,0.8,P2RX7,none
SMOKE_CITALOPRAM_20,Citalopram,INF,P02708,-1.3003870662942065e-05,0.0001058766938513,0.4,CHRNA1,none
SMOKE_CITALOPRAM_20,Citalopram,INF,Q02294,-0.0004166748258285,0.0010295328684151,0.4,CACNA1B,none
SMOKE_CITALOPRAM_20,Citalopram,INF,P18507,0.0009467639029026,0.0015358381206169,0.8,GABRG2,none
SMOKE_CITALOPRAM_20,Citalopram,INF,P12821,-0.0001048080594046,0.0022244504652917,0.8,ACE,none
SMOKE_CITALOPRAM_20,Citalopram,INF,P21397,0.0020017591305077,0.0022978885099291,0.8,MAOA,none
SMOKE_CITALOPRAM_20,Citalopram,INF,P27338,0.0001303702592849,0.0022104592062532,0.4,MAOB,none
SMOKE_CITALOPRAM_20,Citalopram,INF,P22303,0.0009463716414757,0.0017137173563241,0.6,ACHE,none
SMOKE_CITALOPRAM_20,Citalopram,INF,P23219,-0.000340417784173,0.0007089102291502,0.6,PTGS1,none
SMOKE_CITALOPRAM_20,Citalopram,INF,P35354,0.0002763710799627,0.0009734268533065,0.4,PTGS2,none
SMOKE_CITALOPRAM_20,Citalopram,INF,P42574,-0.0004032861324958,0.0011054244823753,0.4,CASP3,none
SMOKE_CITALOPRAM_20,Citalopram,INF,Q14432,0.0009348463499918,0.0015111089451238,0.8,PDE3A,none
SMOKE_CITALOPRAM_20,Citalopram,INF,P07339,9.047389175975697e-05,0.0001353188417851,0.6,CTSD,none
SMOKE_CITALOPRAM_20,Citalopram,INF,O00408,-0.00064609979745,0.0026256786659359,0.4,PDE2A,none
SMOKE_CITALOPRAM_20,Citalopram,INF,Q08499,-0.0027725670952349,0.0073770666494965,0.6,PDE4D,none
SMOKE_CITALOPRAM_20,Citalopram,INF,Q13370,-0.0002962917205877,0.0028543570078909,0.4,PDE3B,none
SMOKE_CITALOPRAM_20,Citalopram,INF,P14780,0.0008336875471286,0.0013381424359977,0.8,MMP9,none
SMOKE_CITALOPRAM_20,Citalopram,INF,P03956,-0.0030741672962903,0.0037788536865264,0.0,MMP1,none
SMOKE_CITALOPRAM_20,Citalopram,INF,P08253,0.0002989392669405,0.0006476609851233,0.6,MMP2,none
SMOKE_CITALOPRAM_20,Citalopram,INF,Q9UDY8,-0.0002141106815543,0.0026789149269461,0.8,MALT1,none
SMOKE_CITALOPRAM_20,Citalopram,INF,P80457,6.196498725330457e-05,0.0007755255210213,0.6,XDH,none
SMOKE_CITALOPRAM_20,Citalopram,INF,Q9BYF1,-0.0012475445400923,0.0032807001844048,0.4,ACE2,none
SMOKE_CITALOPRAM_20,Citalopram,INF,P08311,0.001018576323986,0.0009405628079548,0.8,CTSG,none
SMOKE_CITALOPRAM_20,Citalopram,INF,P56817,-7.383152842521667e-05,0.000254982849583,0.4,BACE1,none
SMOKE_CITALOPRAM_20,Citalopram,INF,P00519,0.003595569403842,0.0055192597210407,0.8,ABL1,none
SMOKE_CITALOPRAM_20,Citalopram,INF,P17948,-2.69219272013288e-05,0.0004066160763613,0.6,FLT1,none
SMOKE_CITALOPRAM_20,Citalopram,INF,P10721,3.551691861503059e-06,4.739591531688348e-06,0.6,KIT,none
SMOKE_CITALOPRAM_20,Citalopram,INF,P06213,-0.0001573443441884,0.000181328083272,0.2,INSR,none
SMOKE_CITALOPRAM_20,Citalopram,INF,P00533,0.000619544473011,0.0006033040699549,0.8,EGFR,none
SMOKE_CITALOPRAM_20,Citalopram,INF,Q96GD4,-0.0006885785842314,0.0006607610266655,0.2,AURKB,none
SMOKE_CITALOPRAM_20,Citalopram,INF,P06239,-0.0009712394094094,0.0018555952701717,0.2,LCK,none
SMOKE_CITALOPRAM_20,Citalopram,INF,Q16539,0.0006186872487887,0.0016329961363226,0.6,MAPK14,none
SMOKE_CITALOPRAM_20,Citalopram,INF,P49841,-0.0013244599103927,0.0022124927490949,0.4,GSK3B,none
SMOKE_CITALOPRAM_20,Citalopram,INF,P12931,-0.0009372401982545,0.002165584359318,0.4,SRC,none
SMOKE_CITALOPRAM_20,Citalopram,INF,Q05397,-0.0005427498253993,0.0004275743849575,0.0,PTK2,none
SMOKE_CITALOPRAM_20,Citalopram,INF,P35968,-0.0032525833230465,0.0031598089262843,0.0,KDR,none
SMOKE_CITALOPRAM_20,Citalopram,INF,P43403,0.001222898485139,0.0018989549716934,0.8,ZAP70,secondary
SMOKE_CITALOPRAM_20,Citalopram,INF,P04629,0.0058066938072443,0.0058858678676187,1.0,NTRK1,none
SMOKE_CITALOPRAM_20,Citalopram,INF,P49840,0.0001690186618361,0.0007671186467632,0.8,GSK3A,none
SMOKE_CITALOPRAM_20,Citalopram,INF,O75116,-9.025186591316016e-05,0.0010310964426025,0.6,ROCK2,none
SMOKE_CITALOPRAM_20,Citalopram,INF,P17252,-0.0020285253413021,0.0026516041252762,0.0,PRKCA,none
SMOKE_CITALOPRAM_20,Citalopram,INF,P24941,-0.0019910815171897,0.0030829845927655,0.4,CDK2,none
SMOKE_CITALOPRAM_20,Citalopram,INF,Q13464,0.0028905228246003,0.0027830104809254,1.0,ROCK1,none
SMOKE_CITALOPRAM_20,Citalopram,INF,P48736,0.0004619415849447,0.0003688383440021,1.0,PIK3CG,none
SMOKE_CITALOPRAM_20,Citalopram,INF,O14733,0.0002191659004893,0.000625402899459,0.4,MAP2K7,none
SMOKE_CITALOPRAM_20,Citalopram,INF,Q13315,0.0006566870724782,0.0009000250138342,0.8,ATM,none
SMOKE_CITALOPRAM_20,Citalopram,INF,P07948,0.0017091423505917,0.0028544478118419,0.8,LYN,none
SMOKE_CITALOPRAM_20,Citalopram,INF,P28482,-0.0007072821026667,0.0009413355146534,0.2,MAPK1,none
SMOKE_CITALOPRAM_20,Citalopram,INF,Q9UQM7,-0.0009204056113958,0.0024199374020099,0.6,CAMK2A,none
SMOKE_CITALOPRAM_20,Citalopram,INF,O14965,0.0025039303582161,0.0027732914313673,0.8,AURKA,none
SMOKE_CITALOPRAM_20,Citalopram,INF,Q15118,-0.0008905071881599,0.0004931107978336,0.0,PDK1,none
SMOKE_CITALOPRAM_20,Citalopram,INF,Q8TDR2,0.0003790762275457,0.0009983575437217,0.4,STK35,none
SMOKE_CITALOPRAM_20,Citalopram,INF,P10275,0.0003260869416408,0.0034196760971099,0.4,AR,none
SMOKE_CITALOPRAM_20,Citalopram,INF,P04150,0.0012835084926337,0.0017790754791349,0.8,NR3C1,secondary
SMOKE_CITALOPRAM_20,Citalopram,INF,P10276,0.0026057469658553,0.0032343314960598,0.8,RARA,none
SMOKE_CITALOPRAM_20,Citalopram,INF,P03372,0.0029529514722526,0.0034127964172512,1.0,ESR1,none
SMOKE_CITALOPRAM_20,Citalopram,INF,P19793,-0.0017893034964799,0.0020208582282066,0.0,RXRA,none
SMOKE_CITALOPRAM_20,Citalopram,INF,P06401,0.0051498650573194,0.0056541529484093,1.0,PGR,none
SMOKE_CITALOPRAM_20,Citalopram,INF,P37231,-0.0021692425943911,0.0050607537850737,0.4,PPARG,none
SMOKE_CITALOPRAM_20,Citalopram,INF,Q92731,0.0045618833974003,0.0109730921685695,0.8,ESR2,none
SMOKE_CITALOPRAM_20,Citalopram,INF,P55055,-0.0097238551825284,0.0127571783959865,0.0,NR1H2,none
SMOKE_CITALOPRAM_20,Citalopram,INF,P30531,-0.001208869041875,0.0015518250875175,0.2,SLC6A1,none
SMOKE_CITALOPRAM_20,Citalopram,INF,P23975,-0.0027183617930859,0.0029619419947266,0.0,SLC6A2,none
SMOKE_CITALOPRAM_20,Citalopram,INF,P31645,0.0007807027432136,0.0018350182799622,0.4,SLC6A4,none
SMOKE_CITALOPRAM_20,Citalopram,INF,Q01959,0.0041893082670867,0.0035981817636638,1.0,SLC6A3,none
SMOKE_CITALOPRAM_20,Citalopram,INF,P31652,-5.016550494474359e-05,7.238508987938985e-05,0.4,SLC6A4,none
SMOKE_CITALOPRAM_20,Citalopram,INF,P23977,0.0012343168491497,0.0010324493050575,1.0,SLC6A3,none
SMOKE_CITALOPRAM_20,Citalopram,INF,Q9GZV3,-0.0002049595059361,0.0009459223947487,0.6,SLC5A7,none
SMOKE_CITALOPRAM_20,Citalopram,INF,P28572,0.0010427676606923,0.0007109534344635,1.0,SLC6A9,none
SMOKE_CITALOPRAM_20,Citalopram,INF,P30536,-0.0008020967361517,0.0006577488384209,0.2,TSPO,none
SMOKE_CITALOPRAM_20,Citalopram,INF,P01375,0.000420163560193,0.000784978386946,0.8,TNF,none
SMOKE_CITALOPRAM_20,Citalopram,INF,Q99720,0.0074147544801235,0.0092766163870692,0.8,SIGMAR1,none
SMOKE_CITALOPRAM_20,Citalopram,MET,P35414,-0.0009260714286938,0.0057826675474643,0.6,APLNR,none
SMOKE_CITALOPRAM_20,Citalopram,MET,P24530,-0.0002663739142008,0.00078747671796,0.2,EDNRB,none
SMOKE_CITALOPRAM_20,Citalopram,MET,P30518,-0.002250924706459,0.0046077254228293,0.6,AVPR2,none
SMOKE_CITALOPRAM_20,Citalopram,MET,P35346,0.0026756227016448,0.0054265893995761,0.6,SSTR5,none
SMOKE_CITALOPRAM_20,Citalopram,MET,Q9Y271,-0.0172163061797618,0.0098262801766395,0.0,CYSLTR1,none
SMOKE_CITALOPRAM_20,Citalopram,MET,P34998,-0.001533941947855,0.0018341400427743,0.2,CRHR1,none
SMOKE_CITALOPRAM_20,Citalopram,MET,P30874,-0.0016102477675303,0.0027828521560877,0.2,SSTR2,none
SMOKE_CITALOPRAM_20,Citalopram,MET,P34995,0.0038204945158213,0.0042198291048407,1.0,PTGER1,none
SMOKE_CITALOPRAM_20,Citalopram,MET,P08173,0.0023216493427753,0.0027729012072086,1.0,CHRM4,none
SMOKE_CITALOPRAM_20,Citalopram,MET,P30988,0.0015778846573084,0.0019182573305442,0.8,CALCR,secondary
SMOKE_CITALOPRAM_20,Citalopram,MET,P41595,-0.0002855271159205,0.0013451790437102,0.6,HTR2B,none
SMOKE_CITALOPRAM_20,Citalopram,MET,P35408,-0.0009220599895343,0.0015555721474811,0.2,PTGER4,none
SMOKE_CITALOPRAM_20,Citalopram,MET,P21918,-0.0107120368629693,0.0114660672843456,0.0,DRD5,none
SMOKE_CITALOPRAM_20,Citalopram,MET,P31391,-0.0052705099806189,0.0098939081653952,0.4,SSTR4,none
SMOKE_CITALOPRAM_20,Citalopram,MET,P30968,-0.0059849536046385,0.0109774079173803,0.0,GNRHR,none
SMOKE_CITALOPRAM_20,Citalopram,MET,P08913,-0.0005170785007067,0.0007232254138216,0.0,ADRA2A,direct
SMOKE_CITALOPRAM_20,Citalopram,MET,Q13639,0.0034825659822672,0.0046685058623552,0.8,HTR4,none
SMOKE_CITALOPRAM_20,Citalopram,MET,P43116,0.0060911797918379,0.0071851718239486,0.8,PTGER2,none
SMOKE_CITALOPRAM_20,Citalopram,MET,P37288,-0.00341387395747,0.0054593589156866,0.4,AVPR1A,none
SMOKE_CITALOPRAM_20,Citalopram,MET,P28222,-0.0008307665702886,0.0009530422394163,0.2,HTR1B,none
SMOKE_CITALOPRAM_20,Citalopram,MET,P32238,0.0011340439086779,0.0014384249225258,0.8,CCKAR,none
SMOKE_CITALOPRAM_20,Citalopram,MET,P18825,-0.0006288968143053,0.0007133313920348,0.2,ADRA2C,none
SMOKE_CITALOPRAM_20,Citalopram,MET,P30872,0.0003308534505777,0.0005040165851823,0.8,SSTR1,none
SMOKE_CITALOPRAM_20,Citalopram,MET,P47901,0.0017826103139668,0.0017857435159385,0.8,AVPR1B,none
SMOKE_CITALOPRAM_20,Citalopram,MET,P25021,-0.004075183533132,0.0073648020625114,0.4,HRH2,none
SMOKE_CITALOPRAM_20,Citalopram,MET,P18089,0.0041211992502212,0.0046314941719174,1.0,ADRA2B,none
SMOKE_CITALOPRAM_20,Citalopram,MET,P48039,-0.0077033778652548,0.012390349060297,0.4,MTNR1A,none
SMOKE_CITALOPRAM_20,Citalopram,MET,P49286,-0.0044299154542386,0.0035947130527347,0.2,MTNR1B,none
SMOKE_CITALOPRAM_20,Citalopram,MET,P43088,1.556202732899692e-05,0.002266592811793,0.6,PTGFR,none
SMOKE_CITALOPRAM_20,Citalopram,MET,P41146,0.0010139681398868,0.0015867684269323,0.6,OPRL1,secondary
SMOKE_CITALOPRAM_20,Citalopram,MET,P32745,-0.0014590754872187,0.0021012257784605,0.2,SSTR3,none
SMOKE_CITALOPRAM_20,Citalopram,MET,P08912,0.0037397467531263,0.0118114640936255,0.6,CHRM5,none
SMOKE_CITALOPRAM_20,Citalopram,MET,P21728,-0.0027071379590779,0.0051993150264024,0.2,DRD1,none
SMOKE_CITALOPRAM_20,Citalopram,MET,Q9UBS5,0.0008969090995378,0.0040977313183248,0.4,GABBR1,secondary
SMOKE_CITALOPRAM_20,Citalopram,MET,P07550,-0.0042400211095809,0.0067137852311134,0.2,ADRB2,direct
SMOKE_CITALOPRAM_20,Citalopram,MET,P61073,-0.0044133528135716,0.0058463523164391,0.0,CXCR4,none
SMOKE_CITALOPRAM_20,Citalopram,MET,P08172,-0.002249417360872,0.0046910885721445,0.4,CHRM2,none
SMOKE_CITALOPRAM_20,Citalopram,MET,P08588,0.0026593119837343,0.0068415394052863,0.6,ADRB1,direct
SMOKE_CITALOPRAM_20,Citalopram,MET,P08908,0.00414555426687,0.003231689101085,1.0,HTR1A,direct
SMOKE_CITALOPRAM_20,Citalopram,MET,P11229,-0.0001876719325082,0.0047260881401598,0.4,CHRM1,none
SMOKE_CITALOPRAM_20,Citalopram,MET,P14416,-0.0075895092450082,0.0112657267600297,0.0,DRD2,direct
SMOKE_CITALOPRAM_20,Citalopram,MET,P21554,-0.0025375350378453,0.0035080495290458,0.2,CNR1,none
SMOKE_CITALOPRAM_20,Citalopram,MET,P21917,0.0020152605138719,0.0028883744962513,1.0,DRD4,none
SMOKE_CITALOPRAM_20,Citalopram,MET,O43193,0.0003711402532644,0.0006689897272735,0.6,MLNR,none
SMOKE_CITALOPRAM_20,Citalopram,MET,P25100,0.0010714695090427,0.0018216669559478,1.0,ADRA1D,none
SMOKE_CITALOPRAM_20,Citalopram,MET,P28223,0.0041991584002971,0.0088477134704589,0.8,HTR2A,none
SMOKE_CITALOPRAM_20,Citalopram,MET,P28335,-0.0011828311253339,0.0013971143634989,0.2,HTR2C,none
SMOKE_CITALOPRAM_20,Citalopram,MET,P30542,0.0024013170041143,0.0031227623112499,0.8,ADORA1,none
SMOKE_CITALOPRAM_20,Citalopram,MET,P30556,0.0022159717045724,0.0038162879645824,0.8,AGTR1,none
SMOKE_CITALOPRAM_20,Citalopram,MET,P35348,0.0092399213463068,0.0096020717173814,1.0,ADRA1A,none
SMOKE_CITALOPRAM_20,Citalopram,MET,P35367,-0.0023934855125844,0.0029103839769959,0.4,HRH1,direct
SMOKE_CITALOPRAM_20,Citalopram,MET,P35368,-0.0009757749503478,0.0016686073504388,0.6,ADRA1B,none
SMOKE_CITALOPRAM_20,Citalopram,MET,P21452,0.0043124854564666,0.0043860557489097,1.0,TACR2,none
SMOKE_CITALOPRAM_20,Citalopram,MET,P35372,0.0012008547782897,0.0015508414944633,0.8,OPRM1,none
SMOKE_CITALOPRAM_20,Citalopram,MET,P35462,0.0024650157429277,0.0098559744656085,0.6,DRD3,none
SMOKE_CITALOPRAM_20,Citalopram,MET,P41143,2.664923704287503e-05,8.940780389821157e-05,0.6,OPRD1,none
SMOKE_CITALOPRAM_20,Citalopram,MET,P41145,0.0005624100449495,0.0023288782685995,0.4,OPRK1,direct
SMOKE_CITALOPRAM_20,Citalopram,MET,P32246,-0.0011603012681007,0.0014470595633611,0.0,CCR1,none
SMOKE_CITALOPRAM_20,Citalopram,MET,P25025,-0.0031437478028237,0.0088821286335587,0.8,CXCR2,none
SMOKE_CITALOPRAM_20,Citalopram,MET,P20309,0.0002013117045862,0.002925417618826,0.4,CHRM3,none
SMOKE_CITALOPRAM_20,Citalopram,MET,P13945,-0.0001064553871401,0.0019341564038768,0.4,ADRB3,secondary
SMOKE_CITALOPRAM_20,Citalopram,MET,P25103,0.0019925490487366,0.0029752319678664,0.8,TACR1,none
SMOKE_CITALOPRAM_20,Citalopram,MET,P25105,9.223147935699672e-05,0.0002617614809423,0.6,PTAFR,none
SMOKE_CITALOPRAM_20,Citalopram,MET,P29274,-0.0046680001541972,0.0048734722658991,0.0,ADORA2A,none
SMOKE_CITALOPRAM_20,Citalopram,MET,P25101,0.0013080581557005,0.001040959963575,1.0,EDNRA,none
SMOKE_CITALOPRAM_20,Citalopram,MET,P34972,0.0007209234172478,0.0038591288030147,0.4,CNR2,none
SMOKE_CITALOPRAM_20,Citalopram,MET,P29275,0.0051493709906935,0.0053787492215633,0.8,ADORA2B,none
SMOKE_CITALOPRAM_20,Citalopram,MET,P0DMS8,0.002543254988268,0.0037106312811374,0.8,ADORA3,none
SMOKE_CITALOPRAM_20,Citalopram,MET,P32245,-0.0001166604488389,0.0029478739015758,0.6,MC4R,none
SMOKE_CITALOPRAM_20,Citalopram,MET,Q9Y5N1,-5.723536105506355e-06,4.2796353227458894e-05,0.2,HRH3,none
SMOKE_CITALOPRAM_20,Citalopram,MET,P51681,0.0013087533880025,0.0033600311726331,0.6,CCR5,none
SMOKE_CITALOPRAM_20,Citalopram,MET,P32239,0.0014881461393088,0.0016727250767871,0.8,CCKBR,none
SMOKE_CITALOPRAM_20,Citalopram,MET,P30543,-0.001108682132326,0.0015190348494797,0.4,ADORA2A,none
SMOKE_CITALOPRAM_20,Citalopram,MET,P34969,-0.0133641865104436,0.0159635171294212,0.0,HTR7,none
SMOKE_CITALOPRAM_20,Citalopram,MET,P30411,0.0004493184387683,0.0028696355875581,0.8,BDKRB2,none
SMOKE_CITALOPRAM_20,Citalopram,MET,P41594,0.0004341065941844,0.0047496021725237,0.6,GRM5,none
SMOKE_CITALOPRAM_20,Citalopram,MET,P50406,0.0031544573139399,0.002623826963827,1.0,HTR6,none
SMOKE_CITALOPRAM_20,Citalopram,MET,P47898,-0.000227818643907,0.0005743813235312,0.6,HTR5A,none
SMOKE_CITALOPRAM_20,Citalopram,MET,P28564,0.000205850607017,0.0014148150803521,0.4,HTR1B,none
SMOKE_CITALOPRAM_20,Citalopram,MET,P43115,-0.0034951628185808,0.0090159876272082,0.4,PTGER3,none
SMOKE_CITALOPRAM_20,Citalopram,MET,Q9H3N8,2.9880553483963013e-05,0.0001590075989952,0.8,HRH4,none
SMOKE_CITALOPRAM_20,Citalopram,MET,Q9UKP6,0.0010359637672081,0.0011967753525823,1.0,UTS2R,direct
SMOKE_CITALOPRAM_20,Citalopram,MET,Q01726,-0.0028206557035446,0.0033751935698091,0.0,MC1R,none
SMOKE_CITALOPRAM_20,Citalopram,MET,Q16602,-3.0630828405264765e-05,5.107030665385537e-05,0.4,CALCRL,direct
SMOKE_CITALOPRAM_20,Citalopram,MET,P41597,0.0022373064421117,0.0063890162855386,0.6,CCR2,none
SMOKE_CITALOPRAM_20,Citalopram,MET,P49146,-0.0008997388067655,0.0013032746501266,0.4,NPY2R,none
SMOKE_CITALOPRAM_20,Citalopram,MET,P25024,0.0005638323491439,0.0009214890305884,0.6,CXCR1,none
SMOKE_CITALOPRAM_20,Citalopram,MET,P32247,0.0026415423490107,0.0021715615876019,0.8,BRS3,none
SMOKE_CITALOPRAM_20,Citalopram,MET,P30989,0.002695546252653,0.0034654531627893,0.8,NTSR1,none
SMOKE_CITALOPRAM_20,Citalopram,MET,P46663,-0.0012944169575348,0.0016170603921636,0.2,BDKRB1,none
SMOKE_CITALOPRAM_20,Citalopram,MET,Q9NS75,0.0030537187121808,0.00533402338624,0.6,CYSLTR2,none
SMOKE_CITALOPRAM_20,Citalopram,MET,P29371,-0.0004572778998408,0.001328413025476,0.4,TACR3,none
SMOKE_CITALOPRAM_20,Citalopram,MET,P41587,0.0002946138265542,0.0011590699432417,0.8,VIPR2,none
SMOKE_CITALOPRAM_20,Citalopram,MET,P50052,0.000253224367043,0.0008855095948092,0.6,AGTR2,none
SMOKE_CITALOPRAM_20,Citalopram,MET,P33032,0.0001619428367121,0.0004799845919478,0.4,MC5R,none
SMOKE_CITALOPRAM_20,Citalopram,MET,Q92847,-0.0033149817027151,0.004615768790245,0.0,GHSR,none
SMOKE_CITALOPRAM_20,Citalopram,MET,P41968,-0.0008439198136329,0.0010260352864861,0.2,MC3R,none
SMOKE_CITALOPRAM_20,Citalopram,MET,P25929,0.0010038688778877,0.0009708065190352,1.0,NPY1R,none
SMOKE_CITALOPRAM_20,Citalopram,MET,O43614,-0.0011859275400638,0.0044849873520433,0.4,HCRTR2,none
SMOKE_CITALOPRAM_20,Citalopram,MET,P49238,-0.0005335554596967,0.0009352138731628,0.2,CX3CR1,none
SMOKE_CITALOPRAM_20,Citalopram,MET,O43613,3.1322240374720423e-06,0.002607126487419,0.6,HCRTR1,none
SMOKE_CITALOPRAM_20,Citalopram,MET,P32241,9.716748900245876e-05,0.0002270619588671,0.4,VIPR1,none
SMOKE_CITALOPRAM_20,Citalopram,MET,Q8TDU6,0.0007230326300486,0.0017748594982549,0.8,GPBAR1,none
SMOKE_CITALOPRAM_20,Citalopram,MET,P01275,0.0012953139375895,0.0014092909405007,1.0,GCG,secondary
SMOKE_CITALOPRAM_20,Citalopram,MET,Q96LB1,-3.7156791222514585e-05,0.0001910386199597,0.4,MRGPRX2,none
SMOKE_CITALOPRAM_20,Citalopram,MET,Q61224,0.0002211414248449,0.0006791198975406,0.6,HTR1D,none
SMOKE_CITALOPRAM_20,Citalopram,MET,O75899,-0.0019714669324457,0.0036018614191561,0.2,GABBR2,secondary
SMOKE_CITALOPRAM_20,Citalopram,MET,P51787,5.756318387284409e-06,6.592919817194343e-05,0.4,KCNQ1,none
SMOKE_CITALOPRAM_20,Citalopram,MET,P43681,-0.0006269767764024,0.0010603299597278,0.2,CHRNA4,none
SMOKE_CITALOPRAM_20,Citalopram,MET,P46098,-0.0042408695444464,0.0048438846133649,0.2,HTR3A,none
SMOKE_CITALOPRAM_20,Citalopram,MET,Q13936,0.0012089259689673,0.0013598628574982,0.8,CACNA1C,none
SMOKE_CITALOPRAM_20,Citalopram,MET,P14867,-0.0001227296888828,0.0003815741220023,0.4,GABRA1,none
SMOKE_CITALOPRAM_20,Citalopram,MET,Q14524,-0.0005368880811147,0.0013328354107216,0.4,SCN5A,none
SMOKE_CITALOPRAM_20,Citalopram,MET,Q05586,0.0007374227279797,0.0047244634479284,0.6,GRIN1,none
SMOKE_CITALOPRAM_20,Citalopram,MET,Q92952,0.0015523985493928,0.001849865540862,1.0,KCNN1,none
SMOKE_CITALOPRAM_20,Citalopram,MET,Q12809,0.004302536137402,0.007848847657442,1.0,KCNH2,none
SMOKE_CITALOPRAM_20,Citalopram,MET,P56373,-0.000830877572298,0.0033284069504588,0.4,P2RX3,none
SMOKE_CITALOPRAM_20,Citalopram,MET,P07727,-0.0005910664913244,0.0025152896996587,0.6,GLRA1,none
SMOKE_CITALOPRAM_20,Citalopram,MET,Q9UGI6,-8.452982001472265e-05,8.087923197308555e-05,0.2,KCNN3,none
SMOKE_CITALOPRAM_20,Citalopram,MET,P22002,0.000265145295998,0.0002632928953971,1.0,CACNA1C,none
SMOKE_CITALOPRAM_20,Citalopram,MET,Q99250,0.0034914135467261,0.0040937555022537,0.8,SCN2A,none
SMOKE_CITALOPRAM_20,Citalopram,MET,Q9H2S1,0.0004389487148728,0.0003730384632945,1.0,KCNN2,none
SMOKE_CITALOPRAM_20,Citalopram,MET,Q99572,0.0003133296850137,0.0008630289812572,0.6,P2RX7,none
SMOKE_CITALOPRAM_20,Citalopram,MET,P02708,0.0004251733480487,0.0007311891531571,0.6,CHRNA1,none
SMOKE_CITALOPRAM_20,Citalopram,MET,Q02294,-0.0006606921670027,0.0010599510278552,0.2,CACNA1B,none
SMOKE_CITALOPRAM_20,Citalopram,MET,P18507,0.0012519977753981,0.0009367526508867,1.0,GABRG2,none
SMOKE_CITALOPRAM_20,Citalopram,MET,P12821,0.0006516687572002,0.0030129260849207,0.8,ACE,none
SMOKE_CITALOPRAM_20,Citalopram,MET,P21397,0.0052417544648051,0.0071892598643898,0.8,MAOA,none
SMOKE_CITALOPRAM_20,Citalopram,MET,P27338,0.0017687469953671,0.0049310964532196,0.4,MAOB,none
SMOKE_CITALOPRAM_20,Citalopram,MET,P22303,0.0026719658635556,0.0033583219628781,0.6,ACHE,none
SMOKE_CITALOPRAM_20,Citalopram,MET,P23219,-0.0009298458462581,0.001176934572868,0.2,PTGS1,none
SMOKE_CITALOPRAM_20,Citalopram,MET,P35354,0.0014152132207527,0.0036215814761817,0.6,PTGS2,direct
SMOKE_CITALOPRAM_20,Citalopram,MET,P42574,-0.0006191961583681,0.0013206362491473,0.2,CASP3,secondary
SMOKE_CITALOPRAM_20,Citalopram,MET,Q14432,0.0010137110948562,0.0021622697822749,0.6,PDE3A,none
SMOKE_CITALOPRAM_20,Citalopram,MET,P07339,0.0003772482159547,0.000810700468719,0.6,CTSD,none
SMOKE_CITALOPRAM_20,Citalopram,MET,O00408,0.0011108681792393,0.0055366889573633,0.6,PDE2A,none
SMOKE_CITALOPRAM_20,Citalopram,MET,Q08499,-0.0074581266380846,0.0091968933120369,0.0,PDE4D,none
SMOKE_CITALOPRAM_20,Citalopram,MET,Q13370,-6.142556958366185e-05,0.0093282656744122,0.4,PDE3B,none
SMOKE_CITALOPRAM_20,Citalopram,MET,P14780,0.0032731771934777,0.003211697563529,0.8,MMP9,secondary
SMOKE_CITALOPRAM_20,Citalopram,MET,P03956,-0.0038869581185281,0.0038963500410318,0.0,MMP1,none
SMOKE_CITALOPRAM_20,Citalopram,MET,P08253,0.0006556861335411,0.0009466278133913,0.8,MMP2,secondary
SMOKE_CITALOPRAM_20,Citalopram,MET,Q9UDY8,0.0005384005489759,0.006420905701816,0.6,MALT1,none
SMOKE_CITALOPRAM_20,Citalopram,MET,P80457,0.0002208679943578,0.001640826347284,0.6,XDH,none
SMOKE_CITALOPRAM_20,Citalopram,MET,Q9BYF1,-0.0050100805237889,0.0098831728100776,0.4,ACE2,none
SMOKE_CITALOPRAM_20,Citalopram,MET,P08311,0.0013569801812991,0.0007348936633206,1.0,CTSG,none
SMOKE_CITALOPRAM_20,Citalopram,MET,P56817,-0.0001192882627947,0.0001954524486791,0.2,BACE1,none
SMOKE_CITALOPRAM_20,Citalopram,MET,P00519,0.0035303228069096,0.0069512613117694,0.8,ABL1,none
SMOKE_CITALOPRAM_20,Citalopram,MET,P17948,-0.0001461915671825,0.0003918157890439,0.4,FLT1,none
SMOKE_CITALOPRAM_20,Citalopram,MET,P10721,1.477152090956224e-05,2.0746825612150133e-05,0.8,KIT,none
SMOKE_CITALOPRAM_20,Citalopram,MET,P06213,-0.0003733910562004,0.0003696349158417,0.0,INSR,none
SMOKE_CITALOPRAM_20,Citalopram,MET,P00533,0.0007761746528558,0.0009690023725852,1.0,EGFR,secondary
SMOKE_CITALOPRAM_20,Citalopram,MET,Q96GD4,-0.0013764582108706,0.0015758004738017,0.2,AURKB,none
SMOKE_CITALOPRAM_20,Citalopram,MET,P06239,-0.0012239918578416,0.0008462179102934,0.0,LCK,none
SMOKE_CITALOPRAM_20,Citalopram,MET,Q16539,0.0012607484823092,0.0043261372484266,0.8,MAPK14,none
SMOKE_CITALOPRAM_20,Citalopram,MET,P49841,-0.0027112229727208,0.0038176691159605,0.2,GSK3B,none
SMOKE_CITALOPRAM_20,Citalopram,MET,P12931,-6.458908319473267e-05,0.0019910756964236,0.4,SRC,none
SMOKE_CITALOPRAM_20,Citalopram,MET,Q05397,-0.0008204974001273,0.0008854584884829,0.0,PTK2,none
SMOKE_CITALOPRAM_20,Citalopram,MET,P35968,-0.0039192140102386,0.0034009818919003,0.2,KDR,none
SMOKE_CITALOPRAM_20,Citalopram,MET,P43403,0.0011357419425621,0.0016573662869632,0.8,ZAP70,none
SMOKE_CITALOPRAM_20,Citalopram,MET,P04629,0.0114126708358526,0.0124702537432312,1.0,NTRK1,none
SMOKE_CITALOPRAM_20,Citalopram,MET,P49840,-0.0006157122552394,0.0024620571639388,0.8,GSK3A,none
SMOKE_CITALOPRAM_20,Citalopram,MET,O75116,8.086487650871277e-05,0.0004151784814894,0.6,ROCK2,none
SMOKE_CITALOPRAM_20,Citalopram,MET,P17252,-0.0036283768713474,0.0038949826266616,0.0,PRKCA,none
SMOKE_CITALOPRAM_20,Citalopram,MET,P24941,-0.0018968411022797,0.0021655964665114,0.2,CDK2,none
SMOKE_CITALOPRAM_20,Citalopram,MET,Q13464,0.0048128487542271,0.0052919210866093,0.8,ROCK1,none
SMOKE_CITALOPRAM_20,Citalopram,MET,P48736,0.0007319167489185,0.0004375106072984,1.0,PIK3CG,none
SMOKE_CITALOPRAM_20,Citalopram,MET,O14733,-3.3371150038874475e-06,0.0015338523080572,0.6,MAP2K7,none
SMOKE_CITALOPRAM_20,Citalopram,MET,Q13315,-0.002693522721529,0.0062710512429475,0.4,ATM,none
SMOKE_CITALOPRAM_20,Citalopram,MET,P07948,0.0038809492252767,0.0045074797235429,0.8,LYN,none
SMOKE_CITALOPRAM_20,Citalopram,MET,P28482,-0.00093960610684,0.0005467865848913,0.0,MAPK1,secondary
SMOKE_CITALOPRAM_20,Citalopram,MET,Q9UQM7,-0.0017305888468399,0.0042271870188415,0.4,CAMK2A,none
SMOKE_CITALOPRAM_20,Citalopram,MET,O14965,0.0033707879483699,0.004313132725656,0.8,AURKA,none
SMOKE_CITALOPRAM_20,Citalopram,MET,Q15118,8.814111060928553e-05,0.0020777022000402,0.6,PDK1,none
SMOKE_CITALOPRAM_20,Citalopram,MET,Q8TDR2,0.0023208521306514,0.0027983826585114,0.6,STK35,none
SMOKE_CITALOPRAM_20,Citalopram,MET,P10275,0.0008651472744531,0.0067779649980366,0.4,AR,direct
SMOKE_CITALOPRAM_20,Citalopram,MET,P04150,0.0023729570675641,0.003289595246315,0.8,NR3C1,direct
SMOKE_CITALOPRAM_20,Citalopram,MET,P10276,0.0039164549671113,0.0062240934930741,0.8,RARA,secondary
SMOKE_CITALOPRAM_20,Citalopram,MET,P03372,0.0056667737662792,0.0050025284290313,1.0,ESR1,secondary
SMOKE_CITALOPRAM_20,Citalopram,MET,P19793,-0.0036714100278913,0.0042767548002302,0.0,RXRA,secondary
SMOKE_CITALOPRAM_20,Citalopram,MET,P06401,0.0109258284792304,0.0110152140259742,1.0,PGR,secondary
SMOKE_CITALOPRAM_20,Citalopram,MET,P37231,-0.0024296804331243,0.004291727207601,0.6,PPARG,direct
SMOKE_CITALOPRAM_20,Citalopram,MET,Q92731,0.0061954045668244,0.0198320299386978,0.8,ESR2,none
SMOKE_CITALOPRAM_20,Citalopram,MET,P55055,-0.0110836774110794,0.0174079127609729,0.2,NR1H2,none
SMOKE_CITALOPRAM_20,Citalopram,MET,P30531,-0.0021927878260612,0.0034524705260992,0.2,SLC6A1,none
SMOKE_CITALOPRAM_20,Citalopram,MET,P23975,-0.0032830922864377,0.0072420788928866,0.4,SLC6A2,none
SMOKE_CITALOPRAM_20,Citalopram,MET,P31645,0.0022385462652891,0.0028741192072629,0.8,SLC6A4,none
SMOKE_CITALOPRAM_20,Citalopram,MET,Q01959,0.0065526715479791,0.0062016616575419,1.0,SLC6A3,none
SMOKE_CITALOPRAM_20,Citalopram,MET,P31652,-0.0002943254949059,0.0002905205474235,0.2,SLC6A4,none
SMOKE_CITALOPRAM_20,Citalopram,MET,P23977,0.0024145594798028,0.0024706795811653,1.0,SLC6A3,none
SMOKE_CITALOPRAM_20,Citalopram,MET,Q9GZV3,0.0007486388203687,0.0010954590979963,0.8,SLC5A7,none
SMOKE_CITALOPRAM_20,Citalopram,MET,P28572,0.002802051603794,0.0021006434690207,1.0,SLC6A9,none
SMOKE_CITALOPRAM_20,Citalopram,MET,P30536,0.000698871910572,0.0012547472724691,0.8,TSPO,none
SMOKE_CITALOPRAM_20,Citalopram,MET,P01375,0.0007384709897451,0.0009088063961826,1.0,TNF,none
SMOKE_CITALOPRAM_20,Citalopram,MET,Q99720,0.0177334137260913,0.0190873984247446,1.0,SIGMAR1,none
SMOKE_CITALOPRAM_20,Citalopram,MUS,P35414,-0.0013009228277951,0.005324903409928,0.4,APLNR,none
SMOKE_CITALOPRAM_20,Citalopram,MUS,P24530,-0.0004831641854252,0.0004294367972761,0.2,EDNRB,none
SMOKE_CITALOPRAM_20,Citalopram,MUS,P30518,-0.002047433052212,0.003575398819521,0.2,AVPR2,none
SMOKE_CITALOPRAM_20,Citalopram,MUS,P35346,0.0019737135153263,0.0034469368401914,0.8,SSTR5,none
SMOKE_CITALOPRAM_20,Citalopram,MUS,Q9Y271,-0.0165595095604658,0.008420230820775,0.0,CYSLTR1,none
SMOKE_CITALOPRAM_20,Citalopram,MUS,P34998,-0.0012800365220755,0.0020038485527038,0.2,CRHR1,none
SMOKE_CITALOPRAM_20,Citalopram,MUS,P30874,-0.0013523299712687,0.0026874034665524,0.4,SSTR2,none
SMOKE_CITALOPRAM_20,Citalopram,MUS,P34995,0.0027755345217883,0.0027458250988274,1.0,PTGER1,none
SMOKE_CITALOPRAM_20,Citalopram,MUS,P08173,0.0015022658044472,0.0015011128270998,0.8,CHRM4,direct
SMOKE_CITALOPRAM_20,Citalopram,MUS,P30988,0.0010853562271222,0.0012181495549157,1.0,CALCR,none
SMOKE_CITALOPRAM_20,Citalopram,MUS,P41595,-4.396028816699982e-05,0.000757256115321,0.6,HTR2B,none
SMOKE_CITALOPRAM_20,Citalopram,MUS,P35408,-0.0006895590340718,0.0009854026138782,0.2,PTGER4,none
SMOKE_CITALOPRAM_20,Citalopram,MUS,P21918,-0.011204108595848,0.0114703187718987,0.0,DRD5,secondary
SMOKE_CITALOPRAM_20,Citalopram,MUS,P31391,-0.0044556576758623,0.0080388067290186,0.4,SSTR4,none
SMOKE_CITALOPRAM_20,Citalopram,MUS,P30968,-0.0049766013398766,0.0079565709456801,0.0,GNRHR,none
SMOKE_CITALOPRAM_20,Citalopram,MUS,P08913,-0.0004067331610713,0.0005202278262004,0.0,ADRA2A,none
SMOKE_CITALOPRAM_20,Citalopram,MUS,Q13639,0.001925042248331,0.0026506767608225,0.8,HTR4,none
SMOKE_CITALOPRAM_20,Citalopram,MUS,P43116,0.0040390323847532,0.004047071095556,1.0,PTGER2,none
SMOKE_CITALOPRAM_20,Citalopram,MUS,P37288,-0.0033829926978796,0.0053066094405949,0.4,AVPR1A,none
SMOKE_CITALOPRAM_20,Citalopram,MUS,P28222,-0.0005248364177532,0.0005869575543329,0.2,HTR1B,none
SMOKE_CITALOPRAM_20,Citalopram,MUS,P32238,0.0010187209118157,0.0012964836787432,0.8,CCKAR,none
SMOKE_CITALOPRAM_20,Citalopram,MUS,P18825,-0.0004574485064949,0.000506228825543,0.2,ADRA2C,secondary
SMOKE_CITALOPRAM_20,Citalopram,MUS,P30872,0.0003539502504281,0.0004450812120921,0.8,SSTR1,none
SMOKE_CITALOPRAM_20,Citalopram,MUS,P47901,0.0014264046913012,0.0015599196776747,0.8,AVPR1B,none
SMOKE_CITALOPRAM_20,Citalopram,MUS,P25021,-0.0041696797125041,0.0062300036661326,0.2,HRH2,none
SMOKE_CITALOPRAM_20,Citalopram,MUS,P18089,0.0028958253096789,0.0027770951855927,1.0,ADRA2B,direct
SMOKE_CITALOPRAM_20,Citalopram,MUS,P48039,-0.0066438689827919,0.0099949883297085,0.4,MTNR1A,none
SMOKE_CITALOPRAM_20,Citalopram,MUS,P49286,-0.0038924333639442,0.0035657158587127,0.2,MTNR1B,none
SMOKE_CITALOPRAM_20,Citalopram,MUS,P43088,5.612783206743188e-05,0.0017550162738189,0.8,PTGFR,none
SMOKE_CITALOPRAM_20,Citalopram,MUS,P41146,0.0006560001638717,0.001287703635171,0.6,OPRL1,none
SMOKE_CITALOPRAM_20,Citalopram,MUS,P32745,-0.0012147270608693,0.0014095291262492,0.0,SSTR3,none
SMOKE_CITALOPRAM_20,Citalopram,MUS,P08912,0.0026017525233328,0.0081841424107551,0.8,CHRM5,none
SMOKE_CITALOPRAM_20,Citalopram,MUS,P21728,-0.0015179816400632,0.0041575394570827,0.4,DRD1,none
SMOKE_CITALOPRAM_20,Citalopram,MUS,Q9UBS5,0.0007870674016885,0.0029793046414852,0.6,GABBR1,secondary
SMOKE_CITALOPRAM_20,Citalopram,MUS,P07550,-0.0032076234929263,0.0056926035322248,0.4,ADRB2,direct
SMOKE_CITALOPRAM_20,Citalopram,MUS,P61073,-0.0031474442221224,0.0039281514473259,0.0,CXCR4,none
SMOKE_CITALOPRAM_20,Citalopram,MUS,P08172,-0.0024645824450999,0.0045374860055744,0.2,CHRM2,none
SMOKE_CITALOPRAM_20,Citalopram,MUS,P08588,0.0019660487305372,0.0053097940981388,0.6,ADRB1,none
SMOKE_CITALOPRAM_20,Citalopram,MUS,P08908,0.0032796901650726,0.0023021486122161,1.0,HTR1A,none
SMOKE_CITALOPRAM_20,Citalopram,MUS,P11229,-0.0001909401325974,0.003429960925132,0.4,CHRM1,none
SMOKE_CITALOPRAM_20,Citalopram,MUS,P14416,-0.003914856351912,0.007521603256464,0.4,DRD2,none
SMOKE_CITALOPRAM_20,Citalopram,MUS,P21554,-0.0018177058082073,0.0021999205928295,0.2,CNR1,none
SMOKE_CITALOPRAM_20,Citalopram,MUS,P21917,0.0015012681251391,0.0011996490648016,1.0,DRD4,none
SMOKE_CITALOPRAM_20,Citalopram,MUS,O43193,0.0004126030835323,0.0005588445346802,0.6,MLNR,none
SMOKE_CITALOPRAM_20,Citalopram,MUS,P25100,0.0006646197289228,0.0009112624684348,0.6,ADRA1D,secondary
SMOKE_CITALOPRAM_20,Citalopram,MUS,P28223,0.0029378843028098,0.0063122566789388,0.8,HTR2A,direct
SMOKE_CITALOPRAM_20,Citalopram,MUS,P28335,-0.0009199414635077,0.0008042717236094,0.0,HTR2C,none
SMOKE_CITALOPRAM_20,Citalopram,MUS,P30542,0.0018696546321734,0.0020540074910968,0.8,ADORA1,none
SMOKE_CITALOPRAM_20,Citalopram,MUS,P30556,0.0013707540929317,0.0023895434569567,0.6,AGTR1,none
SMOKE_CITALOPRAM_20,Citalopram,MUS,P35348,0.0057749492116272,0.0055733900517225,1.0,ADRA1A,direct
SMOKE_CITALOPRAM_20,Citalopram,MUS,P35367,-0.0016954075545072,0.002014479599893,0.2,HRH1,none
SMOKE_CITALOPRAM_20,Citalopram,MUS,P35368,-0.0011846993584185,0.0018232067814096,0.4,ADRA1B,secondary
SMOKE_CITALOPRAM_20,Citalopram,MUS,P21452,0.0029181600548326,0.0032768654637038,1.0,TACR2,none
SMOKE_CITALOPRAM_20,Citalopram,MUS,P35372,0.0007225141162052,0.0016988827846944,0.6,OPRM1,none
SMOKE_CITALOPRAM_20,Citalopram,MUS,P35462,0.0010428525274619,0.0070004179142415,0.6,DRD3,secondary
SMOKE_CITALOPRAM_20,Citalopram,MUS,P41143,3.2756848668213934e-05,6.482746539404616e-05,0.4,OPRD1,none
SMOKE_CITALOPRAM_20,Citalopram,MUS,P41145,0.0002226855576736,0.0015249352436512,0.8,OPRK1,none
SMOKE_CITALOPRAM_20,Citalopram,MUS,P32246,-0.0011425800621509,0.0011577516561374,0.0,CCR1,none
SMOKE_CITALOPRAM_20,Citalopram,MUS,P25025,-0.0021118887234479,0.0061473259702324,0.8,CXCR2,none
SMOKE_CITALOPRAM_20,Citalopram,MUS,P20309,0.0005069769686087,0.00299494410865,0.6,CHRM3,direct
SMOKE_CITALOPRAM_20,Citalopram,MUS,P13945,-0.0002596832928247,0.0021486617624759,0.4,ADRB3,none
SMOKE_CITALOPRAM_20,Citalopram,MUS,P25103,0.0011166527401655,0.0017204697942361,0.6,TACR1,none
SMOKE_CITALOPRAM_20,Citalopram,MUS,P25105,8.305311348522082e-05,0.0002127686748281,0.6,PTAFR,none
SMOKE_CITALOPRAM_20,Citalopram,MUS,P29274,-0.0035937801003456,0.0036515966057777,0.0,ADORA2A,none
SMOKE_CITALOPRAM_20,Citalopram,MUS,P25101,0.0009444512543268,0.0004852394922636,1.0,EDNRA,none
SMOKE_CITALOPRAM_20,Citalopram,MUS,P34972,9.72863272181712e-05,0.002634949516505,0.2,CNR2,none
SMOKE_CITALOPRAM_20,Citalopram,MUS,P29275,0.0035331840626895,0.0035928876604884,1.0,ADORA2B,none
SMOKE_CITALOPRAM_20,Citalopram,MUS,P0DMS8,0.0018017016118392,0.0021517309360206,1.0,ADORA3,none
SMOKE_CITALOPRAM_20,Citalopram,MUS,P32245,0.0002008374722208,0.0021714526228606,0.8,MC4R,none
SMOKE_CITALOPRAM_20,Citalopram,MUS,Q9Y5N1,-9.654462701291775e-06,3.361612107255496e-05,0.2,HRH3,none
SMOKE_CITALOPRAM_20,Citalopram,MUS,P51681,0.0005488350871019,0.0021738598588854,0.2,CCR5,none
SMOKE_CITALOPRAM_20,Citalopram,MUS,P32239,0.0012136414879933,0.001184418099001,0.8,CCKBR,none
SMOKE_CITALOPRAM_20,Citalopram,MUS,P30543,-0.0007793076219968,0.0008564816089347,0.0,ADORA2A,none
SMOKE_CITALOPRAM_20,Citalopram,MUS,P34969,-0.0103760529309511,0.0124800680205225,0.2,HTR7,none
SMOKE_CITALOPRAM_20,Citalopram,MUS,P30411,0.0001820035249693,0.0027557106222957,0.4,BDKRB2,none
SMOKE_CITALOPRAM_20,Citalopram,MUS,P41594,-0.0006484490004368,0.0033553780522197,0.4,GRM5,secondary
SMOKE_CITALOPRAM_20,Citalopram,MUS,P50406,0.0024718220811337,0.0021493169479072,1.0,HTR6,none
SMOKE_CITALOPRAM_20,Citalopram,MUS,P47898,-0.000160881128977,0.0003885233018081,0.4,HTR5A,secondary
SMOKE_CITALOPRAM_20,Citalopram,MUS,P28564,-0.0001215290249092,0.0010767803760245,0.4,HTR1B,none
SMOKE_CITALOPRAM_20,Citalopram,MUS,P43115,-0.0020948040764778,0.0061169052496552,0.4,PTGER3,none
SMOKE_CITALOPRAM_20,Citalopram,MUS,Q9H3N8,-2.2744014131603763e-05,0.0001423932990292,0.6,HRH4,none
SMOKE_CITALOPRAM_20,Citalopram,MUS,Q9UKP6,0.0006651263684034,0.0006597712635993,1.0,UTS2R,none
SMOKE_CITALOPRAM_20,Citalopram,MUS,Q01726,-0.0022757065016776,0.0024332255125045,0.0,MC1R,none
SMOKE_CITALOPRAM_20,Citalopram,MUS,Q16602,-2.5900080800056458e-05,3.68149921996519e-05,0.2,CALCRL,none
SMOKE_CITALOPRAM_20,Citalopram,MUS,P41597,0.001231174566783,0.00434231152758,0.6,CCR2,none
SMOKE_CITALOPRAM_20,Citalopram,MUS,P49146,-0.0008161772275343,0.001164972083643,0.0,NPY2R,none
SMOKE_CITALOPRAM_20,Citalopram,MUS,P25024,0.0002846177667379,0.0008272306877188,0.6,CXCR1,none
SMOKE_CITALOPRAM_20,Citalopram,MUS,P32247,0.0017407934647053,0.0022082903888076,0.8,BRS3,none
SMOKE_CITALOPRAM_20,Citalopram,MUS,P30989,0.0018394015496596,0.0020388525445014,1.0,NTSR1,none
SMOKE_CITALOPRAM_20,Citalopram,MUS,P46663,-0.0009990502148866,0.0012149593094363,0.2,BDKRB1,none
SMOKE_CITALOPRAM_20,Citalopram,MUS,Q9NS75,0.0021477993577718,0.0038712141104042,0.6,CYSLTR2,none
SMOKE_CITALOPRAM_20,Citalopram,MUS,P29371,-0.000332792464178,0.0006811713683418,0.2,TACR3,none
SMOKE_CITALOPRAM_20,Citalopram,MUS,P41587,0.0001117642968893,0.0010249308543279,0.8,VIPR2,none
SMOKE_CITALOPRAM_20,Citalopram,MUS,P50052,0.0002340417413506,0.0006819555419497,0.6,AGTR2,none
SMOKE_CITALOPRAM_20,Citalopram,MUS,P33032,4.62144598714076e-05,0.0003517220029607,0.6,MC5R,none
SMOKE_CITALOPRAM_20,Citalopram,MUS,Q92847,-0.0029732275288552,0.0034906049259006,0.0,GHSR,none
SMOKE_CITALOPRAM_20,Citalopram,MUS,P41968,-0.0006706606363877,0.0007050746353343,0.0,MC3R,none
SMOKE_CITALOPRAM_20,Citalopram,MUS,P25929,0.0009540800238028,0.0007743235910311,1.0,NPY1R,none
SMOKE_CITALOPRAM_20,Citalopram,MUS,O43614,-0.0008926253649406,0.0025747795589268,0.4,HCRTR2,none
SMOKE_CITALOPRAM_20,Citalopram,MUS,P49238,-0.0004789099039044,0.0007752163801342,0.2,CX3CR1,secondary
SMOKE_CITALOPRAM_20,Citalopram,MUS,O43613,0.0002278335450682,0.0016047838144004,0.6,HCRTR1,none
SMOKE_CITALOPRAM_20,Citalopram,MUS,P32241,6.457082781707868e-05,0.0001689198252279,0.4,VIPR1,none
SMOKE_CITALOPRAM_20,Citalopram,MUS,Q8TDU6,0.0008223525946959,0.0018940663430839,0.8,GPBAR1,none
SMOKE_CITALOPRAM_20,Citalopram,MUS,P01275,0.0010782468598335,0.0010202805278822,1.0,GCG,none
SMOKE_CITALOPRAM_20,Citalopram,MUS,Q96LB1,-5.864351805939805e-06,0.0002736468450166,0.4,MRGPRX2,none
SMOKE_CITALOPRAM_20,Citalopram,MUS,Q61224,0.0001315739064011,0.0005165204056538,0.4,HTR1D,none
SMOKE_CITALOPRAM_20,Citalopram,MUS,O75899,-0.0014887701254338,0.0022838080767542,0.4,GABBR2,secondary
SMOKE_CITALOPRAM_20,Citalopram,MUS,P51787,7.2218476816487964e-06,5.504670480149798e-05,0.4,KCNQ1,none
SMOKE_CITALOPRAM_20,Citalopram,MUS,P43681,-0.0004844673094339,0.0009269419824704,0.4,CHRNA4,direct
SMOKE_CITALOPRAM_20,Citalopram,MUS,P46098,-0.0037215307820588,0.0038300768937915,0.0,HTR3A,none
SMOKE_CITALOPRAM_20,Citalopram,MUS,Q13936,0.0009239666396752,0.0008805119432508,0.8,CACNA1C,none
SMOKE_CITALOPRAM_20,Citalopram,MUS,P14867,-5.997531116008759e-05,0.00027196330484,0.4,GABRA1,direct
SMOKE_CITALOPRAM_20,Citalopram,MUS,Q14524,-0.0002415981143712,0.0008675743592903,0.8,SCN5A,none
SMOKE_CITALOPRAM_20,Citalopram,MUS,Q05586,0.0008408371359109,0.0033243654761463,0.6,GRIN1,none
SMOKE_CITALOPRAM_20,Citalopram,MUS,Q92952,0.0009476002305746,0.001252063200809,0.8,KCNN1,none
SMOKE_CITALOPRAM_20,Citalopram,MUS,Q12809,0.0030184302013367,0.0055051026865839,1.0,KCNH2,none
SMOKE_CITALOPRAM_20,Citalopram,MUS,P56373,-0.0013226319570094,0.0035788586828857,0.2,P2RX3,none
SMOKE_CITALOPRAM_20,Citalopram,MUS,P07727,-0.0004595164209604,0.0018593136919662,0.2,GLRA1,none
SMOKE_CITALOPRAM_20,Citalopram,MUS,Q9UGI6,-6.359033432090655e-05,4.727943451143801e-05,0.0,KCNN3,none
SMOKE_CITALOPRAM_20,Citalopram,MUS,P22002,0.0001540854573249,0.0001673191145528,0.8,CACNA1C,none
SMOKE_CITALOPRAM_20,Citalopram,MUS,Q99250,0.0021488382481038,0.0025230969768017,0.8,SCN2A,none
SMOKE_CITALOPRAM_20,Citalopram,MUS,Q9H2S1,0.000427858904004,0.0002406648127362,1.0,KCNN2,none
SMOKE_CITALOPRAM_20,Citalopram,MUS,Q99572,0.0002657815930433,0.0008757282048463,0.4,P2RX7,none
SMOKE_CITALOPRAM_20,Citalopram,MUS,P02708,0.0003205142857041,0.0006252052262425,0.8,CHRNA1,direct
SMOKE_CITALOPRAM_20,Citalopram,MUS,Q02294,-0.0005444083362817,0.0009085925412364,0.4,CACNA1B,none
SMOKE_CITALOPRAM_20,Citalopram,MUS,P18507,0.0011273722629994,0.000927003158722,1.0,GABRG2,secondary
SMOKE_CITALOPRAM_20,Citalopram,MUS,P12821,2.087727261823602e-05,0.0029366016387939,0.6,ACE,none
SMOKE_CITALOPRAM_20,Citalopram,MUS,P21397,0.0029051743913441,0.0050688837654888,0.6,MAOA,none
SMOKE_CITALOPRAM_20,Citalopram,MUS,P27338,0.0003199178609065,0.003626209218055,0.4,MAOB,none
SMOKE_CITALOPRAM_20,Citalopram,MUS,P22303,0.0021201726049184,0.0023207971826195,0.8,ACHE,none
SMOKE_CITALOPRAM_20,Citalopram,MUS,P23219,-0.000673790287692,0.0009705637348815,0.2,PTGS1,none
SMOKE_CITALOPRAM_20,Citalopram,MUS,P35354,0.0005373653257265,0.0022491479758173,0.4,PTGS2,none
SMOKE_CITALOPRAM_20,Citalopram,MUS,P42574,-0.0002837039646692,0.0009301920072175,0.4,CASP3,none
SMOKE_CITALOPRAM_20,Citalopram,MUS,Q14432,0.0004923641681671,0.0017484356649219,0.6,PDE3A,none
SMOKE_CITALOPRAM_20,Citalopram,MUS,P07339,0.0002188179641962,0.0005089191836304,0.6,CTSD,none
SMOKE_CITALOPRAM_20,Citalopram,MUS,O00408,7.853769056964666e-05,0.0039488212205469,0.6,PDE2A,none
SMOKE_CITALOPRAM_20,Citalopram,MUS,Q08499,-0.0060256668366491,0.0069364956580102,0.2,PDE4D,none
SMOKE_CITALOPRAM_20,Citalopram,MUS,Q13370,0.0003642480878625,0.0064447177574038,0.8,PDE3B,none
SMOKE_CITALOPRAM_20,Citalopram,MUS,P14780,0.001974768936634,0.0020844200626015,0.8,MMP9,none
SMOKE_CITALOPRAM_20,Citalopram,MUS,P03956,-0.0030694990418851,0.0027266575489193,0.0,MMP1,none
SMOKE_CITALOPRAM_20,Citalopram,MUS,P08253,0.0005338139599189,0.0007201466942206,0.8,MMP2,none
SMOKE_CITALOPRAM_20,Citalopram,MUS,Q9UDY8,0.000491582613904,0.0041086566634476,0.4,MALT1,none
SMOKE_CITALOPRAM_20,Citalopram,MUS,P80457,0.0004763781907968,0.0010966588743031,0.6,XDH,none
SMOKE_CITALOPRAM_20,Citalopram,MUS,Q9BYF1,-0.0038318545557558,0.0068300054408609,0.4,ACE2,none
SMOKE_CITALOPRAM_20,Citalopram,MUS,P08311,0.0012701388914138,0.0007919839699752,1.0,CTSG,none
SMOKE_CITALOPRAM_20,Citalopram,MUS,P56817,-6.569102697540075e-05,0.0001911793951876,0.2,BACE1,none
SMOKE_CITALOPRAM_20,Citalopram,MUS,P00519,0.0023019411601126,0.0043381317518651,0.8,ABL1,none
SMOKE_CITALOPRAM_20,Citalopram,MUS,P17948,-0.0001101058005588,0.0003643262607511,0.4,FLT1,none
SMOKE_CITALOPRAM_20,Citalopram,MUS,P10721,1.177676040242659e-05,1.71832707565045e-05,0.8,KIT,none
SMOKE_CITALOPRAM_20,Citalopram,MUS,P06213,-0.000265828508418,0.0001832030975492,0.0,INSR,secondary
SMOKE_CITALOPRAM_20,Citalopram,MUS,P00533,0.0004824418574571,0.0006583562353625,0.6,EGFR,none
SMOKE_CITALOPRAM_20,Citalopram,MUS,Q96GD4,-0.0009968656813725,0.0010317377746105,0.0,AURKB,none
SMOKE_CITALOPRAM_20,Citalopram,MUS,P06239,-0.0005362972733564,0.0003362855059094,0.0,LCK,none
SMOKE_CITALOPRAM_20,Citalopram,MUS,Q16539,0.0009939428418874,0.003026804421097,0.8,MAPK14,none
SMOKE_CITALOPRAM_20,Citalopram,MUS,P49841,-0.0026233359239995,0.0030372126493602,0.0,GSK3B,none
SMOKE_CITALOPRAM_20,Citalopram,MUS,P12931,-0.0003171238931827,0.0019886505324393,0.2,SRC,none
SMOKE_CITALOPRAM_20,Citalopram,MUS,Q05397,-0.0006421011057682,0.0006514011183753,0.0,PTK2,none
SMOKE_CITALOPRAM_20,Citalopram,MUS,P35968,-0.0036565058398991,0.0031971589196473,0.0,KDR,none
SMOKE_CITALOPRAM_20,Citalopram,MUS,P43403,0.0005654394626617,0.0015761055983603,0.8,ZAP70,none
SMOKE_CITALOPRAM_20,Citalopram,MUS,P04629,0.0078179743140935,0.0070920707657933,1.0,NTRK1,none
SMOKE_CITALOPRAM_20,Citalopram,MUS,P49840,-0.0003236256598029,0.0016403545159846,0.8,GSK3A,none
SMOKE_CITALOPRAM_20,Citalopram,MUS,O75116,-0.0001010481282719,0.0008486708975397,0.6,ROCK2,none
SMOKE_CITALOPRAM_20,Citalopram,MUS,P17252,-0.0029175169765949,0.0029328386299312,0.0,PRKCA,none
SMOKE_CITALOPRAM_20,Citalopram,MUS,P24941,-0.0030384983401745,0.0041813249699771,0.2,CDK2,none
SMOKE_CITALOPRAM_20,Citalopram,MUS,Q13464,0.0037065497599542,0.0039601293392479,1.0,ROCK1,none
SMOKE_CITALOPRAM_20,Citalopram,MUS,P48736,0.0006822582217864,0.0004996149800717,0.8,PIK3CG,none
SMOKE_CITALOPRAM_20,Citalopram,MUS,O14733,-6.738528463756666e-05,0.0013071181019768,0.6,MAP2K7,none
SMOKE_CITALOPRAM_20,Citalopram,MUS,Q13315,-0.0013100747019052,0.0040752231143414,0.4,ATM,none
SMOKE_CITALOPRAM_20,Citalopram,MUS,P07948,0.0029459435027092,0.0028635554481297,0.8,LYN,none
SMOKE_CITALOPRAM_20,Citalopram,MUS,P28482,-0.0007789462688378,0.0001435793092241,0.0,MAPK1,none
SMOKE_CITALOPRAM_20,Citalopram,MUS,Q9UQM7,-0.0013848233502358,0.0029915918130427,0.6,CAMK2A,none
SMOKE_CITALOPRAM_20,Citalopram,MUS,O14965,0.0026819251943379,0.0032416272442787,0.8,AURKA,none
SMOKE_CITALOPRAM_20,Citalopram,MUS,Q15118,0.0002427391737001,0.0021842578426003,0.4,PDK1,none
SMOKE_CITALOPRAM_20,Citalopram,MUS,Q8TDR2,0.0017159540439024,0.0019808474462479,0.8,STK35,none
SMOKE_CITALOPRAM_20,Citalopram,MUS,P10275,0.0013482130598276,0.0039696474559605,0.8,AR,direct
SMOKE_CITALOPRAM_20,Citalopram,MUS,P04150,0.0017518475651741,0.0022905147634446,1.0,NR3C1,direct
SMOKE_CITALOPRAM_20,Citalopram,MUS,P10276,0.0026729214005172,0.0046662585809826,0.6,RARA,none
SMOKE_CITALOPRAM_20,Citalopram,MUS,P03372,0.0045718699693679,0.0040763765573501,1.0,ESR1,none
SMOKE_CITALOPRAM_20,Citalopram,MUS,P19793,-0.0034229350276291,0.003631092607975,0.0,RXRA,none
SMOKE_CITALOPRAM_20,Citalopram,MUS,P06401,0.0070264711976051,0.0073072733357548,0.8,PGR,secondary
SMOKE_CITALOPRAM_20,Citalopram,MUS,P37231,-0.0028810300864279,0.0046928655356168,0.2,PPARG,none
SMOKE_CITALOPRAM_20,Citalopram,MUS,Q92731,-0.0005684345960617,0.0221341848373413,0.6,ESR2,none
SMOKE_CITALOPRAM_20,Citalopram,MUS,P55055,-0.0110134501010179,0.0147995315492153,0.0,NR1H2,none
SMOKE_CITALOPRAM_20,Citalopram,MUS,P30531,-0.0025290516205132,0.0030481198336929,0.0,SLC6A1,secondary
SMOKE_CITALOPRAM_20,Citalopram,MUS,P23975,-0.0034540041815489,0.0054257186129689,0.2,SLC6A2,none
SMOKE_CITALOPRAM_20,Citalopram,MUS,P31645,0.0018497735727578,0.0016426865477114,1.0,SLC6A4,none
SMOKE_CITALOPRAM_20,Citalopram,MUS,Q01959,0.0046007009223103,0.0035906441044062,1.0,SLC6A3,none
SMOKE_CITALOPRAM_20,Citalopram,MUS,P31652,-0.0002427287399768,0.0002086053718812,0.2,SLC6A4,none
SMOKE_CITALOPRAM_20,Citalopram,MUS,P23977,0.0018146425718441,0.0014620206784456,1.0,SLC6A3,none
SMOKE_CITALOPRAM_20,Citalopram,MUS,Q9GZV3,0.0005478281527757,0.0009439630084671,0.6,SLC5A7,secondary
SMOKE_CITALOPRAM_20,Citalopram,MUS,P28572,0.001936912536621,0.0014241192257031,1.0,SLC6A9,none
SMOKE_CITALOPRAM_20,Citalopram,MUS,P30536,0.0005029201274737,0.0009553772397339,0.6,TSPO,none
SMOKE_CITALOPRAM_20,Citalopram,MUS,P01375,0.0005123678711242,0.0004819833266083,1.0,TNF,none
SMOKE_CITALOPRAM_20,Citalopram,MUS,Q99720,0.0121024381369352,0.0132686430588364,1.0,SIGMAR1,none
SMOKE_CITALOPRAM_20,Citalopram,NER,P35414,-0.0068492479622364,0.0153555739670991,0.4,APLNR,secondary
SMOKE_CITALOPRAM_20,Citalopram,NER,P24530,-0.0004047751426696,0.0001678281550994,0.0,EDNRB,direct
SMOKE_CITALOPRAM_20,Citalopram,NER,P30518,-0.0040194443427026,0.007654758170247,0.2,AVPR2,none
SMOKE_CITALOPRAM_20,Citalopram,NER,P35346,-0.0001510865986347,0.0061818179674446,0.4,SSTR5,secondary
SMOKE_CITALOPRAM_20,Citalopram,NER,Q9Y271,-0.0388240218162536,0.0108353598043322,0.0,CYSLTR1,none
SMOKE_CITALOPRAM_20,Citalopram,NER,P34998,-0.0042426148429512,0.0081462450325489,0.0,CRHR1,secondary
SMOKE_CITALOPRAM_20,Citalopram,NER,P30874,-0.0026805326342582,0.0073458263650536,0.6,SSTR2,secondary
SMOKE_CITALOPRAM_20,Citalopram,NER,P34995,0.0073040006682276,0.0077781155705451,1.0,PTGER1,none
SMOKE_CITALOPRAM_20,Citalopram,NER,P08173,0.0044137449003756,0.0056109223514795,1.0,CHRM4,direct
SMOKE_CITALOPRAM_20,Citalopram,NER,P30988,0.0039819525554776,0.0054477616213262,0.8,CALCR,none
SMOKE_CITALOPRAM_20,Citalopram,NER,P41595,0.0021046951878815,0.0045378585346043,0.8,HTR2B,none
SMOKE_CITALOPRAM_20,Citalopram,NER,P35408,-0.0017465822165831,0.0034384794998914,0.0,PTGER4,none
SMOKE_CITALOPRAM_20,Citalopram,NER,P21918,-0.0239945389330387,0.0184663943946361,0.0,DRD5,none
SMOKE_CITALOPRAM_20,Citalopram,NER,P31391,-0.0087462356314063,0.017670115455985,0.4,SSTR4,secondary
SMOKE_CITALOPRAM_20,Citalopram,NER,P30968,-0.0123490625992417,0.0155360801145434,0.0,GNRHR,none
SMOKE_CITALOPRAM_20,Citalopram,NER,P08913,-0.0013146601850166,0.0019198714289814,0.2,ADRA2A,direct
SMOKE_CITALOPRAM_20,Citalopram,NER,Q13639,0.0070224874652922,0.0124901970848441,0.6,HTR4,direct
SMOKE_CITALOPRAM_20,Citalopram,NER,P43116,0.0138837452977895,0.015121629461646,1.0,PTGER2,none
SMOKE_CITALOPRAM_20,Citalopram,NER,P37288,-0.0061884177848696,0.0178253147751092,0.4,AVPR1A,none
SMOKE_CITALOPRAM_20,Citalopram,NER,P28222,-0.0009477928397245,0.0010611774632707,0.2,HTR1B,direct
SMOKE_CITALOPRAM_20,Citalopram,NER,P32238,0.0039557889103889,0.0042393621988594,1.0,CCKAR,none
SMOKE_CITALOPRAM_20,Citalopram,NER,P18825,-0.0012674942845478,0.0016089488053694,0.2,ADRA2C,none
SMOKE_CITALOPRAM_20,Citalopram,NER,P30872,0.0005921289557591,0.0012110229581594,0.8,SSTR1,none
SMOKE_CITALOPRAM_20,Citalopram,NER,P47901,0.0050469143316149,0.005477993749082,1.0,AVPR1B,none
SMOKE_CITALOPRAM_20,Citalopram,NER,P25021,-0.0109774079173803,0.0149599127471446,0.0,HRH2,none
SMOKE_CITALOPRAM_20,Citalopram,NER,P18089,0.0077118626795709,0.0077496655285358,0.8,ADRA2B,direct
SMOKE_CITALOPRAM_20,Citalopram,NER,P48039,-0.0196397732943296,0.0266203396022319,0.2,MTNR1A,secondary
SMOKE_CITALOPRAM_20,Citalopram,NER,P49286,-0.0099325841292738,0.0156429950147867,0.2,MTNR1B,direct
SMOKE_CITALOPRAM_20,Citalopram,NER,P43088,-0.0006802521529607,0.0045422706753015,0.8,PTGFR,none
SMOKE_CITALOPRAM_20,Citalopram,NER,P41146,0.0012940503656864,0.0033228953834623,0.6,OPRL1,none
SMOKE_CITALOPRAM_20,Citalopram,NER,P32745,-0.0033743516542017,0.0047599142417311,0.0,SSTR3,secondary
SMOKE_CITALOPRAM_20,Citalopram,NER,P08912,0.0070278430357575,0.0237340927124023,0.8,CHRM5,direct
SMOKE_CITALOPRAM_20,Citalopram,NER,P21728,-0.0039470018818974,0.007961418479681,0.2,DRD1,direct
SMOKE_CITALOPRAM_20,Citalopram,NER,Q9UBS5,0.0012895629042759,0.0093032466247677,0.6,GABBR1,secondary
SMOKE_CITALOPRAM_20,Citalopram,NER,P07550,-0.0064987367950379,0.0140710026025772,0.4,ADRB2,direct
SMOKE_CITALOPRAM_20,Citalopram,NER,P61073,-0.0050677796825766,0.0097976801916956,0.4,CXCR4,none
SMOKE_CITALOPRAM_20,Citalopram,NER,P08172,-0.0070254383608698,0.0153613444417715,0.4,CHRM2,direct
SMOKE_CITALOPRAM_20,Citalopram,NER,P08588,0.0052711432799696,0.0157600548118352,0.4,ADRB1,none
SMOKE_CITALOPRAM_20,Citalopram,NER,P08908,0.0052477740682661,0.0075488509610295,0.6,HTR1A,direct
SMOKE_CITALOPRAM_20,Citalopram,NER,P11229,0.0002762295189313,0.0103081697598099,0.6,CHRM1,direct
SMOKE_CITALOPRAM_20,Citalopram,NER,P14416,-0.008319011889398,0.020520756021142,0.4,DRD2,direct
SMOKE_CITALOPRAM_20,Citalopram,NER,P21554,-0.0039601065218448,0.0047693792730569,0.0,CNR1,direct
SMOKE_CITALOPRAM_20,Citalopram,NER,P21917,0.0021481537260115,0.0032280562445521,0.8,DRD4,secondary
SMOKE_CITALOPRAM_20,Citalopram,NER,O43193,0.0012799731921404,0.0024124081246554,0.6,MLNR,none
SMOKE_CITALOPRAM_20,Citalopram,NER,P25100,0.0019809105433523,0.002541771158576,1.0,ADRA1D,none
SMOKE_CITALOPRAM_20,Citalopram,NER,P28223,0.0036055631935596,0.0217547751963138,0.8,HTR2A,direct
SMOKE_CITALOPRAM_20,Citalopram,NER,P28335,-0.0031281739939004,0.0035866198595613,0.0,HTR2C,direct
SMOKE_CITALOPRAM_20,Citalopram,NER,P30542,0.0061599812470376,0.0078614708036184,1.0,ADORA1,direct
SMOKE_CITALOPRAM_20,Citalopram,NER,P30556,0.0061462461017072,0.0074012209661304,1.0,AGTR1,direct
SMOKE_CITALOPRAM_20,Citalopram,NER,P35348,0.014760261401534,0.0169815067201852,0.8,ADRA1A,direct
SMOKE_CITALOPRAM_20,Citalopram,NER,P35367,-0.0029115215875208,0.003826085710898,0.2,HRH1,direct
SMOKE_CITALOPRAM_20,Citalopram,NER,P35368,-0.0030589788220822,0.0055572446435689,0.4,ADRA1B,none
SMOKE_CITALOPRAM_20,Citalopram,NER,P21452,0.0088433688506484,0.0101318731904029,1.0,TACR2,direct
SMOKE_CITALOPRAM_20,Citalopram,NER,P35372,-0.0003844261227641,0.0028094684239476,0.2,OPRM1,direct
SMOKE_CITALOPRAM_20,Citalopram,NER,P35462,0.0086124064400792,0.0215586330741643,0.4,DRD3,none
SMOKE_CITALOPRAM_20,Citalopram,NER,P41143,0.0001374669373035,0.0002249461686005,0.6,OPRD1,direct
SMOKE_CITALOPRAM_20,Citalopram,NER,P41145,-0.0004724219324998,0.0032679156865924,0.4,OPRK1,direct
SMOKE_CITALOPRAM_20,Citalopram,NER,P32246,-0.0036228403914719,0.0051460471004247,0.0,CCR1,none
SMOKE_CITALOPRAM_20,Citalopram,NER,P25025,-0.0050052823498845,0.0147322742268443,0.8,CXCR2,none
SMOKE_CITALOPRAM_20,Citalopram,NER,P20309,0.0023407556582242,0.0083030639216303,0.6,CHRM3,none
SMOKE_CITALOPRAM_20,Citalopram,NER,P13945,-0.0022502534557133,0.0034709405153989,0.4,ADRB3,none
SMOKE_CITALOPRAM_20,Citalopram,NER,P25103,0.0049089016392827,0.0064657530747354,1.0,TACR1,direct
SMOKE_CITALOPRAM_20,Citalopram,NER,P25105,0.00032040924998,0.0006573460414074,0.4,PTAFR,direct
SMOKE_CITALOPRAM_20,Citalopram,NER,P29274,-0.0076118661090731,0.0087177576497197,0.0,ADORA2A,direct
SMOKE_CITALOPRAM_20,Citalopram,NER,P25101,0.0012572966516017,0.0012742960825562,1.0,EDNRA,none
SMOKE_CITALOPRAM_20,Citalopram,NER,P34972,0.0055200555361807,0.0132698882371187,0.6,CNR2,none
SMOKE_CITALOPRAM_20,Citalopram,NER,P29275,0.0092384545132517,0.0093789678066968,1.0,ADORA2B,direct
SMOKE_CITALOPRAM_20,Citalopram,NER,P0DMS8,0.009401423856616,0.0115260779857635,0.8,ADORA3,direct
SMOKE_CITALOPRAM_20,Citalopram,NER,P32245,0.0003906600177288,0.0077781616710126,0.4,MC4R,none
SMOKE_CITALOPRAM_20,Citalopram,NER,Q9Y5N1,-3.301501419628039e-05,0.0001395507861161,0.4,HRH3,direct
SMOKE_CITALOPRAM_20,Citalopram,NER,P51681,0.0017736256122589,0.0054951668716967,0.4,CCR5,none
SMOKE_CITALOPRAM_20,Citalopram,NER,P32239,0.0043303556740283,0.0057826759293675,0.8,CCKBR,none
SMOKE_CITALOPRAM_20,Citalopram,NER,P30543,-0.002167088445276,0.0024507690686732,0.2,ADORA2A,direct
SMOKE_CITALOPRAM_20,Citalopram,NER,P34969,-0.0250240508466959,0.0321521088480949,0.2,HTR7,direct
SMOKE_CITALOPRAM_20,Citalopram,NER,P30411,0.0037842565216124,0.0056172301992774,0.8,BDKRB2,direct
SMOKE_CITALOPRAM_20,Citalopram,NER,P41594,-0.0018634765874594,0.0084940260276198,0.2,GRM5,secondary
SMOKE_CITALOPRAM_20,Citalopram,NER,P50406,0.0075028301216661,0.0085532190278172,0.8,HTR6,none
SMOKE_CITALOPRAM_20,Citalopram,NER,P47898,-0.0004236549139022,0.0010397512232884,0.4,HTR5A,secondary
SMOKE_CITALOPRAM_20,Citalopram,NER,P28564,-0.0003409795463085,0.0014511917252093,0.6,HTR1B,direct
SMOKE_CITALOPRAM_20,Citalopram,NER,P43115,-0.0037225305568426,0.0246598217636346,0.4,PTGER3,none
SMOKE_CITALOPRAM_20,Citalopram,NER,Q9H3N8,-0.0001799374877009,0.000185430777492,0.2,HRH4,secondary
SMOKE_CITALOPRAM_20,Citalopram,NER,Q9UKP6,0.0011561795836314,0.00161296967417,0.8,UTS2R,none
SMOKE_CITALOPRAM_20,Citalopram,NER,Q01726,-0.0071534612216055,0.0097114546224474,0.2,MC1R,none
SMOKE_CITALOPRAM_20,Citalopram,NER,Q16602,-5.772262738901191e-05,8.099173282971606e-05,0.0,CALCRL,direct
SMOKE_CITALOPRAM_20,Citalopram,NER,P41597,0.0071393391117453,0.0147566208615899,0.6,CCR2,none
SMOKE_CITALOPRAM_20,Citalopram,NER,P49146,-0.0039811609312891,0.0054050418548285,0.0,NPY2R,secondary
SMOKE_CITALOPRAM_20,Citalopram,NER,P25024,5.374103693611687e-06,0.0013238018145784,0.6,CXCR1,none
SMOKE_CITALOPRAM_20,Citalopram,NER,P32247,0.000725632882677,0.0069728540256619,0.6,BRS3,none
SMOKE_CITALOPRAM_20,Citalopram,NER,P30989,0.0039453534409403,0.0065019419416785,0.8,NTSR1,none
SMOKE_CITALOPRAM_20,Citalopram,NER,P46663,-0.0035315342247486,0.0042031328193843,0.0,BDKRB1,none
SMOKE_CITALOPRAM_20,Citalopram,NER,Q9NS75,0.0082130637019872,0.0110379476100206,0.6,CYSLTR2,none
SMOKE_CITALOPRAM_20,Citalopram,NER,P29371,0.0001071736187441,0.0015807159943506,0.8,TACR3,none
SMOKE_CITALOPRAM_20,Citalopram,NER,P41587,-0.001489769667387,0.0023875241167843,0.2,VIPR2,none
SMOKE_CITALOPRAM_20,Citalopram,NER,P50052,0.0009387254831381,0.0028272804338485,0.6,AGTR2,direct
SMOKE_CITALOPRAM_20,Citalopram,NER,P33032,-2.8771162760676816e-05,0.0009656281326897,0.2,MC5R,none
SMOKE_CITALOPRAM_20,Citalopram,NER,Q92847,-0.0049897953867912,0.0082696359604597,0.2,GHSR,none
SMOKE_CITALOPRAM_20,Citalopram,NER,P41968,-0.0015169143443927,0.0022157891653478,0.2,MC3R,none
SMOKE_CITALOPRAM_20,Citalopram,NER,P25929,0.0044297068379819,0.0064685847610235,0.8,NPY1R,direct
SMOKE_CITALOPRAM_20,Citalopram,NER,O43614,-0.0016654893988743,0.0057942066341638,0.4,HCRTR2,none
SMOKE_CITALOPRAM_20,Citalopram,NER,P49238,-0.0007858805474825,0.0028793197125196,0.6,CX3CR1,none
SMOKE_CITALOPRAM_20,Citalopram,NER,O43613,0.001866977661848,0.0062445444054901,0.8,HCRTR1,none
SMOKE_CITALOPRAM_20,Citalopram,NER,P32241,0.0003091380058322,0.000465098361019,0.8,VIPR1,none
SMOKE_CITALOPRAM_20,Citalopram,NER,Q8TDU6,0.0037741200067102,0.0053257783874869,0.6,GPBAR1,none
SMOKE_CITALOPRAM_20,Citalopram,NER,P01275,0.0027200751937925,0.0032112039625644,1.0,GCG,none
SMOKE_CITALOPRAM_20,Citalopram,NER,Q96LB1,0.000295765697956,0.0012452981900423,0.6,MRGPRX2,none
SMOKE_CITALOPRAM_20,Citalopram,NER,Q61224,0.0006230458384379,0.0013140563387423,0.6,HTR1D,secondary
SMOKE_CITALOPRAM_20,Citalopram,NER,O75899,-0.0029803127981722,0.0063119083642959,0.2,GABBR2,secondary
SMOKE_CITALOPRAM_20,Citalopram,NER,P51787,1.9718707335414365e-05,0.0001685333118075,0.6,KCNQ1,none
SMOKE_CITALOPRAM_20,Citalopram,NER,P43681,-0.0008896834915503,0.0058053280226886,0.6,CHRNA4,direct
SMOKE_CITALOPRAM_20,Citalopram,NER,P46098,-0.012035684660077,0.0144607927650213,0.2,HTR3A,direct
SMOKE_CITALOPRAM_20,Citalopram,NER,Q13936,0.0021816319786012,0.0029351853299885,0.8,CACNA1C,direct
SMOKE_CITALOPRAM_20,Citalopram,NER,P14867,-0.0001436889142496,0.0010189464082941,0.6,GABRA1,direct
SMOKE_CITALOPRAM_20,Citalopram,NER,Q14524,-0.001142781926319,0.0019093764713034,0.2,SCN5A,direct
SMOKE_CITALOPRAM_20,Citalopram,NER,Q05586,0.0033055678941309,0.0142066925764083,0.6,GRIN1,direct
SMOKE_CITALOPRAM_20,Citalopram,NER,Q92952,0.0029288188088685,0.0035569854080677,1.0,KCNN1,direct
SMOKE_CITALOPRAM_20,Citalopram,NER,Q12809,0.0117293260991573,0.0201354697346687,0.8,KCNH2,none
SMOKE_CITALOPRAM_20,Citalopram,NER,P56373,-0.0018816858064383,0.0134519450366497,0.2,P2RX3,direct
SMOKE_CITALOPRAM_20,Citalopram,NER,P07727,-0.0004232652427162,0.0055777584202587,0.4,GLRA1,none
SMOKE_CITALOPRAM_20,Citalopram,NER,Q9UGI6,-0.0001110702723963,0.0002369484282098,0.4,KCNN3,direct
SMOKE_CITALOPRAM_20,Citalopram,NER,P22002,0.0003709130105562,0.000464623211883,0.8,CACNA1C,direct
SMOKE_CITALOPRAM_20,Citalopram,NER,Q99250,0.0047841644845902,0.005639751907438,0.8,SCN2A,direct
SMOKE_CITALOPRAM_20,Citalopram,NER,Q9H2S1,0.001314876251854,0.0013875074218958,0.8,KCNN2,direct
SMOKE_CITALOPRAM_20,Citalopram,NER,Q99572,0.0020171417854726,0.0038363505154848,0.4,P2RX7,direct
SMOKE_CITALOPRAM_20,Citalopram,NER,P02708,0.0003842800797428,0.0016489721601828,0.8,CHRNA1,direct
SMOKE_CITALOPRAM_20,Citalopram,NER,Q02294,-0.0016904019284993,0.0034836751874536,0.2,CACNA1B,secondary
SMOKE_CITALOPRAM_20,Citalopram,NER,P18507,0.0028174526523798,0.0030933544039726,0.8,GABRG2,none
SMOKE_CITALOPRAM_20,Citalopram,NER,P12821,0.0002098917902912,0.0065551591105759,0.8,ACE,none
SMOKE_CITALOPRAM_20,Citalopram,NER,P21397,0.0010414242278784,0.015465835109353,0.6,MAOA,direct
SMOKE_CITALOPRAM_20,Citalopram,NER,P27338,-0.0067385993897914,0.0243811812251806,0.2,MAOB,secondary
SMOKE_CITALOPRAM_20,Citalopram,NER,P22303,0.0050473390147089,0.0061454614624381,0.8,ACHE,direct
SMOKE_CITALOPRAM_20,Citalopram,NER,P23219,-0.000786232179962,0.0030624917708337,0.8,PTGS1,none
SMOKE_CITALOPRAM_20,Citalopram,NER,P35354,0.0011819817591458,0.0054769399575889,0.4,PTGS2,none
SMOKE_CITALOPRAM_20,Citalopram,NER,P42574,4.851222183788195e-05,0.0047117699868977,0.6,CASP3,none
SMOKE_CITALOPRAM_20,Citalopram,NER,Q14432,0.0023056357167661,0.0041401092894375,1.0,PDE3A,none
SMOKE_CITALOPRAM_20,Citalopram,NER,P07339,0.0009647131082601,0.0012423027073964,0.8,CTSD,none
SMOKE_CITALOPRAM_20,Citalopram,NER,O00408,0.0013539225328713,0.0122789172455668,0.6,PDE2A,none
SMOKE_CITALOPRAM_20,Citalopram,NER,Q08499,-0.0220315717160701,0.0196830667555332,0.0,PDE4D,direct
SMOKE_CITALOPRAM_20,Citalopram,NER,Q13370,-0.0002314336597919,0.0222655031830072,0.4,PDE3B,none
SMOKE_CITALOPRAM_20,Citalopram,NER,P14780,0.0075971535407006,0.0095543172210454,0.8,MMP9,none
SMOKE_CITALOPRAM_20,Citalopram,NER,P03956,-0.00604093587026,0.0069886911660432,0.2,MMP1,none
SMOKE_CITALOPRAM_20,Citalopram,NER,P08253,0.0011533014476299,0.0016471246490254,0.8,MMP2,none
SMOKE_CITALOPRAM_20,Citalopram,NER,Q9UDY8,0.0052209431305527,0.0141155114397406,0.6,MALT1,none
SMOKE_CITALOPRAM_20,Citalopram,NER,P80457,0.0028557435143738,0.0048353732563555,0.8,XDH,none
SMOKE_CITALOPRAM_20,Citalopram,NER,Q9BYF1,-0.008791796863079,0.0156898386776447,0.2,ACE2,none
SMOKE_CITALOPRAM_20,Citalopram,NER,P08311,0.0038215839304029,0.003679021494463,1.0,CTSG,none
SMOKE_CITALOPRAM_20,Citalopram,NER,P56817,3.228038622182794e-05,0.0006635548197664,0.4,BACE1,secondary
SMOKE_CITALOPRAM_20,Citalopram,NER,P00519,0.0072700516320765,0.006804481614381,1.0,ABL1,none
SMOKE_CITALOPRAM_20,Citalopram,NER,P17948,0.0003543712082318,0.0016739631537348,0.6,FLT1,none
SMOKE_CITALOPRAM_20,Citalopram,NER,P10721,2.9927492505521517e-05,5.878975935047493e-05,0.8,KIT,none
SMOKE_CITALOPRAM_20,Citalopram,NER,P06213,-0.0002725780068431,0.0003805864835157,0.4,INSR,none
SMOKE_CITALOPRAM_20,Citalopram,NER,P00533,0.0011367090046405,0.0015450202627107,0.6,EGFR,none
SMOKE_CITALOPRAM_20,Citalopram,NER,Q96GD4,-0.0020861686207354,0.0022700021509081,0.0,AURKB,none
SMOKE_CITALOPRAM_20,Citalopram,NER,P06239,0.0002016194193856,0.0055334423668682,0.6,LCK,none
SMOKE_CITALOPRAM_20,Citalopram,NER,Q16539,0.0076651638373732,0.0124917812645435,0.4,MAPK14,none
SMOKE_CITALOPRAM_20,Citalopram,NER,P49841,-0.0067843631841242,0.0092570008710026,0.0,GSK3B,direct
SMOKE_CITALOPRAM_20,Citalopram,NER,P12931,-0.0001286685437662,0.0062631205655634,0.8,SRC,secondary
SMOKE_CITALOPRAM_20,Citalopram,NER,Q05397,-0.0018904984463006,0.002783470088616,0.2,PTK2,none
SMOKE_CITALOPRAM_20,Citalopram,NER,P35968,-0.006274817045778,0.0105192922055721,0.2,KDR,none
SMOKE_CITALOPRAM_20,Citalopram,NER,P43403,0.0022743591107428,0.0036950069479644,0.8,ZAP70,none
SMOKE_CITALOPRAM_20,Citalopram,NER,P04629,0.0210722703486681,0.026411049067974,1.0,NTRK1,none
SMOKE_CITALOPRAM_20,Citalopram,NER,P49840,-0.001419446663931,0.0051713697612285,0.6,GSK3A,direct
SMOKE_CITALOPRAM_20,Citalopram,NER,O75116,-0.0007205948350019,0.0032089496962726,0.6,ROCK2,none
SMOKE_CITALOPRAM_20,Citalopram,NER,P17252,-0.0060342424549162,0.0075799766927957,0.0,PRKCA,secondary
SMOKE_CITALOPRAM_20,Citalopram,NER,P24941,-0.0130599932745099,0.0140833463519811,0.2,CDK2,none
SMOKE_CITALOPRAM_20,Citalopram,NER,Q13464,0.0105866361409425,0.0134776886552572,1.0,ROCK1,none
SMOKE_CITALOPRAM_20,Citalopram,NER,P48736,0.001573983579874,0.00179033447057,1.0,PIK3CG,none
SMOKE_CITALOPRAM_20,Citalopram,NER,O14733,0.0005338117480278,0.0044068610295653,0.4,MAP2K7,secondary
SMOKE_CITALOPRAM_20,Citalopram,NER,Q13315,-0.0008869372541084,0.0113965841010212,0.6,ATM,none
SMOKE_CITALOPRAM_20,Citalopram,NER,P07948,0.0063663544133305,0.0087040979415178,0.8,LYN,secondary
SMOKE_CITALOPRAM_20,Citalopram,NER,P28482,-0.0012195364106446,0.0016577759524807,0.0,MAPK1,secondary
SMOKE_CITALOPRAM_20,Citalopram,NER,Q9UQM7,-0.0032842210493981,0.008318449370563,0.6,CAMK2A,none
SMOKE_CITALOPRAM_20,Citalopram,NER,O14965,0.0096713630482554,0.0125797297805547,0.8,AURKA,none
SMOKE_CITALOPRAM_20,Citalopram,NER,Q15118,-0.0015959434676915,0.0075010838918387,0.8,PDK1,none
SMOKE_CITALOPRAM_20,Citalopram,NER,Q8TDR2,0.0056257518008351,0.0071694119833409,1.0,STK35,secondary
SMOKE_CITALOPRAM_20,Citalopram,NER,P10275,-5.131214948050911e-06,0.0091281766071915,0.6,AR,direct
SMOKE_CITALOPRAM_20,Citalopram,NER,P04150,0.0054394453763961,0.0071337460540235,1.0,NR3C1,direct
SMOKE_CITALOPRAM_20,Citalopram,NER,P10276,0.0049622310325503,0.0098226210102438,0.6,RARA,none
SMOKE_CITALOPRAM_20,Citalopram,NER,P03372,0.0106748798862099,0.0098642390221357,1.0,ESR1,none
SMOKE_CITALOPRAM_20,Citalopram,NER,P19793,-0.0085304025560617,0.0136157860979437,0.2,RXRA,none
SMOKE_CITALOPRAM_20,Citalopram,NER,P06401,0.0215583108365535,0.0236819926649332,1.0,PGR,none
SMOKE_CITALOPRAM_20,Citalopram,NER,P37231,-0.0074146902188658,0.0138058206066489,0.6,PPARG,none
SMOKE_CITALOPRAM_20,Citalopram,NER,Q92731,0.0065454952418804,0.0474966950714588,0.6,ESR2,none
SMOKE_CITALOPRAM_20,Citalopram,NER,P55055,-0.0255200713872909,0.0374834239482879,0.0,NR1H2,none
SMOKE_CITALOPRAM_20,Citalopram,NER,P30531,-0.0093571403995156,0.0130428625270724,0.0,SLC6A1,none
SMOKE_CITALOPRAM_20,Citalopram,NER,P23975,-0.0088538331910967,0.014180077239871,0.0,SLC6A2,direct
SMOKE_CITALOPRAM_20,Citalopram,NER,P31645,0.0059197559021413,0.0080301268026232,1.0,SLC6A4,direct
SMOKE_CITALOPRAM_20,Citalopram,NER,Q01959,0.0137781798839569,0.014968286268413,1.0,SLC6A3,direct
SMOKE_CITALOPRAM_20,Citalopram,NER,P31652,-0.0006756357615813,0.0007229085313156,0.0,SLC6A4,direct
SMOKE_CITALOPRAM_20,Citalopram,NER,P23977,0.0039287419058382,0.0036208820529282,1.0,SLC6A3,direct
SMOKE_CITALOPRAM_20,Citalopram,NER,Q9GZV3,-0.0001808479428291,0.0017528071766719,0.6,SLC5A7,none
SMOKE_CITALOPRAM_20,Citalopram,NER,P28572,0.0034860782325267,0.0037824425380676,0.8,SLC6A9,secondary
SMOKE_CITALOPRAM_20,Citalopram,NER,P30536,-0.0001140959575423,0.0042325472459197,0.4,TSPO,none
SMOKE_CITALOPRAM_20,Citalopram,NER,P01375,0.0011964201694354,0.0019712259527295,0.8,TNF,direct
SMOKE_CITALOPRAM_20,Citalopram,NER,Q99720,0.0328381434082984,0.0374780558049678,1.0,SIGMAR1,direct
SMOKE_CITALOPRAM_20,Citalopram,PSY,P35414,-0.0021911873482167,0.0062227542512118,0.6,APLNR,none
SMOKE_CITALOPRAM_20,Citalopram,PSY,P24530,-3.0584633350372314e-05,0.0009259689250029,0.2,EDNRB,none
SMOKE_CITALOPRAM_20,Citalopram,PSY,P30518,-0.0022174871992319,0.0042440649121999,0.6,AVPR2,none
SMOKE_CITALOPRAM_20,Citalopram,PSY,P35346,0.0016882277559489,0.0036746661644428,0.6,SSTR5,none
SMOKE_CITALOPRAM_20,Citalopram,PSY,Q9Y271,-0.0164282079786062,0.0099378088489174,0.0,CYSLTR1,none
SMOKE_CITALOPRAM_20,Citalopram,PSY,P34998,-0.0013389721279963,0.00211514509283,0.0,CRHR1,secondary
SMOKE_CITALOPRAM_20,Citalopram,PSY,P30874,-0.0014073565835133,0.0029460669029504,0.4,SSTR2,secondary
SMOKE_CITALOPRAM_20,Citalopram,PSY,P34995,0.0036588734947144,0.0042107501067221,0.8,PTGER1,none
SMOKE_CITALOPRAM_20,Citalopram,PSY,P08173,0.0021631219424307,0.0026751891709864,0.8,CHRM4,none
SMOKE_CITALOPRAM_20,Citalopram,PSY,P30988,0.001579275005497,0.0017861301312223,1.0,CALCR,none
SMOKE_CITALOPRAM_20,Citalopram,PSY,P41595,-0.0001447260437998,0.0015634844312444,0.6,HTR2B,none
SMOKE_CITALOPRAM_20,Citalopram,PSY,P35408,-0.0009789392352104,0.0018230339046567,0.2,PTGER4,none
SMOKE_CITALOPRAM_20,Citalopram,PSY,P21918,-0.0139035014435648,0.0121782450005412,0.0,DRD5,secondary
SMOKE_CITALOPRAM_20,Citalopram,PSY,P31391,-0.0056489249691367,0.0111296884715557,0.4,SSTR4,none
SMOKE_CITALOPRAM_20,Citalopram,PSY,P30968,-0.0058379569090902,0.009522158652544,0.0,GNRHR,none
SMOKE_CITALOPRAM_20,Citalopram,PSY,P08913,-0.0006190479034557,0.0009102941257879,0.0,ADRA2A,none
SMOKE_CITALOPRAM_20,Citalopram,PSY,Q13639,0.0026485144626349,0.0046161348000168,0.6,HTR4,direct
SMOKE_CITALOPRAM_20,Citalopram,PSY,P43116,0.0053397482261061,0.0065114358440041,1.0,PTGER2,none
SMOKE_CITALOPRAM_20,Citalopram,PSY,P37288,-0.0033305063843727,0.0074005317874252,0.6,AVPR1A,none
SMOKE_CITALOPRAM_20,Citalopram,PSY,P28222,-0.0007384225609712,0.0007115466869436,0.2,HTR1B,none
SMOKE_CITALOPRAM_20,Citalopram,PSY,P32238,0.0012720630038529,0.0012224793899804,0.8,CCKAR,none
SMOKE_CITALOPRAM_20,Citalopram,PSY,P18825,-0.0005446493742056,0.0005885562277399,0.0,ADRA2C,none
SMOKE_CITALOPRAM_20,Citalopram,PSY,P30872,0.000462838273961,0.0006610275595448,0.8,SSTR1,none
SMOKE_CITALOPRAM_20,Citalopram,PSY,P47901,0.0020052655600011,0.0020487173460423,1.0,AVPR1B,none
SMOKE_CITALOPRAM_20,Citalopram,PSY,P25021,-0.0053762244060635,0.0080300876870751,0.2,HRH2,none
SMOKE_CITALOPRAM_20,Citalopram,PSY,P18089,0.0037009567022323,0.0037021110765635,1.0,ADRA2B,none
SMOKE_CITALOPRAM_20,Citalopram,PSY,P48039,-0.0098735522478818,0.0150027330964803,0.4,MTNR1A,secondary
SMOKE_CITALOPRAM_20,Citalopram,PSY,P49286,-0.0038472414016723,0.0043022474274039,0.2,MTNR1B,direct
SMOKE_CITALOPRAM_20,Citalopram,PSY,P43088,-0.0001831613481044,0.0020100912079215,0.6,PTGFR,none
SMOKE_CITALOPRAM_20,Citalopram,PSY,P41146,0.0009177789324894,0.001632985426113,0.6,OPRL1,none
SMOKE_CITALOPRAM_20,Citalopram,PSY,P32745,-0.0016505919629707,0.0026717567816376,0.4,SSTR3,none
SMOKE_CITALOPRAM_20,Citalopram,PSY,P08912,0.0030378177762031,0.0115490807220339,0.6,CHRM5,none
SMOKE_CITALOPRAM_20,Citalopram,PSY,P21728,-0.0025297016836702,0.0043284767307341,0.2,DRD1,direct
SMOKE_CITALOPRAM_20,Citalopram,PSY,Q9UBS5,0.0018407121533527,0.0045953458175063,0.6,GABBR1,none
SMOKE_CITALOPRAM_20,Citalopram,PSY,P07550,-0.0048761097714304,0.0082651004195213,0.0,ADRB2,none
SMOKE_CITALOPRAM_20,Citalopram,PSY,P61073,-0.0035663277376443,0.0064931586384773,0.4,CXCR4,none
SMOKE_CITALOPRAM_20,Citalopram,PSY,P08172,-0.003470963332802,0.0066996598616242,0.2,CHRM2,none
SMOKE_CITALOPRAM_20,Citalopram,PSY,P08588,0.0016360916197299,0.0061311922036111,0.4,ADRB1,none
SMOKE_CITALOPRAM_20,Citalopram,PSY,P08908,0.002127218991518,0.0022992591839283,0.8,HTR1A,direct
SMOKE_CITALOPRAM_20,Citalopram,PSY,P11229,-0.0003337957023177,0.0043787835165858,0.6,CHRM1,direct
SMOKE_CITALOPRAM_20,Citalopram,PSY,P14416,-0.0056452946737408,0.0077169556170701,0.2,DRD2,direct
SMOKE_CITALOPRAM_20,Citalopram,PSY,P21554,-0.0022982507944107,0.0031109780538827,0.0,CNR1,direct
SMOKE_CITALOPRAM_20,Citalopram,PSY,P21917,0.000886988651473,0.0020831383299082,0.6,DRD4,none
SMOKE_CITALOPRAM_20,Citalopram,PSY,O43193,0.0005247347289696,0.0008306416566483,0.6,MLNR,none
SMOKE_CITALOPRAM_20,Citalopram,PSY,P25100,0.0012799128890037,0.001970078330487,1.0,ADRA1D,none
SMOKE_CITALOPRAM_20,Citalopram,PSY,P28223,0.0031854114495217,0.0098178554326295,0.8,HTR2A,direct
SMOKE_CITALOPRAM_20,Citalopram,PSY,P28335,-0.0014064356219023,0.0017173283267766,0.2,HTR2C,direct
SMOKE_CITALOPRAM_20,Citalopram,PSY,P30542,0.0025214962661266,0.003032888751477,1.0,ADORA1,none
SMOKE_CITALOPRAM_20,Citalopram,PSY,P30556,0.0018957003485411,0.0033499072305858,0.8,AGTR1,none
SMOKE_CITALOPRAM_20,Citalopram,PSY,P35348,0.0048026912845671,0.0059238015674054,0.8,ADRA1A,none
SMOKE_CITALOPRAM_20,Citalopram,PSY,P35367,-0.0030447840690612,0.0025231014005839,0.0,HRH1,none
SMOKE_CITALOPRAM_20,Citalopram,PSY,P35368,-0.0014418400824069,0.0023348073009401,0.6,ADRA1B,none
SMOKE_CITALOPRAM_20,Citalopram,PSY,P21452,0.0037562206853181,0.0041125100106,1.0,TACR2,direct
SMOKE_CITALOPRAM_20,Citalopram,PSY,P35372,0.0005992151563987,0.0010989570291712,0.8,OPRM1,direct
SMOKE_CITALOPRAM_20,Citalopram,PSY,P35462,0.0031044229399412,0.0079463114961981,0.6,DRD3,secondary
SMOKE_CITALOPRAM_20,Citalopram,PSY,P41143,3.495961573207751e-05,7.413360435748473e-05,0.6,OPRD1,none
SMOKE_CITALOPRAM_20,Citalopram,PSY,P41145,0.0007005743682384,0.0019543031230568,0.6,OPRK1,direct
SMOKE_CITALOPRAM_20,Citalopram,PSY,P32246,-0.0010421701008453,0.0012372091878205,0.0,CCR1,none
SMOKE_CITALOPRAM_20,Citalopram,PSY,P25025,-0.0033853047061711,0.0083341635763645,0.4,CXCR2,none
SMOKE_CITALOPRAM_20,Citalopram,PSY,P20309,0.0008479885873384,0.0012934084516018,0.8,CHRM3,none
SMOKE_CITALOPRAM_20,Citalopram,PSY,P13945,-0.0017451092135161,0.0017265592468902,0.2,ADRB3,none
SMOKE_CITALOPRAM_20,Citalopram,PSY,P25103,0.0021366453729569,0.0025668018497526,0.8,TACR1,direct
SMOKE_CITALOPRAM_20,Citalopram,PSY,P25105,0.0001327745558228,0.0003183110675308,0.4,PTAFR,none
SMOKE_CITALOPRAM_20,Citalopram,PSY,P29274,-0.004899819381535,0.0055191665887832,0.2,ADORA2A,direct
SMOKE_CITALOPRAM_20,Citalopram,PSY,P25101,0.0010330632794648,0.0007350377272814,1.0,EDNRA,none
SMOKE_CITALOPRAM_20,Citalopram,PSY,P34972,-0.0003276787756476,0.0030108508653938,0.4,CNR2,none
SMOKE_CITALOPRAM_20,Citalopram,PSY,P29275,0.0040235919877886,0.0041519403457641,1.0,ADORA2B,none
SMOKE_CITALOPRAM_20,Citalopram,PSY,P0DMS8,0.0024369000457227,0.0037846092600375,0.6,ADORA3,none
SMOKE_CITALOPRAM_20,Citalopram,PSY,P32245,0.0001573860645294,0.0030474052764475,0.4,MC4R,secondary
SMOKE_CITALOPRAM_20,Citalopram,PSY,Q9Y5N1,3.831833510048455e-06,4.711920337285847e-05,0.2,HRH3,none
SMOKE_CITALOPRAM_20,Citalopram,PSY,P51681,0.0014315284788608,0.0035837220493704,0.4,CCR5,none
SMOKE_CITALOPRAM_20,Citalopram,PSY,P32239,0.0015016160905361,0.0021376148797571,0.8,CCKBR,none
SMOKE_CITALOPRAM_20,Citalopram,PSY,P30543,-0.0010928914416581,0.0013820931781083,0.2,ADORA2A,direct
SMOKE_CITALOPRAM_20,Citalopram,PSY,P34969,-0.0123195368796586,0.0154632525518536,0.0,HTR7,direct
SMOKE_CITALOPRAM_20,Citalopram,PSY,P30411,0.0003136165323667,0.0020753745920956,0.8,BDKRB2,none
SMOKE_CITALOPRAM_20,Citalopram,PSY,P41594,-0.0002211503742728,0.0055513349361717,0.6,GRM5,none
SMOKE_CITALOPRAM_20,Citalopram,PSY,P50406,0.0027115128468722,0.0028097371105104,1.0,HTR6,secondary
SMOKE_CITALOPRAM_20,Citalopram,PSY,P47898,-0.0001783467887435,0.0004997753421775,0.6,HTR5A,none
SMOKE_CITALOPRAM_20,Citalopram,PSY,P28564,-1.0526180631131863e-05,0.00082892854698,0.4,HTR1B,none
SMOKE_CITALOPRAM_20,Citalopram,PSY,P43115,-0.0026420131325721,0.0084107061848044,0.2,PTGER3,none
SMOKE_CITALOPRAM_20,Citalopram,PSY,Q9H3N8,7.966756675159559e-05,0.0001043552110786,0.8,HRH4,none
SMOKE_CITALOPRAM_20,Citalopram,PSY,Q9UKP6,0.000787315540947,0.0009517208673059,1.0,UTS2R,none
SMOKE_CITALOPRAM_20,Citalopram,PSY,Q01726,-0.003232552204281,0.0041414010338485,0.0,MC1R,none
SMOKE_CITALOPRAM_20,Citalopram,PSY,Q16602,-2.771019899228122e-05,3.8547215808648616e-05,0.4,CALCRL,none
SMOKE_CITALOPRAM_20,Citalopram,PSY,P41597,0.0019501231145113,0.0057679652236402,0.6,CCR2,none
SMOKE_CITALOPRAM_20,Citalopram,PSY,P49146,-0.0013881467748433,0.0017954702489078,0.4,NPY2R,none
SMOKE_CITALOPRAM_20,Citalopram,PSY,P25024,9.540245082462206e-05,0.0010825356002897,0.6,CXCR1,none
SMOKE_CITALOPRAM_20,Citalopram,PSY,P32247,0.0007081128424033,0.0028269973117858,0.8,BRS3,none
SMOKE_CITALOPRAM_20,Citalopram,PSY,P30989,0.0020541914273053,0.0032283435575664,0.8,NTSR1,none
SMOKE_CITALOPRAM_20,Citalopram,PSY,P46663,-0.0012952766846865,0.0015235503669828,0.0,BDKRB1,none
SMOKE_CITALOPRAM_20,Citalopram,PSY,Q9NS75,0.0030528255738317,0.0045436206273734,0.6,CYSLTR2,none
SMOKE_CITALOPRAM_20,Citalopram,PSY,P29371,-8.400827937293798e-05,0.0008553537190891,0.6,TACR3,none
SMOKE_CITALOPRAM_20,Citalopram,PSY,P41587,-6.903335452079773e-05,0.0010988714639097,0.6,VIPR2,secondary
SMOKE_CITALOPRAM_20,Citalopram,PSY,P50052,0.0003996409359388,0.0007555340416729,0.8,AGTR2,none
SMOKE_CITALOPRAM_20,Citalopram,PSY,P33032,0.0001378923625452,0.0005148822092451,0.2,MC5R,none
SMOKE_CITALOPRAM_20,Citalopram,PSY,Q92847,-0.0032346367370337,0.0050363689661026,0.2,GHSR,none
SMOKE_CITALOPRAM_20,Citalopram,PSY,P41968,-0.0008403636747971,0.0013040318153798,0.2,MC3R,secondary
SMOKE_CITALOPRAM_20,Citalopram,PSY,P25929,0.0011505663860589,0.0013098529307171,1.0,NPY1R,none
SMOKE_CITALOPRAM_20,Citalopram,PSY,O43614,-0.0015876844990998,0.0040853801183402,0.6,HCRTR2,none
SMOKE_CITALOPRAM_20,Citalopram,PSY,P49238,-0.0003065161290578,0.0008247850346378,0.6,CX3CR1,none
SMOKE_CITALOPRAM_20,Citalopram,PSY,O43613,0.000255783641478,0.0023518218658864,0.6,HCRTR1,secondary
SMOKE_CITALOPRAM_20,Citalopram,PSY,P32241,0.0001797787845134,0.0002866077411454,0.6,VIPR1,none
SMOKE_CITALOPRAM_20,Citalopram,PSY,Q8TDU6,0.0006899141008034,0.0016113665187731,0.4,GPBAR1,none
SMOKE_CITALOPRAM_20,Citalopram,PSY,P01275,0.0011730038095265,0.0014259321615099,1.0,GCG,none
SMOKE_CITALOPRAM_20,Citalopram,PSY,Q96LB1,-3.442242814344354e-05,0.0002571823133621,0.4,MRGPRX2,none
SMOKE_CITALOPRAM_20,Citalopram,PSY,Q61224,0.00022803992033,0.0006189772975631,0.8,HTR1D,secondary
SMOKE_CITALOPRAM_20,Citalopram,PSY,O75899,-0.0015496663982048,0.0026527550071477,0.4,GABBR2,none
SMOKE_CITALOPRAM_20,Citalopram,PSY,P51787,8.740275916352402e-06,7.264084706548601e-05,0.4,KCNQ1,none
SMOKE_CITALOPRAM_20,Citalopram,PSY,P43681,-0.0003014490066561,0.0015786153962835,0.6,CHRNA4,none
SMOKE_CITALOPRAM_20,Citalopram,PSY,P46098,-0.006635392550379,0.0083229998126626,0.2,HTR3A,none
SMOKE_CITALOPRAM_20,Citalopram,PSY,Q13936,0.0011247440706938,0.0015683874953538,0.8,CACNA1C,none
SMOKE_CITALOPRAM_20,Citalopram,PSY,P14867,-0.0001403562782797,0.0005028581945225,0.6,GABRA1,direct
SMOKE_CITALOPRAM_20,Citalopram,PSY,Q14524,-0.0004720933793578,0.0011716053122654,0.4,SCN5A,none
SMOKE_CITALOPRAM_20,Citalopram,PSY,Q05586,3.053992986679077e-05,0.0045256237499415,0.6,GRIN1,none
SMOKE_CITALOPRAM_20,Citalopram,PSY,Q92952,0.0011586867040023,0.0013158423826098,1.0,KCNN1,none
SMOKE_CITALOPRAM_20,Citalopram,PSY,Q12809,0.0039240331389009,0.0067696720361709,0.8,KCNH2,none
SMOKE_CITALOPRAM_20,Citalopram,PSY,P56373,-0.0011551671195775,0.0047887307591736,0.4,P2RX3,none
SMOKE_CITALOPRAM_20,Citalopram,PSY,P07727,-0.0003549806715454,0.0021595959551632,0.2,GLRA1,none
SMOKE_CITALOPRAM_20,Citalopram,PSY,Q9UGI6,-6.266609125304967e-05,8.24336166260764e-05,0.0,KCNN3,none
SMOKE_CITALOPRAM_20,Citalopram,PSY,P22002,0.0001476690231356,0.0001635830994928,0.8,CACNA1C,none
SMOKE_CITALOPRAM_20,Citalopram,PSY,Q99250,0.0031103312503546,0.0037490895483642,1.0,SCN2A,direct
SMOKE_CITALOPRAM_20,Citalopram,PSY,Q9H2S1,0.0006411060458049,0.0007782066240906,0.8,KCNN2,none
SMOKE_CITALOPRAM_20,Citalopram,PSY,Q99572,0.0004999496159143,0.0008250776445493,0.4,P2RX7,none
SMOKE_CITALOPRAM_20,Citalopram,PSY,P02708,0.0003609165432862,0.0006425401079468,0.8,CHRNA1,none
SMOKE_CITALOPRAM_20,Citalopram,PSY,Q02294,-0.0006585799274034,0.0011728196404874,0.2,CACNA1B,secondary
SMOKE_CITALOPRAM_20,Citalopram,PSY,P18507,0.0010467625688761,0.0008344901143573,0.8,GABRG2,secondary
SMOKE_CITALOPRAM_20,Citalopram,PSY,P12821,-0.0007509678835049,0.0041936160996556,0.6,ACE,none
SMOKE_CITALOPRAM_20,Citalopram,PSY,P21397,0.0034116997849196,0.0064291968010365,0.6,MAOA,none
SMOKE_CITALOPRAM_20,Citalopram,PSY,P27338,-0.0013068914413452,0.0070155379362404,0.4,MAOB,secondary
SMOKE_CITALOPRAM_20,Citalopram,PSY,P22303,0.0019802295137196,0.0019492215942591,0.8,ACHE,none
SMOKE_CITALOPRAM_20,Citalopram,PSY,P23219,-0.000693111855071,0.0014926685253158,0.4,PTGS1,none
SMOKE_CITALOPRAM_20,Citalopram,PSY,P35354,0.0009893320966511,0.0024005610030144,0.6,PTGS2,none
SMOKE_CITALOPRAM_20,Citalopram,PSY,P42574,-0.0009507007780484,0.0023187263868749,0.4,CASP3,none
SMOKE_CITALOPRAM_20,Citalopram,PSY,Q14432,0.0010535552864894,0.0017514375504106,0.6,PDE3A,none
SMOKE_CITALOPRAM_20,Citalopram,PSY,P07339,0.0004651881754398,0.0006460614968091,0.8,CTSD,none
SMOKE_CITALOPRAM_20,Citalopram,PSY,O00408,0.0013211067998781,0.0061097485013306,0.6,PDE2A,none
SMOKE_CITALOPRAM_20,Citalopram,PSY,Q08499,-0.0088251885026693,0.0064508146606385,0.0,PDE4D,none
SMOKE_CITALOPRAM_20,Citalopram,PSY,Q13370,-0.0007510341820307,0.0101919202134013,0.6,PDE3B,none
SMOKE_CITALOPRAM_20,Citalopram,PSY,P14780,0.0030229941476136,0.0029220532160252,1.0,MMP9,none
SMOKE_CITALOPRAM_20,Citalopram,PSY,P03956,-0.003072319086641,0.0034246672876179,0.2,MMP1,none
SMOKE_CITALOPRAM_20,Citalopram,PSY,P08253,0.0005930513143539,0.0008757628966122,0.8,MMP2,none
SMOKE_CITALOPRAM_20,Citalopram,PSY,Q9UDY8,0.0009601839119568,0.0060815839096903,0.6,MALT1,none
SMOKE_CITALOPRAM_20,Citalopram,PSY,P80457,0.0006074488046579,0.001321539399214,0.6,XDH,none
SMOKE_CITALOPRAM_20,Citalopram,PSY,Q9BYF1,-0.0054869884625077,0.0096558909863233,0.2,ACE2,none
SMOKE_CITALOPRAM_20,Citalopram,PSY,P08311,0.0006972156697884,0.0003372122300788,1.0,CTSG,none
SMOKE_CITALOPRAM_20,Citalopram,PSY,P56817,1.957714630407281e-05,0.0002185097546316,0.4,BACE1,none
SMOKE_CITALOPRAM_20,Citalopram,PSY,P00519,0.0016370043158531,0.0025798624847084,0.8,ABL1,none
SMOKE_CITALOPRAM_20,Citalopram,PSY,P17948,-0.0001017697140923,0.0002612793177831,0.6,FLT1,none
SMOKE_CITALOPRAM_20,Citalopram,PSY,P10721,1.241937297891127e-05,2.159322139050346e-05,0.6,KIT,none
SMOKE_CITALOPRAM_20,Citalopram,PSY,P06213,-0.0002896435617003,0.0003652617451734,0.2,INSR,none
SMOKE_CITALOPRAM_20,Citalopram,PSY,P00533,0.000553592282813,0.0008394701289944,0.4,EGFR,none
SMOKE_CITALOPRAM_20,Citalopram,PSY,Q96GD4,-0.0012719690566882,0.0014903912087902,0.2,AURKB,none
SMOKE_CITALOPRAM_20,Citalopram,PSY,P06239,4.6497581934090704e-05,0.0007288256892934,0.6,LCK,none
SMOKE_CITALOPRAM_20,Citalopram,PSY,Q16539,0.0021768019068986,0.0045032771304249,0.4,MAPK14,none
SMOKE_CITALOPRAM_20,Citalopram,PSY,P49841,-0.0032852820586413,0.0047860108315944,0.2,GSK3B,none
SMOKE_CITALOPRAM_20,Citalopram,PSY,P12931,-0.0001234345108969,0.0019138499628752,0.8,SRC,none
SMOKE_CITALOPRAM_20,Citalopram,PSY,Q05397,-0.0007417760789394,0.0007783638429827,0.2,PTK2,none
SMOKE_CITALOPRAM_20,Citalopram,PSY,P35968,-0.002838724059984,0.0041511529125273,0.2,KDR,none
SMOKE_CITALOPRAM_20,Citalopram,PSY,P43403,0.0014485351275652,0.0013643956044688,0.8,ZAP70,none
SMOKE_CITALOPRAM_20,Citalopram,PSY,P04629,0.0090998308733105,0.0109982406720519,1.0,NTRK1,none
SMOKE_CITALOPRAM_20,Citalopram,PSY,P49840,-0.0010671183699741,0.0027009688783437,0.4,GSK3A,none
SMOKE_CITALOPRAM_20,Citalopram,PSY,O75116,-0.0009312316542491,0.0017215777188539,0.2,ROCK2,none
SMOKE_CITALOPRAM_20,Citalopram,PSY,P17252,-0.0028632350731641,0.0036500848364084,0.0,PRKCA,none
SMOKE_CITALOPRAM_20,Citalopram,PSY,P24941,-0.0043862611055374,0.0047557172365486,0.2,CDK2,none
SMOKE_CITALOPRAM_20,Citalopram,PSY,Q13464,0.0036836296785622,0.0046053733676671,1.0,ROCK1,none
SMOKE_CITALOPRAM_20,Citalopram,PSY,P48736,0.000820274639409,0.0005218326114118,1.0,PIK3CG,none
SMOKE_CITALOPRAM_20,Citalopram,PSY,O14733,-8.764639642322436e-05,0.0018115926068276,0.2,MAP2K7,none
SMOKE_CITALOPRAM_20,Citalopram,PSY,Q13315,-0.0013070262502878,0.0056902915239334,0.6,ATM,none
SMOKE_CITALOPRAM_20,Citalopram,PSY,P07948,0.0034091905690729,0.0042240521870553,0.8,LYN,none
SMOKE_CITALOPRAM_20,Citalopram,PSY,P28482,-0.0001750819355947,0.0003566470404621,0.2,MAPK1,none
SMOKE_CITALOPRAM_20,Citalopram,PSY,Q9UQM7,-0.0016032091807574,0.0038102995604276,0.6,CAMK2A,none
SMOKE_CITALOPRAM_20,Citalopram,PSY,O14965,0.0025081180501729,0.0037937976885586,0.8,AURKA,none
SMOKE_CITALOPRAM_20,Citalopram,PSY,Q15118,0.0001869820116553,0.0021772324107587,0.6,PDK1,none
SMOKE_CITALOPRAM_20,Citalopram,PSY,Q8TDR2,0.0024445087183266,0.002274012658745,1.0,STK35,none
SMOKE_CITALOPRAM_20,Citalopram,PSY,P10275,0.0008150115609169,0.0053993398323655,0.6,AR,none
SMOKE_CITALOPRAM_20,Citalopram,PSY,P04150,0.0024176412262022,0.0033811428584158,0.8,NR3C1,none
SMOKE_CITALOPRAM_20,Citalopram,PSY,P10276,0.0030456720851361,0.006614074576646,0.6,RARA,none
SMOKE_CITALOPRAM_20,Citalopram,PSY,P03372,0.004763807170093,0.0043317144736647,1.0,ESR1,none
SMOKE_CITALOPRAM_20,Citalopram,PSY,P19793,-0.0039066476747393,0.0050309505313634,0.2,RXRA,none
SMOKE_CITALOPRAM_20,Citalopram,PSY,P06401,0.0096716685220599,0.0099455248564481,1.0,PGR,none
SMOKE_CITALOPRAM_20,Citalopram,PSY,P37231,-0.0030600279569625,0.0055388966575264,0.6,PPARG,none
SMOKE_CITALOPRAM_20,Citalopram,PSY,Q92731,0.0003571584820747,0.0252802036702632,0.6,ESR2,none
SMOKE_CITALOPRAM_20,Citalopram,PSY,P55055,-0.0115015925839543,0.0189630314707756,0.0,NR1H2,none
SMOKE_CITALOPRAM_20,Citalopram,PSY,P30531,-0.0033013247884809,0.0046217865310609,0.0,SLC6A1,secondary
SMOKE_CITALOPRAM_20,Citalopram,PSY,P23975,-0.0038888603448867,0.0073581235483288,0.4,SLC6A2,direct
SMOKE_CITALOPRAM_20,Citalopram,PSY,P31645,0.0025895708240568,0.0036087972111999,0.8,SLC6A4,direct
SMOKE_CITALOPRAM_20,Citalopram,PSY,Q01959,0.0051938309334218,0.0049856672994792,1.0,SLC6A3,direct
SMOKE_CITALOPRAM_20,Citalopram,PSY,P31652,-0.000299178820569,0.0002988466003444,0.2,SLC6A4,direct
SMOKE_CITALOPRAM_20,Citalopram,PSY,P23977,0.0023081847466528,0.0020267798099666,1.0,SLC6A3,direct
SMOKE_CITALOPRAM_20,Citalopram,PSY,Q9GZV3,0.0004664830921683,0.0006023440510034,0.8,SLC5A7,none
SMOKE_CITALOPRAM_20,Citalopram,PSY,P28572,0.0018038444686681,0.0019917346071451,0.8,SLC6A9,none
SMOKE_CITALOPRAM_20,Citalopram,PSY,P30536,0.0007573842885904,0.0014829713618382,0.8,TSPO,none
SMOKE_CITALOPRAM_20,Citalopram,PSY,P01375,0.0006079450249671,0.0009424408199265,0.8,TNF,none
SMOKE_CITALOPRAM_20,Citalopram,PSY,Q99720,0.0142198130488395,0.0157727804034948,1.0,SIGMAR1,direct
SMOKE_CITALOPRAM_20,Citalopram,REN,P35414,-0.0010909587144851,0.0061138696037232,0.6,APLNR,none
SMOKE_CITALOPRAM_20,Citalopram,REN,P24530,-0.0004385154752526,0.0009983712807297,0.2,EDNRB,direct
SMOKE_CITALOPRAM_20,Citalopram,REN,P30518,-0.001894884975627,0.0027460400015115,0.4,AVPR2,secondary
SMOKE_CITALOPRAM_20,Citalopram,REN,P35346,0.0024083610624074,0.0031502500642091,0.8,SSTR5,none
SMOKE_CITALOPRAM_20,Citalopram,REN,Q9Y271,-0.0173837412148714,0.0093915620818734,0.0,CYSLTR1,secondary
SMOKE_CITALOPRAM_20,Citalopram,REN,P34998,-0.0019363786559551,0.0027437219396233,0.2,CRHR1,none
SMOKE_CITALOPRAM_20,Citalopram,REN,P30874,-0.0007779102888889,0.001639116439037,0.6,SSTR2,none
SMOKE_CITALOPRAM_20,Citalopram,REN,P34995,0.003057459834963,0.0027874493971467,1.0,PTGER1,none
SMOKE_CITALOPRAM_20,Citalopram,REN,P08173,0.001815779833123,0.0021212827414274,0.8,CHRM4,none
SMOKE_CITALOPRAM_20,Citalopram,REN,P30988,0.0015692763263359,0.0016863753553479,1.0,CALCR,none
SMOKE_CITALOPRAM_20,Citalopram,REN,P41595,9.222365770256148e-05,0.0014169299975037,0.4,HTR2B,none
SMOKE_CITALOPRAM_20,Citalopram,REN,P35408,-0.0006231780862435,0.0010190104367211,0.2,PTGER4,none
SMOKE_CITALOPRAM_20,Citalopram,REN,P21918,-0.01290122885257,0.0113539993762969,0.0,DRD5,none
SMOKE_CITALOPRAM_20,Citalopram,REN,P31391,-0.0041246563196182,0.0061261788941919,0.2,SSTR4,none
SMOKE_CITALOPRAM_20,Citalopram,REN,P30968,-0.0046452535316348,0.0065288739278912,0.0,GNRHR,none
SMOKE_CITALOPRAM_20,Citalopram,REN,P08913,-0.0003950584796257,0.0003863658348564,0.0,ADRA2A,direct
SMOKE_CITALOPRAM_20,Citalopram,REN,Q13639,0.0026974983047693,0.0032060770317912,0.8,HTR4,none
SMOKE_CITALOPRAM_20,Citalopram,REN,P43116,0.0043516466394066,0.0035088991280645,1.0,PTGER2,none
SMOKE_CITALOPRAM_20,Citalopram,REN,P37288,-0.0027459810953587,0.0039011177141219,0.2,AVPR1A,direct
SMOKE_CITALOPRAM_20,Citalopram,REN,P28222,-0.0008102621650323,0.0008596869884058,0.0,HTR1B,none
SMOKE_CITALOPRAM_20,Citalopram,REN,P32238,0.0013232432538643,0.0017456650966778,0.8,CCKAR,none
SMOKE_CITALOPRAM_20,Citalopram,REN,P18825,-0.0005128532648086,0.000585485890042,0.2,ADRA2C,none
SMOKE_CITALOPRAM_20,Citalopram,REN,P30872,0.0002460926771163,0.0002689699176698,0.8,SSTR1,none
SMOKE_CITALOPRAM_20,Citalopram,REN,P47901,0.0014566149329766,0.0013849872630089,0.8,AVPR1B,secondary
SMOKE_CITALOPRAM_20,Citalopram,REN,P25021,-0.0036923219449818,0.0044172219932079,0.2,HRH2,none
SMOKE_CITALOPRAM_20,Citalopram,REN,P18089,0.0033336379565298,0.0028793783858418,1.0,ADRA2B,none
SMOKE_CITALOPRAM_20,Citalopram,REN,P48039,-0.0068616792559623,0.0085170892998576,0.2,MTNR1A,none
SMOKE_CITALOPRAM_20,Citalopram,REN,P49286,-0.0046551497653126,0.0034634629264473,0.2,MTNR1B,none
SMOKE_CITALOPRAM_20,Citalopram,REN,P43088,0.000423907127697,0.001879385090433,0.8,PTGFR,secondary
SMOKE_CITALOPRAM_20,Citalopram,REN,P41146,0.0008492965134792,0.0013252689968794,0.6,OPRL1,secondary
SMOKE_CITALOPRAM_20,Citalopram,REN,P32745,-0.0012502558529376,0.0012348549207672,0.0,SSTR3,none
SMOKE_CITALOPRAM_20,Citalopram,REN,P08912,0.0013066697865724,0.0065117552876472,0.8,CHRM5,none
SMOKE_CITALOPRAM_20,Citalopram,REN,P21728,-0.0023604505695402,0.0056113675236701,0.4,DRD1,direct
SMOKE_CITALOPRAM_20,Citalopram,REN,Q9UBS5,0.0004500605282373,0.0025403634645044,0.4,GABBR1,none
SMOKE_CITALOPRAM_20,Citalopram,REN,P07550,-0.0030083614401519,0.0043168636038899,0.2,ADRB2,none
SMOKE_CITALOPRAM_20,Citalopram,REN,P61073,-0.0036068323533982,0.0039769983850419,0.0,CXCR4,none
SMOKE_CITALOPRAM_20,Citalopram,REN,P08172,-0.0011988714104518,0.0030076571274548,0.2,CHRM2,none
SMOKE_CITALOPRAM_20,Citalopram,REN,P08588,0.0004499085189308,0.0043692886829376,0.6,ADRB1,none
SMOKE_CITALOPRAM_20,Citalopram,REN,P08908,0.0029748647939413,0.0027534663677215,0.8,HTR1A,none
SMOKE_CITALOPRAM_20,Citalopram,REN,P11229,0.0006967842346057,0.0035467322450131,0.4,CHRM1,none
SMOKE_CITALOPRAM_20,Citalopram,REN,P14416,-0.0078780818730592,0.0118963178247213,0.0,DRD2,direct
SMOKE_CITALOPRAM_20,Citalopram,REN,P21554,-0.001855757785961,0.0018548099324107,0.2,CNR1,none
SMOKE_CITALOPRAM_20,Citalopram,REN,P21917,0.002060083206743,0.0026755155995488,1.0,DRD4,none
SMOKE_CITALOPRAM_20,Citalopram,REN,O43193,0.0003268051950726,0.0006283221882767,0.6,MLNR,secondary
SMOKE_CITALOPRAM_20,Citalopram,REN,P25100,0.0007619146490469,0.0011108367471024,0.6,ADRA1D,none
SMOKE_CITALOPRAM_20,Citalopram,REN,P28223,0.0015773329650983,0.0060309846885502,0.8,HTR2A,none
SMOKE_CITALOPRAM_20,Citalopram,REN,P28335,-0.0012282874668017,0.000943369581364,0.0,HTR2C,none
SMOKE_CITALOPRAM_20,Citalopram,REN,P30542,0.00190921430476,0.0019796090200543,0.8,ADORA1,direct
SMOKE_CITALOPRAM_20,Citalopram,REN,P30556,0.001275883289054,0.0021006742026656,0.8,AGTR1,direct
SMOKE_CITALOPRAM_20,Citalopram,REN,P35348,0.0073680356144905,0.0078232157975435,1.0,ADRA1A,none
SMOKE_CITALOPRAM_20,Citalopram,REN,P35367,-0.0027523238677531,0.0022263412829488,0.2,HRH1,none
SMOKE_CITALOPRAM_20,Citalopram,REN,P35368,-0.0009274538606405,0.0019530236022546,0.6,ADRA1B,none
SMOKE_CITALOPRAM_20,Citalopram,REN,P21452,0.0030979339499026,0.0029521491378545,1.0,TACR2,direct
SMOKE_CITALOPRAM_20,Citalopram,REN,P35372,0.0011180602014064,0.0017662688624113,0.6,OPRM1,none
SMOKE_CITALOPRAM_20,Citalopram,REN,P35462,0.0029542061965912,0.0104309385642409,0.6,DRD3,none
SMOKE_CITALOPRAM_20,Citalopram,REN,P41143,7.748603536583688e-08,3.5698889405466616e-05,0.4,OPRD1,none
SMOKE_CITALOPRAM_20,Citalopram,REN,P41145,0.00014067106531,0.0020274086855351,0.4,OPRK1,direct
SMOKE_CITALOPRAM_20,Citalopram,REN,P32246,-0.0008453748887404,0.0016492287395521,0.2,CCR1,none
SMOKE_CITALOPRAM_20,Citalopram,REN,P25025,-0.0018642034847289,0.0050987219437956,0.4,CXCR2,none
SMOKE_CITALOPRAM_20,Citalopram,REN,P20309,0.0008322052890434,0.0027119338046759,0.6,CHRM3,direct
SMOKE_CITALOPRAM_20,Citalopram,REN,P13945,-0.0007334668189287,0.0025017152074724,0.2,ADRB3,none
SMOKE_CITALOPRAM_20,Citalopram,REN,P25103,0.0017983976285904,0.0026412215083837,0.6,TACR1,none
SMOKE_CITALOPRAM_20,Citalopram,REN,P25105,2.5311484932899475e-05,0.0001642706192797,0.4,PTAFR,direct
SMOKE_CITALOPRAM_20,Citalopram,REN,P29274,-0.004927254281938,0.0045564225874841,0.0,ADORA2A,none
SMOKE_CITALOPRAM_20,Citalopram,REN,P25101,0.0008222729084081,0.0005889585590921,1.0,EDNRA,none
SMOKE_CITALOPRAM_20,Citalopram,REN,P34972,0.0006330180913209,0.0028727289754897,0.2,CNR2,none
SMOKE_CITALOPRAM_20,Citalopram,REN,P29275,0.0042257900349795,0.0040886364877223,1.0,ADORA2B,none
SMOKE_CITALOPRAM_20,Citalopram,REN,P0DMS8,0.0020809553097933,0.0022446799557656,0.8,ADORA3,none
SMOKE_CITALOPRAM_20,Citalopram,REN,P32245,0.0008131228387355,0.0024380199611186,0.6,MC4R,none
SMOKE_CITALOPRAM_20,Citalopram,REN,Q9Y5N1,-7.664039912924636e-06,3.151793498545885e-05,0.2,HRH3,none
SMOKE_CITALOPRAM_20,Citalopram,REN,P51681,0.0007277823751792,0.0026771205011755,0.4,CCR5,none
SMOKE_CITALOPRAM_20,Citalopram,REN,P32239,0.0011407919228076,0.0013723836746066,0.6,CCKBR,none
SMOKE_CITALOPRAM_20,Citalopram,REN,P30543,-0.0009570408728905,0.0009752775076776,0.2,ADORA2A,none
SMOKE_CITALOPRAM_20,Citalopram,REN,P34969,-0.0098562240600585,0.0121729420498013,0.2,HTR7,none
SMOKE_CITALOPRAM_20,Citalopram,REN,P30411,0.0001128133371821,0.0030442315619438,0.8,BDKRB2,direct
SMOKE_CITALOPRAM_20,Citalopram,REN,P41594,-0.0006920144078321,0.0050515183247625,0.4,GRM5,none
SMOKE_CITALOPRAM_20,Citalopram,REN,P50406,0.0024696246255189,0.0016321408329531,1.0,HTR6,none
SMOKE_CITALOPRAM_20,Citalopram,REN,P47898,-7.586181163787842e-05,0.0003184619999956,0.6,HTR5A,none
SMOKE_CITALOPRAM_20,Citalopram,REN,P28564,-7.628053572261706e-05,0.0009577521122992,0.6,HTR1B,none
SMOKE_CITALOPRAM_20,Citalopram,REN,P43115,-0.0038002666551619,0.0069480841048061,0.4,PTGER3,secondary
SMOKE_CITALOPRAM_20,Citalopram,REN,Q9H3N8,-2.0604580640792847e-05,0.0001903300144476,0.6,HRH4,none
SMOKE_CITALOPRAM_20,Citalopram,REN,Q9UKP6,0.0007676750537939,0.0006745912833139,1.0,UTS2R,direct
SMOKE_CITALOPRAM_20,Citalopram,REN,Q01726,-0.0021335720084607,0.0018204808002337,0.0,MC1R,none
SMOKE_CITALOPRAM_20,Citalopram,REN,Q16602,-4.046186950290576e-05,4.699488999904133e-05,0.2,CALCRL,none
SMOKE_CITALOPRAM_20,Citalopram,REN,P41597,0.0023220852017402,0.0062481458298861,0.6,CCR2,none
SMOKE_CITALOPRAM_20,Citalopram,REN,P49146,-0.0008541491115465,0.0013340797740966,0.2,NPY2R,none
SMOKE_CITALOPRAM_20,Citalopram,REN,P25024,0.0006956838187761,0.0009453691309317,0.8,CXCR1,none
SMOKE_CITALOPRAM_20,Citalopram,REN,P32247,0.0023827652912586,0.0032437737099826,0.8,BRS3,secondary
SMOKE_CITALOPRAM_20,Citalopram,REN,P30989,0.0019659767858684,0.0020523539278656,0.8,NTSR1,secondary
SMOKE_CITALOPRAM_20,Citalopram,REN,P46663,-0.0009685803088359,0.0011324113002046,0.2,BDKRB1,secondary
SMOKE_CITALOPRAM_20,Citalopram,REN,Q9NS75,0.0024342923425137,0.0045970184728503,0.8,CYSLTR2,none
SMOKE_CITALOPRAM_20,Citalopram,REN,P29371,-0.0003784868749789,0.0007289213244803,0.4,TACR3,none
SMOKE_CITALOPRAM_20,Citalopram,REN,P41587,0.000244313472649,0.0013334018876776,0.6,VIPR2,none
SMOKE_CITALOPRAM_20,Citalopram,REN,P50052,0.000470976519864,0.0009217217448167,0.6,AGTR2,direct
SMOKE_CITALOPRAM_20,Citalopram,REN,P33032,-1.272335612156894e-05,0.0002861711254809,0.4,MC5R,none
SMOKE_CITALOPRAM_20,Citalopram,REN,Q92847,-0.00272519281134,0.0030379695817828,0.0,GHSR,none
SMOKE_CITALOPRAM_20,Citalopram,REN,P41968,-0.0007081933435983,0.0005684036877937,0.0,MC3R,none
SMOKE_CITALOPRAM_20,Citalopram,REN,P25929,0.0007543165120296,0.0007181909168139,0.8,NPY1R,none
SMOKE_CITALOPRAM_20,Citalopram,REN,O43614,-0.0008106753230094,0.0027086776681244,0.4,HCRTR2,none
SMOKE_CITALOPRAM_20,Citalopram,REN,P49238,-0.0005139697459526,0.0011051000328734,0.2,CX3CR1,none
SMOKE_CITALOPRAM_20,Citalopram,REN,O43613,0.00045900940313,0.0026933623012155,0.6,HCRTR1,none
SMOKE_CITALOPRAM_20,Citalopram,REN,P32241,8.089579932857305e-05,0.0001705667527858,0.6,VIPR1,none
SMOKE_CITALOPRAM_20,Citalopram,REN,Q8TDU6,1.0569766345724927e-05,0.0014027517754584,0.8,GPBAR1,none
SMOKE_CITALOPRAM_20,Citalopram,REN,P01275,0.0008176431292667,0.0007784581393934,0.8,GCG,none
SMOKE_CITALOPRAM_20,Citalopram,REN,Q96LB1,6.853453669464216e-05,0.0001608242309885,0.6,MRGPRX2,none
SMOKE_CITALOPRAM_20,Citalopram,REN,Q61224,0.0001353535772068,0.0004028889816254,0.6,HTR1D,none
SMOKE_CITALOPRAM_20,Citalopram,REN,O75899,-0.0023597416002303,0.0036734903696924,0.2,GABBR2,none
SMOKE_CITALOPRAM_20,Citalopram,REN,P51787,1.3970956388220657e-05,6.776097870897502e-05,0.4,KCNQ1,none
SMOKE_CITALOPRAM_20,Citalopram,REN,P43681,-0.0005721721681766,0.0008269746904261,0.4,CHRNA4,none
SMOKE_CITALOPRAM_20,Citalopram,REN,P46098,-0.0039014481008052,0.0042361728847026,0.0,HTR3A,none
SMOKE_CITALOPRAM_20,Citalopram,REN,Q13936,0.0010144949192181,0.0008925678557716,0.8,CACNA1C,none
SMOKE_CITALOPRAM_20,Citalopram,REN,P14867,-5.75803205720149e-05,0.0002948200854007,0.4,GABRA1,none
SMOKE_CITALOPRAM_20,Citalopram,REN,Q14524,-0.0003189720155205,0.0007832180708646,0.2,SCN5A,none
SMOKE_CITALOPRAM_20,Citalopram,REN,Q05586,0.0014002572279423,0.0038151140324771,0.6,GRIN1,none
SMOKE_CITALOPRAM_20,Citalopram,REN,Q92952,0.000939036894124,0.0012826544698327,0.8,KCNN1,none
SMOKE_CITALOPRAM_20,Citalopram,REN,Q12809,0.0044348738156259,0.0079696653410792,1.0,KCNH2,none
SMOKE_CITALOPRAM_20,Citalopram,REN,P56373,-0.0004982352256774,0.0026604279410094,0.2,P2RX3,direct
SMOKE_CITALOPRAM_20,Citalopram,REN,P07727,-0.0011717726010829,0.0021774016786366,0.2,GLRA1,none
SMOKE_CITALOPRAM_20,Citalopram,REN,Q9UGI6,-9.362548735225572e-05,9.89678519545123e-05,0.0,KCNN3,none
SMOKE_CITALOPRAM_20,Citalopram,REN,P22002,0.0001958202628884,0.000197448011022,0.6,CACNA1C,none
SMOKE_CITALOPRAM_20,Citalopram,REN,Q99250,0.0027068860363215,0.0026352615095674,1.0,SCN2A,direct
SMOKE_CITALOPRAM_20,Citalopram,REN,Q9H2S1,0.0004476785543374,0.0003464518813416,1.0,KCNN2,none
SMOKE_CITALOPRAM_20,Citalopram,REN,Q99572,-2.9268116122693755e-05,0.00062088976847,0.4,P2RX7,direct
SMOKE_CITALOPRAM_20,Citalopram,REN,P02708,0.0004377916338853,0.000745243334677,0.8,CHRNA1,none
SMOKE_CITALOPRAM_20,Citalopram,REN,Q02294,-0.0004023905785288,0.0004258680273778,0.2,CACNA1B,none
SMOKE_CITALOPRAM_20,Citalopram,REN,P18507,0.0011475409846752,0.0012996128061786,1.0,GABRG2,none
SMOKE_CITALOPRAM_20,Citalopram,REN,P12821,0.0008951422059908,0.0027590398676693,0.6,ACE,direct
SMOKE_CITALOPRAM_20,Citalopram,REN,P21397,0.003046650905162,0.0049738716334104,0.6,MAOA,none
SMOKE_CITALOPRAM_20,Citalopram,REN,P27338,0.0006933204713277,0.0050883241929113,0.4,MAOB,none
SMOKE_CITALOPRAM_20,Citalopram,REN,P22303,0.0026072175242006,0.0029432035516947,0.8,ACHE,none
SMOKE_CITALOPRAM_20,Citalopram,REN,P23219,-0.0005084309959784,0.0005863655242137,0.2,PTGS1,direct
SMOKE_CITALOPRAM_20,Citalopram,REN,P35354,0.0008062109118327,0.0025913431309163,0.6,PTGS2,direct
SMOKE_CITALOPRAM_20,Citalopram,REN,P42574,-0.0003368977340869,0.0007329777581617,0.4,CASP3,none
SMOKE_CITALOPRAM_20,Citalopram,REN,Q14432,0.0003877643612213,0.0013974657049402,0.6,PDE3A,none
SMOKE_CITALOPRAM_20,Citalopram,REN,P07339,0.000212727492908,0.000575142854359,0.4,CTSD,secondary
SMOKE_CITALOPRAM_20,Citalopram,REN,O00408,0.0001945648400578,0.0047834273427724,0.6,PDE2A,none
SMOKE_CITALOPRAM_20,Citalopram,REN,Q08499,-0.0069723143242299,0.0046873898245394,0.2,PDE4D,none
SMOKE_CITALOPRAM_20,Citalopram,REN,Q13370,0.001075743115507,0.0070538972504436,0.6,PDE3B,none
SMOKE_CITALOPRAM_20,Citalopram,REN,P14780,0.0031464830972254,0.0037292812485247,0.8,MMP9,secondary
SMOKE_CITALOPRAM_20,Citalopram,REN,P03956,-0.0031113896984606,0.002640183083713,0.0,MMP1,none
SMOKE_CITALOPRAM_20,Citalopram,REN,P08253,0.0004682969301939,0.0005819102516397,0.8,MMP2,none
SMOKE_CITALOPRAM_20,Citalopram,REN,Q9UDY8,0.0013863451313227,0.0055629597045481,0.6,MALT1,none
SMOKE_CITALOPRAM_20,Citalopram,REN,P80457,0.0005632530665025,0.0017209496581926,0.6,XDH,none
SMOKE_CITALOPRAM_20,Citalopram,REN,Q9BYF1,-0.0042490446940064,0.0059982547536492,0.2,ACE2,secondary
SMOKE_CITALOPRAM_20,Citalopram,REN,P08311,0.0009105000644922,0.0005223472253419,1.0,CTSG,secondary
SMOKE_CITALOPRAM_20,Citalopram,REN,P56817,-0.0001483049272792,0.0002950458438135,0.2,BACE1,none
SMOKE_CITALOPRAM_20,Citalopram,REN,P00519,0.0018068552017211,0.0014586615143343,1.0,ABL1,none
SMOKE_CITALOPRAM_20,Citalopram,REN,P17948,-4.054717646795325e-05,0.0002358869969611,0.4,FLT1,none
SMOKE_CITALOPRAM_20,Citalopram,REN,P10721,1.453682762075914e-05,1.9411694665905088e-05,1.0,KIT,none
SMOKE_CITALOPRAM_20,Citalopram,REN,P06213,-0.0004156917275395,0.0002578805142547,0.0,INSR,none
SMOKE_CITALOPRAM_20,Citalopram,REN,P00533,0.0005559172714129,0.0007477918406948,0.8,EGFR,none
SMOKE_CITALOPRAM_20,Citalopram,REN,Q96GD4,-0.00119067390915,0.0011751311831176,0.0,AURKB,none
SMOKE_CITALOPRAM_20,Citalopram,REN,P06239,-0.0008731912821531,0.0010503756348043,0.2,LCK,none
SMOKE_CITALOPRAM_20,Citalopram,REN,Q16539,0.0005578465643338,0.0038800807669758,0.6,MAPK14,none
SMOKE_CITALOPRAM_20,Citalopram,REN,P49841,-0.0023758118040859,0.00199801241979,0.0,GSK3B,none
SMOKE_CITALOPRAM_20,Citalopram,REN,P12931,0.0001162718981504,0.0014663933543488,0.2,SRC,none
SMOKE_CITALOPRAM_20,Citalopram,REN,Q05397,-0.0007509373244829,0.0008333270670846,0.0,PTK2,none
SMOKE_CITALOPRAM_20,Citalopram,REN,P35968,-0.0034075961448252,0.0037813298404216,0.2,KDR,secondary
SMOKE_CITALOPRAM_20,Citalopram,REN,P43403,0.0009869426721706,0.0018414919031783,0.8,ZAP70,none
SMOKE_CITALOPRAM_20,Citalopram,REN,P04629,0.008117489516735,0.0068581784144043,1.0,NTRK1,none
SMOKE_CITALOPRAM_20,Citalopram,REN,P49840,-0.0002445388527121,0.0013530605938285,0.6,GSK3A,none
SMOKE_CITALOPRAM_20,Citalopram,REN,O75116,-0.0001165062203654,0.0007934372406452,0.6,ROCK2,none
SMOKE_CITALOPRAM_20,Citalopram,REN,P17252,-0.0029745835345238,0.0031729778274893,0.0,PRKCA,none
SMOKE_CITALOPRAM_20,Citalopram,REN,P24941,-0.0025958288460969,0.0026889049913734,0.0,CDK2,none
SMOKE_CITALOPRAM_20,Citalopram,REN,Q13464,0.0038470714353024,0.0029181721620261,1.0,ROCK1,none
SMOKE_CITALOPRAM_20,Citalopram,REN,P48736,0.0005357906338758,0.0004806484794244,0.8,PIK3CG,none
SMOKE_CITALOPRAM_20,Citalopram,REN,O14733,-0.0001678928674664,0.0012906444026157,0.6,MAP2K7,none
SMOKE_CITALOPRAM_20,Citalopram,REN,Q13315,-0.0010835103457793,0.0032790503464639,0.4,ATM,none
SMOKE_CITALOPRAM_20,Citalopram,REN,P07948,0.0032749134115874,0.0027020678389817,0.8,LYN,none
SMOKE_CITALOPRAM_20,Citalopram,REN,P28482,-0.0006394576048478,0.0003926206263713,0.2,MAPK1,none
SMOKE_CITALOPRAM_20,Citalopram,REN,Q9UQM7,-0.0010626141447573,0.0022094377782195,0.6,CAMK2A,none
SMOKE_CITALOPRAM_20,Citalopram,REN,O14965,0.0028200417291373,0.0048631536774337,0.8,AURKA,none
SMOKE_CITALOPRAM_20,Citalopram,REN,Q15118,0.000269300857326,0.0024977715220302,0.6,PDK1,none
SMOKE_CITALOPRAM_20,Citalopram,REN,Q8TDR2,0.0022958596237003,0.0023938110098242,1.0,STK35,none
SMOKE_CITALOPRAM_20,Citalopram,REN,P10275,0.0005023729172535,0.0050894515588879,0.6,AR,none
SMOKE_CITALOPRAM_20,Citalopram,REN,P04150,0.0014552287757396,0.0015717858914285,0.8,NR3C1,none
SMOKE_CITALOPRAM_20,Citalopram,REN,P10276,0.0014121409039944,0.004451495129615,0.8,RARA,none
SMOKE_CITALOPRAM_20,Citalopram,REN,P03372,0.0050011542625725,0.0038761575706303,1.0,ESR1,none
SMOKE_CITALOPRAM_20,Citalopram,REN,P19793,-0.0034258801024407,0.0044499211944639,0.0,RXRA,none
SMOKE_CITALOPRAM_20,Citalopram,REN,P06401,0.0072367056272923,0.0066392454318702,0.8,PGR,none
SMOKE_CITALOPRAM_20,Citalopram,REN,P37231,-0.0018748972797766,0.004410280380398,0.6,PPARG,direct
SMOKE_CITALOPRAM_20,Citalopram,REN,Q92731,-0.0019268405158072,0.0205743219703435,0.6,ESR2,none
SMOKE_CITALOPRAM_20,Citalopram,REN,P55055,-0.0103000225499272,0.0124812182039022,0.0,NR1H2,none
SMOKE_CITALOPRAM_20,Citalopram,REN,P30531,-0.0020027048885822,0.0035734677221626,0.2,SLC6A1,none
SMOKE_CITALOPRAM_20,Citalopram,REN,P23975,-0.0037141726352274,0.0080700237303972,0.4,SLC6A2,direct
SMOKE_CITALOPRAM_20,Citalopram,REN,P31645,0.0018097892170771,0.0012461186852306,1.0,SLC6A4,none
SMOKE_CITALOPRAM_20,Citalopram,REN,Q01959,0.0054790368303656,0.0048444075509905,1.0,SLC6A3,none
SMOKE_CITALOPRAM_20,Citalopram,REN,P31652,-0.0003230836300645,0.0002632646937854,0.2,SLC6A4,none
SMOKE_CITALOPRAM_20,Citalopram,REN,P23977,0.0019343342864885,0.0017171812942251,1.0,SLC6A3,none
SMOKE_CITALOPRAM_20,Citalopram,REN,Q9GZV3,0.0008682046318426,0.0013073256704956,0.8,SLC5A7,none
SMOKE_CITALOPRAM_20,Citalopram,REN,P28572,0.0021273926831781,0.0018999580061063,1.0,SLC6A9,none
SMOKE_CITALOPRAM_20,Citalopram,REN,P30536,0.000406009319704,0.0008521621930412,0.8,TSPO,none
SMOKE_CITALOPRAM_20,Citalopram,REN,P01375,0.00049927161308,0.0004319658910389,1.0,TNF,none
SMOKE_CITALOPRAM_20,Citalopram,REN,Q99720,0.0133577287197113,0.0119506949558854,1.0,SIGMAR1,none
SMOKE_CITALOPRAM_20,Citalopram,REP,P35414,-0.0008119061822071,0.0029117718804627,0.4,APLNR,none
SMOKE_CITALOPRAM_20,Citalopram,REP,P24530,-0.0001406364171998,0.0003770001931115,0.4,EDNRB,none
SMOKE_CITALOPRAM_20,Citalopram,REP,P30518,-0.0003170631825923,0.0009607973624952,0.4,AVPR2,none
SMOKE_CITALOPRAM_20,Citalopram,REP,P35346,0.0004096217453479,0.0013375960988923,0.6,SSTR5,none
SMOKE_CITALOPRAM_20,Citalopram,REP,Q9Y271,-0.0042295111343264,0.0039543667808175,0.2,CYSLTR1,secondary
SMOKE_CITALOPRAM_20,Citalopram,REP,P34998,-0.0002448990999255,0.0005462022381834,0.4,CRHR1,none
SMOKE_CITALOPRAM_20,Citalopram,REP,P30874,-0.0002651892718859,0.0003780083206947,0.2,SSTR2,none
SMOKE_CITALOPRAM_20,Citalopram,REP,P34995,0.0008489817264489,0.0010797823779284,0.8,PTGER1,none
SMOKE_CITALOPRAM_20,Citalopram,REP,P08173,0.000492081802804,0.0007475657039321,0.8,CHRM4,none
SMOKE_CITALOPRAM_20,Citalopram,REP,P30988,0.0002412125468254,0.0007177351508289,0.6,CALCR,none
SMOKE_CITALOPRAM_20,Citalopram,REP,P41595,-0.0002182833850383,0.0005345515091903,0.4,HTR2B,none
SMOKE_CITALOPRAM_20,Citalopram,REP,P35408,-0.00022622718825,0.0002696517913136,0.2,PTGER4,none
SMOKE_CITALOPRAM_20,Citalopram,REP,P21918,-0.0046529374085366,0.0068922280333936,0.4,DRD5,none
SMOKE_CITALOPRAM_20,Citalopram,REP,P31391,-0.0011357553303241,0.0020281297620385,0.2,SSTR4,none
SMOKE_CITALOPRAM_20,Citalopram,REP,P30968,-0.0010869696270674,0.0014871483435854,0.2,GNRHR,secondary
SMOKE_CITALOPRAM_20,Citalopram,REP,P08913,-0.0001134343474404,9.552250412525608e-05,0.0,ADRA2A,none
SMOKE_CITALOPRAM_20,Citalopram,REP,Q13639,-0.000654762960039,0.0017697275616228,0.6,HTR4,none
SMOKE_CITALOPRAM_20,Citalopram,REP,P43116,0.0004816062864847,0.001996697159484,0.6,PTGER2,none
SMOKE_CITALOPRAM_20,Citalopram,REP,P37288,-0.0004256963729858,0.001555469003506,0.6,AVPR1A,none
SMOKE_CITALOPRAM_20,Citalopram,REP,P28222,-0.0004633352218661,0.0004984313272871,0.2,HTR1B,none
SMOKE_CITALOPRAM_20,Citalopram,REP,P32238,0.0001174755379906,0.0012178306933492,0.6,CCKAR,none
SMOKE_CITALOPRAM_20,Citalopram,REP,P18825,-0.0001697570114629,0.0001992129837162,0.4,ADRA2C,none
SMOKE_CITALOPRAM_20,Citalopram,REP,P30872,6.778910756111145e-05,0.0001847207022365,0.6,SSTR1,secondary
SMOKE_CITALOPRAM_20,Citalopram,REP,P47901,0.00054881721735,0.0011236513964831,0.8,AVPR1B,none
SMOKE_CITALOPRAM_20,Citalopram,REP,P25021,-0.0013798348372802,0.0012998076854273,0.2,HRH2,none
SMOKE_CITALOPRAM_20,Citalopram,REP,P18089,0.0011753805447369,0.0014794482849538,1.0,ADRA2B,none
SMOKE_CITALOPRAM_20,Citalopram,REP,P48039,-0.002169833285734,0.0026113290805369,0.4,MTNR1A,none
SMOKE_CITALOPRAM_20,Citalopram,REP,P49286,-0.0010209359461441,0.0017827592091634,0.4,MTNR1B,none
SMOKE_CITALOPRAM_20,Citalopram,REP,P43088,0.000281738495687,0.0004941652878187,0.6,PTGFR,none
SMOKE_CITALOPRAM_20,Citalopram,REP,P41146,0.0003778934478759,0.0005527713219635,0.8,OPRL1,none
SMOKE_CITALOPRAM_20,Citalopram,REP,P32745,-0.0003538400051183,0.000440073228674,0.2,SSTR3,none
SMOKE_CITALOPRAM_20,Citalopram,REP,P08912,-0.0004432290734257,0.0026392040308564,0.6,CHRM5,none
SMOKE_CITALOPRAM_20,Citalopram,REP,P21728,-0.0007651284104213,0.0024545807391405,0.2,DRD1,direct
SMOKE_CITALOPRAM_20,Citalopram,REP,Q9UBS5,0.0003023326280526,0.0010019798064604,0.6,GABBR1,none
SMOKE_CITALOPRAM_20,Citalopram,REP,P07550,-0.0009570143884047,0.0013493746519088,0.4,ADRB2,none
SMOKE_CITALOPRAM_20,Citalopram,REP,P61073,-0.0004506506083998,0.0012700733495876,0.6,CXCR4,secondary
SMOKE_CITALOPRAM_20,Citalopram,REP,P08172,-0.0008262395858764,0.0012470021611079,0.2,CHRM2,none
SMOKE_CITALOPRAM_20,Citalopram,REP,P08588,-2.078711986541748e-05,0.0014763291692361,0.4,ADRB1,none
SMOKE_CITALOPRAM_20,Citalopram,REP,P08908,0.0008702099439688,0.0021764144767075,0.8,HTR1A,none
SMOKE_CITALOPRAM_20,Citalopram,REP,P11229,0.0003753267228603,0.0012719704536721,0.6,CHRM1,none
SMOKE_CITALOPRAM_20,Citalopram,REP,P14416,-0.0026247457135468,0.0043824482709169,0.4,DRD2,none
SMOKE_CITALOPRAM_20,Citalopram,REP,P21554,-0.0005930073675699,0.0004707919142674,0.2,CNR1,none
SMOKE_CITALOPRAM_20,Citalopram,REP,P21917,0.00038368627429,0.0015166627708822,0.6,DRD4,none
SMOKE_CITALOPRAM_20,Citalopram,REP,O43193,2.2032856577425264e-05,0.0004129106819164,0.4,MLNR,none
SMOKE_CITALOPRAM_20,Citalopram,REP,P25100,0.00020008161664,0.0004344883491285,0.4,ADRA1D,secondary
SMOKE_CITALOPRAM_20,Citalopram,REP,P28223,0.0006916895508766,0.0010610165772959,0.8,HTR2A,none
SMOKE_CITALOPRAM_20,Citalopram,REP,P28335,-0.0001616939844097,0.0003662679519038,0.6,HTR2C,direct
SMOKE_CITALOPRAM_20,Citalopram,REP,P30542,0.0009155392763204,0.0007429959368892,1.0,ADORA1,none
SMOKE_CITALOPRAM_20,Citalopram,REP,P30556,0.0004673399089369,0.0008396165794692,0.6,AGTR1,none
SMOKE_CITALOPRAM_20,Citalopram,REP,P35348,0.0026739351451396,0.0035302629694342,1.0,ADRA1A,direct
SMOKE_CITALOPRAM_20,Citalopram,REP,P35367,-0.0018653615843504,0.0018972228281199,0.2,HRH1,none
SMOKE_CITALOPRAM_20,Citalopram,REP,P35368,-0.0003832951188087,0.0009434899548068,0.4,ADRA1B,secondary
SMOKE_CITALOPRAM_20,Citalopram,REP,P21452,0.0008890025201253,0.0011522021377459,0.8,TACR2,direct
SMOKE_CITALOPRAM_20,Citalopram,REP,P35372,0.000364382576663,0.0017925862921401,0.6,OPRM1,none
SMOKE_CITALOPRAM_20,Citalopram,REP,P35462,0.0005819358048029,0.0046832268126308,0.6,DRD3,none
SMOKE_CITALOPRAM_20,Citalopram,REP,P41143,1.3762712114839816e-05,3.642211231635884e-05,0.6,OPRD1,none
SMOKE_CITALOPRAM_20,Citalopram,REP,P41145,0.0006921536987647,0.0010164134437218,0.8,OPRK1,none
SMOKE_CITALOPRAM_20,Citalopram,REP,P32246,-0.0004004850925412,0.0004848097742069,0.0,CCR1,none
SMOKE_CITALOPRAM_20,Citalopram,REP,P25025,-0.000445938843768,0.0016894530272111,0.6,CXCR2,none
SMOKE_CITALOPRAM_20,Citalopram,REP,P20309,-0.0004290066717658,0.0014136728132143,0.4,CHRM3,none
SMOKE_CITALOPRAM_20,Citalopram,REP,P13945,-0.0001134961858042,0.0011783206136897,0.4,ADRB3,none
SMOKE_CITALOPRAM_20,Citalopram,REP,P25103,0.0008574448293074,0.0009151393314823,0.8,TACR1,direct
SMOKE_CITALOPRAM_20,Citalopram,REP,P25105,1.0979920261888765e-05,8.103548316285014e-05,0.6,PTAFR,none
SMOKE_CITALOPRAM_20,Citalopram,REP,P29274,-0.0019121110672131,0.0024892401415854,0.2,ADORA2A,none
SMOKE_CITALOPRAM_20,Citalopram,REP,P25101,0.0006736248615197,0.000504971423652,0.8,EDNRA,none
SMOKE_CITALOPRAM_20,Citalopram,REP,P34972,0.0001000814154394,0.0017732921987771,0.6,CNR2,none
SMOKE_CITALOPRAM_20,Citalopram,REP,P29275,0.0017056316137313,0.002106393687427,0.8,ADORA2B,none
SMOKE_CITALOPRAM_20,Citalopram,REP,P0DMS8,-5.355328175937757e-05,0.000384663027944,0.4,ADORA3,none
SMOKE_CITALOPRAM_20,Citalopram,REP,P32245,0.0004348814545664,0.0008750396082177,0.6,MC4R,none
SMOKE_CITALOPRAM_20,Citalopram,REP,Q9Y5N1,-6.318837222352158e-06,5.386475095292553e-06,0.2,HRH3,none
SMOKE_CITALOPRAM_20,Citalopram,REP,P51681,0.0001319147704634,0.0005413416656665,0.6,CCR5,none
SMOKE_CITALOPRAM_20,Citalopram,REP,P32239,0.0002065561711788,0.0004258851404301,0.6,CCKBR,none
SMOKE_CITALOPRAM_20,Citalopram,REP,P30543,-0.0003114566206932,0.0003207993868272,0.2,ADORA2A,none
SMOKE_CITALOPRAM_20,Citalopram,REP,P34969,-0.0044187335297465,0.006552733015269,0.2,HTR7,none
SMOKE_CITALOPRAM_20,Citalopram,REP,P30411,-0.000652621674817,0.0008997384575195,0.4,BDKRB2,none
SMOKE_CITALOPRAM_20,Citalopram,REP,P41594,0.0003009155334439,0.0030924200545996,0.8,GRM5,none
SMOKE_CITALOPRAM_20,Citalopram,REP,P50406,0.0006863489979878,0.0006229259306564,1.0,HTR6,none
SMOKE_CITALOPRAM_20,Citalopram,REP,P47898,-2.503246105334256e-05,0.0001486461114836,0.4,HTR5A,none
SMOKE_CITALOPRAM_20,Citalopram,REP,P28564,-0.0001578196824993,0.0005513749201782,0.6,HTR1B,none
SMOKE_CITALOPRAM_20,Citalopram,REP,P43115,-0.0029634125530719,0.0022615746129304,0.0,PTGER3,none
SMOKE_CITALOPRAM_20,Citalopram,REP,Q9H3N8,9.495392441749571e-05,0.0001893761073006,0.6,HRH4,none
SMOKE_CITALOPRAM_20,Citalopram,REP,Q9UKP6,0.0003272228059358,0.0002219430025434,1.0,UTS2R,none
SMOKE_CITALOPRAM_20,Citalopram,REP,Q01726,-0.0008063189452514,0.0007178668165579,0.0,MC1R,none
SMOKE_CITALOPRAM_20,Citalopram,REP,Q16602,-4.902482032775879e-06,1.96765067812521e-05,0.6,CALCRL,none
SMOKE_CITALOPRAM_20,Citalopram,REP,P41597,0.0010790579253807,0.0028114416636526,0.4,CCR2,none
SMOKE_CITALOPRAM_20,Citalopram,REP,P49146,-0.0004527643322944,0.0005467497976496,0.4,NPY2R,none
SMOKE_CITALOPRAM_20,Citalopram,REP,P25024,0.0001258090196643,0.0007563527324236,0.4,CXCR1,none
SMOKE_CITALOPRAM_20,Citalopram,REP,P32247,0.0008916847291402,0.0011449886951595,1.0,BRS3,none
SMOKE_CITALOPRAM_20,Citalopram,REP,P30989,0.0004588574229273,0.0006149837281554,0.8,NTSR1,none
SMOKE_CITALOPRAM_20,Citalopram,REP,P46663,-0.0005386330303736,0.0004751939268317,0.0,BDKRB1,none
SMOKE_CITALOPRAM_20,Citalopram,REP,Q9NS75,0.000609403825365,0.0014945144066587,0.6,CYSLTR2,secondary
SMOKE_CITALOPRAM_20,Citalopram,REP,P29371,-0.000219959023525,0.0007192905759438,0.2,TACR3,secondary
SMOKE_CITALOPRAM_20,Citalopram,REP,P41587,8.584409806644544e-05,0.0007156713982112,0.6,VIPR2,secondary
SMOKE_CITALOPRAM_20,Citalopram,REP,P50052,0.0001833863498177,0.0002479091053828,0.8,AGTR2,none
SMOKE_CITALOPRAM_20,Citalopram,REP,P33032,6.550327088916674e-05,0.0002583775203675,0.2,MC5R,none
SMOKE_CITALOPRAM_20,Citalopram,REP,Q92847,-0.0006109193200245,0.0007662851712666,0.2,GHSR,none
SMOKE_CITALOPRAM_20,Citalopram,REP,P41968,-0.0002469837781973,0.0002720719203352,0.2,MC3R,none
SMOKE_CITALOPRAM_20,Citalopram,REP,P25929,-0.0001568675070302,0.0004167685110587,0.4,NPY1R,none
SMOKE_CITALOPRAM_20,Citalopram,REP,O43614,-0.000989855849184,0.0018117864383384,0.4,HCRTR2,secondary
SMOKE_CITALOPRAM_20,Citalopram,REP,P49238,-0.0002166867197956,0.0003533715207595,0.2,CX3CR1,none
SMOKE_CITALOPRAM_20,Citalopram,REP,O43613,0.0004191003681626,0.0004922744119539,1.0,HCRTR1,none
SMOKE_CITALOPRAM_20,Citalopram,REP,P32241,7.02291708876146e-06,0.0001185542569146,0.4,VIPR1,none
SMOKE_CITALOPRAM_20,Citalopram,REP,Q8TDU6,0.0001746624766383,0.0005832565948367,0.6,GPBAR1,none
SMOKE_CITALOPRAM_20,Citalopram,REP,P01275,0.0003740824759006,0.0005523341242223,0.8,GCG,none
SMOKE_CITALOPRAM_20,Citalopram,REP,Q96LB1,-6.254166510188952e-05,0.0001982346293516,0.4,MRGPRX2,secondary
SMOKE_CITALOPRAM_20,Citalopram,REP,Q61224,-6.122887134552002e-05,0.000164532510098,0.4,HTR1D,none
SMOKE_CITALOPRAM_20,Citalopram,REP,O75899,-0.0014363236259669,0.0015799342654645,0.2,GABBR2,none
SMOKE_CITALOPRAM_20,Citalopram,REP,P51787,1.0950863725156523e-05,2.349659553146921e-05,0.8,KCNQ1,none
SMOKE_CITALOPRAM_20,Citalopram,REP,P43681,-0.0008457049843855,0.0014169064816087,0.4,CHRNA4,none
SMOKE_CITALOPRAM_20,Citalopram,REP,P46098,-0.0022097653709352,0.0018345001153647,0.0,HTR3A,none
SMOKE_CITALOPRAM_20,Citalopram,REP,Q13936,0.0002741619828157,0.0004165442369412,0.6,CACNA1C,none
SMOKE_CITALOPRAM_20,Citalopram,REP,P14867,-1.6845762729644775e-05,6.434422539314255e-05,0.2,GABRA1,none
SMOKE_CITALOPRAM_20,Citalopram,REP,Q14524,5.518049147212878e-05,0.0002263730712002,0.6,SCN5A,none
SMOKE_CITALOPRAM_20,Citalopram,REP,Q05586,0.0006632677977904,0.0005468471208587,1.0,GRIN1,none
SMOKE_CITALOPRAM_20,Citalopram,REP,Q92952,0.0005320087075233,0.0006435993709601,1.0,KCNN1,none
SMOKE_CITALOPRAM_20,Citalopram,REP,Q12809,0.0019987397827208,0.003803304163739,0.8,KCNH2,none
SMOKE_CITALOPRAM_20,Citalopram,REP,P56373,6.319656677078456e-05,0.0004863741341978,0.6,P2RX3,none
SMOKE_CITALOPRAM_20,Citalopram,REP,P07727,-0.0003540567995514,0.0008668914670124,0.4,GLRA1,none
SMOKE_CITALOPRAM_20,Citalopram,REP,Q9UGI6,-2.7941912776441317e-05,3.0449138648691587e-05,0.4,KCNN3,none
SMOKE_CITALOPRAM_20,Citalopram,REP,P22002,5.952790525043383e-05,3.7304533179849386e-05,1.0,CACNA1C,none
SMOKE_CITALOPRAM_20,Citalopram,REP,Q99250,0.0010022915666922,0.0008525088778696,1.0,SCN2A,none
SMOKE_CITALOPRAM_20,Citalopram,REP,Q9H2S1,9.743943519424648e-05,0.0002562975569162,0.6,KCNN2,none
SMOKE_CITALOPRAM_20,Citalopram,REP,Q99572,5.589127613347955e-05,0.0005375584587454,0.8,P2RX7,none
SMOKE_CITALOPRAM_20,Citalopram,REP,P02708,0.0001860707998275,0.0003071354876738,0.6,CHRNA1,none
SMOKE_CITALOPRAM_20,Citalopram,REP,Q02294,-0.0001611143379705,0.0001888584083644,0.2,CACNA1B,none
SMOKE_CITALOPRAM_20,Citalopram,REP,P18507,0.000305738300085,0.0009026235784403,0.6,GABRG2,none
SMOKE_CITALOPRAM_20,Citalopram,REP,P12821,0.0007134340703487,0.0010567498393356,0.6,ACE,none
SMOKE_CITALOPRAM_20,Citalopram,REP,P21397,0.0020915293134748,0.0027350015006959,1.0,MAOA,none
SMOKE_CITALOPRAM_20,Citalopram,REP,P27338,0.0012896545231342,0.0023833764716982,0.6,MAOB,none
SMOKE_CITALOPRAM_20,Citalopram,REP,P22303,0.0002798698842525,0.0014790222048759,0.6,ACHE,none
SMOKE_CITALOPRAM_20,Citalopram,REP,P23219,-0.0001740992011036,0.000431626685895,0.4,PTGS1,none
SMOKE_CITALOPRAM_20,Citalopram,REP,P35354,-6.459579162765294e-05,0.0003236963821109,0.6,PTGS2,none
SMOKE_CITALOPRAM_20,Citalopram,REP,P42574,-0.0008073590579442,0.001084141083993,0.2,CASP3,none
SMOKE_CITALOPRAM_20,Citalopram,REP,Q14432,0.0002017073275055,0.0005019497475586,0.6,PDE3A,none
SMOKE_CITALOPRAM_20,Citalopram,REP,P07339,0.000125450635096,0.0002229746169177,0.6,CTSD,none
SMOKE_CITALOPRAM_20,Citalopram,REP,O00408,8.877590153133497e-05,0.0020283530466258,0.6,PDE2A,none
SMOKE_CITALOPRAM_20,Citalopram,REP,Q08499,-0.0022560202050954,0.0025801460724323,0.2,PDE4D,none
SMOKE_CITALOPRAM_20,Citalopram,REP,Q13370,0.0011247753864154,0.0032606804743409,0.8,PDE3B,none
SMOKE_CITALOPRAM_20,Citalopram,REP,P14780,0.0008048519375734,0.0008318460313603,1.0,MMP9,none
SMOKE_CITALOPRAM_20,Citalopram,REP,P03956,-0.0012845866149291,0.0013401107862591,0.2,MMP1,none
SMOKE_CITALOPRAM_20,Citalopram,REP,P08253,0.0001516237825853,0.0002224930794909,0.8,MMP2,none
SMOKE_CITALOPRAM_20,Citalopram,REP,Q9UDY8,0.0008942142012529,0.002498519141227,0.6,MALT1,none
SMOKE_CITALOPRAM_20,Citalopram,REP,P80457,0.0002133794187102,0.0005466144066303,0.8,XDH,none
SMOKE_CITALOPRAM_20,Citalopram,REP,Q9BYF1,-0.0010593443876132,0.0012646064860746,0.4,ACE2,none
SMOKE_CITALOPRAM_20,Citalopram,REP,P08311,0.0001530066074337,0.0002717774477787,0.8,CTSG,none
SMOKE_CITALOPRAM_20,Citalopram,REP,P56817,-4.445314334589057e-05,7.360606105066836e-05,0.2,BACE1,none
SMOKE_CITALOPRAM_20,Citalopram,REP,P00519,0.0005350783467292,0.0020366893149912,0.6,ABL1,none
SMOKE_CITALOPRAM_20,Citalopram,REP,P17948,-2.713799403863959e-05,0.0001975370687432,0.6,FLT1,none
SMOKE_CITALOPRAM_20,Citalopram,REP,P10721,6.013363417878281e-06,9.84341841103742e-06,0.8,KIT,none
SMOKE_CITALOPRAM_20,Citalopram,REP,P06213,-0.0001860834599938,0.0003188640694133,0.2,INSR,none
SMOKE_CITALOPRAM_20,Citalopram,REP,P00533,0.0003168553230352,0.000421534088673,0.8,EGFR,none
SMOKE_CITALOPRAM_20,Citalopram,REP,Q96GD4,-0.0003915607812814,0.0004501029034145,0.2,AURKB,none
SMOKE_CITALOPRAM_20,Citalopram,REP,P06239,-0.0005918964743614,0.0012455489486455,0.4,LCK,none
SMOKE_CITALOPRAM_20,Citalopram,REP,Q16539,-0.0007748939096927,0.0022334160748869,0.2,MAPK14,none
SMOKE_CITALOPRAM_20,Citalopram,REP,P49841,-0.000642686325591,0.0006943708285689,0.2,GSK3B,none
SMOKE_CITALOPRAM_20,Citalopram,REP,P12931,0.0005391307058744,0.0007666879100725,0.8,SRC,none
SMOKE_CITALOPRAM_20,Citalopram,REP,Q05397,-0.0002907246234826,0.0002526766329538,0.2,PTK2,none
SMOKE_CITALOPRAM_20,Citalopram,REP,P35968,-0.0013920366764068,0.0015465293545275,0.0,KDR,none
SMOKE_CITALOPRAM_20,Citalopram,REP,P43403,0.0007321685552597,0.000650327943731,0.8,ZAP70,none
SMOKE_CITALOPRAM_20,Citalopram,REP,P04629,0.003122020047158,0.0032650614157319,0.8,NTRK1,none
SMOKE_CITALOPRAM_20,Citalopram,REP,P49840,5.5833905207691714e-05,0.0005076036322861,0.4,GSK3A,none
SMOKE_CITALOPRAM_20,Citalopram,REP,O75116,-0.0001828804670367,0.0004707816988229,0.6,ROCK2,none
SMOKE_CITALOPRAM_20,Citalopram,REP,P17252,-0.0013187527656555,0.0016989380819723,0.2,PRKCA,none
SMOKE_CITALOPRAM_20,Citalopram,REP,P24941,-0.0011351763969287,0.0005417103529907,0.0,CDK2,none
SMOKE_CITALOPRAM_20,Citalopram,REP,Q13464,0.0004933021846227,0.00097118987469,0.8,ROCK1,none
SMOKE_CITALOPRAM_20,Citalopram,REP,P48736,0.0004122227546758,0.0004228881152812,0.8,PIK3CG,none
SMOKE_CITALOPRAM_20,Citalopram,REP,O14733,-0.0004781760217156,0.000349108770024,0.0,MAP2K7,none
SMOKE_CITALOPRAM_20,Citalopram,REP,Q13315,0.0008009292068891,0.00049109646352,1.0,ATM,secondary
SMOKE_CITALOPRAM_20,Citalopram,REP,P07948,0.0011467977892607,0.0011705142678692,0.8,LYN,none
SMOKE_CITALOPRAM_20,Citalopram,REP,P28482,-0.0002960272249765,0.0005227662040852,0.2,MAPK1,none
SMOKE_CITALOPRAM_20,Citalopram,REP,Q9UQM7,-0.0001114234328269,0.0004684772575274,0.4,CAMK2A,none
SMOKE_CITALOPRAM_20,Citalopram,REP,O14965,0.0002482213021721,0.0018325023120269,0.4,AURKA,secondary
SMOKE_CITALOPRAM_20,Citalopram,REP,Q15118,0.0001225866435561,0.0011736318701878,0.2,PDK1,secondary
SMOKE_CITALOPRAM_20,Citalopram,REP,Q8TDR2,0.0011622689198702,0.0012506954371929,0.8,STK35,none
SMOKE_CITALOPRAM_20,Citalopram,REP,P10275,-0.0005183987086638,0.0016686322633177,0.4,AR,direct
SMOKE_CITALOPRAM_20,Citalopram,REP,P04150,0.0004415854928083,0.0007313993992283,0.6,NR3C1,none
SMOKE_CITALOPRAM_20,Citalopram,REP,P10276,0.0013185061980038,0.0015943509060889,0.8,RARA,none
SMOKE_CITALOPRAM_20,Citalopram,REP,P03372,0.001497846096754,0.0011947269085794,1.0,ESR1,none
SMOKE_CITALOPRAM_20,Citalopram,REP,P19793,-0.0014115914236754,0.0019686860032379,0.0,RXRA,none
SMOKE_CITALOPRAM_20,Citalopram,REP,P06401,0.0040410161018371,0.0023945267312228,1.0,PGR,none
SMOKE_CITALOPRAM_20,Citalopram,REP,P37231,-0.0006580278277397,0.0020402995869517,0.4,PPARG,none
SMOKE_CITALOPRAM_20,Citalopram,REP,Q92731,0.0015443756710737,0.0037982768844813,0.8,ESR2,secondary
SMOKE_CITALOPRAM_20,Citalopram,REP,P55055,-0.0021309978328645,0.0031799597200006,0.2,NR1H2,none
SMOKE_CITALOPRAM_20,Citalopram,REP,P30531,-0.001325225806795,0.001796156167984,0.2,SLC6A1,none
SMOKE_CITALOPRAM_20,Citalopram,REP,P23975,-0.0015504680341109,0.0026830737479031,0.4,SLC6A2,none
SMOKE_CITALOPRAM_20,Citalopram,REP,P31645,0.0003759115934371,0.0005365182878449,0.6,SLC6A4,direct
SMOKE_CITALOPRAM_20,Citalopram,REP,Q01959,0.0016844265628606,0.0020750160329043,0.8,SLC6A3,none
SMOKE_CITALOPRAM_20,Citalopram,REP,P31652,-7.485151581931859e-05,0.0001406296214554,0.4,SLC6A4,direct
SMOKE_CITALOPRAM_20,Citalopram,REP,P23977,0.000904488551896,0.0011613623937591,0.8,SLC6A3,none
SMOKE_CITALOPRAM_20,Citalopram,REP,Q9GZV3,0.0006142646307125,0.0004911358118988,1.0,SLC5A7,none
SMOKE_CITALOPRAM_20,Citalopram,REP,P28572,0.0008227862417697,0.0007696625543758,0.8,SLC6A9,none
SMOKE_CITALOPRAM_20,Citalopram,REP,P30536,2.01672319235513e-05,0.0010080661159008,0.6,TSPO,none
SMOKE_CITALOPRAM_20,Citalopram,REP,P01375,0.0001422904460923,0.0002265684597659,0.8,TNF,none
SMOKE_CITALOPRAM_20,Citalopram,REP,Q99720,0.0047019575722515,0.0052525671198964,1.0,SIGMAR1,none
SMOKE_CITALOPRAM_20,Citalopram,RES,P35414,-0.0023404359817504,0.0079168491065502,0.6,APLNR,secondary
SMOKE_CITALOPRAM_20,Citalopram,RES,P24530,-0.0007243923610076,0.0003410397621337,0.0,EDNRB,direct
SMOKE_CITALOPRAM_20,Citalopram,RES,P30518,-0.0031074383296072,0.0048619331791996,0.0,AVPR2,none
SMOKE_CITALOPRAM_20,Citalopram,RES,P35346,0.0008653663098812,0.0022847901564091,0.8,SSTR5,secondary
SMOKE_CITALOPRAM_20,Citalopram,RES,Q9Y271,-0.0307048317044973,0.0109875975176692,0.0,CYSLTR1,secondary
SMOKE_CITALOPRAM_20,Citalopram,RES,P34998,-0.0011451296741142,0.0025260229595005,0.4,CRHR1,none
SMOKE_CITALOPRAM_20,Citalopram,RES,P30874,-0.0018809993052855,0.0041944310069084,0.6,SSTR2,none
SMOKE_CITALOPRAM_20,Citalopram,RES,P34995,0.0035086087882518,0.0034644433762878,1.0,PTGER1,secondary
SMOKE_CITALOPRAM_20,Citalopram,RES,P08173,0.0020517162047326,0.0025660824030637,0.8,CHRM4,none
SMOKE_CITALOPRAM_20,Citalopram,RES,P30988,0.0013873554999008,0.0016709540504962,1.0,CALCR,none
SMOKE_CITALOPRAM_20,Citalopram,RES,P41595,8.757412433624268e-05,0.0010844386415556,0.6,HTR2B,direct
SMOKE_CITALOPRAM_20,Citalopram,RES,P35408,-0.0010496627073734,0.0013536046026274,0.0,PTGER4,none
SMOKE_CITALOPRAM_20,Citalopram,RES,P21918,-0.0206011049449443,0.010207082144916,0.0,DRD5,none
SMOKE_CITALOPRAM_20,Citalopram,RES,P31391,-0.0063422322273254,0.010936314240098,0.0,SSTR4,none
SMOKE_CITALOPRAM_20,Citalopram,RES,P30968,-0.0052949800156056,0.0085137514397501,0.2,GNRHR,none
SMOKE_CITALOPRAM_20,Citalopram,RES,P08913,-0.0006052519893273,0.0009122770861722,0.0,ADRA2A,none
SMOKE_CITALOPRAM_20,Citalopram,RES,Q13639,0.0013178348308429,0.0032563973218202,0.6,HTR4,none
SMOKE_CITALOPRAM_20,Citalopram,RES,P43116,0.0053534423932433,0.006666581146419,0.8,PTGER2,none
SMOKE_CITALOPRAM_20,Citalopram,RES,P37288,-0.0042760767973959,0.009246427565813,0.6,AVPR1A,none
SMOKE_CITALOPRAM_20,Citalopram,RES,P28222,-0.0006462607416324,0.000555703532882,0.2,HTR1B,none
SMOKE_CITALOPRAM_20,Citalopram,RES,P32238,0.0013959649950265,0.0012106519425287,1.0,CCKAR,none
SMOKE_CITALOPRAM_20,Citalopram,RES,P18825,-0.0005896303919143,0.0006117388256825,0.2,ADRA2C,none
SMOKE_CITALOPRAM_20,Citalopram,RES,P30872,0.0005519710248336,0.0008174229296855,0.8,SSTR1,none
SMOKE_CITALOPRAM_20,Citalopram,RES,P47901,0.0018174108117818,0.0016738873673602,1.0,AVPR1B,none
SMOKE_CITALOPRAM_20,Citalopram,RES,P25021,-0.0069423005916178,0.0094364285469055,0.0,HRH2,none
SMOKE_CITALOPRAM_20,Citalopram,RES,P18089,0.0033831361215561,0.0033417269587516,1.0,ADRA2B,none
SMOKE_CITALOPRAM_20,Citalopram,RES,P48039,-0.0102952476590871,0.0147729963064193,0.2,MTNR1A,none
SMOKE_CITALOPRAM_20,Citalopram,RES,P49286,-0.0061599100008606,0.0070345397107303,0.2,MTNR1B,none
SMOKE_CITALOPRAM_20,Citalopram,RES,P43088,-0.0003994442522525,0.0021649217233061,0.8,PTGFR,none
SMOKE_CITALOPRAM_20,Citalopram,RES,P41146,0.0010138616198673,0.0019064536318182,0.6,OPRL1,none
SMOKE_CITALOPRAM_20,Citalopram,RES,P32745,-0.0019018028397113,0.0023290102835744,0.0,SSTR3,none
SMOKE_CITALOPRAM_20,Citalopram,RES,P08912,0.0038159736432135,0.0111891385167837,0.8,CHRM5,none
SMOKE_CITALOPRAM_20,Citalopram,RES,P21728,-0.0022685292642563,0.0043247924186289,0.2,DRD1,none
SMOKE_CITALOPRAM_20,Citalopram,RES,Q9UBS5,0.0007820654427632,0.0036719895433634,0.4,GABBR1,none
SMOKE_CITALOPRAM_20,Citalopram,RES,P07550,-0.0055963350459933,0.0080979606136679,0.2,ADRB2,direct
SMOKE_CITALOPRAM_20,Citalopram,RES,P61073,-0.0040353047661483,0.0048931147903203,0.2,CXCR4,none
SMOKE_CITALOPRAM_20,Citalopram,RES,P08172,-0.0049056690186262,0.0091581437736749,0.4,CHRM2,direct
SMOKE_CITALOPRAM_20,Citalopram,RES,P08588,0.0002125274331774,0.0064345286227762,0.4,ADRB1,direct
SMOKE_CITALOPRAM_20,Citalopram,RES,P08908,0.0029237561393529,0.0029648521449416,1.0,HTR1A,none
SMOKE_CITALOPRAM_20,Citalopram,RES,P11229,-0.000744055956602,0.0052366983145475,0.6,CHRM1,direct
SMOKE_CITALOPRAM_20,Citalopram,RES,P14416,-0.0058347531594336,0.0076926415786147,0.0,DRD2,none
SMOKE_CITALOPRAM_20,Citalopram,RES,P21554,-0.0022980645298957,0.0030066166073083,0.0,CNR1,none
SMOKE_CITALOPRAM_20,Citalopram,RES,P21917,0.0012911200756207,0.0015896599506959,1.0,DRD4,none
SMOKE_CITALOPRAM_20,Citalopram,RES,O43193,0.0004330396768637,0.0010459009790793,0.8,MLNR,none
SMOKE_CITALOPRAM_20,Citalopram,RES,P25100,0.0006550226244144,0.0012322479160502,0.8,ADRA1D,none
SMOKE_CITALOPRAM_20,Citalopram,RES,P28223,0.0039594382978975,0.0083927949890494,0.8,HTR2A,none
SMOKE_CITALOPRAM_20,Citalopram,RES,P28335,-0.0012290619779378,0.0011038553202524,0.0,HTR2C,none
SMOKE_CITALOPRAM_20,Citalopram,RES,P30542,0.0028139967471361,0.0035318916197866,0.8,ADORA1,none
SMOKE_CITALOPRAM_20,Citalopram,RES,P30556,0.0011073127388954,0.0029922849498689,0.4,AGTR1,direct
SMOKE_CITALOPRAM_20,Citalopram,RES,P35348,0.0068959919735789,0.0064656129106879,1.0,ADRA1A,none
SMOKE_CITALOPRAM_20,Citalopram,RES,P35367,-0.0022578351199626,0.0026557415258139,0.0,HRH1,direct
SMOKE_CITALOPRAM_20,Citalopram,RES,P35368,-0.0018632635474205,0.0030828064773231,0.6,ADRA1B,none
SMOKE_CITALOPRAM_20,Citalopram,RES,P21452,0.0034561827778816,0.0041490858420729,1.0,TACR2,direct
SMOKE_CITALOPRAM_20,Citalopram,RES,P35372,-0.0007705840980634,0.0030776937492191,0.4,OPRM1,direct
SMOKE_CITALOPRAM_20,Citalopram,RES,P35462,0.0016672562342137,0.0107418484985828,0.4,DRD3,none
SMOKE_CITALOPRAM_20,Citalopram,RES,P41143,8.554160740459338e-05,0.0001801585603971,0.8,OPRD1,none
SMOKE_CITALOPRAM_20,Citalopram,RES,P41145,0.0010196827352046,0.0022303387522697,0.8,OPRK1,none
SMOKE_CITALOPRAM_20,Citalopram,RES,P32246,-0.0017210416262969,0.0017413633177056,0.0,CCR1,none
SMOKE_CITALOPRAM_20,Citalopram,RES,P25025,-0.003158287378028,0.0077233132906258,0.4,CXCR2,none
SMOKE_CITALOPRAM_20,Citalopram,RES,P20309,-0.0005129374330863,0.0039384677074849,0.6,CHRM3,direct
SMOKE_CITALOPRAM_20,Citalopram,RES,P13945,-8.252709812950343e-05,0.0020016655325889,0.4,ADRB3,none
SMOKE_CITALOPRAM_20,Citalopram,RES,P25103,0.0011637068819254,0.0018642862560227,0.8,TACR1,direct
SMOKE_CITALOPRAM_20,Citalopram,RES,P25105,0.0001441750646336,0.0003908149374183,0.4,PTAFR,direct
SMOKE_CITALOPRAM_20,Citalopram,RES,P29274,-0.0054923654533922,0.0037859140429645,0.0,ADORA2A,none
SMOKE_CITALOPRAM_20,Citalopram,RES,P25101,0.0008858029032126,0.0004418207972776,1.0,EDNRA,none
SMOKE_CITALOPRAM_20,Citalopram,RES,P34972,-0.0018404747825115,0.0025729229673743,0.2,CNR2,none
SMOKE_CITALOPRAM_20,Citalopram,RES,P29275,0.0048176310956478,0.0055235824547708,1.0,ADORA2B,none
SMOKE_CITALOPRAM_20,Citalopram,RES,P0DMS8,0.0023796460591256,0.0045059993863105,0.6,ADORA3,direct
SMOKE_CITALOPRAM_20,Citalopram,RES,P32245,0.0004385158536024,0.0030858216341584,0.8,MC4R,none
SMOKE_CITALOPRAM_20,Citalopram,RES,Q9Y5N1,-1.9737704860745e-05,2.837552347045857e-05,0.2,HRH3,none
SMOKE_CITALOPRAM_20,Citalopram,RES,P51681,0.000286029651761,0.0018556922441348,0.4,CCR5,secondary
SMOKE_CITALOPRAM_20,Citalopram,RES,P32239,0.001529260771349,0.0018790767062455,0.8,CCKBR,none
SMOKE_CITALOPRAM_20,Citalopram,RES,P30543,-0.0010099973296746,0.0010388686787337,0.0,ADORA2A,none
SMOKE_CITALOPRAM_20,Citalopram,RES,P34969,-0.0134141724556684,0.0162759255617856,0.0,HTR7,none
SMOKE_CITALOPRAM_20,Citalopram,RES,P30411,0.0003333170025143,0.0030545252375304,0.6,BDKRB2,direct
SMOKE_CITALOPRAM_20,Citalopram,RES,P41594,-0.0021955415140837,0.0048913252539932,0.4,GRM5,none
SMOKE_CITALOPRAM_20,Citalopram,RES,P50406,0.0036089750938117,0.0046555413864552,1.0,HTR6,none
SMOKE_CITALOPRAM_20,Citalopram,RES,P47898,-0.0003150027187075,0.0007659517577849,0.4,HTR5A,none
SMOKE_CITALOPRAM_20,Citalopram,RES,P28564,-0.000207400691579,0.001162895001471,0.6,HTR1B,none
SMOKE_CITALOPRAM_20,Citalopram,RES,P43115,-0.0015705383848398,0.0116326585412025,0.4,PTGER3,none
SMOKE_CITALOPRAM_20,Citalopram,RES,Q9H3N8,-7.104165706550702e-05,0.0001307146740145,0.6,HRH4,secondary
SMOKE_CITALOPRAM_20,Citalopram,RES,Q9UKP6,0.000580726948101,0.0007353086257353,1.0,UTS2R,none
SMOKE_CITALOPRAM_20,Citalopram,RES,Q01726,-0.0033032088540494,0.0044564800336956,0.0,MC1R,none
SMOKE_CITALOPRAM_20,Citalopram,RES,Q16602,-2.753622902673669e-05,3.314369678264484e-05,0.0,CALCRL,none
SMOKE_CITALOPRAM_20,Citalopram,RES,P41597,0.0022654612548649,0.0055252276360988,0.4,CCR2,none
SMOKE_CITALOPRAM_20,Citalopram,RES,P49146,-0.0016043211799114,0.0020476470235735,0.2,NPY2R,none
SMOKE_CITALOPRAM_20,Citalopram,RES,P25024,-3.479123188299127e-05,0.0012942859902977,0.6,CXCR1,none
SMOKE_CITALOPRAM_20,Citalopram,RES,P32247,-0.0007048785919323,0.0027759119402617,0.6,BRS3,none
SMOKE_CITALOPRAM_20,Citalopram,RES,P30989,0.0018638424808159,0.0027022869326174,0.8,NTSR1,none
SMOKE_CITALOPRAM_20,Citalopram,RES,P46663,-0.0015662625664845,0.0018753467593342,0.0,BDKRB1,secondary
SMOKE_CITALOPRAM_20,Citalopram,RES,Q9NS75,0.0023594505619257,0.004119605757296,0.8,CYSLTR2,secondary
SMOKE_CITALOPRAM_20,Citalopram,RES,P29371,-0.0005900788819417,0.0007175009814091,0.2,TACR3,secondary
SMOKE_CITALOPRAM_20,Citalopram,RES,P41587,-0.0002349507121834,0.0010964561952278,0.4,VIPR2,none
SMOKE_CITALOPRAM_20,Citalopram,RES,P50052,5.385242548072711e-05,0.0012670804280787,0.6,AGTR2,direct
SMOKE_CITALOPRAM_20,Citalopram,RES,P33032,0.0002113599330186,0.0005928216269239,0.4,MC5R,none
SMOKE_CITALOPRAM_20,Citalopram,RES,Q92847,-0.0041192350909113,0.0051462794654071,0.2,GHSR,none
SMOKE_CITALOPRAM_20,Citalopram,RES,P41968,-0.0010873221326619,0.001143276807852,0.0,MC3R,none
SMOKE_CITALOPRAM_20,Citalopram,RES,P25929,0.0010947674745693,0.0014862105017527,0.8,NPY1R,none
SMOKE_CITALOPRAM_20,Citalopram,RES,O43614,-0.001343983458355,0.0036937904078513,0.4,HCRTR2,none
SMOKE_CITALOPRAM_20,Citalopram,RES,P49238,-0.0006598804029636,0.0008176820119842,0.0,CX3CR1,none
SMOKE_CITALOPRAM_20,Citalopram,RES,O43613,0.0003560528275556,0.0022387828212231,0.8,HCRTR1,none
SMOKE_CITALOPRAM_20,Citalopram,RES,P32241,0.0001207649693242,0.0002548021730035,0.6,VIPR1,none
SMOKE_CITALOPRAM_20,Citalopram,RES,Q8TDU6,0.0012431058567017,0.0029142033308744,0.6,GPBAR1,none
SMOKE_CITALOPRAM_20,Citalopram,RES,P01275,0.0017572615761309,0.0022252216003835,1.0,GCG,none
SMOKE_CITALOPRAM_20,Citalopram,RES,Q96LB1,-0.0001279935240745,0.0005415445193648,0.4,MRGPRX2,secondary
SMOKE_CITALOPRAM_20,Citalopram,RES,Q61224,0.0002705305814743,0.0007332628010772,0.8,HTR1D,none
SMOKE_CITALOPRAM_20,Citalopram,RES,O75899,-0.0006490048253908,0.0027139468584209,0.4,GABBR2,none
SMOKE_CITALOPRAM_20,Citalopram,RES,P51787,1.5348196029663086e-06,8.237773727159947e-05,0.6,KCNQ1,none
SMOKE_CITALOPRAM_20,Citalopram,RES,P43681,-0.0009132254635915,0.0013380965683609,0.2,CHRNA4,direct
SMOKE_CITALOPRAM_20,Citalopram,RES,P46098,-0.00537218619138,0.0061801518313586,0.0,HTR3A,none
SMOKE_CITALOPRAM_20,Citalopram,RES,Q13936,0.0010118525242432,0.0011465921998023,0.8,CACNA1C,none
SMOKE_CITALOPRAM_20,Citalopram,RES,P14867,-0.0001127250507124,0.0004259877314325,0.4,GABRA1,none
SMOKE_CITALOPRAM_20,Citalopram,RES,Q14524,-0.0003202680381946,0.0011769142001867,0.8,SCN5A,none
SMOKE_CITALOPRAM_20,Citalopram,RES,Q05586,-0.0004237230750732,0.0053607770241796,0.6,GRIN1,none
SMOKE_CITALOPRAM_20,Citalopram,RES,Q92952,0.0012835450470447,0.0018400960834696,0.8,KCNN1,none
SMOKE_CITALOPRAM_20,Citalopram,RES,Q12809,0.0044257258996367,0.007098414003849,1.0,KCNH2,none
SMOKE_CITALOPRAM_20,Citalopram,RES,P56373,-0.0030006647575646,0.0058449413627386,0.2,P2RX3,none
SMOKE_CITALOPRAM_20,Citalopram,RES,P07727,-0.0004566959978546,0.0027870521880686,0.2,GLRA1,secondary
SMOKE_CITALOPRAM_20,Citalopram,RES,Q9UGI6,-6.695165939163417e-05,5.311591667123139e-05,0.0,KCNN3,none
SMOKE_CITALOPRAM_20,Citalopram,RES,P22002,0.0001146253198385,0.0001777233846951,0.8,CACNA1C,none
SMOKE_CITALOPRAM_20,Citalopram,RES,Q99250,0.0024789150338619,0.0029388619586825,0.8,SCN2A,direct
SMOKE_CITALOPRAM_20,Citalopram,RES,Q9H2S1,0.0006471492233686,0.0007229325128719,1.0,KCNN2,none
SMOKE_CITALOPRAM_20,Citalopram,RES,Q99572,0.0011030990863218,0.0023339418694376,0.6,P2RX7,none
SMOKE_CITALOPRAM_20,Citalopram,RES,P02708,0.0002603776811156,0.0008227233192883,0.8,CHRNA1,direct
SMOKE_CITALOPRAM_20,Citalopram,RES,Q02294,-0.0009163297945633,0.0020758411847054,0.6,CACNA1B,none
SMOKE_CITALOPRAM_20,Citalopram,RES,P18507,0.0018193218857049,0.0021367403678596,1.0,GABRG2,secondary
SMOKE_CITALOPRAM_20,Citalopram,RES,P12821,-0.0012375742662698,0.0047497320920228,0.6,ACE,none
SMOKE_CITALOPRAM_20,Citalopram,RES,P21397,0.001514496281743,0.004710734821856,0.6,MAOA,none
SMOKE_CITALOPRAM_20,Citalopram,RES,P27338,-0.0028995685279369,0.0081506390124559,0.2,MAOB,none
SMOKE_CITALOPRAM_20,Citalopram,RES,P22303,0.0020150940399616,0.0022299624979496,0.6,ACHE,direct
SMOKE_CITALOPRAM_20,Citalopram,RES,P23219,-0.0009570337715558,0.0018342473777011,0.2,PTGS1,direct
SMOKE_CITALOPRAM_20,Citalopram,RES,P35354,-0.0001490395516157,0.0018103257752954,0.4,PTGS2,none
SMOKE_CITALOPRAM_20,Citalopram,RES,P42574,-0.000649063673336,0.0016013382701203,0.4,CASP3,none
SMOKE_CITALOPRAM_20,Citalopram,RES,Q14432,0.0010556746274232,0.0026066019199788,0.6,PDE3A,none
SMOKE_CITALOPRAM_20,Citalopram,RES,P07339,7.580593228340149e-05,0.0002496254455763,0.6,CTSD,none
SMOKE_CITALOPRAM_20,Citalopram,RES,O00408,-0.0024054073728621,0.0053393929265439,0.4,PDE2A,none
SMOKE_CITALOPRAM_20,Citalopram,RES,Q08499,-0.0105259250849485,0.0093177175149321,0.0,PDE4D,none
SMOKE_CITALOPRAM_20,Citalopram,RES,Q13370,-0.0003792412462644,0.0089793661609292,0.6,PDE3B,none
SMOKE_CITALOPRAM_20,Citalopram,RES,P14780,0.0021363708656281,0.0026726492214947,0.8,MMP9,none
SMOKE_CITALOPRAM_20,Citalopram,RES,P03956,-0.0044760704040527,0.0044382545165717,0.0,MMP1,none
SMOKE_CITALOPRAM_20,Citalopram,RES,P08253,0.0007759380969218,0.0010264622978866,0.8,MMP2,none
SMOKE_CITALOPRAM_20,Citalopram,RES,Q9UDY8,0.0003899265138898,0.0060205133631825,0.6,MALT1,none
SMOKE_CITALOPRAM_20,Citalopram,RES,P80457,0.0009202893706969,0.0013510005082935,0.8,XDH,secondary
SMOKE_CITALOPRAM_20,Citalopram,RES,Q9BYF1,-0.0051397471688687,0.0077342730946838,0.2,ACE2,none
SMOKE_CITALOPRAM_20,Citalopram,RES,P08311,0.0017977494280785,0.0013004349311813,1.0,CTSG,none
SMOKE_CITALOPRAM_20,Citalopram,RES,P56817,-8.624419933767058e-06,0.0003143746580462,0.4,BACE1,none
SMOKE_CITALOPRAM_20,Citalopram,RES,P00519,0.0029818092007189,0.0036785104312002,1.0,ABL1,none
SMOKE_CITALOPRAM_20,Citalopram,RES,P17948,-0.0002123296289937,0.0006306809955276,0.2,FLT1,none
SMOKE_CITALOPRAM_20,Citalopram,RES,P10721,1.234412229678128e-05,1.6427860828116536e-05,0.6,KIT,none
SMOKE_CITALOPRAM_20,Citalopram,RES,P06213,-0.0001645423471927,0.0001900330971693,0.2,INSR,none
SMOKE_CITALOPRAM_20,Citalopram,RES,P00533,0.000495146610774,0.0006277649081312,0.8,EGFR,none
SMOKE_CITALOPRAM_20,Citalopram,RES,Q96GD4,-0.0012800231343135,0.0011671208776533,0.0,AURKB,none
SMOKE_CITALOPRAM_20,Citalopram,RES,P06239,-0.0009682569652795,0.0018398349639028,0.4,LCK,none
SMOKE_CITALOPRAM_20,Citalopram,RES,Q16539,0.0023269802331924,0.0050138989463448,0.4,MAPK14,none
SMOKE_CITALOPRAM_20,Citalopram,RES,P49841,-0.0039035216905176,0.0045546805486083,0.0,GSK3B,none
SMOKE_CITALOPRAM_20,Citalopram,RES,P12931,-0.0010345622431486,0.0030939613934606,0.6,SRC,none
SMOKE_CITALOPRAM_20,Citalopram,RES,Q05397,-0.0008112594368867,0.0008230915409512,0.0,PTK2,none
SMOKE_CITALOPRAM_20,Citalopram,RES,P35968,-0.0054010413587093,0.0048642037436366,0.0,KDR,none
SMOKE_CITALOPRAM_20,Citalopram,RES,P43403,0.0011451251339167,0.0023653719108551,0.8,ZAP70,none
SMOKE_CITALOPRAM_20,Citalopram,RES,P04629,0.0097537217661738,0.0106803998351097,1.0,NTRK1,none
SMOKE_CITALOPRAM_20,Citalopram,RES,P49840,-0.0006316840881481,0.002192293992266,0.8,GSK3A,none
SMOKE_CITALOPRAM_20,Citalopram,RES,O75116,-0.0010952915763482,0.0019345093751326,0.4,ROCK2,none
SMOKE_CITALOPRAM_20,Citalopram,RES,P17252,-0.0040812059305608,0.0040184180252254,0.0,PRKCA,none
SMOKE_CITALOPRAM_20,Citalopram,RES,P24941,-0.0056582088582217,0.0072171036154031,0.0,CDK2,none
SMOKE_CITALOPRAM_20,Citalopram,RES,Q13464,0.0042624799534678,0.0059740687720477,1.0,ROCK1,none
SMOKE_CITALOPRAM_20,Citalopram,RES,P48736,0.0009616035968065,0.0004955438780598,1.0,PIK3CG,none
SMOKE_CITALOPRAM_20,Citalopram,RES,O14733,9.75977600319311e-05,0.0019834202248603,0.4,MAP2K7,none
SMOKE_CITALOPRAM_20,Citalopram,RES,Q13315,-0.0010202802950516,0.0047585861757397,0.6,ATM,none
SMOKE_CITALOPRAM_20,Citalopram,RES,P07948,0.0034817736595869,0.0042347866110503,0.8,LYN,none
SMOKE_CITALOPRAM_20,Citalopram,RES,P28482,-0.000638660043478,0.0003895426925737,0.0,MAPK1,none
SMOKE_CITALOPRAM_20,Citalopram,RES,Q9UQM7,-0.0018989428644999,0.0044088452123105,0.4,CAMK2A,none
SMOKE_CITALOPRAM_20,Citalopram,RES,O14965,0.0039600078016519,0.005697104614228,0.8,AURKA,none
SMOKE_CITALOPRAM_20,Citalopram,RES,Q15118,-0.0001102860987884,0.0022878050804138,0.4,PDK1,none
SMOKE_CITALOPRAM_20,Citalopram,RES,Q8TDR2,0.0016067151445895,0.0014286887599155,1.0,STK35,none
SMOKE_CITALOPRAM_20,Citalopram,RES,P10275,0.0013018172467127,0.0031872515100985,0.8,AR,direct
SMOKE_CITALOPRAM_20,Citalopram,RES,P04150,0.002778374357149,0.0037953313440084,1.0,NR3C1,none
SMOKE_CITALOPRAM_20,Citalopram,RES,P10276,0.0021057252306491,0.0056313006207346,0.8,RARA,none
SMOKE_CITALOPRAM_20,Citalopram,RES,P03372,0.0065860315226018,0.0061980136670172,1.0,ESR1,none
SMOKE_CITALOPRAM_20,Citalopram,RES,P19793,-0.0051572574302554,0.0051779635250568,0.0,RXRA,none
SMOKE_CITALOPRAM_20,Citalopram,RES,P06401,0.0094953523948788,0.0104539180174469,1.0,PGR,none
SMOKE_CITALOPRAM_20,Citalopram,RES,P37231,-0.0049139964394271,0.0087860114872455,0.4,PPARG,none
SMOKE_CITALOPRAM_20,Citalopram,RES,Q92731,-0.0063366033136844,0.0369792766869068,0.6,ESR2,none
SMOKE_CITALOPRAM_20,Citalopram,RES,P55055,-0.0144489761441946,0.0214026812463998,0.0,NR1H2,none
SMOKE_CITALOPRAM_20,Citalopram,RES,P30531,-0.0038809017278254,0.00411680014804,0.0,SLC6A1,none
SMOKE_CITALOPRAM_20,Citalopram,RES,P23975,-0.0084067629650235,0.0088246259838342,0.0,SLC6A2,none
SMOKE_CITALOPRAM_20,Citalopram,RES,P31645,0.0029113362543284,0.0033884551376104,1.0,SLC6A4,none
SMOKE_CITALOPRAM_20,Citalopram,RES,Q01959,0.0058031314983963,0.0054588303901255,1.0,SLC6A3,none
SMOKE_CITALOPRAM_20,Citalopram,RES,P31652,-0.0002921458217315,0.0002093074872391,0.0,SLC6A4,none
SMOKE_CITALOPRAM_20,Citalopram,RES,P23977,0.0025454447604715,0.0021757367067039,1.0,SLC6A3,none
SMOKE_CITALOPRAM_20,Citalopram,RES,Q9GZV3,0.0002898082020692,0.0009693835163488,0.8,SLC5A7,secondary
SMOKE_CITALOPRAM_20,Citalopram,RES,P28572,0.0023850470315665,0.0020614420063793,1.0,SLC6A9,none
SMOKE_CITALOPRAM_20,Citalopram,RES,P30536,-0.0001532968162791,0.0017903053667396,0.4,TSPO,secondary
SMOKE_CITALOPRAM_20,Citalopram,RES,P01375,0.0007023066282272,0.0008932975470088,1.0,TNF,none
SMOKE_CITALOPRAM_20,Citalopram,RES,Q99720,0.0145942717790603,0.0187146235257387,0.8,SIGMAR1,none
SMOKE_CITALOPRAM_20,Citalopram,SKI,P35414,-0.0051812725141644,0.0133513612672686,0.4,APLNR,none
SMOKE_CITALOPRAM_20,Citalopram,SKI,P24530,-0.0009866536129266,0.0004233593645039,0.0,EDNRB,none
SMOKE_CITALOPRAM_20,Citalopram,SKI,P30518,-0.0043601160869002,0.0058973059058189,0.2,AVPR2,none
SMOKE_CITALOPRAM_20,Citalopram,SKI,P35346,0.0002871148171834,0.006563451141119,0.6,SSTR5,none
SMOKE_CITALOPRAM_20,Citalopram,SKI,Q9Y271,-0.0468364879488945,0.0082693314179778,0.0,CYSLTR1,none
SMOKE_CITALOPRAM_20,Citalopram,SKI,P34998,-0.0046982383355498,0.0085117164999246,0.2,CRHR1,none
SMOKE_CITALOPRAM_20,Citalopram,SKI,P30874,-0.0024648129474371,0.0057439035736024,0.6,SSTR2,none
SMOKE_CITALOPRAM_20,Citalopram,SKI,P34995,0.0059910765849053,0.0051512643694877,1.0,PTGER1,none
SMOKE_CITALOPRAM_20,Citalopram,SKI,P08173,0.0045522772707045,0.0046798945404589,1.0,CHRM4,none
SMOKE_CITALOPRAM_20,Citalopram,SKI,P30988,0.0033816515933722,0.0044764564372599,1.0,CALCR,none
SMOKE_CITALOPRAM_20,Citalopram,SKI,P41595,0.0018887609476223,0.0039988728240132,0.6,HTR2B,none
SMOKE_CITALOPRAM_20,Citalopram,SKI,P35408,-0.0014657520223408,0.0019196277717128,0.0,PTGER4,none
SMOKE_CITALOPRAM_20,Citalopram,SKI,P21918,-0.0205700397491455,0.007544734980911,0.0,DRD5,secondary
SMOKE_CITALOPRAM_20,Citalopram,SKI,P31391,-0.0086624752730131,0.0146355992183089,0.2,SSTR4,none
SMOKE_CITALOPRAM_20,Citalopram,SKI,P30968,-0.0124059487134218,0.0117590306326746,0.0,GNRHR,none
SMOKE_CITALOPRAM_20,Citalopram,SKI,P08913,-0.0010461136698722,0.0012149635003879,0.0,ADRA2A,none
SMOKE_CITALOPRAM_20,Citalopram,SKI,Q13639,0.0062356935814023,0.0102284727618098,0.6,HTR4,none
SMOKE_CITALOPRAM_20,Citalopram,SKI,P43116,0.0117713557556271,0.0099365608766675,1.0,PTGER2,none
SMOKE_CITALOPRAM_20,Citalopram,SKI,P37288,-0.0100664868950843,0.0142949381843209,0.4,AVPR1A,none
SMOKE_CITALOPRAM_20,Citalopram,SKI,P28222,-0.0011469743913039,0.0009217669721692,0.0,HTR1B,none
SMOKE_CITALOPRAM_20,Citalopram,SKI,P32238,0.003489090828225,0.0034807263873517,0.8,CCKAR,none
SMOKE_CITALOPRAM_20,Citalopram,SKI,P18825,-0.0012402705615386,0.0015377944801002,0.2,ADRA2C,secondary
SMOKE_CITALOPRAM_20,Citalopram,SKI,P30872,0.0001166068032034,0.001243544393219,0.6,SSTR1,none
SMOKE_CITALOPRAM_20,Citalopram,SKI,P47901,0.0038519657682627,0.0039832261390984,1.0,AVPR1B,none
SMOKE_CITALOPRAM_20,Citalopram,SKI,P25021,-0.0101172709837555,0.0110738622024655,0.0,HRH2,none
SMOKE_CITALOPRAM_20,Citalopram,SKI,P18089,0.0071770115755498,0.0060535632073879,1.0,ADRA2B,none
SMOKE_CITALOPRAM_20,Citalopram,SKI,P48039,-0.0158499870449304,0.0192938651889562,0.0,MTNR1A,none
SMOKE_CITALOPRAM_20,Citalopram,SKI,P49286,-0.0110136959701776,0.0139753790572285,0.2,MTNR1B,none
SMOKE_CITALOPRAM_20,Citalopram,SKI,P43088,0.0002491012273821,0.0035548922605812,0.8,PTGFR,none
SMOKE_CITALOPRAM_20,Citalopram,SKI,P41146,0.0011280108010396,0.0031420385930687,0.6,OPRL1,none
SMOKE_CITALOPRAM_20,Citalopram,SKI,P32745,-0.0027360804378986,0.0029445905238389,0.0,SSTR3,none
SMOKE_CITALOPRAM_20,Citalopram,SKI,P08912,0.0063816257752478,0.0166998449712991,0.8,CHRM5,none
SMOKE_CITALOPRAM_20,Citalopram,SKI,P21728,-0.0024512852542102,0.0074919243343174,0.2,DRD1,direct
SMOKE_CITALOPRAM_20,Citalopram,SKI,Q9UBS5,0.0002123467565979,0.0078229205682873,0.6,GABBR1,none
SMOKE_CITALOPRAM_20,Citalopram,SKI,P07550,-0.00645332923159,0.0117688765749335,0.4,ADRB2,none
SMOKE_CITALOPRAM_20,Citalopram,SKI,P61073,-0.0045223073102533,0.0063819037750363,0.0,CXCR4,none
SMOKE_CITALOPRAM_20,Citalopram,SKI,P08172,-0.0064753452315926,0.0123414015397429,0.4,CHRM2,none
SMOKE_CITALOPRAM_20,Citalopram,SKI,P08588,0.0044419369660317,0.01272389665246,0.6,ADRB1,none
SMOKE_CITALOPRAM_20,Citalopram,SKI,P08908,0.0063443309627473,0.0083939442411065,0.6,HTR1A,none
SMOKE_CITALOPRAM_20,Citalopram,SKI,P11229,7.927716069389135e-05,0.008754439651966,0.6,CHRM1,none
SMOKE_CITALOPRAM_20,Citalopram,SKI,P14416,-0.0145802171900868,0.0246129222214221,0.2,DRD2,none
SMOKE_CITALOPRAM_20,Citalopram,SKI,P21554,-0.0044742412865161,0.0034763684961944,0.0,CNR1,none
SMOKE_CITALOPRAM_20,Citalopram,SKI,P21917,0.0031551339197903,0.003001295030117,1.0,DRD4,secondary
SMOKE_CITALOPRAM_20,Citalopram,SKI,O43193,0.0012568838428705,0.0025574844330549,0.8,MLNR,none
SMOKE_CITALOPRAM_20,Citalopram,SKI,P25100,0.0014864541590213,0.0012194488663226,1.0,ADRA1D,none
SMOKE_CITALOPRAM_20,Citalopram,SKI,P28223,0.0036517865955829,0.0156083954498171,0.8,HTR2A,none
SMOKE_CITALOPRAM_20,Citalopram,SKI,P28335,-0.0030269310809671,0.0024774731136858,0.0,HTR2C,none
SMOKE_CITALOPRAM_20,Citalopram,SKI,P30542,0.0056125102564692,0.0064628352411091,0.8,ADORA1,none
SMOKE_CITALOPRAM_20,Citalopram,SKI,P30556,0.0059011885896325,0.00715660629794,1.0,AGTR1,none
SMOKE_CITALOPRAM_20,Citalopram,SKI,P35348,0.0169352404773235,0.0174615532159805,1.0,ADRA1A,none
SMOKE_CITALOPRAM_20,Citalopram,SKI,P35367,-0.0034723475109785,0.0049655111506581,0.4,HRH1,none
SMOKE_CITALOPRAM_20,Citalopram,SKI,P35368,-0.0021506645716726,0.004748445469886,0.6,ADRA1B,none
SMOKE_CITALOPRAM_20,Citalopram,SKI,P21452,0.0085845878347754,0.0090449275448918,1.0,TACR2,none
SMOKE_CITALOPRAM_20,Citalopram,SKI,P35372,-0.0013700530398637,0.0024880694691091,0.4,OPRM1,none
SMOKE_CITALOPRAM_20,Citalopram,SKI,P35462,0.0047527798451483,0.0214299522340297,0.4,DRD3,secondary
SMOKE_CITALOPRAM_20,Citalopram,SKI,P41143,0.00011480152898,0.0001867129903985,0.8,OPRD1,none
SMOKE_CITALOPRAM_20,Citalopram,SKI,P41145,-0.0035703754983842,0.0056930719874799,0.4,OPRK1,none
SMOKE_CITALOPRAM_20,Citalopram,SKI,P32246,-0.0041227703914046,0.0051814503967761,0.2,CCR1,none
SMOKE_CITALOPRAM_20,Citalopram,SKI,P25025,-0.0039076767861843,0.0128728486597538,0.6,CXCR2,none
SMOKE_CITALOPRAM_20,Citalopram,SKI,P20309,0.0017086726147681,0.0085673695430159,0.6,CHRM3,none
SMOKE_CITALOPRAM_20,Citalopram,SKI,P13945,0.0004430934786796,0.0035837006289511,0.6,ADRB3,none
SMOKE_CITALOPRAM_20,Citalopram,SKI,P25103,0.004811730235815,0.0067345262505114,0.8,TACR1,none
SMOKE_CITALOPRAM_20,Citalopram,SKI,P25105,0.0001597277878317,0.0005017797229811,0.4,PTAFR,none
SMOKE_CITALOPRAM_20,Citalopram,SKI,P29274,-0.0065980330109596,0.004685228690505,0.0,ADORA2A,none
SMOKE_CITALOPRAM_20,Citalopram,SKI,P25101,0.0011700361501425,0.0014319086913019,0.8,EDNRA,none
SMOKE_CITALOPRAM_20,Citalopram,SKI,P34972,0.0051824948750436,0.0163985099643468,0.8,CNR2,none
SMOKE_CITALOPRAM_20,Citalopram,SKI,P29275,0.0092156957834959,0.0076477578841149,1.0,ADORA2B,none
SMOKE_CITALOPRAM_20,Citalopram,SKI,P0DMS8,0.0077382428571581,0.0091787483543157,0.8,ADORA3,none
SMOKE_CITALOPRAM_20,Citalopram,SKI,P32245,0.0002032555639743,0.0051273284479975,0.6,MC4R,secondary
SMOKE_CITALOPRAM_20,Citalopram,SKI,Q9Y5N1,-4.378408266347833e-05,0.0001159430248662,0.2,HRH3,none
SMOKE_CITALOPRAM_20,Citalopram,SKI,P51681,0.0003287307918071,0.0038686944171786,0.4,CCR5,none
SMOKE_CITALOPRAM_20,Citalopram,SKI,P32239,0.0031436204444617,0.0041962014511227,0.8,CCKBR,none
SMOKE_CITALOPRAM_20,Citalopram,SKI,P30543,-0.0020244643092155,0.0023088802117854,0.0,ADORA2A,none
SMOKE_CITALOPRAM_20,Citalopram,SKI,P34969,-0.0239722579717636,0.0276652760803699,0.0,HTR7,none
SMOKE_CITALOPRAM_20,Citalopram,SKI,P30411,0.0027999454177916,0.0077309696935117,0.6,BDKRB2,none
SMOKE_CITALOPRAM_20,Citalopram,SKI,P41594,-0.005538273602724,0.0089129628613591,0.2,GRM5,none
SMOKE_CITALOPRAM_20,Citalopram,SKI,P50406,0.00724533572793,0.0073245270177721,0.8,HTR6,none
SMOKE_CITALOPRAM_20,Citalopram,SKI,P47898,-0.0005097716930322,0.0008092370117083,0.4,HTR5A,none
SMOKE_CITALOPRAM_20,Citalopram,SKI,P28564,-0.0008370176074095,0.0022712436039,0.6,HTR1B,none
SMOKE_CITALOPRAM_20,Citalopram,SKI,P43115,-0.0093732606619596,0.0251418948173522,0.4,PTGER3,none
SMOKE_CITALOPRAM_20,Citalopram,SKI,Q9H3N8,-0.0002228841185569,0.0003200083447154,0.2,HRH4,none
SMOKE_CITALOPRAM_20,Citalopram,SKI,Q9UKP6,0.0013607867294922,0.0012326542055234,1.0,UTS2R,none
SMOKE_CITALOPRAM_20,Citalopram,SKI,Q01726,-0.0059606460854411,0.0079667996615171,0.2,MC1R,none
SMOKE_CITALOPRAM_20,Citalopram,SKI,Q16602,-6.03310763835907e-05,7.938396447570994e-05,0.2,CALCRL,none
SMOKE_CITALOPRAM_20,Citalopram,SKI,P41597,0.0064964084886014,0.0125167462974786,0.8,CCR2,none
SMOKE_CITALOPRAM_20,Citalopram,SKI,P49146,-0.0035548799205571,0.0051819020882248,0.0,NPY2R,secondary
SMOKE_CITALOPRAM_20,Citalopram,SKI,P25024,-0.0004203125718049,0.001671526231803,0.4,CXCR1,none
SMOKE_CITALOPRAM_20,Citalopram,SKI,P32247,0.0018717609345912,0.00736238155514,0.8,BRS3,none
SMOKE_CITALOPRAM_20,Citalopram,SKI,P30989,0.0039124153554439,0.0042834468185901,1.0,NTSR1,none
SMOKE_CITALOPRAM_20,Citalopram,SKI,P46663,-0.003285176353529,0.0035609274636954,0.0,BDKRB1,none
SMOKE_CITALOPRAM_20,Citalopram,SKI,Q9NS75,0.0043033435940742,0.0089670456945896,0.6,CYSLTR2,none
SMOKE_CITALOPRAM_20,Citalopram,SKI,P29371,-0.0007877968018874,0.0026320531032979,0.4,TACR3,none
SMOKE_CITALOPRAM_20,Citalopram,SKI,P41587,-0.0006844103336334,0.0027298477943986,0.4,VIPR2,none
SMOKE_CITALOPRAM_20,Citalopram,SKI,P50052,0.0012076764833182,0.0026299301534891,0.6,AGTR2,none
SMOKE_CITALOPRAM_20,Citalopram,SKI,P33032,-0.0001137100189225,0.0009867976186797,0.4,MC5R,none
SMOKE_CITALOPRAM_20,Citalopram,SKI,Q92847,-0.004798193462193,0.0062408996745944,0.2,GHSR,none
SMOKE_CITALOPRAM_20,Citalopram,SKI,P41968,-0.0014834485482424,0.0012371984776109,0.0,MC3R,secondary
SMOKE_CITALOPRAM_20,Citalopram,SKI,P25929,0.0032961585093289,0.00547781214118,0.6,NPY1R,none
SMOKE_CITALOPRAM_20,Citalopram,SKI,O43614,-0.0019421160686761,0.0050357328727841,0.4,HCRTR2,none
SMOKE_CITALOPRAM_20,Citalopram,SKI,P49238,-0.0010331958765164,0.0020721785258501,0.4,CX3CR1,none
SMOKE_CITALOPRAM_20,Citalopram,SKI,O43613,0.0023935758508741,0.0051470207981765,0.8,HCRTR1,secondary
SMOKE_CITALOPRAM_20,Citalopram,SKI,P32241,0.0002277895837323,0.0003243040991947,0.6,VIPR1,none
SMOKE_CITALOPRAM_20,Citalopram,SKI,Q8TDU6,0.0036990374792367,0.005096863489598,0.8,GPBAR1,none
SMOKE_CITALOPRAM_20,Citalopram,SKI,P01275,0.0024404674768447,0.0020986045710742,1.0,GCG,secondary
SMOKE_CITALOPRAM_20,Citalopram,SKI,Q96LB1,0.0002022422850131,0.0010554764885455,0.6,MRGPRX2,none
SMOKE_CITALOPRAM_20,Citalopram,SKI,Q61224,0.000290110707283,0.0013015809236094,0.6,HTR1D,none
SMOKE_CITALOPRAM_20,Citalopram,SKI,O75899,-0.0051117152906954,0.0084977364167571,0.2,GABBR2,none
SMOKE_CITALOPRAM_20,Citalopram,SKI,P51787,1.2880564099759796e-05,0.0001377597509417,0.4,KCNQ1,none
SMOKE_CITALOPRAM_20,Citalopram,SKI,P43681,-0.0017631262307986,0.0045861820690333,0.4,CHRNA4,none
SMOKE_CITALOPRAM_20,Citalopram,SKI,P46098,-0.0095246601849794,0.0091117434203624,0.0,HTR3A,none
SMOKE_CITALOPRAM_20,Citalopram,SKI,Q13936,0.0021990344393998,0.0019206866854801,0.8,CACNA1C,none
SMOKE_CITALOPRAM_20,Citalopram,SKI,P14867,-0.0001233689545188,0.000664081191644,0.6,GABRA1,none
SMOKE_CITALOPRAM_20,Citalopram,SKI,Q14524,-0.0012799769174307,0.0020104781724512,0.4,SCN5A,none
SMOKE_CITALOPRAM_20,Citalopram,SKI,Q05586,0.0054568452760577,0.0119110867381095,0.8,GRIN1,none
SMOKE_CITALOPRAM_20,Citalopram,SKI,Q92952,0.0025716549716889,0.0034196788910776,0.6,KCNN1,none
SMOKE_CITALOPRAM_20,Citalopram,SKI,Q12809,0.0103152338415384,0.0181875806301832,0.8,KCNH2,none
SMOKE_CITALOPRAM_20,Citalopram,SKI,P56373,-0.002565796719864,0.0107640149071812,0.2,P2RX3,none
SMOKE_CITALOPRAM_20,Citalopram,SKI,P07727,-0.0013514056336134,0.0048790704458951,0.2,GLRA1,none
SMOKE_CITALOPRAM_20,Citalopram,SKI,Q9UGI6,-0.0001443713845219,0.0001905946119222,0.0,KCNN3,none
SMOKE_CITALOPRAM_20,Citalopram,SKI,P22002,0.0004288956406526,0.0005210470408201,0.8,CACNA1C,none
SMOKE_CITALOPRAM_20,Citalopram,SKI,Q99250,0.0035622245632112,0.0045046880841255,0.8,SCN2A,none
SMOKE_CITALOPRAM_20,Citalopram,SKI,Q9H2S1,0.000965160143096,0.0005859284428879,1.0,KCNN2,none
SMOKE_CITALOPRAM_20,Citalopram,SKI,Q99572,0.0013010188704356,0.0032802575733512,0.6,P2RX7,none
SMOKE_CITALOPRAM_20,Citalopram,SKI,P02708,0.0005318306502886,0.0015318777877837,0.8,CHRNA1,none
SMOKE_CITALOPRAM_20,Citalopram,SKI,Q02294,-0.001628951751627,0.0028996597975492,0.2,CACNA1B,none
SMOKE_CITALOPRAM_20,Citalopram,SKI,P18507,0.0025823391042649,0.0025680789258331,1.0,GABRG2,secondary
SMOKE_CITALOPRAM_20,Citalopram,SKI,P12821,0.0016778245335444,0.0057650748640298,0.8,ACE,none
SMOKE_CITALOPRAM_20,Citalopram,SKI,P21397,0.0031667300499975,0.0121168652549386,0.6,MAOA,none
SMOKE_CITALOPRAM_20,Citalopram,SKI,P27338,-0.0037751451600342,0.0158919263631105,0.4,MAOB,none
SMOKE_CITALOPRAM_20,Citalopram,SKI,P22303,0.0043310462497174,0.0048166862688958,0.6,ACHE,none
SMOKE_CITALOPRAM_20,Citalopram,SKI,P23219,-0.0007185317808762,0.002192925196141,0.4,PTGS1,none
SMOKE_CITALOPRAM_20,Citalopram,SKI,P35354,0.0007700659334659,0.0049228523857891,0.4,PTGS2,none
SMOKE_CITALOPRAM_20,Citalopram,SKI,P42574,0.0003102541086263,0.004285036586225,0.4,CASP3,none
SMOKE_CITALOPRAM_20,Citalopram,SKI,Q14432,0.0017208233475685,0.0035322883632034,0.6,PDE3A,none
SMOKE_CITALOPRAM_20,Citalopram,SKI,P07339,0.0007410377147607,0.0013375674607232,0.8,CTSD,none
SMOKE_CITALOPRAM_20,Citalopram,SKI,O00408,-0.0003548186214175,0.0101639861240983,0.6,PDE2A,none
SMOKE_CITALOPRAM_20,Citalopram,SKI,Q08499,-0.0225785560905933,0.0186490155756473,0.0,PDE4D,none
SMOKE_CITALOPRAM_20,Citalopram,SKI,Q13370,-0.0009218312916345,0.0176876354962587,0.4,PDE3B,none
SMOKE_CITALOPRAM_20,Citalopram,SKI,P14780,0.0064960336312651,0.0094304010272026,0.8,MMP9,none
SMOKE_CITALOPRAM_20,Citalopram,SKI,P03956,-0.0076155299320816,0.0060538807883858,0.0,MMP1,none
SMOKE_CITALOPRAM_20,Citalopram,SKI,P08253,0.0009557328885421,0.0012864778982475,0.8,MMP2,none
SMOKE_CITALOPRAM_20,Citalopram,SKI,Q9UDY8,0.0034532609861344,0.0112464725971221,0.6,MALT1,none
SMOKE_CITALOPRAM_20,Citalopram,SKI,P80457,0.002969206077978,0.0049965502694249,0.8,XDH,none
SMOKE_CITALOPRAM_20,Citalopram,SKI,Q9BYF1,-0.0069805360399186,0.0118052242323756,0.2,ACE2,none
SMOKE_CITALOPRAM_20,Citalopram,SKI,P08311,0.0043635563924908,0.0043307039886713,1.0,CTSG,none
SMOKE_CITALOPRAM_20,Citalopram,SKI,P56817,-0.0001683644950389,0.0006284398841671,0.4,BACE1,none
SMOKE_CITALOPRAM_20,Citalopram,SKI,P00519,0.0105735305696725,0.0112532014027237,1.0,ABL1,none
SMOKE_CITALOPRAM_20,Citalopram,SKI,P17948,0.000338112557074,0.001861068769358,0.6,FLT1,none
SMOKE_CITALOPRAM_20,Citalopram,SKI,P10721,2.77824692602735e-05,4.695818279287778e-05,1.0,KIT,none
SMOKE_CITALOPRAM_20,Citalopram,SKI,P06213,-0.0004851505218539,0.000437227776274,0.0,INSR,none
SMOKE_CITALOPRAM_20,Citalopram,SKI,P00533,0.0012508466606959,0.0013420463073998,1.0,EGFR,none
SMOKE_CITALOPRAM_20,Citalopram,SKI,Q96GD4,-0.0023461752571165,0.001922195428051,0.0,AURKB,none
SMOKE_CITALOPRAM_20,Citalopram,SKI,P06239,-0.0011147216428071,0.0050118532963097,0.4,LCK,none
SMOKE_CITALOPRAM_20,Citalopram,SKI,Q16539,0.0043986006639897,0.0092871775850653,0.6,MAPK14,none
SMOKE_CITALOPRAM_20,Citalopram,SKI,P49841,-0.0069129369221627,0.0058877663686871,0.0,GSK3B,none
SMOKE_CITALOPRAM_20,Citalopram,SKI,P12931,0.0005585636827163,0.0056742215529084,0.6,SRC,none
SMOKE_CITALOPRAM_20,Citalopram,SKI,Q05397,-0.0019486874807626,0.0024900510907173,0.0,PTK2,none
SMOKE_CITALOPRAM_20,Citalopram,SKI,P35968,-0.0077473679557442,0.0074569038115441,0.0,KDR,none
SMOKE_CITALOPRAM_20,Citalopram,SKI,P43403,0.0003215074539184,0.0038894256576895,0.8,ZAP70,none
SMOKE_CITALOPRAM_20,Citalopram,SKI,P04629,0.0182896964251995,0.0182181242853403,1.0,NTRK1,none
SMOKE_CITALOPRAM_20,Citalopram,SKI,P49840,-0.0001091830417863,0.0043183588422834,0.6,GSK3A,none
SMOKE_CITALOPRAM_20,Citalopram,SKI,O75116,-0.0001894109009299,0.0026259573642164,0.6,ROCK2,none
SMOKE_CITALOPRAM_20,Citalopram,SKI,P17252,-0.0063481060788035,0.00513765681535,0.0,PRKCA,secondary
SMOKE_CITALOPRAM_20,Citalopram,SKI,P24941,-0.0112793883308768,0.0119845978915691,0.0,CDK2,none
SMOKE_CITALOPRAM_20,Citalopram,SKI,Q13464,0.0099309645593166,0.0103450706228613,1.0,ROCK1,none
SMOKE_CITALOPRAM_20,Citalopram,SKI,P48736,0.001329805701971,0.0016005724901333,0.8,PIK3CG,none
SMOKE_CITALOPRAM_20,Citalopram,SKI,O14733,0.0004165910067968,0.0033879477996379,0.6,MAP2K7,none
SMOKE_CITALOPRAM_20,Citalopram,SKI,Q13315,-0.0015386238228529,0.0099084032699465,0.6,ATM,none
SMOKE_CITALOPRAM_20,Citalopram,SKI,P07948,0.0060119437985122,0.0062918318435549,0.8,LYN,none
SMOKE_CITALOPRAM_20,Citalopram,SKI,P28482,-0.0021335161291062,0.003388920566067,0.2,MAPK1,none
SMOKE_CITALOPRAM_20,Citalopram,SKI,Q9UQM7,-0.0032828501425683,0.0068137058988213,0.4,CAMK2A,none
SMOKE_CITALOPRAM_20,Citalopram,SKI,O14965,0.0089052431285381,0.0121833086013793,0.8,AURKA,none
SMOKE_CITALOPRAM_20,Citalopram,SKI,Q15118,-0.001318285590969,0.0071115144528448,0.4,PDK1,secondary
SMOKE_CITALOPRAM_20,Citalopram,SKI,Q8TDR2,0.0046827285550534,0.005475906189531,1.0,STK35,none
SMOKE_CITALOPRAM_20,Citalopram,SKI,P10275,-0.0023284233175218,0.0123684247955679,0.4,AR,none
SMOKE_CITALOPRAM_20,Citalopram,SKI,P04150,0.0045521087013185,0.0051125069148838,1.0,NR3C1,none
SMOKE_CITALOPRAM_20,Citalopram,SKI,P10276,0.0035828836262226,0.0073452768847346,0.6,RARA,none
SMOKE_CITALOPRAM_20,Citalopram,SKI,P03372,0.0084970500320196,0.0055010486394166,1.0,ESR1,none
SMOKE_CITALOPRAM_20,Citalopram,SKI,P19793,-0.0073515148833394,0.0093971248716115,0.2,RXRA,none
SMOKE_CITALOPRAM_20,Citalopram,SKI,P06401,0.0180046372115612,0.0168892350047826,1.0,PGR,none
SMOKE_CITALOPRAM_20,Citalopram,SKI,P37231,-0.0043177204206585,0.0113873882219195,0.6,PPARG,none
SMOKE_CITALOPRAM_20,Citalopram,SKI,Q92731,-0.0005666688084602,0.050660029053688,0.6,ESR2,secondary
SMOKE_CITALOPRAM_20,Citalopram,SKI,P55055,-0.0291295107454061,0.0321613401174545,0.0,NR1H2,none
SMOKE_CITALOPRAM_20,Citalopram,SKI,P30531,-0.0080154156312346,0.0098974471911787,0.0,SLC6A1,secondary
SMOKE_CITALOPRAM_20,Citalopram,SKI,P23975,-0.0078359823673963,0.0079778768122196,0.0,SLC6A2,none
SMOKE_CITALOPRAM_20,Citalopram,SKI,P31645,0.0043895677663385,0.00524757290259,1.0,SLC6A4,none
SMOKE_CITALOPRAM_20,Citalopram,SKI,Q01959,0.0136915687471628,0.0134499445557594,1.0,SLC6A3,direct
SMOKE_CITALOPRAM_20,Citalopram,SKI,P31652,-0.000718611467164,0.0005642438773065,0.0,SLC6A4,none
SMOKE_CITALOPRAM_20,Citalopram,SKI,P23977,0.0036805614363402,0.0023590084165334,1.0,SLC6A3,direct
SMOKE_CITALOPRAM_20,Citalopram,SKI,Q9GZV3,0.0004518743662629,0.0022315105888992,0.6,SLC5A7,secondary
SMOKE_CITALOPRAM_20,Citalopram,SKI,P28572,0.0037238877266645,0.0034378895070403,0.8,SLC6A9,none
SMOKE_CITALOPRAM_20,Citalopram,SKI,P30536,-0.0010721124708652,0.0049844123423099,0.6,TSPO,none
SMOKE_CITALOPRAM_20,Citalopram,SKI,P01375,0.0012005127500742,0.0013891524868085,0.8,TNF,none
SMOKE_CITALOPRAM_20,Citalopram,SKI,Q99720,0.0293341465294361,0.0304585564881563,1.0,SIGMAR1,none
SMOKE_CITALOPRAM_20,Citalopram,VAS,P35414,-0.0024443347938358,0.0053139710798859,0.4,APLNR,none
SMOKE_CITALOPRAM_20,Citalopram,VAS,P24530,-6.357878737617284e-05,0.0001979982916964,0.2,EDNRB,direct
SMOKE_CITALOPRAM_20,Citalopram,VAS,P30518,-0.0015258677303791,0.0027461198624223,0.2,AVPR2,secondary
SMOKE_CITALOPRAM_20,Citalopram,VAS,P35346,2.9694661861867644e-05,0.0020019186194986,0.4,SSTR5,none
SMOKE_CITALOPRAM_20,Citalopram,VAS,Q9Y271,-0.0176882930099964,0.0105584794655442,0.0,CYSLTR1,none
SMOKE_CITALOPRAM_20,Citalopram,VAS,P34998,-0.0011176321422681,0.0024392632767558,0.4,CRHR1,none
SMOKE_CITALOPRAM_20,Citalopram,VAS,P30874,-0.0010039210319519,0.002295812126249,0.4,SSTR2,none
SMOKE_CITALOPRAM_20,Citalopram,VAS,P34995,0.0023733493871986,0.0022920116316527,1.0,PTGER1,none
SMOKE_CITALOPRAM_20,Citalopram,VAS,P08173,0.0014553979272022,0.0015220919158309,1.0,CHRM4,direct
SMOKE_CITALOPRAM_20,Citalopram,VAS,P30988,0.0011762861395254,0.0013193921186029,0.8,CALCR,none
SMOKE_CITALOPRAM_20,Citalopram,VAS,P41595,-6.075650526327081e-05,0.0012546444777399,0.4,HTR2B,direct
SMOKE_CITALOPRAM_20,Citalopram,VAS,P35408,-0.0005987398326396,0.0010757095878943,0.0,PTGER4,none
SMOKE_CITALOPRAM_20,Citalopram,VAS,P21918,-0.0123023372143507,0.0066990405321121,0.0,DRD5,none
SMOKE_CITALOPRAM_20,Citalopram,VAS,P31391,-0.0040527991950511,0.0069747795350849,0.0,SSTR4,none
SMOKE_CITALOPRAM_20,Citalopram,VAS,P30968,-0.0035563916899263,0.0050398628227412,0.0,GNRHR,none
SMOKE_CITALOPRAM_20,Citalopram,VAS,P08913,-0.0003536283911671,0.0005301746423356,0.2,ADRA2A,direct
SMOKE_CITALOPRAM_20,Citalopram,VAS,Q13639,0.0005903340643271,0.0021162105258554,0.4,HTR4,direct
SMOKE_CITALOPRAM_20,Citalopram,VAS,P43116,0.0037674098275601,0.0037287455052137,0.8,PTGER2,none
SMOKE_CITALOPRAM_20,Citalopram,VAS,P37288,-0.0025966900866478,0.0052716508507728,0.4,AVPR1A,direct
SMOKE_CITALOPRAM_20,Citalopram,VAS,P28222,-0.0003712426987476,0.0002496148808859,0.0,HTR1B,direct
SMOKE_CITALOPRAM_20,Citalopram,VAS,P32238,0.0012556839501485,0.0010283790761604,0.8,CCKAR,none
SMOKE_CITALOPRAM_20,Citalopram,VAS,P18825,-0.0003937631845474,0.0004048818955197,0.2,ADRA2C,none
SMOKE_CITALOPRAM_20,Citalopram,VAS,P30872,0.0002540916320867,0.0004272953083273,0.6,SSTR1,none
SMOKE_CITALOPRAM_20,Citalopram,VAS,P47901,0.0015565697103738,0.0017514489591121,0.8,AVPR1B,none
SMOKE_CITALOPRAM_20,Citalopram,VAS,P25021,-0.0041528050787746,0.0061157275922596,0.0,HRH2,direct
SMOKE_CITALOPRAM_20,Citalopram,VAS,P18089,0.0026110534090548,0.002337027573958,1.0,ADRA2B,direct
SMOKE_CITALOPRAM_20,Citalopram,VAS,P48039,-0.0058723236434161,0.0089280139654874,0.2,MTNR1A,none
SMOKE_CITALOPRAM_20,Citalopram,VAS,P49286,-0.0037653103936463,0.0043232194148004,0.0,MTNR1B,direct
SMOKE_CITALOPRAM_20,Citalopram,VAS,P43088,-0.0002147987543139,0.0017652343958616,0.6,PTGFR,none
SMOKE_CITALOPRAM_20,Citalopram,VAS,P41146,0.0006548587116412,0.0012947403592988,0.8,OPRL1,none
SMOKE_CITALOPRAM_20,Citalopram,VAS,P32745,-0.0011241473257541,0.0016409296076744,0.0,SSTR3,none
SMOKE_CITALOPRAM_20,Citalopram,VAS,P08912,0.0022266781888902,0.0070923962630331,0.6,CHRM5,none
SMOKE_CITALOPRAM_20,Citalopram,VAS,P21728,-0.0010977048659697,0.0023480397649109,0.6,DRD1,direct
SMOKE_CITALOPRAM_20,Citalopram,VAS,Q9UBS5,6.29011556156911e-05,0.0026136718224734,0.4,GABBR1,none
SMOKE_CITALOPRAM_20,Citalopram,VAS,P07550,-0.0029796487651765,0.0053712399676442,0.4,ADRB2,direct
SMOKE_CITALOPRAM_20,Citalopram,VAS,P61073,-0.002476354362443,0.0039928900077939,0.0,CXCR4,secondary
SMOKE_CITALOPRAM_20,Citalopram,VAS,P08172,-0.0018093414837494,0.003411391749978,0.4,CHRM2,direct
SMOKE_CITALOPRAM_20,Citalopram,VAS,P08588,0.0008541453862562,0.0036921789869666,0.6,ADRB1,direct
SMOKE_CITALOPRAM_20,Citalopram,VAS,P08908,0.0015818427782505,0.0018685000250115,0.8,HTR1A,none
SMOKE_CITALOPRAM_20,Citalopram,VAS,P11229,-0.0001154072597273,0.002559813670814,0.6,CHRM1,direct
SMOKE_CITALOPRAM_20,Citalopram,VAS,P14416,-0.0037479177117347,0.0063440329395234,0.4,DRD2,direct
SMOKE_CITALOPRAM_20,Citalopram,VAS,P21554,-0.0014345534145832,0.0018927515484392,0.2,CNR1,none
SMOKE_CITALOPRAM_20,Citalopram,VAS,P21917,0.0008195523405447,0.0008650993113406,1.0,DRD4,none
SMOKE_CITALOPRAM_20,Citalopram,VAS,O43193,0.0002051997871603,0.0005514401127584,0.6,MLNR,none
SMOKE_CITALOPRAM_20,Citalopram,VAS,P25100,0.0006598945474252,0.0012084057088941,0.6,ADRA1D,none
SMOKE_CITALOPRAM_20,Citalopram,VAS,P28223,0.0022311441134661,0.0070100692100822,0.8,HTR2A,direct
SMOKE_CITALOPRAM_20,Citalopram,VAS,P28335,-0.0005617514252662,0.0007724650204181,0.4,HTR2C,none
SMOKE_CITALOPRAM_20,Citalopram,VAS,P30542,0.0018113296246156,0.0021768440492451,0.8,ADORA1,direct
SMOKE_CITALOPRAM_20,Citalopram,VAS,P30556,0.0015185002703219,0.0022722634021192,0.6,AGTR1,direct
SMOKE_CITALOPRAM_20,Citalopram,VAS,P35348,0.0047273323871195,0.0044730729423463,1.0,ADRA1A,direct
SMOKE_CITALOPRAM_20,Citalopram,VAS,P35367,-0.0009651642176322,0.0011912162881344,0.2,HRH1,direct
SMOKE_CITALOPRAM_20,Citalopram,VAS,P35368,-0.0014045108109712,0.0020068490412086,0.2,ADRA1B,none
SMOKE_CITALOPRAM_20,Citalopram,VAS,P21452,0.002543865237385,0.0024512228555977,1.0,TACR2,none
SMOKE_CITALOPRAM_20,Citalopram,VAS,P35372,-0.0005194723489694,0.0017943608108907,0.4,OPRM1,direct
SMOKE_CITALOPRAM_20,Citalopram,VAS,P35462,0.0014740262413397,0.006418514996767,0.4,DRD3,secondary
SMOKE_CITALOPRAM_20,Citalopram,VAS,P41143,4.601403998094611e-05,8.120472921291366e-05,0.6,OPRD1,direct
SMOKE_CITALOPRAM_20,Citalopram,VAS,P41145,-0.0002337072073714,0.0011777293402701,0.4,OPRK1,direct
SMOKE_CITALOPRAM_20,Citalopram,VAS,P32246,-0.0009981121402233,0.0010151078458875,0.0,CCR1,none
SMOKE_CITALOPRAM_20,Citalopram,VAS,P25025,-0.0016852475237101,0.0043115634471178,0.8,CXCR2,none
SMOKE_CITALOPRAM_20,Citalopram,VAS,P20309,6.482377648353577e-05,0.0019141733646392,0.2,CHRM3,none
SMOKE_CITALOPRAM_20,Citalopram,VAS,P13945,-0.0001274045498576,0.0015198747860267,0.6,ADRB3,none
SMOKE_CITALOPRAM_20,Citalopram,VAS,P25103,0.0012068648356944,0.0014215271221473,0.6,TACR1,direct
SMOKE_CITALOPRAM_20,Citalopram,VAS,P25105,8.56544793350622e-05,0.0002147768682334,0.6,PTAFR,direct
SMOKE_CITALOPRAM_20,Citalopram,VAS,P29274,-0.00311880861409,0.002152093918994,0.0,ADORA2A,direct
SMOKE_CITALOPRAM_20,Citalopram,VAS,P25101,0.000331734860083,0.0002851601457223,0.8,EDNRA,direct
SMOKE_CITALOPRAM_20,Citalopram,VAS,P34972,0.0004930913564749,0.0028369629289954,0.4,CNR2,none
SMOKE_CITALOPRAM_20,Citalopram,VAS,P29275,0.0031361009459942,0.0027860146947205,1.0,ADORA2B,none
SMOKE_CITALOPRAM_20,Citalopram,VAS,P0DMS8,0.001406020252034,0.0018383265705779,0.6,ADORA3,none
SMOKE_CITALOPRAM_20,Citalopram,VAS,P32245,0.000153590372065,0.0015209638513624,0.6,MC4R,none
SMOKE_CITALOPRAM_20,Citalopram,VAS,Q9Y5N1,-1.0952726370305754e-05,2.3524406060460024e-05,0.2,HRH3,none
SMOKE_CITALOPRAM_20,Citalopram,VAS,P51681,0.0006029285723343,0.001896641915664,0.4,CCR5,none
SMOKE_CITALOPRAM_20,Citalopram,VAS,P32239,0.001249162480235,0.0016538392519578,0.8,CCKBR,none
SMOKE_CITALOPRAM_20,Citalopram,VAS,P30543,-0.0007431916892528,0.0008223254699259,0.0,ADORA2A,direct
SMOKE_CITALOPRAM_20,Citalopram,VAS,P34969,-0.0094880610704422,0.0116209806874394,0.0,HTR7,none
SMOKE_CITALOPRAM_20,Citalopram,VAS,P30411,0.0005368978017941,0.0014991692733019,0.6,BDKRB2,direct
SMOKE_CITALOPRAM_20,Citalopram,VAS,P41594,-0.0017986923921853,0.0028023624327033,0.2,GRM5,none
SMOKE_CITALOPRAM_20,Citalopram,VAS,P50406,0.0021692253649234,0.0025716791860759,0.8,HTR6,none
SMOKE_CITALOPRAM_20,Citalopram,VAS,P47898,-0.0001674544037086,0.0003614327288232,0.4,HTR5A,none
SMOKE_CITALOPRAM_20,Citalopram,VAS,P28564,-0.0002498503890819,0.0004171320179011,0.4,HTR1B,direct
SMOKE_CITALOPRAM_20,Citalopram,VAS,P43115,-0.0009473636746406,0.0075544947758316,0.4,PTGER3,none
SMOKE_CITALOPRAM_20,Citalopram,VAS,Q9H3N8,-6.149224645923823e-05,6.964056956348941e-05,0.2,HRH4,none
SMOKE_CITALOPRAM_20,Citalopram,VAS,Q9UKP6,0.0004053790180478,0.0004992890753783,0.8,UTS2R,direct
SMOKE_CITALOPRAM_20,Citalopram,VAS,Q01726,-0.0022545238025486,0.0029398226179182,0.0,MC1R,none
SMOKE_CITALOPRAM_20,Citalopram,VAS,Q16602,-1.2997537851333618e-05,1.6578433132963255e-05,0.2,CALCRL,direct
SMOKE_CITALOPRAM_20,Citalopram,VAS,P41597,0.0012962713371962,0.0035971037577837,0.4,CCR2,none
SMOKE_CITALOPRAM_20,Citalopram,VAS,P49146,-0.0013029954861849,0.0015721436357125,0.4,NPY2R,none
SMOKE_CITALOPRAM_20,Citalopram,VAS,P25024,-0.0002602703752927,0.0006789942854084,0.4,CXCR1,none
SMOKE_CITALOPRAM_20,Citalopram,VAS,P32247,-0.0011846043635159,0.0040009729564189,0.2,BRS3,none
SMOKE_CITALOPRAM_20,Citalopram,VAS,P30989,0.0014048625016584,0.0020223790779709,1.0,NTSR1,none
SMOKE_CITALOPRAM_20,Citalopram,VAS,P46663,-0.0009530905517749,0.0010177134536206,0.0,BDKRB1,secondary
SMOKE_CITALOPRAM_20,Citalopram,VAS,Q9NS75,0.0019614633638411,0.0027750134468078,0.8,CYSLTR2,secondary
SMOKE_CITALOPRAM_20,Citalopram,VAS,P29371,-0.0006212096777744,0.0005669810343533,0.2,TACR3,none
SMOKE_CITALOPRAM_20,Citalopram,VAS,P41587,-0.00036852696212,0.0008512506028637,0.4,VIPR2,none
SMOKE_CITALOPRAM_20,Citalopram,VAS,P50052,-1.264996808458818e-05,0.0010151446331292,0.2,AGTR2,direct
SMOKE_CITALOPRAM_20,Citalopram,VAS,P33032,4.119686855119653e-05,0.0002639367303345,0.4,MC5R,none
SMOKE_CITALOPRAM_20,Citalopram,VAS,Q92847,-0.0020686034113168,0.0029658174607902,0.2,GHSR,none
SMOKE_CITALOPRAM_20,Citalopram,VAS,P41968,-0.0007834706339053,0.0009767655283212,0.0,MC3R,none
SMOKE_CITALOPRAM_20,Citalopram,VAS,P25929,0.0010086208349093,0.0010544436518102,1.0,NPY1R,none
SMOKE_CITALOPRAM_20,Citalopram,VAS,O43614,-0.0007420081528834,0.0021757401991635,0.2,HCRTR2,none
SMOKE_CITALOPRAM_20,Citalopram,VAS,P49238,-0.0003771614283323,0.0005249074893072,0.2,CX3CR1,none
SMOKE_CITALOPRAM_20,Citalopram,VAS,O43613,0.0001662619470153,0.0017782743088901,0.6,HCRTR1,none
SMOKE_CITALOPRAM_20,Citalopram,VAS,P32241,0.0001136694118031,0.0001765486231306,0.6,VIPR1,none
SMOKE_CITALOPRAM_20,Citalopram,VAS,Q8TDU6,0.0011102728312835,0.0014467667788267,0.8,GPBAR1,none
SMOKE_CITALOPRAM_20,Citalopram,VAS,P01275,0.0008891463512554,0.0011542759602889,1.0,GCG,none
SMOKE_CITALOPRAM_20,Citalopram,VAS,Q96LB1,-0.0001183867425424,0.0005219397135078,0.6,MRGPRX2,none
SMOKE_CITALOPRAM_20,Citalopram,VAS,Q61224,0.0002136699913535,0.0004753236717078,0.6,HTR1D,none
SMOKE_CITALOPRAM_20,Citalopram,VAS,O75899,-0.0007387764635495,0.0014967165188863,0.4,GABBR2,none
SMOKE_CITALOPRAM_20,Citalopram,VAS,P51787,6.0953198044444434e-06,4.979458753950894e-05,0.4,KCNQ1,direct
SMOKE_CITALOPRAM_20,Citalopram,VAS,P43681,-0.0005536906537599,0.0011951739434152,0.2,CHRNA4,direct
SMOKE_CITALOPRAM_20,Citalopram,VAS,P46098,-0.0041641546413302,0.0050552636384963,0.0,HTR3A,none
SMOKE_CITALOPRAM_20,Citalopram,VAS,Q13936,0.0006811082130298,0.0007885758532211,1.0,CACNA1C,direct
SMOKE_CITALOPRAM_20,Citalopram,VAS,P14867,-9.497813880443572e-05,0.0002520426351111,0.4,GABRA1,none
SMOKE_CITALOPRAM_20,Citalopram,VAS,Q14524,-0.0002451565233059,0.0005799188511446,0.4,SCN5A,direct
SMOKE_CITALOPRAM_20,Citalopram,VAS,Q05586,-0.000467543664854,0.0036041194107383,0.6,GRIN1,none
SMOKE_CITALOPRAM_20,Citalopram,VAS,Q92952,0.0005975671228952,0.0007849056273698,0.6,KCNN1,none
SMOKE_CITALOPRAM_20,Citalopram,VAS,Q12809,0.0029209647327661,0.0040226518176496,1.0,KCNH2,direct
SMOKE_CITALOPRAM_20,Citalopram,VAS,P56373,-0.0016129094874486,0.0041026719845831,0.2,P2RX3,none
SMOKE_CITALOPRAM_20,Citalopram,VAS,P07727,-0.0002853795886039,0.0013188992161303,0.2,GLRA1,none
SMOKE_CITALOPRAM_20,Citalopram,VAS,Q9UGI6,-1.548081672808621e-05,3.36286066158209e-05,0.4,KCNN3,none
SMOKE_CITALOPRAM_20,Citalopram,VAS,P22002,9.805038280319422e-05,0.0001052645311574,0.8,CACNA1C,direct
SMOKE_CITALOPRAM_20,Citalopram,VAS,Q99250,0.0016019109170883,0.0017143877921625,1.0,SCN2A,direct
SMOKE_CITALOPRAM_20,Citalopram,VAS,Q9H2S1,0.0002963490842375,0.0003160538617521,1.0,KCNN2,none
SMOKE_CITALOPRAM_20,Citalopram,VAS,Q99572,0.0008031968027353,0.001317927497439,0.6,P2RX7,none
SMOKE_CITALOPRAM_20,Citalopram,VAS,P02708,0.0001615401415619,0.0005631153471767,0.6,CHRNA1,direct
SMOKE_CITALOPRAM_20,Citalopram,VAS,Q02294,-0.0005572267109528,0.001188100548461,0.4,CACNA1B,none
SMOKE_CITALOPRAM_20,Citalopram,VAS,P18507,0.0008156940457411,0.0008051825570873,1.0,GABRG2,none
SMOKE_CITALOPRAM_20,Citalopram,VAS,P12821,-5.417615102487616e-05,0.0024132393300533,0.8,ACE,direct
SMOKE_CITALOPRAM_20,Citalopram,VAS,P21397,0.0011859536170959,0.0037876933347433,0.8,MAOA,direct
SMOKE_CITALOPRAM_20,Citalopram,VAS,P27338,-0.0014469776069745,0.0063164215534925,0.4,MAOB,none
SMOKE_CITALOPRAM_20,Citalopram,VAS,P22303,0.0011725283693522,0.0012601448688656,0.8,ACHE,direct
SMOKE_CITALOPRAM_20,Citalopram,VAS,P23219,-0.0004825443029403,0.0010443570790812,0.4,PTGS1,none
SMOKE_CITALOPRAM_20,Citalopram,VAS,P35354,0.0007091268780641,0.0017653699032962,0.6,PTGS2,direct
SMOKE_CITALOPRAM_20,Citalopram,VAS,P42574,-0.0002115193783538,0.0013564315158873,0.4,CASP3,none
SMOKE_CITALOPRAM_20,Citalopram,VAS,Q14432,0.0007471084827557,0.0015573559794574,0.6,PDE3A,direct
SMOKE_CITALOPRAM_20,Citalopram,VAS,P07339,0.0001650009362492,0.0003506955399643,0.8,CTSD,secondary
SMOKE_CITALOPRAM_20,Citalopram,VAS,O00408,-0.00069385394454,0.0039145043119788,0.6,PDE2A,secondary
SMOKE_CITALOPRAM_20,Citalopram,VAS,Q08499,-0.0048035848885774,0.0036294877063483,0.0,PDE4D,none
SMOKE_CITALOPRAM_20,Citalopram,VAS,Q13370,-0.0012502868194133,0.0070188590325415,0.4,PDE3B,secondary
SMOKE_CITALOPRAM_20,Citalopram,VAS,P14780,0.0017747420351952,0.0020848317071795,0.8,MMP9,none
SMOKE_CITALOPRAM_20,Citalopram,VAS,P03956,-0.0020074683707207,0.0016224434366449,0.0,MMP1,none
SMOKE_CITALOPRAM_20,Citalopram,VAS,P08253,0.0004634551587514,0.0006363977445289,1.0,MMP2,none
SMOKE_CITALOPRAM_20,Citalopram,VAS,Q9UDY8,0.0007667496684007,0.0033844045829027,0.6,MALT1,none
SMOKE_CITALOPRAM_20,Citalopram,VAS,P80457,0.0007424019277095,0.0011043088743463,0.8,XDH,none
SMOKE_CITALOPRAM_20,Citalopram,VAS,Q9BYF1,-0.0031236768700182,0.0059559303335845,0.0,ACE2,none
SMOKE_CITALOPRAM_20,Citalopram,VAS,P08311,0.001080286456272,0.0009257662459276,1.0,CTSG,secondary
SMOKE_CITALOPRAM_20,Citalopram,VAS,P56817,8.491799235343933e-06,0.0001434035657439,0.2,BACE1,none
SMOKE_CITALOPRAM_20,Citalopram,VAS,P00519,0.0015560932224616,0.0010498111369088,1.0,ABL1,direct
SMOKE_CITALOPRAM_20,Citalopram,VAS,P17948,-5.0650909543037415e-05,0.0004245743039064,0.6,FLT1,none
SMOKE_CITALOPRAM_20,Citalopram,VAS,P10721,8.129328307404649e-06,1.346297995041823e-05,0.8,KIT,none
SMOKE_CITALOPRAM_20,Citalopram,VAS,P06213,-0.000111169370939,8.915462967706844e-05,0.2,INSR,none
SMOKE_CITALOPRAM_20,Citalopram,VAS,P00533,0.0003033950924873,0.0003155708836857,1.0,EGFR,secondary
SMOKE_CITALOPRAM_20,Citalopram,VAS,Q96GD4,-0.000779234978836,0.0007809650851413,0.0,AURKB,none
SMOKE_CITALOPRAM_20,Citalopram,VAS,P06239,-0.0011418729554861,0.0004275326500646,0.0,LCK,none
SMOKE_CITALOPRAM_20,Citalopram,VAS,Q16539,0.0007448848336935,0.0029306346550583,0.6,MAPK14,none
SMOKE_CITALOPRAM_20,Citalopram,VAS,P49841,-0.0023265872150659,0.0033773032482713,0.0,GSK3B,none
SMOKE_CITALOPRAM_20,Citalopram,VAS,P12931,-0.0003032974782399,0.0018121678149327,0.6,SRC,none
SMOKE_CITALOPRAM_20,Citalopram,VAS,Q05397,-0.0005255043506622,0.0006047037895768,0.0,PTK2,none
SMOKE_CITALOPRAM_20,Citalopram,VAS,P35968,-0.002976581454277,0.0028290776535868,0.0,KDR,none
SMOKE_CITALOPRAM_20,Citalopram,VAS,P43403,0.0005508430185727,0.001079662120901,0.8,ZAP70,none
SMOKE_CITALOPRAM_20,Citalopram,VAS,P04629,0.005938084796071,0.007435408886522,1.0,NTRK1,none
SMOKE_CITALOPRAM_20,Citalopram,VAS,P49840,-0.0004097580967936,0.0014784283703193,0.8,GSK3A,none
SMOKE_CITALOPRAM_20,Citalopram,VAS,O75116,-0.0005300954217091,0.0008320193737745,0.0,ROCK2,none
SMOKE_CITALOPRAM_20,Citalopram,VAS,P17252,-0.0023704401683062,0.0022336672991514,0.0,PRKCA,secondary
SMOKE_CITALOPRAM_20,Citalopram,VAS,P24941,-0.0041020018979907,0.0044772550463676,0.0,CDK2,none
SMOKE_CITALOPRAM_20,Citalopram,VAS,Q13464,0.0029995222575962,0.0034419032745063,1.0,ROCK1,none
SMOKE_CITALOPRAM_20,Citalopram,VAS,P48736,0.000548630952835,0.0002986701729241,1.0,PIK3CG,secondary
SMOKE_CITALOPRAM_20,Citalopram,VAS,O14733,0.0001709956704871,0.0015028191264718,0.6,MAP2K7,none
SMOKE_CITALOPRAM_20,Citalopram,VAS,Q13315,-0.0014118269318714,0.0044580595567822,0.6,ATM,none
SMOKE_CITALOPRAM_20,Citalopram,VAS,P07948,0.0021014150697737,0.0025476997252553,0.8,LYN,none
SMOKE_CITALOPRAM_20,Citalopram,VAS,P28482,-0.000231418016483,0.0006219745264388,0.4,MAPK1,none
SMOKE_CITALOPRAM_20,Citalopram,VAS,Q9UQM7,-0.0010096814949065,0.002636234043166,0.4,CAMK2A,secondary
SMOKE_CITALOPRAM_20,Citalopram,VAS,O14965,0.0025807295460253,0.003140025306493,0.8,AURKA,none
SMOKE_CITALOPRAM_20,Citalopram,VAS,Q15118,-0.0003453399986028,0.0023229257203638,0.4,PDK1,none
SMOKE_CITALOPRAM_20,Citalopram,VAS,Q8TDR2,0.0011292174458503,0.0012613927247002,0.8,STK35,secondary
SMOKE_CITALOPRAM_20,Citalopram,VAS,P10275,-0.0002541080175433,0.0026751968543976,0.6,AR,none
SMOKE_CITALOPRAM_20,Citalopram,VAS,P04150,0.0016939062625169,0.0024875428061932,1.0,NR3C1,direct
SMOKE_CITALOPRAM_20,Citalopram,VAS,P10276,0.002145963255316,0.0038244582246989,0.6,RARA,none
SMOKE_CITALOPRAM_20,Citalopram,VAS,P03372,0.0036313435994088,0.0032059375662356,1.0,ESR1,secondary
SMOKE_CITALOPRAM_20,Citalopram,VAS,P19793,-0.002968983259052,0.0034540023189038,0.2,RXRA,none
SMOKE_CITALOPRAM_20,Citalopram,VAS,P06401,0.0060396427288651,0.0066467905417084,1.0,PGR,none
SMOKE_CITALOPRAM_20,Citalopram,VAS,P37231,-0.0030060231219977,0.0056838449090719,0.4,PPARG,direct
SMOKE_CITALOPRAM_20,Citalopram,VAS,Q92731,-0.0028967224061489,0.023395549505949,0.6,ESR2,none
SMOKE_CITALOPRAM_20,Citalopram,VAS,P55055,-0.0082151880487799,0.0131579916924238,0.4,NR1H2,none
SMOKE_CITALOPRAM_20,Citalopram,VAS,P30531,-0.002692898735404,0.0032821889035403,0.0,SLC6A1,none
SMOKE_CITALOPRAM_20,Citalopram,VAS,P23975,-0.0029634307138621,0.0041729006916284,0.4,SLC6A2,direct
SMOKE_CITALOPRAM_20,Citalopram,VAS,P31645,0.0015833415091037,0.002365298802033,0.8,SLC6A4,direct
SMOKE_CITALOPRAM_20,Citalopram,VAS,Q01959,0.0038357153534889,0.0031561960931867,1.0,SLC6A3,none
SMOKE_CITALOPRAM_20,Citalopram,VAS,P31652,-0.0002287905663251,0.0001951759040821,0.0,SLC6A4,direct
SMOKE_CITALOPRAM_20,Citalopram,VAS,P23977,0.0014338486362248,0.0012273967731744,1.0,SLC6A3,none
SMOKE_CITALOPRAM_20,Citalopram,VAS,Q9GZV3,6.807595582358772e-06,0.0007061007781885,0.6,SLC5A7,none
SMOKE_CITALOPRAM_20,Citalopram,VAS,P28572,0.0017546091694384,0.0012950210366398,1.0,SLC6A9,none
SMOKE_CITALOPRAM_20,Citalopram,VAS,P30536,-6.144642975414172e-05,0.0018939991714432,0.4,TSPO,none
SMOKE_CITALOPRAM_20,Citalopram,VAS,P01375,0.0003508389054331,0.0004784484044648,0.8,TNF,direct
SMOKE_CITALOPRAM_20,Citalopram,VAS,Q99720,0.0095396637916564,0.0102633843198418,1.0,SIGMAR1,none
