smiles,drug,END,EAR,REP,HEP,BLO,REN,EYE,IMM,INF,GAS,NER,SKI,MET,MUS,RES,VAS,CAR,PSY
CCCCCCCCCCCCCC[N+](C)(C)C,trimethyltetradecylammonium,0.0338660314679145,0.0401327282190322,0.0437169186770916,0.0369072295725345,0.0455349251627922,0.0524124629795551,0.0747688770294189,0.0541256293654441,0.0462289463728666,0.0650392100214958,0.0612943604588508,0.0513680964708328,0.0541724018752574,0.0561054594814777,0.0746603041887283,0.0371886279433965,0.0667039759457111,0.0452098369598388
Cc1nc2c(N3CCNCC3)cccc2n1S(=O)(=O)c1ccccc1,pf-05212377,0.0280420308932662,0.0311572335660457,0.0323254339396953,0.0267643049359321,0.0313819181174039,0.0363947447389364,0.0496674977242946,0.0406158197671175,0.0363399278372526,0.0483467051759362,0.0486861132085323,0.0432891350239515,0.0426770385354757,0.0412048153579235,0.0550537526607513,0.0267501601949334,0.0492016337811946,0.0334761165082454
CCN1CCN(c2nc(Nc3ccccc3)n3ncc(C#N)c3n2)CC1,2-(4-ethylpiperazin-1-yl)-4-(phenylamino)pyrazolo[1;5-a][1;3;5]triazine-8-carbonitrile,0.0323456898331642,0.0356800749897956,0.0361541498452425,0.0322890393435955,0.0321458559483289,0.0379773207008838,0.0526336774230003,0.0460247375071048,0.0368107464164495,0.0487828854471445,0.0432308744639158,0.0443656422197818,0.0453654531389474,0.0434212610125541,0.0510641403496265,0.0288319420069456,0.0446311682462692,0.0319154225289821
N[C@H]1CN(CCc2ccc3c(c2)OCO3)C(=O)C[C@@H]1c1cc(F)c(F)cc1F,(4r;5r)-5-amino-1-[2-(1;3-benzodioxol-5-yl)ethyl]-4-(2;4;5-trifluorophenyl)piperidin-2-one,0.028786502406001,0.0305748395621776,0.0330850172787904,0.02609483897686,0.0265287093818187,0.0321296039968729,0.0446777161210775,0.0395669743418693,0.032682641968131,0.0376292750239372,0.0370081011205911,0.0364209782332181,0.0408886030316352,0.037642828002572,0.0456755779683589,0.0242272987961769,0.0427695151418447,0.0312575191259384
O=C(O)CC(=O)O,malonic acid,0.0262508757412433,0.0321721076965332,0.0360401920974254,0.0263584841042757,0.0268403906375169,0.0377055212855339,0.0613174341619014,0.0374844577163457,0.0376696582883596,0.0359661322087049,0.0512094348669052,0.0321550581604242,0.045773584023118,0.0501917764544487,0.0603157699108123,0.0254045478999614,0.0605890102684497,0.0378328822553157
COCCOCCOCCOCCO,2-{2-[2-2-(methoxy-ethoxy)-ethoxy]-ethoxy}-ethanol,0.0204591948539018,0.0232630468904972,0.0266984276473522,0.0224989019334316,0.0220889963209629,0.0258511271327733,0.0346223268657922,0.0291085019707679,0.0224759912118315,0.0249631032347679,0.0309015873819589,0.0256593544036149,0.033700405806303,0.030920573323965,0.0356972828507423,0.0193310508504509,0.0362769663333892,0.023898160085082
O=S(=O)(O)CCN1CCN(CCO)CC1,hepes,0.0165617732331156,0.0211933966726064,0.0249328229576349,0.0191656040027737,0.0190010813996195,0.0254700746387243,0.0317269884049892,0.0291164837777614,0.0204656396061182,0.0199421413242816,0.0270211402326822,0.0241225682199001,0.030749699100852,0.0298257753252983,0.0339471958577632,0.0169625973328948,0.0340864744037389,0.0230423916131258
COC(=O)N1CCC(CN2CCC(CNC(=O)c3cccc4[nH]c(C(C)C)nc34)CC2)CC1,felcisetrag,0.0289694841951131,0.0358494978398084,0.0463943690061569,0.0355647176504135,0.0385065585374832,0.0446572579443454,0.0577433258295059,0.0495348028838634,0.0420811269432306,0.0375025827437639,0.0536792773753404,0.0446132842451334,0.0513945054262876,0.0485337521880865,0.0602134853601455,0.0229523871093988,0.0522608965635299,0.0414537459611892
Cc1cncc2cccc(S(=O)(=O)N3CCCNC[C@@H]3C)c12,(s)-2-methyl-1-[(4-methyl-5-isoquinoline)sulfonyl]-homopiperazine,0.0256426237523555,0.0286575961858034,0.0318981703370809,0.0258336499333381,0.0289969824254512,0.0357613392174243,0.0420742005109786,0.0388395961374044,0.0293218556791543,0.0326712876558303,0.0392188187688589,0.0361544884741306,0.0412089850753545,0.0364813834428787,0.047556559741497,0.0220718597993254,0.0437331438064575,0.0298877000808715
O=[N+]([O-])c1cc(O)c(O)c([N+](=O)[O-])c1,3;5-dinitrocatechol,0.0342914003878831,0.0353024825453758,0.0396167140454053,0.0338619772344827,0.0384103402495384,0.0426894042640924,0.0544139951467514,0.0485590256750583,0.0370578151196241,0.0469198454171419,0.0470349974930286,0.043094128370285,0.0509750179946422,0.0423832599073648,0.0549961164593696,0.0325659736990928,0.0524367779493331,0.0368984322994947
N[C@@H](Cc1cccc(O)c1)C(=O)O,3-tyrosine,0.0257393985986709,0.0265194501727819,0.0335254646837711,0.0286890555173158,0.0285961851477623,0.0315856207162141,0.0405548874288797,0.0349461998790502,0.0304744623601436,0.0331425216048955,0.0343024119734764,0.0325684856623411,0.0401675101369619,0.0351434268057346,0.0406509570777416,0.0213163156062364,0.0408142071217298,0.0291944369673728
O=C1[C@@H]2[C@H]3CC[C@H](C3)[C@@H]2C(=O)N1C[C@@H]1CCCC[C@H]1CN1CCN(c2nsc3ccccc23)CC1,SIDER12,0.0264047391712665,0.0296545766294002,0.0355623289942741,0.0304615475237369,0.0290410544723272,0.0334673170000314,0.0465225778520107,0.040385016053915,0.0323541603982448,0.0389261789619922,0.0432855181396007,0.0428243190050125,0.0439031288027763,0.039823942258954,0.0473194453865289,0.0218921195715665,0.0431281886994838,0.0309966281056404
CNC(=O)[C@@H](c1ccccc1)N1CCc2cc(OC)c(OC)cc2[C@@H]1CCc1ccc(C(F)(F)F)cc1,almorexant,0.0085554242134094,0.0118087846785783,0.0154451180249452,0.0095884652808308,0.0106014656834304,0.0144599439576268,0.0156337979249656,0.018178810738027,0.0124038726091384,0.0136826790869236,0.0193510496988892,0.016466711461544,0.0190488317981362,0.0188383504748344,0.022104924544692,0.013429095968604,0.0211196858435869,0.0136590164154767
Nc1ncnc2c1ncn2[C@@H]1O[C@H](COP(=O)(O)OP(=O)(O)OP(=O)(O)OP(=O)(O)OP(=O)(O)OC[C@H]2O[C@@H](n3cnc4c(N)ncnc43)[C@H](O)[C@@H]2O)[C@@H](O)[C@H]1O,bis(adenosine)-5'-pentaphosphate,0.0134299784898757,0.0194136302918195,0.021637756191194,0.0154788304120302,0.0192252680659294,0.0230591539293527,0.0226794516667723,0.0291424147784709,0.019979634694755,0.0255589453503489,0.0237141573801636,0.0220914762467145,0.0307966388761997,0.0269806433469057,0.0303194850683212,0.0211092706769704,0.0280716199427843,0.0187773410230875
O=P(O)(O)O[C@H]1[C@H](OP(=O)(O)O)[C@@H](OP(=O)(O)O)[C@H](OP(=O)(O)O)[C@@H](OP(=O)(O)O)[C@H]1OP(=O)(O)O,phytic acid,0.0138967350125312,0.0165295735001564,0.0214262500405311,0.0149450603872537,0.0170081418007612,0.02056769952178,0.0222112422809004,0.0240002393722534,0.0183124039322137,0.0247745376080274,0.0238333517685532,0.0205230969935655,0.0272378746420145,0.0257492661476135,0.0288760606199502,0.0150657417252659,0.0283903662115335,0.0184585399925708
CCc1nc(N)nc(N)c1-c1ccc(Cl)cc1,SIDER1012,0.044834104925394,0.0540978260338306,0.0560182102024555,0.0549528200179338,0.0610600460320711,0.0716430827975273,0.0686100482940673,0.068463410437107,0.0541887871921062,0.0707594215869903,0.0689737826585769,0.0625781685113906,0.090377651900053,0.0746638283133506,0.0855553314089775,0.0392844032496213,0.070720824599266,0.0642881415784359
Nc1ccc2c(c1)c(-c1ccccc1)[n+](CCCCCCc1cnnn1CCNc1c3c(nc4ccccc14)CCCC3)c1cc(N)ccc21,3;8-diamino-6-phenyl-5-[6-[1-[2-[(1;2;3;4-tetrahydro-9-acridinyl)amino]ethyl]-1h-1;2;3-triazol-5-yl]hexyl]-phenanthridinium,0.0279197420924901,0.0323155105113983,0.0359994750469923,0.0324939783662557,0.0336829930543899,0.0392669513821601,0.0470004595816135,0.0410504318773746,0.0315751750022172,0.049152760207653,0.0454482309520244,0.0356602754443883,0.0459910072386264,0.0429488644003868,0.0499970741569995,0.02705211751163,0.0487294033169746,0.0351197175681591
O=P(O)(O)OP(=O)(O)O,ferric pyrophosphate,0.0262580178678035,0.0325275659561157,0.0327430542558431,0.0300038319081068,0.0375736631453037,0.0404377505183219,0.0433988124132156,0.0436206087470054,0.0310907173901796,0.041885669901967,0.0490024529397487,0.0405954211950302,0.04823554828763,0.0420624539256095,0.0486734181642532,0.0240912402048707,0.0493817582726478,0.0340356834232807
CC[C@H]1CN2CC[C@H]1C[C@H]2[C@H](O)c1ccnc2ccc(OC)cc12,hydroquinine,0.0288163058459758,0.0311674106866121,0.0372987572103738,0.0332434922456741,0.0373135179281234,0.0427749961614608,0.047476926445961,0.0432361394166946,0.0352941736578941,0.049918970093131,0.0479131158441305,0.0430623896420001,0.0491203695535659,0.0466898590326309,0.0599190324544906,0.0272173380479216,0.0508981987833976,0.0371530592441558
Cc1[nH]cnc1CN1CCc2c(c3ccccc3n2C)C1=O,SIDER262,0.0458220832049846,0.0576732113957405,0.062423226237297,0.0547336816787719,0.0693628825247287,0.0711624085903167,0.0809813804924488,0.0711441665887832,0.0541667994111776,0.071574816852808,0.0778375968337059,0.0673774175345897,0.0825808174908161,0.0738949589431285,0.0959037981927394,0.0452040631324052,0.0830405756831169,0.0624678052961826
CN1CCC(Nc2nc(Nc3ccc(Oc4ccccc4)cc3)c3c(=O)[nH]cc(Br)c3n2)CC1,denfivontinib,0.0650716453790664,0.0614223305135965,0.059947519749403,0.0658514611423015,0.0667166359722614,0.0774712540209293,0.0898794919252395,0.0709240049123764,0.0694043442606926,0.0915311336517334,0.0651118382811546,0.0661334697157144,0.0903132334351539,0.0772960141301155,0.0956756144762039,0.0497241578996181,0.0864047899842262,0.0680436134338378
CCc1nc(N)nc(N)c1-c1ccc2c(c1)N(CCNC(C)=O)C(=O)C(C)(C)O2,n-{2-[6-(2;4-diamino-6-ethylpyrimidin-5-yl)-2;2-dimethyl-3-oxo-2;3-dihydro-4h-1;4-benzoxazin-4-yl]ethyl}acetamide,0.0412568785250186,0.0540219232439994,0.0536182396113872,0.0624196294695138,0.0745169512927532,0.0761394597589969,0.0754984743893146,0.069911827892065,0.0636242590844631,0.0920437380671501,0.0689332846552133,0.0643373824656009,0.0860933452844619,0.0841768480837345,0.0904619045555591,0.0499751094728708,0.0789028190076351,0.0680135585367679
COc1cc(Nc2nccc(Nc3ccc4c(C)n[nH]c4c3)n2)cc(OC)c1OC,n~4~-(3-methyl-1h-indazol-6-yl)-n~2~-(3;4;5-trimethoxyphenyl)pyrimidine-2;4-diamine,0.0433069318532943,0.0578399278223514,0.066456826031208,0.0805206634104251,0.0862458631396293,0.0900978602468967,0.0960484400391578,0.0740874342620372,0.0753131955862045,0.1119415089488029,0.081186494231224,0.0693145401775836,0.0905846811830997,0.0868839256465435,0.1132250420749187,0.0616990469396114,0.1021875597536563,0.0766054339706897
Cc1c(NC(=O)OC[C@@H]2COCCN2)cn2ncnc(Nc3ccc4c(cnn4Cc4cccc(F)c4)c3)c12,bms-599626,0.060683798789978,0.0961029022932052,0.0946546137332916,0.1278303369879722,0.1292700074613094,0.1453492239117622,0.228119383752346,0.1070145167410373,0.1359866887331008,0.1617962449789047,0.1740333124995231,0.1146971330046653,0.1612487658858299,0.1560282349586486,0.1941782981157302,0.0893153078854084,0.2277349278330803,0.1586730867624282
C=CC(=O)Nc1cccc(C)c1Nc1ncc2cc(-c3c(Cl)c(OC)cc(OC)c3Cl)ccc2n1,blu-9931,0.0408732384443283,0.0399884302169084,0.0515815503895282,0.0513076487928628,0.0573385903611779,0.0608333181589841,0.0785691484808921,0.0526340074837207,0.0627081863582134,0.0663155518472194,0.0885734021663665,0.0769842479377985,0.0756844960153102,0.0768052123486995,0.0885957926511764,0.0414747215807437,0.0837265871465206,0.0627764523029327
COc1ccc2c(O[C@@H]3C[C@H]4C(=O)N[C@]5(P(=O)(O)Cc6c(F)cccc6F)C[C@H]5CCCCCCC[C@H](NC(=O)OC5CCCC5)C(=O)N4C3)cc(-c3csc(NC(C)C)n3)nc2c1Cl,gs-9256,0.0289359163492918,0.0340566273778677,0.039114386960864,0.0342471364885568,0.0347640849649906,0.0384974163025617,0.0576095089316368,0.0385947190225124,0.0416152909398078,0.0486533388495445,0.0518726341426372,0.045899786055088,0.0520172953605651,0.0500990442931652,0.0633819088339805,0.0293317666277289,0.0558134034276008,0.0378252111375331
C[C@@H](c1ccc(-c2ccccc2)c(F)c1)c1cc(NC(=N)N2CCOCC2)on1,rimacalib,0.0284164555370807,0.0304809395223856,0.0353367067873477,0.0317217614501714,0.0297869592905044,0.0370867256075143,0.0472242943942546,0.0370780415832996,0.0353638686239719,0.0398124046623706,0.0410161688923835,0.0382746510207653,0.0468077905476093,0.0421512298285961,0.0505631320178508,0.0264134049415588,0.0493853032588958,0.033207606896758
CCOc1ccn(-c2ccc(F)cc2)c(=O)c1C(=O)Nc1ccc(Oc2ccnc(N)c2Cl)c(F)c1,bms-777607,0.0789066597819328,0.0657504327595233,0.0845081359148025,0.0798829056322574,0.0869305059313774,0.0996460765600204,0.1145006522536277,0.0941457644104957,0.0952340111136436,0.11547197625041,0.1114830620586872,0.0989224597811699,0.126003061234951,0.116027894616127,0.1455115810036659,0.0728858076035976,0.1225333034992218,0.1190995708107948
CN(Cc1cn(C)c2ccccc12)C(=O)/C=C/c1cnc2c(c1)CCC(=O)N2,indole naphthyridinone,0.0766954354941844,0.0790444873273372,0.0963328592479229,0.0934733636677265,0.0965572632849216,0.0999641649425029,0.134466977417469,0.1036774300038814,0.116728251427412,0.1172098807990551,0.1170285359025001,0.1088481158018112,0.130767385661602,0.1126623205840587,0.1347657218575477,0.0775609374046325,0.1201252423226833,0.1125261932611465
CC(C)=CCN1Cc2c(Cl)ccc3[nH]c(=S)n(c23)C[C@@H]1C,tivirapine,0.0485420852899551,0.0463297829031944,0.0616149812936782,0.0515636201947927,0.0622330114245414,0.0620716281235218,0.0778141722083091,0.0643819168210029,0.0656069695949554,0.0722047060728073,0.0739309333264827,0.067920883372426,0.0792946584522724,0.0726282067596912,0.0903380870819091,0.0465558152645826,0.0766156233847141,0.0611741691827774
NCCc1cnc(S)n1[C@H]1COc2c(F)cc(F)cc2C1,etamicastat,0.0598226711153984,0.0680728033185005,0.0817079856991767,0.0803288161754608,0.087262711673975,0.0853029824793338,0.1061767145991325,0.0913151055574417,0.085900941491127,0.098636707663536,0.0995289295911789,0.0989599019289016,0.1048740714788436,0.0939671747386455,0.1168462082743644,0.0550141587853431,0.0962633319199085,0.0817342825233936
Cc1ccc(S(=O)(=O)NC(=O)N[C@H]2[C@H]3CC[C@@](C)([C@H]2O)C3(C)C)cc1,glibornuride,0.0377702228724956,0.0381428804248571,0.0494787286967039,0.0404734995216131,0.0531497482210397,0.0567148253321647,0.0481518797576427,0.0632701236754655,0.0476272568106651,0.0619826722890138,0.0622267298400402,0.0678907684981822,0.0712674140930175,0.0605955019593238,0.0761524885892868,0.0327079076319932,0.0587679166346788,0.0480396751314401
CC(C)(C)c1cnc(CSc2cnc(NC(=O)C3CCNCC3)s2)o1,sns-032,0.0382175214588642,0.0375768564641475,0.0450957514345645,0.0393162533640861,0.0474791504442691,0.0497808150947094,0.0526503689587116,0.0580774374306201,0.0451418101787567,0.0494335144758224,0.0503587551414966,0.0565302029252052,0.0622639112174511,0.052073024213314,0.067412618547678,0.0350140232592821,0.0557869531214237,0.0419155612587928
CC(C)C(=O)OC[C@@]1(N=[N+]=[N-])O[C@@H](n2ccc(N)nc2=O)[C@H](OC(=O)C(C)C)[C@@H]1OC(=O)C(C)C,balapiravir,0.0562951613217592,0.0489762615412473,0.0638990052044391,0.0495655659586191,0.0688940681517124,0.0696569830179214,0.0671623263508081,0.0819549590349197,0.0622215535491704,0.0777388993650674,0.0716017849743366,0.0832690834999084,0.0864154525101184,0.0747259780764579,0.103493408113718,0.0515698380768299,0.0755822628736496,0.0599789027124643
CC(=O)/N=c1/[nH]c(C)c(-c2ccc(Cl)c(S(=O)(=O)NCCO)c2)s1,n-(5-{4-chloro-3-[(2-hydroxyethyl)sulfamoyl]phenyl}-4-methyl-1;3-thiazol-2-yl)acetamide,0.0477979496121406,0.0451790042221546,0.0538199372589588,0.0472514308989048,0.0613661251962184,0.0606660991907119,0.0673737563192844,0.0714344143867492,0.057833033055067,0.0573729082942009,0.0609817989170551,0.0676931865513324,0.0707963623106479,0.0611639197915792,0.076640710607171,0.0363110609352588,0.0594279345124959,0.048331506550312
Nc1nc(=O)n([C@@H]2C=C[C@H](CO)O2)cc1F,elvucitabine,0.0490661740303039,0.0453248128294944,0.0437164146453142,0.0435839392244815,0.0539117634296417,0.0571126051247119,0.0648491196334362,0.0657638140022754,0.0577352382242679,0.0583409085869789,0.0551775015890598,0.0617782860994339,0.0709446087479591,0.0602470777928829,0.0779060035943985,0.0376011323183774,0.0631575591862201,0.0461519658565521
O=C(O)C1CSCN1,timonacic,0.0631145507097244,0.056268011033535,0.0595802366733551,0.0535903587937355,0.0756130628287792,0.0760824024677276,0.0805551283061504,0.0897203043103218,0.0702380776405334,0.0747561521828174,0.0726248688995838,0.0874672621488571,0.0947296626865863,0.081094666570425,0.1082999244332313,0.0521210342645645,0.0753569982945919,0.054071595147252
c1ccc2cc(COC3CCNCC3)ccc2c1,litoxetine,0.0317226719111204,0.0350028757005929,0.044402815029025,0.0340863037854433,0.0442096166312694,0.0474660094827413,0.0643965542316436,0.0601995714008808,0.0491096541285514,0.0530584096908569,0.0612413302063942,0.0655587457120418,0.0535554852336645,0.0485762991011142,0.0696872033178806,0.0308374147862195,0.0563888035714626,0.0418361846357584
CNNCc1ccc(C(=O)NC(C)C)cc1,SIDER993,0.0302597668021917,0.0316478416323661,0.0407203041017055,0.034613312035799,0.0345390725880861,0.0376403927803039,0.0570771530270576,0.0509707029908895,0.0433947660028934,0.045358507335186,0.0534193970263004,0.0564635142683982,0.0483447402715683,0.0471827764064073,0.0583558518439531,0.0258589260280132,0.0488660227507352,0.0366970300674438
CN(C)N(C)C(=O)[C@@]1(Cc2ccccc2)CCCN(C(=O)[C@@H](Cc2c[nH]c3ccccc23)NC(=O)C(C)(C)N)C1,anamorelin,0.0330819558352232,0.030986650288105,0.0392304871231317,0.0314373329281807,0.0337042145431041,0.037906726449728,0.0550989031791687,0.047901627421379,0.0463295064866542,0.0459585681557655,0.0482072260230779,0.0512453339993953,0.0468269504606723,0.0435142174363136,0.0543197177350521,0.0266342317685484,0.044488351792097,0.0355405826121568
Cn1c(=O)[nH]c2c(=O)[nH]c(=O)[nH]c21,9-methyl uric acid,0.040680368989706,0.0456829391419887,0.0544755633920431,0.0425735898315906,0.048654069751501,0.0533691741526126,0.0803089007735252,0.0680484779179096,0.0639354810118675,0.0634042378515005,0.0687755651772022,0.082132139801979,0.0659815847873687,0.0602602161467075,0.0783021345734596,0.0377576436847448,0.0638839647173881,0.0511038459837436
C[C@H]1CC(CN)(CC(=O)O)C[C@@H]1C,atagabalin,0.0491866558790206,0.0470715630799531,0.0586995415389537,0.0513504024595022,0.0563737243413925,0.0623473308980464,0.0897561430931091,0.067710218578577,0.0640695072710514,0.0791375413537025,0.0844497639685869,0.0865698404610157,0.079632218927145,0.0657360203564167,0.0900199197232723,0.0411698315292596,0.0721673645079135,0.0600072838366031
NCc1[nH]cc(CCC(=O)O)c1CC(=O)O,porphobilinogen,0.0311126463115215,0.030983130633831,0.0377174228429794,0.0316487584263086,0.0359241232275962,0.036102894693613,0.0575492992997169,0.0485540963709354,0.0462045945227146,0.054119998961687,0.0545921731740236,0.0661826934665441,0.0499883625656366,0.0451994895935058,0.0583838261663913,0.0306497545912861,0.0490185737609863,0.0333761364221572
COc1cc(/C=C2\CCCN([C@@H](C)c3ccc(F)cc3)C2=O)ccc1-n1cnc(C)c1,e-2012,0.0388134069740772,0.0354392725974321,0.0436975520104169,0.0372998781502246,0.0431083396077156,0.0494317539036274,0.0646276272833347,0.06069877743721,0.0548800013959407,0.0655308842658996,0.0639959938824176,0.0700644314289093,0.06117545068264,0.0526838801801204,0.0785050846636295,0.0359993871301412,0.0587296321988105,0.043239802122116
O/N=c1\cc(-c2cc3sccc3cn2)oc2ccc(CCCN3CCOCC3)cc12,foliglurax,0.037201739102602,0.0383200034499168,0.0426127392798662,0.0368443712592124,0.0402014389634132,0.0477645579725503,0.0623234868049621,0.0590957812964916,0.0511282693594694,0.062298372015357,0.0612457931041717,0.0710285078734159,0.0592690117657184,0.0541575409471988,0.0721975907683372,0.0348861750215292,0.0555802419781684,0.0445881776511669
NC(=O)c1ccccc1Nc1ccnc(Nc2cccc(O)c2)n1,2-({2-[(3-hydroxyphenyl)amino]pyrimidin-4-yl}amino)benzamide,0.0981381252408027,0.1348688438534736,0.1217540293931961,0.1395835608243942,0.179535062611103,0.1777019366621971,0.1758569002151489,0.2069080144166946,0.17981978058815,0.1691984966397285,0.2047640353441238,0.2128616169095039,0.1942911729216575,0.1765269994735717,0.2291962295770645,0.1102241188287735,0.173270021378994,0.1500961273908615
Cc1ccc(C(=O)Oc2ccc(C(O)CNC(C)(C)C)cc2OC(=O)c2ccc(C)cc2)cc1,bitolterol mesylate,0.0207403652369976,0.0248607356101274,0.027537390962243,0.0236687496304512,0.0278313156217336,0.034331202507019,0.0440911926329135,0.0433504290878772,0.032039101794362,0.0281003829091787,0.03995361328125,0.0444252144545316,0.0389009181410074,0.0379681918770074,0.0461010344326496,0.0208192972466349,0.0382296986877918,0.025749197602272
CN(Cc1cc2ccccc2n1C)C(=O)/C=C/c1ccc(N)nc1,3-(6-aminopyridin-3-yl)-n-methyl-n-[(1-methyl-1h-indol-2-yl)methyl]acrylamide,0.0500496484339237,0.0478246413171291,0.0605123668909072,0.0477246537804603,0.058499052003026,0.0612249948084354,0.0751216903328895,0.080478249117732,0.068208722025156,0.0615530431270599,0.0758445646613836,0.0837182033807039,0.0762157373130321,0.064387472346425,0.094449271261692,0.0403951950371265,0.0674837283790111,0.054289361461997
CCCCN1C[C@H](O)[C@@H](O)[C@H](O)[C@H]1CO,SIDER360,0.0448838219046592,0.0502267502248287,0.0484101817011833,0.0417254030704498,0.0464683506637811,0.056301050633192,0.0763701468706131,0.0728791832923889,0.0605649195611476,0.0634689360857009,0.0702165216207504,0.0740455396473407,0.0693145163357257,0.0618031062185764,0.0839880615472793,0.0385130863636732,0.0650430187582969,0.0510456971824169
O=C1OC(CN2CCOCC2)CN1N=Cc1ccc([N+](=O)[O-])o1,furaltadone,0.0327697716653347,0.0336128484457731,0.0358705606311559,0.0284321662038564,0.0337576437741518,0.0382343046367168,0.0499093092978,0.0509404905140399,0.0422957856208086,0.0426581367850303,0.0512826152145862,0.0526996631175279,0.0502504087984561,0.0452207118272781,0.0625263325870037,0.0262084390968084,0.0491942696273326,0.0353416539728641
O=P(O)(O)C(c1ccccc1)P(=O)(O)O,ru78783,0.0393388267606496,0.0363882087171077,0.0404443129897117,0.034540095552802,0.0445852719247341,0.0472915649414062,0.0515340261161327,0.0644779905676841,0.0495247848331928,0.0504730187356472,0.061953967437148,0.070564517006278,0.0604727581143379,0.0528414011001586,0.0679479744285345,0.0300269819796085,0.059260182082653,0.0394381925463676
CCN(CC)S(=O)(=O)c1ccc(Cl)c(C(=O)Nc2sc3c(c2C#N)CCC3)c1,2-chloro-n-(3-cyano-5;6-dihydro-4h-cyclopenta[b]thiophen-2-yl)-5-diethylsulfamoyl-benzamide,0.0344311751425266,0.0371732499450445,0.0369795303791761,0.0355561312288045,0.0427641775459051,0.0451581690460443,0.0513187229633331,0.054381801187992,0.045678237080574,0.0555503919720649,0.0574373424053192,0.0570307057350873,0.0593096397817134,0.0533922120928764,0.0654050201177597,0.031496874243021,0.0562109358608722,0.0383283086121082
C[C@]12CC[C@H](O)CC1=CC[C@@H]1[C@@H]2CC[C@]2(C)C(n3cnc4ccccc43)=CC[C@@H]12,galeterone,0.0372061587870121,0.0361946020275354,0.0410944588482379,0.035685147345066,0.0397136159241199,0.0452381193637847,0.053979455679655,0.0523810811340808,0.0428177941590547,0.054012643545866,0.0504193231463432,0.0602718003094196,0.057152210175991,0.0523589342832565,0.0648610346019268,0.0299775686115026,0.0524627521634101,0.0378183521330356
CCCCCCCCCCCCCCCC(=O)OCC(COP(=O)(O)OCC(O)CO)OC(=O)CCCCCCCCCCCCCCC,1;2-dipalmitoyl-phosphatidyl-glycerole,0.04672068990767,0.0456096164882183,0.0458127737045288,0.0475346194580197,0.0592607013881206,0.0643869057297706,0.0535430982708931,0.0617756605148315,0.0527164068073034,0.0665521744638681,0.0583374824374914,0.0677147854119539,0.0798095092177391,0.0764386534690857,0.0710743922740221,0.0464638710021972,0.0643741983920335,0.0631421595811843
C[N+](C)(C)CCOP(=O)(O)OCCCCCCCCCCCCCCCCCCc1ccc([131I])cc1,iopofosine i-131,0.0369634240865707,0.0389992646872997,0.0423343371599912,0.0408602487295866,0.0466960780322551,0.0485809799283742,0.0478922549635171,0.0501844443380832,0.0427519641816616,0.0506717480719089,0.0533840738236904,0.0588392131030559,0.0645191177725792,0.0588994767516851,0.0553101129829883,0.037093961238861,0.0529508236795663,0.0458779506385326
Cc1nc(C)c2c(n1)N(Cc1ccc(-c3ccccc3-c3nnn[nH]3)cc1)C(=O)CC2,tasosartan,0.0625086765736341,0.1230635851621627,0.1499124094843864,0.1807888329029083,0.2297102242708206,0.1952293574810028,0.208274258673191,0.178163768351078,0.1529461853206157,0.2475208401679992,0.2344615072011947,0.2123110845685005,0.2460709601640701,0.2539955228567123,0.2670602798461914,0.1458929866552352,0.2591315984725952,0.2183479160070419
CC[C@@]1(O)C(=O)OCc2c1cc1n(c2=O)Cc2c-1nc1cc(F)c(C)c3c1c2[C@@H](N)CC3,exatecan,0.0569351308047771,0.0707876868546009,0.0733998984098434,0.0789432644844055,0.1050980851054191,0.1041531294584274,0.1000993803143501,0.1061441019177436,0.0945460110902786,0.1204064890742302,0.1167494945228099,0.1128573566675186,0.1186358585953712,0.1103105783462524,0.1452466666698456,0.0796630091965198,0.1179999753832817,0.092774211615324
COc1cc(C(=O)NS(=O)(=O)c2ccccc2C)ccc1Cc1cn(C)c2ccc(NC(=O)OC3CCCC3)cc12,SIDER1180,0.0630953602492809,0.0846454530954361,0.0834724947810173,0.0945371575653553,0.1329333886504173,0.1385214760899543,0.1086336061358451,0.1172809638082981,0.0973032429814338,0.1676953688263893,0.1458295047283172,0.1419583052396774,0.1535438448190689,0.1362864136695862,0.1765912011265754,0.0845312744379043,0.1393110617995262,0.1245995670557022
CC(CC=O)CCCC(C)(C)O,hydroxycitronellal,0.0264990655705332,0.0299107611179351,0.0386201817542314,0.0290556035935878,0.029218915477395,0.0398460291326046,0.0504220068454742,0.0478957910090684,0.0352872431278228,0.0465788014233112,0.0635307371616363,0.0533624704927206,0.0486583732068538,0.0428748272359371,0.0627047933638095,0.0325646046549081,0.0555389009416103,0.0402318634092807
Cl[Mn]Cl,manganese chloride,0.0296741243451833,0.0299012593924999,0.0314800895750522,0.0250050615519285,0.0276178982108831,0.0323946733027696,0.0418757520616054,0.0454265292733907,0.0337688650935888,0.037360705062747,0.0461814202368259,0.0486701268702745,0.040878677368164,0.0396039858460426,0.0573364816606044,0.0286713324487209,0.04891272559762,0.0273947048932313
CN1C(=O)C(F)=C[C@]2(C)[C@H]3CC[C@]4(C)[C@@H](C(=O)NCc5nc6cccnc6[nH]5)CC[C@H]4[C@@H]3CC[C@@H]12,mk-0773,0.030363105982542,0.0339618679136037,0.0429062992334365,0.0353351727128028,0.0400129918009042,0.0421362064778804,0.0532168477773666,0.0473357509821653,0.044774043187499,0.0620845071971416,0.0594701934605836,0.057798109576106,0.0558035440742969,0.0481379125267267,0.0639809820801019,0.0349375354126095,0.0536101333796978,0.0392895936965942
NCC(O)c1ccc(O)cc1,octopamine,0.0379778634756803,0.0307687018066644,0.039273963868618,0.0325741678476333,0.0377715773880481,0.0407332029193639,0.0565831519663333,0.0509933806955814,0.0513378292322158,0.0695154689252376,0.0699225466698408,0.067496108263731,0.0540535390377044,0.0480854414403438,0.0697003506124019,0.0353458397090435,0.0582820259034633,0.0446733731776475
COc1ccc(/C=C/C(=O)Nc2ccccc2C(=O)O)cc1OC,tranilast,0.0305697079747915,0.0379773791879415,0.0416549410670995,0.0407633665949106,0.0537456985563039,0.0542001333087682,0.0614771045744419,0.0594971533864736,0.0412832211703062,0.0726695761084556,0.0770510718226432,0.0743515014648437,0.0636170234531164,0.0546363092958927,0.0792510591447353,0.036328762024641,0.0648407526314258,0.0469136703759431
Cc1cc2ncc(C(=O)NCC(C)(C)NCC(=O)N3CCC[C@H]3C#N)cn2n1,anagliptin,0.0549471996724605,0.0694705963134765,0.0791369356215,0.076414792984724,0.0983812853693962,0.1037502184510231,0.1151206895709037,0.1168575808405876,0.0909538179636001,0.1308821052312851,0.1369779959321022,0.124955540895462,0.1116187497973442,0.1030275806784629,0.1551931038498878,0.0729796461760997,0.1173757180571556,0.0943956911563873
NC(=O)N/N=C1\C=Cc2ccccc2C1=O,naftazone,0.0775981590151786,0.08699611723423,0.086111145466566,0.0780930578708648,0.0937401317059993,0.1106275230646133,0.1254221782088279,0.1306006073951721,0.0951997131109237,0.1534755118191242,0.1723568901419639,0.1583970174193382,0.1313108220696449,0.1200022727251052,0.1754809945821762,0.0923762500286102,0.1463586047291755,0.1290015235543251
O=C(O)c1cc(F)c2nc(N3[C@@H]4CC[C@H]3C[C@@H](OCc3c(-c5ccccc5OC(F)(F)F)noc3C3CC3)C4)sc2c1,tropifexor,0.0232711628079414,0.0305032130330801,0.0361187476664781,0.0326782710850238,0.0444475166499614,0.0428128883242607,0.0467280283570289,0.0534238122403621,0.0398712243884801,0.0594319641590118,0.0685810394585132,0.0649457987397909,0.0557156607508659,0.0509446501731872,0.0732145261019468,0.0325923876836895,0.0624945655465126,0.0436944790184497
O=CNC1CCCCC1,cyclohexylformamide,0.0406822815537452,0.0422619741410017,0.0506334029138088,0.0477883171290159,0.0607814025133848,0.0724123798310756,0.0735704571008682,0.0752482809126377,0.0639035120606422,0.0930861264467239,0.1067408442497253,0.0888922974467277,0.0862853854894638,0.0830900877714157,0.1208172813057899,0.0507744625210762,0.0966409087181091,0.0700336135923862
CN1C(=O)COc2c(C(=O)NC3CN4CCC3CC4)cc(Cl)cc21,azasetron,0.0374429617077112,0.0371475990861654,0.0461052685976028,0.0423125352710485,0.05043221488595,0.0515197541564702,0.0613043561577796,0.0600262470543384,0.0514194589108228,0.0687449406832456,0.0605927050113678,0.0634639721363782,0.0601474784314632,0.0581975169479846,0.0690093416720628,0.0357205893844366,0.0561222642660141,0.0468384079635143
Nc1nc(CC(=O)Nc2ccc(CCNC[C@H](O)c3ccccc3)cc2)cs1,SIDER325,0.037235352396965,0.039675224199891,0.047214126586914,0.0460455536842346,0.0549184661358594,0.0562387518584728,0.0605076134204864,0.0619049683213233,0.051743284612894,0.071796690672636,0.0609551828354597,0.0564881831407547,0.066566427797079,0.0591039087623357,0.0781762152910232,0.0377731066197156,0.0615608438849449,0.0468907948583364
O=C([C@@H](O)CO)N1CC=C(c2c(F)cc(N3C[C@H](COc4ccon4)OC3=O)cc2F)CC1,posizolid,0.069021837413311,0.0716527253389358,0.0841968439519405,0.0775495201349258,0.0904634095728397,0.0918553330004215,0.1043565586209297,0.1097786709666252,0.1071351781487464,0.1083064779639244,0.1083127237856388,0.1083286538720131,0.1087495177984237,0.1003435507416725,0.1340671852231025,0.0721289128065109,0.1123284146189689,0.0866192199289798
Cc1cc(-c2nc(C(=O)Nc3cc4oc(N5CCOCC5)nc4nc3N3CC[C@@H](O)C3)co2)ccn1,emavusertib,0.0382313884794712,0.0403752289712429,0.0485313825309276,0.0396377712488174,0.0492496721446514,0.0578887395560741,0.0659210436046123,0.062677463889122,0.0556718088686466,0.0657906185835599,0.0598806474357843,0.0621999882161617,0.0649850763380527,0.0597324028611183,0.0846945956349372,0.0415310487151145,0.0659905888140201,0.0482091888785362
O=C1c2cc3nnn(CCc4cccc(F)c4)c(=O)c3cc2OCN1C1CC1,tulrampator,0.036868155375123,0.0399812247604131,0.0428088344633579,0.0422349039465188,0.0550740033388137,0.0588319100439548,0.0676551885902881,0.0640995383262634,0.0565752737224102,0.0724461965262889,0.0641181349754333,0.0625627189874649,0.0711093552410602,0.0664309993386268,0.0848901987075805,0.0446892369538545,0.071186327189207,0.051465118303895
CCCCCC(O)C=CC1C(O)CC(=O)C1CC=CCCCC(=O)O,SIDER31,0.0459756910800933,0.0384816206991672,0.0448969289660453,0.03763591311872,0.0507154982537031,0.057008247077465,0.0568332910537719,0.0685785189270973,0.0499463558197021,0.0863464899361133,0.0582458917051553,0.0605466932058334,0.0655005246400833,0.0589213497936725,0.0754863537847995,0.0526041008532047,0.0723581977188587,0.043083107471466
OC[C@H]1O[C@@H](S[C@@H]2O[C@H](CO)[C@H](O)[C@H](O)[C@H]2O)[C@H](O)[C@@H](O)[C@H]1O,thiodigalactoside,0.0539953187108039,0.0495860449969768,0.0543331295251846,0.0450398109853267,0.0617598764598369,0.068330555409193,0.0706769563257694,0.0851914748549461,0.0730726860463619,0.1092708110809326,0.0820019036531448,0.0843075454235076,0.0955282300710678,0.0844002701342105,0.1073060683906078,0.0603667229413986,0.0809210568666458,0.0620360910892486
C[C@@H]([C@H](N)C(=O)N[C@H](C(=O)O)[C@H]1O[C@@H](n2ccc(=O)[nH]c2=O)[C@H](O)[C@@H]1O)[C@H](O)c1ccc(O)cn1,nikkomycin z,0.0387407332658767,0.0400332439690828,0.0370270423591136,0.036722133308649,0.0410590175539255,0.0492367524653673,0.0550048939883709,0.05759709328413,0.0457785815000534,0.0676904201507568,0.0603481903672218,0.0613430943340063,0.0649528086185455,0.0569321028888225,0.0776880547404289,0.0382515713572502,0.0657031282782554,0.0451986335217952
C[C@@H]1CN(CC(=O)N2CC(C)(C)c3nc(CO)c(Cc4ccc(F)cc4)cc32)[C@@H](CN2CCOC[C@H]2C)CN1,tolinapant,0.0480558067560195,0.05397689640522,0.0566406443715095,0.0483278594911098,0.0682992622256279,0.0783988535404205,0.0670052073895931,0.0920448392629623,0.0639935508370399,0.1014088407158851,0.0945073507726192,0.0981169208884239,0.0938430093228817,0.0850737556815147,0.1264532819390297,0.0605921298265457,0.0902111016213893,0.0694888859987259
CCCCCCCCCCCCCC[N+](C)(C)Cc1ccccc1,n-alkyl dimethyl benzyl ammonium chloride (c12-c18),0.0291798196732997,0.0311996538192033,0.0301896855235099,0.0279088132083416,0.0325268540531396,0.0337764140218496,0.0425767727196216,0.0457253836095333,0.0323252543807029,0.0411521051079034,0.0388942524790763,0.0451890103518962,0.0391100287437439,0.0366847217082977,0.0429074294865131,0.0267713099718093,0.0354520767927169,0.0250151004642248
CCCC(=O)OCOC(=O)C(C)(C)C,an-9,0.027081649005413,0.0303650442510843,0.0373677387833595,0.0303756203502416,0.0381885226815938,0.0378280002623796,0.0509832881391048,0.0504092790186405,0.0361716207116842,0.0377312004566192,0.0389359697699546,0.0477955520153045,0.0426590964198112,0.0376865468919277,0.0484233394265174,0.0267113119363784,0.0427289009094238,0.0282294653356075
CCOC(=O)Cn1nc(C(F)(F)F)cc1-c1ccc(-c2cccc(S(C)(=O)=O)c2)cc1,rovazolac,0.0404822655022144,0.0404481995850801,0.04549699164927,0.0387810606509447,0.0421796526759862,0.0465233169496059,0.0586128503084182,0.0560979932546615,0.0468123696744442,0.0510184943675994,0.0490418165922164,0.0565956346690654,0.0533720359206199,0.0476100750267505,0.0567473396658897,0.0326417997479438,0.0499702543020248,0.0386064182966947
O=C(O)c1ccc(-c2ccccc2OC(F)(F)F)o1,5-[2-(trifluoromethoxy)phenyl]-2-furoic acid,0.0258099416270852,0.026360074058175,0.0305043503642082,0.0257747702300548,0.0262394234538078,0.0285600244998931,0.0394142910838127,0.0401511698961257,0.0324631839990615,0.0291485756635665,0.0297966089099645,0.036773283034563,0.036659699678421,0.0315280806273221,0.0353529587388038,0.0192269776016473,0.0312618508934974,0.0238321505486965
O=c1c(-c2ccccc2)coc2ccccc12,isoflavone,0.0300370629876852,0.0296953849494457,0.0321477856487035,0.0272156320512294,0.0286743875592947,0.0317073356360197,0.0467627234756946,0.0422368496656417,0.0354236327111721,0.02844153419137,0.0314205799251794,0.0412941314280033,0.0413979351520538,0.0349779233336448,0.0388278428465127,0.0194917537271976,0.0346604213118553,0.0260188911110162
N=C(N)c1ccc2cc(C(=O)Nc3ccc(CN)cc3)ccc2c1,6-[n-(4-(aminomethyl)phenyl)carbamyl]-2-naphthalenecarboxamidine,0.0374095551669597,0.0361513596028089,0.0383010569959878,0.0316856171935796,0.0382657885551452,0.0391165249049663,0.0532899737358093,0.0561984404921531,0.0448833655565977,0.040549511089921,0.0417831540107727,0.0569838542491197,0.0486107468605041,0.0416087303310632,0.049948626756668,0.0291648864746093,0.0400400064885616,0.0299189358949661
OCCOc1ccc(Cl)cc1,chlorophetanol,0.0307880081236362,0.0302999626845121,0.0346185784786939,0.0307172872126102,0.0316217198967933,0.0326589323580265,0.044413486123085,0.0452126808464527,0.0343644998967647,0.0361670415848493,0.0331027638167142,0.0449954681098461,0.0416837621480226,0.0356040000915527,0.040060120075941,0.0228840811178088,0.0353353910148143,0.0262247577309608
Oc1ccc(OCc2ccccc2)cc1,SIDER1370,0.0207419654354453,0.0246773283928632,0.0332147665321826,0.0251104515045881,0.0243074379861354,0.0261628147214651,0.0374160643666982,0.035023046284914,0.0299476984888315,0.025794855877757,0.0289851792156696,0.0356273923069238,0.0359731905162334,0.031103640794754,0.0344242207705974,0.0184426274150609,0.0299999129027128,0.0229334414005279
Cc1ccnc(NC(=O)C(C)c2cccc(C(=O)c3ccccc3)c2)c1,piketoprofen,0.0318504959344863,0.0305978000164032,0.0380639217793941,0.0340424656867981,0.0335983723402023,0.0353560581803321,0.0566022031009197,0.0485553603619337,0.0446305930614471,0.0428422413766384,0.0450988039374351,0.0554163090884685,0.0443038843572139,0.0371918056160211,0.0477468006312847,0.024631018936634,0.0395068064332008,0.0297520756721496
CC(=O)Oc1cc(C)cc2c1C1=C(CCC(C)C1)C(C)(C)O2,pirnabine,0.0239266943186521,0.0251287743449211,0.0304465528577566,0.0247213322669267,0.0256913591176271,0.0270314719527959,0.0430291831493377,0.038522333651781,0.0325816094875335,0.0274393677711486,0.0404432564973831,0.0454857692122459,0.0367329988628625,0.0333980988711118,0.0369839139282703,0.0176718052476644,0.0311161141842603,0.0255921740084886
COc1ccc(NCCNC(=O)[C@H](CC2CCCCC2)Nc2nc3ccccc3o2)cc1,n~2~-1;3-benzoxazol-2-yl-3-cyclohexyl-n-{2-[(4-methoxyphenyl)amino]ethyl}-l-alaninamide,0.0188272926956415,0.0226937260478734,0.026958168298006,0.0238853529095649,0.0238909024745225,0.0253853384405374,0.0340348523110151,0.0341567691415548,0.028749681636691,0.0258381588384509,0.0296174630522727,0.0382150750607252,0.0335381377488374,0.0290250014513731,0.0321436822414398,0.0161886354908347,0.0272990260273218,0.021301744133234
CC[C@@H](C)[C@H](N)C(=O)O,l-alloisoleucine,0.0361811328679323,0.0339685536921024,0.0394811652600765,0.0324830703437328,0.0317150060087442,0.035353435948491,0.0487813353538513,0.0435028940439224,0.036581378057599,0.033424261957407,0.0315743450075387,0.0346849076449871,0.0466073952615261,0.0387353271245956,0.0417199984192848,0.0261633712798357,0.0390245825052261,0.0289223179221153
CC[C@H](C)[C@H](N)C(=O)O,isoleucine,0.0383508786559104,0.0351731769740581,0.0410043720155954,0.0337030224502086,0.0327960051596164,0.0365367084741592,0.0506990015506744,0.0456297472119331,0.0383094508200883,0.0344076719135046,0.0328978352248668,0.0363579388707876,0.047764241695404,0.0396674916148185,0.0433597341179847,0.0272105235606431,0.0398308247327804,0.029650679603219
O=c1c(O)c(-c2ccc(O)c(O)c2)oc2cc(O)cc(O)c12,quercetin,0.0507632888853549,0.055848803371191,0.0610848493874073,0.0505274713039398,0.0516581431031227,0.0532727248966693,0.091965028643608,0.0743962280452251,0.0744525231420993,0.0536120042204856,0.0515603058040142,0.0597112461924552,0.068330780416727,0.0619802579283714,0.0669354148209095,0.0412502747029066,0.0562117464840412,0.0471599124372005
O=c1c(O)c(-c2ccc(O)cc2)oc2cc(O)cc(O)c12,kaempherol,0.0475604061037302,0.0480788357555866,0.0546249225735664,0.0461419090628624,0.0493516497313976,0.0487499393522739,0.0822916515171527,0.0685041487216949,0.0644582845270633,0.0494159795343875,0.0457118943333625,0.0540556132793426,0.0605782635509967,0.0549964718520641,0.0647605240345001,0.0370078366249799,0.0533599868416786,0.0408428832888603
O=c1[nH]c(=O)n([C@H]2C[C@H](O)[C@@H](COP(=O)(O)O)O2)cc1F,5-fluoro-2'-deoxyuridine-5'-monophosphate,0.0364712450653314,0.0358518205583095,0.0386857952922582,0.0312947250902652,0.0298286877572536,0.0357518754899501,0.0581684425473213,0.0461180105805397,0.0442281953990459,0.0329985812306404,0.036043057218194,0.0398719310760498,0.0511554561555385,0.043601182103157,0.0455558948218822,0.029175454005599,0.039816328883171,0.0322850327938795
CCCCC(O)CO,"1,2-hexanediol",0.027688517794013,0.0268929928541183,0.0309938542544841,0.0240913692861795,0.0247926190495491,0.0300174623727798,0.0510928981006145,0.038284944742918,0.0377772513777017,0.029830802604556,0.0324840027838945,0.0365744315087795,0.0395826213061809,0.0343851935118436,0.0394347723573446,0.0236289646476507,0.0357126541435718,0.0250420179218053
CC[C@@H](C)C(=O)O,2-methylbutanoic acid,0.0469524979591369,0.0397581811994314,0.0475135020911693,0.0394529428333044,0.0387536149471998,0.0453519359230995,0.0698149636387825,0.0586648978292942,0.0507993046194314,0.04656154923141,0.0485360972583293,0.0509633880108594,0.0577371284365654,0.050188448652625,0.0606898359954357,0.033434322476387,0.0506961226463317,0.0369809545576572
C[C@]12CC[C@H](O)C[C@@H]1CC[C@@H]1[C@@H]2CC[C@]2(C)[C@@H](O)CC[C@@H]12,5-alpha-androstane-3-beta;17beta-diol,0.0729362703859806,0.0585703067481517,0.0648649789392948,0.0500401228666305,0.0440847281366586,0.054020058363676,0.0823374532163143,0.0640218503773212,0.0689590401947498,0.0586492285132408,0.0691994830965995,0.0644573122262954,0.0763505354523658,0.0644066467881202,0.0821381524205207,0.041526186466217,0.0658814400434494,0.0640930823981762
CCCCCCCCCCC(=O)O,undecanoic acid,0.0306915968656539,0.0318730916827917,0.0367004495114088,0.0332208730280399,0.0352682720869779,0.0385635465383529,0.055995438247919,0.0429627500474453,0.0380811482667923,0.0397916719317436,0.0398815233260393,0.040862676128745,0.0453701525926589,0.0391453571617603,0.0437160246074199,0.0271726589649915,0.0442370198667049,0.0318781927227973
CC(C)OC(=O)C1=CN(C(=O)c2ccc(F)c(F)c2)CC(C)(C)c2c1[nH]c1ccccc21,turofexorate isopropyl,0.0272183280438184,0.0281939461827278,0.0301979143172502,0.0261781726032495,0.0289449237287044,0.0331342566758394,0.0422681100666523,0.0371422182768583,0.0351011890918016,0.0321029610931873,0.0340204041451215,0.0381891924887895,0.0399207010865211,0.0351474050432443,0.0373236991465091,0.0202852280810475,0.0324761733412742,0.0272135503590106
CN1CC[C@@H](c2c(O)cc(O)c3c(=O)cc(-c4ccc(C(F)(F)F)cc4Cl)oc23)[C@@H]1CO,voruciclib,0.0252493094652891,0.0276959013193845,0.030078725144267,0.0272680912166833,0.0272905766963958,0.0301438551396131,0.0443620629608631,0.0387690737843513,0.0347915668040514,0.0323736507445573,0.0362755954265594,0.0370662949979305,0.0409933239221572,0.0325268615037202,0.0389336429536342,0.0192353520542383,0.0330965962260961,0.0257695578038692
CCCCNC(=O)c1ccc(Cl)cc1O,buclosamide,0.0262180242687463,0.0282294485718011,0.0311894454061985,0.0257253527641296,0.0259746126830577,0.0311514936387538,0.0433245554566383,0.0388515632599592,0.0315193109214305,0.0285689814016222,0.0326668243855238,0.0331566277891397,0.0403557449579238,0.0339424394071102,0.0377598781138658,0.0158196110278368,0.0327304571866989,0.0263081114739179
N#Cc1c(NC(=O)c2ccccc2F)sc2c1CCCC2,n-(3-cyano-4;5;6;7-tetrahydro-1-benzothien-2-yl)-2-fluorobenzamide,0.0332264956086874,0.0338086850941181,0.0386833392083644,0.0322915237396955,0.0319980695843696,0.0367926694452762,0.0552420325577259,0.044603156670928,0.0393915802240371,0.0353979734703898,0.0392804540693759,0.0462694052606821,0.0441625744104385,0.0413507394492626,0.0439842194318771,0.0223418800160288,0.0408585637807846,0.0311922494322061
Nc1nc2c([nH]c(=O)n2[C@H]2C[C@H](O)[C@@H](CO)O2)c(=O)[nH]1,8-hydroxy-2'-deoxyguanosine,0.0267206758260726,0.0266762938350439,0.0311888452619314,0.024623242393136,0.0251296177506446,0.0296467512845993,0.0457040600478649,0.0362672846764326,0.0317235082387924,0.0279968786984682,0.0296551715582609,0.0325597453862428,0.0379004184156656,0.0327144093811512,0.0356655295938253,0.0192467201501131,0.0322799637913703,0.0251073885709047
COc1ccc(C2CNC(=O)C2)cc1OC1CCCC1,rolipram,0.0319520756602287,0.0313894852995872,0.0391733698546886,0.0296748649328947,0.0266978878527879,0.0329560309648513,0.0547791965305805,0.0372933823615312,0.0384474586695432,0.0338718261569738,0.0412347089499235,0.0394524876028299,0.0416840363293886,0.0403246566653251,0.0447275459766387,0.0230447953566908,0.0432400315999984,0.0321910381317138
NC(=O)[C@@H]1C[C@@]2(NC(=O)NC2=O)c2cc(F)ccc2O1,(s;r)-fidarestat,0.0305956572294235,0.0362850058823823,0.0404221784323453,0.0315748911350965,0.0306901916861534,0.0383178483694791,0.0638787813484668,0.0463545139878988,0.0401504382491111,0.0366497188806533,0.0466355673968792,0.0407307371497154,0.048650761693716,0.0441226080060005,0.0572145536541938,0.0238368531689047,0.0480600096285343,0.0362613409757614
CC(=O)C=O,pyruvaldehyde,0.0439238771796226,0.0425844397395849,0.0507496044039726,0.0459570601582527,0.0430094420909881,0.0464970231056213,0.0867329664528369,0.0628347743302583,0.0584551967680454,0.0531594827771186,0.0679439302533864,0.0680680707097053,0.0641396380960941,0.0578682083636522,0.0763598877936601,0.0360490422695875,0.0583657369017601,0.0487888045608997
CCCCCCCCCC[N+](C)(C)[O-],capric dimethyl amine oxide,0.0243772562593221,0.028826930373907,0.0327680133283138,0.0258681293576955,0.0276681113988161,0.0336641836911439,0.0513573952019214,0.0421501770615577,0.0343302093446254,0.0336631298065185,0.0446420066058635,0.0414604984223842,0.0411182537674903,0.0397817403078079,0.050052735209465,0.0219434950500726,0.0433192458003759,0.0305539071559906
CCCCNc1ccc(C(=O)OCCN(C)C)cc1,SIDER1100,0.0163419283926486,0.0214352654293179,0.0259095562621951,0.0210023742169141,0.0199317183345556,0.0260555990040302,0.0411883279681205,0.0325439468026161,0.0249948218464851,0.0266026679426431,0.0378973342478275,0.0303285736590623,0.0296088639646768,0.0288422804325819,0.0354164663702249,0.0167146395891904,0.0325366258621215,0.0228140860795974
Nc1nc(=O)n([C@H]2C[C@H](O)[C@@H](CO)O2)cc1I,ibacitabine,0.0545471280813217,0.0570490300655365,0.0562583785504102,0.052300027757883,0.0593945510685443,0.0655964486300945,0.1344500109553337,0.093884439766407,0.0980291321873664,0.0593450777232646,0.0892794147133827,0.1074442639946937,0.0850639820098877,0.070566352456808,0.0960258744657039,0.0378065779805183,0.0658443160355091,0.0584039740264415
O=C(O)CCCC[C@@H]1CCSS1,lipoic acid,0.0359094716608524,0.0345547296106815,0.0424577426165342,0.0325697857886552,0.0307275604456663,0.0354086201637983,0.0934738561511039,0.043810324370861,0.0532741576433181,0.0422204811125993,0.0504309110343456,0.051126966625452,0.0489269830286502,0.0440995428711175,0.0497558832168579,0.0320598278194665,0.0459769785404205,0.0336047310382127
CCCC(=O)N1CCC[C@H]1C(=O)NCc1ccc(C(=N)N)cc1,1-butanoyl-n-(4-carbamimidoylbenzyl)-l-prolinamide,0.0330850183963775,0.0320446114987134,0.0371071677654981,0.0324233952909708,0.0350334677845239,0.0384690757840871,0.0479089438915252,0.046467450633645,0.0370380021631717,0.0399020578712224,0.0383155409246683,0.0417482696473598,0.0481239438056945,0.0416373714804649,0.0508365828543901,0.0266069829463958,0.0428636241704225,0.0324093244969844
CN(CC(=O)O)C(=N)NP(=O)(O)O,phosphocreatine,0.027124723047018,0.028782407939434,0.0348725985735654,0.0273888792842626,0.0310363363474607,0.0346305444836616,0.0406286485493183,0.0421237256377935,0.0326274875551462,0.0341216560453176,0.0365628473460674,0.0379848659038543,0.0441207140684127,0.0394518040120601,0.044853288680315,0.0216941716149449,0.0409398399293422,0.0303680215030908
CO[C@H]1O[C@@H](C)[C@@H](O)[C@@H](O)[C@@H]1O,methyl beta-l-fucopyranoside,0.0290896452963352,0.0296306490898132,0.0331589192152023,0.0293749533593654,0.0298905659466981,0.0333835788071155,0.0446392767131328,0.0420474581420421,0.0358464762568473,0.03227079808712,0.0359292216598987,0.0413584239780902,0.0420431897044181,0.0386886417865753,0.0442166149616241,0.0234354339540004,0.0383813448250293,0.0299375757575035
COC(=O)c1ccc(NC(=O)NC[C@H]2CC[C@@H](C(=O)N3CCC[C@H]3CN)N2)cc1,methyl 4-{[({[(2r;5s)-5-{[(2s)-2-(aminomethyl)pyrrolidin-1-yl]carbonyl}pyrrolidin-2-yl]methyl}amino)carbonyl]amino}benzoate,0.0247949507087469,0.0292871743440628,0.0312571801245212,0.0248024720698595,0.0294316302984952,0.0341851782053709,0.0426009364426136,0.0370990641415119,0.0325091462582349,0.0323078144341707,0.0340869348496198,0.0398232653737068,0.0412127181887626,0.0377840690314769,0.0451387673616409,0.0193433761596679,0.038525441288948,0.0273233179003
Cc1ccccc1-c1cc(NCc2ccc[n+]([O-])c2)n2ncc(Br)c2n1,3-((3-bromo-5-o-tolylpyrazolo[1;5-a]pyrimidin-7-ylamino)methyl)pyridine 1-oxide,0.0312493078410625,0.0343999985605478,0.0383353259414434,0.0331486213952302,0.0369004618376493,0.0416650898754596,0.051535028591752,0.0453996986150741,0.0408507823944091,0.037777155265212,0.0400131717324256,0.0427601296454668,0.0491061244159936,0.0463045451790094,0.0520085465162992,0.0257370553910732,0.0455243930220603,0.0340485379099845
CC(=O)c1ccc(NC(=O)c2cn[nH]c2-c2cc(Cl)c(O)cc2O)cc1,n-(4-acetylphenyl)-5-(5-chloro-2;4-dihydroxyphenyl)-1h-pyrazole-4-carboxamide,0.0359405748546123,0.0338140320032835,0.0372501939535141,0.032017957419157,0.0382026575505733,0.0384565003216266,0.0487948521971702,0.0447909072041511,0.0438230141997337,0.0393873054534196,0.0379564680159092,0.0460768442600965,0.0511104941368103,0.0450222939252853,0.0506514713168144,0.0274360928684473,0.0419816322624683,0.0316153842955827
CN1CCN(c2ccc(OC(F)(F)F)c(Nc3ncc4c(n3)-c3c(c(C(N)=O)nn3CCO)CC4)c2)CC1,onvansertib,0.0372683688998222,0.0356540493667125,0.0433732897043228,0.0388811524957418,0.0441368252038955,0.0452201936393976,0.0545889146625995,0.0489126272499561,0.0468225590884685,0.0471621863543987,0.0429382428526878,0.0474656045436859,0.053966698795557,0.0502477448433637,0.057516635581851,0.0288001272827386,0.0505247771739959,0.0393728911876678
O=C(O)[C@H]1OC=C[C@@H](O)[C@@H]1O,SIDER39,0.0363611835986375,0.0352840051054954,0.0378945667296648,0.0318245880305767,0.0350260935723781,0.0389581710100173,0.0463900849223136,0.0470370396971702,0.037105805426836,0.0381162069737911,0.0340998537838459,0.041057226806879,0.0493812970817089,0.0414869781583547,0.0477473936975002,0.0255530353635549,0.0392567090690135,0.031909392401576
CC(C)[C@H](CO)Nc1nc(Nc2ccc(C(=O)O)c(Cl)c2)c2ncn(C(C)C)c2n1,purvalanol,0.0311286430805921,0.0325484856963157,0.0368390217423439,0.0322514183819293,0.0353148933500051,0.0376544810831546,0.0458718262612819,0.0415573455393314,0.0363058786839246,0.0358679052442312,0.0306726057082414,0.037211587652564,0.047774389758706,0.0415216766297817,0.0455275245010852,0.0255705513060092,0.0421611979603767,0.0302047040313482
O=C1NCc2c1c1c3ccccc3[nH]c1c1[nH]c3ccccc3c21,6;7;12;13-tetrahydro-5h-indolo[2;3-a]pyrrolo[3;4-c]carbazol-5-one,0.029367072507739,0.031310323998332,0.0339585777372121,0.0294068783521652,0.0324966587126255,0.0343207851052284,0.0466727398335933,0.0410051316022872,0.0353260394185781,0.03371905349195,0.0329869255423545,0.0363785836845636,0.0466172769665718,0.040996603667736,0.0437285847961902,0.0243277382105588,0.038375649601221,0.0296993169933557
O=C(O)c1c(Cl)c(Cl)c(Cl)c(Cl)c1-c1c2cc([131I])c(=O)c([131I])c-2oc2c([131I])c(O)c([131I])cc12,"rose bengal sodium, i-131",0.0279112972319126,0.0257600829005241,0.0294259052723646,0.0278508327901363,0.0305645931512117,0.0310319684445858,0.0425405755639076,0.0403438907116651,0.0325172990560531,0.0315020870417356,0.0321631982922554,0.0388746820390224,0.0483800407499074,0.0372319623827934,0.0373781975358724,0.0207383597269654,0.0333446908742189,0.0271545011550188
O=C(CN(CCO)S(=O)(=O)c1ccc(-c2ccccc2)cc1)NO,n~2~-(biphenyl-4-ylsulfonyl)-n-hydroxy-n~2~-(2-hydroxyethyl)glycinamide,0.0365544579923152,0.0353919196873903,0.0399333879351615,0.0346870176494121,0.0396516159176826,0.0434297703206539,0.0512854397296905,0.0511775381863117,0.0419169548898935,0.0414450272917747,0.042899077758193,0.0457567274570465,0.053616639971733,0.0478408172726631,0.0517723813652992,0.0285358183085918,0.0432828538119792,0.0343712233006954
O=C(c1nn(-c2ccc(CN3CCOCC3)cc2)c2c1CS(=O)(=O)c1c(F)cccc1-2)N1CCOCC1,roginolisib,0.0363225132226944,0.0393532156944274,0.0427309278398752,0.0391944877803325,0.0435510750859975,0.0467353533953428,0.0548594005405902,0.0534940384328365,0.0459807761013507,0.0442358136177063,0.044148963317275,0.0470020819455385,0.0557712465524673,0.0509683020412921,0.0526947140693664,0.0315189324319362,0.0465202368795871,0.039621603116393
COC(=O)N[C@H](C(=O)N1CCC[C@H]1c1nc(-c2ccc3c(c2)O[C@@H](c2ccccc2)n2c-3cc3cc(-c4c[nH]c([C@@H]5CCCN5C(=O)[C@@H](NC(=O)OC)C(C)C)n4)ccc32)c[nH]1)C(C)C,elbasvir,0.0359248593449592,0.0415944743901491,0.0406660992652177,0.0382515907287597,0.0444658260792493,0.0499685399234294,0.0534971505403518,0.0535985082387924,0.0503077272325754,0.0417517699301242,0.0470721554011106,0.0477614946663379,0.0642619535326957,0.0599381186068058,0.0605667561292648,0.0299643464386463,0.0536734640598297,0.0434007618576288
CC(C)(C)c1cc(NC(=O)Nc2ccc(Cl)cc2)n(-c2ccccc2)n1,n-[(3z)-5-tert-butyl-2-phenyl-1;2-dihydro-3h-pyrazol-3-ylidene]-n'-(4-chlorophenyl)urea,0.0199291424825787,0.0252723943442106,0.0293860141187906,0.0262363165616989,0.0260891340672969,0.0299549803137779,0.0345245964825153,0.0359582796692848,0.0265465971082448,0.023249184526503,0.0282815046608448,0.0284281633794307,0.0385875836014747,0.035698552802205,0.0360774617642164,0.0170074803754687,0.0341963443905115,0.0260278761386871
Cc1cc(N/C(=N\C2CCCCC2)Nc2nccs2)c2ccccc2n1,timegadine,0.0155049078166484,0.0213500078767538,0.024757806956768,0.021588796377182,0.0216495279222726,0.0241458211094141,0.0282887384295463,0.028714508190751,0.0211568715050816,0.0198196558281779,0.0234167365357279,0.0226480286568403,0.0308005817234516,0.027344711124897,0.029237301275134,0.0129483478143811,0.028743652626872,0.0203203020617365
C=C(OP(=O)(O)O)C(=O)O,phosphoenolpyruvate,0.0243569375947117,0.029366048797965,0.0328860022127628,0.0289672065526247,0.0331878170371055,0.0342864114791154,0.0384974259883165,0.042645438760519,0.0324714943766593,0.0304366037249565,0.0323373634368181,0.0364791460335254,0.0433813422918319,0.0385507173836231,0.0436732497066259,0.0197536896914243,0.0382469143718481,0.028901819884777
CCCCCCCc1cc(O)c2ccccc2[n+]1[O-],2-heptyl-4-hydroxyquinoline n-oxide,0.0245789568871259,0.0297570202499628,0.0299416795372962,0.0280524276196956,0.0322272062301635,0.0358019277453422,0.0411816000938415,0.041959211975336,0.0309950724244117,0.0270173555240035,0.034158669039607,0.0350310552865266,0.0445037361234426,0.0376982703804969,0.0415131904184818,0.0197339823469519,0.0368815552443265,0.0265325289219617
C[C@@H]1C(=O)O[C@H]2[C@H](O)[C@@]34[C@H]5C[C@@H](C(C)(C)C)[C@]36[C@@H](OC(=O)[C@@H]6O)O[C@@]4(C(=O)O5)[C@@]12O,ginkgolide-b,0.0192941093817353,0.0236996684223413,0.0260788336396217,0.0204244047403335,0.0229279462248086,0.0276453368365764,0.0320691935718059,0.031418027728796,0.0263098072260618,0.0268818665295839,0.0271631937474012,0.0263357028365135,0.0356880832463502,0.0302452653646469,0.0343448288738727,0.0196534644812345,0.0322559863328933,0.0223532758653163
CCCCCCCCCCC[C@@H](O)CC(=O)O,(r)-3-hydroxytetradecanoic acid,0.0189170831814408,0.0230099663138389,0.025019634515047,0.0197971105575561,0.0218923885375261,0.0275401830673217,0.0348033145070076,0.0329414054751396,0.0272607713937759,0.0261569943279027,0.0301039583981037,0.0274711348116397,0.0356418944895267,0.0309476509690284,0.0357162572443485,0.0187071349471807,0.0330017138272523,0.0237551927566528
N[C@@H](CSS(=O)(=O)O)C(=O)O,s-sulphocysteine,0.0170883672311902,0.021846480295062,0.0241681262850761,0.0204682730138301,0.0214598029851913,0.0256675515323877,0.0313307628035545,0.0310092262923717,0.0265466921031475,0.0252395041286945,0.0276098355650901,0.0272751856595277,0.0338302802294492,0.030105435475707,0.0339313354343175,0.0161313474178314,0.0315419808030128,0.0210439253598451
CCOC(=O)[C@@H](N)Cc1ccc(-c2cc(O[C@H](c3ccc(Cl)cc3-n3ccc(C)n3)C(F)(F)F)nc(N)n2)cc1,telotristat etiprate,0.0193621415644884,0.0238514374941587,0.0265051323920488,0.0203171052038669,0.0229256715625524,0.0291975162923336,0.0309207187965512,0.0336354207247495,0.0233342293649911,0.0265854198485612,0.028163456171751,0.0252080487087368,0.0359521128237247,0.0337464965879917,0.0385381702333688,0.0206643555313348,0.0378182485699653,0.024685937538743
Cc1nc(C)c(-c2ccnc(Nc3ccc(N(C)C)cc3)n2)s1,n-[4-(2;4-dimethyl-thiazol-5-yl)-pyrimidin-2-yl]-n';n'-dimethyl-benzene-1;4-diamine,0.0151815970428287,0.0206371393054723,0.0242904093116521,0.019068869203329,0.0217377573251724,0.0243563942611217,0.0277783274650573,0.0298126272857189,0.0225086625665426,0.0226014904677867,0.0256188102066516,0.0243241408839821,0.0331101648509502,0.0293134678155183,0.0331519529223442,0.0167557390406727,0.0304632410407066,0.0205826051533222
CP(=O)(O)C1=CCNCC1,tpmpa,0.0260042399168014,0.0270984694361686,0.0315060954540967,0.0263090282678604,0.0270059019327163,0.0328183781355619,0.0395522434264421,0.0410001628100872,0.0285263583064079,0.0318309132009744,0.0347112085670232,0.0394432287663221,0.0410555016249418,0.0347928348928689,0.042939019203186,0.0220445983111858,0.0407793227583169,0.0275446005165576
c1ccc2c(NCCCCCCCCNc3c4c(nc5ccccc35)CCCC4)ccnc2c1,tacrine(8)-4-aminoquinoline,0.0219495042227208,0.0245237302035093,0.0269175928086042,0.0246220869943499,0.0251387000083923,0.0276186134666204,0.0324121057987213,0.0356271039694547,0.0247063696384429,0.0277562346309423,0.0291366349905729,0.0333547294139862,0.0356367241591215,0.0312364153563976,0.0332314040511846,0.0197135277092456,0.032196395471692,0.0217910137027502
CCCCC/C=C\C/C=C\C/C=C\C/C=C\CCCC(=O)C(F)(F)F,arachidonyltrifluoromethane,0.0212616339325904,0.0287317555397748,0.0345646727830171,0.0283532153815031,0.0297283690422773,0.0358600426465272,0.0415859397500753,0.0471684657037258,0.0356912046670913,0.0369030311703681,0.0414832193404436,0.0435510199517011,0.0453121609985828,0.0414264887571334,0.0490668676793575,0.0253768287599086,0.0430217899382114,0.0293893657624721
CC(=O)N[C@H]1[C@H]([C@H](O)[C@H](O)CO)OC(C(=O)O)=C[C@@H]1NC(=N)N,zanamivir,0.0158217191696167,0.0196302033960819,0.0215680785477161,0.0166253956034779,0.0181930722668767,0.0234132591634988,0.0257440423592925,0.0274399496614933,0.0237572131678462,0.0208767428994178,0.0228332573547959,0.025781999528408,0.0310315072536468,0.0268663078546524,0.0304778657853603,0.013953211158514,0.0265351571142673,0.0183326186612248
CCCCCCC(C)(C)c1cc(OC)c([C@H]2C=C(CO)[C@H]3C[C@@H]2C3(C)C)c(OC)c1,onternabez,0.0232185672968626,0.0314569674432277,0.0321449059993028,0.0264333602041006,0.0282756574451923,0.0342778697609901,0.0389473371207714,0.0420043036341667,0.0332434706389904,0.0314638223499059,0.03620639257133,0.0408290605992078,0.0430046096444129,0.0379882749170064,0.0433668956160545,0.0216587956994771,0.037060247734189,0.027458394691348
COc1ccc(-c2oc3ncnc(NCCO)c3c2-c2ccc(OC)cc2)cc1,2-[5;6-bis-(4-methoxy-phenyl)-furo[2;3-d]pyrimidin-4-ylamino]-ethanol,0.0228484043851494,0.0242143277078866,0.0278850670903921,0.0261704504489898,0.0275336936116218,0.0291916158050298,0.0350258868187665,0.0311768416315317,0.0256083749234676,0.0278059978038072,0.0261121470481157,0.0241656359285116,0.0379664879292249,0.0329505529254674,0.0316492415964603,0.0178885929286479,0.0333773672580719,0.0262398600578308
C[C@]1(O)C[C@@H](c2nc(-c3ccc4ccc(-c5ccccc5)nc4c3)c3c(N)nccn32)C1,linsitinib,0.0385293386876583,0.0405463453382253,0.0453274723142385,0.0453069921582937,0.0522878475487232,0.0537702802568674,0.053554804995656,0.0553915835916996,0.0471437990665435,0.0461537886410951,0.0438164569437503,0.0443810168653726,0.0663726031780242,0.0580241084098815,0.0559578284621238,0.029088195413351,0.0509029760956764,0.0425574574619531
O=C(O)c1ccc2c(c1)C(=O)N([C@H](Cc1cccc3ccccc13)C(=O)O)C2=O,2-[(1r)-1-carboxy-2-naphthalen-1-ylethyl]-1;3-dioxo-2;3-dihydro-1h-isoindole-5-carboxylic acid,0.0209232633933424,0.024082788079977,0.0258340530097484,0.0239214550703763,0.0287889536470174,0.0295682817697525,0.0314344637095928,0.0351676780730485,0.0268262606114149,0.0292903140187263,0.0229623358696699,0.0271561220288276,0.0373618986457586,0.0298483569175004,0.0341930754482746,0.0209488824009895,0.0322167668491601,0.0203501941636204
CC[C@H](Nc1nc(NCc2cnc(C)cc2C)c2ncn(C(C)C)c2n1)[C@@H](C)O,cyc-065,0.0438805017620325,0.0394607558846473,0.0465308465063571,0.0429058894515037,0.0468912091106176,0.0491981141269207,0.0544724032282829,0.0553991638123989,0.0461488537490367,0.0494013827294111,0.0421206131577491,0.0421022661030292,0.0590798705816268,0.0556023351848125,0.0560142166912555,0.039418976008892,0.0508881881833076,0.0401162073016166
Cc1nc2ccc(-n3ncc(C(=O)c4cc5ccccc5[nH]4)c3N)cc2[nH]1,debio-1347,0.0317643791437149,0.0301440391689538,0.0329945620149374,0.0293749887496233,0.0334341458976268,0.033903544768691,0.0415201008319854,0.0385165371000766,0.0339486461132764,0.0354372806847095,0.0280467506498098,0.0306456852704286,0.0442286446690559,0.0373598925769329,0.0395663540810346,0.0240812305361032,0.0366341482847929,0.0278009697794914
N#CC1(c2ccc(NC(=O)c3cccnc3NCc3ccncc3)cc2)CCCC1,rivoceranib,0.0216136462986469,0.025239616818726,0.0290002532303333,0.0230819651857018,0.0237863503396511,0.0288726769387722,0.033613995835185,0.0311179090291261,0.0257177639752626,0.0255653481930494,0.0255984608083963,0.0254005644470453,0.0384921599179506,0.0318558532744646,0.0352689366787672,0.0227324280887842,0.0344775538891553,0.0244129609316587
O=C(NCCN1CCOCC1)c1ccc(Cl)cc1,SIDER825,0.0207963343709707,0.0231437426060438,0.0268572770059108,0.0209775988012552,0.0214505817741155,0.0244034007191658,0.030307725444436,0.0286901284009218,0.0253625657409429,0.0246058102697134,0.0224556371569633,0.0227084755897521,0.0354309573769569,0.0315980318933725,0.0310740001499652,0.0185498712584376,0.0306368358433246,0.0219185892492532
c1cn2cc(-c3ccc4cn[nH]c4c3)nc(Nc3ccc(N4CCOCC4)cc3)c2n1,entospletinib,0.0220971930772066,0.0241155173629522,0.027909692749381,0.0214398566633462,0.0224374469369649,0.0269090104848146,0.0315835781395435,0.02905043810606,0.0261313859373331,0.0265359308570623,0.0233029119670391,0.0221728572621941,0.0372999016195535,0.0330967653542757,0.0355084687471389,0.0212228741496801,0.0340027350932359,0.0241001956164836
Nc1ncnc2c1ncn2[C@@H]1O[C@H](COP(=O)(O)OS(=O)(=O)O)[C@@H](O)[C@H]1O,adenosine 5'-phosphosulfate,0.0271449953317642,0.0288998931646347,0.0322146967053413,0.0270133674144744,0.0280429575592279,0.0309499874711036,0.0381531190127134,0.0373519275337457,0.0293124940246343,0.0293445546180009,0.0252300122752785,0.0280609529465436,0.0414490878582,0.0373160112649202,0.0380291100591421,0.0243643034249544,0.0356633517891168,0.0266991682350635
O=P(O)(O)O[P@](=O)(O)OC[C@H]1O[C@@H](n2cnc3c(NCc4ccccc4)ncnc32)[C@H](O)[C@@H]1O,n6-benzyl adenosine-5'-diphosphate,0.0283633470535278,0.0291733440011739,0.0321789644658565,0.0250563394278287,0.0261776689440011,0.0300777122378349,0.0390332803130149,0.034800025075674,0.0294807579368352,0.0293054025620222,0.0271771162748336,0.0276619438081979,0.0402553491294384,0.0351550463587045,0.036337835714221,0.025532267615199,0.0352806653827428,0.0263148698955774
O=C(O)Cn1nnc(-c2cc(N3CCC(Oc4cc(F)ccc4Br)CC3)no2)n1,mk-8245,0.0259806737303733,0.0271344762295484,0.0314116355031728,0.0260114084929227,0.0270982813090086,0.0301839020103216,0.0415967758744955,0.0345896005630493,0.0344863824546337,0.029336079955101,0.0263568416237831,0.0273855380713939,0.0412041157484054,0.0377915427088737,0.0381472151726484,0.0228033788502216,0.0361038126051425,0.0276789125055074
CCn1c(C(=O)N(C2CC2)C2CC2)cc2c3c(ncn3C)c(Nc3cc(C)n(C)n3)nc21,bms-911543,0.0280547127127647,0.0289556581526994,0.0342213239520788,0.0285090316087007,0.0278847940266132,0.0330215096473693,0.0421157624572515,0.0369077522307634,0.0335084751248359,0.0282971173524856,0.0269403051584959,0.029572919756174,0.043533693999052,0.03773745149374,0.0396840337663888,0.0215968243777751,0.0392921071499586,0.0292503990232944
O=[N+]([O-])c1ccccc1O[C@@H]1O[C@H](CO)[C@H](O)[C@H](O)[C@H]1O,1-o-[o-nitrophenyl]-beta-d-galactopyranose,0.0246555749326944,0.0252502094954252,0.0297625351697206,0.0243922535330057,0.0252365730702877,0.0286022301763296,0.0352236285805702,0.0323947954922914,0.0275299567729234,0.0257891040295362,0.0239569149911403,0.0244092125445604,0.0381815552711486,0.0332802183926105,0.0351059485226869,0.0202800557017326,0.0334642324596643,0.0245050258934497
O=c1ccn([C@@H]2O[C@H](COP(=O)(O)O)[C@@H](O)[C@H]2O)c(=O)[nH]1,uridine monophosphate,0.0508244559168815,0.0508272133767604,0.0520353257656097,0.0432075981050729,0.0486847624182701,0.0641056515276432,0.0575230978429317,0.0636044889688491,0.0538579307496547,0.053850258514285,0.0421622823923826,0.0481979139149189,0.077565511316061,0.0674509301781654,0.0713574290275573,0.0385787080973386,0.058692193031311,0.051067990809679
Nc1nc2c(ncn2[C@H]2C[C@H](O)[C@@H](CO[P@](=O)(O)OP(=O)(O)O)O2)c(=O)[nH]1,2'-deoxyguanosine-5'-diphosphate,0.0395214986056089,0.037739248201251,0.0408303208649158,0.0330994259566068,0.0359363097697496,0.0422056823968887,0.0501315146684646,0.0434545375406742,0.0394989058375358,0.0408288236707449,0.0366016317158937,0.0316545773297548,0.0533623687922954,0.0477624483406543,0.0486327290534973,0.0357321437448263,0.0477065771818161,0.0358242154121398
Nc1ncnc2c1ncn2[C@@H]1O[C@H](COP(=O)(O)OP(=O)(O)O)[C@@H](O)[C@H]1O,adenosine disphosphate,0.0492928951978683,0.0460024565458297,0.0500450730323791,0.0408917944878339,0.0447877593338489,0.0511237621307373,0.0549461588263511,0.0551396153867244,0.0466932125389576,0.0481030698865652,0.0412672288715839,0.0406376220285892,0.0654260493814945,0.0570876814424991,0.055498032271862,0.0440637156367301,0.0523359514772892,0.0445829398930072
COC[C@H]1C[C@@H](c2nc(-c3ccc4c(c3)COc3cc5c(ccc6nc([C@@H]7CC[C@H](C)N7C(=O)[C@@H](NC(=O)OC)C(C)C)[nH]c65)cc3-4)c[nH]2)N(C(=O)[C@H](NC(=O)OC)c2ccccc2)C1,velpatasvir,0.0316245205700397,0.0339461367577314,0.0370709672570228,0.036246495321393,0.0357376176863908,0.0405019499361515,0.0510235100984573,0.0452691979706287,0.0427555151283741,0.0438165068626403,0.0405567377805709,0.0373136423528194,0.0539580956101417,0.0527243942022323,0.0596070475876331,0.0310948316007852,0.0564901687204837,0.0388648435473442
O/N=C1\CCc2cc(-c3cn(C4CCNCC4)nc3-c3ccncc3)ccc21,(1e)-5-(1-piperidin-4-yl-3-pyridin-4-yl-1h-pyrazol-4-yl)-2;3-dihydro-1h-inden-1-one oxime,0.0350096598267555,0.0332236301153898,0.0407402876764535,0.0377091355621814,0.0411315321922302,0.0425049200654029,0.0490229703485965,0.0454352125525474,0.0435854740440845,0.0489737156778573,0.0424796432256698,0.0424436807632446,0.0535709299147129,0.0518763691186904,0.0605867687612772,0.0330455590039491,0.060155376791954,0.0417174197733402
CC(=O)c1cccc(-c2cnc3ccc(NCC4CC4)nn23)c1,imidazopyridazin 1,0.029134526848793,0.0291156362742185,0.0359907839447259,0.0288863115012645,0.0282937284559011,0.0317805852741003,0.0433185704052448,0.0359713692218065,0.0297850720584392,0.034062648192048,0.0351960144937038,0.0303682424128055,0.0401430115103721,0.0422487903386354,0.0471615817397832,0.0247015006840229,0.0435314048081636,0.0314570508897304
NCc1ccc2c(c1)C1(CCN(C(=O)c3ccc(C#Cc4ccccc4)o3)CC1)CO2,jnj-27390467,0.0337224200367927,0.0337498139590024,0.0380159050226211,0.0341465700417757,0.0349918771535158,0.0397663187235593,0.0503143519163131,0.0412857070565223,0.0391870010644197,0.0443223420530557,0.0395157117396593,0.0363539326936006,0.0474891133606433,0.0481865152716636,0.0550204813480377,0.0284163746982812,0.0500314459204673,0.0337596908211708
O=C(CCCCCCNC(=O)c1cnc(N(c2ccccc2)c2ccccc2)nc1)NO,ricolinostat,0.0284547422081232,0.0304049219936132,0.0326509051024913,0.0263785153627395,0.0282935168594121,0.033007413893938,0.0424106661230325,0.0348132569342851,0.0294736664742231,0.0298938062041997,0.0323425360023975,0.0299354372546076,0.041474600508809,0.0387186780571937,0.0431166570633649,0.0225521450862288,0.0418534062802791,0.0272725440561771
CC(C)COc1cccc(-c2nc3cc(C(=N)N)ccc3[nH]2)c1O,cra_10656,0.0270415833219885,0.0285951327532529,0.0300898425281047,0.0271210543811321,0.0278449676930904,0.0322095032781362,0.0417476419359445,0.0359098147600889,0.0303455382585525,0.0308406915515661,0.0326313763856887,0.0305246761068701,0.0418927952647209,0.0378387946635484,0.0413937360048294,0.0227586802095174,0.0386475082486867,0.0284440912306308
CNCCCC1(c2ccccc2)SC(C)(C)c2ccccc21,talsupram,0.0266250289976596,0.0279531255364418,0.0288201563060283,0.0246515955775976,0.0273535642772912,0.0311923116445541,0.0365871794521808,0.0331550531089305,0.028072540834546,0.0300575263798236,0.0294805534183979,0.0278254397213459,0.0385171364992857,0.0353816553950309,0.0385217376053333,0.0208114242181181,0.036005875468254,0.027566535398364
O=c1ccn([C@@H]2O[C@H](COP(=O)(O)OP(=O)(O)O[C@H]3O[C@H](CO)[C@@H](O)[C@H](O)[C@@H]3O)[C@@H](O)[C@H]2O)c(=O)[nH]1,uridine-5'-diphosphate-mannose,0.0415945179760456,0.0446259994059801,0.0473507177084684,0.0379019781947135,0.047236655652523,0.0507724475115537,0.0585881579667329,0.0544147353619337,0.0448683075606822,0.0481267973780632,0.046692993864417,0.0469618219882249,0.0629628866910934,0.0553220871835947,0.0567343443632125,0.0345606561750173,0.0551421992480754,0.0421949852257967
CC(C)(C)OC(=O)N[C@H]1CCCCC/C=C\[C@@H]2C[C@@]2(C(=O)NS(=O)(=O)C2CC2)NC(=O)[C@@H]2C[C@@H](OC(=O)N3Cc4cccc(F)c4C3)CN2C1=O,danoprevir,0.0280026271939277,0.0306923031806945,0.0326894275844097,0.0290073949843645,0.0303954347968101,0.036473861709237,0.0423901714384555,0.0391798142343759,0.0341095212846994,0.0348399464040994,0.0318918146193027,0.0312101729214191,0.0445475310087204,0.0391224194318056,0.0427259977906942,0.0244853049516677,0.0423758961260318,0.0287021718919277
Cn1c(N2CCCCS2(=O)=O)nc(C(=O)NCc2ccc(F)cc2)c(O)c1=O,hiv integrase inhibitor,0.0267056815326213,0.0286510441452264,0.0303016759455204,0.0277734104543924,0.0316207982599735,0.0346695266664028,0.0414498452097177,0.0355953838676214,0.0290723830461502,0.0321659933775663,0.0302982836961746,0.0302086405456066,0.0419984739273786,0.0370328892022371,0.0411593526601791,0.022290439158678,0.0396253935992717,0.0269780538976192
COC(=O)c1c(O)cccc1OC/C=C/c1ccc(F)c(-c2cc(C(=O)O)no2)c1,5-(2-fluoro-5-{(1e)-3-[3-hydroxy-2-(methoxycarbonyl)phenoxy]-1-propen-1-yl}phenyl)-1;2-oxazole-3-carboxylic acid,0.0266813995316624,0.0297813106328249,0.0326531458646059,0.0286973468959331,0.030449079349637,0.0331315621733665,0.0410046979784965,0.0384692892432212,0.0327730953693389,0.0270572699606418,0.0292963530868291,0.0306139796972274,0.0437680795788765,0.0391050897538661,0.0416182003915309,0.0207342818379402,0.0397934053093195,0.0277772426605224
CC(C)CCC[C@@H](C)[C@H]1CC[C@H]2[C@@H]3CC=C4C[C@@H](O)CC[C@]4(C)[C@H]3CC[C@]12C,cholesterol,0.0247440177947282,0.0310186550021171,0.0341998297721147,0.0291496183723211,0.0311799485236406,0.0346749726682901,0.0441126026213169,0.0384806428104639,0.033276205509901,0.0286982344463467,0.0322180736809969,0.0295389503240585,0.0468154944479465,0.0423264577984809,0.0444635510444641,0.0205180894583463,0.0433464601635932,0.0298665188252925
Cc1cc(C)cc(C(=O)c2c(C(C)C)c(=O)[nH]c(=O)n2CC2CC2)c1,iqp-0528,0.0213239721953868,0.0263327859342098,0.0295239351689815,0.0260306686162948,0.0288710657507181,0.0312319915741682,0.0369313240051269,0.0335452552884817,0.0297308094799518,0.0265957232564687,0.0269368037581443,0.0283956192433834,0.041127111017704,0.0366790659725666,0.0391944043338298,0.0187880743294954,0.0372142303735017,0.0260886538773775
COc1cc2nc(N(C)CCCNC(=O)C3CCCO3)nc(N)c2cc1OC,SIDER260,0.0194102127104997,0.0231440104544162,0.0248506546020507,0.0211116731166839,0.0216598883271217,0.0251076519489288,0.0310152426362037,0.0282712321728467,0.0209301952272653,0.0204466635361313,0.0223924126476049,0.020475398004055,0.0326487995684146,0.0303372655063867,0.0305570304393768,0.0154988940805196,0.0300876792520284,0.0218907937407493
O=C(Nc1ccccc1)c1cc[nH]n1,n-phenyl-1h-pyrazole-3-carboxamide,0.0234404446557164,0.0266722336411476,0.0305443298071622,0.0259541139006614,0.0273253519088029,0.0296697758138179,0.0340602274984121,0.0320707082748413,0.0269892379641532,0.0264955382794141,0.0254799760878086,0.025962346047163,0.037747923284769,0.0338095292448997,0.0361054666340351,0.0210562743246555,0.0357771672308444,0.0254015028476715
Cc1c(-c2ccc(O)cc2)n(Cc2ccc(OCCN3CCCCCC3)cc2)c2ccc(O)cc12,SIDER1308,0.0279575668275356,0.0297194432467222,0.0369748782366514,0.0302888162434101,0.0298855189234018,0.0348915312439203,0.0412070009857416,0.0341045837849378,0.0307641789317131,0.0287127804011106,0.032253573089838,0.031991247460246,0.0422321368008852,0.0381834365427494,0.0424192517995834,0.0235047563910484,0.0456936329603195,0.0329307459294796
CCc1nc(N)nc(N)c1-c1ccc2c(c1)N(CCCOC)C(=O)C(C)(C)O2,6-(2;4-diamino-6-ethylpyrimidin-5-yl)-4-(3-methoxypropyl)-2;2-dimethyl-2h-1;4-benzoxazin-3(4h)-one,0.0448312185704708,0.0464804235845804,0.0511365033686161,0.0460096679627895,0.0513263996690511,0.0565842606127262,0.0715675018727779,0.0565214157104492,0.0556789070367813,0.0502160556614399,0.0504870139062404,0.0447167322039604,0.0674361504614353,0.0628651216626167,0.0737618185579776,0.0357015527784824,0.0664071649312973,0.0504045471549034
N=C(Nc1ccc(CCNCc2cccc(Cl)c2)cc1)c1cccs1,n-(4-{2-[(3-chlorobenzyl)amino]ethyl}phenyl)thiophene-2-carboximidamide,0.0178837047889828,0.0238721393048763,0.0279411327093839,0.0224606435745954,0.0243460584431886,0.0274564135819673,0.038006280362606,0.030469612404704,0.0263642691075801,0.0254316410049796,0.0269869640469551,0.0243825707584619,0.0357141330838203,0.034163836762309,0.0389500096440315,0.0171522663906216,0.0381958719342947,0.0240898992866277
CCc1nn(C2CCCC2)c2c1CCn1c(-c3cccs3)nnc1-2,tofimilast,0.0281856305897235,0.0291915390640497,0.0342161357402801,0.0280620407313108,0.0287437465041875,0.0319064516574144,0.0471157651394605,0.0358097176998853,0.0332332413643598,0.0379313807934522,0.0352651063352823,0.0320186395198106,0.0430083766579627,0.037999964132905,0.0421725265681743,0.0253485320135951,0.0394642490893602,0.0301346872001886
CC(C)(CO)c1cc2cc(NC(=O)C3(c4ccc5c(c4)OC(F)(F)O5)CC3)c(F)cc2n1C[C@@H](O)CO,tezacaftor,0.0208665024489164,0.0228763608261942,0.0261777522042393,0.0199518769048154,0.0205543906427919,0.0251319954171776,0.0330720940604805,0.027566560730338,0.0276245448738336,0.025572233274579,0.0257680313661694,0.0244571026414632,0.0359097648411989,0.0296392623335123,0.0316360790282487,0.0195613130927085,0.0301573149859905,0.0227391634136438
O=C1/C(=N\O)c2c(/C=C/c3ccccc3)cccc2N1Cc1cc(F)cc2c1OCOC2,(3z)-1-[(6-fluoro-4h-1;3-benzodioxin-8-yl)methyl]-4-[(e)-2-phenylethenyl]-1h-indole-2;3-dione 3-oxime,0.0213349258527159,0.023433531820774,0.0270336415618658,0.0205486770719289,0.0227480210363864,0.0266859766095876,0.0353328196331858,0.0312246542423963,0.0287838462740182,0.0269601423293352,0.0285479858517646,0.0269578043371438,0.0377743974328041,0.0322941791266202,0.034690473228693,0.0213865503668785,0.0328137010335922,0.0232857946306467
CC(C)(N)C(=O)N[C@H](COCc1ccccc1)C(=O)N1CCC2(CC1)CN(S(C)(=O)=O)c1ccccc12,ibutamoren,0.0199463218450546,0.0231607865542173,0.0281226158142089,0.0212704505771398,0.022046448290348,0.0259169973433017,0.0382445488125085,0.0306811966001987,0.0296276342123746,0.0232528716325759,0.0272777937352657,0.0264257125556468,0.033377269282937,0.0311661727726459,0.035292924195528,0.0183402247726917,0.035055586323142,0.0228018466383218
COc1cc([C@H](C)C#Cc2c(C)nc(N)nc2N)ccc1-c1ccccc1,5-[(3s)-3-(2-methoxybiphenyl-4-yl)but-1-yn-1-yl]-6-methylpyrimidine-2;4-diamine,0.0212857766076922,0.024206019937992,0.0316511694341897,0.0212152708321809,0.0205295363441109,0.0267161905765533,0.0397611357271671,0.0324614524841308,0.0326945066452026,0.0259374231100082,0.0315106093883514,0.029874862730503,0.0368490561842918,0.0350718814879655,0.0394816681742668,0.0189933720976114,0.0380615036934614,0.024392894655466
CC(=O)N[C@@H](Cc1ccc(OP(=O)(O)O)c(C=O)c1)C(=O)N[C@H]1CCCCN(Cc2ccc(-c3ccccc3)cc2)C1=O,ru84687,0.026291498914361,0.0269110791385173,0.0326582964509725,0.0238510150462388,0.0245908431708812,0.0297394309192895,0.0386059612035751,0.0340238716453313,0.0308088079094886,0.0286985583603382,0.0292774844914674,0.0286512814462184,0.038222761824727,0.035111553966999,0.0409490250051021,0.022633858397603,0.0417438946664333,0.0254197936505079
CN1CCN(C2CCN(C(=O)Nc3cc(Oc4ccc(NC(=O)C5(C(=O)Nc6ccc(F)cc6)CC5)c(F)c4)ccn3)CC2)CC1,golvatinib,0.0246590530499815,0.0266799665987491,0.0308044198900461,0.0238356871530413,0.0238578548654913,0.0283315699547529,0.0416761483997106,0.0355615615844726,0.0358206439763307,0.0306195184588432,0.0273921445012092,0.0278518076986074,0.0407078135758638,0.0373456865549087,0.0396880429238081,0.0238211393356323,0.0394399031996727,0.026941467821598
O=S(=O)(O)CI,methiodal,0.0171114027500152,0.019600835815072,0.0229740409180521,0.0175388887524604,0.0170854523777961,0.021254488453269,0.0300270035862922,0.0255833882838487,0.0226262113079428,0.0228885797783732,0.0210152564570307,0.0197609024122357,0.029402033239603,0.0273660976439714,0.0305664543062448,0.0179885050281882,0.0288068758323788,0.0184726068750023
C[C@@H]1Cc2c([nH]c3ccccc23)[C@@H](c2c(F)cc(/C=C/C(=O)O)cc2F)N1CC(C)(C)F,azd-9496,0.0270806282758712,0.0324883013963699,0.0357506617903709,0.0287842825055122,0.0271152112632989,0.0318465285003185,0.0426071740686893,0.0410900693386793,0.0398171164095401,0.0302325077354908,0.0350427940487861,0.0388493474572897,0.0450271159410476,0.0422523833811283,0.0507784768939018,0.0225833721458911,0.0408225543797016,0.0294161792844533
Clc1ccc(CN(Cc2ccc(Cl)cc2)c2nn[nH]n2)cc1,n;n-bis(4-chlorobenzyl)-1h-1;2;3;4-tetraazol-5-amine,0.0258691884577274,0.0293108232319355,0.0366590358316898,0.0263116162270307,0.0258722752332687,0.0301309611648321,0.0381449200212955,0.0378528263419866,0.0318380117416381,0.0263633787631988,0.0290349312126636,0.0315228007733821,0.043741650134325,0.0370372079312801,0.0413801170885562,0.0199221298098564,0.0365021735429763,0.0281367637217044
Cc1ccc(C(=O)N(CCCN)[C@@H](c2nc3cc(Cl)ccc3c(=O)n2Cc2ccccc2)C(C)C)cc1,ispinesib,0.0222266055643558,0.0231785625219345,0.0268761236220598,0.0207483749836683,0.0220626417547464,0.0264166422188282,0.0313583506271243,0.0307382617145776,0.0270165506750345,0.0256197158247232,0.0246658578515052,0.0258475426584482,0.0350433159619569,0.0306641552597284,0.0341173019260168,0.0200242448598146,0.0312270604074001,0.021284345537424
COc1cc(-c2ccccc2)cc([C@@H](C)C#Cc2c(C)nc(N)nc2N)c1,5-[(3r)-3-(5-methoxybiphenyl-3-yl)but-1-yn-1-yl]-6-methylpyrimidine-2;4-diamine,0.0212019966915249,0.0248401820659637,0.0289371524006128,0.020453024841845,0.0215053223073482,0.0270660113543272,0.0352773513644933,0.0332500904798507,0.0292615044862031,0.0255545511841773,0.0305884759873151,0.029461308196187,0.0387496761977672,0.0350548885762691,0.037587222084403,0.0184531062841415,0.0355357989668846,0.0242957863956689
O=C(Cc1cccc(OC(F)(F)F)c1)Nc1ccc(CCCCc2nnc(NC(=O)Cc3ccccn3)s2)nn1,telaglenastat,0.0265933377668261,0.0302103005349636,0.0335290849208831,0.0261960078030824,0.0260050736367702,0.0321905963122844,0.0394569803029298,0.042127352207899,0.0323381941765546,0.0288785230368375,0.0333482455462217,0.0341396957635879,0.0446890160441398,0.038257410377264,0.0439693145453929,0.0234779428690671,0.0409925196319818,0.0283579245209693
OC[C@H]1NC[C@H](O)[C@@H](O)[C@H]1O,migalastat,0.0391915220767259,0.0387016903609037,0.0403664499521255,0.0288989029824733,0.0314723379909992,0.0399367406964302,0.0531113691627979,0.0457417905330658,0.0413414485752582,0.0389599628746509,0.0393609207123517,0.0417434591799974,0.0520599022507667,0.0444274149835109,0.0518226854503154,0.0280728425830602,0.0477363646030426,0.0349055957049131
CC1(C)C(/C=C/C2=C(Oc3ccc(C[C@H](NC(=O)c4ccc(NCc5cnc6[nH]c(N)nc(=O)c6n5)cc4)C(=O)O)cc3)/C(=C/C=C3/N(CCCCS(=O)(=O)O)c4ccc(S(=O)(=O)O)cc4C3(C)C)CCC2)=[N+](CCCCS(=O)(=O)O)c2ccc(S(=O)(=O)O)cc21,pafolacianine sodium,0.0337812714278698,0.0316590726375579,0.0354307796806097,0.0278658479452133,0.031684261187911,0.0324791822582483,0.0445680800825357,0.0400648921728134,0.0374332185834646,0.0349459763616323,0.0389966085553169,0.0368366636335849,0.0468151696026325,0.0446229387074708,0.0481559067964553,0.0248627636581659,0.0467384532094001,0.0314803883433342
CCCNC(=O)[C@@H]1CCCN1C(=O)[C@H](N)C(c1ccccc1)c1ccccc1,beta-phenyl-d-phenylalanyl-n-propyl-l-prolinamide,0.0341182056814432,0.0326709106564521,0.0340010244399309,0.0300909616053104,0.0303134441375732,0.0336287219077348,0.0473699681460857,0.0421338349580764,0.0350341584533453,0.0300478268414735,0.0361948542296886,0.0368983551859855,0.0469402596354484,0.0421455595642328,0.0477367356419563,0.0244415830820798,0.0426928151398897,0.0318274371325969
c1cc([C@H]2CC[C@]3(CC2)OOC2(O3)C3CC4CC(C3)CC2C4)ccc1OCCN1CCOCC1,artefenomel,0.0294319584965705,0.0297319244593381,0.0327910032123327,0.0291010934859514,0.0264726065099239,0.0301091641187667,0.0474088251590728,0.0372377831488847,0.0347917713224887,0.032273406162858,0.0349487323313951,0.0356090992689132,0.0415874391794204,0.0424135819077491,0.0438599985092878,0.0224433347582817,0.0406689159572124,0.0273646429181098
Cc1c(C(=O)NN2CCCCC2)nn(-c2ccc(Cl)cc2Cl)c1-c1ccc(Cl)cc1,SIDER1283,0.0266854874789714,0.0269158404320478,0.0340113509446382,0.0277410365641117,0.0282996192574501,0.0307428296655416,0.0420467518270015,0.0342176914215087,0.0281262408941984,0.029705111682415,0.0310416955500841,0.0289493218064308,0.0386524427682161,0.0354532815515995,0.0368017703294754,0.022817588597536,0.037600041180849,0.0280957631766796
O=C(Cc1cccs1)N1CCC(c2nc(-c3cccs3)no2)CC1,1-(thiophen-2-ylacetyl)-4-(3-thiophen-2-yl-1;2;4-oxadiazol-5-yl)piperidine,0.0308578759431839,0.0318952318280935,0.0351188402622938,0.0304090991616249,0.0300647735595703,0.0343174070119857,0.044051343947649,0.0352457929402589,0.0279947593808174,0.0303010385483503,0.0322677958756685,0.0285835687071084,0.0410738363862037,0.0370742052793502,0.0392936415970325,0.0227364882826805,0.0400407552719116,0.0305245839059352
Fc1ccc(OC[C@@H]2CNCCO2)c2c1CCC2,lubazodone,0.0206708271056413,0.0228072065860033,0.0255185060203075,0.0201059252023696,0.0193280886858701,0.0233008038252592,0.0347790252417326,0.0271022923290729,0.0254096318036317,0.0207434175536036,0.0223202999681234,0.0221677895635366,0.0314912904053926,0.027916931733489,0.0294203598052263,0.0162285940721631,0.0303047370165586,0.0214510668069124
N[C@@H](CC(=O)N1CCC[C@H]1CNC(=O)c1ccccc1)Cc1ccccc1F,n-({(2s)-1-[(3r)-3-amino-4-(2-fluorophenyl)butanoyl]pyrrolidin-2-yl}methyl)benzamide,0.0259311506524682,0.0269479490816593,0.0288251940160989,0.0226449862122535,0.0229902934283018,0.0283520404249429,0.0436951629817485,0.0333406403660774,0.0309470195323228,0.0276006031781435,0.0290639422833919,0.02720333263278,0.0374202653765678,0.0342297472059726,0.0363249387592077,0.0204090867191553,0.0363965570926666,0.0255047261714935
CC(=O)O,SIDER35,0.0377085693180561,0.0367537710815668,0.046413204818964,0.0330239351838827,0.0315630733966827,0.0398865856230259,0.0594601146876812,0.0441697183996439,0.0440277080982923,0.0357590857893228,0.038664111867547,0.0337216340005397,0.0509054783731699,0.0508672952651977,0.0556879565119743,0.0262951411306858,0.0565973758697509,0.0398737907409667
COc1ccc(Cl)c(-c2ccc(NC(=O)c3ccnn3C)nc2N)c1,pf-04531083,0.0297983434051275,0.0301262505352497,0.0351429868489503,0.0272196173667907,0.0264767054468393,0.0320151969790458,0.0437335632741451,0.0341477803885936,0.0321985784918069,0.0284641101956367,0.0266580771654844,0.0277655152603983,0.0417298134416341,0.0377655081450939,0.0417049765586853,0.0224745701998472,0.0404273480176925,0.029300595074892
Cn1nnc2ccc([C@H](c3ccc(Cl)cc3)n3cncn3)cc21,vorozole,0.0341422695666551,0.0300310749560594,0.0346542168408632,0.0282400790601968,0.0282828129827976,0.0327310480177402,0.0459156729280948,0.0370069969445467,0.0340191539376974,0.03074303381145,0.0292578797787427,0.0285418286919593,0.0417389869689941,0.0388378195464611,0.042552088573575,0.0246189154684543,0.0404719606041908,0.0285266794264316
CSCC[C@H](N)C(=O)O,methionine,0.0266117174178361,0.0266291961073875,0.0324929255992174,0.0257761172950267,0.0242893390357494,0.0289303969591856,0.0392270017415285,0.0342896144837141,0.0299897525459528,0.0266847729682922,0.0262841179966926,0.0286135625094175,0.0374150410294532,0.0332784477621316,0.0367943786084652,0.0225290589034557,0.0353037126362323,0.0238607253879308
CCCCCc1cccc(CC(=O)O)c1,setogepram,0.0256574666127562,0.0272215161472558,0.0321550074964761,0.0275209698826074,0.0288557078689336,0.0329255174845457,0.0431477472186088,0.0384684272110462,0.0328774403780698,0.028684826567769,0.0299882646650075,0.0341249134391546,0.0420893348753452,0.0359877776354551,0.042083366587758,0.0226378839462995,0.0391872659325599,0.026703755557537
CS(=O)(=O)c1cccc(C(=O)NC[C@@H]2CCCN2C(=O)C[C@H](N)Cc2cccc(Cl)c2)c1,n-({(2s)-1-[(3r)-3-amino-4-(3-chlorophenyl)butanoyl]pyrrolidin-2-yl}methyl)-3-(methylsulfonyl)benzamide,0.0261320644989609,0.0275796987116336,0.032670909538865,0.02496103271842,0.0264402166008949,0.0313116375356912,0.0458243638277053,0.0399990510195493,0.0335534404963254,0.0288644675165414,0.0300813671201467,0.0333344008773565,0.0394916974008083,0.0350044786930084,0.0426496926695108,0.021686352789402,0.0386170230805873,0.0260401982814073
O=C1C(Cl)=C(NCCN2CCOCC2)C(=O)c2ncccc21,nsc-663284,0.0208358295261859,0.0218805897980928,0.0270411923527717,0.0208979539573192,0.0217774808406829,0.0256559811532497,0.0312425095587968,0.0290988612920045,0.0217676315456628,0.0233249876648187,0.0245118848979473,0.0252659421414136,0.0315447710454463,0.0260104853659868,0.0314673174172639,0.0172588055953383,0.0279512509703636,0.0213633362203836
N[C@@H](Cc1ccc(O)cc1)C(=O)O,SIDER218,0.0253846321254968,0.0269595887511968,0.0333749502897262,0.0281405352056026,0.0269915245473384,0.0302628982812166,0.0420521937310695,0.0352228365838527,0.0302574783563613,0.030229191109538,0.0316463761031627,0.0325434677302837,0.0385658137500286,0.0340076882392168,0.0376894958317279,0.0198368668556213,0.0361378140747547,0.0271040804684162
Cc1cc(F)ccc1-c1ccc(/N=N/c2cc(S(=O)(=O)O)c3ccccc3c2N)cn1,kus-121 free acid,0.021470483019948,0.0239606749266386,0.0277162965387105,0.0225302567705512,0.0229781985282897,0.0269411858171224,0.036156627908349,0.0330503657460212,0.0278753537684679,0.0250215288251638,0.0252483215183019,0.0273172099143266,0.0343016762286424,0.0301925458014011,0.0321486447006464,0.0164579754695296,0.0318239949643611,0.0224458679556846
O=[N+]([O-])c1cccc2c(Br)n[nH]c12,3-bromo-7-nitroindazole,0.0210827199742198,0.0242970138788223,0.0294540435075759,0.0242011483758687,0.0243301667273044,0.0274990126490592,0.0348306011408567,0.0309231761842966,0.0281570263206958,0.0260621301829814,0.0256650511175394,0.0276389483362436,0.0352300655096769,0.030660955607891,0.0330339431762695,0.0185120979323983,0.0304341562092304,0.0245237842202186
Cc1c[nH]c2ncnc(N3CCC(CN)(C(=O)Nc4cccc(OC(=O)N(C)C)c4)CC3)c12,lx-7101,0.0315664038062095,0.0297005582600832,0.0360369727015495,0.029768531024456,0.0291410073637962,0.0340307708829641,0.044059482589364,0.0386280227452516,0.0369636140763759,0.0343938518315553,0.0325340561568737,0.0361809112131595,0.0446020003408193,0.0402043752372264,0.0433190830051899,0.0238126240670681,0.0423394847661256,0.0312222220003604
N#CCNC(=O)c1ccc(-c2ccnc(Nc3ccc(N4CCOCC4)cc3)n2)cc1,momelotinib dihydrochloride,0.0371331691741943,0.0366427827626466,0.0431045025587081,0.0372395191341638,0.0373003628104925,0.0426103107631206,0.0533552773296833,0.0463544398546218,0.0404430724680423,0.0388010542839765,0.0368882782757282,0.0423504590988159,0.0530307568609714,0.0494722038507461,0.0531800430268049,0.0273634377866983,0.051597386598587,0.0383398912847042
N#Cc1ccc(COc2ccc3cc(S(=O)(=O)N[C@H](CCC(=O)O)C(=O)O)ccc3c2)c(F)c1,n-({6-[(4-cyano-2-fluorobenzyl)oxy]naphthalen-2-yl}sulfonyl)-d-glutamic acid,0.0305516514927148,0.032240130379796,0.0362345155328512,0.0293790437281131,0.0306139439344406,0.0340485367923975,0.0439907047897577,0.038214799016714,0.0348752934485673,0.0301472455263137,0.030672032572329,0.0347705382853746,0.0432241190224885,0.0383817952126264,0.0409975804388523,0.0217194598168134,0.0408532164990902,0.0315478421747684
CCCCOc1nc(NCCN2CCOCC2)c2ncn(Cc3c(F)cccc3F)c2n1,2-butoxy-9-(2;6-difluorobenzyl)-n-(2-morpholin-4-ylethyl)-9h-purin-6-amine,0.0302941519767045,0.0322984732687473,0.0377929307520389,0.0334497988224029,0.0328116364777088,0.0373874820768833,0.0464339219033718,0.0409917451441288,0.0404801554977893,0.032402054220438,0.0325225859880447,0.0375523619353771,0.0528121434152126,0.045056901499629,0.0440262246876955,0.0244704823940992,0.0413495033979415,0.0340750396251678
NCC1(Cc2ccc(Cl)cc2)CCN(c2ncnc3[nH]ccc23)CC1,1-[4-(4-chlorobenzyl)-1-(7h-pyrrolo[2;3-d]pyrimidin-4-yl)piperidin-4-yl]methanamine,0.0340443179011344,0.0325131483376026,0.0391000613570213,0.0342309437692165,0.0355984475463628,0.0389452088624239,0.0495993725955486,0.0430516183376312,0.0407327879220247,0.0365276422351598,0.035238068178296,0.0383966512978076,0.0494845017790794,0.0452466025948524,0.0441114015877246,0.0243379533290863,0.0408530905842781,0.0334813803434371
CC/C(=C(\c1ccc(I)cc1)c1ccc(OCCN2CCCC2)cc1)c1ccccc1,idoxifene,0.9023331761360168,0.6677235722541809,0.8748156189918518,0.923817789554596,0.860159170627594,0.717389041185379,0.8693361878395081,0.6054062366485595,0.543593379855156,0.9351895093917848,0.9215275287628174,0.7767935395240784,0.8872316837310791,0.8049828290939331,0.6860625088214874,0.8409936666488648,0.7971466660499573,0.908481776714325
CN(C)CC/C=C1\c2ccccc2CSc2ccccc21,dothiepin hydrochloride,0.7201669901609421,0.4210930854082108,0.8388213753700257,0.932796275615692,0.9093242526054384,0.8119730114936828,0.8280769348144531,0.6857286691665649,0.3503891170024872,0.9610403418540956,0.9541775345802308,0.9174655318260192,0.8205519556999207,0.7872260332107544,0.7127521097660064,0.9015795111656189,0.8328262209892273,0.8988298892974853
CC[C@@](C)(Nc1ccnc(-c2c[nH]c3ncccc23)n1)C(=O)NCC(F)(F)F,decernotinib,0.4626416489481926,0.3255887001752853,0.5899548649787902,0.683657443523407,0.6357197940349579,0.4742702782154083,0.5574117481708527,0.4470446646213531,0.5462362468242645,0.6992675244808197,0.580353981256485,0.5668562531471253,0.61335089802742,0.5516029894351959,0.553119695186615,0.4941109210252762,0.5089143484830856,0.5824036002159119
CNC(=O)c1cc(Oc2ccc(NC(=O)Nc3cc(C(C)(C)C)nn3-c3ccc4ncccc4c3)c(F)c2)ccn1,rebastinib,0.3799303695559501,0.2969342693686485,0.3207696862518787,0.4558048725128173,0.3908993452787399,0.3177850872278213,0.3467162802815437,0.2246847197413444,0.2946562483906746,0.4863813996315002,0.3433187782764434,0.3365683540701866,0.4520659491419792,0.3623863846063614,0.3473886504769325,0.3226255320012569,0.2955435737967491,0.3427359119057655
C[C@]12CCC3=C4CCC(=O)C=C4CC[C@H]3[C@@H]1CC[C@@]2(O)CC#N,dienogest,0.1095242008566856,0.0566062122583389,0.1473686024546623,0.1700109995901584,0.1382048077881336,0.1011433869600296,0.1054791927337646,0.0945966698229312,0.0637402579188346,0.2631305865943432,0.1824971802532672,0.1421091303229332,0.1349123232066631,0.1034484505653381,0.1085361458361148,0.0902356918901205,0.0940508417785167,0.1394600175321102
CCC(C)(C)C(=O)O,2;2-dimethylbutyrate,0.4580532550811768,0.3363175839185714,0.5738772869110107,0.6151820898056031,0.471977511048317,0.4200497210025787,0.602652657032013,0.4982496798038482,0.3976893573999405,0.7556284368038177,0.8217881560325623,0.7442040801048279,0.556984293460846,0.5040484726428985,0.5370961785316467,0.4917242109775543,0.4567784130573272,0.6519874155521392
N[C@@H]1C[C@H]1c1ccccc1,tranylcypromine sulfate,0.347628116607666,0.1974470227956772,0.3495940178632736,0.4757629528641701,0.3760973483324051,0.3526798188686371,0.5127851217985153,0.2782176792621612,0.298802824318409,0.720927256345749,0.7365387856960297,0.5902149319648743,0.4330717235803604,0.3465176910161972,0.3339971810579299,0.3197164118289947,0.2935334980487823,0.542608305811882
CCCCCCC(=O)O[C@H]1CC[C@H]2[C@@H]3CCC4=CC(=O)CC[C@]4(C)[C@H]3CC[C@]12C,testosterone enanthate,0.3157025158405304,0.1470608785748481,0.2812510102987289,0.3521920949220657,0.3306606352329254,0.2387957453727722,0.1659169912338257,0.2433604568243026,0.1680941864848137,0.5745768904685974,0.4177669525146484,0.3420447945594788,0.4308471381664276,0.3014860540628433,0.3354186832904816,0.273366779088974,0.3176117688417434,0.3964934259653091
CCCCCCC(=O)OC1CCC2C3CCC4=CC(=O)CCC4(C)C3CCC12C,SIDER1098,0.374640280008316,0.1480899348855018,0.4393273144960403,0.452491420507431,0.4499261200428009,0.2989223390817642,0.2185282230377197,0.3297357469797134,0.2183139681816101,0.7330141663551331,0.682684326171875,0.5998557806015015,0.5630772411823273,0.4056791931390762,0.4321971029043198,0.4664570212364197,0.4375920861959457,0.5628533780574798
C[C@@](N)(C(=O)O)c1ccc(C(=O)O)cc1,(s)-alpha-methyl-4-carboxyphenylglycine,0.7302657663822174,0.506002914905548,0.6631168603897095,0.7191171050071716,0.7691431283950806,0.6792639017105102,0.526909589767456,0.7032529950141907,0.5117916226387024,0.9158402681350708,0.8750209927558898,0.8456591486930847,0.7939632296562195,0.7404923439025879,0.7407606482505799,0.782571542263031,0.7109522700309754,0.7676474452018738
Cc1ccc(S(=O)(=O)NC(=O)NN2CCCCCC2)cc1,SIDER1122,0.896996819972992,0.7385872840881348,0.7862110614776612,0.9265760779380798,0.9451221942901612,0.9320320129394531,0.8562364220619202,0.8797371983528137,0.8115777373313904,0.9589642882347108,0.9656041026115416,0.9586362719535828,0.94775288105011,0.92438086271286,0.8814585685729981,0.8843462944030762,0.8956311106681824,0.9213801383972168
NC(=O)c1cnccn1,SIDER158,0.5612561464309692,0.3456366524100304,0.4278111606836319,0.6385792285203934,0.6743350774049759,0.5709676057100296,0.4377575397491455,0.470793479681015,0.396586462855339,0.732646369934082,0.6556154787540436,0.6784235239028931,0.6546666145324707,0.5524657368659973,0.4095198631286621,0.373687881231308,0.3711832582950592,0.5207200467586517
Cc1ccc(S(=O)(=O)N(C)c2ccnn2-c2ccccc2)cc1,n;4-dimethyl-n-(1-phenyl-1h-pyrazol-5-yl)benzenesulfonamide,0.0696750998497009,0.0790867157280445,0.1029398307204246,0.2177867166697979,0.2019043169915676,0.1343074902892112,0.1128586530685424,0.137598093599081,0.0933327414095401,0.1901818253099918,0.150179573893547,0.149291355907917,0.1507987797260284,0.1269601866602897,0.1555545166134834,0.0949337933212518,0.122026539593935,0.1153266184031963
CC(C)N(C(=O)CN1C(=O)[C@H](NC(=O)Nc2cccc(C(=O)O)c2)C(=O)N(c2ccccc2)c2ccccc21)c1ccccc1,gi-181771x,0.0872045807540416,0.0951480858027935,0.1188777819275856,0.1876545861363411,0.2496288388967514,0.1636016376316547,0.1118711687624454,0.1380927011370659,0.109197448939085,0.1981865383684635,0.1534308530390262,0.1658407010138035,0.1763673551380634,0.1420701697468757,0.1750213764607906,0.1015442129224538,0.1237093687057495,0.1331134106963873
Cc1noc(NS(=O)(=O)c2ccc(N)cc2)c1C,sulfisoxazole,0.06470677703619,0.0806743741035461,0.0871075868606567,0.1565572544932365,0.1945322126150131,0.1429459363222122,0.1091570220887661,0.1438341945409774,0.1030087515711784,0.1897696569561958,0.1468540638685226,0.1608492910861969,0.1533407673239707,0.123014311492443,0.1392687499523162,0.0899335920810699,0.1071796655654907,0.1128939516842365
CCC(C)CCCCC(=O)NC(CCN)C(=O)NC(C(=O)NC(CCN)C(=O)NC1CCNC(=O)C(C(C)O)NC(=O)C(CCN)NC(=O)C(CCN)NC(=O)C(CC(C)C)NC(=O)C(Cc2ccccc2)NC(=O)C(CCN)NC1=O)C(C)O,SIDER976,0.0429828312247991,0.0574225530028343,0.0459399126470089,0.1386812977492809,0.2149459145963192,0.14994637966156,0.0594725452363491,0.0695846356451511,0.0751248698681592,0.1398540139198303,0.0769950896501541,0.1118109885603189,0.1431757405400276,0.0898365698754787,0.0764969415962696,0.0471995119005441,0.05612453520298,0.0565466456115245
C[C@@H]1CN2c3c(cc4c(N5C(=O)OC[C@@H]5C)noc4c3F)CC3(C(=O)NC(=O)NC3=O)[C@H]2[C@H](C)O1,zoliflodacin,0.0812219619750976,0.0754178844392299,0.0928758159279823,0.1534576572477817,0.2292933382093906,0.1588963940739631,0.0939873360097408,0.1345167316496372,0.1108339227735996,0.144424420595169,0.1277343325316906,0.1551557645201683,0.1696896284818649,0.1273606941103935,0.1344310581684112,0.0716092735528945,0.0909885086119175,0.1050650991499424
Nc1ncnc2c1ncn2[C@@H]1O[C@H](COS(N)(=O)=O)[C@@H](O)[C@H]1O,[(2r;3s;4r;5r)-5-(6-amino-9h-purin-9-yl)-3;4-dihydroxytetrahydro-2-furanyl]methyl sulfamate,0.0714735403656959,0.1307970210909843,0.0983341507613659,0.2246386766433716,0.2818290993571281,0.2331758990883827,0.1204994514584541,0.193013234436512,0.1042951166629791,0.1877266019582748,0.1785530194640159,0.2064756050705909,0.2136950641870498,0.1562656551599502,0.1728344708681106,0.077943529933691,0.1155709519982337,0.1344589941203594
Cc1cc(NS(=O)(=O)c2ccc(N)cc2)no1,SIDER1076,0.6807230472564697,0.8088640332221985,0.6798351645469666,0.915712034702301,0.9362050414085388,0.9090970993041992,0.7495852828025817,0.9045573592185974,0.6974742472171783,0.9486558675765993,0.9460083842277528,0.9533652782440184,0.8973322749137879,0.8540149927139282,0.8413415312767029,0.7876819372177124,0.7013986825942993,0.7967717051506042
CCC1(c2ccccc2)CCC(=O)NC1=O,glutethimide,0.3507061779499054,0.4407822012901306,0.4677879869937896,0.7374130606651306,0.7778151631355286,0.6794116616249084,0.628385579586029,0.7192075252532959,0.375745278596878,0.880461597442627,0.8233309984207153,0.8415600776672363,0.66825230717659,0.5955973446369172,0.633611124753952,0.6113172829151153,0.5182710945606231,0.6550372660160064
CCC1(CC)C(=O)CCNC1=O,piperidione,0.140900182723999,0.3370743200182914,0.2460996091365814,0.635397320985794,0.6485061466693878,0.5285858362913132,0.4467858374118805,0.5341356754302978,0.2177013918757438,0.7494113087654114,0.6868210554122924,0.6720872581005096,0.506905248761177,0.4098339319229126,0.4593812167644501,0.3716181248426437,0.2670375168323516,0.4358216613531113
CCC[C@@H]1CC(=O)N([C@@H](CC)C(N)=O)C1,brivaracetam,0.3418106943368911,0.5760783135890961,0.5073497653007507,0.8041454792022705,0.8101437270641327,0.7677036702632904,0.6432062387466431,0.6900073289871216,0.4737434327602386,0.8636133432388305,0.827549284696579,0.8007598936557769,0.6992625057697296,0.6314869880676269,0.6360725641250611,0.5910820811986923,0.4975291818380356,0.6925762355327606
CCn1nc(C(=O)O)c(=O)c2cc3c(cc21)OCO3,SIDER430,0.4186892986297607,0.5613907396793365,0.4682875871658325,0.6617986559867859,0.6974958658218384,0.6265402019023896,0.4917038202285766,0.6224248290061951,0.3334222912788391,0.6651636004447937,0.6263727903366089,0.6220822274684906,0.5727709352970123,0.4753437757492065,0.5153034567832947,0.3941924959421158,0.4506429135799408,0.477421885728836
COc1cnc(NS(=O)(=O)c2ccc(N)cc2)nc1,sulfameter,0.1141419738531112,0.1452020823955536,0.1430687293410301,0.2800683408975601,0.2973745480179787,0.2094886600971222,0.2094075083732605,0.2317145138978958,0.1600211203098297,0.2436539724469185,0.2293301075696945,0.27660953104496,0.2236274927854538,0.1763834178447723,0.1942578673362732,0.1117924943566322,0.1368302911520004,0.1526983544230461
NC(=O)NC(=O)Cc1ccccc1,phenacemide,0.1061154350638389,0.1497589468955993,0.1685365855693817,0.3456208080053329,0.3895466417074203,0.2362731516361236,0.1820037901401519,0.2745342165231704,0.1644845634698867,0.3460200041532516,0.3589528053998947,0.430098819732666,0.2773788601160049,0.2040183544158935,0.2254666537046432,0.125404505431652,0.1520313575863838,0.2069247096776962
CC[C@H](CO)Nc1nc(NCc2ccc(-c3ccccn3)cc2)c2ncn(C(C)C)c2n1,(2r)-2-({9-(1-methylethyl)-6-[(4-pyridin-2-ylbenzyl)amino]-9h-purin-2-yl}amino)butan-1-ol,0.1470673859119415,0.100344006717205,0.1511207535862922,0.228831098973751,0.3090027987957001,0.2131867527961731,0.1431322157382965,0.2240617483854294,0.2294196560978889,0.4589787691831589,0.2727060079574585,0.2637790352106094,0.292698010802269,0.2502083301544189,0.2859662532806396,0.2062051177024841,0.2151352778077125,0.193023082613945
C[C@H]1CC[C@@H](NCc2ccc3c(c2)Cc2c(-c4ccc(C(=O)O)cc4)n[nH]c2-3)CC1,4-(6-{[(4-methylcyclohexyl)amino]methyl}-1;4-dihydroindeno[1;2-c]pyrazol-3-yl)benzoic acid,0.0853458777070045,0.1136257424950599,0.1184047013521194,0.1993652760982513,0.2755542352795601,0.1858314678072929,0.1327266484498977,0.1625945389270782,0.1385984167456627,0.3503277480602264,0.1947880864143371,0.1770974189043045,0.231000730395317,0.193112675845623,0.1990981876850128,0.1481608673930168,0.1927117571234703,0.1826369702816009
CC(C)[C@H]1SC(Nc2ccccc2F)=NC1=O,(5r)-2-[(2-fluorophenyl)amino]-5-isopropyl-1;3-thiazol-4(5h)-one,0.0427646979689598,0.05508434176445,0.0675366796553134,0.1277754656970501,0.2067230030894279,0.1162272877991199,0.1068490982055664,0.0990825362503528,0.1269587375223636,0.236088491231203,0.1776378095149993,0.1358746036887169,0.1588629618287086,0.1662183821201324,0.1756482772529125,0.0775992378592491,0.1118161469697952,0.1184128165245056
O=c1[nH]cnc2[nH]ncc12,allopurinol,0.1221878461539745,0.0875403478741645,0.142626179754734,0.2370036244392395,0.2993357002735138,0.2072658032178878,0.1843400925397872,0.1893739178776741,0.1878216236829757,0.3407009840011596,0.2749641180038452,0.2860003799200058,0.2797069996595382,0.2164102032780647,0.223887300491333,0.1419841587543487,0.1744300588965416,0.1902807176113128
COCc1c(C(=O)OC(C)C)ncc2[nH]c3cccc(Oc4ccc(Cl)cc4)c3c12,gedocarnil,0.078053805232048,0.1017915774136781,0.1576681870967149,0.3122879445552826,0.3933674208819866,0.2686865549534559,0.2582342393696308,0.2534768886864185,0.1370653964579105,0.5840019069612026,0.4711014416068792,0.3895338296890259,0.2273546740412712,0.2371231026947498,0.3008230708539486,0.2331229519098997,0.2878760226070881,0.3402735199779272
O=C(Nc1ccccc1)c1cc([N+](=O)[O-])ccc1Cl,2-chloro-5-nitro-n-phenylbenzamide,0.1416763573884964,0.124123790860176,0.223187032341957,0.270383782684803,0.3172475382685661,0.2400361612439155,0.2398011833429336,0.2470046326518059,0.1485715009272098,0.3933023631572723,0.333375072479248,0.3177021369338035,0.2762774229049682,0.2488288819789886,0.2597091466188431,0.2384395785629749,0.2421833977103233,0.2722023457288742
O=C(O)CNC(=O)CNC(=O)CNC(=O)CSC(=O)c1ccccc1,SIDER1058,0.0735189892351627,0.0975699439644813,0.1147314630448818,0.238799287378788,0.4092936716973782,0.2601550042629242,0.1073531635105609,0.1990782588720321,0.1031549550592899,0.462986433506012,0.3237973809242248,0.3154768943786621,0.2463410645723343,0.1908314637839794,0.2548442825675011,0.1941991306841373,0.1855411723256111,0.2068415656685829
CC(C)CN(C[C@@H](O)[C@H](Cc1ccccc1)NC(=O)O[C@H]1CO[C@H]2OCC[C@H]21)S(=O)(=O)c1ccc(N)cc1,SIDER11,0.1422868475317955,0.2069455876946449,0.265645369887352,0.5851497530937195,0.7605392456054687,0.5162494480609894,0.3104981958866119,0.392299285531044,0.4715383380651474,0.8549070119857788,0.7101961970329285,0.7001022517681121,0.5218494057655334,0.542917263507843,0.5494375944137573,0.5210050135850907,0.4769835263490677,0.4762528300285339
N=C(N)NS(=O)(=O)c1ccc(N/C=C2\C(=O)Nc3ccccc32)cc1,3-{[4-([amino(imino)methyl]aminosulfonyl)anilino]methylene}-2-oxo-2;3-dihydro-1h-indole,0.0917994752526283,0.2101748019456863,0.1975727528333664,0.4488964974880218,0.5376936376094819,0.4351566642522811,0.2678542226552963,0.3713159769773483,0.2851164132356644,0.7043142199516297,0.6472887605428695,0.5689164131879807,0.3849609494209289,0.3699754297733307,0.4411469995975494,0.3613371640443802,0.3633975595235824,0.3826554000377655
C[C@H]1O[C@H](O[C@H]2[C@H](O)[C@@H](O)[C@@H](OC[C@H]3O[C@@H](O)[C@H](O)[C@@H](O)[C@@H]3O)O[C@@H]2CO)[C@H](O)[C@@H](O)[C@@H]1N[C@H]1C=C(CO)[C@@H](O)[C@H](O)[C@H]1O,4;6-dideoxy-4-{[4;5;6-trihydroxy-3-(hydroxymethyl)cyclohex-2-en-1-yl]amino}-alpha-d-lyxo-hexopyranosyl-(1->4)-alpha-d-threo-hexopyranosyl-(1->6)-alpha-l-threo-hexopyranose,0.067758959531784,0.1004539094865322,0.1659341603517532,0.5235032975673676,0.7137961626052857,0.3948246657848358,0.1068892545998096,0.5022139608860016,0.3735421448945999,0.7982887744903564,0.6222130715847015,0.8387543678283691,0.5374140560626983,0.4139752060174942,0.3747798770666122,0.2936106503009796,0.2177337884902954,0.2883182138204574
Cn1sccc1=O,methylisothiazolinone,0.0686543397605419,0.0570296496152877,0.074097341299057,0.0926072880625724,0.134315562993288,0.0894569844007492,0.0700652688741683,0.1009266331791877,0.0700569219887256,0.1383342027664184,0.1240940012037754,0.1434799738228321,0.1119623064994812,0.0881587859243154,0.1099656000733375,0.0712968207895755,0.0753076024353504,0.0707608468830585
CCCCCCCCCCNC(=O)NC1CCCCC1,n-cyclohexyl-n'-decylurea,0.0806951157748699,0.1474012039601802,0.1193521298468112,0.2324956521391868,0.3265111178159713,0.2912658259272575,0.175060199201107,0.3538894206285476,0.182459357380867,0.3756492927670479,0.3531171411275863,0.4001031458377838,0.2463425278663635,0.1898152470588684,0.2708327531814575,0.1761392779648304,0.1668258711695671,0.1682595893740654
COc1c(O)c(OC)c2oc(-c3ccccc3O)cc(=O)c2c1O,5;7;2′-trihydroxy-6;8-dimethoxyflavone,0.0485131621360778,0.0515041232109069,0.0534178309142589,0.0728729397058487,0.137795827537775,0.0869966641068458,0.0636185109615325,0.1322793006896972,0.0827347561717033,0.1768969386816024,0.121557468175888,0.1745393827557563,0.102284400165081,0.0847474187612533,0.1179828219115734,0.0773503556847572,0.0775577746331691,0.0511093687266111
Cn1c(=O)oc2ccc(-c3ccc(C[C@@H](C#N)NC(=O)[C@@H]4CNCCCO4)cc3)cc21,brensocatib,0.0469187721610069,0.061988828331232,0.0659573562443256,0.0929947528988122,0.1621478326618671,0.1092105329036712,0.0868303433060646,0.1290511406958103,0.1077761813998222,0.1668643310666084,0.1511951573193073,0.1667050916701555,0.1200007647275924,0.1023058652877807,0.1367325335741043,0.0855834983289241,0.0929654866456985,0.0827998891472816
O=[N+]([O-])c1cc([N+](=O)[O-])c(O)c([N+](=O)[O-])c1,picric acid,0.0503460105508565,0.0701143965125083,0.0746103025972843,0.1103668075054884,0.1797453291714191,0.1151664659380912,0.0854130528867244,0.149842444807291,0.0948605589568614,0.1741368904709816,0.1286989904940128,0.1538395553827286,0.1223190531134605,0.1112145110964775,0.1376479960978031,0.0935672800987958,0.1055620722472667,0.0869779624044895
CC(C)NC(=N)NC(=N)Nc1ccc(Cl)cc1,proguanil hydrochloride,0.0573733918368816,0.0856903500854969,0.0995882906019687,0.2473015181720256,0.4614778336137533,0.2754661910235881,0.0932023353874683,0.1788201376795768,0.1215323328971862,0.4790758319199085,0.1753282219171524,0.248111829906702,0.1605046771466732,0.1275619093328714,0.1628366328775882,0.1111165814101696,0.1024061925709247,0.1045919116586446
CCC(=O)O[C@H]1/C=C/C=C/C[C@@H](C)OC(=O)C[C@@H](OC(C)=O)[C@H](OC)[C@@H](O[C@@H]2O[C@H](C)[C@@H](O[C@H]3C[C@@](C)(O)[C@@H](OC(=O)CC(C)C)[C@H](C)O3)[C@H](N(C)C)[C@H]2O)[C@@H](CC=O)C[C@H]1C,josamycin propionate,0.0367615655064582,0.0429284282028675,0.0533769540488719,0.0890570521354675,0.2740459024906158,0.0945862129330635,0.0552712015807628,0.1217551052570343,0.1050122708082199,0.3525118269026279,0.1422203913331031,0.228676813840866,0.0956402346491813,0.085863859206438,0.1162967480719089,0.0794477395713329,0.0693998731672763,0.0523640178143978
CCc1ccc(C(=O)COc2ccc(CC3SC(=O)NC3=O)cc2)nc1,mitoglitazone,0.2400049015879631,0.1817067757248878,0.2438121601939201,0.3480176508426666,0.3757848054170608,0.2584201276302337,0.2198708802461624,0.3088634520769119,0.2026400089263916,0.5187841802835464,0.3625802248716354,0.3780728250741959,0.2927402436733246,0.2646817088127136,0.2905115127563477,0.2282390147447586,0.2319754183292389,0.2438738673925399
O=C(CNC(=O)c1ccccc1)CC(Cc1ccccc1)C(=O)O,epoetin alfa,0.0505900871008634,0.0671962220221757,0.0759197741746902,0.1245948366820812,0.2311500400304794,0.1397112369537353,0.0683717012405395,0.1688552252948284,0.1055732689797878,0.315117409825325,0.180259321630001,0.2219583094120025,0.1457873962819576,0.1216990768909454,0.1786328196525573,0.1022797029465436,0.1099376283586025,0.0909658592194318
CNS(=O)(=O)c1ccc(N/C=C2\C(=O)Nc3ccccc32)cc1,n-methyl-4-{[(2-oxo-1;2-dihydro-3h-indol-3-ylidene)methyl]amino}benzenesulfonamide,0.0404490925371646,0.0450815837830305,0.0543073672801256,0.0688362918794155,0.0903221100568771,0.072673125192523,0.060056385397911,0.0863638631999492,0.0588197819888591,0.1414210643619299,0.0918617621064186,0.0978261098265647,0.0886437334120273,0.0692601129412651,0.091489328816533,0.0547917447984218,0.0681347049772739,0.0629882056266069
Nc1nc(O)c2ncn(CCCCC(F)(F)P(=O)(O)O)c2n1,9-(5;5-difluoro-5-phosphonopentyl)guanine,0.0747020915150642,0.0863799311220645,0.0842888467013835,0.1519481867551803,0.1968715503811836,0.1456212162971496,0.0952531397342681,0.1627211451530456,0.1131878688931465,0.3084594309329986,0.2002477988600731,0.2394675284624099,0.1784839928150177,0.1488850653171539,0.1878622174263,0.1116285562515258,0.1153245814144611,0.1169425472617149
COc1ccc(-c2cc3c(C)nc(N)nc3n([C@H]3CC[C@H](OCCO)CC3)c2=O)cn1,pf-04691502,0.2299403816461563,0.5474921286106109,0.4276005804538726,0.6683408439159393,0.7403420150279999,0.657459831237793,0.6141676664352417,0.6013408303260803,0.5242312371730804,0.7705126702785492,0.736239743232727,0.6993472099304199,0.6574392735958099,0.6303393483161926,0.700745165348053,0.5471951544284821,0.6244307696819306,0.6383123576641083
Nc1nc2c(ncn2/C=C2/CC2(CO)CO)c(=O)[nH]1,filociclovir,0.0745054729282856,0.3486824467778205,0.2592616900801658,0.5305630326271057,0.6002179503440856,0.5525365114212036,0.4637055635452271,0.542599818110466,0.3496584638953209,0.6776439011096954,0.6562144428491592,0.608944195508957,0.5048558980226516,0.4344585806131363,0.5166247665882111,0.3449918493628502,0.4048212081193924,0.5407927870750427
NS(=O)(=O)c1cc2c(cc1Cl)NC(CC1CCCC1)NS2(=O)=O,cyclopenthiazide,0.0452332824468612,0.2343631163239479,0.1442733392119407,0.4711009353399277,0.5941973894834518,0.5584882408380508,0.2666902333498001,0.3953643411397934,0.2020609617233276,0.6555908888578414,0.4925301402807235,0.5064963787794113,0.4473681479692459,0.4116319864988327,0.4579027354717254,0.3437948480248451,0.3497328966856002,0.3321405947208404
Nc1ccn([C@@H]2O[C@H](CO)[C@@H](O)/C2=C\F)c(=O)n1,tezacitabine,0.145594248175621,0.3497391760349274,0.2933955460786819,0.4942978620529175,0.5487294882535935,0.5256096512079239,0.3211174517869949,0.4769346714019775,0.3367472112178802,0.6433908313512802,0.5352477222681046,0.5515082240104675,0.4969092130661011,0.4445713847875595,0.5067205727100372,0.3515993803739548,0.3998835802078247,0.479926860332489
NCCCC[C@@H](N)C(=O)O,d-lysine,0.1776168867945671,0.4028372019529342,0.3572064727544785,0.5752200514078141,0.6167523324489593,0.589940220117569,0.4577621728181839,0.5512949049472808,0.4025308489799499,0.7064250111579895,0.5924053728580475,0.6058805823326111,0.6092123448848724,0.5374828815460205,0.5717007040977478,0.4640432387590408,0.495950049161911,0.5264624238014222
NCCCC[C@H](N)C(=O)O,lysine,0.1637933194637298,0.3787539422512054,0.3165557563304901,0.5372159421443939,0.5817877918481826,0.5564717054367065,0.4192356109619141,0.5116022825241089,0.3801121413707733,0.6620426833629608,0.5693042576313019,0.5772432327270508,0.566444355249405,0.4996575236320495,0.5433095097541809,0.4415847659111023,0.467632508277893,0.4849932312965393
O=C(NC(Cc1cc(=O)[nH]c2ccccc12)C(=O)O)c1ccc(Cl)cc1,rebamipide,0.1824335843324661,0.4358666002750396,0.4038959562778473,0.7322015881538391,0.7535106062889099,0.7040836274623871,0.6721557021141052,0.6651146531105041,0.5712617993354797,0.8664923667907715,0.7951583325862884,0.7812881112098694,0.6373885154724122,0.6131122052669525,0.6830054342746734,0.611947524547577,0.5307676732540131,0.5360908687114716
N[C@@H]1CN(c2c(F)cc3c(=O)c(C(=O)O)cn([C@@H]4C[C@@H]4F)c3c2Cl)CC12CC2,sitafloxacin,0.0697205141186714,0.309739476442337,0.1673765078186989,0.4473816484212875,0.6776694774627685,0.585357004404068,0.6347754895687103,0.5568427443504333,0.4966362059116364,0.7773722290992737,0.7890273690223694,0.758308756351471,0.5523946285247803,0.5029049932956695,0.6179242730140686,0.4390727430582046,0.4819278836250305,0.466087657213211
O=C(O)c1cn(-c2ccc(F)cc2)c2cc(N3CCNCC3)c(F)cc2c1=O,sarafloxacin,0.1155190572142601,0.4247386813163757,0.3339770048856735,0.5308178514242172,0.6720095217227936,0.5661641180515289,0.4764904916286469,0.5567310988903046,0.5051328629255295,0.8266311526298523,0.7550005674362182,0.7526854872703552,0.5829392552375794,0.5368227362632751,0.5838994204998016,0.4463639855384826,0.514426463842392,0.5238223433494568
NS(=O)(=O)c1cccc2c(O)cccc12,5-hydroxynaphthalene-1-sulfonamide,0.0895017266273498,0.1335179209709167,0.1289278775453567,0.2152772359549999,0.2357401147484779,0.2148545145988464,0.2077801257371902,0.2042571231722831,0.1430304214358329,0.2257887244224548,0.2429881796240806,0.2667966246604919,0.213463208079338,0.1720654100179672,0.2171340391039848,0.1144788429141044,0.1514774471521377,0.183458399772644
O=C(CN1C[C@H](NC(=O)c2ccc(Cl)s2)[C@@H](O)C1)Nc1ccc(-n2ccccc2=O)cc1F,5-chloro-thiophene-2-carboxylic acid ((3s;4s)-1-{[2-fluoro-4-(2-oxo-2h-pyridin-1-yl)-phenylcarbamoyl]-methyl}-4-hydroxy-pyrrolidin-3-yl)-amide,0.0702270708978176,0.185361149162054,0.1574367977678775,0.2588661052286625,0.2793155066668987,0.2455721721053123,0.2400732204318046,0.2558778032660484,0.1537731543183326,0.3092168688774109,0.3009196184575557,0.2859232671558857,0.1872285336256027,0.1855845049023628,0.2642312943935394,0.1666945770382881,0.1939456805586815,0.1883964233100414
CC(=O)Nc1cccc(-n2c(=O)n(C3CC3)c(=O)c3c(Nc4ccc(I)cc4F)n(C)c(=O)c(C)c32)c1,SIDER113,0.0806750379502773,0.0817631989717483,0.0880916140973568,0.1360589288175106,0.1494751401245594,0.1285573057830333,0.1187663562595844,0.1209238424897194,0.1146038614213466,0.1410297259688377,0.1529055334627628,0.1691283218562603,0.1640326634049415,0.1248611807823181,0.1458057187497616,0.0996389240026474,0.1226856984198093,0.1044378228485584
CCc1nnc(NS(=O)(=O)c2ccc(N)cc2)s1,sulfaethidole,0.0602285705506801,0.0648841008543968,0.0661263041198253,0.0907473005354404,0.1114663437008857,0.1010367438197135,0.0835609689354896,0.0909235909581184,0.0558929622173309,0.1187392771244049,0.1080847948789596,0.1014417544007301,0.1201049298048019,0.0898922868072986,0.0963251277804374,0.0585263140499591,0.0852189846336841,0.081459941715002
Cc1cc(Nc2ccc(C(F)(F)F)cc2)n2ncnc2n1,5-methyl-n-[4-(trifluoromethyl)phenyl][1;2;4]triazolo[1;5-a]pyrimidin-7-amine,0.1621054902672767,0.1360877700150013,0.1806811302900314,0.2589158594608307,0.2859927475452423,0.2600486814975739,0.227594044804573,0.2555767804384231,0.2068756476044654,0.3411725550889969,0.3220186710357666,0.2825630903244018,0.2903217211365699,0.2491911485791206,0.2939570322632789,0.1888293206691741,0.2905323907732963,0.2632163405418396
O=P(O)(O)OCCCc1c[nH]c2ccc(F)cc12,5-fluoroindole propanol phosphate,0.1158489599823951,0.1213738560676574,0.1393299281597137,0.2066624522209167,0.2480192065238952,0.2016908973455429,0.1651957392692566,0.202377301454544,0.1456457957625389,0.2988197356462478,0.2508655607700348,0.2372616529464721,0.2236330807209015,0.197578278183937,0.2643396586179733,0.1517872467637062,0.2053781360387802,0.1785315409302711
CN1C(=O)[C@@H](NC(=O)c2cc3cccc4c3n2CCC4)N=C(c2ccccc2)c2ccccc21,tarazepide,0.3118732273578644,0.3919355258345603,0.2552158534526825,0.4696199595928192,0.536243450641632,0.5554062366485596,0.4202496618032455,0.4571517646312714,0.348520278930664,0.6879052370786667,0.6601368010044097,0.6600946217775345,0.513430991768837,0.468536826968193,0.5361068397760391,0.4488443419337272,0.4628319472074508,0.5309950828552246
Oc1nc(=S)[nH]cc1I,iothiouracil sodium,0.6307567477226257,0.7029676675796509,0.5311266839504242,0.748547899723053,0.8191295385360717,0.7393169045448303,0.7487747430801391,0.7330089092254639,0.661197829246521,0.8953021168708801,0.86048743724823,0.8577738881111145,0.8159432411193848,0.7672738790512085,0.7596065878868103,0.6782589554786682,0.6724565505981446,0.7331606090068817
C1=Cc2ccccc2NN=C1,1;2-benzodiazepine,0.0846232518553733,0.1164624780416488,0.1105599984526634,0.1456941187381744,0.1867416620254516,0.1785087570548057,0.1561211004853248,0.1741511464118957,0.111414922773838,0.2187517702579498,0.2258882403373718,0.2179028123617172,0.1989796534180641,0.1657838508486747,0.2123816460371017,0.1082589067518711,0.1636376023292541,0.1675895273685455
CCN(C)C(C)C=C(c1cccs1)c1cccs1,ethylmethylthiambutene,0.0528575174510479,0.0578704036772251,0.0736444555222988,0.0860035344958305,0.1008029520511627,0.0993350565433502,0.103647081553936,0.1141649588942527,0.0755859076976776,0.1686992257833481,0.1549535736441612,0.1450658425688743,0.1158313021063804,0.0927804976701736,0.1311872601509094,0.0727804504334926,0.0994628921151161,0.0894365936517715
CCNC(=O)CC[C@H](N)C(=O)O,theanine,0.0481999434530735,0.0486178755760192,0.0556561656296253,0.068794310092926,0.0886763773858547,0.0770147278904914,0.0775445930659771,0.0844508096575737,0.053975660353899,0.1185912013053894,0.1139253288507461,0.1092764645814895,0.0974611893296241,0.0802753269672393,0.1067435704171657,0.0635329894721508,0.0845027133822441,0.0722007535398006
CCc1oc2cc(S(=O)(=O)Nc3ccc(S(=O)(=O)Nc4nccs4)cc3)ccc2c1C(=O)c1cc(Br)c(O)c(Br)c1,3-(3;5-dibromo-4-hydroxy-benzoyl)-2-ethyl-benzofuran-6-sulfonic acid [4-(thiazol-2-ylsulfamoyl)-phenyl]-amide,0.0501297384500503,0.1115391850471496,0.1186721637845039,0.2518316775560379,0.305715811252594,0.3282847702503204,0.1790475532412529,0.2408616542816162,0.1800601527094841,0.6347400605678558,0.6197479367256165,0.4941138088703155,0.3526226699352264,0.2721660077571869,0.4066663175821304,0.2575953483581543,0.2812194406986236,0.2809922277927398
NCCCCCCNS(=O)(=O)c1cccc2c(Cl)cccc12,n-(6-aminohexyl)-5-chloro-1-naphthalenesulfonamide,0.0806428559124469,0.0850092567503452,0.0880043074488639,0.1782436534762382,0.1855499252676963,0.168375651538372,0.1206566460430622,0.1583969503641128,0.1038263760507106,0.314037361741066,0.2741081595420837,0.2289624199271202,0.202825017273426,0.1474474146962165,0.1823384061455726,0.1353140041232109,0.1380889892578125,0.1536900445818901
C=CC(=O)O,acrylic acid,0.1261463463306427,0.1756968796253204,0.1947091802954673,0.3992156952619553,0.4803339183330536,0.4206984341144562,0.3925145596265793,0.3587038934230804,0.2421282857656478,0.6588710367679596,0.6783807396888732,0.5847889304161071,0.3889207750558853,0.3930540442466735,0.4731896460056305,0.2818509936332702,0.4104872643947601,0.3631087183952332
O=C(O)CCCCN(CCc1ccccc1OCc1ccc(CCc2ccccc2)cc1)Cc1ccc(C(=O)O)cc1,cinaciguat,0.0438145831227302,0.0562687031924724,0.0671202585101127,0.0944795992225408,0.1178993426263332,0.0892517581582069,0.0853561267256736,0.0954640217125415,0.0651507973670959,0.1569805905222892,0.1631127968430519,0.1526462711393833,0.090563154220581,0.0822229884564876,0.1304361037909984,0.068571999669075,0.1010823413729667,0.0755880445241928
CCCCC1C(=O)N(c2ccccc2)N(c2ccccc2)C1=O,phenylbutazone,0.4972091391682625,0.3343826353549957,0.3890676379203796,0.8110762596130371,0.8651672005653381,0.7202676236629486,0.2284772187471389,0.7858252406120301,0.480978837609291,0.9082170844078064,0.8944521546363831,0.9197966814041136,0.6473610043525696,0.5041828930377961,0.5879253447055817,0.6309613347053528,0.3095585525035858,0.4055380702018737
O=C(Nc1nccs1)C(=O)NC1CCCC1,n1-cyclopentyl-n2-(thiazol-2-yl)oxalamide,0.2913963362574577,0.1800390273332595,0.2242681801319122,0.5366020560264587,0.5733344554901123,0.420763099193573,0.1644061967730522,0.4405212223529816,0.2385936096310615,0.5579994440078735,0.4359431862831116,0.4751656949520111,0.4373489886522293,0.3550783663988113,0.3628163486719131,0.3525133341550827,0.2535842090845108,0.2735822528600692
CCOc1ccc2ccccc2c1C(=O)N[C@@H]1C(=O)N2[C@@H]1SC(C)(C)[C@@H]2C(=O)O,SIDER126,0.050384073331952,0.1791915968060493,0.1716901049017906,0.8444300413131713,0.91689692735672,0.7941012144088745,0.1658286556601524,0.7748580694198608,0.658231544494629,0.935710906982422,0.8457049250602722,0.9320435643196106,0.5799668729305267,0.4764550268650055,0.558343482017517,0.7269955933094024,0.2837903946638107,0.2960598438978195
Cc1onc(-c2ccccc2)c1C(=O)N[C@@H]1C(=O)N2[C@@H]1SC(C)(C)[C@@H]2C(=O)O,oxacillin sodium,0.0294197347015142,0.0758307442069053,0.1145035073161125,0.7797276973724365,0.8970756530761719,0.7442314147949218,0.0644016861915588,0.7759352445602417,0.453478679060936,0.9126025557518004,0.7135393977165222,0.9095972657203676,0.4048247456550598,0.338958728313446,0.4937439560890198,0.6965674877166748,0.178837913274765,0.1786592081189155
CC(=O)OCC1=C(C(=O)O)N2C(=O)[C@@H](NC(=O)CCC[C@@H](N)C(=O)O)[C@H]2SC1,cephalosporin c,0.0794457256793975,0.1311310559511184,0.2938874453306198,0.6261412322521209,0.716459459066391,0.5253101140260696,0.1273342221975326,0.5902054756879807,0.4592754662036896,0.7128740727901459,0.5477989226579666,0.7039107277989387,0.3371327728033065,0.2809977397322655,0.37383783608675,0.3629619151353836,0.1963988050818443,0.216577798128128
CC1(C)SC2C(NC(=O)C(C(=O)O)c3ccccc3)C(=O)N2C1C(=O)O,SIDER379,0.0401943515986204,0.1126495830714702,0.1242211550474166,0.8405278325080872,0.9175392985343932,0.7699334144592285,0.0708202339708805,0.6827425599098206,0.4505565404891968,0.8974395275115967,0.6402517676353454,0.8899245142936707,0.4975900411605835,0.315680792927742,0.3396350055932998,0.4935343027114868,0.1525500476360321,0.1761687010526657
CC(SC(=O)c1cccs1)C(=O)NCC(=O)O,stepronin,0.0624741226434707,0.2627956718206405,0.2219374045729637,0.6701179027557373,0.7783054709434509,0.6872881531715394,0.1974807873368263,0.5317863881587982,0.2137419551610946,0.8135684847831726,0.737096118927002,0.7410059094429016,0.428523501753807,0.306485977768898,0.4493177652359009,0.5023990750312806,0.278657066822052,0.3583816021680832
CC(=O)C[C@@H](c1ccc([N+](=O)[O-])cc1)c1c(O)oc2ccccc2c1=O,SIDER1403,0.1341313250362873,0.1785092830657959,0.2812316834926605,0.6561530351638794,0.7572352766990662,0.5166074901819229,0.1363749846816063,0.6694579243659973,0.2780743598937988,0.8840261340141297,0.7300199687480926,0.8596947908401489,0.4090678125619888,0.3478875905275345,0.4507307708263397,0.6423311352729797,0.2942590028047561,0.2628313079476356
COc1c(O)ccc2c1cc([N+](=O)[O-])c1c(C(=O)O)cc3c(c12)OCO3,9-hydroxy-8-methoxy-6-nitro-phenanthrol[3;4-d][1;3]dioxole-5-carboxylic acid,0.0564884483814239,0.1108304500579833,0.1127086520195007,0.2670320723205804,0.3538881175220013,0.2057156845927238,0.0945912845432758,0.2969002597033977,0.1216520301997661,0.4136724878102541,0.2621588751673698,0.3822803720831871,0.1616226531565189,0.1444615870714187,0.2158602409064769,0.218741400912404,0.113888680934906,0.0950865231454372
CO[C@@]1(NC(=O)C2SC(=C(C(N)=O)C(=O)O)S2)C(=O)N2C(C(=O)O)=C(CSc3nnnn3C)CS[C@@H]21,cefotetan disodium,0.0436057545244693,0.2692078247666359,0.6877320587635041,0.933712112903595,0.9579013109207152,0.882548201084137,0.2004953950643539,0.926965880393982,0.9148129820823668,0.9641361474990844,0.91752370595932,0.9674813270568848,0.5791609466075898,0.475130021572113,0.6567972004413605,0.90329350233078,0.1985299289226532,0.3021770685911178
CO/N=C(\C(=O)N[C@@H]1C(=O)N2C(C(=O)O)=C(/C=C\c3scnc3C)CS[C@H]12)c1csc(N)n1,cefditoren,0.0699450545012951,0.2340903863310814,0.4414035707712173,0.7032720386981964,0.7759033292531967,0.6562908738851547,0.2876563996076584,0.7486339926719665,0.7287375450134277,0.7891796708106995,0.765714293718338,0.7949690133333206,0.5139249265193939,0.5148123443126679,0.6203037232160569,0.6266672790050507,0.3102838575839996,0.3707361400127411
CO[C@@]1(NC(=O)CSC[C@@H](N)C(=O)O)C(=O)N2C(C(=O)O)=C(CSc3nnnn3C)CS[C@@H]21,cefminox,0.0972973272204399,0.3939541131258011,0.5365142047405242,0.8953320860862732,0.9447099447250368,0.89566068649292,0.5660642743110657,0.9257246017456054,0.8912006378173828,0.9523453831672668,0.9408879995346068,0.9657688021659852,0.8072548389434815,0.6891487538814545,0.7931562066078186,0.8037513971328736,0.4207240968942642,0.5532875120639801
CN[C@H]1CN(c2ccc3c(=O)c(C(=O)O)cn(-c4nccs4)c3n2)C[C@@H]1OC,vosaroxin,0.2452055543661117,0.4909932523965835,0.6248462498188019,0.868428111076355,0.8658810257911682,0.7471143186092377,0.4446323454380035,0.6871598422527313,0.6938243329524993,0.8658231973648072,0.7815794110298157,0.8241260766983032,0.7463407278060913,0.6709792733192443,0.6717462182044983,0.628688046336174,0.5497892141342163,0.6064845740795135
O=C(N[C@H]1CCS[C@H]2CCC[C@@H](C(=O)O)N2C1=O)[C@@H](S)Cc1ccccc1,omapatrilat,0.3361744523048401,0.6159262239933014,0.6707768678665161,0.8106602549552917,0.887969148159027,0.7863439917564392,0.6414440929889679,0.8961275815963745,0.7546886503696442,0.9358948826789856,0.9174506425857544,0.9456518054008484,0.7422112822532654,0.747347491979599,0.7911023974418641,0.7881099700927734,0.6546424090862274,0.7021832883358001
CCc1c(Cl)c(O)c(Cl)c(O)c1C(=O)OC1C(C)OC(OC/C2=C/C=C/CC(O)/C(C)=C/C(CC)C(OC3OC(C)(C)C(OC(=O)C(C)C)C(O)C3O)/C(C)=C/C(C)=C/CC(C(C)O)OC2=O)C(OC)C1O,SIDER185,0.6993403673171997,0.8305776238441467,0.86054025888443,0.9115149140357972,0.9473541855812072,0.9013030529022216,0.4936254560947418,0.918647277355194,0.9225380420684814,0.97653386592865,0.9673301219940186,0.9717802762985228,0.9492677927017212,0.9322034358978272,0.9369927644729614,0.9488896369934082,0.8731358766555786,0.8911708712577819
CC(=O)c1nn(CC(=O)N2C[C@H](F)C[C@H]2C(=O)Nc2cccc(Br)n2)c2ccc(-c3cnc(C)nc3)cc12,danicopan,0.0885013103485107,0.1055143192410469,0.1499243289232254,0.3464694947004318,0.4693388372659683,0.3878211349248886,0.2076997265219688,0.3525825798511505,0.4041000753641128,0.5323750585317611,0.4879769414663314,0.4783393412828445,0.4239915668964386,0.4014547616243362,0.4470915198326111,0.367661190032959,0.3104276567697525,0.3345890641212463
N#C[C@@H]1CCCN1C(=O)CNC12CC3CC(CC(O)(C3)C1)C2,vildagliptin,0.1863793969154357,0.3843986272811889,0.4161668986082077,0.8535826206207275,0.8945981025695801,0.6862767696380615,0.3303402304649353,0.800730311870575,0.8863413453102111,0.9475766539573668,0.9508009433746338,0.9566868424415588,0.8495752453804016,0.8241735816001892,0.8549647927284241,0.8375991821289063,0.630431854724884,0.6725573122501374
CC(=O)OCC1=C(C(=O)O)N2C(=O)[C@@H](NC(=O)CSc3ccncc3)[C@H]2SC1,cephapirin sodium,0.0404690831899643,0.1178547926247119,0.187850846350193,0.4390803635120391,0.785719895362854,0.6593878626823425,0.1723623543977737,0.7373564600944519,0.4720415890216827,0.8124872148036957,0.7679959535598755,0.825801420211792,0.3010908663272857,0.2910725355148315,0.5863811373710632,0.5999632865190506,0.3659279555082321,0.2493850141763687
O=C(O)CCNC(=O)[C@H]1CCCN1S(=O)(=O)c1ccc(C(=O)N[C@@H](CCC(=O)O)C(=O)O)cc1,sp-876,0.0849704653024673,0.2202383518218994,0.2788371279835701,0.5994727373123169,0.8040157794952393,0.6840537428855896,0.2878625601530075,0.7466431438922883,0.5400038361549377,0.8033416748046875,0.7494433999061585,0.8598593592643737,0.5799365341663361,0.5606250286102294,0.6485363483428955,0.5648662328720093,0.4485511302947998,0.3930030822753906
Cc1c(O)c(=O)ccn1C,SIDER477,0.3606354087591171,0.4632626175880432,0.359752830862999,0.6281970739364624,0.7824687957763672,0.7050615549087524,0.4245357424020767,0.7667154550552369,0.5744949996471405,0.906623077392578,0.907336413860321,0.916008484363556,0.7800508618354798,0.723032534122467,0.7349252223968505,0.6221934735774994,0.4914864242076874,0.611138665676117
CC1(C)S[C@@H]2[C@H](NC(=O)[C@H](N)C3=CCC=CC3)C(=O)N2[C@H]1C(=O)O,epicillin,0.0669242423027753,0.1620270639657974,0.1469639331102371,0.3284941300749778,0.6690122097730636,0.5416366577148437,0.1729934349656105,0.7398621797561645,0.5638785600662232,0.8166092276573181,0.844810140132904,0.8911578297615051,0.5180756986141205,0.4665328159928322,0.6007347404956818,0.4273752748966217,0.2602961882948875,0.254267606139183
NC(=NCCCCCCN=C(N)N=C(N)Nc1ccc(Cl)cc1)N=C(N)Nc1ccc(Cl)cc1,SIDER364,0.0606752455234527,0.1247596979141235,0.1169453769922256,0.2958022624254227,0.7172699928283691,0.5525930941104888,0.2165872335433959,0.703708678483963,0.612595620751381,0.8759917497634888,0.9161863565444948,0.9120945572853087,0.665177583694458,0.655190896987915,0.7815587997436524,0.5528805077075958,0.4951863884925842,0.3400695264339447
CC(N)(Cc1ccc(O)cc1)C(=O)O,SIDER512,0.1479799434542656,0.2511472582817077,0.6375880479812622,0.7122409582138062,0.8009005188941956,0.6373935282230377,0.7137072801589965,0.7965630292892456,0.6162294387817383,0.9086201071739196,0.93857741355896,0.9363990664482116,0.645754075050354,0.6520928502082824,0.7452416181564331,0.6591320335865021,0.6185907781124115,0.7633042812347413
CCOC(=O)C(C)(C)Oc1ccc(Cl)cc1,clofibrate,0.1309143170714378,0.2959394231438637,0.424567787349224,0.4922630608081818,0.48138657361269,0.3641926199197769,0.4677024930715561,0.4600424349308014,0.3783771812915802,0.5842814922332764,0.5268765956163406,0.5116886019706726,0.4255576074123383,0.3824895858764648,0.4415451198816299,0.3138233631849288,0.381416767835617,0.4242858469486236
CC[C@H]1[C@@H](O)[C@@H]2[C@H](CC[C@]3(C)[C@@H]([C@H](C)CCC(=O)O)CC[C@@H]23)[C@@]2(C)CC[C@@H](O)C[C@@H]12,obeticholic acid,0.4616408258676528,0.6510375142097473,0.8193781733512878,0.9221405625343324,0.9238755702972412,0.902680766582489,0.834965193271637,0.7909119844436645,0.8126043379306793,0.9495442748069765,0.9518839716911316,0.9357911825180054,0.9062299489974976,0.8552722573280335,0.8299597501754761,0.7759512066841125,0.7802541136741639,0.8835046768188477
C[C@H](CC(=O)O)[C@H]1CC[C@H]2[C@@H]3[C@@H](O)C[C@@H]4C[C@H](O)CC[C@]4(C)[C@H]3CC[C@]12C,norursodeoxycholic acid,0.3337790317833423,0.4841650038957595,0.6271257281303406,0.8289431691169739,0.8335016012191773,0.7587314009666443,0.702616935968399,0.7038318872451782,0.7567624926567078,0.8940318584442138,0.9076793789863586,0.9182037830352784,0.7712374925613403,0.6866652309894562,0.6985644102096558,0.6154286205768585,0.5892618060111999,0.6942663311958313
C[C@H](CCC(=O)O)[C@H]1CC[C@H]2[C@@H]3C[C@H](O)[C@@H]4C[C@H](O)CC[C@]4(C)[C@H]3CC[C@]12C,hyodeoxycholic acid,0.3264008566737175,0.3742999941110611,0.7057135820388794,0.8580229163169861,0.8426950573921204,0.6674740552902222,0.6052504181861877,0.6963535904884338,0.7931010961532593,0.9147146344184875,0.9136933326721192,0.925579559803009,0.8092775940895081,0.6916948795318604,0.6533133387565613,0.5350283861160279,0.4747758209705353,0.689988088607788
COC1=CC(=O)CC(C)C12Oc1c(Cl)c(OC)cc(OC)c1C2=O,SIDER640,0.5860361590981483,0.7142743706703186,0.7128557801246643,0.8973527789115906,0.9218507766723631,0.8893641233444214,0.8203490853309632,0.9244475841522216,0.9113059759140014,0.9524903178215028,0.957858407497406,0.9659681797027588,0.8748226761817932,0.7927066206932067,0.8311792135238647,0.8144983172416687,0.578164279460907,0.8103226542472839
Nc1nc(Nc2ccc(S(N)(=O)=O)cc2)nn1C(=S)Nc1c(F)cccc1F,k-00546,0.1613152131438255,0.3551079124212265,0.2924242258071899,0.5548599183559417,0.6182541161775589,0.4902412474155426,0.5064112424850464,0.5116016954183579,0.5736246764659881,0.6218655675649643,0.6169907450675964,0.6454363256692887,0.5259203642606736,0.4430972337722778,0.4907587587833404,0.3513643398880958,0.3005783915519714,0.387495419383049
O=c1[nH]cnc2c1ncn2[C@H]1CC[C@@H](CO)O1,didanosine,0.0814982086420059,0.1509765610098838,0.2398332864046096,0.6328227281570434,0.7467850863933563,0.4817493289709091,0.5302229970693588,0.6618768632411957,0.6051568984985352,0.8079304218292236,0.7071026682853698,0.8470892786979676,0.543867826461792,0.4372868299484252,0.3962033689022064,0.2528809875249863,0.2035266816616058,0.30411676466465
CCC(C)(C)C(=O)O[C@H]1C[C@@H](C)C=C2C=C[C@H](C)[C@H](CC[C@@H]3C[C@@H](O)CC(=O)O3)[C@H]21,SIDER1071,0.1073241919279098,0.1330316945910453,0.4479392647743225,0.4496226653456688,0.4937203705310821,0.2808315142989158,0.4506657555699348,0.4943423420190811,0.5957054853439331,0.6247227489948273,0.6252528935670852,0.6823271334171295,0.3852405741810799,0.3963370159268379,0.4419719368219376,0.2954830795526504,0.331792576611042,0.3357776001095772
CN(C)[C@@H]1C(O)=C(C(=O)NCNCCCC[C@H](N)C(=O)O)C(=O)[C@@]2(O)C(O)=C3C(=O)c4c(O)cccc4[C@@](C)(O)[C@H]3C[C@@H]12,lymecycline,0.0759412109851837,0.2559562310576438,0.6010421305894852,0.704979133605957,0.7852865815162658,0.3997290581464767,0.7390185356140136,0.8466143608093262,0.8395615935325622,0.8984451413154602,0.8951788306236267,0.9454171419143677,0.3191321820020675,0.2771441221237182,0.3726575762033463,0.4142116710543632,0.1702535659074783,0.2789456903934478
CCCCCCCCc1ccc(CCC(N)(CO)CO)cc1,SIDER197,0.0147696362808346,0.0286059811711311,0.0218610867857933,0.0252051126211881,0.0812116716057062,0.0363902822136879,0.0275415683165192,0.0913275707513094,0.0439100306481122,0.0441276922821998,0.0568470075726509,0.1714645631611347,0.0373212613165378,0.0405643709003925,0.053889187797904,0.023955687880516,0.0364840153604745,0.0211145425215363
O=C(O)[C@]1(O)C/C(=N\O)[C@@H](O)[C@H](O)C1,3-hydroxyimino quinic acid,0.0278871009126305,0.0362668581306934,0.0442253649234771,0.0621056370437145,0.1408444225788116,0.0701210409402847,0.0421780165284872,0.0841557133942842,0.0802434127777814,0.0947156060487031,0.0892290219664573,0.1644355125725269,0.0818606127053499,0.0541838765144348,0.0830402739346027,0.0382180791348218,0.050272899493575,0.0455710727721452
CNC1C(OC2C(OC3C(O)C(O)C(N=C(N)N)C(O)C3N=C(N)N)OC(C)C2(O)C=O)OC(CO)C(O)C1O,SIDER1068,0.078018619865179,0.4782382935285568,0.1912995263934135,0.3282442718744278,0.6620564222335815,0.4666996955871582,0.2413220345973968,0.8092539072036743,0.5471878468990325,0.548305481672287,0.697489446401596,0.8610668540000915,0.5721671283245087,0.4678354799747467,0.4939030945301056,0.1989520817995071,0.221780714392662,0.2261420011520385
COC(=O)Nc1nc2cc(C(=O)c3ccc(F)cc3)ccc2[nH]1,flubendazole,0.0472117651253938,0.0633974470198154,0.0757010504603385,0.1214194044470787,0.2613523453474045,0.14641989544034,0.0676472380757331,0.3525349780917167,0.1194087721407413,0.4024738162755966,0.2842988952994346,0.5206565961241723,0.1508721888065338,0.1035682596266269,0.1371720165014266,0.1096484400331974,0.0735618196427822,0.0803099762648344
Cc1oc(=O)oc1CN1CCN(c2cc3c(cc2F)c(=O)c(C(=O)O)c2n3C(C)S2)CC1,prulifloxacin,0.1783284157514572,0.1952052742242813,0.1808980077505111,0.2738173767924309,0.353849346935749,0.2346963226795196,0.2624618947505951,0.4151603609323501,0.3417510479688644,0.4886505320668221,0.3911885976791381,0.5604515016078949,0.2697244435548782,0.2242744490504264,0.2890047878026962,0.2244024515151977,0.1776119634509086,0.1765214070677757
O=C1c2cccc(O)c2C(=O)c2c(O)cccc21,dantron,0.1126437008380889,0.1325366571545601,0.1819600313901901,0.2246086925268173,0.2600587010383606,0.2011921256780624,0.2108967214822769,0.2945816665887832,0.2397415399551391,0.2576803013682365,0.2858377277851104,0.3592579826712608,0.2190652251243591,0.1711824938654899,0.2278591513633728,0.1368372738361358,0.139398093521595,0.1588737577199936
CC(=O)OCC1OC([SH2+])C(OC(C)=O)C(OC(C)=O)C1OC(C)=O,SIDER196,0.0959107935428619,0.2581223905086517,0.1550463542342186,0.2761383444070816,0.5933237612247467,0.4362221151590347,0.5324506774544716,0.6994863629341126,0.5064526289701462,0.6082504332065582,0.7133734464645386,0.8531198024749755,0.2656193971633911,0.2300480365753174,0.3115922600030899,0.2358904212713241,0.1617316469550132,0.1748623460531234
O=C(O)c1cc(C(=O)O)c(C(=O)O)cc1C(=O)O,pyromellitic acid,0.0977856069803237,0.1940883487462997,0.1347932651638984,0.2265393659472465,0.4910257756710052,0.3305401891469955,0.2993810281157493,0.5297436982393264,0.4114032447338104,0.5189782202243804,0.5378409713506699,0.6740760624408721,0.3194690316915512,0.2853988021612167,0.3658962845802307,0.2019047960639,0.1919140487909317,0.2101421177387237
CC(C)CC1NC(=O)C(Cc2ccccc2)NC(=O)C(CCN)NC(=O)C(NC(=O)C(CCN)NC(=O)C(CCO)NC(=O)C(CCN)NC=O)CCNC(=O)C(CCO)NC(=O)C(CCN)NC(=O)C(CCN)NC1=O,polymyxin b sulfate,0.0637338668107986,0.209508416056633,0.1144688308238983,0.2764235377311707,0.5159741058945656,0.3635658696293831,0.140274854004383,0.3556764587759972,0.4242719560861587,0.4926890403032303,0.2884333297610283,0.4862868502736092,0.3493899077177048,0.2653798371553421,0.2583094269037246,0.1547058761119842,0.154049913585186,0.1557860702276229
O=C(O)C=CC(=O)O,ferrous fumarate,0.0876368708908557,0.0800826601684093,0.147590035945177,0.2878890395164489,0.4895644962787628,0.2101219788193702,0.0920548729598522,0.3699577033519745,0.5110600121319294,0.506401601433754,0.2899916529655456,0.542255088686943,0.2810595318675041,0.2352168455719948,0.2594513297080993,0.1740945383906364,0.1353486180305481,0.1173465229570865
CN[C@H]1C(=O)N[C@@H]2Cc3ccc(cc3)Oc3cc4cc(c3O[C@@H]3O[C@H](C(=O)O)[C@@H](O)[C@H](O)[C@H]3NC(=O)CCCCCCCCC(C)C)Oc3ccc(cc3Cl)[C@@H](O)[C@@H]3NC(=O)[C@H](NC(=O)[C@@H]4NC(=O)[C@@H](NC2=O)c2cc(cc(O)c2Cl)Oc2ccc1cc2O)c1ccc(O)c(c1)-c1c(O[C@H]2O[C@H](CO)[C@@H](O)[C@H](O)[C@@H]2O)cc(O)cc1[C@@H](C(=O)NCCCN(C)C)NC3=O,SIDER445,0.0271112471818923,0.0573683463037014,0.0804434109479188,0.1356577076017856,0.7669058203697204,0.1913809195160865,0.0353188205510377,0.8967783331871033,0.6082949012517929,0.8828537940979004,0.5092856466770173,0.935107159614563,0.1701810039579868,0.1760177433490753,0.2743431717157364,0.804167914390564,0.092592779546976,0.0519198764115571
CO/N=C(/C(=O)N[C@@H]1C(=O)N2C(C(=O)O)=CCS[C@H]12)c1csc(N)n1,ceftizoxime sodium,0.048991085588932,0.1143804676830768,0.3170520007610321,0.5021647185087204,0.736943656206131,0.4138968586921692,0.1154213532805442,0.8011070013046264,0.7115818679332733,0.6803900897502899,0.586645919084549,0.8922015190124511,0.2143906086683273,0.1929318249225616,0.2587573975324631,0.2800439149141311,0.1149259254336357,0.1297207102179527
COC(=O)Nc1nc2cc(C(=O)c3ccccc3)ccc2[nH]1,mebendazole,0.0587922174483537,0.0967793256044387,0.3486258491873741,0.7287674069404602,0.7498287558555603,0.2223361223936081,0.0639815635979175,0.6452887952327728,0.2291146337985992,0.7757968187332154,0.6088134497404099,0.9158949136734008,0.1810149326920509,0.1300854176282882,0.1688416823744774,0.2246480755507946,0.0716080710291862,0.1090617947280407
COC[C@H](C)Oc1cc(Oc2cnc(C(=O)N3CCC3)cn2)cc(C(=O)Nc2cnc(C)cn2)c1,azd-1656,0.2165730521082878,0.3357933759689331,0.3582992553710937,0.4380920052528381,0.46231849193573,0.4277413666248321,0.4985220819711685,0.3658219128847122,0.4317692518234253,0.4369433850049972,0.3637297421693802,0.3506428003311157,0.4523857414722442,0.4047231793403625,0.4041245222091675,0.2729394406080246,0.3661406457424164,0.407617962360382
Cc1ccc(C(=O)NC2CC2)cc1Nc1cc(=O)n(C)c2c1cnn2-c1ccc(F)cc1F,n-cyclopropyl-3-{[1-(2;4-difluorophenyl)-7-methyl-6-oxo-6;7-dihydro-1h-pyrazolo[3;4-b]pyridin-4-yl]amino}-4-methylbenzamide,0.1462327122688293,0.1391523167490959,0.1658451303839683,0.270151250064373,0.278511568903923,0.2370519965887069,0.235393950343132,0.1932084128260612,0.2016385748982429,0.3043663904070854,0.2390515193343162,0.2153571732342243,0.2789435103535652,0.2337254375219345,0.2466221138834953,0.1500402390956878,0.2159906446933746,0.2295273527503013
Cc1nc(C#Cc2ccnc(Cl)c2)c(C)n1-c1ccc(F)cc1,basimglurant,0.0753629118204116,0.2004310175776481,0.1474253624677658,0.3270892925560474,0.3536218702793121,0.3293984115123748,0.2961544573307037,0.2555776029825211,0.2760978862643242,0.3921357855200768,0.3220569744706154,0.3108644276857376,0.3199138090014458,0.2834638059139251,0.2800845846533775,0.1610172525048256,0.2663005039095878,0.2440236136317253
COc1nc2ccc(Br)cc2cc1[C@H](c1ccccc1)[C@@](O)(CCN(C)C)c1cccc2ccccc12,SIDER204,0.6603387586772442,0.7088862612843514,0.5533910781145096,0.921962308883667,0.9034078121185304,0.908532965183258,0.9268447041511536,0.4742277324199676,0.878054940700531,0.8678646206855773,0.9483266711235048,0.916397738456726,0.9219099283218384,0.9238641381263732,0.8861563086509705,0.511159110069275,0.9184537053108216,0.9204919576644898
COc1cc2nccc(Oc3ccc(NC(=O)NC4CC4)c(Cl)c3)c2cc1C(N)=O,lenvatinib mesylate,0.5218980610370636,0.4265519320964813,0.5151778221130371,0.6271375894546509,0.6488735914230347,0.5457980573177338,0.7949496507644653,0.4633518934249878,0.6303735077381134,0.7122737407684326,0.7452332615852356,0.6931273102760315,0.686363959312439,0.6712928473949432,0.5746773838996887,0.4606288313865662,0.6173112869262696,0.6380436003208161
O=C(O)CCO,hydracrylic acid,0.879136574268341,0.8136484742164611,0.8899740695953369,0.9181034922599792,0.9085092544555664,0.9093623518943786,0.9441492080688476,0.8931519508361816,0.9191829085350036,0.9361705899238586,0.9589868903160096,0.961604905128479,0.9384404301643372,0.9282352328300476,0.9032230615615844,0.8093235552310943,0.8551837682724,0.9216960072517396
CNC(=O)c1ccc(Nc2ncc(C(F)(F)F)c(NCc3nccnc3N(C)S(C)(=O)=O)n2)cc1,defactinib,0.1025115832686424,0.1306268937885761,0.0865184001624584,0.1139206022024154,0.1746476888656616,0.1259753942489624,0.1751954600214958,0.1488181456923484,0.1583997264504432,0.3042200237512588,0.2012282162904739,0.2150603428483009,0.2563904196023941,0.1730943620204925,0.1776411592960357,0.1212206989526748,0.118528863787651,0.1226676404476165
CCOc1ccc(-c2c(C#N)c(N)nc3sc(C(N)=O)c(N)c23)cc1,3;6-diamino-5-cyano-4-(4-ethoxyphenyl)thieno[2;3-b]pyridine-2-carboxamide,0.0379575341939926,0.0509908139705658,0.0480728738009929,0.0478620834648609,0.0584138698875904,0.0551329921931028,0.0650997012853622,0.0663533240556717,0.0525638487190008,0.0813728496432304,0.0654413644224405,0.067896980792284,0.0737492244690656,0.0643104933202266,0.0702641680836677,0.0381295170634985,0.0571255855262279,0.0529590398073196
CC(=O)Nc1ccc(OC[C@](C)(O)C(=O)Nc2ccc([N+](=O)[O-])c(C(F)(F)F)c2)cc1,andarine,0.0452056501060724,0.0479115735739469,0.0580716099590063,0.0599806457757949,0.0683679245412349,0.0643826466053724,0.0812701903283596,0.0795920625329017,0.0833971232175827,0.1106105588376522,0.0896260611712932,0.0936690457165241,0.0897922858595848,0.0738058395683765,0.0898337066173553,0.0455181246623396,0.0591450870037078,0.0619268808513879
Cc1nnc(-c2ccc(-c3cc(C(=O)NC4CC4)ccc3C)c(C)c2)o1,n-cyclopropyl-2';6-dimethyl-4'-(5-methyl-1;3;4-oxadiazol-2-yl)biphenyl-3-carboxamide,0.1505116984248161,0.1423544868826866,0.2123455837368965,0.2078179374337196,0.2375149309635162,0.2216930299997329,0.2632134467363357,0.2304906010627746,0.2423483073711395,0.3594183474779129,0.2616452485322952,0.2830898642539978,0.2694854438304901,0.2320510357618332,0.2831850081682205,0.1708908572793007,0.2177496016025543,0.2287792533636093
COc1cc(Nc2ncc(F)c(Nc3ccc4c(n3)NC(=O)C(C)(C)O4)n2)cc(OC)c1OC,tamatinib,0.0503623336553573,0.0627607740461826,0.0811274729669094,0.1224054001271724,0.1714960984885692,0.1240250557661056,0.148319387435913,0.1143906220793724,0.1738910496234894,0.2205721780657768,0.1810838773846626,0.1646104708313941,0.1582506030797958,0.1531216517090797,0.1681422337889671,0.1204077236354351,0.1318224713206291,0.1571257442235946
CCN(CC)CCNC(=O)c1c(C)[nH]c(/C=C2\C(=O)Nc3ccc(-c4csc(-c5ccccc5)n4)cc32)c1C,amcasertib,0.0405235908925533,0.0423975098878145,0.0453985791653394,0.0540967304259538,0.0811860457062721,0.0665468767285347,0.0683502286672592,0.0617163866758346,0.0617050174623727,0.0994858093559742,0.0874587543308735,0.0847600921988487,0.0774112112820148,0.0754004970192909,0.0870052471756935,0.0449500057846307,0.070778838545084,0.0569449696689844
Cc1ccc(C(=O)NC2CC2)cc1-c1ccc2c(-c3ccccc3C)nncc2c1,n-cyclopropyl-4-methyl-3-[1-(2-methylphenyl)phthalazin-6-yl]benzamide,0.0768646016716957,0.1159651756286621,0.1070750743150711,0.1355290070176124,0.1910113140940666,0.1819416970014572,0.1984178632497787,0.1756579533219337,0.1943342506885528,0.2633906483650207,0.2157210230827331,0.2043589830398559,0.1991558998823165,0.1744540646672248,0.2206605345010757,0.1281498067080974,0.1671078458428382,0.1582823112607002
COc1ccc(CN(C(=O)[C@@H](N)Cc2c(C)cc(C(N)=O)cc2C)[C@@H](C)c2ncc(-c3ccccc3)[nH]2)cc1C(=O)O,eluxadoline,0.0582403153181076,0.1384667068719864,0.291428928822279,0.5689909756183624,0.6859582185745239,0.6513753414154053,0.6726093828678131,0.4972594738006591,0.6952230989933014,0.6937883734703064,0.7906962990760803,0.8208800196647644,0.6038698613643646,0.655290949344635,0.6237268626689911,0.2611930668354034,0.5274016261100769,0.4603841185569763
COc1cccc(Nc2c(C(N)=O)cnc3c(C)cc(S(=O)(=O)c4cccc(C(=O)N(C)C)c4)cc23)c1,gsk-256066,0.0578407891094684,0.0558401145040988,0.0701148092746734,0.0837137378752231,0.1076095148921012,0.1079117327928543,0.1398546800017356,0.1145054750144481,0.1502591252326965,0.1772503986954689,0.1969910211861133,0.1680223695933818,0.140176922082901,0.1196193180978298,0.1546696230769157,0.0827798582613468,0.1103505797684192,0.1051479578018188
[2H]C([2H])([2H])C(c1cc(C(C)(C)C)c(NC(=O)c2c[nH]c3ccccc3c2=O)cc1O)(C([2H])([2H])[2H])C([2H])([2H])[2H],deutivacaftor,0.1068653330206871,0.1300880715250968,0.1612803876399993,0.2476188600063324,0.3046772390604019,0.2640147298574448,0.3585128799080849,0.3189042836427688,0.3318963319063187,0.3821260154247284,0.3679274052381515,0.3822960525751114,0.3404867470264435,0.3098941057920455,0.3550161600112915,0.2098032251000404,0.2053861200809478,0.2435794875025749
CCc1nn(-c2c(Cl)cc(Cl)cc2Cl)c2nc(Cc3ccc(O)c(O)c3)[nH]c(=O)c12,6-(3;4-dihydroxybenzyl)-3-ethyl-1-(2;4;6-trichlorophenyl)-1h-pyrazolo[3;4-d]pyrimidin-4(5h)-one,0.0423186566680669,0.0416878376156091,0.0496714439243078,0.0533022087067365,0.0678625307977199,0.0617499239742755,0.0722173862159252,0.0677665375173091,0.0665191404521465,0.073084108531475,0.0600560337305069,0.0701777946203947,0.0758288875222206,0.0638857491314411,0.0717086836695671,0.0400144454091787,0.0575621612370014,0.051576143503189
O=C(Cc1ccc(F)cc1)NC(=O)Nc1ccc(Oc2ccnc3[nH]ccc23)c(F)c1,2-(4-fluorophenyl)-n-{[3-fluoro-4-(1h-pyrrolo[2;3-b]pyridin-4-yloxy)phenyl]carbamoyl}acetamide,0.0398018576204776,0.0382204342633485,0.043201008439064,0.0437828108668327,0.0514832638204097,0.0505497194826602,0.0603031739592552,0.0613871619105339,0.0576200813055038,0.0639238215982914,0.0535990871489048,0.0593374110758304,0.0640487119555473,0.0533314034342765,0.0655329078435897,0.0328148331493139,0.0525986962020397,0.0428589090704917
N=C(N)c1ccc(O)c(CN2CC[C@H](NS(=O)(=O)c3cc4ncccc4s3)C2=O)c1,rpr131247,0.2283552378416061,0.2341072976589203,0.203081627190113,0.227314206957817,0.2959914863109588,0.2570300847291946,0.2991373717784881,0.3050231486558914,0.2863718539476395,0.3149476706981658,0.2968297719955444,0.3229984074831009,0.2904146611690521,0.2343281060457229,0.2850751847028732,0.177539974451065,0.2095407545566558,0.2190072059631347
COc1cn(-c2ccc(-n3cccn3)cc2F)nc(-c2ccnn2-c2ccccc2)c1=O,balipodect,0.0719542421400547,0.1065247163176536,0.118520587682724,0.1568138539791107,0.1753424048423767,0.1687109917402267,0.2130433440208435,0.2176898688077926,0.157742477953434,0.2280162990093231,0.1692952007055282,0.1951546758413314,0.1693930760025978,0.1488121792674064,0.183689883351326,0.1059009581804275,0.1297705069184303,0.1234773233532905
Cc1nnc(-c2ccc(C)c(-c3ccc(C(=O)Nc4cccc(C#N)c4)cc3)c2)o1,n-(3-cyanophenyl)-2'-methyl-5'-(5-methyl-1;3;4-oxadiazol-2-yl)-4-biphenylcarboxamide,0.0361881766468286,0.0365509055554866,0.0443471115082502,0.0382529657334089,0.0462549299001693,0.0424745701253414,0.05733462870121,0.0580356121063232,0.0502368189394474,0.0572250798344612,0.0529276683926582,0.0602649465203285,0.0526036314666271,0.0467153370380401,0.0572886291891336,0.0325041692703962,0.0436685193330049,0.0379448186606168
O=C(O)C[C@@H](Cc1ccccc1)C(=O)O,l-benzylsuccinic acid,0.054981754720211,0.0580355960875749,0.0745951175689697,0.0690014634281396,0.0852907709777355,0.081557297706604,0.1080042600631713,0.0908328399062156,0.0835155703127384,0.1091056078672409,0.1029378056526184,0.1149231284856796,0.0932485245168209,0.0792515560984611,0.1001908846199512,0.060698601976037,0.0803690202534198,0.0606813721358776
CS(=O)(=O)OCCCCOS(C)(=O)=O,SIDER358,0.1043557778000831,0.1156565338373184,0.1192104451358318,0.1671641759574413,0.1823425218462944,0.1688320264220237,0.2104134157299995,0.1802035212516784,0.1390770122408867,0.1676729641854763,0.1891145534813404,0.1858137495815754,0.1923291072249412,0.1560231178998947,0.1919720783829689,0.1176369108259677,0.1616755589842796,0.1414990231394767
NS(=O)(=O)c1ccc(-n2nc(C(F)(F)F)cc2-c2ccc(Cl)cc2)cc1,sc-236,0.0917993381619453,0.0916236475110054,0.0932709828019142,0.108831587433815,0.1256773144006729,0.129631407558918,0.1879097536206245,0.1495547980070114,0.1359790816903114,0.1413090571761131,0.1637578427791595,0.1591743096709251,0.1592659279704094,0.1280970022082329,0.1564146131277084,0.0835981450974941,0.1199841663241386,0.1280960872769355
CNCCCN1c2ccccc2CCc2ccccc21,SIDER480,0.167471994459629,0.2732110768556595,0.2410175152122974,0.3353457398712635,0.3577055558562279,0.3263806782662868,0.4164914362132549,0.3037210792303085,0.3052775144577026,0.3812862731516361,0.3682691976428032,0.3734298892319202,0.371246974915266,0.3202321641147136,0.3341231286525726,0.245560298860073,0.2923350922763347,0.3434451714158058
C[C@H](Nc1ccc2c(c1)OCCn1cc(N3C(=O)OC[C@H]3C(F)F)nc1-2)C(N)=O,inavolisib,0.0970310598611831,0.1270034685730934,0.1541510887444019,0.1658194184303283,0.1944891214370727,0.1658228129148483,0.2601243868470192,0.1945521637797355,0.2306711807847023,0.2201899647712707,0.2277637161314487,0.2424037635326385,0.2008646816015243,0.176374527812004,0.2045353204011917,0.1118979386985302,0.1495068699121475,0.1586214423179626
C[C@H]1COc2c(C3(N)CC3)c(F)cc3c(=O)c(C(=O)O)cn1c23,pazufloxacin,0.0994194984436035,0.2339299738407135,0.2502766519784927,0.4552491873502731,0.4461643934249878,0.3117563098669052,0.5279976785182953,0.3501407444477081,0.4718675255775452,0.5421254336833954,0.5423467516899109,0.5623801290988922,0.3918253988027572,0.337072616815567,0.3864971071481705,0.2526328429579735,0.2570418655872345,0.3764482498168945
Cc1nn(C)c2c1C(c1ccccc1F)=NCC(=O)N2C,zolazepam,0.2361390888690948,0.48728147149086,0.4424292415380478,0.5368528008460999,0.5188112437725068,0.5122264564037323,0.7453013896942139,0.6108361124992371,0.5414809256792068,0.8332172393798828,0.8119346857070923,0.7878225207328796,0.5822041869163513,0.5548532187938691,0.6392621695995331,0.580278742313385,0.5220241963863372,0.5842588603496551
Cc1ccc(Cl)c(Nc2ccccc2C(=O)O)c1Cl,SIDER767,0.1385867863893509,0.3612608224153518,0.3627486944198608,0.5615303993225098,0.5407926350831985,0.5071703940629959,0.6846487104892731,0.5591027438640594,0.3917997151613235,0.8114208102226257,0.788645339012146,0.7900611639022828,0.468840143084526,0.4105188101530075,0.5253308951854706,0.4223801493644714,0.426435574889183,0.5885253846645355
C#CC(C)(O)CC,meparfynol,0.0688404284417629,0.1006036311388015,0.1554095491766929,0.4216237664222717,0.3339908331632614,0.2914552688598633,0.6405302822589874,0.3063164621591568,0.2221675381064415,0.7453246474266052,0.7575040102005005,0.6808369100093842,0.2647445142269135,0.270120432972908,0.381601458787918,0.3664591103792191,0.3021077215671539,0.3643515259027481
CC(=O)Nc1cccc2c1c(Sc1ccc(Cl)cc1)c(C)n2CC(=O)O,azd-1981,0.1745189562439918,0.2594208270311355,0.2723304785788059,0.3640843227505684,0.4735512644052505,0.4407995969057083,0.6007576674222946,0.4029214680194855,0.3454622894525528,0.7273411333560944,0.7358098506927491,0.6915578603744507,0.3568573474884033,0.3330363065004348,0.4524343252182007,0.3604915633797645,0.3637845873832702,0.4786358803510666
O=C(O)c1ccc(-c2ccc3cc(O)ccc3n2)c(Cl)c1,cavosonstat,0.0424067329615354,0.0954834379255771,0.0847185205668211,0.247271454334259,0.2527202300727367,0.2310004852712154,0.2822284832596778,0.1987870581448078,0.1737542420625686,0.4458204425871372,0.4224424302577972,0.3639598622918129,0.208316658437252,0.1820056423544883,0.2668399631977081,0.1902818262577056,0.1971481837332248,0.2324755042791366
CC(=O)Oc1cccc(O)c1,resorcinol monoacetate,0.2271939933300018,0.2916062593460083,0.2546069711446762,0.3206673860549927,0.4075455814599991,0.3661060929298401,0.4679636716842651,0.4714382648468017,0.3432854741811752,0.6349002778530121,0.6403256952762604,0.6682216048240661,0.4796198427677154,0.3759511947631836,0.4585902273654937,0.3344541490077972,0.3818340837955475,0.4530703246593475
CC(C)C(=O)c1c(C(C)C)nn2ccccc12,ibudilast,0.0713230326771736,0.1400044023990631,0.1518726974725723,0.2936039283871651,0.3443191587924957,0.3353456050157547,0.4174065798521041,0.3924688637256622,0.2974495723843574,0.5748125195503235,0.5789458677172661,0.5760015025734901,0.3090366095304489,0.3124254465103149,0.4117407143115997,0.2667621649801731,0.3049233481287956,0.377172015607357
CN(C)CCON=C1c2ccccc2CCc2ccccc21,noxiptiline,0.2036786988377571,0.2195281986147165,0.2281524628400802,0.3207305707037449,0.3682574987411499,0.3411143608391285,0.3960598438978195,0.3841949023306369,0.2833879522979259,0.4958822011947632,0.539597949385643,0.5224620580673218,0.3755668684840202,0.3291995167732239,0.4087943449616432,0.2689683120697737,0.3307378359138965,0.3916952230036258
C[C@@H]1CC[C@H]2[C@@H](C)C(O)O[C@@H]3O[C@@]4(C)CC[C@@H]1[C@]32OO4,artenimol,0.0403480742126703,0.0837166644632816,0.0797802232205867,0.1079989075660705,0.2692711964249611,0.2437425270676612,0.4323927566409111,0.4007551074028015,0.1652652189135551,0.6997407346963882,0.7854448080062866,0.7796794056892395,0.2520139589905739,0.2227173954248428,0.4309966564178467,0.2829822391271591,0.2475729048252105,0.2544635221362114
C[C@@H]1[C@H](O)O[C@@H]2O[C@@]3(C)CC[C@@H]4[C@@H](C)CC[C@H]1[C@@]24OO3,dihydroartemisinin,0.0411579050123691,0.0897529818117618,0.0824181199073791,0.1428156349807977,0.3000457845628261,0.2673642367124557,0.4047755189239979,0.4122881382703781,0.1757579162716865,0.6963285714387893,0.779703539609909,0.7627470374107361,0.2674903973937034,0.2331863433122634,0.4240590631961822,0.2693160891532898,0.2389003381133079,0.2446899071335792
CC(=O)OC[C@H]1O[C@@H](n2ccc(=O)[nH]c2=O)[C@H](OC(C)=O)[C@@H]1OC(C)=O,uridine triacetate,0.0501516856253147,0.1067108318209648,0.0804441414773464,0.1007015936076641,0.1654506467282772,0.1636628821492195,0.308924300968647,0.2185080349445343,0.1309738531708717,0.3398046642541885,0.4047163873910904,0.3761628895998001,0.1580894440412521,0.1416710004210472,0.2553013116121292,0.1680832281708717,0.186594408750534,0.1587703421711921
CCCN(CCC)C(=O)C(CCC(=O)OCCCN1CCN(CCOC(=O)Cc2c(C)n(C(=O)c3ccc(Cl)cc3)c3ccc(OC)cc23)CC1)NC(=O)c1ccccc1,proglumetacin,0.0692303266376257,0.0959363229572773,0.1312304496765136,0.2553569108247757,0.3174130022525787,0.2988722890615463,0.4923722743988037,0.3901527285575866,0.2503161117434501,0.6373778939247131,0.7285567402839661,0.630701094865799,0.2688599422574043,0.2641215741634369,0.4443429410457611,0.3144513756036758,0.3781322479248047,0.3354274570941925
NC(=O)c1ccc(I)c([N+](=O)[O-])c1,iniparib,0.3193318456411361,0.4305224329233169,0.3616556584835052,0.5103496789932251,0.5347838222980499,0.4263725340366363,0.5608544439077378,0.4738086223602294,0.3642679363489151,0.6411374390125275,0.6151249825954437,0.5913250029087067,0.4502303123474121,0.3932826012372971,0.4400782823562622,0.3262968063354492,0.343332850933075,0.4482938647270202
CC(CNC(=O)c1cccnc1)NC(=O)c1cccnc1,nicaraven,0.2491213276982307,0.3591721251606941,0.3651533782482147,0.4486091047525405,0.4210894882678985,0.3410228103399276,0.4646102488040924,0.4138228386640549,0.3087225764989852,0.5485224992036819,0.5370037436485291,0.5334806978702545,0.4371666073799133,0.3831756353378296,0.3989869177341461,0.2980471640825272,0.3559918403625488,0.430107456445694
CC1CN2CC(=O)Nc3ccc(Cl)cc3C2(c2ccccc2)O1,oxazolam,0.1221775345504283,0.3011436030268669,0.259242357313633,0.4660950347781181,0.4229249849915504,0.3886200025677681,0.4729114964604378,0.3639655262231827,0.3055860981345176,0.5840262562036515,0.587346664071083,0.543803158402443,0.4433347791433334,0.328497152030468,0.4516342729330063,0.231513799726963,0.2962734863162041,0.4238946169614792
BrC(Br)Br,bromoform,0.0743158504366874,0.1330724939703941,0.1296487376093864,0.1876125559210777,0.2022147044539451,0.2264360636472702,0.290791729092598,0.2271598100662231,0.16627127379179,0.2669288694858551,0.2855492442846298,0.2469681516289711,0.1934131234884262,0.1800342470407486,0.2632972180843353,0.1445615231990814,0.2084609985351562,0.1932729855179786
CCCSc1cc(OC)c(CCN)cc1OC,2;5-dimethoxy-4-(n)-propylthiophenethylamine,0.0914301432669162,0.1293880745768547,0.131926454603672,0.1407419051975011,0.1335730023682117,0.1365396544337272,0.1999290905892849,0.1680957876145839,0.117827695608139,0.2081966124475002,0.1877970032393932,0.1658449314534664,0.1567930161952972,0.1403388679027557,0.1714226230978965,0.106052004173398,0.139797019958496,0.161722033470869
CC1NCCOC1c1ccccc1,phenmetrazine hydrochloride,0.1070407047867774,0.1218439631164074,0.1628585830330848,0.322634457051754,0.295895604789257,0.2944535613059997,0.5162630110979081,0.2704838186502457,0.1644855603575706,0.6420929908752442,0.6568323075771332,0.4919399082660675,0.2749479293823242,0.2575978547334671,0.3742587149143219,0.2634657800197601,0.357296285033226,0.3887075453996658
COc1ccc2nc3cc(Cl)ccc3c(NC(C)CCCN(CCCl)CCCl)c2c1,quinacrine mustard,0.0265334509313106,0.0516521520912647,0.0516606159508228,0.0857456989586353,0.1052650280296802,0.105242320895195,0.1587451137602329,0.0849798023700714,0.0580560833215713,0.1758081719279289,0.2023599117994308,0.1313386455178261,0.0917949378490448,0.0880907222628593,0.1241546884179115,0.0696662716567516,0.1060419350862503,0.0981122434139251
CN[C@@H]1[C@@H](O)[C@@H](O[C@@H]2[C@@H](O)[C@H](O[C@H]3O[C@H]([C@@H](C)NC)CC[C@H]3N)[C@@H](N)C[C@H]2N)OC[C@]1(C)O,gentamicin sulfate,0.0769082769751548,0.2617962896823883,0.136740580201149,0.2381982132792472,0.3127631470561027,0.3098074674606323,0.5505108535289764,0.3853560328483582,0.1878163278102874,0.4408105045557022,0.5983411848545075,0.4857496082782745,0.2936890572309494,0.283284968137741,0.3227018356323242,0.2100196599960327,0.2620994508266449,0.3493406742811203
CC(CN1c2ccccc2Sc2cccnc21)N(C)C,isothipendyl,0.093084404617548,0.2523874208331108,0.1967028990387916,0.3389562249183654,0.3797740936279297,0.3782915502786636,0.5609405666589737,0.2824380397796631,0.2171615988016128,0.5702363729476929,0.602662318944931,0.4857506543397903,0.3348268911242485,0.2969216108322143,0.3770524770021438,0.2411053299903869,0.3315926253795623,0.4029643654823303
NOCC(=O)O,aminooxyacetic acid,0.1040353134274482,0.2490115873515606,0.2224775210022926,0.3550682187080383,0.3747166097164154,0.3659404411911964,0.4902621820569038,0.3205986618995666,0.2138602010905742,0.5181041643023491,0.5304559633135796,0.475180147588253,0.3878198578953743,0.3211845383048057,0.3353787198662757,0.2114699102938175,0.2803912952542305,0.3636654436588287
N=C(N)c1ccc(OCCCCCCOc2ccc(C(=N)N)cc2)cc1,hexamidine,0.7326852083206177,0.9131351470947264,0.5684507220983506,0.888852596282959,0.961008095741272,0.9642037987709046,0.961013090610504,0.954912793636322,0.9652489304542542,0.9799382209777832,0.984899151325226,0.980859100818634,0.9718980431556702,0.971060621738434,0.9725948572158812,0.964219331741333,0.965722680091858,0.9577535271644592
Nc1c2c(nc3c1CCC3)CCCC2,ipidacrine,0.6131792455911637,0.7057514488697052,0.5020544052124023,0.7416365444660187,0.8003178238868713,0.7579326629638672,0.8194706082344055,0.7358613848686218,0.8122410655021668,0.8207039594650268,0.8684759736061096,0.8423902869224549,0.851427185535431,0.7887364268302918,0.7720530986785888,0.6194952309131623,0.7099995851516724,0.7527161121368409
CN[C@@H]1[C@@H](O)[C@@H](O[C@@H]2[C@@H](O)[C@H](O[C@H]3O[C@H](CN)CC[C@H]3N)[C@@H](N)C[C@H]2N)OC[C@]1(C)O,gentamicin c1a,0.0630564056336879,0.1579257279634475,0.0796777792274952,0.0709104023873806,0.1000366367399692,0.1241603076457977,0.1575884908437728,0.2414967238903045,0.082632877677679,0.1662418276071548,0.2606442481279373,0.1868170216679573,0.1141598314046859,0.1208536550402641,0.1609347224235534,0.0905322559177875,0.1258380576968193,0.1466022536158561
NCC[C@H](O)C(=O)N[C@@H]1C[C@H](N)[C@@H](O[C@H]2O[C@H](CN)[C@@H](O)[C@H](O)[C@H]2O)[C@H](O)[C@H]1O[C@H]1O[C@H](CO)[C@@H](O)[C@H](N)[C@H]1O,amikacin sulfate,0.1493137389421463,0.8259647607803344,0.2408730402588844,0.360978776216507,0.8360644459724427,0.8931479573249816,0.7712349474430085,0.8913381814956665,0.6903880000114441,0.9360267400741578,0.9447934865951538,0.949648404121399,0.794416320323944,0.731648075580597,0.874224054813385,0.8420618414878845,0.660983943939209,0.5882393538951873
NC[C@@H]1O[C@H](O[C@H]2[C@@H](O)[C@H](O[C@@H]3[C@@H](O)[C@H](N)C[C@H](N)[C@H]3O[C@H]3O[C@H](CN)[C@@H](O)[C@H](O)[C@H]3N)O[C@@H]2CO)[C@H](N)[C@@H](O)[C@@H]1O,framycetin,0.1008945848792791,0.7894773602485656,0.1876732736825943,0.2288384258747101,0.6286183446645737,0.8041875123977661,0.6561913132667542,0.8248595237731934,0.4408427059650421,0.8323824524879455,0.8507916331291199,0.8906774520874023,0.5227387726306916,0.4041230261325836,0.6306944966316224,0.499166852235794,0.3011262476444244,0.3173889935016632
N#Cc1ccc([C@H]2CCc3cncn32)c(F)c1,osilodrostat phosphate,0.2091564148664474,0.1987825393676758,0.2558840572834014,0.24248708486557,0.2127693891525268,0.2226431280374527,0.3261797368526459,0.2674976497888565,0.2736118704080582,0.2933556109666824,0.2951716244220733,0.312942761182785,0.272447395324707,0.2385673522949218,0.2868699878454208,0.1756871953606605,0.2170733228325843,0.2481395244598388
C[C@]12C=CC(=O)C=C1CC[C@@H]1[C@@H]2[C@@H](O)C[C@@]2(C)[C@H]1CC[C@]2(O)C(=O)COC(=O)c1cccc(S(=O)(=O)O)c1,prednisolone metasulfobenzoate sodium,0.0536066643893718,0.040016670525074,0.0417217254638671,0.028998465463519,0.0304688144475221,0.037200966104865,0.0781926065683364,0.0644514456391334,0.0677705436944961,0.063219229876995,0.0950877919793129,0.1113493993878364,0.0641493394970893,0.0546930156648159,0.0804714538156986,0.0365591544657945,0.0540047004818916,0.0456296630203723
C=C1C[C@@H]2[C@H](CC[C@]3(C)C(=O)CC[C@@H]23)[C@@]2(C)C=CC(=O)C=C12,SIDER458,0.0377410568296909,0.0314616527408361,0.0397645436227321,0.0293898470699787,0.0290554620325565,0.0329965680837631,0.0530038721859455,0.0426149383187294,0.0408121936023235,0.0428194414824247,0.0476312614977359,0.0551573649048805,0.0487070687115192,0.0405212853103876,0.0494015280157327,0.0305032461881637,0.0408375043421983,0.0337424423545599
CCOC(=O)CCCCCCCCC(C)c1ccc(I)cc1,iofendylate,0.0280697401612997,0.0288980904966592,0.037244314700365,0.030133780837059,0.0305240914225578,0.0316744700074195,0.0496521428227424,0.0414948757737875,0.0421950560063123,0.0419124536216259,0.0537077918648719,0.0635475292801857,0.0466957613825798,0.0434205844998359,0.0491373963654041,0.0221736788749694,0.0399764392524957,0.0343117196112871
O=c1[nH]cnc2c1ncn2[C@H]1C[C@H](O)[C@@H](CO)O1,deoxyinosine,0.0736626408994197,0.0765458047389984,0.1260944902896881,0.1374778494238853,0.1880432188510895,0.148534470796585,0.4696389228105545,0.3562296658754348,0.5531524807214737,0.3682010650634765,0.4126031666994095,0.6327676504850388,0.2366710036993026,0.2032576218247413,0.2710349082946777,0.1651477694511413,0.1520203799009323,0.1630602046847343
Cc1cccn2c(=O)c(-c3nn[nH]n3)cnc12,SIDER66,0.0999612847343087,0.161040149629116,0.4340604186058044,0.1240548066794872,0.1861384622752666,0.1964002296328544,0.780559104681015,0.7321597576141358,0.8375643491744995,0.1943696714937687,0.7259028732776642,0.8012690246105194,0.2447971127927303,0.3915183931589127,0.6246527671813965,0.1047357305884361,0.3018344730138779,0.2255121126770973
CC(N)Cc1c[nH]c2ccccc12,indopan,0.0662035040557384,0.0819653704762458,0.1111953482031822,0.0802545104175806,0.0769691318273544,0.1005421370267868,0.1676191940903663,0.1287970915436744,0.1322923600673675,0.1237510740756988,0.1657795280218124,0.1716177344322204,0.1067519702017307,0.0986099116504192,0.1606040671467781,0.0675177976489067,0.1280546739697456,0.1107697278261184
CC1CCc2c(N3CCC(O)CC3)c(F)cc3c(=O)c(C(=O)O)cn1c23,nadifloxacin,0.0819059111177921,0.2093966990709304,0.2146181255578994,0.178144048154354,0.2234932750463485,0.2335838228464126,0.5884964227676391,0.3970606446266174,0.5090812623500824,0.3491134464740753,0.5630691230297089,0.565583097934723,0.2637726217508316,0.2573041588068008,0.3953514814376831,0.1845471084117889,0.28836919516325,0.267207233607769
C[C@H]1CCc2c(N3CCC(O)CC3)c(F)cc3c(=O)c(C(=O)O)cn1c23,levonadifloxacin,0.1211055107414722,0.6230706393718719,0.456048184633255,0.4221681594848633,0.5439606010913849,0.5682743847370147,0.8571503281593322,0.7649841070175171,0.8643758535385132,0.8602546095848084,0.9028965950012208,0.9027692914009094,0.6396904289722443,0.6440844595432281,0.8013624787330628,0.5606962203979492,0.6142907589673996,0.6648733139038085
CCCCC[C@H](O)c1ccc(N2C(=O)CC[C@@H]2COCc2ccc(C(=O)OC(C)C)s2)cc1,simenepag isopropyl,0.0492944683879613,0.0714499108493328,0.1086684707552194,0.0622110094875097,0.0965920459479093,0.133253663778305,0.3685550827533007,0.3662126287817955,0.2356471586972475,0.4296120449900627,0.5201428461819887,0.4300318576395511,0.1196088276803493,0.147990869730711,0.2715140089392662,0.1703120194375515,0.2284141913056373,0.1768312577158212
CC(=O)O[C@H]1C(=O)[C@@]2(C)[C@H]([C@H](OC(=O)c3ccccc3)[C@]34OC(=O)O[C@H]3[C@H](OC(=O)[C@H](O)[C@H](CC(C)C)NC(=O)OC(C)(C)C)C(C)=C1C4(C)C)[C@]1(OC(C)=O)CO[C@@H]1C[C@@H]2O,ortataxel,0.0831055715680122,0.1476168774068355,0.2724242240190506,0.1567058369517326,0.2105908215045929,0.2165057241916656,0.4069618552923202,0.4397551536560058,0.3139504611492157,0.4239466428756714,0.5737569212913514,0.6286397278308868,0.2619257450103759,0.2735380917787552,0.3639475286006927,0.2977374672889709,0.2454671293497085,0.2693385004997253
OB1OCc2cc(F)ccc21,SIDER1204,0.0502665996551513,0.0538121365010738,0.0831729844212532,0.0693779692053794,0.0805816084146499,0.0841504253447055,0.1733329102396965,0.1433858141303062,0.1537790447473526,0.1953290686011314,0.236359703540802,0.2359197795391082,0.1087764844298362,0.1018961235880851,0.1527769476175308,0.0772682853043079,0.0948561362922191,0.0859608866274356
Oc1c(Cl)cc(Cl)cc1Sc1cc(Cl)cc(Cl)c1O,bithionol,0.1100862257182598,0.1566173292696476,0.1455613933503627,0.1153784103691577,0.1644034713506698,0.174882860481739,0.4022051408886909,0.4105110436677933,0.3564625069499015,0.3451162427663803,0.49162238240242,0.5637422680854798,0.2067404419183731,0.1789937302470207,0.3132135063409805,0.1931795142590999,0.1766068756580353,0.1492727726697921
FC(F)(F)C(F)(F)C(F)(F)C(F)(F)C(F)(F)C(F)(F)C(F)(F)C(F)(F)Br,perflubron,0.1919586434960365,0.1605576649308204,0.1407843202352524,0.1242239862680435,0.186148290336132,0.2017994463443756,0.5429251387715339,0.3531317770481109,0.3652586877346039,0.4189479470252991,0.4733421802520752,0.4960357576608658,0.3131523549556732,0.266690319776535,0.3654203593730926,0.2715208917856216,0.285587739944458,0.2195000931620598
Cc1cccc(C)c1Nc1ncc(-c2ccccc2)n2cncc12,n-(2;6-dimethylphenyl)-5-phenylimidazo[1;5-a]pyrazin-8-amine,0.0456588521599769,0.0668463986366987,0.0507704466581344,0.0518396694213151,0.0687656506896019,0.0721718877553939,0.1166484162211418,0.1338999792933464,0.0922918170690536,0.1132786780595779,0.143473944813013,0.1501009382307529,0.0876642361283302,0.0789753027260303,0.1209356218576431,0.0544662188738584,0.074794353544712,0.0607084617018699
OCc1ccc(Cl)cc1Cl,dichlorobenzyl alcohol,0.0468310791999101,0.0573277719318866,0.057476419955492,0.0492902353405952,0.0575022131204605,0.0713901802897453,0.1176036819815635,0.1011930093169212,0.0974705271422863,0.1036448404192924,0.1181968390941619,0.1223355367779731,0.08031952008605,0.0751331038773059,0.1140540063381195,0.051339515671134,0.0767452619969844,0.0653694003820419
CC1CC2C3CC(F)C4=CC(=O)C=CC4(C)C3(Cl)C(O)CC2(C)C1C(=O)COC(=O)C(C)(C)C,clocortolone pivalate,0.0321003232151269,0.0194824939593672,0.0254108779132366,0.0141460962593555,0.017410921305418,0.0182098535820841,0.0790981963276863,0.0921592064201831,0.253415048122406,0.0579873986542224,0.1341035187244415,0.5578823089599609,0.0414481695741415,0.039377587288618,0.073095853626728,0.0308606300503015,0.0316148599609732,0.0194693418219685
CCCCCCCCCCCCCCCCCCO,stearyl alcohol,0.0313594631850719,0.024912460334599,0.0363442830741405,0.0263607494533061,0.036724430322647,0.0357293076813221,0.0758450604975223,0.1394922323524952,0.2050623074173927,0.1513483576476574,0.2748854897916317,0.4508014768362045,0.0582342475652694,0.0593246132135391,0.1038743797689676,0.1088830947875976,0.0554347869008779,0.0301098104566335
CCCCCCCC/C=C\CCCCCCCC(=O)NCCc1ccc(O)c(O)c1,n-oleoyldopamine,0.033285391703248,0.0417920038104057,0.0468339473009109,0.0436836332082748,0.0642227746546268,0.0568143121898174,0.0935397759079933,0.1176650419831275,0.094971264898777,0.1221356377005577,0.1456198617815971,0.2546950206160545,0.0624552987515926,0.0554323755204677,0.0828385882079601,0.0552327167242765,0.0478295307606458,0.0452453263103962
O=C(O)c1ccc(C(F)(F)F)cc1-c1ccc2c(c1)OC[C@H](Cc1ccccc1)[C@H]2O,cp-195543,0.033750957250595,0.0344621524214744,0.042404618114233,0.0338471733033657,0.0361069068312644,0.0373588316142559,0.0652341492474079,0.0674429781734943,0.0897324316203594,0.089171315357089,0.087205608934164,0.1979995436966419,0.0575623892247676,0.0490730993449688,0.0732254058122634,0.0439352821558713,0.0492423526942729,0.0403045430779457
NCCS,SIDER1229,0.0562681891024112,0.0588534098118543,0.0871239118278026,0.0558138221502304,0.1224393874406814,0.1460169121623039,0.1569263838231563,0.5101236701011658,0.5974694967269898,0.5921765387058258,0.7141103744506836,0.8579242348670959,0.2034795969724655,0.2082143306732177,0.5125761151313781,0.3744344145059585,0.189890556037426,0.1245410099625587
CCCCN,butylamine,0.0718344554305076,0.0567828737199306,0.070797075331211,0.0788672275841236,0.1016398325562477,0.094025195389986,0.1189677022397518,0.189958681166172,0.2400653570890426,0.2500304698944092,0.2454985007643699,0.35021713078022,0.1289084538817405,0.1051196381449699,0.1712408199906349,0.1116714254021644,0.0810643635690212,0.0801756113767623
CCC[C@@]1(CCc2ccccc2)CC(O)=C([C@H](CC)c2cccc(NS(=O)(=O)c3ccc(C(F)(F)F)cn3)c2)C(=O)O1,tipranavir,0.0706450439989566,0.0467306189239025,0.0739686474204063,0.0672432124614715,0.0906944900751113,0.0774507746100425,0.0851815477013588,0.1543068408966064,0.2353592187166214,0.2296541899442672,0.192784234881401,0.2804269284009933,0.1238819062709808,0.1081086456775665,0.1265929147601127,0.0893992125988006,0.0653245002031326,0.0623330540955066
CC1=C(C)C(=O)C(CCCCCCCCCC[P+](c2ccccc2)(c2ccccc2)c2ccccc2)=CC1=O,visometin cation,0.0576250340789556,0.0573429923504591,0.0689099416136741,0.08187912479043,0.116651327908039,0.0855692088603973,0.2167177528142929,0.128606267273426,0.2288640514016151,0.3242224127054214,0.2619145199656486,0.3352616518735886,0.1241802066564559,0.1112133175134658,0.1610096901655197,0.0794505015015602,0.0894117422401905,0.0964147627353668
Cc1cc(C(=O)O)ccc1COc1cc2c(cc1N(CC(C)C)S(=O)(=O)c1nccs1)CCC2,ono-8539,0.0379022419452667,0.0396960504353046,0.0364759903401136,0.0472034655511379,0.0582280002534389,0.0580546751618385,0.0870382755994796,0.0723439559340477,0.0755718797445297,0.1171317547559738,0.1058413110673427,0.1262262418866157,0.0758474715054035,0.0726106330752372,0.0911004744470119,0.053827641531825,0.0606942795217037,0.0444638699293136
C[C@@H]1C[C@H]2[C@H]3CCC4=CC(=O)C=C[C@]4(C)C3=CC[C@]2(C)[C@H]1C(=O)CN1CCN(c2cc(N3CCCC3)nc(N3CCCC3)n2)CC1,tirilazad mesylate,0.026886323839426,0.0273293901234865,0.0386894106864929,0.0302559580653905,0.0310086250305175,0.02685138117522,0.0486587047576904,0.0436030153185129,0.043672427535057,0.058258556947112,0.0544483710080385,0.075135251134634,0.0450327541679143,0.0430741503834724,0.0426267646253109,0.0256295476108789,0.0342146553099155,0.0325892351567745
CCCC(=O)Nc1c(I)cc(I)c(C=C(CC)C(=O)O)c1I,bunamiodyl sodium,0.0354362457990646,0.0307822704315185,0.0360558357089757,0.0340223487466573,0.0377186480909585,0.0394194792956113,0.0601953871548175,0.058164432644844,0.0569681372493505,0.0808758378028869,0.0667681783437728,0.1072823733091354,0.0526601791381835,0.0450838688760995,0.0609721817076206,0.045936856418848,0.0447162963449955,0.0322741992771625
COc1cc(O)c2c(c1)O[C@H](c1ccc(O)cc1)CC2=O,sakuranetin,0.0329538974910974,0.0298864591866731,0.0431156128644943,0.0394837457686662,0.0439895611256361,0.0428674131631851,0.0658649995923042,0.0728939764201641,0.0594449937343597,0.0793984770774841,0.0791721895337104,0.1075191706418991,0.0562631480395793,0.0489441841840744,0.0707051835954189,0.0384757403284311,0.0464945018291473,0.0385580103844404
N[C@@H](CC(=O)O)C(=O)O,aspartic acid,0.1064790159463882,0.0556358695030212,0.0821600474417209,0.046249371767044,0.0435090854763984,0.0513317190110683,0.1848441377282142,0.0919474318623542,0.1250043749809265,0.1882805913686752,0.1861267112195491,0.1686324462294578,0.0964829429984092,0.0942703485488891,0.1328266322612762,0.146662762761116,0.1235534042119979,0.0760430835187435
N[C@H](CCl)C(=O)O,3-chloroalaninate,0.1070615597069263,0.0742282271385192,0.1035311609506607,0.0824657186865806,0.0938737839460372,0.0944412164390087,0.1368443384766578,0.1691972836852073,0.1438606932759285,0.2340194150805473,0.1891818240284919,0.2062585443258285,0.1351270094513893,0.1139722064137458,0.1670931398868561,0.1513269022107124,0.1195705637335777,0.0954444468021392
CC(=O)OCC(=O)[C@@]1(O)[C@H](C)C[C@H]2[C@@H]3C=C(C)C4=Cc5c(cnn5-c5ccccc5)C[C@]4(C)[C@H]3[C@@H](O)C[C@@]21C,cortivazol,0.0977250084280967,0.0477270700037479,0.0801473833620548,0.0580939702689647,0.0608390383422374,0.0700615014880895,0.1574870690703392,0.1181778371334076,0.1702721759676933,0.2276162840425968,0.2955405116081238,0.3138561546802521,0.1051499672234058,0.0956597410142421,0.1346820309758186,0.1200664106756448,0.0898962378501892,0.0943669751286506
COc1ccc(/C=C/C(=O)/C=C(O)/C=C/c2ccc(OC)c(OC)c2)cc1OC,dimethylcurcumin,0.1206277415156364,0.2538871183991432,0.199935732036829,0.1471168398857116,0.1709305360913276,0.1874474078416824,0.4010881200432777,0.2872511506080627,0.3857833132147789,0.5038668587803841,0.5323233261704445,0.5305402159690857,0.2679938837885857,0.2311253890395164,0.369022373855114,0.3663329139351844,0.2917770773172378,0.311527656018734
CC[C@@]1(O)C[C@H](O[C@H]2C[C@H](N(C)C)[C@H](O[C@H]3C[C@H](O)[C@H](O[C@H]4CCC(=O)[C@H](C)O4)[C@H](C)O3)[C@H](C)O2)c2c(cc3c(c2O)C(=O)c2c(O)cccc2C3=O)[C@H]1C(=O)OC,aclarubicin,0.6758222818374634,0.6430525183677673,0.7871157646179199,0.6427927911281586,0.6696438431739807,0.6197223246097565,0.866665780544281,0.7937726855278016,0.893870735168457,0.9073673486709596,0.9351349592208862,0.9305932641029356,0.8830249786376954,0.8460066318511963,0.843179726600647,0.7297296345233917,0.7526971817016601,0.8363901138305664
CCC(=O)O[C@]1(C(=O)COC(C)=O)CC[C@H]2[C@@H]3C[C@H](C)C4=CC(=O)C=C[C@]4(C)[C@H]3[C@@H](O)C[C@@]21C,methylprednisolone aceponate,0.703690379858017,0.2658586591482162,0.3849632233381271,0.0971746563911438,0.1876746475696563,0.2211293041706085,0.8812250137329102,0.8100521326065063,0.9316173791885376,0.744662857055664,0.9489479184150696,0.962299644947052,0.7526990890502929,0.6383408784866333,0.7988218307495117,0.7448924303054809,0.4413675189018249,0.5076341211795807
CCC(=O)[C@@]1(C)[C@H](C)CC2C3CCC4=CC(=O)C=C[C@]4(C)C3[C@@H](O)C[C@@]21C,SIDER1304,0.2874992325901985,0.3714876264333725,0.193010975420475,0.0712887525558471,0.1482502698898315,0.2673936605453491,0.9314346671104432,0.8638242602348327,0.9253589749336244,0.8263360142707825,0.964172410964966,0.9716438055038452,0.564015531539917,0.635820597410202,0.8088713645935058,0.7643285036087036,0.4794912844896316,0.5586015582084656
C[C@@H]1C[C@H]2[C@@H]3C[C@H](F)C4=CC(=O)C=C[C@]4(C)[C@@]3(F)[C@@H](O)C[C@]2(C)[C@@]1(OC(=O)c1ccco1)C(=O)SCF,SIDER1378,0.2713831022381782,0.0677477210760116,0.1233822718262672,0.0611397415399551,0.1346060119569301,0.1417425483465194,0.6098316669464111,0.4131587743759155,0.6633664608001709,0.6343633234500885,0.8141335368156433,0.8067432463169097,0.4224399447441101,0.4699582815170288,0.5678174704313278,0.4533008366823196,0.391436094045639,0.4153590500354767
CCC(=O)O[C@]1(C(=O)CO)CC[C@H]2[C@@H]3CCC4=CC(=O)CC[C@]4(C)[C@H]3CC[C@@]21C,clascoterone,0.620861166715622,0.0938415504992008,0.166330286860466,0.1356884360313415,0.160842677950859,0.1664224185049533,0.2193786948919296,0.3008041858673095,0.5764774978160858,0.4600152909755707,0.6556562602519989,0.7814282178878784,0.5071208506822587,0.3143528431653976,0.3031792491674423,0.302008917927742,0.1688878357410431,0.2160356223583221
CCC(=O)OCC(=O)C1(OC(=O)CC)C(C)CC2C3CCC4=CC(=O)C=CC4(C)C3(F)C(O)CC21C,betamethasone dipropionate,0.696492600440979,0.1368308007717132,0.1936008155345916,0.0921679459512233,0.136659800261259,0.158637136220932,0.8259112238883972,0.6067126989364624,0.9178064227104188,0.468309386074543,0.8725202798843383,0.9411131858825684,0.5395890206098557,0.4162707924842834,0.4672000259160995,0.3517070800065994,0.1688994124531745,0.2593738228082657
C[C@H]1C[C@H]2[C@@H]3CCC4=CC(=O)C=C[C@]4(C)[C@H]3C(=O)C[C@]2(C)[C@@]1(O)C(=O)CO,meprednisone,0.5911444276571274,0.2396147757768631,0.4072178483009338,0.195397001504898,0.2324765682220459,0.2646310865879059,0.7149175405502319,0.567246389389038,0.816755497455597,0.5464972823858261,0.7482844352722168,0.8513768792152405,0.6742542862892151,0.54919393658638,0.5908725023269653,0.2761458188295364,0.3404160499572753,0.486377426981926
Clc1ccc(CO/N=C(\Cn2ccnc2)c2ccc(Cl)cc2Cl)c(Cl)c1,oxiconazole,0.190608387440443,0.1093228355050087,0.1473070412874221,0.1832166172564029,0.1431866541504859,0.1457140415906906,0.2013611614704132,0.1838891580700874,0.1727838933467865,0.2322106555104255,0.2431414455175399,0.2989604145288467,0.1847892388701439,0.1585973739624023,0.178179158270359,0.1149354495108127,0.1228366911411285,0.1442763701081276
Clc1ccc(CON=C(Cn2ccnc2)c2ccc(Cl)cc2Cl)c(Cl)c1,SIDER919,0.2049189105629921,0.1241099074482917,0.1753697395324707,0.20263342410326,0.159726382791996,0.1660815685987472,0.2324724957346916,0.2081532716751098,0.2028553634881973,0.2649468928575516,0.2766756549477577,0.3288330107927322,0.2110592618584633,0.1796621233224868,0.2044738873839378,0.1297450847923755,0.1395477697253227,0.1674280554056167
C=C1C[C@H]2[C@@H]3CCC4=CC(=O)CC[C@@H]4[C@H]3CC[C@]2(C)[C@@]1(OC(C)=O)C(C)=O,segesterone acetate,0.0567034121602773,0.034187426790595,0.0510009706020355,0.0345148425549268,0.0290674600750207,0.0305009264498949,0.0609141130000352,0.054227877780795,0.0491671688854694,0.0564425252377986,0.0533604357391595,0.0744760658591985,0.0502362258732318,0.0430149342864751,0.0490808349102735,0.0418316818773746,0.0445638749748468,0.0370475213974714
CC(=O)[C@@]1(O)[C@H](O)C[C@H]2[C@@H]3CCC4=CC(=O)CC[C@]4(C)[C@H]3CC[C@@]21C,algestone,0.0332858093082904,0.0233098436146974,0.0307301666587591,0.0242558937519788,0.0264179326593875,0.0230585072189569,0.0422252334654331,0.0456795386970043,0.0435624286532402,0.0482962749898433,0.0392955426126718,0.0664220705628395,0.0359700765460729,0.0288717281073331,0.0382159356027841,0.0281779080629348,0.0306770112365484,0.0210734982043504
N[C@@H](CSSC[C@H](N)C(=O)O)C(=O)O,cystine,0.0861281715333461,0.0519420385360717,0.0759516425430774,0.0610346481204032,0.0533405385911464,0.055811808258295,0.1177624940872192,0.0914268761873245,0.1058251559734344,0.1150963872671127,0.0975234173238277,0.1327603034675121,0.0882856488227844,0.0718794412910938,0.0892937488853931,0.0841958120465278,0.077518692612648,0.058082503080368
O=C(O)c1cc(O)c2c(c1)C(C1c3cc(C(=O)O)cc(O)c3C(=O)c3c(OC4OC(CO)C(O)C(O)C4O)cccc31)c1cccc(OC3OC(CO)C(O)C(O)C3O)c1C2=O,sennosides,0.0553784720599651,0.0852581098675727,0.076786334067583,0.1884215198457241,0.3913633316755295,0.2903473898768425,0.0840579740703106,0.3966178596019745,0.1554778292775154,0.5993987500667572,0.5255514115095139,0.716911518573761,0.2948256015777588,0.2872059062123299,0.4157478123903274,0.2957802504301071,0.2960404977202415,0.1924477107822895
O=S1(=O)OC(c2ccc(O)cc2)(c2ccc(O)cc2)c2ccccc21,phenolsulfonphthalein,0.0453505031764507,0.0795181721448898,0.0741662606596946,0.1088383898139,0.2042920127511024,0.1789917260408401,0.0932775735855102,0.2813685089349746,0.1207568436861038,0.3537577748298645,0.3580268919467926,0.40765261054039,0.1582179725170135,0.1577979281544685,0.2605244219303131,0.1620917186141014,0.1418499052524566,0.1154999211430549
Nc1ccncc1,SIDER416,0.0897813536226749,0.0573608301579952,0.0665333405137062,0.1345313750207424,0.2141704678535461,0.1342440128326416,0.103775230795145,0.18776436150074,0.1084348239004611,0.3606737941503525,0.3164346188306808,0.4177613973617554,0.173067806661129,0.1342091158032417,0.1709175378084182,0.1548555888235569,0.1112683564424514,0.1213724784553051
COc1ccccc1OC(=O)c1ccccc1OC(C)=O,guacetisal,0.0756317228078842,0.1378854930400848,0.1138123124837875,0.2237811706960201,0.3208435967564583,0.2687702149152756,0.1457407653331756,0.351038059592247,0.1866797938942909,0.549440610408783,0.4660963296890258,0.5616769373416901,0.2566574171185493,0.2232235491275787,0.2966598957777023,0.21503486931324,0.1874744266271591,0.1935544312000274
N[C@@H](CCC(=O)N[C@@H](CSc1ccc([N+](=O)[O-])cc1[N+](=O)[O-])C(=O)NCC(=O)O)C(=O)O,s-(2;4-dinitrophenyl)glutathione,0.048454362899065,0.0613089673221111,0.066661936789751,0.0856976613402366,0.2089402943849563,0.137604483962059,0.0688408598303794,0.213860359787941,0.1208901762962341,0.3835189610719681,0.30179024040699,0.3972818374633789,0.1365258634090423,0.1168683037161827,0.192361181974411,0.1378306448459625,0.1005640938878059,0.0808120585978031
O=c1c2ccccc2[se]n1-c1ccccc1,ebselen,0.070487891882658,0.071696013957262,0.0779243841767311,0.1162536598742008,0.1782179042696952,0.1273982390761375,0.0996631227433681,0.1971471086144447,0.1323537185788154,0.3181623071432113,0.250181058049202,0.3518776446580887,0.1551944762468338,0.1300253421068191,0.1988997668027878,0.1564134776592254,0.1137384384870529,0.1021772250533104
CN1CCC(=C2c3ccccc3CCc3sccc32)CC1,SIDER452,0.0611596405506134,0.054271987080574,0.0872321680188179,0.1005260452628135,0.1113914810121059,0.0905756205320358,0.0908480405807495,0.1144919276237487,0.068135666847229,0.2314753025770187,0.2842734470963478,0.2587478011846542,0.1165650084614753,0.1110377073287963,0.1387186199426651,0.0975254990160465,0.1023301810026168,0.1158482193946838
N#C[N-2],calcium carbimide,0.0902197048068046,0.1094335347414016,0.1211038768291473,0.1736074447631836,0.2046795487403869,0.1799026489257812,0.1726651906967163,0.2154232263565063,0.1222326815128326,0.3460443034768105,0.4078257083892822,0.3697058290243148,0.1990825742483139,0.1748757138848304,0.2279956877231597,0.1322651468217373,0.157441759109497,0.1905303359031677
CC(C)C[C@H](N)P(=O)(O)O,leucine phosphonic acid,0.0848680540919303,0.0758122377097606,0.0974287897348404,0.0885346159338951,0.1352517083287239,0.1207485780119896,0.1100995577871799,0.1816391080617904,0.1368445470929145,0.3528517991304397,0.3011158645153046,0.3664969474077225,0.1877439767122268,0.174136771261692,0.2265188962221145,0.1430730625987052,0.1372444242238998,0.1346377149224281
COC[C@H]1CN(C(=O)[C@]2(F)CN(C3CCCC3)C[C@H]2c2ccc(OC)cc2)C[C@@H]1c1ccc(C(F)(F)F)cc1N1CCC(C(=O)O)CC1,dersimelagon,0.1835941083729267,0.1028458371758461,0.1837530255317688,0.1503226652741432,0.2815259039402008,0.2389070481061935,0.1825569927692413,0.3489860266447067,0.2659920305013656,0.5554527640342712,0.4751121938228607,0.5479806244373322,0.3227714627981186,0.2953995406627655,0.3368113785982132,0.2112489074468612,0.2485314458608627,0.2227343291044235
CN(C)CCc1c[nH]c2cccc(OP(=O)(O)O)c12,psilocybin,0.0609866455197334,0.09114192686975,0.0729815237224102,0.1090385120362043,0.1673235647380352,0.1624538131058216,0.1176006369292736,0.182193972915411,0.1335656873881817,0.2892079792916774,0.3361808851361275,0.3529953330755234,0.1863756820559501,0.1578181415796279,0.2467738837003708,0.103152085468173,0.1419533297419548,0.1438284397125244
CC(S)C(=O)NCC(=O)O,SIDER1116,0.0471428181976079,0.0525564678013324,0.0656389333307743,0.0694899149239063,0.0990308687090873,0.0940700814127922,0.0771369449794292,0.1270074389874935,0.0825920134782791,0.2073698543012142,0.2118920013308525,0.253103756159544,0.115246307849884,0.1022010020911693,0.1592958904802799,0.0952057890594005,0.1117395430803298,0.1023568771779537
O=C(O)c1ncccc1CP(=O)(O)O,3-(phosphonomethyl)pyridine-2-carboxylic acid,0.0402076601982116,0.0462707199156284,0.0446524001657962,0.0563826262950897,0.0892547458410263,0.0966456115245819,0.0675647668540477,0.1133406586945056,0.0735188513994216,0.2017010778188705,0.2125158846378326,0.2452381536364555,0.1235570818185806,0.1005224779248237,0.1537992447614669,0.0751532144844532,0.0956419721245765,0.0822781182825565
Cc1c(C)c2c(c(C)c1OC(=O)c1cccnc1)CC[C@@](C)(CCC[C@H](C)CCC[C@H](C)CCCC(C)C)O2,tocopheryl nicotinate,0.0690216951072216,0.0817883897572755,0.1055653668940067,0.1951314598321914,0.2944678381085396,0.240425856411457,0.2219220332801342,0.3193250000476837,0.2517277345061302,0.6131144791841507,0.6394101172685623,0.7035421103239059,0.2399573534727096,0.2684182956814765,0.3406204000115395,0.2695306062698364,0.2331682749092579,0.2659014567732811
[O-][n+]1ccccc1S,pyrithione,0.047373466566205,0.0694683577865362,0.0635310787707567,0.0801095589995384,0.1287412300705909,0.1206111326813697,0.0908937714993953,0.1762279510498046,0.102570217475295,0.2977114863693714,0.2616992071270942,0.2911389969289303,0.122195416688919,0.1119809702038765,0.1680599734187126,0.1025202598422765,0.1115397803485393,0.1041442222893238
c1ccc2[nH]ccc2c1,indole,0.040557674318552,0.0485829055309295,0.0491050571203231,0.0652894996106624,0.1033286102116108,0.0944542564451694,0.0775394283235073,0.1273964025080204,0.0750793270766735,0.2188783034682274,0.2142218396067619,0.2297044321894645,0.1093285530805587,0.0927578583359718,0.1426648154854774,0.0789271272718906,0.096561598777771,0.091272035986185
C#C[C@]1(O)C=C[C@H]2[C@@H]3CCC4=CC(=O)CC[C@@H]4[C@H]3CC[C@@]21CC,gestodene,0.0420697975903749,0.031157186999917,0.0702088855206966,0.0365949440747499,0.0370538514107465,0.0340927727520465,0.04832608345896,0.0996581964194774,0.0598066285252571,0.1750025153160095,0.138148058950901,0.2709398806095123,0.059978874772787,0.0513490036129951,0.0848737239837646,0.1045353405177593,0.0564153514802455,0.0490982450544834
C#C[C@]1(O)CC[C@H]2[C@@H]3CCC4=CC(=O)CCC4=C3C=C[C@@]21CC,gestrinone,0.2967346280813217,0.1302215129137039,0.351741549372673,0.2566745340824127,0.245300868153572,0.201047433912754,0.2010391235351562,0.3779372841119766,0.2859870433807373,0.6460887849330902,0.5692731380462647,0.6612474620342255,0.3392658412456512,0.2672771275043487,0.3133192688226699,0.3719959497451782,0.2343977391719818,0.2685719043016433
CC(=O)N1CCC(NC(=O)NC23CC4CC(CC(C4)C2)C3)CC1,ar-9281,0.6140727043151856,0.395460718870163,0.436900770664215,0.5207844853401185,0.5992984354496003,0.4524107873439789,0.3521425634622573,0.5926155984401703,0.4371337950229644,0.8089945077896118,0.7997771859169006,0.818563711643219,0.648548012971878,0.570800107717514,0.588929969072342,0.50614293217659,0.4855123579502106,0.5267830789089203
CC(C)C[C@@H]1NC(=O)[C@H](CCCN)NC(=O)[C@H](C(C)C)NC(=O)[C@H](Cc2ccc(O)cc2)N[C@@H](CCC(=O)O)C(=O)N[C@@H](CC(N)=O)C(=O)[C@@H](Cc2ccccc2)NC(=O)[C@H](Cc2ccccc2)NC(=O)[C@@H]2CCCN2C(=O)[C@@H](Cc2ccccc2)NC1=O,tyrothricin,0.1815581746399402,0.0777569685131311,0.1202002681791782,0.1531574301421642,0.1605373606085777,0.1249463595449924,0.1233586151152849,0.1340472593903541,0.0995405793190002,0.2319093286991119,0.2576611369848251,0.285130263864994,0.1549618497490882,0.1281983092427253,0.1615365326404571,0.150821116566658,0.129521594941616,0.1132699750363826
CC1=C(C(=O)c2ccccc2)[C@@H](c2cccc(O)c2)NC(=S)N1C,[(4r)-4-(3-hydroxyphenyl)-1;6-dimethyl-2-thioxo-1;2;3;4-tetrahydropyrimidin-5-yl](phenyl)methanone,0.0317452061921358,0.0334488481283187,0.037456202879548,0.0368455924093723,0.0523892901837825,0.0515976399183273,0.0379645429551601,0.0629116535186767,0.0327064875513315,0.0629161220043897,0.0485991768538951,0.0634908437728881,0.054313114285469,0.0456780940294265,0.0568157687783241,0.0319779302924871,0.0449173592031002,0.0337843209505081
CN1C(C(=O)Nc2ccccn2)=C(OC(=O)/C=C/c2ccccc2)c2ccccc2S1(=O)=O,piroxicam cinnamate,0.0335691127926111,0.033003294467926,0.0375459812581539,0.0358034577220678,0.0521754875779151,0.0463587649166584,0.0370073810219764,0.0635761499404907,0.0368391655385494,0.0667142655700445,0.0520509731024503,0.0674306511878967,0.0525980278849601,0.0422306161373853,0.0574357710778713,0.0328671507537364,0.0444613672792911,0.0333402749150991
C=CC[C@@]12CCCN1C(=O)CNC2=O,nnz-2591,0.0468408867716789,0.0479446657001972,0.0549425229430198,0.0524728838354349,0.0699147373437881,0.0699175536632537,0.0601800866425037,0.0780178308486938,0.0522880416363477,0.1009466122835874,0.0777384262531995,0.0877529475837946,0.0806480377912521,0.0690921269357204,0.0858410529792308,0.0473708290606737,0.0618503745645284,0.0594717394560575
C[C@@H](NC(=O)[C@@H](N)Cc1ccc(O)cc1)C(=O)N[C@@H](Cc1ccc(F)cc1)C(=O)N[C@@H](Cc1ccccc1)C(N)=O,frakefamide,0.0865373589098453,0.0805779822170734,0.1064001493155956,0.0923775278031826,0.1171321898698806,0.1130055032670497,0.0983625523746013,0.1259449526667594,0.1027499500662088,0.175173258036375,0.1408830635249614,0.1680948488414287,0.1414639219641685,0.124434271454811,0.1537803098559379,0.0890865687280893,0.1193295732140541,0.0971901200711727
N[C@@H](Cn1ccc(=O)[nH]c1=O)C(=O)O,willardiine,0.0615812234580516,0.0601356200873851,0.0658371232450008,0.082939850538969,0.1235485211014747,0.1079984553158283,0.0697655864059925,0.1150017142295837,0.0662334166467189,0.1473750166594982,0.1209768913686275,0.1496672384440898,0.1281048156321048,0.0954636476933956,0.1239829957485199,0.0697558663785457,0.0912701562047004,0.0817169450223445
CC(C)(Sc1cc(C(C)(C)C)c(O)c(C(C)(C)C)c1)Sc1cc(C(C)(C)C)c(O)c(C(C)(C)C)c1,probucol,0.0384982980787754,0.0500119861215353,0.049477482587099,0.0703183267265558,0.1217230085283517,0.0959572434425354,0.0670338124036789,0.1212456688284873,0.082290419191122,0.1600272268056869,0.1306909680366516,0.1959303513169288,0.1271820418536663,0.1045356266200542,0.1254209741950035,0.0651073910295963,0.0862963169813156,0.0712752714753151
C[C@@]12C[C@@]3(O)O[C@@H](O1)[C@]1(COC(=O)c4ccccc4)[C@H]3C[C@@]12O[C@@H]1O[C@H](CO)[C@@H](O)[C@H](O)[C@H]1O,peoniflorin,0.1006301872432231,0.1113797217607498,0.0873209834098815,0.1022784866392612,0.1839454434812069,0.1711146250367164,0.1117447197437286,0.203079043328762,0.1336536824703216,0.2315073207020759,0.1960333943367004,0.2671559542417526,0.2017776295542717,0.1652769781649112,0.219415283203125,0.1022405192255973,0.1398512735962867,0.1178245060145855
COC(=O)[C@]1(C)CC[C@]2(C)CC[C@]3(C)C4=CC=C5C(=CC(=O)C(O)=C5C)[C@]4(C)CC[C@@]3(C)[C@@H]2C1,pristimerin,0.0262345349416136,0.0262370310723781,0.0395856700837612,0.0372931286692619,0.0457306869328022,0.0383085284382104,0.039678930491209,0.0522015370428562,0.0498503815382719,0.0696533273905515,0.0617265589535236,0.1032877575606107,0.050535862147808,0.0498615626245737,0.06365204192698,0.0328782875090837,0.0456847880035638,0.0308858204632997
CCCCCNC(=O)[C@H](Cc1ccc(OCC(=O)O)c(C(=O)O)c1)NC(=O)[C@H](Cc1ccccc1)NC(=O)CCC(=O)O,n-(3-carboxypropanoyl)-l-phenylalanyl-3-carboxy-o-(carboxymethyl)-n-pentyl-l-tyrosinamide,0.0316941030323505,0.0356449291110038,0.0387175451964139,0.0402975171804428,0.0628022894263267,0.0600143998861312,0.0578578829765319,0.0878109760582447,0.0626940332353115,0.1324768427759409,0.109277119487524,0.1718714326620102,0.0759648568928241,0.0664835520088672,0.1025460474193096,0.0652121238410472,0.0710375517606735,0.045581542700529
[11CH3]Nc1ccc(-c2nc3ccc(O)cc3s2)cc1,pittsburgh compound b,0.0275214910507202,0.0406067501753568,0.0464726723730564,0.0475463680922985,0.0680553145706653,0.0669042319059372,0.0763627577573061,0.1166420593857765,0.0761138036847114,0.1819845199584961,0.1507774099707603,0.2107532665133476,0.0700783096253871,0.0689817890524864,0.1218491822481155,0.072126717120409,0.0678195424377918,0.0477799072861671
CC(C)Cc1ccc(CC(=O)O)cc1,ibufenac,0.0468332670629024,0.0460045509040355,0.0513052821159362,0.0638496629893779,0.084310346096754,0.0772679962217807,0.070904429256916,0.1346093580126762,0.1012477375566959,0.182788847386837,0.1507849231362343,0.2238626927137375,0.0950396448373794,0.0833487257361412,0.1271078258752823,0.069591673463583,0.0708418898284435,0.0536120012402534
O=S(=O)(O)c1ccc2cc(S(=O)(=O)O)ccc2c1,naphthalene-2;6-disulfonic acid,0.0286263722926378,0.03861002959311,0.0454866662621498,0.0499798372387886,0.0741708144545555,0.0591848373413085,0.0737044781446456,0.1170695289969444,0.0808221407234668,0.1786788195371627,0.1305154949426651,0.2350192263722419,0.0764543302357196,0.0683111347258091,0.1105046138167381,0.0577597856521606,0.0612295433878898,0.0507312383502721
N[C@@H](C(=O)O)C1Cc2ccccc2C1,alpha-amino-2-indanacetic acid,0.0429586689919233,0.0419729750603437,0.0664065066725015,0.0623301323503255,0.0785293731838464,0.0718290757387876,0.0833177462220191,0.1060990039259195,0.0710011824965477,0.1275303035974502,0.158052073419094,0.1912630531936884,0.0751499846577644,0.0628297213464975,0.0990273579955101,0.056674624979496,0.0690958850085735,0.0548371706157922
CNC(=O)[C@H](Cc1ccc(OC)cc1)NC(=O)[C@@H](CC(=O)NO)CC(C)C,n-[3-(n'-hydroxycarboxamido)-2-(2-methylpropyl)-propanoyl]-o-tyrosine-n-methylamide,0.1170157745480537,0.0856098636984825,0.1141264617443084,0.1029892548918724,0.1395013555884361,0.1333902224898338,0.1647443860769271,0.2397054851055145,0.1597155526280403,0.2884296685457229,0.3243334412574768,0.3280923336744308,0.1692509427666664,0.1567783787846565,0.2061995059251785,0.1430997729301452,0.1403466865420341,0.1425745755434036
Cc1cccc(N(C)C(=S)Oc2ccc3ccccc3c2)c1,tolnaftate,0.0383876390755176,0.0510990254580974,0.0560508795082569,0.0508467651903629,0.064442866295576,0.0661733113229274,0.1058489300310611,0.2015100449323654,0.0973784081637859,0.2690195091068744,0.2890647396445274,0.3425055831670761,0.0756582483649253,0.0722487494349479,0.134070536494255,0.0756792429834604,0.0639107726514339,0.0625378910452127
C[C@]12C[C@H](c3ccc(S(C)(=O)=O)cc3)C3=C4CCC(=O)C=C4CC[C@H]3[C@@H]1CC[C@@]2(O)C(F)(F)C(F)(F)F,vilaprisan,0.066690456867218,0.0643161863088607,0.1096445232629776,0.0843039512634277,0.0960597291588783,0.0949686840176582,0.0928423926234245,0.1326408639550209,0.093605849891901,0.1584175020456314,0.17177364975214,0.2024671703577041,0.1254813477396965,0.1057588025927543,0.1396979093551635,0.0802319854497909,0.1058261811733245,0.1078511893749237
CCCCCCCCN[C@@H](C)[C@H](O)c1ccc(SC(C)C)cc1,suloctidil,0.025660877674818,0.0293199624866247,0.0360219027847051,0.0288214653730392,0.0347936894744634,0.0344943352043628,0.0399065226316452,0.0501772530376911,0.0372991245239973,0.0705928616225719,0.0700744912028312,0.0951605342328548,0.0428326800465583,0.0432486943900585,0.0605631314218044,0.0307776562869548,0.0475704453885555,0.0297467790544033
OC[C@@H](O)CN1CCN(c2ccccc2)CC1,levodropropizine,0.0290492907166481,0.0286865428090095,0.0344924110919237,0.028648468106985,0.0400183990597724,0.0443227723240852,0.0442404747009277,0.0630078680813312,0.0414562162011861,0.0746505536139011,0.0762354157865047,0.0936731986701488,0.0492822706699371,0.039654342085123,0.067741759866476,0.0349006753414869,0.0488301344215869,0.0360873740166425
C=C1/C(=C\C=C2/CCC[C@]3(C)C([C@H](C)OCC(=O)NCC(F)(F)C(F)(F)F)=CC[C@@H]23)C[C@@H](O)C[C@@H]1O,pefcalcitol,0.0325824052095413,0.038544911891222,0.0464774306863546,0.0349277485162019,0.0555350307375192,0.0770811982452869,0.0549839682877063,0.2149412266910076,0.0808972019702196,0.1640817994251847,0.1120727211236953,0.2213587958365678,0.0827206559479236,0.0751430537551641,0.104468260705471,0.0666600745171308,0.0585097141563892,0.0513349678367376
COc1cc(C)c2ccc(O)c(C(=O)O[C@H]3[C@H](O)C=C[C@@H]3O)c2c1,2-hydroxy-7-methoxy-5-methyl-naphthalene-1-carboxylic acid meso-2;5-dihydroxy-cyclopent-3-enyl ester,0.0233828045427799,0.0373626668006181,0.0318988054990768,0.0365348052233457,0.0764719478785991,0.056885278224945,0.0376501679420471,0.1283608503639698,0.0576270636171102,0.1157817304134369,0.0774598561227321,0.1362903758883476,0.0603208631277084,0.052964948117733,0.084871194884181,0.0399388939142227,0.0518650583922863,0.0337055124342441
CCc1ccc(Cc2ccc3c(c2)[C@]2(OC3)O[C@H](CO)[C@@H](O)[C@H](O)[C@H]2O)cc1,tofogliflozin,0.0670961521565914,0.0709967404603958,0.0875209935009479,0.1377133138477802,0.1802618369460105,0.1276870056986808,0.1130189254879951,0.187249056994915,0.1839447095990181,0.2253784149885177,0.2071427658200264,0.2864826560020447,0.1524597823619842,0.1301706120371818,0.192459350824356,0.1147998571395874,0.1097433760762214,0.1042101770639419
Oc1ccc2c(-c3cc(Br)c(O)cc3O)noc2c1,4-bromo-6-(6-hydroxy-1;2-benzisoxazol-3-yl)benzene-1;3-diol,0.0448714889585971,0.0649178192019462,0.0897222198545932,0.1173897832632064,0.1597581513226032,0.1260793536901474,0.1172461465001106,0.2244110509753227,0.2501436375081539,0.3232225030660629,0.2882291749119758,0.3377488046884537,0.1790997512638568,0.1796408005058765,0.2437790408730507,0.1231754451990127,0.1567636407911777,0.1256199061870574
O=C(Nc1ccc(C(=O)O)c(O)c1)c1ccccc1,calcium 4-benzamidosalicylate,0.0384217221289873,0.0564295008778572,0.0469546698033809,0.0517183065414428,0.0858972385525703,0.091217990219593,0.0748208411037922,0.1462002709507942,0.0828579060733318,0.1829387873411178,0.1500895261764526,0.191562020778656,0.0840474069118499,0.0850272767245769,0.1502535805106163,0.0728470459580421,0.088639885187149,0.0639054976403713
O=C(O)/C=C/c1ccc(O)cc1,p-coumaric acid,0.062414538860321,0.0874392099678516,0.0916741527616977,0.1032234698534011,0.19789959192276,0.2117579042911529,0.1146521054208278,0.295942959189415,0.2017639264464378,0.3707234263420105,0.3112581372261047,0.4324407756328582,0.1789310365915298,0.1694736123085022,0.2587733417749405,0.1569084286689758,0.1618350833654403,0.113884450495243
CO[C@H]1CC[C@H](N2C(=O)CNc3ncc(-c4ccc(C(C)(C)O)nc4)nc32)CC1,onatasertib,0.0695584416389465,0.0683102123439312,0.0969779208302497,0.1152106203138828,0.1421275734901428,0.1273546978831291,0.1057616204023361,0.156392715871334,0.1283130794763565,0.2258652985095977,0.1818514168262481,0.2235502213239669,0.1477562308311462,0.1314672589302063,0.1606597080826759,0.1050444349646568,0.1025133773684501,0.1152386121451854
Oc1cc(Cc2ccccc2)nc(S)n1,benzylthiouracil,0.0458115346729755,0.043972659856081,0.0512383021414279,0.0584605190902948,0.0852493450045585,0.0726188421249389,0.0590956427156925,0.1000838235020637,0.0694076858460903,0.1276562683284282,0.1097237825393676,0.1263529032468796,0.0884476751089096,0.0704603485763073,0.1097953334450721,0.0557816676795482,0.0685341849923133,0.0567506998777389
Oc1ccc(Nc2nc(OCC3CCCCC3)c3nc[nH]c3n2)cc1,6-cyclohexylmethyloxy-2-(4'-hydroxyanilino)purine,0.0304599568247795,0.0356257244944572,0.0371239453554153,0.0405112415552139,0.0489140406250953,0.0498312100768089,0.042853632941842,0.0773143798112869,0.0537873521447181,0.1067174583673477,0.090325928106904,0.1063959665596485,0.061264082789421,0.0566144220530986,0.0742352962493896,0.0384969159960746,0.0508261658251285,0.0367113169282674
CC(C)C[C@H](NC(=O)OCc1ccccc1)C(=O)N[C@H](C=O)CC1CCNC1=O,gc-373,0.0779547847807407,0.1262170195579529,0.1076742991805076,0.1391142323613166,0.2322033107280731,0.2254058837890625,0.1855351328849792,0.3010455429553985,0.2053488701581955,0.3156532317399979,0.2978470802307129,0.3377081304788589,0.2079011470079422,0.1933502376079559,0.2817113637924194,0.1603708818554878,0.1988759785890579,0.1637276351451873
O=C(/C=C/c1ccc(O)cc1)c1ccc(O)cc1O,isoliquiritigenin,0.0766851410269737,0.1263527818024158,0.1131117507815361,0.1274329669773578,0.1910073809325695,0.1893165454268455,0.1496367648243904,0.2316242203116417,0.1766525492072105,0.2309449821710586,0.2315688222646713,0.2745515927672386,0.1759133592247962,0.1705627843737602,0.2413733854889869,0.1423385836184025,0.1692121729254722,0.1297403454780578
O=C1OC(c2ccc(O)cc2)(c2ccc(O)cc2)c2ccccc21,phenolphthalein,0.0533766962587833,0.0859046839177608,0.0809107571840286,0.1059088788926601,0.1616583526134491,0.1458161294460296,0.129774035513401,0.2368551194667816,0.1325919285416603,0.2580877810716629,0.256794148683548,0.3478767216205597,0.141346175968647,0.1266417101025581,0.1984694510698318,0.1240730985999107,0.1161406710743904,0.1073032721877098
Oc1ccccc1,phenol,0.0567752927541732,0.0760577693581581,0.067637101560831,0.0898686215281486,0.1233185678720474,0.1251319006085395,0.12183887809515,0.1824136227369308,0.1126581124961376,0.1813409268856048,0.2052152216434478,0.265676599740982,0.1316146895289421,0.1117482811212539,0.1535588383674621,0.0798863820731639,0.096576988697052,0.1005859024822712
Cc1ccc2nc[nH]c2c1,5-methylbenzimidazole,0.0548788160085678,0.050392797589302,0.0540842428803443,0.0598466679453849,0.0862240344285965,0.0828198976814746,0.0926237747073173,0.1186209499835968,0.0951034411787986,0.1510022141039371,0.1393495172262192,0.1791380852460861,0.1050554126501083,0.0851917631924152,0.126576791703701,0.0647749036550521,0.077859178930521,0.0733979359269142
Nc1ccc2c(c1)CN1C(=O)c3ccccc3C1=N2,daniquidone,0.0442285768687725,0.0420075863599777,0.0509255606681108,0.0455969549715518,0.0670026205480098,0.0598058007657527,0.0650924280285835,0.0897726617753505,0.0702332057058811,0.1004819869995117,0.0945056401193142,0.1212618820369243,0.0720332704484462,0.0620343051850795,0.0924283422529697,0.050427521020174,0.0605509258806705,0.0507004603743553
CN1CCN(c2cc3c(cc2F)c(=O)c(C(=O)O)cn3-c2ccc(F)cc2)CC1,difloxacin,0.0621513225138187,0.0876845449209213,0.073337373137474,0.0838485218584537,0.1258112296462059,0.1308549985289573,0.1359615191817283,0.1888948082923889,0.1502435162663459,0.2313713237643241,0.2396070182323456,0.2794683694839477,0.1531952857971191,0.1332529485225677,0.2089573442935943,0.1101475447416305,0.1225184857845306,0.1095218881964683
Nc1sc2c(c1C(=O)c1ccc(Cl)cc1)CCCC2,t-62,0.0514525894075632,0.0648569084703922,0.0656319871544837,0.0703544475138187,0.0941567748785019,0.0947737537324428,0.1016179487109184,0.1341497227549553,0.0984447531402111,0.1469835467636585,0.1501851230859756,0.1649176493287086,0.1131848655641079,0.0915982738137245,0.1360488519072532,0.0695446949452161,0.0875769726932048,0.0756899058818817
CC(C)=CCC[C@@H](C)[C@H]1CC[C@@]2(C)C3=C(CC[C@]12C)[C@@]1(C)CC[C@H](O)C(C)(C)[C@@H]1CC3,lanosterol,0.0558067761361599,0.0470139604061842,0.0648485951125621,0.0653898399323225,0.072324426844716,0.0684516936540603,0.0634287066757679,0.0736506305634975,0.06408032476902,0.077442231029272,0.0727830931544303,0.0858264900743961,0.0920225009322166,0.069413648545742,0.0788252584636211,0.04821432903409,0.0633184447884559,0.0595701038837432
O=C1CC[C@H](C(=O)N2CCCCC2)N1,fasoracetam,0.0532871328294277,0.0425989165902137,0.0555713027715683,0.0522804982960224,0.0581090301275253,0.057845389097929,0.0610805071890354,0.0708493053913116,0.0597479715943336,0.0823974661529064,0.0743379011750221,0.0877606734633445,0.0829481571912765,0.0644905991852283,0.0802148029208183,0.0425352051854133,0.0570335932075977,0.0528104208409786
CC(C)=CCC/C(C)=C\CS[P@](=O)(O)OP(=O)(O)O,s-[(2e)-3;7-dimethylocta-2;6-dienyl] trihydrogenthiodiphosphate,0.0326757229864597,0.0349934063851833,0.0380212478339672,0.0349470902234315,0.042627127841115,0.0409750666469335,0.0408027466386556,0.0553505487740039,0.0399822778999805,0.0463399991393089,0.0409391924738884,0.0502048976719379,0.0493718862533569,0.0417417988181114,0.0494134157896041,0.0256858371198177,0.0376507252454757,0.032240716740489
CCCCNC(=O)c1cccc(NC(=O)CCCCCNc2ncnc3[nH]cnc23)c1,n-butyl-3-{[6-(9h-purin-6-ylamino)hexanoyl]amino}benzamide,0.0385050930082798,0.0417487934231758,0.0450108423829078,0.0437030330300331,0.0579619050025939,0.0578458532691001,0.0511429578065872,0.0640989013016224,0.0546827808022499,0.069911665469408,0.0524643514305353,0.0673759296536445,0.0681505002081394,0.0561132423579692,0.0715407706797122,0.0362573083490133,0.0560691982507705,0.040603781491518
CS(=O)(=O)c1cc(C(F)(F)F)ccc1C(=O)c1cnoc1C1CC1,isoxaflutole,0.0361075937747955,0.032577659189701,0.0391510035842657,0.0350999366492033,0.0364237878471612,0.0371662020683288,0.0475344449281692,0.0518333658576011,0.0431607104837894,0.0531576808542013,0.039829147234559,0.0557516016066074,0.0516747936606407,0.0401791837066412,0.0483273275196552,0.031198557280004,0.0391115248203277,0.0323269307613372
NCCCNc1ccccc1[N+](=O)[O-],n-(3-aminopropyl)-2-nitrobenzenamine,0.0360032897442579,0.0331061635166406,0.0353479482233524,0.0311729937791824,0.0358020197600126,0.0360511567443609,0.042799449712038,0.0523165218532085,0.0410833172500133,0.0474496103823185,0.0410268574953079,0.0490227147936821,0.0522271737456321,0.0420756563544273,0.0538044739514589,0.0282646559178829,0.0436815109103918,0.0334144730120897
CC(CCCCCCCCCCCCc1ccc([123I])cc1)CC(=O)O,iodofiltic acid i-123,0.0295423053205013,0.0320827942341566,0.036721521615982,0.033854978531599,0.0382801972329616,0.0378118377178907,0.0425533484667539,0.0453036956489086,0.0362906783819198,0.0374874088913202,0.0421267725527286,0.052762658894062,0.0455759637057781,0.0392992600798606,0.0427111610770225,0.0273326516151428,0.0392447084188461,0.0318529963493347
CCC(NC(=O)c1c(O)c(-c2ccccc2)nc2ccccc12)c1ccccc1,talnetant,0.0259615637362003,0.02977115213871,0.0335754007101058,0.0317136406898498,0.0375685565173625,0.0399707227945327,0.0414125610142946,0.0506056360900402,0.0356210630387067,0.0457562945783138,0.0459890909492969,0.0629114668816328,0.0499394744634628,0.0404917564243078,0.047742922604084,0.0243351135402917,0.0363776743412017,0.0308772884309291
CC(C)[C@H]1C(O)=C(C2=NS(=O)(=O)c3ccccc32)C(=O)N1Cc1ccccc1,(5s)-1-benzyl-3-(1;1-dioxido-1;2-benzisothiazol-3-yl)-4-hydroxy-5-(1-methylethyl)-1;5-dihydro-2h-pyrrol-2-one,0.0271936129778623,0.0311371006071567,0.0334572631865739,0.0373936828225851,0.0508234798908233,0.0416528895497322,0.0392172899097204,0.0546686671674251,0.0370789371430873,0.0502564266324043,0.040935892611742,0.0650609206408262,0.0481064282357692,0.0429586723446846,0.0444246772676706,0.0246362715959548,0.0356416821479797,0.0267794430255889
CCCSc1nc(N[C@@H]2C[C@H]2c2ccc(F)c(F)c2)c2nnn([C@@H]3C[C@H](OCCO)[C@@H](O)[C@H]3O)c2n1,SIDER13,0.0333394866436719,0.0468027226626873,0.0469282418489456,0.0439342878758907,0.0584888197481632,0.0518427178263664,0.0520428657531738,0.0783244214951992,0.0520704455673694,0.0658597081899643,0.0604187648743391,0.0844715990126133,0.0721388012170791,0.060736283659935,0.0605437904596328,0.0328365821391344,0.0495899759232997,0.0410973243415355
CCCCCCCCCCCCCCCCCC(=O)OC[C@H](CCOC(=O)[C@@H](N)C(C)C)Cn1cnc2c(=O)[nH]c(N)nc21,valomaciclovir stearate,0.0858299449086189,0.1045309975743293,0.0775573834776878,0.0912358153611421,0.1280024856328964,0.1282156698405742,0.1080928817391395,0.136248804628849,0.1410140559077262,0.1078635014593601,0.1118280202150344,0.1641175709664821,0.1519849233329296,0.1178428187966346,0.1228673934936523,0.0519773967564105,0.0825953036546707,0.0775320023298263
O=C(O)Cc1ccc(-c2ccccc2)cc1,felbinac,0.0356701947748661,0.034525628387928,0.0436519481241703,0.0368585079908371,0.0441174291074275,0.0404780402779579,0.054224807024002,0.0741188205778598,0.0701378919184207,0.0538660772144794,0.0467136420309543,0.0883047550916671,0.0585347041487693,0.0477606758475303,0.0594025582075119,0.0229215700179338,0.0385983135551214,0.0296839255839586
CC(=N)N1CCC(Oc2ccc3c4ccccc4n(Cc4ccc5ccc(C(=N)N)cc5c4)c3c2)CC1,zk-806450,0.045055779069662,0.0510359842330217,0.0492703899741172,0.0420868538320064,0.0594605378806591,0.0719877369701862,0.0813712462782859,0.0885929599404335,0.084021857380867,0.1442088425159454,0.1185266979038715,0.1393940985202789,0.1073135882616043,0.1009033992886543,0.1528103202581405,0.0709270633757114,0.0991193622350692,0.0666505686938762
O=C1c2ccccc2S(=O)(=O)N1CCCCNC[C@H]1CCc2ccccc2O1,repinotan,0.0324589606374502,0.0329287219792604,0.0356076128780841,0.0318447049707174,0.0371858045458793,0.0362586785107851,0.0436151627451181,0.0482448730617761,0.0402015019208192,0.0609837960451841,0.0475845236331224,0.0612246107310056,0.048572439700365,0.0448217637836933,0.0563168484717607,0.0335078947246074,0.0476252034306526,0.0332579515874385
O=C(O)[C@H](Cc1c[nH]c2ccccc12)NS(=O)(=O)c1ccc(N2CCC(c3ccccc3)CC2)cc1,3-(1h-indol-3-yl)-2-[4-(4-phenyl-piperidin-1-yl)-benzenesulfonylamino]-propionic acid,0.0435637094080448,0.0484911650419235,0.0536440081894397,0.05459650978446,0.0654907844960689,0.070627299696207,0.0778157353401184,0.0851345740258693,0.0784372337162494,0.1085031546652317,0.1027438931167125,0.1069421887397766,0.0919300630688667,0.0790424041450023,0.1093426086008548,0.0516668155789375,0.0800807513296604,0.0662102356553077
Cn1c(=O)ccc2ccccc21,1-methyl-2-quinolone,0.0411890342831611,0.0355000086128711,0.0398499839007854,0.0388044841587543,0.0462590366601943,0.0476998195052146,0.0561218462884426,0.0665932357311248,0.0563000455498695,0.0750677540898323,0.0691161230206489,0.0810138016939163,0.0635854952037334,0.0528818018734455,0.0745393358170986,0.0364793315529823,0.0540336824953556,0.0432056576013565
N#CC1=C(c2cc(Cl)cc(Cl)c2)C(=O)N2CCC[C@]12Cc1ccc(C#N)cc1,7a-[(4-cyanophenyl)methyl]-6-(3;5-dichlorophenyl)-5-oxo-2;3;5;7a-tetrahydro-1h-pyrrolo[1;2-a]pyrrole-7-carbonitrile,0.0384025402367115,0.0396750710904598,0.0401862371712923,0.0356880441308021,0.0500852771103382,0.0514388144016265,0.0564777132123708,0.0684656448662281,0.0550621513277292,0.0757360830903053,0.0688751280307769,0.0713798381388187,0.0637961808592081,0.0557499594986438,0.0769621394574642,0.0394478313624858,0.0565404675900936,0.0437840718775987
Cc1cc(=O)oc2ccccc12,4-methylcoumarin,0.0582331247627735,0.0566763222217559,0.0443131484091281,0.046582731232047,0.0714934580028057,0.0717491023242473,0.0644944317638874,0.0950152024626731,0.0703110218048095,0.1023403197526931,0.1006935112178325,0.1173377685248851,0.0890733122825622,0.0795440211892128,0.1081917703151702,0.0566022265702486,0.0834276929497718,0.0557798087596893
Cn1cc(-c2ccc3nnc(C(F)(F)c4ccc5ncccc5c4)n3n2)cn1,jnj-38877605,0.0423545114696025,0.042838117480278,0.048352763056755,0.0442908853292465,0.0543873324990272,0.0637886486947536,0.0704831339418888,0.0786491274833679,0.0578881420195102,0.0957004826515913,0.0932424187660217,0.1089829079806804,0.0754210978746414,0.0653882943093776,0.1005954153835773,0.0516861133277416,0.0701270274817943,0.055787855386734
O=C(O)CC[C@H](NP(=O)(O)OCCC[C@H](NC(=O)CC[C@H](NC(=O)CCCCCNC(=O)c1ccc(F)cc1)C(=O)O)C(=O)O)C(=O)O,ctt-1057,0.0381165087223053,0.0389749728143215,0.0492056414484977,0.0420712765306234,0.0575352657586336,0.0544865600764751,0.05992137119174,0.0812361359596252,0.0617623776197433,0.0903693404048681,0.0938197895884513,0.1025289043784141,0.0662853360176086,0.0589767068624496,0.0948390208184719,0.0561844903975725,0.0688888281583786,0.0440253064036369
CN1c2c([nH]c(N)nc2=O)NCC1CNc1ccc(C(=O)N[C@@H](CCC(=O)O)C(=O)O)cc1,5-methyltetrahydrofolic acid,0.0456233389675617,0.0454211674630641,0.0584699135273695,0.041111496463418,0.0527402222156524,0.0621052853763103,0.0621775686740875,0.0894270069897174,0.048419689387083,0.0779034174978733,0.0815142668783664,0.087529868632555,0.0719882495701313,0.0630190774798393,0.0874743312597274,0.0429885946214199,0.0711051352322101,0.0573034241795539
CC(C)[C@H]1C(=O)N[C@@H](CCCNC(=N)N)C(=O)NCC(=O)N[C@@H](CC(=O)O)C(=O)N[C@H](Cc2ccccc2)C(=O)N1C,cilengitide,0.0286837916821241,0.0269179925322532,0.0297308396548032,0.0251122593879699,0.0367491334676742,0.0390734169632196,0.038021969795227,0.0498225763440132,0.0315254356712102,0.0506359420716762,0.0437980353832244,0.0536006920039653,0.0451873198151588,0.0376065101474523,0.0559083025902509,0.029632444679737,0.0427708119153976,0.0287679895758628
Cn1c(=O)c(-c2c(Cl)cccc2Cl)cc2cnc(Nc3cccc(CO)c3)nc21,pd-166326,0.0466689758002758,0.0458584673702716,0.0526438131928443,0.0561054341495037,0.0700432538986206,0.0691490516066551,0.0671658761799335,0.0815136566758155,0.0620419584214687,0.0937051199376583,0.0887715004384517,0.1042926825582981,0.0863514691591262,0.0708297871053218,0.1032715529203414,0.0522610783576965,0.0698860019445419,0.0560439176857471
CNC(=O)[C@H](Cc1ccccc1)NC(=O)[C@H](CC(C)C)[C@H](CSc1cccs1)C(=O)NO,batimastat,0.0364838168025016,0.0338804554194211,0.0410201922059059,0.0399665713310241,0.0463603977113962,0.0468301333487033,0.0535588309168815,0.0619498915970325,0.0482640914618969,0.0627119850367307,0.0585685797035694,0.0678631454706192,0.0612169466912746,0.0491258278489112,0.0664465427398681,0.0327594265341758,0.0509856041520834,0.0386915486305952
NS(=O)(=O)c1cc2c(s1)S(=O)(=O)N(c1cccc(O)c1)C(CN1CCOCC1)=C2,al-6619; [2h-thieno[3;2-e]-1;2-thiazine-6-sulfonamide;2-(3-hydroxyphenyl)-3-(4-morpholinyl)-; 1;1-dioxide],0.033549614995718,0.0373819712549448,0.0420604012906551,0.0379829443991184,0.0543414644896984,0.0559951208531856,0.0543171681463718,0.0698745846748352,0.054385882616043,0.0666373416781425,0.0664983913302421,0.0761285714805126,0.0620456427335739,0.0570825643837451,0.0834808737039566,0.0357157845050096,0.0576907776296138,0.0420648049563169
O=S(=O)(O)Oc1c[nH]c2ccccc12,indoxyl sulfate,0.0560100205242633,0.0712946459650993,0.0669060759246349,0.0901183806359768,0.1509414881467819,0.1299519702792167,0.098406808078289,0.1750124081969261,0.1056539960205555,0.1798793695867061,0.2494766592979431,0.2904236704111099,0.1520080640912056,0.1329429298639297,0.2028751879930496,0.0847735740244388,0.1164086908102035,0.1105563066899776
OC[C@@H]1N[C@@H](CO)[C@H](O)[C@H]1O,2;5-dideoxy-2;5-imino-d-glucitol,0.0991533942520618,0.0954496189951896,0.0973686747252941,0.1055564552545547,0.1686655186116695,0.1627909034490585,0.1614298582077026,0.2107110530138015,0.1674924924969673,0.190295960009098,0.2676094740629196,0.3146151795983314,0.2293442860245704,0.1729071289300918,0.2302950069308281,0.1028887897729873,0.1480916544795036,0.145415373891592
CCCCc1nc(N)[se]c1CCC,4-butyl-5-propyl-1;3-selenazol-2-amine,0.1247032530605793,0.2883981451392173,0.154178623855114,0.2388337254524231,0.3862608224153518,0.3728924989700317,0.3276686325669288,0.3373780071735382,0.2978675961494446,0.5169605314731598,0.5168660134077072,0.4841669052839279,0.4096455603837967,0.3352154433727264,0.3914317071437835,0.2110031083226204,0.3310026109218597,0.3223700419068336
CC(C)(O)CNc1nc(Nc2ccnc(C(F)(F)F)c2)nc(-c2cccc(C(F)(F)F)n2)n1,enasidenib mesylate,0.0582974947988986,0.0717498108744621,0.0612919799983501,0.0747102722525596,0.1003684252500534,0.0920487269759178,0.0934086181223392,0.1124454014003276,0.0997481249272823,0.1295621752738952,0.1249358341097831,0.1379612803459167,0.1193985097110271,0.0996143028140068,0.1223265901207923,0.0636256240308284,0.0784744299948215,0.0846907317638397
O=C1CCN([C@@H]2O[C@H](CO)[C@@H](O)[C@H]2O)C(=O)N1,dihydrouridine,0.0530539356172084,0.0681437611579895,0.0713278524577617,0.0842513978481292,0.1135781213641166,0.10179143846035,0.1111503526568412,0.1255442284047603,0.0885254554450512,0.1387109279632568,0.1494442090392112,0.1587970212101936,0.1158860549330711,0.0965575516223907,0.1333076812326908,0.0617573637515306,0.0919865667819976,0.0969614200294017
CCOC(=O)[C@H]1O[C@@H]1C(=O)N[C@@H](CC(C)C)C(=O)NCCC(C)C,aloxistatin,0.0359475992619991,0.0329404313117265,0.038352208212018,0.030380892008543,0.0356198262423276,0.0440122462809085,0.0636098951101303,0.0603186730295419,0.0478641998022794,0.0714574884623289,0.0802637692540884,0.0871138669550418,0.0551811330020427,0.0476083666086196,0.0682275764644146,0.0365151103585958,0.0494102545082569,0.0413634058088064
O=[N+]([O-])c1ccc(O)cc1,p-nitrophenol,0.0392818473279476,0.0442410200834274,0.0447840441018343,0.0454073145985603,0.055849814787507,0.0646522238850593,0.0840728506445884,0.1008878953754901,0.0680555798113346,0.0954728011041879,0.1366837315261364,0.1646531216800212,0.0718764446675777,0.0634605661034584,0.0990363046526908,0.0421453032642602,0.0655845388770103,0.0558393985033035
COc1cc(/C=C/c2ccc(O)cc2)cc(OC)c1,pterostilbene,0.0225390937179327,0.0259707048535347,0.0327524334192276,0.0245534155517816,0.0290050286799669,0.0310344636440277,0.0431279145181179,0.0511296182870864,0.0341630212962627,0.0520038526505231,0.0677861265838146,0.076174072921276,0.0426451742649078,0.0370557863265276,0.0560277350246906,0.0252079360187053,0.0425340086221694,0.0306472018361091
NC(=O)[C@@H](N)Cc1ccccc1,phenylalanylamide,0.0284146476536989,0.0357239622622728,0.0392978869378566,0.0334633838385343,0.0406716097146272,0.0454316727817058,0.0547750130295753,0.0626210078597068,0.0413808099925518,0.0595803681761026,0.0731616348028183,0.082627035677433,0.0555401653051376,0.0441651172935962,0.065292901545763,0.027581376209855,0.0489592224359512,0.0393665790557861
N[C@@H](Cc1c[nH]c2ccc(F)cc12)C(=O)O,5-fluorotryptophan,0.0595979653298854,0.066528034210205,0.0660610914230346,0.0640540562570095,0.1062677294015884,0.1121855422854423,0.1442036837339401,0.1609220340847969,0.1766595959663391,0.1964116677641868,0.2551788091659546,0.2974374443292618,0.1500176206231117,0.1442614212632179,0.2063338339328765,0.09106355458498,0.1402279242873191,0.1220836296677589
O=C(NO)c1ccccc1,benzhydroxamic acid,0.0392104342579841,0.0408708218485116,0.0437396302819252,0.0436252027750015,0.0536453325301408,0.0674032390117645,0.0864220194518566,0.0906119473278522,0.0679754361510276,0.0864468328654766,0.1320582136511802,0.1219807766377925,0.0770989835262298,0.0707174532115459,0.1058767266571521,0.0427051581442356,0.0774377755820751,0.0677398361265659
O=C(O)CNC(=O)c1ccccc1[123I],iodohippurate sodium i-123,0.0384872302412986,0.0371857739984989,0.0446468710899353,0.0397710125893354,0.0454610489308834,0.0491907812654972,0.0606426768004894,0.0623463593423366,0.0432457916438579,0.0729085020720958,0.0640863925218582,0.0769141994416713,0.0537576012313365,0.0453990384936332,0.0629124172031879,0.0330023605376482,0.046702929213643,0.0426504224538803
O=P(O)(O)Oc1cccc2c1NCCC2,ru79073,0.0511196997016668,0.0502192005515098,0.0549861598759889,0.0598791942000389,0.0801393259316682,0.0738335888832807,0.0813631534576416,0.0914549976587295,0.0748228542506694,0.1146607995033264,0.1121372587978839,0.1394025266170501,0.0953942373394966,0.0774973757565021,0.1078607112169265,0.0525688283145427,0.0749465875327587,0.0639338683336973
O=c1[nH]c2cccc(N3CCN(Cc4cccc(-c5ccccc5)c4)CC3)c2o1,bifeprunox,0.0341869555413723,0.0374014198780059,0.0420400470495224,0.0466294955462217,0.0541454553604126,0.0540250234305858,0.0627850703895092,0.0730584472417831,0.0516772300004959,0.0878966178745031,0.085090646892786,0.1189089208841323,0.0649551905691623,0.0628110446035861,0.0806627541780471,0.0402655716985464,0.0598144210875034,0.0468542613089084
Cc1cc(C)c2c3ccccc3n(Cc3cccc([C@@H](C(=O)N[C@@H](CO)c4ccccc4)C4CCCC4)c3)c2n1,implitapide,0.0350886158645153,0.0367578003555536,0.0406257055699825,0.033982153609395,0.0406856715679168,0.0463097061961889,0.0551774151623249,0.0629597812891006,0.051829470694065,0.0666664727032184,0.0678826071321964,0.0993191730231046,0.0580542802810668,0.0562863618135452,0.0708107285201549,0.0317891798913478,0.0459688276052474,0.0367235962301492
Nc1ccccc1,aniline,0.0297017686069011,0.02967662923038,0.0332656692713499,0.0307390820235013,0.0394990671426057,0.0402818538248539,0.0469107560813426,0.060791303217411,0.0415255982428789,0.0571220286190509,0.0613277971744537,0.0789023980498313,0.0484981201589107,0.0414042554795742,0.0588215209543705,0.0287803295999765,0.0423220828175544,0.0337600760161876
Cc1cccc(C)c1NC(=O)C1CCCCN1C,SIDER780,0.1939444154500961,0.89572674036026,0.8525835990905761,0.7592159807682037,0.9299747467041016,0.9520986557006836,0.9600582480430604,0.9319656372070312,0.9195298075675964,0.9765491485595704,0.9842813968658448,0.9741498231887816,0.931165361404419,0.9425209522247314,0.9665392875671388,0.9581360340118408,0.9704042792320252,0.9637421607971192
C/C=C(/C)C(=O)O[C@H]1C(C)=C[C@]23C(=O)[C@@H](C=C(CO)[C@@H](O)[C@]12O)[C@H]1[C@@H](C[C@H]3C)C1(C)C,SIDER918,0.5723550677299499,0.887274158000946,0.8815057039260864,0.912689220905304,0.9540445923805236,0.948950445652008,0.943888521194458,0.9545783042907716,0.9571482419967652,0.9751912832260132,0.9833416819572448,0.9818975329399108,0.95805162191391,0.9550143957138062,0.9621998786926268,0.94738472700119,0.9502888679504394,0.951203191280365
CN(C)C(=N)NC(=N)N,metformin hydrochloride,0.1272292733192443,0.7971116185188294,0.7964254975318908,0.8235833168029785,0.8975887179374695,0.9088240027427672,0.9333113312721252,0.89243483543396,0.9178174614906311,0.95817551612854,0.9725975632667542,0.961043918132782,0.9271530628204344,0.9342815279960632,0.9480705857276917,0.907835328578949,0.9437320828437804,0.94516738653183
NC(N)=NC(=O)Cc1c(Cl)cccc1Cl,SIDER643,0.4107551455497741,0.8931493163108826,0.8871416091918946,0.8549079418182373,0.9370155096054076,0.9436913967132567,0.9630046129226684,0.9314476370811462,0.9480228304862977,0.9786791205406188,0.9847580671310424,0.9763835191726684,0.9529431819915772,0.9566993355751038,0.9674795508384704,0.95682772397995,0.9702270865440368,0.9654624104499816
Cc1cc(C(=O)Nc2cc(Oc3ccc4nc(NC(=O)C5CC5)cn4n3)ccc2C)n(C)n1,tak-593,0.6196204960346222,0.9227700710296632,0.9183736681938172,0.9524283885955812,0.9448548555374146,0.9491109728813172,0.9638940453529358,0.8711167931556701,0.9428360819816588,0.9559508681297302,0.9631069660186768,0.9439398407936096,0.9524700760841368,0.9523386478424072,0.9461041569709778,0.9175246119499206,0.9534754276275634,0.956325089931488
CO/N=C(\C(=O)N[C@@H]1C(=O)N2C(C(=O)O)=C(CSc3nc(=O)c(O)nn3C)CS[C@H]12)c1csc(N)n1,ceftriaxone,0.0823593981564045,0.755169951915741,0.8939111948013305,0.9540033221244812,0.9711738467216492,0.9604785203933716,0.9101850986480712,0.9662656664848328,0.967316460609436,0.9811675429344178,0.9825960755348204,0.9828541040420532,0.8474211513996124,0.9261424541473388,0.9627567052841186,0.9633707284927367,0.9372551560401916,0.9425078153610228
COCC1=C(C(=O)O)N2C(=O)[C@@H](NC(=O)/C(=N\OC)c3csc(N)n3)[C@H]2SC1,cefpodoxime,0.0878112614154815,0.8329347252845765,0.9272180795669556,0.958855640888214,0.9744006752967834,0.967069673538208,0.943308687210083,0.9693430066108704,0.971487033367157,0.9835793495178222,0.9855231642723083,0.9843136072158812,0.9415747642517088,0.9488394141197204,0.968803608417511,0.9668257236480712,0.9495328187942504,0.9578790187835692
O=C(C1CCCCC1)N1CC(=O)N2CCc3ccccc3[C@@H]2C1,(r)-praziquantel,0.163036997616291,0.8943281173706055,0.9315568447113036,0.94119952917099,0.947319757938385,0.814296293258667,0.9674261093139648,0.9491487979888916,0.9678923487663268,0.9801594614982604,0.9860703229904176,0.9802239179611206,0.958517849445343,0.9621939659118652,0.9724856853485108,0.9643923521041872,0.9686391472816468,0.969461226463318
CCOC(=O)[C@H](CCc1ccccc1)N[C@H]1CCCN2CCC[C@@H](C(=O)O)N2C1=O,cilazapril monohydrate,0.3020719140768051,0.9109318852424622,0.8833171248435974,0.9518929958343506,0.9679221630096436,0.9607455849647522,0.9430562019348144,0.9595341444015504,0.9555784940719604,0.9750709414482116,0.9817940354347228,0.9796912789344788,0.9564441919326784,0.9502939343452452,0.9600035786628724,0.9398237586021424,0.9421645283699036,0.9432376265525818
C[C@H](N[C@@H](CCc1ccccc1)C(=O)O)C(=O)N1CCC[C@H]1C(=O)O,enalaprilat,0.1107410952448844,0.8750645279884338,0.8456750035285949,0.9306879878044128,0.9618601083755494,0.9559640645980836,0.9218048572540284,0.9489948153495787,0.9511011600494385,0.9776010394096376,0.9816050052642822,0.9779611825942992,0.9486213564872742,0.9500198125839232,0.9619063615798952,0.9495408654212952,0.9441865801811218,0.9455824851989746
CC(=O)c1c(C)c2cnc(Nc3ccc(C4CCNCC4)cn3)nc2n(C2CCCC2)c1=O,dalpiciclib,0.1914272129535675,0.8855044126510621,0.844581151008606,0.94983469247818,0.9650561213493348,0.9605879545211792,0.956487798690796,0.9281044483184816,0.9534016251564026,0.976062023639679,0.9802567005157472,0.9729302167892456,0.951405906677246,0.956503701210022,0.964963972568512,0.945433747768402,0.956872284412384,0.947972011566162
COc1c(N2CC3CCCNC3C2)c(F)cc2c(=O)c(C(=O)O)cn(C3CC3)c12,SIDER832,0.7160557970404625,0.9418878316879272,0.9418540596961976,0.970375955104828,0.977374267578125,0.9747883200645446,0.9691647529602052,0.9654440522193908,0.9727558255195616,0.9821799755096436,0.9864180326461792,0.9819026470184328,0.9778850436210632,0.9769126772880554,0.976662802696228,0.9657244443893432,0.9744737029075624,0.9728217601776123
CC1=C(CC(=O)O)c2cc(F)ccc2/C1=C/c1ccc(S(C)=O)cc1,sulindac,0.0690696626901626,0.8709761738777161,0.7883579730987549,0.9525947451591492,0.9696916460990904,0.9685540556907654,0.9543678998947144,0.9488601446151732,0.9579813838005066,0.9824322581291198,0.9873690605163574,0.9811534404754638,0.9661255478858948,0.9688940048217772,0.9759671449661256,0.9645647525787352,0.9733116745948792,0.9686158776283263
Nc1ccn(C2CCC(CO)O2)c(=O)n1,SIDER1181,0.34790890365839,0.8928290247917176,0.8277350902557373,0.9215900301933287,0.9533187985420228,0.9558958053588869,0.9353593945503236,0.9406561374664306,0.9577166795730592,0.9684354305267334,0.9770742535591126,0.972352147102356,0.9582645297050476,0.9511116743087769,0.960346782207489,0.9004555344581604,0.9541399478912354,0.9544020295143129
CC1CN(c2c(F)c(N)c3c(=O)c(C(=O)O)cn(C4CC4)c3c2F)CC(C)N1,SIDER1063,0.1216419912874698,0.9295719027519226,0.8825111985206604,0.952141547203064,0.9658668875694276,0.9691449642181396,0.9622257113456726,0.9538797020912172,0.9590999841690064,0.9791432619094848,0.9832571625709534,0.9768953680992126,0.9636788487434388,0.9644913911819458,0.9719900608062744,0.9580390691757202,0.9686307549476624,0.9644716382026672
O=C(O)[C@H](CCc1ccccc1)N[C@H]1CCCN2CCC[C@@H](C(=O)O)N2C1=O,cilazaprilat,0.3925084605813026,0.9400932908058166,0.9099279642105104,0.9624700307846068,0.9749756574630736,0.9718172907829284,0.957938289642334,0.96399005651474,0.9652828693389892,0.9816136360168456,0.9846542835235595,0.9809650421142578,0.9667178630828858,0.9640213131904602,0.9706665515899658,0.9577952861785888,0.9616988897323608,0.9595536708831788
CON=C1CN(c2nc3c(cc2F)c(=O)c(C(=O)O)cn3C2CC2)CC1CN,SIDER1344,0.2233943834900856,0.908643126487732,0.9036856889724731,0.949613606929779,0.9689045190811156,0.965683102607727,0.9543598890304564,0.960974657535553,0.97607102394104,0.9774383068084715,0.9839988350868224,0.9826208472251892,0.9683093547821044,0.9672612071037292,0.973700737953186,0.9547934889793396,0.965896201133728,0.9625737190246582
Cc1ccc(O)c(C(CCN(C(C)C)C(C)C)c2ccccc2)c1,SIDER1126,0.2486397840082645,0.9157364010810852,0.9046728134155272,0.9549869179725649,0.9612769484519958,0.9649588465690612,0.9649157762527466,0.9478243350982666,0.966101050376892,0.9819810152053832,0.98601233959198,0.9799410462379456,0.9651352524757384,0.966791307926178,0.9734719395637512,0.9643256545066834,0.974383282661438,0.9666701078414917
CCCCCNC(=N)N/N=C/c1c[nH]c2ccc(OC)cc12,tegaserod maleate,0.5133809633553028,0.9327445864677428,0.94670352935791,0.96409854888916,0.9690793275833128,0.962138557434082,0.9696244835853576,0.9676068902015686,0.9765857219696044,0.9827247619628906,0.9844693422317504,0.9820816874504088,0.9618768572807312,0.9619990587234496,0.9707248210906982,0.9658328056335448,0.9565157294273376,0.9660035967826844
CCC(=O)O[C@@H](O[P@](=O)(CCCCc1ccccc1)CC(=O)N1C[C@H](C2CCCCC2)C[C@H]1C(=O)O)C(C)C,fosinopril,0.2003548704087734,0.9379732847213744,0.943762755393982,0.962265944480896,0.9643239855766296,0.9640404224395752,0.9734328269958497,0.9606025457382202,0.9764794111251832,0.9727136492729188,0.9856603622436524,0.9816668391227722,0.9650463581085204,0.966282081604004,0.9748081207275392,0.9526396751403808,0.970566749572754,0.9727688550949096
CCOC(=O)C(CCc1ccccc1)NC(C)C(=O)N1Cc2ccccc2CC1C(=O)O,SIDER1015,0.299138505756855,0.9507199764251708,0.942572033405304,0.9591589450836182,0.974382197856903,0.974839699268341,0.9736740350723266,0.9771904349327089,0.9823665022850036,0.9854519963264464,0.9895792365074156,0.9885504722595216,0.9741949439048768,0.9738209962844848,0.980837106704712,0.9725571990013122,0.9738720059394836,0.9729497551918028
CC(=O)NC[C@H]1CN(c2ccc(N3CCOCC3)c(F)c2)C(=O)O1,linezolid,0.2554975390434265,0.890780222415924,0.8916479468345642,0.8726450204849243,0.9526410222053528,0.95410076379776,0.950154149532318,0.9490882873535156,0.9357705235481262,0.9781263589859008,0.9833008527755738,0.9748631358146668,0.9493283867836,0.9538783550262452,0.9671491861343384,0.9588131427764892,0.964978039264679,0.9592851877212524
O=C1c2cccc3c2[C@H](CCC3)CN1[C@@H]1CN2CCC1CC2,palonosetron hydrochloride,0.1514741361141204,0.851787805557251,0.8683996796607971,0.8892274737358093,0.9220745444297792,0.9151167631149292,0.9484854459762572,0.9225456476211548,0.9525520205497742,0.9779170870780944,0.9841342687606812,0.975824761390686,0.9454741477966307,0.9485835194587708,0.9660285472869872,0.9589953780174256,0.9644277215003968,0.9640884280204772
Cc1ccc(C(=O)OCc2ccc(C(CN)C(=O)Nc3ccc4cnccc4c3)cc2)c(C)c1,netarsudil,0.6058111965656281,0.9304087281227112,0.936322033405304,0.9594262719154358,0.9650848388671877,0.9755382299423218,0.9717707872390748,0.9636208534240722,0.974678635597229,0.9825352430343628,0.987005352973938,0.9796015977859496,0.970441472530365,0.974009132385254,0.9810370326042176,0.9709400653839112,0.9792073011398316,0.969794499874115
CCOc1nc2cccc(C(=O)OC(C)OC(=O)OC3CCCCC3)c2n1Cc1ccc(-c2ccccc2-c2nn[nH]n2)cc1,SIDER372,0.5021631255745888,0.9269092321395874,0.9224762558937072,0.9474255800247192,0.966088330745697,0.973130178451538,0.963140904903412,0.959322452545166,0.9686325311660766,0.9824802994728088,0.9858461737632752,0.9804121017456054,0.9695672273635864,0.972086763381958,0.9776033520698548,0.9712834358215332,0.9725578784942628,0.9662166953086851
CN1CCN(C(=O)O[C@H]2c3nccnc3C(=O)N2c2ccc(Cl)cn2)CC1,eszopiclone,0.3987888969480991,0.9082966446876526,0.9142570853233336,0.9330890536308288,0.9586931943893432,0.9613424181938172,0.9515310525894164,0.954105281829834,0.960105812549591,0.980097472667694,0.9855583906173706,0.9802226662635805,0.9616315960884094,0.962384867668152,0.9729817271232604,0.9655090808868408,0.9685497760772706,0.9649027109146118
CC[C@H](C)[C@H]1O[C@]2(CC[C@@H]1C)C[C@@H]1C[C@@H](C/C=C(\C)[C@@H](O[C@H]3C[C@H](OC)[C@@H](O[C@H]4C[C@H](OC)[C@@H](O)[C@H](C)O4)[C@H](C)O3)[C@@H](C)/C=C/C=C3\CO[C@@H]4[C@H](O)C(C)=C[C@@H](C(=O)O1)[C@]34O)O2,ivermectin,0.5710274681448937,0.9452028632164,0.9321462869644164,0.9453420639038086,0.9663614749908448,0.9622956156730652,0.9651036739349366,0.9585952997207642,0.9634241700172425,0.9805497527122498,0.9860070586204528,0.9825851202011108,0.9695434927940368,0.9655229091644288,0.9726684927940368,0.9649166941642762,0.9648784399032592,0.9662543296813964
Clc1ccc(C(Cn2ccnc2)OCc2c(Cl)cccc2Cl)c(Cl)c1,isoconazole,0.3036635339260101,0.9120636224746704,0.9099169850349428,0.9146056056022644,0.9486386895179748,0.9468339085578918,0.9546676397323608,0.9651092052459715,0.9681403040885924,0.9786044120788574,0.9847262024879456,0.9831472039222716,0.9454450488090516,0.9435479998588562,0.9641833305358888,0.9558041453361512,0.9454564213752746,0.9421907782554626
C=C1[C@@H](C)[C@H]2[C@H](Cc3ccccc3)NC(=O)[C@]23OC(=O)/C=C/[C@H](O)CCC[C@@H](C)C/C=C/[C@H]3[C@@H]1O,cytochalasin b,0.2402107492089271,0.4314680323004722,0.5723676741123199,0.7227636337280273,0.8214451551437378,0.7418640613555908,0.7898493647575379,0.8542096138000488,0.9247317552566529,0.9444340705871582,0.9584996581077576,0.9583390712738036,0.7888597071170806,0.854524302482605,0.9064709782600404,0.8790873289108276,0.8130335092544556,0.661581939458847
ClCCCl,ethylene dichloride,0.0929358705878257,0.5311431109905242,0.6044361531734467,0.7728481769561768,0.861471688747406,0.8411085128784179,0.7677626252174378,0.8798381924629212,0.8434533596038818,0.9543622851371764,0.9598658800125122,0.9499236464500428,0.762908524274826,0.8056787848472595,0.9193244457244872,0.9111108779907228,0.8578061819076538,0.7209764420986176
O=C(NC[C@H]1CN(c2ccc(N3CCOCC3=O)cc2)C(=O)O1)c1ccc(Cl)s1,rivaroxaban,0.0680310301482677,0.3504661589860916,0.6405810236930847,0.8946788549423218,0.9425399661064148,0.9281126856803894,0.8848448038101197,0.9178256273269654,0.9215369701385498,0.9661892175674438,0.972784698009491,0.9655720829963684,0.7050353288650513,0.9014106035232544,0.9437267303466796,0.9233977794647216,0.9133846759796144,0.74674152135849
O=c1[nH]c(=O)n(C2CC(O)C(CO)O2)cc1F,SIDER579,0.082218013703823,0.3859167218208313,0.7016168832778931,0.7598581314086914,0.7917446851730346,0.5939774870872497,0.9310055136680604,0.8644292473793029,0.9254377722740174,0.9508179664611816,0.9688557624816896,0.960606849193573,0.782864648103714,0.8378920078277587,0.9095929741859436,0.8909937977790833,0.8654417753219604,0.8926324963569641
CN1CCN(CCCN2c3ccccc3Sc3ccc(C(F)(F)F)cc32)CC1,SIDER1145,0.2312226295471191,0.1765238657593727,0.7039655804634094,0.921539843082428,0.9535304427146912,0.9020657300949096,0.8744028806686401,0.8717790365219116,0.8283501744270325,0.9696563601493836,0.9734047889709472,0.962469756603241,0.9313413977622986,0.939289915561676,0.930644190311432,0.930685293674469,0.9422575950622558,0.9345589876174928
CO[C@H]1/C=C/O[C@@]2(C)Oc3c(C)c(O)c4c(c3C2=O)C2=NC3(CCN(CC(C)C)CC3)NC2=C(NC(=O)/C(C)=C\C=C\[C@H](C)[C@H](O)[C@@H](C)[C@@H](O)[C@@H](C)[C@H](OC(C)=O)[C@@H]1C)C4=O,rifabutin,0.149088729172945,0.4024327158927917,0.8362331628799439,0.9145740747451784,0.9500478506088256,0.8709248185157776,0.8586745977401733,0.9265637040138244,0.95759596824646,0.9634735465049744,0.9722171425819396,0.9753627777099608,0.9235064387321472,0.918770706653595,0.924380886554718,0.9024581670761108,0.7101215124130249,0.8673667430877685
NC(=O)[C@H]1CCN(c2ncnc(N)c2F)C[C@@H]1N1CCC[C@@H](Nc2cc(Cl)cc(C(F)(F)F)c2)C1=O,vecabrutinib,0.1715707466006279,0.3928891241550445,0.7244385600090026,0.7939587593078613,0.8329335212707519,0.728115975856781,0.7697718203067779,0.7962320625782013,0.8511454939842225,0.8928609848022461,0.8813461780548095,0.8741193175315857,0.838323837518692,0.8320617496967315,0.84365895986557,0.8051441371440887,0.812653636932373,0.8481926441192627
O=P1(N(CCCl)CCCl)NCCCO1,SIDER465,0.681773841381073,0.7688594818115234,0.8755279302597045,0.9340054154396056,0.9472021579742432,0.9236562371253968,0.9267043709754944,0.928598177433014,0.947280204296112,0.969738507270813,0.9751640200614928,0.9718248128890992,0.9411932706832886,0.9352167129516602,0.9458557486534118,0.9392809987068176,0.9238173842430116,0.9273611426353454
CC(C)n1c(C=CC(O)CC(O)CC(=O)O)c(-c2ccc(F)cc2)c2ccccc21,SIDER603,0.3110977098345756,0.65542703717947,0.8619695901870728,0.9419036984443664,0.9652634859085084,0.9630468726158142,0.9470549583435058,0.952073574066162,0.9687855005264282,0.9827215194702148,0.983214831352234,0.980047857761383,0.9664389610290528,0.9691352725028992,0.9732261061668396,0.96949702501297,0.9685434222221374,0.9608054637908936
CCC(C)CC(C)CCCCCCCCC(=O)NC1CC(O)C(NCCN)NC(=O)C2C(O)CCN2C(=O)C(C(O)CCN)NC(=O)C(C(O)C(O)c2ccc(O)cc2)NC(=O)C2CC(O)CN2C(=O)C(C(C)O)NC1=O,caspofungin,0.0868244756013155,0.4661695376038551,0.8754233598709107,0.925241482257843,0.9471633911132812,0.9454152822494508,0.9388269782066344,0.9231226086616516,0.9577972769737244,0.9763072609901428,0.982206404209137,0.975763487815857,0.9458207845687866,0.9555779218673706,0.9695227742195128,0.9559359431266784,0.9648133277893066,0.9521784901618956
Nc1nc(=O)c2c([nH]1)N[C@@H]1O[C@@H]3COP(=O)(O)O[C@@H]3C(O)(O)[C@@H]1N2,fosdenopterin,0.744469839334488,0.8708318591117858,0.9053274631500244,0.9463778495788574,0.9596023321151732,0.9623801112174988,0.9556451559066772,0.9355666399002076,0.9440739035606384,0.974825918674469,0.9792580842971802,0.9686739921569824,0.9728764653205872,0.9689530611038208,0.967429220676422,0.946256136894226,0.9678780555725096,0.9710900187492372
CC(=O)S[C@@H]1CC2=CC(=O)CC[C@]2(C)[C@H]2CC[C@@]3(C)[C@@H](CC[C@@]34CCC(=O)O4)[C@H]12,spironolactone,0.7340941190719604,0.8816867351531983,0.918588161468506,0.9482484221458436,0.9656009554862977,0.9596414685249328,0.9380041718482972,0.946305215358734,0.9345954895019531,0.9815667033195496,0.9828213810920716,0.9769495606422424,0.9666544914245604,0.9635090589523316,0.9613802909851076,0.9670246362686156,0.9556248426437378,0.9572004795074462
CCCC(C)C1(CC)C(=O)N=C(O)NC1=O,pentobarbital sodium,0.469701299071312,0.7637158393859863,0.8763379931449891,0.9528239727020263,0.9642827630043028,0.9566813349723816,0.9073199033737184,0.9435064315795898,0.9424785256385804,0.9806071639060974,0.9821839928627014,0.9768765568733216,0.9537655472755432,0.951307189464569,0.9621724724769593,0.9591492533683776,0.9536925435066224,0.9527692437171936
O=C(Cn1cnnn1)N[C@@H]1C(=O)N2C(C(=O)O)=C(CSc3nncs3)CS[C@H]12,ceftezole,0.0905057184398174,0.6610812544822693,0.8602284073829651,0.9604990243911744,0.9699643969535828,0.9551351070404052,0.7566664516925812,0.9438119649887085,0.936148166656494,0.9770653486251832,0.9747494459152222,0.9776450037956238,0.9123607993125916,0.8414300203323364,0.9069684863090516,0.935411250591278,0.6452876091003418,0.9160927891731262
Cc1cn(C2CC(O)C(CO)O2)c(=O)[nH]c1=O,SIDER171,0.1804586887359619,0.6162643253803253,0.7788346409797668,0.9072781443595886,0.9209762692451476,0.8673810005187989,0.6580124914646148,0.8814722418785095,0.8904775381088257,0.9642350196838378,0.9637713670730592,0.9578283905982972,0.9090575575828552,0.9037642478942872,0.918288552761078,0.9154048442840576,0.8751232385635376,0.9086711287498476
O=C(O)c1ccccc1Nc1cccc(C(F)(F)F)c1,flufenamic acid,0.5348481982946396,0.7561609864234924,0.8492919564247131,0.8879672884941101,0.92854163646698,0.9155834913253784,0.7779105544090271,0.93043395280838,0.8617517709732055,0.9676692128181458,0.9756015181541444,0.9723750710487366,0.9150617003440856,0.8969081282615662,0.9253911137580872,0.926496934890747,0.8476003706455231,0.9029420137405396
CCOc1ncc(S(=O)(=O)N2CCN(CC)CC2)cc1-c1nc2c(CC)n(CCOC)nc2c(=O)[nH]1,gisadenafil,0.1105649694800376,0.5617023825645446,0.8046141982078552,0.7601556420326233,0.8074586629867554,0.8446423649787903,0.8541890740394592,0.8192630171775818,0.8317376136779785,0.955991554260254,0.9544774174690248,0.928221833705902,0.8138829827308655,0.8652272820472717,0.8971433162689209,0.90892995595932,0.8769779801368713,0.9102332830429076
CCN(CC)C(=O)/C(C#N)=C/c1cc(O)c(O)c([N+](=O)[O-])c1,SIDER19,0.8749480724334717,0.9324582934379576,0.9487666964530944,0.9503480315208436,0.9562370538711548,0.9524253368377684,0.9655262589454652,0.9574183464050292,0.9678245782852172,0.9771929860115052,0.9819486737251282,0.9783776998519896,0.9620603680610657,0.961286234855652,0.9646169662475584,0.9594629168510436,0.9584404468536376,0.9604141235351562
CN(C)CCCC1(c2ccc(F)cc2)OCc2cc(C#N)ccc21,SIDER433,0.8635398864746093,0.9381809592247008,0.9438082933425904,0.949043881893158,0.9566901564598084,0.9582637190818788,0.967237114906311,0.95632221698761,0.9638798475265504,0.979077696800232,0.9851324558258056,0.9786716341972352,0.968461000919342,0.9696689128875732,0.9718301057815552,0.9657930850982666,0.9727384328842164,0.9713148474693298
CN(C)CCC=C1c2ccccc2COc2ccc(CC(=O)O)cc21,SIDER644,0.903341019153595,0.9459441423416136,0.953866457939148,0.9464890003204346,0.9517291903495788,0.9585746645927428,0.9713565707206726,0.9563822627067566,0.9655534267425536,0.9841657042503356,0.9873648166656496,0.9811848759651184,0.969344687461853,0.9701144933700562,0.9745440006256104,0.9728919506072998,0.9767519235610962,0.9770887136459352
COC1=C[C@@H]2[C@@H]3Cc4ccc(OC)c(O)c4[C@]2(CCN3C)CC1=O,sinomenine,0.6168893814086914,0.8304401636123657,0.8900275588035583,0.8403349757194519,0.8947002649307251,0.8866146922111511,0.904523766040802,0.9304891705513,0.9408156752586364,0.969926393032074,0.9787823677062988,0.9725247502326966,0.9382991194725036,0.9333707451820372,0.9536148071289062,0.9480425715446472,0.9444387435913086,0.9365358352661132
O=C(O)COCCN1CCN([C@H](c2ccccc2)c2ccc(Cl)cc2)CC1,levocetirizine dihydrochloride,0.8569797158241272,0.9413836121559144,0.9367177844047546,0.9267821788787842,0.9590259552001952,0.961890470981598,0.9729980587959288,0.9665335536003112,0.9714805483818054,0.985287094116211,0.9897195219993592,0.9854915976524352,0.9728166460990906,0.9737617015838624,0.979827058315277,0.9776612758636476,0.9782914757728576,0.9762379169464112
COC(=O)N1CC[C@@H]2[C@H]1CCC[C@@]2(O)C#Cc1cccc(C)c1,mavoglurant,0.2183155819773674,0.705415403842926,0.6672715008258819,0.5515946984291077,0.6515542268753052,0.7177428513765335,0.7901038885116577,0.7683440268039703,0.7195527523756027,0.8039903670549393,0.8384035289287567,0.8643334090709687,0.7107428342103959,0.6637143790721893,0.7677031874656677,0.7256619885563851,0.6842552185058594,0.7240901499986648
CC(=O)O[C@H]1C[C@@H]2CC[C@@H]3[C@H](CC[C@@]4(C)[C@H]3C[C@H]([N+]3(C)CCCCC3)[C@@H]4OC(C)=O)[C@@]2(C)C[C@@H]1N1CCCCC1,SIDER1320,0.4146999463438988,0.8105939745903015,0.8426807522773743,0.6622134625911713,0.8976776719093322,0.8901058077812195,0.8561133027076722,0.9472048163414002,0.8450026512145996,0.978693675994873,0.9817185997962952,0.974761724472046,0.8663766860961915,0.9375847816467284,0.9660874605178832,0.965359878540039,0.9614622116088868,0.907398760318756
CCCCCC(O)C=CC1C(O)CC(=O)C1CCCCCCC(=O)O,SIDER41,0.0953592970967292,0.7867734670639038,0.8635659337043762,0.6070382833480835,0.9073903083801268,0.9466345191001893,0.9384682774543762,0.9517014026641846,0.9604598402976988,0.980284070968628,0.98494211435318,0.9794634580612184,0.9455214858055114,0.9577694773674011,0.9746183276176452,0.9655877232551576,0.9708385229110718,0.956092083454132
CN1CCN(C2=Nc3cc(Cl)ccc3Nc3ccccc32)CC1,clozapine,0.5149202778935432,0.7616900861263275,0.7260054647922516,0.8612996220588685,0.8525951743125916,0.8641336798667908,0.9101605296134948,0.7852061748504638,0.7913193762302398,0.9274010062217712,0.8933889150619507,0.8376510560512542,0.8274090707302093,0.820868968963623,0.8411783218383789,0.8014988303184509,0.853318589925766,0.886290991306305
CN(C)c1ccc(-c2c(N)ncnc2C#Cc2ccc(N3CCOCC3)nc2)cc1,5-[4-(dimethylamino)phenyl]-6-[(6-morpholin-4-ylpyridin-3-yl)ethynyl]pyrimidin-4-amine,0.1222218468785285,0.5888147115707397,0.624700802564621,0.8778442978858948,0.8617116451263428,0.817890751361847,0.8438576817512512,0.6358913779258728,0.6709901690483093,0.9229458570480348,0.9212418913841248,0.8016808986663818,0.8198394298553466,0.7994356751441956,0.8558894872665406,0.7521363794803619,0.8336068749427795,0.779613447189331
Cc1ccc(O)cc1Nc1ccnc2cc(-c3csc(C=O)n3)ccc12,4-{4-[(5-hydroxy-2-methylphenyl)amino]quinolin-7-yl}-1;3-thiazole-2-carbaldehyde,0.570300716161728,0.8202617287635803,0.8547143816947937,0.9166659235954284,0.9302518486976624,0.9092004299163818,0.9255036473274232,0.8432075142860412,0.8563282012939453,0.9494460344314576,0.9525847673416138,0.910802173614502,0.9207658648490906,0.9173290133476256,0.935663402080536,0.9095322251319884,0.9156229615211486,0.9027444005012512
O=C1CN(/N=C/C=C/c2ccc([N+](=O)[O-])o2)C(=O)N1,furazidin,0.0683880098164081,0.6919501304626465,0.344168895483017,0.8479966044425964,0.912210214138031,0.9334113001823424,0.92054123878479,0.8001589298248291,0.7211023986339569,0.9643964171409608,0.9730488657951356,0.9547201037406922,0.906751561164856,0.9092495441436768,0.9398366451263428,0.8943124175071716,0.942782998085022,0.935022473335266
CCC1OC(=O)C(C)C(OC2CC(C)(OC)C(O)C(C)O2)C(C)C(OC2OC(C)CC(N(C)C)C2O)C(C)(O)CC(C)C(=O)C(C)C(O)C1(C)O,SIDER548,0.1067628867924213,0.8293266415596008,0.5150153547525406,0.8355435848236084,0.9131508469581604,0.9179917216300963,0.8185905158519745,0.9145866394042969,0.9250526428222656,0.9598106503486632,0.9739551782608032,0.9709638714790344,0.9198455452919008,0.90437114238739,0.93578941822052,0.8669381380081177,0.8971714377403259,0.8702658772468567
Nc1nc(F)nc2c1ncn2[C@@H]1O[C@H](COP(=O)(O)O)[C@@H](O)[C@@H]1O,fludarabine phosphate,0.0816648878157138,0.8534378051757813,0.4665829196572303,0.9480929255485536,0.9706818222999573,0.9724476099014282,0.9391010165214538,0.9484458446502686,0.9527001142501832,0.9790831208229064,0.980556046962738,0.9768871188163756,0.9620185136795044,0.9608405232429504,0.9678265213966368,0.9529579520225524,0.9588664412498474,0.9502664923667908
O=C(O[C@@H]1C[C@@H]2C[C@H]3C[C@H](C1)N2CC3=O)c1c[nH]c2ccccc12,dolasetron,0.26852414496243,0.9289032220840454,0.6933102369308471,0.9369600296020508,0.955223000049591,0.9595338463783264,0.9616490840911864,0.9560998678207396,0.9508746147155762,0.9782691240310668,0.985809588432312,0.9802584767341612,0.9611867547035218,0.9603143334388732,0.97182297706604,0.9634311079978944,0.9648218631744384,0.950190007686615
C=C[C@H]1C[N@@]2CC[C@H]1C[C@@H]2[C@@H](O)c1ccnc2ccc(OC)cc12,quinidine sulfate,0.0750537544488906,0.7044999718666076,0.5491037607192993,0.6476318955421447,0.8873226165771484,0.8109995603561402,0.9217678189277648,0.8654495239257812,0.6576757311820984,0.9714147567749024,0.9793046116828918,0.9635223031044008,0.8935184001922607,0.9205652475357056,0.953026020526886,0.9469323277473448,0.9560614705085756,0.9432455062866212
CN1C(=O)CN=C(c2ccccc2F)c2cc(Cl)ccc21,fludiazepam,0.2391417227685451,0.8218727588653565,0.7161703944206238,0.7884166002273559,0.8147988438606262,0.9138408422470092,0.9209072589874268,0.8323603630065918,0.6765687942504883,0.9592989683151244,0.974139392375946,0.947843611240387,0.893981420993805,0.8840848684310914,0.915991997718811,0.9184283137321472,0.9246301412582396,0.9367152333259584
CNC(=O)CNC(=O)c1c(I)c(NC(C)=O)c(I)c(C(=O)O)c1I,ioglicic acid,0.2019929632544517,0.5218362361192703,0.6279312074184418,0.6370376884937287,0.9131922602653504,0.9101836204528808,0.8872121691703796,0.9209488272666932,0.9316587328910828,0.9732010245323182,0.9814589858055116,0.9780353903770448,0.9184617280960083,0.9329938769340516,0.961194634437561,0.9479223966598512,0.9497183918952942,0.9143987774848938
CC(C)[C@@H](C)/C=C/[C@@H](C)[C@H]1CC[C@H]2/C(=C/C=C3\C[C@@H](O)CC[C@@H]3C)CCC[C@]12C,dihydrotachysterol,0.6652237981557846,0.8727824330329895,0.8336796045303345,0.8848953962326049,0.9550397872924804,0.9556290745735168,0.9512090563774108,0.9302737236022948,0.9582451105117796,0.9800368309020996,0.9837059378623962,0.9794884085655212,0.9690141320228576,0.968470013141632,0.9723379731178284,0.965663731098175,0.9708217024803162,0.9668117642402648
Nc1ccn([C@@H]2CO[C@H](CO)O2)c(=O)n1,troxacitabine,0.2384570926427841,0.7987177789211273,0.7271681964397431,0.8281046152114868,0.9305531144142152,0.9195546746253968,0.8952646493911743,0.9081332921981812,0.8460787534713745,0.9642711043357848,0.9702584505081177,0.9627108216285706,0.9025831580162048,0.890803050994873,0.9429949760437012,0.9141598343849182,0.910261619091034,0.90897775888443
Nc1nc(=O)c2c(CCc3ccc(C(=O)N[C@H](CCC(=O)O)C(=O)O)cc3)c[nH]c2[nH]1,SIDER636,0.6422378480434418,0.8747932195663453,0.8646534442901611,0.9423281908035278,0.9678054094314577,0.9638071417808532,0.9363810062408447,0.95726717710495,0.9676101684570312,0.9829926133155824,0.9846768856048584,0.9816084861755372,0.9710378050804138,0.9694091320037842,0.974463164806366,0.9678857684135436,0.968182897567749,0.9604562997817994
CC(C)(O)C(Cl)(Cl)Cl,chlorobutanol,0.0591828383505344,0.2079483613371849,0.2385265544056892,0.4030617117881775,0.4804442942142486,0.8115323901176452,0.7447039544582367,0.5290151000022888,0.1462102472782135,0.936297845840454,0.9455849766731262,0.84388507604599,0.3565798342227936,0.507991737127304,0.7722096681594849,0.8790770292282104,0.889905595779419,0.7990726828575134
CC[N+](C)(CC)CCOC(=O)C(O)(c1cccs1)C1CCCC1,penthienate bromide,0.0556052315980196,0.1447934076189994,0.1818752944469452,0.1148854523897171,0.2135694317519664,0.6056217879056931,0.7602052599191665,0.3030964165925979,0.1754006780683994,0.8998919129371643,0.8437276065349579,0.7040763288736344,0.2849962189793587,0.3877481624484062,0.6893591105937957,0.7490534096956253,0.8058836877346038,0.6414026468992233
CCC(=O)O[C@]1(c2ccccc2)CCN(C)C[C@H]1C,betaprodine,0.0329559311270713,0.1071166284382343,0.108659329265356,0.0934407047927379,0.2454770132899284,0.541717366874218,0.7012549102306366,0.4445163697004318,0.2210327461361885,0.8588503956794739,0.8974255919456482,0.73541379570961,0.3258532658219337,0.4606237187981605,0.7644831001758575,0.7726454973220825,0.8101136088371277,0.6934198439121246
C[N+](C)(C)CCOC(Cc1ccccc1)c1ccccc1,bibenzonium,0.074026470631361,0.2824209749698639,0.2714311003684997,0.1923193678259849,0.3664830088615417,0.7501470386981964,0.8521444082260132,0.5119607269763946,0.2324174433946609,0.9381354808807372,0.956110382080078,0.8811222553253174,0.4422481894493103,0.6472274780273437,0.8770843863487243,0.8989950060844422,0.9294530987739564,0.8796130180358886
O=C(c1ccco1)N(c1cnccn1)C1CCN(CCc2ccccc2)CC1,mirfentanil,0.3014490753412246,0.3235173046588898,0.3308336943387985,0.3122637033462524,0.3141115188598632,0.4021966606378555,0.6390271008014679,0.3238179177045822,0.2217172652482986,0.6445229262113571,0.696100789308548,0.5369069814682007,0.48687364757061,0.409121549129486,0.5654527902603149,0.436309614777565,0.5918278515338897,0.5992770910263061
OCCN1CCN(CC/C=C2\c3ccccc3Sc3ccc(C(F)(F)F)cc32)CC1,flupentixol,0.0706908792257308,0.0730545546859502,0.0881994292140007,0.1181908756494522,0.1570717442780733,0.1633511699736118,0.2295103058218956,0.1420599490404129,0.0485794415697455,0.2765422686934471,0.305112312734127,0.1677442800253629,0.1553995355963707,0.1530590504407882,0.1804714426398277,0.1117623321712017,0.2909320026636123,0.2054553799331188
c1ccc(C(OC2CCN(CCCc3nnn[nH]3)CC2)c2ccccc2)cc1,4-(benzhydryloxy)-1-[3-(1h-tetraazol-5-yl)propyl]piperidine,0.0548478372395038,0.1576625347137451,0.1213865041732788,0.1442717343568801,0.2380782812833786,0.3738553404808044,0.7253052532672882,0.3118503138422966,0.2816908299922943,0.6072066843509674,0.7821415007114411,0.5494134545326232,0.2710720360279083,0.3052518755197525,0.5639286696910858,0.4033951893448829,0.5366232633590698,0.4744984567165374
O=C(C[S+](O)C(c1ccccc1)c1ccccc1)NO,adrafinil,0.123904076218605,0.1294586315751075,0.1537940472364425,0.1442141309380531,0.1279309973120689,0.1809637367725372,0.3410946413874626,0.2118562504649162,0.150819207727909,0.3374551340937614,0.3774663090705871,0.2726386830210686,0.1836549803614616,0.1893843427300453,0.2706623688340187,0.2089179895818233,0.2731706812977791,0.2934804081916809
CN(C)CCc1c[nH]c2ccc(O)cc12,bufotenine,0.2101553335785865,0.3219358265399933,0.4051940649747848,0.341657269001007,0.4169165641069412,0.507953304052353,0.7876072525978088,0.5782993733882904,0.352386337518692,0.8841627597808838,0.8944093942642212,0.7933881044387817,0.4982688695192337,0.5705793082714081,0.7294585704803467,0.6348440647125244,0.7756072759628296,0.7361948609352111
CC1=CCC(O)(C(C)C)CC1,terpinen-4-ol,0.0952129617333412,0.2823898255825042,0.2840257614850998,0.3278729349374771,0.3304629623889923,0.4175016462802887,0.7908773779869079,0.4722849547863006,0.3121337413787842,0.8216434836387634,0.8562344551086426,0.6771783173084259,0.3632257342338562,0.4165566027164459,0.6467016577720642,0.4851052701473236,0.6519668698310852,0.6645562052726746
CCC(=O)N(c1ccccc1)C1CCN(C(C)Cc2ccccc2)CC1,α-methylfentanyl,0.0728972174227237,0.2788980007171631,0.199583750963211,0.1991748750209808,0.2453667134046554,0.3626406043767929,0.6176706105470657,0.3625871658325195,0.2267328679561615,0.5953532040119172,0.7104622542858123,0.5779572576284409,0.3023407340049743,0.3129643857479095,0.5149460196495056,0.332306969165802,0.5389320492744446,0.5500394105911255
CC(CN(C)C)CN1c2ccccc2S(=O)(=O)c2ccccc21,oxomemazine,0.0865546315908432,0.4605569839477539,0.2122921735048294,0.2049881547689437,0.3784322679042816,0.7473254680633545,0.930570673942566,0.6694842100143432,0.420468133687973,0.8901341438293457,0.9395334959030152,0.864911699295044,0.4183975636959076,0.5563726305961609,0.8139960527420044,0.6864283204078674,0.803791856765747,0.8086856365203857
CCCCN(CCCC)CCC(O)c1cc2c(Cl)cc(Cl)cc2c2cc(C(F)(F)F)ccc12,SIDER920,0.0224206369370222,0.1299216035753488,0.0657849803566932,0.0787448897957801,0.1043589547276497,0.3985433027148247,0.6280913650989532,0.2480589389801025,0.0785614438354969,0.7714950144290924,0.8454822778701783,0.7088674068450928,0.1474291756749153,0.2083429783582687,0.4590995728969574,0.3862776651978493,0.6081682771444321,0.5283793449401856
C[N+]12CCC(CC1)C(OC(=O)C(O)(c1ccccc1)c1ccccc1)C2,clidinium bromide,0.0400251746177673,0.1588707819581031,0.1582788616418838,0.1077095732092857,0.1486265465617179,0.7032065391540527,0.9060500264167786,0.3670174449682236,0.1706867195665836,0.7822193145751953,0.9320995330810546,0.7415028035640716,0.2940254792571067,0.3855994820594787,0.612878143787384,0.5586625605821609,0.7955631494522095,0.8078329205513001
C=CC[C@]1(O)CC[C@H]2[C@@H]3CCC4=CCCC[C@@H]4[C@H]3CC[C@@]21C,allylestrenol,0.1102277055382728,0.0832391887903213,0.1460017785429954,0.1089338451623916,0.0873464331030845,0.1020379215478897,0.129936309158802,0.1128420524299144,0.0886264894157648,0.1588306859135627,0.1534193024039268,0.1362940818071365,0.1472326830029487,0.1301293283700943,0.1467190504074096,0.0855679474771022,0.1327055245637893,0.1603245884180069
CC(C)(C)c1ccc(C(=O)N/N=C/c2cc(Br)c(O)c(Br)c2O)cc1,4-tert-butyl-n'-[(1e)-(3;5-dibromo-2;4-dihydroxyphenyl)methylidene]benzohydrazide,0.0402842655777931,0.0394591182470321,0.0492875032126903,0.045056002959609,0.0431888170540332,0.0507372349500656,0.0649727694690227,0.0491447232663631,0.0467384994029998,0.0827359855175018,0.0674344100058078,0.0615150414407253,0.0685214295983314,0.061215716600418,0.0799635216593742,0.0425745755434036,0.0703420996665954,0.0555767111480236
CC(C)(C)N1CCC(c2ccccc2)(c2ccccc2)CC1,budipine,0.0306895527988672,0.0315354455262422,0.036497313901782,0.0352936599403619,0.0343712698668241,0.0421678353101015,0.0587106697261333,0.0455388024449348,0.035928725451231,0.0589644089341163,0.059505757689476,0.0508411727845668,0.0494861871004104,0.0479511432349681,0.058522517979145,0.0310437232255935,0.0532742269337177,0.0457482818514108
CCC(=O)C(CC(C)N(C)C)(c1ccccc1)c1ccccc1,SIDER1427,0.0400918841361999,0.036266965419054,0.0437058880925178,0.0359015252441167,0.0387627400457859,0.0479802642017602,0.0629524648189544,0.0514730114489793,0.0349284879863262,0.0704869702458381,0.0722932051867246,0.0557813584804534,0.0526669487357139,0.0515546388924121,0.0755626730620861,0.0403468783944845,0.0712314803153276,0.0507651463150978
CC(Cc1ccccc1)NCCn1cnc2c1c(=O)n(C)c(=O)n2C,fenethylline,0.1090651407837867,0.1610282585024833,0.1603202044963836,0.1754008084535598,0.1820545956492424,0.1967183127999305,0.2773501664400101,0.2138245105743408,0.1587127700448036,0.3039312750101089,0.3037538111209869,0.2469101011753082,0.2279796540737152,0.2045066386461257,0.2899453461170196,0.1739523455500602,0.2413231760263443,0.2355484008789062
c1cnc2c(c1)O[C@H]1CCN3CC[C@@]1(C2)C3,dianicline,0.0557887140661478,0.0772701319307088,0.0969470355659723,0.0783825766295194,0.0716562930494546,0.0875082116574049,0.1450131729245186,0.0935586869716644,0.080339440330863,0.1719520706683397,0.1636966496706008,0.1187178537249565,0.1108730629086494,0.1020276695489883,0.1558872446417808,0.0838728960603475,0.1316180497407913,0.1324025444686412
CN(C)CCCOC1(Cc2ccccc2)CCCCCC1,bencyclane,0.2022972919046878,0.2379549637436867,0.2712134301662445,0.2195866875350475,0.3006815955042839,0.3035261958837509,0.6702711269259453,0.4013903051614761,0.3877280943095684,0.6628056362271308,0.7194602191448212,0.6219388887286186,0.4517073526978493,0.4512116029858589,0.5883632674813271,0.3367345750331879,0.5497239172458649,0.518419136852026
COc1cc2nccc(Oc3ccc4c(C(=O)NC5CC5)cccc4c3)c2cc1OC,n-cyclopropyl-6-[(6;7-dimethoxyquinolin-4-yl)oxy]naphthalene-1-carboxamide,0.2145744360983371,0.2115941315889358,0.1945793733000755,0.2061710953712463,0.2396988958120346,0.2487581267952919,0.3437582463026046,0.2359213203191757,0.2703659236431122,0.3704063802957534,0.356704181432724,0.2867854878306389,0.2766410201787949,0.2571220815181732,0.3306552976369857,0.2055243551731109,0.2918018326163292,0.3015829622745514
CC[N+](C)(CC)CCOC(c1ccccc1)c1ccccc1,emetonium iodide,0.0238756768405437,0.026385323703289,0.0319931343197822,0.0233963418751955,0.0295361675322055,0.0490336209535598,0.0961172953248024,0.048918804526329,0.0286874070763587,0.0686699453741312,0.1915927194058895,0.0690678372979164,0.0385834638029336,0.0436686366796493,0.0774444855749607,0.0370177701115608,0.1108014278113842,0.0467605955898761
O=C(c1ccc(CN2CCOCC2)cc1)N1CCN(C2CC2)CC1,bavisant,0.0293788846582174,0.0489260450005531,0.0617356967180967,0.0309979625046253,0.0293499037623405,0.0493260040879249,0.1476727429777383,0.0784210905432701,0.0477780129760503,0.0956680200994014,0.1619877971708774,0.0906247459352016,0.05607905164361,0.061951258033514,0.1199799515306949,0.057387901097536,0.14893738925457,0.0890461817383766
CC(C)SCC[C@@H](N)[C@H](O)C(=O)NNC(=O)c1cccc(Cl)c1,n'-((2s;3r)-3-amino-2-hydroxy-5-(isopropylsulfanyl)pentanoyl)-n-3-chlorobenzoyl hydrazide,0.1271908849477768,0.1546270176768303,0.1268089368939399,0.1071240335702896,0.114768436551094,0.1463834926486015,0.3827668398618698,0.1852769196033477,0.1993572980165481,0.2590851694345474,0.3400898665189743,0.2703288197517395,0.2208703100681305,0.1788303285837173,0.2802970170974731,0.1538126245141029,0.2148039102554321,0.176755128800869
O[C@H](CS)[C@H](O)CS,d-1;4-dithiothreitol,0.0561561778187751,0.0568183355033397,0.0652603849768638,0.048259649425745,0.0453859217464923,0.0651151061058044,0.1284595996141433,0.0878783240914344,0.0799965575337409,0.0847000852227211,0.1229188032448291,0.1016576431691646,0.0786542750895023,0.0852175749838352,0.1232593223452568,0.0536998633295297,0.101190148293972,0.0804650269448757
O=C(O)[C@H]1C2CCC(CC2)[C@@H]1Nc1nc(-c2c[nH]c3ncc(F)cc23)ncc1F,pimodivir,0.029814663529396,0.032731170207262,0.0336037456989288,0.0296307880431413,0.0329725578427314,0.0390478890389204,0.0556597679853439,0.0455029711127281,0.0364683095365762,0.0597107786685228,0.0579511355608701,0.0512847438454628,0.0435615077614784,0.0401504300534725,0.0486581224948167,0.0337629757821559,0.0414780132472515,0.0323107969015836
CC(C)NNC(=O)COc1ccc(Cl)cc1,iproclozide,0.0569777525961399,0.0868983753025531,0.0985117487609386,0.09487623013556,0.1186902958899736,0.1376997724175453,0.2845173738896847,0.1654189340770244,0.0944986023008823,0.2995852522552013,0.3820177286863327,0.2431730397045612,0.1520165652036667,0.1456143707036972,0.2429572194814682,0.1268935859203338,0.2126558966934681,0.1777173943817615
CCC(=O)O[C@]1(c2ccccc2)CCN(C)C[C@@H]1CC,alphameprodine,0.0246860902756452,0.0292021565139293,0.0333782743662595,0.0268306959420442,0.0257103748619556,0.0387644834816455,0.0647521503269672,0.0513781774789094,0.032572902739048,0.0680563565343618,0.087835543602705,0.0655856877565383,0.0435934297740459,0.042334097251296,0.0693376660346984,0.0328321924433112,0.0582547836005687,0.0459411736577749
CC(C)NCCCC1(C(N)=O)c2ccccc2-c2ccccc21,indecainide,0.0380271460860967,0.0378863513469696,0.0407626185566186,0.0348088130354881,0.0398978427052497,0.0517535664141178,0.0858556300401687,0.0608578480780124,0.0441936116665601,0.0727057296782732,0.0975634008646011,0.0843364782631397,0.0602486941963434,0.0503589443862438,0.0719453997910022,0.0409579690545797,0.0630272254347801,0.0494188576936721
C[C@@H](NCCCc1cccc(C(F)(F)F)c1)c1cccc2ccccc12,SIDER121,0.0417273480445146,0.0440550066530704,0.0601141512393951,0.0506192170083522,0.0489249914884567,0.0617581263184547,0.1145414985716342,0.0857437334954738,0.0613441094756126,0.1270858265459537,0.1426464080810547,0.1262234948575496,0.0748746581375598,0.0685868576169013,0.1037896707653999,0.0663673650473356,0.0838367573916912,0.069516435265541
CCCCc1cc2ccccc2c(OCCN(C)C)n1,dimethisoquin hydrochloride,0.1135222405195236,0.1353213816881179,0.172249786555767,0.1613788530230522,0.1842412039637565,0.2139932066202163,0.549499836564064,0.2471764087677002,0.1975531727075576,0.5178932040929795,0.597325673699379,0.4760925590991974,0.2367155820131302,0.2191091269254684,0.3365870982408523,0.2225062400102615,0.2786373108625412,0.2926504373550415
O=C(NC1CCN(CCCCC2(C(=O)NCC(F)(F)F)c3ccccc3-c3ccccc32)CC1)c1ccccc1-c1ccc(C(F)(F)F)cc1,SIDER1247,0.0594856183975935,0.0777262456715107,0.1068423457443714,0.0838373955339193,0.0723476901650428,0.1032431215047836,0.339040544629097,0.1269644014537334,0.1037415407598018,0.2629190888255834,0.2852085575461388,0.2433673471212387,0.1136837221682071,0.1089155077934265,0.1627936154603958,0.0998823639005422,0.1550570845603943,0.1431059371680021
COc1cc2c(cc1Cl)C(c1cccc(Br)c1)=NCC2,1-(3-bromophenyl)-7-chloro-6-methoxy-3;4-dihydroisoquinoline,0.0252741374075412,0.024589467421174,0.0419610276818275,0.0281125873327255,0.0252207469195127,0.0284677825868129,0.1580836459994316,0.0530681800097227,0.0344590853899717,0.1735528133809566,0.2486518800258636,0.1831099562346935,0.0428792901337146,0.0444057956337928,0.0977163389325141,0.1325847182422876,0.0867117412388324,0.0530371524393558
CCOC(=O)C(CCN1CCOCC1)(c1ccccc1)c1ccccc1,dioxaphetyl butyrate,0.0304116055369377,0.0367717571556568,0.0316865265369415,0.0292314395308494,0.0390581283718347,0.0518386010080575,0.2035310700535774,0.073484232276678,0.0495882965624332,0.1270867720246315,0.2816434726119041,0.2036688521504402,0.0568641852587461,0.0573220692574977,0.1065855383872985,0.0509429953992366,0.0809043876826763,0.0646168436855077
O=C(OCCN1CCCCC1)C(O)(c1ccccc1)c1ccccc1,pipethanate,0.0166022580116987,0.0318912073969841,0.0414953455328941,0.0246117431670427,0.0296432383358478,0.0546671241521835,0.3320392772555351,0.0895030252635478,0.0450318219140172,0.1888812623918056,0.3915561527013779,0.276658783853054,0.0362879034131765,0.0455104682594537,0.1055833086371421,0.0660725902765989,0.088078436255455,0.0569610320031642
CCCC(=O)O,butyric acid,0.1942624002695083,0.1278807148337364,0.1514387354254722,0.1624180436134338,0.1436336889863014,0.1682832017540931,0.3066097587347031,0.1639984279870986,0.142357625067234,0.1976423427462577,0.2694057956337928,0.237184827029705,0.2088676929473877,0.2039332658052444,0.2174690961837768,0.1278616145253181,0.1936913251876831,0.207977345585823
CN1CCCC(n2nc(Cc3ccc(Cl)cc3)c3ccccc3c2=O)CC1,SIDER301,0.355591157078743,0.3428368002176284,0.4558365643024444,0.4828230023384094,0.4522635102272033,0.4403521925210952,0.7590855836868287,0.4496172249317169,0.4578758805990219,0.5829959273338318,0.6895414829254151,0.5618704915046692,0.4589781463146209,0.4326037257909775,0.4756633579730988,0.3675983875989914,0.4368828773498535,0.5743976652622222
C[C@H]1C[C@H]2[C@@H]3CCC4=CC(=O)C=C[C@]4(C)[C@@]3(F)[C@@H](O)C[C@]2(C)[C@@]1(O)C(=O)CO,betamethasone,0.9531426191329956,0.9222326517105104,0.9549837350845336,0.89832022190094,0.8712630987167358,0.8986050963401795,0.9680562376976012,0.9513157486915588,0.9699045538902282,0.9697460055351256,0.9833168387413024,0.982363760471344,0.967469847202301,0.9620296359062196,0.9565204620361328,0.9509321928024292,0.9539989590644836,0.9684761166572572
C[C@]12C=CC(=O)C=C1CC[C@H]1[C@@H]3C[C@@H](O)[C@](O)(C(=O)CO)[C@@]3(C)C[C@H](O)[C@@]12F,triamcinolone,0.8970174074172974,0.8230762720108032,0.8940816044807434,0.7415506601333618,0.6984273970127106,0.7618648111820221,0.9361951231956482,0.8939594388008117,0.94338276386261,0.9440135478973388,0.967447590827942,0.971238386631012,0.9215306162834168,0.915856683254242,0.9122423648834228,0.8895782351493835,0.8876839280128479,0.92390056848526
CCC(=O)O[C@]1(C(=O)COC(C)=O)CC[C@H]2[C@@H]3CCC4=CC(=O)CC[C@]4(C)[C@H]3[C@@H](O)C[C@@]21C,hydrocortisone aceponate,0.9128849864006042,0.7106489717960358,0.7889504909515381,0.2488077968358993,0.4676647424697876,0.5118373811244965,0.8976992130279541,0.8549321532249451,0.9257471442222596,0.9348482847213744,0.956303060054779,0.9647761940956116,0.8994028925895691,0.8314767003059387,0.8405986189842224,0.8861216545104981,0.7355521142482757,0.8290412187576294
C[C@]12C=CC(=O)C=C1C(Cl)=C[C@@H]1[C@@H]2[C@@H](O)C[C@@]2(C)[C@H]1CC[C@]2(O)C(=O)CO,cloprednol,0.8821311712265014,0.778134024143219,0.8775705456733703,0.6664098501205444,0.7675432085990905,0.7525920629501343,0.9286086797714234,0.8631443738937378,0.934502911567688,0.946113395690918,0.9650849819183348,0.9650434851646424,0.924857985973358,0.9086386322975158,0.9100590825080872,0.8862404942512512,0.8874017238616944,0.9258573770523072
C[C@@H]1C[C@H]2[C@@H]3CCC4=CC(=O)C=C[C@]4(C)C3=CC[C@]2(C)[C@@]1(O)C(=O)CO,vamorolone,0.8530975818634033,0.6530101954936981,0.8116402745246887,0.3805895447731018,0.4512402176856994,0.5092155456542968,0.9010509371757508,0.8430237889289856,0.9169859647750854,0.9259455442428588,0.9552825689315796,0.9624940991401671,0.8957967162132263,0.8650356411933899,0.8770650148391723,0.8448323845863343,0.8095611095428467,0.8713762640953064
C[C@H]1C[C@@H]2[C@H]([C@@H](O)C[C@@]3(C)[C@H]2CC[C@]3(O)C(=O)CO)[C@@]2(C)C=CC(=O)C=C12,methylprednisolone,0.9626980185508728,0.9429312705993652,0.9634302020072936,0.914793026447296,0.9231460571289064,0.9337009906768798,0.973991286754608,0.9645637750625612,0.9779057621955872,0.9780982732772828,0.9877508640289306,0.9870278477668762,0.9780890583992004,0.9735100388526916,0.972479510307312,0.9676946520805358,0.9727714776992796,0.976331377029419
CC(=O)OCC(=O)[C@@]1(O)CC[C@H]2[C@@H]3CCC4=CC(=O)CC[C@]4(C)[C@@]3(F)C(=O)C[C@@]21C,fludrocortisone acetate,0.8395930528640747,0.5220032930374146,0.7157193064689636,0.3022338196635246,0.2070508226752281,0.3376312762498855,0.8278948187828064,0.547639137506485,0.4878112435340881,0.9218039989471436,0.9388332724571228,0.9221554756164552,0.7358689785003663,0.6522491574287415,0.702334713935852,0.8803097486495972,0.7252771139144898,0.8350635528564453
O=C(CCCN1CCC(n2c(=O)[nH]c3ccccc32)CC1)c1ccc(F)cc1,benperidol,0.7459900081157684,0.4149153411388397,0.7662845015525818,0.255568915605545,0.2682597443461418,0.4599065512418747,0.9357608914375304,0.5186847537755966,0.4990507662296295,0.8513800621032714,0.959084451198578,0.9088419437408448,0.7023157477378845,0.7529455423355103,0.82851322889328,0.7891259610652923,0.9194284796714782,0.9154053449630736
CCNC(=O)[C@@H]1CCCN1C(=O)[C@H](CCCNC(=N)N)NC(=O)[C@H](CC(C)C)NC(=O)[C@@H](Cc1c[nH]c2ccccc12)NC(=O)[C@H](Cc1ccc(O)cc1)NC(=O)[C@H](CO)NC(=O)[C@H](Cc1c[nH]c2ccccc12)NC(=O)[C@H](Cc1c[nH]cn1)NC(=O)[C@@H]1CCC(=O)N1,deslorelin,0.9206588983535766,0.7169051766395569,0.9221919178962708,0.790542209148407,0.8372902393341064,0.8661399602890014,0.933560848236084,0.80368772149086,0.9019171357154846,0.96842759847641,0.9777053594589232,0.967979121208191,0.9505712032318115,0.9519182682037354,0.9471393465995788,0.9507102847099304,0.9599815368652344,0.9560071945190428
N[C@@H](Cc1cc(I)c(Oc2cc(I)c(O)c(I)c2)c(I)c1)C(=O)O,levothyroxine sodium,0.8273633480072021,0.259632921218872,0.7130493760108948,0.257684114575386,0.1732361599802971,0.3396084159612655,0.4015050947666168,0.2955164551734924,0.1966453075408935,0.9104618906974792,0.9023900985717772,0.6485023260116577,0.8074429273605347,0.7789851188659668,0.8025843739509583,0.8986153841018677,0.9164864659309389,0.9022287726402284
CCN1CCCC1CNC(=O)c1cc(S(N)(=O)=O)ccc1OC,sulpiride,0.1907256580889225,0.1758759170770645,0.4695557385683059,0.203088941425085,0.1724565982818603,0.2386708617210388,0.7248505383729935,0.3474922955036163,0.4596479177474976,0.6484087765216827,0.805722177028656,0.5572645902633667,0.428845152258873,0.4970302581787109,0.6532249569892883,0.5445488750934601,0.7156799077987671,0.6104307502508164
COC(=O)[C@H]1[C@H]2C[C@@H]3c4[nH]c5ccccc5c4CCN3C[C@H]2C[C@@H](OC(=O)c2cc(OC)c(OC)c(OC)c2)[C@@H]1OC,deserpidine,0.0723904907703399,0.3111592680215835,0.4274025857448578,0.0899867966771125,0.119082324206829,0.2673583388328552,0.725826370716095,0.3996511280536651,0.2436915054917335,0.8839404582977295,0.9309306979179384,0.7970398306846619,0.3820368111133575,0.5388623595237731,0.8058836460113525,0.8391776204109191,0.8687892556190491,0.7596154332160949
CC[N+](CC)(CC)CCC(O)(c1ccccc1)C1CCCCC1,tridihexethyl,0.0575304813683033,0.1142529681324958,0.213044261932373,0.1275382950901985,0.1659774810075759,0.3204085260629654,0.6027304381132126,0.2633241266012192,0.2124441057443618,0.7688114404678345,0.7708017647266387,0.5421044796705246,0.2802009582519531,0.356663116812706,0.5659830123186111,0.617751556634903,0.6742910832166672,0.5466457307338715
COC(=O)C1C2CC3c4[nH]c5cc(OC)ccc5c4CCN3CC2CC(OC(=O)c2cc(OC)c(OC)c(OC)c2)C1OC,SIDER1026,0.0744469203054905,0.1317428573966026,0.2564531773328781,0.0622799061238765,0.0552788779139518,0.1587209537625312,0.5851571679115295,0.1835363283753395,0.1187656760215759,0.6034606397151947,0.7754029154777526,0.3927747189998626,0.2155386060476303,0.2828802332282066,0.5633493721485138,0.5610328763723373,0.7248193204402924,0.5722545191645623
CCCCCCCCCCCC(=O)OCN1C(=O)CCc2ccc(OCCCCC3CCN(c4cccc(Cl)c4Cl)CC3)cc21,aripiprazole lauroxil,0.4650044322013855,0.4507281243801116,0.7209016621112824,0.3990728378295898,0.4675872087478637,0.6380317091941834,0.761927318572998,0.5813338994979859,0.4103584930300712,0.9237773180007934,0.9376660346984864,0.7974765658378601,0.7950168669223785,0.8370213031768798,0.8868304252624511,0.8562387347221374,0.9303709030151368,0.9117689609527588
CC(=O)OCCN1CCN(CC/C=C2/c3ccccc3Sc3ccc(Cl)cc32)CC1,zuclopenthixol acetate,0.5860834062099457,0.3165670365095138,0.6827981263399124,0.3945069134235382,0.5013491690158844,0.6151086688041687,0.9006893992424011,0.4390863806009292,0.2241576984524727,0.9449164032936096,0.951305091381073,0.7506860315799713,0.6311221241950988,0.6507429718971253,0.75676931142807,0.8959724187850953,0.9136194348335266,0.9238776803016664
CCNC(=O)N1CCN(CCCC(c2ccc(F)cc2)c2ccc(F)cc2)CC1,amperozide,0.4950001254677773,0.3236763119697571,0.5038754791021347,0.4171298086643219,0.3559579730033874,0.4284747064113617,0.7657824277877807,0.3408507227897644,0.1711131930351257,0.7908192455768586,0.8368929386138916,0.6528092086315155,0.6362047910690307,0.59292351603508,0.5782551944255829,0.6150730818510055,0.6973083257675171,0.8192729473114013
CC[C@H](C)[C@H](NC(=O)CN)C(=O)N[C@H](C(=O)N[C@@H](CCC(=O)O)C(=O)N[C@@H](CCC(N)=O)C(=O)N[C@H]1CSSC[C@@H]2NC(=O)[C@H]([C@@H](C)CC)NC(=O)[C@H](CO)NC(=O)[C@H]([C@@H](C)O)NC(=O)[C@H](CSSC[C@H](NC(=O)[C@H](CC(C)C)NC(=O)[C@H](Cc3c[nH]cn3)NC(=O)[C@H](CCC(N)=O)NC(=O)[C@H](CC(N)=O)NC(=O)[C@@H](NC(=O)[C@@H](N)Cc3ccccc3)C(C)C)C(=O)NCC(=O)N[C@@H](CO)C(=O)N[C@@H](Cc3c[nH]cn3)C(=O)N[C@@H](CC(C)C)C(=O)N[C@@H](C(C)C)C(=O)N[C@@H](CCC(=O)O)C(=O)N[C@@H](C)C(=O)N[C@@H](CC(C)C)C(=O)N[C@@H](Cc3ccc(O)cc3)C(=O)N[C@@H](CC(C)C)C(=O)N[C@@H](C(C)C)C(=O)N[C@H](C(=O)NCC(=O)N[C@@H](CCC(=O)O)C(=O)N[C@@H](CCCNC(=N)N)C(=O)NCC(=O)N[C@@H](Cc3ccccc3)C(=O)N[C@@H](Cc3ccccc3)C(=O)N[C@@H](Cc3ccc(O)cc3)C(=O)N[C@H](C(=O)N[C@@H](CC(=O)O)C(=O)N[C@@H](CCCCN)C(=O)N[C@H](C(=O)O)[C@@H](C)O)[C@@H](C)O)CSSC[C@@H](C(=O)N[C@@H](CC(N)=O)C(=O)O)NC(=O)[C@H](Cc3ccc(O)cc3)NC(=O)[C@H](CC(N)=O)NC(=O)[C@H](CCC(=O)O)NC(=O)[C@H](CC(C)C)NC(=O)[C@H](CCC(N)=O)NC(=O)[C@H](Cc3ccc(O)cc3)NC(=O)[C@H](CC(C)C)NC(=O)[C@H](CO)NC2=O)NC1=O)C(C)C,insulin aspart,0.5851044833660126,0.6692536175251007,0.4999274373054504,0.5516426861286163,0.6995396852493286,0.8449809789657593,0.8152147173881531,0.915740954875946,0.9390437126159668,0.9616028428077698,0.9651617884635926,0.9714462399482728,0.9495571851730348,0.9347569227218628,0.957779836654663,0.9432775139808656,0.8980703711509704,0.871294891834259
CC[C@H](C)[C@H](NC(=O)CN)C(=O)N[C@H](C(=O)N[C@@H](CCC(=O)O)C(=O)N[C@@H](CCC(N)=O)C(=O)N[C@H]1CSSC[C@@H]2NC(=O)[C@H]([C@@H](C)CC)NC(=O)[C@H](CO)NC(=O)[C@H]([C@@H](C)O)NC(=O)[C@H](CSSC[C@H](NC(=O)[C@H](CC(C)C)NC(=O)[C@H](Cc3cnc[nH]3)NC(=O)[C@H](CCC(N)=O)NC(=O)[C@H](CC(N)=O)NC(=O)[C@@H](NC(=O)[C@@H](N)Cc3ccccc3)C(C)C)C(=O)NCC(=O)N[C@@H](CO)C(=O)N[C@@H](Cc3cnc[nH]3)C(=O)N[C@@H](CC(C)C)C(=O)N[C@@H](C(C)C)C(=O)N[C@@H](CCC(=O)O)C(=O)N[C@@H](C)C(=O)N[C@@H](CC(C)C)C(=O)N[C@@H](Cc3ccc(O)cc3)C(=O)N[C@@H](CC(C)C)C(=O)N[C@@H](C(C)C)C(=O)N[C@H](C(=O)NCC(=O)N[C@@H](CCC(=O)O)C(=O)N[C@@H](CCCNC(=N)N)C(=O)NCC(=O)N[C@@H](Cc3ccccc3)C(=O)N[C@@H](Cc3ccccc3)C(=O)N[C@@H](Cc3ccc(O)cc3)C(=O)N[C@H](C(=O)N3CCC[C@H]3C(=O)N[C@@H](CCCCN)C(=O)N[C@H](C(=O)O)[C@@H](C)O)[C@@H](C)O)CSSC[C@@H](C(=O)N[C@@H](CC(N)=O)C(=O)O)NC(=O)[C@H](Cc3ccc(O)cc3)NC(=O)[C@H](CC(N)=O)NC(=O)[C@H](CCC(=O)O)NC(=O)[C@H](CC(C)C)NC(=O)[C@H](CCC(N)=O)NC(=O)[C@H](Cc3ccc(O)cc3)NC(=O)[C@H](CC(C)C)NC(=O)[C@H](CO)NC2=O)NC1=O)C(C)C,SIDER1391,0.5170192062854767,0.5703623503446579,0.4325504004955292,0.4545856565237045,0.6493272542953491,0.8173327624797821,0.7806072473526001,0.9101903080940248,0.9372822165489196,0.9566447138786316,0.9633149862289428,0.9708369255065918,0.9393760442733764,0.9183088421821596,0.9533455729484558,0.9361673712730408,0.8836581349372864,0.8486218929290772
N=C(N)NCCC[C@@H](NC(=O)[C@@H]1CCCN1C(=O)[C@@H]1CSSCCC(=O)N[C@@H](Cc2ccc(O)cc2)C(=O)N[C@@H](Cc2ccccc2)C(=O)N[C@@H](CCC(N)=O)C(=O)N[C@@H](CC(N)=O)C(=O)N1)C(=O)NCC(N)=O,desmopressin acetate,0.6357320189476013,0.6520624339580536,0.6505687683820724,0.266679099202156,0.6672501564025879,0.7740132570266723,0.9085578799247742,0.878297758102417,0.9077398419380188,0.9686069011688232,0.9777906775474547,0.9654310703277588,0.8953045010566711,0.9167513847351074,0.9573493480682372,0.9583664655685424,0.9568102955818176,0.9080896973609924
NCC(O)c1ccc(O)c(O)c1,SIDER148,0.5724867269396782,0.6362372279167176,0.5556152120232583,0.3451774880290031,0.6706927180290222,0.830942690372467,0.8147964537143707,0.7928722918033599,0.880622124671936,0.9696619391441346,0.9774318337440492,0.9649038076400756,0.8940272092819214,0.8905381083488464,0.9497907876968384,0.9558390021324158,0.9478572368621826,0.9117873907089232
COc1ccc2c3c1OC1CC(O)C=CC31CCN(C)C2,SIDER619,0.5680242121219635,0.7603049159049988,0.5840433776378632,0.4201878100633621,0.7964657664299011,0.862585723400116,0.8974905490875245,0.9017756342887878,0.7797219634056092,0.9600966095924376,0.9735934138298036,0.962334418296814,0.9004296898841858,0.9085840582847596,0.9377828955650328,0.9247267365455628,0.9341091036796568,0.8991625785827637
C[N+](C)(C)CCS,2-(trimethylammonium)ethyl thiol,0.2558423824608326,0.5670371353626251,0.4683363407850265,0.2097192630171775,0.6314002275466919,0.7408492565155029,0.866259229183197,0.8289737820625305,0.8333608865737915,0.9624255537986756,0.9785343885421752,0.9661392092704773,0.824470067024231,0.8799752235412598,0.9504349112510682,0.9415292143821716,0.948725175857544,0.924906885623932
C=C1C(=CC=C2CCCC3(C)C2CCC3C(C)CCCC(C)(C)O)CC(O)CC1O,SIDER370,0.6426029022783041,0.4412188649177551,0.7032091170549393,0.1153746351599693,0.4734388649463653,0.8774720788002014,0.9258254170417786,0.9172899842262268,0.9411027312278748,0.9698801398277282,0.984411084651947,0.9778303146362304,0.9349712014198304,0.9441670060157776,0.9652525424957276,0.9570446729660034,0.9705305218696594,0.9541373252868652
O=C(O[C@H]1C[C@H]2CC[C@@H](C1)[N+]21CCCC1)C(O)(c1ccccc1)c1ccccc1,trospium chloride,0.6919615939259529,0.8121517658233642,0.8588079929351806,0.397350013256073,0.6782862067222595,0.9015160202980042,0.9550384879112244,0.910326361656189,0.9207204818725586,0.9669443249702454,0.983017349243164,0.9703121662139892,0.8991204738616944,0.9352378487586976,0.9577237963676452,0.9470477819442747,0.9669508337974548,0.9555647253990174
CN(C(=O)CO)c1c(I)c(C(=O)NCC(O)CO)c(I)c(C(=O)NCC(O)CO)c1I,iomeprol,0.7370570302009583,0.8684727072715759,0.4345973789691925,0.2862383157014846,0.6808739244937897,0.8720273375511169,0.935616374015808,0.8956165194511414,0.9442730665206908,0.9488049030303956,0.9736542224884032,0.9724328637123107,0.9143795847892762,0.9123088121414183,0.9414255857467652,0.8392462015151978,0.9106299996376036,0.8833552956581116
CN(CC(O)CO)C(=O)c1c(I)c(NC(=O)C(CO)CO)c(I)c(C(=O)N(C)CC(O)CO)c1I,iobitridol,0.82342529296875,0.9112997889518738,0.7620760202407837,0.3640283137559891,0.8888618230819703,0.9369004130363464,0.9660740733146668,0.9523709654808044,0.9680287480354308,0.9755218863487244,0.9869152784347536,0.9833685159683228,0.9560046076774598,0.9618424296379088,0.9717773556709288,0.9628398895263672,0.9698065519332886,0.9570125460624694
COc1cc(/C=N/NC(=O)C(OC)c2ccc(-n3cccn3)cc2)cc(OC)c1Br,oms-824,0.1202180340886116,0.270397786796093,0.3818517848849296,0.362332834303379,0.3314385637640953,0.2787656962871551,0.5066350862383843,0.2704861655831337,0.2903798833489418,0.5408222913742066,0.4699466452002525,0.3563884451985359,0.3773424655199051,0.3590954050421714,0.4635167121887207,0.3442339241504669,0.4089571595191955,0.4265977576375007
COC(=O)c1cccc(CCN(C)CCC[C@@](C#N)(c2ccc(OC)c(OC)c2)C(C)C)c1,etripamil,0.0745641166344285,0.114391840994358,0.2685622546821832,0.1440754935145378,0.1225019797682762,0.131676135957241,0.3062010467052459,0.1867863073945045,0.1839259520173072,0.3103534236550331,0.3448883265256882,0.2678051993250847,0.1702760383486747,0.1696713872253895,0.2679637610912323,0.2120492465794086,0.2373088881373405,0.2632481999695301
NC(=O)c1ccc(F)c2c1C[C@@H](N(C1CCC1)C1CCC1)CO2,robalzotan,0.1459076307713985,0.233796951174736,0.5963029801845551,0.5074948012828827,0.3509065881371498,0.332903216779232,0.6849568307399749,0.475999404489994,0.5502024263143539,0.7068131446838379,0.69731485247612,0.6642242908477783,0.4169375360012054,0.4885836541652679,0.5735191822052002,0.5357462137937545,0.5524133741855621,0.5882898509502411
CC(=O)N[C@H](Cc1ccc2ccccc2c1)C(=O)N[C@H](Cc1ccc(Cl)cc1)C(=O)N[C@H](Cc1cccnc1)C(=O)N[C@@H](CO)C(=O)N[C@@H](Cc1ccc(O)cc1)C(=O)N[C@H](CCCNC(N)=O)C(=O)N[C@@H](CC(C)C)C(=O)N[C@@H](CCCN=C(N)N)C(=O)N1CCC[C@H]1C(=O)N[C@H](C)C(N)=O,SIDER1341,0.0637591853737831,0.3116353720426559,0.8171884298324585,0.3129200845956802,0.5145557016134262,0.7713481783866882,0.9189288258552551,0.8824576616287232,0.8715700387954712,0.9692442655563356,0.9814805626869202,0.9696438670158386,0.5383852064609528,0.7210159182548523,0.9464565515518188,0.9536237835884094,0.9362678170204164,0.9002336263656616
NC(=O)C(c1ccccc1)(c1ccccc1)[C@@H]1CCN(CCc2ccc3c(c2)CCO3)C1,darifenacin,0.0673075150698423,0.320982626080513,0.8725805878639221,0.6639354959130287,0.4969404369592666,0.823083245754242,0.9611451029777528,0.8667734503746033,0.9178606510162354,0.9677318692207336,0.9843761324882508,0.9701722264289856,0.7108678460121155,0.9168741822242736,0.9564220309257508,0.953152108192444,0.9679172158241272,0.9589120984077454
O=[N+]([O-])OC1COC2C(O[N+](=O)[O-])COC12,SIDER709,0.0782200284302234,0.6662122905254364,0.682133150100708,0.4032346397638321,0.72938751578331,0.7283021211624146,0.8846925139427185,0.8395404696464539,0.5561368733644485,0.9562052130699158,0.9730912685394288,0.9382676720619202,0.6395450353622436,0.8360963940620423,0.9330848336219788,0.9279528856277466,0.9458994269371032,0.9084972739219666
CO[C@]12CC[C@@]3(C[C@@H]1C(C)(C)O)[C@H]1Cc4ccc(O)c5c4[C@@]3(CCN1CC1CC1)[C@H]2O5,diprenorphine,0.1849042125046253,0.4107287168502808,0.5495655119419098,0.407123327255249,0.4463540911674499,0.5722881704568863,0.7850371539592743,0.5262252420186997,0.5860828787088395,0.8462330102920532,0.8526350736618042,0.7928235977888107,0.6562185823917389,0.7260360330343246,0.7721385180950164,0.7708189934492111,0.8428911149501801,0.7936531603336334
Cc1cn([C@H]2C[C@H](O)[C@@H](CN3CCCCC3)O2)c(=O)[nH]c1=O,5'-deoxy-5'-piperidin-1-ylthymidine,0.1554840318858623,0.3849460482597351,0.5875397950410843,0.4095558226108551,0.5507444143295288,0.53304044008255,0.7941827535629272,0.5551909804344177,0.5157090038061142,0.8340909838676452,0.8069520413875579,0.7541804015636444,0.5426967799663543,0.6275896966457367,0.7325664103031159,0.7309177994728089,0.7473677039146424,0.7219707906246186
CC(C)OC(=O)CCC/C=C\C[C@@H]1[C@@H](/C=C/[C@@H](O)COc2cccc(C(F)(F)F)c2)[C@H](O)C[C@@H]1O,travoprost,0.2542565360665321,0.8776462435722351,0.8626803278923034,0.1242614641785621,0.1986306115984916,0.8663365006446838,0.9729191541671752,0.9431284546852112,0.9631244897842408,0.9688283562660216,0.989031708240509,0.981914484500885,0.9224897384643554,0.9466612219810486,0.9756470441818236,0.9667903900146484,0.9792231559753418,0.962517476081848
CN(C)CCc1c[nH]c2ccc(CC3COC(=O)N3)cc12,SIDER1186,0.0725078329443931,0.8689046859741211,0.8481830954551697,0.3559022456407547,0.7755921065807343,0.8853009581565857,0.951962459087372,0.9176045298576356,0.9421091675758362,0.9738268375396728,0.982524573802948,0.9704629182815552,0.8995267868041992,0.9332494378089904,0.9662497520446778,0.9619163274765016,0.9698216080665588,0.9526946067810058
Oc1ccc2c3c1OC1C(O)CCC4(O)C(C2)N(CC2CCC2)CCC314,SIDER863,0.2098981961607933,0.8502817749977112,0.7769659399986267,0.2692503407597542,0.5778156757354737,0.8933009266853332,0.9533206343650816,0.8974796295166015,0.9216314196586608,0.9707400560379028,0.9832740664482116,0.9720862984657288,0.9131627321243286,0.9312158107757568,0.9617130041122436,0.9564627766609192,0.9683047533035278,0.9598762512207032
CCOc1ccccc1O[C@@H](c1ccccc1)[C@@H]1CNCCO1,SIDER62,0.150643353164196,0.557215690612793,0.8043672204017639,0.1853596106171608,0.4812889277935028,0.8080185174942016,0.9564501166343689,0.9162341594696044,0.9396320462226868,0.9638184309005736,0.983873987197876,0.9746342301368712,0.8474559664726258,0.902227783203125,0.9568719148635864,0.945720398426056,0.9565048456192016,0.936061120033264
O=C(O)CCCN1CCC(O[C@@H](c2ccc(Cl)cc2)c2ccccn2)CC1,bepotastine,0.1183266781270504,0.7245593428611755,0.5975611269474029,0.2153870373964309,0.5478031575679779,0.6948883831501007,0.9534048318862915,0.8992278099060058,0.9155532479286194,0.9580067276954652,0.98156156539917,0.9721598386764526,0.6902763903141022,0.8177751898765564,0.94049369096756,0.9357078433036804,0.9273396849632264,0.8962048411369323
CC(C)(C)NC[C@H](O)COc1cccc2c1CCCC2=O,levobunolol,0.086885105073452,0.2674918785691261,0.7099864900112152,0.0725907273590564,0.143857541680336,0.2643618255853653,0.8796263456344604,0.7986575722694397,0.8518815636634827,0.9315801739692688,0.9741353154182434,0.9601945161819458,0.5206487864255905,0.7331629514694213,0.911485540866852,0.9085458993911744,0.9059302806854248,0.8275314807891846
CN(C)CCc1c[nH]c2ccc(Cn3cncn3)cc12,SIDER837,0.2228250861167907,0.4936579227447509,0.5987175583839417,0.2510076150298118,0.4032881677150726,0.4461127400398254,0.85411456823349,0.6736803770065307,0.6666567206382752,0.9069984436035156,0.9270865678787232,0.8877031564712524,0.4943547248840332,0.5711904883384704,0.7942376136779785,0.7638239026069641,0.7891793131828309,0.7579339027404786
Oc1ccc2c(c1)[C@@]13CCCC[C@@]1(O)[C@@H](C2)N(CC1CCC1)CC3,butorphanol,0.118849566951394,0.5971546739339828,0.4452145159244537,0.1275781705975532,0.2131777122616767,0.4949832797050476,0.9219282388687132,0.7041258931159973,0.6988116949796677,0.9464240312576294,0.974274742603302,0.947358775138855,0.7362492978572845,0.8412012100219727,0.9387470722198488,0.9388274550437928,0.951914370059967,0.9341525673866272
CCCc1cc(O)c2c(c1)OC(C)(C)[C@@H]1CCC(C)=C[C@@H]21,tetrahydrocannabivarin,0.0654429338872432,0.2356466114521026,0.3648594111204147,0.1268031634390354,0.2539485916495323,0.4129083245992661,0.6240647435188293,0.6281154096126557,0.6390924394130707,0.8819540858268737,0.9282158017158508,0.8837544441223144,0.5921559154987335,0.6725889623165131,0.8334970712661743,0.7457877457141876,0.8583524942398071,0.7806516408920288
C[C@H](Oc1ccc(S(C)(=O)=O)cc1C(=O)N1CCN(c2ncc(C(F)(F)F)cc2F)CC1)C(F)(F)F,bitopertin,0.1853212505578994,0.4133191347122192,0.4687120795249939,0.2845482021570206,0.3923096418380737,0.4781269371509552,0.6446767628192902,0.5463616728782654,0.553254097700119,0.7652774512767792,0.7266396105289459,0.6992859423160553,0.5639898300170898,0.5494797646999359,0.6895258247852325,0.5675704002380371,0.6520589590072632,0.6517589211463928
C[C@@H](O)[C@H](N)C(=O)N1CCC[C@H]1C(=O)N1CCC[C@H]1C(=O)N[C@H](C(N)=O)[C@@H](C)O,rapastinel,0.2387025289237499,0.337272959947586,0.3729956209659576,0.1938637271523475,0.2765077888965607,0.2894329234957695,0.3953858539462089,0.3536111235618591,0.2832344725728035,0.4752861559391022,0.4393762767314911,0.4387453243136406,0.3341144606471061,0.3242834001779556,0.3543067902326584,0.3412596940994262,0.3303241550922394,0.3650531992316246
CN(C)Cc1nnc2n1-c1ccc(Cl)cc1C(c1ccccc1)=NC2,adinazolam,0.635843300819397,0.8699613332748413,0.8811708092689514,0.7260998010635376,0.6424948394298553,0.778964775800705,0.9594573736190796,0.8429778933525085,0.7866823375225067,0.9584604501724244,0.9753044843673706,0.9467463016510008,0.8947761654853821,0.9043078660964966,0.926576006412506,0.9071574330329896,0.942166554927826,0.9425711154937744
COc1ccc(CCCOC(Cn2ccnc2)c2ccc(OC)cc2)cc1,skf-96365 free base,0.1196198314428329,0.4817566871643066,0.4339562535285949,0.2144511193037033,0.2608428210020065,0.3631769150495529,0.5870833039283753,0.5279875874519349,0.4013797104358673,0.7203514158725739,0.7305746078491211,0.6852979183197021,0.4863102972507477,0.4528014749288559,0.6161099135875702,0.533795428276062,0.5413750886917115,0.5689191073179245
C[C@](O)(CS(=O)(=O)c1ccc(F)cc1)C(=O)Nc1ccc(C#N)c(C(F)(F)F)c1,(r)-bicalutamide,0.4624907404184341,0.3160145029425621,0.7435377299785614,0.8763174295425415,0.8792030930519104,0.7152678310871124,0.7070079267024993,0.70487180352211,0.8633916735649109,0.922416603565216,0.9246264696121216,0.9239526629447936,0.8741137146949768,0.8363148927688598,0.847978937625885,0.7635675072669983,0.7601157665252686,0.8265056490898133
CC1C(NC(=O)C(=NOC(C)(C)C(=O)O)c2csc(N)n2)C(=O)N1S(=O)(=O)O,SIDER305,0.9443953514099122,0.9263159513473512,0.9484970569610596,0.972239315509796,0.9777816653251648,0.972933578491211,0.963586437702179,0.9640928268432616,0.9730363249778748,0.9823092341423034,0.9851953387260436,0.9831027626991272,0.9826957702636718,0.9777398109436036,0.9754923939704896,0.9673736333847046,0.9697243928909302,0.9708730578422546
COc1ccc2c(c1)N(CC(C)CN(C)C)c1ccccc1S2,SIDER739,0.8043241620063781,0.713395607471466,0.8603618025779725,0.9076756358146668,0.9318986892700196,0.8917659878730774,0.9173331499099732,0.8869230508804321,0.8869062662124634,0.9650682806968688,0.9753538727760316,0.9652209639549256,0.9408746719360352,0.933754026889801,0.9215178608894348,0.9179630041122436,0.9200416445732116,0.939081072807312
C[C@]12CC[C@@H]3c4ccc(O)cc4CC[C@H]3[C@@H]1CC[C@@H]2O,estradiol,0.5543362736701966,0.4905935525894165,0.9141902089118956,0.9294049978256226,0.7648524522781373,0.6347962319850922,0.920037353038788,0.8608011245727539,0.9388054966926574,0.9681289196014404,0.970270824432373,0.9705985188484192,0.903899323940277,0.8911733627319336,0.910543704032898,0.9424548983573914,0.862724757194519,0.933713448047638
CC(=O)C1(O)CCC2C3CC(C)C4=CC(=O)CCC4(C)C3CCC21C,medroxyprogesterone,0.9150399684906004,0.5472200855612754,0.943059539794922,0.9395742297172548,0.941316545009613,0.8958546042442321,0.944071888923645,0.947758424282074,0.9713614583015442,0.9812585473060608,0.9829595446586608,0.9838737845420836,0.9600619316101074,0.95011864900589,0.949511742591858,0.9673800468444824,0.919420611858368,0.9480177402496338
CCN(CC)CCNC(=O)c1c(C)[nH]c(/C=C2\C(=O)Nc3ccc(F)cc32)c1C,sunitinib,0.7403978988528251,0.4640997603535652,0.9224417448043823,0.9519376158714294,0.961556363105774,0.9524916887283326,0.9533578276634216,0.9337932109832764,0.9709303975105286,0.9799955248832702,0.9825958013534546,0.9766308546066284,0.967023241519928,0.9708906650543212,0.9677660584449768,0.9652417778968811,0.9693447470664978,0.9647737979888916
C=C1c2c(Cl)ccc(O)c2C(=O)C2=C(O)[C@]3(O)C(=O)C(C(N)=O)=C(O)[C@@H](N(C)C)[C@@H]3[C@@H](O)[C@H]12,meclocycline,0.5825220815837383,0.1951090767979622,0.2911058232188225,0.1259914115071296,0.2963302046060562,0.3350773692131042,0.3315328627824783,0.6140137314796448,0.6262155830860138,0.8524735689163208,0.9240086317062378,0.9182644486427308,0.6667252302169799,0.6581335127353668,0.7997104048728942,0.7734299421310424,0.711799168586731,0.5472061038017273
C[C@H](CC#CC(C)(C)O)[C@H]1CC[C@@H]2/C(=C/C=C3C[C@@H](O)C[C@H](O)C3)CCC[C@@]21C,inecalcitol,0.3792737364768982,0.1888896495103836,0.3303808197379112,0.1408627226948738,0.3607158899307251,0.445592799782753,0.4277687966823578,0.600761604309082,0.5603346914052963,0.731437873840332,0.8093453109264374,0.8271506071090698,0.6564649164676666,0.6221397012472153,0.7124935388565063,0.5545103430747986,0.6592930972576141,0.6019053995609284
NCCc1cnc[nH]1,SIDER123,0.6052048183977604,0.3241352021694183,0.4682069450616836,0.2720241844654083,0.6506867200136185,0.5188694298267365,0.5736244082450866,0.8292582392692566,0.8668003559112549,0.9559356451034546,0.964937150478363,0.9605948448181152,0.8437671422958374,0.8280994772911072,0.9125614523887634,0.9241575121879576,0.8550559759140015,0.784751546382904
CCCCCCCCCCCCCCCC(=O)N[C@@H](CCC(=O)NCCCC[C@H](NC(=O)[C@H](C)NC(=O)[C@H](C)NC(=O)[C@H](CCC(N)=O)NC(=O)CNC(=O)[C@H](CCC(=O)O)NC(=O)[C@@H](CC(C)C)NC(=O)[C@H](Cc1ccc(O)cc1)NC(=O)[C@H](CO)NC(=O)[C@H](CO)NC(=O)[C@@H](NC(=O)[C@H](CC(=O)O)NC(=O)[C@H](CO)NC(=O)[C@@H](NC(=O)[C@H](Cc1ccccc1)NC(=O)[C@@H](NC(=O)CNC(=O)[C@H](CCC(=O)O)NC(=O)[C@H](C)NC(=O)[C@@H](N)Cc1cnc[nH]1)[C@@H](C)O)[C@@H](C)O)C(C)C)C(=O)N[C@@H](CCC(=O)O)C(=O)N[C@@H](Cc1ccccc1)C(=O)N[C@H](C(=O)N[C@@H](C)C(=O)N[C@@H](Cc1c[nH]c2ccccc12)C(=O)N[C@@H](CC(C)C)C(=O)N[C@H](C(=O)N[C@@H](CCCNC(=N)N)C(=O)NCC(=O)N[C@@H](CCCNC(=N)N)C(=O)NCC(=O)O)C(C)C)[C@@H](C)CC)C(=O)O,liraglutide,0.114897920191288,0.1328756526112556,0.1600768014788627,0.0856568068265914,0.2718814104795456,0.4934533238410949,0.1615457192063331,0.8253060340881347,0.8071015477180481,0.9196860909461976,0.938469624519348,0.9531986355781557,0.7730892896652222,0.7719432473182678,0.8866897821426392,0.8809486150741577,0.7353881597518921,0.4804184436798095
CCCCCCCCCCCCCCCC(=O)N[C@@H](CCC(O)NCCCC[C@H](NC(=O)[C@H](C)NC(=O)[C@H](C)NC(=O)[C@H](CCC(N)=O)NC(=O)CNC(=O)[C@H](CCC(=O)O)NC(=O)[C@H](CC(C)C)NC(=O)[C@H](Cc1ccc(O)cc1)NC(=O)[C@H](CO)NC(=O)[C@H](CO)NC(=O)[C@@H](NC(=O)[C@H](CC(=O)O)NC(=O)[C@H](CO)NC(=O)[C@@H](NC(=O)[C@H](Cc1ccccc1)NC(=O)[C@@H](NC(=O)CNC(=O)[C@H](CCC(=O)O)NC(=O)[C@H](C)NC(=O)[C@@H](N)Cc1c[nH]cn1)[C@@H](C)O)[C@@H](C)O)C(C)C)C(=O)N[C@@H](CCC(=O)O)C(=O)N[C@@H](Cc1ccccc1)C(=O)N[C@H](C(=O)N[C@@H](C)C(=O)N[C@@H](Cc1c[nH]c2ccccc12)C(=O)N[C@@H](CC(C)C)C(=O)N[C@H](C(=O)N[C@@H](CCCN=C(N)N)C(=O)NCC(=O)N[C@@H](CCCN=C(N)N)C(=O)NCC(=O)O)C(C)C)[C@@H](C)CC)C(=O)O,liraglutide,0.1161919027566909,0.1627867490053177,0.1953678414225578,0.1180374547839164,0.3904588431119918,0.5816212713718414,0.2222148418426513,0.8430734753608704,0.8286545753479004,0.9270885825157166,0.9455451726913452,0.9530429363250732,0.8421605229377747,0.8379253387451172,0.9087812066078186,0.8850994825363159,0.8005060672760009,0.6220181226730347
CSCC[C@H](NC(=O)[C@H](CO)NC(=O)[C@H](Cc1ccc(O)cc1)NC(=O)CCN)C(=O)N[C@@H](CCC(=O)O)C(=O)N[C@@H](Cc1c[nH]cn1)C(=O)N[C@@H](Cc1ccccc1)C(=O)N[C@@H](CCCNC(=N)N)C(=O)N[C@@H](Cc1c[nH]c2ccccc12)C(=O)NCC(=O)N[C@@H](CCCCN)C(=O)N1CCC[C@H]1C(=O)N[C@H](C(=O)NCC(=O)N[C@@H](CCCCN)C(=O)N[C@@H](CCCCN)C(=O)N[C@@H](CCCCN)C(=O)NCCCCN)C(C)C,alsactide,0.2626567333936691,0.3478674501180648,0.340763783454895,0.2176213771104812,0.557743713259697,0.3897217184305191,0.4139257878065109,0.6240937978029251,0.7407323569059372,0.8632489562034606,0.8055860161781311,0.8505828619003296,0.72282475233078,0.7228650867938995,0.6799237608909607,0.715835452079773,0.5350319862365722,0.4945748180150985
O=C[C@H](O)[C@@H](O)[C@H](O)CO,xylose,0.1156935945153236,0.163563448190689,0.1665137469768524,0.1444601237773895,0.2936304926872253,0.3434086740016937,0.3491483390331268,0.5830623269081116,0.6415199756622314,0.7224598884582519,0.8403618931770325,0.811172342300415,0.5795981466770173,0.5396012246608735,0.6946908533573151,0.5161436676979065,0.4710489094257354,0.45538911819458
CCCCC[C@H](O)/C=C/[C@@H]1[C@H]2C/C(=C/CCCC(=O)O)O[C@H]2C[C@H]1O,epoprostenol sodium,0.1442147262394428,0.3537313550710678,0.5446257829666138,0.1473199665546417,0.7067660093307495,0.8455522418022156,0.4677627354860306,0.8715767621994018,0.8011168658733367,0.9656971096992492,0.9709847450256348,0.964413559436798,0.8235077500343323,0.905724024772644,0.9483981490135192,0.94504656791687,0.9433797121047972,0.838373863697052
CCc1cc2c(cc1CC)CC(NCC(O)c1ccc(O)c3[nH]c(=O)ccc13)C2,SIDER338,0.0751719981431961,0.1783149942755699,0.2588980227708816,0.198121528327465,0.8530401468276978,0.6846656024456024,0.3378785789012909,0.8581451416015625,0.9112592935562134,0.9679587006568908,0.9764381408691406,0.9743918061256408,0.9081817030906676,0.9280058979988098,0.9589919567108154,0.950524365901947,0.9444148302078248,0.7957647621631623
CC[C@H](C)[C@H](NC(=O)[C@@H]1CCCN1C(=O)CNC(=O)[C@H](Cc1ccccc1)NC(=O)[C@H](CC(N)=O)NC(=O)[C@H](CC(N)=O)NC(=O)[C@H](CO)NC(=O)[C@H](CO)NC(=O)[C@H](Cc1c[nH]cn1)NC(=O)[C@@H](NC(=O)[C@H](CC(C)C)NC(=O)[C@H](Cc1ccccc1)NC(=O)[C@H](CC(N)=O)NC(=O)[C@H](C)NC(=O)[C@H](CC(C)C)NC(=O)[C@H](CCCNC(=N)N)NC(=O)[C@H](CCC(N)=O)NC(=O)[C@@H](NC(=O)[C@H](C)NC(=O)[C@@H]1CSSC[C@H](NC(=O)[C@@H](N)CCCCN)C(=O)N[C@@H](CC(N)=O)C(=O)N[C@@H]([C@@H](C)O)C(=O)N[C@@H](C)C(=O)N[C@@H]([C@@H](C)O)C(=O)N1)[C@@H](C)O)C(C)C)C(=O)N[C@@H](CC(C)C)C(=O)N1CCC[C@H]1C(=O)N1CCC[C@H]1C(=O)N[C@H](C(=O)N[C@@H](CC(N)=O)C(=O)N[C@H](C(=O)NCC(=O)N[C@@H](CO)C(=O)N[C@@H](CC(N)=O)C(=O)N[C@H](C(=O)N[C@@H](Cc1ccc(O)cc1)C(N)=O)[C@@H](C)O)C(C)C)[C@@H](C)O,pramlintide,0.2938362568616867,0.3580621898174286,0.3010451346635818,0.4238250285387039,0.7432757437229156,0.6914906978607178,0.4807970494031906,0.8396838426589965,0.8936163902282714,0.9267531037330629,0.9454443454742432,0.9577070116996764,0.8949313521385193,0.8432755947113038,0.912699031829834,0.8293683052062988,0.7827590346336365,0.7037526667118073
OC[C@H]1O[C@@H](O[C@@H]2[C@@H](CO)O[C@](O)(CO)[C@H]2O)[C@H](O)[C@@H](O)[C@H]1O,lactulose,0.3893971905112267,0.3147687166929245,0.3299746587872505,0.3951191931962967,0.7458343982696534,0.5987663686275482,0.4089354127645492,0.7399853944778443,0.8359064579010009,0.9242003202438356,0.9038341760635376,0.927530002593994,0.8612840890884399,0.8013007640838623,0.803869879245758,0.7961664795875549,0.6734635770320893,0.6815082132816315
C=CC(=O)Nc1cc(Nc2ncc(C(=O)OC(C)C)c(-c3cn(C)c4ccccc34)n2)c(OC)cc1N(C)CCN(C)C,mobocertinib succinate,0.4133155718445778,0.4139522194862365,0.5130521476268768,0.5154555082321167,0.6386351525783539,0.6405252039432525,0.7458075165748597,0.5632412791252136,0.6736209332942963,0.845835292339325,0.8757785797119141,0.7775251746177674,0.7535173833370209,0.751935476064682,0.764219868183136,0.6613745898008346,0.7565512716770172,0.8108273267745971
OC[C@H]1O[C@@H](O)[C@H](O)[C@@H](O)[C@@H]1O,beta-d-glucose,0.1797887712717056,0.2424808979034423,0.2974979817867279,0.3154450446367264,0.5105311423540115,0.4824176967144012,0.8658604264259339,0.517190358042717,0.7143135249614716,0.8579153537750244,0.9110976576805114,0.7873015642166138,0.7161021530628204,0.675822776556015,0.7599589467048645,0.6844958007335663,0.7146984696388244,0.7923611044883728
CCN(CC)C(=O)Nc1ccc(OCC(O)CNC(C)(C)C)c(C(C)=O)c1,SIDER402,0.0638769969344139,0.161656741797924,0.2903542891144752,0.273557073995471,0.308928794413805,0.2999909043312073,0.4693954020738601,0.3831994473934174,0.4104482173919678,0.5344874609261752,0.5584754906594753,0.479326631128788,0.3916253976523876,0.4393155507743359,0.4721910089254379,0.3585161708295345,0.4656422019004821,0.4913511749356985
CCOc1ccc(Nc2ccc(/C(=C3/C=C/C(=[N+](/CC)Cc4cccc(S(=O)(=O)O)c4)C=C3C)c3ccc(N(CC)Cc4cccc(S(=O)(=O)O)c4)cc3C)cc2)cc1,brilliant blue g,0.4769821729511022,0.5378366604447364,0.7264520049095153,0.5916930064558983,0.6021267622709274,0.6258672416210175,0.8090370237827301,0.7403861284255981,0.788133853673935,0.9017242550849914,0.9158226490020752,0.8750194907188416,0.7428587526082993,0.7803911417722702,0.824274080991745,0.780679902434349,0.8003270328044891,0.8511974930763244
CC(C)CC(NC(=O)C(CCCCN)NC(=O)CNC(=O)C(CC(C)C)NC(=O)C(NC(=O)C1CSSCC(N)C(=O)NC(CO)C(=O)NC(CC(N)=O)C(=O)NC(CC(C)C)C(=O)NC(CO)C(=O)NC(C(C)O)C(=O)N1)C(C)C)C(=O)NC(CO)C(=O)NC(CCC(N)=O)C(=O)NC(CCC(=O)O)C(=O)NC(CC(C)C)C(=O)NC(Cc1c[nH]cn1)C(=O)NC(CCCCN)C(=O)NC(CC(C)C)C(=O)NC(CCC(N)=O)C(=O)NC(C(=O)NC(Cc1ccc(O)cc1)C(=O)N1CCCC1C(=O)NC(CCCNC(=N)N)C(=O)NC(C(=O)NC(CC(N)=O)C(=O)NC(C(=O)NCC(=O)NC(CO)C(=O)NCC(=O)NC(C(=O)N1CCCC1C(N)=O)C(C)O)C(C)O)C(C)O)C(C)O,calcitonin (salmon),0.9177305459976196,0.9376716852188112,0.9260321140289308,0.9313661694526671,0.9579676866531373,0.9580703377723694,0.9647551894187928,0.9584232091903686,0.9658035278320312,0.9785121321678162,0.985541331768036,0.9818516969680786,0.9749839425086976,0.975900948047638,0.973997151851654,0.9625138640403748,0.9731853365898132,0.9695776462554933
COCCCOc1cc(C[C@H](C[C@H](N)[C@@H](O)C[C@H](C(=O)NCC(C)(C)C(N)=O)C(C)C)C(C)C)ccc1OC,SIDER534,0.926659619808197,0.941369330883026,0.9454657793045044,0.942957592010498,0.9575686573982238,0.9630186438560486,0.97018563747406,0.9577379941940308,0.9716862678527832,0.980734360218048,0.986025893688202,0.9821059703826904,0.9748723149299622,0.9747385382652284,0.9746697664260864,0.9695297598838806,0.9726930022239684,0.9726120948791503
C/C=C/C(=O)N(CC)C(CC)C(=O)N(C)C,crotetamide,0.8344415068626404,0.8563473343849182,0.8171992897987366,0.8652711272239685,0.9443746924400328,0.9394672870635986,0.942026138305664,0.9353469967842102,0.9308154225349426,0.9791083693504332,0.9790415287017822,0.9723832726478576,0.9494449019432069,0.946106231212616,0.9574405789375304,0.9600647568702698,0.9577173829078676,0.9540201544761656
CC(CN(C)C)C(C)(O)Cc1ccc(Cl)cc1,clobutinol,0.6637435138225556,0.7166476905345917,0.7368700981140137,0.7284886837005615,0.8779975175857544,0.8995201706886291,0.8928378343582153,0.8648101687431335,0.8882327198982238,0.955131220817566,0.9665616989135742,0.956693994998932,0.902303981781006,0.8926483631134033,0.9203986406326294,0.892521071434021,0.918888223171234,0.9154284477233888
CCCCC(CC)COC(=O)c1ccc(Nc2nc(Nc3ccc(C(=O)NC(C)(C)C)cc3)nc(Nc3ccc(C(=O)OCC(CC)CCCC)cc3)n2)cc1,iscotrizinol,0.0202609103173017,0.0883936529979109,0.207011941075325,0.2962942732498049,0.3944692255929112,0.5393325133249164,0.6682842021808029,0.4183681566268206,0.6652654709294439,0.7188585933297873,0.7648963946849108,0.7279667176306248,0.4038768166676164,0.5876145835965871,0.6969536025077104,0.5158051323145628,0.6174672551453113,0.5342391667887568
C=CCN1CCCC1CNC(=O)c1cc(S(N)(=O)=O)cc(OC)c1OC,veralipride,0.1827309221029281,0.3584343940019607,0.4732199490070343,0.4416896015405654,0.6071749806404114,0.5614337921142578,0.6876051962375641,0.5882616162300109,0.7611178994178772,0.904940402507782,0.893864107131958,0.8549340009689331,0.6939364612102509,0.7197689831256866,0.8116405725479126,0.7690752625465394,0.7684818387031556,0.7133298695087433
CNC(=O)CN(CCN(CCN(CC(=O)O)CC(=O)NC)CC(=O)O)CC(=O)O,SIDER783,0.062007737159729,0.3284891724586486,0.4920015066862106,0.243622824549675,0.6920960634946823,0.6015248715877533,0.759592467546463,0.8244616627693176,0.8280901193618775,0.9491879343986512,0.9725337743759156,0.9556801319122314,0.6489239573478699,0.7654361367225647,0.9220317721366882,0.9142254114151,0.9201032638549804,0.8426663756370545
CN(C)CCO,deanol,0.5767193228006363,0.3526473864912987,0.3503551878035068,0.4858015239238739,0.5277320578694343,0.6930489659309387,0.5441390991210937,0.4987354218959808,0.3240376681089401,0.8171504139900208,0.8919657230377197,0.799394953250885,0.6881813704967499,0.7008126318454743,0.7901034355163574,0.6755992203950882,0.7349706172943116,0.7137039124965667
CC(C)[C@@H]1NC(=O)[C@H](C)OC(=O)[C@@H](C(C)C)NC(=O)[C@@H](C(C)C)OC(=O)[C@H](C(C)C)NC(=O)[C@H](C)OC(=O)[C@@H](C(C)C)NC(=O)[C@@H](C(C)C)OC(=O)[C@H](C(C)C)NC(=O)[C@H](C)OC(=O)[C@@H](C(C)C)NC(=O)[C@@H](C(C)C)OC1=O,valinomycin,0.5452376306056976,0.3439793229103088,0.3902486205101013,0.5950127482414246,0.6164779186248779,0.6091967642307281,0.5444811522960663,0.5905071496963501,0.7089674860239029,0.8727133870124817,0.9024480581283568,0.8389962375164032,0.8686836361885071,0.8644118905067444,0.8639510631561279,0.7180934488773346,0.836405336856842,0.7627166152000427
O=c1ncnc2[nH][nH]cc1-2,SIDER261,0.482088802754879,0.2221379578113556,0.2510725572705269,0.4693381547927856,0.540373009443283,0.5058987498283386,0.4421198323369026,0.4611493825912475,0.4865904182195663,0.6582495450973511,0.625372925400734,0.6203398704528809,0.5982230454683304,0.5715314537286759,0.5662502765655517,0.5388494491577148,0.5475996851921081,0.5760819002985954
COc1cc2c(cc1O)CCNC21CSC2c3c(OC(C)=O)c(C)c4c(c3C(COC1=O)N1C(O)C3Cc5cc(C)c(OC)c(O)c5C(C21)N3C)OCO4,SIDER529,0.9237977981567382,0.9245152473449708,0.9379528760910034,0.9437840223312378,0.9607766747474672,0.9533774614334106,0.9483091592788696,0.9552379846572876,0.9677523493766784,0.9786073207855224,0.9816974997520448,0.98034565448761,0.973051929473877,0.9686867594718932,0.9668948650360109,0.9596371531486512,0.9592782258987428,0.9609562039375306
C[C@]12CC[C@H]3[C@@H](CCC4=CC(=O)C=C[C@@]43C)[C@@H]1CC[C@@H]2OC1=CCCC1,quinbolone,0.5222939923405647,0.4229431986808777,0.6100830197334289,0.623721045255661,0.7151529848575592,0.6164226353168487,0.6070525035262108,0.7516424775123596,0.7470936566591263,0.8357510924339294,0.8141514033079147,0.858484935760498,0.7699955701828003,0.7485885828733444,0.7398092567920684,0.7259242475032807,0.6449093073606491,0.6905934929847717
CO[C@H]1C[C@@H]2CC[C@@H](C)[C@@](O)(O2)C(=O)C(=O)N2CCCC[C@H]2C(=O)O[C@H]([C@H](C)C[C@@H]2CC[C@@H](OP(C)(C)=O)[C@H](OC)C2)CC(=O)[C@H](C)/C=C(\C)[C@@H](O)[C@@H](OC)C(=O)[C@H](C)C[C@H](C)/C=C/C=C/C=C/1C,ridaforolimus,0.584956431388855,0.4633100479841232,0.5730203866958619,0.556356143951416,0.6885028660297394,0.5916227161884308,0.5405036747455597,0.6862841725349427,0.655894610285759,0.7989347517490387,0.8096968710422516,0.8054846107959748,0.7546587765216828,0.7203845798969268,0.7428175628185272,0.6941958844661713,0.647214698791504,0.667936024069786
NC(N)=NCc1cccc(I)c1,SIDER641,0.3597912013530731,0.2031705290079117,0.3723473191261292,0.5731557726860046,0.708659553527832,0.490970778465271,0.3837571412324905,0.5809121489524841,0.7272223949432373,0.9334912419319152,0.9326852798461914,0.9399861097335817,0.7677978277206421,0.7540171623229981,0.8015023231506347,0.8376230001449585,0.6692955374717713,0.7294470787048339
CC(=O)N1N=C(c2ccc(N)cc2)c2cc3c(cc2C[C@H]1C)OCO3,talampanel,0.3530623853206635,0.254475337266922,0.3647102355957031,0.3867896676063537,0.4659037470817566,0.4110621929168701,0.4988878309726715,0.420496854186058,0.4719879865646362,0.7033330857753753,0.6905158042907715,0.6367523014545441,0.5422555387020112,0.5053175926208496,0.5554583251476288,0.4921679049730301,0.5173175871372223,0.5187152922153473
NC(=O)c1c(OCc2c(F)cc(Br)cc2F)nsc1NC(=O)NCCCCN1CCCC1,cp-547632,0.3711782351136207,0.2842676341533661,0.407073974609375,0.5513578742742539,0.5915942490100861,0.4883451700210571,0.6260848581790924,0.4481470942497253,0.4915427505970001,0.8014193058013916,0.8312095403671265,0.6633254408836364,0.5906781435012818,0.5993271887302398,0.6624922275543212,0.5989165008068085,0.6567118406295777,0.63312668800354
CCN(CC)CCS(=O)(=O)[C@@H]1CCN2C(=O)c3coc(n3)CC(=O)C[C@H](O)/C=C(C)/C=C/CNC(=O)/C=C/[C@@H](C)[C@@H](C(C)C)OC(=O)[C@@H]12,dalfopristin,0.0640581309795379,0.1224459655582904,0.1092534646391868,0.1528802722692489,0.2674957111477852,0.211878752708435,0.2783712476491928,0.2354721345007419,0.2850019097328186,0.4416677571833133,0.4914889797568321,0.4291233196854591,0.3179584257304668,0.2810087069869041,0.3679614879190921,0.2908985167741775,0.284287416934967,0.3353487111628055
CNC(=O)c1ccc(N2C(=S)N(c3ccc(C#N)c(C(F)(F)F)c3)C(=O)C2(C)C)cc1F,SIDER220,0.5708691239356994,0.6462140619754791,0.6618581533432006,0.6611120581626893,0.7550119280815124,0.7086647987365723,0.7854479670524597,0.7609643697738647,0.7874983310699463,0.9196152925491332,0.9396476507186888,0.918497395515442,0.8712973117828369,0.8548191905021667,0.8693541288375854,0.8538190484046936,0.8117490768432617,0.8727049231529236
N=C(N)c1ccc(OCCCOc2ccc(C(=N)N)cc2Br)c(Br)c1,SIDER710,0.3108099073171615,0.379890576004982,0.2389512106776237,0.3788573950529098,0.6571380853652954,0.6063930809497833,0.622850525379181,0.6500884473323822,0.5428143501281738,0.8976827025413513,0.898774242401123,0.89591383934021,0.8037332057952881,0.7576956391334534,0.7849108695983886,0.6775492310523987,0.7006840586662293,0.6747143924236297
OCC1OC(O)C(F)C(O)C1O,SIDER795,0.4299406692385673,0.4352737069129944,0.3799812316894531,0.5033391743898392,0.68860644698143,0.636760002374649,0.646912157535553,0.6919815182685852,0.617112684249878,0.8998717188835144,0.9227394819259644,0.9174780130386352,0.8439287662506103,0.7576488852500916,0.777666175365448,0.6785686671733856,0.6786680161952973,0.7432512283325196
C=CC(N)CCC(=O)O,SIDER1174,0.2509857952594757,0.2558265060186386,0.296094086766243,0.4397706121206283,0.6190746307373047,0.5751555979251861,0.6519834101200104,0.6225978791713714,0.5498785644769668,0.8785673379898071,0.894571590423584,0.852988314628601,0.688889455795288,0.6730670750141143,0.7438357532024383,0.65949467420578,0.7051062762737275,0.6301833152770996
CC(C)(C)NO,n-t-butylhydroxylamine,0.2344365403056144,0.2111421033740043,0.3725508794188499,0.4965260088443756,0.6712134182453156,0.6564588010311126,0.6523142755031586,0.6198746383190155,0.6218360185623169,0.9141471028327942,0.9421560049057008,0.9266536712646484,0.7740330576896668,0.7108648300170899,0.7733803153038025,0.7354698896408081,0.6474860966205597,0.7255070626735687
O=C(O)C1N=C(c2ccccc2)c2cc(Cl)ccc2NC1=O,SIDER447,0.1051404580473899,0.5269819080829621,0.4129285156726837,0.6860891848802566,0.6953788936138153,0.7396037340164184,0.8105343461036683,0.4704704165458679,0.3712116450071335,0.9024887800216674,0.8969833850860596,0.7566624879837036,0.5302416026592255,0.5314745604991913,0.6771369576454163,0.5887790054082871,0.6567637324333191,0.7350745558738708
CCCC(=O)N1CCCN(c2nc(N)c3cc(OC)c(OC)cc3n2)CC1,bunazosin,0.111675413697958,0.4807290315628051,0.4016410589218139,0.4743058532476425,0.5079274356365204,0.5374800980091095,0.7399342268705368,0.4849786698818207,0.3318301618099212,0.789284735918045,0.7893035352230072,0.6733439028263092,0.4196581423282623,0.4556663185358047,0.6725633203983307,0.5960098966956139,0.6313233077526093,0.6318078637123108
O=C1CN=C(c2ccccc2Cl)c2cc([N+](=O)[O-])ccc2N1,SIDER443,0.0345665957778692,0.330345094203949,0.2778110355138778,0.4382021129131317,0.6084589540958405,0.6632528901100159,0.8121532201766968,0.4602585792541503,0.286826080083847,0.9038282871246338,0.915410590171814,0.7993244171142578,0.3968391150236129,0.4873323976993561,0.737108838558197,0.637360829114914,0.7218182802200317,0.7286425828933716
O=C1CN=C(c2ccccc2)c2cc(Cl)ccc2N1CC(F)(F)F,halazepam,0.0435488980263471,0.0872123323380947,0.0963686048984527,0.1600435931235551,0.1920782096683979,0.2067598797380924,0.2364159889519214,0.1592928156256675,0.0955407194793224,0.3673339359462261,0.2765518076717853,0.2084084644913673,0.1504506766796112,0.1721722118556499,0.2115269042551517,0.1946376044303178,0.2410237707197666,0.2466698966920376
OCCN(CCO)c1nc(N2CCCCC2)c2nc(N(CCO)CCO)nc(N3CCCCC3)c2n1,SIDER508,0.1801514163613319,0.4213685691356659,0.3641668051481247,0.4512790739536285,0.6082048058509827,0.6440724670886994,0.5267848104238511,0.4583085179328918,0.3833011016249656,0.7541677236557007,0.6301320910453796,0.5380728036165238,0.4823568105697632,0.5001812100410461,0.5834123611450195,0.5717707127332687,0.6046114444732666,0.5243584007024765
CCCCCCC(=O)OCCN1CCN(CCCN2c3ccccc3Sc3ccc(C(F)(F)F)cc32)CC1,fluphenazine enanthate,0.1039247408509254,0.0849246874451637,0.5309927821159363,0.6731032431125641,0.7249526441097259,0.6748646110296249,0.8176657378673553,0.5464140385389328,0.4582052305340767,0.9557603120803831,0.9659192562103271,0.8824392437934876,0.7305484294891358,0.7869393229484558,0.8471192717552185,0.9073972821235656,0.9234180927276612,0.904388916492462
O=c1[nH]c2ccccc2n1CCCN1CCC(n2c(=O)[nH]c3cc(Cl)ccc32)CC1,SIDER518,0.2464060768485069,0.3085819691419601,0.556941556930542,0.671442049741745,0.5554261922836303,0.5518503725528717,0.7552180618047715,0.352052155137062,0.4071033209562301,0.9178232550621032,0.9289426565170288,0.8574792385101319,0.6445233881473541,0.7093411684036255,0.7930781722068787,0.7946411371231079,0.8460547089576721,0.8186814308166503
Cc1cc2c(s1)=Nc1ccccc1NC=2N1CCN(C)CC1,SIDER905,0.3902822405099869,0.5984319999814034,0.5768659383058548,0.7585405647754669,0.7440500736236573,0.7475193977355957,0.920743203163147,0.6190647006034851,0.6259166717529296,0.9445548772811888,0.9536288499832152,0.8975247025489808,0.7575730741024017,0.7695207715034484,0.8395498633384705,0.8542337536811828,0.8730860352516174,0.8873293995857239
O=NN(CCCl)C(=O)NC1CCCCC1,SIDER748,0.1618514478206634,0.3333719536662102,0.4278890043497085,0.5218611985445023,0.5038187950849533,0.5234897613525391,0.7571239590644836,0.353494518995285,0.3808341577649116,0.8718518614768982,0.8778846740722657,0.6630880296230316,0.5791104704141616,0.586017182469368,0.657075834274292,0.6681956052780151,0.7694401860237121,0.807693600654602
CC(C)n1nccc1-c1ncccc1COc1cccc(O)c1C=O,voxelotor,0.622358524799347,0.5709027588367462,0.6215761572122573,0.7367045819759369,0.7495205402374268,0.7193927228450775,0.7729101657867432,0.5670974493026734,0.5631558477878571,0.8905468463897706,0.8892421960830689,0.7818055987358093,0.8124849200248718,0.740542185306549,0.7549235582351684,0.6337291657924652,0.7395687103271484,0.7805953979492187
C=CC(=O)N1CCC([C@@H]2CCNc3c(C(N)=O)c(-c4ccc(Oc5ccccc5)cc4)nn32)CC1,zanubrutinib,0.7383623838424682,0.7889083623886108,0.7561248302459717,0.8628466606140137,0.8899563193321228,0.9080010890960694,0.9096697092056274,0.7670760214328766,0.7649551391601562,0.9533612728118896,0.9629971146583556,0.93910413980484,0.918137228488922,0.9166865348815918,0.9266169786453248,0.9019355654716492,0.932036530971527,0.9198029398918152
CC(CN(C)C)CN1c2ccccc2Sc2ccccc21,SIDER845,0.6380713015794754,0.7478159368038177,0.6404709309339524,0.9100906372070312,0.9343957901000975,0.934903919696808,0.9565551161766052,0.7442855477333069,0.7428947985172272,0.9697404026985168,0.9732226014137269,0.9552173733711242,0.9287456750869753,0.902887177467346,0.886655867099762,0.9010793924331664,0.9372946143150328,0.9492857813835144
CN[C@]1(c2ccccc2Cl)CCCCC1=O,esketamine,0.0616188660264015,0.4265332296490669,0.477790230512619,0.911751663684845,0.953729808330536,0.9527100563049316,0.943524408340454,0.925239872932434,0.933184576034546,0.9771013855934144,0.9831758260726928,0.9751073837280272,0.9374079465866088,0.9464419722557068,0.962807023525238,0.9503771662712096,0.9583002686500548,0.9481605052947998
CC(=O)N[C@@H](CCCNC(=N)N)C(=O)N[C@H]1CSSC[C@@H](C(N)=O)NC(=O)[C@H](Cc2c[nH]c3ccccc23)NC(=O)[C@H](CCCNC(=N)N)NC(=O)[C@@H](Cc2ccccc2)NC(=O)[C@H](Cc2cnc[nH]2)NC(=O)[C@@H](C)NC1=O,setmelanotide,0.5465646892786026,0.6597950100898743,0.6425805777311325,0.8229072213172912,0.8819501876831055,0.8645081996917725,0.8938223242759704,0.8123618543148041,0.8773901224136352,0.9680452466011048,0.969849979877472,0.958708381652832,0.9058336019515992,0.921609354019165,0.93936687707901,0.9352842807769776,0.9425349593162536,0.9085644602775572
CCN1C(=O)C(C)(C)c2cc3[nH]c4c(c3cc21)CCCc1c(C)n[nH]c1-4,aki-001,0.3487085163593292,0.5095122694969177,0.5355321288108825,0.8694115161895752,0.9062974333763124,0.8786252021789551,0.8199580192565918,0.7436450719833374,0.8228946805000306,0.9458752036094664,0.9435764670372008,0.9206726789474488,0.895916473865509,0.8973918199539185,0.8988795042037964,0.888552474975586,0.90325288772583,0.8888441443443298
CC(=O)Nc1c(I)cc(I)c(C(=O)O)c1I,acetrizoic acid,0.3567018061876297,0.3710763990879059,0.5962287247180938,0.8646755695343018,0.91425541639328,0.8553488492965698,0.6878821134567261,0.8758955836296082,0.7858921587467194,0.9583171606063844,0.9586807489395142,0.958169138431549,0.8169247388839722,0.7885682702064514,0.8529173374176026,0.900388765335083,0.7642168045043946,0.7319153189659119
NC(=O)NC[C@@H]1CCCc2cc(S(=O)(=O)c3cccc(F)c3)ccc21,landipirdine,0.0876004591584205,0.1854927793145179,0.2711843743920326,0.4341813579201698,0.4905478745698929,0.4977956503629684,0.4294194430112839,0.430137699842453,0.398042707145214,0.6177625209093094,0.5545432806015015,0.5521768718957901,0.4701597183942795,0.4253168970346451,0.5058537304401398,0.4445011630654335,0.4486459106206893,0.4377891659736633
O=C(CCCl)NCc1ccccc1,beclamide,0.2347800329327583,0.331463074684143,0.4987334072589874,0.8513316750526428,0.8636375308036804,0.8320844769477844,0.6626008033752442,0.7079943954944611,0.6886283874511718,0.948020589351654,0.9486301064491272,0.9259618759155274,0.8357691764831543,0.818254292011261,0.877948772907257,0.879596495628357,0.809361481666565,0.8173133969306946
CCN1C(=O)NC(c2ccccc2)C1=O,SIDER560,0.7718314409255982,0.8675236344337464,0.8821436047554017,0.9024371027946472,0.943549346923828,0.9427881360054016,0.933737087249756,0.9249351382255554,0.8909248232841491,0.9757736325263976,0.9757547020912172,0.9661683797836303,0.9378326416015624,0.9249572515487672,0.9396292686462402,0.9461686253547668,0.9279353260993958,0.9430190563201905
CC(=O)Nc1cc(-c2ccncc2)c[nH]c1=O,acetylamrinone,0.118850502371788,0.3641730576753616,0.4918664574623108,0.6100829184055329,0.8154224634170533,0.722096961736679,0.6326743543148041,0.7137086153030395,0.5639947056770325,0.9180611610412598,0.9068437337875366,0.8685858726501465,0.7300050735473633,0.7002494096755981,0.771095484495163,0.7797869324684144,0.7611040592193603,0.7058479964733124
OCC(F)(F)F,trifluoroethanol,0.1453142523765564,0.4362290501594543,0.4616706877946853,0.7715301394462586,0.8460437893867493,0.8506197571754456,0.710553503036499,0.823240089416504,0.5640624105930329,0.9440499305725096,0.95556081533432,0.9446790456771852,0.8321802258491516,0.8077974319458008,0.8554148316383362,0.825379204750061,0.8099609971046448,0.8153085231781005
C=CC1CN2CCC1CC2C(O)c1ccnc2ccc(OC)cc12,SIDER160,0.0494852922856807,0.297554525732994,0.2777791902422905,0.5636490762233735,0.791041898727417,0.6969180345535279,0.7079867422580719,0.5895958781242371,0.3833660840988159,0.9383582830429076,0.9460047841072082,0.8799720525741577,0.6963621795177459,0.7593504428863526,0.8568065643310547,0.8424728751182556,0.8636824369430542,0.8407146096229553
CNC(=O)CCC(=O)N[C@@H](Cc1ccccc1)[C@H](O)CN(CC1CC1)S(=O)(=O)c1ccco1,n-{(1s;2r)-1-benzyl-3-[(cyclopropylmethyl)(2-furylsulfonyl)amino]-2-hydroxypropyl}-n'-methylsuccinamide,0.1885577969253063,0.2965152084827423,0.2947645351290703,0.6224752694368363,0.7166013896465302,0.7029789566993714,0.5449954837560653,0.5932562470436096,0.4032872229814529,0.8302500486373902,0.8533354163169861,0.8145440101623536,0.5932444036006927,0.6156304955482483,0.6931467592716217,0.6482305020093918,0.6492337971925736,0.6622044086456299
CN1CCCC(CN2c3ccccc3Sc3ccccc32)C1,mepazine,0.9071899294853212,0.9127694964408876,0.9258806109428406,0.9568683862686156,0.9608314037322998,0.9553712368011474,0.9676730513572692,0.927736222743988,0.9431914925575255,0.9783634424209596,0.979692530632019,0.9727545738220216,0.9579359769821169,0.9480483651161192,0.9504550337791444,0.953693401813507,0.9487279295921326,0.9578808546066284
CCN(CC)CC(=O)Nc1c(C)cccc1C,SIDER676,0.1245251849293708,0.2473805710673332,0.3764518544077873,0.540833467245102,0.576696266233921,0.5415432721376419,0.5686399430036545,0.4486525595188141,0.3255448639392853,0.756440269947052,0.735585230588913,0.6302381336688996,0.4429542541503906,0.4525180518627166,0.5359928220510483,0.5389205977320671,0.5670877188444138,0.563031455874443
NC(=O)NC1NC(=O)NC1=O,allantoin,0.1066164538264274,0.3282831996679306,0.480474066734314,0.6387094676494598,0.7365010499954223,0.6304723560810089,0.6863053739070892,0.5539470374584198,0.4735915035009384,0.884609043598175,0.8939028859138489,0.7893571555614471,0.7282930374145508,0.6899179339408874,0.6753459334373474,0.5758206129074097,0.7220139026641845,0.8444515943527222
CC(Cc1ccccc1)(NC(=O)CN)c1ccccc1,remacemide,0.094371335953474,0.1011761359870433,0.190429276227951,0.1971489027142524,0.223277598619461,0.2071330338716507,0.2323568657040596,0.2161581099033355,0.1921957924962044,0.3606339931488037,0.4078703761100769,0.3482345506548882,0.3019052371382713,0.2477578639984131,0.2784368336200714,0.1490560054779052,0.2346591308712959,0.2942599400877952
Cc1c(OCC(F)(F)F)ccnc1C[S+](O)c1nc2ccccc2[nH]1,lansoprazole,0.947150421142578,0.957332956790924,0.963679587841034,0.9690660953521728,0.9680858850479126,0.966926908493042,0.9724804401397704,0.9635051608085632,0.9687285661697388,0.9804865717887878,0.9855812430381776,0.9826753616333008,0.9785831689834594,0.9732839107513428,0.9714166283607484,0.9655048370361328,0.9709551692008972,0.9781318545341492
C=CCOC(=O)C(C)(C)OC(=O)c1cc(-n2c(=O)cc(C(F)(F)F)n(C)c2=O)ccc1Cl,butafenacil,0.2896486468613147,0.4170657262206078,0.3803139135241508,0.5483051732182502,0.5898143887519837,0.5673506528139114,0.5987848371267319,0.5189812004566192,0.4808615148067474,0.7468048572540283,0.7800883531570435,0.7313218742609024,0.605393984913826,0.586746671795845,0.6380079418420792,0.5254665493965149,0.5803411900997162,0.5887274712324142
NC1(C(=O)O)CC1,1-aminocyclopropanecarboxylic acid,0.1587694525718689,0.2867017060518265,0.2829403534531593,0.4941597461700439,0.5211714535951615,0.4948394626379013,0.4811757117509841,0.4533171236515045,0.3440311834216117,0.6571809232234955,0.6698476403951645,0.6460984230041504,0.552019938826561,0.5167638957500458,0.529258644580841,0.4715576663613319,0.4481535643339157,0.4976451590657234
CC(C)(/C=C(\C#N)C(=O)N1CCC[C@@H](n2nc(-c3ccc(Oc4ccccc4)cc3F)c3c(N)ncnc32)C1)N1CCN(C2COC2)CC1,rilzabrutinib,0.0589044667780399,0.083193514496088,0.124365571886301,0.1964166730642318,0.1963022589683532,0.1971143960952758,0.2184280708432197,0.2000884473323822,0.1864087551832199,0.3239885717630386,0.3253666788339615,0.2697563141584396,0.2015117436647415,0.2161158055067062,0.287481302022934,0.1580378606915474,0.2338169783353805,0.232310676574707
CC(C)c1cc(C(C)C)c(S(=O)(=O)N[C@@H](Cc2cccc(C(=N)N)c2)C(=O)N2CCN(C(=O)CCN)CC2)c(C(C)C)c1,[2;4;6-triisopropyl-phenylsulfonyl-l-[3-amidino-phenylalanine]]-piperazine-n'-beta-alanine,0.323822158575058,0.3828660666942596,0.4627244025468826,0.5245026648044586,0.5950195878744126,0.5481668531894683,0.5894416093826294,0.6148866236209869,0.5590656846761703,0.7134709596633911,0.6903844118118286,0.6902636885643005,0.6387215435504914,0.6059620320796967,0.6214193165302276,0.5173262774944305,0.5666903614997864,0.5922465205192566
CC(C=CC1=C(C)CCCC1(C)C)=CC=CC(C)=CC(=O)O,SIDER1138,0.3580044865608215,0.7472466945648193,0.6751730740070343,0.6916194498538971,0.8914378523826599,0.8232660174369812,0.6735759258270264,0.9362614750862122,0.9348196744918824,0.9562514662742616,0.970032286643982,0.972133469581604,0.8689737915992737,0.8944315075874328,0.921769332885742,0.8974422574043274,0.7965457916259766,0.8139082908630371
CCCCC[C@@H](O)[C@H]1C(=O)O[C@H](C)[C@@H](O)/C=C/C=C/C=C/C=C/C=C(\C)[C@@H](O)[C@H](O)[C@H](O)C[C@H](O)C[C@H](O)C[C@H](O)C[C@H](O)C[C@@H]1O,pentamycin,0.0973666213452816,0.5521822422742844,0.5055485963821411,0.5442495077848435,0.7866527318954468,0.852526867389679,0.5200214445590973,0.9147823452949524,0.8714595913887024,0.9495398163795472,0.9559635639190672,0.964361608028412,0.8712138175964356,0.8803147196769714,0.9174012899398803,0.8551526308059693,0.8545717835426331,0.7692813992500305
CC(C)[C@H](N)C(=O)OCCOCn1cnc2c(=O)[nH]c(N)nc21,valacyclovir hydrochloride,0.0430091936141252,0.426078325510025,0.4144092351198196,0.6967965289950371,0.8156181037425995,0.7934160500764846,0.4884943425655365,0.9062389612197876,0.7152601540088653,0.9260998249053956,0.9540734648704527,0.9559335470199584,0.7549411535263062,0.7711143583059311,0.8762536764144897,0.7965530455112457,0.8395823061466217,0.7903857111930848
Cc1ccc2c(=O)c3cccc(CC(=O)O)c3oc2c1C,vadimezan,0.0674983948469162,0.5820224359631538,0.4787048771977424,0.9207647919654848,0.9416010260581972,0.918351674079895,0.6786034047603607,0.8855943322181702,0.7772017061710358,0.9565503716468812,0.9578168630599976,0.9618940234184266,0.8632452249526977,0.7530718386173249,0.8785129189491272,0.7967962265014649,0.7615523338317871,0.7670291423797607
N#Cc1c(N(CC(=O)O)CC(=O)O)sc(C(=O)O)c1CC(=O)O,SIDER800,0.1004805959761142,0.6410262227058411,0.5947178363800049,0.7631858468055726,0.93851420879364,0.921706247329712,0.6785867273807525,0.9281853079795838,0.9133041024208068,0.9651678919792176,0.9699156880378724,0.9685116887092592,0.8762570977210998,0.8661915063858032,0.9196990489959715,0.9163261651992798,0.7923077523708344,0.8461183547973633
NCC(N)=O,glycinamide,0.0676221892237663,0.1940200015902519,0.1530686974525451,0.245132540166378,0.6844352066516877,0.6287600636482239,0.5307878255844116,0.7454753279685974,0.6639963209629058,0.8976066708564758,0.901931655406952,0.9378450989723206,0.6553424656391144,0.5939619302749634,0.7301776170730591,0.6776636183261872,0.5845357596874237,0.5805535048246384
O=C(O[C@@H]1C[N+]2(CCCOc3ccccc3)CCC1CC2)C(O)(c1cccs1)c1cccs1,SIDER1008,0.0812855526804924,0.1598853066563606,0.1686148554086685,0.1865156605839729,0.6393299609422683,0.7147456884384156,0.5613519191741944,0.7469171106815338,0.784764689207077,0.9162965297698976,0.9371307969093324,0.9304135918617248,0.7181403875350952,0.7593560695648194,0.81746506690979,0.770704734325409,0.6968603491783142,0.5646480619907379
CC1(C)S[C@@H]2[C@H](NC(=O)Cc3ccccc3)C(=O)N2[C@H]1C(=O)O,SIDER1236,0.0474935092031955,0.3162195861339569,0.2313538327813148,0.5018592178821564,0.8667155385017395,0.867830240726471,0.5384634137153625,0.9042891263961792,0.6853322088718414,0.9615293145179749,0.9619518041610716,0.965749967098236,0.5762987196445465,0.7006829500198364,0.8951871871948243,0.9184846758842468,0.6672292232513428,0.632360965013504
COc1cc(C2c3cc4c(cc3C(OC3OC5COC(C)OC5C(O)C3O)C3COC(=O)C23)OCO4)cc(OC)c1O,SIDER563,0.1026465222239494,0.2635584756731987,0.3891481950879097,0.5461759388446807,0.8400960206985474,0.707659637928009,0.4737782910466194,0.878814959526062,0.7694540977478027,0.9524609208106994,0.962692940235138,0.9692314863204956,0.6870368599891663,0.6969025135040283,0.837415611743927,0.8999563694000244,0.6241512954235077,0.5739237368106842
CC[C@H](C)C(=O)O[C@H]1C[C@@H](C)C=C2C=C[C@H](C)[C@H](CC[C@@H](O)C[C@@H](O)CC(=O)O)[C@H]21,mevinolinic acid,0.2678675785660743,0.576744019985199,0.6997833371162414,0.6225203096866607,0.7760157287120819,0.7155581831932067,0.6910290241241455,0.8125822901725769,0.883287501335144,0.9362668871879578,0.9398420453071594,0.949378514289856,0.8296900153160095,0.7616777777671814,0.8552300095558166,0.8174561738967896,0.6646026134490967,0.7550769925117493
CO[C@@H]1[C@@H](O[C@@H]2O[C@H](C)[C@@H](O[C@H]3C[C@@](C)(O)[C@@H](OC(=O)CC(C)C)[C@H](C)O3)[C@H](N(C)C)[C@H]2O)[C@@H](CC=O)C[C@@H](C)[C@@H](O)/C=C/C=C/C[C@@H](C)OC(=O)C[C@H]1O,kitasamycin,0.1557672664523124,0.2898531571030617,0.4202331602573395,0.486638805270195,0.6364151537418365,0.5338119536638259,0.415977931022644,0.5557391166687011,0.6709980994462967,0.8632696986198425,0.8956723928451538,0.9013296723365783,0.6368238151073455,0.6033348441123962,0.7019697904586792,0.6051171302795411,0.5372089207172394,0.5054874867200851
Cc1cc2c(cc1CC(=O)c1sccc1S(=O)(=O)Nc1onc(C)c1Cl)CCC2,sitaxentan sodium,0.1417505994439125,0.3003078877925872,0.3130563586950302,0.3511610507965088,0.5597291946411133,0.4733102142810821,0.5359712481498718,0.6437263071537018,0.6379560261964798,0.8157749891281127,0.8121292412281036,0.8241000473499298,0.5910434484481811,0.5399090230464936,0.6454361081123352,0.5240112483501435,0.5223543226718903,0.4744317263364792
C[C@@H]1O[C@H]2CC(=O)O[C@H]2C2=C1C(=O)c1c(O)c3c(c(O)c1C2=O)[C@H]1C[C@@H](O[C@H]2CC[C@H](O)[C@H](C)O2)[C@@]3(O)[C@@H](C)O1,granaticin b,0.3289769530296326,0.601292610168457,0.4828792870044708,0.6434110999107361,0.7818570733070374,0.7924619674682617,0.793966007232666,0.7759690761566163,0.7635412454605103,0.9254395604133606,0.9419276118278505,0.9429500222206116,0.8710132718086243,0.819367790222168,0.8472060680389404,0.7047816991806031,0.6984657883644104,0.8081345081329345
OCCN1CC(O)C(O)C(O)C1CO,SIDER343,0.7606520891189575,0.8625919222831726,0.8309982061386109,0.8621947169303894,0.9270167827606202,0.9318991065025328,0.9338818669319152,0.9135781168937684,0.9080365538597108,0.9664005637168884,0.9763288259506224,0.968584966659546,0.9480100512504578,0.92396901845932,0.9432756900787354,0.930938231945038,0.9293696880340576,0.9448086619377136
C[C@H]1[C@H](N2CCS(=O)(=O)CC2)O[C@@H]2O[C@@]3(C)CC[C@H]4[C@H](C)CC[C@@H]1[C@@]24OO3,artemisone,0.1422435045242309,0.4259113252162933,0.4170985758304596,0.4922813475131988,0.7646567106246949,0.6331065952777862,0.6253952115774155,0.637440538406372,0.6317631125450134,0.9223848462104798,0.9164230823516846,0.8580352187156677,0.7489160180091858,0.713778680562973,0.8074644088745118,0.7726758360862732,0.7701935172080994,0.7773053169250488
CCOC(=O)[C@H](CCc1ccccc1)N[C@@H](C)C(=O)N(CC(=O)O)C1Cc2ccccc2C1,delapril,0.0996281370520591,0.3560204058885574,0.5119190663099289,0.5899420499801635,0.7332269430160523,0.6463011860847473,0.5742405682802201,0.7491056561470032,0.6967141658067704,0.8748766779899597,0.8429087936878205,0.8624249696731567,0.6702946305274964,0.7096871316432953,0.7754002749919892,0.7355028450489044,0.6982193320989609,0.7037545084953308
CNC(=C[N+](=O)[O-])NCCSCc1csc(CN(C)C)n1,SIDER890,0.9326543927192688,0.9457121729850768,0.958124315738678,0.965462613105774,0.9739286541938782,0.9693584322929384,0.9656452775001526,0.9687063217163084,0.9718098163604736,0.9833524346351624,0.9865870952606202,0.983956229686737,0.977048635482788,0.9737085580825806,0.9740386128425598,0.9699049711227417,0.9696152329444884,0.9725563168525696
CC(C)(Oc1ccc(Cl)cc1)C(=O)OCCCOC(=O)C(C)(C)Oc1ccc(Cl)cc1,simfibrate,0.261465835571289,0.3191082268953323,0.2755747526884079,0.4156164616346359,0.6378631353378296,0.552582585811615,0.3593320310115814,0.6989610910415649,0.4700087130069733,0.88162180185318,0.900829303264618,0.8877162933349609,0.6683017015457153,0.6092683732509613,0.7063976049423217,0.6179340600967407,0.5188318014144897,0.5878933787345886
CNC(=O)[C@@H](NC(=O)[C@H](OCc1ccc(-c2ccsc2)cc1)[C@H](O)[C@@H](O)[C@@H](OCc1ccc(-c2ccsc2)cc1)C(=O)N[C@H](C(=O)NC)C(C)C)C(C)C,inhibitor bea409,0.1239848911762237,0.168714952468872,0.1217748500406742,0.1575159832835197,0.3254311218857765,0.3454635925590992,0.097099070250988,0.3301663279533386,0.1680667698383331,0.4745463870465755,0.4748586997389793,0.4597808800637722,0.3677996546030044,0.3278428502380848,0.4088924132287502,0.2925079349428415,0.3082767121493816,0.3014017473906278
C[C@@H](C(=O)NS(C)(=O)=O)c1ccc(OS(=O)(=O)C(F)(F)F)cc1,ladarixin,0.0718952819705009,0.0839413426816463,0.0811237931251525,0.1532082289457321,0.2922954231500625,0.237585437297821,0.0828625082969665,0.202050632238388,0.1048866167664527,0.3977278873324394,0.3120590806007385,0.2978571251034737,0.2196689590811729,0.1895695865154266,0.2479031786322593,0.2170686155557632,0.2229919984936714,0.1587796740233898
O=C1OC(c2ccc(O)cc2)(c2ccc(O)cc2)c2ccc([N+](=O)[O-])c3cccc1c23,3-diphenol-6-nitro-3h-benzo[de]isochromen-1-one,0.0778085984289646,0.124039788544178,0.1532870054244995,0.3360256016254425,0.5482691645622253,0.4461851358413696,0.189926254749298,0.3491793900728225,0.2719798177480698,0.7715821862220764,0.6228453755378723,0.5365051865577698,0.4188507497310638,0.3887674152851105,0.5133094310760498,0.5495026469230652,0.4400432050228119,0.4270163178443908
Cc1ccc(-c2ncccn2)c(C(=O)N2C[C@H](COc3ccc(F)cn3)CC[C@H]2C)c1,filorexant,0.0713448394089937,0.1801370739936828,0.2139079600572586,0.3106733411550522,0.6479682087898254,0.5882068753242493,0.3937206014990806,0.5831598281860352,0.4301193237304687,0.8765957117080688,0.8727676510810852,0.8509672045707702,0.5132903575897216,0.4801143527030945,0.6526593029499054,0.6103626191616058,0.5531558513641357,0.5988046109676362
Nc1nc(=O)c2c(CCc3ccc(C(=O)N[C@@H](CCC(=O)NC(CO)(CO)CO)C(=O)NC(CO)(CO)CO)cc3)c[nH]c2[nH]1,pemetrexed ditromethamine,0.2663528680801391,0.2864851415157318,0.2885359138250351,0.2828378811478614,0.473442792892456,0.4327143192291259,0.3586339712142944,0.4313290953636169,0.3112430840730667,0.5974988102912903,0.4961341917514801,0.5087493360042572,0.4259224355220795,0.400419270992279,0.4796246826648712,0.4208175510168075,0.4502142310142517,0.4025894701480865
CCCC(=O)OC[C@@H](OC(=O)CCC)[C@@H](OC(=O)CCC)[C@H](Cn1c2nc(=O)[nH]c(=O)c-2nc2cc(C)c(C)cc21)OC(=O)CCC,riboflavin tetrabutyrate,0.1329270645976066,0.2155453473329544,0.2296871215105057,0.3137811183929443,0.4353288233280182,0.4168045252561569,0.2758707880973816,0.4006939083337784,0.3094827651977539,0.559608843922615,0.5128233313560486,0.4742763757705688,0.4020030498504638,0.3978344649076462,0.4901023745536804,0.2895162880420684,0.453101846575737,0.3842892110347747
Nc1nc(N)c2nc(CNc3ccc(C(=O)N[C@@H](CCC(=O)O)C(=O)O)cc3)cnc2n1,aminopterin,0.1101617716252803,0.2474673599004745,0.3288202047348022,0.5912069261074067,0.7560324668884277,0.6756062626838684,0.4028315931558609,0.6509877622127533,0.5350900262594223,0.8585825800895691,0.8162882685661316,0.7454497337341308,0.6349974274635315,0.6493453502655029,0.7562791347503662,0.5736061334609985,0.6981438517570495,0.5801386952400207
CO[C@@H]1[C@H](OP(=O)(OC[C@H]2O[C@@H](n3cnc4c(N)ncnc43)C[C@@H]2O)SCOC(=O)OC(C)C)[C@@H](CO)O[C@H]1n1ccc(=O)[nH]c1=O,inarigivir soproxil,0.09922925978899,0.1626286834478378,0.2708097338676453,0.3793167173862457,0.4909123599529266,0.3552634626626968,0.2227073460817337,0.308339250087738,0.3588691383600235,0.5681780815124512,0.4134774565696716,0.4144144475460052,0.3825402319431304,0.400013992190361,0.4369567930698395,0.3160516411066055,0.3696274578571319,0.3281849712133408
O=c1cc(C(F)(F)F)c2cc(N(CC(F)(F)F)CC(F)(F)F)ccc2[nH]1,lgd-2226,0.0945535160601139,0.1587331086397171,0.1720066979527473,0.3114771232008934,0.4809666231274604,0.4145758152008056,0.2577751159667968,0.2877265632152557,0.2930582582950592,0.5907930552959442,0.4531423985958099,0.4024884223937988,0.3807551220059395,0.3736785277724266,0.4138145685195923,0.3215192869305611,0.4201623156666755,0.3111405953764915
CC[C@H](C)[C@H](NC(=O)[C@H](Cc1ccccc1)NC(=O)[C@H](CC(=O)O)NC(=O)[C@H](CCCNC(=N)N)NC(=O)[C@H](C)NC(=O)[C@H](C)NC(=O)[C@H](CC(C)C)NC(=O)[C@H](CC(N)=O)NC(=O)[C@H](CC(=O)O)NC(=O)[C@H](CC(C)C)NC(=O)[C@@H](NC(=O)[C@@H](NC(=O)[C@H](CC(N)=O)NC(=O)[C@H](CCSC)NC(=O)[C@H](CCC(=O)O)NC(=O)[C@H](CC(=O)O)NC(=O)[C@H](CO)NC(=O)[C@H](Cc1ccccc1)NC(=O)[C@H](CO)NC(=O)CNC(=O)[C@H](CC(=O)O)NC(=O)CNC(=O)[C@@H](N)Cc1c[nH]cn1)[C@@H](C)O)[C@@H](C)CC)C(=O)N[C@@H](CC(N)=O)C(=O)N[C@@H](Cc1c[nH]c2ccccc12)C(=O)N[C@@H](CC(C)C)C(=O)N[C@H](C(=O)N[C@@H](CCC(N)=O)C(=O)N[C@H](C(=O)N[C@@H](CCCCN)C(=O)N[C@H](C(=O)N[C@H](C(=O)N[C@@H](CC(=O)O)C(=O)O)[C@@H](C)O)[C@@H](C)CC)[C@@H](C)O)[C@@H](C)CC,teduglutide,0.0980305835604667,0.2268245548009872,0.2652805596590042,0.4119867712259292,0.7174451768398284,0.782752639055252,0.3796312302350998,0.6393941104412079,0.6134679198265076,0.949975311756134,0.9600521087646484,0.9349332332611084,0.8459776401519775,0.847375237941742,0.9160194039344788,0.9142123818397522,0.8918441295623779,0.8232355713844299
O=C(Nc1cnn2ccc(N3CCCC3c3cc(F)ccc3F)nc12)N1CC[C@H](O)C1,larotrectinib,0.1074229761958122,0.1476675659418106,0.188911971449852,0.2664794653654098,0.5736579120159149,0.5473727583885193,0.3640104502439499,0.3971718430519104,0.3539511680603027,0.8296635508537292,0.787461793422699,0.6812066078186035,0.5581362009048462,0.6072076439857483,0.7181578397750854,0.7090039819478988,0.7260371685028076,0.6659231424331665
C/C=C/C[C@@H](C)[C@@H](O)[C@H]1C(=O)N[C@@H](CC)C(=O)N(C)CC(=O)N(C)[C@@H]([C@@H](C)CC)C(=O)N[C@@H](C(C)C)C(=O)N(C)[C@@H](CC(C)C)C(=O)N[C@@H](C)C(=O)N[C@H](C)C(=O)N(C)[C@@H](CC(C)C)C(=O)N(C)[C@@H](CC(C)C)C(=O)N(C)[C@@H](C(C)C)C(=O)N1C,9-(n-methyl-l-isoleucine)-cyclosporin a,0.7384622722864151,0.724435317516327,0.7045401513576508,0.865650475025177,0.9071008682250976,0.8987862944602967,0.7587204903364182,0.8456272482872009,0.7889941751956939,0.9564745306968688,0.957507598400116,0.93273184299469,0.9232473492622376,0.9365739822387696,0.9288291096687316,0.898528265953064,0.93461891412735,0.8923988342285156
CCCNS(=O)(=O)Nc1ncnc(OCCOc2ncc(Br)cn2)c1-c1ccc(Br)cc1,SIDER1179,0.2610294923186302,0.1580992937088012,0.3845667630434036,0.7731928825378418,0.8670208930969239,0.7634567737579345,0.3287394776940345,0.5080282032489777,0.5849818736314774,0.9430873394012452,0.941148829460144,0.9282363414764404,0.8369527459144592,0.7954393625259399,0.8039383053779602,0.8257892251014709,0.7100371658802033,0.7631840109825134
CCOc1nc2cccc(C(=O)O)c2n1Cc1ccc(-c2ccccc2-c2nnn[nH]2)cc1,candesartan,0.0577490217983722,0.3723278641700744,0.1540282160043716,0.6164251446723938,0.8210042834281921,0.7798055291175843,0.2883666358888149,0.4860049441456794,0.4644932463765144,0.9050010323524476,0.888839066028595,0.8088340282440185,0.7804948925971985,0.7069778263568878,0.7643490970134735,0.7782198905944824,0.5604932487010956,0.6982780754566192
COC(=O)Nc1c(N)nc(-c2nn(Cc3ccccc3F)c3ncc(F)cc23)nc1N,vericiguat,0.1127350464463234,0.2643641710281372,0.1911106497049331,0.5769696593284607,0.7461110055446625,0.6185788631439209,0.4967926621437072,0.4784763991832733,0.441827791929245,0.8078234076499939,0.7009599268436432,0.7052779018878936,0.654255610704422,0.6238468021154404,0.6112411409616471,0.5015550851821899,0.5194798141717911,0.5720197081565856
C[C@@]12CC[C@@H]3[C@@](CC[C@H]4[C@@]3(C)CCC[C@@]4(C)C(=O)O)(CC1=O)C2,isosteviol,0.1897438406944274,0.1721840396523475,0.2350218474864959,0.2567437410354614,0.2958809792995452,0.2691612362861633,0.21175197660923,0.3063692510128021,0.2511673390865326,0.4770442605018615,0.3462602794170379,0.372326397895813,0.3300979554653168,0.2937358826398849,0.3265191197395324,0.2459506601095199,0.2678121864795685,0.2978415906429291
NC(=O)CC(N)C(=O)O,asparaginase,0.0835510037839412,0.0868287250399589,0.1303038455545902,0.1605723910033702,0.1691938295960426,0.1505795486271381,0.1203055635094642,0.1808137208223343,0.130800099670887,0.3075691759586334,0.2338062718510627,0.2316270187497139,0.2137747421860694,0.1635574162006378,0.1997051835060119,0.1418212734162807,0.1665982812643051,0.1640218064188957
Nc1nc2c(c(=O)[nH]1)N(C=O)[C@@H](CNc1ccc(C(=O)N[C@@H](CCC(=O)N[C@@H](CCC(=O)N[C@@H](CCC(=O)O)C(=O)O)C(=O)O)C(=O)O)cc1)CN2,triglu-5-formyl-tetrahydrofolate,0.1195432431995868,0.1006271764636039,0.1189179047942161,0.1249902211129665,0.2836533203721046,0.2332957938313484,0.1062939994037151,0.2982423365116119,0.1742550849914551,0.507262310385704,0.3420291006565094,0.355178427696228,0.2604216754436493,0.2424341142177581,0.3393372476100921,0.2683975964784622,0.2387392669916153,0.1845465943217277
Cc1ccc(C)c(OCCCC(C)(C)C(=O)O)c1,SIDER624,0.1151363372802734,0.1446230679750442,0.1946227997541427,0.2277708232402801,0.3195433616638183,0.2640151262283325,0.1751042351126671,0.2903856188058853,0.2056505143642425,0.5650032818317413,0.3867092698812485,0.4027357906103134,0.2793810337781906,0.2636118054389954,0.3567432284355163,0.2524356603622436,0.2742550373077392,0.2511170327663422
O=C(Nc1cc(C2CC2)n[nH]1)c1ccccc1,n-(5-cyclopropyl-1h-pyrazol-3-yl)benzamide,0.0573240712285041,0.0614244654774665,0.0736890584230423,0.0907351091504096,0.1472261637449264,0.1216547608375549,0.1029179126024246,0.1348664283752441,0.1150922939181327,0.2690291255712509,0.2266253173351287,0.225176590681076,0.1297394096851349,0.1230729907751083,0.1957304760813713,0.1409257810562849,0.1413175821304321,0.1175409138202667
O=C(O)CCC(=O)Nc1ccc(Br)cn1,4-[(5-bromopyridin-2-yl)amino]-4-oxobutanoic acid,0.0626479811966419,0.0875488847494125,0.1014055520296096,0.1245608851313591,0.1969308480620384,0.1891188681125641,0.1246348023414611,0.2309239655733108,0.121110351383686,0.3780560970306396,0.2948518097400665,0.3114931941032409,0.1740480691194534,0.1637295022606849,0.2516803532838821,0.1810188308358192,0.1838298767805099,0.1399450957775116
CC(C)(Oc1ccc(Cl)cc1)C(=O)O,aluminium clofibrate,0.0707062788307666,0.0888604968786239,0.1168801341205835,0.1735669124871492,0.1838988486677408,0.1454134993255138,0.1560066901147365,0.1824864983558654,0.1388775542378425,0.3663694947957993,0.2667396578937769,0.2817546218633652,0.1678996577858925,0.1339766692370176,0.1959906861186027,0.1246413744986057,0.1302651267498731,0.1431016251444816
COC(=O)Nc1nc2cc([S+](O)c3ccccc3)ccc2[nH]1,oxfendazole,0.0344875399023294,0.053308168053627,0.0596023969352245,0.0889221169054508,0.1271918326616287,0.1027746558189392,0.0678595669567585,0.1298717021942138,0.07442322447896,0.2993196003139019,0.1680961936712265,0.1879394270479679,0.1044230841100215,0.0877793610095977,0.126607746630907,0.0764164417982101,0.0734021857380867,0.0784857980906963
CC(C(=O)O)c1cccc(Oc2ccccc2)c1,SIDER571,0.0472540207207202,0.0820053845643997,0.0814808920025825,0.1242264792323112,0.1800187021493911,0.1586687698960304,0.1524410128593444,0.2198855102062225,0.1323864340782165,0.3868627190589905,0.3218729645013809,0.3417713522911071,0.1404928416013717,0.142046445608139,0.2420693904161453,0.1419097036123275,0.1413739174604416,0.1194013223052024
Cc1nccn1CCC(C(N)=O)(c1ccccc1)c1ccccc1,imidafenacin,0.0849906757473945,0.1161004915833473,0.1291426554322242,0.1580511733889579,0.1964627772569656,0.1712392255663871,0.1669921487569809,0.215790244936943,0.1645128786563873,0.324318528175354,0.2690393984317779,0.2906942814588547,0.1833261832594871,0.1669513702392578,0.2376659482717514,0.1380786016583442,0.1591207563877105,0.1639744877815246
CC(OC(=O)NCC1(CC(=O)O)CCCCC1)OC(=O)C(C)C,gabapentin enacarbil,0.0577489741146564,0.1445284247398376,0.1329964473843574,0.2427778244018554,0.3186137795448303,0.2772615373134613,0.2277796924114227,0.2971593707799911,0.1652333781123161,0.4987690329551696,0.4126046687364578,0.4065770030021667,0.2297612220048904,0.2151454031467437,0.3446419030427933,0.2149033308029174,0.2154446244239807,0.209642481803894
CCOCCOC(=O)/C=C/c1ccc(OC)cc1,cinoxate,0.10571299046278,0.1496475666761398,0.1852380752563476,0.2923401176929474,0.3365733832120895,0.2927804172039032,0.2113291591405868,0.3622617810964584,0.1842263489961624,0.5534850537776947,0.4162304103374481,0.4283497482538223,0.2750174522399902,0.2489383548498153,0.3479596048593521,0.260725536942482,0.2584685832262039,0.2485440462827682
O=C(O)c1ccc(-c2ccccc2Cl)o1,5-(2-chlorophenyl)furan-2-carboxylic acid,0.0486617788672447,0.0500831820070743,0.0454026468098163,0.0502377826720476,0.0712308138608932,0.0643060572445392,0.0644142001867294,0.0937418594956398,0.0573473408818244,0.1338115561753511,0.091670636087656,0.1180771633982658,0.0831038460135459,0.0617942370474338,0.0898979641497135,0.04551885984838,0.0592954896390438,0.0516498088836669
c1ccc(NCc2cccnc2)cc1,n-(pyridin-3-ylmethyl)aniline,0.0440486930310726,0.0450781218707561,0.0474491588771343,0.0558740206062793,0.0732262648642063,0.0602130994200706,0.0608369603753089,0.0879860788583755,0.0513786323368549,0.1620882458984852,0.1071098633110523,0.1213874846696853,0.0873376786708831,0.0656458467245102,0.0820772796869278,0.0467068705707788,0.0587635837495327,0.0623617731034755
COc1ccc(-c2nn(C3CCC3)c3ncnc(N)c23)cc1OC,1-cyclobutyl-3-(3;4-dimethoxyphenyl)-1h-pyrazolo[3;4-d]pyrimidin-4-amine,0.0381282094866037,0.0526591967791318,0.0501111339777708,0.0592931799590587,0.0800749234855175,0.0763479314744472,0.0768151402473449,0.0909347258508205,0.0720002695918083,0.1300446517765522,0.0885617427527904,0.1037988971918821,0.0753252543509006,0.0790007211267948,0.0993001610040664,0.0613195206969976,0.0709468744695186,0.0573436055332422
O=C(Nc1ccc(Oc2ccc(C(=O)O)c(C(=O)O)c2)c(NC(=O)c2cccc([N+](=O)[O-])c2)c1)c1cccc([N+](=O)[O-])c1,4-{2;4-bis[(3-nitrobenzoyl)amino]phenoxy}phthalic acid,0.0784172993153333,0.0565036848187446,0.0663624066859483,0.0787750534713268,0.1144080430269241,0.0912686813622713,0.0907923862338066,0.1352235212922096,0.0928558051586151,0.1827504687011241,0.1414259806275367,0.1449435383081436,0.1078248940408229,0.0990767490118742,0.1372778743505477,0.0915157847106456,0.1035938777029514,0.0651824980974197
CC12CCC(=O)C=C1C1CC1C1C2CCC2(C)C1C1CC1C21CCC(=O)O1,gianvi,0.0768371522426605,0.0828927218914032,0.240955913066864,0.2901508800685405,0.2936892122030258,0.2040230199694633,0.3605736643075943,0.2285210341215133,0.3698293536901474,0.7110207259654999,0.6675947189331055,0.6555663168430328,0.3881982803344727,0.3227165952324867,0.3772340595722198,0.3560202687978744,0.2884924814105034,0.3239235505461693
CN1C2=CC(=O)/C(=N\NC(N)=O)C=C2CC1S(=O)(=O)O,carbazochrome sulfonic acid,0.2278236843645572,0.2883816108107567,0.3772105425596237,0.4228433765470981,0.466320389509201,0.3487523153424263,0.3846652388572693,0.4263372778892517,0.4460028052330017,0.6443055003881455,0.6545096158981323,0.7333691328763962,0.4854804933071136,0.4299119457602501,0.4861084848642349,0.4102247595787048,0.335315828025341,0.4574105337262154
CC(=O)N[C@@H](Cc1ccccc1)C(=O)N[C@@H](Cc1ccc(C(F)(F)P(=O)(O)O)cc1)C(N)=O,n-acetyl-l-phenylalanyl-4-[difluoro(phosphono)methyl]-l-phenylalaninamide,0.1805591240525245,0.1658419594168663,0.384440740942955,0.3948953539133072,0.4071271985769272,0.2912442296743392,0.3364301711320877,0.3477159768342971,0.3355719566345215,0.7625273883342742,0.655726683139801,0.6068577945232392,0.3634275615215301,0.3896598905324936,0.4583991825580596,0.4330665081739425,0.3898597955703735,0.4503838449716568
CNCCON=c1c2ccccc2ccc2ccccc12,demexiptiline,0.0962204307317733,0.0980909049510955,0.2717057406902313,0.2845984011888504,0.2444074839353561,0.1792419344186782,0.2187925234436988,0.2789088249206543,0.1981663480401039,0.5226385772228241,0.429433923959732,0.462470269203186,0.2146626234054565,0.1980956614017486,0.258706784248352,0.2131060868501663,0.1854605168104171,0.2098938480019569
COc1cc(NS(C)(=O)=O)ccc1Nc1c2ccccc2nc2ccccc12,SIDER287,0.0449191436171531,0.0970746152102947,0.0683914214372634,0.0968361884355545,0.1543867275118828,0.2365236088633537,0.1125242061913013,0.1581299617886543,0.0758092209696769,0.4041624754667282,0.3473771244287491,0.2567327007651329,0.1509505778551101,0.1558116018772125,0.2590432733297348,0.1475888565182685,0.2018918007612228,0.1717152968049049
CCOc1ccccc1OCC1CNCCO1,viloxazine,0.0339509148150682,0.0454865105450153,0.0492226853966712,0.0611040532588958,0.0892597138881683,0.0870889008045196,0.0794169969856739,0.0874393656849861,0.0583472467958927,0.185702434182167,0.1701261609792709,0.1306544840335846,0.0887821525335312,0.0810220018029213,0.1265896379947662,0.0582051366567611,0.09419766664505,0.0917801983654499
COc1ccc(C2(c3ccc(OC)cc3)NC(=O)N(CCN3CCCCC3)C2=O)cc1,idanpramine,0.0536886401474475,0.0718537628650665,0.1003966651856899,0.1044438317418098,0.1367023155093193,0.1337486967444419,0.1302347332239151,0.1515739381313324,0.1356223985552787,0.2728938192129135,0.2455163717269897,0.2240986913442611,0.1523511692881584,0.1461274489760398,0.2129117727279663,0.1075983755290508,0.1456201046705246,0.1532396629452705
CCOC(=O)CN[C@@H](C(=O)N1CC[C@H]1C(=O)NCc1ccc(/C=N/NO)cc1)C1CCCCC1,ximelagatran,0.0597974732518196,0.0594973232597112,0.0612422816455364,0.0683501090854406,0.0741045575588941,0.0807253707200288,0.0778684724122285,0.0876695372164249,0.0613637022674083,0.1447825226932764,0.1161088965833187,0.1139656089246273,0.0978789150714874,0.0860830128192901,0.1002495273947715,0.0678430795669555,0.0912381432950496,0.082399732619524
CN(C)CCOC(C)(c1ccccc1)c1ccc(Cl)cc1,chlorphenoxamine,0.0822875306010246,0.0944406144320964,0.1006457224488258,0.1025462582707405,0.1626294165849685,0.1759939357638359,0.1496337339282036,0.1934314757585525,0.1311012834310531,0.4602547168731689,0.3317241787910461,0.299059721827507,0.1947455316781997,0.1843634605407715,0.2636258065700531,0.1703087225556373,0.1956513583660125,0.1895994514226913
Cc1c(N2C(=O)[C@@H]3[C@H](O)CCN3C2=O)ccc(C#N)c1Cl,bms-564929,0.0405287891626358,0.0389208257198333,0.0451478201895952,0.0479648422449827,0.0612502474337816,0.054323424398899,0.0636083841323852,0.0954338170588016,0.0534283604472875,0.1817077238112688,0.1217678070068359,0.1428586922585964,0.0671387806534767,0.061344976350665,0.0933922514319419,0.0773359071463346,0.0621274746954441,0.0532145600765943
Cc1cc(Nc2ncc(F)c(N[C@H]3[C@@H](C(N)=O)[C@@H]4C=C[C@H]3C4)n2)ccc1N1CCN(C)CC1,cenisertib,0.0657598830759525,0.0781987428665161,0.0907395832240581,0.0938478343188762,0.1096999533474445,0.1086784988641738,0.1271857485175132,0.1423312775790691,0.1084882251918315,0.2547350361943244,0.2373867385089397,0.2104001812636852,0.1378740683197975,0.1190361127257347,0.1608234301209449,0.1099400237202644,0.1216844320297241,0.1119411073625087
C[C@]12CCc3c(ccc4cc(O)ccc34)[C@@H]1CCC2=O,equilenin,0.043035252392292,0.0534809708595275,0.0956606276333332,0.108354440331459,0.1129048228263855,0.1039907276630401,0.1034863717854022,0.1331594318151474,0.1325098372995853,0.3882980316877365,0.3162900388240814,0.2891580924391747,0.134177603572607,0.1238699436187744,0.1815470233559608,0.1361794218420982,0.1262838512659073,0.1405764296650886
C/C=C/C(=O)N(CC)c1ccccc1C,crotamiton,0.0648243226110935,0.085986229032278,0.0969715289771556,0.1400682769715786,0.1862535923719406,0.1777205407619476,0.1403843015432357,0.219960506260395,0.1438000828027725,0.5355172842741013,0.4235970020294189,0.421791124343872,0.2018216416239738,0.1874490514397621,0.2962610930204391,0.2238658502697944,0.2156893491744995,0.1883048981428146
CC=CC(=O)N(CC)c1ccccc1C,SIDER461,0.0711945556104183,0.0934872440993785,0.1036353290081024,0.1465468436479568,0.1949579998850822,0.1904807657003402,0.1648684814572334,0.2316565990447998,0.1528163135051727,0.5703438460826874,0.4537564665079117,0.4508342564105987,0.2172658652067184,0.2024749964475631,0.3137918889522552,0.2396017402410507,0.2382556051015854,0.2099033683538436
CCOC(=O)NC,ethyl n-methylcarbamate,0.0455023404210805,0.0867181807756423,0.1127969726920127,0.2481361001729965,0.3712242379784584,0.2596725761890411,0.2262362763285637,0.3423428624868393,0.1470791548490524,0.750255286693573,0.7474178433418274,0.595093035697937,0.2216881960630417,0.2384243220090866,0.3910499513149261,0.3612279951572418,0.3063325643539428,0.2958176583051681
COc1cc2c(Oc3ccc4[nH]c(C)cc4c3F)ncnc2cc1OCCCN1CCCC1,cediranib,0.0608847774565219,0.0608888000249862,0.0743748046457767,0.0880852185189724,0.1259960941970348,0.1201410926878452,0.1356404304504394,0.113367061316967,0.0861291527748107,0.3143217749893665,0.2932278662919998,0.2104863591492176,0.1459766656160354,0.1355146825313568,0.1885134845972061,0.1427868418395519,0.1563486285507679,0.1621191151440143
CC[N+](CC)(CC(=O)Nc1c(C)cccc1C)Cc1ccccc1,denatonium,0.0446029979735612,0.0588522672653198,0.0786469608545303,0.0857254229485988,0.1051787570118904,0.112140192091465,0.104737514257431,0.1542391940951347,0.0822851091623306,0.4010653629899025,0.3257158160209655,0.2782995492219925,0.1243751421570777,0.1225549221038818,0.2215140402317047,0.1813522957265377,0.1951379612088203,0.146509638428688
CNc1ccc(-c2nc3ccc([18F])cc3s2)cc1,snubh-nm-333 f-18,0.0456709317862987,0.0621716305613517,0.0815090641379356,0.1167997039854526,0.1813192203640937,0.1380991205573082,0.113832388818264,0.1711288928985595,0.0886598721146583,0.5869855880737305,0.449249517917633,0.3270600736141205,0.1702833518385887,0.1566263809800148,0.2846334904432296,0.254994161427021,0.2028260245919227,0.1715188458561897
CC(C)(NC(=O)c1ccc2c(C3CCCCC3)c3n(c2c1)CCOc1ccccc1-3)C(=O)O,n-[(13-cyclohexyl-6;7-dihydroindolo[1;2-d][1;4]benzoxazepin-10-yl)carbonyl]-2-methyl-l-alanine,0.0502089127898216,0.0530735053122043,0.0693330131471157,0.0759583495557308,0.0949057459831237,0.0864682734012603,0.0788799449801445,0.0786937147378921,0.0769059248268604,0.1543099701404571,0.0952698417007923,0.1041846059262752,0.0948358453810215,0.0869951613247394,0.1089982204139232,0.0753280971199274,0.0912816688418388,0.0827570438385009
CC(C)(N)C(=O)N[C@@H](Cc1c[nH]cn1)C(=O)N[C@H](Cc1ccc2ccccc2c1)C(=O)N[C@H](Cc1ccccc1)C(=O)N[C@@H](CCCCN)C(N)=O,ipamorelin,0.0505920194089412,0.048023522645235,0.0550374291837215,0.0759590983390808,0.0942577879875898,0.0895299896597862,0.0788451045751571,0.0918384157121181,0.0974787056446075,0.1897603213787078,0.1047916989773511,0.1252413533627986,0.0952581882476806,0.0918378211557865,0.1140119738876819,0.0830292414873838,0.0827334746718406,0.0715023938566446
COc1cccc(-c2cc(F)c(Nc3ncccc3C(=O)O)c(F)c2)c1,farudodstat,0.0416607152670621,0.0506578393280506,0.0448861315846443,0.0692035138607025,0.0876897431910038,0.0859519526362419,0.0863842085003852,0.0881101794540882,0.0766115166246891,0.2088318847119808,0.1316800683736801,0.1307154946029186,0.0971924945712089,0.089025817066431,0.1153616741299629,0.0726099707186222,0.0871044062077999,0.0656630724668502
C#Cc1cccc(Nc2ncnc3cc(OC)c(OCCCCCCC(=O)NO)cc23)c1,cudc-101,0.060223151743412,0.0661615792661905,0.0776586137712001,0.1046866469085216,0.1281972512602806,0.0981871630996465,0.118946885317564,0.0968382284045219,0.105131721496582,0.1989890955388546,0.1292008601129055,0.1096720680594444,0.1320198655128479,0.1296335682272911,0.1467370688915252,0.0945171192288398,0.1316399030387401,0.1001190237700939
C[C@@H]1COC(Nc2ccc3ncnc(Nc4ccc(OCc5nccs5)c(Cl)c4)c3c2)=N1,varlitinib,0.0555235773324966,0.0716826260089874,0.0778938584029674,0.1447829693555831,0.2204892218112945,0.2249220624566078,0.1590896323323249,0.17626633644104,0.2342883452773094,0.5190766364336014,0.3679397135972976,0.3060142278671264,0.300231271982193,0.2498473539948463,0.2987276285886764,0.1704152688384056,0.2542602077126503,0.1982037872076034
CCNC(=O)c1n[nH]c(-c2cc(Cl)c(O)cc2O)c1N1CCNCC1,5-(5-chloro-2;4-dihydroxyphenyl)-n-ethyl-4-piperazin-1-yl-1h-pyrazole-3-carboxamide,0.0732569232583046,0.1003948509693145,0.0972331292927265,0.1249798856675624,0.185326275229454,0.1706404432654381,0.1287011310458183,0.1712657615542411,0.1429784968495369,0.2648978978395462,0.204284282028675,0.1921918183565139,0.1922034382820129,0.1712763279676437,0.2103585436940193,0.1336549088358879,0.1687412604689598,0.1578061893582344
COc1c(Nc2ccc(S(C)(=O)=O)nc2C)ncnc1OC1CCN(C(=O)OC(C)C)CC1,adp-597,0.0803652927279472,0.0952278479933738,0.1213292703032493,0.1485992029309272,0.2052728995680809,0.1907581284642219,0.1508059784770012,0.1811667665839195,0.1575760617852211,0.3268770456314087,0.2626401081681251,0.2216998904943466,0.2175965681672096,0.1939612954854965,0.2468391716480255,0.138782563060522,0.2258608728647232,0.1925238922238349
CCN1CCN(c2cc(-c3ccc(F)cc3)c3c(n2)CCCCCC3)CC1,blonanserin,0.0956348322331905,0.1719072088599205,0.133073815703392,0.2044744051992893,0.1752021856606006,0.1852996043860912,0.1673955470323562,0.1579825490713119,0.1146116323769092,0.2950454331934452,0.2209717839956283,0.1842450432479381,0.2031437486410141,0.1920619815587997,0.2310283467173576,0.1445138707756996,0.216403429210186,0.2038451164960861
O=C1Nc2ccccc2/C1=C1/Nc2ccccc2/C1=N\O,indirubin-3'-monoxime,0.0364666864275932,0.0461980655789375,0.0507298711687326,0.0642015103250742,0.0689261458814144,0.0875765845179557,0.0846013784408569,0.0657214142382145,0.0446477409452199,0.2075851306319237,0.1292064256966114,0.0973471611738205,0.0852106153964996,0.0864013507962226,0.1000969402492046,0.0674866706132888,0.1088675662875175,0.0915176667273044
CC(Cc1ccccc1)NN,pheniprazine,0.0642381221055984,0.0694522887468338,0.1138669602572917,0.1451474636793136,0.1363016456365585,0.1410218998789787,0.10962875187397,0.1393113180994987,0.0734495602548122,0.351382315158844,0.1933591201901436,0.1559309273958206,0.1370618909597397,0.1226937726140022,0.1662227004766464,0.1214686974883079,0.1547957494854927,0.1491768389940261
CC1=NN(c2ccc(C)c(C)c2)C(=O)/C1=N\Nc1cccc(-c2cccc(C(=O)O)c2)c1O,eltrombopag olamine,0.0500063184648752,0.072406543046236,0.0954632394015789,0.1250033125281334,0.1688395231962204,0.1318672746419906,0.0985121145844459,0.1147893950343132,0.0755768679082393,0.4412451758980751,0.2418785125017166,0.1705400139093399,0.1533980518579483,0.1553177192807197,0.2112350210547447,0.1892209865152835,0.1914492234587669,0.1503707408905029
CCCCCCCCCCCCSCC(COP(=O)(O)OC[C@H]1O[C@@H](n2cc(C)c(=O)[nH]c2=O)C[C@@H]1N=[N+]=[N-])OCCCCCCCCCC,fozivudine tidoxil,0.0762164652347564,0.1480055905878544,0.0929095759987831,0.1557360351085663,0.2817185878753662,0.297779643535614,0.2195800632238388,0.262888514995575,0.2530712813138961,0.5834887623786926,0.5189324140548706,0.4961158156394958,0.4076594918966293,0.3604916989803314,0.4265706211328506,0.2324062258005142,0.3158766850829124,0.2230367466807365
NC(C(=O)O)C(=O)O,2-aminopropanedioic acid,0.0771125465631485,0.0953982487320899,0.0973934471607208,0.1207851141691207,0.2475178599357605,0.2586090624332428,0.1329494476318359,0.2778568089008331,0.2879270136356354,0.6756810545921326,0.4892831146717071,0.5558822244405747,0.3921422183513641,0.3256692111492157,0.3841315627098083,0.2337100729346275,0.2182303518056869,0.1859536811709404
C[C@@H]1CN(Cc2ccc(F)cc2)[C@@H](C)CN1C(=O)c1cc2c(C(=O)C(=O)N(C)C)cn(C)c2cc1Cl,talmapimod,0.0498961053788662,0.0597310915589332,0.0680456094443798,0.0639789927750826,0.086008833348751,0.0880436599254608,0.102092657983303,0.113225619494915,0.1073335379362106,0.2149344503879547,0.1760527685284614,0.1738050684332847,0.1233298867940902,0.1169763050973415,0.1681705132126808,0.1009509120136499,0.118708823621273,0.0995449937880039
O=C(/C=C(\O)c1nnn[nH]1)c1c[nH]c2ccc(Cl)cc12,(2z)-1-(5-chloro-1h-indol-3-yl)-3-hydroxy-3-(1h-tetrazol-5-yl)-2-propen-1-one,0.0321062948554754,0.0383522257208824,0.0479775104671716,0.0519784480333328,0.05669248662889,0.0579916547983884,0.071050564199686,0.0682621374726295,0.0626113668084144,0.1166170630604028,0.0902587797492742,0.0976606626063585,0.0752379015088081,0.0705239955335855,0.0955431032925844,0.0482817746698856,0.0685688275843858,0.0628953199833631
CC(C)(C)c1onc(OCP(=O)(O)O)c1C[C@H](N)C(=O)O,2-amino-3-(5-tert-butyl-3-(phosphonomethoxy)-4-isoxazolyl)propionic acid,0.0355406627058982,0.035537789389491,0.039153965935111,0.04044144526124,0.0624779552221298,0.0607287414371967,0.0598710782825946,0.074800506979227,0.056531672924757,0.1008643437176942,0.0839110910892486,0.0984109252691269,0.070638271421194,0.0582637630403041,0.0848350554704666,0.0529885374009609,0.0569125980138778,0.0457534618675708
CC[C@H]1C[C@H](C)[C@@]2(NC1=O)O[C@@H](C[C@H](O)[C@@H](C)CC/C=C/C=C(\C)[C@@H]1C/C=C/C=C/[C@H](O)[C@H](C)[C@@H](O)[C@@H](CCC(C)=O)C(=O)N[C@@H](C(C)C)C(=O)N[C@@H](Cc3cccc(O)c3)C(=O)N3CCC[C@H](N3)C(=O)O1)[C@H](C)[C@H](O)[C@@H]2C,sanglifehrin a,0.0419696800410747,0.0477943785488605,0.0498141400516033,0.0516976453363895,0.0643369115889072,0.065010692179203,0.0713078133761882,0.0806689776480198,0.0707617849111557,0.1164312861859798,0.0973573952913284,0.1179714098572731,0.0888202883303165,0.0771712847054004,0.0981211110949516,0.0607990819960832,0.0679175667464733,0.0528041698038578
CC1(C)SCCN(S(=O)(=O)c2ccc(OCC#CCO)cc2)[C@H]1C(=O)NO,apratastat,0.0452475413680076,0.0408657863736152,0.0486635133624076,0.0467536732554435,0.0749756529927253,0.0729404598474502,0.0660116448998451,0.0975101560354232,0.0768606044352054,0.1293715193867683,0.1084418833255767,0.11085896641016,0.0833611756563186,0.0786067388951778,0.1125358045101165,0.0606647551059722,0.0792543910443782,0.0581398144364357
NCc1ccc(-c2cccs2)s1,1-(2;2'-bithiophen-5-yl)methanamine,0.0496048107743263,0.0464255444705486,0.0560606621205806,0.0535854969173669,0.0674388751387596,0.0633997350931167,0.0667309582233428,0.0888526976108551,0.0670088678598404,0.128062043339014,0.1143908686935901,0.1139743357896804,0.0884410470724105,0.0708186231553554,0.1026935487985611,0.0527760162949562,0.0729000352323055,0.0660811245441436
COc1ccc(CN2C3CC2CN(c2ccc(-c4cc(OCC(C)(C)O)cn5ncc(C#N)c45)cn2)C3)cn1,selpercatinib,0.0568800769746303,0.0623120434582233,0.0736163005232811,0.0808550983667373,0.0994447238743305,0.1003938376903534,0.0977174088358879,0.1139158442616462,0.1065077789127826,0.1340199954807758,0.1192053735256195,0.1224789679050445,0.1150049269199371,0.10597455650568,0.1431904569268226,0.0732191443443298,0.1056232780218124,0.0941377162933349
CN(C)[C@]1(c2ccccc2)CC[C@]2(CC1)OCCc1c3cc(F)ccc3[nH]c12,cebranopadol,0.0438046440482139,0.0406589373946189,0.0439060248434543,0.0466059803962707,0.0602435432374477,0.0664793349802494,0.0609023205935955,0.064000742137432,0.06410948112607,0.1003680594265461,0.0796445965766906,0.0869181931018829,0.08035454377532,0.0739097610116004,0.0931547835469246,0.0472494408488273,0.0722206085920333,0.0599880598485469
C[C@@H](Oc1cc(C(=O)Nc2ccc(C(=O)N3CCN(C)CC3)cc2)nnc1N)c1c(Cl)ccc(F)c1Cl,x-396,0.0521375782787799,0.0561438076198101,0.0580267544835805,0.0647340647876262,0.0826891906559467,0.091031938791275,0.092495497316122,0.1062147803604602,0.0864143848419189,0.1391409128904342,0.1249197356402874,0.1156036086380481,0.1013891622424125,0.09940872117877,0.1388883672654629,0.0743351988494396,0.1101018413901329,0.0851148542016744
O=C(CP(=O)(O)O)NO,phosphonoacetohydroxamic acid,0.0659167103469371,0.0637092627584934,0.0758427172899246,0.0817722260951995,0.1096860200166702,0.1174668177962303,0.1105959936976432,0.146327905356884,0.1185385450720787,0.1965036749839782,0.1726376175880432,0.1618770658969879,0.1495617404580116,0.1419562369585037,0.1884458810091018,0.0933613419532775,0.1317580550909042,0.1146363720297813
CNC(=O)c1cccc(-c2ccc3c(N4CCOC[C@@H]4C)nc(N4CCOC[C@@H]4C)nc3n2)c1,vistusertib,0.0795142479240894,0.1235287442803382,0.1350660316646099,0.1799274303019046,0.333156469464302,0.258331061899662,0.1509297162294388,0.3150685057044029,0.2782926559448242,0.4173034369945526,0.3874571338295937,0.3820413187146186,0.3307920038700104,0.2844357162714004,0.3281076788902283,0.1786614373326301,0.246372166275978,0.2513958588242531
C=CC(=O)N1C[C@H](Nc2ncnc3[nH]ccc23)CC[C@@H]1C,ritlecitinib tosylate,0.0766983151435852,0.0745575129985809,0.0915860518813133,0.1178687587380409,0.1590296141803264,0.1404278934001922,0.1153914868831634,0.1612513795495033,0.1353972747921943,0.235576944053173,0.1976711049675941,0.2094497412443161,0.1778240591287612,0.1521319359540939,0.1981768935918808,0.1144274175167083,0.1676256790757179,0.1317334145307541
N[C@@H](CC(=O)Nc1ccn([C@@H]2O[C@H](CO)[C@@H](O)[C@@H]2O)c(=O)n1)C(=O)O,aspacytarabine,0.0917447179555892,0.0907968282699585,0.1148381255567073,0.1275636658072471,0.1962663166224956,0.1871128797531128,0.1257818713784217,0.206536054611206,0.1324859671294689,0.2598561622202396,0.2422735147178173,0.2323932029306888,0.2138865403831005,0.1862683840095997,0.2418877661228179,0.1325599521398544,0.1877583071589469,0.1566106356680393
CCN(CC)CCNC(=O)c1cc([131I])c(NC(=O)c2ccc(F)cc2)cc1OC,ioflubenzamide i-131,0.0718047216534614,0.0567990645766258,0.0754447802901268,0.084755715727806,0.0872045546770095,0.0915887519717216,0.1038040876388549,0.0840060733258724,0.0800145119428634,0.1676895454525947,0.1536504179239273,0.1360872715711593,0.1390651971101761,0.1168582804501056,0.1427558094263076,0.0937364660203456,0.1248706817626953,0.1035182446241378
C[C@]12CC[C@H](O)C[C@H]1CC[C@@H]1[C@@H]2CC[C@]2(C)[C@@H](C3=CC(=O)OC3)CC[C@]12O,digitoxigenin,0.1391944207251071,0.1196049824357032,0.1473648607730865,0.1377271726727485,0.1435322061181068,0.1619471952319145,0.1507393911480903,0.1596216380596161,0.1346455641090869,0.3415494784712791,0.2848130881786346,0.2545207589864731,0.2262474253773689,0.196182869374752,0.261423946917057,0.1705620549619197,0.2252039685845375,0.2164027363061905
CNCCCC1(C)CN(c2ccccc2)c2ccccc21,daledalin,0.0510193690657615,0.0529198221862316,0.0700417295098304,0.0753070354461669,0.0812460877001285,0.0943158775568008,0.1109789974987506,0.0886575944721698,0.0753596998751163,0.1554297745227813,0.1328998282551765,0.1083172067999839,0.1047388836741447,0.0963146723806858,0.1262742906808853,0.0737948015332222,0.1139581672847271,0.1002531759440898
CC(C)c1nc2c(OCC3CCCCC3)nc(N)nc2[nH]1,6-(cyclohexylmethoxy)-8-isopropyl-9h-purin-2-amine,0.0394196774810552,0.0419723398983478,0.0549514926970005,0.0552877709269523,0.0579011514782905,0.0660281546413898,0.0686835922300815,0.0708452202379703,0.047237704694271,0.1142835855484008,0.0997386544942855,0.0868446849286556,0.0741797663271427,0.0719056993722915,0.0990573808550834,0.0585166726261377,0.0833848744630813,0.0707504943013191
Fc1ccccc1C1=NCC(=S)N(CC(F)(F)F)c2ccc(Cl)cc21,SIDER1013,0.0427328556776046,0.0585415132343769,0.0599445432424545,0.0698870562016964,0.0836178556084632,0.0898094967007637,0.0855650998651981,0.0921378016471862,0.0569386027753353,0.154751555621624,0.1331201672554016,0.1089589342474937,0.1055409118533134,0.1009318798780441,0.1362489342689514,0.0741288498044014,0.1202867060899734,0.0982899948954582
COc1ccc(C(=O)N/N=C/c2cc(Br)c(O)c(Br)c2O)cc1,n'-[(1e)-(3;5-dibromo-2;4-dihydroxyphenyl)methylidene]-4-methoxybenzohydrazide,0.0621003828942775,0.060028813779354,0.0769979603588581,0.0790343962609767,0.096476462483406,0.0932197108864784,0.0888908088207244,0.1007848441600799,0.0901391804218292,0.1765709534287452,0.1209472268819809,0.1178251698613166,0.1294882610440254,0.1175924062728881,0.1537971869111061,0.0834039807319641,0.1190899461507797,0.0992888003587722
COc1ccc(OC)c(CN(C)c2ccc3nc(N)nc(N)c3c2)c1,2;4-diamino-6-[n-(2';5'-dimethoxybenzyl)-n-methylamino]quinazoline,0.055270979553461,0.0725256994366645,0.0888273999094963,0.0936132974922657,0.1078996501863002,0.1086417317390441,0.1042040973901748,0.1089690953493118,0.0931964915245771,0.1558292306959629,0.1297959793359041,0.1208543643355369,0.1204677253961563,0.1151062294840812,0.1454174280166626,0.0826922170817852,0.1198865838348865,0.11433961763978
O=C(O)COc1c(C(=O)O)sc(-c2cccc(NC3CCCCC3)c2)c1Br,4-bromo-3-(carboxymethoxy)-5-[3-(cyclohexylamino)phenyl]thiophene-2-carboxylic acid,0.0289966057986021,0.0356009028851985,0.0388268869370222,0.0391860101372003,0.0498746443539857,0.0537587419152259,0.0463997475802898,0.0543914809823036,0.0361960288137197,0.0836679458618164,0.0592046823352575,0.0616662211716175,0.0560610249638557,0.0464721545577049,0.0674829266965389,0.0391976479440927,0.0546750247478485,0.0379753705114126
CCCCCC(=O)CC(=O)N[C@H]1CCOC1=O,3-oxo-octanoic acid (2-oxo-tetrahydro-furan-3-yl)-amide,0.0305111296474933,0.0336404681205749,0.0434812393039465,0.0390244353562593,0.0477784190326929,0.0504909515380859,0.0560889072716236,0.0569966539740562,0.0384117823094129,0.0744557991623878,0.0643224965780973,0.0589902237057685,0.0493993528187274,0.0492678675800561,0.0704457625746727,0.0403554990887641,0.061641851812601,0.0433678358793258
Cc1cccc(-c2nc(Nc3ccc4[nH]ncc4c3)c3ccccc3n2)n1,n-1h-indazol-5-yl-2-(6-methylpyridin-2-yl)quinazolin-4-amine,0.0327473811805248,0.045422239601612,0.0512220092117786,0.0529349617660045,0.079212612658739,0.0759284220635891,0.0692051753401756,0.0905549377202987,0.0590999133884906,0.1067758545279502,0.0955159552395343,0.0979239083826541,0.074011231213808,0.066275367885828,0.1032502219080925,0.0594628810882568,0.079783333837986,0.0571818709373474
CC(=O)N[C@H](CCCNC(=N)N)C(=O)N[C@H](CCCNC(=N)N)C(=O)N[C@H](CCCNC(=N)N)C(=O)N[C@H](CCCNC(=N)N)C(=O)N[C@H](CCCNC(=N)N)C(=O)N[C@H](CCCNC(=N)N)C(=O)N[C@H](CCCNC(=N)N)C(=O)N[C@H](CCCNC(=N)N)C(=O)N[C@H](CCCNC(=N)N)C(=O)N[C@@H]1CSSC[C@H](C(=O)N[C@H](CCCNC(=N)N)C(=O)N[C@H](CCCNC(=N)N)C(=O)N[C@H](CCCCN)C(=O)N[C@H](CC(N)=O)C(=O)O)NC(=O)[C@@H](CCC(N)=O)NC1=O,go-203-2c,0.0309664547443389,0.0492660243064165,0.0338964968919754,0.0410054840147495,0.053782819211483,0.0654229640960693,0.0514071192592382,0.0795706145465374,0.0326889541000127,0.1174265526235103,0.0887614212930202,0.0886378444731235,0.0638482898473739,0.0594143539667129,0.0805210508406162,0.0635674830526113,0.0708003044128418,0.0404010631144046
CN1C(C(=O)Nc2ccccn2)=C(O)c2sc(Cl)cc2S1(=O)=O,lornoxicam,0.0397713810205459,0.0448673766106367,0.0462920594960451,0.0407775722444057,0.0595881853252649,0.0607380174100399,0.0667787067592144,0.0871799312531948,0.0562646839767694,0.1447294734418392,0.1164813861250877,0.1287553630769252,0.076570588350296,0.0681087762117385,0.1260204434394836,0.0877271771430969,0.0945880956947803,0.0637126136571168
CN(C)C(=O)Oc1ccc[n+](C)c1,SIDER1010,0.0285325217992067,0.0310137912631034,0.0327235490083694,0.0294888064265251,0.0439994603395462,0.0499336525797843,0.0449879616498947,0.0651992913335561,0.0326489869505167,0.11866245418787,0.1035083562135696,0.0873891107738018,0.0552230730652809,0.0511377613991499,0.0822124414145946,0.0478447187691927,0.0753630977123975,0.0452286921441555
NC(=O)[C@@H]1C[C@@H](NC(=O)[C@@H](N)CCC/N=C(\N)N[N+](=O)[O-])CN1,l-n(omega)-nitroarginine-(4r)-amino-l-proline amide,0.0338721625506877,0.0444318778812885,0.0433045230805873,0.0382050823420286,0.0634858749806881,0.0690989464521408,0.0532233111560344,0.0854468952864408,0.0472686044871807,0.1261879295110702,0.1025166772305965,0.1003782659769058,0.0698043063282966,0.0684518665075302,0.1050220869481563,0.0601665768772363,0.0878614023327827,0.056492256745696
CNCCc1ccccn1,SIDER328,0.1289449378848076,0.0721776325255632,0.1122211679816246,0.0952581442892551,0.0986593514680862,0.1056867435574531,0.1609384953975677,0.1284245006740093,0.0985079556703567,0.2257908955216407,0.2053251080214977,0.1974275454878807,0.162566078454256,0.1339478179812431,0.1640013173222541,0.110986203700304,0.1344512414187192,0.148871311545372
c1ccc2c(c1)[I+]c1ccccc1-2,diphenyleneiodonium,0.0603911738842725,0.0629361733794212,0.0713489256799221,0.0676299907267093,0.0761667042970657,0.0916017014533281,0.1329619616270065,0.099652525037527,0.0705272376537323,0.2081720024347305,0.1966182425618171,0.1648413307964801,0.0917143709957599,0.0925071932375431,0.1436209321022033,0.0768928166478872,0.1168117523193359,0.1215588629245758
COC1=C(OC)C(=O)C(CCCCCCCCCC[P+](c2ccccc2)(c2ccccc2)c2ccccc2)=C(C)C1=O,mitoquinone,0.0232549209147691,0.0245680093765258,0.0270868968218565,0.0237159959971904,0.0232879256829619,0.0259924475103616,0.0354302395135164,0.0354008369147777,0.0266863612458109,0.0501217436045408,0.0526131894439458,0.0463917486369609,0.038447181135416,0.0293620992451906,0.0366720601916313,0.0203334538266062,0.0313345192000269,0.027882451750338
O=C1CC2(CCCC2)CC(=O)N1CCCCN1CCN(c2ncccn2)CC1,SIDER357,0.1372242555022239,0.2163912191987037,0.1174758747220039,0.1535703755915164,0.1993397630751133,0.2351886101067066,0.2900406911969185,0.2301428645849227,0.1551819577813148,0.4513678915798664,0.4261088229715824,0.3354229927062988,0.3292898491024971,0.2407932706177234,0.2876496255397797,0.1753561224788427,0.255276034027338,0.2191559251397848
COc1ccc(/C=C2\CCCN=C2c2cccnc2)c(OC)c1,gts-21,0.0479478627443313,0.0528904385864734,0.0572479277849197,0.0344675693660974,0.0403405614197254,0.0558132845908403,0.1082670412957668,0.1132951505482196,0.0694017238914966,0.2106249272823333,0.2322531856596469,0.1754847377538681,0.0803949058055877,0.0823307115584612,0.1375440619885921,0.1071071982383728,0.1256433591246605,0.0759148105978965
CC(C)c1c(O)cc(/C=C/c2ccccc2)cc1O,tapinarof,0.0263507705181837,0.0363889008760452,0.0437142424285411,0.0288712445646524,0.0421701591461896,0.0576139628887176,0.0837092570960521,0.1035593263804912,0.0535018324851989,0.2664761766791343,0.3863538764417171,0.3473094545304775,0.0628646090626716,0.0685343436896801,0.1927114531397819,0.0903404969722032,0.135296369343996,0.0733301781117916
CC(C)(C)OC(=O)N[C@@H](CC(=O)OCc1ccccc1)C(=O)N[C@@H](CCCCNC(=O)OCc1ccccc1)C(=O)OC(C)(C)C,reversin 121,0.0263223733752965,0.031732103601098,0.0401871673762798,0.0302531030029058,0.0399125218391418,0.0520543336868286,0.0897320948541164,0.0851011268794536,0.0565616503357887,0.1393805518746376,0.167311754822731,0.1712663605809211,0.0481002144515514,0.0623783886432647,0.1072587594389915,0.0755894310772418,0.0971175134181976,0.0568494334816932
Cc1cc(CCN2CCN(c3cccc(Cl)c3)CC2)n[nH]1,mepiprazole,0.0657314784824848,0.0828216969966888,0.0854596562683582,0.0783618681132793,0.0919947072863578,0.1132228836417198,0.1630613774061203,0.167167529463768,0.1377616912126541,0.3079894095659256,0.3324812740087509,0.3279507681727409,0.124016872048378,0.1203202575445175,0.2157440572977066,0.1359205693006515,0.1545233950018882,0.1233917325735092
CCC(C)C(C(=O)OCC[N+](C)(CC)CC)c1ccccc1,valethamate,0.0282598763704299,0.0429178807884454,0.0435448616743087,0.0331685069948434,0.0497337330132722,0.0854744084179401,0.1723782852292061,0.1119347870349884,0.0481359981000423,0.1685898512601852,0.3442778766155243,0.2001725137233734,0.0653269506990909,0.0701632492244243,0.1463368088006973,0.0753445446491241,0.1357153221964836,0.0872304707765579
CC(C)C[C@H](NC(=O)OCc1ccccc1)C(=O)N[C@@H](CC(C)C)C(=O)N[C@@H](Cc1ccc(O)cc1)C(=O)CF,n-[(benzyloxy)carbonyl]-l-leucyl-n-[(1s)-3-fluoro-1-(4-hydroxybenzyl)-2-oxopropyl]-l-leucinamide,0.029237001389265,0.0281324714422225,0.038320954889059,0.0295212555676698,0.0366137359291315,0.0371150009334087,0.0618154346942901,0.0600241102278232,0.0445247083902359,0.086359092593193,0.137630295753479,0.1002441331744194,0.0491201750934124,0.051715762913227,0.0814084760844707,0.0440227821469306,0.0598859675228595,0.0398797661066055
C[C@H](N)[C@H](O)c1ccccc1,phenylpropanolamine,0.0242252126336097,0.0309876456856727,0.0385373570024967,0.0314990758895874,0.0328603122383356,0.0485704164952039,0.0616209261119365,0.0691111803054809,0.0373453415930271,0.1029420245438814,0.1434286750853061,0.1142407052218914,0.0440465532243251,0.0470602381974458,0.092277742177248,0.0459658797830343,0.065858843922615,0.0459250021725893
N[C@@H](CS)C(=O)O,cysteine hydrochloride,0.070368755608797,0.0909453772008419,0.0826117947697639,0.0838351123034954,0.1333209618926048,0.1582695230841636,0.19984220713377,0.232603956758976,0.1829030722379684,0.3354303017258644,0.407243238389492,0.3981010586023331,0.1971670523285865,0.1810350239276886,0.265034681558609,0.1752780936658382,0.2020645678043365,0.1415380306541919
N[C@H](CS)C(=O)O,d-cysteine,0.0744048848748207,0.0988815143704414,0.0912135608494281,0.0923922561109066,0.1486376471817493,0.175972805917263,0.220469120144844,0.2532991290092468,0.2121952533721924,0.3728609919548035,0.4372709631919861,0.4272763833403587,0.2184444025158882,0.204683344066143,0.2994458228349685,0.1957905903458595,0.2310195565223693,0.1631071478128433
CCOC(=O)[C@H](C)NC(=O)[C@H](CC(C)C)NC(=O)[C@@H](CC(=O)NO)CC(C)C,[[1-[n-hydroxy-acetamidyl]-3-methyl-butyl]-carbonyl-leucinyl]-alanine ethyl ester,0.0474872693419456,0.0528117436915636,0.0535423591732978,0.0466398671269416,0.06079464815557,0.0665354326367378,0.0770590841770172,0.1021725498139858,0.0587227448821067,0.1245500795543193,0.1367029458284378,0.1326092161238193,0.0808655552566051,0.0745426960289478,0.1114049449563026,0.0639446154236793,0.0834388345479965,0.0666414313018322
Nc1cccc2c(S(=O)(=O)O)cccc12,1-naphthylamine-5-sulfonic acid,0.034307112544775,0.033063269406557,0.0350220341235399,0.0340817619115114,0.0513671919703483,0.0581050671637058,0.0603482522070407,0.0717441357672214,0.0538297191262245,0.1201502308249473,0.1300966113805771,0.1316043227910995,0.0704960696399212,0.0645330421626567,0.1060962602496147,0.0490861058235168,0.0762604273855686,0.0566394113004207
Cc1ccc(C23CNCC2C3)cc1,bicifadine,0.0761416897177696,0.0935006275773048,0.1179758563637733,0.0985021010041236,0.1458763435482978,0.159508740901947,0.2013315290212631,0.2663999825716018,0.159486237168312,0.4500121295452118,0.4235614955425262,0.4711245596408844,0.2046519011259079,0.1909780398011207,0.2917659103870392,0.1528379559516906,0.1853308677673339,0.2152884304523468
O=C(c1ccncc1)c1ccc(F)cc1,(4-fluorophenyl)(pyridin-4-yl)methanone,0.0504488058388233,0.0626959942281246,0.0639378972351551,0.0597252011299133,0.0980781011283397,0.1091297626495361,0.0841622844338417,0.1756804153323173,0.0798027582466602,0.2676261484622955,0.2404002532362938,0.2539441436529159,0.1280504688620567,0.1082843288779258,0.194944579154253,0.102702934294939,0.1267667278647422,0.1157500587403774
COc1ccc2c3c1O[C@H]1[C@@H](OC(C)=O)CC[C@H]4[C@@H](C2)N(C)CC[C@@]341,acetyldihydrocodeine,0.2299167305231094,0.454851233959198,0.3539837807416915,0.3173870116472244,0.4781930178403854,0.4241356283426284,0.4327542304992676,0.6703605115413666,0.4758981615304947,0.7979239165782929,0.8226089000701904,0.8104495644569397,0.5629471153020859,0.5249503135681153,0.6637989401817321,0.6365633189678193,0.5281494796276093,0.5306990385055542
NC1CONC1=O,SIDER68,0.0745080083608627,0.1781386584043502,0.1452833354473114,0.1805433943867683,0.2638018235564232,0.2940371364355087,0.2796877145767212,0.3813353836536407,0.1550073936581611,0.6388250529766083,0.8210681915283203,0.7304679989814759,0.358300632238388,0.3227046966552734,0.463145238161087,0.3444644421339035,0.4650271356105804,0.5031758844852448
CC[C@H](C(=O)Oc1c(OC)cc(C)cc1OC)N(CCOC)CCOC,org-25435,0.0486495498567819,0.1717266418039798,0.1402865059673786,0.1129968143999576,0.1799815818667411,0.1659323081374168,0.2149511530995368,0.2317732244729995,0.128218487277627,0.3702803686261177,0.3525278627872467,0.2762966066598892,0.1446114510297775,0.1484071165323257,0.228160260617733,0.1842542912811041,0.1918639324605465,0.2109638229012489
CC(=O)NCCOC(=O)[C@H](Oc1cccc(C(F)(F)F)c1)c1ccc(Cl)cc1,arhalofenate,0.1089028976857662,0.1220580354332923,0.2281361818313598,0.1712866611778736,0.2047674626111984,0.1802683860063552,0.1979699611663818,0.2262067407369613,0.1081849694252014,0.4109359607100487,0.3922648280858993,0.3210406571626663,0.1997875154018402,0.1565560296177864,0.2246637105941772,0.170892509073019,0.1804584860801696,0.2464953184127807
CN=C1CN(O)C(c2ccccc2)=c2cc(Cl)ccc2=N1,SIDER414,0.0448428653180599,0.0629033140838146,0.1600364930927753,0.1477982595562935,0.1149145990610122,0.1289889886975288,0.2272532939910888,0.1197734773159027,0.0713577859103679,0.498766553401947,0.5432041883468628,0.3328456968069077,0.1326943337917328,0.1265132144093513,0.1733442097902298,0.1709986343979835,0.1604284718632698,0.2844430342316627
CC1=C2CC[C@@](C)(O)[C@@H]2[C@H]2OC(=O)[C@@H](CN(C)C)[C@@H]2CC1,dimethylaminomicheliolide,0.1241978049278259,0.117338553071022,0.2187228597700596,0.188952837139368,0.1627320557832718,0.2085382878780365,0.3241538897156715,0.2189630091190338,0.1485016733407974,0.7588218569755554,0.6554201483726502,0.5625981390476227,0.2216607138514518,0.2064363151788711,0.3368843346834183,0.4649569720029831,0.2923113778233528,0.3980398654937744
CCN(CC)CCOc1ccc2c(c1)C(=O)c1cc(OCCN(CC)CC)ccc1-2,tilorone,0.2802650965750217,0.2286682084202766,0.3643536642193794,0.2938801527023315,0.286667600274086,0.2716473013162613,0.5643919557332993,0.39714035987854,0.3688312977552413,0.7770200133323669,0.7248214364051819,0.6779341340065003,0.4146447539329528,0.4041442334651947,0.473656016588211,0.5002433866262436,0.4351743876934051,0.5476779043674469
CN1C(=O)CN=C(C2=CCCCC2)c2cc(Cl)ccc21,tetrazepam,0.2789030656218528,0.4274444609880447,0.4989644676446915,0.51478251516819,0.442841050028801,0.4825506657361984,0.7595119476318359,0.4808004081249237,0.372902837395668,0.8215368092060089,0.7996185392141342,0.7640930771827698,0.5231048613786697,0.5125945299863816,0.6254140973091126,0.640137591958046,0.6126910328865052,0.6716416358947754
c1ccc(C2CC2)c(OCC2=NCCN2)c1,cirazoline,0.059104760363698,0.109799725562334,0.4073698744177818,0.3672318965196609,0.4080343440175056,0.2796487063169479,0.680330216884613,0.4641876339912414,0.4364654272794723,0.927287256717682,0.9533444881439208,0.9080734968185424,0.3452622264623642,0.4328729808330536,0.757408082485199,0.8230768442153931,0.7940176129341125,0.8234623432159424
CCN(CC)CCn1c2c(c3ccc(OC)cc31)CCN1C[C@H]3C[C@@H](OC(=O)c4cc(OC)c(OC)c(OC)c4)[C@H](OC)[C@@H](C(=O)OC)[C@H]3C[C@H]21,bietaserpine,0.04662313349545,0.087179659307003,0.0996331572532653,0.0831278290599584,0.1595282547175884,0.1901374891400337,0.2943312555551529,0.21072428971529,0.1976447559893131,0.3841475695371628,0.5956734478473663,0.361557699739933,0.1970347851514816,0.2417584359645843,0.3701289802789688,0.2268597513437271,0.3544091522693634,0.2843356400728226
CC1(C)OC[C@@H](COC(=O)CCc2ccc(OC[C@@H](O)CNCCNC(=O)N3CCOCC3)cc2)O1,landiolol,0.0271034326404333,0.0379790589213371,0.044236609339714,0.0280287131667137,0.0349029652774334,0.0526454947888851,0.061234063655138,0.0827991552650928,0.0412175126373767,0.1326981298625469,0.1680040165781974,0.141819304972887,0.0593260593712329,0.0629625506699085,0.1327992618083953,0.0661191303282976,0.1291315451264381,0.0697487413883209
CN1CC[C@@]2(C)c3cc(OC(=O)Nc4ccccc4)ccc3N(C)[C@@H]12,phenserine,0.0228195924311876,0.0281597793102264,0.032128806784749,0.0270182486623525,0.0306466747075319,0.0422724775969982,0.0523383565247058,0.0480603791773319,0.0323826251551508,0.1072903163731098,0.1227148041129112,0.0825073830783367,0.0463645130395889,0.0542230121791362,0.0901534005999565,0.0437799531966447,0.084867887943983,0.0500010050833225
C[C@@H]1C[C@H](C)CN(C(=O)c2cc(Br)ccc2N)C1,4-bromo-2-{[(3r;5s)-3;5-dimethylpiperidin-1-yl]carbonyl}aniline,0.0747892074286937,0.1083155669271946,0.1914393097162246,0.193461762368679,0.170780336856842,0.2038070827722549,0.2550347685813904,0.1975877746939659,0.1919900387525558,0.390563802421093,0.3829760611057281,0.2751047819852829,0.2546570122241974,0.2512213751673698,0.3246408015489578,0.2377214848995208,0.3394779458642006,0.3239057764410972
CCC(=O)O[C@](Cc1ccccc1)(c1ccccc1)[C@H](C)CN(C)C,SIDER234,0.0470322161912918,0.0570996284484863,0.0817453734576702,0.056055910885334,0.0678155370056629,0.104099103808403,0.189096899330616,0.1156166240572929,0.0682982601225376,0.4295728057622909,0.4783354878425598,0.245893420279026,0.117276157438755,0.1350145637989044,0.2847419530153274,0.2025751426815986,0.3631303951144218,0.2542409345507622
COc1cc(N)c(Cl)cc1C(=O)N[C@H]1CC[N@@]2CCC[C@@H]1C2,renzapride,0.0629555262625217,0.0876928105950355,0.125658006966114,0.1242372244596481,0.1794812425971031,0.1858841389417648,0.3355247557163238,0.1926689893007278,0.2311021536588668,0.5899954080581665,0.5771033704280853,0.3930220603942871,0.2311713218688965,0.2841109097003936,0.436961817741394,0.3393203377723693,0.4923211991786956,0.363797041773796
CN[C@@H](C)C(=O)N[C@H](C(=O)N1CCC[C@H]1C(=O)N[C@@H]1CCCc2ccccc21)C(C)(C)C,1-[3;3-dimethyl-2-(2-methylamino-propionylamino)-butyryl]-pyrrolidine-2-carboxylic acid(1;2;3;4-tetrahydro-naphthalen-1-yl)-amide,0.0424563389271497,0.0922502435743808,0.146827708184719,0.1453895822167396,0.2336211457848548,0.2015010058879852,0.2859741806983947,0.2726324677467346,0.2561377599835396,0.4328460752964019,0.4468648269772529,0.4534280657768249,0.2260277539491653,0.2233560383319854,0.3228234231472015,0.2181475535035133,0.2828292578458786,0.2868110105395317
CCOCC(=O)O[C@@H]1C[C@H](C)CC[C@H]1C(C)C,menglytate,0.0653430007398128,0.1703891485929489,0.2123005032539367,0.249146194756031,0.4240096658468246,0.4389787286520004,0.6210079848766327,0.4900567352771759,0.3876726984977722,0.8350313067436218,0.869965398311615,0.7906533002853393,0.3629472494125366,0.4739453792572021,0.7178604245185852,0.638713413476944,0.638130047917366,0.537781274318695
CN(C(=O)CN(CCO)CC(=O)N(C)C(C)(C)Cc1ccccc1)C(C)(C)Cc1ccccc1,oxetacaine,0.0588056452572345,0.0737498760223388,0.0962516739964485,0.0781953394412994,0.1328776717185974,0.1918491825461387,0.2861105367541313,0.2413775593042373,0.1868136867880821,0.4896024316549301,0.5361317783594132,0.4309368580579757,0.1626532316207885,0.1913927465677261,0.3666992425918579,0.2796180799603462,0.3385483264923096,0.2591614529490471
O=CN(C1CCCC1)C1CCC1,n-cyclopentyl-n-cyclobutylformamide,0.0919706046581268,0.1123110577464103,0.1009244106709957,0.1481791123747825,0.1943770244717598,0.2277539774775505,0.3921024397015571,0.2734688237309456,0.2418834581971168,0.5527148947119713,0.5952930435538292,0.5447969794273376,0.2845379397273063,0.2527128532528877,0.4164180800318718,0.3094625912606716,0.3253463089466095,0.3058599218726158
CCOC(=O)c1cncn1C(C)c1ccccc1,SIDER652,0.4003014028072357,0.4312357485294342,0.5421499192714692,0.328470379114151,0.6165139377117157,0.6047789573669433,0.8673710942268371,0.7949662208557129,0.4739794284105301,0.9345861315727234,0.961670994758606,0.9402363896369934,0.6495329856872558,0.6201178908348084,0.8418000221252442,0.8420131802558899,0.8322389960289002,0.8161520838737488
COc1ccccc1Oc1c(NS(=O)(=O)c2ccc(C)cn2)nc(-c2ccnc(-c3nnn[nH]3)c2)nc1OCCO,clazosentan,0.0713053196668624,0.2405482769012451,0.1886762022972107,0.1111375592648983,0.2442487701773643,0.5048681378364563,0.67024005651474,0.4657726615667343,0.5666548252105713,0.8395341277122498,0.9112288117408752,0.8056088745594024,0.5002240687608719,0.520738273859024,0.8075231552124024,0.7803955078125,0.7858007907867431,0.55058813393116
CSCC[C@H](NC(=O)[C@H](Cc1c[nH]c2ccccc12)NC(=O)CNC(=O)[C@@H](NC(=O)[C@H](Cc1ccc(OS(=O)(=O)O)cc1)NC(=O)[C@H](CC(=O)O)NC(=O)[C@H](CCC(N)=O)NC(=O)[C@@H]1CCC(=O)N1)[C@@H](C)O)C(=O)N[C@@H](CC(=O)O)C(=O)N[C@@H](Cc1ccccc1)C(N)=O,ceruletide diethylamine,0.1233033746480941,0.0843447223305702,0.1832656577229499,0.1047211371362209,0.1761960312724113,0.3235854387283325,0.6214002013206482,0.6836378276348114,0.4125008761882782,0.9281757235527038,0.9573201775550844,0.9377658009529114,0.3911090582609177,0.5537108421325684,0.8274424076080322,0.8765379667282105,0.7526846706867218,0.5966295421123504
Nc1ncnc2c1ncn2[C@@H]1O[C@H](CSCC[C@H](N)C(=O)O)[C@@H](O)[C@H]1O,s-adenosyl-l-homocysteine,0.0879910804331302,0.1463989309966564,0.205712105333805,0.1253521874547004,0.2968563020229339,0.3751014083623886,0.530060636997223,0.7149221897125244,0.5411352694034577,0.8090888023376465,0.9076162338256836,0.8348072171211243,0.4593918859958649,0.5295862257480621,0.7332863569259643,0.6337292283773422,0.5962074339389801,0.4851491093635559
C[C@]12C=CC(=O)N[C@@H]1CC[C@@H]1[C@@H]2CC[C@]2(C)[C@@H](C(=O)Nc3cc(C(F)(F)F)ccc3C(F)(F)F)CC[C@@H]12,dutasteride,0.0733815111219882,0.1329728338867425,0.5454162210226059,0.0746451649814844,0.0863350234925746,0.1808069258928299,0.2737936556339264,0.6550348579883576,0.2403904139995575,0.4849337458610535,0.8969415426254272,0.8525118350982666,0.215430936217308,0.2869416922330856,0.5548016369342804,0.3353644788265228,0.6541852295398712,0.5761575251817703
C#C[C@]1(OC(C)=O)CC[C@H]2[C@@H]3CCC4=CC(=O)CC[C@@H]4[C@H]3CC[C@@]21C,SIDER118,0.3741157472133636,0.27181656062603,0.7846037745475769,0.3157221287488937,0.3918278843164444,0.3580000638961792,0.4911912739276886,0.7811765313148499,0.6866927027702332,0.940026831626892,0.9583805918693542,0.9469924092292784,0.6555840075016022,0.6788491666316986,0.8473401069641113,0.9072860598564148,0.7585911989212036,0.7846408009529113
CCCCC(C)(C)[C@H](O)/C=C/[C@H]1[C@H](O)CC(=O)[C@@H]1CCCC/C=C/C(=O)OC,gemeprost,0.0755629129707813,0.1147530108690261,0.4752387374639511,0.0749981198459863,0.152184872329235,0.2753827258944511,0.227034206688404,0.6766851067543029,0.2879110604524612,0.9147517681121826,0.9206137537956238,0.766354089975357,0.3390741258859634,0.6277393937110901,0.8690642952919007,0.9316371321678162,0.9021361708641052,0.4870008319616318
COc1cc2c(cc1OC)[C@@H](Cc1cc(OC)c(OC)c(OC)c1)[N+](C)(CCCOC(=O)CCC=CCCC(=O)OCCC[N+]1(C)CCc3cc(OC)c(OC)cc3[C@H]1Cc1cc(OC)c(OC)c(OC)c1)CC2,SIDER1195,0.0418306153267622,0.1026703029870987,0.1111550047993659,0.0590216144919395,0.1645839095115661,0.703954565525055,0.2990712940692901,0.8303837418556214,0.362542399764061,0.8924099922180175,0.9606443285942078,0.9379852890968324,0.3795101881027222,0.7629141926765441,0.9283162355422974,0.8739469885826111,0.9293534994125366,0.6157964527606964
O=C(O)CN(CCN(CC(=O)O)CC(=O)O)CCN(CC(=O)O)CC(=O)O,SIDER227,0.0305452965199947,0.1220982573926448,0.0887715984135866,0.0630011916160583,0.3480788767337799,0.5498337149620056,0.3988110363483429,0.7203857719898223,0.5351713448762894,0.9545783638954164,0.9690109968185424,0.9488090991973877,0.3728751584887504,0.6621887028217316,0.9327292680740356,0.9396734595298768,0.9226001501083374,0.4899096429347992
CN1C[C@H](C(=O)N[C@]2(C)O[C@@]3(O)[C@@H]4CCCN4C(=O)[C@H](Cc4ccccc4)N3C2=O)C=C2c3cccc4[nH]cc(c34)C[C@H]21,ergotamine,0.0478938020765781,0.2620827428996563,0.1052829153835773,0.0440998313948512,0.068132633715868,0.2339430101215839,0.2022148445248603,0.4280450493097305,0.3487559758126736,0.675336754322052,0.8311066269874573,0.7527179002761841,0.1945232152938842,0.4463702231645584,0.5892976731061935,0.7375178933143616,0.6887285381555557,0.526433764398098
CC[C@H](C)[C@@H]1NC(=O)[C@H](Cc2ccccc2)NC(=O)[C@@H](N)CSSC[C@@H](C(=O)N2CCC[C@H]2C(=O)N[C@@H](CCCNC(C)C)C(=O)NCC(N)=O)NC(=O)[C@H](CC(N)=O)NC(=O)[C@H](CCCC(N)=O)NC1=O,selepressin,0.0909226730465889,0.1212578311562538,0.1757113590836524,0.1124058753252029,0.2247359901666641,0.2675246253609657,0.2310954451560974,0.4079076558351516,0.3129586011171341,0.7813010811805725,0.768436324596405,0.6645286679267883,0.3204325318336486,0.3662765443325043,0.6134965658187866,0.5975274056196213,0.6148149967193604,0.357418543100357
C[N+]1(CC2CC2)CC[C@]23c4c5ccc(O)c4O[C@H]2C(=O)CC[C@@]3(O)[C@H]1C5,SIDER850,0.0337978366762399,0.0547454915940761,0.0699271954596042,0.0595398269593715,0.087284093350172,0.1796501651406288,0.1776969037950038,0.1643184281885624,0.1135795056819915,0.5351615473628044,0.5689663738012314,0.4124149039387703,0.1477583289146423,0.2323281854391098,0.3949662864208221,0.4246236436069012,0.4863243773579597,0.2954154677689075
COCCOC(=O)C1=C(C)NC(C)=C(C(=O)OC/C=C/c2ccccc2)C1c1cccc([N+](=O)[O-])c1,cilnidipine,0.0581052217632532,0.0679080128669738,0.097132458537817,0.0973867416381835,0.311893293634057,0.1443582195788622,0.1652137994766235,0.234516317397356,0.1231972113251686,0.4568495489656925,0.4224199831485748,0.4156685166060924,0.1849667765200138,0.187561497837305,0.297833888977766,0.3634686011821031,0.2558817476034164,0.2031954698264599
CCCOCCOC(=O)C1=C(C)NC(C)=C(C(=O)OCCOCCC)C1c1cccc([N+](=O)[O-])c1,niludipine,0.0604510575532913,0.0537462648004293,0.0899266250431537,0.0766204312443733,0.0921496964991092,0.0696109056472778,0.0951869066804647,0.1453661493957042,0.080542566627264,0.2463814795017242,0.2370540603995323,0.2407702188938856,0.1016347922384739,0.0915746472775936,0.1767342321574688,0.1887278210371732,0.1735026057809591,0.1035086683928966
CC[C@H](C)[C@H](NC(=O)[C@H](CCCNC(=N)N)NC(=O)[C@H](CCCNC(=N)N)NC(=O)[C@H](CC(C)C)NC(=O)[C@H](Cc1ccccc1)NC(=O)CNC(=O)CNC(=O)[C@@H](N)Cc1ccc(O)cc1)C(=O)N[C@@H](CCCNC(=N)N)C(=O)N1CCC[C@H]1C(=O)N[C@@H](CCCCN)C(=O)N[C@@H](CC(C)C)C(=O)N[C@@H](CCCCN)C(=O)N[C@@H](Cc1c[nH]c2ccccc12)C(=O)N[C@@H](CC(=O)O)C(=O)N[C@@H](CC(N)=O)C(=O)N[C@@H](CCC(N)=O)C(=O)O,dynorphin,0.1221222102642059,0.1391930803656578,0.169434293359518,0.1424880802631378,0.3205907732248306,0.3350369453430176,0.3674929991364479,0.4323333263397216,0.2377247542142868,0.8945745825767517,0.7507532238960266,0.7626010358333588,0.3236447364091873,0.3853170096874237,0.5799873292446136,0.7273076415061951,0.5217039197683334,0.3641226887702942
CC1=C(C/C=C(\C)CCCC(C)CCCC(C)CCCC(C)C)C(=O)c2ccccc2C1=O,vitamin k,0.1200898379087448,0.1514216035604477,0.1102979801595211,0.381617134809494,0.3973792970180511,0.4535353451967239,0.1607793040573596,0.6456743896007537,0.156821209192276,0.7661310076713562,0.8809932231903076,0.8709281325340271,0.2863463133573532,0.4843317210674286,0.756385862827301,0.7146724820137024,0.7079832434654236,0.317609079182148
CN1C2CCC1CC(OC(=O)c1c[nH]c3ccccc13)C2,SIDER1155,0.0194852914661169,0.041888290643692,0.0593025371432304,0.0348788758739829,0.085434752702713,0.1233020454645156,0.1207145772874355,0.5256093859672546,0.1056600116193294,0.888715410232544,0.944983720779419,0.9106911897659302,0.1006123676896095,0.1584446638822555,0.786623728275299,0.8456815600395202,0.7548617959022522,0.157520791888237
CCOc1ccc(C[C@@H](CN(CCN(CC(=O)O)CC(=O)O)CC(=O)O)N(CC(=O)O)CC(=O)O)cc1,SIDER1233,0.0273744020611047,0.0564246121793985,0.0781535170972347,0.035689990222454,0.1441011026501655,0.2243870735168457,0.0951392494142055,0.7923535585403443,0.2875341728329658,0.8969997882843017,0.9140489101409912,0.9170236945152282,0.1704271413385868,0.2787100732326507,0.8053022384643554,0.9129888653755188,0.7202726185321808,0.2058818608522415
CN1[C@@H]2CC[C@H]1C[C@H](OC(=O)c1c[nH]c3ccccc13)C2,tropisetron,0.0243803199380636,0.0548927024006843,0.0684961125254631,0.0463687051087617,0.1645105190575123,0.1908913627266883,0.1088175073266029,0.7298873662948608,0.2110866472125053,0.9064168334007264,0.9426911234855652,0.9265283465385435,0.1669468343257904,0.2880387127399444,0.8318708419799805,0.8630683064460755,0.7144026517868042,0.1836596012115478
C#C[C@]1(O)CC[C@H]2[C@@H]3CCC4=C/C(=N/O)CC[C@@H]4[C@H]3CC[C@@]21CC,norelgestromin,0.304102124273777,0.0987202525138855,0.5075805366039277,0.3279254525899887,0.2647526919841766,0.1981377348303795,0.1845518708229065,0.3524921208620071,0.2097790658473968,0.7566980123519897,0.6363929450511933,0.6022280842065811,0.3494835585355759,0.3037737160921097,0.3802634388208389,0.6575683921575546,0.3205327123403549,0.4318041712045669
CC(C)C[C@H](NC(=O)CNC(=O)[C@H](Cc1ccc(O)cc1)NC(=O)[C@H](CO)NC(=O)[C@H](Cc1c[nH]c2ccccc12)NC(=O)[C@H](Cc1c[nH]cn1)NC(=O)[C@@H]1CCC(=O)N1)C(=O)N[C@@H](CCCNC(=N)N)C(=O)N1CCC[C@H]1C(=O)NCC(N)=O,gonadorelin acetate,0.2106103040277958,0.0475699752569198,0.3579437658190727,0.0903352446854114,0.0977408833801746,0.0920352436602115,0.1008031360805034,0.1599802494049072,0.1577880427241325,0.7538682341575622,0.304864889383316,0.3052604258060455,0.1278370857238769,0.1377993017435073,0.2260097831487655,0.6572695314884186,0.1657958537340164,0.1337794184684753
O=C(O)c1ccc(CN2C[C@@H]3C[C@H]2CN3Cc2ccc(Oc3ccc(-c4ncco4)cc3)cc2)cc1,acebilustat,0.4033892422914505,0.4158628493547439,0.5208081692457199,0.5477956235408783,0.7520922780036926,0.6238487720489502,0.3546990692615509,0.7559286832809449,0.653107327222824,0.912938392162323,0.8940118670463562,0.8932421326637268,0.7123915135860444,0.6805821776390075,0.7533732175827026,0.7907900214195251,0.6025250852108002,0.5790516018867493
C=CCC1(CC(C)C)C(=O)NC(=S)NC1=O,buthalitone,0.0403541404753923,0.0573341351002454,0.0833220101892948,0.0808040287345647,0.1749684561043977,0.1228005461394786,0.1017074428498745,0.2225857026875019,0.1660639859735965,0.337257631868124,0.3457960471510887,0.3128756307065486,0.1309999704360961,0.1433336794376373,0.2519626334309578,0.2325460065156221,0.1801972590386867,0.1308160029351711
Cc1ncc(CO)c(C=O)c1O,pyridoxal,0.2376414358615875,0.1548943817615509,0.3074585556983947,0.3567255362868309,0.434117916226387,0.3152274042367935,0.2264799103140831,0.550086060166359,0.3861325189471244,0.8228839039802551,0.8108003377914429,0.7788868188858032,0.4700731337070465,0.4506291359663009,0.562013041973114,0.5284705698490143,0.3878363370895386,0.3721989154815673
COc1cc(C2c3cc4c(cc3C(O)C(CO)C2C(=O)O)OCO4)cc(OC)c1OC,podophyllum resin,0.0844567686319351,0.4639127194881439,0.6070993959903717,0.6105624854564666,0.8313113689422608,0.8160156726837158,0.4444201946258544,0.8760127186775207,0.5279277175664902,0.9632632851600648,0.9660512566566468,0.9629960417747496,0.5887988269329071,0.6151893973350525,0.850455367565155,0.9175207495689393,0.7014458239078522,0.7510318517684936
COc1cc([C@@H]2c3cc4c(cc3[C@H](O)[C@H]3COC(=O)[C@@H]23)OCO4)cc(OC)c1OC,picropodophyllin,0.0533229798078537,0.121861483156681,0.6017953649163246,0.2845794811844825,0.4860727459192276,0.4351618736982345,0.1565621867775917,0.7817626476287842,0.341740408539772,0.9445128321647644,0.9455729842185974,0.939077639579773,0.2546603322029114,0.2672795087099075,0.6550144910812378,0.8892667412757873,0.4268862098455429,0.4799540221691131
CC(C)c1ccccc1OCC1=NCCN1,fenoxazoline,0.0471172772347927,0.1150768764317035,0.2921712815761566,0.5287688076496124,0.5679676413536072,0.4661577463150024,0.4107471644878387,0.433305087685585,0.317263451218605,0.9131936073303224,0.9277567982673643,0.8862991452217102,0.320605194568634,0.3734802007675171,0.648785126209259,0.7159173429012299,0.6092873275279999,0.618019026517868
CCC(C)C1(CC)C(=O)NC(=O)NC1=O,SIDER359,0.0523773252964019,0.127815493941307,0.1769722923636436,0.3796265840530395,0.5784646511077881,0.442785906791687,0.3581206858158111,0.4769569903612137,0.2472059220075607,0.9059807181358336,0.9233426928520204,0.8193887710571289,0.3718693763017654,0.4553219497203827,0.7352505803108216,0.7563449025154114,0.7111180305480957,0.678362387418747
COCCOC(=O)C1=C(C)NC(C)=C(C(=O)OC(C)C)C1c1cccc([N+](=O)[O-])c1,SIDER884,0.1705595981329679,0.1657596342265606,0.3869065843522549,0.3097626313567161,0.4439338974654674,0.3535325221717357,0.3172849863767624,0.4469136133790016,0.2274391263723373,0.7033035516738891,0.6545135915279389,0.6158202111721038,0.3473410010337829,0.3274207934737205,0.4533812820911407,0.476520425081253,0.4964006870985031,0.3939911641180515
O=C(O)C[C@@H]1CC[C@H](NC(=O)Cc2cccs2)B(O)O1,vaborbactam,0.3493115574121475,0.3071085542440414,0.4853337347507477,0.4641317993402481,0.5979360699653625,0.5010731935501098,0.5031544148921967,0.5787901759147644,0.4899621874094009,0.7573788881301879,0.7564695358276368,0.7347476243972778,0.5842947781085968,0.5499894618988037,0.6374070286750794,0.5715472757816314,0.589364892244339,0.6068276315927505
O=C(O)c1ccccc1C1c2ccc(O)cc2Oc2cc(O)ccc21,fluorescin,0.0961294896900653,0.1254552274942398,0.3409052208065987,0.3839300647377968,0.5589886248111725,0.3846166506409645,0.3970188245177269,0.4508507817983627,0.3954873621463776,0.7791929841041565,0.7242867469787597,0.658980131149292,0.4378091156482696,0.4284452393651008,0.5278354316949845,0.5613008290529251,0.5015925526618957,0.4280603438615799
CN[C@H](Cc1ccccc1)C(=O)N1CCC[C@H]1C(=O)N[C@H](C=O)CCCNC(=N)N,efegatran,0.0596556030213832,0.1223450526595115,0.1322025403380394,0.2029068738222122,0.269884243607521,0.2840992927551269,0.1277699932456016,0.2593002781271935,0.127877639234066,0.6289153963327407,0.4914700999855995,0.4084103286266327,0.246255899965763,0.2749368369579315,0.3933903932571411,0.3547613054513931,0.3887701377272606,0.3157023727893829
N[C@H](C(=O)O)c1cc(O)cc(O)c1,dihydroxyphenylglycine,0.1024339400231838,0.1362170472741127,0.1758019790053367,0.1526140838861465,0.2206707209348678,0.3146626129746437,0.1667983040213584,0.2887749254703521,0.193680664896965,0.6995911777019501,0.6128042638301849,0.4422238409519196,0.2753569096326828,0.2867018088698387,0.4153027236461639,0.4841734826564788,0.4812101423740387,0.4125885814428329
Cc1n[nH]c(C)c1CCCOc1cc(C(=O)O)ccc1F,acoramidis,0.4638104110956192,0.6179516017436981,0.7581538319587707,0.670546680688858,0.7880868315696716,0.8302364468574523,0.7050434291362763,0.8020697653293609,0.6094137132167816,0.933812963962555,0.915416657924652,0.8535889744758606,0.7855556845664978,0.807649576663971,0.8494478464126587,0.8344166994094848,0.8675349593162537,0.8537550687789917
N=C(NO)N/N=C/c1c(Cl)cccc1Cl,guanoxabenz,0.0915708944201469,0.1553141385316848,0.2263080611824989,0.2777266249060631,0.3056324288249016,0.3663174211978912,0.2097205385565757,0.2533344209194183,0.118372343480587,0.5762721776962281,0.6002775192260742,0.4174335151910782,0.3195449978113174,0.3466870129108429,0.3893368899822235,0.3738889455795288,0.4565546929836273,0.4451967179775238
O=C(c1ccc(F)cc1)C1CCN(CCn2c(=O)[nH]c3ccccc3c2=O)CC1,ketanserin,0.1144565716385841,0.2274046316742897,0.3855690255761146,0.4265167623758316,0.4306942448019981,0.5318696647882462,0.5727164268493652,0.4617014050483704,0.233413764834404,0.8546103358268737,0.8657212853431702,0.7773518681526184,0.4991474241018295,0.5145500808954239,0.6463033556938171,0.5937951683998108,0.6795237243175507,0.6619898557662964
