smiles,activity
CC1(C)[C@H](NC(=O)/C(=N\OC(CS(C)(=O)=O)c2cc(=O)c(O)cn2O)c2csc(N)n2)C(=O)N1OS(=O)(=O)O,-2.1311440488253703
N#CC1(c2ccccn2)CCN(Cc2cc(C(=O)N[C@H]3CCCC[C@@H]3F)c(=O)n3ccccc23)CC1,-0.7309192303085675
CN(C)C(=O)C(=O)N(C)c1nc(C(=O)NCc2ccc(F)cc2)c(O)c2ncccc12,-1.1615791206591135
O=C(NC1CCCC1)Oc1ccc(O)c(-c2ccccc2)c1,-1.7674129793650497
Cc1cc(Nc2nc(N[C@@H](C)c3ncc(F)cn3)ncc2C)n[nH]1,-0.5515721196406536
NC(=O)c1c(OC2CCN(C[C@H](O)CNC(=O)c3c[nH]c(=O)c4ccccc34)CC2)ccc(Cl)c1Cl,-0.6718490220401534
COc1ccc(N(Cc2cccc(C#N)n2)C2CCN([C@H](C)CCNC(=O)c3c(C)cc(Cl)nc3C)CC2)cc1,-0.7936059355691265
CNc1nc2ccccc2n1Cc1sc2c(c1C(=O)N1CC[C@@H](O)C1)c(=O)n(C)c(=O)n2CC(C)C,-0.495690515700858
COC(=O)N[C@H](C(=O)N[C@@H](Cc1ccc(-c2ccccn2)cc1)C[C@H](O)[C@H](Cc1ccccc1)NC(=O)[C@@H](N1CCN(Cc2ccccc2)C1=O)C(C)(C)C)C(C)(C)C,-2.356883044431443
Fc1ccc(Oc2ccc(-c3noc(-c4ccc5[nH]ccc5c4)n3)cc2)cc1,-1.886457720046036
COc1ccc2ncn(-c3cc(O[C@H](C)c4ccccc4C(F)(F)F)c(C(N)=O)s3)c2c1,-2.2222108125651343
CN(Cc1ccc(C(F)(F)F)cc1)c1cc(C(=O)Nc2ccccc2)ncn1,-2.6780082524527327
CC(C)(O)c1ccc(-c2nc(-c3ccc(F)cc3)oc2Sc2ccc(Cl)cn2)cn1,-1.7699600188420606
c1ccc(CC[C@@H]2CN(Cc3nc4ccccc4[nH]3)CCO2)cc1,-1.208035810570897
CN(C)CCN(C)C1COc2ccccc2-c2c(C3CCCCC3)c3ccc(C(=O)O)cc3n2C1,-1.5532609546660656
CCCC(C)(C)C[C@H](c1ccc(C(=O)O)c(Oc2cccc(Cl)c2)c1)N1CCC[C@H](n2cc(C)c(=O)[nH]c2=O)C1,-1.962968132250768
CC(=O)OCC(=O)[C@@]12N=C(C)O[C@@H]1C[C@H]1[C@@H]3CCC4=CC(=O)C=C[C@]4(C)[C@H]3[C@@H](O)C[C@@]12C,-0.2215593164287672
Cc1cc(Nc2cnc(C#N)c(N[C@@H](C)c3ncc(F)cn3)n2)n[nH]1,-0.7276626054354383
Cc1csc(NC(=O)NC2C3CC4CC(C3)CC2C4)n1,-2.0972901870301213
Cc1cccc(C)c1OCC(=O)N[C@@H](Cc1ccccc1)[C@@H](O)C[C@H](Cc1ccccc1)NC(=O)[C@H](C(C)C)N1CCCNC1=O,-1.9812766224378369
Cc1cc(Nc2nc(N[C@@H](C)c3ncc(F)cn3)nc(N3CCOCC3)c2Cl)n[nH]1,-0.6407868198934434
CN(C)C(c1ccccc1)c1nc(O)c(O)c(C(=O)NCc2ccc(F)cc2)n1,-2.187454278863416
NC[C@H]1CC[C@H](C(=O)O)CC1,-0.0251171510325646
O=C1C[C@@H](c2c[nH]c3ccc(F)cc23)C(=O)N1,-0.5425511003067398
CCNC(=O)Nc1ccc(-c2nc3c(c(N4CCOC[C@@H]4C)n2)CCN(c2ncccn2)C3)cc1,-1.678194516142461
CN1CCc2nc(C(=O)N[C@@H]3C[C@@H](C(=O)N(C)C)CC[C@@H]3NC(=O)c3cc4cc(F)ccc4[nH]3)sc2C1,-0.4310594303837032
CC(=O)Nc1ccc(CNc2[nH]nc3ccnc(Oc4ccccc4)c23)cc1,-0.992256061554874
CN(C)C(=O)C(=O)N(C)[C@H]1CCCn2c1nc(C(=O)NCc1ccc(F)cc1)c(O)c2=O,-0.4310594303837032
Cn1nnc(-c2c(F)cc(Cl)cc2-c2cnc(CNC(=O)N(O)C3CCC(F)(F)CC3)c(F)c2)n1,-1.854275425119336
CCS(=O)(=O)c1ccc2oc(-c3ccc4c(c3)[C@@H](O)[C@H](O)C=C4)nc2c1,-0.8898414314939592
Cc1ccc(S(=O)(=O)N2N=Cc3oc(C)cc3B2O)cc1,-1.2844228080425482
OC1=Nc2ccc(Cl)cc2C(c2ccccc2Cl)=NC1,-1.2928558116575553
CC1(C)O[C@@H]2[C@@H](CO[C@@]3(COS(N)(=O)=O)OC(C)(C)O[C@@H]23)O1,-0.0750290719511064
O=C(NC[C@@H](O)CN1CCC(Oc2ccc(Cl)c(Cl)c2)CC1)c1c[nH]c2ccccc12,-1.6972168265731098
C[C@@H]1O[C@@H](NC(=O)c2ccccc2)[C@@H](O)[C@H](O)[C@@H]1O,-0.6560402709928592
Cc1[nH]c(=N)ccc1CN=C(O)Cn1c(C)cc(S(=O)(=O)CC2CCCC2)c(N)c1=O,-0.1485642996111921
O=C(O)c1cn(Cc2ccc(-c3cccc4[nH]ccc34)cc2)c2c(F)cccc2c1=O,-2.5231683714877318
CO[C@H]1CO[C@]2(CN(c3ncc(C(=O)O)s3)CC[C@H]2NC(=O)c2[nH]c(C)c(Cl)c2Cl)OC1,-1.2680327014847186
CO[C@H]1CN(CCn2c(=O)ccc3ccc(C#N)cc32)CC[C@H]1NCc1cc2c(cn1)OCCO2,-0.2908669227318418
CC(C)NCC(O)c1ccc(NS(C)(=O)=O)cc1,-0.0834539381474034
Cc1c(NC(=O)c2cc3c(s2)CCCC3)cccc1-c1cc(Nc2ccncn2)c(=O)n(C)c1,-1.9590023075765075
Cn1cc(-c2ccc(Cn3cc(C(=O)O)c(=O)c4c(F)ccc(F)c43)nc2)cn1,-0.636820649941314
CC[C@H](NS(=O)(=O)c1ccc(-c2sc(C(=O)NCC(C)(C)O)nc2C(=O)N2CCCC[C@@H]2C)c(C(F)F)c1F)C(F)(F)F,-1.2222760159639607
CN(CCCN1c2ccccc2CCc2ccccc21)CC(=O)c1ccc(Cl)cc1,-1.9590023075765075
O=C(CCCc1cccs1)N1CCN(c2ccc(C(F)(F)F)cc2)CC1,-2.207972710320769
C[C@H]1Oc2cc(cnc2N)-c2c(nn(C)c2C#N)CN(C)C(=O)c2ccc(F)cc21,-0.4676788579176694
COc1cccc(Nc2c(C(N)=O)cnc3c(C)cc(S(=O)(=O)c4cccc(C(=O)N(C)C)c4)cc23)c1,-1.7976465694861348
Clc1nc(NCc2ccco2)c2cc[nH]c2n1,-0.0599175282990633
O=C(O)COc1nn(Cc2ccccc2)c2ccccc12,-1.9590023075765075
Cc1onc(-c2ccccc2)c1C(O)=N[C@@H]1C(=O)N2[C@@H]1SC(C)(C)[C@@H]2C(=O)O,-1.1491700401514695
OC[C@H](Nc1ncc(Cl)c(Nc2cc(C3CC3)[nH]n2)n1)c1ccc(F)cc1,-1.348662371543073
COc1ccc2ccc(=O)n(CCN3CCC(NCc4cc5c(cn4)OCCO5)CC3)c2n1,-0.5050969628855515
CC(NC(=O)c1ccc(Cl)cc1)[C@H]1[C@@H]2C[C@@H](n3cnc4cc(F)c(F)cc43)C[C@@H]21,-1.9590023075765075
CC1(CCCc2cc(=O)oc3[nH]c(=O)[nH]c(=O)c23)CC1,-1.79901004685437
O=C(NS(=O)(=O)c1ccccc1Cl)N1CCC(N2CCC(Oc3ccc(Cl)c(Cl)c3)CC2)CC1,-1.4993615359175465
Cc1nc(C(F)F)c(C(N)=O)nc1-c1ccc([C@H]2CC[C@H](CC(=O)O)CC2)cc1,-1.2569169000188067
COc1ccc(CCN(C)CCCC(C#N)(c2cc(OC)c(OC)c(OC)c2)C(C)C)cc1OC,-1.1491700401514695
C[C@@H](O)[C@H]1C(=O)N2C(C(=O)O)=C(SC3Cn4cnc[n+]4C3)[C@H](C)[C@H]12,-0.0361744095587378
CNC1CN(c2nc(N)nc3c2CCCc2ccccc2-3)C1,-0.2835959540622216
O=C(O)COc1ccccc1N1CCC(CN2CCC(Oc3ccc(Cl)c(Cl)c3)CC2)CC1,-1.9069777692194363
O=C(Nc1nc(C(F)(F)F)co1)C1c2ccccc2Oc2ccccc21,-1.824314271737916
O=C(Nc1cc(F)cc(F)c1)N1CCC2(CC1)C(=O)N(c1ccc(F)c(Cl)c1)C2c1ccccn1,-2.699187205881913
CCC[C@@H](C)N(c1cc(Cl)ccc1CO)S(=O)(=O)c1ccc(Cl)cc1,-1.9590023075765075
C=CC(=O)Nc1cc(Nc2nccc(-c3c[nH]c4ccccc34)n2)c(OC)cc1N(C)CCN(C)C,-1.1196151994096977
Cc1ccc(-c2c[nH]cn2)cc1NC(=O)c1ccc(OCc2ccccn2)cc1,-1.2844228080425482
CN1CCN2c3ccccc3Cc3ccccc3C2C1,-1.1491700401514695
O=C1c2oc(-c3ccc(Cl)cc3)cc2Cc2cc(N3CCNCC3)ccc2N1Cc1ccccc1-c1cncnc1,-1.7699600188420606
CCOc1cc2ncc(C(N)=O)c(Nc3ccc(F)cc3F)c2cc1N1CCCN(C2CC2)CC1,-1.6405800460406823
Cc1c(-c2ccc(N3CCCC(F)C3)cc2)[nH]c2cc(F)cc(F)c2c1=O,-1.7829242211343628
O=C(N[C@H](CO)[C@H](O)c1ccc([N+](=O)[O-])cc1)C(Cl)Cl,-0.3574746432203907
CCOC(=O)C1(c2ccccc2)CCC=CC1N(C)C,-0.6761499961531976
CCCCCCCC(=O)N[C@H](CN1CCCC1)[C@H](O)c1ccc2c(c1)OCCO2,-0.6189566153988332
CN(C)CCc1c[nH]c2ccc(C[C@H]3COC(O)=N3)cc12,-0.1247939959031097
Cn1c(=O)cc(Nc2cc(C(=O)NC3CC3)ccc2Cl)c2cnn(-c3ccc(F)cc3F)c21,-1.3876400520322256
C[C@@](C(=O)O[C@H]1C[N+]2(Cc3cc(-c4ccccc4)on3)CCC1CC2)(c1ccccc1)N1CCCCC1,-1.678194516142461
Cc1ccc(NC(=O)c2ccnc(C(F)(F)F)c2)cc1-c1cc(OCCO)nc(N2CCOCC2)c1,-1.678194516142461
CCN1CC(c2nc(C(=O)NCc3ccc(F)cc3S(C)(=O)=O)c(O)c3ncccc23)CC1=O,-1.3876400520322256
COc1ccc(Cn2cc(C(=O)O)c(=O)c3ccccc32)cc1,-2.000391041028584
N#CC1(NC(=O)[C@@H]2CCCC[C@H]2C(=O)N2CCN(c3nc4ccccc4s3)CC2)CC1,-0.7674358591132167
Fc1ccc(Oc2nccc3[nH]ccc23)cc1,-0.0409156576012693
Nc1nc(-c2ccc(Cl)c(Cl)c2)c(-c2ccncc2)s1,-2.0761034753180265
O=C(NC[C@@H](O)CN1CCC(Oc2ccc(Cl)c(Cl)c2)CC1)c1c[nH]c(=O)c2ccc(F)cc12,-1.2937081886722996
C[C@@](C(=O)O[C@H]1C[N+]2(CC(=O)Nc3cccc(F)c3)CCC1CC2)(c1ccccc1)N1CCCCC1,-2.3013775702979022
COc1cc(OCc2cccc(OCc3ccccc3)c2)c2cc(-c3cn4nc(OC)sc4n3)oc2c1,-2.3013775702979022
CC(C)c1ccc(Cc2cc([C@@H]3S[C@H](CO)[C@@H](O)[C@H](O)[C@H]3O)ccc2Cl)cc1,-2.3982658517398923
CN(C)C(=O)Cn1cc(-c2nc([C@@](C)(c3ccc(-c4cnc(N)nc4)cc3)C3CC3)no2)cn1,-1.3191842176343007
N[C@@H](C(=O)N1CCC[C@H]1C(=O)NCc1cc(Cl)ccc1OCC(=O)NC1CC1)C1CCCCC1,-0.9176455486690313
Cc1onc(-c2c(Cl)cccc2Cl)c1CC(=O)NCc1ccc(OCC(F)(F)F)nc1,-2.000391041028584
O=C1OC2(CCc3c(-c4ccccc4)cccc32)CC(O)=C1Sc1ccccc1Cl,-1.9590023075765075
COC(=O)C1=C(C)NC(C)=C(C(=O)OCC(C)C)C1c1ccccc1[N+](=O)[O-],-1.6449638156610162
C=CC[N+]1([C@H]2C[C@H]3[C@@H]4CC[C@H]5C[C@H](OC(C)=O)[C@@H](N6CCCCC6)C[C@]5(C)[C@H]4CC[C@]3(C)[C@H]2OC(=O)CC)CCCCC1,-0.509772453802346
c1ccc2cc(NC3=NC[C@@]4(CN5CCC4CC5)O3)ncc2c1,-0.6007590583075443
CS(=O)(=O)C1CCN(Cc2ccnc(Nc3ncc(C#N)s3)c2)CC1,-0.461357156540252
CC(c1nc(O)c(O)c(C(=O)NCc2ccc(F)cc2)n1)N(C)C,-1.1196151994096977
COc1ccc(CNC(=O)c2cc(C#CC(C)(C)NC(C)=O)cnc2NCc2ccc3c(c2)OCO3)cc1Cl,-1.9590023075765075
CCC(CC)NC(=O)c1c(C)nn(C(C)C)c1NS(=O)(=O)c1ccc(C)cc1,-1.4441199353631946
Cc1cc2c(c(Oc3cc(NS(=O)(=O)c4ccc(Cl)cc4)ccc3F)n1)C(=O)N(C(C)C)C2=O,-1.9590023075765075
N#CC1(c2ccncn2)CCN(Cc2cc3c(c4ccccc24)CN([C@H]2CCCC[C@@H]2O)C3=O)CC1,-1.041388342235121
CO[C@@H]1O[C@H](Cn2c(=O)n3c4c(cccc42)C(C)(C)CC3)[C@@H](O)[C@H]1O,-0.4699773865603036
CCc1ccnc(C2(C#N)CCN(Cc3cc(C(=O)O)c(=O)n4ccccc34)CC2)c1,-0.8700975230745714
CS(=O)(=O)c1ccc(-c2cc(C(F)(F)F)ccc2OCC(=O)O)c(Cl)c1,-1.3689805856550623
Cc1c(-c2ccc3[nH]ncc3c2)ccc2c3ocnc3c(=O)n(C3CC3)c12,-0.0105395030921039
CC(C)(C)NCC(O)COc1ccc(NC(O)=NC2CCCCC2)cc1,-0.4082566425401595
O=C(c1nccc2[nH]cnc12)N1CCC(F)(F)[C@@H](Oc2ccc3ccccc3n2)C1,-0.8512123159436876
CN(C)CCNC(=O)c1ccc(Nc2ncc3cc(-c4ccncc4)ccc3n2)cc1,-1.9176132149096263
Cn1c(=O)[nH]c(=O)c2c1nc(Sc1nc3cc(NC(=O)CC[C@H](N)C(=O)O)ccc3[nH]1)n2Cc1ccccc1,-0.045709238298873
Cc1onc(-c2ccccc2)c1-c1ccc(S(N)(=O)=O)cc1,-1.403496700119968
O=S(=O)(NC1CCNCC1)c1cc(S(=O)(=O)c2ccccc2)ccc1C(F)(F)F,-1.1184738353641328
CC(C)(O)c1cc(F)c2c(c1)C(=O)N(Cc1ccc(Cl)cn1)[C@@]2(OCC1(C(N)=O)CC1)c1ccc(Cl)cc1,-1.6202051567230198
CCO[C@H]1CN([C@H]2CC[C@@](O)(c3ccccc3)CC2)C[C@@H]1NC(=O)CNC(=O)c1cccc(C(F)(F)F)c1,-0.1306157171159885
CC#Cc1cncc(-c2cc(Cl)c([C@]3(C)CC(=O)N(C)C(=N)N3)s2)c1,-1.3876400520322256
CCN(CC)C(=O)/C(C#N)=C/c1cc(O)c(O)c([N+](=O)[O-])c1,-1.678194516142461
Cn1cnc2c(F)c(Nc3ccc(Br)cc3F)c(C(=O)NOCCO)cc21,-1.5305977594624445
COc1ccc(-c2ccn(CC[C@](C)(C(=O)NO)S(C)(=O)=O)c(=O)c2)c(F)c1,-0.5076727249063073
c1cnc(Nc2ncnc3ccc(-c4cccc(N5CCOCC5)c4)cc23)nc1,-1.201087061911587
C[C@@H]1CCO[C@H]2Cn3cc(C(=O)NCc4ccc(F)cc4F)c(=O)c(O)c3C(=O)N12,-2.11728425519646
C[C@@H](Oc1cc2c(cc1Cl)N(CCC(=O)O)C(=O)CO2)c1ccccn1,-1.1196151994096977
Nc1c(CC(=O)O)cccc1C(=O)c1ccc(Br)cc1,-2.6558455725742744
N#CC1(c2ccccc2F)CCN(Cc2cc(C(=O)O)c(=O)n3ccccc23)CC1,-1.2522387218155722
COc1ccc2[nH]c3c(c2c1)CCN[C@]31CS[C@@H]2c3c(OC(C)=O)c(C)c4c(c3[C@H](COC1=O)N1[C@@H]2[C@H]2c3c(cc(C)c(OC)c3O)C[C@@H]([C@@H]1O)N2C)OCO4,-1.6142745351790648
CCC(CC)C[C@H](c1ccc(C(=O)O)c(Oc2cccc(Cl)c2)c1)N1CCC[C@H](n2cc(C)c(=O)[nH]c2=O)C1,-1.889811102843363
CCN1CCN(C(=O)N[C@@H](C(=O)N[C@@H]2C(=O)N3[C@@H]2SC(C)(C)[C@@H]3C(=O)O)c2ccccc2)C(=O)C1=O,-0.0941582055333554
NC(=O)Nc1sc(-c2ccc(CN3CCCCC3)cc2)cc1C(N)=O,-0.4755180661494646
C[N+]1(C)CCC(OC(=O)C2(c3ccccc3)CCCCCC2)CC1,-0.567463616735744
CN1CCN(c2ccc(S(=O)(=O)NCc3ccc(C(=O)Nc4cccnc4)cc3)cc2)CC1,-0.8272453257258323
Cc1cccc(NC(=O)c2cc(F)cc(C#N)c2)n1,-0.991830077981924
Cc1c(-c2ccc3nonc3c2)ccc2c3ocnc3c(=O)n(C3CC3)c12,-0.0132148341533588
N#Cc1cccc(NC(=O)N2CCC3(CC2)C(=O)N(c2cccc(Cl)c2)C3c2ccccn2)c1,-1.854275425119336
CC(C)(CO)CNCc1c(C(=O)N[C@@H]2CCC[C@H](O)C2)noc1-c1ccc(C(F)(F)F)cc1,-0.4417247403330895
CC(C)(O)c1ccccc1CC[C@@H](SCC1(CC(=O)O)CC1)c1cccc(/C=C/c2ccc3ccc(Cl)cc3n2)c1,-2.2498489072301755
CN(C)c1cc(-c2ccc(Cn3cc(C(=O)O)c(=O)c4cccc(F)c43)cc2)ccn1,-1.7962873593922926
N#CC1(c2cnccn2)CCN(Cc2cc3c(c4ccccc24)CN([C@H]2CCCC[C@@H]2O)C3=O)CC1,-1.0609102622966615
C[C@]12CCC(=O)C=C1C=C[C@@H]1[C@@H]2CC[C@@]2(C)[C@H]1CC[C@@]21CCC(=O)O1,-1.219390375709032
C[C@@H]1CN(C(=O)[C@@H]2CN(C(C)(C)C)C[C@H]2c2ccc(F)cc2F)C[C@H](C)[C@@]1(O)c1ccccc1,-0.6332631566516302
CC(C)N(C)Cc1cccc(F)c1CNc1cc(F)c(S(=O)(=O)Nc2cscn2)c(F)c1,-2.699187205881913
O=[N+]([O-])c1c(CS(=O)(=O)c2ccccc2)nc2c(Br)cc(Cl)cn12,-1.4441199353631946
O=C(O)[C@@H]1C[C@H](Sc2cccc(Cl)c2)CN1,-0.7936059355691265
CC#CCC(C)[C@H](O)/C=C/[C@@H]1[C@H]2C/C(=C/CCCC(=O)O)C[C@H]2C[C@H]1O,-0.4310594303837032
C[C@@H](Oc1cc(-n2cnc3ccc(OCCCN(C)C)cc32)sc1C(N)=O)c1ccccc1Cl,-1.5690546468315976
O=C(O)c1cn(Cc2ccc(-n3cccn3)cc2)c2c(c1=O)C(O)CCC2,-0.3569808472680198
c1cncc(Nc2nccc(-c3c(C4CC4)nn4nc(N5CCOCC5)ccc34)n2)c1,-1.9590023075765075
CCOC(=O)c1[nH]c(C)c(Cc2ccc(C(F)(F)F)nc2)c1C,-1.18751446704095
O=C(C1=C(c2ccc(CCCOc3c(F)ccc(F)c3Cl)cc2)C[C@@H]2CNC[C@H]1N2)N(Cc1cccc(Cl)c1Cl)C1CC1,-1.9590023075765075
CCNC(=O)Nc1nc2cc(-c3cccnc3)c(=O)n(C(C)C(=O)O)c2s1,-0.6560402709928592
C[C@@]12CCCCC[C@@H](Cc3ccc(O)cc31)[C@@H]2N,-0.9961088337630896
Cn1nnc(-c2ccc(-c3ccc(N4C[C@H](COP(=O)(O)O)OC4=O)cc3F)cn2)n1,-0.6989899606259616
CC(C)Oc1ccc(-c2nc(-c3cccc4c3cnn4CCC(=O)O)no2)cc1Cl,-1.886457720046036
CCNC(=O)Nc1ccc(-c2nc(N3CCOC[C@@H]3C)c3c(n2)[C@@](C)(CCO)OC3)cc1,-0.8512123159436876
COc1ccc(-c2cc(=O)c3c(O)cc(OP(=O)(O)O)c(-c4cc(-c5cc(=O)c6c(O)cc(OP(=O)(O)O)cc6o5)ccc4OC)c3o2)cc1,-1.7451378557193975
Cn1cnc2ncn(Cc3nn(C[C@H](F)c4ccc(Cl)cc4)c(=O)o3)c(=O)c21,-0.4980060247187456
CCCc1cc(C(=O)N[C@H](Cc2ccc(-c3cccc(OC(F)(F)F)c3)nc2)C(O)=NCCN(C)C)sc1C,-1.9590023075765075
Cc1ccc(S(=O)(=O)Nc2c(C(=O)NC(C)C(C)(C)C)c(C)nn2-c2ccccc2)cc1,-1.863682213717614
[2H]C([2H])([2H])N(C(=O)c1c(F)cccc1Cl)c1ccc(-c2cc(NC(C)=O)nn2C(C)C)cc1-c1ccccc1,-2.3013775702979022
CO/N=C(\C(=O)N[C@@H]1C(=O)N2C(C(=O)O)=CCS[C@H]12)c1csc(N)n1,-0.1424986441018711
Cc1ccc(O)c(C)c1-n1c(N)c(C(N)=O)c2cc(Cl)cnc21,-0.9792410724456132
CCNCCc1ccc(CN(CC)c2cc(OC)ccc2[C@@H]2CCc3cc(O)ccc3C2)cc1,-0.47742853554491
O=C(O)CCc1ccc(C#Cc2cc(Cl)nc(Cl)c2)cc1,-1.4952709483787436
CC(C)(C)OC(=O)NCCCSC[C@H]1O[C@@H](n2cnc3c(N)ncnc32)[C@H](O)[C@@H]1O,-0.6255011242728711
CC(C)NC(=O)COc1cccc(-c2nc(Nc3ccc4[nH]ncc4c3)c3ccccc3n2)c1,-2.6884686394460577
CC(C)Cn1c(=O)n(C)c(=O)c2c(C(=O)N3CC(C)(O)C3)c(Cc3ccccc3C(F)(F)F)sc21,-1.1553302613868628
O=C(NCc1ccc(S(=O)(=O)c2cc(F)cc(F)c2)cc1)c1ccc2nccn2c1,-1.2150975501133452
Cc1ccc(S(=O)(=O)N(C)c2ccc3sc(C)nc3c2)cc1,-2.0761034753180265
OC[C@@H]1[C@@H](O)[C@H](O)[C@@H](O)CN1CCCCCCOc1cccc(F)c1,-0.6560402709928592
Nc1ncnc2c1ncn2CCOCP(=O)(O)O,-0.0177106717340002
C[C@@](C(=O)O[C@H]1C[N+]2(CCc3ccc(F)cc3)CCC1CC2)(c1ccccc1)N1CCCCC1,-1.6993827801934176
O=C(COc1cccc(Cl)c1)NC1CCN(Cc2ccn(-c3ccc(OC(F)(F)F)cc3)c2)CC1,-1.4819073984834683
Cc1ccc2cc(C)c3nnc(SCC(=O)N4CCN(C(=O)c5ccco5)CC4)n3c2c1,-1.97920381189548
Cc1ccc(-n2nccn2)c(C(=O)N2CC3CC(C2)N(c2ncc4ccccc4n2)C3)c1,-1.18751446704095
COc1cc(OC)cc(N(CCNC(C)C)c2ccc3ncc(-c4cnn(C)c4)nc3c2)c1,-0.7216329102168304
O=C(CN1CCOCC1)Nc1ccc2ncnc(Nc3ccc(OCc4cccc(F)c4)c(Cl)c3)c2c1,-2.5231683714877318
COc1cc2nccc(Oc3ccc4c(c3)OCCN4C(=O)Nc3ccc(Cl)cc3)c2cc1OC,-2.04614370177502
COc1ccc(Oc2cncc3sc(C(N)=O)cc23)cc1,-1.18751446704095
Cc1nc(C)c(-c2ccc([C@H]3CC[C@H](CCO)CC3)cc2)nc1C(N)=O,-1.5090587946432126
Cc1cc2nc3c(=O)[nH]c(=O)nc-3n(C[C@H](O)[C@H](O)[C@H](O)CO)c2cc1C,-0.3972890550424425
CCC(NC(=O)c1ccc(Cl)cc1)[C@H]1[C@@H]2C[C@@H](n3cnc4cccnc43)C[C@@H]21,-1.4093587579877196
N#C[C@@H]1CCCN1C(=O)[C@@H]1CCCN1C(=O)CCCc1ccc([123I])cc1,-0.0282312099312228
N#Cc1cnn2c(NC3CC3)cc(-n3ccc4ccc(CO)cc43)nc12,-1.698731859118053
O=C(Nc1cc(-c2cc3c([nH]2)C2(CCNCC2)CNC3=O)ccn1)c1ccc2ccccc2c1,-2.3982658517398923
CC1(C)NC(=O)N(c2cccnc2)C1=O,-0.0296224359507208
O=C(NC1CCCCC1)N1CCC(c2nc(-c3ccc4ccccc4n3)no2)CC1,-2.2222108125651343
Nc1cc(-c2ccncc2)c[nH]c1=O,-0.1485642996111921
Cc1cn2nc([C@@H]3CCCCN3C(=O)c3ccccc3NS(C)(=O)=O)cc2nc1C,-1.229575131902665
O=C(NCCO[N+](=O)[O-])c1cccnc1,-0.1247939959031097
Cc1cc(Nc2ccc(C(F)(F)F)nc2)n2nc(C(C)(F)F)nc2n1,-0.3005959181846626
CC(C)(C)COc1ccc(-n2cc(C(=O)O)cn2)cc1C#N,-1.6312000765898151
CCOC(=O)C1=C(C)N/C(=C/c2cc(C)n(-c3ccc([S+](C)O)cc3)c2C)C1=O,-1.1942477451993276
c1ccc(CC2=NCCN2)cc1,-0.1133795698723098
COc1cc(OC)c(S(=O)(=O)N2c3ccccc3CCC2C)cc1NC(=O)NCC(=O)O,-0.5515721196406536
Nc1ccn([C@H]2CC[C@@H](CO)O2)c(=O)n1,-0.0152636590527092
CC(NC(=O)c1cc(O)nc2ccccc12)c1ccccc1,-0.4430464251464634
C[C@H]1[C@H](NC(=O)/C(=N\OC(C)(C)C(=O)O)c2csc(N)n2)C(=O)N1C(=O)NS(=O)(=O)N1C[C@@H](NC(=O)c2cc(=O)c(O)c[nH]2)CC1=O,-0.6184156653472478
Cc1ccc2c(c1)C(=O)N1CCCCC1c1cc3nc(N4CCC4)cc(n3n1)N(C)CCNC(=O)CO2,-1.18751446704095
CSc1ccc(OCc2ncc([N+](=O)[O-])n2C)cc1,-1.3876400520322256
CC1CC(=O)NN=C1c1ccc(F)c(F)c1,-0.3559949365267739
O=C(O)CCCO,-0.004360418611657
Cc1cc(Nc2ccc(S(F)(F)(F)(F)F)cc2)n2ncnc2n1,-1.3283274043791142
C=C(C)[C@@H]1CC[C@]2(C(=O)O)CC[C@]3(C)[C@H](CC[C@@H]4[C@@]5(C)CC=C(c6cccc(O)c6)C(C)(C)[C@@H]5CC[C@]43C)[C@@H]12,-0.475907275899104
CN(C)S(=O)(=O)c1cccc(-n2sc3ccccc3c2=O)c1,-0.3609470254212297
O=S(=O)(Nc1ccc(C(F)(F)F)cc1)c1ccc2sc(CO)nc2c1,-2.4321153092162984
CC(C)S(=O)(=O)N(C)c1cc(C(=O)N[C@@H](Cc2ccccc2)[C@@H](N)CF)cc(NC[C@H]2C[C@@H]2C)n1,-1.3405087991341442
COc1ccc(N2CCN(C(=O)[C@@H]3CCCC[C@H]3C(=O)NC3(C#N)CC3)CC2)cc1OC,-0.3462570059742641
CCCOc1cc([C@H](c2cc3cc(Br)ccc3cc2OC)[C@@](O)(CCN(C)C)c2cccc3ccoc23)cc(OC)n1,-3.0
COc1c(F)ccc(F)c1C1CCN(c2ccn3c(CC4CC4)nnc3c2Cl)CC1,-1.9590023075765075
COc1cc(OC)c(S(=O)(=O)N2c3ccccc3Oc3ccccc32)cc1NC(=O)Cc1ccnc(F)c1,-1.962968132250768
Cc1ccc(CO)cc1N(C)c1ccnc(Nc2cc(N3CCCOCC3)cc(N3CCOCC3)c2)n1,-1.2476103999255532
Cc1ccc2c(-c3cnc4[nH]cc(C(=O)NC(C)(C)CO)c4n3)nn(CCCN(C)C)c2c1,-0.9176455486690313
C[C@H](c1nc2ncccc2c(=O)n1-c1ccc(Cl)cc1)N(CC1CCS(=O)(=O)CC1)C(=O)Cc1ccc(C(F)(F)F)c(F)c1,-0.957068299569702
C[C@H](c1nc2c(cnn2C2CCOCC2)c(=O)[nH]1)N1CC(Oc2ccccc2)C1,-0.636820649941314
N#CC[C@H](C1CCCC1)n1cc(-c2ncnc3[nH]ccc23)cn1,-1.3653430033773737
NS(=O)(=O)c1cc2c(cc1C(F)(F)F)NCNS2(=O)=O,-0.6007590583075443
CCCCCCNC(=O)C1C(=O)N(O)C(=O)c2ccccc21,-2.699187205881913
COc1cc(-n2cnc3cc(-c4ccc(Cl)cc4)sc3c2=O)ccc1OC[C@H](OP(=O)(O)O)C1CC1,-2.149114937904434
COc1ccc(Cl)cc1NC(=O)CCS(=O)(=O)c1ccc(C)cc1,-1.6405800460406823
COc1cc(OC)c(S(=O)(=O)N2c3ccccc3Oc3ccccc32)cc1NC(=O)/C=C/C(=O)O,-1.6024771142816578
CN(C)[C@@]1(C)C[C@H](C(=O)N2CCC(c3ccnn3-c3ccc(F)c(Cl)c3)CC2)[C@@H](c2ccc(F)cc2F)C1,-0.9792410724456132
C[Si]1(C)CCN(NCc2cc(-c3ccc(Cl)cc3)n(-c3ccc(Cl)cc3)n2)CC1,-2.102752394955559
Cc1nn(C)c2cc(N3CCN(C(=O)[C@@H]4CCCC[C@H]4C(=O)NC4(C#N)CC4)[C@H](C)C3)ccc12,-0.5517266447926501
CC(C)(C)c1cc(NC(=O)NC23CC4CC(CC(C4)C2)C3)no1,-2.5231683714877318
COc1ccccc1CNC[C@H]1C[C@@H]1c1cc(F)ccc1OC,-0.7427535350926288
O=C1COCCN1c1ccc(C2CC(c3ccc([N+](=O)[O-])o3)=NO2)cc1,-0.4465502708044357
Cc1n[nH]c(C)c1[C@H](C)NC(=O)COc1cc(C(F)(F)F)c2c(-c3ccccc3)nn(C)c2n1,-1.3876400520322256
N#Cc1cccc(Nc2cccc(-c3cnn4ncccc34)c2)c1,-1.9590023075765075
Cc1cccc(C(=O)N[C@H]2O[C@@H](C)[C@@H](O)[C@@H](O)[C@@H]2O)c1,-0.1868528554195325
COc1cc(OC2CCN(C)CC2)c2c(Nc3cccc4c3OCO4)ncnc2c1,-1.6599705467386403
COc1cccc(C(=O)COc2ccc(CC3SC(=O)NC3=O)cc2)c1,-1.9590023075765075
CC(=O)Nc1ccc(Oc2cncc3sc(C(N)=O)cc23)cc1,-1.041388342235121
NC(=O)NO,-0.0132148341533588
CO[C@H]1CN(c2nc(-c3ncnn3C)c(C(=O)O)s2)CC[C@H]1NC(=O)c1[nH]c(C)c(Cl)c1Cl,-1.4819073984834683
CSc1nc2cc(Cl)c(Oc3cccc(Cl)c3Cl)cc2[nH]1,-1.4689428087667111
O=C(C[N+]12CCC(CC1)[C@@H](OC(=O)C1(C3=CC=CC3)CCCCCC1)C2)Nc1cccc(F)c1,-2.3982658517398923
N#Cc1ccc(C(=O)N2CCC3(CC2)N=C(N)c2c(F)ccc(F)c2N3)cc1,-0.5445227497656201
Cc1[nH]c(C(=O)NC2CCN(c3ncc(C(=O)O)s3)CC2)c(Cl)c1Cl,-1.5189775360099855
C[C@@H]1CN(Cc2ccc(F)cc2)CCN1C(=O)COc1ccc(Cl)cc1NC(N)=O,-1.667975832365793
CCCc1cc(C(=O)N[C@H](Cc2ccc(-c3cccc(OC(F)(F)F)c3)nc2)C(O)=N[C@@H]2CCNC2)sc1C,-1.9590023075765075
COc1cc2nc(N(C)CCCNC(=O)C3CCCO3)nc(N)c2cc1OC,-0.8512123159436876
CNS(=O)(=O)c1ccc2c(C(=O)NC[C@@H](O)CN3CCC(Oc4ccc(Cl)c(Cl)c4)CC3)c[nH]c(=O)c2c1,-1.0639157377361796
Nc1noc2c(N3CC[C@@H](NC(=O)c4ccc(-n5cnc6ncccc65)cc4Cl)C3)ncc(Cl)c12,-2.04614370177502
Cc1ccc(C(=O)NC2CC2)cc1NC(=O)c1cnn(-c2ncccc2C(F)(F)F)c1C,-0.4429261056339875
C=CC(=O)N1CCC([C@@H]2CCNc3c(C(N)=O)c(-c4ccc(Oc5ccccc5)cc4)nn32)CC1,-1.2228554519828088
CCNC(=O)c1cc2c(-n3nc(C(F)(F)F)cc3C)c(-c3cncc(C(=O)O)c3)cnc2[nH]1,-0.3423267210298023
CC(C)c1cc(C(C)(C)C)cc(-c2ccc(F)cc2)c1CO,-0.9961088337630896
Cc1ccccc1N1C(=O)c2cc(S(N)(=O)=O)c(Cl)cc2NC1C,-1.2928558116575553
COc1ccc(-c2ccc(S(=O)(=O)N[C@@H](C(=O)O)[C@H]3CC[C@H](N(C)C(=O)N4CCOCC4)CC3)cc2)cc1,-1.3376672295602454
Cc1n[nH]c2ccc(NS(=O)(=O)CCCCF)cc12,-0.636820649941314
CN(CCNCCc1ccc(O)c2nc(O)sc12)C(=O)CCOCCc1ccccc1,-0.9658020410471084
Cc1ccc(S(=O)(=O)NCCSc2nnnn2-c2ccc(C(N)=O)cc2)cc1,-0.992256061554874
CC1(C)CCn2nc(COc3ccccc3)cc2C1=O,-0.9961088337630896
COc1cc(OC)c(/C=C/S(=O)(=O)Nc2ccc(OC)c(N)c2)c(OC)c1,-2.3668649681436342
COc1cc2c(cc1OC)CN(c1nc(N3CCCN(C(=O)N4CC(O)C(O)C4)CC3)nc3cc(OC)c(OC)cc13)CC2,-1.5090587946432126
CC(=O)c1sc(NC(O)=N[C@@H]2CCCC[C@H]2CN2CCC[C@@H](Cc3ccc(F)cc3)C2)nc1C,-1.4952709483787436
[O-][n+]1ccc(Cl)cc1C1OC2(CCN(Cc3ccc(OC(F)(F)F)cc3)CC2)c2ccccc21,-2.1552743720267773
C[C@@](CCc1cc(-c2ccccc2)no1)(C(=O)NO)S(C)(=O)=O,-1.854275425119336
CNCCN(C)Cc1c[nH]nc1-c1ccc(O[C@H]2C[C@H](OCCC3CCOCC3)C2)cc1,-0.2835959540622216
CNC1(c2ccccc2Cl)CCCCC1=O,-0.1143212786312133
O=S(=O)(c1ccc(Cl)cc1)N1CCCc2ccc(Oc3cc(-c4nc(C5CC5)no4)cc(Cl)n3)cc21,-0.9551076165256404
C[C@H](/C=C/[C@H](C)C(C)(C)O)[C@H]1CC[C@H]2/C(=C/C=C3C[C@@H](O)C[C@H](O)C3)CCC[C@]12C,-2.777457801719619
O=C(NCCc1csc(-c2ccccc2)n1)c1cccc(F)c1,-1.3876400520322256
CNS(=O)(=O)Cc1ccc2[nH]cc(CCCN3CCN(c4ncncc4OC)CC3)c2c1,-1.1818721307160494
CC#Cc1cncc(-c2cccc(C3(C4CC4)N=C(C)C(N)=N3)c2)c1,-1.2937081886722996
CN[C@@H](C)C(=O)N[C@H](C(=O)N[C@H]1CCCN(CCc2ccccc2)C1)C(C)(C)C,-0.2955970477710162
CC(=O)N1CCC(COc2ccc(-c3ccn[nH]3)nc2)CC1,-0.4740939405491631
CCNC(=O)Nc1ccc(-c2nc3c(c(N4CCOC[C@@H]4C)n2)C[C@@H]2CC[C@H]3N2C(C)=O)cc1,-0.7936059355691265
CC1(NC(=O)COc2cccc(-c3nc4c(c(Nc5ccc(-c6cn[nH]c6)cc5)n3)CN(C3CCC3)CC4)c2)CC1,-2.0972901870301213
CCS(=O)(=O)[C@]1(C)CC[C@@](CF)(c2cc(NC(=O)c3cc4c(cn3)OC(F)(F)O4)ccc2F)N=C1N,-0.1679249597605885
Cc1c(-c2ccc3[nH]c(N)nc3c2)ccc2c3ocnc3c(=O)n(C3CC3)c12,-0.0231678412550687
Fc1cccc(COc2ccc(Nc3ncnc4ccc(-c5nccc(N6CCOCC6)n5)cc34)cc2Cl)c1,-2.5231683714877318
Cc1ccc(C(=O)c2ccc(CC(=O)O)n2C)cc1,-2.377081726753733
CCCCCn1cc(C(=O)NC23CC4CC(CC(C4)C2)C3)c(=O)cc1C(C)(C)C,-1.9590023075765075
O=C(Nc1ccccc1-c1cn2c(CN3CCNCC3)csc2n1)c1cnc2ccccc2n1,-1.962968132250768
CC(C)(C)N1C[C@@H](C(=O)N2CCC(c3nnnn3-c3ccc(Cl)cc3)CC2)[C@H](c2ccc(F)cc2F)C1,-0.4939281250746494
Cc1[nH]c(C(=O)N[C@@H]2CCN(c3ncc(C(=O)O)s3)CC23OCCO3)c(Cl)c1Cl,-1.1196151994096977
Cc1noc(C)c1CCC1CCN(S(=O)(=O)C[C@](C)(C[C@H](C)c2ncc(F)cn2)N(O)C=O)CC1,-0.9551076165256404
Cc1c(-c2ccc(C(N)=O)c3[nH]c4cc(C(C)(C)O)ccc4c23)cccc1-n1cnc2ccccc2c1=O,-2.1552743720267773
OCCn1cc(-c2cnc3nnn(Cc4ccc5ncccc5c4)c3n2)cn1,-0.7936059355691265
Cc1ccc2c(c1)c(-c1cc(C)nc3ccccc13)c(C)n2CC(=O)O,-2.3013775702979022
COc1cc(OCc2ccnc(N)n2)cc2sc(N[C@@H]3CCCC[C@H]3O)nc12,-0.638704785633533
N#Cc1cc(F)c(C(=O)Nc2ccnc(NC(=O)[C@H]3C[C@H]3F)c2)c(Cl)c1,-0.8700975230745714
N/N=c1\[nH][nH]/c(=N\N)c2ccccc12,-0.609497637482319
O=C(O[C@H]1C[N+]2(CCCc3nc4ccccc4o3)CCC1CC2)C1(C2=CC=CC2)CCCCCC1,-1.3876400520322256
Cc1cc(C)c(NS(=O)(=O)c2ccc(N=C(O)c3ccco3)cc2)c(C)c1,-1.6386877748976718
Cc1cn(Cc2ccc(Cl)cc2Cl)c2c(-c3cc(NS(=O)(=O)c4ccc(F)c(F)c4)no3)cc(F)cc12,-1.7699600188420606
C[C@H]1[C@H](NC(=O)/C(=N\OC(C)(C)C(=O)O)c2csc(N)n2)C(=O)N1C(=O)NS(=O)(=O)n1nc(-c2cc(=O)c(O)cn2O)n(CCCS(C)(=O)=O)c1=O,-0.9176455486690313
Cc1nc(N2CCC(O)(C3CC3)CC2)nc2ccc(NC(=O)/C=C/c3ccc(Cl)cc3)cc12,-2.2222108125651343
NS(=O)(=O)c1cc2c(cc1C(F)(F)F)NC(Cc1ccccc1)NS2(=O)=O,-1.2150975501133452
O=C(NC1Cc2ccccc2N(CC(CO)CO)C1=O)c1cc2sc(Cl)c(Cl)c2[nH]1,-0.0009990266028112
C[N+](C)([O-])CCC=C1c2ccccc2CCc2ccccc21,-0.6972362915270183
CS(=O)(=O)Nc1ccc2c(ccn2-c2ccc(O[C@H]3O[C@H](CO)[C@@H](O)[C@H](O)[C@@H]3O)c(Cl)c2)c1,-1.2150975501133452
O=C(O)c1cn(Cc2ccc(-n3cnc(-c4ccccc4)c3)cc2)c2cccc(F)c2c1=O,-2.000391041028584
C[C@H](CO)Nc1nc(SCc2cccc(F)c2F)nc2[nH]c(=O)sc12,-2.3982658517398923
CN1C(=O)C(O)N=C(c2ccccc2Cl)c2cc(Cl)ccc21,-0.8668924068772468
CC#CCn1c(N2CCC[C@@H](N)C2)nc2c1c(=O)n(Cc1nc(C)c3ccccc3n1)c(=O)n2C,-0.8597034048809629
O=[N+]([O-])c1ccc2nc(COCc3nc4ccc([N+](=O)[O-])cc4[nH]3)[nH]c2c1,-2.0181179968023826
CN(C)C(=O)CN1CC(c2nc(C(=O)NCc3ccc(F)cc3)c(O)c3ncccc23)CC1=O,-1.2761504398127412
O=C(NCC1(O)CCCCCC1)c1cc(-n2ncc(=O)[nH]c2=O)ccc1Cl,-0.6758413671536044
O=C(O)/C=C/c1cccc(-c2cnc3[nH]ccc3c2)c1,-1.6405800460406823
NC(=O)CN1C(=O)C(NC(=O)c2cc3cc(Cl)sc3[nH]2)Cc2ccccc21,-0.0016518059926299
Nc1ncnc2c1C(=O)N(c1ccc(-c3ccc(C(F)F)cc3Cl)cc1)CCO2,-1.6386877748976718
CC1(C)S[C@@H]2[C@H](/N=C/N3CCCCCC3)C(=O)N2[C@H]1C(=O)O,-0.0654308554086806
O=C(c1cc(-c2ccccc2)c2cc(I)ccc2n1)N1CCOCC1,-1.3264833028729512
Cc1ccc(-n2ccc(C(F)(F)F)c2COc2c(F)cc(CCC(=O)O)cc2F)cc1,-2.744920557572451
CCCCc1ncc(/C=C(\Cc2cccs2)C(=O)O)n1Cc1ccc(C(=O)O)cc1,-1.6751035859767218
CCN1CCCC1CN=C(O)c1cc(S(=O)(=O)CC)c(N)cc1OC,-0.0756379990570182
Cc1cc(Nc2ccc(Cl)cc2)n2nc(C(C)C)nc2n1,-0.8185880637780635
CN(C)C(=O)c1cccc(-n2sc3ccccc3c2=O)c1,-0.2569239623365296
[18F]CCn1cc(-c2ccncc2)c(-c2ccc(OCc3ccc4ccccc4n3)cc2)n1,-2.2222108125651343
CC1=C(C(=O)O)N2C(=O)[C@@H](NC(=O)[C@H](N)c3ccccc3)[C@H]2SC1,-0.0604158576515883
O=C(Cc1ccc(Oc2ccccc2)cc1)NO,-1.678194516142461
COc1cc2ccc(Br)cc2cc1[C@@H](c1ccccc1)[C@@](O)(CCN(C)C)c1cccc2c1CCC2,-3.0
Cc1cc(C2CCN(C(=O)[C@@H]3C[C@@](C)(N(C)C)C[C@H]3c3ccc(F)cc3F)CC2)n(-c2ccc(F)c(Cl)c2)n1,-1.18751446704095
C[C@@H](NC(=O)c1ccc(C#N)cc1)[C@H]1[C@@H]2C[C@@H](n3cnc4cc(F)c(F)cc43)C[C@@H]21,-1.2150975501133452
Cc1cc(N2CCOc3ncnc(N)c3C2=O)cc(C)c1C#CC(C)(C)CC(=O)O,-0.8543033708982299
O=C(O)c1ccc(-c2nn(C(=O)c3c(Cl)cccc3C(F)(F)F)c3ccccc23)cc1,-2.3982658517398923
CC#Cc1cncc(-c2csc([C@]3(C)CC(=O)N(C)C(=N)N3)c2)c1,-0.9216117029254074
N=C(O)c1cnccn1,-0.045709238298873
C=C1CC[C@@]2(O)[C@H]3Cc4ccc(O)c5c4[C@@]2(CCN3CC2CC2)[C@H]1O5,-0.259282123940715
O=[N+]([O-])c1c(CS(=O)(=O)c2ccccc2)nc2c(Sc3ccc(Cl)cc3)cc(Cl)cn12,-2.824053529904458
Cc1ccc(NC(=O)c2ccc(P(C)(C)=O)cc2)cc1Nc1nccc(-c2cccnc2)n1,-0.7855880129465371
Cc1oc(-c2ccccc2)nc1COc1ccc(CCC(=O)O)cc1,-1.824314271737916
CN[C@@H](C)C(=O)N[C@H]1CCC[C@H]2C[C@H]3CCN(CCc4ccc(C(F)(F)F)cc4)C[C@H]3N2C1=O,-0.7427535350926288
Cc1ccc(NS(C)(=O)=O)c(C(=O)N2CCCC[C@H]2c2cc3nc(C4CC4)c(C)cn3n2)c1,-1.7451378557193975
Cc1ccc(CCC[N+]23CCC(CC2)[C@@H](OC(=O)[C@](C)(c2ccccc2)N2CCCCC2)C3)cn1,-0.8537763370015045
O=C(Nc1ncc(C2(O)CCC2)s1)c1ccc(F)c(Cl)c1,-1.4441199353631946
COc1cc(-n2cnc3cc(-c4ccc(Cl)cc4)sc3c2=O)ccc1OCCN1CCCC1,-1.8272190678846332
CCC(=O)OCC(=O)[C@@]1(OC(=O)CC)[C@@H](C)C[C@H]2[C@@H]3CCC4=CC(=O)C=C[C@]4(C)[C@@]3(Cl)[C@@H](O)C[C@@]21C,-0.9820211375451594
CCS(=O)(=O)N1C[C@H](N(C)c2ncnc3[nH]ccc23)C2(CC2)C1,-0.2545785361176668
Cc1ccc(-c2nnc(SCC(=O)N3CCN(c4ccccc4)CC3)o2)cc1,-2.553121247745479
Oc1ccc(C2CNCCc3c2cc(O)c(O)c3Cl)cc1,-1.0080091319202538
OC[C@@H]1[C@@H](O)[C@H](O)[C@@H](O)CN1CCCCCCOC1CCCCCC1,-0.5365400288758649
Cc1c(CC(=O)O)c2cccnc2n1S(=O)(=O)c1ccc(F)c(F)c1,-0.9875930664174024
Fc1ccc(-c2nc(N=c3cc[nH][nH]3)c3ccccc3n2)cc1,-1.9590023075765075
Cc1nnc2n1-c1ccc(-c3cnn(C)c3)cc1N(c1ccc(Cl)cc1)CC2,-1.3876400520322256
O=C(Nc1ccccc1-c1ccccc1)OC1CCN(CCCCCCCCCNC[C@H](O)c2ccc(O)c3[nH]c(=O)ccc23)CC1,-0.9216117029254074
Cc1cn2nc([C@@H]3CCCCN3C(=O)c3cc(Cl)ccc3NS(C)(=O)=O)cc2nc1N1CC(C#N)C1,-1.678194516142461
COc1cc2ncnc(Nc3cccc(Cl)c3F)c2cc1CN(C)[C@@H](C)C(N)=O,-1.2928558116575553
COc1cccc([C@H](O)C2CCN(CCc3ccc(F)cc3)CC2)c1OC,-0.1864527689661567
COC1=C(OC)C(=O)C(CCCCCCCCCCO)=C(C)C1=O,-1.0004301645036642
Cc1cc(COc2ccc([C@]3(C)CCN([C@H](C)C(=O)NO)C3=O)cc2)c2ccccc2n1,-1.432221038427818
N#Cc1ccnc(N2C(=O)CC[C@H]2C(=O)N(c2cncc(F)c2)[C@H](C(=O)NC2CC(F)(F)C2)c2ccccc2Cl)c1,-1.206637137923825
C[C@@H]1CN(c2c(F)c(N)c3c(=O)c(C(=O)O)cn(C4CC4)c3c2F)C[C@H](C)N1,-0.2704028083749608
O=C(NC1CCCC1)C1CCN(c2nc3cc(Cl)ccc3o2)CC1,-2.2222108125651343
Cc1cc2oc(=O)n(CCC(=O)O)c2cc1Cl,-1.4206394750654865
Cn1c(=O)n(C2CCNCC2)c2c3cc(-c4cn[nH]c4)ccc3ncc21,-0.4551261567651986
CC1(C)C(=O)N(c2ccc(F)c(C(F)(F)F)c2)C(=O)N1CC#N,-0.2852663162978299
C[C@@](CCn1cc(-c2ccccc2)cn1)(C(=O)NO)S(C)(=O)=O,-1.3102295598114089
CCOC(=O)C1=C(C)N/C(=C/c2cc(C)n(-c3ccc(N4CCOCC4)cc3)c2C)C1=O,-1.1942477451993276
CC(C)c1ccc(NC(=O)NCCCSC[C@H]2O[C@@H](n3cnc4c(N)ncnc43)[C@H](O)[C@@H]2O)cc1,-1.100608534202453
O=C(Nc1c(F)c(F)c(-c2ccccc2)c(F)c1F)c1c(O)nn2ccccc12,-2.000391041028584
Cc1ccccc1OCC(O)CNCCOc1ccc(C(N)=O)cc1,-1.041388342235121
COCC(COC)(COC)NC(=O)c1nc(N2CC[C@@H](NC(=O)c3[nH]c(C)c(Cl)c3Cl)[C@@H](OC)C2)sc1C(=O)O,-1.3191842176343007
O=C(Nc1ccc(N2CCNCC2)cc1)c1ccc(-c2ccc(Cl)cc2)o1,-1.556374078396063
Cc1cccc(NC(=O)c2cc(F)cc(C#N)c2)c1,-1.7451378557193975
CN(C)Cc1nccn1-c1ccc(N2CCC(NS(=O)(=O)c3cc4cc(Cl)ccc4s3)C2=O)c(F)c1,-1.4206394750654865
O=C(c1cccc(I)c1)N1CCN(C(=O)c2cc(Cc3n[nH]c(=O)c4ccccc34)ccc2F)CC1,-1.3983636523517635
CCOc1ccc2cc(-c3nn(C(C)(C)CCO)c(N)c3C(N)=O)ccc2c1,-1.9590023075765075
CCOP(=O)(O)c1ccc(C(=O)Nc2ccc(C)c(Nc3nccc(-c4cccnc4)n3)c2)cc1,-1.3283274043791142
CC(C)Oc1cc(Nc2nc(N[C@@H](C)c3ncc(F)cn3)ncc2Cl)n[nH]1,-0.9481215581614264
Nc1nc(/C(=N/OC2(C(=O)O)CC2)C(=O)N[C@@H]2C(=O)N(S(=O)(=O)O)[C@@H]2CN2CCOC2=O)cs1,-0.0604158576515883
O=C(NC1Cc2ccccc2N(C[C@@H](O)CO)C1=O)c1cc2cc(Cl)sc2[nH]1,-0.0016518059926299
O=C(Nc1ccc([N+](=O)[O-])cc1Cl)c1cc(Cl)ccc1O,-2.5852939924389373
O=C(N[C@H]1C2CC3CC1C[C@](O)(C3)C2)c1cnc(N[C@H]2CCOC2)nc1C1CCCC1,-0.4195083950783458
CN1CCN(Nc2ncc(Nc3ccc4c(Nc5cnccn5)ccnc4c3)cn2)CC1,-0.3093521342564098
CCC(C)n1c(C)c(C(=O)NCc2c(C)cc(C)nc2O)c2ccccc21,-1.9590023075765075
O=C1CN(c2cc3nccnc3c(NC[C@H]3CCCNC3)n2)CCN1,-0.3865916321639296
c1ccc2c(=Nc3cc(C4CC4)[nH]n3)nc(-c3ccncc3)[nH]c2c1,-1.9590023075765075
N#Cc1ccc(Oc2cncc3sc(C(N)=O)cc23)cc1,-0.8129109680297739
N#Cc1ccc(C(F)(F)F)nc1O[C@H](CCN)c1ccno1,-0.2535661052583162
CN(C)C(=O)Cn1c(-c2ccoc2)c(C2CCCCC2)c2ccc(C(=O)NS(=O)(=O)N(C)C)cc21,-0.0047988780562745
O=C(NC[C@@H](O)CN1CCC(Oc2ccc(Cl)c(Cl)c2)CC1)c1c[nH]c(=O)c2cc(S(=O)(=O)NCCO)ccc12,-0.9042164430344424
C[C@H]1CCN1c1nc2ncc(C(=O)N[C@H]3CCNC3=O)cc2cc1Cl,-0.7193988684630864
CCOC(=O)c1cnc(N2CCN(C(O)=NS(=O)(=O)c3ccc(Cl)s3)CC2)c(Cl)c1,-1.7962873593922926
COc1ncc(-c2c(C)ccc(F)c2CCNC(=O)c2ccc(OCC(F)(F)F)nc2)cn1,-2.5231683714877318
CCOC(=O)C1=C(C)N/C(=C/c2cc(C)n(-c3ccc(F)cc3F)c2C)C1=O,-1.1942477451993276
CCN1CCCN(c2ncc(-c3ccc4c(Nc5cnccn5)ccnc4c3)cn2)CC1,-0.6972362915270183
CNC(=O)c1snnc1-c1ccccc1,-0.2491546369948858
Cc1cn(-c2cc(NC(=O)c3ccc(C)c(Nc4nccc(-c5cccnc5)n4)c3)cc(C(F)(F)F)c2)cn1,-0.2610037901898565
CN1CCc2nc(C(=O)N[C@@H]3C[C@@H](C(=O)N(C)C)CC[C@H]3NC(=O)c3cc4cc(Cl)ccc4[nH]3)sc2C1,-1.041388342235121
CN(C)C(=O)c1cc(F)ccc1CN=C(O)c1nc(C(C)(C)C)n(C)c(=O)c1O,-0.7427535350926288
O=C(C[N+]12CCC(CC1)[C@@H](OC(=O)C1(C3=CC=CC3)CCCCCC1)C2)Nc1cccc(C(F)(F)F)n1,-2.3013775702979022
CC(Cc1ccc(O)cc1)NCC(O)c1cc(O)cc(O)c1,-0.2215593164287672
C=CCN1CC[C@]23c4c5ccc(O)c4O[C@H]2[C@@H](OCCOCCOCCOCCOCCOCCOCCOC)CC[C@@]3(O)[C@H]1C5,-0.0261849481019741
COC[C@@H](NC(C)=O)C(=O)NCc1ccccc1,-0.0705044408445938
CC1(C)S[C@@H]2[C@H](N=C(O)[C@H](N)c3ccccc3)C(=O)N2[C@H]1C(=O)O,-0.0705044408445938
O=S(=O)(c1ccc(-c2ccc3nccc(Nc4ncc(Cl)cn4)c3c2)cc1)N1CCOCC1,-2.3013775702979022
O=C(O)c1ccc(Oc2cc(NC(=O)N3CCC(O)(c4ccc(F)cc4)CC3)cc(Oc3ccc(F)cc3)c2)cc1,-2.5231683714877318
Cc1c(Cc2ccccc2S(=O)(=O)c2ccccc2)c(-c2ccccc2)nn1CC(=O)O,-2.0972901870301213
O=C1c2cccc3c2[C@H](CCC3)CN1[C@@H]1CN2CCC1CC2,-0.4195083950783458
Cc1cn([C@H]2CCCN([C@@H](CC(C)C)c3ccc(C(=O)O)c(Oc4cccc(Cl)c4)c3)C2)c(=O)[nH]c1=O,-1.9176132149096263
O=C(NC1CCN(CCCCC2(C(=O)NCC(F)(F)F)c3ccccc3-c3ccccc32)CC1)c1ccccc1-c1ccc(C(F)(F)F)cc1,-2.5231683714877318
N#Cc1cccc(-c2c[nH]c3ncc(-c4cnn(C5CCNCC5)c4)cc23)c1,-1.041388342235121
O=C(NC1CC1)c1ccc(Cl)c(Nc2nncc3c2cnn3-c2c(F)cccc2F)c1,-1.5532609546660656
COc1cccc([C@@]2(O)CCCC[C@@H]2CN(C)C)c1,-0.0968014529570216
O=C(O)c1cncc(-c2ccc(Cl)c(C(=O)NCC34CC5CC(CC(C5)C3)C4)c2)c1,-1.962968132250768
O=C(O[C@H]1C[N+]2(CCOCc3ccccc3)CCC1CC2)C1(C2=CC=CC2)CCCCCC1,-1.5090587946432126
COc1ccc(-n2c(CCN3C(=O)c4cccc(OC(C)C)c4C3=O)nc3ccccc3c2=O)cc1,-1.5090587946432126
Cc1cn2cc(-c3cc4ccc(N5CCNCC5)cc4c(=O)o3)nc2c(C)n1,-0.9961088337630896
CC(=O)O[C@H]1C[C@H](O[C@H]2[C@@H](O)C[C@H](O[C@H]3[C@@H](O)C[C@H](O[C@H]4CC[C@@]5(C)[C@H](CC[C@@H]6[C@@H]5C[C@@H](O)[C@]5(C)[C@@H](C7=CC(=O)OC7)CC[C@]65O)C4)O[C@@H]3C)O[C@@H]2C)O[C@H](C)[C@H]1O[C@@H]1O[C@H](CO)[C@@H](O)[C@H](O)[C@H]1O,-0.1247939959031097
CNC(=O)c1cn(C[C@H](F)CCc2ccc(NC(=O)Cc3cc(OC4CC(F)(F)C4)cc(C)n3)nn2)nn1,-1.678194516142461
CCCCC1C(=O)N(c2ccccc2)N(c2ccc(O)cc2)C1=O,-1.9590023075765075
Cc1c[nH]c2ncnc(N3CCN(C(=O)[C@H](N)Cc4ccc(F)cc4)CC3)c12,-0.4551261567651986
Cc1c(N2CC[C@@H](C3(N)CC3)C2)c(F)cc2cc(C(=O)O)c(=O)n(C3CC3)c12,-0.6761499961531976
Nc1nc(/C(=C/CC(=O)O)C(=O)N[C@@H]2C(=O)N3C(C(=O)O)=CCS[C@H]23)cs1,-0.4247952802874689
CCc1cc2oc(=O)n(CCC(=O)O)c2cc1Cl,-1.6886594449330097
CC(C)Cn1c(=O)n(C)c(=O)c2c(C(=O)N3C[C@H](O)CO3)c(Cc3c[nH]c4ncccc34)sc21,-0.6103812445275564
Cc1cc(Nc2ccc3c(c2)CCC3)n2ncnc2n1,-1.1196151994096977
Cc1cc(Nc2ncnc3ccc(NC4=NC(C)(C)CO4)cc23)ccc1Oc1ccn2ncnc2c1,-1.5644150464141846
COc1ccc(N(Cc2cnccc2C)C2CCN([C@H](C)CCNC(=O)c3c(C)ccnc3C)CC2)cc1,-1.2928558116575553
CN[C@@H](C)C(=O)N[C@H]1CCC[C@H]2C[C@H]3CCN(CCc4ccc([N+](=O)[O-])cc4)C[C@H]3N2C1=O,-0.3274126816541466
CCCC(=O)N(C)c1cccc(NC(=O)c2ccccc2Br)c1,-1.678194516142461
CCC(NC(=O)c1ccc(Cl)cc1)[C@H]1[C@@H]2C[C@@H](n3cnc4ccccc43)C[C@@H]21,-1.678194516142461
COc1ccc(C2=N[C@@H](CC(N)=O)c3onc(C)c3-c3ccccc32)cc1,-0.9176455486690313
CCCCN1CCCCC1C(=O)Nc1c(C)cccc1C,-0.3284651121925274
CC[C@@]1(O)C(=O)OCc2c1cc1n(c2=O)Cc2cc3c(CN(C)C)c(O)ccc3nc2-1,-0.1868528554195325
CN1C[C@H](F)C[C@H]1c1nc(C(=O)NCc2ccc(F)cc2)c(O)c(=O)n1C,-0.8512123159436876
CN1CCC(C(=O)c2cccc(NC(=O)c3c(F)cc(F)cc3F)n2)CC1,-0.3710238921813919
COCCNc1cc(NC(=O)N2CCCc3cc(CO)c(C=O)nc32)ncc1C#N,-1.041388342235121
O=C(NCc1ccc(OC(F)(F)F)c(Cl)c1)c1ccc(S(=O)(=O)Nc2nccs2)c(F)c1,-2.5231683714877318
Cc1c(C(=O)Nc2ccccc2)sc(N)c1C(N)=O,-0.8512123159436876
CCC(CC)NC(=O)c1nc(-c2ccccc2)cnc1N,-1.2928558116575553
Cc1cnc(-c2ccc(OC(F)(F)F)cc2)n1Cc1ccccc1OCCC[C@@H](C)CC(=O)O,-2.699187205881913
CC[C@]1(O)C[C@@H]2C[N@@](CCc3c([nH]c4ccccc34)[C@@](C(=O)OC)(c3cc4c(cc3OC)N(C=O)[C@H]3[C@@](O)(C(=O)OC)[C@H](OC(C)=O)[C@]5(CC)C=CCN6CC[C@]43[C@@H]65)C2)C1,-0.3972890550424425
CN(C)c1ccc(-c2cc3ncccc3c(NC[C@H]3CCCNC3)n2)cn1,-1.2150975501133452
Cc1cnc2c(C(=O)NCCO)cn(Cc3ncnc(N(C)C)c3C)c2c1,-0.5218665718994825
CS(=O)(=O)c1ccc2c(C(=O)NC[C@@H](O)CN3CCC(Oc4ccc(Cl)c(Cl)c4)CC3)c[nH]c(=O)c2c1,-1.010091211925206
CC(=O)Nc1cc(Nc2cc(NC3CC3)n3ncc(C#N)c3n2)ccc1C,-1.091944125901233
COc1cnc(-n2cnc(C)n2)c2[nH]cc(C(=O)C(=O)N3CCN(C(=O)c4ccccc4)CC3)c12,-0.7891243726524073
N=C(N)c1ccc(CNC(=O)C2(NC(=O)[C@H](NCC(=O)O)C3CCCCC3)Cc3ccccc3C2)cc1,-0.2670759205801228
CN[C@@H](C)C(=O)N[C@H](C(=O)N[C@H]1CCCN(C(=O)c2ccccc2)C1)C1CCCCC1,-0.2580228444964253
COc1cc(C(=O)Nc2ccc(NC(=O)c3ccccc3)cc2)cc(-c2c[nH]c(=O)[nH]c2=O)c1O,-1.6993827801934176
Cc1ccc(F)c(NC(=O)Nc2ccc(-c3cccc4[nH]nc(N)c34)cc2)c1,-1.9590023075765075
CN1CCCCC1c1nc(C(=O)NCc2ccc(F)cc2)c(O)c(=O)n1C,-0.3137973480080958
N#Cc1ccccc1-c1cnc(N)c(C(=O)NC2CCCC2)n1,-1.4093587579877196
Cc1cc(N2CCC[C@@H]2C(=O)NCCc2ccc3c(c2)OCO3)nc(-n2ccnc2)n1,-0.7196263061248698
CCc1c(CCCC(=O)O)cccc1-c1nnc(-c2ccc(OC(C)C)c(C#N)c2)s1,-2.218607286997407
Cc1ccc(S(=O)(=O)Nc2c(C(=O)N[C@@H](C)C(C)(C)C)c(C)nn2C2CCCCC2)cc1,-1.6312000765898151
CC(C)CN(C[C@@H](OP(=O)(O)O)[C@H](Cc1ccccc1)NC(=O)O[C@H]1CCOC1)S(=O)(=O)c1ccc(N)cc1,-0.9961088337630896
Cc1cccc(N2CNC(=O)C23CCN(C[C@H](C)NC(=O)c2ccc(Br)cc2)CC3)c1,-1.9590023075765075
Cc1nc([C@H](C(=O)NC(C)C)N2C(=O)[C@@H](C3Cc4ccccc4C3)NC(=O)[C@H]2CC(C)C)co1,-0.4310594303837032
COc1ccc2c(C)cc(N[C@H]3CC[C@H](NCc4cn(C)c5ccc(C#N)cc45)C3)nc2c1,-1.8272190678846332
CN1C[C@@H]2C[C@H]1CN2c1ncc(-c2ccc3c(Nc4cnccn4)ccnc3c2)cn1,-0.3093521342564098
Cc1cc(Nc2cccc(Cl)c2)n2nc(C(C)(F)F)nc2n1,-0.9248838972102036
N#Cc1cnc(Nc2cc(CN3CCOCC3)ccn2)s1,-1.036641959136657
CN1C(CSCC(F)(F)F)Nc2cc(Cl)c(S(N)(=O)=O)cc2S1(=O)=O,-0.8214546854889927
O=C(O)c1cn(Cc2ccc(-c3ccccc3)cc2)c2cccc(F)c2c1=O,-2.04614370177502
CCOC(=O)[C@H](CCc1ccccc1)N[C@@H](C)C(=O)N1[C@H](C(=O)O)C[C@@H]2CCC[C@@H]21,-0.6131319072871214
CS(=O)(=O)Nc1ccc(C(=O)O[C@@H](Cc2c(Cl)c[n+]([O-])cc2Cl)c2ccc(OC(F)F)c(OCC3CC3)c2)cc1OCC1CC1,-2.920891142398573
O=C(O)c1ccc(Oc2ccc(CN3CCC(N4C(=O)N(C5CCOCC5)C[C@H]4c4cccc(Cl)c4)CC3)cn2)cc1,-1.2522387218155722
Cc1cn([C@H]2CCCN(Cc3ccc(C(=O)O)c(Oc4cccc(C(F)(F)F)c4)c3)C2)c(=O)[nH]c1=O,-1.5189775360099855
CC(C)(O)C1CC2(CC(NC(=O)c3cnc4nc(C5CC5)ccc4c3)C2)C1,-0.8512123159436876
CCCSc1nc(N)c2ncn([C@@H]3O[C@H](CO)[C@@H](O)[C@H]3O)c2n1,-0.3158575256285616
N#Cc1ccc(S[C@H]2O[C@H](CO)[C@H](O)[C@H](n3cc(-c4cc(F)c(F)c(F)c4)nn3)[C@H]2O)cc1Cl,-0.0034848254850896
CN(C)C(=O)c1nc2ccccc2c(-c2ccccc2)c1CI,-1.2945622419127738
CC(C)Nc1nc(NCc2ccccc2)c2sccc2n1,-2.409258450021788
CC(C)N1CCN(S(=O)(=O)c2ccc(NC(=O)c3ccc(C(F)(F)F)cc3[N+](=O)[O-])cc2)CC1,-1.9590023075765075
Cc1cc(C)c(CNC(=O)c2c(C)n(C(C)c3cnn(C)c3)c3ccccc23)c(=O)[nH]1,-1.678194516142461
c1ccc([C@H]([C@@H](c2ccccc2)N2CCCCC2)N2CCCCC2)cc1,-1.1906661098647957
Cc1cn(Cc2ccc(Cl)cc2Cl)c2c(-c3nnc(NS(=O)(=O)c4ccc(Cl)c(Cl)c4)o3)cc(F)cc12,-1.5380215234713237
Cc1nc(C2CCN(C(=O)[C@@H]3CN(C(C)(C)C)C[C@H]3c3ccc(F)cc3F)CC2)n(-c2ccc(Cl)cc2)n1,-0.6007590583075443
N[C@@H](CC(=O)O)Cn1nnc(-c2ccc(Oc3ncc(Cl)cc3F)cc2)n1,-0.0357031192139077
CCNC(=O)Nc1cc(N2CCC(N)C2)c(C(=O)Nc2cccnc2)cn1,-0.3023330949506777
CCN(CCO)CCCOc1cc2ncnc(N=c3cc(CC(O)=Nc4cccc(F)c4)[nH][nH]3)c2cc1OC,-1.2928558116575553
Cc1ccc(NC(=O)C[N+]23CCC(CC2)[C@@H](OC(=O)C2(C4=CC=CC4)CCCCCC2)C3)nc1,-1.6993827801934176
CC(C)C(=O)Nc1ccc([N+](=O)[O-])c(C(F)(F)F)c1,-1.2928558116575553
C[C@H](O)c1nccn1Cc1cc(C#Cc2ccc(OC3CN(CCCO)C3)cc2)on1,-0.5821315611856439
CC(C)N(CCC(C(=N)O)(c1ccccc1)c1ccccn1)C(C)C,-0.3710238921813919
OC[C@H]1O[C@H](Oc2ccc(-n3ccc4cc(N=C(O)c5ccc(Cl)cc5)ccc43)cc2Cl)[C@@H](O)[C@@H](O)[C@@H]1O,-1.9590023075765075
CCCC(=O)Nc1cccc(N(C)C(=O)c2ccccc2Br)c1,-0.9551076165256404
N#Cc1ccc2c(c1)NC(=O)C2c1ncnc2cc(OCCCN3CCOCC3)ccc12,-1.854275425119336
CN[C@@H](C)C(=O)N[C@H]1CCC[C@H]2C[C@H]3CCN(CCc4ccc(C)cc4)C[C@H]3N2C1=O,-0.4939281250746494
COc1ccc(F)cc1-c1ccnc2[nH]c(C3=CCN(C(=O)CO)CC3)cc12,-1.5532609546660656
COc1ccccc1C(=O)/C=C/c1ccccc1C(F)(F)F,-2.7214521662241373
CCCCNc1ccc(C(=O)OCCN(C)C)cc1,-0.8214546854889927
CC(=O)OCC1=C(C(=O)O)N2C(=O)[C@@H](NC(=O)CSc3ccncc3)[C@H]2SC1,-0.4195083950783458
O=[N+]([O-])c1ccc2c(c1)CCN2c1ccc(O[C@H]2O[C@H](CO)[C@@H](O)[C@H](O)[C@@H]2O)c(Cl)c1,-1.9590023075765075
COc1ccc2c(c1)CCn1c-2cc(OCC2COCCO2)nc1=O,-0.6501845526887845
CCCNS(=O)(=O)Nc1ncnc(OCCOc2ncc(Br)cn2)c1-c1ccc(Br)cc1,-2.0972901870301213
C[C@H](CO)Nc1nc(SCc2cccc(F)c2F)nc2[nH]c(N)nc12,-1.622018421700043
Cn1ncc(C(=O)N2CCC(Nc3cc(=O)[nH]c4cc(F)c(F)cc34)CC2)c1Cl,-0.3972890550424425
COCCCC/C(=N\OCCN)c1ccc(C(F)(F)F)cc1,-0.6448469946680763
O=C(c1cccc(Cc2n[nH]c(=O)c3ccccc23)c1)N1CCN(c2ncccn2)CC1,-1.2569169000188067
CCOC(=O)C1=C(C)N/C(=C/c2cc(C)n(-c3ccc(Cl)cc3)c2C)C1=O,-1.1942477451993276
Cc1nc2c(-c3ccc(F)cc3)cnn2c(NCc2ccccn2)c1C,-2.5231683714877318
COCCOc1ccc(-c2ccc(COc3ncccc3C(N)=O)nc2)c(C)c1,-1.3669559463304506
C[C@H](Nc1ncc(F)c(Nc2cc(C3CC3)[nH]n2)n1)c1ncc(F)cn1,-0.6486362710324961
NC(=O)c1cncc(-c2ccc([C@H]3CC[C@H](CC(=O)O)CC3)cc2)c1,-1.556374078396063
CCCC(CCC)C(=O)O,-0.4519087441215808
COc1ccc2c(-c3ccnc(Nc4cccnc4)n3)c(CO)nn2n1,-1.2150975501133452
CCOc1cc2ncc(C(N)=O)c(Nc3cccc(Cl)c3Cl)c2cc1N1CCN(C(C)=O)CC1,-1.010091211925206
CCOc1cc2ncc(C(N)=O)c(Nc3ccc(F)cc3F)c2cc1N1CCOCC1,-1.073059010122237
CC(C)(CO)Cn1nc(-c2ccc3cc(OC4CC4)ccc3c2)c(C(N)=O)c1N,-2.699187205881913
COc1cc(OC)c(S(=O)(=O)N(c2ccc(C)cc2)c2ccc(C)cc2)cc1NC(=O)CCC(=O)O,-1.3031964395998012
O=C(O)c1cc(=O)c2c(OCC(O)COc3cccc4oc(C(=O)O)cc(=O)c34)cccc2o1,-0.4740939405491631
CC(C)(CO)Nc1nc(SCc2cccc(F)c2F)nc2nc(N)sc12,-1.7699600188420606
CC(=O)O[C@H]1/C2=C/[C@@H](C)C(=O)C[C@H]3[C@@H](/C=C(\C)C(=O)[C@H]2C[C@H]1C)C3(C)C,-0.7936059355691265
CC(=O)N1C2C=C(CN3CCC(Nc4ccc5cc(OC(F)(F)F)ccc5n4)CC3)CC1CCC2,-1.3376672295602454
Cc1noc(C)c1S(=O)(=O)Nc1c(N2CCC(N(C)CC3CCCCC3)CC2)c(=O)c1=O,-0.4195083950783458
Cc1sc2c(c1C)c(=O)n(-c1ccc(F)cc1)c(=O)n2CC(=O)NCc1ccco1,-1.556374078396063
COc1cc2ccc(C#N)cc2cc1[C@@H](c1cccc(C)c1)[C@@](O)(CCN(C)C)c1cccc2c1OCO2,-2.920891142398573
Cc1[nH]c(=N)ccc1CN=C(O)Cn1c(C)cc(S(=O)(=O)c2cccs2)c(N)c1=O,-0.2215593164287672
[2H]C([2H])([2H])NC(=O)c1cnc(NC(=O)C2CC2)cc1Nc1cccc(-c2ncc(F)cn2)c1OC,-1.113938140804323
CCc1cc(F)c2nc(N3CCC(N[C@@H]4CCCOC4)CC3)c(-c3nc(C)no3)cc2c1,-1.113938140804323
CNC(=O)c1cnn(-c2nc(N)c3ncn([C@@H]4O[C@H](CO)[C@@H](O)[C@H]4O)c3n2)c1,-0.1366175504360054
COP(=O)(c1cc(C)cc(/C=C/C#N)c1)c1c(C(=N)O)[nH]c2ccc(Cl)cc12,-2.5231683714877318
COc1ccc(-c2ccc(S(=O)(=O)N[C@H](C(=O)O)[C@H]3CCCC4(C3)OCCO4)cc2)cc1,-1.9590023075765075
CN1CCN(C(=O)c2ccc(-c3ccc4ncc(-c5ccc(C#N)cc5)n4n3)cc2)CC1,-2.699187205881913
CC1(C)[C@H](Nc2c(C(N)=O)cnn3cc(-c4ccccc4)cc23)CC[C@]1(C)N,-0.2835959540622216
CCNC(=O)[C@H]1C[C@@](F)(c2ccc(CN3CCCC3)c(F)c2)C1,-0.1802323946047437
O=C(O)c1cn(Cc2ccc(-n3cccn3)cc2)c2cccc(F)c2c1=O,-0.9897064051423576
CC[C@H]1OC(=O)[C@H](C)[C@@H](O[C@H]2C[C@@](C)(OC)[C@@H](O)[C@H](C)O2)[C@H](C)[C@@H](O[C@@H]2O[C@H](C)C[C@H](N(C)C)[C@H]2O)[C@](C)(O)C[C@@H](C)[C@@H]2N[C@@H](COCCOC)O[C@H]([C@H]2C)[C@]1(C)O,-0.0934259195540763
COc1cc(C(O)P(=O)(O)CC[C@H](N)C(=O)O)cc([N+](=O)[O-])c1O,-0.1365165401117613
COc1cc2nc(C3CC3)nc(N3CCN(c4ccccc4OC)CC3)c2cc1OC,-0.7640711011129852
Cc1ccc(C(=O)NC2CC2)cc1-n1cnc2ccc(N3CCN(C)CC3)cc2c1=O,-0.1915479693693713
O=C(O)[C@H]1C2CCC(CC2)[C@@H]1Nc1nc(-c2c[nH]c3c(F)cc(F)cc23)ncc1F,-2.744920557572451
OC[C@H]1O[C@H](Oc2ccc(N3CCc4ccccc43)cc2Cl)[C@@H](O)[C@@H](O)[C@@H]1O,-1.9590023075765075
O=C1CCc2ccc(OCCCCN3CCN(c4cccc(Cl)c4Cl)CC3)cc2N1,-1.9590023075765075
CC(C)N1CCN(Cc2cnc(-c3cc(-c4cccc5[nH]ccc45)cc4[nH]ncc34)o2)CC1,-1.5090587946432126
CC(C)Cn1cc(-c2ccc(Cn3cc(C(=O)O)c(=O)c4c3CCCC4O)cc2)cn1,-1.2844228080425482
CC(=O)CC(c1ccc([N+](=O)[O-])cc1)c1c(O)c2ccccc2oc1=O,-1.678194516142461
O=C(C[N+]12CCC(CC1)[C@@H](OC(=O)C1(C3=CC=CC3)CCCCCC1)C2)Nc1ccc(Cl)nn1,-1.3876400520322256
N#CC1(NC(=O)[C@@H]2CCCC[C@H]2C(=O)N2CCN(c3nc4c(s3)COCC4)CC2)CC1,-0.3093521342564098
N#Cc1ccc2ccc(=O)n(CCN3CC[C@@H](NCc4cc5c(cn4)OCCO5)[C@@H](F)C3)c2c1,-0.6972362915270183
N=c1c2c([nH]c3ccccc13)CCCC2,-0.3462570059742641
Cc1cnc(NC(=O)C[N+]23CCC(CC2)[C@@H](OC(=O)C2(C4=CC=CC4)CCCCCC2)C3)cn1,-1.3876400520322256
C[C@@H](O)[C@H](NC(=O)c1ccc(C#Cc2ccc(CN3CCOCC3)cc2)cc1)C(=O)NO,-1.4345748799673852
CC1(C)[C@@H](N)CC[C@H]1Nc1c(C(N)=O)cnn2cccc12,-0.3559949365267739
CC(C)Oc1cc(Nc2nc(N[C@@H](C)c3ccc(F)cn3)ncc2Cl)n[nH]1,-1.1553302613868628
N=C(N)c1ccc(CNC(=O)[C@@H]2CCN2C(=O)[C@H](NCC(=O)O)C2CCCCC2)cc1,-0.0720381468652348
Cc1nnc(Nc2ncnc3ccc(-c4cccc(N5CCOCC5)c4)cc23)nc1C,-1.2222760159639607
COc1cc2nnc(C(N)=O)c(Nc3ccc(C)cc3F)c2cc1OC,-1.4715049498758348
Cc1cc(Cl)cnc1C(=O)Nc1ccc(F)c([C@@]2(C)N=C(N)CO[C@@H]2F)c1,-0.9551076165256404
C=C(C)[C@@H]1CC[C@]2(C(=O)O)CC[C@]3(C)[C@H](CC[C@@H]4[C@@]5(C)CC[C@H](OC(=O)CC(C)(C)C(=O)O)C(C)(C)[C@@H]5CC[C@]43C)[C@@H]12,-0.8543033708982299
CC1(C)S[C@@H]2[C@H](N=C(O)[C@H](N)c3ccc(O)cc3)C(=O)N2[C@H]1C(=O)O,-0.0968014529570216
C=C[C@H]1CN2CC[C@H]1C[C@@H]2[C@@H](O)c1ccnc2ccc(OC)cc12,-0.6159001028461325
CCc1cc(C(=O)N[C@@H]2C[C@@H](C(N)=O)N(C(=O)c3coc4ccccc34)C2)n(CC)n1,-1.854275425119336
Cc1cnc(NC(=O)NC23CC4CC(CC(C4)C2)C3)s1,-2.5231683714877318
CC1CN2c3c(cc4c(C(C)(C)C)noc4c3F)CC3(C(=O)NC(=O)NC3=O)C2C(C)O1,-1.3669559463304506
CC(C)(C)[C@@H](O)C(=O)N1CCC[C@H]1C(=O)NCc1cc(Cl)ccc1CN,-0.2363323869265778
Cc1cn([C@H]2CCCN(S(=O)(=O)c3ccc(O)c(Oc4cccc(Br)c4)c3)C2)c(=O)[nH]c1=O,-1.8272190678846332
NC(=O)[C@@H]1CCCN1C(=O)Nc1nc2c(s1)-c1nc(CC3CC3)sc1CC2,-1.3191842176343007
CC(C)N(CCNCCc1ccc(O)c2[nH]c(=O)sc12)C(=O)CCOCCc1ccccc1,-1.5380215234713237
Oc1cc(O)c2c(c1)O[C@@H](c1ccc(O)c(O)c1)[C@H](O)C2,-0.4551261567651986
C[C@@H]1CCN(C(=O)CC#N)C[C@@H]1N(C)c1ncnc2[nH]ccc12,-0.3884553734971918
CC(C)C(O/N=C(\C(=O)N[C@@H]1C(=O)N(OS(=O)(=O)O)C1(C)C)c1nsc(N)n1)c1cc(=O)c(O)cn1O,-2.4205365277985966
CC1=C(C(N)=O)C(c2ccc(C(C)C)cc2)n2nc(SCc3ccccc3)nc2N1,-1.854275425119336
CCCCc1nc(Cl)c(C(=O)O)n1Cc1ccc(-c2ccccc2-c2nn[nH]n2)cc1,-2.229508823464599
C[C@H](NC(=O)c1cccc2c1N(Cc1ccc(Cl)cc1)CC2)c1ccc(C(=O)O)cc1,-1.8450680747287964
COc1ncc(-c2cccc(C#N)c2CCNC(=O)c2ccc(OCCC(F)(F)F)nc2)cn1,-0.9216117029254074
O=C(Nc1ccc(OC(F)(F)F)c(F)c1)NC1CCN(C(=O)C2CCCOC2)CC1,-2.1552743720267773
Cc1ccc(-c2c(-c3nn(C)c4ncnc(N5CC[C@H](N6CCCCC6)C5)c34)cnn2C)cc1,-0.2514708756001677
O=C1N=C(Nc2cccc(C(F)(F)F)c2)S/C1=C\c1cccnc1,-1.229575131902665
CCN(C(=O)c1ccc(-c2ccc(Cl)cc2)o1)c1ccc(N2CCNCC2)cc1,-1.3689805856550623
CCC1(c2cccc(O)c2)CCCCN(C)C1,-0.1365165401117613
COc1cc(C)[nH]c(=O)c1CNC(=O)c1c(C)n([C@H](C)C2CCN(CC(C)(F)F)CC2)c2ccccc12,-1.2680327014847186
C[C@@H]1CN(c2noc(C(F)(F)F)n2)CCN1c1ncc(OCc2ccncc2C#N)cn1,-2.0972901870301213
Cc1cc(C2CCN(C(=O)[C@@H]3CN(C(C)(C)C)C[C@H]3c3ccc(F)cc3F)CC2)n(-c2ccc(F)c(F)c2)n1,-0.6007590583075443
CN1CCC(COc2cnc(-c3cccc(Cn4nc(-c5cccc(C#N)c5)ccc4=O)c3)nc2)CC1,-1.6153468236066364
CCn1c(C(=O)c2cc(C)cc(C#N)c2)c(C(C)C)c(=O)[nH]c1=O,-0.7777154374653075
Cn1ncc(C(=O)N2CCC(Nc3cc(=O)[nH]c4ccc(F)cc34)CC2)c1Cl,-0.3972890550424425
CNC(=O)c1[nH]cnc1C(=O)Nc1ccc(Cl)cc1,-1.556374078396063
O=C(O)c1ccccc1O,-0.8717089952601754
O=P(O)(O)C(O)(Cc1cccnc1)P(=O)(O)O,-0.2460701189322905
COc1ccnc(-c2nnc3n2C[C@H](C)N(C(=O)c2cccc(Cl)c2Cl)C3)c1,-0.7573939789279072
Nc1nccc(-c2cnn3ncccc23)n1,-0.3761513833286242
Cc1nn(-c2ccccc2)nc1C(=O)N[C@@H]1COc2cccc(N3CCN(C)CC3)c2C1,-1.3689805856550623
CC(C)S(=O)(=O)NC[C@H]1CC[C@H](NC(=O)CN2CCc3cc(Cl)ccc32)CC1,-2.000391041028584
Cc1cc(I)cc2c1NC(C(=O)O)C1CC=CC21,-2.5231683714877318
CC(C)Oc1ccc2c(=O)c(-c3ccccc3)coc2c1,-2.201024963165212
O=[N+]([O-])c1ccc(C2=NOC(c3ccc(N4CCOCC4)cc3)C2)o1,-1.4093587579877196
COCCC(=O)Nc1ccc(Nc2ncc3cc(-c4ccncc4)ccc3n2)cc1,-1.7239497066643057
C#CCN(C)[C@H](C[18F])Cc1ccccc1,-0.7725452348057664
Cc1nccn1CC1CCc2c(c3ccccc3n2C)C1=O,-0.567463616735744
C[C@@](C(=O)O[C@H]1C[N+]2(CCCCc3ccccc3)CCC1CC2)(c1cccs1)N1CCCCC1,-1.6579920709826637
CCc1cc(NC(=O)[C@H](O)c2cc(F)cc(F)c2)ccc1-c1cnc(N)c(C(=O)NC(C)C)c1,-2.3982658517398923
C#CC[C@@H](C(O)=N[C@H](/C=C/C(=O)OCc1ccccc1)C[C@@H]1CCN=C1O)n1cccc(NC(=O)c2cc(C)on2)c1=O,-0.0604158576515883
COc1ccc(-n2c(CCN3C(=O)c4cccc(OC(C)C)c4C3=O)nc3ncccc3c2=O)cc1,-0.7674358591132167
N#Cc1cc(F)cc(Oc2ccc3c(c2C(F)F)[C@@H](O)C(F)(F)S3(=O)=O)c1,-0.4310594303837032
CC(C)(C(=O)c1cccnc1)c1cccnc1,-0.0514345688480921
Cc1nc2cc(NC(=O)c3cc4sc(N5CCOCC5)nc4s3)ccc2o1,-1.886457720046036
Cc1ccc(S(=O)(=O)Nc2c(C(=O)N[C@@H](C)C(C)(C)C)c(C)nn2C2CCC2)cc1,-1.714854678520762
NC(=O)c1cnn(-c2cnc(NC[C@]3(c4ncccc4F)C[C@H](F)C3)nc2)c1,-0.0705044408445938
CCN(CC)CCOC(=O)C(Cc1cccc2ccccc12)CC1CCCO1,-0.9961088337630896
CN(C)CCCN1c2ccccc2CCc2ccccc21,-0.7909972455807189
CCCCCCCCc1ccc(CCC(N)(CO)CO)cc1,-2.396100330556413
O=C(Nc1ccc(CN2CCNCC2)cc1-c1nc2ccccc2[nH]1)c1cnc2ccccc2n1,-2.7214521662241373
CCOc1ccc(F)cc1NC(=O)c1cc(C)ccc1NS(=O)(=O)C1CC1,-0.0032662027549657
Clc1ccc(Oc2ccc(-c3noc(-c4n[nH]cc4Cl)n3)cc2)cc1Cl,-1.6386877748976718
Cc1cn([C@H]2C[C@H](N=[N+]=[N-])[C@@H](CO)O2)c(=O)[nH]c1=O,-0.140719339922516
N=C(N)NCCN1CCCCCCC1,-0.0222535377083363
Cc1nc(-c2cnn(C)c2-c2ccc(C(F)(F)F)cc2)c2c(N3CC(F)C3)ncnn12,-0.7674358591132167
O=C1N[C@H]2C[C@@H](C2)OCc2cccc(n2)Nc2cc([nH]n2)[C@H]2CC[C@H](C2)O1,-1.9590023075765075
CN(C)CCn1nnnc1SCC1=C(C(=O)O)N2C(=O)[C@@H](NC(=O)Cc3csc(N)n3)[C@H]2SC1,-0.2215593164287672
O=C(O[C@H]1C[N+]2(Cc3nc(-c4ccccc4)no3)CCC1CC2)C1(C2=CC=CC2)CCCCCC1,-1.9590023075765075
Cn1cnc2ncn(Cc3nc([C@@H]4CO[C@@H](c5ccc(Cl)cc5)C4)no3)c(=O)c21,-0.8045320903977445
Cc1ccc([C@H]2C[C@@H](C(F)F)n3ncc(C(=O)NCc4ccc(F)cc4)c3N2)nc1,-1.3569719551908734
C[C@@H]1C[C@H]2[C@@H]3C[C@H](F)C4=CC(=O)C=C[C@]4(C)[C@@]3(F)[C@@H](O)C[C@]2(C)[C@@]1(OC(=O)c1ccco1)C(=O)SCF,-1.4244273512618777
COc1ccc(-c2ccc(S(=O)(=O)NC(C(=O)O)C3CCCC(Nc4ccccc4)C3)cc2)cc1,-2.5231683714877318
O=C(O[C@H]1C[N+]2(CCCOc3ccccc3)CCC1CC2)C(O)(c1cccs1)c1cccs1,-0.4397019565646702
Cc1ccc(N=C(O)c2cccc(N(C)C)c2)cc1NC(=O)c1ccc(OC(C)C)cc1,-1.9590023075765075
CNC(=O)C(=O)NCCCC/C=C\CCCCCCCOCC(=O)O,-2.1370521037894465
Cc1cn([C@H]2C[C@H](N=[N+]=[N-])[C@@H](CO)O2)c(=O)nc1O,-0.2073422115509629
O=C(O)C[C@H](O)C[C@H](O)/C=C/c1c(C2CC2)nc2ccccc2c1-c1ccc(F)cc1,-1.8834616557053123
O=C(O)CCc1nc(-c2ccccc2)c(-c2ccccc2)o1,-2.6970222250016924
CC(C)c1nnc(NC(=O)NC2C3CC4CC(C3)CC2C4)o1,-1.678194516142461
C[C@H](CS(C)(=O)=O)Nc1n[nH]c2nc(Oc3ccc(F)cc3F)ncc12,-0.7262743501270731
C=C[C@]1(C)C[C@@H](OC(=O)CS[C@@H]2C[C@H]3CC[C@@H](C2)N3C)[C@]2(C)[C@H](C)CC[C@]3(CCC(=O)[C@H]32)[C@@H](C)[C@@H]1O,-1.2150975501133452
O=C(O)c1cccc([C@H]2CC[C@]3(CC2)OOC2(O3)C3CC4CC(C3)CC2C4)c1,-1.92121703980304
CCC(=O)O[C@](Cc1ccccc1)(c1ccccc1)[C@H](C)CN(C)C,-0.3659562329619955
Cc1ccc2c(OCCN3CCC(Cc4cccc(NS(C)(=O)=O)c4)CC3)cccc2n1,-1.5090587946432126
COc1cccc(C(=O)N2C(C(=O)O)CSC2c2ccccc2Cl)c1,-1.8272190678846332
C[C@H](O)C(=O)N1CCC(n2c(=O)n(C)c3cnc4ccc(-c5cccc6[nH]ncc56)nc4c32)CC1,-0.991830077981924
CCOC(=O)[C@H](Cc1ccc(F)cc1)NC(=O)[C@@H](N)Cc1ccc(N(CCCl)CCCl)cc1,-0.6972362915270183
O=C(O)c1ccc(Oc2ccc(CN3CCC(N4C(=O)N(C5CCOCC5)C[C@H]4c4ccccc4)CC3)cn2)cc1,-1.0813511817281891
CC(=O)N[C@H](C)c1ccc(Nc2ncc3cc(-c4ccncc4)c(C)cc3n2)cc1,-1.6972168265731098
C[C@H]1CN(C(=O)CC#N)[C@]12CCN(c1ncnc3[nH]ccc13)C2,-0.226647334926082
CN(C)C(=O)Cn1c(-c2ccccc2)c(C2CCCCC2)c2ccc(C(=O)O)cc21,-1.523298766322403
O=C1OC(c2ccccc2)CC(O)=C1Sc1ccccc1Cl,-2.04614370177502
Cc1c(N)cccc1Cn1ccc(OCCc2cccs2)cc1=O,-1.2937081886722996
Cc1ccc(S(=O)(=O)Nc2c(C(=O)N[C@@H](C)C(C)(C)C)c(C)nn2C2CCN(CC(F)(F)F)CC2)cc1,-0.9303929453589486
O=c1[nH]c2c(O)ccc([C@@H](O)CN[C@H]3CCC[C@@H]3OCc3ccccc3)c2s1,-1.2600639181842257
C1COC(NC(C2CC2)C2CC2)=N1,-0.045709238298873
CC(C)c1cc(C(=O)N2Cc3ccc(NC4CCN(C)CC4)cc3C2)c(O)cc1O,-0.4429261056339875
CC(C)(C)OC(=O)NC[C@H]1CC[C@H](CNC(=O)c2cc(N3CCC(CCN4CC(O)C4)CC3)nc3ccccc23)CC1,-1.4885377747177135
c1cnc(Nc2ncnc3ccc(-c4ccnc(N5CCOCC5)n4)cc23)nc1,-0.9176455486690313
N#Cc1ccc(NCC(F)(F)c2ccccn2)c(F)c1CC(=O)NCc1ccc(N)nc1,-0.8214546854889927
O=S(=O)(c1ccc(Cl)cc1)N1CCCc2cc(F)c(Oc3cc(-c4nc(C5CC5)no4)cc(Cl)n3)cc21,-0.5517266447926501
O=C(O)COc1ccc(Cl)cc1C#Cc1ccc2c(c1)S(=O)(=O)c1ccccc1-2,-2.699187205881913
C[C@H](CCC(=O)O)[C@H]1CC[C@H]2[C@@H]3[C@H](O)C[C@@H]4C[C@H](O)CC[C@]4(C)[C@H]3CC[C@]12C,-1.1491700401514695
N#Cc1cnc2ccc(F)cc2c1N1CCC(C(=O)NCc2ccccc2)CC1,-1.4952709483787436
O=C(CCCN1CCC(O)(c2cccc(C(F)(F)F)c2)CC1)c1ccc(F)cc1,-1.1094493270412118
Cc1cccc(C2(C#N)CCN(Cc3cc(C(=O)O)c(=O)n4ccccc34)CC2)n1,-0.7990346533161911
O=C(CCCCCc1ccncc1)NC1CCC(O)CC1,-0.1236389582440712
O=C(O)C[C@H](CCCCCCc1ccc2c(n1)NCCC2)c1cnc2ccccc2c1,-2.699187205881913
CCP(=O)(OC)c1ccc2oc(-c3cccc(Cl)c3F)nc2c1,-1.041388342235121
O=C(O)c1cn(Cc2ccc(-n3ccnc3)cc2)c2ccsc2c1=O,-0.6994023424694202
CO[C@H]1CN(c2nc(C(=O)O)c(C(N)=O)s2)CC[C@H]1NC(=O)c1[nH]c(C)c(Cl)c1Cl,-2.2222108125651343
CS(=O)(=O)Cc1ccc(-c2ccc(N3CCOc4ncnc(N)c4C3=O)cc2)c(Cl)c1,-0.6720528673578641
O=C(CCCc1ccccc1)OCC(COC(=O)CCCc1ccccc1)OC(=O)CCCc1ccccc1,-0.5265812815739285
Cc1cc(NC(=O)C2=C(O)c3ccccc3S(=O)(=O)N2C)no1,-1.0607106348575126
COC(=O)c1ccc(-c2c(Cl)cc(O[C@H]3O[C@H](CO)[C@@H](O)[C@H](O)[C@@H]3O)cc2Cl)cc1,-1.2150975501133452
CNc1c(C)c(C)nc2cc([C@@H]3CCCCN3C(=O)c3cc(C)ccc3NS(C)(=O)=O)nn12,-1.854275425119336
Fc1ccc(-c2nc(=Nc3cc(C4CC4)[nH]n3)c3ccccc3[nH]2)cc1,-1.9590023075765075
O=C(O)CCn1c(=O)oc2cc(Cl)c(Cl)cc21,-1.5455743983768466
Cc1[nH]c(C)c(-c2ccc(-c3ccc(OC(F)(F)F)cc3)nc2)c(=O)c1Br,-1.3876400520322256
N[C@@H]1[C@H]2CN(c3nc4c(cc3F)c(=O)c(C(=O)O)cn4-c3ccc(F)cc3F)C[C@@H]12,-0.7023000318023515
c1ccc([C@@H]([C@H](c2ccccc2)N2CCCC2)N2CCCC2)cc1,-0.7677661481397413
CCP(=O)(OC)c1ccc2nc(-c3ccc(F)cc3)oc2c1,-1.1491700401514695
CO[C@@H]1COCC[C@@H]1N[C@@H]1CC[C@@](C(=O)N2CCN(c3cc(C(F)(F)F)ccn3)CC2)(C(C)C)C1,-0.3710238921813919
CNC(=O)c1cc(Oc2ccc3c(c2)nc(Nc2ccc(C(F)(F)F)cc2)n3C)ccn1,-2.2222108125651343
Cc1ccc(NC(=O)c2ccc(S(C)(=N)=O)cc2)cc1Nc1nccc(-c2cccnc2)n1,-0.8331142196943386
CN1CCN(c2ncc(-c3ccc4c(NCC5CCOCC5)ccnc4c3)cn2)CC1,-0.275339171994241
N#Cc1cccc([C@@H](NCC2CC2)c2ccc(F)c(NC(=O)c3cc(C(F)(F)F)nn3-c3cccc(CN)c3)c2)c1,-2.000391041028584
O=C(C1CC12CCN(C1CCOCC1)CC2)N1CCN(C2CCC2)CC1,-0.0409156576012693
O=C1CN=C(c2ccccn2)c2cc(Br)ccc2N1,-0.4597910054461945
Cc1ccc(-c2ccc(N3CCOc4ncnc(N)c4C3=O)cc2)c(Cl)c1,-1.886457720046036
O=C(CCc1ccccc1)OC1N=C(c2ccccc2)c2cc(Cl)ccc2NC1=O,-1.2761504398127412
Cc1onc(C(=O)N2[C@@H]3CC[C@H]2C[C@@H](Nc2cc(=O)n(C)c4cc(F)c(F)cc24)C3)c1C,-1.5090587946432126
O=C(Nc1ccnnc1)c1cc(N2CCOCC2)ccc1OCc1ccccc1,-0.9000605164383257
CC(=O)N1CCN(CCOc2ccc(-c3cccc4c(=O)cc(N5CCOCC5)oc34)c3sc4ccccc4c23)CC1,-2.2258444884577733
CCN1C(=O)N(c2c(F)c(OC)cc(OC)c2F)Cc2cnc3[nH]c(CN4CCOCC4)cc3c21,-0.9905970832184025
CCc1c(CCNCC(=O)O)cccc1-c1nsc(-c2ccc(OC(C)C)c(C(F)(F)F)c2)n1,-2.667793899280998
C[C@]12N[C@H](Cc3ccccc31)c1ccccc12,-0.2763217372601433
CC(C)(O)[C@H]1C[C@H](NC(=O)c2cnc3cc(C4CC4)ncc3c2)C1,-0.6184156653472478
CC(C)(C)c1ccc(C(O)CCCN2CCC(C(O)(c3ccccc3)c3ccccc3)CC2)cc1,-1.7420127298952623
CN(C)c1cc(NC(=O)Nc2cccc(Cl)c2)c2ccccc2n1,-2.620042170655314
CC(C)(NC(=O)C1=C(O)[C@@H]2Oc3c(O)ccc4c3[C@@]23CCN(CC2CC2)[C@H](C4)[C@]3(O)C1)c1nc(-c2ccccc2)no1,-1.1964928341138237
Nc1ccccc1NC(=O)c1ccc(CSC2=N[C@@H](c3ccccc3)CN2)cc1,-1.041388342235121
Cc1[nH]c(=N)ccc1CN=C(O)Cn1c(C)cc(S(=O)(=O)Cc2ccccc2)c(N)c1=O,-0.1077829212655617
Cc1cc(Nc2nccc3nc(-c4c(Cl)cc(C#N)cc4Cl)[nH]c23)ncn1,-1.5380215234713237
CNCC[C@H](Oc1cccc2ccccc12)c1cccs1,-1.3864764603422817
Cc1ncc(C(N)=S)nc1-c1ccc([C@H]2CC[C@H](CC(=O)O)CC2)cc1,-1.5380215234713237
COCCNC(=O)c1ccc(Nc2ncc3cc(-c4ccncc4)ccc3n2)cc1,-1.7427319193805018
[2H]C([2H])(O)C1(C([2H])([2H])O[C@]2(c3ccc(Cl)cc3)c3c(F)cc(C(C)(C)O)cc3C(=O)N2Cc2ccc(C#N)cn2)CC1,-1.0609102622966615
NC1=NC(c2cccc(-c3cncnc3)c2)(c2ccnc(C(F)(F)F)c2)c2cccc(F)c21,-1.331108322330989
Cc1ccc(/C(=C\CN2CCCC2)c2ccccn2)cc1,-0.5489535694198711
Cc1cc(Cl)nc(C)c1C(=O)NCC[C@@H](C)N1CCC(N(Cc2ccsc2)C(=O)CC#N)CC1,-0.2672364431021822
C[C@H]1[C@H](NC(=O)/C(=N\OC(C)(C)C(=O)O)c2csc(N)n2)C(=O)N1C(=O)NS(=O)(=O)N1N=C(c2cc(=O)cc(O)[nH]2)NCC1=O,-0.7936059355691265
COc1cc2ncc(C(N)=O)c(Nc3ccccc3C)c2cc1OC,-2.0413453496394345
CCc1nc(Oc2ccc(C(=O)O)cc2)ccc1CN1CCC(N2C(=O)N(C3CCOCC3)C[C@H]2c2ccccc2)CC1,-1.6024771142816578
Cc1nc(=O)c2cc(CN(C)c3ccc(C(=O)N[C@@H](CCC(=O)O)C(=O)O)s3)ccc2[nH]1,-1.1491700401514695
O=C1CN(c2cn[nH]c(=O)c2Cl)CCN1Cc1ccccc1C(F)(F)F,-0.5076727249063073
CC(=O)Nc1cc(-c2ccc(N(C)C(=O)c3c(F)cccc3Cl)c(N3CC4CC4C3)c2)n(C(C)C)n1,-2.000391041028584
O=C(Cc1ccccc1)NC1CCN(CCCN2C(=O)COc3ccccc32)CC1,-0.5517266447926501
CCOC(=O)c1cc(C#N)c(N2CCN(C(O)=NS(=O)(=O)c3ccc(Cl)s3)C(CCC(=O)O)C2)nc1C(F)(F)F,-1.7962873593922926
COc1ccc2nccc(NC(=O)[C@]3(O)CC[C@@H](NCc4cc5c(cn4)OCCO5)CC3)c2n1,-0.5611002371131372
O=C(O)c1cn(Cc2ccc(-c3cccnc3)nc2)c2c(F)cccc2c1=O,-1.0181587503287757
CNC(=O)C(=O)NCCCC/C=C\CCCCCCCCCC(=O)O,-2.7214521662241373
N=c1nc(O)c2c([nH]1)NCC(CNc1ccc(C(=O)N[C@@H](CCC(=O)O)C(=O)O)cc1)N2C=O,-1.0559468995472738
CN(Cc1ccccc1)C(=O)[C@@H](N=C(O)c1cc2cc(NC(=O)c3ccccc3-c3ccc(C(F)(F)F)cc3)ccc2n1C)c1ccccc1,-1.9590023075765075
O=C1NC(c2ccccc2)CC(O)=C1Oc1ccccc1Cl,-1.6386877748976718
COc1ccc(-c2ccc(S(=O)(=O)N[C@@H](C(=O)O)C3CCC(Nc4ccccc4)CC3)cc2)cc1,-2.0972901870301213
N#Cc1ccc(CCNC(=O)[C@@H]2CCN2c2cc(-c3ccc([C@H]4CC[C@H](C(=O)O)CC4)cc3)nc(C(F)(F)F)n2)cc1,-2.699187205881913
CC(=O)OC1N=C(c2ccccc2)c2cc(Cl)ccc2NC1=O,-0.6077357984806265
CC(C)Nc1nc2cc(Cl)c(Cl)cc2n1[C@H]1O[C@@H](CO)[C@H](O)[C@@H]1O,-1.747072247682862
Cc1cccc(Cl)c1Nc1nc2cc(C(=O)Nc3cc(C(F)(F)F)ccc3F)c3c(c2[nH]1)CC(C)(C)O3,-2.886156881062508
O=C(N[C@@H]1CCC[C@H](O)C1)c1noc(-c2ccc(C(F)(F)F)cc2)c1CO,-1.0866153578469149
O=C(O)c1cn(Cc2ccc(-c3ccccc3)cc2)c2ccsc2c1=O,-1.854275425119336
S=c1nc(-c2ccccc2Cl)[nH]n1Cc1cccc(Cl)c1,-1.9590023075765075
CN[C@@H](C)C(=O)N[C@H](C(=O)N[C@H]1CCCN(CC(c2ccccc2)c2ccccc2)C1)C1CCCCC1,-1.5658496253423198
Cc1nc2ccc(NS(=O)(=O)c3ccc(C)c(C)c3)cc2s1,-2.699187205881913
C[C@@H](CO)Nc1ncc2c(n1)CN(C(=O)N[C@H](C)c1ccc(C(F)(F)F)c(F)c1)CC2,-1.854275425119336
O=C(O)C[C@H](CN1CC[C@@H](CCc2ccc3c(n2)NCCC3)C1)c1cccc(C2CCOC2)c1,-0.7674358591132167
C[C@@H]1CN(c2ccc(S(C)(=O)=O)cc2F)CCN1c1nccc(C(=O)NC2C3CC4CC2CC(O)(C4)C3)n1,-1.9590023075765075
CCCCn1ccc(N2CCC(c3ccccc3)CC2)c(Cl)c1=O,-2.2222108125651343
O=C1Nc2ccc(Cl)cc2[C@@](C#CC2CC2)(C(F)(F)F)O1,-2.408146584666388
C[C@]1(C(=O)O)CC[C@H](CC(=O)N2CCc3c(n(Cc4ccc(F)cc4F)c4ncccc34)C2)CC1,-2.000391041028584
C[C@]1(C(=O)N(CCCC(=O)O)Cc2cccc(Cl)c2)CCN1C(=O)c1csc2ccccc12,-1.824314271737916
c1ccc(-c2nc(N=c3cc(C4CC4)[nH][nH]3)c3ccccc3n2)cc1,-1.9590023075765075
COc1cc2c(cc1-c1c(C)noc1C)ncc1[nH]c(=O)n([C@H](C)c3ccccn3)c12,-1.424081630442501
O=C1NC(=O)C(c2ccccc2)(c2ccccc2)N1,-0.6390259031937106
CC(=O)c1c(O)c(C)c(O)c2c1OC1=CC(=O)c3c(n[nH]c3C)[C@@]12C,-1.3876400520322256
CSc1cccc(C2(C#N)CCN(Cc3cc(C(=O)O)c(=O)n4ccccc34)CC2)n1,-1.886457720046036
Cc1c(-c2ccc(O)cc2)c(=O)n2nc(-c3ccccc3)c(N3CCCCC3)c2n1C,-1.7855641566565343
CC[C@@H]1CN(C(=O)NCC(F)(F)F)C[C@@H]1c1cnc2cnc3[nH]ccc3n12,-0.491768801143466
Cc1nc2c(-c3cnn(C)c3)cnn2c(NCc2ccccn2)c1C,-1.0813511817281891
CN1CCN(CCOc2n[nH]c3ncnc(Nc4ccc(OCc5ccccn5)c(Cl)c4)c23)CC1,-0.9303929453589486
CN1CCN=C1c1ccc(CCNC(=O)C[C@@H]2C(=O)Nc3ccc(Cl)cc3N2S(=O)(=O)c2ccc3ccccc3c2)cc1,-1.0761500503952215
COc1ccc(-c2ccc(S(=O)(=O)NC(C(=O)O)C3CCCC4(C3)OCCO4)cc2)cc1,-1.92121703980304
CC[C@H](C)[C@@H]([C@@H](CC(=O)N1CCC[C@H]1[C@H](OC)[C@@H](C)C(=O)N[C@@H](Cc1ccccc1)c1nccs1)OC)N(C)C(=O)[C@@H](NC(=O)C(C)(C)N)C(C)C,-1.1491700401514695
O=[N+]([O-])c1ccc(C2=NOC(c3ccc(N4CC[S+](O)CC4)cc3)C2)o1,-0.6501845526887845
O=C1COCCN1c1ccc(CO[C@@H]2COc3nc([N+](=O)[O-])cn3C2)cc1F,-0.49123064353413
Cc1ccccc1S(=O)(=O)NC(=O)N1CCC(N2CCC(Oc3ccc(Cl)c(Cl)c3)CC2)CC1,-0.9747150305384598
C[C@@H](Oc1cc(-n2cnc3ccc(OCC4CCN(C)CC4)cc32)sc1C(N)=O)c1ccccc1C(F)(F)F,-1.6202051567230198
Cc1cn2c(-c3cn[nH]c3)cnc2c(Nc2cc(Cc3ccccn3)ns2)n1,-2.000391041028584
CC[C@H]1OC(=O)[C@H](C)[C@@H](O[C@H]2C[C@@](C)(OC)[C@@H](O)[C@H](C)O2)[C@H](C)[C@@H](O[C@@H]2O[C@H](C)C[C@H](N(C)C)[C@H]2O)[C@](C)(O)C[C@@H](C)/C(=N/OCOCCOC)[C@H](C)[C@@H](O)[C@]1(C)O,-0.7427535350926288
CC1(C)[C@H](NC(=O)/C(=N\OCc2cc(=O)c(O)cn2O)c2csc(N)n2)C(=O)N1OS(=O)(=O)O,-0.8024623880554256
CN1CCC(=C2c3ccccc3CCn3c(C=O)cnc32)CC1,-0.2150612487737884
CCOP(=O)(OCC)c1ccc(C(=O)Nc2ccc(C)c(Nc3nccc(-c4cccnc4)n3)c2)cc1,-1.6993827801934176
COC(=O)Nc1nc2cc(C(=O)c3ccccc3)ccc2[nH]1,-1.1976539404066928
Cc1c(CC2=NN(Cc3ccc(F)cc3F)C(=O)CC2)c2cc(F)ccc2n1CC(=O)O,-1.678194516142461
CS(=O)(=O)c1ccc(Oc2cc(F)cc(C#N)c2)c2c1[C@H](O)[C@H](F)[C@@H]2F,-0.2877839676491524
C/C=C/C[C@H](C)[C@@H](OC)[C@@H](C)[C@H](O)C[C@H]1OC(=O)C=C[C@H]1CC,-0.8831598975873358
Cc1nc2c([nH]1)-c1ccccc1N(C(=O)c1ccc(NC(=O)c3ccccc3-c3ccccc3)cc1)CC2,-2.112760903014797
C=CCOc1ccccc1OCC(O)CNC(C)C,-0.636820649941314
CCCCc1nc(Cl)c(CO)n1Cc1ccc(-c2ccccc2-c2nn[nH]n2)cc1,-1.824314271737916
COc1ccc2c(C(=S)N(C)CC(=O)O)cccc2c1C(F)(F)F,-2.1311440488253703
CSc1cc(C)[nH]c(=O)c1CNC(=O)c1c(C)n([C@H](C)C2CCN(CC(F)(F)F)CC2)c2ccccc12,-1.5090587946432126
CNC(=O)CN1C(=O)C(NC(=O)c2cc3cc(Cl)sc3[nH]2)Cc2ccccc21,-0.0019567724816228
c1coc(CNc2ncnc3ccccc23)c1,-0.0599175282990633
C[C@H](c1cc(C(=O)N(C)CCO)cc2c(=O)cc(N3CCOCC3)oc12)N(C)c1cc(F)cc(F)c1,-0.7674358591132167
CC(C)Cc1nn(C)c(=O)c2c(SCCCO)n(Cc3cccc4ccccc34)cc12,-2.4321153092162984
Cc1nc(CN2CCC[C@H]2c2ncccc2C)cc(N2CCN(C)CC2)n1,-1.2928558116575553
CC#Cc1cncc(-c2cccc([C@@]3(c4cc(C)c(=O)n(CC)c4)N=C(N)c4c(F)cccc43)c2)c1,-1.9285156645718784
CCCCCCCC(=O)CC[C@@H]1[C@@H](C/C=C\CCCC(=O)OC(C)C)[C@@H](O)C[C@H]1O,-1.9590023075765075
CC[C@@H](c1cccc(O)c1)[C@@H](C)CN(C)C,-0.0968014529570216
O=C(O)COc1ccc(Cl)cc1CN1CCCN(S(=O)(=O)Cc2ccccc2)CC1,-0.8017746733776074
COc1ncnc(Cn2cc(C(=O)NCCO)c3ncc(C)cc32)c1C,-0.6560402709928592
NC1=NC(c2ccc(F)cc2)Cc2ccc(F)cc21,-0.4821825423073874
Cc1c(Cc2ccc(=O)n(Cc3ccc(F)cc3F)n2)c2cc(F)ccc2n1CC(=O)O,-1.678194516142461
CCCN(CCC)C(=O)Cc1c(-c2ccc(Cl)cc2)nc2ccc(Cl)cn12,-1.041388342235121
O=C(O)[C@H]1/C(=C/CO)O[C@@H]2CC(=O)N21,-0.0756379990570182
O=C(Nc1ccccc1Cl)N1CCC(c2nc(-c3ccc4ccccc4n3)no2)CC1,-2.2222108125651343
CC#Cc1ccnc(-c2cc(C3(C4CC4)N=C(C)C(N)=N3)ccc2O)c1,-2.1552743720267773
O=C(O)Cc1ccc(N2CCC(CN3CCC(Oc4ccc(Cl)c(Cl)c4)CC3)CC2)cc1,-1.678194516142461
CCC(CC)O[C@@H]1C=C(C(=O)O)C[C@H](NC(C)=N)[C@H]1NC(C)=O,-0.0129912593559856
Nc1nc(Nc2ccc(S(N)(=O)=O)cc2)nn1C(=O)c1c(F)cccc1F,-0.7196263061248698
N[C@H](C(=O)N1CC(CNc2ccc(F)cc2)C2(C1)CN(c1cc(F)cc(F)c1)C2)c1ccc(O)cc1,-1.5854444437707855
O=C1OC2(c3ccc(O)cc3Oc3cc(O)ccc32)c2ccccc21,-0.5365400288758649
CN1C(C(=O)Nc2ccccn2)=C(O)c2sc(Cl)cc2S1(=O)=O,-1.9590023075765075
O=C(O)c1cn(Cc2ccc(-c3ccc4[nH]ccc4c3)nc2)c2c(F)cccc2c1=O,-3.0
C[C@H]1O[C@@H](n2cnc3c(N)nc(OCC4CC45CC5)nc32)[C@H](O)[C@@H]1O,-0.6017984511000738
C[C@@H]1O[C@H](NC(=O)c2ccc3ccccc3c2)[C@@H](O)[C@H](O)[C@@H]1O,-0.4939281250746494
Cc1c(Nc2ccc(C#N)cc2Cl)ncnc1OC1C[C@@H]2CC[C@@H](C1)N2S(=O)(=O)C1CC1,-2.699187205881913
O=C(Nc1ccc(Cl)c(C(F)(F)F)c1)N[C@H]1CCN(c2ccncn2)C1,-2.0972901870301213
COc1cc([C@H]2Oc3cc([C@H]4Oc5cc(O)cc(O)c5C(=O)[C@@H]4O)ccc3O[C@@H]2CO)ccc1O,-1.2928558116575553
CCn1c(=O)c2c(nc(/C=C/c3ccc(OC)c(OC)c3)n2C)n(CC)c1=O,-1.6024771142816578
COc1ncc(-c2cccc3c2C[C@H](NC(=O)c2ccc(OCCC(F)(F)F)nc2)CO3)cn1,-1.8450680747287964
CC(C)Nc1cccnc1N1CCN(C(=O)c2cc3cc(NS(C)(=O)=O)ccc3[nH]2)CC1,-1.1542768399179917
Cc1ncnc2c1c1c(ccn1C)n2[C@@H]1O[C@H](CO)[C@@H](O)[C@H]1O,-0.1485642996111921
C[C@H]1O[C@@H](n2cnc3c(N)nc(OCC4CC45CC5)nc32)[C@H](O)[C@H]1Cl,-1.3634353817220652
Cc1cnc(Nc2cc(N3CCN(C)CC3)nc(N[C@@H](C)c3ccc(F)cn3)n2)s1,-1.3219070190095912
CC(C)(O)CCO[C@]1(c2ccc(Cl)cc2)c2ccc(C(C)(C)O)cc2C(=O)N1Cc1ccc(Cl)cc1,-2.3013775702979022
COc1ncc(-c2cccc(F)c2CCNC(=O)c2ccc(OCCC(F)(F)F)nc2)cn1,-2.2222108125651343
Cc1ccc(-n2nc(C(C)(C)C)cc2NC(=O)Nc2ccc(-n3nnnc3C)cc2)cc1,-2.0091640782233275
Cc1cc(Cl)nc(C)c1C(=O)NCC[C@@H](C)N1CCC(N(Cc2ccsc2)C(=O)NCc2ccc(C(=O)O)cc2)CC1,-0.2362576311412831
O=C(c1ccc(I)cc1)N1CCN(C(=O)c2cc(Cc3n[nH]c(=O)c4ccccc34)ccc2F)CC1,-1.4093587579877196
O=C(O)c1cc(C(F)(F)F)ccc1N1CC[C@H](OCc2ccccn2)C1,-1.3283274043791142
CNc1nc(Cc2ccccc2)nc2c1CCNC[C@@H]2C,-0.275339171994241
CCOC(=O)N1CCN(C(=O)[C@H](CCC(=O)O)NC(=O)c2cc([C@H]3C[C@@H]3COC)nc(-c3ccccc3)n2)CC1,-1.4563540467667528
CCOc1ccccc1NC(=O)c1ccccc1NS(=O)(=O)C1CC1,-0.0045795930009243
c1ccc2[nH]c(CCc3nc4ccccc4[nH]3)nc2c1,-0.7936059355691265
O=C(NCC12CC3CC(CC(C3)C1)C2)c1cc(N2CCNCC2)ccc1Cl,-1.556374078396063
O=C(Cn1c(=O)[nH]c2ncc(-c3cccc(C(F)(F)F)c3)cc21)NC1CC1,-2.3013775702979022
Cc1ccccc1C(=O)Nc1ccc(F)cn1,-0.3559949365267739
CN(C)CCC1CCN(c2cc(C(=O)NC[C@H]3CC[C@H](CNC(=O)OC4CCOCC4)CC3)c3ccccc3n2)CC1,-0.7439548970669356
COc1cc(OC)c(S(=O)(=O)NCc2ccccc2N2CCC(CC(=O)O)CC2)cc1NC(=O)CCC(=O)O,-1.0549609977675471
CC(C)CC(=O)Nc1cccc(NC(=O)c2ccccc2Br)c1,-1.1491700401514695
c1ccc(Nc2nccc(-c3cnn4ncccc34)n2)cc1,-1.3876400520322256
O=C(O)CCc1cc(F)c(OCc2c(-c3ccccc3)noc2C(F)(F)F)c(F)c1,-2.5689097666353824
Oc1ncnc2[nH]ncc12,-0.0808329648503769
O=C1NC(c2ccc(Br)cc2)Nc2ccccc21,-1.2844228080425482
Cc1[nH]c(C)c(-c2ccc(-c3ccc(C(F)(F)F)cc3Cl)nc2)c(=O)c1Cl,-1.2928558116575553
CCNC(=O)Nc1nc2cc(-c3ccc(=O)n(CCOC)c3)c(=O)n(C(C)C)c2s1,-1.1491700401514695
c1ccc2nc(COc3ccc(-c4n[nH]cc4-c4ccncc4)cc3)ccc2c1,-2.5231683714877318
CCc1ccc(C(=O)NC(=O)c2ccccc2O)cc1,-2.699187205881913
CS(=O)(=O)NC(=O)CN1C(=O)C(NC(=O)c2cc3cc(Cl)sc3[nH]2)Cc2ccccc21,-0.0016082568277926
Cc1cccc(NC(=O)c2cc(Oc3cncc(F)c3)cn3ccnc23)n1,-1.6024771142816578
Cc1nc2c(-c3ccccc3)cnn2c(NCc2ccccn2)c1C,-2.5231683714877318
COc1c(C)cnc(Cn2cc(C#CCC(C)(C)O)c3c(Cl)nc(N)nc32)c1C,-1.4689428087667111
Cc1[nH]c(C)c(-c2ccc(-c3ccc(C(F)(F)F)cc3F)nc2)c(=O)c1Cl,-1.2928558116575553
NC(=O)c1cnc(N[C@H]2CCCNC2)c2cc(-c3ccc(Cl)cc3)sc12,-2.0413453496394345
Cc1cc(C(=O)O)ccc1-c1ccc(N2C(=O)N(c3ccncn3)C3(CCN(Cc4ncccc4C)CC3)C2=O)cc1,-1.3876400520322256
Cc1cc(Oc2cncnc2)cc(C(=O)Nc2ccc(Cl)cn2)n1,-1.3014558129408076
N#Cc1ccc2nnc(C(=O)N3CCC(c4ccccc4C(F)(F)F)CC3)n2c1,-1.4952709483787436
CNCc1nccn1-c1ccc(N2CCC(NS(=O)(=O)/C=C/c3ccc(Cl)s3)C2=O)c(F)c1,-0.9397328911828484
CO[C@@H]1[C@@H](OC(N)=O)[C@@H](O)[C@H](Oc2ccc3c(O)c(NC(=O)c4ccc(O)c(CC=C(C)C)c4)c(=O)oc3c2C)OC1(C)C,-0.9961088337630896
Cc1noc2c(F)c3c(cc12)CC1(C(=O)NC(=O)NC1=O)[C@@H]1[C@@H](C)O[C@H](C)CN31,-1.0813511817281891
CN1CCN(c2nc(N)nc3c2CCc2ccccc2-3)CC1,-0.6560402709928592
CCCNC(C)C(=O)Nc1ccccc1C,-0.334383835367414
CC(=O)Nc1cc(-c2cnc(N(C)C(=O)c3c(F)cccc3Cl)c(N3CCCCC3)c2)n(C(C)C)n1,-1.113938140804323
COC1(OC)CN(c2ncc(C(=O)O)s2)CC[C@H]1NC(=O)c1[nH]c(C)c(Cl)c1Cl,-1.721658030939094
CC(C)C[C@H](NC(=O)CNC(=O)c1cc(Cl)ccc1Cl)B(O)O,-1.9590023075765075
CCOc1ccc2cc(-c3nn(C(C)CCO)c(N)c3C(N)=O)ccc2c1,-0.9176455486690313
N=C(N)NC(=O)Cc1c(Cl)cccc1Cl,-0.5076727249063073
Cc1ccc(-n2c(C)cc(/C=C3\SC(=O)NC3=O)c2C)cc1,-2.5852939924389373
C=C(C)[C@@H]1CC[C@]2(C(=O)O)CC[C@]3(C)[C@H](CC[C@@H]4[C@@]5(C)Cc6sc(N)nc6C(C)(C)[C@@H]5CC[C@]43C)[C@@H]12,-1.3669559463304506
O=C(C[C@H]1CC[C@H](C(=O)O)CC1)N1CCc2c(n(Cc3cccc(F)c3)c3ncccc23)C1,-2.0972901870301213
CCNC(=O)Nc1nc2cc(-c3ccc4nncn4c3)c(=O)n(C(C)C)c2s1,-0.5837923388097694
Cc1cnc(N)nc1OCC(C)(C)CO,-0.3367326433719202
N#Cc1cnc2cnc(NCCN3CCOCC3)cc2c1Nc1ccc(F)c(Cl)c1,-0.8214546854889927
COc1cc2ncc(C(N)=O)c(Nc3cccc(Cl)c3Cl)c2cc1NCCN(C)C,-0.9833969924067856
COc1cc([C@@H]2c3cc4c(cc3[C@@H](O[C@@H]3O[C@@H]5CO[C@@H](C)O[C@H]5[C@H](O)[C@H]3O)[C@H]3COC(=O)[C@H]23)OCO4)cc(OC)c1O,-1.4283648764316248
COCC[C@H](CC1(C(=O)N[C@@H]2C[C@H]2c2ccc(OC)cc2)CCCC1)C(=O)O,-1.4819073984834683
[2H]C([2H])(Oc1cc(F)cc(F)c1C([2H])([2H])C([2H])([2H])[2H])C(=O)N(Cc1nnc(N)o1)Cc1ccc(S(N)(=O)=O)cc1F,-1.2150975501133452
COc1cc2c3cc1Oc1cc(ccc1O)C[C@@H]1c4c(cc(OC)c(O)c4Oc4ccc(cc4)C[C@@H]3N(C)CC2)CC[N+]1(C)C,-0.259282123940715
O=C1CCc2ccccc2N1CCCN1CCC(Cc2ccccc2)CC1,-1.236999022944533
CCCc1cc(I)cc(CNCCCN(C)C)c1O,-0.0751219039691987
CC1(C)[C@H](Nc2c(C(N)=O)cnn3cccc23)CC[C@@]1(C)O,-0.7936059355691265
CN(C(=O)Cc1ccc(-n2cnnn2)cc1)C1CCN(Cc2ccc(C(F)(F)F)cc2)CC1,-1.0933941743467637
CCOC(=O)C1=C(C)N/C(=C/c2cc(C)n(-c3ccccc3C(F)(F)F)c2C)C1=O,-1.1942477451993276
CC1(C)CN(Cc2nnc(-c3ccccc3)o2)C(=O)[C@@H]1Oc1ccc(C#N)c(C(F)(F)F)c1,-1.854275425119336
Cc1ccc([C@@H]2O[C@H](CO)[C@@H](O)[C@H](O)[C@H]2O)cc1Cc1ccc(-c2ccc(F)cc2)s1,-1.9333264054657864
COc1cc2nccc(Oc3ccc(NC(=O)Nc4cc(C)on4)c(Cl)c3)c2cc1OC,-2.3982658517398923
COC(=O)C(c1ccccc1)C1CCCCN1,-0.0808329648503769
CC(C)[C@@H](NC(=O)NCC(C)(C)O)C(=O)N1CC[C@](O)(c2ccc(Cl)cc2)C(C)(C)C1,-0.7193988684630864
CC(C)(N)[C@H](N[C@H]1CCc2cc(C#Cc3ccc(Cn4ccnc4CO)cc3)ccc21)C(=O)NO,-1.2150975501133452
CC(C)(C)c1ncc(CSc2cnc(NC(=O)C3CCNCC3)s2)o1,-0.4310594303837032
Cc1ccnc2c1N=C(O)c1cccnc1N2C1CC1,-0.3972890550424425
O=C(NS(=O)(=O)c1ccc(Cl)cc1)N1CCC(N2CCC(Oc3ccc(Cl)c(Cl)c3)CC2)CC1,-0.4821825423073874
O=C(O)C[C@@H](c1ccc2c(c1)OCC2)N1CCN(CCCc2ccc3c(n2)NCCC3)C1=O,-1.678194516142461
O=C(Nc1ccc(Cl)cc1)C(=O)N1CCC(c2ccnc3ccc(F)cc23)CC1,-2.3982658517398923
COc1cc2nnc(C(N)=O)c(Nc3cc(C)ccc3F)c2cc1N1CCN(C)CC1,-1.1461223898866706
CC(C)n1c(/C=C/[C@@H](O)C[C@@H](O)CC(=O)O)c(-c2ccc(F)cc2)c2ccccc21,-1.678194516142461
Cc1cnc(Nc2cccc(C#N)c2)nc1Nc1ccc2oc(=O)[nH]c2c1,-1.9590023075765075
Cc1nc(CSc2nc(N[C@H](C)CO)c3sc(=O)[nH]c3n2)cs1,-2.0181179968023826
CC(C)(C)NCC(O)COc1cccc2c1CCC(=O)N2,-0.111507864813015
CCOC(=O)N1CCN(C(=O)[C@H](CCC(=O)O)NC(=O)c2cc(N[C@@H]3CCOC3)nc(-c3ccccc3)n2)CC1,-1.065931005569042
COc1ccc(CCC[N+](C)(CCCc2ccc(OC)cc2)CCNC(=O)c2nc(Cl)c(N)nc2N)cc1,-0.7850587114395241
O=C(O)c1csc(-n2nc3c(c2-c2ccccc2)CCc2ccccc2-3)n1,-2.657814271706318
CC1C(NC(=O)Nc2ccc(F)c(F)c2F)CC2CC1C2(C)C,-2.04614370177502
O=C(O)c1c(F)ccc2c1OB(O)[C@@H]1C[C@H]21,-1.3876400520322256
C[C@H](CO)Nc1nc(SCc2ccccc2F)nc2[nH]c(=O)sc12,-2.620042170655314
C[C@H]1[C@H](NC(=O)/C(=N\OC(C)(C)C(=O)O)c2csc(N)n2)C(=O)N1C(=O)NS(=O)(=O)N1C[C@@H](NC(=O)CNC(=O)c2cc(=O)c(O)cn2O)CC1=O,-0.3462570059742641
O=S1(=O)CCC(Oc2ccc3c(c2)CCC2(CCN(C4CCC4)CC2)O3)CC1,-0.636820649941314
CO[C@H]1C[C@@H]2CC[C@@H](C)[C@@](O)(O2)C(=O)C(=O)N2CCCC[C@H]2C(=O)O[C@H]([C@H](C)C[C@@H]2CC[C@@H](OCCO)[C@H](OC)C2)CC(=O)[C@H](C)/C=C(\C)[C@@H](O)[C@@H](OC)C(=O)[C@H](C)C[C@H](C)/C=C/C=C/C=C/1C,-0.5824963877404782
O=C(Nc1ccc(NC(=O)c2ccccn2)cc1)c1cccc(-c2c[nH]c(=O)[nH]c2=O)c1,-1.6993827801934176
O=C(NCc1ccc(OC(F)(F)F)cc1)C1c2ccccc2C(=O)N1CCc1ccccn1,-1.4345748799673852
Cc1nn(C)cc1-c1ccc2cc(CCN3CCC[C@H]3C)ccc2n1,-0.6007590583075443
CNC[C@H](O)c1ccc(O)c(O)c1,-0.1485642996111921
COCCC(C)n1nc(C)c(C(=O)N[C@@H](C)C(C)(C)C)c1NS(=O)(=O)c1ccc(C)cc1,-0.992256061554874
C[C@H](NS(=O)(=O)c1ccc(-c2sc(C(=O)NCC(C)(C)O)nc2C(=O)N2CCC(F)CC2)c(Cl)c1Cl)C(F)(F)F,-1.0181587503287757
O=C(CCCCCc1cccnc1)NC1CCC(O)CC1,-0.1394972922737705
CC(C)c1c(-c2cn[nH]c2)[nH]c2c(C#N)cnn2c1=O,-1.5690546468315976
CCc1c(CCCC(=O)O)cncc1-c1nsc(-c2ccc(CC(C)C)c(C#N)c2)n1,-2.657814271706318
O=C(Nc1ccccc1OCC(F)(F)F)c1ccccc1NS(=O)(=O)C1CC1,-0.0056771271772894
COc1cccc(OC)c1C(=O)N[C@@H]1C(=O)N2[C@@H]1SC(C)(C)[C@@H]2C(=O)O,-0.2143925900276091
CC(=O)[C@H]1CC[C@H]2[C@@H]3C=CC4=CC(=O)CC[C@@]4(C)[C@@H]3CC[C@]12C,-1.5090587946432126
CNC(=O)c1cc(Oc2ccc(NC(=O)Nc3ccc(Cl)c(C(F)(F)F)c3)cc2)ccn1,-2.2222108125651343
C=C[C@@H]1C[C@]1(N=C(O)[C@@H]1C[C@@H]2CN1C(=O)[C@H](C(C)C)N[C@H](C(F)(F)F)CCCCCCc1cccc3c1CN(C3)C(=O)O2)C(O)=NS(=O)(=O)C1CC1,-1.6993827801934176
Cc1cccc(Cl)c1NC(=O)c1cnc(Nc2cccc(NCCCn3ccnc3)n2)s1,-1.9590023075765075
CN1CCN(C[C@@H](NC(=O)C[C@H]2CNC(=O)c3cc(-c4cccc(Cl)c4)cn32)C2CCCCC2)CC1,-1.5090587946432126
O=S(=O)(c1ccc(C(F)(F)F)cn1)N1CCC2(CC1)OC(c1cc(Cl)cc[n+]1[O-])c1ccccc12,-1.2928558116575553
C[C@H](c1ccc(F)cc1)N1C(=O)O[C@](Cc2ccccc2)(c2nc3cc(-c4cc[nH]n4)ccc3[nH]2)C1=O,-1.3876400520322256
O=C(Nc1ccccc1-c1ccccc1)N1CCN2C(=O)N([C@H]3C[C@@H]3c3ccccc3)C(=O)[C@@H]2C1,-1.3472123374569849
O=C([C@@H]1C[C@H](N2CCN(c3ncccn3)CC2)CN1)N1CCC(F)(F)C1,-0.0968014529570216
COc1cc2c(Nc3ccc(Br)cc3F)ncnc2cc1OCC1CCN(C)CC1,-1.061609681835234
O=C(Nc1ccc([N+](=O)[O-])cc1O)Nc1ccccc1Br,-2.4321153092162984
COc1cc(OC)c(S(=O)(=O)N2c3ccccc3CC2C)cc1NC(C)=O,-1.3501172632652665
CNC(=O)O[C@@H](CC(C)C)c1nc([C@H]2OC(=O)/C=C/C/C(C)=C/[C@@H](O)[C@@H](C)/C=C(C)\C=C(C)/C=C/[C@@H](O)[C@H](C)[C@H](OC)/C(C)=C/C=C/[C@@H]2C)cs1,-3.0
C[C@H](CO)Nc1nc(SCc2cccc(F)c2F)nc2nc(N)sc12,-1.6047412467910729
S=c1[nH]cnc2nc[nH]c12,-0.0940989306029951
CONC(=O)N(Cc1ccsc1)C1CCN([C@H](C)CCNC(=O)c2c(C)cc(Cl)nc2C)CC1,-0.3761513833286242
Cc1cc(C(=O)O)c2c(C(C)C)nn(-c3ccc(Cl)cc3)c2n1,-2.3982658517398923
Clc1cccc(-c2cnc3ccc(NC4CCOCC4)nn23)c1,-2.000391041028584
O=C(NOCCO)c1ccc2cncn2c1Nc1ccc(I)cc1F,-2.2222108125651343
C[C@@H]1Cc2nn3c(c2CN1C(=O)Nc1ccc(F)c(C#N)c1)C(=O)N(C)C[C@@H](F)C3,-0.7193988684630864
CN=C(NC#N)NCCSCc1[nH]cnc1C,-0.0968014529570216
CC(=O)N1CCCn2nc(CN3CCOc4ccccc43)cc21,-0.4551261567651986
CNCC(=O)OCc1cccnc1N(C)C(=O)OC(C)[n+]1cnn(C[C@](O)(c2cc(F)ccc2F)[C@@H](C)c2nc(-c3ccc(C#N)cc3)cs2)c1,-2.227306514442906
CN(C)c1cc(CNCC(C)(C)C)c(O)c2c1C[C@H]1C[C@H]3[C@H](N(C)C)C(O)=C(C(N)=O)C(=O)[C@@]3(O)C(O)=C1C2=O,-0.1017526515740984
C[C@@H]1c2nnc(-c3ccccn3)n2CCN1C(=O)c1cccc(Cl)c1Cl,-0.7549193739145564
CCCOCCn1c(=O)c(N2CCNCC2)nc2cnc(-c3ccc(OC)nc3)cc21,-0.7285905804886014
O=[N+]([O-])c1cn2c(n1)OC[C@@H](OCc1ccc(N3CCOCC3)nc1)C2,-0.0679602392359334
CCOC(=O)n1ccn(C)c1=S,-0.0314843638442568
C=CCNc1nc(NCC=C)nc(N2CCN(C(c3ccc(F)cc3)c3ccc(F)cc3)CC2)n1,-1.9590023075765075
Cc1cn2cc(NC(=O)c3ccc(N4CCNC(C)C4)cc3F)nc2c(C)n1,-0.7285905804886014
CCOC(=O)C1=C[C@@H](OC(CC)CC)[C@H](NC(C)=O)[C@@H](NC(=N)N)C1,-0.1553358507184747
COCCOc1ccc(N2CCN(CCn3c(=O)n(C)c4c3nc(N)n3nc(-c5nccs5)nc43)CC2)cc1F,-0.8214546854889927
Cc1ccc(CC2CCOC3(CCN(Cc4ccc(COc5ccc(CCC(=O)O)cc5)cc4)CC3)C2)cc1,-2.5231683714877318
CCS(=O)(=O)N1CC(CC#N)(n2cc(-c3ncnc4[nH]ccc34)cn2)C1,-0.3166573546991632
CCCCc1nc2c(N)nc3ccccc3c2n1CC(C)C,-1.201087061911587
O=C(CN1CCN(CCC2CCOCC2)CC1)NC12CC3CC(CC(C3)C1)C2,-0.2763217372601433
CCS(=O)(=O)c1ccc(CNc2nc3cnc(-c4c(C)ncnc4C4CC4)nc3n([C@@H](C)C3CC3)c2=O)nc1,-1.5090587946432126
CC1=C(C(N)=O)C(c2ccc(N(C)C)cc2)n2nc(SCc3ccc([N+](=O)[O-])cc3)nc2N1,-2.699187205881913
N#Cc1ccc(-c2ccc(C[C@@H](C#N)NC(=O)[C@@H]3CNCCCO3)cc2)cc1,-1.041388342235121
Cc1[nH]c(C(=O)N[C@@H]2CCN(c3ncc(C(=O)O)s3)CC23OCC(C)(C)CO3)c(Cl)c1Cl,-1.678194516142461
O=C(/C=C/c1cccc(S(=O)(=O)Nc2ccccc2)c1)NO,-1.2033678803301615
C[C@H](CO)Nc1cc(NS(=O)(=O)N2CCOCC2)nc(SCc2cccc(Cl)c2F)n1,-1.7962873593922926
COc1cc(OC)cc(C(=O)Nc2ccc(C)c(C(=O)Nc3cnc(Nc4ccc(N5CCN(C)CC5)cc4)nc3)c2)c1,-1.4819073984834683
C=CC(=O)Nc1cc(Nc2ncc(C(=O)OC(C)C)c(-c3cn(C)c4ccccc34)n2)c(OC)cc1N(C)CCN(C)C,-2.034245783825214
COc1ccc(S(=O)(=O)N2CC(C)N(S(=O)(=O)c3ccc(OC)cc3)CC2C)cc1,-2.347125402250531
CC(=O)N1CCN(c2cccc(-c3cc(Cl)c4c(N)ncnn34)c2)C(=O)C1(C)C,-1.041388342235121
O=C1CSCCN1c1ccc(CO[C@@H]2COc3nc([N+](=O)[O-])cn3C2)cc1F,-0.6482500615371258
CC(C)c1cc(Nc2nc(N3CCC[C@H](N)C3)ncc2C(N)=O)cc(C(C)C)n1,-0.9551076165256404
C[C@H](CO)Nc1nc(SCc2ccco2)nc2nc(N)sc12,-0.9303929453589486
C[C@H](CCC(=O)O)[C@H]1CC[C@H]2[C@@H]3CC[C@@H]4C[C@H](O)CC[C@]4(C)[C@H]3C[C@H](O)[C@]12C,-1.678194516142461
O=C1c2ccccc2-n2c1nc1ccccc1c2=O,-1.3771748708039588
CS(=O)(=O)c1ccc(-c2cnc(N)c(-c3ccc(C(F)(F)F)nc3)c2)cc1,-0.7993898798566819
CCCn1c(C(=O)c2cc(C)cc(C#N)c2)c(C(C)C)c(=O)[nH]c1=O,-2.000391041028584
O=C(CCCN1CCOCC1)c1ccc(-c2ccc(N3C[C@H](Cn4ccnn4)OC3=O)cc2F)cn1,-0.4551261567651986
Cc1cc(C[C@@H](NC(=O)N2CCC(c3cc4ccccc4[nH]c3=O)CC2)C(=O)N2CCN(C3CCN(C)CC3)CC2)cc2cn[nH]c12,-0.5862954743356967
CCOc1cc2ncc(C(N)=O)c(Nc3cccc(Cl)c3Cl)c2cc1N1CCN(CCO)CC1,-1.312896623973277
c1ccn2ncc(-c3ccnc(NC4CC4)n3)c2c1,-1.041388342235121
COc1cc2ncn(-c3cc(OCc4ccccc4S(C)(=O)=O)c(C#N)s3)c2cc1OC,-1.9176132149096263
CC(=O)O[C@H]1C[C@H](O[C@H]2[C@@H](O)C[C@H](O[C@H]3[C@@H](O)C[C@H](O[C@H]4CC[C@@]5(C)[C@H](CC[C@@H]6[C@@H]5CC[C@]5(C)[C@@H](C7=CC(=O)OC7)CC[C@]65O)C4)O[C@@H]3C)O[C@@H]2C)O[C@H](C)[C@H]1O,-0.6972362915270183
Nc1nc(=O)[nH]cc1F,-0.0158482459426308
CNc1cc2[nH]c(=O)n(-c3ccc(NC(=O)NS(=O)(=O)c4ccc(Cl)s4)cc3)c(=O)c2cc1F,-2.284347574413499
CC1(CN2CC[C@H](NC(=O)c3cc(-c4ccc(F)cc4F)on3)[C@@H](C(=O)NC3(c4ncccn4)CC3)C2)CC1,-1.3569719551908734
CC(=O)N(CC(O)CO)c1c(I)c(C(=O)NCCO)c(I)c(C(=O)NCC(O)CO)c1I,-0.0095759687900734
CCCCC(F)(F)[C@@]1(O)CC[C@H]2[C@@H](CC(=O)[C@@H]2CCCCCCC(=O)O)O1,-1.2414393926120035
CC(C)OC(=O)OCOP(=O)(CO[C@H](C)Cn1cnc2c(N)ncnc21)OCOC(=O)OC(C)C,-0.0100596888565019
CCC(=O)N(c1ccccc1)C1(COC)CCN(CCn2nnn(CC)c2=O)CC1,-1.0887390254889715
CC(=O)c1cc2c(Oc3ccc(Cl)cc3)cncc2s1,-2.3982658517398923
O=C(CCN1CCOCC1)Nc1cc(-c2ccco2)c2oc(-c3ccco3)nc2c1,-1.678194516142461
COc1ccc2[nH]c([S@@](=O)Cc3ncc(C)c(OC)c3C)nc2c1,-1.5090587946432126
CC(C)(C)OC(=O)N1CCC(OCc2nc(-c3ccncc3)no2)CC1,-2.027260412848181
CCN(CC)C(=O)[C@]1(c2ccccc2)C[C@@H]1CN,-0.0604158576515883
O=C(O[C@H]1CN2CCC1CC2)N1CCc2ccccc2[C@@H]1c1ccccc1,-1.678194516142461
Cc1cc(-c2cnn(C)c2)cc(C2CCN(C(=O)c3cc(C(C)C)n[nH]3)C2)n1,-1.3376672295602454
Cn1c(=O)c(F)c(Nc2ccc(I)cc2F)c2c(=O)n(C[C@@H](O)CO)cnc21,-1.5090587946432126
CN1CCN(C(=O)O[C@H]2c3nccnc3C(=O)N2c2ccc(Cl)cn2)CC1,-0.3512350250507314
OC[C@@H]1CC[C@H](n2cnc3c(O)ncnc32)O1,-0.0222535377083363
CCNC(=O)c1cc2c(-n3ccc(C(F)(F)F)n3)c(-c3cncc(-c4n[nH]c(=O)o4)c3)cnc2[nH]1,-1.3501172632652665
Cc1cn2nc([C@@H]3CCCCN3C(=O)c3cc(Cl)ccc3NS(C)(=O)=O)cc2nc1N1CC[C@H](C#N)C1,-1.721658030939094
c1cnc(Nc2ncnc3ccc(-c4nccc(N5CCOCC5)n4)cc23)nc1,-0.8512123159436876
N=c1nc(O)c2ncn(COCCO)c2[nH]1,-0.1022574786822374
NC(CO)(CO)CO,-1.6024771142816578
CCC#Cc1cncc(-c2ccc3c(c2)C2(N=C(C)C(N)=N2)[C@]2(CC[C@H](OC)CC2)C3)c1,-1.4060308997274775
COc1cc2nccc(Oc3ccc4c(C(=O)Nc5ccc(Cl)cc5)cccc4c3)c2cc1OC,-2.0972901870301213
NC(=O)c1cnn(-c2ccc(NC[C@]3(c4ncccc4F)C[C@H](F)C3)nn2)c1,-0.4429261056339875
C=CC(=O)Nc1cccc(-n2c(=O)cc(C)c3cnc(Nc4ccc(OCCN(C)C)cc4OC)nc32)c1,-0.2672364431021822
CN(C)Cc1nccn1-c1ccc(N2CCC(NS(=O)(=O)c3ccc4c(Cl)c[nH]c4c3)C2=O)c(F)c1,-1.2600639181842257
COCC(=O)N1CCN(C(=O)[C@H]2CC[C@H](Cn3c(=O)c4cc(OC)ccc4n(C)c3=O)CC2)CC1,-1.2150975501133452
O=C(Nc1cc2sc(N3CCOCC3)nc2cc1N1CCC(CO)CC1)c1cnn2cccnc12,-1.678194516142461
C[C@]12C[C@@H]3C[C@](C)(C1)C[C@@](N)(C3)C2,-0.259282123940715
COc1ccc(NC(=O)[C@@H](C)N=c2nc(O)c3cnn(C4CCCC4)c3[nH]2)cc1,-1.236999022944533
COc1ccc(-c2ccccc2N2CCN(CCCCOc3ccc4c(c3)NC(=O)C(C)O4)CC2)cc1,-1.886457720046036
Cn1nnnc1SCC1=C(C(=O)O)N2C(=O)[C@@H](NC(=O)[C@H](OC=O)c3ccccc3)[C@H]2SC1,-0.567463616735744
CN(C)c1noc(-c2cccc(CNc3cnc4nn[nH]c4c3)c2O)n1,-2.620042170655314
Cc1cc2cc(N/C(=N\C(=O)c3ccc(C(=O)N(C)C)nc3)N[C@H]3CCCCN(CC(=O)N4CCCC4)C3=O)ccc2o1,-0.9176455486690313
CC(=O)N1C[C@@H](F)C[C@H]1c1nc(C(=O)NCc2ccc(F)cc2)c(O)c(=O)n1C,-0.6761499961531976
O=C(O)CN1C(=O)[C@@]2(CC(=O)N(Cc3cc(Cl)ccc3F)C2)c2cc(Cl)ccc21,-1.9590023075765075
CN(C)S(=O)(=O)c1ccc2c(c1)N(CCCN1CCC(CCO)CC1)c1ccccc1S2,-0.259282123940715
CC(C)C[C@@H]1C(=O)N[C@H](C2Cc3ccccc3C2)C(=O)N1[C@@H](C(=O)N(C)C)c1ccc(N(C)C)nc1,-0.5837923388097694
CN1CCN(Cc2ccc(NC(=O)CNc3ccc(-c4ccc(NC(=O)C5CC5)nc4)cc3F)cc2C(F)(F)F)CC1,-2.495148701819465
CN(C)CCn1c(CC(C)(C)C)nc2cc(S(=O)(=O)C3CN(CCO)C3)ccc21,-0.3005959181846626
O=[N+]([O-])c1c(CS(=O)(=O)c2ccccc2)nc2c(C#CCCO)cc(Cl)cn12,-1.7962873593922926
Cc1ccc(-c2cc3ncccc3c(NC[C@H]3CCCNC3)n2)cc1,-1.2928558116575553
CC(C)CC(=O)OC1N=C(c2ccccc2)c2cc(Cl)ccc2NC1=O,-1.027302033420102
C[C@@H](C(=O)Nc1ccc(Cl)cc1)[C@H]1CC[C@@H](c2ccnc3ccc(F)cc32)CC1,-2.3982658517398923
CCC(O)CN1C(=O)C(NC(=O)c2cc3cc(Cl)sc3[nH]2)Cc2ccccc21,-0.000455792290268
COc1cc([C@H](c2cc3cc(Br)ccc3cc2OC)[C@@](O)(CCN(C)C)c2cccc3ccoc23)cc(OC(C)C)n1,-3.0
Cc1nc(C2CCN(C(=O)[C@@H]3C[C@@](C)(N)C[C@H]3c3ccc(F)cc3F)CC2)n(-c2ccc(Cl)c(C)c2)n1,-1.113938140804323
O=C(CC1CC1CCc1ccccc1)N[C@H]1CC[C@H](O)CC1,-0.9590378745500372
COc1cc2ccc(Br)cc2cc1[C@@H](c1ccnc(OC)c1OC)[C@@](O)(CCN(C)C)c1ccnc2c1OCCO2,-2.8539960661891137
O=C(O)c1ccc(-c2ccc(O[C@H]3O[C@H](CO)[C@@H](O)[C@H](O)[C@@H]3O)cc2)cc1,-0.567463616735744
Cn1ncn(-c2ccc(C(=O)N[C@@H]3CCN(c4ncc(Cl)c5c(N)noc45)C3)c(Cl)c2)c1=O,-1.7699600188420606
CC(=O)Nc1ccc2c(c1)c(-c1cc(NC3CC3)n3ncc(C#N)c3n1)cn2CCCO,-1.889811102843363
Cc1nn(-c2ccc3c(c2)CNC3)c(C)c1-c1ccc(F)cc1,-1.2928558116575553
C[C@@H](Oc1nc(-c2cnn(C)c2)cc2ncsc12)[C@H]1CNC(=O)C1,-0.6972362915270183
NCCNc1nonc1/C(=N/O)Nc1ccc(F)c(Br)c1,-1.208035810570897
COCCOc1nc(N)c2[nH]c(=O)n(Cc3ccccc3)c2n1,-0.9747150305384598
Cc1ncn(-c2ccc(C(=O)N[C@@H]3CCN(c4ncc(Cl)c5c(N)noc45)C3)c(Cl)c2)n1,-2.5231683714877318
CC(C)OCC1(C(=O)c2ccc(N)c(Cl)c2)CCCN1,-0.4082566425401595
COc1ncc(-c2cc(OC3CCOCC3)c3nc(N)nc(C)c3c2)cc1NS(=O)(=O)c1ccc(F)cc1F,-1.364940701899509
COc1cc2c(Nc3ncc(CC(O)=Nc4cccc(F)c4)s3)ncnc2cc1OCCCN1CCC(CO)CC1,-1.678194516142461
CN[C@@H](C)C(=O)N[C@H](C(=O)N[C@H]1CCCN(CCc2ccc(F)cc2)C1)C1CCCCC1,-0.5732714830874036
CN(C(=O)C(=O)N1CCCCC1)c1nc(C(=O)NCc2ccc(F)cc2)c(O)c2ncccc12,-1.6386877748976718
COC(=O)c1ccc(-c2ccc(Cl)c(O[C@H]3O[C@H](CO)[C@@H](O)[C@H](O)[C@@H]3O)c2)cc1,-1.3876400520322256
C[C@]1(O)CC[C@H]2[C@@H]3CCC4=CC(=O)CC[C@]4(C)[C@@]3(F)[C@@H](O)C[C@@]21C,-1.678194516142461
CN[C@@H](C)C(=O)N[C@H]1CCC[C@H]2C[C@H]3CCN(CCc4ccccc4C)C[C@H]3N2C1=O,-0.3182885315981927
CCOC(=O)N1CCC(=C2c3ccc(Cl)cc3CCc3cccnc32)CC1,-1.6007434707494457
CCC1(c2ccccc2)C(=O)NC(=O)N(C)C1=O,-0.3005959181846626
CN1C[C@H](O)C[C@H]1c1nc(C(=O)NCc2ccc(F)cc2)c(O)c(=O)n1C,-0.5517266447926501
CC(C)(O)[C@H]1CC[C@H](NC(=O)c2cnc3nc(N4CCC4)ccc3c2)CC1,-0.6972362915270183
COc1cc([C@@H]2c3cc4c(cc3[C@@H](O[C@@H]3O[C@@H]5CO[C@@H](c6cccs6)O[C@H]5[C@H](O)[C@H]3O)[C@H]3COC(=O)[C@H]23)OCO4)cc(OC)c1O,-1.2150975501133452
C=C(C)[C@@H]1CC[C@]2(NCC[C@]3(O)CC[C@](C)(O)CC3)CC[C@]3(C)[C@H](CC[C@@H]4[C@@]5(C)CC=C(C6=CC[C@](CF)(C(=O)O)CC6)C(C)(C)[C@@H]5CC[C@]43C)[C@@H]12,-0.9551076165256404
O=C(N[C@H]1CC[C@H](O)CC1)C1CCC(CCCc2ccccc2)C1,-2.07096444445794
COC[C@@H](C)c1c(NC(=O)Nc2cnc(-n3nccn3)c(Cl)c2)cnc2cc(Cl)nn12,-1.7962873593922926
OC[C@@H]1[C@@H](O)[C@H](O)[C@@H](O)CN1CCCCCCOc1cc(F)ccc1F,-0.5837923388097694
CC(C)OC(=O)CCC/C=C\C[C@@H]1[C@@H](/C=C/[C@@H](O)COc2cccc(C(F)(F)F)c2)[C@H](O)C[C@@H]1O,-0.6972362915270183
Clc1nc(NCc2ccco2)c2[nH]cnc2n1,-0.0599175282990633
Cc1cc(Cn2c(=O)c(C3=CS(=O)(=O)c4cc(NS(C)(=O)=O)ccc4N3)c(O)c3cc(F)ccc32)ccc1F,-2.5231683714877318
CCN=C(O)Nc1cc(-c2nc(C(F)(F)F)cs2)c(-c2cncc(-c3nnc(C)o3)c2)cn1,-0.9551076165256404
Cc1cn(-c2c(Cl)cccc2Cl)c(=O)c2cnc(Nc3ccc(N4CCN(C)CC4)cc3)nc12,-1.5532609546660656
CC(C)CN(C[C@@H](O)[C@H](Cc1ccccc1)NC(=O)O[C@H]1CO[C@H]2OCC[C@H]21)S(=O)(=O)c1ccc(N)cc1,-1.274433082860157
Cc1nc[nH]c1CN1CCc2c(c3ccccc3n2C)C1=O,-0.7427535350926288
CCC(NC(=O)c1ccc(Cl)cc1)[C@H]1[C@@H]2C[C@@H](n3cnc4c(F)cccc43)C[C@@H]21,-1.9590023075765075
CC(C)Cc1ccc([C@@H](C)C(=O)NS(C)(=O)=O)cc1,-2.699187205881913
O=C(CSc1nccn(-c2ccc(F)c(F)c2)c1=O)NC1CCCC1,-0.5515721196406536
CC(C)(C)c1ccc(Nc2nccc(-c3cnn4ncccc34)n2)cc1,-3.0
O=C1Nc2ccccc2B(O)N1c1ccccc1,-0.7439548970669356
COC(=O)[C@H](c1ccccc1Cl)N1CCc2sccc2C1,-1.678194516142461
COCCCOc1cc(C[C@@H](C[C@H](N)[C@@H](O)C[C@H](C(=O)NCC(C)(C)C(N)=O)C(C)C)C(C)C)ccc1OC,-0.2941426995913934
Cc1c(Cn2c(C)nc(=O)c3sc(N4CCOCC4)nc32)cccc1C(F)(F)F,-0.8605522751725317
CN/C(=C\[N+](=O)[O-])NCCSCc1csc(CN(C)C)n1,-0.1868528554195325
CCc1nc2cc(O)ccc2c(Oc2ccc(/C=C/C(=O)O)cc2)c1-c1ccccc1,-2.1808247131643537
COC(=O)CC[C@@H]1N=C(c2ccccn2)c2cc(Br)ccc2-n2c(C)cnc21,-0.9928958213748168
CO[C@H]1CN(c2nc(C(C)=O)c(C(=O)O)s2)CC[C@H]1NC(=O)c1[nH]c(C)c(Cl)c1Cl,-1.6993827801934176
CS(=O)(=O)c1ccc2nc(N3CCN(C(=O)[C@@H]4CCCC[C@H]4C(=O)NC4(C#N)CC4)CC3)sc2c1,-0.3761513833286242
CC(=O)Oc1ccccc1C(=O)O,-0.6229443056377223
NC1=NS(=O)(=O)c2ccccc21,-0.3182885315981927
O=c1[nH]c([C@@H]2CCCN2)nc2c1oc1ccc(Br)cc12,-1.2844228080425482
C[C@H]1O[C@@H](n2cnc3c(N)nc(O[C@H]4CC[C@H](C)CC4)nc32)[C@H](O)[C@@H]1O,-0.567463616735744
CC(C)(N)C(=O)N[C@H](COCc1ccc(F)cc1F)C(=O)N1CCC2=NN(CC(F)(F)F)C(=O)[C@]2(Cc2ccccn2)C1,-0.5954281358682575
CCNC(=O)C[C@@H]1N=C(c2ccc(Cl)cc2)c2ccccc2-c2c(C)noc21,-1.678194516142461
Cc1cc(C(C)Nc2ccccc2)c2nc(N3CCOCC3)cc(=O)n2c1,-1.266427204475544
CC(F)(F)CN1Cc2cc(C(F)(F)F)ncc2C2=CN=C(NCc3c(F)ccc4c3CCO4)N3C=NC(C1=O)C23,-1.9590023075765075
CC(=O)c1ccc(S(=O)(=O)NC(=O)NC2CCCCC2)cc1,-0.8360786784024514
CC1=C2C[C@H]3[C@@H](CC=C4C[C@@H](O)CC[C@@]43C)[C@@H]2CC[C@]12O[C@@H]1C[C@H](C)CN[C@H]1[C@H]2C,-1.1641040589529887
CS(=O)(=O)Cc1nc2c(Br)cc(Cl)cn2c1[N+](=O)[O-],-0.6349446530543542
CCNC(=O)c1cc2c(-n3ccc(C(F)(F)F)n3)c(-c3cncc(C(=O)NC)c3)cnc2[nH]1,-0.8269539526419364
COc1ccc2ncc(=O)n(CCN3CC[C@H](NCc4cc5c(cn4)OCCO5)[C@@H](F)C3)c2c1,-1.041388342235121
CC(C)[N+]1(C)[C@@H]2CC[C@H]1C[C@@H](OC(=O)C(CO)c1ccccc1)C2,-0.0199761647604871
CN(C(=O)C(=O)N1CCCC1)c1nc(C(=O)NCc2ccc(F)cc2)c(O)c2ncccc12,-1.4689428087667111
O=C1COCCN1c1ccc(C2CC(c3ccc([N+](=O)[O-])o3)=NO2)cc1F,-0.5335654077049985
C/C(O)=C(\C#N)C(=O)Nc1ccc(C(F)(F)F)cc1,-2.3310245514164025
CCCCC1(C)C(=O)N(c2ccccc2)N(c2ccccc2)C1=O,-0.593041905822427
CC(=O)Nc1cc(Nc2cc(NC3COC3)n3ncc(C#N)c3n2)ccc1Cl,-0.9176455486690313
OC1=Nc2ccc(Cl)cc2[C@@](C#CC2CC2)(C(F)(F)F)O1,-2.5231683714877318
Cc1cc(C#N)cc(C)c1Oc1nc(Nc2ccc(C#N)cc2)nc(N)c1Br,-2.3608483254149406
CC(C)(C)C(=O)N1CCC(CN2CCC(NC(=O)Nc3cc(C(F)(F)F)cc(C(F)(F)F)c3)CC2)CC1,-1.9590023075765075
CCn1nccc1Oc1cc(C[C@H]2C[C@](C)(O)C2)cnc1NC(=O)NC,-0.3559949365267739
C[C@H](CS)C(=O)N1CCC[C@H]1C(=O)O,-0.1432522342240247
O=C(O)c1ccccc1-c1c2ccc(=O)cc-2oc2cc(O)ccc12,-0.7196263061248698
O=C(O)c1cn(Cc2ccc(-c3ccc4[nH]ccc4c3)cn2)c2c(F)cccc2c1=O,-2.5231683714877318
O=C(NC1CCN(CCc2c[nH]c3ccccc23)CC1)c1ccccc1,-0.7427535350926288
CCCC(C)(COC(N)=O)COC(=O)NC(C)C,-0.3559949365267739
Cc1nc2sc(C(=O)NC3CC3)c(N)c2c(C)c1Cl,-1.92121703980304
CCCCCCCCCCCCCCCC(=O)O[C@@H]1CCCn2c1nc(C)c(CCN1CCC(c3noc4cc(F)ccc34)CC1)c2=O,-0.5837923388097694
COc1ccccc1CCNCc1cccc(CCNC[C@H](O)c2ccc(O)c3[nH]c(=O)sc23)c1,-1.219390375709032
Cn1c(Nc2c(F)cccc2Cl)nc2cc(C(=O)Nc3ccc(C(F)(F)F)cn3)c3c(c21)CC(C)(C)O3,-2.6023206462213824
O=C(O[C@@H]1COc2nc([N+](=O)[O-])cn2C1)N1CCN(c2ccc(OC(F)(F)F)cc2)CC1,-1.041388342235121
CC[C@]1(O)C[C@H]2C[N@](CCc3c([nH]c4ccccc34)[C@@](C(=O)OC)(c3cc4c(cc3OC)N(C)[C@H]3[C@@](O)(C(=O)OC)[C@H](OC(C)=O)[C@]5(CC)C=CCN6CC[C@]43[C@@H]65)C2)C1,-0.7936059355691265
Cc1c(CN2CCN(S(C)(=O)=O)CC2)sc2c(N3CCOCC3)nc(-c3cnc(N)nc3)nc12,-0.636820649941314
COC[C@@H](C1CC1)n1cc(Cl)nc(Nc2cc(C)c(OC(F)F)nc2C)c1=O,-2.04614370177502
Cc1cn([C@H]2CCCN(S(=O)(=O)c3ccc(O)c(Oc4cccc(C(F)(F)F)c4)c3)C2)c(=O)[nH]c1=O,-1.8272190678846332
C=C(C)[C@@H]1CCC(C)=C[C@H]1c1c(O)cc(CCCCC)cc1O,-1.1789144264170672
Cc1oc(=O)oc1COC(=O)N1CC[C@@H](N2CC/C(=C\C3=C(C(=O)O)N4C(=O)[C@@H](NC(=O)/C(=N/O)c5nsc(N)n5)[C@H]4SC3)C2=O)C1,-0.0756379990570182
Oc1cccc(-c2c3nc(c(-c4cccc(O)c4)c4ccc([nH]4)c(-c4cccc(O)c4)c4nc(c(-c5cccc(O)c5)c5[nH]c2CC5)C=C4)C=C3)c1,-0.8512123159436876
Nc1nc(=O)c2c(CCc3ccc(C(=O)N[C@@H](CCC(=O)O)C(=O)O)cc3)c[nH]c2[nH]1,-0.7152576560590885
CNc1ncc2cc(-c3cc(C(=O)Nc4cccc(C(F)(F)F)c4)ccc3C)ccc2n1,-1.4093587579877196
O=[N+]([O-])c1cn2c(n1)OC[C@@H](OCc1ccc(OC(F)(F)F)cc1)C2,-1.2026754574303824
Nc1ncnc2c1C(=O)N(c1ccc(-c3ccc(CC(=O)N4CCNC(=O)C4)cc3Cl)cc1)CCO2,-0.518990448524211
CN(C)CCCN1c2ccccc2Sc2ccc(Cl)cc21,-1.3457671286772708
Oc1ccc2cc(CNCCc3ccc(Br)cc3)c(-c3ccsc3)nc2c1,-2.6023206462213824
CCOc1ncc(C)c2c1[C@H](c1ccc(C#N)cc1OC)C(C(N)=O)=C(C)N2,-0.7902203609267715
CCc1c(CCCC(=O)O)cccc1-c1nsc(-c2ccc(OC(C)C)c(C(F)(F)F)c2)n1,-2.943148486348819
Cc1ccc2c(=O)n(-c3ccc4c(cnn4C)c3)c(CCN3C(=O)c4ccccc4C3=O)nc2c1,-1.678194516142461
C/C=C/C1=C(C(=O)O)N2C(=O)[C@@H](NC(=O)[C@H](N)c3ccc(O)cc3)[C@H]2SC1,-0.2098742167932967
CC(=O)N1CCN(c2ccc(OCC3COC(Cn4ccnc4)(c4ccc(Cl)cc4Cl)O3)cc2)CC1,-0.9115510129437916
C[C@H]1CC[C@H](Cn2c(N3CCO[C@@H]4CCC[C@H]43)nc3cc(-c4noc(=O)[nH]4)nc(-c4cncc(Cl)c4)c32)CC1,-2.04614370177502
O=P(c1ccccc1)(c1ccccc1)N(Cc1ccccn1)c1cccnc1,-1.6130268690297946
NC(=O)c1cc2c(Oc3ccc(OC(F)(F)F)cc3)cncc2s1,-1.6579920709826637
CCOc1nc2nc(C)cc(Nc3ccc(S(F)(F)(F)(F)F)cc3)n2n1,-1.6202051567230198
O=C(C[N+]12CCC(CC1)[C@@H](OC(=O)C1(C3=CC=CC3)CCCCCC1)C2)Nc1ccccc1,-2.1552743720267773
CCOc1ccc(F)cc1NC(=O)c1cc(F)ccc1NS(=O)(=O)CC,-0.0006512783734152
COCC[C@H](CC1(C(=O)NCCCc2ccc(F)cc2)CCCC1)C(=O)O,-0.9035210209461976
Cn1nncc1-c1cnn([C@H](CCOC(F)F)c2ccc(-c3c(-n4cc(C(F)(F)F)nn4)ccc(Cl)c3F)c[n+]2[O-])c1,-1.721658030939094
N#CC1(c2ccccc2)CCN(Cc2cc(C(=O)N[C@H]3CCCC[C@@H]3O)c(=O)n3ccccc23)CC1,-0.8272453257258323
Oc1ccc2c(c1)[C@@]13CCCC[C@@]1(O)[C@@H](C2)N(CC1CCC1)CC3,-0.7037671259159601
Cn1cc(-c2ccc(N3CCC([C@H]4c5c(F)cccc5-c5cncn54)CC3)cc2)cn1,-2.3982658517398923
CC(C)(C)c1cc(C(=O)Nc2nc(CN)cs2)n(Cc2ccccc2)n1,-1.2150975501133452
N#CC1(NC(=O)[C@@H]2CCCC[C@H]2C(=O)N2CCN(c3nc4cnccc4s3)CC2)CC1,-0.4551261567651986
CC[C@H]1OC(=O)[C@H](C)[C@@H](O[C@H]2C[C@@](C)(OC)[C@@H](O)[C@H](C)O2)[C@H](C)[C@@H](O[C@@H]2O[C@H](C)C[C@H](N(C)C)[C@H]2O)[C@](C)(O)C[C@@H](C)/C(=N\OCOCCOC)[C@H](C)[C@@H](O)[C@]1(C)O,-1.2928558116575553
COc1cc(C)c(/C=C/C(C)=C/C=C/C(C)=C/C(=O)O)c(C)c1C,-2.699187205881913
Cc1ccc(NS(C)(=O)=O)c(C(=O)N2CCCC[C@H]2c2cc3[nH]c(C)c(C)c(=O)n3n2)c1,-0.7936059355691265
CNc1nc(C)c(-c2nc(Nc3cccc(N4CCCN(C(C)=O)CC4)c3)ncc2C#N)s1,-1.7239497066643057
CN(C)Cc1ccccc1-c1ccc(NC(=O)Nc2cccnc2Oc2ccccc2C(C)(C)C)c(F)c1,-2.6023206462213824
CCCCC(C)(O)C/C=C/[C@H]1C(O)CC(=O)[C@@H]1CCCCCCC(=O)OC,-0.9000605164383257
O=C1COC2(CCN(S(=O)(=O)c3ccc(-c4ccc5cnccc5c4)cc3)CC2)CN1C1CC1,-2.553121247745479
COc1ccc(-c2nc(N3CCOCC3)nc(O)c2C#N)cc1,-1.1828625253816742
CN(C)CC/C=C1/c2ccccc2COc2ccc(CC(=O)O)cc21,-0.4525232637674024
COCCOc1cc(NC(=O)N2CCCc3cc(CO)c(C=O)nc32)ncc1C#N,-1.678194516142461
CC(C)(C)c1nc2c(s1)CCc1nc(NC(=O)N3CCC[C@@]3(C)C(N)=O)sc1-2,-1.0866153578469149
O=C(O)C1CN(Cc2ccc(-c3noc(-c4onc(-c5ccccn5)c4C(F)(F)F)n3)cc2)C1,-2.2222108125651343
CC(=O)N(C)c1cccnc1Nc1nc(-c2ccc(OC(C)C)cn2)ns1,-1.027302033420102
O=C1NC(c2ccccc2)(c2ccccc2)C(=O)N1COP(=O)(O)O,-0.8797585958491082
O=C(O)c1cn(Cc2ccccc2)c2cc(N3CCNCC3)c(F)cc2c1=O,-0.5233118079594025
CCN=C(O)Nc1cc(-c2nc(C(F)(F)F)cs2)c(-c2cncc(C#N)c2)cn1,-1.2222760159639607
O=C(NCC12CC3CC(CC(C3)C1)C2)c1cc(O[C@@H]2CCCNC2)ccc1Cl,-1.2569169000188067
CN[C@@H](C)C(=O)N[C@H]1CCC[C@H]2C[C@H]3CCN(C(=O)Nc4ccccc4)C[C@H]3N2C1=O,-0.2073422115509629
Nc1ccc(S(=O)(=O)Nc2ncccn2)cc1,-0.3005959181846626
CCOC(=O)c1ccc(-n2c(/C=C3\OC(=O)c4c3cc(C)[nH]c4=O)ccc2CO)cc1,-0.9654012191730896
CN1CCN(c2ncc(-c3ccc4c(NCCN5CCCC5)ccnc4c3)cn2)CC1,-3.0
C[C@@H]1CC[C@@H](Oc2ccnc3c(F)cccc23)CN1C(=O)c1ccccc1-n1nccn1,-1.516120419244366
CCCN(CCc1cccs1)[C@H]1CCc2c(O)cccc2C1,-1.052554955232866
COc1cc2nc(N3CCN(C(=O)C4COc5ccccc5O4)CC3)nc(N)c2cc1OC,-1.7761345597572458
O=S(=O)(c1ccc2ccccc2c1)N1CCN(c2ncc(C(F)(F)F)cc2Cl)CC1,-0.9961088337630896
O[C@@H](CN1[C@@H]2CC[C@H]1C/C(=C\c1ccc(F)cc1)C2)c1ccccc1,-1.2928558116575553
COc1ccccc1N1CCN(CCCNc2cc(=O)n(C)c(=O)n2C)CC1,-0.6972362915270183
CC(C)(O)[C@H]1CC[C@H](NC(=O)c2cnc3nc(N4CCC4)ncc3c2)CC1,-0.3367326433719202
COCC1=C(C(=O)O)N2C(=O)[C@@H](N=C(O)/C(=N\OC)c3csc(=N)[nH]3)[C@H]2SC1,-0.1247939959031097
COC[C@H](C)Oc1cc(Oc2cc(F)cc(F)c2)cc(C(=O)Nc2ccc(C(=O)O)cn2)c1,-2.187454278863416
COC(c1ccccc1)(c1ccccc1)[C@H](Oc1nc(C)cc(C)n1)C(=O)O,-1.9101411451516528
CN(C)C[C@@]1(C(N)=O)CCCN1C(=O)Nc1nc2c(s1)-c1nc(C(C)(C)C)ncc1CC2,-0.6700187069846664
C[C@@](C(=O)O[C@H]1C[N+]2(CCCOc3ccc(F)cc3)CCC1CC2)(c1cccs1)N1CCCCC1,-1.6993827801934176
CCC(O)(CC)CCCCCCN1C[C@H](O)[C@@H](O)[C@H](O)[C@H]1CO,-0.1737113437229289
CCn1c(=O)c(-c2cc(NC(=O)Nc3ccccc3)c(F)cc2Br)cc2cnc(NC)cc21,-2.7330278581594007
NCc1cc(-c2cccc(C(=O)Nc3ccccc3CC(=O)O)c2)ccc1Cl,-1.6579920709826637
COc1cc(Nc2c(C#N)cnc3cc(OCCCN4CCN(C)CC4)c(OC)cc23)c(Cl)cc1Cl,-1.207196066557347
NC(=O)OCC(COC(N)=O)c1ccccc1,-0.1162051746101773
Cc1nc(C)c(-c2ccc(-c3ccc(CC(=O)O)cc3Cl)c(Cl)c2)nc1C(N)=O,-2.3982658517398923
O=S(=O)(Nc1nnc2cc(OCC34CC5CC(CC(C5)C3)C4)c(C3CC3)cn12)C1CC1,-2.699187205881913
c1cnc(Nc2ccnc3cc(-c4cnc(N5CCCCCC5)nc4)ccc23)cn1,-1.9590023075765075
COCCOc1ccc(N(Cc2cnccc2C)C2CCN([C@H](C)CCNC(=O)c3c(C)cc(F)nc3C)CC2)cc1,-0.7193988684630864
CN(CC(=O)O)NC(=O)C[C@H](N)C[C@@H](O)CN,-0.0585748882451431
Cc1cc(NC2CCc3ccc(Br)cc3C2)n2nc(C(C)(F)F)nc2n1,-1.4206394750654865
Cc1cc(Nc2nc(N[C@@H](C)c3ccc(F)cc3)ncc2Cl)n[nH]1,-2.000391041028584
N=c1nc(O)c2ncn(CCC(CO)CO)c2[nH]1,-0.045709238298873
CCOC(=O)C1=C(C)N/C(=C/c2cc(C)n(-c3ccc(CN(C)C)cc3)c2C)C1=O,-1.1942477451993276
NC(=O)c1cccc(-c2cnc(NC[C@]3(c4ncccc4F)C[C@H](F)C3)nc2)c1,-0.1424986441018711
CC(C)n1cnc2c(NCc3ccc(-c4ccccn4)cc3)nc(NC[C@@H](O)CO)nc21,-1.2600639181842257
C=C[C@H]1C[N@@]2CC[C@H]1C[C@@H]2[C@@H](O)c1ccnc2ccc(OC)cc12,-0.4859119927532919
C=CC(=O)Nc1cc(Nc2nccc(-c3cn(C)c4ccccc34)n2)c(OC)cc1N(C)CCNC,-1.3983636523517635
COc1ccc(-c2ccccc2N2CCN(C[C@@H](O)COc3cnccn3)CC2)cc1,-1.7962873593922926
Cn1cc(C(=O)[C@@H]2CCc3nc[nH]c3C2)c2ccccc21,-0.7059660788707668
Cc1cn([C@H]2CCCN(Cc3ccc(C(=O)O)c(Oc4cccc(Cl)c4)c3)C2)c(=O)[nH]c1=O,-1.556374078396063
O=C(Nc1nc2ccc(Cl)cc2s1)c1c(O)c2cccc3c2n(c1=O)CC3,-2.1552743720267773
CN1CCN(C(=O)c2cc(Cc3n[nH]c(=O)c4ccccc34)ccc2F)CC1,-0.5372868785641498
Cc1cccc([C@@H]2CN(C3CCOCC3)C(=O)N2C2CCN(Cc3ccc(Oc4ccc(C(=O)O)cc4)nc3C)CC2)c1,-1.3569719551908734
CC(C)c1cnn2c(NCc3ccccc3)cc(N[C@@H](CO)[C@H](O)CO)nc12,-1.236999022944533
CCN1CCCC1CN=C(O)c1cc(S(N)(=O)=O)ccc1OC,-0.1802323946047437
CCCC(C)C1(CC)C(O)=NC(=O)N=C1O,-0.3462570059742641
CC(C)(C)OC(=O)NCCNc1ncc(-c2ccc3c(Nc4cnccn4)ccnc3c2)cn1,-1.3876400520322256
C[C@H]1[C@H](NC(=O)/C(=N\OC(C)(C)C(=O)O)c2csc(N)n2)C(=O)N1C(=O)NS(=O)(=O)N1C[C@@H](NC(=O)[C@@H]2CCCN2C(=O)c2cc(=O)c(O)c[nH]2)CC1=O,-0.5517266447926501
C[N+]1(C)CCC(OC(=O)C(O)(c2ccccc2)C2CCCC2)C1,-0.1936435618799624
CN1CCN2c3ccccc3CC3(C(=O)N(C)C(=O)N(C)C3=O)C2C1,-1.4441199353631946
O=[N+]([O-])c1ccc2c(ccn2-c2ccc(O[C@H]3O[C@H](CO)[C@@H](O)[C@H](O)[C@@H]3O)c(Cl)c2)c1,-1.9590023075765075
CC(C)(C)CN1CCc2c(cccc2Oc2ncccc2NC(=O)Nc2ccc(OC(F)(F)F)cc2)C1,-3.0
CC(C)(C)N=C(O)[C@@H]1CN(Cc2cccnc2)CCN1C[C@@H](O)C[C@@H](Cc1ccccc1)C(O)=N[C@H]1c2ccccc2C[C@H]1O,-0.4082566425401595
N=C(CCSCc1csc(N=C(N)N)n1)NS(N)(=O)=O,-0.0834539381474034
Cc1nc(-c2c(F)cc(Cl)cc2-c2cnc([C@@H](C)NC(=O)[C@@](C)(O)C(F)(F)F)c(F)c2)no1,-1.678194516142461
Cc1ccc(-c2ccc3c(ccc4sc5c(c43)NC[C@@H](C)NC5=O)n2)cn1,-0.8185880637780635
O=C1C(CC[S+](O)c2ccccc2)C(=O)N(c2ccccc2)N1c1ccccc1,-2.102752394955559
CCOC(=O)c1cnc(N2CC(N=C(O)NS(=O)(=O)c3ccccc3)C2)c(Cl)c1,-1.7962873593922926
Cn1cc(-c2ccc(Cn3cc(C(=O)O)c(=O)c4sccc43)nc2)cn1,-0.5532749278302483
c1cncc(Nc2nccc(-c3c(C4CC4)nn4ncccc34)n2)c1,-1.678194516142461
CN1CCc2c(cccc2C(=O)NCC2(N3CCN(c4ccccc4)CC3)CCCCC2)C1,-0.780323804891189
CN1CCN(c2ccc3nc(Nc4ccc(Br)cn4)[nH]c3c2)CC1,-0.935972774897656
CCn1cc([C@@]2(c3nn(C)c(=O)o3)N[C@@H](c3nc(-c4ccc(F)cn4)c[nH]3)Cc3c2[nH]c2ccccc32)cn1,-1.0047949259945153
CCS(=O)(=O)c1ccc(CNc2nc3cnc(-c4c(OC)ncnc4C4CC4)nc3n(C(C)C)c2=O)nc1,-1.2928558116575553
COc1nc(C)ccc1-c1cnc2sc(N3CCC(O)(CN)CC3)nn12,-1.013658295786453
O=C1c2ccc(COc3cccc(F)c3)nc2CCN1c1ccc(F)cc1,-1.824314271737916
C[C@@H](Oc1c(N)ncc2c(C3=CCN(C(N)=O)CC3)coc12)c1c(Cl)ccc(F)c1Cl,-1.6993827801934176
Cc1cccc(NC(=O)c2cc(Oc3cncc(F)c3)cc(C)n2)n1,-1.7699600188420606
Nc1nc2c(c(N3CCNCC3)n1)CCCc1ccc(F)cc1-2,-0.4082566425401595
FC(F)(F)c1c(N2CCC(c3ccccc3)CC2)ccn2c(CC3CC3)nnc12,-2.537886633116444
COc1ccc(CN2C3CC2CN(c2ccc(-c4cc(OCC(C)(C)O)cn5ncc(C#N)c45)cn2)C3)cn1,-1.452401508741337
CCNC(=O)Nc1nc2cc(-c3cncc(F)c3)c(=O)n(C(C)C)c2s1,-0.9961088337630896
CN(C)CCC=C1c2ccccc2CCc2ccccc21,-0.6533563607272961
Cc1ccc(-c2cc(-c3ccc(S(C)(=O)=O)cc3)cnc2N)cc1C(F)(F)F,-1.4952709483787436
CNS(=O)(=O)Cc1ccc2[nH]cc(CCN(C)C)c2c1,-0.0834539381474034
CN(C)CC[C@@H](c1ccccc1)n1cc(NC(=O)c2n[nH]c3cc(-c4cn[nH]c4)ccc23)cn1,-1.5090587946432126
O=C(Nc1ccc(Cl)nc1)c1ccc(F)c(F)c1,-1.0282270387799053
CC(=O)N1C2C=C(CN3[C@@H]4CC[C@H]3C[C@H](Nc3ccc5cc(OC(F)(F)F)ccc5n3)C4)CC1CCC2,-1.229575131902665
CN(C)c1cccc(-c2ccc(Cn3cc(C(=O)O)c(=O)c4cccc(F)c43)cn2)c1,-1.6386877748976718
CS(=O)(=O)c1ccccc1-c1ccc(Cn2cc(C(=O)O)c(=O)c3cccc(F)c32)nc1,-0.8450954342551825
CS(=O)(=O)n1cc2c(n1)CN([C@H]1CO[C@H](c3cc(F)ccc3F)[C@@H](N)C1)C2,-0.167286761492816
O=C(N[C@H]1CC[C@H](O)CC1)C1CCC(CCc2ccccc2)CC1,-2.2927791030185243
c1cnc2c(NC[C@H]3CCCNC3)nc(N3CCNCC3)cc2n1,-0.5218665718994825
Nc1nc(C(=O)NCc2cccc3cccnc23)c2ccccc2n1,-1.432221038427818
Cc1cc(Nc2cncc(N[C@@H](C)c3ncc(F)cn3)n2)n[nH]1,-1.0639157377361796
CCCOC(C(=O)OC1CCN(C)CC1)(c1ccccc1)c1ccccc1,-1.0534863289094965
O=C(O)c1ccccc1N1CCC(CN2CCC(Oc3ccc(Cl)c(Cl)c3)CC2)CC1,-0.7439548970669356
O=C1c2ccc(OCc3cccc(F)c3)nc2CCN1c1ccc(F)cn1,-1.9590023075765075
COc1cc2ccnc(Oc3ccc(F)cc3)c2cc1OC,-0.0087650612452523
COc1nc(-c2nc3n(n2)CCC[C@H]3c2ccccc2C(F)(F)F)ccc1-n1cnc(C)c1,-1.065931005569042
OC[C@@H]1[C@@H](O)[C@H](O)[C@@H](O)CN1CCCCCCOc1cccc(C(F)(F)F)c1,-1.1491700401514695
Clc1cc(NCc2ccco2)c2nc[nH]c2n1,-0.0599175282990633
CCn1c(C(F)c2cc(C)cc(C#N)c2)c(C(C)C)c(=O)[nH]c1=O,-1.678194516142461
CC(C)(C)CN1CCC(c2ccccc2Oc2ncccc2NC(=O)Nc2ccc(OC(F)(F)F)cc2)CC1,-2.699187205881913
N#Cc1ccc(C(=O)N2CCC3(CC2)N=C(N)c2c(F)ccc(F)c2N3)cn1,-0.8697759449311093
CCOC(C)c1c(NC(=O)Nc2cnc(-n3nccn3)c(Cl)c2)cnc2sc(C)nc12,-0.0109842486882805
Cc1nc(-c2ccc(OCC(C)C)c(C#N)c2)sc1C(=O)O,-1.5768445998464515
C[C@H](c1ccc(F)cc1)N1C(=O)O[C@](Cc2ccccc2)(c2nc3cc(C(F)(F)F)ccc3[nH]2)C1=O,-2.5231683714877318
CCCc1ccc(NS(=O)(=O)Cc2ccccc2)c(=O)n1CC(=O)NCc1ccc(N)nc1C,-0.9176455486690313
CCS(=O)(=O)N1CCC([C@@H](C)n2c(C)c(C(=O)NCc3c(C)cc(C)[nH]c3=O)c3ccccc32)CC1,-1.2928558116575553
CCOC(=O)C1=C[C@@H](OC(CC)CC)[C@H](NC(C)=O)[C@@H](N/C(N)=N\O)C1,-0.2038594841085344
O=[N+]([O-])c1ccc2c(c1)C(c1ccccc1)=NCC(O)=N2,-0.8831598975873358
O=C(NCc1ccc(S(=O)(=O)c2ccc(N3CCOCC3)nc2)cc1)c1cc2ccncc2o1,-2.2222108125651343
O=c1cc(-c2ccnc(NC3CCOCC3)n2)ccn1[C@H](CO)c1ccc(Cl)c(F)c1,-1.4594671928349403
CN1C(=O)CC(=O)N(c2ccccc2)c2cc(Cl)ccc21,-0.7587859416380051
C[C@H]1CCN1c1ccc2cc(C(=O)N[C@H]3CC[C@H](C(C)(C)O)CC3)cnc2n1,-0.6560402709928592
CCCN1CC[C@H](NC(=O)c2cc(-c3ccc(F)cc3F)on2)[C@@H](C(=O)NC2(c3ncccn3)CC2)C1,-0.6540795790881043
NC(=O)c1cc(-c2ccnc(N)n2)[nH]c1-c1ccc2sccc2c1,-0.636820649941314
Fc1ccccc1C1=NCC(=S)N(CC(F)(F)F)c2ccc(Cl)cc21,-1.2928558116575553
C[C@@]1(c2cc(F)cc(F)c2)CNC2(CCCC2)C(=O)N1CC(=O)Nc1cnc2c(c1)C[C@@]1(C2)C(=O)Nc2ncccc21,-0.4551261567651986
C[C@H]1CNCCc2ccc(Cl)cc21,-0.5218665718994825
O=C(O)COc1ccc(Cl)cc1CN1CCN(S(=O)(=O)Cc2ccccc2)CC1,-2.113887331931907
CC(N)[C@]12C[C@H]3C[C@H](C[C@H](C3)C1)C2,-0.2215593164287672
Cc1c(Cc2ccc(C(F)(F)F)nc2)c[nH]c1C(=O)N1CC(F)(F)C1,-0.5990322458799829
CCCCN=C(O)NS(=O)(=O)c1ccc(C)cc1,-1.2928558116575553
Nc1nc(=O)c2ncn(CCC(CO)CO)c2[nH]1,-0.0268444263605972
COCc1nc(N2CC[C@@H](NC(=O)c3[nH]c(C)c(Cl)c3Cl)[C@@H](OC)C2)sc1C(=O)O,-1.4563540467667528
[2H]C([2H])([2H])N(C(=O)c1c(F)cccc1Cl)c1ccc(-c2cc(NC(C)=O)nn2C(C)C)cc1OCC(C)C,-2.3982658517398923
O=C1NC(=O)C(c2cnc3ccccn23)=C1c1cn2c3c(cccc13)CN(C(=O)N1CCOCC1)CC2,-0.8441852876872613
COc1cccc(-c2cc3c(N[C@H]4CCCNC4)ncc(C(N)=O)c3s2)c1,-1.3501172632652665
C=C1/C(=C\C=C2/CCC[C@]3(C)[C@@H]([C@H](C)CCCC(C)(C)O)CC[C@@H]23)C[C@@H](O)C[C@@H]1O,-2.699187205881913
Cc1cc(Nc2ccc(S(F)(F)(F)(F)F)cc2)n2nc(C(C)(F)F)nc2n1,-1.1175060288005652
CCc1nc2c(N)nc3ccccc3c2n1CC(C)C,-0.9303929453589486
CN1CCN(c2ccc(Nc3ccc4c(Nc5cnccn5)ccnc4c3)cc2)CC1,-0.5365400288758649
Cc1cn(Cc2ccc(Cl)cc2Cl)c2c(-c3nnc(NS(=O)(=O)c4cc(Cl)c(Cl)s4)o3)cc(F)cc12,-2.5231683714877318
O=c1[nH]cnc2c(-n3cc(CCN4CCC5(CCc6ccccc65)CC4)cn3)nccc12,-0.9551076165256404
CC(C)(C)NC(=O)[C@H]1CC[C@H]2[C@@H]3CC[C@H]4NC(=O)C=C[C@]4(C)[C@H]3CC[C@]12C,-0.9961088337630896
COc1cc(C(=O)Nc2ccc(NC(=O)C3CCCCN3)cc2)cc(-c2c[nH]c(=O)[nH]c2=O)c1,-0.4027382280488547
CC(C)C(NC(=O)c1cc(Cl)ccc1C(F)(F)F)C(=O)c1ccc([N+](=O)[O-])cc1,-1.889811102843363
COc1ccc(C#Cc2ccc(C(=O)N3CCC[C@@H](O)C3)c(F)c2)cc1,-0.7270373413275196
Cc1ccc(-n2nc(C(C)(C)C)cc2NC(=O)Nc2ccc(-c3nncn3C)cc2)cc1,-1.678194516142461
Cc1nc(C)c(-c2ccc(C34CCC(C(=O)O)(CC3)CC4)cc2)nc1C(N)=O,-2.1552743720267773
COc1ccc2c(c1)c(-c1ccnc3cc(Cl)ccc13)c(C)n2CC(=O)O,-2.3950216057744917
CN(C)c1ccc2nc3ccc(N(C)C)cc3[s+]c2c1,-1.2858449154173504
C[C@@H](Cn1ncnn1)Nc1ncc2cc(Oc3ccc(F)cc3F)c(=O)n(C)c2n1,-0.0145587053654315
Cc1noc2c1-c1sc(C)c(C)c1C(c1ccccc1)=N[C@H]2CC(N)=O,-1.721658030939094
CCNC(=O)CC1CN(c2ccc(Cl)cc2)c2ccccc2-n2c(C)nnc21,-1.041388342235121
C=C1/C(=C\C=C2/CCC[C@]3(C)[C@@H]([C@H](C)/C=C/[C@H](C)C(C)C)CC[C@@H]23)C[C@@H](O)C[C@@H]1O,-1.3520647317072063
CC(C)Cn1c(=O)n(C)c(=O)c2c(SCCCO)c(Cc3cccc4ccccc34)sc21,-2.699187205881913
CO/N=C(\C(=O)N[C@@H]1C(=O)N2C(C(=O)O)=C(C[n+]3cccc4c3CCC4)CS[C@H]12)c1csc(N)n1,-0.045709238298873
COc1c(-c2ccc3cc(NS(C)(=O)=O)ccc3c2)cc(-n2ccc(=O)[nH]c2=O)cc1C(C)(C)C,-2.2222108125651343
CCCN(CCC)CCc1cccc2c1CC(=O)N2,-0.1735495654256058
C=CC(=O)Nc1cc(Nc2ncc(C)c(-c3cn(C)c4ccccc34)n2)c(OC)cc1N(C)CCN(C)C,-1.1196151994096977
Cc1nc2c(-c3ccc(S(C)(=O)=O)cc3)cnn2c(NCc2ccccn2)c1C,-2.5231683714877318
CN(CCOc1ccc(CC2SC(=O)NC2=O)cc1)c1ccccn1,-2.495148701819465
CN(C)Cc1nccn1-c1ccc(N2CCC(NS(=O)(=O)CCc3ccc(Cl)s3)C2=O)c(F)c1,-1.174353220625973
NC(=O)c1nn(CC(=O)N2[C@@H]3C[C@@H]3C[C@H]2C(=O)Nc2cccc(Br)n2)c2ccccc12,-1.091944125901233
CCn1c(CO)nn(-c2cc(O[C@@H](C)C(F)(F)F)c(C(=O)Nc3c(F)cccc3Cl)cc2F)c1=O,-1.0004301645036642
C[C@@H]1CN2c3c(cc4c(Cl)noc4c3F)CC3(C(O)=NC(=O)N=C3O)[C@H]2[C@H](C)O1,-1.9590023075765075
Cc1cn2nc(-c3cc(=O)n4cc(N5CCN(C)CC5)ccc4n3)cc2c(C)n1,-0.6972362915270183
CC1=C(C(=O)O)N2C(=O)[C@@H](N=C(O)[C@H](N)c3ccc(O)cc3)[C@H]2SC1,-0.4082566425401595
COc1cc(C(=O)N2C[C@H](C)OC[C@@H]2CCO)cc2nc(N[C@H](CF)c3cccc(Cl)c3)oc12,-0.6560402709928592
O=C(O)c1cc2c(Oc3ccc(Cl)cc3)cncc2s1,-2.5231683714877318
Clc1ccc2c(N3CCN(CCCN4CCN(c5ccnc6cc(Cl)ccc56)CC4)CC3)ccnc2c1,-1.5658496253423198
N=C(N)N=C(O)Cc1c(Cl)cccc1Cl,-0.4939281250746494
CNC(=O)c1ccc(F)c2c(C(=O)C(=O)N3CCN(C(=O)c4ccccc4)CC3)c[nH]c12,-1.92121703980304
CC1CN(c2cc(=O)[nH]c(NCc3cccc4ccccc34)n2)CCO1,-1.854275425119336
COc1ncc(F)cc1C(=O)Nc1cccc(-c2nncn2[C@@H](C)C(F)(F)F)n1,-1.6907830346154886
CC(C)S(=O)(=O)N[C@H]1Cc2ccc(-c3ccc(F)nc3)cc2C1,-1.0319468887375929
Cc1cc(O)c(C(=O)N[C@@H](C(=O)N[C@@H]2C(=O)N3C(C(=O)O)=C(CSc4nnnn4C)CS[C@H]23)c2ccc(O)cc2)cn1,-1.1804893616448189
CC(C)(O/N=C(\C(=O)N[C@H]1CN(C(=O)NS(=O)(=O)n2nc(-c3cc(=O)c(O)c[nH]3)n(C[C@@H](O)CO)c2=O)C1=O)c1csc(N)n1)C(=O)O,-1.2150975501133452
CN(C/C=C\CN)C[C@H]1O[C@@H](n2cnc3c(N)ncnc32)[C@@H](F)[C@@H]1O,-0.1685640972447816
O=C(O)c1ccc(OCc2c(-c3c(Cl)cccc3C(F)(F)F)noc2-c2ccc[nH]2)cc1,-2.0972901870301213
CCOc1ccc([C@@H](C)Nc2nc(N3CCN(C(C)=O)CC3)nc3c2CN(C(C)C)C3=O)cc1,-0.5233118079594025
COc1ccc(-c2nc3c(NCCCNC(=O)c4cccnc4)c(Br)cnc3[nH]2)cc1,-1.854275425119336
Cc1ncn(-c2ccc(C(=O)N[C@H]3[C@H]4CC[C@H]3N(c3ncc(Cl)c5cnoc35)C4)c(Cl)c2)n1,-1.3771748708039588
CC(C)(C)NC[C@H](O)c1ccc(O)c(CO)c1,-0.0430662237738514
O=C(C1CCS(=O)(=O)CC1)N1CC[C@@]2(S(=O)(=O)c3ccc(F)cc3)c3ccc(C(F)(C(F)(F)F)C(F)(F)F)cc3CC[C@@H]12,-0.0034848254850896
CCOc1ccccc1NC(=O)c1cc(Cl)ccc1NS(=O)(=O)C1CC1,-0.0004340770450241
CS(=O)(=O)NC(=O)c1cc(Cl)c(OCC23CC4CC(CC(C4)C2)C3)cc1F,-2.699187205881913
Cc1cnc(Nc2cc(N3CCOCC3)nc(N[C@@H](C)c3ccc(F)cn3)n2)s1,-1.5658496253423198
COCc1nn2ncccc2c1-c1ccnc(Nc2cccc(C#N)c2)n1,-1.9590023075765075
CN1CC[C@]23c4c5ccc(O)c4O[C@H]2C(=O)CC[C@H]3[C@H]1C5,-0.086498332156331
Cc1c(F)cccc1C(=O)Nc1cc(Cl)ccn1,-0.547114640993019
Cc1cc(C#Cc2cn(-c3ccc(F)cc3)c(C)n2)ccn1,-1.6024771142816578
C[C@@](C(=O)O[C@H]1C[N+]2(CC(=O)Nc3ccncn3)CCC1CC2)(c1ccccc1)N1CCCCC1,-0.884987095815408
Cc1cn2nc([C@@H]3CCCCN3C(=O)c3cc(Cl)ccc3NS(C)(=O)=O)cc2nc1N1CC[C@@H](C#N)C1,-1.6386877748976718
C[C@@H](Oc1cc2oc(=O)n(CCC(=O)O)c2cc1Cl)c1cccnn1,-0.4381404562802417
CC1c2c(cc(CN3CCC(C#N)(c4ccccn4)CC3)c3ccccc23)C(=O)N1[C@H]1CCCC[C@@H]1O,-1.2150975501133452
O=C(N[C@@H]1COc2cccc(-c3ccc(CO)nc3)c2C1)c1ccc(OCC(F)(F)F)nc1,-1.4160919664808365
CS(=O)(=O)c1cccc(-c2ccc(Cn3cc(C(=O)O)c(=O)c4cccc(F)c43)cn2)c1,-1.1808839894758698
O=C1CCN(C(=O)Nc2ccc(F)c(Cl)c2)C2CCCCC12,-0.9961088337630896
CN1CCNC(=O)COc2ccc(Cl)cc2C(=O)N2CCCC[C@H]2c2cc3nc([C@H]4C[C@H](O)C4)cc1n3n2,-1.027302033420102
C[C@H]1Cn2c(nnc2-c2cnccn2)CN1C(=O)c1cccc(C(F)(F)F)c1Cl,-0.518990448524211
OCc1cc([C@@H](O)CNCCCCCCOCCOCc2c(Cl)cccc2Cl)ccc1O,-1.2150975501133452
O=C(NCCc1ccccc1Cl)c1cc(-n2ncc(=O)[nH]c2=O)ccc1Cl,-1.7573716221289597
CC1(C)[C@H]2CC=C(CN3CCC(Nc4nc(-c5cc(C(F)(F)F)cc(C(F)(F)F)c5)ns4)CC3)[C@@H]1C2,-2.3982658517398923
O=C(NC[C@@H](O)CN1CCC(Oc2ccc(Cl)c(Cl)c2)CC1)c1c[nH]nc1C(F)(F)F,-1.6639547447833418
COc1cc2nccc(Oc3ccc(NC(=O)NC4CC4)c(Cl)c3)c2cc1C(N)=O,-1.6202051567230198
Cc1cc(F)c(N2CCN(c3c(C)n[nH]c3C)CC2)cc1C(=O)O,-0.8831598975873358
CCn1c(C(=O)N(C2CC2)C2CC2)cc2c3c(ncn3C)c(Nc3nc(C)c(C)s3)nc21,-2.000391041028584
CCCCCCCCCCCCCCCCOP(=O)(O)OCC[N+](C)(C)C,-1.6142745351790648
N#CC1=C2C(=NC1=O)c1cccc3c(N4CCSCC4)ccc2c13,-1.8272190678846332
N#Cc1ccccc1-c1ccc(Cn2cc(C(=O)O)c(=O)c3cccc(F)c32)cc1,-2.1552743720267773
Cc1cccc(C)c1OCC(C)N,-0.2949377101421463
CCc1cc(C(SC[C@H](N)C(=O)O)(c2ccccc2)c2ccccc2)ccc1C,-1.7699600188420606
CC(C)COc1ccc(-c2cc(O)nc(N)n2)cc1,-1.4160919664808365
C[C@@H](c1ccc(-c2ccc(F)cc2F)cc1)N1CC[C@](CCO)(c2ccc(F)cc2)OC1=O,-1.9590023075765075
COc1cc2c(cc1O)CCN[C@]21CS[C@@H]2c3c(OC(C)=O)c(C)c4c(c3[C@H](COC1=O)N1[C@@H]2[C@H]2c3c(cc(C)c(OC)c3O)C[C@@H]([C@@H]1O)N2C)OCO4,-1.4604681312386067
O=C(O)[C@@H](Cc1ccccc1)N1CCC(CN2CCC(Oc3ccc(Cl)c(Cl)c3)CC2)CC1,-0.5025363874546337
CCS(=O)(=O)c1ccc(-c2cc(C(F)(F)F)ccc2OCC(=O)O)c(Cl)c1,-1.6130268690297946
Cc1ccc(-c2cn(C)c(C)n2)cc1NC(=O)c1ccc(OCc2ccccn2)cc1,-1.2455436393265766
CC(C)(CO)N=C(O)c1nn(-c2ccc(F)cc2F)c2c1C[C@H]1C[C@@H]21,-1.3876400520322256
N#Cc1cccc(Nc2nccc(-c3c(CO)nn4ncccc34)n2)c1,-1.1491700401514695
COc1ccccc1S(=O)(=O)NC(=O)N1CCC(N2CCC(Oc3ccc(Cl)c(Cl)c3)CC2)CC1,-1.3782101135328222
Cc1c(-c2ccc(N)cc2F)ccc2c3ocnc3c(=O)n(C3CC3)c12,-0.0132148341533588
C#C[C@]1(OC(C)=O)CC[C@H]2[C@@H]3CCC4=CC(=O)CC[C@@H]4[C@H]3CC[C@@]21C,-0.2877839676491524
CO/N=C(\C(=O)N[C@@H]1C(=O)N2C(C(=O)O)=C(CSc3nc(=O)c(O)nn3C)CS[C@H]12)c1csc(N)n1,-0.6284417543291145
CC[C@@H]1C[C@@H]2[C@@H](CC[C@@]3(S(=O)(=O)c4ccc(C(F)(F)F)cc4)c4c(F)ccc(F)c4OC[C@@H]23)NS1(=O)=O,-1.6993827801934176
OC[C@H]1O[C@@H](OCCc2ccc(O)cc2)[C@H](O)[C@@H](O)[C@@H]1O,-0.0587735361547409
CC(c1nnc(-c2cccc(F)c2)o1)N1CC(C)(C)C(Oc2ccc(C#N)c(C(F)(F)F)c2)C1=O,-2.04614370177502
CCN(CCCNC[C@H](O)c1ccc(O)c2[nH]c(=O)ccc12)C(=O)c1ccc(COc2cccc(-c3ccc([C@@H](NC(=O)O[C@H]4CN5CCC4CC5)c4ccccc4)cc3)c2)cc1,-1.3876400520322256
Cc1noc2c1-c1ccc(-c3cnn(C)c3)cc1N(c1ccc(C#N)cc1)CC2CC(N)=O,-1.9590023075765075
CCNC(=O)Nc1ccc(-c2nc(N3CCOC[C@@H]3C)c3c(n2)[C@@](C)(CC(C)(C)O)OC3)cc1,-0.4676788579176694
Nc1nccc(-c2cc3c4c(n[nH]c4c2)N[C@@H]2CCC[C@H]2O3)n1,-0.9176455486690313
COCC(O/N=C(\C(=O)N[C@@H]1C(=O)N(OS(=O)(=O)O)C1(C)C)c1csc(N)n1)c1cc(=O)c(O)cn1O,-2.113887331931907
O=[N+]([O-])c1c(CS(=O)(=O)c2cccnc2)nc2c(Br)cc(Cl)cn12,-0.8831598975873358
CCOC(=O)c1cnc2c(N)cccc2c1O,-0.695511195620733
O=C(Nc1cccc(CCO)c1)c1cc2cc(Cl)ccc2[nH]1,-2.0761034753180265
CCC(NC(=O)c1ccc(Cl)cc1)[C@H]1[C@@H]2C[C@@H](n3cnc4ncc(C#N)cc43)C[C@@H]21,-1.4206394750654865
CS(=O)(=O)c1ccc(-c2cnc(NCc3ccco3)n3cnnc23)cc1,-0.8831598975873358
N#Cc1ccc(N2CCN([C@H]3C=C(c4cc5ncccc5c(=O)[nH]4)CC3)CC2)cc1,-1.7451378557193975
CCCCc1nc(C(C)C)c(CC(=O)OCC)c(=O)n1Cc1ccc(-c2ccccc2-c2noc(=O)[nH]2)cc1,-2.5231683714877318
COc1ccc(Cc2c(N)n[nH]c2N)cc1,-0.7115126710064176
C[C@@](C(=O)O[C@H]1C[N+]2(Cc3noc(-c4ccccc4)n3)CCC1CC2)(c1cccs1)N1CCCCC1,-1.6386877748976718
COCCOc1cc2ncc(C(N)=O)c(Nc3cccc(Cl)c3F)c2cc1N1CCN(C)CC1,-0.4057094600282479
Cc1noc(C)c1S(=O)(=O)Nc1c(N2CCN(Cc3ccc(C#N)cc3)CC2)c(=O)c1=O,-1.523298766322403
N#Cc1ccc(OC2CCN(C[C@H](O)CNC(=O)c3c[nH]c(=O)c4ccccc34)CC2)cc1Cl,-0.7035478417472689
Cc1ccc(-n2nc(C(C)(C)C)cc2NC(=O)Nc2ccc(-n3cnnn3)cc2)cc1,-2.537886633116444
Cc1cccnc1CN1CCC2(CC1)C(=O)N(c1ccc(-c3ccc(C(=O)O)cc3)cc1)C(=O)N2c1ccncn1,-1.7699600188420606
N#Cc1ccc2[nH]c(-c3ccc(F)cc3)c(CCCC(=O)NS(N)(=O)=O)c2c1,-1.8072820470564717
NC(=O)c1cccc2cn(-c3ccc([C@@H]4CCCNC4)cc3)nc12,-0.780323804891189
CC[C@]12C=CCN3CC[C@@]4(c5cc([C@@]6(C(=O)OC)C[C@@H]7C[C@H](C(C)(F)F)C[N@](Cc8c6[nH]c6ccccc86)C7)c(OC)cc5N(C)[C@H]4[C@@](O)(C(=O)OC)[C@@H]1OC(C)=O)[C@@H]32,-0.4832372924606702
COc1cccc(OC)c1-c1cc(C(=O)N[C@@H](CC(C)C)C(=O)O)nn1-c1ccnc2cc(Cl)ccc12,-2.347125402250531
CN1CCN(c2ccc(Nc3ncc4cc5n(c4n3)C3(CCCCC3)CNC5=O)nc2)CC1,-0.5262167888773565
CN1CCN(c2ccc(-c3ccc(Cn4cc(C(=O)O)c(=O)c5cccc(F)c54)cc3)cn2)CC1,-1.721658030939094
Cc1nn(C)c(CNC(C)C)c1NC(=O)OCC(Oc1cccc2sc(C(=N)N)cc12)c1ccccc1,-1.3876400520322256
N#Cc1ccc(-c2ccc(O[C@H]3O[C@H](CO)[C@@H](O)[C@H](O)[C@@H]3O)cc2)cc1,-1.9590023075765075
CCOC(=O)C1=C[C@@H](OC(CC)CC)[C@H](NC(C)=O)[C@@H](NC(C)=N)C1,-0.1855206647579362
COc1cc(-c2ccc(F)c(C)c2)c(F)cc1-n1c(=O)ccc2cc(S(=O)(=O)Nc3ccon3)ccc21,-2.3013775702979022
O=C(NCCc1ccccc1)c1cc(-n2ncc(=O)[nH]c2=O)ccc1Cl,-1.5837773484635205
[2H]C([2H])([2H])N(C(=O)c1c(C)cccc1F)c1ccc(-c2cc(NC(C)=O)nn2C(C)C)cc1N1CC2CC2C1,-1.92121703980304
O=C(O)c1cn(Cc2ccc(-c3ccc(F)nc3)cn2)c2c(F)cccc2c1=O,-1.6024771142816578
COc1c(N2C[C@H]3CCOC[C@@]3(N)C2)c(F)cc2c(=O)c(C(=O)O)cn([C@@H]3C[C@@H]3F)c12,-0.0554581099125212
CNS(=O)(=O)c1ccc(CNc2nc3cnc(-c4c(C)ncnc4C4CC4)nc3n([C@@H](C)C3CC3)c2=O)nc1,-1.5090587946432126
CC[C@@H](c1ccc(C(=O)O)c(Oc2cccc(Cl)c2)c1OC)N1CCC[C@H](n2cc(C)c(=O)[nH]c2=O)C1,-0.9551076165256404
C[C@@H]1Cc2c([nH]c3ccccc23)[C@@H](c2ccc(Cl)cc2)N1C[C@H](C)C(=O)O,-1.7962873593922926
Cc1ccc(S(=O)(=O)N(C)C(=O)N2CCC(N3CCC(Oc4ccc(Cl)c(Cl)c4)CC3)CC2)cc1,-1.7427319193805018
Cc1nn(-c2ccccc2)c(NS(=O)(=O)C2CCCCC2)c1C(=O)N[C@@H](C)C(C)(C)C,-1.79901004685437
C=CCOc1ccc(Cl)cc1[C@H]1C[C@@H]1CN,-0.6007590583075443
Cc1ccc(NC(=O)c2ccc(P(=O)(O)O)cc2)cc1Nc1nccc(-c2cccnc2)n1,-1.6579920709826637
O=c1c(C2=Nc3ccccc3S(=O)(=O)N2)c(O)c2cc(F)ccc2n1CCC1CC1,-2.699187205881913
COc1ccc(C2(c3cccc(-c4cncnc4)c3)N=C(C)C(N)=N2)cc1C,-1.201087061911587
Cc1cc(C2CCN(C(=O)[C@@H]3CN(C(C)(C)C)C[C@H]3c3ccc(F)cc3F)CC2)n(-c2ccc(C)c(Cl)c2)n1,-1.2928558116575553
Cc1[nH]c2cc([C@@H]3CCCCN3C(=O)c3ccccc3NS(C)(=O)=O)nn2c(=O)c1C,-1.1808839894758698
O=C(O)c1ccc(Oc2ccc(CN3CCC(N4C(=O)N(C5CCOCC5)C[C@H]4c4ccccc4)CC3)cc2)cc1,-1.0047949259945153
CC(C)(C)NC(=O)NCCN1CCC(O)(CNC(=O)c2cc(Cl)cc(Cl)c2)CC1,-0.6332631566516302
C[C@@]1(N)C[C@@H](C(=O)N2CCC(c3ncnn3-c3ccc(F)c(Cl)c3)CC2)[C@H](c2ccc(F)cc2F)C1,-0.6761499961531976
CCOc1cc2ncc(C(N)=O)c(Nc3ccc(F)cc3F)c2cc1N1CCN(C2CC2)CC1,-1.8272190678846332
CO[C@H]1CN(c2nc(-c3ncccn3)c(C(=O)O)s2)CC[C@H]1NC(=O)c1[nH]c(C)c(Cl)c1Cl,-1.013658295786453
NCCNc1ccc(NCCN)c2c1C(=O)c1ccncc1C2=O,-0.3320476621897167
CC(C)NCc1c(C(=O)N[C@@H]2CCC[C@H](O)C2)noc1-c1ccc(C(F)(F)F)cc1,-0.6007590583075443
C[C@H]1Cn2c(nnc2-c2cnccn2)C(=O)N1Cc1cccc(C(F)(F)F)c1Cl,-0.8831598975873358
N#Cc1ccc(NCC(F)(F)c2ccc(F)c(F)c2)c(F)c1CC(=O)NCCONC(=N)N,-1.9590023075765075
O=C(Nc1ccc(OC(F)(F)F)cc1)NC1CCN(C(=O)C2CCCOC2)CC1,-1.2222760159639607
CC(C)(C)NCC(O)COc1cccc2c1CC(O)C(O)C2,-0.1284467424093087
Cc1c(Cl)ccc(OC2CCN(C[C@H](O)CNC(=O)c3c[nH]c(=O)cc3C(F)(F)F)CC2)c1Cl,-1.423506039955899
C[C@@](N)(CCc1ccc(-c2nc3ccc(C4(c5ccccc5)CC4)nc3s2)c(F)c1)C(=O)O,-1.4206394750654865
O=C(O)c1cc(CN2CCN(c3ccc(Br)cc3)CC2)c2ccccn2c1=O,-1.1808839894758698
O=C(CC(c1ccccc1)c1ccccc1)N1CCN(C(c2ccccc2)c2ccccc2)CC1,-2.699187205881913
CC(C)(O)c1ccc2c(c1)C(=O)N(Cc1ccc(Cl)cc1)[C@@]2(OCC1(CO)CC1)c1ccc(Cl)cc1,-2.5231683714877318
COc1ccc(NC(=N)NCCCOc2ccc(F)cc2)cc1,-0.6024927641886171
O=C(O)C[C@H](CN1CC[C@@H](CCc2ccc3c(n2)NCCC3)C1)c1cccc(-n2ccnn2)c1,-0.5517266447926501
CC(O)(CS(=O)(=O)c1ccccc1OC(F)(F)F)C(=O)Nc1cc(C(F)(F)F)cc(C(F)(F)F)c1,-0.6619760240032981
COCCOC(=O)C1=C(C)NC(C)=C(C(=O)OC(C)C)C1c1cccc([N+](=O)[O-])c1,-1.4082466361263235
Cn1ccc(CCC[N+]23CCC(CC2)[C@@H](OC(=O)C2(C4=CC=CC4)CCCCCC2)C3)n1,-1.2150975501133452
CC(C)(C)NS(=O)(=O)c1ccc(-c2cc3c(N)ncc(C(=O)NCCN4CCOCC4)c3s2)cc1,-0.991830077981924
COc1cc(O)c(C(CC(=O)N2CC(C)CC(C)C2)c2ccc3c(c2)OCO3)c(OC)c1,-2.468827752017377
Cc1c(Sc2ccc(Cl)cc2)c2c(NS(C)(=O)=O)cccc2n1CC(=O)O,-1.9434915279703413
O=C(O)COc1ccc([C@H]2CC[C@]3(CC2)OOC2(O3)C3CC4CC2CC(C3)C4(F)F)cc1,-2.1552743720267773
Cc1[nH]c(CO)c(-c2ccc(-c3ccc(OC(F)(F)F)cc3)nc2)c(=O)c1Cl,-1.2928558116575553
CN1CCc2cc(Cl)c(O)cc2[C@@H](c2ccccc2)C1,-1.0914082971864345
CO[C@@]1(NC(=O)Cc2cccs2)C(=O)N2C(C(=O)O)=C(COC(N)=O)CS[C@@H]21,-0.5595238546058189
Cc1nc(C)c(-c2ccc([C@H]3CC[C@H](CC(N)=O)CC3)cc2)nc1C(N)=O,-0.884987095815408
Cc1ccc(C2CCN(Cc3cc(C(=O)O)c(=O)n4ccccc34)CC2)cc1,-1.041388342235121
CCN(CC)CCNC(=O)c1c(C)[nH]c(/C=C2\C(=O)Nc3ccc(F)cc32)c1C,-1.2928558116575553
Cc1nc2cc(NC(=O)c3cc4sc(N5CCC(C(=O)N(C)C)CC5)nc4s3)ccc2o1,-1.3014558129408076
O=C(N[C@@H]1CC[C@@H](c2cccc(F)c2F)CN(CC(F)(F)F)C1=O)N1CCC(n2c(=O)[nH]c3ncccc32)CC1,-1.3771748708039588
c1ccc2c(c1)Sc1ccccc1N2CC1CN2CCC1CC2,-0.9961088337630896
CCc1c(CCCC(=O)O)cccc1-c1nsc(-c2ccc(OC(C)C)c(C#N)c2)n1,-2.5159921616441805
COc1cccc2c1C(=O)c1c(O)c3c(c(O)c1C2=O)C[C@@](O)(C(C)=O)C[C@@H]3O[C@H]1C[C@H](N)[C@H](O)[C@H](C)O1,-1.2150975501133452
CC#Cc1cncc(-c2ccc3c(c2)C2(N=C(C)C(N)=N2)[C@]2(CC[C@H](OC)CC2)C3)c1,-1.0914082971864345
COC(=O)C1CC=CCC1c1ccc(CNc2nccc(C)c2NC(=O)CC#N)cc1,-1.3876400520322256
Cc1nc2ccc(NS(=O)(=O)c3ccc4c(c3)OCCO4)cc2s1,-2.3668649681436342
[2H]C([2H])([2H])N(C(=O)c1c(F)cccc1Cl)c1ccc(-c2cc(NC(C)=O)nn2CC2CC2)cc1N1CC2CC2C1,-2.2222108125651343
Cc1ccc(-c2c(C)nn(C)c2C)cc1NC(=O)c1ccc(OCc2ccccn2)cc1,-1.722344264820955
C[C@H]1[C@H](NC(=O)/C(=N\OC(C)(C)C(=O)O)c2nsc(N)n2)C(=O)N1C(=O)NS(=O)(=O)n1nc(-c2cc(=O)c(O)c[nH]2)n(CCCS(C)(=O)=O)c1=O,-0.567463616735744
O=C(N[C@@H](CC1CCCCC1)C(=O)N[C@@H](C[C@@H]1CCNC1=O)C(O)S(=O)(=O)O)OCc1cccc(Cl)c1,-1.3876400520322256
CCCCc1nc2cc(/C=C/C(=O)NO)ccc2n1CCN(CC)CC,-1.0813511817281891
O=C(O)CCCN1CCC(O[C@@H](c2ccc(Cl)cc2)c2ccccn2)CC1,-0.3462570059742641
COCCOC(=O)N(C)C1CCC([C@@H](NS(=O)(=O)c2ccc(-c3ccc(OC)cc3)cc2)C(=O)O)CC1,-1.6202051567230198
O=C(O[C@H]1CN2CCC1CC2)C1(c2cccs2)CCCCCC1,-1.2928558116575553
C#CCO[C@H]1CN(c2ncc(C(=O)O)s2)CC[C@H]1NC(=O)c1[nH]c(C)c(Cl)c1Cl,-1.5090587946432126
Cc1cn([C@H]2CCCN([C@H](CC3CCOCC3)c3ccc(C(=O)O)c(Oc4cccc(Cl)c4)c3)C2)c(=O)[nH]c1=O,-0.9658020410471084
CCCCc1oc2ccc(NS(C)(=O)=O)cc2c1C(=O)c1ccc(OCCCN(CCCC)CCCC)cc1,-2.330095777775577
CCCC1(C(=O)c2ccc3[nH]ncc3c2)CCCN1,-0.0087650612452523
CC(C)C[C@H](CO)Nc1nc(SCc2cccc(C#N)c2)nc2nc(N)sc12,-2.0181179968023826
CCOC(=O)C1=C(C)N/C(=C/c2cc(C)n(-c3ccc(SC(F)(F)F)cc3)c2C)C1=O,-1.1942477451993276
COc1ccc(-c2ccc(S(=O)(=O)N[C@@H](C(=O)O)C3CCCCC3)cc2)cc1,-2.3982658517398923
CO[C@H]1CN(c2nc(-c3nccs3)c(C(=O)O)s2)CC[C@H]1N=C(O)c1[nH]c(C)c(Cl)c1Cl,-1.9590023075765075
NS(=O)(=O)c1cc(C2(O)N=C(O)c3ccccc32)ccc1Cl,-0.6007590583075443
COCCOc1ccc(N(Cc2cnccc2C)C2CCN([C@H](C)CCNC(=O)c3c(C)cc(C#N)nc3C)CC2)cc1,-1.091944125901233
Nc1nc2cccnc2n1CC(O)c1cccc(Cl)c1Cl,-0.9248838972102036
O=C(O)[C@H](Cc1ccccc1F)N1CCC(CN2CCC(Oc3ccc(Cl)c(Cl)c3)CC2)CC1,-0.9393554111909614
COC(C)c1c(NC(=O)Nc2cnc(-n3nccn3)c(Cl)c2)cnc2ccc(F)cc12,-0.0008685883838779
Cc1ncc(-c2ccc3nc(NC(=O)C4CC4)sc3c2)cc1NC(=O)OC1CCOCC1,-1.7699600188420606
CC(C)c1nc(CN(C)C(=O)N[C@@H](CCN2CCOCC2)C(=O)N[C@H](CC[C@H](Cc2ccccc2)NC(=O)OCc2cncs2)Cc2ccccc2)cs1,-1.5854444437707855
COc1cc2ncc(C(N)=O)c(Nc3cc(F)ccc3F)c2cc1OC,-1.2569169000188067
CCCC[C@@H](CCO)Nc1nc(N)ncc1OC,-0.0968014529570216
CCN(CCO)C(=O)c1cc2cccnn2c1-c1cccc(C(F)(F)F)c1,-1.3589504760588786
Cc1cc(C2CCN(C(=O)[C@@H]3CN(C(C)(C)C)C[C@H]3c3ccc(F)cc3F)CC2)n(-c2ccc(Cl)c(Cl)c2)n1,-1.678194516142461
C[C@@H](Oc1cccc2ncnc(Nc3ccc4c(cnn4Cc4nccs4)c3)c12)C(=O)N1CCOCC1,-0.1077829212655617
COc1cc2nc(N3CCCN(C(=O)N4CCOCC4)CC3)nc(N)c2cc1-c1ccccn1,-0.195613151659642
COc1cc(OC)c(S(=O)(=O)NCc2ccccc2N2CCC(CO)CC2)cc1NC(C)=O,-0.8956026931360583
C[C@]1(O)C[C@@H](NC(=O)c2cnc3cc(N4CCC4)ncc3c2)C1,-0.3182885315981927
OC[C@H]1O[C@H](Oc2ccc(N3CCc4ccccc43)cc2)[C@@H](O)[C@@H](O)[C@@H]1O,-1.5090587946432126
CC[C@@H](NC(=O)c1ccc(Cl)cc1)[C@H]1[C@@H]2C[C@@H](n3cnc4cc(F)c(F)cc43)C[C@@H]21,-2.1552743720267773
Fc1ccc(-c2cnn3c(NCc4ccccn4)c4c(nc23)CCC4)cc1,-1.9590023075765075
N=C(NCCCCCCNC(=N)NC(=N)Nc1ccc(Cl)cc1)NC(=N)Nc1ccc(Cl)cc1,-0.6950809902079189
O=C(Nc1ccc(F)cn1)c1cc(Oc2cncc(F)c2)cn2ncnc12,-1.1430959774790113
CN(C(=O)c1ccccc1Br)c1cccc(NC(=O)C2CCCC2)c1,-1.2928558116575553
C[C@@H](NC1=CC(=O)CC1)c1ccc(Nc2ncc3cc(-c4ccncc4)ccc3n2)cc1,-1.678194516142461
Cc1nnc2n1-c1ccc(Cl)cc1C(c1ccccc1Cl)=NC2,-0.6895267576268711
C[C@@H]1O[C@H](NC(=O)c2ccc(C(F)(F)F)cc2)[C@@H](O)[C@H](O)[C@@H]1O,-0.2437976421817071
C[C@@H]1O[C@H](NC(=O)c2cccs2)[C@@H](O)[C@H](O)[C@@H]1O,-0.5218665718994825
COCCN(C)S(=O)(=O)c1ccc(C)c(C#Cc2cc(Cl)ccc2OCC(=O)O)c1,-2.1552743720267773
Cn1cc(-c2ccc(Cn3cc(C(=O)O)c(=O)c4c3CCCC4O)cc2)cn1,-0.7451595915151431
COC[C@H]1CCCN1C(=O)c1cc(C)cc(C(=O)N[C@@H](Cc2cc(F)cc(F)c2)[C@H](O)[C@H]2C[C@@H](Oc3ccccc3)CN2)c1,-1.3876400520322256
Cc1cccc(C)c1N=C(O)C(C)N,-0.0604158576515883
CNC(=O)c1[nH]cnc1C(=O)Nc1ccc(OC)cc1,-0.8697759449311093
Cc1cc(C2CCN(C(=O)[C@@H]3CN(C(C)(C)C)C[C@H]3c3ccc(F)cc3F)CC2)n(-c2ccc(Cl)c(C)c2)n1,-1.3876400520322256
CNCCc1ccccn1,-0.0132148341533588
O=c1cc(Cc2ccccn2)[nH]c2nc(Nc3c4c(cc5c3CCC5)CCC4)nn12,-2.5231683714877318
CCOc1ccc(Cc2cc([C@@H]3S[C@H](CO)[C@@H](O)[C@H](O)[C@H]3O)c(OC)cc2C)cc1,-1.4093587579877196
Cc1nc(C(=O)[C@H](C)Oc2ccc(SCCCCCc3ccccc3)cc2)sc1CCCC(=O)O,-2.0972901870301213
Cn1cc(-c2nc3c(-c4ccnc(OC5CC5)c4)cnn3cc2OCCC(C)(C)O)cn1,-1.9590023075765075
C[C@H](Nc1ncnc2[nH]cnc12)c1cc2cccc(Cl)c2c(=O)n1-c1ccccc1,-1.409692950640608
CC(C)c1cc(C(=O)N2Cc3ccc(CN4CCN(C)CC4)cc3C2)c(O)cc1O,-0.4429261056339875
CC1(C)c2nc(-c3ccc(F)cc3)c(Nc3ccc(F)cc3)n2CCN1C(=O)CN,-1.1553302613868628
CO[C@H]1CN(c2nc(-c3cncc(OCCN(C)C)n3)c(C(=O)O)s2)CC[C@H]1NC(=O)c1[nH]c(C)c(Cl)c1Cl,-1.4206394750654865
CN(C)c1nc(Cc2ccc(NC(=O)c3ccc(C(F)(F)F)cc3)cc2)nc(N(C)C)c1CC(=O)O,-2.310149720559246
CCOc1ccc(F)cc1NC(=O)c1ccccc1NS(=O)(=O)C1CC1,-0.0056771271772894
Cc1cncc(Nc2ccnc3cc(-c4cnc(N5CCCN(C)CC5)nc4)ccc23)n1,-0.636820649941314
CCC(=O)O[C@]1(C(=O)CO)CC[C@H]2[C@@H]3CCC4=CC(=O)CC[C@]4(C)[C@H]3CC[C@@]21C,-0.866094810163949
C[C@H]1[C@H](N=C(O)/C(=N\OC(C)(C)C(=O)O)c2csc(=N)[nH]2)C(=O)N1S(=O)(=O)O,-0.3559949365267739
Cn1cnc(S(=O)(=O)N2C[C@@H]3[C@H](C2)[C@@]3(CNC(=O)c2cc(Cl)cc(Cl)c2)CC2CC2)c1,-1.678194516142461
CO/N=C(\C(O)=N[C@@H]1C(=O)N2C(C(=O)O)=C(C[N+]3(C)CCCC3)CS[C@H]12)c1csc(=N)[nH]1,-0.0968014529570216
Nc1cccc(-c2ccc(Cn3cc(C(=O)O)c(=O)c4cccc(F)c43)nc2)c1,-1.361935261159396
CNC(=O)Nc1nc2ccc(-c3cncc(S(=O)(=O)NC(C)(C)C)c3)cn2n1,-0.4494715369544715
CN(C)c1ccc(-c2cc3nccnc3c(NC[C@H]3CCCNC3)n2)cn1,-1.091944125901233
COC[C@@H](C)n1c(C)c(C(=O)NCc2c(C)cc(C)nc2O)c2ccccc21,-1.041388342235121
COc1ncc(C2=CCOCC2)cc1S(=O)(=O)Nc1cncc(C#CCN2CCN(C(C)C)CC2)c1,-0.7674358591132167
NS(=O)(=O)c1cc2c(cc1Cl)NCNS2(=O)=O,-0.3725251020654859
CCN(CC)C(=O)[C@@H]1C=C2c3cccc4[nH]cc(c34)C[C@H]2N(C(O)=Nc2ccccc2)C1,-1.9590023075765075
CNC(=O)Cc1ccccc1CNC(=O)c1nc(N2CCCCS2(=O)=O)c2cccnc2c1O,-1.091944125901233
Cn1nc(-c2cnc(N)c(-c3nnc(C(C)(C)C)o3)n2)nc1C1(c2ccccc2)CC1,-1.4952709483787436
O=C(Nc1ccnn1-c1ccccc1)N1CCN2C(=O)N([C@H]3C[C@@H]3c3ccccc3)C(=O)[C@@H]2C1,-0.7674358591132167
CCOc1ccc(Cc2cc([C@@H]3O[C@H](SC)[C@@H](O)[C@H](O)[C@H]3O)ccc2Cl)cc1,-1.5034910190421422
C#Cc1ccc(/C=C/c2nc3ccccc3c(=O)n2-c2cccc(C(=O)O)c2)cc1,-2.3013775702979022
COc1c(F)ccc(F)c1C1CCN(c2ccn3c(CC4CC4)nnc3c2C(F)(F)F)CC1,-1.9590023075765075
Cc1cccc(N2CC(CO)OC2=O)c1,-0.3093521342564098
Cc1ncc(C(N)=O)nc1-c1ccc([C@H]2CC[C@H](CC(=O)O)CC2)cc1,-1.237748439834954
CCc1c(CCN(C)CC(=O)O)cccc1-c1nsc(-c2ccc(OC(C)C)c(C(F)(F)F)c2)n1,-2.5159921616441805
Cc1noc2c1-c1sc(C)c(C)c1C(c1ccc(Cl)cc1)=N[C@H]2CC(N)=O,-2.1552743720267773
CC(C)(C)NCC(O)COc1cccc2c1C[C@@H](O)[C@@H](O)C2,-0.1424986441018711
NC(=O)c1ccn(-c2ccc(NCC3(c4ncccc4F)CCC3)nn2)c1,-0.2143925900276091
CNC1=Nc2ccc(Cl)cc2C(c2ccccc2)=[N+]([O-])C1,-1.4298798857802324
N[C@@H]1c2cccnc2[C@H](OC(=O)N2CCC(n3c(O)nc4ncccc43)CC2)CC[C@H]1c1cccc(F)c1F,-1.1553302613868628
COCCO[C@H]1CC[C@H](NC(=O)c2cc(-c3cncs3)nc3[nH]ccc23)CC1,-0.6782131469059316
Nc1nc2nc(-c3cccs3)cc(C(F)(F)F)n2n1,-0.695511195620733
C[C@@](CCn1ccc(-c2ccccc2)cc1=O)(C(=O)NO)S(C)(=O)=O,-0.8512123159436876
O=C(CC1(c2ccccc2)C2CC3CC1CC(C2)C3O)N1CC(O)C1,-0.3367326433719202
CC(C)NC[C@@H](C(=O)N1CCN(c2ncnc3c2[C@H](C)CC(=O)N3)CC1)c1ccc(Cl)cc1,-0.2894705470028901
CNCCC=C1c2ccccc2CCc2ccccc21,-0.7748642122077369
O=C(O)c1ccc(-n2nc(-c3ccccc3O)nc2-c2ccccc2O)cc1,-2.011385310752764
Cn1c(NCCc2ccc(Oc3ccc(Cl)cc3)cc2)nc2cc(Cl)ccc2c1=O,-2.699187205881913
COCC(=O)N(Cc1ccsc1)C1CCN([C@H](C)CCNC(=O)c2c(C)cc(Cl)nc2C)CC1,-0.2004044635776388
CC(C)Cn1c(=O)n(C)c(=O)c2c(C(=O)N3CC[C@@H](O)C3)c(Cc3c[nH]c4ncccc34)sc21,-0.5025363874546337
Cc1cc(C2C=CN=CN2)c(C)s1,-3.0
N#Cc1cnc(Nc2cc(CN3CCN(C(N)=O)CC3)ccn2)s1,-1.0319468887375929
O=C(O)c1cc(CN2CCN(c3ccccc3)CC2)c2ccccn2c1=O,-0.4223674793814235
CC(C)SCC(O/N=C(\C(=O)N[C@@H]1C(=O)N(OS(=O)(=O)O)C1(C)C)c1csc(N)n1)c1cc(=O)c(O)cn1O,-2.5089326053467245
CCCCN(Cc1ccc(C(=O)NO)cc1)C(=O)Nc1ccccc1,-0.9551076165256404
CN(Cc1ccc(-c2ccc(N3CCOc4ncnc(N)c4C3=O)cc2)c(Cl)c1)C(=O)CCCN,-0.3761513833286242
N#Cc1ccc(Cl)cc1S[C@H](CCN)c1ccccc1,-0.2321657540968258
O=C(O)c1ccc(-c2ccc(Cl)c(O[C@H]3O[C@H](CO)[C@@H](O)[C@H](O)[C@@H]3O)c2)cc1,-0.8831598975873358
O=C(O)c1cn(Cc2ccc(-c3cncc(F)c3)cn2)c2c(F)cccc2c1=O,-1.1430959774790113
C[C@H]1[C@H](F)C[C@@H](C(=O)NCc2cc(-c3cnc(C(F)(F)F)nc3)ncc2C(F)(F)F)N1S(=O)(=O)c1ccc(F)cc1,-2.000391041028584
COc1cccc(-c2c(F)c(F)c(NC(=O)c3c(O)nn4ccccc34)c(F)c2F)c1,-2.824053529904458
COc1cc2nc(N3CCN(C(=O)c4ccco4)CC3)nc(N)c2cc1OC,-1.2385742948046738
CC(C)n1cc(S(=O)(=O)c2ccc(CNC(=O)c3cc4ccncc4o3)nc2)cn1,-0.9176455486690313
O=C1Cc2cc(CCN3CCN(c4nsc5ccccc45)CC3)c(Cl)cc2N1,-2.2785414130834094
CC[C@@H](C)n1c(=O)c(NCc2ccc(S(=O)(=O)CC)cn2)nc2cnc(-c3c(OC)ncnc3C3CC3)nc21,-1.678194516142461
CN1CCN(c2cc(-c3ccccc3)nc(N)n2)CC1,-0.2920127608980421
CC(=O)Nc1ccc2ccn(-c3cc(NC4CC4)n4ncc(C#N)c4n3)c2c1,-1.8272190678846332
CCP(=O)(OC)c1ccc2oc(-c3cccc(F)c3)nc2c1,-1.2150975501133452
NC(=O)[C@H](Cc1ccccc1)NC(=O)OCc1ccccc1,-0.7195125724054945
CC(=O)OCC(=O)[C@@]1(O)CC[C@H]2[C@@H]3CCC4=CC(=O)CC[C@]4(C)[C@H]3C(=O)C[C@@]21C,-1.2928558116575553
CC1CCN([C@H](c2ccc(F)cc2)c2ccc([C@@H](C)C(=O)O)cc2-c2ccc(C(F)(F)F)cc2)CC1,-2.699187205881913
CN[C@@H](C)C(=O)N[C@H]1CCC[C@H]2C[C@H]3CCN(CCc4ccccc4F)C[C@H]3N2C1=O,-0.3093521342564098
CCC(CC)NC(=O)c1nc(-c2ccc(F)cc2)cnc1N,-1.432221038427818
Nc1ccc(C(=O)O)c(O)c1,-0.3813401361263902
CCS(=O)(=O)c1ccc2oc(-c3ccc4c(c3)C=C[C@H](O)[C@H]4O)nc2c1,-0.4393319338155843
O=C(Cn1cnc([N+](=O)[O-])n1)Nc1cccc(-c2ccccc2)c1,-1.5380215234713237
O=C(c1c2ccccc2cc2ccccc12)N1CCC(N2CCC[C@@H](C(=O)N3CCOCC3)C2)CC1,-1.173705512827552
CC(=O)[C@@]1(O)CC[C@H]2[C@@H]3CCC4=CC(=O)CCC4=C3[C@@H](c3ccc(N(C)C)cc3)C[C@@]21C,-2.229508823464599
Cc1ncc(NC(=O)c2cccc(C(F)(F)F)c2)cc1-c1cnc(OC2CCOCC2)c(N2CCOCC2)c1,-1.678194516142461
Cn1c(-c2cc(=O)c(O)c[nH]2)nn(S(=O)(=O)NC(=O)N2C[C@H](NC(=O)/C(=N\OC(C)(C)C(=O)O)c3csc(N)n3)C2=O)c1=O,-1.3160290421510463
CCCCCCNC(=O)Oc1cccc(C2=NCCO2)c1,-1.7776920097172877
CCN(CC)Cc1cc(Nc2ccnc3cc(Cl)ccc23)ccc1O,-0.8045320903977445
CN[C@@H]1[C@H](O[C@H]2[C@H](O[C@H]3[C@H](O)[C@@H](O)[C@H](N=C(N)N)[C@@H](O)[C@@H]3N=C(N)N)O[C@@H](C)[C@]2(O)C=O)O[C@@H](CO)[C@H](O)[C@H]1O,-0.045709238298873
C[C@H]1[C@H](NC(=O)/C(=N\OC(C)(C)C(=O)O)c2csc(N)n2)C(=O)N1C(=O)NS(=O)(=O)n1nc(-c2cc(=O)c(O)c[nH]2)n(CC2(CS(C)(=O)=O)CC2)c1=O,-1.041388342235121
Nc1c(C(=O)NCC(O)(CN(CCF)C(=O)c2c(F)cccc2F)C(F)(F)F)cnn1-c1ccc(F)cc1,-1.1491700401514695
CC1(C)CC[C@]2(NC(=O)C(C)(F)F)CC[C@]3(C)[C@H](C(=O)C=C4[C@@]5(C)C=C(C#N)C(=O)C(C)(C)[C@@H]5CC[C@]43C)[C@@H]2C1,-1.5044602413013004
Cc1ccnc(C2(C#N)CCN(Cc3cc4c(c5ccccc35)CN([C@H]3CCCC[C@@H]3O)C4=O)CC2)c1,-2.1552743720267773
Cc1c(-c2cc(F)c(CO)cc2F)ccc2c3ocnc3c(=O)n(C3CC3)c12,-0.0114294501995958
COP(=O)(c1ccccc1)c1ccc2oc(-c3ccc(F)cc3)nc2c1,-1.678194516142461
CS(=O)(=O)Nc1ccc2[nH]c(Cc3ccc(Oc4ccccc4)cc3)nc2c1,-2.187454278863416
COc1cc2ncc(C(N)=O)c(Nc3ccc(F)cc3F)c2cc1N1CCN(C)CC1,-0.5954281358682575
COc1ccc(CCN2CCC(N=c3[nH]c4ccccc4n3Cc3ccc(F)cc3)CC2)cc1,-1.6202051567230198
Cc1cc(C(=O)O)ccc1-c1ccc(N2C(=O)N(c3cnccn3)C3(CCN(Cc4ncccc4C)CC3)C2=O)cc1,-1.3283274043791142
CCCC(=O)Nc1cccc(NCc2ccccc2Br)c1,-1.9590023075765075
CCS(=O)(=O)N1CCCc2ccc(NC(=O)c3ccccc3Br)cc21,-1.678194516142461
COCC[C@H](CC1(C(=O)NCCCc2ccc(Cl)cc2)CCCC1)C(=O)O,-1.7451378557193975
CC1=C2CC(C)(C)/C=C/C(=O)/C(C)=C\C3=C[C@H](C)C[C@]3(O2)C1=O,-0.5837923388097694
CS(=O)(=O)c1ccc(N2CCN(C(=O)[C@@H]3CCCC[C@H]3C(O)=NC3(C#N)CC3)CC2)cc1,-0.3005959181846626
N[C@@H](Cn1c(=O)cnc2ccc(F)cc21)[C@H]1CC[C@H](NCc2ccc3c(n2)NC(=O)CO3)CC1,-0.1547158736520084
O=C(NO)c1ccc(CN(CCCCO)C(=O)Nc2ccccc2)cc1,-0.2835959540622216
O=C(c1n[nH]c2ncccc12)N1CCc2nc(COc3ccccc3)oc2C1,-1.3876400520322256
CS(=O)(=O)c1ccc(-c2cnc(N)c(-c3ccc(F)nc3)c2)cc1,-0.364949758642653
COC(=O)C(N=C(O)C(C)c1ccc(CC(C)C)cc1)C(C)C,-0.259282123940715
CCc1cc2c(cc1CC)CC(NC[C@H](O)c1ccc(O)c3[nH]c(=O)ccc13)C2,-1.311738884668774
N=c1[nH]c2ccc(C(F)(F)F)cc2n1CC(O)c1ccc(C(F)(F)F)cc1Cl,-1.9590023075765075
OC(=Nc1cccc(C(F)(F)F)c1)c1ccccn1,-1.854275425119336
C=CC(=O)Nc1ccc(S(=O)(=O)N2CCN(C(=O)C34CC5CC(CC(C5)C3)C4)CC2)cc1,-1.678194516142461
CCC(CC)C(=O)OC1N=C(c2ccccc2)c2cc(Cl)ccc2NC1=O,-1.2150975501133452
CC(C)C[C@H](NC(=O)CNC(=O)c1cc(Cl)ccc1Cl)B1OC(=O)C(CC(=O)O)(CC(=O)O)O1,-1.9355648492730615
CC(C)Oc1cc(-n2cnc3cnc(N[C@@H](C)c4ncc(F)cn4)nc32)n[nH]1,-0.5085113986449863
C=C1C[C@@H]2CC[C@@]34C[C@H]5O[C@H]6[C@@H](O3)[C@H]3O[C@H](CC[C@@H]3O[C@H]6[C@H]5O4)CC(=O)C[C@@H]3[C@@H](OC)[C@@H](C[C@H](O)CN)O[C@H]3C[C@H]3O[C@@H](CC[C@@H]1O2)C[C@@H](C)C3=C,-0.3597036993895391
CCNC(=O)NC1N=C(c2ccc(Cl)cc2)c2ccccc2-c2c(C)noc21,-1.5090587946432126
Cn1nc(-c2cnc3[nH]cc(C(=O)NC(C)(C)C)c3n2)c2ccc(F)cc21,-2.620042170655314
CNc1c(Br)cnc2[nH]c(-c3ccc(OCCN4CCOCC4)cc3)nc12,-1.79901004685437
Cc1c(Cc2ccc(C(F)(F)F)cc2F)c[nH]c1C(=O)NC1CC1,-1.5090587946432126
NC1=NC(c2ccnc(C(F)(F)F)c2)(c2ccc(F)c(-c3cncnc3)c2)c2cccc(F)c21,-1.5189775360099855
Cc1ccc(CNC(=O)CCS(=O)(=O)c2ccc(Br)cc2)cc1,-1.854275425119336
COc1ccc2c(c1)C(c1ccc(Cl)cc1)=N[C@@H](CC(N)=O)c1onc(C)c1-2,-1.2928558116575553
COc1cccc(-n2cc3nc(-c4cccnc4C)n(C[C@H]4CCCN(C(C)C)C4)c(=O)c3n2)c1,-0.2004044635776388
Cn1cnc(S(=O)(=O)N2C[C@@H]3[C@H](C2)[C@@]3(CNC(=O)c2ccc(Cl)cc2Cl)c2ccccn2)c1,-0.8512123159436876
Cc1ncc(-c2nc(Nc3ccc(C(=O)N4CC[C@H](N(C)C)C4)cc3)ncc2F)n1C(C)C,-0.587972282609552
COc1cc2nc(N3CCN(C(=O)C4CCCO4)CC3)[nH]c(=N)c2cc1OC,-0.9961088337630896
Cc1cc2oc(=O)cc(-c3ccccc3)c2c(C)c1-c1ccc(CN2CCOCC2)cc1,-1.824314271737916
CN1C[C@@H]2c3ccccc3Oc3ccc(Cl)cc3[C@H]2C1,-1.4819073984834683
Cc1cc(F)ccc1-n1nc(C(F)(F)F)cc1-c1ccc2c(c1)NC(=O)CO2,-0.5806422720792813
O=C(NC1CCC1)Oc1ccc(O)c(-c2ccccc2)c1,-1.764880790647779
Nc1nc(NC2CC2)c2ncn([C@H]3C=C[C@@H](CO)C3)c2n1,-0.2976930137795257
N#Cc1ccc(/C=C/c2nc3ccccc3c(=O)n2-c2cccc(S(N)(=O)=O)c2)cc1,-1.523298766322403
O=C1c2cc(CN3CCC(F)(c4ccccn4)CC3)c3ccccc3c2CN1[C@H]1CCCC[C@@H]1O,-1.5090587946432126
CN1CC(Cn2nc(-c3cnc4[nH]cc(C(=O)NC(C)(C)C)c4n3)c3cc(OC(F)F)ccc32)C1,-1.92121703980304
N#Cc1cnc2c(ccn2-c2ccc(O[C@H]3O[C@H](CO)[C@@H](O)[C@H](O)[C@@H]3O)c(Cl)c2)c1,-1.2928558116575553
O=C(NCc1ccccc1)c1nc(N2CCCCS2(=O)=O)c2cccnc2c1O,-1.9590023075765075
c1coc(CNc2ncnc3cc[nH]c23)c1,-0.0599175282990633
O=C(O)CCc1cc(F)c(OCc2c(-c3ccc(Cl)cc3F)nsc2C(F)(F)F)c(F)c1,-2.6385177041748613
Cc1c(-c2ccc(-n3cccc3)cc2)[nH]c2cc(F)cc(F)c2c1=O,-1.3983636523517635
O=C(Nc1cc(F)cc(F)c1)N1CCC2(CC1)C(=O)N(c1cccc(Cl)c1)C2c1ccccn1,-2.3982658517398923
CN1Cc2ccccc2-c2c(C3CCCCC3)c3ccc(C(=O)O)cc3n2CC1=O,-2.3982658517398923
Cc1nc(Oc2ccc(C(=O)O)cc2)ccc1CN1CCC(N2C(=O)N(C3CCOCC3)C[C@H]2c2cccc(F)c2)CC1,-1.2761504398127412
CC(=O)N1CCN(c2cc(-c3cc(Cl)c4c(N)ncnn34)ccc2C(C)O)C(=O)C1(C)C,-0.4676788579176694
O=C(CC12CCC(C(=O)O)(CC1)C2)N1CCc2c(n(Cc3ccc(F)cc3F)c3ncccc23)C1,-2.04614370177502
Cc1ccc(-c2cc(C(F)(F)F)n[nH]2)cc1NC(=O)c1ccc(OCc2ccccn2)cc1,-1.9590023075765075
C[n+]1ccccc1/C=N/O,-0.0222535377083363
Nc1nc2ccc(SC(F)(F)F)cc2s1,-0.6184156653472478
O=C1NC(c2ccccc2)CC(O)=C1Sc1ccccc1Cl,-2.3982658517398923
CS(=O)(=O)OCCCCOS(C)(=O)=O,-0.1665030616428808
c1cnn2ncc(-c3ccnc(Nc4ccncc4)n3)c2c1,-0.2288462953109637
OC1(Cc2ccc3ccccc3c2)c2ccccc2C2=NCCN21,-0.9961088337630896
O=P(c1ccccc1)(c1ccccc1)N(Cc1ccccn1)Cc1ccccn1,-2.229508823464599
Cc1nn(C2CCOCC2)c(NS(=O)(=O)c2ccc(C3CC3)cc2)c1C(=O)N[C@@H](C)C(C)(C)C,-1.1236337623153938
C[C@@H]1CN([C@H](C)CO)C(=O)c2cccc(NC(=O)c3ccncc3)c2O[C@H]1CN(C)Cc1ccc(Oc2ccccc2)cc1,-1.9590023075765075
CC(C)C(c1noc(=O)[nH]1)c1ccc(-c2ccc3cccc(F)c3c2)[nH]c1=O,-1.7262535392317186
Cc1noc(C)c1-c1ccc(CNS(=O)(=O)c2c(C)noc2C)cc1,-1.1184738353641328
CC(C)(CNc1ccc(-c2cccc(C(N)=O)c2)cn1)c1ccc(F)cc1,-0.004360418611657
NC(=O)c1c(NC(=O)Nc2ccc(Cl)cc2)sc2c1CCN(CCCNC(=O)CCc1c[nH]c3ccccc13)C2,-2.699187205881913
Cc1cn2nc([C@@H]3CCCCN3C(=O)c3cc(Cl)ccc3NS(C)(=O)=O)cc2nc1N1CC[C@@H](N)C1,-1.3569719551908734
O=C(N[C@H]1CCN(C2CCCCC2)C[C@@H]1C(=O)NC1(c2ccccn2)CC1)c1cc(-c2ccc(F)cc2F)on1,-1.1491700401514695
COc1ccc(-c2nc3cc(C4=NNC(=O)CC4C)ccc3[nH]2)cc1,-1.1695187956076545
CC1=C(C(=O)O)C(=O)/C(=C\c2cc(C)n(-c3ccccc3C(F)(F)F)c2C)N1,-1.1942477451993276
CN(C)c1ccc(O)c2c1C[C@H]1C[C@H]3[C@H](N(C)C)C(O)=C(C(N)=O)C(=O)[C@@]3(O)C(O)=C1C2=O,-0.6007590583075443
CC1=C(/C=C/C(C)=C/C=C/C(C)=C/C(=O)O)C(C)(C)CCC1,-1.2928558116575553
CC(=O)O[C@]1(C(C)=O)CC[C@H]2[C@@H]3CCC4=CC(=O)CCC4=C3[C@@H](c3ccc(N(C)C)cc3)C[C@@]21C,-0.2826051284871747
O=C(O)c1ccccc1Nc1cccc(C(F)(F)F)c1,-0.1641097623516771
CN1C(=O)CC[C@H]1C(=O)NCc1cccc(C(F)(F)F)c1Cl,-0.3972890550424425
CN(c1ccnc(Nc2cc(N3CCOCC3)cc(N3CCOCC3)c2)n1)c1cccc2n[nH]cc12,-1.2150975501133452
Nc1ccccc1NC(=O)c1ccc(CNC2=N[C@@H](Cc3c[nH]cn3)CO2)cc1,-0.2737064871211735
COc1nn(C)c2ncnc(NS(=O)(=O)c3ccc(Cl)s3)c12,-1.6202051567230198
Cc1ccc(C(=O)Nc2cn3ncnc3c(O[C@H]3CCN(C(=O)CC(C(F)(F)F)C(F)(F)F)[C@@H](C)C3)c2C)cn1,-1.0813511817281891
N#Cc1cnc(Nc2cc(CN3CCNCC3)ccn2)s1,-0.158449081674698
CCc1nn(CCO)c(CC)c1Cc1cc(Cl)cc(Cl)c1,-0.6184156653472478
CCNS(=O)(=O)c1ccc(C)c(C#Cc2cc(Cl)ccc2OCC(=O)O)c1,-2.2222108125651343
CC1(C)Cc2c(c(C(=O)Nc3ccc(C(F)(F)F)cc3)cc3nc(Nc4c(F)cccc4Cl)[nH]c23)O1,-2.04614370177502
N#Cc1cc(S(=O)(=O)Nc2ncns2)ccc1Oc1ccc(-c2cccc(C(F)(F)F)c2)cc1-c1ccnc(CNCCC2CCNCC2)c1,-0.0005209445414896
COc1ccc(-c2nn3c(-c4ccccn4)nnc3s2)cc1OC,-1.1942477451993276
CCN(CC)C(=O)c1ccc(C2=CC3(CCNCC3)Oc3cccc(O)c32)cc1,-0.3005959181846626
CC(C)Cn1cc(C#N)c2cc(Oc3ccc(NC(=O)[C@@H]4CCCN4)cc3)ccc21,-2.3668649681436342
CC(=O)N(C)C[C@H]1C[C@H](c2ccc(CN3CCCC3)c(Cl)c2)C1,-0.6184156653472478
N[C@@H]1c2cccnc2[C@H](OC(=O)N2CCC(n3c(=O)[nH]c4ncccc43)CC2)CC[C@H]1c1cccc(F)c1F,-1.1954028566626778
O=C1COc2ccc(CNC3CCN(CCN4C(=O)COc5ccc([N+](=O)[O-])cc54)CC3)nc2N1,-0.6028403374302964
Cc1ccc(C)c2oc(-c3nc(-c4ccc(C(=O)O)cc4)no3)cc12,-1.678194516142461
Cc1ccc(O)c(C(O)=Nc2ncc(Cl)s2)c1,-1.9590023075765075
Cc1ccc(NC(=O)c2cc(F)cc(C(F)(F)F)c2)cc1C(=O)Nc1cnc(Nc2ccc(N3CCN(C)CC3)cc2)nc1,-1.432221038427818
CC(CCO)n1nc(-c2ccc3cc(OC4CC4)ccc3c2)c(C(N)=O)c1N,-1.2928558116575553
CO[C@H]1/C=C/O[C@@]2(C)Oc3c(C)c(O)c4c(c3C2=O)C2=NC3(CCN(CC(C)C)CC3)NC2=C(N=C(O)/C(C)=C\C=C\[C@H](C)[C@H](O)[C@@H](C)[C@@H](O)[C@@H](C)[C@H](OC(C)=O)[C@@H]1C)C4=O,-0.5365400288758649
Nc1cc(C(=O)Nc2cccc(-c3nnn[nH]3)c2)cc(C(F)(F)F)c1,-1.6405800460406823
O=C(O)CCn1c(=O)oc2cc(OCC3CC3)c(Cl)cc21,-1.3983636523517635
COc1ccc([C@H](Cc2c(Cl)c[n+]([O-])cc2Cl)OC(=O)c2ccc(CNC(C(=O)O[C@H]3CN4CCC3CC4)c3ccccc3)s2)cc1OC,-1.1491700401514695
CCCc1cc(C)[nH]c(=O)c1CNC(=O)c1c(C)n([C@H](C)C2CCN(S(=O)(=O)CC)CC2)c2ccccc12,-1.678194516142461
Cc1ccc(C(=O)Nc2cc(Br)ccc2C(=O)O)cc1S(=O)(=O)Nc1ccc(Cl)c(Cl)c1,-2.5231683714877318
CCC(NC(=O)c1ccc(Cl)cc1)[C@H]1[C@@H]2C[C@@H](n3cnc4cccc(F)c43)C[C@@H]21,-2.000391041028584
C/N=C(\NC)NCc1ccccc1,-0.045709238298873
Cc1cc2nnc(O)n2c2cc(-c3cn[nH]c3)ccc12,-0.0056771271772894
C=CC(=O)Nc1cc(Nc2ncc(Cl)c(-c3cnn4ccccc34)n2)c(OC)cc1N1CC(N(C)C)C1,-1.5854444437707855
COc1cc(OC)c2nc(C)c3c(c2c1)N(c1ccc(O)cc1)CC3,-0.9481215581614264
Cc1c(-c2ccc3ncccc3c2)c(=O)n2nc(-c3ccccc3)c(-c3ccccc3)c2n1C,-2.000391041028584
Nc1ccn(C[C@@H](CO)OCP(=O)(O)O)c(=O)n1,-0.006821512665054
CCOC(=O)c1cc(-c2ccc(F)cc2F)ccc1O,-1.5854444437707855
CC[C@@H](NC(=O)C12CC(F)(C1)C2)[C@H]1[C@@H]2C[C@@H](n3cnc4cc(F)c(F)cc43)C[C@@H]21,-0.8543033708982299
CN(C)CCNC(=O)[C@H]1c2ccccc2C[C@@H]1NC(=O)c1cc2ccccc2[nH]1,-0.0554581099125212
c1ccc(Nc2nccc(-c3cnn4nc(N5CCOCC5)ccc34)n2)cc1,-1.678194516142461
CNC(=O)c1nn(C)c2c1C(C)(C)Cc1cnc(Nc3ccc(N4CCN(C)CC4)cc3)nc1-2,-1.678194516142461
CC(C)(C)NC(=O)c1c[nH]c2ncc(-c3nn(CCCS(C)(=O)=O)c4ccc(OC(F)F)cc34)nc12,-2.0972901870301213
C=CC(=O)Nc1cc(Nc2ncc(Cl)c(-c3cn(C)c4ccccc34)n2)c(OC)cc1N(C)CCN(C)C,-1.6202051567230198
CCCN(CCC)S(=O)(=O)c1ccc(C(=O)O)cc1,-0.915640244128689
CCc1ccc(-n2ccc(C(F)(F)F)c2COc2ccc(CCC(=O)O)c(F)c2F)cc1,-2.920891142398573
NC(=O)C(=O)C(Cc1ccccc1)NC(=O)c1cccnc1-n1ccc(-c2ccccc2)n1,-1.1491700401514695
Cc1c(Cl)c(C)[n+]([O-])c(Cl)c1-c1noc(-c2cc(O)c(O)c([N+](=O)[O-])c2)n1,-2.699187205881913
COc1ccc2c(c1)N(CCN1CCC(NCc3ccc4c(n3)NC(=O)CO4)CC1)C(=O)OC2,-0.5858772819033263
O=C(NCc1ccc(S(=O)(=O)c2cc(F)cc(F)c2)cn1)c1cc2ccncc2o1,-0.9961088337630896
O=C(Nc1cc(-c2cc3c([nH]2)C2(CCNC2)CNC3=O)ccn1)c1cccc(OC(F)(F)F)c1,-1.7451378557193975
C=CCN1CC[C@]23CCCC[C@H]2[C@H]1Cc1ccc(O)cc13,-0.0554581099125212
Cc1cc(NC(=O)c2sc(N)c(C(N)=O)c2C)ccc1F,-1.041388342235121
COc1ccc(C2Sc3ccccc3N(CCN(C)C)C(=O)C2OC(C)=O)cc1,-0.1899324914690063
CN(C)c1ccc(-c2cc3nccnc3c(NC[C@H]3CNCCN3C)n2)cn1,-1.1491700401514695
CCC[C@H](c1ccc(C(=O)O)c(Oc2cccc(Cl)c2)c1OC)N1CCC[C@H](n2cc(C)c(=O)[nH]c2=O)C1,-1.4563540467667528
O=C(C[C@@H]1C(=O)Nc2ccccc2N1S(=O)(=O)c1ccc2ccccc2c1)NCCc1ccc(C2=NCCN2)cc1,-0.6844620661810614
CN(C)CCN1CC[C@H]2Cn3c(c(C4CCCCC4)c4ccc(C(=O)O)cc43)-c3ccccc3[C@@H]21,-1.065931005569042
O=C(O)C[C@H](CCCCCCc1ccc2c(n1)NCCC2)c1cncnc1,-1.2150975501133452
Cc1cccc(C)c1NC(=O)C1CCCCN1C,-0.636820649941314
Cc1ccc(C(=O)Nc2cn3ncnc3c(CN3CCN(C(=O)C4CCCC4)[C@@H](C)C3)c2C)cn1,-0.6424977580706832
C[C@H]1CN(Cc2cc(Cl)ccc2OCC(=O)O)CCN1C(=O)Cc1ccc(F)cc1,-1.52766342535629
CCCCCN(CCCOC)C(=O)[C@@H](CCC(=O)O)N=C(O)c1ccc(Cl)c(Cl)c1,-1.6024771142816578
CCN(C(=O)NCc1ccc(S(C)(=O)=O)cc1)C1CCN(CCC(c2ccccc2)c2ccccc2)CC1,-0.4821825423073874
COc1nn(C)c2ncnc(NS(=O)(=O)c3cccc(Cl)c3Cl)c12,-1.7962873593922926
Cn1cnc2ncn(Cc3nc([C@H]4[C@@H]5CN(c6cccc(Cl)c6)C[C@@H]54)no3)c(=O)c21,-1.8390365292489657
CC(CCNC(=O)c1c(Cl)cncc1Cl)N1CCC(N(Cc2cccc(C#N)c2)c2ccc(OC(F)(F)F)cc2)CC1,-2.699187205881913
CC(=O)N1CCN(CCOc2ccc(C3CCN(c4ccc5nnc(C(F)(F)F)n5n4)CC3)cc2)CC1,-1.5532609546660656
Cc1nc(NC(=O)N2CCC[C@H]2C(N)=O)sc1-c1csc(C2(C)CC2)n1,-1.1028019176170332
COC(=O)/C=C/C(=O)O,-0.4085344125334539
Cn1cc(NC(=O)c2cnn3ccc(N)nc23)c(-c2cccc(Cl)c2)n1,-1.92121703980304
Cc1ccc(-c2ccc(C)cn2)nc1,-1.235131118977664
NC(=O)c1cccn2cc(-c3cccc(-c4cncc(OCCF)c4)c3)nc12,-1.9590023075765075
Cc1ccc(C(=O)Nc2cccc(C(F)(F)F)c2)cc1-c1ccc2nc(NCCN3CCOCC3)ncc2c1,-1.2928558116575553
Cc1ccccc1N=C(O)Nc1ccc(CC(=O)N2C[C@@H](F)C[C@H]2COc2ccc(C(=O)O)cc2)cc1Cl,-1.678194516142461
CC1(C)S[C@@H]2[C@H](NC(=O)[C@H](C(=O)O)c3ccsc3)C(=O)N2[C@H]1C(=O)O,-0.4551261567651986
CCNC(=O)Nc1ccc(-c2nc3c(c(N4CCOC[C@@H]4C)n2)C[C@@H]2CC[C@H]3N2C(=O)COC)cc1,-0.567463616735744
CC(C)(C)c1ncc2c(n1)-c1sc(NC(=O)N3CCC[C@@]3(C)C(N)=O)nc1CC2,-1.00920400009182
CO[C@H]1/C=C/O[C@@]2(C)Oc3c(C)c(O)c4c(O)c(cc(O)c4c3C2=O)NC(=O)/C(C)=C\C=C\[C@H](C)[C@H](O)[C@@H](C)[C@@H](O)[C@@H](C)[C@H](OC(C)=O)[C@@H]1C,-0.6972362915270183
CN(C)c1nc(NC[C@H]2CC[C@H](CNS(=O)(=O)c3ccc(Br)cc3OC(F)(F)F)CC2)nc2ccccc12,-2.824053529904458
Cc1c(Cc2ccc(C(F)(F)F)nc2)c[nH]c1C(=O)NCC(F)(F)F,-0.7403607351734727
CCOC(=O)CCN=C(O)C1CCn2c(C(=O)c3ccccc3)ccc21,-0.2066434281622001
CC(C)N1CCN(c2ccc(OC[C@H]3CO[C@](Cn4cncn4)(c4ccc(Cl)cc4Cl)O3)cc2)CC1,-1.2844228080425482
CCCCOC(=O)N1CCN(C(=O)[C@H](CCC(=O)O)N=C(O)c2cc(N3CCC(C(=O)N4CCCC4)CC3)cc(-c3ccccc3)n2)CC1,-1.4206394750654865
Nc1noc2c(N3CC[C@@H](NC(=O)c4ccc(-n5cnnc5)cc4Cl)C3)ncc(Cl)c12,-1.886457720046036
CN[C@@H]1[C@@H](O)[C@@H](O[C@@H]2[C@@H](O)[C@H](O[C@H]3O[C@H]([C@@H](C)NC)CC[C@H]3N)[C@@H](N)C[C@H]2N)OC[C@]1(C)O,-0.0887438202640971
COc1ccc(-c2ccc(S(=O)(=O)N[C@@H](C(=O)O)C3CCC(N4CCN=C4O)CC3)cc2)cc1,-1.9590023075765075
CC1(C)[C@@H]2CC[C@@]1(CS(=O)(=O)N1CCN(c3ccc(C(F)(F)F)cn3)CC1)C(=O)C2,-1.991791721592404
Cn1nc(-c2cccc3ccccc23)cc1C(=O)N1CCC(CO)CC1,-1.6202051567230198
CCN1C(=O)N(c2ccc(F)c(C(F)(F)F)c2)C(=O)C1(C)C,-0.2945699437247779
Cc1[nH]c(C(=O)NC2CC2)c(C)c1Oc1ccc(C(F)(F)F)nc1,-0.241521862008741
NC(=O)c1cncc(-c2ccc([C@H]3CC[C@H](CCO)CC3)cc2)n1,-1.5380215234713237
N#C[C@@]1(NC(=O)[C@@H](N)Cc2cccs2)C[C@@H]1c1ccccc1,-0.3369210979371196
CC(C)OC(=O)CNc1cccc(CN(Cc2ccc(-n3cccn3)cc2)S(=O)(=O)c2cccnc2)n1,-1.6386877748976718
Cc1ccc(S(=O)(=O)NC(=O)N2CCC(N3CCC(Oc4ccc(Cl)c(C)c4Cl)CC3)CC2)cc1,-0.7439548970669356
Fc1ccc(Oc2ccc(-c3noc(-c4n[nH]cc4Cl)n3)cc2)cc1,-1.2522387218155722
CC(=O)N1CCN(c2nc(C(=O)NCc3ccc(F)cc3)c(O)c3ncccc23)CC1,-1.9590023075765075
CC(C)Cn1c(=O)n(C)c(=O)c2c(C(=O)N3CC[C@@H](O)C3)c(Cc3ccnc4ccc(F)cc34)sc21,-0.3369210979371196
C[C@]12CCC(=O)C=C1[C@@H]1C[C@@H]1[C@H]1[C@@H]3[C@@H]4C[C@@H]4[C@@]4(CCC(=O)O4)[C@@]3(C)CC[C@@H]12,-1.3876400520322256
CN1CCC2(CC1)CNC(=O)c1cc(-c3ccnc(NC(=O)c4ccc5ccccc5c4)c3)[nH]c12,-2.2222108125651343
COc1ccc(COc2cnn(CC(=O)c3ccc(CN(C)C)cc3C)c(=O)c2)nc1,-1.1491700401514695
O[C@H]1CC[C@H](Nc2nccc(-c3cnn4nc(N5CCOCC5)ccc34)n2)CC1,-0.9176455486690313
COCCOc1cnc2ccc([C@H](C)n3nnc4ccn(-c5cc(C)ns5)c(=O)c43)cc2c1,-1.886457720046036
O=C(Nc1ccc(F)c(F)c1F)NC1C2CC3CC(C2)CC1C3,-1.886457720046036
CCCNC(=O)c1cn2ncnc(Nc3cc(C(=O)NC4CC4)ccc3C)c2c1C,-0.7309192303085675
COC(=O)c1ccccc1C1=CCC(CNc2nccc(C)c2NC(=O)CC#N)CC1,-1.9590023075765075
CNC(=O)CN1CCC(Oc2cc3c(Nc4ccc(F)c(Cl)c4)ncnc3cc2OC)CC1,-1.5532609546660656
Cc1ccc(NC(=O)c2cccc(C(C)(C)C#N)c2)cc1C(=O)Nc1cnc(N)c(Cl)c1,-1.397279298161686
Cc1nc(N)ccc1-c1cnn(C(CC2CC2)c2ccc(-c3c(-n4cnnn4)ccc(Cl)c3F)c[n+]2[O-])c1,-1.4441199353631946
O=C(NCCO)c1cccc(-c2ccc(Cn3cc(C(=O)O)c(=O)c4cccc(F)c43)cc2)c1,-1.6024771142816578
COc1ccnc(C2(C#N)CCN(Cc3cc(C(=O)O)c(=O)n4ccccc34)CC2)c1,-0.6619760240032981
O=C(O[C@@H]1CC[C@@H](c2cccc(F)c2F)[C@H](O)c2cccnc21)N1CCC(n2c(=O)[nH]c3ncccc32)CC1,-1.3771748708039588
Cc1noc(C)c1S(=O)(=O)Nc1c(N2CCC(c3ccccc3)CC2)c(=O)c1=O,-1.9590023075765075
O=C(O)c1cn(Cc2ccc(-c3cn[nH]c3)cc2F)c2cccc(F)c2c1=O,-1.3472123374569849
Cc1noc2c(F)c3c(cc12)CC1(C(=O)NC(=O)NC1=O)[C@H]1[C@H](C)O[C@H](C)CN31,-1.0227063304123192
Cc1onc(C(=O)N2CCC(Nc3cc(=O)n(C)c4cc(F)c(F)cc34)CC2)c1C,-1.2928558116575553
N#Cc1cnc(NCC(F)(F)c2ccccc2)c(=O)n1CC(=O)NCCONC(=N)N,-0.2920127608980421
Cc1noc2c1-c1ccc(-c3cnn(CC(N)=O)c3)cc1N(c1ccc(C#N)cc1)CC2C,-1.9590023075765075
CO[C@H]1CN(c2nc(C(=O)NCCN3CCCC3=O)c(C(=O)O)s2)CC[C@H]1NC(=O)c1[nH]c(C)c(Cl)c1Cl,-1.113938140804323
O=C(Cn1ccnc1[N+](=O)[O-])NCc1ccccc1,-0.2835959540622216
CC(C)(O)[C@]12C[C@@](NC(=O)c3cnc4nc(C5CC5)ccc4c3)(C1)C2,-0.5076727249063073
NC(=O)c1ccc2c(c1)CCCN2Cc1ccc(C(=O)NO)cc1,-0.8450954342551825
COc1ccc2c(-c3ccnc(N[C@H]4CC[C@H](O)CC4)n3)cnn2n1,-0.8214546854889927
C=CC(=O)N1CCC[C@@H](n2nc(-c3ccc(Oc4ccccc4)cc3)c3c(N)ncnc32)C1,-1.5253301497137293
Oc1nc2ccccc2n1CCCN1CCC(n2c(O)nc3cc(Cl)ccc32)CC1,-1.0866153578469149
CCOC(=O)C1=C(C)N/C(=C/c2cc(C)n(-c3ccncc3)c2C)C1=O,-0.6972362915270183
Cc1nc(C(=O)NCC(=O)O)c(O)c2ccc(Oc3ccccc3)cc12,-1.9590023075765075
COc1cccc(Nc2nc(NCC3CCCO3)c3ccccc3n2)c1,-1.889811102843363
N=c1c(S(=O)(=O)c2ccc(Cl)cc2)cc2c(=O)n3ccccc3nc2n1C1CCCC1,-0.3005959181846626
N#Cc1ccc2ccc(=O)n(CCN3CC[C@@H](NCc4ccc5c(n4)NC(=O)CO5)[C@@H](F)C3)c2c1,-0.6924018186240714
Cc1nc(Oc2ccc(C(=O)O)cc2)ccc1CN1CCC(N2C(=O)N(C3CCOCC3)C[C@H]2c2cccc(Cl)c2)CC1,-1.3569719551908734
CCNC(=O)c1cc2c(-n3ccc(C(F)(F)F)n3)c(-c3cncc(C(N)=O)c3)cnc2[nH]1,-0.4430464251464634
Cc1cc2c(cc1CC(=O)c1sccc1S(=O)(=O)Nc1onc(C)c1Cl)OCO2,-1.8496473500879136
CC(C)OC(=O)CCC/C=C\C[C@@H]1[C@@H](CC[C@@H](O)CCc2ccccc2)[C@H](O)C[C@@H]1O,-0.5698902442210556
COc1ccc(-c2cc3c(N[C@@H]4CC[C@](C)(N)C4(C)C)c(C(N)=O)cnn3c2)cn1,-0.9961088337630896
O=C(Cn1cnc([N+](=O)[O-])n1)Nc1nc(-c2ccc(F)c(F)c2)cs1,-2.5231683714877318
CCC(c1nc2cc(Cl)ccc2[nH]1)[C@H]1[C@@H]2C[C@@H](c3ccnc4ccc(F)cc34)C[C@@H]21,-2.886156881062508
COc1cccc(CNc2nc(NC(C)C)nc3ccsc23)c1OC,-2.4321153092162984
Cc1[nH]c(C)c(-c2ccc(OCc3ccc(OC(F)(F)F)cc3)nc2)c(=O)c1Cl,-1.5090587946432126
COc1ccc(C[C@H](N)C(=O)N[C@@H](Cc2ccccc2C)C(N)=O)cc1,-0.4430464251464634
Cc1ccc2c(c1)c(-c1ccnc3cc(Cl)ccc13)c(C)n2CC(=O)O,-2.5334185450144924
Cc1c(CC(=O)O)c2cc(F)ccc2n1Cc1nc2ccccc2s1,-1.7524366851343112
CCC(=O)C(CC(C)N(C)C)(c1ccccc1)c1ccccc1,-0.8402632123998323
CNc1ncc(-c2ccc3c(=O)c(C(=O)O)cn(C4CC4)c3c2C)cc1C,-0.7549193739145564
OC(=N[C@H]1CC[C@H]2CN(Cc3cccc(C(F)(F)F)c3)C[C@H]21)C(C1CCCCC1)C1CCCCC1,-1.9590023075765075
CC(C)N1C(=O)[C@H](NC(=O)[C@@H](Cc2ccccc2OC(F)(F)F)NC(=O)OC(C)(C)C)CCc2ccccc21,-2.3982658517398923
CC(C)(C)c1ccccc1Oc1ncccc1NC(=O)Nc1ccc(OC(F)(F)F)cc1,-2.0972901870301213
O=C(C[C@H]1CC[C@@H](C(=O)O)CC1)N1CCc2c(n(Cc3ccc(F)cc3F)c3ncccc23)C1,-2.1552743720267773
C[C@H](CO)Nc1nc(SCc2cccc(F)c2F)nc2nc(N)cnc12,-1.3405087991341442
C[C@H](O)c1nccn1Cc1cc(-c2ccc(C#CC3(N)CC3)cc2)no1,-0.935972774897656
CCCN1CCCN(c2ncc(-c3ccc4c(Nc5cnccn5)ccnc4c3)cn2)CC1,-0.9961088337630896
Cc1cc(-n2ccnc2)cc2nc(-c3c(NC[C@@H](O)c4cccc(Cl)c4)ccnc3O)[nH]c12,-1.9590023075765075
O=c1nc(NCc2ccccc2)sn1Cc1ccccc1,-2.657814271706318
CC1(C)NC(=O)N(c2ccc(C(F)(F)F)nc2)C1=O,-0.0876806766492165
CCCNC(=O)c1cc2c(-n3ccc(C(F)(F)F)n3)c(-c3cncc(C(=O)O)c3)cnc2[nH]1,-1.1094493270412118
CC1=C(C(=O)OCc2ccccc2)C(=O)/C(=C\c2cc(C)n(-c3ccccc3C(F)(F)F)c2C)N1,-1.1942477451993276
Nc1ncnc2c1C(=O)N(c1ccc(-c3ccccc3F)cc1)CCO2,-1.091944125901233
CC(C)C(NC(=O)c1ccccc1)C(=O)c1ccc([N+](=O)[O-])cc1,-1.3689805856550623
CCOc1nc2cccc(C(=O)O)c2n1Cc1ccc(-c2ccccc2-c2nnn[nH]2)cc1,-1.9590023075765075
O=C(c1nc2c(C(F)(F)F)cc(C3CC3)cn2c1Cl)N1CCN([C@H]2CC[C@H](O)CC2)C(=O)C1,-0.7674358591132167
CNC(=O)[C@@]12C[C@@H]1[C@@H](n1cnc3c(NC)nc(C#Cc4ccc(Cl)s4)nc31)[C@H](O)[C@@H]2O,-1.557939048797789
CCN[C@@H]1C[C@H](N)[C@@H](O[C@H]2OC(CN)=CC[C@H]2N)[C@H](O)[C@H]1O[C@H]1OC[C@](C)(O)[C@H](NC)[C@H]1O,-0.045709238298873
CCc1nccn1-c1ccc(N=C(O)c2cc(C(F)(F)F)nn2-c2ccc3o[nH]c(=N)c3c2)c(F)c1,-1.2928558116575553
CN(C)CCc1c[nH]c2ccc(Cn3cncn3)cc12,-0.0654308554086806
CNC(=O)OCC[C@H]1C[C@@H]1c1cncc(OC[C@@H]2CCN2)c1,-0.0380647020265987
CC(C)[C@@H]1CNC(=O)c2cc(N3CCOCC3)nn21,-0.0314843638442568
CC(C)CN1CCC([S+](O)c2ccc(CNC(=O)c3cc4ccncc4o3)cc2)CC1,-0.6972362915270183
C[C@@](C(=O)O[C@H]1C[N+]2(CCc3ccccc3F)CCC1CC2)(c1ccccc1)N1CCCCC1,-2.044698621358919
Cn1cc(-c2ccc(Cn3cc(C(=O)O)c(=O)c4ccccc43)c(F)c2)cn1,-1.678194516142461
Cn1cnc2ncn(Cc3nn([C@H]4C[C@H](c5ccccc5)C4)c(=O)o3)c(=O)c21,-1.174353220625973
CN1CCN(C(=O)C[C@H](NC(=O)/C=C/c2cc(Cl)ccc2-n2cnnn2)c2nc(-c3ccc4[nH]c(=O)cc(O)c4c3)c(Cl)[nH]2)CC1,-1.091944125901233
CCCCN1CCCC[C@H]1C(=O)Nc1c(C)cccc1C,-1.1596950040587275
CC(C)(C)NCc1ccc(Nc2ccnc3cc(Cl)ccc23)cc1O,-0.9176455486690313
Cn1c(=O)oc2ccc(-c3ccc(C[C@@H](C#N)NC(=O)[C@@H]4CNCCCO4)cc3)cc21,-0.8831598975873358
CCCCCOC(=O)N1CCN(C(=O)[C@H](CCC(=O)O)N=C(O)c2cc(N3CCC(C(=O)N4CCCC4)CC3)cc(-c3ccccc3)n2)CC1,-1.236999022944533
Cc1cccc(Cl)c1Nc1nc2cc(C(=O)Nc3cc(C(F)F)ccc3F)c3c(c2[nH]1)CC(C)(C)O3,-2.744920557572451
C[C@@H](Nc1cc(F)cc(F)c1)c1cc(C(=O)N(C)C)cn2c(=O)cc(N3CCOCC3)nc12,-0.9176455486690313
C[C@H](CO)Nc1cc(NS(=O)(=O)N2CCOCC2)nc(SCc2cccc(F)c2F)n1,-1.5090587946432126
COc1cnc(-c2cccc(F)c2C(F)(F)CNC(=O)c2ccc(COCC(F)(F)F)nc2)cn1,-1.4715049498758348
C[C@@H]1O[C@@]2(CS1)CN1CCC2CC1,-0.0705044408445938
CCCS(=O)(=O)N[C@H]1C[C@@H](N(C)c2ncnc3[nH]ccc23)C1,-0.61423706907425
CCc1c(CCN2CCCCC2)cccc1-c1nsc(-c2ccc(CC(C)C)c(C#N)c2)n1,-2.9318772454557163
Cc1cccc(-c2cnc(N)c(C(=O)NC3CCCC3)n2)c1,-1.6202051567230198
CCn1cc2c(Oc3cnc(C(=O)N4CCC4)c(F)c3)cc(C(=O)Nc3cnc(C)cn3)cc2n1,-0.6972362915270183
O=C(N[C@H]1CCNC1=O)c1cnc2cc(C3CC3)ncc2c1,-0.2437976421817071
CN(C)c1ccc(-c2cc3nccnc3c(NC[C@H]3CNCCC3(F)F)n2)cn1,-1.2928558116575553
O=C(c1cc(-c2ccccc2I)c2ccccc2n1)N1CCOCC1,-1.0529958832644457
Cc1cccc([C@H](C)c2c[nH]c(=S)[nH]2)c1C,-0.768452936713113
CNc1nc2[nH]c(-c3cccc(CNC(=O)COC)n3)cc2c2c1ncn2C,-1.125367452031517
Cc1cc(Nc2ccc(C(C)C)cc2)n2ncnc2n1,-1.0559468995472738
COc1c(C)c2c(c(O)c1C/C=C(\C)CCC(=O)OCCN1CCOCC1)C(=O)OC2,-0.9751245453096394
C#Cc1ccc(/C=C/c2nc3ccccc3c(=O)n2-c2cccc(S(N)(=O)=O)c2)cc1,-1.721658030939094
CCNC(=O)C[C@@H]1N=C(c2ccc(Cl)cc2)c2cc(OC)ccc2-n2c(C)nnc21,-0.6656772606704612
COC(=O)/C=C/C(=O)OCCN1C(=O)CCC1=O,-0.1578246475529692
CC(C)(CNc1ccc(-c2cccc(C(N)=O)c2)nn1)c1ccc(F)cc1,-0.0361744095587378
CN[C@@H](C)C(=O)N[C@H](C(=O)N1CC[C@H]2CC[C@H](NC(=O)c3cccc4ccccc34)[C@H]21)C(C)(C)C,-1.7699600188420606
Cc1cc2cccc(NC(=O)c3ccccc3NS(=O)(=O)C3CC3)c2o1,-0.0114294501995958
Cc1[nH]c(=N)ccc1CN=C(O)Cn1c(C)cc(S(=O)(=O)CC2CC2)c(N)c1=O,-0.5218665718994825
C=C(C(=O)OCC)C(O)c1ccccc1Cl,-0.4551261567651986
CN(C)c1ccc(-c2cc3nccnc3c(NC[C@@H]3CNCCN3C)n2)cn1,-1.041388342235121
COc1cc2ccc(Br)cc2cc1[C@@H](c1ccccc1)[C@@](O)(CCN(C)C)c1ccc2occc2c1,-3.0
C[C@H]1[C@H](F)C[C@@H](C(=O)NCc2cc(-c3cnc(C(F)(F)F)nc3)ncc2F)N1S(=O)(=O)c1ccc(F)cc1,-1.678194516142461
N=c1[nH]cc(F)c2c1ncn2[C@@H]1CC[C@@H](O)[C@H]1O,-0.0004340770450241
COCCOc1ccc([C@H]2C[C@@H](C(F)(F)F)n3ncc(C(=O)NCc4ccc(F)cn4)c3N2)cc1,-0.9105258659651712
O=C1O[C@@H](Cn2ccnn2)CN1c1ccc(-c2ccc(C(O)CO)nc2)c(F)c1,-0.2672364431021822
CN(C/C=C/C#CC(C)(C)C)Cc1cccc2ccccc12,-1.9590023075765075
C[C@@](C(=O)O[C@H]1C[N+]2(CC(=O)Nc3ccccc3)CCC1CC2)(c1ccccc1)N1CCCCC1,-1.8214287754210947
Cc1ccc(CCNC(=O)c2ccc3sc(CO)nc3c2)cc1,-1.5189775360099855
c1cnc2c(NC[C@H]3CCCNC3)nc(-c3cn[nH]c3)cc2n1,-0.6184156653472478
Cc1cn2nc([C@@H]3CCCCN3C(=O)c3cc(Cl)ccc3NS(C)(=O)=O)cc2nc1N1CCC1,-1.721658030939094
CNc1cc(-c2csc(N(C)C(=O)c3ccc([18F])cc3)n2)ncn1,-1.9069777692194363
Cc1ccc(-c2cc3ncn(C)c(=O)c3c(NC[C@H]3CCCNC3)n2)cc1,-0.9961088337630896
CC(C)C[C@@H]1C(=O)N[C@H](C2Cc3ccccc3C2)C(=O)N1[C@@H](C(=O)NC(C)C)c1ccc(C(F)(F)F)o1,-1.5090587946432126
COc1ccccc1OCC(O)COC(N)=O,-0.2648348129419938
O=C1N(c2ccccc2)c2ccccc2C1(Cc1ccncc1)Cc1ccncc1,-2.3013775702979022
COc1cc2c(cc1OC)[C@@H]1CC(=O)[C@@H](CC(C)C)CN1CC2,-0.5200667639335449
O=C(c1cccn2cncc12)N1CCC(F)(F)[C@@H](Oc2ccc3ccccc3n2)C1,-0.9551076165256404
CCCOCCn1c(=O)c(NCCN)nc2cnc(-c3ccc(OC)nc3)cc21,-0.5603113306246118
Cc1ccc(Nc2nc3ccc(N4CCN(C)CC4)cc3[nH]2)nc1,-0.7356143261121522
CCCCCc1cc(O)c2c(c1)OC(C)(C)[C@@H]1CCC(C)=C[C@@H]21,-1.5090587946432126
CC(=O)N1CCN(c2nc(NC(C)(C)Cc3ccc(Cl)cc3)c3c(n2)C(=O)N(C(C)C)C3)CC1,-1.480593384383866
CS(=O)(=O)OC[C@H](O)[C@@H](O)COS(C)(=O)=O,-0.0860908251430713
COCC#Cc1cccc(C2(c3ccc(OC(F)F)cc3)N=C(N)N3CC(F)(F)CN=C32)c1,-1.9176132149096263
C=CCOc1ccc(CC(=O)O)cc1Cl,-1.9590023075765075
O=C1Nc2cc(O)c(Cl)cc2[C@@](C#CC2CC2)(C(F)(F)F)O1,-0.5056525914167269
O=C(N[C@H]1CC[C@H](O)CC1)OCCCCc1ccccc1,-1.1679192060382018
CC(=O)C1=NN(c2cc(C)ccc2F)C[C@@]1(CCCN(C)C)c1ccccc1,-1.3876400520322256
CNc1c(C(N)=O)cnc2[nH]c(-c3ccc(OCCN4CCOCC4)cc3)nc12,-0.6718490220401534
Cc1nc2c(-c3ccc(F)cc3)cnn2c(NCc2ccccn2)c1S(C)(=O)=O,-2.3982658517398923
O=C(O)C1=Cc2cc(S(F)(F)(F)(F)F)ccc2O[C@@H]1C(F)(F)F,-2.8539960661891137
O=C1[C@@H]2[C@H]3CC[C@H](C3)[C@@H]2C(=O)N1C[C@@H]1CCCC[C@H]1CN1CCN(c2nsc3ccccc23)CC1,-1.9590023075765075
OC(CCN1CCCCC1)(c1ccccc1)C1CC2C=CC1C2,-1.013658295786453
C[C@@H](NC(=O)C1CCNCC1)c1ccc(Nc2ncc3cc(-c4ccncc4)ccc3n2)cc1,-1.312896623973277
N#CC1(c2ccccc2)CCN(Cc2cc3c(c4ccccc24)CN([C@H]2CCCC[C@@H]2O)C3=O)CC1,-1.92121703980304
CCC(NC(=O)c1ccc(Cl)cc1)[C@H]1[C@@H]2C[C@@H](n3cnc4ncccc43)C[C@@H]21,-1.0813511817281891
COc1ccc(S(=O)(=O)Nc2cc(Cl)cc(Cl)c2O[11CH3])cc1N1CCNCC1,-1.9590023075765075
C[C@H]1CN(C[C@H](Cc2ccccc2)C(=O)NCC(=O)O)CC[C@@]1(C)c1cccc(O)c1,-0.7724167650784762
CCP(=O)(OC)c1ccc2oc(-c3ccc(F)cc3F)nc2c1,-0.8214546854889927
CC(C)[C@H]1C(=O)N[C@H](CO)Cc2ccccc2N1C,-0.4303576365691369
CN(C)c1ccccc1S(=O)(=O)NC(=O)N1CCC(N2CCC(Oc3ccc(Cl)c(Cl)c3)CC2)CC1,-1.733239285130446
Cn1cc2cc(Cn3cc(C(=O)O)c(=O)c4c(F)cccc43)ccc2n1,-0.6275206667348893
O=C(O)COc1ccc(C(=O)c2cccs2)c(Cl)c1Cl,-2.3982658517398923
NS(=O)(=O)c1ccc(OCCCN2CCC(C(O)(c3ccccn3)C3CCCC3)CC2)cc1,-0.5350501715294832
c1ccc(Nc2nccc(-c3cnn4ccccc34)n2)cc1,-1.9590023075765075
N#Cc1cc(F)c(Cl)cc1O[C@H](CCN)c1ccccc1,-0.5372868785641498
C[C@@]1(N)C[C@H](C(=O)N2CCC(c3ccnn3-c3ccc(F)c(Cl)c3)CC2)[C@@H](c2ccc(F)cc2F)C1,-1.1808839894758698
CN[C@@H](C)C(=O)N[C@H](C(=O)N[C@H]1CCCN(CCc2ccccc2F)C1)C1CCCCC1,-0.5806422720792813
O=C(O)c1cn(Cc2ccc(-n3ccc4ncccc43)cc2)c2cccc(F)c2c1=O,-1.3983636523517635
C[C@@H](O)[C@H]1C(=O)N2C(C(=O)O)=C(S[C@@H]3CN[C@H](C(O)=Nc4cccc(C(=O)O)c4)C3)[C@H](C)[C@H]12,-1.1491700401514695
CCc1cc(F)c(N)c2nc(-c3ccc(P(=O)(O)O)o3)n(CC(C)C)c12,-2.699187205881913
CS(=O)(=O)N1CCN(Cc2cc3nc(-c4cnc(N)nc4)nc(N4CCOCC4)c3s2)CC1,-0.3093521342564098
Nc1ncnc2nc(-c3ccc(N4CCOCC4)nc3)cc(-c3cccc(Br)c3)c12,-1.452647491285702
COc1ccc(-c2cc(-c3ccc(S(C)(=O)=O)cc3)cnc2N)cn1,-0.9961088337630896
O[C@@H](c1cc(C(F)(F)F)nc2c(C(F)(F)F)cccc12)[C@H]1CCCCN1,-1.721658030939094
CCC/N=C1\S/C(=C\c2ccc(OC[C@H](O)CO)c(Cl)c2)C(=O)N1c1ccccc1C,-2.0608652931549933
OCCN1CCN(CCCN2c3ccccc3Sc3ccc(Cl)cc32)CC1,-1.252471437754126
CN(C)C(=O)Cn1c(-c2ccccc2)c(C2CCCCC2)c2ccc(C(=O)N(C)S(=O)(=O)Cc3ccccc3)cc21,-0.0004340770450241
C[C@H]1[C@@H](OC(=O)CCC(=O)O)O[C@@H]2O[C@@]3(C)CC[C@H]4[C@H](C)CC[C@@H]1[C@@]24OO3,-0.7969909236424901
COc1ccc(CC2(O)c3ccccc3C3=NCCN32)cc1,-0.9961088337630896
C[C@]1(COc2ccc(N3CCC(Oc4ccc(OC(F)(F)F)cc4)CC3)cc2)Cn2cc([N+](=O)[O-])nc2O1,-2.2222108125651343
CCCCCCO[C@@H](C)c1cccc(-c2csc(NC(=O)c3cc(Cl)c(/C=C(\C)C(=O)O)c(Cl)c3)n2)c1OC,-2.699187205881913
CC(C)(C)c1ncc2c(n1)-c1sc(NC(=O)N3CC[C@@H]4C[C@@]43C(N)=O)nc1CC2,-0.9771779315038248
COC(=O)CCc1ccc(OCC(O)CNC(C)C)cc1,-0.3462570059742641
CC1=NN(c2ccccc2)C(=O)C1,-1.0634133785670563
COCCNc1nc2ccc(C#CC3(O)CCCCC3)cc2n1-c1ccnc(N)n1,-1.3876400520322256
Cc1ccc(S(C)(=O)=O)cc1C#Cc1cc(Cl)ccc1OCC(=O)O,-1.7451378557193975
O=C(CN1CCN(Cc2ccn(-c3ccc(C(F)(F)F)cn3)c2)CC1)NC(c1ccc(F)cc1)c1ccc(F)cc1,-2.620042170655314
COc1cc2nnc(C(N)=O)c(Nc3ccc(F)cc3F)c2cc1OC,-1.3405087991341442
CC(=O)OCC(=O)[C@@]1(O)CC[C@H]2[C@@H]3CCC4=CC(=O)CC[C@]4(C)C3=CC[C@@]21C,-1.1808839894758698
Cc1cc([C@H](C)Nc2nccc(N3C(=O)OC[C@@H]3[C@H](C)F)n2)ncc1-c1ccnc(C(F)(F)F)c1,-0.7674358591132167
O=C(CC(O)c1cc(Cl)ccc1OCc1ccccc1)NO,-0.226647334926082
CCN1CCC[C@H]1CN=C(O)c1c(OC)ccc(Br)c1OC,-0.6560402709928592
C[C@@H](C(N)=O)c1ccc(OS(=O)(=O)C(F)(F)F)cc1,-0.96680571716561
Nc1ncccc1Nc1ncnc2ccc(-c3cccc(N4CCOCC4)c3)cc12,-1.2928558116575553
NC1=NC(c2ccc(F)cc2)Cc2ccccc21,-0.4430464251464634
COc1ccc(-c2cc(N)n3ncc(C#N)c3n2)cc1,-1.1641040589529887
CC(C)Cc1ccc([C@@H](C)C(=O)NCCOCCO)cc1,-0.7699830331726187
Cc1ccc(NC(=O)C[N+]23CCC(CC2)[C@@H](OC(=O)C2(C4=CC=CC4)CCCCCC2)C3)nn1,-0.9961088337630896
CCO[C@H]1CN(c2ncc(C(=O)O)s2)CC[C@H]1NC(=O)c1[nH]c(C)c(Cl)c1Cl,-1.4952709483787436
O=C1C2CCCN2C(=O)N1c1ccc(F)c(C(F)(F)F)c1,-0.2672364431021822
O=C(NC[C@@H](O)CN1CCC(Oc2ccc(Cl)c(Cl)c2)CC1)c1c[nH]c(=O)c2ccccc12,-1.6961378871820822
O=C(O)CCn1c(=O)oc2cc(OCc3ccccc3)c(Cl)cc21,-1.7451378557193975
COc1cc2ncc(C(N)=O)c(Nc3ccc(Cl)c(Cl)c3)c2cc1N1CCN(C)CC1,-1.4345748799673852
Cc1c(-c2ccc(N3CCC[C@@H](C)C3)cc2)[nH]c2cc(F)cc(F)c2c1=O,-2.2222108125651343
CC(=O)N1C[C@H]2CC(c3ccc(OCCOc4c(Cl)cc(C)cc4Cl)cc3)=C(C(=O)N(Cc3cccc(C)c3C)C3CC3)[C@@H](C1)N2,-1.9590023075765075
CS(=O)(=O)c1ccc(F)c(C#Cc2cc(Cl)ccc2OCC(=O)O)c1,-1.854275425119336
O=[N+]([O-])c1ccc2c(c1)C(c1ccccc1Cl)=NCC(O)=N2,-0.8214546854889927
COc1c(F)cccc1C1CCN(c2ccn3c(CC4CC4)nnc3c2C(F)(F)F)CC1,-1.9590023075765075
CN(c1ccccc1Cl)S(=O)(=O)c1ccc(N=C(O)c2ccncn2)cc1,-1.7451378557193975
CCCCCCCCN(CCC(=O)Nc1ccccc1)CCC(=O)Nc1ccc(F)cc1,-1.854275425119336
Cc1nc2cc([C@@H]3CCCCN3C(=O)c3ccccc3NS(C)(=O)=O)nn2c(C)c1C,-1.6579920709826637
N#Cc1ccc(OCCCN2CCC(C(O)(c3ccccn3)c3nccs3)CC2)cc1,-1.201087061911587
Cc1cn2nc(-c3cc(=O)n4cc(N5CCNCC5)ccc4n3)cc2c(C)n1,-0.5218665718994825
CNc1c(Br)cnc2[nH]c(-c3ccc(S(C)(=O)=O)cc3)nc12,-1.312896623973277
CC(C)(CO)NC(=O)c1c[nH]c2ncc(-c3nn(CCCS(C)(=O)=O)c4cc(F)ccc34)nc12,-1.1808839894758698
CCOc1ccc(C[C@H]2CN34->[Gd]5678(<-N(CC3)(CC(=O)O5)CC(=O)O6)(<-N2(CC(=O)O7)CC(=O)O8)OC(=O)C4)cc1,-0.0196537439297598
O=C(NCc1ccc(OC(F)(F)F)cc1)C1c2ccccc2C(=O)N1C[C@@H]1CCCO1,-1.4345748799673852
CC(C)NC(=O)c1cc2c(-n3ccc(C(F)(F)F)n3)c(-c3cncc(C(=O)O)c3)cnc2[nH]1,-0.6407868198934434
Cc1ccc(S(=O)(=O)Nc2c(C(=O)N[C@@H](C)C(C)(C)C)c(C)nn2C2CCCC2)cc1,-1.6501670863194118
O=C(Nc1cccc(N2CCCS2(=O)=O)c1)c1ccccc1Br,-1.041388342235121
CSc1nc2nc(C)cc(Nc3ccc(S(F)(F)(F)(F)F)cc3)n2n1,-1.6202051567230198
CS(=O)(=O)c1ccc(C2=C(c3ccccc3)C(=O)OC2)cc1,-0.9859097686920432
Fc1ccc(C(c2ccc(F)cc2)N2CCN(C/C=C/c3ccccc3)CC2)cc1,-1.2928558116575553
CC(=O)Nc1cccc(-n2c(=O)n(C3CC3)c(=O)c3c(Nc4ccc(I)cc4F)n(C)c(=O)c(C)c32)c1,-1.7274100547712323
C[C@@H](c1nnc(-c2ccccc2)o1)N1CC(C)(C)[C@@H](Oc2ccc(C#N)c(C(F)(F)F)c2)C1=O,-1.721658030939094
CC(=O)N1CCN(c2cc(-c3ccccc3O)nnc2N)C[C@H]1C,-0.6184156653472478
C[C@@H]1c2nnn(-c3cnccn3)c2CCN1C(=O)c1cccc(C(F)(F)F)c1Cl,-1.0710104716285322
CCn1ncc2c(F)cc(-c3ccc(C(/C=C4\OC(=O)NC4=O)(CC)CC)c(=O)[nH]3)cc21,-2.6780082524527327
C[C@H]1c2cccc(O)c2C(=O)C2=C(O)[C@]3(O)C(=O)C(C(=N)O)=C(O)[C@@H](N(C)C)[C@@H]3[C@@H](O)[C@@H]21,-0.9961088337630896
CC(=O)N[C@H]1[C@H]([C@H](O)[C@H](O)CO)OC(C(=O)O)=C[C@@H]1NC(=N)N,-0.0222535377083363
CC(C)(O)CNc1nc(Nc2ccnc(C(F)(F)F)c2)nc(-c2cccc(C(F)(F)F)n2)n1,-1.6142745351790648
Cn1cc(-c2cc3nccnc3c(OC[C@H]3CCCNC3)n2)cn1,-0.6560402709928592
N[C@@H](CC(=O)N1CCn2c(nnc2C(F)(F)F)C1)Cc1cc(F)c(F)cc1F,-0.1972977716199644
O=C(CC1CCN(Cc2ccn(-c3ccc(C(F)(F)F)cc3)c2)CC1)NC(c1ccncc1)c1ccc(Cl)cc1,-1.854275425119336
CCC[C@H](c1ccc(C(=O)O)c(Oc2cccc(Cl)c2)c1)N1CCC[C@H](n2cc(C)c(=O)[nH]c2=O)C1,-1.889811102843363
O=C(C1CC2(CCN(C3CCOCC3)CC2)C1)N1CCN(C2CCC2)CC1,-0.2920127608980421
CC(C)C[C@H](CO)Nc1nc(SCc2ccccc2)nc2[nH]c(=O)sc12,-2.5231683714877318
Nc1c(C(=O)NCC(O)(CN(CCO)C(=O)c2c(Cl)cccc2Cl)C(F)(F)F)cnn1-c1ccc(F)cc1,-1.1491700401514695
CCS(=O)(=O)NC(=O)c1ccc2c(C3CCCCC3)c(-c3ccoc3)n(CC(=O)N(C)C)c2c1,-0.0034848254850896
CN(C)CCN(Cc1cccc2ccccc12)c1cc(N2CCOCC2)nc(=O)[nH]1,-0.4689543161183178
CCCCN1CCCCC1C(O)=Nc1c(C)cccc1C,-1.2928558116575553
OC(=Nc1cccc(OC(F)F)c1)c1ccccn1,-1.3876400520322256
CCOc1cccc(/C=C2\SC(=O)NC2=O)c1N1CCC[C@@H](N)C1,-1.2753318037789223
Nc1nc(=O)c2c([nH]1)NCC(CNc1ccc(C(=O)N[C@@H](CCC(=O)O)C(=O)O)cc1)N2C=O,-1.0559468995472738
CO[C@H]1CN(c2nc(-c3cncnc3)c(C(=O)O)s2)CC[C@H]1NC(=O)c1[nH]c(C)c(Cl)c1Cl,-1.92121703980304
Cc1cc(Nc2nc(N[C@@H](C)c3ccc(F)cn3)c(C#N)cc2F)n[nH]1,-1.2672292110816938
CN1CCN(c2ccc3ncc(C(N)=O)c(Nc4ccc(F)cc4F)c3c2)CC1,-0.587972282609552
COc1cc2nnc(C(N)=O)c(Nc3cccc(Cl)c3F)c2cc1N1CCN(C)CC1,-1.100608534202453
Cc1ccc2c(c1)c(-c1ccnc3c(F)cccc13)c(C)n2CC(=O)O,-2.000391041028584
CCOc1cc([C@@H](CS(C)(=O)=O)N2C(=O)c3cccc(N=C(C)O)c3C2=O)ccc1OC,-0.4939281250746494
N#Cc1cc(Cl)cc(Oc2cc(OCc3n[nH]c4nc(N)ccc34)ccc2Cl)c1,-1.4441199353631946
C[C@@](C(=O)O[C@H]1C[N+]2(CC(=O)Nc3cnccn3)CCC1CC2)(c1ccccc1)N1CCCCC1,-0.7475790521461048
COc1cc(OC)nc(-c2nc(N3CC[C@@H](NC(=O)c4[nH]c(C)c(Cl)c4Cl)[C@@H](OC)C3)sc2C(=O)O)n1,-1.432221038427818
CCS(=O)(=O)c1ccc(-c2cc(Cl)ccc2OCC(=O)O)c(F)c1,-1.3031964395998012
CN1CCN(C2=Nc3cc(Cl)ccc3Nc3ccccc32)CC1,-1.3450943402220077
COC(=O)c1cc(Br)cnc1N1CC[C@@H](NC2CCCCC2)[C@H](O)C1,-0.567463616735744
CCCCCNC(=N)N/N=C\c1c[nH]c2ccc(OC)cc12,-1.678194516142461
Cc1ccc(S(=O)(=O)Nc2c(C(=O)N[C@@H](C)C(C)(C)C)c(C)nn2C2CCSCC2)cc1,-1.266427204475544
Nc1ccc(C[C@@H](N)C(=O)N2CC(CNc3ccc(F)cc3)C3(C2)CN(c2cc(F)cc(F)c2)C3)cc1,-1.5854444437707855
CCCCC(=O)N(Cc1ccc(-c2ccccc2-c2nnn[nH]2)cc1)[C@H](C(=O)O)C(C)C,-1.5674491795275662
COc1cc(C(=O)Nc2ccc(NC(=O)c3ccccn3)cc2)cc(-c2nn[nH]n2)c1,-1.4819073984834683
Cc1cc(C2CCN(C(=O)[C@@H]3CN(C(C)(C)C)C[C@H]3c3ccc(F)cc3F)CC2)n(-c2ccc(Cl)cc2Cl)n1,-0.9961088337630896
C[C@H]1[C@H](NC(=O)/C(=N\OC(C)(C)C(=O)O)c2nc(N)sc2Cl)C(=O)N1C(=O)NS(=O)(=O)n1nc(-c2cc(=O)c(O)c[nH]2)n(CCCS(C)(=O)=O)c1=O,-1.2150975501133452
COc1cc2c(N=c3cc(CC(O)=Nc4cccc(F)c4)[nH][nH]3)ncnc2cc1OCCCN1CCC[C@@H]1CO,-1.2928558116575553
Cc1ccc(C(=O)N2CC3CNCC(C2)O3)cc1NC(=O)CC12CC3CC(CC(C3)C1)C2,-0.5515721196406536
O=C(O)c1cn(C2CC2)c2cc(N3CCNCC3)c(F)cc2c1=O,-0.1688008167122744
O[C@H]1CC[C@H](Nc2nccc(-c3cnn4ncccc34)n2)CC1,-0.4939281250746494
c1ccc2[nH]c(-c3cscn3)nc2c1,-0.9285488203376618
COc1ncc(C2=CCOCC2)cc1S(=O)(=O)Nc1cncc(C)c1,-1.041388342235121
O=C(O[C@H]1C[C@H]2CC3C[C@@H](C1)N2CC3=O)c1c[nH]c2ccccc12,-0.567463616735744
Cn1c([N+](=O)[O-])cnc1C(=O)N1CCOCC1,-0.0409156576012693
CCCC1(C(=O)c2cc(F)c3[nH]ccc3c2)CCCN1,-0.4429261056339875
CC(C)(C)NCC(O)c1cc(O)cc(O)c1,-0.1233506781772192
O=C(O)COCCN1CCN([C@H](c2ccccc2)c2ccc(Cl)cc2)CC1,-0.9483911484141584
Cc1ccnc(NC(=O)c2cccc(F)c2C)c1,-0.5579531732928704
O=C(c1cccn2ccnc12)N1CCN(CCc2ccc(F)cc2F)CC1,-0.4858854296686378
CC(C)NCC(O)COc1ccc(CC(=N)O)cc1,-0.2835959540622216
C[C@@H]1COCCN1c1cc2n(n1)[C@H](C(C)(C)C)CNC2=O,-0.0808329648503769
CCN(CC)[C@@H](C)CNC(=O)c1cc(-c2cnn3ccc(-c4cccs4)nc23)nc(N2CC(OC)C2)c1,-1.1430959774790113
O=C(O)[C@@H]1C[C@H](COc2cccc(F)c2)CN1,-0.4939281250746494
Clc1ccc2c(c1)C(N1CCNCC1)=Nc1ccccc1O2,-0.9761500248318684
OCCCNc1ccc2c(c1)nc(-c1ccc3c(c1)OCO3)n1ncnc21,-1.091944125901233
CCOc1cc2ncc(C(N)=O)c(Nc3ccc(F)cc3F)c2cc1N1CCCN(C)CC1,-0.5162756616018234
C[C@@H](c1cc(OCC(F)F)ccn1)n1cnc2c(N)nc(Cl)nc21,-0.6560402709928592
C[C@@](C(=O)O[C@H]1C[N+]2(CCOCc3ccccc3)CCC1CC2)(c1ccccc1)N1CCCCC1,-1.7699600188420606
Cc1ccc(C(=O)N2CCN(C(=O)c3cc(Cc4n[nH]c(=O)c5ccccc45)ccc3F)CC2)cc1I,-1.6024771142816578
[2H]C([2H])([2H])N(C(=O)c1c(F)cccc1Cl)c1ccc(-c2cnn(C)c2C(C)C)cc1OCC(F)(F)F,-2.000391041028584
Cc1cn2nc([C@@H]3CCCCN3C(=O)c3cc(Cl)ccc3NS(C)(=O)=O)cc2nc1N1CC[C@H](O)C1,-1.523298766322403
CN[C@@H](C)C(=O)N[C@H](C(=O)N[C@H]1CCN(C(=O)c2ccccc2)C1)C1CCCCC1,-0.179575865644163
O=C(O)CCc1cc(F)c(OCc2c(C(F)(F)F)ccn2-c2ccc(Cl)cc2)c(F)c1,-2.744920557572451
COCc1c(C(C)C)nc(C(C)C)c(/C=C/[C@@H](O)C[C@@H](O)CC(=O)O)c1-c1ccc(F)cc1,-1.992217667526182
CC[C@H]1[C@@H]2C[C@H]3[C@@H]4N(C)c5ccccc5[C@]45C[C@@H]([C@H]2[C@H]5O)N3[C@@H]1O,-0.6184156653472478
CC(O)c1cn(CCNc2nonc2/C(=N/O)Nc2ccc(F)c(Br)c2)nn1,-1.6950616216125387
Cc1cnc(N)nc1OCC(C)(C)C,-1.2150975501133452
CC(C)(C)NC(=O)NCCN1CCN(CC(=O)NC23CC4CC(CC(C4)C2)C3)CC1,-0.5093516950954762
NCc1ccccc1-n1nc(C(F)(F)F)cc1C(O)=Nc1ccc(-c2ccccc2S(N)(=O)=O)cc1F,-0.9551076165256404
COc1c(N2CCNC(C)C2)c(F)cc2c(=O)c(C(=O)O)cn(C3CC3)c12,-0.0980665958827798
CN1CCN(C)C(c2nc(C(=O)NCc3ccc(F)cc3)c(O)c(=O)n2C)C1,-0.5517266447926501
CC(=O)Nc1cc(-c2c(-c3ccc(F)cc3)nc([S+](C)O)n2C)ccn1,-0.1003400630576335
O=C(N[C@H]1C2CC3CC1C[C@](O)(C3)C2)c1sc(OC2CCOCC2)nc1[C@H]1CCCO1,-0.636820649941314
O=C(O)C1=Cc2cc(S(F)(F)(F)(F)F)cc(Br)c2O[C@@H]1C(F)(F)F,-2.7214521662241373
CC(C)(C)c1cc(NC(=O)NC2C3CC4CC(C3)CC2C4)no1,-1.3102295598114089
CN(C)Cc1nccn1-c1ccc(N2CCC(NS(=O)(=O)/C=C/c3ccc(Cl)s3)C2=O)c(F)c1,-1.097339090700932
Cc1cc(Oc2cncnc2)cc(C(=O)Nc2ccc(F)cn2)n1,-1.0077440515094962
COc1cccc(OC)c1-c1nc(C(=O)N[C@@H](CC(C)C)C(=O)O)cn1-c1ccnc2cc(Cl)ccc12,-1.854275425119336
Cc1cc(C)nc(N2C[C@H]3CN(C(=O)c4c(F)cccc4-n4nccn4)C[C@H]3C2)n1,-1.4441199353631946
Cc1c(Cc2ccc(C(F)(F)F)nc2)c[nH]c1C(=O)NC1CC1,-0.4192235191473317
Cc1cc(Nc2cc(N)ncn2)c(=O)n2c1C(=O)NC21CCCCC1,-0.3005959181846626
COc1cc(C(C)C)c(Oc2cnc(N)nc2N)cc1I,-1.3219070190095912
O=C(O)COCCN1CCN([C@@H](c2ccccc2)c2ccc(Cl)cc2)CC1,-0.3005959181846626
Cn1nc(-c2cnc3[nH]cc(C(=O)NC(C)(C)CO)c3n2)c2ccc(Cl)cc21,-2.3982658517398923
C[C@H](NS(=O)(=O)c1ccc(-c2sc(C(=O)NCC(C)(C)O)nc2C(=O)N2CCC(F)(F)C2)c(Cl)c1Cl)C(F)(F)F,-1.18751446704095
OC1(Cc2ccc3c(c2)OCO3)c2ccccc2C2=NCCN21,-0.9961088337630896
Nc1nc(-c2cccc(-n3ccc4cc(C5CC5)cc(F)c4c3=O)c2CO)c2cc(C3=CCN(C4COC4)CC3)[nH]c2n1,-1.678194516142461
COc1ccc(-c2ccc(S(=O)(=O)N[C@H](C(=O)O)[C@@H]3CCCC4(C3)OCCO4)cc2)cc1,-2.0972901870301213
CN1CCN(c2ccc(NC(=O)c3cc(N(C)Cc4ccc(C(F)(F)F)cc4)ncn3)cc2)CC1,-2.620042170655314
CCC(c1ccccc1)c1c(O)c2ccccc2oc1=O,-2.1044045441460337
Nc1nc(OCC2CCC2)nc2c1ncn2[C@@H]1O[C@H](CF)[C@@H](O)[C@H]1O,-0.6407868198934434
CN(C)Cc1ccccc1C(=O)N(CCc1ccc(Cl)cc1)C1CCC2(CC1)OCCO2,-2.3013775702979022
C[C@H]1CN(C(=O)CC[C@@]2(C3CC3)NC(=O)NC2=O)CCN1c1cc(F)cc(F)c1,-1.1491700401514695
CC[C@@H]([C@H](C)O)n1ncn(-c2ccc(N3CCN(c4ccc(OC[C@@H]5CO[C@@](Cn6cncn6)(c6ccc(F)cc6F)C5)cc4)CC3)cc2)c1=O,-1.7189238875456705
Fc1ccc(-c2cnc(C3CCN(Cc4ccn(-c5ccc(C(F)(F)F)cc5)c4)CC3)[nH]2)cc1,-2.7214521662241373
COc1ccc2ncc(=O)n(CCN3CC[C@@H](NCc4cc5c(cn4)OCCO5)[C@@H](OC)C3)c2c1,-0.4806052046189826
CC(C(=O)OC1CC[N+](C)(C)CC1)(c1ccccc1)N1CCCCC1,-0.1077273174084589
Cc1ncc([N+](=O)[O-])n1CCO,-0.0727711239896134
Cc1oc(CN2CCNCC2)cc1C(=O)NCC12CC3CC(CC(C3)C1)C2,-0.8269539526419364
CN1CCc2ccc(-c3cnc4[nH]cc(C(=O)c5ccccc5Cl)c4c3)cc2C1,-1.4563540467667528
CNC(=O)c1ccc(N2C(=S)N(c3cnc(C#N)c(C(F)(F)F)c3)C(=O)C23CCC3)cc1F,-1.3407939813483842
CCS(=O)(=O)c1cnc(CNc2nc3cnc(-c4c(C)ncnc4C4CC4)nc3n([C@@H](C)C3CC3)c2=O)nc1,-1.1491700401514695
O=C(NC[C@H]1CN(c2ccc(N3CCOCC3=O)cc2)C(=O)O1)c1ccc(Cl)s1,-1.1845182187804943
CCS(=O)(=O)c1ccc(-c2cc(C(F)(F)F)ccc2OCC(=O)O)c(C)c1,-1.3383286014208915
C[C@H](CO)Nc1nc(SCc2cccc(F)c2F)nc2[nH]ncc12,-1.4441199353631946
CN1CCC(c2cn(-c3ccc(F)cc3)c3ccc(-c4ncn(C)n4)cc23)CC1,-0.7674358591132167
N#CC1(NC(=O)[C@H](Cc2ccc(OC(F)(F)F)c(Cl)c2)NC(=O)c2cnn(-c3cccnc3)n2)CC1,-1.3929687546374032
Cc1cnc(Nc2ccc(N3CCN(C)CC3)nc2)nc1Nc1ccc2oc(=O)[nH]c2c1,-0.7193988684630864
Cc1ccccc1-c1ccc(N2CCOc3ncnc(N)c3C2=O)cc1,-1.1553302613868628
N=C(N)c1cc2c(-c3ccccc3)cccc2s1,-0.992256061554874
O=C(OCC(O)CO)c1ccccc1Nc1ccnc2c(C(F)(F)F)cccc12,-0.8214546854889927
CC1(C)S[C@@H]2[C@H](N=C(O)Cc3ccccc3)C(=O)N2[C@H]1C(=O)O,-0.3710238921813919
Cc1cc(Nc2nc(O[C@H](C)c3ccc(F)cn3)c(C#N)nc2C)n[nH]1,-1.6405800460406823
O=C(O)c1cc(CN2CCc3cc(Cl)ccc3C2)c2ccccn2c1=O,-1.678194516142461
CC(C)N=C(O)c1cc(F)ccc1CN=C(O)c1nc(C(C)(C)C)n(C)c(=O)c1O,-1.9590023075765075
O=C(NC1Cc2ccccc2NC1=O)c1cc2sc(Cl)c(Cl)c2[nH]1,-0.0001301775643089
CCCCNC(=O)c1ccc(Oc2ccc(CC(=O)O)cc2OC)c(NS(=O)(=O)c2ccc(Cl)cc2Cl)c1,-2.5231683714877318
C[C@@H](O)c1ccc(-c2ccc(N3C[C@H](Cn4ccnn4)OC3=O)cc2F)cn1,-0.6184156653472478
Cn1ncc(C(=O)N2CCC(Nc3cc(=O)[nH]c4ccccc34)CC2)c1Cl,-0.5218665718994825
CS(=O)(=O)c1ccc(N2CCN(C(=O)[C@@H]3CCCC[C@H]3C(O)=NCC#N)CC2)cc1,-0.3005959181846626
C=CC(=O)Nc1cc(Nc2ncc(Cl)c(-c3c[nH]c4ccccc34)n2)c(OC)cc1N(C)CCN(C)C,-1.432221038427818
CSc1ncnc2c1c1occc1n2[C@@H]1O[C@H](CO)[C@@H](O)[C@H]1O,-0.7936059355691265
COCC(O)CN1C[C@@H]2[C@@H](C#Cc3ccc(-c4cc(Cn5ccnc5[C@H](C)O)no4)cc3)[C@@H]2C1,-1.1808839894758698
Cc1[nH]c(=N)ccc1CN=C(O)Cn1c(C)cc(S(=O)(=O)NCC2CCC2)c(N)c1=O,-0.1133795698723098
C/C=C/c1ccc(Oc2nnnn2-c2ccc(C(N)=O)cc2)c(OC)c1,-1.556374078396063
CS(=O)(=O)N1CCC2(CC1)CC(C(=O)N1CCN(C3CCC3)CC1)C2,-0.1737113437229289
CCC(CC)[C@@H](CO)NS(=O)(=O)c1ccc(Cl)s1,-1.100608534202453
C(#Cc1ncn2c1COc1ccccc1-2)c1ccccc1,-2.3982658517398923
O=C1NCCN1CCN1CCC(c2cn(-c3ccc(F)cc3)c3ccc(Cl)cc23)CC1,-2.1808247131643537
c1cncc(Nc2nccc(-c3cnn4nc(N5CCOCC5)ccc34)n2)c1,-1.2150975501133452
NC/C(=C\F)[C@H]1Cc2ccccc2O1,-0.6184156653472478
CC(C)Nc1c[nH]nc1-c1nc(-c2ccc(Oc3ccc(C(F)(F)F)cc3)cc2)no1,-1.0710104716285322
O=C(Nc1ccnc(NC(=O)[C@H]2C[C@H]2F)c1)c1c(F)cccc1Cl,-1.174353220625973
Cn1nc(-c2ccncc2)cc1NC(=O)[C@H](Cc1ccccc1)NCC(=O)O,-0.7936059355691265
CCN1CCN(Cc2ccc(Nc3ncc(F)c(-c4cc(F)c5nc(C)n(C(C)C)c5c4)n3)nc2)CC1,-1.4263916514220571
Cc1noc(C)c1S(=O)(=O)N1CCN(c2ccc(N3CCCC(C)(C)C3)nn2)CC1,-1.091944125901233
C[C@H]1Cn2c(nnc2-c2ccc(F)cc2)CN1C(=O)c1cccc(Cl)c1Cl,-0.935972774897656
CN1CCN(c2ncc(Nc3ccc4c(Nc5cnccn5)ccnc4c3)cn2)CC1,-0.9176455486690313
CC(C)NCC(O)COc1cccc2[nH]ccc12,-0.2467664398227211
CCCc1nc2c(C)cc(-c3nc4ccccc4n3C)cc2n1Cc1ccc(-c2ccccc2C(=O)O)cc1,-1.702214766543359
Nc1ncnc2c1C(=O)N(c1ccc(-c3cccc(Cl)c3Cl)cc1)CCO2,-1.886457720046036
CC1(C)NC(=O)N(c2ccnc3ccccc23)C1=O,-0.080310662972537
CCNC(=O)Nc1ccc(NC(=O)c2cc(OC)cc(-c3c[nH]c(=O)[nH]c3=O)c2)cc1,-0.7963118120690227
C[C@@H](NC(=O)N1CCc2cnc(Nc3cnn(C)c3)nc2C1)c1ccc(Cl)c(Cl)c1,-1.721658030939094
Nc1ncnc2c1sc1cc(-c3cccc(C(=O)NCCc4cccnc4)c3)ccc12,-1.824314271737916
C[C@@](CCc1cc(-c2ccccc2)on1)(C(=O)NO)S(C)(=O)=O,-1.7699600188420606
O=C(CN1CCN(CCO)CC1)Nc1ccc(-c2cccc3c(=O)cc(N4CCOCC4)oc23)c2sc3ccccc3c12,-1.0047949259945153
Cc1nccn1-c1sc(Nc2cnccn2)nc1-c1cccc(C#N)c1,-1.3501172632652665
Nc1ncnc2c1C(=O)N(c1ccc(-c3ccccc3Cl)cc1)CCO2,-1.432221038427818
O=c1nc(OC[C@H]2COCCO2)cc2n1CCc1cc(C#CC3CC3)ccc1-2,-1.2222760159639607
COc1cc(Nc2nc3c(c(Cc4ccccc4)n2)CN(CCO)CC3)ccc1-n1cnc(C)c1,-1.6972168265731098
O=C(O)c1cn(Cc2ccc(-n3cccn3)cc2)c2ncccc2c1=O,-1.208035810570897
O=C(NC[C@@H](O)CN1CCC(Oc2ccc(Cl)c(Cl)c2)CC1)c1c[nH]nc1C1CC1,-1.4363486713159863
Cc1ccc(-c2ccncc2)cc1NC(=O)c1ccc(OCc2ccccn2)cc1,-1.722344264820955
N[C@@H](Cc1ccc(N(CCCl)CCCl)cc1)C(=O)O,-0.4806052046189826
CC(C)C(O/N=C(\C(=O)N[C@@H]1C(=O)N(OS(=O)(=O)O)C1(C)C)c1csc(N)n1)c1cc(=O)c(O)cn1O,-2.347125402250531
CC1(C)Cc2c(c(C(=O)Nc3ccc(F)c(C(F)(F)F)c3)cc3nc(Nc4c(F)cccc4Cl)[nH]c23)O1,-2.194186616662403
Cc1c(Cc2ccc(C(F)(F)F)cc2Cl)c[nH]c1C(=O)NC1CC1,-1.6993827801934176
Cc1c(-c2cccc(S(=O)(=O)N(C)C)c2)c2cc(C(=O)O)ccc2n1C/C(F)=C/CN,-1.091944125901233
COc1ccc(-c2ccc(S(=O)(=O)N[C@@H](C(=O)O)C3CCC(N(Cc4ccccc4)C(C)=O)CC3)cc2)cc1,-1.7962873593922926
CN=C(O)c1cc(F)ccc1CN=C(O)c1nc(C(C)(C)C)n(C)c(=O)c1O,-1.1491700401514695
Nc1nnc(-c2cccc(Cl)c2Cl)c(N)n1,-0.348603317677149
O=C(NCC1(N2CCCCC2)CCCC1)N1CCC(c2nc(-c3ccc4ccccc4n3)no2)CC1,-0.0338230556223467
O=C(O)C[C@H](NC(=O)Cn1c(C2CC2)cnc(NCc2ccc3c(n2)NCCC3)c1=O)c1cccc(F)c1,-1.5854444437707855
OCCCNc1nccc(-c2cnn3ncccc23)n1,-0.3865916321639296
CC(=O)N1CCN(c2cccc(-c3cc(-c4ccnn4CC(F)(F)F)c4c(N)ncnn34)c2)C(=O)C1(C)C,-0.5218665718994825
COCCOc1cc2ncc(C(N)=O)c(Nc3ccc(C)cc3F)c2cc1N1CCN(C)CC1,-0.8185880637780635
CCc1c(CN2CC(C(=O)O)C2)cccc1-c1nsc(-c2ccc(OC(C)C)c(C(F)(F)F)c2)n1,-2.4205365277985966
CN(C)CCC[C@@]1(c2ccc(F)cc2)OCc2cc(C#N)ccc21,-0.3559949365267739
CCN(CC(O)(CNC(=O)c1cnn(-c2ccc(F)cc2)c1N)C(F)(F)F)C(=O)c1c(Cl)cccc1Cl,-1.9590023075765075
CN(C)C(=O)N[C@H]1CC[C@H](CCN2CCN(c3cccc(Cl)c3Cl)CC2)CC1,-1.3876400520322256
C[C@H](N[C@@H](CCc1ccccc1)C(=O)O)C(=O)N1[C@H](C(=O)O)C[C@H]2CCCC[C@@H]21,-0.6865651810740154
O=C(O)CSCC(=O)Nc1nc(-c2ccccc2)cs1,-1.9710101070909043
N#Cc1cc(F)cc(C(=O)Nc2cccc(Cl)c2)c1,-1.523298766322403
C[C@]12CC[C@@H](O)C[C@@H]1CC[C@H]1[C@@H]3CC[C@H](C(=O)CO)[C@@]3(C)CC(=O)[C@@H]12,-0.1547158736520084
CN[C@@H]1CCN(c2nc(N)nc3c2oc2ncc(Cl)cc23)C1,-0.3659562329619955
Cc1cnc(-c2c(F)ccc(F)c2CCNC(=O)c2ccc(COCC(F)(F)F)nc2)cn1,-1.0914082971864345
CC(C)(C)OC(=O)NC[C@H]1CC[C@H](CNC(=O)c2cc(-c3ccccc3)nc3ccccc23)CC1,-2.7214521662241373
CCc1ccc(Cc2cc([C@@H]3S[C@H](CO)[C@@H](O)[C@H](O)[C@H]3O)c(OC)cc2Cl)cc1,-2.1552743720267773
Cc1cccc(OCCCCCCN2C[C@H](O)[C@@H](O)[C@H](O)[C@H]2CO)c1,-0.6972362915270183
CC#CCOc1ccc(C(=O)N[C@H](C(=O)NO)C(C)(C)N)cc1,-0.7126305409773507
COCCNC(=O)c1ccc(Oc2sc(C(N)=O)c3c2-c2sncc2CC3)cn1,-0.4900222215948399
CC(=O)N1CCN(c2cccc(-c3cc(C#N)c4c(N)ncnn34)c2)C(=O)C1(C)C,-0.5218665718994825
Cn1ncc2cc(Cn3cc(C(=O)O)c(=O)c4c(F)cccc43)ccc21,-0.9285488203376618
CC#CCn1c(N2CCC[C@@H](N)C2)nc2c1c(=O)n(CCCN1CCN(c3nc(-c4ccccc4)no3)CC1)c(=O)n2C,-1.5380215234713237
N=C(N)c1ccc(CNC(=O)[C@@H]2Cc3ccc(cc3)NC(=O)CN3CCN(CC3)CC(=O)Nc3ccc(cc3)C[C@@H](NS(=O)(=O)Cc3ccccc3)C(=O)N2)cc1,-0.2143925900276091
C[C@](O)(CS(=O)(=O)c1ccc(F)cc1)C(=O)Nc1ccc(C#N)c(C(F)(F)F)c1,-1.5090587946432126
COc1ccc2c(c1)c(CC(=O)O)c(C)n2-c1ccnc2cc(Cl)ccc12,-1.9601882570910127
CC[C@H](NS(=O)(=O)c1ccc(-c2sc(CC(C)(C)C(=O)O)nc2CC2CCC2)c(C(F)F)c1F)C(F)(F)F,-2.3982658517398923
N#C[C@@H]1CC[C@H](C#N)N1C(=O)CNC1(CO)CCCC1,-0.1133795698723098
CN1CCN(c2cc3c(Nc4cccc(Cl)c4Cl)c(C(N)=O)cnc3cc2F)CC1,-1.3501172632652665
C[C@@H]1O[C@H](NC(=O)/C=C/c2ccccc2)[C@@H](O)[C@H](O)[C@@H]1O,-0.1737113437229289
Cc1c(NC(=O)OC[C@@H]2COCCN2)cn2ncnc(Nc3ccc4c(cnn4Cc4cccc(F)c4)c3)c12,-2.000391041028584
Nc1ccccc1NC(=O)c1ccc(CNC2=N[C@H](c3ccccc3)CO2)cc1,-0.8129109680297739
CN(C)C(=O)CN(C)c1nc(C(=O)NCc2ccc(F)cc2)c(O)c2ncccc12,-0.7751226423819882
CC(C)C(=O)Nc1nc(-c2ccccn2)cc2ccccc12,-1.5938772834703097
Cn1ncc(C(=O)N2[C@@H]3CC[C@H]2C[C@@H](Nc2cc(=O)n(C)c4ncccc24)C3)c1Cl,-1.9590023075765075
COC(=O)Nc1ccc2c(c1)NC(=O)CCCCC[C@H](NC(=O)/C=C/c1cc(Cl)ccc1-n1cnnn1)c1nc-2c[nH]1,-1.4093587579877196
COc1cc(N2C(=O)N(c3ccc(-c4ccc(C(=O)O)cc4C)cc3)C(=O)C23CCN(Cc2ncccc2C)CC3)ncn1,-2.3982658517398923
COc1ccc(C)c2sc(NC(=O)c3ccncc3)nc12,-1.9590023075765075
C[C@H]1COCCN1c1nc(-c2ccc(Nc3cccc(=O)[nH]3)cc2)nc2c1COC2(C)C,-1.678194516142461
Cc1cc(NC(=O)[C@H](O)c2cc(F)cc(F)c2)ccc1-c1cnc(N)c(C(=O)NC(C)C)c1,-2.0972901870301213
Cc1cc(F)ccc1Oc1cccc2c(=O)cc(N3CCOCC3)[nH]c12,-1.889811102843363
CCCC1(C(=O)c2ccc3[nH]ccc3c2)CCCN1,-0.4310594303837032
Cc1[nH]c(C)c(-c2ccc(-c3ccc(OC(F)(F)F)cc3)nc2)c(=O)c1Cl,-1.3876400520322256
C[C@H]1[C@H](NC(=O)/C(=N\OC(C)(C)C(=O)O)c2csc(N)n2)C(=O)N1C(=O)NS(=O)(=O)Nc1cc(=O)c(O)c[nH]1,-0.636820649941314
CCC(=O)N(c1ccccc1)C1(COC)CCN(CCc2cccs2)CC1,-1.063112241753004
O=C(Nc1nc2ccccc2s1)c1ccc(OC(F)F)c(OCC2CC2)c1,-3.0
COc1ccc(OC)c(C(O)CN)c1,-0.1077273174084589
Cc1cc(OC2CCN(CC3CCN([C@@](C)(Cc4ccc(F)cc4)C(=O)O)CC3)CC2)ccc1Cl,-0.6718490220401534
CC1(C)S[C@@H]2[C@H](NC(=O)[C@H](NC(=O)N3CCNC3=O)c3ccccc3)C(=O)N2[C@H]1C(=O)O,-0.1335561067722314
CC(C)(O)[C@H]1CC[C@H](NC(=O)c2cnc3cc(OC(F)F)ccc3c2)CC1,-0.9176455486690313
Cc1ccc(O)c(C(=O)N[C@H]2CC[C@@H](NC(=O)c3cc(F)cnc3Oc3cccc(-c4ccc(CN5C[C@@H](C)N[C@@H](C)C5)cc4CN4CCOCC4)c3)CC2)c1,-1.854275425119336
C[C@@H]1[C@H](O)[C@@H](C)/C=C/C=C/CC/C=C/C=C/C=C/C=C/[C@H](O[C@@H]2O[C@H](C)[C@@H](O)[C@H](N)[C@@H]2O)C[C@@H]2O[C@](O)(C[C@@H](O)[C@H](O)CC[C@@H](O)C[C@@H](O)C[C@@H](O)CC(=O)O[C@H]1C)C[C@H](O)[C@H]2C(=O)O,-1.137105696499718
CC(C)NC(=O)c1cnc(N2CCC(N3C(=O)OCc4ccccc43)CC2)c(Cl)c1,-2.1808247131643537
CN1CCCC1CCNC(=O)c1ccc(Nc2ncc3cc(-c4ccncc4)ccc3n2)cc1,-2.0413453496394345
COc1ccc(NC(=O)c2ccc(C(=N)N(C)C)cc2)c(C(O)=Nc2ccc(Cl)cn2)c1,-0.0968014529570216
O=C(O)COC(=O)Cc1ccccc1Nc1c(Cl)cccc1Cl,-1.9590023075765075
CC1(C)S[C@@H]2[C@H](NC(=O)[C@H](NC(=O)N3CCN(S(C)(=O)=O)C3=O)c3ccccc3)C(=O)N2[C@H]1C(=O)O,-0.1753324498710247
OC[C@H]1O[C@H](Oc2ccc(-n3ccc4cc(C(F)(F)F)ccc43)cc2Cl)[C@@H](O)[C@@H](O)[C@@H]1O,-1.9590023075765075
C[C@@H]1COCCN1c1cc2n(n1)[C@H](C(F)(F)F)CNC2=O,-0.0604158576515883
Cc1cccc(Cl)c1NC(=O)c1cnc(Nc2cccc(NCCO)n2)s1,-1.091944125901233
COc1ccc(C(=O)N[C@H]2O[C@@H](C)[C@@H](O)[C@@H](O)[C@@H]2O)cc1,-0.0554581099125212
CN1Oc2cc3c(c4cccc(c24)C1=O)[C@H](CCl)CN3C(=O)c1cc2cc(NC(=O)c3cc4ccccc4[nH]3)ccc2[nH]1,-1.2928558116575553
CC(C)NC(=O)Nc1ccc2c(c1)C(=O)N([C@H](C)CO)C[C@@H](C)[C@H](CN(C)S(=O)(=O)c1ccc(Cl)cc1)O2,-1.2522387218155722
Cc1cc(CN2Cc3ccccc3C2C(=O)Nc2ccc(Cl)cc2Cl)ccc1OCC(=O)O,-2.6385177041748613
CC(=O)Oc1ccccc1C(O)=Nc1ncc([N+](=O)[O-])s1,-1.2928558116575553
C=CC(=O)N1C[C@H](Nc2ncnc3[nH]ccc23)CC[C@@H]1C,-0.1769139857577521
O=c1[nH]c(Nc2cc(Cl)cc(Cl)c2)nc2cccc(O)c12,-3.0
COC(=O)C1=C(CN2CCOC[C@H]2C(=O)O)NC(c2nccs2)=N[C@H]1c1ccc(F)c(F)c1C,-1.2600639181842257
CCNC(=O)Nc1ccc(-c2nc(N3CCOC[C@@H]3C)c3c(n2)C(C)(C)OC3)cc1,-0.8512123159436876
CCCCc1cc(S(F)(F)(F)(F)F)cc2c1OC(C(F)(F)F)C(C(=O)O)=C2,-2.744920557572451
Cc1c(Cc2ccc(C(F)(F)F)cc2)c[nH]c1C(=O)NC1CC1,-1.523298766322403
CC(C)C[C@@H]1C(=O)N[C@H](C2Cc3ccccc3C2)C(=O)N1[C@@H](C(=O)NC(C)C)c1ccc(Br)s1,-1.9590023075765075
CCOC(=O)CN=C(O)C1CCn2c(C(=O)c3ccccc3)ccc21,-0.259282123940715
CC(=N)N1CC[C@H](Oc2ccc([C@H](Cc3ccc4ccc(C(=N)N)cc4c3)C(=O)O)cc2)C1,-0.3972890550424425
CCc1nc2nc(C)cc(Nc3cccc(Cl)c3)n2n1,-0.8733264691734836
Cc1ccc(S(=O)(=O)NC(O)=NN2CCCCCC2)cc1,-1.2150975501133452
Cc1n[nH]c(C)c1N1CCN(c2cc(-c3nn[nH]n3)ccc2F)CC1,-1.091944125901233
Cc1nnc2n1-c1ccccc1N(c1ccc(Cl)cc1)CC2C,-1.5090587946432126
CCCNC(=O)CSc1ccc(S(=O)(=O)N2CCCC2)cn1,-0.45586917361419
N=c1nc2ccc(-c3cncc(S(=O)(=O)Nc4cccc5ccccc45)c3)cn2[nH]1,-1.9590023075765075
CC(N)C12CC3CC(CC(C3)C1)C2,-0.2215593164287672
CN(C)C(=O)C(=O)N(C)[C@H]1CCCCn2c1nc(C(=O)NCc1ccc(F)cc1)c(O)c2=O,-0.7193988684630864
COc1c(Nc2ccc(S(C)(=O)=O)cc2F)ncnc1OC1C[C@@H]2COC[C@@H](C1)N2C(=O)OC1(C)CC1,-0.8360786784024514
CC(C)(C)c1nc2c(s1)CCc1nc(NC(=O)N3CCC[C@H]3C(N)=O)sc1-2,-1.0866153578469149
N#Cc1ccc2ccc(=O)n(CCN3CC[C@H](NCc4ccc5c(n4)NC(=O)CO5)[C@H](O)C3)c2c1,-0.6779030487760033
CCNc1cc(C(=O)N[C@@H](Cc2ccccc2)[C@H](O)CNCc2cccc(C(F)(F)F)c2)c(F)c(N2CCCCS2(=O)=O)c1,-1.889811102843363
COc1cc2nc(N3CCN(C(=O)C4CCCO4)CC3)nc(N)c2cc1OC,-0.8415867225473139
COc1cc(OCc2csc(-c3ccc(C(=O)N(C)C)cc3)n2)c2cc(-c3cn4nc(OC)sc4n3)oc2c1,-2.5231683714877318
CN/C(=N\CCSCc1nc[nH]c1C)NC#N,-0.095896938759552
CC[C@H]1OC(=O)[C@H](C)[C@@H](O[C@H]2C[C@@](C)(OC)[C@@H](O)[C@H](C)O2)[C@H](C)[C@@H](O[C@@H]2O[C@H](C)C[C@H](N(C)C)[C@H]2O)[C@](C)(O)C[C@@H](C)C(=O)[C@H](C)[C@@H](O)[C@]1(C)O,-0.5133513093454782
CCCCN1C[C@H](O)[C@@H](O)[C@H](O)[C@H]1CO,-0.2129733280731292
Cc1ccc(-n2nc(C(C)(C)C)cc2NC(=O)Nc2ccc(-c3cccnc3)cc2)cc1,-2.8539960661891137
N#Cc1c(N)nc2c(c1N)CC(COc1ccccc1)O2,-0.957068299569702
O=C1Nc2ccc(Cl)cc2C(c2ccccc2)=NC1O,-0.9244461775387584
N#Cc1ccc2[nH]cc(CCCCN3CCN(c4ccc5oc(C(N)=O)cc5c4)CC3)c2c1,-1.5854444437707855
Cc1ccsc1C(=CCCN1CCC[C@@H](C(=O)O)C1)c1sccc1C,-1.3612369742340098
Nc1ccccc1NC(=O)c1ccc(CNC2=N[C@H](Cc3c[nH]cn3)CO2)cc1,-0.271268911020044
CC(C(=O)O)c1ccc2oc(-c3ccc(Cl)cc3)nc2c1,-2.143041640482447
CCOC(=O)C1=C(C)N/C(=C/c2cc(C)n(-c3cc(OC)c(OC)c(OO)c3)c2C)C1=O,-1.1942477451993276
NC(=O)C(c1ccccc1)(c1ccccc1)[C@@H]1CCN(CCc2ccc3c(c2)CCO3)C1,-1.4118154970364742
CC(CC(=O)OC(C)(C)C)NC(=O)C1=NOC(C(O)(C(F)(F)F)C(F)(F)F)C1,-0.7115126710064176
CO[C@H]1CN(c2nc(C(=O)NC3COC(C)(C)OC3)c(C(=O)O)s2)CC[C@H]1NC(=O)c1[nH]c(C)c(Cl)c1Cl,-1.432221038427818
COc1cc2c(cc1-c1c(C)noc1C)ncc1[nH]c(=O)n(-c3ccccc3C(C)(C)C)c12,-1.6202051567230198
C[C@@H](NC(=O)[C@H]1CN(C2CCCCC2)CC[C@@H]1NC(=O)c1cc(-c2ccc(F)cc2F)on1)c1ccccn1,-1.1553302613868628
CC(C)Oc1ccc(-c2nc(-c3ccc4c(cnn4CCC(=O)O)c3)no2)cc1Cl,-1.854275425119336
CN1CCOCC1c1nc(C(=O)NCc2ccc(F)cc2)c(O)c(=O)n1C,-0.5642702723214884
C[C@](O)(CS(=O)(=O)c1cc(C(F)(F)F)cc(C(F)(F)F)c1)C(=O)Nc1ccc(C#N)c(C(F)(F)F)c1,-2.699187205881913
COc1cc(-n2cnc3cc(-c4ccc(Cl)cc4)sc3c2=O)ccc1OC[C@H](O)C1CC1,-2.34232758074374
CC(=O)N1CCC(NC(=O)NC23CC4CC(CC(C4)C2)C3)CC1,-0.3005959181846626
C[N+]1(CC2CC2)CC[C@]23c4c5ccc(O)c4O[C@H]2C(=O)CC[C@@]3(O)[C@H]1C5,-0.0903167229344426
COc1ccc(F)cc1-c1c(F)cnc2[nH]c(C3=CCN([C@H]4CC[C@@H](C(=O)O)CC4)CC3)cc12,-1.174353220625973
Cc1cc2cc(Nc3ncnn4cc(-c5nnc(C)o5)c(C(C)C)c34)cnc2[nH]1,-1.5380215234713237
Cc1nc2c(-c3ccccc3S(C)(=O)=O)cnn2c(NCc2ccccn2)c1C,-0.9176455486690313
C[C@](O)(c1ccc(C(=O)N(C2CC2)C2CCN(CC3(C(N)=O)CC3)CC2)cc1)C(F)(F)F,-0.3182885315981927
O=C(N[C@@H]1CCC[C@H](O)C1)c1noc(-c2ccc(C(F)(F)F)cc2)c1Cl,-1.9590023075765075
COc1ccc(Nc2ncc(CN3CCN(S(C)(=O)=O)CC3)cc2-c2nc(C)nc(N)n2)cn1,-0.7598827650548626
Cc1[nH]c(C(=O)N[C@@H]2CCN(c3ncc(C(=O)O)s3)C[C@@H]2C)c(Cl)c1Cl,-1.6202051567230198
CC(C)(O/N=C(\C(=O)N[C@@H]1C(=O)N2C(C(=O)O)=C(C[N+]3(CCNC(=O)c4ccc(O)c(O)c4Cl)CCCC3)CS[C@H]12)c1csc(N)n1)C(=O)O,-2.2927791030185243
CC1CNc2c(cccc2S(=O)(=O)N[C@@H](CCCNC(=N)N)C(=O)N2CC[C@@H](C)C[C@@H]2C(=O)O)C1,-0.3367326433719202
COC(=O)c1ccccc1N1CCC(CNc2nccc(C)c2NC(=O)CC#N)CC1,-1.1491700401514695
Cc1ccc(Cl)cc1NC(=O)CCS(=O)(=O)c1ccc(Br)s1,-1.9176132149096263
CC1(C)CCn2c(=O)n(C[C@H](O)[C@H](O)[C@H](O)CO)c3cccc1c32,-0.2374552705976181
CNC(=O)c1cc(C(=O)c2ccc(Cl)cc2)c(Br)[nH]1,-1.8272190678846332
CCNc1[nH]c(=O)n(O)c(=O)c1C(=O)NCc1cccc(Cl)c1F,-1.7699600188420606
c1cc(-c2ccc3ncnc(Nc4ccnnc4)c3c2)cc(N2CCOCC2)c1,-1.9590023075765075
N#Cc1c(N(CC(=O)O)CC(=O)O)sc(C(=O)O)c1CC(=O)O,-0.128108634390812
C[C@]1(CO)Cc2cc(NC(=O)c3cnn4cccnc34)c(N3CCOCC3)cc2O1,-0.3559949365267739
COc1ccc(-c2nc3c(NCCCNC(C)=O)c(Br)cnc3[nH]2)cc1,-1.5658496253423198
COc1ccc(-c2ccccc2N2CCN(C[C@@H](O)COc3ccc(-c4cn5ccccc5n4)cc3)CC2)cc1,-2.699187205881913
CN(c1ncnc2[nH]ccc12)[C@@H]1CCN(C(=O)CC#N)C1,-0.0689761320347124
CCN(CC)CCNC(=O)c1cc(Br)c(N)cc1OC,-0.2215593164287672
N#CCCN1C(=O)CC[C@H]1C(=O)N1CC[C@@]2(S(=O)(=O)c3ccc(F)cc3)c3ncc(C(F)(C(F)(F)F)C(F)(F)F)cc3CC[C@@H]12,-0.0968014529570216
COc1ccc(N2CCN(C(=O)[C@@H]3CCCC[C@H]3C(O)=NCC#N)CC2)cc1,-0.3005959181846626
Cc1ccc(-n2nccn2)c(C(=O)N2CCN(c3nc4cc(Cl)ccc4o3)CC[C@H]2C)c1,-2.038017770925676
Cc1c(-c2c(F)cc(C(N)=O)c3[nH]c4c(c23)CC[C@H](C(C)(C)O)C4)cccc1-n1c(=O)c2cccc(F)c2n(C)c1=O,-2.000391041028584
CC1(C)NC(=O)N(c2ccc([N+](=O)[O-])c(C(F)(F)F)c2)C1=O,-0.6033622194164565
O=C(CCCCOc1ccccc1)N[C@H]1CC[C@H](O)CC1,-0.7015792508009056
CC1CC(=O)NN=C1c1ccc(N2CCOCC2)cc1,-0.275339171994241
Cc1ccc(S(=O)(=O)Nc2c(C(=O)N[C@H](C)C(C)(C)C)c(C)nn2-c2ccccc2)cc1,-2.0413453496394345
CC(C)NC(=O)c1nn(-c2ccc(Cl)cc2)c(=O)c2c(N)scc12,-1.962968132250768
Cc1cccc(Nc2ccncc2S(=O)(=O)NC(=O)NC(C)C)c1,-1.1732526914495411
CN(C(=O)C(N)=O)c1nc(C(=O)NCc2ccc(F)cc2)c(O)c2ncccc12,-1.721658030939094
CCN[C@H]1CN(CCCOC)S(=O)(=O)c2sc(S(N)(=O)=O)cc21,-0.3914369994806511
CCO[C@@H]1Cc2cc(C(F)(F)F)ccc2[C@H]1N1CCN(C2(C)CCN(C(=O)c3c(C)ncnc3C)CC2)C[C@@H]1C,-0.7936059355691265
COc1ccc(/N=C(\N)CC(O)c2cc3c(F)cc(F)cc3c3cc(C(F)(F)F)ccc23)cc1,-3.0
CCC(NC(=O)c1ccc(Cl)cc1)[C@@H]1[C@@H]2C[C@H](Oc3ccnc4cccnc34)C[C@@H]21,-1.2928558116575553
COC(=O)c1ccccc1-c1ccc(CNc2nccc(C)c2NC(=O)CC#N)cc1,-1.9590023075765075
Cc1noc2cc(N3CCN(C(=O)[C@@H]4CCCC[C@H]4C(=O)NC4(C#N)CC4)[C@H](C)C3)ccc12,-0.6972362915270183
O=C1CCC(N2C(=O)c3ccccc3C2=O)C(=O)N1,-0.401544466714396
CNC(=O)c1ccc2c(c1)OCCc1cc(C(=O)N(C)c3ccc(C(=O)N(C)C)cc3Cl)sc1-2,-1.5090587946432126
O=c1c(=NCC(F)(F)c2ccccn2)[nH]cc(Cl)n1CC(O)=NCc1ncccc1F,-0.0654308554086806
O=C(COc1ccccc1Cl)c1ccc[nH]1,-1.1641040589529887
CNC(=O)C(O/N=C(\C(=O)N[C@@H]1C(=O)N(OS(=O)(=O)O)C1(C)C)c1csc(N)n1)c1cc(=O)c(O)cn1O,-2.102752394955559
CCS(=O)(=O)Nc1ccccc1C(=O)Nc1ccc(F)cc1OCC(F)(F)F,-0.0056771271772894
CC(NC(=O)c1cc2ccccc2[nH]1)c1ccccc1,-1.6405800460406823
Cc1n[nH]c(C)c1N1CCN(c2cc(C(=O)O)ccc2Cl)CC1,-1.041388342235121
O=C1COc2nccc(-c3ccccc3F)c2CN1Cc1cc(C(F)(F)F)cc(C(F)(F)F)c1,-2.1370521037894465
COc1ncc(-c2ccccc2C(F)(F)CNC(=O)c2ccc(COCC(F)(F)F)nc2)cn1,-1.962968132250768
Cc1ccc(C(SC[C@H](N)C(=O)O)(c2ccccc2)c2ccccc2)cc1C,-1.3376672295602454
Cn1c(=O)c(Oc2ccc(F)cc2F)cc2cnc(NC3CCOCC3)nc21,-0.0065571559311934
COC1=C(C(=O)O)N2C(=O)[C@@H](NC(=O)[C@H](N)C3=CCC=CC3)[C@H]2SC1,-0.9961088337630896
COC(=O)C1=C(CN2CCOC[C@H]2C(=O)O)NC(c2nccs2)=N[C@H]1c1ccc(F)cc1Cl,-1.236999022944533
C[C@]1(CS(=O)(=O)N2CCN(c3ncc(OCc4ccc(C(F)(F)F)o4)cn3)CC2)NC(=O)NC1=O,-1.2150975501133452
O=C(O)C1(Sc2ccnc3ccc(Br)cc23)CCC1,-1.854275425119336
O=C(NCc1ccc(N2[C@@H]3CCC[C@H]2CC3)c(C(F)(F)F)c1)Nc1cccc2[nH]ncc12,-1.5090587946432126
CC(C)(C)NC(=O)[C@@H]1C[C@@H]2CCCC[C@@H]2CN1C[C@@H](O)[C@H](Cc1ccccc1)NC(=O)[C@H](CC(N)=O)NC(=O)c1ccc2ccccc2n1,-1.808676162448506
CCN1CC[C@H](NC(=O)c2cc(-c3ccc(F)cc3F)on2)[C@@H](C(=O)NC2(c3ncccn3)CC2)C1,-0.6077357984806265
COc1ccnc(CS(=O)c2nc3ccc(OC(F)F)cc3[nH]2)c1OC,-1.678194516142461
CC(C)(C)OC(=O)NC[C@H]1CC[C@H](CNC(=O)c2cc(-c3cccc(CN)c3)nc3ccccc23)CC1,-1.8257642412100432
C[C@H](c1ccc(F)cc1)N1C(=O)O[C@](Cc2ccccc2)(c2nc3cc(Cl)ccc3[nH]2)C1=O,-2.5231683714877318
COc1cc(-c2cc(OC)c(-n3c(=O)ccc4cc(S(=O)(=O)Nc5ncccn5)ccc43)cc2F)ccc1Cl,-2.000391041028584
O=C(NC1CC1)c1ccc(-c2ccc(Cn3cc(C(=O)O)c(=O)c4cccc(F)c43)cc2)cc1,-1.6993827801934176
O=c1cc(N2CCOCC2)nc2n(Cc3cccc4ccccc34)ccn12,-1.4993615359175465
COc1cc2ccc(Br)cc2cc1[C@@H](c1ccccc1)[C@@](O)(CCN(C)C)c1cccc2ccsc12,-3.0
Cn1nncc1-c1cnn([C@H](CC2CC2)c2ccc(-c3c(-n4cnnn4)ccc(Cl)c3F)c[n+]2[O-])c1,-0.7171310188617294
CCn1ncc(-c2nc3c(N[C@H]4CCN(C(=O)C5CC5)C4)ncnc3n2C)c1C,-0.3462570059742641
CC(C)(C)NCC(O)c1ccc(O)c(CO)c1,-0.0721508320882669
Cc1cccc([C@H](C)c2c[nH]cn2)c1C,-1.020472065842164
CC(=O)N1CCCc2ccc(NC(=O)c3ccccc3Br)cc21,-1.9590023075765075
C[C@H]1[C@H](NC(=O)/C(=N\OC(C)(C)C(=O)O)c2csc(N)n2)C(=O)N1C(=O)NS(=O)(=O)n1nc(-c2cc(=O)c(O)c[nH]2)n(CCC2(S(C)(=O)=O)CC2)c1=O,-1.3876400520322256
Cc1ccc(S(=O)(=O)Nc2c(C(=O)N[C@@H](C)C(C)(C)C)c(C(F)(F)F)nn2-c2ccccc2)cc1,-2.2760766255386824
C[C@@H](NC(=O)[C@H]1CCCCN1)c1ccc(Nc2ncc3cc(-c4ccncc4)ccc3n2)cc1,-1.3031964395998012
Fc1ccc(Oc2ccc(-c3noc(-c4n[nH]cc4Cl)n3)cc2)cc1F,-1.92121703980304
CNc1nc(C)c2cc(-c3cnc(OC)c(NS(=O)(=O)c4ccc(F)cc4F)c3)cc(OC3CCOCC3)c2n1,-1.3339071621561644
Nc1nc2c(c(N3CCNCC3)n1)Cc1ccccc1-2,-0.1424986441018711
O=C(O)CCCCC(=O)OC[C@H]1CC[C@@H](n2cnc3c(=O)[nH]cnc32)O1,-0.0361744095587378
CCOc1ccc(-c2ccc(Cn3c(CC(C)(C)C(=O)O)c(SC(C)(C)C)c4cc(OCc5ccc(C)cn5)ccc43)cc2)cn1,-2.2222108125651343
COc1ccc(N(Cc2cccnc2)C2CCN([C@H](C)CCNC(=O)c3c(C)cc(Cl)nc3C)CC2)cc1,-1.1491700401514695
C[C@@H](O)[C@H]1C(=O)N2C(C(=O)O)=C(SC(=S)N3CC[N+](C)(Cc4ccccc4)CC3)[C@H](C)[C@H]12,-0.3972890550424425
C[C@@H]1[C@H](O)[C@@H](C)/C=C/C=C/CC/C=C/C=C/C=C/C=C/[C@H](O[C@@H]2O[C@H](C)[C@@H](O)[C@H](N)[C@@H]2O)C[C@@H]2O[C@](O)(C[C@@H](O)[C@H](O)CC[C@@H](O)C[C@@H](O)C[C@@H](O)CC(=O)O[C@H]1C)C[C@H](O)[C@H]2C(=O)NCCO,-0.3865916321639296
Cn1nc(-c2cnc3[nH]cc(C(=O)NC(C)(C)C)c3n2)c2cc(OC(F)F)ccc21,-2.699187205881913
Cc1ccc([C@@H](C)Oc2cc3onc(CCC(=O)O)c3cc2Cl)nn1,-1.0437811289576882
CC(C)N(CCCNC(=O)Nc1ccc(C(C)(C)C)cc1)C[C@H]1O[C@@H](n2cnc3c(N)ncnc32)[C@H](O)[C@@H]1O,-0.5445227497656201
C[C@@H]1COCCN1c1cc2n(n1)[C@@H]1CCC[C@@H]1NC2=O,-0.0808329648503769
Cc1c(C(=O)NN2CCCCC2)nn(-c2ccc(Cl)cc2Cl)c1-c1ccc(Cl)cc1,-2.886156881062508
Nc1cccc2c1CN(C1CCC(=O)NC1=O)C2=O,-0.1407973321793058
Cc1nn(-c2ccccc2)c(N)c1-c1ccccc1,-1.854275425119336
COc1ccc(CCO[C@@H]2CCCC[C@H]2N2CC[C@@H](O)C2)cc1OC,-0.2008176176845461
Cc1ccc(NS(C)(=O)=O)c(C(=O)N2CCCC[C@H]2c2cc3nc(C4CC4)cc(C)n3n2)c1,-1.824314271737916
O=C(O)CCC(=O)N1CCc2cc(-c3noc(-c4cc(C(F)(F)F)cc(C(F)(F)F)c4)n3)ccc21,-2.1552743720267773
CN(C)CC/C=C1/c2ccccc2COc2ccccc21,-0.6659787479925137
Cc1c(Cc2ccc(=O)n(Cc3cc(F)c(F)cc3F)n2)c2cc(F)ccc2n1CC(=O)O,-1.678194516142461
CC(=O)CCCCC[C@H](NC(=O)C1CCN(C)CC1)c1ncc(-c2ccc3ccccc3c2)[nH]1,-1.3876400520322256
Cc1cc(Nc2ccc(Cl)cc2)n2nc(C(C)(F)F)nc2n1,-0.914071117759699
Cc1ccc([C@H]2C[C@@H](C(F)(F)F)n3ncc(C(=O)NCc4ccc(F)cc4)c3N2)nc1,-1.3983636523517635
Cc1c(C)c2c(c(C)c1O)CCC(C)(COc1ccc(CC3SC(=O)NC3=O)cc1)O2,-1.9710101070909043
CN1C(C(=O)Nc2ccccn2)=C(O)c2sccc2S1(=O)=O,-0.8440943778487664
O=C(O)c1cn(Cc2ccc(-c3ccc(Cl)nc3)nc2)c2c(F)cccc2c1=O,-1.3376672295602454
OCCOCCN1CCN(C(c2ccccc2)c2ccc(Cl)cc2)CC1,-1.165372054410187
COc1cccc2c1c(NS(=O)(=O)c1ccc(Cl)s1)nn2Cc1cccc(CNC(=O)C(C)(C)O)c1,-1.8983096216762636
Clc1ccc(C(c2ccccc2)N2CCNCC2)cc1,-1.22883967513084
CONC(=O)Nc1ccc(-c2sc3c(c2CN(C)C)c(=O)n(-c2ccc(OC)nn2)c(=O)n3Cc2c(F)cccc2F)cc1,-0.514711664611065
Cc1cc(-c2ccc(Cl)c(C(=O)NCC3(O)CCCCCC3)c2)nn1C[C@H](O)CN,-0.5162756616018234
CC1(C)CC(=O)c2c(C(F)(F)F)nn(-c3ccc(C(N)=O)c(N[C@H]4CC[C@H](O)CC4)c3)c2C1,-1.1615791206591135
CCOC(=O)C1(c2ccccc2)CCN(C)CC1,-0.3945898953214505
CO[C@H]1CN(c2nc(C(=O)N(C)C)c(C(=O)O)s2)CC[C@H]1NC(=O)c1[nH]c(C)c(Cl)c1Cl,-0.8831598975873358
[2H]/C(c1nc[nH]c1C(C)(C)C)=c1/[nH]c(=O)/c(=C/c2ccccc2)[nH]c1=O,-1.6579920709826637
CCC(O/N=C(\C(=O)N[C@@H]1C(=O)N(OS(=O)(=O)O)C1(C)C)c1csc(N)n1)c1cc(=O)c(O)cn1O,-2.347125402250531
COc1ccc(N(Cc2cccnc2)C2CCN([C@H](C)CCNC(=O)c3c(C)cc(F)nc3C)CC2)cc1,-0.8512123159436876
OC1=NCCc2[nH]c(-c3ccnc(-c4cnc5ccccc5c4)c3)cc21,-2.3982658517398923
COc1ccc(-c2ccc(S(=O)(=O)N[C@@H](C(=O)O)[C@H]3CC[C@@H](N(C)C(=O)N4CCOCC4)CC3)cc2)cc1,-0.7699830331726187
COc1cc2ccc(C#N)cc2cc1[C@@H](c1ccnc(OC)c1OC)[C@@](O)(CCN(C)C)c1cccc2c1OCC2,-2.174294828962838
O=C(O)c1cn(Cc2ccc(-c3ccccc3)cn2)c2c(F)cccc2c1=O,-1.7699600188420606
Cc1cc(I)cc(CNCCCN(C)C)c1O,-0.2861039127840142
Cc1cnc(Nc2ccc(OCCN3CCCC3)cc2)nc1Nc1cccc(S(=O)(=O)NC(C)(C)C)c1,-1.2445520293402297
Cc1c([C@@H](O)CN2CCC3(CC2)CCN(c2ccc(=O)n(C)n2)C3=O)ccc2c1COC2=O,-0.3405173604377889
O=C(NCc1ccc(S(=O)(=O)c2ccc(N3CCOCC3)nc2)cc1)c1ccc2nccn2c1,-1.886457720046036
Cc1nc2ncccc2cc1-c1ccc2cc(CCN3CCC[C@H]3C)ccc2n1,-0.3559949365267739
Cc1ccc(NC(=O)c2ccc(C(=O)O)cc2)cc1Nc1nccc(-c2cccnc2)n1,-1.2844228080425482
O=C(N[C@@H]1CCOC[C@@H]1C(=O)NO)c1ccc(Cn2c(C(F)(F)F)nc3ccccc32)cc1,-0.6761499961531976
O=C(O)CCc1ccc(OCc2ccc(CN3CCC4(CC3)CC(Cc3ccccc3)CCO4)cc2)cc1,-1.886457720046036
CC(C(=O)O)c1ccc2c(c1)[nH]c1ccc(Cl)cc12,-1.9590023075765075
Cc1noc(C)c1S(=O)(=O)Nc1c(N2CCC(C)CC2)c(=O)c1=O,-1.7699600188420606
COc1nc(C(=O)NC[14C](C)(O)C(F)(F)F)c(N)cc1C(F)(F)F,-1.1083343356678756
[2H]C([2H])([2H])N(C(=O)c1c(F)cccc1Cl)c1ccc(-c2cc(NC(C)=O)nn2C(C)C)cc1N1CCCCC1,-2.3013775702979022
COc1ccc(F)cc1-c1c(F)cnc2[nH]c(C3=CCN([C@H]4CC[C@H](CC(=O)O)CC4)CC3)cc12,-1.3771748708039588
Cc1oc2ncnc(NCc3ccco3)c2c1C,-0.0599175282990633
CNc1nc(C)c(-c2nc(Nc3cccc(N4CCCCC4)c3)ncc2C#N)s1,-2.537886633116444
Cc1ncccc1-c1cnc(NCc2c(F)ccc3c2CCO3)n2cnnc12,-1.091944125901233
CCCCCC(=O)OC([C@H](C[C@@H]1CCNC1=O)NC(=O)[C@H](CC1CCCCC1)NC(=O)OCc1cccc(Cl)c1)S(=O)(=O)O,-3.0
CC(=O)N1CCc2c(c(-c3cccc4cc(-c5cnn(C)c5)ncc34)nn2C2CCOCC2)C1,-0.5218665718994825
COc1cccc2c1c(NS(=O)(=O)c1cccc(Cl)c1Cl)nn2C,-1.6202051567230198
Cc1ccc(COCCn2ccn3cc([N+](=O)[O-])nc3c2=O)cc1,-0.6560402709928592
COc1cc(CC2(O)c3ccccc3C3=NCCN32)cc(OC)c1OC,-0.9961088337630896
O=C(Nc1cccnc1)c1ccc(CNS(=O)(=O)c2ccc(N3CCOCC3)cc2)cc1,-0.622034791879015
NC(=O)c1ccc(N(C(N)=O)c2c(F)cccc2F)nc1-c1ccc(F)cc1F,-0.4057094600282479
C[C@H]1[C@H](NC(=O)/C(=N\OC(C)(C)C(=O)O)c2csc(N)n2)C(=O)N1C(=O)NS(=O)(=O)N1CCN(C(=O)c2cc(=O)c(O)c[nH]2)CC1,-0.5837923388097694
C[C@H](Nc1ncc(Cl)c(Nc2cc(N(C)C)[nH]n2)n1)c1ncc(F)cn1,-0.9747150305384598
C[C@@H](Oc1cc(-n2cnc3ccc(O[C@H]4CCCN(C)CC4)cc32)sc1C(N)=O)c1ccccc1Cl,-1.4952709483787436
COc1ncc2ncc(=O)n(CCN3CCC(NCc4cc5c(cn4)OCCO5)CC3)c2n1,-0.0177106717340002
CN(c1cccc(C#N)c1)c1nccc(-c2cnn3ncccc23)n1,-1.3876400520322256
CN1C(=O)N(Cc2cc(Cl)ccc2F)C(=O)[C@]12C(=O)N(CC(=O)O)c1ccc(Cl)cc12,-1.678194516142461
C[C@@](C(=O)OC1CC[N+](C)(C)CC1)(c1ccccc1)C1CCCC1,-0.3760998075967952
COc1ccc2ncc(=O)n(CC(N)C3(F)CCC(NCc4ccc5c(n4)NC(=O)CO5)CC3)c2c1,-0.167286761492816
Cc1nc(C2CCN(C(=O)[C@@H]3CN(C(C)(C)C)C[C@H]3c3ccc(F)cc3F)CC2)n(-c2ccc(Cl)c(C)c2)n1,-0.7936059355691265
FC(F)(F)c1ccc(Oc2ccc(-c3noc(-c4n[nH]cc4Cl)n3)cc2)cc1,-1.6386877748976718
CCNC(=O)Nc1ccc(-c2nc(N3CCOC[C@@H]3C)c3c(n2)C(C)(C)S(=O)(=O)C3)cc1,-0.7193988684630864
CN(C)c1noc(-c2cccc(CNc3ccc4[nH]nc(C(=O)O)c4c3)c2)n1,-2.0091640782233275
O=C(O)c1ccc(-c2ccc(Cl)c(C(=O)NCC34CC5CC(CC(C5)C3)C4)c2)cc1,-2.0608652931549933
Cc1noc(NS(=O)(=O)c2ccc(N)cc2)c1C,-1.0706529687463175
CCCC[N+]12CCC(CC1)[C@@H](OC(=O)[C@](C)(c1ccccc1)N1CCCCC1)C2,-0.045709238298873
Cc1[nH]c(C(=O)N[C@@H]2CCN(c3ncc(C(=O)O)s3)C[C@@H]2S(C)(=O)=O)c(Cl)c1Cl,-0.8831598975873358
C[C@H](C(=O)Nc1ccc(Cl)cc1)[C@H]1CC[C@]2(CC1)COc1cc(C(F)(F)F)ccc12,-2.699187205881913
O=C(CCCN1CC=C(n2c(=O)[nH]c3ccccc32)CC1)c1ccc(F)cc1,-1.2928558116575553
COc1ccc2c3c1O[C@H]1C[C@@H](O)C=C[C@@]31CCN(C)C2,-0.0860908251430713
CCn1cc(CNC(=O)c2cc(-c3ccc(C)cc3)nc3ccc(Br)cc23)c(C)n1,-2.6780082524527327
COc1ccc(-c2ccc(S(=O)(=O)N[C@@H](C(=O)O)C3CCC4(CC3)OCCCO4)cc2)cc1,-1.4441199353631946
CC(C)[C@H](C(=O)Nc1nccs1)c1ccc(Cl)cc1,-2.0761034753180265
O1[As]2O[As]1O2,-0.0087650612452523
COc1cnc2c(NCc3nnc4ccc(-c5cc(C)ns5)nn34)ccnc2c1,-1.5854444437707855
C#CCOCC(C(=O)N1CC[C@@H]2C[C@@H]3CCC[C@H](NC(=O)[C@H](C)NC)C(=O)N3[C@@H]2C1)c1ccccc1,-0.8073071267027845
CN(C(=O)CS(=O)(=O)N(C)C)[C@H]1CCCn2c1nc(C(=O)NCc1ccc(F)cc1)c(O)c2=O,-0.6560402709928592
CCC(C)NC(=O)c1nc(-c2ccc(Cl)cc2)cnc1N,-1.5090587946432126
Cc1ccccc1N=C(O)Nc1ccc(CC(=O)N2CCOC[C@H]2C(=O)N2CCC(CC(=O)O)CC2)cc1,-0.6972362915270183
N#Cc1ccc2ccc(=O)n(CCN3CC[C@H](NCc4cc5c(cn4)OCCO5)[C@@H](F)C3)c2c1,-1.041388342235121
CC1=C(C(N)=O)C(c2ccc(N(C)C)cc2)n2nc(SCc3ccccc3)nc2N1,-1.6024771142816578
COc1cccc(OC)c1C(=O)/C=C/c1ccco1,-1.2150975501133452
O=C([C@H]1CC2CCC1C2)N1CC(c2nc(-c3cccc(F)c3)no2)C1,-2.0972901870301213
COc1cc2[nH]c(=O)c([C@H](C)Nc3ncc(C#N)c(OC)n3)cc2cc1Cl,-1.812885562685411
CC(CCc1ccc(O)cc1)NCCc1ccc(O)c(O)c1,-0.1802323946047437
C[C@@](O)(CS(C)(=O)=O)C(=O)N[C@@H]1CC[C@@]2(S(=O)(=O)c3ccc(F)cc3)c3ccc(C(F)(C(F)(F)F)C(F)(F)F)nc3CC[C@@H]12,-0.0096513759167543
COCCc1nc2nc(C)cc(Nc3ccc(C(F)(F)F)cc3)n2n1,-0.5788289382057512
CN[C@@H](C)C(=O)N[C@H](C(=O)N[C@H]1CCN(CCc2ccccc2)C1)C1CCCCC1,-0.3533441032767084
C=CC1=C(C(=O)O)N2C(=O)[C@@H](N=C(O)/C(=N\OCC(=O)O)c3csc(=N)[nH]3)[C@H]2SC1,-0.4551261567651986
CO[C@H]1CN(c2nc(C)c(C(=O)O)s2)CC[C@H]1NC(=O)c1[nH]c(C)c(Cl)c1Cl,-1.721658030939094
Cc1ccc([C@H](C(=O)N2CCCC2)N2C(=O)[C@@H](C3Cc4ccccc4C3)NC(=O)[C@H]2CC(C)C)cn1,-0.6184156653472478
Cn1cc(-c2ccc(Cn3cc(C(=O)O)c(=O)c4cccc(F)c43)nc2)cn1,-1.7699600188420606
COc1ccc(N2CCN(C(=O)[C@@H]3CCCC[C@H]3C(=O)NC3(C#N)CC3)CC2)cc1,-0.3367326433719202
COC(=O)N1CCN(C2CCN(c3cc(C)c4nc(-c5c(NCCn6cc(Cl)cn6)cc[nH]c5=O)[nH]c4c3)CC2)CC1,-1.4689428087667111
Cc1cc2c(Nc3cnccn3)ccnc2cc1-c1cnc(N2CCN(C)CC2)nc1,-1.5090587946432126
O=C1N=S(=O)(NCc2ccccc2)c2ccccc21,-0.9176455486690313
O=C1COc2ccc(CNC3CCN(CCN4C(=O)COc5ccc(Cl)cc54)CC3)nc2N1,-1.137105696499718
Cc1ccccc1C(=O)Nc1ncccn1,-1.6024771142816578
CC[C@H](C)C1O[C@]2(CC[C@@H]1C)C[C@@H]1C[C@@H](C/C=C(\C)[C@@H](O[C@H]3C[C@@H](OC)[C@@H](O[C@H]4C[C@@H](OC)[C@@H](O)[C@H](C)O4)[C@H](C)O3)[C@@H](C)/C=C/C=C3\CO[C@@H]4[C@H](O)C(C)=C[C@@H](C(=O)O1)[C@]34O)O2,-1.4381297370915136
CN1CC[C@@H](NC(=O)Nc2ccc(C#N)cc2)C[C@@H]1c1nc2ccccc2[nH]1,-1.0511372246936863
O=C(C(=O)N1CCN(C(=O)c2ccccc2)CC1)c1c[nH]c2c(-n3ccnn3)ncc(F)c12,-1.3058205305209436
NC(=O)C(=O)C(Cc1ccccc1)NC(=O)c1cccnc1-n1ccc(-c2ccc(F)cc2)n1,-1.1491700401514695
CCN=C(O)c1cc(F)ccc1CN=C(O)c1nc(C(C)(C)C)n(C)c(=O)c1O,-1.5090587946432126
N=c1nc2ccc(-c3cncc(NS(=O)(=O)c4ccc(Cl)cc4)c3)cn2[nH]1,-1.9590023075765075
O=C(c1nc2ccccc2c(-c2ccccc2)c1CI)N1CCOCC1,-1.3191842176343007
C[C@@H]1CCCN1CCCOc1ccc(C2=NNC(=O)[C@@H]3C[C@H]23)cc1,-0.259282123940715
O=C(O[C@H]1C[N+]2(CCc3ccccc3)CCC1CC2)C1(C2=CC=CC2)CCCCCC1,-2.0972901870301213
Cc1cnc(Nc2ccc(N3CCN(C)CC3)cc2)nc1Nc1cccc(S(=O)(=O)NC(C)(C)C)c1,-1.1184738353641328
COCCNC(=O)c1ccc(Nc2ncc3cc(-c4ccncc4)ccc3n2)cc1C,-2.3013775702979022
Cc1cccc(Nc2cc(N[C@@H]3CCCC[C@@H]3N)nnc2C(N)=O)n1,-1.013658295786453
COC(=O)N1CCN(C2CCN(c3cc(C)c4nc(-c5c(NCCc6ncn(C)c6Cl)cc[nH]c5=O)[nH]c4c3)CC2)CC1,-0.9551076165256404
C[C@@H](Nc1nc2c(cnn2C2CCCC2)c(=O)[nH]1)C(=O)N1CC[C@H](F)C1,-0.6184156653472478
COc1ccccc1CN(C(C)=O)c1cnccc1Oc1ccccc1,-1.1553302613868628
CCCSc1ccc2[nH]c(NC(=O)OC)nc2c1,-0.6395364019533956
Nc1cc(SCc2ccccc2F)c2nn[nH]c2n1,-1.678194516142461
NNc1nncc2ccccc12,-0.8831598975873358
CO[C@H]1CN(c2nc(CN3CCOCC3)c(C(=O)O)s2)CC[C@H]1NC(=O)c1[nH]c(C)c(Cl)c1Cl,-1.236999022944533
CC(C)(O)c1nn2ncccc2c1-c1ccnc(Nc2cccc(C#N)c2)n1,-1.2928558116575553
O=C(O)CCn1c(=O)oc2cc(OCc3ccccn3)c(Cl)cc21,-0.9961088337630896
Cc1ccc2nc(N3CCC(NC4CCOCC4)CC3)c(-c3nc(C)no3)cc2c1,-0.5365400288758649
Cc1c(N2CC[C@@H]([C@H](C)N)C2)c(F)cc2cc(C(=O)O)c(=O)n(C3CC3)c12,-0.2672364431021822
Nc1ccc(-c2ccc(Cn3cc(C(=O)O)c(=O)c4cccc(F)c43)nc2)cn1,-1.036641959136657
O=C1COc2ccc(CNC3CCN(CCN4C(=O)COc5ccc(-c6ccco6)cc54)CC3)nc2N1,-2.1552743720267773
Cc1ccc(S(=O)(=O)NC(C)C)cc1C#Cc1cc(Cl)ccc1OCC(=O)O,-2.3013775702979022
N#CCNC(=O)[C@@H]1CCCC[C@H]1C(=O)N1CCN(c2ccc(F)cc2)CC1,-0.4082566425401595
COc1ccc(CNC(=O)c2cc(-c3cncc(C)c3)ncc2-c2nccs2)nc1OC,-1.3876400520322256
CN[C@@H](C)C(=O)N[C@H](C(=O)N[C@H]1CCN(C(=O)Cc2ccccc2)C1)C1CCCCC1,-0.1729353569150497
CCc1nn(CCO)c(CC)c1Oc1cc(C#N)cc(C#N)c1,-0.3093521342564098
C[C@@H](OC[C@@]1(c2ccccc2)CC[C@]2(CCC(=O)N2)CN1)c1cc(C(F)(F)F)cc(C(F)(F)F)c1,-2.271999479557161
N[C@@H]1CN(c2c(F)cc3c(=O)c(C(=O)O)cn([C@@H]4C[C@@H]4F)c3c2Cl)CC12CC2,-0.2920127608980421
CCCc1nn(C)c2c(=O)[nH]c(-c3cc(S(=O)(=O)N4CCN(C)CC4)ccc3OCC)nc12,-1.223000431862524
CC(C)c1cc(C(=O)N2Cc3ccc(C(=O)N4CCN(C)CC4)cc3C2)c(O)cc1O,-0.4429261056339875
CN1CCCC1c1nc(C(=O)NCc2ccc(F)cc2)c(O)c(=O)n1C,-0.3182885315981927
COc1ccc(S(=O)(=O)N2CCCC[C@H]2C(=O)O[C@@H](Cc2c(Cl)c[n+]([O-])cc2Cl)c2ccc(OC(F)F)c(OCC3CC3)c2)cc1C(=O)N(C)C,-2.481788855747515
COc1cc2ccc(Br)cc2cc1[C@@H](c1ccnc(OC)c1OC)[C@@](O)(CCN(C)C)c1cc2ccccc2o1,-3.0
CCOC(=O)C1=C(C)N/C(=C/c2cc(CC)n(-c3ccccc3C(F)(F)F)c2CC)C1=O,-1.1942477451993276
Cc1cn(CC(=O)c2ccc(-c3ccc(N4C[C@H](Cn5ccnn5)OC4=O)cc3F)cn2)c(C)n1,-0.9176455486690313
O=C(O)c1cc([C@H]2CC[C@]3(CC2)OOC2(O3)C3CC4CC(C3)CC2C4)ccc1O,-1.9590023075765075
N#Cc1cccc(Nc2nccc(-c3c(C4CC4)nn4nc(N5CCOCC5)ccc34)n2)c1,-3.0
CCn1c(=O)oc2ccc(-c3ccc(C[C@@H](C#N)NC(=O)[C@@H]4CNCCCO4)cc3)cc21,-1.2150975501133452
O=C(N[C@@H]1C2CCN(CC2)[C@H]1Cc1cccnc1)c1cc2ccccc2o1,-0.3972890550424425
OC(Cn1cncn1)(Cn1cncn1)c1ccc(F)cc1F,-0.0673315770259643
CC#CC(=O)N[C@H]1CCCN(c2c(F)cc(C(N)=O)c3[nH]c(C)c(C)c23)C1,-1.886457720046036
CCc1cc2c(c(C(F)(F)F)c1)C(=O)N1CCNC[C@@H]21,-0.7674358591132167
C[C@@H]1CCC[C@H](C)N1NC(=O)c1ccc(Cl)c(S(N)(=O)=O)c1,-0.3005959181846626
CC(CC1c2ccccc2CCc2ccccc21)CN(C)C,-1.2928558116575553
COc1cc2[nH]c(-c3ccc(N4CCCCC4)cc3)c(C)c(=O)c2cc1F,-1.886457720046036
CN1C(=O)CN=C(c2ccccc2F)c2cc([N+](=O)[O-])ccc21,-0.1567838400590018
CCOc1cc(F)ccc1-c1cnc2sc(N3CCC(O)(CN)CC3)nn12,-1.4819073984834683
Nc1nc2ccc(-c3ccncc3)cc2s1,-0.9216117029254074
C[C@@](C(=O)O[C@H]1C[N+]2(Cc3cc(-c4ccccc4)no3)CCC1CC2)(c1cccs1)N1CCCCC1,-1.6202051567230198
COc1ccc(NC(=O)N2CCN(c3c(Nc4ccccc4C)c(=O)c3=O)CC2c2ccccc2)cc1OC,-1.2928558116575553
Cc1cnc(C(=O)NCCc2ccc(S(=O)(=O)NC(=O)NC3CCCCC3)cc2)cn1,-1.8393361253231464
CCOc1ccc2cc(-c3nn(C(C)(C)CO)c(N)c3C(N)=O)ccc2c1,-1.5090587946432126
O=C1CN(/N=C/c2ccc(-c3ccc([N+](=O)[O-])cc3)o2)C(=O)N1,-1.091944125901233
CC(C)N1C[C@H](C(O)=Nc2ccc(Cl)cn2)[C@@H](C(O)=Nc2ccc(-n3ccccc3=O)cc2F)C1,-2.1552743720267773
CCNC(=O)Nc1nc2cc(-c3ccc(C#N)nc3)c(=O)n(C(C)C)c2s1,-1.3876400520322256
CN(C)[C@@H]1C(O)=C(C(N)=O)C(=O)[C@@]2(O)C(O)=C3C(=O)c4c(O)ccc(Cl)c4[C@@H](O)[C@H]3C[C@@H]12,-0.4119711961324858
COc1ncc(-c2ccc(Cn3cc(C(=O)O)c(=O)c4ccccc43)c(F)c2)cn1,-1.3283274043791142
C=CC[C@@H]1/C=C(\C)C[C@H](C)C[C@H](OC)[C@H]2O[C@@](O)(C(=O)C(=O)N3CCCC[C@H]3C(=O)O[C@H](/C(C)=C/[C@H]3CC[C@@H](O)[C@@H](OC)C3)[C@H](C)[C@@H](O)CC1=O)[C@H](C)C[C@@H]2OC,-1.162524253077213
COc1ccc(-c2cc(N3C[C@H](c4cc(F)c(F)cc4F)[C@@H](N)C3)ncn2)cn1,-1.2150975501133452
CCc1cccc2c3c([nH]c12)C(CC)(CC(=O)O)OCC3,-1.977964857725345
C[C@H](Oc1ccc(Cl)cc1CN1CCN(C(=O)Cc2ccc(Cl)cc2)[C@@H](C)C1)C(=O)O,-1.5755365322470285
CC1(CO)NC(=O)N(c2ccc(F)c(C(F)(F)F)c2)C1=O,-0.182207957477873
N#Cc1cccc(Nc2cc(-c3cnn4ncccc34)ccn2)c1,-1.9590023075765075
Cc1c(Sc2ccc(Cl)cc2)c2c(-c3ccccc3)cccc2n1CC(=O)O,-2.377081726753733
CC(=O)N1CCc2c(c(N3CCCc4cc(-c5cnn(C)c5)c(C(F)F)cc43)nn2C2CCOCC2)C1,-0.7936059355691265
CC(=O)Nc1ccc2c(c1)N(c1cc(NC3CC3)n3ncc(C#N)c3n1)CCO2,-1.1184738353641328
C[C@@H](C(=O)NCCCN1CCCC1)c1ccc(OS(=O)(=O)C(F)(F)F)cc1,-0.4195083950783458
CN1CCC(c2ccc3nc(Nc4ccc(C(F)(F)F)cn4)[nH]c3c2)CC1,-0.8700975230745714
O=C(O)[C@H](Cc1ccc(F)cc1)N1CCC(CN2CCC(Oc3ccc(Cl)c(Cl)c3)CC2)CC1,-0.9393554111909614
NC1(C(=O)N[C@@H](CCO)c2ccc(Cl)cc2)CCN(c2ncnc3[nH]ccc23)CC1,-0.1083393517387524
CCC(C)NC(=O)c1nc(-c2ccc(F)cc2)cnc1N,-1.229575131902665
CO[C@H]1CN(c2nc(-c3ncc[nH]3)c(C(=O)O)s2)CC[C@H]1N=C(O)c1[nH]c(C)c(Cl)c1Cl,-1.9590023075765075
CC[C@@H](NC(=O)N1CCc2cnc(N[C@@H](C)CO)nc2C1)c1ccc(Cl)c(Cl)c1,-1.5854444437707855
COP(=O)(c1ccc2nc(-c3ccc(F)cc3)oc2c1)C(C)C,-1.3876400520322256
CCOC(=O)c1cc(C#N)c(N2CC(N=C(O)NS(=O)(=O)Cc3ccccc3)C2)nc1C,-1.7962873593922926
CC(C)c1cc(C(=O)N2Cc3ccc(C4(O)CCN(C)CC4)cc3C2)c(O)cc1O,-0.4429261056339875
COc1cc(C)c(S(=O)(=O)N(C)CCOCC(=O)N2CCC(C3CCN(C)CC3)CC2)c(C)c1,-0.3158575256285616
CC(=O)Nc1ccc2ccn(-c3cc(NCCCCO)n4ncc(C#N)c4n3)c2c1,-1.3776921837004918
O=c1[nH]cc(F)c(=O)[nH]1,-0.045709238298873
O=S(=O)(Nc1ccccc1Cl)c1ccc(N=C(O)c2nccs2)cc1,-2.699187205881913
C[C@@H](NC(=O)N1CCc2cnc(Nc3ccnn3C)nc2C1)c1ccc(Cl)c(Cl)c1,-1.9590023075765075
CCN=C(O)Nc1cc(-c2nc(C(F)(F)F)cs2)c(-c2cncc(C(=N)O)c2)cn1,-0.4429261056339875
CNCCC(Oc1ccccc1OC)c1ccccc1,-0.3158575256285616
COc1cc(C)[nH]c(=O)c1CNC(=O)c1c(C)n([C@H](C)C2CCN(CCC(F)(F)F)CC2)c2ccccc12,-1.3771748708039588
CO[C@H]1CN(c2nc(C(=O)NCCN3CCOCC3)c(C(=O)O)s2)CC[C@H]1NC(=O)c1[nH]c(C)c(Cl)c1Cl,-1.2600639181842257
NCC[C@H](O)C(=O)N[C@@H]1C[C@H](N)[C@@H](O[C@H]2O[C@H](CN)CC[C@H]2N)[C@H](O)[C@H]1O[C@H]1O[C@H](CO)[C@@H](O)[C@H](N)[C@H]1O,-0.0361744095587378
COc1ccc2ccc(=O)n(CCN[C@H]3CC[C@H]4[C@@H](C3)OC(=O)N4c3ccc4c(n3)NC(=O)CO4)c2n1,-0.0366462118969682
Nc1scc2c(C(=O)NC3CC3)nn(-c3ccc(Cl)cc3)c(=O)c12,-1.7239497066643057
Clc1ccc2ncc(-c3cccc(NC4CNC4)n3)n2c1,-0.7850587114395241
CC(C)N1CC(c2nc(C(=O)NCc3ccc(F)cc3)c(O)c3ncccc23)CC1=O,-1.6386877748976718
Cc1ccc(C(=O)N[C@H]2O[C@@H](C)[C@@H](O)[C@@H](O)[C@@H]2O)cc1,-0.1609558352697234
CO[C@H]1CN(c2nc(C(=O)N3CCOCC3)c(C(=O)O)s2)CC[C@H]1NC(=O)c1[nH]c(C)c(Cl)c1Cl,-0.8512123159436876
Cc1ccc(S(=O)(=O)NC(=O)N[C@H]2[C@H]3CC[C@@](C)([C@H]2O)C3(C)C)cc1,-1.2928558116575553
COC(=O)CCn1cc(-c2cc(NC3CC3)n3ncc(C#N)c3n2)c2cc(NC(C)=O)ccc21,-1.7699600188420606
O=C(Cn1cc(CN2CCN(c3cc4c(cc3F)c(=O)c(C(=O)O)cn4C3CC3)CC2)nn1)Nc1ccc(S[C@@H]2O[C@H](CO)[C@H](O)[C@H](O)[C@H]2O)cc1,-0.5076727249063073
O=C(O)Cc1ccccc1N1CCC(CN2CCC(Oc3ccc(Cl)c(Cl)c3)CC2)CC1,-2.1552743720267773
CCOC(=O)C1=C(C)N/C(=C/c2cc(C)n(-c3ccc(N(C)C)cc3)c2C)C1=O,-1.1942477451993276
Cn1nc(C(C)(C)C)cc1NC(=O)C(C)(C)S(=O)(=O)c1ccc(Cl)cc1,-1.18751446704095
COc1ccc2ncc(=O)n(CCN3CC[C@@H](NCc4cc5c(cn4)OCCO5)[C@H](O)C3)c2c1,-0.7433538006732456
CC(C)[C@H](N)C(=O)OCCOCn1cnc2c(=O)[nH]c(N)nc21,-0.0740915500666644
COc1nccnc1NS(=O)(=O)c1cccc(Cl)c1Cl,-1.92121703980304
NC(=O)c1ccc(Oc2cncc3sc(C(N)=O)cc23)cc1,-0.6424977580706832
O=S(=O)(c1ccc(-c2ccc3nccc(N[C@@H]4CCCC[C@H]4O)c3c2)cc1)N1CCOCC1,-0.5517266447926501
Cc1[nH]c(C)c(-c2ccc(-c3ccc(C(F)(F)F)cc3)nc2)c(=O)c1Cl,-1.2928558116575553
O=C1COCCN1c1ccc(CO[C@@H]2COc3nc([N+](=O)[O-])cn3C2)cc1,-0.3040772483349043
C[C@H](O)c1nccn1[C@H](CN)c1cc(-c2ccc(C#C[C@H]3C[C@H](O)C3)cc2)on1,-1.125367452031517
N#CC1(NC(=O)[C@H](Cc2ccc(OC(F)(F)F)c(Cl)c2)NC(=O)c2cnn(-c3ccc(F)nc3)n2)CC1,-1.801749911184108
CN(C)CCn1cc2cc(NC(=O)c3cccc(C(F)(F)F)n3)c(C(C)(C)O)cc2n1,-1.824314271737916
CC(C)C[C@H](NC(=O)[C@H](Cc1ccccc1)NC(=O)c1cnccn1)B(O)O,-0.8113064923505697
CC(C)Oc1cc2ncc(C(N)=O)c(Nc3cccc(Cl)c3F)c2cc1N1CCN(C)CC1,-1.3031964395998012
CN1CC[C@@H](N=C(O)Nc2ccc(C#N)cc2)C[C@@H]1c1nc2ccccc2[nH]1,-1.036641959136657
O=C(NC[C@H]1[C@H]2C[C@H](Oc3ccnc4ccc(F)cc34)C[C@@H]12)c1ccc(Cl)cc1,-2.3982658517398923
COCCNc1nc(N)c2nc(O)n(Cc3ccccc3)c2n1,-0.6796632063776556
C=CCn1c(=O)c2cnc(Nc3ccc(N4CCN(C)CC4)cc3)nc2n1-c1ccc2c(n1)[C@](C)(O)CC2,-0.3274126816541466
CN(C)C(=O)C(CCN1CCC(O)(c2ccc(Cl)cc2)CC1)(c1ccccc1)c1ccccc1,-1.2827556807057992
CC(C)Cc1c(C(=O)C(N)=O)c2c(OCC(=O)NS(C)(=O)=O)cccc2n1Cc1ccccc1,-1.5837773484635205
C[C@@H](Oc1ccc2c(c1)S(=O)(=O)N=C(c1c(O)c3cc(F)ccc3n(CCC3CC3)c1=O)N2)C(N)=O,-2.5231683714877318
COc1ccc(-c2nc3c(OCC4CCNCC4)c(Br)cnc3[nH]2)cc1,-0.8697759449311093
CN[C@@H](C)C(=O)N[C@H](C(=O)N[C@H]1CCCN(CCc2ccccc2)C1)C1CCCCC1,-0.4821825423073874
Cc1cnc(Nc2ccnc3cc(-c4cnc(N5CCCN(C)CC5)nc4)ccc23)cn1,-0.6560402709928592
CCOc1ccccc1OCC1CNCCO1,-0.9961088337630896
CC(C)(O)c1cn(-c2ccc(-c3ccc(CO)c(S(C)(=O)=O)c3)cc2)c(C(C)(C)c2ccccc2Cl)n1,-1.1584434521323872
C[C@H](Nc1nc(Nc2ncc(C#N)s2)cc(N2CCOCC2)n1)c1ccc(F)cn1,-1.219390375709032
CC1(C)CCn2c(=O)c(=O)n(Cc3nn[nH]n3)c3cccc1c32,-1.667975832365793
Cc1cc(Nc2ccc(S(F)(F)(F)(F)F)cc2)n2nc(C(F)(F)F)nc2n1,-2.5231683714877318
CC(C(=O)O)c1ccc(N2Cc3ccccc3C2=O)cc1,-1.9590023075765075
CN1CCN(c2c(F)cc3c(=O)c(C(=O)O)cn(CCF)c3c2F)CC1,-0.1365165401117613
N#CCN1CCC(n2c(=O)cnc3cnc4ccc(-c5ccc(N)nc5)cc4c32)CC1,-0.4429261056339875
CS(=O)(=O)Nc1nnc2cc(COc3cc(Cl)cc(Cl)c3)c(C3CC3)cn12,-2.3013775702979022
CO[C@H]1CC[C@]2(CC1)Cc1ccc(OCC(C)C)cc1C21N=C(C)C(N)=N1,-0.695511195620733
CC(C)CCn1c(=O)c(C2=NS(=O)(=O)c3cc(NS(C)(=O)=O)ccc3N2)c(O)c2cccnc21,-1.9590023075765075
COCCO[C@H]1CN(c2ncc(C(=O)O)s2)CC[C@H]1NC(=O)c1[nH]c(C)c(Cl)c1Cl,-1.0227063304123192
C[C@H](N[S@@]1(=O)=NC(=O)c2ccccc21)c1ccccc1,-1.0461871720369864
c1cnn2ncc(-c3ccnc(NC4CCCCC4)n3)c2c1,-1.5090587946432126
CC(C)(O/N=C(\C(=O)NC1CN(C(=O)NS(=O)(=O)N2CCN(NC(=O)c3cc(=O)c(O)c[nH]3)C2=O)C1=O)c1csc(N)n1)C(=O)O,-0.5365400288758649
N#Cc1c(O)nc(N)nc1-c1ccccc1,-1.425235105053154
Cc1cc(C(=O)N[C@H]2CC[C@@H](NC(=O)c3cc(F)cnc3Oc3cccc(-c4cccc(CN5C[C@@H](C)N[C@@H](C)C5)c4O)c3)CC2)nn1C,-1.036641959136657
CN1CCc2nc(C#Cc3ccccc3)sc2C1,-1.4441199353631946
CC(C)[C@H](O/N=C(\C(=O)N[C@@H]1C(=O)N(OS(=O)(=O)O)C1(C)C)c1nc(N)sc1Cl)c1cc(=O)c(O)cn1O,-2.481788855747515
COCc1nnc(N2C[C@@H]3C[C@]3(c3ccc(F)cc3Cl)C2)n1-c1ccc(OC)nc1,-1.4417139323126582
Cc1cc(Nc2ncc3c(n2)CN(C(=O)N[C@H](C)c2ccc(Cl)c(Cl)c2)CC3)ccn1,-2.1552743720267773
CC1=C(C(=O)O)N2C(=O)[C@@H](NC(=O)[C@H](N)c3ccc(O)cc3)[C@H]2SC1,-0.0860908251430713
O=C(Nc1ccc(S(=O)(=O)Nc2ccccc2Cl)cc1)c1ccccn1,-2.699187205881913
CC[C@]1(O)C[C@@H]2CN(CCc3c([nH]c4ccccc34)[C@@](C(=O)OC)(c3cc4c(cc3OC)N(C)[C@H]3[C@@](O)(C(=O)OC)[C@H](OC(C)=O)[C@]5(CC)C=CCN6CC[C@]43[C@@H]65)C2)C1,-0.8512123159436876
O=C(NCC1CCC(F)(F)CC1)c1c(Cl)ccc2nc(N3CC[C@H](F)C3)ccc12,-0.9961088337630896
CC(C)c1ccc(NC(=O)c2cccs2)c(-c2nc3ccccc3[nH]c2=O)c1,-2.3013775702979022
CCCC[C@H]1CN(CC2CCOCC2)C(=O)OC12CCN(C1(C)CCN(C(=O)c3c(C)ncnc3C)CC1)CC2,-0.7674358591132167
CC(C(=O)OC1CC[N+](C)(C)CC1)(c1ccccc1)C1CCCC1,-0.3761513833286242
CCOC(=O)C1=C[C@]2(CC)CCCN3CCc4c(n1c1ccccc41)[C@@H]32,-1.678194516142461
COC(=O)N[C@@H](C)CNc1nccc(-c2cn(C(C)C)nc2-c2cc(Cl)cc(NS(C)(=O)=O)c2F)n1,-0.8619391843475849
CN[C@@H](C)C(=O)N[C@H](C(=O)N1CCC[C@H]1C(=O)N[C@H](C(=O)OC)C(c1ccccc1)c1ccccc1)C1CCCCC1,-0.7522134958804845
C[C@@H](O)[C@H]1C(=O)N2C(C(=O)O)=C(SCCNC=N)C[C@H]12,-0.0654308554086806
C[N+](C)(C)CC(=O)O,-0.3067066828326164
CC(C)n1nc(-c2cnc(N)nc2-c2ccccc2)ccc1=O,-0.6405971310574443
CNC(=O)N1CC=C(c2cc3c(-c4cc(F)ccc4OC)ccnc3[nH]2)CC1,-2.04614370177502
CC1=C(C(N)=O)C(=O)/C(=C\c2cc(C)n(-c3ccccc3C(F)(F)F)c2C)N1,-1.1942477451993276
CS(=O)(=O)CCCOc1cccc2c1ccn2-c1ccnc(N[C@H]2CC[C@H](C(=O)N3CCC(O)CC3)CC2)n1,-1.2928558116575553
O=c1[nH]c(=O)n(C2CC2)c2nc(Cc3nc4cc5c(cc4[nH]3)OCO5)n(Cc3ccccc3)c12,-0.9961088337630896
CCS(=O)(=O)c1ccc2[nH]c(-c3cccc(-c4ccccc4)c3)nc2c1,-2.6780082524527327
COc1ccc(CN=C(O)c2cnn3c2N[C@@H](c2ccc(C)cc2)C[C@H]3C(F)(F)F)cn1,-1.9590023075765075
Cc1cc(C2CCN(C(=O)[C@@H]3CN(C(C)(C)C)C[C@H]3c3ccc(F)cc3F)CC2)n(-c2cc(Cl)ccc2F)n1,-0.8512123159436876
CO[C@H]1CN(c2nc(-c3ccncn3)c(C(=O)O)s2)CC[C@H]1NC(=O)c1[nH]c(C)c(Cl)c1Cl,-1.3669559463304506
Cc1cccc2c1C(c1ccc(Cl)cc1)=N[C@@H](CC(N)=O)c1onc(C)c1-2,-1.678194516142461
Cn1cnc(S(=O)(=O)N2C[C@@H]3[C@H](C2)[C@@]3(CNC(=O)c2ccccc2C(F)(F)F)CC2CC2)c1,-1.1491700401514695
N#Cc1ccc2c(c1)N(CCN1CCC(NCc3ccc4c(n3)NC(=O)CO4)CC1)C(=O)CO2,-0.6387992073300848
CCNC(=O)Nc1nc2cc(-c3ccn(CCOC)c(=O)c3)c(=O)n(C(C)C)c2s1,-0.5837923388097694
CN[C@@H](C)C(=O)N[C@H](C(=O)N1CC[C@H]2CCN(CCc3ccccc3)C[C@H]21)C1CCCCC1,-1.237748439834954
Cc1c(Cc2cccnc2)c[nH]c1C(=O)NC1CC1,-0.5706806156808952
C[C@H](Nc1nc(Nc2cc(C3CC3)[nH]n2)cnc1C#N)c1ccc(F)cn1,-1.3031964395998012
CN(C)S(=O)(=O)c1cncc(C#Cc2cc(Cl)ccc2OCC(=O)O)c1,-1.4689428087667111
C=CC(=O)N[C@H]1COC[C@H]1Nc1ncc(OCc2c(F)c(OC)cc(OC)c2F)cn1,-0.4502049341313229
Cc1cc(C)nc(N2C[C@H]3CN(C(=O)c4ccc(F)cc4-n4nccn4)C[C@H]3C2)n1,-1.1196151994096977
COc1cccc(F)c1C1CCN(c2ccn3c(CC4CC4)nnc3c2Cl)CC1,-1.9590023075765075
OC[C@H]1O[C@H](Oc2ccc(-c3ccccc3)cc2)[C@@H](O)[C@@H](O)[C@@H]1O,-1.1491700401514695
C[C@H]1[C@H](NC(=O)/C(=N\OC(C)(C)C(=O)O)c2csc(N)n2)C(=O)N1C(=O)NS(=O)(=O)n1nc(-c2cc(=O)c(O)c[nH]2)n(C[C@@H](O)CS(C)(=O)=O)c1=O,-1.3876400520322256
CC(=O)Nc1cc(Nc2cc(NC3CC3)n3ncc(C#N)c3n2)cnc1C,-0.8214546854889927
CN(C)[C@]1(C)C[C@H](C(=O)N2CCC(c3ccnn3-c3ccc(F)c(Cl)c3)CC2)[C@@H](c2ccc(F)cc2F)C1,-0.839063511416901
CC(C)n1c(=O)cc(N[C@@H](C)c2ccccc2)[nH]c1=O,-1.3182803974648925
Cc1noc2c1-c1sc(C)c(C)c1C(c1ccc(N)nc1)=N[C@H]2CC(N)=O,-2.1552743720267773
Nc1ccn([C@@H]2CS[C@H](CO)O2)c(=O)n1,-0.1365165401117613
O=C(NC1CCCC1)Oc1cccc(C2=NCCO2)c1,-0.8772331631910197
Cc1ccccc1C(=O)Nc1cc(C#N)ccn1,-0.4441308034272672
CN(C)CCN1CCn2c(c(C3CCCCC3)c3ccc(C(=O)O)cc32)-c2ccccc2C1,-1.5090587946432126
C[C@@H]1CN(c2ccc3c(Nc4ccc(Cl)c(-c5ncc(-c6ccccc6)[nH]5)c4)nccc3n2)CCO1,-1.3983636523517635
C#C[C@]1(O)C=C[C@H]2[C@@H]3CCC4=CC(=O)CC[C@@H]4[C@H]3CC[C@@]21CC,-1.9590023075765075
Cc1[nH]c(C(=O)N2CCC2)c(C)c1Cc1ccc(C(F)(F)F)nc1,-0.6405971310574443
COc1ccc2ccc(=O)n(CCN3CCC(NCc4cc5c(cn4)OCCO5)CC3)c2c1,-0.5085113986449863
C=C1[C@H](CO)[C@@H](O)C[C@@H]1n1cnc2c(=O)[nH]c(N)nc21,-0.0606303152000543
O=C(O)c1cn(Cc2ccc(-c3cccs3)cn2)c2c(F)cccc2c1=O,-1.6993827801934176
O=S1(=O)N=C(Nc2ccccc2)c2ccccc21,-0.7936059355691265
O=C(c1ccc(F)c(F)c1N[14c]1[14cH][14cH][14c](I)[14cH][14c]1F)N1CC(O)([C@@H]2CCCCN2)C1,-0.6124559375165213
OC[C@H]1O[C@H](Oc2ccc(-c3cnc4[nH]ccc4c3)cc2Cl)[C@@H](O)[C@@H](O)[C@@H]1O,-0.9961088337630896
Cc1nn(CC(F)(F)F)cc1Nc1ncc(Br)c(NCc2ccc(S(N)(=O)=O)cc2)n1,-2.0972901870301213
C[C@@H]1CC(=O)NN=C1c1ccc(-c2cncnc2)cc1,-0.3559949365267739
O=C(Nc1cccc2cccnc12)c1ccc(N2C(=O)[C@@H]3[C@H](C2=O)[C@@H]2C=C[C@H]3C2)cc1,-1.9176132149096263
N=C(N)NC(=O)c1nc(Cl)c(N)nc1N,-0.1772531708143663
O=C(O)CN1C(=O)C(NC(=O)c2cc3sc(Cl)c(Cl)c3[nH]2)Cc2ccccc21,-0.0005209445414896
CS(=O)(=O)c1ccc2c(c1)N(CCN1CCC(NCc3ccc4c(n3)NC(=O)CO4)CC1)C(=O)CO2,-0.8354841656383396
CN(C)CCC1CCN(c2cc(C(=O)NC[C@H]3CC[C@H](CNC(=O)OC(C)(C)C)CC3)c3ccccc3n2)CC1,-1.4594671928349403
Cc1c(Cl)ccc(OC2CCN(C[C@H](O)CNC(=O)c3c[nH]c(=O)c4ccc(S(C)(=O)=O)cc34)CC2)c1Cl,-1.1094493270412118
CN(C)C(=O)Cn1c(-c2ccccc2)c(C2CCCCC2)c2ccc(C(=O)NS(=O)(=O)c3ccccc3)cc21,-0.0013035348864531
COc1ccc(C(CCCN)(c2ccccc2)c2ccccc2)cc1,-1.027302033420102
O=[N+]([O-])c1cn2c(n1)OC[C@@H](OCc1ccc(N3CCCCC3)nc1)C2,-0.6312167965507071
COc1ccc2cc(S(=O)(=O)N[C@H](CC(=O)N[C@H](Cc3ccc(CN4[C@H](C)CCC[C@@H]4C)cc3)C(=O)N(C)C(C)C)c3ccc4c(c3)OCO4)ccc2c1,-1.3876400520322256
O=C(NCc1ccc(OC(F)(F)F)cc1)C1c2ccccc2C(=O)N1C1CCC(F)(F)CC1,-1.678194516142461
C[C@@](C(=O)O[C@H]1C[N+]2(CCc3cccc(Cl)c3)CCC1CC2)(c1cccs1)N1CCCCC1,-1.6386877748976718
Cc1cc(C(F)(F)F)ccc1-c1cc2cn([C@@H](CC(C)C)c3ccc(C(=O)NCCC(=O)O)cc3)nc2cc1C,-2.958646797953009
Cc1nc(N2CCOCC2)c2cc(-c3ccccc3)sc2n1,-2.284347574413499
Cc1ccc(NC(=O)c2ccc(CN3CCN(C)CC3)cc2)cc1Nc1nccc(-c2cccnc2)n1,-0.2342440736825687
CN1CCC(CNc2ccc3ncc(-c4cccc(OC(F)(F)F)c4)n3n2)CC1,-1.397279298161686
COc1cccc(OC)c1OCCNCC1COc2ccccc2O1,-1.6024771142816578
C[C@@H]1O[C@@H](O[C@@H]2C=C3CC[C@@H]4[C@H](CC[C@]5(C)[C@@H](c6ccc(=O)oc6)CC[C@]45O)[C@@]3(C)CC2)[C@H](O)[C@H](O)[C@H]1O,-0.8214546854889927
OC(=Nc1cccc(-c2nc3ccccc3[nH]2)c1)c1ccc2c(c1)OCCO2,-1.9590023075765075
CO[C@H]1C(=O)[C@]2(C)[C@@H](OC)C[C@H]3OC[C@@]3(OC(C)=O)[C@H]2[C@H](OC(=O)c2ccccc2)[C@]2(O)C[C@H](OC(=O)[C@H](O)[C@@H](NC(=O)OC(C)(C)C)c3ccccc3)C(C)=C1C2(C)C,-1.0841332458810358
COc1ccccc1N1CCN(CC(O)COc2cccc3ccccc23)CC1,-2.04614370177502
CON(C)C(=O)c1c(Cn2c(C)nc(Cl)c2Cl)sc2c1c(=O)n(C)c(=O)n2CC(C)C,-0.4430464251464634
O=S(=O)(c1ccc(Cl)cc1)N1CCCc2ccc(Oc3cc(-c4nnc(C5CC5)o4)cc(Cl)n3)cc21,-0.8831598975873358
Cc1cnc(-c2cnc(NCCNc3ccc(C#N)cn3)nc2-c2ccc(Cl)cc2Cl)[nH]1,-1.7059462187004089
O=[N+]([O-])c1ccc(C2=NOC(c3ccc(N4CCSCC4)cc3)C2)o1,-1.7962873593922926
Cc1n[nH]c(C)c1N1CCN(c2cc(C(=O)O)ccc2C(F)(F)F)CC1,-0.8512123159436876
COc1ccc(-c2cc(=O)[nH]c(=S)n2CCO)c(OC)c1,-0.3005959181846626
Cn1ncc2c(=O)[nH]c(-c3ccccc3)nc21,-1.1641040589529887
Cc1cc(C(=O)N[C@H]2CC[C@@H](NC(=O)c3cc(F)cnc3Oc3cccc(-c4ccc(CN5C[C@@H](C)N[C@@H](C)C5)c(O)c4)c3)CC2)nn1C,-0.9176455486690313
CC[C@@H](NC(=O)c1ccc(Cl)cc1)[C@H]1[C@@H]2C[C@@H](n3cnc4ccc(C#N)cc43)C[C@@H]21,-1.7699600188420606
N#CCCN1C(=O)CC[C@H]1C(=O)N1CC[C@@]2(S(=O)(=O)c3ccc(F)cc3)c3cnc(C(F)(C(F)(F)F)C(F)(F)F)cc3CC[C@@H]12,-0.0554581099125212
COc1cc2ncnc(-n3nc(-c4ccccn4)nc3N)c2cc1OC,-0.8733264691734836
CC[N+]1(C)[C@@H]2C[C@H](OC(=O)C(CO)c3ccccc3)C[C@H]1[C@H]1O[C@H]12,-0.0314843638442568
Cc1ccc2c(c1)c(Sc1ccc(S(C)(=O)=O)cc1)c(C)n2CC(=O)O,-2.0413453496394345
CC(=O)Nc1ccc(-c2ccc(Cn3cc(C(=O)O)c(=O)c4cccc(F)c43)nc2)cc1,-1.5090587946432126
CCNC(=O)Nc1nc2cc(-c3cc(C)n(CC)c(=O)c3)c(=O)n(C(C)C)c2s1,-1.1491700401514695
O=C(N[C@@H]1CCCN(c2ncnc3[nH]ncc23)C1)[C@H](Nc1cc(Cl)cc(Cl)c1)C1CC1,-0.0268444263605972
O=C(O)c1cc(-c2ccc(F)cc2F)ccc1O,-2.597142194853959
CC(=O)c1cc2ccc(O)cc2oc1=O,-1.79901004685437
CN(C)CCNCc1ccc(Nc2ncc3cc(-c4ccncc4)ccc3n2)cc1,-1.2937081886722996
Cc1ccc(-c2cccnc2)cc1NC(=O)c1ccc(OCc2ccccn2)cc1,-1.9590023075765075
COc1cc2c(c(OC)n1)[C@]1(O)[C@H](O)[C@H](CN(C)C)[C@@H](c3ccccc3)[C@]1(c1ccc(C#N)cc1)O2,-0.4779889727765335
COCCN1C(=O)C(NC(=O)c2cc3cc(Cl)sc3[nH]2)Cc2ccccc21,-0.0008251176819987
Cc1onc(-c2ccccc2)c1C(=O)N(C)c1ccc(Cl)cc1,-1.3689805856550623
O=C(C[N+]12CCC(CC1)[C@@H](OC(=O)C1(C3=CC=CC3)CCCCCC1)C2)Nc1ccccn1,-1.3876400520322256
Cc1cc(S(F)(F)(F)(F)F)cc2c1OC(C(F)(F)F)C(C(=O)O)=C2,-2.824053529904458
CO[C@H]1C[C@@H]2CC[C@@H](C)[C@@](O)(O2)C(=O)C(=O)N2CCCC[C@H]2C(=O)O[C@H]([C@H](C)C[C@@H]2CC[C@@H](O)[C@H](OC)C2)CC(=O)[C@H](C)/C=C(\C)[C@@H](O)[C@@H](OC)C(=O)[C@H](C)C[C@H](C)/C=C/C=C/C=C/1C,-1.091944125901233
Cc1cccc(C(CC[C@H](N)C(=O)O)(c2ccccc2)c2ccccc2)c1,-2.528995957566368
CC(=O)Nc1ccc2ccn(-c3cc(NC4COC4)n4ncc(C#N)c4n3)c2c1,-0.903868592795646
C[C@@H]1CN([C@@H](C)CO)C(=O)c2cccc(NC(=O)c3ccncc3)c2O[C@H]1CN(C)Cc1ccc(Oc2ccccc2)cc1,-1.9590023075765075
Cc1cc(Cl)nc(C)c1C(=O)NCC[C@@H](C)N1CCC(N(Cc2ccsc2)C(=O)CN2CCOC2=O)CC1,-0.3559949365267739
C[C@@H](Oc1cc2onc(CCC(=O)O)c2cc1Cl)c1ccccn1,-1.6386877748976718
CCCCCCCCN(CCC(=O)Nc1ccccc1)CCC(=O)Nc1ccccc1,-1.3283274043791142
CC[Si](CC)(CC)c1ccc(N2[C@H](c3ccc(NC(=O)[C@@H]4CCCN4C(=O)[C@@H](NC(=O)OC)C(C)C)cc3)CC[C@H]2c2ccc(NC(=O)[C@@H]3CCCN3C(=O)[C@@H](NC(=O)OC)C(C)C)cc2)cc1,-2.958646797953009
Cc1noc2c(F)c3c(cc12)CC1(C(=O)NC(=O)NC1=O)C1C(C)OC(C)CN31,-1.1942477451993276
COc1ncnc(Cn2cc(C(=O)NCC(F)F)c3ncc(C)cc32)c1C,-1.2928558116575553
N#Cc1c(-c2ccc(-c3ccccc3Cl)cc2)nc2ccncc2c1O,-2.744920557572451
CC(C)=CCC[N+]12CCC(CC1)[C@@H](OC(=O)[C@](C)(c1ccccc1)N1CCCCC1)C2,-1.065275017226084
CCC1(CCC(C)C)C(O)=NC(=O)N=C1O,-0.3462570059742641
CCCc1nn(C)c2c(=O)nc(-c3cc(S(=O)(=O)N4CCN(C)CC4)ccc3OCC)[nH]c12,-1.3954420869391684
CON=C(O)Nc1ccc(-c2sc3c(c2CN(C)Cc2ccccc2)c(=O)n(-c2ccccc2)c(=O)n3Cc2c(F)cccc2F)cc1,-1.678194516142461
COc1ccc(NC(=O)c2ccc(C(=N)N(C)C)cc2F)c(C(=O)Nc2ccc(Cl)cn2)c1,-0.1976601018696507
COc1cc2c(Nc3ccc(F)cc3F)c(C(N)=O)cnc2cc1NCCN(C)C,-0.3533441032767084
C[C@H]1CN(Cc2ccc(CC(=O)N3CCC(Nc4cccc(F)c4)CC3)cc2)CCN1,-0.7674358591132167
CO[C@H](C)c1c(NC(=O)Nc2cnc(-n3nccn3)c(Cl)c2)cnc2cc(Cl)nn12,-1.6202051567230198
Cc1cc2c(Nc3cnccn3)ccnc2cc1-c1cnc(N2CCCNCC2)nc1,-0.5218665718994825
COc1ccc(C(=O)N2CCN(C(=O)c3cc(Cc4n[nH]c(=O)c5ccccc45)ccc3F)CC2)cc1I,-1.4441199353631946
O=C(O)P(=O)(O)O,-0.0720381468652348
OC1=Nc2ccc(Cl)cc2C(c2ccccc2)=NC1,-1.5090587946432126
CCCCc1nc(Cl)c(CO)n1Cc1ccc(-c2ccccc2-c2nnn[nH]2)cc1,-1.7548971441389063
Cc1sc2c(c1C)C(c1ccc(Cl)cc1)=N[C@@H](CC(=O)OC(C)(C)C)c1nnc(C)n1-2,-2.0181179968023826
CCc1ccc(Oc2cc(N3CCC(C(=O)N4CCc5ccccc5C4)CC3)ncn2)cc1,-2.699187205881913
O=c1cc(C(F)(F)F)[nH]c2cc(C(F)(F)F)cc(Nc3ccc(F)cn3)c12,-2.5231683714877318
CN1CCN(C(=O)c2cccc(Cc3n[nH]c(=O)c4ccccc34)c2)CC1,-0.45586917361419
CCOC(=O)N1CCN(C(=O)[C@H](CCC(=O)O)NC(=O)c2cc(NCCO)nc(-c3ccccc3)n2)CC1,-0.8668924068772468
c1nc(N[C@H]2CC[C@H](N3CCOCC3)CC2)c2c(C3CCOCC3)c[nH]c2n1,-0.1190492837433591
NCc1cc(Oc2cccc(C(=O)N3C[C@@H](O)[C@H](F)C3)c2)nc(C(F)(F)F)c1,-0.4939281250746494
CC(C)N(CCCNC(=O)OCc1ccccc1)C[C@H]1O[C@@H](n2cnc3c(N)ncnc32)[C@H](O)[C@@H]1O,-0.4689543161183178
COc1cc(N2C(=O)N(c3ccc(-c4ccc(C(=O)O)cc4)nc3)C(=O)C23CCN(Cc2ncccc2C)CC3)ncn1,-1.6386877748976718
Cc1cc(N[C@H]2CCc3ccc(Cl)cc3C2)n2nc(C(C)(F)F)nc2n1,-1.4689428087667111
Cc1cc(C#N)cc(C)c1Oc1nc(NC2CCN(Cc3ccc(C(N)=O)cc3)CC2)nc2c1COC2,-1.1491700401514695
COc1cc2c(cc1C(F)(F)F)NC(=O)CC(c1cccc(-n3ccnc3)c1)=N2,-1.1145025188336828
N#Cc1ccc(C(c2ccc(C#N)cc2)n2cncn2)cc1,-0.362853729059293
CC(C)COc1ccc(-c2cc(O)nc(N)n2)cc1C#N,-1.3782101135328222
Cc1ccc(C(NC(=O)c2ccccc2O)C(=O)Nc2c(C)cccc2C)s1,-2.2760766255386824
CCC(C)NC(=O)c1c(C)nn(-c2ccccc2)c1NS(=O)(=O)c1ccc(C)cc1,-2.161522421372919
O=C(O)[C@@H]1C[C@H](Cc2cccc(F)c2)CN1,-0.1365165401117613
CCC1=C[C@@H]2C[N@](C1)Cc1c([nH]c3ccccc13)[C@@](C(=O)OC)(c1cc3c(cc1OC)N(C)[C@H]1[C@@](O)(C(=O)OC)[C@H](OC(C)=O)[C@]4(CC)C=CCN5CC[C@]31[C@@H]54)C2,-0.6886785300931425
O=c1[nH]c2c(O)ccc([C@@H](O)CNCCc3cccc(CNCCc4ccccn4)c3)c2s1,-0.7522134958804845
COc1cc2c(Oc3ccc(NS(=O)(=O)c4cc(F)ccc4F)cc3F)ccnc2cc1OCCCN1CCN(C)CC1,-2.000391041028584
CN1CCN(CCOc2cc(OC3CCOCC3)c3c(Nc4c(Cl)ccc5c4OCO5)ncnc3c2)CC1,-1.041388342235121
CCN/C(=N\S(=O)(=O)c1cccc(Cl)c1)N1CC2(C=N1)CCNCC2,-0.4676788579176694
N#Cc1cccc(Nc2cccc(-c3cnn4ncccc34)n2)c1,-1.9590023075765075
Cc1cc(C)nc(NS(=O)(=O)c2ccc(N)cc2)n1,-0.8214546854889927
CC(=O)Oc1ccccc1C(=O)Nc1ncc([N+](=O)[O-])s1,-0.3634444071273959
CNCCCC12CCC(c3ccccc31)c1ccccc12,-0.9343658805056798
CCc1cc(F)c2nc(N3CCC(NC4CCOCC4)CC3)c(-c3nc(C)no3)c(C)c2c1,-1.174353220625973
Brc1c(NC2=NCCN2)ccc2nccnc12,-0.1140391156772063
CCc1cc2c(cc1N1CCC(N3CCOCC3)CC1)C(C)(C)c1[nH]c3cc(C#N)ccc3c1C2=O,-1.8707123708305895
Cc1cn2nc(-c3cc(=O)n4cc(N5CCNC6(CC6)C5)ccc4n3)cc(C)c2n1,-0.9326162818153436
O=C1N(c2ccc(F)cc2)CCc2nc(COc3ccccc3)cn21,-1.00920400009182
CCCNC(=O)c1[nH]c(C)c(Cc2ccc(C(F)(F)F)nc2)c1C,-0.8073071267027845
Cn1cc(-c2cc3nccnc3c(NC[C@H]3CCCNC3)n2)cn1,-0.6007590583075443
COc1ccc2c(C)nc(=O)n(CCN3CCC(NCc4cc5c(cn4)OCCO5)CC3)c2c1,-0.395451802631769
COC(=O)c1ccc(-c2ccc(O[C@H]3O[C@H](CO)[C@@H](O)[C@H](O)[C@@H]3O)cc2Cl)cc1,-1.2928558116575553
Cc1c(-c2ccc3[nH]cnc3c2)ccc2c3ocnc3c(=O)n(C3CC3)c12,-0.0208856813791646
CCOc1cc2ncc(C(N)=O)c(Nc3ccc(F)cc3F)c2cc1N1CCC(O)CC1,-1.0461871720369864
CCCn1nc(NC(=O)NC2C3CC4CC(C3)CC2C4)cc1C,-1.92121703980304
[2H]C([2H])([2H])N(C(=O)c1c(F)cccc1Cl)c1ccc(-c2cc(C(N)=O)nn2C(C)C)cc1OCC(F)(F)F,-1.2222760159639607
CCc1nc(C(N)=O)c(Nc2ccc(N3CCC(N4CCN(C)CC4)CC3)c(OC)c2)nc1NC1CCOCC1,-1.0168488103008422
CC1(C)OC(=O)N(c2ccc(F)c(C(F)(F)F)c2)C1=O,-0.3771841863078004
O=C1CN(C(=O)c2ccco2)C(c2ccccc2)c2cc(Cl)ccc2N1,-0.992256061554874
C=C(F)COc1ccc(Cl)cc1[C@H]1C[C@@H]1CN,-0.4939281250746494
C[C@@H](NC(=O)c1ccc(C#Cc2cccc(F)c2)cn1)C(C)(C)O,-0.0118751085617392
O=c1ccccn1-c1ccc(N=C(O)[C@H]2CN(CC(F)F)C[C@@H]2C(O)=Nc2ccc(Cl)cn2)c(F)c1,-0.636820649941314
COc1cccc2c1c(NS(=O)(=O)c1ccc(Cl)s1)nn2Cc1cccc(CNC(=O)[C@@H]2COCCN2)c1,-1.7451378557193975
CCCCCNC(=N)NN=Cc1c[nH]c2ccc(OC)cc12,-1.678194516142461
Cc1nnc2sc(C(=O)NCc3ccc(-c4ccnc(F)c4)cc3)c(N)c2c1C,-1.523298766322403
N=c1[nH]c(O)ncc1F,-0.0154569353285182
NC[C@H]1O[C@H](O[C@@H]2[C@@H](O)[C@H](O[C@H]3O[C@H](CO)[C@@H](O)[C@H](N)[C@H]3O)[C@@H](N)C[C@H]2N)[C@H](N)C[C@@H]1O,-0.045709238298873
Cc1ccc2nc(C[N+]34CCC(CC3)[C@@H](OC(=O)[C@](C)(c3ccccc3)N3CCCCC3)C4)oc2c1,-1.1481314376689706
CN(C)CCNC(=O)c1cnc(N)c2cc(-c3ccc(S(=O)(=O)NC(C)(C)C)cc3)sc12,-1.18751446704095
Cc1c(Cl)ccc(OC2CCN(CC3CCN([C@@H](Cc4ccc(F)cc4)C(=O)O)CC3)CC2)c1Cl,-1.4160919664808365
Cc1ncc(NC(=O)c2cc(NC(=O)c3cccc(Cl)c3)ccc2Cl)s1,-2.5231683714877318
CCOC(=O)C1=C(C)N/C(=C/c2cc(C)n(Cc3ccc(C(F)(F)F)cc3)c2C)C1=O,-1.1942477451993276
O=C(NC[C@@H](O)CN1CCC(Oc2ccc(Cl)c(Cl)c2)CC1)c1cc(=O)[nH]c2ccccc12,-1.714854678520762
CCC(=O)O[C@@H](O[P@@](=O)(CCCCc1ccccc1)CC(=O)N1C[C@H](C2CCCCC2)C[C@H]1C(=O)O)C(C)C,-1.8729733168466145
Cc1ccccc1Nc1nccc(-c2cnn3ncccc23)n1,-1.3876400520322256
Cc1nc(C2CCN(C(=O)[C@@H]3C[C@@](C)(N(C)C)C[C@H]3c3ccc(F)cc3F)CC2)n(-c2cc(Cl)ccc2Cl)n1,-0.4806052046189826
O=C(O)CCCCCCCC(=O)OC[C@H]1CC[C@@H](n2cnc3c(=O)[nH]cnc32)O1,-0.3274126816541466
CN(C)CCOc1ccc(/C(=C(/CCCl)c2ccccc2)c2ccccc2)cc1,-0.2624860902816242
CCn1nc(-c2cccc3cccnc23)cc1-c1ccc(N)nn1,-1.201087061911587
C[C@@](CCn1ccc(-c2ccc(-n3nccn3)cc2)cc1=O)(C(=O)NO)S(C)(=O)=O,-0.6007590583075443
COC(=O)[C@H]1[C@@H](OC(=O)c2ccccc2)C[C@@H]2CC[C@H]1N2C,-1.106223706236997
CN(C)C(=O)[C@@H](c1ccc(-c2ccc3ncnn3c2)cc1)[C@H](N)C(=O)N1CCC(F)(F)C1,-0.7427535350926288
CN(C/C=C\CN)C[C@H]1O[C@@H](n2cnc3c(N)ncnc32)[C@H](F)[C@@H]1O,-0.1150727256892142
N#Cc1c(-c2ccc(-c3ccccc3O)cc2)nc2ccncc2c1O,-2.4440112696781595
Cc1cnn2ncn(Cc3nc([C@H]4[C@@H]5CN(c6cccc(Cl)c6)C[C@@H]54)no3)c(=O)c12,-2.000391041028584
COc1ccc2nccc([C@@H](O)CC[C@@H]3CCN(C4CC(c5ccccc5)C4)C[C@@H]3C(=O)O)c2c1,-1.097339090700932
COc1cc(OC(C)C)cc(S(=O)(=O)c2ccc3c(c2)O[C@H]2CNCC[C@@H]32)c1,-1.3283274043791142
Clc1ccc(-c2cc(CN3CCCCC3)nn2-c2ccc(Cl)cc2)cc1,-2.6780082524527327
O=C(O)C1CN(Cc2ccc3c(c2)CCc2c-3noc2-c2onc(-c3ccccc3)c2C(F)(F)F)C1,-2.3013775702979022
COc1ccc2[nH]cc(CCNC(C)=O)c2c1,-0.4033967473308588
C[C@@](C(=O)O[C@H]1C[N+]2(CCc3c[nH]c4ccccc34)CCC1CC2)(c1ccccc1)N1CCCCC1,-2.530465154958206
CN(CCN1CCC(OC(=O)Nc2ccccc2-c2ccccc2)CC1)C(=O)c1ccc(CN2CCC(C(N)=O)CC2)cc1,-0.4718507255608495
O=C(O)c1cn(Cc2ccc(-c3cccc4cccnc34)cc2)c2cccc(F)c2c1=O,-1.9590023075765075
COc1cc(C#Cc2sc(NC(=O)NCCOCC3CC3)nc2C)cnc1OC,-1.7015595902247282
COc1cc([C@H](c2cc3cc(C#N)ccc3cc2OC)[C@@](O)(CCN(C)C)c2cccc3ccoc23)cc(OC(C)C)n1,-3.0
Cc1ccccc1-n1c(Cn2nc(-c3ccc(O)c(F)c3)c3c(N)ncnc32)nc2cccc(C)c2c1=O,-1.678194516142461
COc1ccc(F)cc1-c1ccnc2[nH]c(C3=CCN([C@H]4CC[C@H](C(=O)O)CC4)CC3)cc12,-1.097339090700932
CC(C)c1ccc(/C=N/NC(=O)c2ccc(O)cc2)cc1,-1.2384991521519868
O=C(Nc1ccc(F)cn1)c1cc(Oc2cncc(F)c2)cn2cnnc12,-0.9961088337630896
Cc1ccc(NS(C)(=O)=O)c(C(=O)N2CCCC[C@H]2c2cc3nc(C)c(C)c(C)n3n2)c1,-1.824314271737916
O=C(O)c1ccc2c(ccn2-c2ccc(O[C@H]3O[C@H](CO)[C@@H](O)[C@H](O)[C@@H]3O)c(Cl)c2)c1,-1.1491700401514695
CCOC(=O)Nc1cccc(NC(=O)c2ccccc2Br)c1,-1.2928558116575553
CC(C)C[C@H]1C(=O)N2CCC[C@H]2[C@]2(O)O[C@](NC(=O)[C@@H]3C=C4c5cccc6[nH]c(Br)c(c56)C[C@H]4N(C)C3)(C(C)C)C(=O)N12,-1.0787428299837645
Nc1ccccc1NC(=O)c1ccc(CNC2=NC[C@H](c3ccccc3)O2)cc1,-0.991830077981924
CC(C)N(C)Cc1nccn1-c1ccc(N2CCC(NS(=O)(=O)/C=C/c3ccc(Cl)s3)C2=O)c(F)c1,-1.3669559463304506
N#Cc1cc(Cl)c(C(=O)Nc2ccnc(NC(=O)[C@H]3C[C@H]3F)c2)c(Cl)c1,-1.1615791206591135
C=CC(=O)N1CC[C@H](n2nc(C#Cc3cc(OC)cc(OC)c3)c3c(N)ncnc32)C1,-1.2928558116575553
CCCN1CCN(c2ncc(-c3ccc4c(Nc5cnccn5)ccnc4c3)cn2)CC1,-1.2928558116575553
Nc1nc(OC2CCCC2)nc2c1ncn2[C@@H]1O[C@H](CO)[C@@H](O)[C@H]1O,-0.1802323946047437
CCCc1nc(C(C)(C)O)c(C(=O)O)n1Cc1ccc(-c2ccccc2-c2nnn[nH]2)cc1,-1.9590023075765075
O=C(NCc1ccc(F)cc1)C1C(=O)N(O)C(=O)c2ccccc21,-2.699187205881913
Cc1ccc(NC(=O)c2cccc(C(F)(F)F)c2)cc1C(=O)Nc1cnc(Nc2ccc(N3CCN(C)CC3)cc2)nc1,-1.4689428087667111
Fc1cccc(Cl)c1CSc1nnc(-c2ccco2)n1-c1ccc(OCc2ccccc2)cc1,-1.2928558116575553
O=C(Cc1ccc(Cl)c(C(F)(F)F)c1)Nc1cccc2c(=O)n(CCO)ccc12,-1.9710101070909043
O=C(N1CCCC1)N1CCc2nc(C#Cc3ccccc3)sc2C1,-1.6024771142816578
C[C@@H]1COCCN1c1cc2n(n1)[C@H](C1CC1)C1(CC1)NC2=O,-0.1485642996111921
Cc1n[nH]c(C)c1NC(=O)OCC(Oc1cccc2sc(C(=N)N)cc12)c1ccccc1,-1.2928558116575553
CNC(=O)c1cc(F)ccc1CNC(=O)c1nn2c(c1O)C(=O)N(C)C[C@@H]2c1ccccc1,-0.0554581099125212
Cc1noc(C)c1S(=O)(=O)Nc1c(N2CCN(CCc3ccccc3)CC2)c(=O)c1=O,-1.3014558129408076
Cc1noc2c1-c1ccc(-c3ccc(N)nc3)cc1C(c1ccc(Cl)cc1)=N[C@H]2CC(N)=O,-1.3876400520322256
CC(C)(NC(=O)[C@H]1CN(C2CCCCC2)CC[C@@H]1NC(=O)c1cc(-c2ccc(F)cc2F)on1)c1ccccn1,-1.1430959774790113
CO[C@H]1CN(c2nc(C(=O)NC[C@H](C)OC)c(C(=O)O)s2)CC[C@H]1NC(=O)c1[nH]c(C)c(Cl)c1Cl,-1.5532609546660656
Nc1nc(CC(=O)Nc2ccc(CCNC[C@H](O)c3ccccc3)cc2)cs1,-0.5353923864204462
O=C(NCc1ccc(C(F)(F)F)cc1)Nc1cccc2cnccc12,-1.678194516142461
CC(=O)N1C2C=C(CN3CCC(Nc4ccc5cc(C(F)(F)F)ccc5n4)CC3)CC1CCC2,-1.3283274043791142
C[C@@H](Oc1cc2oc(=O)n(CCC(=O)O)c2cc1Cl)c1ccccn1,-1.027302033420102
N#Cc1c(N2C[C@@H]3NCCO[C@H]3C2)c(F)cc2c(=O)c(C(=O)O)cn(C3CC3)c12,-0.5955990836251248
Nc1nc2c(c(N3CC[C@@H](N)C3)n1)CCCc1ccccc1-2,-0.2835959540622216
C[C@H](c1ccc(F)cc1)N1C(=O)O[C@](Cc2ccccc2)(c2nc3cc(-c4cccnc4)ccc3[nH]2)C1=O,-2.5231683714877318
CS(=O)(=O)N1Cc2ccc(S(=O)(=O)c3ccc4c(c3)OCCO4)cc2C1,-1.036641959136657
Cc1csc(NC(=O)NC23CC4CC(CC(C4)C2)C3)n1,-2.3982658517398923
CC1(C)Cc2c(c(C(=O)Nc3ccc(C(F)(F)F)cn3)cc3nc(Nc4c(Cl)cccc4Cl)[nH]c23)O1,-2.8539960661891137
CN[C@@H](C)C(=O)N[C@H](C(=O)N[C@H]1CCCN(CCc2ccc([N+](=O)[O-])cc2)C1)C(C)(C)C,-0.5806422720792813
Cn1c([N+](=O)[O-])cnc1C(=O)NC1CCCCC1,-1.2150975501133452
CNC(=O)C(=O)N(C)c1nc(C(=O)NCc2ccc(F)cc2)c(O)c2ncccc12,-1.7451378557193975
CC(C)CCOc1ccc(N)cc1,-1.1641040589529887
C[C@H](CO)Nc1cc(NS(=O)(=O)N(C)C)nc(SCc2ccccc2)n1,-1.6993827801934176
CS(=O)(=O)N1CCc2cc(S(=O)(=O)c3ccc4c(c3)OCCO4)ccc21,-1.2222760159639607
CC(C)c1nc(CN(C)C(=O)N[C@H](C(=O)N[C@@H](Cc2ccccc2)C[C@H](O)[C@H](Cc2ccccc2)NC(=O)OCc2cncs2)C(C)C)cs1,-1.7962873593922926
Cc1c(CC(=O)O)c2cccnc2n1S(=O)(=O)c1ccc(Cl)c(Cl)c1,-1.174353220625973
C[C@@H](O)[C@H]1C(=O)N2C(C(=O)O)=C(S[C@@H]3CN[C@H](C(=O)Nc4cccc(C(=O)O)c4)C3)[C@H](C)[C@H]12,-0.7882175974755028
C[C@@H](O[C@H]1CC[C@]2(CC1)COC(C)(C)C2)c1nc(-c2cc(F)c(CS(C)(=O)=O)c(F)c2)no1,-1.4441199353631946
Cc1cc2ncc(C(=O)NCC(C)(C)NCC(=O)N3CCC[C@H]3C#N)cn2n1,-0.1412956131946872
CC1(C)C[C@@H]1C(=O)N/C(=C\CCCCSC[C@H](N)C(=O)O)C(=O)O,-0.2215593164287672
COCCCN1CCC(NC(=O)c2cc(Cl)c(N)c3c2OCC3)CC1,-0.1561431463228809
CCN(Cc1cccc2ccccc12)c1cc(N2CCOCC2)nc(=O)[nH]1,-1.4345748799673852
C[C@H]1CN(c2cc(N(CCO)Cc3cccc4ccccc34)[nH]c(=O)n2)CCO1,-0.7936059355691265
CC(C)Nc1nccc(-c2cnn3ncccc23)n1,-0.8214546854889927
CC[P](CC)(CC)[Au]S[C@@H]1O[C@H](COC(C)=O)[C@@H](OC(C)=O)[C@H](OC(C)=O)[C@H]1OC(C)=O,-0.6865651810740154
COc1ccccc1C(C#N)NC(=O)[C@@H]1CCCC[C@H]1C(=O)N1CCN(Cc2ccc(F)cc2)CC1,-1.2844228080425482
COc1ccc(S(=O)(=O)N2CCS[C@H]2C(=O)O[C@@H](Cc2c(Cl)c[n+]([O-])cc2Cl)c2ccc(OC(F)F)c(OCC3CC3)c2)cc1C(=O)N(C)C,-2.5689097666353824
Cc1nc(Cl)c(Cl)n1Cc1sc2c(c1C(=O)N1CC[C@@H](O)C1)c(=O)n(C)c(=O)n2CC(C)C,-1.0461871720369864
c1cc(-c2ccc3ncnc(Nc4cnccn4)c3c2)cc(N2CCOCC2)c1,-1.4819073984834683
CCC(NC(=O)c1ccc(Cl)cc1)[C@H]1[C@@H]2C[C@H](Oc3ccnc4ccccc34)C[C@@H]21,-2.5231683714877318
CC(=O)O[C@H]1C[C@@H]2CC[C@@H]3[C@H](CC[C@@]4(C)[C@H]3C[C@H]([N+]3(C)CCCCC3)[C@@H]4OC(C)=O)[C@@]2(C)C[C@@H]1N1CCCCC1,-0.5218665718994825
N#CCCN1C(=O)CC[C@H]1C(=O)N1CC[C@@]2(S(=O)(=O)c3ccc(F)cc3)c3ccc(C(F)(C(F)(F)F)C(F)(F)F)cc3CC[C@@H]12,-0.00788055169469
O=C(O)COn1c(-c2ccccc2)nc2ccc([N+](=O)[O-])cc21,-1.8272190678846332
CC(O)(Cc1nc(CC2(C(F)(F)F)CC2)c[nH]1)c1ccc(-n2cccn2)cc1,-1.4819073984834683
Cn1c(=O)c(C(=O)NCCO)c(O)c2ncc(Cc3ccc(F)cc3)cc21,-1.9590023075765075
CCS(=O)(=O)Nc1cc(F)c(-c2ccc(C#N)n2C)c(F)c1,-2.3982658517398923
CCCOC(=O)Cc1ccc(OCC(=O)N(CC)CC)c(OC)c1,-0.6007590583075443
COC(=O)N(CC(=O)O)Cc1cc(OCc2nc(-c3ccc(Cl)cc3)oc2C)ccc1F,-2.3982658517398923
O=S(=O)(Nc1cc(Cl)ccc1Cn1ccnn1)c1ccc(Cl)c(Cl)c1,-2.488417408556224
Cc1nc(NCCCN2CCOCC2)cc(Nc2ncc(C(=O)Nc3c(C)cccc3Cl)s2)n1,-1.091944125901233
C[C@@](O)(C(=O)Nc1ccc(S(C)(=O)=O)cc1Cl)C(F)(F)F,-0.4057094600282479
CCOc1ccc(N2CCN(c3noc(C4(NC(C)=O)CCC4)n3)[C@@H](C)C2)c(C)c1,-1.824314271737916
COCCc1ccc(OCC(O)CNC(C)C)cc1,-0.0554581099125212
O=C(N[C@H]1CCN(CC2(F)CC2)C[C@@H]1C(=O)NC1(c2ncccn2)CC1)c1cc(-c2ccc(F)cc2F)on1,-0.9551076165256404
Cc1ccc(C(=O)Nc2ccc(CN3CCN(C)CC3)c(C(F)(F)F)c2)cc1C#Cc1cnc2cccnn12,-2.405931357363959
O=C(c1cc([C@H]2CCCN2c2cc(F)cc(F)c2)c2oc(N3CCOCC3)cc(=O)c2c1)N1CCOCC1,-0.7674358591132167
CN[C@H](C)C(=O)NCc1cccc(Cn2nc(NS(=O)(=O)c3ccc(Cl)s3)c3c(OC)cccc32)c1,-1.2600639181842257
Cc1nc(N)ccc1CNC(=O)Cn1c(C2CC2)ccc(NS(=O)(=O)Cc2ccc(Cl)cc2)c1=O,-1.2150975501133452
CC(C)(O/N=C(\C(=O)N[C@@H]1C(=O)N(S(=O)(=O)O)[C@@H]1CNC(=O)c1cc(-c2cc(=O)c(O)cn2O)no1)c1csc(N)n1)C(=O)O,-0.3367326433719202
O=C1NCCc2[nH]c(-c3ccncc3)cc21,-0.2321657540968258
CNc1[nH]c(=O)n(O)c(=O)c1C(=O)NCc1ccccc1,-2.04614370177502
C[C@@H](CO)NC(=O)c1c[nH]c2ncc(-c3nn(C)c4cc(Cl)ccc34)nc12,-2.04614370177502
COc1ccc2c3c1O[C@H]1[C@@H](O)C=C[C@H]4[C@@H](C2)N(C)CC[C@@]341,-0.0477238995522144
CC(C)[C@@H](NC(=O)[C@@H]1CC[C@@H](O)C1)C(=O)N1CC[C@](O)(c2ccc(Cl)cc2)C(C)(C)C1,-0.7936059355691265
CCC(CC)Nc1nc(C)c(-c2ccc(OC(F)(F)F)cc2OC)nc1OC,-2.04614370177502
CN(C)CCCN1c2ccccc2CCc2ccc(Cl)cc21,-1.480593384383866
COc1cccc(-c2ccc(Cn3cc(C(=O)O)c(=O)c4cccc(F)c43)nc2)c1,-1.6386877748976718
Nc1ncnc2c1ncn2[C@@H]1O[C@H](CSCCCNC(=O)Nc2ccc(Cl)cc2)[C@@H](O)[C@H]1O,-1.073059010122237
O=C(c1csc2c1CCCC2)N1CCCCC1,-1.0282270387799053
C[C@H]1CN(Cc2cc(Cl)ccc2OCC(=O)O)CCN1C(=O)Cc1ccccc1,-1.5658496253423198
CN1C(=N)N[C@](C)(c2cc(-c3cccc(C#N)c3)cs2)CC1=O,-1.073059010122237
c1ccc(C2(N3CCCCC3)CCCCC2)cc1,-0.4551261567651986
O=C(O)CNC(=O)C1=C(O)CCN(Cc2ccc(Oc3ccc(Cl)cc3)nc2)C1=O,-2.000391041028584
CC(O)(COc1cc(C(F)(F)F)cc(C(F)(F)F)c1)C(=O)Nc1ccc(C#N)c(C(F)(F)F)c1,-1.2680327014847186
CO[C@H]1CN(c2nc(C(N)=O)c(C(=O)O)s2)CC[C@H]1NC(=O)c1[nH]c(C)c(Cl)c1Cl,-1.3569719551908734
O=C(CSc1nnc(-c2ccccc2)c(-c2ccccc2)n1)N1CCc2ccccc21,-1.2928558116575553
CN1CC(C(=O)N[C@@H](CCCCCC(=O)c2ccon2)c2ncc(-c3ccccc3F)[nH]2)C1,-1.065931005569042
Cc1c(N2CC[C@@H]([C@H](C)N)C2)c(F)cc2c(CN)cc(=O)n(C3CC3)c12,-0.0808329648503769
N#Cc1ccc(NC(=O)NC2C3CC4CC(C3)CC2C4)cc1,-1.9590023075765075
COC(O)=Nc1nc2ccc(C(=O)c3ccccc3)cc2[nH]1,-1.1196151994096977
NC(=O)c1ccn(-c2cnc(NCC3(c4ncccc4F)CCC3)nc2)c1,-0.2920127608980421
COCCNc1cc(O)c2c(=O)c3c(-c4nccs4)[nH]c(Cc4ccc5c(c4)OCO5)c3oc2c1,-1.6202051567230198
Cc1cc(NC2CCc3cc(Cl)ccc3C2)n2nc(C(C)(F)F)nc2n1,-1.886457720046036
COc1ccc(-c2ccc(Cn3cc(C(=O)O)c(=O)c4cccc(F)c43)cc2)cn1,-2.0972901870301213
c1cnn2ncc(-c3ccnc(Nc4cncnc4)n3)c2c1,-0.7936059355691265
C=CCNC(=O)Nc1nc2cc(-c3cccnc3)c(=O)n(CCC(C)C)c2s1,-1.5090587946432126
Cc1cc(C)c(CNC(=O)c2c(C)n(C(C)C)c3ccccc23)c(O)n1,-1.5090587946432126
N#Cc1ccc(/C=C/c2nc3ccccc3c(=O)n2-c2cccc(C(=O)O)c2)s1,-2.04614370177502
CCCCC(C(=O)Nc1ccc(Cl)cc1)n1nc(C)cc(Cc2ccccc2OC)c1=O,-1.7699600188420606
CC(C)(C)Cc1c[nH]c(CC(C)(O)c2ccc(-n3cccn3)cc2)n1,-1.1615791206591135
COc1cc(C(C)=O)ccc1OCCCN1CCC(c2noc3cc(F)ccc23)CC1,-1.2645881905891565
O=C(Cc1ccc(O)cc1)N1CC(CNc2ccccc2)C2(C1)CN(c1ccc(F)cc1)C2,-1.3771748708039588
CN1C[C@H](C(=O)N[C@]2(C)O[C@@]3(O)[C@@H]4CCCN4C(=O)[C@H](Cc4ccccc4)N3C2=O)C[C@@H]2c3cccc4[nH]cc(c34)C[C@H]21,-1.1491700401514695
O=c1cc(-c2cccnc2)[nH]c2cc(C(O)c3ccccc3)ccc12,-1.556374078396063
CCN1CCN(c2nc(C(=O)NCc3ccc(F)cc3)c(O)c3ncccc23)C(=O)C1=O,-1.886457720046036
OC1=NC(c2ccccc2)(c2ccccc2)C(O)=N1,-0.9961088337630896
CCC(=O)N(c1ccccc1)C1(C(=O)OC)CCN(CCC(=O)OC)CC1,-0.623855728128023
COc1ccc(NC(=O)c2ccc(-c3cnc(N4CCCN(C)CC4)nc3)cc2O)cc1Cl,-3.0
COc1nc2[nH]c(=O)[nH]c2nc1NS(=O)(=O)c1cccc(Cl)c1Cl,-1.1491700401514695
Cc1ccc(NC(=O)c2cccc(C(F)(F)F)c2C)cc1C(=O)Nc1cnc(Nc2ccc(N3CCN(C)CC3)cc2)nc1,-1.6993827801934176
CC(=O)c1sc(NC(=O)N[C@@H]2CN(C(C)=O)CC[C@H]2CN2CCC[C@@H](Cc3ccc(F)cc3)C2)nc1C,-1.1553302613868628
COc1ccccc1OCCCCCCN1C[C@H](O)[C@@H](O)[C@H](O)[C@H]1CO,-0.4551261567651986
NCCCCCC(=O)O,-0.0361744095587378
Cc1cn2nc([C@@H]3CCCCN3C(=O)c3cc(Cl)ccc3NS(C)(=O)=O)cc2nc1N1CCC(F)(F)C1,-2.1311440488253703
CS(=O)(=O)c1ccc(-c2cnc(N)c(-c3ccc(CO)nc3)c2)cc1,-0.2664344231529562
O=C(O)COc1ccc([N+](=O)[O-])cc1-c1ccccc1,-2.2927791030185243
CCc1c(C(=O)C(N)=O)c2c(OCC(=O)O)cccc2n1Cc1ccccc1,-0.9042164430344424
COc1ccc2c(-c3ccnc(N[C@H]4CC[C@H](O)CC4)n3)c(C3CC3)nn2n1,-1.2928558116575553
CCc1c2c(nc3ccc(OC(=O)N4CCC(N5CCCCC5)CC4)cc13)-c1cc3c(c(=O)n1C2)COC(=O)[C@]3(O)CC,-0.4527693153025037
CCn1cc(C(=O)O)c(=O)c2cc(F)c(N3CCNCC3)cc21,-0.0666633544355485
Cc1c(Oc2ccc(Cl)cc2)c2c(NS(C)(=O)=O)cccc2n1CC(=O)O,-1.4160919664808365
Cc1ccccc1C(=O)Nc1ccc(C(=O)N2CCCC(O)c3cc(Cl)ccc32)c(C)c1,-1.812885562685411
NC(=O)CS(=O)C(c1ccccc1)c1ccccc1,-0.4080234529619955
CCN1CCN(CC(=O)Nc2ccc(-c3cccc4c(=O)cc(N5CCOCC5)oc34)c3sc4ccccc4c23)CC1,-1.432221038427818
CO[C@H]1CO[C@@]2(CN(c3ncc(C(=O)O)s3)CC[C@H]2NC(=O)c2[nH]c(C)c(Cl)c2Cl)OC1,-1.2680327014847186
Cc1cnc(Nc2cccc(S(C)(=O)=O)c2)nc1Nc1ccc2oc(=O)[nH]c2c1,-1.2928558116575553
COc1ccc(CCO[C@@H]2CCCCC2N2CC[C@@H](O)C2)cc1OC,-0.2362576311412831
Cc1n[nH]c(C)c1Cc1sc2c(c1C(=O)N1C[C@H](O)CO1)c(=O)n(C)c(=O)n2CC(C)C,-0.310680927527064
N#Cc1cc(S(=O)(=O)Nc2ncns2)ccc1Oc1ccc(C(F)(F)F)cc1-c1ccnnc1,-2.1762435059544165
COc1cnc(-n2cnc(C)n2)c2c1c(C(=O)C(=O)N1CCN(C(=O)c3ccccc3)CC1)cn2COP(=O)(O)O,-0.8079479010399083
Cc1cn([C@H]2CCCN(S(=O)(=O)c3ccc(O)c(Oc4cccc(F)c4)c3)C2)c(=O)[nH]c1=O,-1.331108322330989
C[C@@H](Nc1cc(F)cc(F)c1)c1cc(C(=O)N(C)C)cc2c(=O)cc(N3CCOCC3)oc12,-0.7193988684630864
CS(=O)(=O)c1ccc(F)cc1C(=O)N1CCC(N(C2CC2)S(=O)(=O)c2cccc(C(F)(F)F)c2)CC1,-1.824314271737916
C=CC1=C(C(=O)O)N2C(=O)[C@@H](NC(=O)/C(=N\O)c3csc(N)n3)[C@H]2SC1,-0.4551261567651986
C[C@@H]1CC[C@@H](Oc2cc(C#N)ccn2)CN1C(=O)c1ccccc1-c1ncccn1,-1.5380215234713237
CCc1cc(F)c2nc(N3CCC(N[C@H]4CCOC4)CC3)c(-c3nc(C)no3)c(C)c2c1,-1.5532609546660656
N#CC1(N=C(O)[C@@H]2CCCC[C@H]2C(=O)N2CCN(c3ccccc3)CC2)CC1,-0.5517266447926501
COc1ccc(-c2cc(Nc3ccnc(N4CCOCC4)n3)on2)cc1,-1.9104940579344216
O=C(CSc1ccccc1)N1CCN(C(=O)c2ccco2)CC1,-0.5732714830874036
Cc1c(-c2ccc(N)c(C#N)c2)ccc2c3ocnc3c(=O)n(C3CC3)c12,-0.0186154512884591
O=C(Nc1ccc(OC(F)(F)F)cc1)NC1CCN(C(=O)C2CCOCC2)CC1,-1.2222760159639607
COc1ccc(-c2ccc3nc(N)sc3c2)cn1,-1.4060308997274775
Cc1c(-c2ccc(-c3ccccc3F)cc2)nc2ccc(F)cc2c1C(=O)O,-1.9960700976280328
O=[N+]([O-])c1cn2c(n1)OC[C@@H](OCc1ccc(N3CCSCC3)cc1)C2,-0.5921928483045072
CC(C)Cn1c(=O)n(C)c(=O)c2c(C(=O)N3CC[C@@H](O)C3)c(Cc3c[nH]c4ccccc34)sc21,-1.0639157377361796
CC1(NC(=O)c2ccc(C#Cc3cccc(F)c3)cn2)COC1,-1.4441199353631946
CNC(=O)c1cn(C[C@H](F)CCc2ccc(NC(=O)Cc3cc(-c4cccc(OC(F)(F)F)c4)ccn3)nn2)nn1,-1.9590023075765075
CNC(=O)c1cc(F)ccc1CNC(=O)c1nc(N2CCCCS2(=O)=O)c2cccnc2c1O,-1.091944125901233
COCCCOc1ccnc(CS(=O)c2nc3ccccc3[nH]2)c1C,-1.4350471830726708
CN(C)CCOC1=Cc2ccccc2Sc2ccc(Cl)cc21,-1.5090587946432126
CCN(CC)c1ccc2cc(C(C)=O)c(=O)oc2c1,-1.137105696499718
C[C@@](C(=O)O[C@H]1C[N+]2(CCc3cccc(Br)c3)CCC1CC2)(c1ccccc1)N1CCCCC1,-1.5690546468315976
CCCC(=O)O[C@]1(C(=O)CO)CC[C@H]2[C@@H]3CCC4=CC(=O)CC[C@]4(C)[C@H]3[C@@H](O)C[C@@]21C,-0.9961088337630896
CCNC(=O)Nc1nc2cc(-c3cccnc3)c(=O)n(C(C)C)c2s1,-0.6761499961531976
Nc1ccc(S(=O)(=O)Nc2ccc(Cl)nn2)cc1,-1.5090587946432126
Cc1ccc(-n2nc(C(C)(C)C)cc2NC(=O)Nc2ccc(-n3cnc4c(N)ncnc43)cc2)cc1,-2.699187205881913
CC(=O)N1CCN(c2cccc(-c3cc(I)c4c(N)ncnn34)c2)C(=O)C1(C)C,-1.2928558116575553
CC/C=C\C/C=C\C/C=C\C/C=C\C/C=C\CCCC(=O)OCC,-2.0972901870301213
CCc1c(CCN2CC(C(=O)O)C2)cccc1-c1nsc(-c2ccc(OC(C)C)c(C(F)(F)F)c2)n1,-2.488417408556224
Cn1cnc(S(=O)(=O)N2C[C@@H]3[C@H](C2)[C@@]3(CNC(=O)c2ccc(Cl)cc2)CC2CC2)c1,-1.5090587946432126
CC(C)(C)c1[nH]cnc1/C=c1\[nH]c(=O)/c(=C/c2ccccc2)[nH]c1=O,-1.721658030939094
C[C@@H]1CN([C@@H](C)CN(C)C)C(=O)c2cc(NC(=O)Nc3ccccc3)ccc2O[C@@H](C)CCCCO[C@H]1CN(C)S(=O)(=O)c1ccc(F)cc1,-1.9590023075765075
Cc1cc(COc2ccc(C(=O)N[C@@H]3CCOC[C@@H]3C(=O)NO)cc2)c2ccccc2n1,-1.1196151994096977
FC(F)(F)c1ccc(Nc2ccnc3nc(-c4ncccc4C(F)(F)F)ccc23)nc1,-1.1808839894758698
CNC(=O)c1cc(S(=O)(=O)N2CCS[C@H]2C(=O)O[C@@H](Cc2c(Cl)c[n+]([O-])cc2Cl)c2ccc(OC(F)F)c(OCC3CC3)c2)cn1C,-2.5852939924389373
OCCN1C[C@H](O)[C@@H](O)[C@H](O)[C@H]1CO,-0.0393310667130884
O=C(C[N+]12CCC(CC1)[C@@H](OC(=O)C1(C3=CC=CC3)CCCCCC1)C2)Nc1cc[nH]n1,-1.2928558116575553
Cc1ccc(-c2ccc(C(=O)NC(CN)c3ncc(CO)s3)[nH]2)cc1F,-1.3876400520322256
CC(C)(O)c1cn(-c2ccc(-c3cc(F)c(CO)c(S(C)(=O)=O)c3)cc2F)c(C(C)(C)c2c(Cl)cccc2Cl)n1,-1.5021101572763582
O=C(/C=C/c1cccnc1)NCCCCC1CCN(C(=O)c2ccccc2)CC1,-2.0972901870301213
CN1CCCN(c2ncc(-c3ccc4c(N(C)c5cnccn5)ccnc4c3)cn2)CC1,-0.4806052046189826
CN1CCN(CCN(C)C2COc3ccccc3-c3c(C4CCCCC4)c4ccc(C(=O)O)cc4n3C2)CC1,-1.92121703980304
O=C(O)/C=C/c1ccc(NC(=O)C2(NC(=O)c3ccc4c(c3)nc(-c3ccoc3)n4C3CCCCC3)CCCC2)cc1,-1.4093587579877196
C[C@@H]1C[C@H]2[C@@H]3CCC4=CC(=O)C=C[C@]4(C)C3=CC[C@]2(C)[C@@]1(O)C(=O)CO,-0.9212496429980768
NC(=O)c1cc(-c2ccc(F)cc2)c2ccc(CN3C(=O)CCC3=O)cc2n1,-1.5854444437707855
CCc1ccc(C(=O)COc2ccc(CC3SC(=O)NC3=O)cc2)nc1,-1.9590023075765075
COC(=O)c1ccc2c(c1)NC(=O)/C2=C(\Nc1ccc(N(C)C(=O)CN2CCN(C)CC2)cc1)c1ccccc1,-1.6386877748976718
Cc1cccc(Oc2cc(CN3CCC[C@H](n4cc(C)c(=O)[nH]c4=O)C3)ccc2C(=O)O)c1,-1.4060308997274775
CCn1cc(-c2[nH]c3c(C#N)cnn3c(=O)c2C(C)C)cn1,-2.2222108125651343
O=C(Nc1ccc(N(Cc2ccsc2)C(=O)Cn2nnc3ccccc32)cc1)C1CC1,-1.3102295598114089
CN1Cc2nc(C(=O)N[C@@H]3C[C@@H](C(=O)N(C)C)CC[C@@H]3NC(=O)c3cc4ccc(Cl)cc4cn3)sc2C1,-0.2835959540622216
CCCCC[C@H](O)/C=C/[C@H]1[C@H](O)CC(=O)[C@@H]1CCCCCCC(=O)O,-0.9100318321673762
Cc1c(OCC(F)(F)F)ccnc1C[S@@](=O)c1nc2ccccc2[nH]1,-1.4166578078035523
CCC[C@@H]1CC(=O)N([C@@H](CC)C(N)=O)C1,-0.0834539381474034
Cc1ccc(C(=O)NC2CC2)cc1NC(=O)c1ccc(-c2ccc(C(=O)N3CCCCC3)cc2)s1,-1.2928558116575553
CCN(CC)C(=O)c1nc(C(=O)NCC(C)(C)O)sc1-c1ccc(S(=O)(=O)N[C@@H](C)C(F)(F)F)c(Cl)c1Cl,-1.9590023075765075
O=C(Nc1nnc(C2CC2)o1)NC1C2CC3CC(C2)CC1C3,-1.6202051567230198
CO[C@@H](C)c1c(NC(=O)Nc2cnc(-n3nccn3)c(Cl)c2)cnc2cc(Cl)nn12,-1.7451378557193975
Nc1ccccc1NC(=O)c1ccc(CNC2=N[C@@H](c3cccnc3)CO2)cc1,-0.5035034792150761
CC(C)C(=O)N1CCC(NC(=O)Nc2ccc(C(F)(F)F)cc2)CC1,-0.8214546854889927
COc1ccc(CC(=O)Nc2nc3ccccc3[nH]2)cc1,-1.4160919664808365
O=P(O)(O)C(Cl)(Cl)P(=O)(O)O,-0.1935758040510322
O=C(CC12CCC(C(=O)O)(CC1)CC2)N1CCc2c(n(Cc3ccc(F)cc3F)c3ncccc23)C1,-2.000391041028584
COc1cc(Nc2nc(N[C@@H](C)c3ncc(F)cn3)nc(N3CCOCC3)c2F)n[nH]1,-0.5954281358682575
COc1ccc(N(Cc2cccc(C#N)n2)C2CCN([C@H](C)CCNC(=O)c3c(C)cc(F)nc3C)CC2)cc1,-0.6761499961531976
Cc1cccc(C(C)c2c[nH]cn2)c1C,-1.2150975501133452
CCCN=C(O)c1cc(F)ccc1CN=C(O)c1nc(C(C)(C)C)n(C)c(=O)c1O,-1.678194516142461
CN1CCN(C(=O)c2ccc(-c3ccc4ncc(-c5ccc(C#N)cc5)n4c3)cc2)CC1,-2.3982658517398923
O=C(Nc1ccc(OC(F)(F)F)c(F)c1)NC1CCN(C(=O)C2CCOCC2)CC1,-1.7962873593922926
CCOc1ccc(-n2ncc(-c3ccc4cc(CCN5CCC[C@H]5C)ccc4n3)c2C)nn1,-0.7674358591132167
CS(=O)(=O)NC[C@H]1CC[C@H](Nc2nc3c(s2)CCSc2ccccc2-3)CC1,-1.721658030939094
CCN(C)C(=O)Oc1cccc([C@H](C)N(C)C)c1,-0.2167660001358444
Cc1nc(C)c(-c2ccc([C@H]3CC[C@H](Cc4nnn[nH]4)CC3)cc2)nc1C(N)=O,-2.000391041028584
Cc1ccccc1N1CC(C)(C)N([C@H]2CNC[C@@H](C(=O)N[C@H](CC(C)C)c3ccc(F)cn3)C2)CC1=O,-0.2073422115509629
CN(Cc1cccc(F)c1CNc1cc(F)c(S(=O)(=O)Nc2cscn2)c(F)c1)C(C)(C)C,-1.824314271737916
COCCCN1CCC(c2nnc(-c3nn(C(C)C)c4ccccc34)o2)CC1,-1.131196917363706
Cc1nc(C)c([C@H](OC(C)(C)C)C(=O)O)c(N2CCC(C)(C)CC2)c1-c1ccc(OCCc2ccc(F)cc2)cc1,-0.6972362915270183
C[C@H](Nc1ncc(Cl)c(Nc2cc(C3CC3)[nH]n2)n1)c1ncc(F)cn1,-1.2384991521519868
C[C@@H]1CN([C@H](C)CO)C(=O)c2cccc(NC(=O)c3ccncc3)c2O[C@@H]1CN(C)Cc1ccc(Oc2ccccc2)cc1,-1.2928558116575553
Cc1ccc(OC2CCN(c3c(C#N)cnc4ccc(F)cc34)CC2)cn1,-1.6024771142816578
COc1ccc(-c2ccc3c(N4CCOC[C@@H]4C)nc(N4CCOC[C@@H]4C)nc3n2)cc1CO,-0.8831598975873358
O=C(NCCN1CCOCC1)c1ccc(Cl)cc1,-0.1969767125896462
CCNC(=O)Nc1nc2cc(-c3ccn(CC)c(=O)c3)c(=O)n(C(C)C)c2s1,-0.3761513833286242
Cc1cc(-c2cnn3c(NCC4CCOCC4)nc(Oc4ccccc4)nc23)ccc1C(=O)NC1CC1,-1.5380215234713237
C[N+]12CCC(CC1)[C@@H](OC(=O)C1(C3=CC=CC3)CCCCCC1)C2,-0.567463616735744
CC(C)c1cc(C(=O)N2Cc3ccc(CN(C)C)cc3C2)c(O)cc1O,-0.4429261056339875
C[C@H]1[C@H](NC(=O)/C(=N\OC(C)(C)C(=O)O)c2csc(N)n2)C(=O)N1C(=O)NS(=O)(=O)N1C[C@@H](n2cc(-c3cc(=O)c(O)c[nH]3)nn2)CC1=O,-0.5076727249063073
Cc1cc(C)n(-c2cccc([C@H](CC(=O)O)CN3CC[C@@H](CCc4ccc5c(n4)NCCC5)C3)c2)n1,-1.1097285227386453
CC1(C)C(=O)N(c2ccc([N+](=O)[O-])cc2C(F)(F)F)C(=S)N1c1cc(C(F)(F)F)cc(C(F)(F)F)c1,-2.699187205881913
N[C@@H](C(=O)N[C@@H]1C(=O)N2C(C(=O)O)=C(Cl)CS[C@H]12)c1ccccc1,-0.1424986441018711
NC(=O)C[S@@](=O)C(c1ccccc1)c1ccccc1,-0.3972890550424425
N#Cc1ccc(-c2ccc(C3=NOC(c4ccccc4-c4cncnc4)N3c3ccc(N4CCNCC4)cc3)o2)cc1,-1.4441199353631946
NC(=O)c1cnc(N[C@H]2CCCNC2)c2cc(Br)sc12,-0.7439548970669356
Cc1cccc(C(CCCN)(c2ccccc2)c2ccccc2)c1,-2.769729942588806
Cc1c(-c2ccc(O)cc2)n(Cc2ccc(OCCN3CCCCCC3)cc2)c2ccc(O)cc12,-0.8517362455922252
C[C@H]1CN([C@@H](C)CO)C(=O)c2cccc(NC(=O)c3ccncc3)c2O[C@@H]1CN(C)Cc1ccc(Oc2ccccc2)cc1,-1.9590023075765075
Cn1nc(-c2cnc(N)c(-c3ccc(C(N)=O)c(F)c3)n2)nc1C1(c2ccccc2)CC1,-0.6972362915270183
CC[C@H](CO)Nc1nc(NCc2ccccc2)c2ncn(C(C)C)c2n1,-1.137105696499718
CC(C)C(O/N=C(\C(=O)N[C@@H]1C(=O)N(OS(=O)(=O)O)C1(C)C)c1nc(N)sc1Cl)c1cc(=O)c(O)cn1O,-2.481788855747515
CCCC(O)=Nc1ccc(OCC(O)CNC(C)C)c(C(C)=O)c1,-0.1306157171159885
CCP(=O)(OC)c1ccc2nc(-c3ccc4ncccc4c3)oc2c1,-0.6972362915270183
CCOC(=O)C1=C(C)N/C(=C/c2cc(C)n(-c3cccc(C(F)(F)F)c3)c2C)C1=O,-1.1942477451993276
COc1ccc2c(=O)c(Cl)c(-c3ccc(N4CCCCC4)cc3)[nH]c2c1,-1.886457720046036
Cc1ncc(COP(=O)(O)O)c(CN23->[Mn]4(<-N(Cc5c(COP(=O)(O)O)cnc(C)c5O)(CC2)CC(=O)O4)OC(=O)C3)c1O,-0.089510898382876
C[C@@](C(=O)O[C@H]1C[N+]2(CCc3ccccc3)CCC1CC2)(c1cccs1)N1CCCCC1,-1.9590023075765075
COc1cc(N2CCC(N3CCN(C)CC3)CC2)ccc1Nc1ncc(Cl)c(Nc2ccccc2S(=O)(=O)C(C)C)n1,-1.4715049498758348
COCC1=C(C(=O)OC(C)OC(=O)OC(C)C)N2C(=O)[C@@H](NC(=O)/C(=N/OC)c3csc(N)n3)[C@H]2SC1,-0.1334499065781986
O=C1N=CC=C2N=C(c3ccc(CN4CCC(c5n[nH]c(-c6ccccn6)n5)CC4)cc3)C(c3ccccc3)=CC12,-1.5532609546660656
Cc1cc(NC2Cc3ccccc3C2)n2ncnc2n1,-0.6202214586944762
CCOc1cc2[nH]cc(C(=N)O)c(=Nc3cccc(Cl)c3Cl)c2cc1N1CCN(C)CC1,-1.678194516142461
NS(=O)(=O)NCCNc1nonc1/C(=N/O)Nc1ccc(F)c(Br)c1,-1.6202051567230198
CO[C@@H]1[C@H](N(C)C(=O)c2ccccc2)C[C@H]2O[C@]1(C)n1c3ccccc3c3c4c(c5c6ccccc6n2c5c31)C(=O)NC4,-1.1037925658111596
O=C(Nc1ccc2nc(S)sc2c1)c1ccc(OC(F)F)c(OCC2CC2)c1,-0.3340092021379007
CC(=O)N1CCN(c2cc(-c3cc(C(F)(F)F)c4c(N)ncnn34)ccc2C(C)O)C(=O)C1(C)C,-0.4676788579176694
C[C@@H](Nc1cc(F)cc(F)c1F)c1cc(C(=O)N(C)C)cc2c(=O)cc(N3CCOCC3)oc12,-0.567463616735744
CC1=C(C(=O)O)N2C(=O)[C@@H](N=C(O)[C@H](N)C3=CCC=CC3)[C@H]2SC1,-0.0222535377083363
CC(=O)Nc1cc(Nc2cc(NC3CC3)n3ncc(C#N)c3n2)c(F)cc1C1CC1,-1.013658295786453
CC(C)OC(=O)[C@H](C)N[P@@](=O)(CO[C@H](C)Cn1cnc2c(N)ncnc21)Oc1ccccc1,-0.6972362915270183
Nc1cccc(-c2ccc(Cn3cc(C(=O)O)c(=O)c4cccc(F)c43)cc2)c1,-1.432221038427818
COc1c(F)cccc1C1CCN(c2ccn3c(CC(F)(F)F)nnc3c2C#N)CC1,-1.3191842176343007
Cc1ccc([C@H](C(=O)N2CCOCC2)N2C(=O)[C@@H](C3Cc4ccccc4C3)NC(=O)[C@H]2CC(C)C)cn1,-0.4806052046189826
Cc1cn(-c2ccc(-c3cn([C@H]4CCc5c(F)cccc5N(CC(F)(F)F)C4=O)nn3)c(F)c2)cn1,-1.854275425119336
COc1cc(OC)c(S(=O)(=O)NCc2ccccc2N2CCC(COC(=O)CCC(=O)O)CC2)cc1NC(=O)CCC(=O)O,-0.8185880637780635
O=C(O)c1cn(Cc2ccc(-n3ccnc3)cc2)c2c(c1=O)C(O)CCC2,-0.228112070711835
Cc1ccc(N=C(O)c2cc(F)cc(N3CCCC3)c2)cc1NC(=O)c1ccc(OCc2ccccn2)cc1,-1.9590023075765075
O=C(O)CN(CCN1CCN(CC(=O)O)CC(=O)O[Zn]OC(=O)C1)CC(=O)O,-0.004360418611657
CN1CCc2nc(C(=O)N[C@@H]3C[C@@H](C(=O)N(C)C)CC[C@@H]3NC(=O)c3cc4cc(Cl)ccc4[nH]3)sc2C1,-0.5517266447926501
CC(C)(O/N=C(\C(=O)N[C@@H]1C(=O)N(C(=O)NS(=O)(=O)N2C[C@@H](NC(=O)NCc3cc(=O)c(O)cn3O)CC2=O)C1(C)C)c1csc(N)n1)C(=O)O,-0.636820649941314
Cc1cn([C@H]2CCCN([C@@H](C)c3ccc(C(=O)O)c(Oc4cccc(Cl)c4)c3)C2)c(=O)[nH]c1=O,-1.622018421700043
COc1cc(-c2cn([C@H]3CCc4c(F)cccc4N(CC(F)(F)F)C3=O)nn2)ccc1-n1cnc(C)c1,-2.000391041028584
COc1cc(OC)c(S(=O)(=O)N2c3ccccc3CCC2C)cc1NC(=O)CSCC(=O)O,-0.8956026931360583
CCN1CCC[C@H]1CNC(=O)c1cc(Br)cc(OC)c1OC,-0.2670759205801228
O=S1(=O)N=C(NCc2ccccc2)c2ccccc21,-0.6972362915270183
CN(C/C=C\CN)C[C@H]1O[C@@H](n2cnc3c(N)nc(Cl)nc32)[C@H](O)[C@@H]1O,-0.2143925900276091
CN1CCC(=C2c3ccccc3CCc3cccnc32)CC1,-0.045709238298873
O=C(O)CCNC(=O)c1ccccc1,-0.7674358591132167
Cn1c(=O)c2c(ncn2C)n(C)c1=O,-0.1818714771472518
CC(=O)N[C@@H](CS)C(=O)O,-0.7674358591132167
Cc1ccc(-n2nc(C(C)(C)C)cc2NC(=O)Nc2ccc(-n3cnnc3)cc2)cc1,-2.699187205881913
COc1ccc([C@H](CC(=O)O)N2CCN(CCCc3ccc4c(n3)N[C@H](C)CC4)C2=O)cn1,-1.091944125901233
CCc1nn(CCO)c(CC)c1Oc1cccc(C#N)c1,-0.0968014529570216
CCOC(=O)C1=C(C)N/C(=C/c2ccn(-c3ccc(C(F)(F)F)cc3)c2)C1=O,-1.1942477451993276
Cc1cccc(C)c1NC(=O)C1CCN(Cc2ccccc2)C1,-1.52766342535629
C[C@@H](Oc1cc(-c2cnn(C)c2)cc2nscc12)[C@H]1CNC(=O)C1,-0.6972362915270183
O=C(O)COc1ccc([C@H]2CC[C@]3(CC2)OOC2(O3)C3CC4CC2CC(C3)C4O)cc1,-1.7962873593922926
Cc1cn2cc(-c3cc4ccc(N5CCN(C)CC5)cc4oc3=O)nc2c(C)n1,-1.5090587946432126
COC(=O)C1=C(C)NC(C)=C(C(=O)OCCN(C)Cc2ccccc2)C1c1cccc([N+](=O)[O-])c1,-1.1346142105185035
CC1(C)S[C@@H]2[C@H](NC(=O)Cc3ccccc3)C(=O)N2[C@H]1C(=O)O,-0.3865916321639296
Cc1c(F)c(N2CCNC(C)C2)cc2c1c(=O)c(C(=O)O)cn2C1CC1,-0.3005959181846626
CC(C)Cn1c(=O)n(C)c(=O)c2c(C(=O)N3C[C@H](O)CO3)c(Cc3ccnc4ccccc34)sc21,-0.6028403374302964
Cc1cnc(C(=O)c2ncnc3[nH]ccc23)c(NS(=O)(=O)c2ccc(Cl)c(C(F)(F)F)c2)c1,-2.7214521662241373
Nc1nc(-n2cc(C(=O)O)c(=O)c3cc(F)c(N4CC(O)C4)c(Cl)c32)c(F)cc1F,-0.7771956386237128
Cc1[nH]ncc1-c1cc(C(F)(F)F)ccc1Oc1ccc(S(=O)(=O)Nc2ncns2)cc1C#N,-2.6023206462213824
CCCc1ccc(S(C)(=O)=O)cc1C#Cc1cc(Cl)ccc1OCC(=O)O,-2.5231683714877318
NCC(NC(=O)c1ccc(-c2cc(F)c(Cl)c(F)c2)[nH]1)c1ncc(CO)s1,-0.9961088337630896
CN(C)c1ccc(-c2cc3nccnc3c(NC[C@@H]3CNCCO3)n2)cn1,-0.9176455486690313
Fc1ccc(-c2c3cccc(C(F)(F)F)c3nn2Cc2ccc(F)cc2Cl)cc1,-2.796042908318748
CC1CN2c3ccc([N+](=O)[O-])cc3CC3(C(=O)N(C)C(=O)N(C)C3=O)C2C(C)O1,-0.7276626054354383
CN(C)CC(c1ccc(O)cc1)C1(O)CCCCC1,-0.1547158736520084
COCCn1cc(-c2[nH]c3c(C#N)cnn3c(=O)c2C(C)C)cn1,-1.4689428087667111
O=c1[nH]c2c(cc1CNCc1cccc(C(F)(F)F)c1)c(C1CC1)nn2-c1ccccc1,-1.9590023075765075
COC(=O)OCOc1c2n(ccc1=O)N([C@@H]1c3ccccc3SCc3c1ccc(F)c3F)[C@@H]1COCCN1C2=O,-0.8146629440217678
O=C(C[C@@H]1C(=O)Nc2ccccc2N1S(=O)(=O)c1ccc(Cl)c(Cl)c1)NCCc1ccc(C2=NCCN2)cc1,-0.1935758040510322
N#C[C@H]1CCCN1C(=O)CN[C@@]12C[C@@H]3C[C@@H](C[C@@](O)(C3)C1)C2,-0.0423481844765323
CN1CC(c2nc(C(=O)NCc3ccc(F)cc3S(C)(=O)=O)c(O)c3ncccc23)CC1=O,-1.5090587946432126
CCC[C@@H]1C[C@@H](C(O)=N[C@@H]([C@H]2O[C@H](SC)[C@H](O)[C@@H](O)[C@H]2O)[C@@H](C)O)N(C)C1,-0.5517266447926501
C[C@H](O)c1nccn1[C@H](CN)c1cc(-c2ccc(C#C[C@@H]3[C@H]4CN(C=O)C[C@@H]34)cc2)on1,-0.5595238546058189
COc1c(N2C[C@@H]3CCCN[C@@H]3C2)c(F)cc2c(=O)c(C(=O)O)cn(C3CC3)c12,-0.2555151871649431
COc1ccc2ncc(=O)n(CCN3CC[C@@H](NCc4ccc5c(n4)NC(=O)CO5)[C@@H](F)C3)c2c1,-0.6055435034350596
Clc1ccc(Nc2nc3ccccc3c3[nH]c(C4CCC=CCC4)nc23)cc1Cl,-3.0
Cn1cc(NC(=O)c2cnn3cccnc23)c(-c2cccc(Cl)c2)n1,-2.1552743720267773
N[C@@H]1CC[C@@H](n2cc(-c3ccc4cc[nH]c4c3)c(C(F)(F)F)n2)C1,-1.4563540467667528
Cc1[nH]c(=O)c(C#N)cc1-c1ccncc1,-0.5269898768996847
C[C@H](CO)Nc1cc(NS(=O)(=O)N2CCCCC2)nc(SCc2cccc(F)c2F)n1,-1.824314271737916
C[C@H]([C@H](O)c1ccc(O)cc1)N1CCC(O)(c2ccccc2)CC1,-0.1664585033419904
Cc1ccc(NC(=O)c2ccc(Cl)c(C(F)(F)F)c2)cc1C(=O)Nc1cccnc1,-1.889811102843363
O=[N+]([O-])O[C@H]1CO[C@H]2[C@@H]1OC[C@H]2O[N+](=O)[O-],-0.2038594841085344
CCOc1ccc(NC(=O)CCc2c(C)nc3nc(C)nn3c2C)cc1,-0.7439548970669356
O=C(/C=C/c1ccccc1Cl)Nc1ccc2c(c1)C(=O)NC2=O,-1.019064464835975
O=C(O)COCCN1CCN(C(c2ccccc2)c2ccc(Cl)cc2)CC1,-0.9552250082184566
C[C@]1(O)CCN(c2c(C#N)c(C(F)(F)F)nc3cc[nH]c23)C1,-1.4819073984834683
C[C@@H]1CN(Cc2ccc(-c3cccc(Oc4ncc(F)cc4C(=O)N[C@H]4CC[C@@H](NC(=O)c5cc6ccccn6n5)CC4)c3)cc2)C[C@H](C)N1,-1.3376672295602454
N#Cc1cccc(Nc2nccc(-c3c(CO)nn4nc(N5CCOCC5)ccc34)n2)c1,-3.0
COc1ccc(NC(=O)c2ccnc(N)n2)cc1,-0.5372868785641498
CC1(C)C(=O)N(c2ccc(F)c(C(F)(F)F)c2)C(=O)N1CCc1ccccc1,-1.4093587579877196
CCCS(=O)(=O)N1N=Cc2cc(Cl)ccc2B1O,-0.768452936713113
O=C1CC[C@@]2(O)[C@H]3Cc4ccc(O)c5c4[C@@]2(CCN3CC2CC2)[C@H]1O5,-0.1022574786822374
CC(C)(CNc1nc(-c2cccc(C(N)=O)c2)ns1)c1ccc(F)cc1,-0.0087650612452523
CON(C)C(=O)/C=C/C=C(\C)[C@@H]1C/C=C/C=C/[C@H](O)[C@H](C)[C@@H](O)[C@@H](CCC(C)=O)C(=O)N[C@@H](C(C)C)C(=O)N[C@@H](Cc2cccc(O)c2)C(=O)N2CCCC(N2)C(=O)O1,-0.1365165401117613
CC(=O)Nc1nc2c(Oc3cc(-c4ccc(C(F)(F)F)cc4)ncn3)cccc2s1,-2.699187205881913
O=[N+]([O-])OCC(CO[N+](=O)[O-])O[N+](=O)[O-],-0.3972890550424425
CC(=O)NS(=O)(=O)c1ccc(N)cc1,-0.7427535350926288
CC(O)c1cc(C(=O)N[C@@H](C)Cn2ccc(-c3ccc(C#N)c(Cl)c3)n2)n[nH]1,-1.2954179779846744
CC(=O)Oc1cc(C(C)C)c(OCCN(C)C)cc1C,-0.1306157171159885
COc1c(C2CCN(c3ccn4c(CC5CC5)nnc4c3Cl)CC2)ccc(F)c1F,-1.9590023075765075
COCC[C@H](CC1(C(=O)NC2(CO)Cc3ccccc3C2)CCCC1)C(=O)O,-0.6405971310574443
COc1c(NC(=O)c2ccc(C)c(N3C=C(C(=O)NCC(C)(C)C)NN3)c2)cc(C(C)(C)C)cc1NS(C)(=O)=O,-1.091944125901233
COc1nc(C)sc1C(=O)N[C@H]1C2CC3CC1C[C@](O)(C3)C2,-0.3228266457578229
CC(C)NCC(O)COc1cccc2ccccc12,-0.5402721342027458
COc1cnc(-c2ccccc2C(F)(F)CNC(=O)c2ccc(COCC(F)(F)F)nc2)cn1,-2.102752394955559
CN[C@@H](C)C(=O)N[C@H](C(=O)N(C)[C@H]1CCCN(CCc2ccccc2)C1)C1CCCCC1,-0.5732714830874036
CC(C)c1ccc(CC(=O)N2CCN(c3ccc(C#N)nn3)CC2)cc1,-1.1491700401514695
COCCC(=O)NC(C)c1ccc(Nc2ncc3cc(-c4ccncc4)ccc3n2)cc1,-1.8272190678846332
CN1CCN(CCCN2c3ccccc3Sc3ccc(C(F)(F)F)cc32)CC1,-0.7266903609636055
Nc1noc2c(N3CC[C@@H](NC(=O)c4ccc(-n5cnc(CCO)c5)cc4Cl)C3)ncc(Cl)c12,-2.2222108125651343
CCOC(=O)/C=C/[C@H](C[C@@H]1CCNC1=O)NC(=O)[C@@H](CC(=O)[C@@H](NC(=O)c1cc(C)on1)C(C)C)Cc1ccc(F)cc1,-0.768452936713113
CNCc1ccc(-c2[nH]c3cc(F)cc4c3c2CCNC4=O)cc1,-0.5750943308956388
CC(C)C[C@H](N=C(O)[C@H](Cc1ccccc1)N=C(O)c1cnccn1)B(O)O,-0.7674358591132167
CC(OC(=O)NCC1(CC(=O)O)CCCCC1)OC(=O)C(C)C,-0.7549193739145564
CN[C@@H](C)C(=O)N[C@H](C(=O)N1CCC[C@H]1C(=O)Nc1snnc1-c1ccccc1)C1CCCCC1,-0.6007590583075443
CON=C(O)Nc1ccc(-c2sc3c(c2CN(C)C)c(=O)n(-c2ccc(OC)nn2)c(=O)n3Cc2c(F)cccc2F)cc1,-0.5365400288758649
Cc1nc(C#Cc2ccnc(Cl)c2)c(C)n1-c1ccc(F)cc1,-1.824314271737916
Cc1nc(-c2cccc3ccccc23)sc1C(=O)N1CCC(CO)CC1,-2.2222108125651343
COc1cc(-c2cnc3[nH]cc(-c4ccc(N)nc4)c3c2)cc(OC)c1OC,-1.886457720046036
Cc1cc(Oc2cncc(F)c2)cc(C(=O)Nc2ccc(F)cn2)n1,-1.854275425119336
CCNC(=O)c1cc2c(-n3ccc(C(F)(F)F)n3)c(-c3cncc(C(=O)O)c3)cnc2[nH]1,-0.9303929453589486
CC(C)N1CCN(S(=O)(=O)c2ccc(NC(=O)c3ccc(S(F)(F)(F)(F)F)cc3)cc2)CC1,-2.744920557572451
O=C(O)C[C@H]1CC[C@H](c2ccc(NC(=O)c3nnc(Nc4ccc(F)c(F)c4)o3)cc2)CC1,-2.3982658517398923
O=C(Nc1cc(C(F)(F)F)cc(C(F)(F)F)c1)NC1CCN(CCC2CCS(=O)(=O)C2)CC1,-1.5090587946432126
O=C(O)c1ccc(-c2ccc(O[C@H]3O[C@H](CO)[C@@H](O)[C@H](O)[C@@H]3O)c(Cl)c2)cc1,-0.9551076165256404
COc1ccc(S(=O)(=O)N2CCC[C@H]2C(=O)Nc2cc(C)cc(C)c2)cc1,-2.0972901870301213
CN(C)c1ccc(-c2ccc(Cn3cc(C(=O)O)c(=O)c4cccc(F)c43)nc2)cn1,-1.9590023075765075
Cn1cc(-c2cccc(N3CCc4c(sc5c4CCCC5)C3=O)c2CO)cc(Nc2ccncn2)c1=O,-1.5090587946432126
COc1ccc2[nH]c([S+](O)Cc3ncc(C)c(OC)c3C)nc2c1,-0.3345244061871643
C[C@@H](C(=O)NCCN1CCCC1)c1ccc(OS(=O)(=O)C(F)(F)F)cc1,-0.5050969628855515
CC(CN(C)C)CN1c2ccccc2Sc2ccccc21,-0.690100249193093
COc1cc2ncnc(Nc3cccc(Cl)c3F)c2cc1CN(C)[C@H](C)C(N)=O,-1.2928558116575553
COC(=O)C1=C(C)NC(C)=C(C(=O)OC(C)C)C1c1cccc2nonc12,-1.5090587946432126
CC(C)(C(=O)Nc1ccc(Cl)c(C(F)(F)F)c1)S(=O)(=O)c1ccc(Cl)cc1,-2.5231683714877318
C[C@@H](Nc1cc(F)cc(Cl)c1)c1cc(C(=O)N(C)C)cc2c(=O)cc(N3CCOCC3)oc12,-1.2150975501133452
C[C@]1(O)C[C@@H](c2nc(-c3ccc4ccc(-c5ccccc5)nc4c3F)c3c(N)ncnn32)C1,-1.5532609546660656
CC1=C(C(=O)O)N2C(=O)[C@@H](NC(=O)[C@H](N)C3=CCC=CC3)[C@H]2SC1,-0.0554581099125212
O=c1c2nc([N+](=O)[O-])cn2ccn1Cc1ccc(N2CCCCC2)cc1,-1.5090587946432126
O=C1[C@H](Nc2cc(F)cc(Cl)c2)CCCN1[C@@H]1CCCN(c2ncnc3[nH]ccc23)C1,-0.0047988780562745
CC(C)c1c(O)cc(/C=C/c2ccccc2)cc1O,-1.9930708147197087
OC1=Nc2ccc(Cl)cc2C(c2ccccc2)=NC1O,-1.3876400520322256
COCc1nc2nc(C)cc(Nc3ccc(S(F)(F)(F)(F)F)cc3)n2n1,-1.0761500503952215
C[C@@](C(=O)O[C@H]1C[N+]2(CCc3cccc(Cl)c3)CCC1CC2)(c1ccccc1)N1CCCCC1,-1.4441199353631946
CNC(=O)c1nc(N2CC[C@@H](NC(=O)c3[nH]c(C)c(Cl)c3Cl)[C@@H](OC)C2)sc1C(=O)O,-1.678194516142461
CC(C)C(=O)OC1N=C(c2ccccc2)c2cc(Cl)ccc2NC1=O,-1.1028019176170332
C[C@H]1[C@H](NC(=O)/C(=N\OC(C)(C)C(=O)O)c2csc(N)n2)C(=O)N1C(=O)NS(=O)(=O)NCc1cc(=O)c(O)c[nH]1,-0.2143925900276091
Cc1nccn1CC(=O)c1ccc(-c2ccc(N3C[C@H](Cn4ccnn4)OC3=O)cc2F)cn1,-0.6007590583075443
Oc1ncnc2scc(-c3ccccc3)c12,-0.8611821394300438
N#C/C(=C\c1ccc2c(c1)CCO2)S(=O)(=O)c1ccc(Cl)cc1Cl,-1.2928558116575553
O=C(NO)C1(CS(=O)(=O)c2ccc(Oc3ccc(Cl)cc3)cc2)CCOCC1,-1.678194516142461
CN1CCN=C1c1ccc(C(=O)Nc2ccccc2C(=O)Nc2ccc(Cl)cn2)cc1,-0.7427535350926288
CC(=O)N1C2C=C(CN3CCC(NC(=O)Nc4cc(F)cc(C(F)(F)F)c4)CC3)CC1CCC2,-1.854275425119336
CCn1c(-c2cnc(C)nc2)nc2c(N[C@H]3CCN(C(=O)C4CC4)C3)ncnc21,-0.1547158736520084
CNC(=O)N1CCc2c(c(-c3cccc4cc(-c5cnn(C)c5)c(C(F)F)cc34)nn2C2CCOCC2)C1,-0.7936059355691265
CCN(CC)C(=O)c1ccc(C2=CC3(CCNCC3)Oc3ccccc32)c(O)c1,-0.4369522385965014
CN(C)c1ccc(-c2cc(NC[C@H]3CCCNC3)c3cccnc3c2)cn1,-1.2928558116575553
c1ccc2c(c1)CCC[C@H]2Nc1nc2ccccc2[nH]1,-2.0972901870301213
Cn1c(-c2cccc(F)c2)nc2c(N)nc(C#CC3(O)CCCC3)nc21,-0.9216117029254074
C[C@@H](NC(=O)[C@H]1CCCNC1)c1ccc(Nc2ncc3cc(-c4ccncc4)ccc3n2)cc1,-1.2569169000188067
CN(Cc1cccc2ccccc12)c1cc(N2CCOCC2)nc(=O)[nH]1,-1.2384991521519868
C[C@H]1COc2c(N3CCN(C)CC3)c(F)cc3c(=O)c(C(=O)O)cn1c23,-0.1299656421866904
Cc1nc(Oc2ccc(C(=O)O)cc2)ccc1CN1CCC(N2C(=O)N(C3CCOCC3)C[C@H]2c2ccccc2)CC1,-1.1679192060382018
CCCCCCC(=O)OCC(COC(=O)CCCCCC)OC(=O)CCCCCC,-0.6972362915270183
CCC(=O)NCC[C@@H]1CCc2ccc3c(c21)CCO3,-0.7442437191165808
COC(=O)N[C@H](C(=O)N1CCC[C@H]1c1ncc(-c2ccc(-c3ccc(-c4cnc([C@@H]5CCCN5C(=O)[C@@H](NC(=O)OC)C(C)C)[nH]4)cc3)cc2)[nH]1)C(C)C,-2.143041640482447
Cc1nc(C#Cc2ccnc(Cl)c2)c(C)n1-c1ccc(OC(F)(F)F)cc1,-2.3982658517398923
CCC(=O)O[C@@H](O[P@](=O)(CCCCc1ccccc1)CC(=O)N1C[C@H](C2CCCCC2)C[C@H]1C(=O)O)C(C)C,-1.9590023075765075
CC(N)Cc1ccccc1,-0.2215593164287672
O=C(O)CN1C(=O)[C@@]2(NC(=O)N(Cc3cc(Cl)ccc3F)C2=O)c2cc(Cl)ccc21,-1.6202051567230198
NS(=O)(=O)c1ccc(OCCCN2CCC(C(O)(c3cccc(F)c3)c3nccs3)CC2)cc1,-0.7674358591132167
C[C@@H](Oc1cc(-n2cnc3ccc(OC[C@H](O)CN4CCCC4)cc32)sc1C(N)=O)c1ccccc1Cl,-1.4093587579877196
COc1nc(N2C[C@H]3C(=O)N(C)C(=N)N[C@@]3(c3ccc(F)cc3F)C2)nc(C)c1F,-1.2928558116575553
CC(=O)Nc1ccc2ccn(-c3cc(NCCCN4CCCC4)n4ncc(C#N)c4n3)c2c1,-1.1660074431433567
O=[N+]([O-])c1cn2c(n1)OC[C@@H](OCc1ccc(N3CCCCC3)c(F)c1)C2,-0.839063511416901
O=C(O)c1cn(Cc2ccc3[nH]ncc3c2)c2cccc(F)c2c1=O,-0.4664071345816988
C=CC1(C)CC(=O)C2(O)C(C)(O1)C(OC(C)=O)C(O)C1C(C)(C)CCC(O)C12C,-0.7936059355691265
Cc1cc2c3c(c1C)C(C)(C)CCn3c(=O)c(=O)n2C[C@H](O)[C@H](O)[C@H](O)CO,-0.3849042345045927
Cc1ncccc1Oc1ncnc(OC2CCN(C(=O)OC(C)C)CC2)c1C,-2.050995661897021
Cn1cnc(S(=O)(=O)N2CCS[C@H]2C(=O)O[C@@H](Cc2c(Cl)c[n+]([O-])cc2Cl)c2ccc(OC(F)F)c(OCC3CC3)c2)c1,-1.7962873593922926
O=C1CC(c2cccc(-n3ccnc3)c2)=Nc2ccc(I)cc2N1,-1.2860963596540604
CCc1ccc(Cc2cc([C@@H]3S[C@H](CO)[C@@H](O)[C@H](O)[C@H]3O)c(OC)cc2C)cc1,-1.7451378557193975
CC(=O)c1cn(Cc2ccccc2)c(=O)n(Cc2ccc(F)cc2)c1=O,-1.5938772834703097
c1ccc([C@H]([C@@H](c2ccccc2)N2CCCC2)N2CCCC2)cc1,-0.7677661481397413
C#C[C@]1(O)CC[C@H]2[C@@H]3CCC4=CC(=O)CC[C@@H]4[C@H]3C(=C)C[C@@]21CC,-0.4270395158723809
CC(=O)O[C@H]1C[C@H](O[C@H]2[C@@H](O)C[C@H](O[C@H]3[C@@H](O)C[C@H](O[C@H]4CC[C@@]5(C)[C@H](CC[C@@H]6[C@@H]5C[C@@H](O)[C@]5(C)[C@@H](C7=CC(=O)OC7)CC[C@]65O)C4)O[C@@H]3C)O[C@@H]2C)O[C@H](C)[C@H]1O,-0.1247939959031097
COc1ccc(-c2ccc(S(=O)(=O)N[C@@H](C(=O)O)C3CCC(N4C(=O)CN=C4O)CC3)cc2)cc1,-1.0004301645036642
Cc1onc(C(=O)N2[C@@H]3CC[C@H]2C[C@@H](Nc2cc(=O)n(C)c4nccnc24)C3)c1C,-1.2928558116575553
CCc1nc2nc(C)cc(Nc3ccc(Cl)cc3)n2n1,-0.8543033708982299
CC(C)c1noc(C2CCN(c3ncnc(Nc4ccc(S(C)(=O)=O)cc4F)c3[N+](=O)[O-])CC2)n1,-1.962968132250768
CC(=O)c1ccc2c(c1)N(CCN1CCC(NCc3ccc4c(n3)NC(=O)CO4)CC1)C(=O)CO2,-0.9216117029254074
O=C(O)c1cn(Cc2ccc(-c3cccnc3)cn2)c2c(F)cccc2c1=O,-1.3014558129408076
COC(=O)c1ccc(-c2cc(Cl)c(O[C@H]3O[C@H](CO)[C@@H](O)[C@H](O)[C@@H]3O)c(Cl)c2)cc1,-1.678194516142461
Nc1ncn([C@@H]2O[C@H](CO)[C@@H](O)[C@H]2O)c(=O)n1,-0.0387899198863985
COc1ccc(-c2ccc(S(=O)(=O)NC(C(=O)O)C3CCCC(N4CCOC4=O)C3)cc2)cc1,-1.6024771142816578
COCc1cnc(N2CCC([C@H]3C[C@H]3COCc3ccc(S(C)(=O)=O)cc3F)CC2)nc1,-1.3014558129408076
C[C@H](NS(=O)(=O)c1ccc(-c2sc(C(=O)NCC(C)(C)O)nc2C(=O)N2CCCC[C@@H]2C)c(Cl)c1Cl)C(F)(F)F,-2.000391041028584
CCn1cc([C@]2(c3cccc(NC(=O)c4ccc(Cl)cn4)c3)N=C(N)c3c(F)cccc32)cc(C)c1=O,-1.7427319193805018
CCN(CCO)CCCC(C)Nc1ccnc2cc(Cl)ccc12,-0.3005959181846626
NC(=O)[C@@H]1CC[C@@H]2CN1C(=O)N2OS(=O)(=O)O,-0.0314843638442568
CCN(CC)CCCC(C)N=c1c2ccc(Cl)cc2[nH]c2ccc(OC)cc12,-0.9833969924067856
CN(c1cccc(CO)c1)c1ccnc(Nc2cc(N3CCOCC3)cc(N3CCOCC3)c2)n1,-1.010091211925206
Cc1c(C(=O)Nc2ccc(F)c(F)c2)sc(N)c1C(N)=O,-0.8512123159436876
O=C(NCc1ccccn1)c1cc(-c2ccccc2)nc2ccccc12,-1.854275425119336
CCc1c(CCCC(=O)O)cncc1-c1nsc(-c2ccc(OC(C)C)c(Cl)c2)n1,-2.530465154958206
CN(C)[C@@H]1C(O)=C(C(=N)O)C(=O)[C@@]2(O)C(O)=C3C(=O)c4c(O)cccc4[C@@](C)(O)[C@H]3C[C@@H]12,-0.1077829212655617
CC(C)N(CCC(O)c1ccc2ccccc2c1)Cc1ccccc1,-0.9961088337630896
O=C(O)CCn1c(=O)oc2cc(OCC3CCC3)c(Cl)cc21,-1.6993827801934176
Cc1cc2cc(C)c3nnc(SCC(=O)N4CCN(C(=O)c5ccco5)CC4)n3c2cc1C,-1.6599705467386403
Cc1cc(-c2c(Cl)cccc2Cl)cc2nnc(Nc3ccc(OCCN4CCCC4)cc3)nc12,-2.5231683714877318
C[C@@H](Oc1cc2oc(=O)n(CCC(=O)O)c2cc1Cl)c1ccc(Cl)cn1,-1.7829242211343628
Cc1nc(NC(=O)N2CCC[C@H]2C(N)=O)sc1-c1csc(C2CCC2)n1,-1.0319468887375929
CCOC(=O)C1=C(C)N/C(=C/c2cc(C)n(-c3ccc(OC)cc3)c2C)C1=O,-1.1942477451993276
Cc1cccc(CN2CCN(C(c3ccccc3)c3ccc(Cl)cc3)CC2)c1,-2.699187205881913
C[C@H](NCc1ccc(OCc2cccc(F)c2)cc1)C(N)=O,-0.9934510432321166
CN(c1ccccc1)c1ccc2c(c1)CCC[C@H]2CNc1cnccc1C(=O)O,-2.699187205881913
O=C(O)CNCCNc1ccc(Cl)c(C(=O)NCC23CC4CC(CC(C4)C2)C3)c1,-1.137105696499718
CN(C)c1nc(N(C)C)nc(N(C)C)n1,-1.2150975501133452
CNC(=O)c1cc(C(=O)NC2CC2)cc2c1O[C@H](CO)[C@H]2c1ccccc1,-0.6761499961531976
O=C(O)c1cc(/N=N/c2ccc(O)c(C(=O)O)c2)ccc1O,-0.8088689274259139
CCN1CCC[C@H]1CNC(=O)c1c(O)c(Cl)cc(Cl)c1OC,-0.957068299569702
C[C@H]1Cc2c(nnn2-c2ncc(F)cn2)CN1C(=O)c1cccc(C(F)(F)F)c1F,-0.6007590583075443
CCN1CCN(C(=O)N[C@@H](C(=O)N[C@@H]2C(=O)N3C(C(=O)O)=C(CSc4nnnn4C)CS[C@H]23)c2ccc(O)cc2)C(=O)C1=O,-0.9954643268218156
CCN(CCO)C(=O)c1oc2cccnc2c1-c1cccc(C(F)(F)F)c1,-1.0549609977675471
Cn1cnc(S(=O)(=O)N2C[C@@H]3[C@H](C2)[C@@]3(CNC(=O)c2ccc(Cl)cc2Cl)CC2CC2)c1,-1.2928558116575553
CC(NC(=O)c1ccc(Cl)cc1)[C@H]1[C@@H]2C[C@@H](c3ccnc4ccc(F)cc34)C[C@@H]21,-1.9590023075765075
Cc1cc(N(C)C(=O)[C@H]2CC[C@H](Oc3cccc(CO)c3)CC2)ccc1CN1CCN[C@@H](C)C1,-0.6405971310574443
CCOC(=O)C1=C(O)/C(=C\c2cc(C)n(-c3ccc(F)cc3)c2C)N=C1C,-1.1942477451993276
CCn1nc(NC(=O)NC2C3CC4CC(C3)CC2C4)cc1C,-1.6993827801934176
CCOC(=O)CCC(N=C(O)C1CCn2c(C(=O)c3ccccc3)ccc21)C(=O)OCC,-0.259282123940715
COc1cc(OC)c(C(=O)CCCN2CCCC2)c(OC)c1,-0.3972890550424425
COc1ccc(NC(=O)CCc2c(C)nc3nc(C)nn3c2C)cc1,-0.7522134958804845
CCN1CC(C)(C)OC(=O)C1CC(=O)NCc1cccc(-c2ccccc2)c1,-2.3982658517398923
CCCNCC(O)COc1ccccc1C(=O)CCc1ccccc1,-0.7237406839968759
COc1ccc2cc(C(C)C(=O)O)ccc2c1,-2.3982658517398923
CC(C)(O)[C@H]1CC[C@H](NC(=O)c2cnc3nc(C4CC4)ccc3c2)CC1,-0.6972362915270183
C=CC(=O)Nc1ccc(S(=O)(=O)N2CCNCC2)cc1,-1.3876400520322256
CCN(CC)CCN=C(O)c1cc(Cl)c(N)cc1OC,-0.1547158736520084
COC(=O)N[C@H](C(=O)N[C@H](Cc1ccc(-c2ccccn2)cc1)C[C@H](O)[C@H](Cc1ccccc1)NC(=O)[C@@H](N1CCN(Cc2cccc(C(C)(C)O)n2)C1=O)C(C)(C)C)C(C)(C)C,-1.721658030939094
Cc1ccc(C(=O)NC2CC2)cc1-c1ccn2c(C(C)(C)C)nnc2c1,-0.3761513833286242
CCC(CC)NC(=O)c1nc(-c2ccc(F)cc2C#N)cnc1N,-1.523298766322403
CN1CCN(CCCN2c3ccccc3Sc3ccc(Cl)cc32)CC1,-0.2581093031678854
Cc1c(-c2ccc(N3CCC[C@H]3CO)cc2)[nH]c2cc(F)cc(F)c2c1=O,-1.3376672295602454
CC(C(=O)O)c1ccc(N2CC=CC2)c(Cl)c1,-2.5231683714877318
Cc1cc(C2CCN(C(=O)[C@@H]3CN(C(C)(C)C)C[C@H]3c3ccc(F)cc3F)CC2)n(-c2ccc(F)c(Cl)c2)n1,-0.7936059355691265
C[C@H]1COCCN1c1cc(C2(S(=O)(=O)C3CC3)CC2)nc(-c2ccc(NC(=S)NCCO)cc2)n1,-0.3865916321639296
CC(=O)Nc1ccc2c(c1)N(c1cc(NC3CC3)n3ncc(C#N)c3n1)CC2,-1.5837773484635205
CC(=O)Nc1ccc(Nc2ncnc(N[C@@H](Cc3ccccc3)C(=O)OC(C)(C)C)n2)cc1,-1.5380215234713237
Cc1ccc(C(=O)N(CCCN)C(c2nc3snc(C)c3c(=O)n2Cc2ccccc2)C(C)C)cc1,-1.3283274043791142
O=C(CSc1nc2c(c(=O)n1-c1ccccc1)SCC2)Nc1ncc(-c2ccccc2)s1,-2.481788855747515
CC(=O)Nc1ccccc1C(=O)N1CCCC[C@H]1c1cc2[nH]c(C)c(C)c(=O)n2n1,-0.7674358591132167
CN1CCN(CC(=O)N2c3ccccc3C(=O)Nc3cccnc32)CC1,-0.0809113643376765
CNC(=O)c1ccc(C)c(-n2c(C)cc(OCc3ccc(F)cc3F)c(Br)c2=O)c1,-1.1828625253816742
CCC(=O)N1CCN(C(=O)c2cc(Cc3n[nH]c(=O)c4ccccc34)ccc2F)CC1,-0.4303576365691369
NC(=O)Nc1cc(-c2cccc(F)c2)sc1C(=O)N[C@H]1CCCNC1,-0.5837923388097694
COc1ccnc2[nH]cc(C(=O)C(=O)N3CCN(C(=O)c4ccccc4)C[C@H]3C)c12,-0.567463616735744
Cc1ncn(-c2ncc(F)c3c(C(=O)C(=O)N4CCN(C(=O)c5ccccc5)CC4)c[nH]c23)n1,-1.5090587946432126
CN1C[C@H](C(=O)N[C@]2(C)O[C@@]3(O)[C@@H]4CCCN4C(=O)[C@H](Cc4ccccc4)N3C2=O)C=C2c3cccc4[nH]cc(c34)C[C@H]21,-1.2928558116575553
CC(C)C[C@H](NC(=O)OCc1ccccc1)C(=O)N[C@@H](C[C@@H]1CCNC1=O)C(O)S(=O)(=O)O,-0.4551261567651986
CCc1nn(CCN)c(CC)c1Oc1cccc(C#N)c1,-0.3005959181846626
O=C(NC1CC1)c1cn(-c2cccc(C#Cc3cccnc3)c2)c2ncccc2c1=O,-1.7524366851343112
CC(=O)N1CCCn2nc(CN(C)c3ccccc3)cc21,-0.3367326433719202
CNCCCC1c2ccccc2C=Cc2ccccc21,-1.091944125901233
CO[C@H]1/C=C/O[C@@]2(C)Oc3c(C)c(O)c4c(O)c(c(C=NN5CCN(C)CC5)c(O)c4c3C2=O)NC(=O)/C(C)=C\C=C\[C@H](C)[C@H](O)[C@@H](C)[C@@H](O)[C@@H](C)[C@H](OC(C)=O)[C@@H]1C,-0.8073071267027845
Cc1cn2nc([C@@H]3CCCCN3C(=O)c3cc(Cl)ccc3NS(C)(=O)=O)cc2nc1N1CC[C@H](N)C1,-1.3472123374569849
CC(C)=CCN1CC[C@]2(C)c3cc(O)ccc3C[C@H]1[C@@H]2C,-0.4195083950783458
CCC(CC)c1nc(-c2sc(NC(=O)N3CCC[C@H]3C(N)=O)nc2C)cs1,-1.1028019176170332
CCOC(=O)C(CC(C)C)N=C(O)C1CCn2c(C(=O)c3ccccc3)ccc21,-0.259282123940715
Cc1cc[n+]([O-])c(C)c1C(=O)N1CCC(C)(N2CCC(N(c3ccccc3)c3cccnc3)CC2)CC1,-0.4195083950783458
COc1nc(CO)c(C)nc1NS(=O)(=O)c1cccc(Cl)c1Cl,-1.854275425119336
Cc1noc(C)c1S(=O)(=O)Nc1c(N2CCC(NCc3ccc(F)cc3)CC2)c(=O)c1=O,-0.5837923388097694
Cc1cnc(NCCc2ccccn2)c(=O)n1CC(=O)NCc1cccc(Cl)c1,-1.2150975501133452
CN1CCN(c2ccc(C3CC(c4ccc([N+](=O)[O-])o4)=NO3)cc2)C(=O)C1,-0.3700056186489902
Cc1ccc(-c2ncccn2)c(C(=O)N2C[C@H](COc3ccc(F)cn3)CC[C@H]2C)c1,-1.5854444437707855
COc1cc(C)[nH]c(=O)c1CNC(=O)c1c(C)n([C@H](C)C2CCN(CC(F)F)CC2)c2ccccc12,-0.7751226423819882
O=C1c2cc(Cl)ccc2-n2c1nc1ncccc1c2=O,-1.2844228080425482
CC(=O)Oc1cc2c(s1)CCN(C(C(=O)C1CC1)c1ccccc1F)C2,-1.3547077436842732
COc1ccc2cc([C@H](C)C(=O)O)ccc2c1,-1.7957448642186986
Cn1cncc1[C@@](N)(c1ccc(Cl)cc1)c1ccc2c(c1)c(-c1cccc(Cl)c1)cc(=O)n2C,-2.0972901870301213
C[C@H](Nc1ccc2ncn(-c3cc(C4CC4)[nH]n3)c2n1)c1ncc(F)cn1,-0.7284744751122991
Cc1nnc2n1-c1ccc(-c3ccc(N)nc3)cc1N(c1ccc(Cl)cc1)CC2C,-1.678194516142461
CC(C)(C)c1ccc(S(=O)(=O)Nc2ccc(Cl)cc2C(=O)c2cc[n+]([O-])cc2)cc1,-2.000391041028584
N#C/C=C(\Nc1cccc2c(Cl)c[nH]c12)N[C@H]1CCCCN(CC(=O)N2CCCC2)C1=O,-0.7936059355691265
O=C(NCc1ccc(S(=O)(=O)c2cc(F)cc(F)c2)cc1)c1cnc2nccn2c1,-0.9105258659651712
CC(C)Oc1cc2c(OC[C@@H]3CCC(=O)N3)nccc2cc1C(N)=O,-0.5365400288758649
CNc1nc(C)c(-c2nc(Nc3cccc(N4CCCNCC4)c3)ncc2C#N)s1,-0.9393554111909614
CCN(CC)[C@@H](C)CNC(=O)c1cc(-c2cnn3ccc(-c4cccs4)nc23)nc(N2CC(O)C2)c1,-0.7500120671730519
CCC(NC(=O)c1ccc(Cl)cc1)[C@H]1[C@@H]2C[C@@H](n3cnc4ccc(F)cc43)C[C@@H]21,-1.92121703980304
O=C(Nc1ccc(Cl)c(S(=O)(=O)N2CCNCC2)c1O)Nc1cccc(F)c1Cl,-2.409258450021788
CC[C@@H](CO)Nc1cc(C)nc(Oc2c(C)cc(Cl)cc2C)c1C(=O)NC,-1.3376672295602454
C=CC(=O)N1CCN(c2nc(=O)n(-c3c(C)ccnc3C(C)C)c3nc(-c4c(O)cccc4F)c(F)cc23)[C@@H](C)C1,-0.7936059355691265
C[C@@H]1O[C@@H](NS(=O)(=O)c2cccs2)[C@@H](O)[C@H](O)[C@@H]1O,-0.0705044408445938
N#CC[C@H]1CC[C@H](n2c(=O)[nH]c3cnc(Nc4ccc[nH]c4=O)nc32)CC1,-0.7674358591132167
OC[C@H]1C[C@@H](O)CCN1CCc1ccc(Nc2nc(-c3ccc(Cl)cc3Cl)cs2)cc1,-1.678194516142461
Cc1nc(CN(C)[C@H]2CCCc3cccnc32)cc(N2CCN(C)CC2)n1,-1.9590023075765075
CC(CN1CCOCC1)Nc1ccc2cc(-n3cnc4cnc5cnc(-c6ccncc6)cc5c43)ccc2n1,-1.5090587946432126
COC(=O)N1CCN(C2CCN(c3cc(C)c4[nH]c(-c5c(NC[C@@H](O)c6cccc(Cl)c6)ccnc5O)nc4c3)CC2)CC1,-1.7962873593922926
CC(C)Cc1cc2oc(=O)n(CCC(=O)O)c2cc1Cl,-2.04614370177502
O=C1Cc2cc(Cn3cc(C(=O)O)c(=O)c4c(F)cccc43)ccc2N1,-0.5595238546058189
CN1CCN(c2ccc(Nc3ncc4c(n3)-c3c(c(C(N)=O)nn3C)C(C)(C)C4)cc2)CC1,-1.9590023075765075
Cc1cc(Nc2ccc(SC(F)(F)F)cc2)n2ncnc2n1,-1.3983636523517635
O=c1cc(N2CCOCC2)nc(NCc2ccccc2)[nH]1,-0.5732714830874036
c1cc(-c2ccc3ncnc(Nc4ncco4)c3c2)cc(N2CCOCC2)c1,-1.9590023075765075
Cc1c(C2(c3ccc(C(F)(F)F)c(C#N)c3)CC2)c[nH]c1C(=O)NC(C)c1nc[nH]n1,-1.7962873593922926
O=C(c1ccc(F)c(F)c1Nc1ccc(I)cc1F)N1CC(O)([C@@H]2CCCCN2)C1,-1.264747796064544
N#Cc1cccc(S(=O)(=O)c2cnc3cc(F)ccc3c2-c2ccc(Cl)cc2)c1,-2.310149720559246
O=C(NCc1cccc(F)c1)NC1CCN(Cc2ccn(-c3ccc(C(F)(F)F)cc3)c2)CC1,-1.556374078396063
N#Cc1cnc(Nc2cc(CN3CCN(C(=O)CO)CC3)ccn2)s1,-0.5804771103246256
COCCCN1CCN([C@H]2CC[C@H](n3nc(-c4ccc5nc(Cc6ccccc6OC)[nH]c5c4)c4c(N)ncnc43)CC2)CC1,-1.4689428087667111
C[C@]12C=CC(=O)C=C1CC[C@H]1[C@@H]3C[C@@H](O)[C@](O)(C(=O)CO)[C@@]3(C)C[C@H](O)[C@@]12F,-0.4939281250746494
CCN(Cc1ccccc1C(F)(F)F)C(=O)C1CCN(S(=O)(=O)c2ccc3[nH]ncc3c2)CC1,-1.7962873593922926
CC(C)C[C@H](NC(=O)CNC(=O)[C@H](C)NC(=O)c1ccc(S[C@@H]2O[C@H](CO)[C@H](O)[C@H](O)[C@H]2O)cc1)C(=O)N[C@@H](C)C(=O)N[C@H]1CCN(c2cc3c(cc2F)c(=O)c(C(=O)O)cn3C2CC2)C1,-1.5380215234713237
CC1(C)NC(=O)N(c2cnccn2)C1=O,-0.0259223580303474
CCC(C)(C)C(=O)Nc1cccc(NC(=O)c2ccccc2Br)c1,-1.2928558116575553
O=C(O)c1ccccc1CN1CCC(CN2CCC(Oc3ccc(Cl)c(Cl)c3)CC2)CC1,-0.5233118079594025
N#Cc1ccc2ccc(=O)n(CCN3CC[C@@H](NCc4ccc5c(n4)NC(=O)CO5)[C@@H](O)C3)c2c1,-0.7427535350926288
CN1CCC[C@@H]1Cc1c[nH]c2ccc(CCS(=O)(=O)c3ccccc3)cc12,-0.8214546854889927
Cn1nnnc1-c1cccc(N=C(O)N[C@@H]2CCCC[C@H]2CN2CCC[C@@H](Cc3ccc(F)cc3)C2)c1,-1.091944125901233
Cn1cnc(S(=O)(=O)N2C[C@@H]3[C@H](C2)[C@@]3(CNC(=O)c2ccc(Cl)c(Cl)c2)CC2CC2)c1,-1.678194516142461
Cc1cc(C)c(S(=O)(=O)NCc2ccncc2)c(C)c1,-0.852755093385855
Cc1ccc(CO)cc1N(C)c1ccnc(Nc2cc(N3CCOCC3)cc(N3CCOCC3)c2)n1,-0.9935365250163772
O=C1COc2ccc(CNC3CCN(CCN4C(=O)COc5ccc(O)cc54)CC3)nc2N1,-0.8697759449311093
Cc1cc(C(=O)N[C@H]2CC[C@@H](NC(=O)c3cc(F)cnc3Oc3cccc(-c4cccc(CN5C[C@@H](C)N[C@@H](C)C5)c4)c3)CC2)nn1C,-0.7427535350926288
CN(C)c1ccc(-c2cc3nccnc3c(NC[C@@H]3CNCCC3(F)F)n2)cn1,-1.2928558116575553
Cc1ccc(NC(=O)c2cccc(N3CCOCC3)c2)cc1NC(=O)c1ccc(OCc2cscn2)cc1,-1.678194516142461
C=CC(=O)NCc1coc(-c2c(N)ncnc2Nc2ccc(Oc3cc(C(F)(F)F)nn3C)c(Cl)c2)n1,-3.0
Cc1c(-c2ccc(N3CCCCCC3)cc2)[nH]c2cc(F)cc(F)c2c1=O,-2.1552743720267773
CC[C@@H](C(N)=O)N1CCCC1=O,-0.0222535377083363
C[C@@H](Oc1cc2cnn(CCC(=O)O)c2cc1Cl)c1ccccn1,-1.0004301645036642
C[C@H](Nc1ncc(F)c(Nc2cc(N(C)C)[nH]n2)n1)c1ncc(F)cn1,-0.6562368279160454
COC(=O)c1ccc2c(ccn2-c2ccc(O[C@H]3O[C@H](CO)[C@@H](O)[C@H](O)[C@@H]3O)c(Cl)c2)c1,-1.9590023075765075
Cc1[nH]c2ccc(-c3nnc(SCC(=O)N4CCCc5ccccc54)o3)cc2c1C,-2.207972710320769
CC(C)c1nc(N2CCN(c3ncc(OCc4ccncc4C#N)cn3)[C@H](C)C2)no1,-1.854275425119336
CCOc1ccc2cc(-c3nn(C(C)CCO)c(N)c3C(N)=O)cnc2c1,-0.7936059355691265
O=C(NC1Cc2ccccc2N(CC(CO)CO)C1=O)c1cc2cc(Cl)ccc2[nH]1,-0.0009120634373921
CC(C)c1cc(C(=O)N2CC[C@@H](NC(=O)C3CC3)C2)[nH]n1,-0.2514708756001677
Cc1nn(-c2ccc(CN)cc2)c(C)c1-c1ccc(F)cc1,-1.1491700401514695
O=c1[nH]cnc2scc(-c3cccs3)c12,-1.9176132149096263
CC(C)(C)OC(=O)N[C@H](Cc1ccccc1C(F)(F)F)C(=O)NCc1nc2cccnc2n1Cc1ccccc1,-1.9176132149096263
Cc1ncc(NC(=O)c2cc(NC(=O)c3cccc(C(F)(F)F)c3)ccc2C)s1,-1.889811102843363
N#Cc1cc(S(=O)(=O)Nc2ncc(Cl)s2)ccc1Oc1ccc(Cl)cc1-c1ccnn1C1CNC1,-2.0413453496394345
COc1ccc(F)cc1-c1ccnc2[nH]c(C3=CCN([C@H]4CC[C@@H](CC(=O)O)CC4)CC3)cc12,-1.432221038427818
CC(=O)Nc1ccc2ccn(-c3cc(NCCN4CCCC4)n4ncc(C#N)c4n3)c2c1,-1.2460785224471458
O=C(NCc1ccc(S(=O)(=O)c2cc(F)cc(F)c2)cc1)c1cc2cnccc2[nH]1,-1.5380215234713237
CC(C)(C)Cc1c[nH]c(CC(C)(O)c2ccc(-c3ccc(F)cn3)cc2)n1,-2.3013775702979022
C[C@@](C(=O)O[C@H]1C[N+]2(CCOc3ccc(Cl)cc3)CCC1CC2)(c1ccccc1)N1CCCCC1,-2.0544245777806265
N#CC(C#N)=C(Nc1cccc2c(Cl)c[nH]c12)N[C@H]1CCCCN(CC(=O)N2CCCC2)C1=O,-0.9176455486690313
CCC[C@@]1(CCc2ccccc2)CC(O)=C([C@H](CC)c2cccc(NS(=O)(=O)c3ccc(C(F)(F)F)cn3)c2)C(=O)O1,-2.9245223852794364
O=C(c1cc(Cc2n[nH]c(=O)c3ccccc23)ccc1F)N1CCN(C(=O)C2CC2)CC1,-0.7243612164177454
OC1(c2cccnc2)CCN(c2ccc3nnc(C(F)(F)F)n3n2)CC1,-0.5837923388097694
O=C(NCc1ccc(F)cc1)c1ncc2cccnc2c1O,-2.014963083532595
O=C(C1CN(S(=O)(=O)c2cccc3cnccc23)C1)N1CC2CN(c3ccncc3)CC2C1,-2.000391041028584
CN[C@@H](C)C(=O)N[C@H](C(=O)N[C@H]1CCCN(Cc2ccccc2)C1)C1CCCCC1,-0.4365964062991613
C[C@H]1NCc2cc(-c3ccc4c(=O)c(C(=O)O)cn(C5CC5)c4c3OC(F)F)ccc21,-0.8831598975873358
Nc1ncc(-c2ccccc2)nc1C(=O)NC1CCCC1,-1.3669559463304506
CCCn1c(=O)[nH]c(=O)c2nc[nH]c21,-0.356586214351876
C[C@H](c1ccc(F)cc1)N1C(=O)O[C@](Cc2ccccc2)(c2nc3c(C(F)(F)F)cccc3[nH]2)C1=O,-2.5231683714877318
COc1ccnc(CCc2nc3cc(Br)cnc3[nH]2)c1,-1.3782101135328222
CCc1c(CCCC(=O)O)cccc1-c1cnc(-c2ccc(OC(C)C)c(C#N)c2)s1,-2.699187205881913
CCNC(=O)Nc1ccc(-c2nc3c(c(N4CCOC[C@@H]4C)n2)[C@H]2CC[C@@H](C3)N2C)cc1,-0.2073422115509629
OC[C@H]1O[C@H](Oc2ccc(-n3ccc4ccccc43)cc2Cl)[C@@H](O)[C@@H](O)[C@@H]1O,-1.678194516142461
Cc1ccc(N(CC2=NCCN2)c2cccc(O)c2)cc1,-0.3367326433719202
C[C@@H](O)[C@H]1C(=O)N2C(C(=O)O)=C(SC(=S)N(C)C)[C@H](C)[C@H]12,-0.9176455486690313
O=C(NCc1ccc(OC(F)(F)F)cc1)C1c2cccc(O)c2C(=O)N1CCc1ncc(F)cn1,-1.7239497066643057
CC(=O)Nc1ccc(-c2ccnc(Nc3ccc(N4CCOCC4)cc3)n2)cc1,-1.1641040589529887
CN1CCN(C(=O)c2cc3cc(Cl)ccc3[nH]2)CC1,-0.636820649941314
CC(C)c1ccc(CC(=O)N[C@H](C)c2ccc(OCC(F)(F)F)cn2)cc1,-2.3013775702979022
COCCN1CCN(c2ccc(OCc3ccccc3)c(C(=O)Nc3ccnnc3)c2)CC1,-0.8637107714232833
C[C@@](C(=O)O[C@H]1C[N+]2(CCCc3cccnc3)CCC1CC2)(c1ccccc1)N1CCCCC1,-0.6972362915270183
O=C(O[C@H]1C[N+]2(CCOc3ccccc3)CCC1CC2)C1(C2=CC=CC2)CCCCCC1,-1.3876400520322256
O=C(O[C@H]1C[N+]2(Cc3nc4ccccc4o3)CCC1CC2)C1(C2=CC=CC2)CCCCCC1,-1.6202051567230198
CCN1CCC[C@@H]1CNC(=O)c1ccc2c(c1)NC(=O)/C(=C/c1ccccc1F)S2,-1.7182430327983842
O=C(O)c1cn(Cc2ccc(-c3ccc(F)cc3)cn2)c2c(F)cccc2c1=O,-1.6993827801934176
Cc1ccc(-c2cnccc2-c2cnc(NC(=O)C(C)C)s2)c(Cl)c1,-3.0
c1cnc(OC[C@H]2C[C@H](c3ccc(CN4CCCC4)cc3)C2)nc1,-0.3559949365267739
CCC(C)NC(=O)c1nc(-c2ccccc2C#N)cnc1N,-1.2928558116575553
C[C@H](N[C@@H](CCc1ccccc1)C(=O)O)C(=O)N1Cc2ccccc2C[C@H]1C(=O)O,-0.4939281250746494
O=C(O)c1cn(Cc2ccc(-c3ccccc3)cc2F)c2ccccc2c1=O,-1.886457720046036
CCCCc1cc(OC2CCN(CCCCNS(=O)(=O)CC)CC2)c2ncccc2c1,-1.721658030939094
CCNC(=O)Nc1nc2cc(-c3cccnc3)ccc2[nH]1,-1.7239497066643057
O=C1OC(c2ccccc2)CC(O)=C1Oc1ccccc1Cl,-2.1552743720267773
CC[C@H](NC(=O)c1ccc(Cl)cc1)[C@@H]1[C@@H]2C[C@@H](n3cnc4ccc(F)cc43)C[C@@H]21,-2.04614370177502
CC(C)(O)[C@H]1C[C@H](NC(=O)c2cnc3nc(C4CC4)ccc3c2)C1,-0.5837923388097694
CNc1nccc(N2CC[C@H](NC(=O)Nc3ccc(OC(F)(F)F)cc3)C2)n1,-1.6202051567230198
CC(C)(NS(=O)(=O)c1ccc2c(Cl)cnc(N=C(N)N)c2c1)C(=O)O,-1.4689428087667111
Cc1cc(C)cc(C(=O)Nc2ccc(Cl)c(C(=O)Nc3cncs3)c2)c1,-2.3013775702979022
O=C(NCC12CC3CC(CC(C3)C1)C2)c1cc(CN2CCNCC2)ccc1Cl,-1.0549609977675471
CN1CCCN(c2ncc(-c3ccc4c(Nc5cnccn5)ccnc4c3)cn2)CC1,-0.6007590583075443
CC(C)N1CCN(C(=O)C2CC23CCN(C2CCOCC2)CC3)CC1,-0.0604158576515883
CCc1nn(CCN)c(CC)c1Oc1cc(C)cc(C#N)c1,-0.3972890550424425
O=C(NC[C@@H](O)CN1CCC(Oc2ccc(Cl)c(Cl)c2)CC1)c1c[nH]c(=O)c2cc(F)ccc12,-1.9285156645718784
O=C1Nc2cccc3c4c(cc(c23)O1)N(C(=O)c1cc2cc(NC(=O)c3cc5ccccc5[nH]3)ccc2[nH]1)C[C@H]4CCl,-1.2928558116575553
COc1ccc(N(Cc2cnccc2C)C2CCN([C@H](C)CCNC(=O)c3c(C)cc(C(=O)NC(C)C)nc3C)CC2)cc1,-0.9551076165256404
COC(=O)N1CC2(CC2)C[C@H](C(=O)NO)[C@H]1C(=O)N1CC=C(c2ccccc2)C1,-0.1802323946047437
NC(=O)[C@@H]1[C@H](c2ccccc2)CCN1C(=O)[C@@H](N)Cc1ccccc1,-0.2215593164287672
O=C(COc1ccc(I)cc1)N1CCN(C(=O)c2cc(Cc3n[nH]c(=O)c4ccccc34)ccc2F)CC1,-1.6993827801934176
CC(C)c1cc(C(=O)N2Cc3ccc(N4CCNCC4)cc3C2)c(O)cc1O,-0.4429261056339875
O=C(CC12CC3CC(CC(C3)C1)C2)Nc1cccc2nc(NCCNCCO)ccc12,-1.331108322330989
O=C(CCCN1CCC(O)(c2ccc(Cl)cc2)CC1)c1ccc(F)cc1,-0.8579793401153724
C[C@]12C=CC(=O)N[C@@H]1CC[C@@H]1[C@@H]2CC[C@]2(C)[C@@H](C(=O)Nc3cc(C(F)(F)F)ccc3C(F)(F)F)CC[C@@H]12,-1.9590023075765075
NC(=O)c1cc(-c2ccnc(N)n2)[nH]c1-c1cccs1,-0.4939281250746494
O=C(Nc1cc(-c2cc3c([nH]2)C2(CCCNC2)CNC3=O)ccn1)c1ccc2ccccc2c1,-2.3013775702979022
COc1ccccc1NS(=O)(=O)c1ccc(N=C(O)c2ccccn2)cc1OC,-2.3982658517398923
CCC(NC(=O)c1ccc(Cl)cc1)[C@@H]1[C@@H]2C[C@@H](Oc3ccnc4ccc(F)cc34)C[C@@H]21,-2.5231683714877318
CCS(=O)(=O)c1ccc(-c2cc(C(F)(F)F)ccc2O[C@@H](C)C(=O)O)c(C)c1,-1.3689805856550623
CCN(CC)CCNC(=O)c1c(C)[nH]c(/C=C2\C(=O)Nc3ccc(Cl)cc32)c1C,-0.9747150305384598
CC[C@@H](Nc1c(Nc2cccc(C(=O)N(C)C)c2O)c(=O)c1=O)c1ccc(C)o1,-1.7239497066643057
CCN1CC(C)(C)OC(=O)C1CC(=O)Nc1ccc(C(C)C)cc1,-1.208035810570897
c1ccc2c3c([nH]c2c1)CNCC3,-0.9961088337630896
CCNC(=O)OC1CCN(c2nncc3cc(OC)c(OC)cc23)CC1,-1.091944125901233
CC(=O)Nc1ccc2c(c1)N(c1cc(NC3CC3)n3ncc(C#N)c3n1)CCC2,-1.5658496253423198
NCCNc1ncc(-c2ccc3c(Nc4cnccn4)ccnc3c2)cn1,-3.0
Cc1c(Cc2ccc(C(F)(F)F)nc2)c[nH]c1C(=O)NC(C)c1cn[nH]c1,-0.7936059355691265
Cc1cc(C#N)nc(C)c1C(=O)NCC[C@@H](C)N1CCC(N(Cc2ccsc2)C(=O)CC2CCOCC2)CC1,-0.0705044408445938
CC(=O)Nc1cccc(N2CCN(CCCCNS(=O)(=O)CC3CCCCC3)CC2)c1,-1.091944125901233
Cc1ccc(NS(C)(=O)=O)c(C(=O)N2CCCC[C@H]2c2cc3nc(C)cc(C)n3n2)c1,-1.7699600188420606
S=P(N1CC1)(N1CC1)N1CC1,-0.0968014529570216
COc1ccc(N(C(=O)c2ccccc2)C(C(=O)NC2CCCC2)c2ccccc2F)c(OC)c1,-2.3668649681436342
CC(C)(C)OC(=O)N1CCN(c2ncc(OCc3ccncc3)cn2)CC1,-1.9710101070909043
CCC(=O)c1sc(-c2ccc(Cl)cc2)c(C)c1-c1ccc(S(N)(=O)=O)cc1,-2.6023206462213824
C[C@H](N[S@]1(=O)=NC(=O)c2ccccc21)c1ccccc1,-1.824314271737916
COc1cc(/C=C2\SC(=O)NC2=O)ccc1Oc1ccc(C#N)cc1C(F)(F)F,-2.824053529904458
CO[C@H]1CN(c2nc(-c3cncc(NCCN4CCN(C)CC4)n3)c(C(=O)O)s2)CC[C@H]1NC(=O)c1[nH]c(C)c(Cl)c1Cl,-1.5532609546660656
CC(C)[C@H](O)C(=O)N[C@@H](C)C(=O)N[C@@H]1C(=O)N(C)CCc2ccccc21,-0.0952319423368011
Cc1ccc(S(=O)(=O)Nc2c(C(=O)N[C@@H](C)C(C)(C)C)c(C)nn2C(C)C)cc1,-1.331108322330989
CN(C)CC(=O)N(C)C1COc2ccccc2-c2c(C3CCCCC3)c3ccc(C(=O)O)cc3n2C1,-2.2222108125651343
Cn1c2c(c(=O)n(C)c1=O)C(C(F)(F)F)(C(F)(F)F)NC(c1ccc(Cl)cc1)=N2,-2.0972901870301213
C[C@@H](Oc1cccc2ncnc(Nc3ccc4c(cnn4Cc4ccccn4)c3)c12)C(=O)N(C)C,-0.0604158576515883
Cc1nc(Nc2ncc(C(=O)Nc3c(C)cccc3Cl)s2)cc(N2CCN(CCO)CC2)n1,-1.1808839894758698
Cc1ccc(-n2nc(C(C)(C)C)cc2NC(=O)Nc2ccc(-n3ccnc3)cc2)cc1,-2.769729942588806
Cc1nc2c(-c3cccc(S(C)(=O)=O)c3)cnn2c(NCc2ccccn2)c1C,-1.4563540467667528
Cc1ccc(NS(C)(=O)=O)c(C(=O)N2CCCC[C@H]2c2cc3nc(C)c(C)cn3n2)c1,-1.3376672295602454
C=CCn1c(=O)c2cnc(Nc3ccc(N4CCN(C)CC4)cc3)nc2n1-c1ccc2c(n1)C(O)(CC)CC2,-0.4676788579176694
CCOc1ccccc1-c1ccc(-c2nc3ccncc3c(O)c2C#N)cc1,-2.769729942588806
O=C(NC1Cc2ccccc2N(CCO)C1=O)c1cc2sc(Cl)c(Cl)c2[nH]1,-0.0001301775643089
C[C@H]1[C@H](NC(=O)/C(=N\OC(C)(C)C(=O)O)c2csc(N)n2)C(=O)N1C(=O)NS(=O)(=O)n1nc(-c2cc(=O)c(O)c[nH]2)n(CCCS(=O)(=O)c2ccccc2)c1=O,-1.5090587946432126
Cc1ccnc2c1NC(=O)c1cccnc1N2C1CC1,-0.2177963705384924
O=C(O)c1ccc(NCc2c(-c3c(Cl)cccc3C(F)(F)F)noc2-c2cc[nH]c2)cc1,-2.699187205881913
O=C(O)C1(Sc2ccnc3ccccc23)CCC1,-2.5231683714877318
O=C(O)c1cn(Cc2ccccc2)c2ccccc12,-1.6972168265731098
COc1cc(OC)c(S(=O)(=O)N2c3ccccc3CCC2C)cc1NC(=O)Cc1ccnc(F)c1,-1.2569169000188067
CCCC1O[C@@H]2C[C@H]3[C@@H]4CCC5=CC(=O)C=C[C@]5(C)[C@H]4[C@@H](O)C[C@]3(C)[C@]2(C(=O)CO)O1,-0.89152800101318
CC(O/N=C(\C(=O)N[C@@H]1C(=O)N(OS(=O)(=O)O)C1(C)C)c1csc(N)n1)c1cc(=O)c(O)cn1O,-2.2927791030185243
CC(C)NC(=O)[C@H]1CC[C@@H](n2/c(=N/C(=O)c3cc(F)cc(F)c3)[nH]c3ccc(CN4CCC(C(C)(C)O)CC4)cc32)CC1,-1.4206394750654865
CC1(C)CCC(C)(C)c2cc(Cn3cccn3)c(/C=C/c3ccc(C(=O)O)cc3)cc21,-1.824314271737916
Cc1[nH]c2cc([C@@H]3CCCCN3C(=O)c3cc(C(F)(F)F)ccc3NS(C)(=O)=O)nn2c(=O)c1C,-1.523298766322403
CC(=O)Nc1ccc2ccn(-c3cc(Nc4ccn(C)n4)n4ncc(C#N)c4n3)c2c1,-1.7623632805160547
C[C@H](c1ccc(F)cc1)N1C(=O)O[C@](Cc2ccccc2)(c2nc3cc(NS(C)(=O)=O)ccc3[nH]2)C1=O,-1.4563540467667528
CC(C)(C)NC(=O)[C@@H](c1cccnc1)N(C(=O)c1ccco1)c1ccc(C(C)(C)C)cc1,-1.4689428087667111
O=C(NC1Cc2ccccc2NC1=O)c1cc2cc(Cl)sc2[nH]1,-0.0006078294166506
CC(C)(O/N=C(\C(=O)N[C@@H]1C(=O)N(S(=O)(=O)O)[C@@H]1COC(=O)CNC(=O)c1cc(=O)c(O)cn1O)c1csc(N)n1)C(=O)O,-0.2437976421817071
COc1cc(N)c(Cl)cc1C(=O)N[C@H]1CCN(CCCOc2ccc(F)cc2)C[C@H]1OC,-1.6293481507808971
O=S(=O)(c1cc(Cl)c(F)c(Cl)c1)N1[C@H](CO)CC[C@@H]1c1ccc(F)cc1,-2.1552743720267773
Cc1c(C(O)c2ccc(C(F)(F)F)nc2)c[nH]c1C(=O)NC1CC1,-0.9751245453096394
C[C@H]1[C@H](NC(=O)/C(=N\OC(C)(C)C(=O)O)c2csc(N)n2)C(=O)N1C(=O)NS(=O)(=O)n1nc(-c2cc(=O)c(O)c[nH]2)n(CCCCS(C)(=O)=O)c1=O,-1.1491700401514695
N#Cc1cccc(Nc2nccc(-c3cnn4ncccc34)n2)c1,-1.678194516142461
C[C@@](C(=O)O[C@H]1C[N+]2(CC(=O)Nc3ccon3)CCC1CC2)(c1cccs1)N1CCCCC1,-0.5276765987245545
CC(C)CC1(C(=O)c2ccc3[nH]ncc3c2)CCCN1,-0.0968014529570216
N#Cc1ccc(-c2cc(N3CCNCC3)nc(N)n2)cc1,-0.0314843638442568
CN(C)c1ccc(-c2cc3nccnc3c(OC[C@@H]3CCCNC3)n2)cn1,-1.041388342235121
Cc1ccc2c(c1)c(-c1ccnc3c(S(C)(=O)=O)cccc13)c(C)n2CC(=O)O,-1.195130789199804
C[C@H](O)c1nccn1Cc1cc(-c2ccc(C#C[C@@H]3[C@H]4CN(C=O)C[C@@H]34)cc2)on1,-1.0181587503287757
O=C(Nc1cc(-c2cc3c([nH]2)C2(CCCNC2)CNC3=O)ccn1)c1cccc(OC(F)(F)F)c1,-1.854275425119336
CC(C)(C)CS(=O)(=O)NCCN1CCN(CC(=O)NC23CC4CC(CC(C4)C2)C3)CC1,-0.852755093385855
O=C(N[C@H](CO)c1ccc(Cl)c(Cl)c1)N1CCc2cnc(NC3CCOCC3)nc2C1,-0.9833969924067856
C[C@H](CO)Nc1cc(NS(C)(=O)=O)nc(SCc2ccccc2)n1,-1.6993827801934176
Cc1c(OC2CCN(CC3CCN([C@@](C)(Cc4ccc(F)cc4)C(=O)O)CC3)CC2)ccc(Cl)c1Cl,-1.480593384383866
Cc1c(-c2cnc(N3CCCNCC3)nc2)ccc2c(Nc3cnccn3)ccnc12,-0.6184156653472478
CC(C)(O/N=C(\C(=O)N[C@@H]1C(=O)N2C(C(=O)O)=C(C[n+]3ccccc3)CS[C@H]12)c1csc(N)n1)C(=O)O,-0.0730636348709824
O=C(c1ccc(-c2ccc(Cl)cc2)o1)N(Cc1ccccn1)c1ccc(N2CCNCC2)cc1,-1.556374078396063
CNc1nccc(N2CC[C@H](NC(=O)Nc3ccc(Cl)c(C(F)(F)F)c3)C2)n1,-2.5231683714877318
CNC(=O)CCCN(C)C(=O)c1ccc2c(c1)c1c(n2C)CC[C@@H](C2CCOCC2)C1,-1.425235105053154
Clc1cc2[nH]cnc2c(NCc2ccco2)n1,-0.0599175282990633
CC(O/N=C(\C(=O)N[C@@H]1C(=O)N(OS(=O)(=O)O)C1(C)C)c1nsc(N)n1)c1cc(=O)c(O)cn1O,-2.328244168109875
O=C(c1cc(-c2ccccc2)c2cccc(I)c2n1)N1CCOCC1,-1.7193783844310144
O=C(NOCCO)c1ccn2cncc2c1Nc1ccc(I)cc1F,-1.7962873593922926
COCC(O)CN1C[C@@H]2[C@@H](C#Cc3ccc(-c4cc(Cn5ccnc5[C@H](C)O)on4)cc3)[C@@H]2C1,-1.113938140804323
COc1ccc(F)c(-c2ccc(Cc3ccc(N4C[C@H](C(F)(F)F)C[C@@H]4CC(=O)O)cc3)c(C)c2)c1,-2.699187205881913
OCCN1CCN(CCCN2c3ccccc3Sc3ccc(C(F)(F)F)cc32)CC1,-1.8798276477857103
COC(=O)c1ccc(NC(=O)NC23CC4CC(CC(C4)C2)C3)cc1O,-1.4952709483787436
CC(=O)N1CCN(Cc2ccnc(Nc3ncc(C#N)s3)c2)CC1,-0.9710466712179896
CC[C@H](Nc1ncnc2[nH]cnc12)c1nc2cccc(F)c2c(=O)n1-c1ccccc1,-1.2718291472408298
Nc1[nH]ncc1-c1cc(Cl)ccc1Oc1cc(F)c(S(=O)(=O)Nc2cscn2)cc1Cl,-2.530465154958206
CC(=O)O[C@H]1C(=O)[C@@]2(C)[C@H]([C@H](OC(=O)c3ccccc3)[C@]3(O)C[C@H](OC(=O)[C@H](O)[C@@H](N=C(O)c4ccccc4)c4ccccc4)C(C)=C1C3(C)C)[C@]1(OC(C)=O)CO[C@@H]1C[C@@H]2O,-1.5854444437707855
Cn1nnc2c(C(N)=O)ncn2c1=O,-0.0705044408445938
CC(N[C@H]1CC[C@H](NC(=O)c2cnc3nc(C4CC4)ccc3c2)CC1)C(F)F,-0.7427535350926288
C[C@@H]1CNC(=O)c2cc(-c3ccnc(NC(=O)C4CC4)c3)nn21,-0.4676788579176694
CCCCCCC(=O)O[C@H]1CC[C@H]2[C@@H]3CCC4=CC(=O)CC[C@]4(C)[C@H]3CC[C@]12C,-0.5076727249063073
O=C(O)CNC(=O)c1ncccc1O,-0.6332631566516302
CCN(CC(O)(CNC(=O)c1cnn(-c2ccc(F)cc2)c1N)C(F)(F)F)C(=O)c1c(F)cccc1F,-1.5090587946432126
CC1=C(CC(=O)O)c2cc(F)ccc2/C1=C\c1ccc([S+](C)O)cc1,-0.9337322329861416
O=C(NCc1ccc(S(=O)(=O)c2cccc(C(F)(F)F)c2)cc1)c1cc2ccncc2s1,-2.3013775702979022
N#Cc1ccc(/C=C/c2nc3ccccc3c(=O)n2-c2ccc[n+]([O-])c2)cc1,-0.4925772899895676
CC1=C(CC(=O)O)c2cc(F)ccc2/C1=C/c1ccc(S(C)=O)cc1,-1.3171082362775994
CCNC(=O)Nc1nc2cc(-c3cncc(C#N)c3)c(=O)n(C(C)C)c2s1,-0.9961088337630896
Cc1cnc(C(=O)O)c[n+]1[O-],-0.0087650612452523
CCc1[nH]c2nc(Sc3cnc4ccc[n+]([O-])c4c3)nc(N3C[C@@H]4[C@@H](N)[C@@H]4C3)c2c1Cl,-1.173705512827552
CC(C)(O)[C@H]1CC[C@H](NC(=O)c2cnc3cc(N4CCC4)ncc3c2)CC1,-0.6761499961531976
Cc1nc(NC(=O)N2CCC[C@H]2C(N)=O)sc1-c1csc(C(C)C)n1,-0.8045320903977445
CN(C)CCC(c1ccc(Cl)cc1)c1ccccn1,-0.6202214586944762
FC(F)(F)c1ccc(Oc2ccc(-c3noc(-c4c[nH]cn4)n3)cc2)cc1,-1.1808839894758698
O=C(NC1CCCCC1)Oc1cccc(C2=NCCO2)c1,-1.229575131902665
Cc1nc2c(-c3ccc(OC(F)(F)F)cc3)cnn2c(NCc2ccccn2)c1C,-1.6579920709826637
CN1CCc2nc(C#Cc3ccccc3)sc2C1=O,-1.4689428087667111
OC1(c2ccc(Cl)cc2)c2ccccc2C2=NCCN21,-1.9590023075765075
Cc1cc(N2CCOCC2)cc2[nH]c(-c3c(NCCc4ncn(C)c4Cl)cc[nH]c3=O)nc12,-1.4093587579877196
O=C(O[C@H]1C[N+]2(CCCOc3ccccc3)CCC1CC2)C1(C2=CC=CC2)CCCCCC1,-1.065931005569042
CCOC(=O)[C@H](CCc1ccccc1)N[C@@H](C)C(=O)N1[C@H](C(=O)O)C[C@H]2CCCC[C@@H]21,-0.7754847031725838
CCOc1ccc(-n2c([C@@H](C)N(Cc3cccnc3)C(=O)Cc3ccc(C(F)(F)F)cc3)nc3ccccc3c2=O)cc1,-2.244483394514991
COCCNCc1ccc(Nc2ncc3cc(-c4ccncc4)ccc3n2)cc1,-0.9833969924067856
CS(=O)(=O)c1ccc(-c2cc(C(F)(F)F)ccc2OCC(=O)O)cc1,-1.1641040589529887
CCC[C@@H](c1ccc(C(=O)O)c(Oc2cccc(Cl)c2)c1F)N1CCC[C@H](n2cc(C)c(=O)[nH]c2=O)C1,-2.0972901870301213
COc1cc(C)c2c(Oc3cccc(C(F)(F)F)c3)c(OC)cc(NC(C)CCCN)c2n1,-2.4562422768361434
Cc1noc(C)c1S(=O)(=O)Nc1c(N2CCC(Cc3ccccc3)CC2)c(=O)c1=O,-1.9590023075765075
Cc1cn([C@H]2C=C[C@@H](CO)O2)c(=O)[nH]c1=O,-0.0132148341533588
CN1C(=O)CCC1c1cc2[nH]c(-c3ccccn3)cc2cc1Oc1ccc(S(C)(=O)=O)nc1,-1.0559468995472738
C[C@@H]1CCCN1CCCOc1ccc(-c2cn[nH]c(=O)c2)cc1,-0.0968014529570216
CC1(C)NC(=O)C(c2ccc(F)c(C(F)(F)F)c2)C1=O,-1.1679192060382018
CN(C)c1ccc(-c2cc3nccnc3c(NCCCCN)n2)cn1,-0.9551076165256404
Cc1nn(C2CCCCC2)c(N)c1-c1ccccc1,-1.3405087991341442
Cc1ccc2c(c1)c(-c1ccnc3c(Cl)cccc13)c(C)n2CC(=O)O,-2.163414499962957
CCC(=O)N1CCC(NC(=O)Nc2ccc(OC(F)(F)F)c(F)c2)CC1,-2.04614370177502
C[C@@](C[C@H]1CN(c2ccc(C#CC3CC3)cc2)C(=O)O1)(C(=O)NO)S(C)(=O)=O,-0.8512123159436876
O=C(c1ccc(F)c(F)c1)N1CCN2C(=O)c3ccccc3C12c1ccc(Cl)cc1,-1.7962873593922926
COc1cnc2ccc(=O)n(C[C@@H](N)[C@H]3CC[C@H](NCc4ccc5c(n4)N=C(O)CO5)CC3)c2c1,-0.1547158736520084
CCCS(=O)(=O)c1ccc(C)c(C#Cc2cc(Cl)ccc2OCC(=O)O)c1,-2.3013775702979022
[N-]=[N+]=N[C@@H]1[C@@H](O)[C@H](n2cnc3c(N)nc(OC4CCCC4)nc32)O[C@@H]1CF,-0.7193988684630864
C[C@H]1C[C@@H](N2C(=N)N[C@](C)(c3cccc(NC(=O)c4cccc(C#N)c4)c3Cl)CC2=O)CCO1,-0.585459491770991
CN(C)CC(=O)N1CCn2c(c(C3CCCCC3)c3ccc(C(=O)O)cc32)-c2ccc(F)cc2C1,-1.678194516142461
CO[C@H]1CC[C@]2(CC1)Cc1ccc(-c3cncc(Br)c3)cc1C21N=C(C)C(N)=N1,-0.852755093385855
CC(C)Cc1ccc([C@@H](C)C(=O)N[C@H](C)C(=O)O)cc1,-1.3876400520322256
Nc1ncnc2c1C(=O)N(c1ccc(-c3cc(Cl)ccc3Cl)cc1)CCO2,-1.886457720046036
CCN1CCN(Cc2ccc(NC(=O)CNc3ccc(-c4ccc(NC(=O)C5CC5)nc4)cc3)cc2C(F)(F)F)CC1,-2.744920557572451
Cc1onc(-c2ccccc2Cl)c1C(=O)N[C@@H]1C(=O)N2[C@@H]1SC(C)(C)[C@@H]2C(=O)O,-1.2150975501133452
O=C(C[N+]12CCC(CC1)[C@@H](OC(=O)C1(C3=CC=CC3)CCCCCC1)C2)Nc1cnccn1,-1.1196151994096977
CN(C)c1ccc(-c2cc3nccnc3c(OC[C@H]3CCCNC3)n2)cn1,-0.9961088337630896
CCC1=C[C@H]2CN1CCc1c([nH]c3ccccc13)[C@@](C(=O)OC)(c1cc3c(cc1OC)N(C)[C@H]1[C@@](O)(C(=O)OC)[C@H](OC(C)=O)[C@]4(CC)C=CCN5CC[C@]31[C@@H]54)C2,-0.2999982007615326
O=C(C[N+]12CCC(CC1)[C@@H](OC(=O)C1(C3=CC=CC3)CCCCCC1)C2)Nc1ccon1,-0.7427535350926288
C[C@]1(O)C[C@H](NC(=O)c2cnc3nc(C4CC4)c(Cl)cc3c2)C1,-0.8512123159436876
CC(C)Oc1ccc(NC(=O)c2cc(N(C)Cc3ccc(F)cc3)ncn2)cc1,-2.8539960661891137
COC(=O)C(O/N=C(\C(=O)N[C@@H]1C(=O)N(OS(=O)(=O)O)C1(C)C)c1csc(N)n1)c1cc(=O)c(O)cn1O,-2.149114937904434
Cc1[nH]c(C(=O)N[C@@H]2CCN(c3ncc(C(=O)O)s3)CC23OCC2(CC2)CO3)c(Cl)c1Cl,-1.886457720046036
Cc1ccc(-c2cc3nc[nH]c(=O)c3c(NC[C@H]3CCCNC3)n2)cc1,-1.041388342235121
NC(=O)COc1ccc2c(c1)S(=O)(=O)N=C(c1c(O)c3cc(F)ccc3n(CCC3CC3)c1=O)N2,-2.699187205881913
c1cc2c3c(c1)C1(CCC1)CN3CCNC2,-0.6782131469059316
Cc1nccnc1-c1ccc(CC(=O)N[C@H](C)c2ccc(OCC(F)(F)F)cn2)cc1,-1.4819073984834683
CNC(=O)[C@@H](c1ccccc1)N1CCn2c(C3CC3)nc(Cl)c2[C@@H]1CCc1ccc(C(F)(F)F)cc1,-1.9590023075765075
CCOc1cc2ncc(C(N)=O)c(Nc3ccc(F)c(Cl)c3)c2cc1N1CCN(C)CC1,-1.452647491285702
O=C(O)c1ccc(-c2ccc(O[C@H]3O[C@H](CO)[C@@H](O)[C@H](O)[C@@H]3O)cc2Cl)cc1,-0.7674358591132167
Cc1ccc(F)cc1Cn1c(N2CCC[C@@](C)(N)C2)cc2c1c(=O)n(C)c(=O)n2C,-1.3014558129408076
COc1ncnc(Cn2cc(C(=O)NCCF)c3ncccc32)c1C,-1.0047949259945153
COc1cnc2ccc(=O)n(C[C@H](N)[C@H]3CC[C@H](NCc4ccc5c(n4)NC(=O)CO5)CC3)c2c1,-0.1077829212655617
Nc1nc(C(F)(F)F)cc2c1[nH]c(=O)n2Cc1ccccc1,-1.1491700401514695
CC(=O)NCCCS(=O)(=O)O,-0.0211907958684493
CN1CCN2c3ncccc3Cc3ccccc3C2C1,-0.8214546854889927
Cc1oncc1C(=O)Nc1ccc(C(F)(F)F)cc1,-0.9045297466411047
CS(=O)(=O)c1cc(CNC(=O)c2cncc3c2cnn3-c2ccc(F)cc2)ccn1,-0.5837923388097694
CC(C)c1nnc(NC(=O)NC23CC4CC(CC(C4)C2)C3)o1,-2.0972901870301213
COc1ccnc(-c2nc(N3CC[C@@H](NC(=O)c4[nH]c(C)c(Cl)c4Cl)[C@@H](OC)C3)sc2C(=O)O)n1,-1.432221038427818
C[C@H](Nc1nc(C(=O)N2CCCC2)c2sccc2n1)c1cccnc1,-0.8214546854889927
O=C(N[C@@H](c1ccccn1)C1CC1)c1ccc2[nH]nc(-c3ccc(N4[C@H]5CC[C@H]4CC(O)C5)cc3)c2c1,-1.6386877748976718
O=C(N[C@H]1CCCC[C@@H]1O)c1cc(CN2CCN(c3cc4ccccc4cn3)CC2)c2ccccn2c1=O,-1.0559468995472738
CN1CCc2c(c3ccccc3n2Cc2ccccc2)C1,-0.0177106717340002
C[C@@](C(=O)O[C@H]1C[N+]2(CCc3ccccc3F)CCC1CC2)(c1cccs1)N1CCCCC1,-2.5231683714877318
Cc1c(Cc2ccc(=O)n(Cc3ccc(F)cc3F)n2)c2ccccc2n1CC(=O)O,-1.678194516142461
CN(C)CCC(c1ccc(Br)cc1)c1ccccn1,-0.5517266447926501
O=C1CN(/N=C/c2ccc([N+](=O)[O-])o2)C(=O)N1,-0.4252455106531853
Cc1cc(Nc2ccc(C(C)(C)C)cc2)n2ncnc2n1,-1.1615791206591135
CC(C)(CO)Cn1nc(-c2ccc3nc(OC4CC4)ccc3c2)c(C(N)=O)c1N,-1.041388342235121
Cc1cnc(NC(=O)C2C(=O)c3ccccc3S(=O)(=O)N2C)s1,-2.2760766255386824
Nc1cc(F)c(S(=O)(=O)N2CCC(O)CC2)cc1C(=O)Nc1ccc(F)c(C(F)F)c1,-1.523298766322403
CC(C)(C[C@H]1CN(S(=O)(=O)c2cccc(C(F)(F)F)c2)c2cc(-c3cc(F)cc(OC(F)F)c3)ccc2O1)C(=O)O,-1.3472123374569849
Cc1cc(Nc2ccc(C(F)(F)F)cc2)n2ncnc2n1,-0.8798572871775411
CS(=O)(=O)c1ccc(-c2ccc3c(Nc4ccc(F)cc4)c(C(N)=O)cnc3c2)cc1,-1.854275425119336
CCc1cc(C(N)=S)ccn1,-0.1547158736520084
C[C@@H](O[C@H]1OCCN(Cc2nc(=O)n(P(=O)(O)O)[nH]2)[C@H]1c1ccc(F)cc1)c1cc(C(F)(F)F)cc(C(F)(F)F)c1,-1.2928558116575553
C=CCn1c(=O)c2cnc(Nc3ccc(N4CCN(C)CC4)cc3)nc2n1-c1cccc(C(C)(C)O)n1,-0.4417247403330895
O=c1cc(N2CCOCC2)nc(NCc2cccc(Cl)c2)[nH]1,-1.1461223898866706
FC(F)(F)c1ccc(Oc2ccc(-c3noc(-c4ccc5[nH]ccc5c4)n3)cc2)cc1,-1.721658030939094
Cc1nsc(-c2nnc3n2CCN(C(=O)c2ccc(F)cc2)[C@@H]3C)n1,-0.306416664530945
Cc1nn(C)c(C)c1NS(=O)(=O)c1c(Cl)cc(-c2ccnc(N3CCNCC3)c2)cc1Cl,-0.7427535350926288
CC1=C(/C=C/C(C)=C/C=C/C(C)=C\C(=O)O)C(C)(C)CCC1,-2.699187205881913
COC(=O)N(C)c1c(N)nc(-c2nn(Cc3ccccc3F)c3ncccc23)nc1N,-1.1635978955524209
CN(C)CCNc1cc(-c2ccncc2)nc2ccccc12,-0.8441852876872613
CCOC(=O)Nc1ccc2c(c1)N(C(=O)CCN1CCOCC1)c1ccccc1S2,-0.9756164732969914
OCCOCc1cn(CCNc2nonc2/C(=N/O)Nc2ccc(F)c(Br)c2)nn1,-1.3761420899515804
O=[N+]([O-])c1ccc(C2=NOC(c3ccc(N4CCOCC4)nc3)C2)o1,-1.4689428087667111
CCO/N=C(\C(O)=N[C@@H]1C(=O)N2C(C(=O)O)=C(Sc3nc(-c4cc[n+](C)cc4)cs3)CS[C@H]12)c1nc(=NP(=O)(O)O)s[nH]1,-0.0968014529570216
O=[N+]([O-])c1cn2c(n1)OC[C@H](Oc1ccc(OC(F)(F)F)cc1)C2,-0.8272453257258323
Cc1cc(N=c2nc(Sc3ccc(NC(=O)CN4CC[C@@H](C(=O)N5CCC(F)(F)C5)C4)cc3)[nH]n3cccc23)n[nH]1,-1.9590023075765075
CCCOc1cccc(-c2c(F)c(F)c(NC(=O)c3c(O)nn4ccccc34)c(F)c2F)c1,-3.0
CN[C@@H](C)C(=O)N[C@H](C(=O)N[C@H]1CCN(Cc2ccccc2)C1)C1CCCCC1,-0.290739793794935
COc1ncc(-c2cc(-c3ncc(CN4C[C@@H](C)O[C@@H](C)C4)o3)c3cn[nH]c3c2)cc1NS(C)(=O)=O,-0.9961088337630896
CNc1nccc(N2CC[C@H](NC(=O)Nc3ccc(CN4CCN(C)CC4)c(C(F)(F)F)c3)C2)n1,-0.9035210209461976
COc1ccc2ncc(F)c([C@@H](O)CC[C@@H]3CCN(C4CC(c5cc(F)ccc5F)C4)C[C@@H]3C(=O)O)c2c1,-1.2600639181842257
O=C(NCC1(N2CCN(c3ccccc3)CC2)CCOCC1)c1cccnc1Sc1ccccc1,-1.6386877748976718
CCP(=O)(OC)c1ccc2oc(-c3ccc(F)cc3)nc2c1,-0.8512123159436876
CNC(=O)[C@H](C)Cn1cnc2ccc(-c3cnc(OC)c(NS(=O)(=O)c4ccc(F)cc4Cl)c3)cc2c1=O,-1.824314271737916
CC1(C)CCN1Cc1cccc(F)c1CNc1cc(F)c(S(=O)(=O)Nc2cscn2)c(F)c1,-1.678194516142461
Clc1ccc2c(c1)CCc1cccnc1C2=C1CCNCC1,-0.8148611925190401
O=C1NC(=O)C(CCC(=O)N2CCN(c3cc(Cl)cc(Cl)c3)CC2)(C2CC2)N1,-1.2150975501133452
COc1ccc(C(=O)O[C@@H](Cc2c(Cl)c[n+]([O-])cc2Cl)c2ccc(OC(F)F)c(OCC3CC3)c2)cc1OC,-2.648058823646388
CCCS(=O)(=O)Nc1ccc(F)c(C(=O)c2c[nH]c3ncc(-c4ccc(Cl)cc4)cc23)c1F,-2.620042170655314
CNC(=O)c1cc(Oc2ccc3nc(N[C@@H]4CCCC[C@@H]4O)sc3c2)ccn1,-1.4952709483787436
C[C@H]1Cc2[nH]nc(-c3ccccc3)c2CN1C(=O)Nc1cccc(Cl)c1,-2.0972901870301213
N=C(N)c1ccc(CNC(=O)[C@@H]2CCCN2C(=O)[C@@H](NCC(=O)O)C(c2ccccc2)c2ccccc2)s1,-0.3078775116584106
COc1ccc(C[C@H](C)NC[C@@H](O)c2ccc(O)c(NC=O)c2)cc1,-0.2618434032664168
CCNC(=O)c1cc(-c2ccc(NC(=O)[C@H](O)c3cc(F)cc(F)c3)cc2C)cnc1N,-1.6993827801934176
CSc1cn2c(-c3cn[nH]c3)cnc2c(Nc2cc(C)ns2)n1,-2.1552743720267773
CCOc1ccc2cc(-c3nn(CC4CC4)c(N)c3C(N)=O)ccc2c1,-1.2928558116575553
OCCNc1nonc1/C(=N/O)Nc1ccc(F)c(Br)c1,-1.6202051567230198
CC(C)N1CC[C@H](NC(=O)c2cc(-c3ccc(F)cc3F)on2)[C@@H](C(=O)NC2(c3ncccn3)CC2)C1,-0.5690691375098257
Cc1nn(-c2nc(-c3ccc(Cl)c(Cl)c3)c(SC(C)C)s2)c(C(=O)O)c1-c1cc(Cl)cc(Cl)c1,-1.5532609546660656
Fc1ccc(NC(=S)N2CCN(c3ccnc4cc(Cl)ccc34)CC2)cc1,-1.172219440660008
CCNC(=O)Nc1nc2cc(-c3cccnc3)c(=O)n(CC3CCOCC3)c2s1,-0.8512123159436876
O=C(O)c1cn(Cc2ccc(-c3ccccc3)cc2)c2c(c1=O)C(=O)CCC2,-1.0609102622966615
CO[C@@]1(NC(=O)C2SC(=C(C(N)=O)C(=O)O)S2)C(=O)N2C(C(=O)O)=C(CSc3nnnn3C)CS[C@@H]21,-0.9512126076103684
O=C(CCNC(=O)c1ccc(OC(F)(F)F)cc1)N[C@@H]1CCCc2ccccc21,-1.9590023075765075
C[C@@H]1[C@H](c2c(F)ccc(F)c2F)C[C@H](NC(=O)c2cnc3c(c2)C[C@@]2(C3)C(=O)Nc3ncccc32)C(=O)N1CC(F)(F)F,-1.456229983899692
CC1(C)C(=O)NC(=O)N1c1ccc(F)c(C(F)(F)F)c1,-0.4819192545368823
CC(CCc1ccccc1)NCC(O)c1ccc(O)c(C(N)=O)c1,-0.3579690012614739
COc1cc(N=C(O)c2ccccn2)ccc1F,-1.2844228080425482
COc1cc(Nc2ncc(F)c(N=c3ccc4c([nH]3)N(COP(=O)(O)O)C(=O)C(C)(C)O4)n2)cc(OC)c1OC,-1.7962873593922926
Cc1ccc(-c2ncc(Cl)cc2-c2ccc(S(C)(=O)=O)cc2)cn1,-1.0850293943434324
N#Cc1cnc2ccc(F)cc2c1N1CCC(C(=O)Nc2ccc(S(N)(=O)=O)cc2)CC1,-1.18751446704095
OC[C@H]1O[C@@H](n2cnc3c2NC=NC[C@H]3O)C[C@@H]1O,-0.0171145481462457
Cc1onc(-c2c(Cl)cccc2Cl)c1C(O)=N[C@@H]1C(=O)N2[C@@H]1SC(C)(C)[C@@H]2C(=O)O,-1.4689428087667111
O=C(Nc1cc(-c2cc3c([nH]2)C2(CCNC2)CNC3=O)ccn1)c1ccc2ccccc2c1,-2.5231683714877318
C[C@]1(c2nc3c(C(N)=O)cccc3[nH]2)CCCN1,-0.2288462953109637
COc1ccc(C(CN(C)C)C2(O)CCCCC2)cc1,-0.1221822227317392
FC(F)(F)c1ccc(CNc2ccc(Cc3c[nH]c4ncc(Cl)cc34)cn2)cn1,-2.661778646869745
Nc1nc(-c2ccccn2)nc(N)c1Cc1ccc(Cl)cc1Cl,-1.8272190678846332
CCOc1cc(C(O)=N[C@H](Cc2ccc(-c3cccc(OC(F)(F)F)c3)nc2)C(O)=N[C@@H]2CCNC2)ccc1C,-1.9590023075765075
CN[C@@H](C)C(=O)N[C@H](C(=O)N[C@H]1CCCN(CCc2ccccc2OC)C1)C(C)(C)C,-0.587972282609552
CCOc1ccc2cc(-c3nn(CC(C)(C)CO)c(N)c3C(N)=O)ccc2c1,-1.2150975501133452
CCOc1cc2ncc(C(N)=O)c(Nc3cc(C)ccc3F)c2cc1N1CCN(C)CC1,-1.2108467423745437
CCc1ccc(/C=C/C(=O)NC2=NCCS2)cc1,-1.4563540467667528
C[C@H](CO)Nc1cc(C(=O)NS(C)(=O)=O)nc(SCc2ccccc2)n1,-1.1491700401514695
O=C(C[N+]12CCC(CC1)[C@@H](OC(=O)C1(C3=CC=CC3)CCCCCC1)C2)Nc1ccncn1,-0.9551076165256404
CC(C)N1CCC(N(C(=O)Cc2ccccc2)c2ccc(Cl)cc2)CC1,-0.4287245144730304
O=C1N=S(=O)(Nc2ccccc2)c2ccccc21,-1.051039620558696
CS(=O)(=O)NC(=O)CCCc1c(-c2ccc(F)cc2)[nH]c2ccc(C#N)cc12,-1.854275425119336
Cc1c(Cc2ccc(C(F)(F)F)nc2)c[nH]c1C(=O)N1CCC1,-0.4664071345816988
[3H]C(C1=C(C)c2ccc(OCc3ccc(CCC)cc3OC)cc2CC1)N1CC(C(=O)O)C1,-1.4819073984834683
O=C(CCS(=O)(=O)c1ccc(Br)cc1)Nc1ccc2c(c1)OCO2,-1.889811102843363
CN(C)[C@@H]1C(O)=C(C(N)=O)C(=O)[C@@]2(O)C(O)=C3C(=O)c4c(O)c(NC(=O)CN5CCCC5)cc(F)c4C[C@H]3C[C@@H]12,-0.6454602670012315
CCCOc1ccccc1NC(=O)c1ccccc1NS(=O)(=O)C1CC1,-0.0065571559311934
CCC1=C(C)CN(C(=O)NCCc2ccc(S(=O)(=O)NC(=O)N[C@H]3CC[C@H](C)CC3)cc2)C1=O,-1.678194516142461
Cn1cc(Cl)c(C(=O)N2CCN(CC(=O)c3ccc(F)cc3)CC2)n1,-0.5076727249063073
Cc1noc(C)c1S(=O)(=O)Nc1c(N2CCC(CCc3ccccc3)CC2)c(=O)c1=O,-1.9590023075765075
CCOC(=O)C1=C(C)NC2=C(C(=O)CC(C)(C)C2)C1c1ccc(-c2ccccc2)cc1,-2.5689097666353824
COc1ccc(C[C@@H](C)NC[C@H](O)c2ccc(O)c(NC=O)c2)cc1,-0.260695283962796
CCOC(=O)C1=C(C)N/C(=C/c2cc(C)n(-c3cccc(OC)c3)c2C)C1=O,-1.1942477451993276
COc1ccc(-c2nc3c(NCCCNC(=O)C4(CN)CC4)c(Br)cnc3[nH]2)cc1,-1.5189775360099855
c1cnn2ncc(-c3ccncc3)c2c1,-0.8512123159436876
Nc1noc2ccc(-n3nc(C(F)(F)F)c4c3C(=O)N(c3ccc(-c5ccccc5CN5CC[C@@H](O)C5)cc3)CC4)cc12,-1.5090587946432126
Cc1c(Cc2ccc(=O)n(Cc3ccc(C(F)(F)F)cc3)n2)c2cc(F)ccc2n1CC(=O)O,-1.678194516142461
N[C@@H](Cc1cc(I)c(Oc2cc(I)c(O)c(I)c2)c(I)c1)C(=O)O,-2.8478401279147763
O=C(NOCCO)c1ncc2cncn2c1Nc1ccc(I)cc1F,-1.041388342235121
Nc1nc(Cl)nc2c1ncn2[C@@H]1O[C@H](CO)[C@@H](O)[C@@H]1F,-0.2755764216488491
Cc1nnc(-c2ccc(N3CCC(Oc4cc(F)ccc4Cl)CC3)nn2)o1,-1.7239497066643057
Cc1ccc(C(=O)O)cc1N1CCN(c2c(C)n[nH]c2C)CC1,-1.5090587946432126
Cc1nnc(NS(=O)(=O)c2ccc(N)cc2)s1,-1.1272243813092746
CC(C)C[C@@H]1C(=O)N[C@H](C2Cc3ccccc3C2)C(=O)N1[C@@H](C(=O)N1CCOCC1)c1ccc(N(C)C)nc1,-0.5218665718994825
CCC(CC)CC1(O)CCN(C(=O)Nc2cc(Oc3ccncc3)cc(Oc3ccc(F)cc3)c2)CC1,-2.5231683714877318
Cc1noc2c1-c1ccccc1C(c1ccc(Cl)cc1)=N[C@H]2CC(N)C(F)(F)F,-1.9590023075765075
O=C(O)c1ccc(NC(=O)[C@H](CC2CCCC2)n2cnc(C(F)(F)F)c2)nc1,-0.8831598975873358
O=c1cc(O)oc2c1c(=O)n(-c1ccccc1)c1ccccc21,-1.714854678520762
Cc1cn([C@H]2CCCN(S(=O)(=O)c3ccc(C(=O)O)c(Oc4cccc(Cl)c4)c3)C2)c(=O)[nH]c1=O,-1.3876400520322256
N#Cc1ccc2ccc(=O)n(CCN3CC[C@H](NCc4cc5c(cn4)OCCO5)[C@H](F)C3)c2c1,-0.6007590583075443
COCCOc1cc(NC(=O)N2CCCc3cc(CN4CCN(C)CC4=O)c(C=O)nc32)ncc1C#N,-0.9176455486690313
NC(=O)OC[C@@H]1[C@H](NC(=O)/C(=N\OCC(=O)O)c2csc(N)n2)C(=O)N1S(=O)(=O)O,-0.1424986441018711
Cc1ccc(-c2nc3ccccc3[nH]2)cc1NC(=O)c1ccc(OCc2ccccn2)cc1,-1.9590023075765075
O=C(O)c1cn(Cc2ccc(-n3cccn3)cc2)c2ccsc2c1=O,-0.8512123159436876
C=Cc1ccc(Nc2cc(C)nc3ncnn23)cc1,-0.8045320903977445
O=C(O)c1cn(Cc2ccc(-n3ccc4cccnc43)cc2)c2cccc(F)c2c1=O,-1.886457720046036
Cc1cc(Oc2ncc(C(F)(F)F)cc2Cl)ccc1CC1SC(=O)NC1=O,-2.796042908318748
CN[C@@H](C)C(=O)N[C@H]1CCC[C@H]2C[C@H]3CCN(CC(C)c4ccccc4)C[C@H]3N2C1=O,-0.7427535350926288
N=C1NC(=O)C(c2ccccc2)O1,-0.1547158736520084
N#Cc1ccc(-c2ccc(N3CCOc4ncnc(N)c4C3=O)cc2)c(Cl)c1,-1.027302033420102
N#CC1(c2ccccn2)CCN(Cc2cc(C(=O)NC3CCCCC3)c(=O)n3ccccc23)CC1,-1.174353220625973
Cc1cc(Nc2ccc3sccc3c2)n2ncnc2n1,-0.9875930664174024
CO[C@H]1C[C@H](O[C@H]2[C@H](C)[C@@H](O[C@@H]3O[C@H](C)C[C@H](N(C)C)[C@H]3OC(C)=O)[C@@H](C)C[C@@]3(CO3)C(=O)[C@H](C)[C@@H](OC(C)=O)[C@@H](C)[C@@H](C)OC(=O)[C@@H]2C)O[C@@H](C)[C@@H]1OC(C)=O,-0.3264915921044423
C[C@H]1[C@H](NC(=O)/C(=N\OC(C)(C)C(=O)O)c2csc(N)n2)C(=O)N1C(=O)NS(=O)(=O)N1C[C@@H](NC(=O)N(C)Cc2cc(=O)c(O)cn2O)CC1=O,-0.5837923388097694
O=S(=O)(Nc1ccccc1Cl)c1ccc(N=C(O)c2ccccn2)cc1Cl,-2.699187205881913
COc1cc(C(=O)Nc2ccc(NC(=O)c3ccccc3)cc2)c(N)cc1O,-1.92121703980304
O=C1CCc2cc(-c3cncc4ccccc34)ccc2N1,-1.4345748799673852
O=C(N[C@H](CO)c1ccc(Cl)c(F)c1)N1CCc2cnc(NC3CCOCC3)nc2C1,-0.8010880459892938
CC(C)(C)NS(=O)(=O)c1cncc(-c2ccc3nc(NC(=O)NCC(=O)N4CCOCC4)nn3c2)c1,-0.3369210979371196
CC(Nc1ccc(F)cc1)c1cc(C(=O)N(C)C)cn2c(=O)cc(N3CCOCC3)nc12,-0.6761499961531976
CN[C@@H]1CCc2[nH]c3ccc(C(=N)O)cc3c2C1,-0.4551261567651986
c1ccc(Nc2nc(-c3cn[nH]c3)cs2)nc1,-1.4441199353631946
CCO[C@H]1CN([C@H]2CC[C@@](O)(c3ccc4c(c3)OCO4)CC2)C[C@@H]1NC(=O)CNC(=O)c1cccc(C(F)(F)F)c1,-0.1190492837433591
C[C@H]1[C@H](F)C[C@@H](C(=O)NCc2cc(-c3cnc(C(F)(F)F)nc3)ncn2)N1S(=O)(=O)c1ccc(F)cc1,-1.4093587579877196
NC(=O)c1cc[n+](CC2=C(C(=O)O)N3C(=O)[C@H](NC(=O)C(c4ccccc4)S(=O)(=O)O)[C@@H]3SC2)cc1,-0.1133795698723098
CC[C@H]1CN(Cc2cc(Cl)ccc2OCC(=O)O)CCN1S(=O)(=O)c1ccccc1,-2.102752394955559
COc1cccc2c1C(=O)c1c(O)c3c(c(O)c1C2=O)C[C@@](O)(C(=O)CO)C[C@@H]3O[C@H]1C[C@H](N)[C@@H](O)[C@H](C)O1,-0.6343834305649384
COc1ccc(NC(=O)c2ccc(C(=N)N(C)C)cc2)c(C(=O)Nc2ccc(Cl)cn2)c1,-0.2215593164287672
O=C(Nc1cccc(N2CCCCC2=O)c1)c1ccccc1Br,-0.7427535350926288
N#Cc1ccc2nnc(C(=O)N3CCC(c4cccc(F)c4C(F)(F)F)CC3)n2c1,-1.5090587946432126
Fc1cc2ncn([C@H]3C[C@@H]4[C@@H](CNC(c5ccc(Cl)cc5)C(F)(F)F)[C@@H]4C3)c2cc1F,-2.5231683714877318
CCC(NC(=O)c1ccc(Cl)cc1)[C@H]1[C@@H]2C[C@@H](n3cnc4c(F)cc(F)cc43)C[C@@H]21,-2.1552743720267773
CCS(=O)(=O)CCn1c([N+](=O)[O-])cnc1C,-0.0554581099125212
O=C(NCC12CC3CC(CC(C3)C1)C2)c1cc(C(=O)N2CC3CNCC(C2)O3)ccc1Cl,-0.5093516950954762
O=C(c1cccc(N2Cc3cccc(Cl)c3C2=O)c1)N1CCC2(CC1)CCN(c1ccncc1)CC2,-1.97920381189548
COc1ccc2cccc(CCNC(C)=O)c2c1,-1.0255499326333122
Cc1c(-c2ccc3c(c2)CNC3)ccc2c3ocnc3c(=O)n(C3CC3)c12,-0.1162051746101773
CC(=O)N1CCN(CCOc2ccc(C3(O)CCN(c4ccc5nnc(C(F)(F)F)n5n4)CC3)cc2)CC1,-0.7674358591132167
Cc1cc(C2CCN(C(=O)[C@@H]3C[C@](C)(N)C[C@H]3c3ccc(F)cc3F)CC2)n(-c2ccc(F)c(Cl)c2)n1,-1.1553302613868628
CC(C)(C)c1ccc(NC(=O)N2CCN(c3ccc(C#N)cn3)CC2)cc1,-1.9590023075765075
CCN(CC)CCOc1ccc2c(c1)C(=O)c1cc(OCCN(CC)CC)ccc1-2,-0.2858524641754834
Cn1cnc(S(=O)(=O)N2C[C@@H]3[C@H](C2)[C@@]3(CNC(=O)c2c(Cl)cccc2Cl)CC2CC2)c1,-1.091944125901233
CC(C)(O)c1cn(-c2ccc(-c3cccc(S(C)(=O)=O)c3)cc2)c(C(C)(C)c2ccccc2Cl)n1,-1.7829242211343628
c1cc(-c2ccc3ncnc(Nc4ccncc4)c3c2)cc(N2CCOCC2)c1,-1.886457720046036
COc1ncc(-c2cccc(C)c2CCNC(=O)c2ccc(OCCC(F)(F)F)nc2)cn1,-2.2222108125651343
CC(=O)NCc1cccc(C(=O)O)c1,-0.768452936713113
COc1ccc2ncc(=O)n(CCN3CC[C@H](NCc4ccc5c(n4)NC(=O)CO5)[C@@H](F)C3)c2c1,-1.3876400520322256
CN(C)c1cc(NC(=O)CNC(C)(C)C)c(O)c2c1C[C@H]1C[C@H]3[C@H](N(C)C)C(O)=C(C(N)=O)C(=O)[C@@]3(O)C(O)=C1C2=O,-0.614558449968048
CN1[C@H]2CCC[C@H]1CC(NC(=O)c1nn(C)c3ccccc13)C2,-0.4551261567651986
COc1cc2ccc(Br)cc2cc1[C@@H](c1cccc(OC)c1F)[C@@](O)(CCN(C)C)c1cccc2c1CCC2,-3.0
Cc1ncc(NC(=O)c2cc(NC(=O)c3cc(F)cc(C(F)(F)F)c3)ccc2Cl)s1,-2.347125402250531
COc1cc2c(cc1Cc1cccc(Cl)c1F)c(=O)c(C(=O)O)cn2[C@H](CO)C(C)C,-1.7962873593922926
O=C1CC(=O)N(CCc2ccccc2)C(=O)N1CCc1ccccc1,-0.9961088337630896
COC(=O)Nc1c(N)nc(-c2nn(Cc3ccccc3F)c3ncc(F)cc23)nc1N,-1.6173195884389362
Cc1nc2ccc3c(=O)cc(-c4ccc(N5CCCC5)cc4)oc3c2[nH]1,-2.782687175198669
CCN=C(O)Nc1cc(-c2nc(C(F)(F)F)cs2)c(-c2cncc(C(=N)NO)c2)cn1,-0.4551261567651986
O=[N+]([O-])c1ccc(C(O)=Nc2ccc(S(=O)(=O)N3CCC(Cl)CC3)cc2)o1,-1.9590023075765075
O=C(Nc1ccc(Cl)c(C(=O)Nc2cncs2)c1)c1cccc(C(F)(F)F)c1,-2.3013775702979022
COc1cnc(-c2ccccn2)nc1NC(C)C,-0.6486362710324961
C[C@@H](Oc1cc2onc(CCC(=O)O)c2cc1Cl)c1ccc(F)cn1,-1.7451378557193975
C#CCN(C)[C@H](C)Cc1ccccc1,-0.7588855384712565
Cc1n[nH]c(C)c1N1CCN(c2cc(C(=O)O)ccc2C(=O)O)CC1,-0.6007590583075443
COc1cc2ncc(C(N)=O)c(Nc3cc(C)ccc3F)c2cc1OC,-1.4345748799673852
CN(C)C/C=C/C(=O)Nc1cc2c(Nc3ccc(F)c(Cl)c3)ncnc2cc1O[C@H]1CCOC1,-1.2263483973345777
CC(/N=C(\NC#N)Nc1ccncc1)C(C)(C)C,-0.3115690537934004
COc1ccc(CN2CCCN(Cc3ccccc3)[C@@H](C)C2)cc1,-0.0069978399271773
C[C@@H]1CN(c2ccc3c(n2)NC(=O)CO3)[C@H](c2ccccc2)CO1,-0.8214546854889927
Cc1c(-c2cnc(N3CCCN(C)CC3)nc2)ccc2c(Nc3cnccn3)ccnc12,-0.7427535350926288
CC(C)(C)c1ccc2c(c1)CC[C@H]2NC(=O)Nc1cccc2[nH]ncc12,-2.495148701819465
COCC[C@H](c1ccc(-c2c(-n3cnnn3)ccc(Cl)c2F)c[n+]1[O-])n1cc(-c2cnnn2C)cn1,-0.4819192545368823
COc1ccc2ccc(=O)n(CCN3CC[C@@H]4[C@H](C3)OC(=O)N4c3ccc4c(n3)NC(=O)CO4)c2n1,-0.0069978399271773
CCOc1cc2nnc(C(N)=O)c(Nc3cc(C)ccc3F)c2cc1N1CCN(C)CC1,-0.9658020410471084
Cc1nc(C)c(-c2ccc(-c3ccc(CC(=O)O)cc3Cl)cc2)nc1C(N)=O,-1.7962873593922926
C[C@@H]1[C@H](c2ccccc2)C[C@H](NC(=O)c2cnc3c(c2)C[C@@]2(C3)C(=O)Nc3ncccc32)C(=O)N1CC(F)(F)F,-0.8831598975873358
COC(=O)[C@@H]1[C@H]2C[C@H]3c4[nH]c5ccccc5c4CCN3C[C@@H]2CC[C@@H]1O,-0.7427535350926288
CC(C)N(CCCNC(=O)Nc1ccc(C(C)(C)C)cc1)C[C@H]1O[C@@H](n2ccc3c(N)ncnc32)[C@H](O)[C@@H]1O,-0.695511195620733
CC1(C)[C@H](O)CC[C@H]1Nc1c(C(N)=O)cnn2cccc12,-0.7674358591132167
C[C@H]1[C@H](NC(=O)/C(=N\OC(C)(C)C(=O)O)c2csc(N)n2)C(=O)N1C(=O)NS(=O)(=O)N1C[C@@H](NC(=O)[C@H](CCS(C)(=O)=O)NC(=O)c2cc(=O)c(O)c[nH]2)CC1=O,-0.6761499961531976
O=C(Nc1cc(C(F)(F)F)no1)NC12CC3CC(CC(C3)C1)C2,-2.3013775702979022
O=C(N[C@H]1CC[C@H](O)CC1)C1CCC(CCc2ccccc2)C1,-1.6256678231465869
OC[C@H]1O[C@H](Oc2ccc(-n3ccc4ccccc43)cc2F)[C@@H](O)[C@@H](O)[C@@H]1O,-1.678194516142461
C[C@](O)(CNC(=O)c1nc(C(F)(F)F)c(C(F)(F)F)cc1N)C(F)(F)F,-1.824314271737916
CCCN1CCCC[C@H]1C(O)=Nc1c(C)cccc1C,-1.2150975501133452
NC1=NC2NC=C(CCc3ccc(C(=O)N[C@@H](CCC(=O)O)C(=O)O)cc3)C2C(=O)N1,-0.7193988684630864
O=C1CCc2ccccc2N1CCCN1CCN(c2ccccc2)CC1,-1.4689428087667111
Cc1ccc(-n2nc(C(C)(C)C)cc2NC(=O)Nc2ccc(-c3cnco3)cc2)cc1,-2.824053529904458
CCC1(c2ccccc2)C(=O)NCNC1=O,-0.0968014529570216
Cc1ccn(-c2ccc(Cn3cc(C(=O)O)c(=O)c4cccnc43)cc2)n1,-1.886457720046036
COc1cc2nnc(C(N)=O)c(Nc3ccc(F)cc3F)c2cc1N1CCN(C)CC1,-1.019064464835975
CCN1CCN(c2ncc(-c3ccc4c(Nc5cnccn5)ccnc4c3)cn2)CC1,-1.2150975501133452
COC[C@H](O)Cn1c(=O)cnn(-c2ccc(Cl)c(C(=O)NCC3(O)CCCCCC3)c2)c1=O,-0.4648226993580809
Nc1nc2c(ncn2COC(CO)CO)c(=O)[nH]1,-0.0065571559311934
COc1cccc(F)c1CNc1ccc(-c2cnc(C)nc2C)c2nncn12,-0.8831598975873358
Cc1cc(C(=O)Cn2cc(C(F)(F)F)ccc2=O)c(C)n1Cc1ccccc1,-1.7699600188420606
CCn1c(=O)[nH]c(=O)c2c1nc(Sc1nc3ccccc3[nH]1)n2Cc1ccccc1,-1.5090587946432126
COCCOc1ccc(N(Cc2cnccc2C)C2CCN([C@H](C)CCNC(=O)c3c(C)cc(Cl)nc3C)CC2)cc1,-0.8214546854889927
C[C@H](O)c1nccn1Cc1cc(-c2ccc(C#CCCCO)cc2)on1,-1.4952709483787436
C=CC1=C(C(=O)O)N2C(=O)[C@@H](NC(=O)/C(=N\OCC(=O)O)c3csc(N)n3)[C@H]2SC1,-0.4124419627381279
C[C@H]1[C@H](NC(=O)/C(=N\OC(C)(C)C(=O)O)c2csc(N)n2)C(=O)N1C(=O)NS(=O)(=O)n1nc(-c2cc(=O)c(O)c[nH]2)n(CCCNS(C)(=O)=O)c1=O,-1.091944125901233
Cc1noc(Cn2nc3ccc(-c4ccc(OC(F)(F)F)cc4)cn3c2=O)n1,-1.2928558116575553
COC(=O)[C@H](c1ccccc1)[C@H]1CCCCN1,-0.0629161177601816
Cc1cc(N2CCOCC2)cc2[nH]c(-c3c(NC[C@@H](O)c4cccc(Cl)c4)cc[nH]c3=O)nc12,-1.4885377747177135
CCC#CC[C@H](C)[C@H](O)/C=C/[C@H]1CC(F)(F)C(=O)N1CCCCCCC(=O)O,-0.3802974142854176
N#Cc1ccc(NCC(F)(F)c2ccccc2)c(F)c1CC(=O)NCCONC(=N)N,-1.1942477451993276
Cc1[nH]c2cc([C@@H]3CCCCN3C(=O)c3c(Cl)cccc3NS(C)(=O)=O)nn2c(=O)c1C,-1.2680327014847186
CCCCCCCO[C@H]1O[C@H](CO)[C@@H](O)[C@H](O)[C@@H]1O,-0.7193988684630864
CNC(=O)c1nn(C)c2c1C(C)(C)Cc1cnc(Nc3ccc(OC4CCN(C)CC4)cc3)nc1-2,-3.0
Cc1cc(Cl)nc(C)c1C(=O)NCC[C@@H](C)N1CCC(N(Cc2ccsc2)C(=O)CC2CCOCC2)CC1,-0.0968014529570216
CN(C)CC/C=C1\c2ccccc2COc2ccccc21,-0.6718490220401534
Nc1ccn([C@@H]2O[C@H](CO)[C@@H](O)C2(F)F)c(=O)n1,-0.089702879796783
CS(=O)(=O)CCNCc1ccc(-c2ccc3ncnc(Nc4ccc(OCc5cccc(F)c5)c(Cl)c4)c3c2)o1,-2.1370521037894465
COc1cc(O)c2c(c1)/C=C/C[C@H](O)[C@H](O)C(=O)/C=C\C[C@H](C)OC2=O,-1.8272190678846332
CN(C)c1cc(N=C(O)CNC(C)(C)C)c(O)c2c1C[C@H]1C[C@H]3[C@H](N(C)C)C(O)=C(C(=N)O)C(=O)[C@@]3(O)C(O)=C1C2=O,-1.3191842176343007
O=c1cc(-c2ccccc2)ccn1-c1ccc2c(cnn2CCN2CCCC2)c1,-0.768452936713113
C1=C/COCc2cc(ccc2OCCN2CCCC2)Nc2nccc(n2)-c2cccc(c2)COC/1,-1.678194516142461
CO[C@@H]1CN(CCn2c(=O)ccc3ccc(C#N)cc32)CC[C@H]1NCc1ccc2c(n1)NC(=O)CO2,-0.5630787958768336
CCc1ccccc1C(=O)N(C1CCC2(CC1)OCCO2)[C@H](CCN1CCOCC1)Cc1ccc(Cl)cc1,-1.5532609546660656
Nc1nc2ccc(F)cc2s1,-0.7936059355691265
O=C(Cc1cccs1)N[C@@H]1C(=O)N2C(C(=O)O)=C(C[n+]3ccccc3)CS[C@H]12,-0.0968014529570216
N/N=C1\N=NC=C2C=CC=CC21,-0.8512123159436876
Cn1cc(C2=C(c3cn(C4CCN(Cc5ccccn5)CC4)c4ccccc34)C(=O)NC2=O)c2ccccc21,-2.5689097666353824
Cc1nc([C@]2(c3cnn(C)c3)N[C@@H](c3nc(-c4ccc(F)cc4)c[nH]3)Cc3c2[nH]c2ccccc32)no1,-2.04614370177502
Cc1cc(N2CCC[C@@H](N)C2)c2c(n1)n(C)c(=O)n2Cc1ccccc1C#N,-0.4195083950783458
C#C[C@]1(O)CC[C@H]2[C@@H]3CCC4=CC(=O)CC[C@@H]4[C@H]3CC[C@@]21C,-1.71193933762749
O=C(O)CCc1ccc(OCc2ccc(CN3CCC4(CC3)CC(Cc3ccc(F)cc3)CCO4)cc2)cc1,-1.7451378557193975
C[C@]1(c2cc(NC(=O)c3ccc(Cl)cn3)ccc2F)N=C(N)CO[C@@H]1F,-0.7427535350926288
CCC(=O)O[C@]1(C(=O)CCl)[C@@H](C)C[C@H]2[C@@H]3CCC4=CC(=O)C=C[C@]4(C)[C@@]3(F)[C@@H](O)C[C@@]21C,-1.5854444437707855
O=C(Nc1ccccc1Cl)c1cc[nH]n1,-1.173705512827552
O=C(C[C@@H]1C(=O)Nc2ccccc2N1S(=O)(=O)c1ccc(Cl)c(Cl)c1)NCCc1ccc(-n2cnnc2)cc1,-0.7549193739145564
CN1[C@@H]2CCC[C@H]1CC(NC(=O)c1nn(C)c3ccccc13)C2,-0.4551261567651986
Cc1ccc([C@@H](C)Oc2cc3oc(=O)n(CCC(=O)O)c3cc2Cl)nc1,-1.6386877748976718
C[C@@H](c1ncncc1F)[C@](O)(Cn1cncn1)c1ccc(F)cc1F,-0.4569115374536041
CCCN1CCCN(c2ncc(-c3cc4nccc(Nc5cnccn5)c4cc3C)cn2)CC1,-0.9176455486690313
C[C@]1(Cn2ccnn2)[C@H](C(=O)O)N2C(=O)C[C@H]2S1(=O)=O,-0.1133795698723098
Nc1nc2c(ncn2COCCO)c(=O)[nH]1,-0.1022574786822374
CC1(C)O[C@@H]2C[C@H]3[C@@H]4CCC5=CC(=O)C=C[C@]5(C)[C@@]4(F)[C@@H](O)C[C@]3(C)[C@]2(C(=O)CO)O1,-0.4939281250746494
O=c1[nH]c2ccccc2n1CCCN1CCC(n2c(=O)[nH]c3cc(Cl)ccc32)CC1,-1.238874995496529
CC(C)(C)C(O)/C=C/c1ccc2c(c1)OCO2,-1.9590023075765075
CC[C@H](NS(=O)(=O)c1ccc(-c2sc(C(=O)NCC(C)(C)O)nc2C(=O)N2CCC(F)CC2)c(Cl)c1Cl)C(F)(F)F,-1.1679192060382018
C[C@H]1Cn2c(nnc2-c2cc[nH]n2)C(=O)N1Cc1cccc(C(F)(F)F)c1Cl,-1.091944125901233
CCc1cccc(NC(=O)c2cc(Oc3cncnc3)cc(C)n2)n1,-1.4563540467667528
COc1c(C)cnc(Cn2cnc3c(Cl)nc(N)nc32)c1C,-0.9397328911828484
NC1=NCC2c3ccccc3Cc3ccccc3N12,-0.4441308034272672
COc1ncnc(Cn2cc(C(=O)NCC3CC3)c3ncccc32)c1C,-1.2928558116575553
Cn1c(=O)cc(N2CCC[C@@H](N)C2)n(Cc2ccccc2C#N)c1=O,-0.1252395056976581
CN1Cc2cccc(Oc3ncccc3NC(=O)Nc3ccc(OC(F)(F)F)cc3)c2C1C(C)(C)C,-2.3982658517398923
NCC(=O)CCC(=O)O,-0.0554581099125212
CC1(C)NC(=O)N(Cc2ccc(F)c(C(F)(F)F)c2)C1=O,-0.7451595915151431
CC(=O)N1C2C=C(CN3[C@@H]4CC[C@H]3C[C@H](Nc3ccc5c(F)cc(OC(C)C)cc5n3)C4)CC1CCC2,-1.721658030939094
Cc1ccc(NC(=O)c2cc(Oc3cncc(F)c3)cn3ccnc23)nc1,-1.7699600188420606
N=C(N)NCC1COC2(CCCCC2)O1,-0.0878559161603131
COc1cc(-c2cncc(-c3ccc(N4CCNCC4)cc3)c2C)cc(OC)c1OC,-1.236999022944533
CC(C)(C)c1nc(-c2cccc(NS(=O)(=O)c3c(F)cccc3F)c2F)c(-c2ccnc(N)n2)s1,-2.3982658517398923
CC(C)[C@@H](C)[C@@]1(C)CC[C@]2(C)[C@H]3CC[C@@H]4[C@@]5(COC[C@@]4(C)[C@@H](OC[C@](C)(N)C(C)(C)C)[C@H](n4ncnc4-c4ccncc4)C5)C3=CC[C@@]2(C)[C@@H]1C(=O)O,-2.340423195378765
CCOc1ccc(-n2c([C@@H](C)N(Cc3cccnc3)C(=O)Cc3ccc(OC(F)(F)F)cc3)nc3ncccc3c2=O)cc1,-1.312896623973277
C[C@@H](CO)Nc1ncc2c(n1)CN(C(=O)N[C@H](C)c1ccc(Cl)c(Cl)c1)CC2,-1.5090587946432126
CO[C@H]1CN(c2nc(CO)c(C(=O)O)s2)CC[C@H]1NC(=O)c1[nH]c(C)c(Cl)c1Cl,-1.523298766322403
C[C@](O)(CNC(=O)c1nc(Br)c(C(F)(F)F)cc1N)C(F)(F)F,-1.5854444437707855
Clc1ccc(CCCOCCCN2CCCCC2)cc1,-1.3150421311776228
CCOc1ccccc1C(=O)NCc1ccco1,-1.3689805856550623
COc1cc(-c2cn(C)c(=O)c3cnccc23)cc(OC)c1CN(C)C,-0.1609558352697234
CONC(=O)[C@H]1[C@@H](O)[C@@]2(O)c3c(OC)cc(OC)cc3O[C@@]2(c2ccc(OC)cc2)[C@@H]1c1ccccc1,-0.7427535350926288
O=C(Nc1c(Cl)c[n+]([O-])cc1Cl)c1ccc(OC(F)F)c(OCC2CC2)c1,-1.3876400520322256
Cc1ccc2c(c1)c(-c1ccnc3c(C)cccc13)c(C)n2CC(=O)O,-2.2243873677854733
CC(C)c1ccc(S(C)(=O)=O)cc1C#Cc1cc(Cl)ccc1OCC(=O)O,-2.3982658517398923
Cc1cc(C)nc(SCC(N)=O)n1,-0.1034120046565681
O=C(O)[C@@H]1C[C@H](Oc2ccc(Cl)c(F)c2)CN1,-1.2928558116575553
CN(C)/N=N/c1[nH]cnc1C(N)=O,-0.0222535377083363
Nc1nc(=O)n([C@@H]2CS[C@H](CO)O2)cc1F,-0.0110732524874319
O=C(N[C@H]1C2CC3CC1C[C@](O)(C3)C2)c1cnc(N2CCOCC2)nc1C1CC1,-0.4195083950783458
CCN(C(=O)Cc1ccc(S(C)(=O)=O)cc1)C1CCN(CC[C@H](c2ccc(S(C)(=O)=O)cc2)c2cc(F)cc(F)c2)CC1,-0.7427535350926288
CC[C@@H]1CN2CC[C@@]3(O)C(=Nc4cccc(OC)c43)[C@@H]2C[C@@H]1/C(=C\OC)C(=O)OC,-0.9961088337630896
CC(=O)N1CCC(C(=O)N(CCCN2CCC(Cc3ccc(C(N)=O)cc3)CC2)c2ccc(C)c(Cl)c2)CC1,-0.3274126816541466
COC(=O)c1ccccc1N1CCC(C)(CNc2nccc(C)c2NC(=O)CC#N)CC1,-0.9961088337630896
CSc1ncnc2c1c1c(ccn1C)n2[C@@H]1O[C@H](CO)[C@@H](O)[C@H]1O,-0.9551076165256404
O=C(O)Cc1ccccc1NC(=O)c1cccc(-c2ccc(Cl)c(O[C@H]3CCCNC3)c2)c1F,-1.824314271737916
CCNC(=O)Nc1nc2cc(-c3cncnc3)c(=O)n(C(C)C)c2s1,-0.8214546854889927
C#CC(O)(/C=C/Cl)CC,-0.3972890550424425
Cc1cc(NC2Cc3cc(F)c(F)cc3C2)n2nc(C(C)(F)F)nc2n1,-1.174353220625973
COc1ccc(C#Cc2ccc(C(=O)N3CCC[C@@H](CO)C3)cc2)cc1,-1.678194516142461
O=C(O)c1ccc(OCc2c(-c3c(Cl)cccc3C(F)(F)F)noc2-c2cc[nH]c2)cc1,-2.3982658517398923
C[C@H](NCc1c(C(=O)N[C@@H]2CCC[C@H](O)C2)noc1-c1ccc(C(F)(F)F)cc1)C(F)(F)F,-1.3102295598114089
COc1cc(F)c(-n2c(=O)[nH]c3csc(C(=O)O)c3c2=O)cc1OCc1c(OC)ccc(F)c1F,-2.4309434402791377
C[C@@H]1CN(c2nc(C(F)(F)F)no2)CCN1c1ncc(OCc2ccc(CS(C)(=O)=O)cc2F)cn1,-2.1552743720267773
CC(C)C[C@H](NC(=O)[C@H](CCc1ccccc1)NC(=O)CN1CCOCC1)C(=O)N[C@@H](Cc1ccccc1)C(=O)N[C@@H](CC(C)C)C(=O)[C@@]1(C)CO1,-1.5862803973418855
CCOc1ccc(F)cc1NC(=O)c1cc(Cl)ccc1NS(=O)(=O)C1CC1,-0.0008685883838779
NCCCCCc1c[nH]c2ccc(F)cc12,-0.4430464251464634
O=C1[C@H](CC[C@H](O)c2ccc(F)cc2)[C@@H](c2ccc(O)cc2)N1c1ccc(F)cc1,-0.8552971731011444
O=C1NC2(CCCCC2)C(=O)N1c1ccc(F)c(C(F)(F)F)c1,-0.5990322458799829
CCC[C@@H](CCO)Nc1nc(N)nc2c(F)cccc12,-0.4676788579176694
CC(=O)Nc1cc(Nc2cc(Nc3cn(C)cn3)n3ncc(C#N)c3n2)ccc1C,-0.6761499961531976
CCOc1cc2ncc(C(N)=O)c(Nc3ccc(C)cc3F)c2cc1N1CCN(C)CC1,-1.2384991521519868
Cc1ccc(CC[N+]23CCC(CC2)[C@@H](OC(=O)C2(C4=CC=CC4)CCCCCC2)C3)s1,-1.9590023075765075
Cc1c(F)cc(C(=O)NC2CC2)cc1-c1ccc(C(=O)NCC(C)(C)C)cn1,-1.0661835728489142
Cc1nn(-c2ncnc3c2CNC3)c(C)c1-c1ccc(F)cc1,-1.2150975501133452
COc1cc(-c2cccc(OC(F)F)c2)c(F)cc1-n1c(=O)ccc2cc(S(=O)(=O)Nc3ccon3)ccc21,-2.1552743720267773
Cc1c(Cc2ccc(C(F)(F)F)nc2)c[nH]c1C(=O)NC1CCC1,-0.780323804891189
CCn1c(Nc2ccc(N3CCN(C)CC3)cc2)ncc(-c2ccc(-c3cncs3)cc2Cl)c1=O,-2.744920557572451
C[C@](N)(Cc1ccccc1)c1ccccc1,-0.7439548970669356
CC(=O)Nc1ccc(OCC(O)CNC(C)C)cc1,-0.0222535377083363
NCCCn1c2c(c3ccc(N)cc3c1=O)C(=O)c1ccccc1-2,-0.6007590583075443
Cc1cc(Oc2cccc(Cn3ccnc3)c2)cc(C)c1Cl,-2.5231683714877318
CCN(CC)CCN1C(=O)[C@@](O)(c2ccccc2Cl)c2c1cc(C(N)=O)cc2C(F)(F)F,-0.5372868785641498
COCCOc1ccc([C@H]2C[C@@H](C(F)(F)F)n3ncc(C(=O)NCc4ccc(F)cc4)c3N2)cc1,-1.6993827801934176
CC(=O)N(C)c1ccc2ccn(-c3cc(NC4CC4)n4ncc(C#N)c4n3)c2c1,-1.5849436429021069
COc1c(C)cc(C2(c3cccc(-c4cncnc4)c3)N=C(N)c3c(F)cccc32)nc1C,-1.452647491285702
O=C(Nc1nc2ccccc2n1CCCO)c1cccc([N+](=O)[O-])c1,-1.0914082971864345
CC1Cc2cc(S(=O)(=O)c3ccc4c(c3)OCCO4)ccc2N1S(C)(=O)=O,-1.1196151994096977
CC(C)(C)c1ccc(S(=O)(=O)Nc2ccc(Cl)cc2-c2nccnc2NCCO)cc1,-1.7699600188420606
Cc1ccc(O)c([C@H](CCN(C(C)C)C(C)C)c2ccccc2)c1,-1.4206394750654865
COC[C@H](C)NC(=O)c1nc(N2CC[C@@H](NC(=O)c3[nH]c(C)c(Cl)c3Cl)[C@@H](OC)C2)sc1C(=O)O,-1.5854444437707855
N#Cc1ccc(/C=C/c2nc3ccccc3c(=O)n2-c2cc(C(=O)O)ccc2F)cc1,-1.3283274043791142
O=C(O)C(c1ccccc1)N1CCO[C@H](CN2CCC(Oc3ccc(Cl)c(Cl)c3)CC2)C1,-2.1311440488253703
COC(=O)C1CCCCC1c1ccc(CNc2nccc(C)c2NC(=O)CC#N)cc1,-1.2928558116575553
O=C(CN1C(=O)C(NC(=O)c2cc3cc(Cl)sc3[nH]2)Cc2ccccc21)NO,-0.0001735787583146
CN(Cc1ccc(-c2ccc(N3CCOc4ncnc(N)c4C3=O)cc2)c(Cl)c1)C(=O)CCN,-0.3182885315981927
N#Cc1ccc(C[C@@H](C(=O)O)N2CCC(CN3CCC(Oc4ccc(Cl)c(Cl)c4)CC3)CC2)cc1,-1.2753318037789223
O=C1O[Pt]2(<-N[C@@H]3CCCC[C@H]3N->2)OC1=O,-0.9875930664174024
CNc1nc(C)c(-c2nc(Nc3cccc(N4CCNCC4)c3)ncc2C#N)s1,-0.852755093385855
Cc1ccc(-c2cc(C(=O)NCc3cn(C)nc3C)c3cc(Br)ccc3n2)cc1,-2.1370521037894465
Cc1cccc(C)c1NC(=O)CC(C)NCc1ccccc1,-1.3173784543505829
C[C@H]1[C@H](NC(=O)/C(=N\OC(C)(C)C(=O)O)c2csc(N)n2)C(=O)N1C(=O)NS(=O)(=O)N1C[C@@H](NC(=O)CNC(=O)c2cc(=O)c(O)c[nH]2)CC1=O,-0.4195083950783458
C#C[C@]1(O)CC[C@H]2[C@@H]3CCC4=CC(=O)CC[C@@H]4[C@H]3CC[C@@]21CC,-0.5308319052546533
O=C(CCn1cnc([N+](=O)[O-])n1)Nc1cccc(OCc2ccccc2)c1,-1.4689428087667111
O=[N+]([O-])c1ccc2c(ccn2-c2ccc(O[C@H]3O[C@H](CO)[C@@H](O)[C@H](O)[C@@H]3O)c(F)c2)c1,-1.2928558116575553
O=C(C(=O)N1CCN(C(=O)c2ccccc2)CC1)c1c[nH]c2c(-c3cnco3)ncc(F)c12,-2.04614370177502
C[C@]1(F)CCC[C@H]1Nc1c(C(N)=O)cnn2cccc12,-0.9551076165256404
C[C@@H](Nc1c(C(N)=O)cnn2cccc12)C(C)(C)C,-1.5532609546660656
COc1cccc(CNC(=O)c2cc(-c3nnn(C[C@H]4CO[C@H](CO)CO4)n3)cc(C)n2)c1,-0.8512123159436876
Cc1cc(F)ccc1-c1c(Oc2ccc(/C=C/C(=O)O)cc2)c2ccccc2oc1=O,-2.2222108125651343
COc1cc(N2CCN(C[C@H](C)O)CC2)ccc1Nc1ncc2ccc(-c3ccccc3N(C)S(C)(=O)=O)n2n1,-0.7674358591132167
Cc1nnc2n1-c1ccc(-c3ccc(N)nc3)cc1N(c1ccc(Cl)cc1)C[C@H]2C,-1.678194516142461
Nc1ccncc1N,-0.1566655827177828
Cc1ccnc(NC(=O)C[N+]23CCC(CC2)[C@@H](OC(=O)C2(C4=CC=CC4)CCCCCC2)C3)c1,-1.721658030939094
COc1cccc(S(=O)(=O)c2c(C)n(CC(=O)O)c3ccc(C)cc23)c1,-2.1370521037894465
C[C@H](CO)Nc1cc(NS(=O)(=O)c2cn(C)cn2)nc(SCc2cccc(Cl)c2F)n1,-1.6993827801934176
NS1(=O)=NC(=O)c2ccccc21,-0.3972890550424425
C=CC[N@@+]12CC[C@@]34c5ccccc5N5/C=C6/[C@H]7C[C@H]8[C@@]9(CC[N@@+]8(CC=C)C/C7=C\CO)c7ccccc7N(/C=C(/[C@@H](C[C@@H]31)/C(=C/CO)C2)[C@H]54)[C@@H]69,-0.2215593164287672
CC(=O)Nc1cccc(Nc2nc(NC3CC3)n3ncc(C#N)c3n2)c1,-0.9658020410471084
CS(=O)(=O)N(CC(=O)NCC1CC1)c1cc(C(F)(F)F)ccc1Cl,-0.9961088337630896
Cc1cc(Cl)ccc1OC1CCN(C[C@H](O)CNC(=O)c2c[nH]nc2C(F)(F)F)CC1,-1.4104737350339696
COc1cnc(Nc2ncnc3ccc(-c4cccc(N5CCOCC5)c4)cc23)cn1,-1.7451378557193975
CCCCNc1nc(SCCC)nc2c1nnn2[C@@H]1C[C@H](CO)[C@@H](O)[C@H]1O,-1.6024771142816578
C[C@@H]1C[C@H](N)C[C@H](c2ccncc2NC(=O)c2ccc(F)c(-c3c(F)cccc3F)n2)C1,-1.2928558116575553
O=C(O)c1cnn(Cc2ccc(-c3noc(-c4cc(-c5ccccc5)c(C(F)(F)F)s4)n3)cc2)c1,-1.9590023075765075
CC(C)N(Cc1ccccc1)c1ncc2cc(-c3c(Cl)cccc3Cl)c(=O)n(C)c2n1,-1.236999022944533
O=C(O)c1cccc(-c2noc(-c3ccccc3F)n2)c1,-2.3013775702979022
Cc1cn([C@H]2CCCN(S(=O)(=O)c3ccc(C(N)=O)c(Oc4cccc(Cl)c4)c3)C2)c(=O)[nH]c1=O,-1.4345748799673852
CC(=O)NC[C@H]1CN(c2ccc(N3CC[Si](C)(C)CC3)c(F)c2)C(=O)O1,-1.239251164381887
C[C@H](c1ccc(F)cc1CCCC(=O)O)N(c1cc(F)ccc1F)S(=O)(=O)c1ccc(Cl)cc1,-2.699187205881913
C/C(O)=N/c1nnc(S(N)(=O)=O)s1,-1.1215050327775655
CSC[C@H](O/N=C(\C(=O)N[C@@H]1C(=O)N(OS(=O)(=O)O)C1(C)C)c1csc(N)n1)c1cc(=O)c(O)cn1O,-2.409258450021788
Cc1cccc(Cl)c1-c1ccc(N2CCOc3ncnc(N)c3C2=O)cc1,-1.3771748708039588
CCOc1cc2ncc(C(N)=O)c(Nc3cccc(Cl)c3Cl)c2cc1NCCN(C)C,-1.3689805856550623
Cc1c[nH]c2c(NC(N[C@H]3CCCCN(CC(=O)N4CCCC4)C3=O)=C(C#N)C#N)cccc12,-0.636820649941314
CN(C)[C@@H]1C(O)=C(C(N)=O)C(=O)[C@@]2(O)C(O)=C3C(=O)c4c(O)ccc(Cl)c4[C@@](C)(O)[C@H]3C[C@@H]12,-0.2823224501693498
CCS(=O)(=O)c1ccc(-c2cc(Cl)ccc2OCC(=O)O)c(C(F)(F)F)c1,-1.7882202376852114
C[C@H]1[C@H](NC(=O)/C(=N\OC(C)(C)C(=O)O)c2csc(N)n2)C(=O)N1C(=O)NS(=O)(=O)n1nc(-c2cc(=O)c(O)c[nH]2)n(CCCS(C)(=O)=O)c1=O,-1.041388342235121
CCOc1cc([C@H](c2cc3cc(Br)ccc3cc2OC)[C@@](O)(CCN(C)C)c2cccc3ccoc23)cc(OC)n1,-3.0
O=C(CSc1nc2c(c(=O)n1-c1ccccc1)SCC2)Nc1ccc(-c2ccccc2)cn1,-2.5689097666353824
COc1nc(Cl)c(Cl)nc1NS(=O)(=O)c1ccc(Cl)s1,-2.744920557572451
O=C(O)CCCN1CCC(OC(c2ccc(Cl)cc2)c2ccccn2)CC1,-0.3477038485663339
C[C@@H](O[C@H]1OCCN(Cc2nc(=O)[nH][nH]2)[C@H]1c1ccc(F)cc1)c1cc(C(F)(F)F)cc(C(F)(F)F)c1,-1.2928558116575553
Cc1cc(Nc2nc(O[C@@H](C)c3ccc(F)cn3)c(C#N)nc2C)n[nH]1,-1.219390375709032
CNc1cc(Nc2cnc(C#N)c(O[C@H](C)CN(C)C)n2)ncc1-c1cnn(C)c1,-0.5218665718994825
Cc1ccc([C@H](C(=O)N(C)C)N2C(=O)[C@@H](C3Cc4ccccc4C3)NC(=O)[C@H]2CC(C)C)cn1,-0.7674358591132167
CC(C)NC[C@H](O)COc1ccc(CCOCC2CC2)cc1,-0.3002493151219494
Cc1[nH]c(-c2cccc3ccccc23)cc1C(=O)N1CCC(CO)CC1,-1.7451378557193975
CCCCSc1cc(I)cc(CNCCCN(C)C)c1O,-0.0342923090577138
Fc1ccc([C@@H]2CCNC[C@H]2COc2ccc3c(c2)OCO3)cc1,-1.1076111233222907
COc1cc2c(cc1OC)C(=O)C(CC1CCN(Cc3ccccc3)CC1)C2,-0.890852587033419
O=C(Nc1cncc(Oc2cncnc2)n1)c1cc(Cl)ccn1,-0.9176455486690313
O=C(Nc1ccncc1)c1cccc2ccccc12,-1.1553302613868628
C[C@@H](NC(=O)[C@H]1CN(C2CCCCC2)CC[C@@H]1NC(=O)c1cc(-c2ccc(F)cc2F)on1)c1ccccc1,-1.7699600188420606
CN1Cc2nc(C(=O)N[C@@H]3C[C@@H](C(=O)N(C)C)CC[C@@H]3NC(=O)c3ccc4cc(Cl)ccc4c3)sc2C1,-0.5218665718994825
Cc1cc(C(=O)O)ccc1-c1ccc(N2C(=O)N(c3cnccn3)C3(CCN(Cc4ncccc4C)CC3)C2=O)cn1,-0.9961088337630896
Cc1cc(Nc2ccc(C3CC3)cc2)n2ncnc2n1,-0.8765796021785472
C[C@H](NC(=O)CNC(=O)c1cccc(Cl)c1)c1ccccc1,-0.9961088337630896
C[C@@H]1c2nnn(-c3cc(F)ccn3)c2CCN1C(=O)c1cccc(C(F)(F)F)c1Cl,-1.6024771142816578
COc1cc(N2C(=O)N(c3ccc(-c4ccc(C(=O)O)cc4)cc3)C(=O)C23CCN(Cc2ncccc2C)CC3)ncn1,-2.1552743720267773
CCN1CCCC1CNC(=O)c1cc(S(=O)(=O)CC)c(N)cc1OC,-0.1219121412345528
CCOc1ccc(C[C@H]2NC(=O)CCSSC[C@@H](C(=O)N3CCC[C@H]3C(=O)N[C@@H](CCCN)C(=O)NCC(N)=O)NC(=O)[C@H](CC(N)=O)NC(=O)[C@H]([C@@H](C)O)NC(=O)[C@H]([C@@H](C)CC)NC2=O)cc1,-0.2720799171755847
CCOc1cc(CN2CCC(Nc3nc4cc(S(N)(=O)=O)ccc4o3)CC2)cc(OCC)c1N,-0.5233118079594025
COc1ccn2nc(C)c(C(=O)NCc3ccc(N4CCC(c5ccc(OC(F)(F)F)cc5)CC4)cc3)c2c1,-3.0
Cc1ccc([C@H]2C[C@@H](C(F)(F)F)n3ncc(C(O)=NCc4ccc(F)cc4)c3N2)o1,-1.9590023075765075
C[C@H](NS(=O)(=O)c1ccc(-c2sc(C(=O)NCC(C)(C)O)nc2C(=O)N2CCC(F)(F)CC2)c(Cl)c1Cl)C(F)(F)F,-1.0866153578469149
CN1CCCN(c2ncc(-c3ccc4/c(=N/c5cnccn5)ccn(C)c4c3)cn2)CC1,-0.0705044408445938
Cc1cn2cc([N+](=O)[O-])nc2c(=O)n1Cc1ccc(OC(F)(F)F)cc1,-1.678194516142461
NC(=O)Cc1ccc(-c2ccc(N3CCOc4ncnc(N)c4C3=O)cc2)c(Cl)c1,-0.7623858957668785
CN(Cc1cnc2nc(N)nc(N)c2n1)c1ccc(C(=O)N[C@@H](CCC(=O)O)C(=O)O)cc1,-0.2755436898520413
O=C(N[C@H]1C2CC3CC1C[C@](O)(C3)C2)c1cnc(NC2CCOCC2)nc1C1CCC1,-0.2835959540622216
CN[C@@H](C)C(=O)N[C@H]1CCC[C@H]2C[C@H]3CCN(CCC4CCCCC4)C[C@H]3N2C1=O,-0.3093521342564098
NC1=Nc2ccccc2Sc2cccc(F)c21,-1.2384991521519868
c1cc(-c2ccc3ncnc(Nc4ccncn4)c3c2)cc(N2CCOCC2)c1,-1.6202051567230198
Cc1noc(C)c1C(O)=Nc1c(N2CCC(Cc3ccccc3)CC2)c(=O)c1=O,-1.9590023075765075
O=C(C1CC12CCN(C1CCOCC1)CC2)N1CCN(C2CCCC2)CC1,-0.3005959181846626
O=S(=O)(c1cccc2cnccc12)N1CCCNCC1,-0.2920127608980421
OC[C@H]1C[C@@H](O)CCN1CCc1ccc(Nc2nc(-c3ccc(C(F)(F)F)cc3)cs2)cc1,-1.3876400520322256
CC1(C)CC(c2ccc(OC3CCN(C4CCC4)CC3)cc2)=NNC1=O,-0.3005959181846626
C[C@H]1C[C@H]2[C@@H]3CCC4=CC(=O)C=C[C@]4(C)[C@@]3(F)[C@@H](O)C[C@]2(C)[C@@]1(O)C(=O)CO,-0.4676788579176694
CC(=O)N(C)CCc1cc(Br)c(OCCCNc2ncn(C)c3ncnc2-3)c(Br)c1,-0.8233859624887973
Cn1cc(-c2cnc3[nH]cc(-c4cccc(C#N)c4)c3c2)cn1,-1.2928558116575553
CCc1nc2ccc(C(=O)NCc3ccc4c(c3)OCO4)cn2c1N(C)Cc1cccs1,-2.347125402250531
COCCCS(=O)(=O)c1ccc(-c2ccc(CCN3CCC[C@H]3C)cc2)cc1,-0.5837923388097694
CO[C@H]1CN(c2nc(C(=O)O)c(C)s2)CC[C@H]1NC(=O)c1[nH]c(C)c(Cl)c1Cl,-2.0972901870301213
N[C@@H](CC(=O)N1CCN(C(=O)c2ccccn2)CC1)Cc1cc(F)c(F)cc1F,-0.3032042960649543
Cc1cc(NC(=O)C[N+]23CCC(CC2)[C@@H](OC(=O)C2(C4=CC=CC4)CCCCCC2)C3)ncn1,-0.6972362915270183
O=C(O)c1cn(Cc2ccc(-n3ccnc3)cc2)c2cccc(F)c2c1=O,-0.9212496429980768
Cc1ccc([C@H]2C[C@@H](C(F)(F)F)n3ncc(C(O)=NCc4ccc(F)cc4)c3N2)cc1,-1.9590023075765075
CCCCCCCCN(CCC(=O)Nc1ccccc1)CCC(=O)NC1CCCCC1,-2.2222108125651343
Cc1cc2c(cc1CC(=O)c1sccc1S(=O)(=O)Nc1onc(C)c1Cl)CCC2,-1.8292640475602024
NS(=O)(=O)CC(=O)NCCSc1nonc1/C(=N/O)Nc1cccc(Cl)c1,-1.3283274043791142
CC(=O)N1CCN(c2ccc(OC[C@H]3CO[C@](Cn4ccnc4)(c4ccc(Cl)cc4Cl)O3)cc2)CC1,-1.8058923925555304
O=c1c2c(Nc3ccc(I)cc3F)cncc2cnn1C[C@H](O)CO,-1.4689428087667111
COc1ccc2c(c1C(=O)O)OB(O)[C@@H]1C[C@H]21,-0.9551076165256404
COC1=C(C(=O)Nc2ncc(C)s2)N(C)S(=O)(=O)c2ccccc21,-0.601625046128268
CNCCCN1c2ccccc2CCc2ccccc21,-0.7579899881651542
O=S(=O)(Nc1cccc(CCc2ccccn2)c1)c1cc(Cl)ccc1Cl,-0.9961088337630896
Cc1cc(C)c(CNC(=O)c2c(C)n(C(C)C(=O)N3CCCC3)c3ccccc23)c(O)n1,-0.8831598975873358
Cc1cc(C(C)NC(=O)c2[nH]cc(Cc3ccc(C(F)(F)F)nc3)c2C)no1,-1.2680327014847186
C[C@H]1[C@H](NC(=O)/C(=N\OC(C)(C)C(=O)O)c2csc(N)n2)C(=O)N1C(=O)NS(=O)(=O)n1nc(-c2cc(=O)c(O)c[nH]2)n(CCNS(C)(=O)=O)c1=O,-1.091944125901233
O=C1COCCN1c1ccc(CO[C@@H]2COc3nc([N+](=O)[O-])cn3C2)cn1,-0.141896712086775
CC(C)(O/N=C(\C(=O)N[C@@H]1C(=O)N(S(=O)(=O)O)[C@@H]1COC(=O)c1cc(-c2cc(=O)c(O)cn2O)no1)c1csc(N)n1)C(=O)O,-0.4939281250746494
Cc1ccc(S(=O)(=O)Nc2c(C(=O)N[C@@H](C)C(C)(C)C)c(C)nn2CC(F)(F)F)cc1,-1.81856232416496
COC[C@H](C1CC1)n1cc(Cl)nc(Nc2cc(C)c(OC)nc2C)c1=O,-1.6579920709826637
CCn1ncc(-c2nc3c(N4CCC(n5c(=O)[nH]c6ncccc65)CC4)ncnc3n2C)c1C,-0.6761499961531976
O=C(NCC12CC3CC(CC(C3)C1)C2)c1cc(O[C@H]2CCCNC2)ccc1Cl,-1.2569169000188067
O=C1C(NS(=O)(=O)/C=C/c2ccc(Cl)s2)CCN1c1ccc(-n2ccnc2CN2CCOCC2)cc1F,-0.914071117759699
C[C@@H](NCCCc1cccc(C(F)(F)F)c1)c1cccc2ccccc12,-1.3443267131958867
C[C@H](O)CONC(=O)c1ncc2cncn2c1Nc1ccc(I)cc1F,-0.9961088337630896
CN1CCC(COCc2cc(C(F)(F)F)cc(N3CCC4CC43)n2)(c2ccc(F)cc2)CC1,-1.1553302613868628
Cc1nc2c(c(-c3ccc(Cl)cc3Cl)c1CN)C(=O)N(CC(=O)N(C)C)C2,-0.0860908251430713
O=C(CCCN1CC[Si](O)(c2ccc(Cl)cc2)CC1)c1ccc(F)cc1,-1.2569169000188067
C[C@H]1COCCN1c1nc(-c2ccc(NC(=O)NCCO)cc2)nc2c1COC2(C)C,-0.5517266447926501
CN(C)CCCOc1nn(Cc2ccccc2)c2ccccc12,-0.045709238298873
COc1ccc2c(O[C@@H]3C[C@H]4C(=O)N[C@]5(C(=O)O)C[C@H]5/C=C\CCCCC[C@H](NC(=O)OC5CCCC5)C(=O)N4C3)cc(-c3csc(NC(C)C)n3)nc2c1,-2.000391041028584
CC(=O)c1ncccc1NC(=O)[C@H]1CC[C@H](N2C(=O)[C@@H]3[C@@H]4CC[C@@H](C4)[C@@H]3C2=O)CC1,-1.854275425119336
O=S(=O)(c1ccc(Cl)cc1)N1CCc2ccc(Oc3cc(-c4nc(C5CC5)no4)cc(Cl)n3)cc21,-0.5837923388097694
Cn1cc(S(C)=O)c(=O)c2ccc(F)cc21,-0.1467904375094713
CCN=C(O)Nc1cc(-c2nc(C(F)(F)F)cs2)c(-c2cncc(C(=O)O)c2)cn1,-1.0813511817281891
Cc1c(OCC(F)(F)F)ccnc1C[S+](O)c1nc2ccccc2[nH]1,-1.7699600188420606
COC(=O)N[C@H](C(=O)N1CCC[C@H]1C(=O)Nc1ccc([C@@H]2CC[C@@H](c3ccc(NC(=O)[C@@H]4CCCN4C(=O)[C@@H](NC(=O)OC)C(C)C)cc3)N2c2ccc(C(C)(C)C)cc2)cc1)C(C)C,-3.0
C[C@@H]1CN(Cc2cc(Cl)ccc2OCC(=O)O)CCN1S(=O)(=O)c1ccccc1,-2.215033415526233
Cc1c(Cc2ccc(=O)n(Cc3ccccc3)n2)c2ccccc2n1CC(=O)O,-1.678194516142461
CCCCCn1c(=O)sc2cc(C(=O)C34CC5CC(CC(C5)C3)C4)ccc21,-0.9551076165256404
C[C@@H](CC(=O)OC(C)(C)C)NC(=O)C1=NO[C@@H](C(O)(C(F)(F)F)C(F)(F)F)C1,-0.7439548970669356
O=C(Nc1ccc(N2C(=O)CC3(CCCCC3)C2=O)c(Cl)c1)c1ccccn1,-2.143041640482447
CN[C@@H](C)C(=O)N[C@H]1CCC[C@H]2C[C@H]3CCN(CCCc4ccccc4)C[C@H]3N2C1=O,-0.3274126816541466
COc1ccc(-c2nc(-c3ccccn3)no2)cc1,-1.6024771142816578
CCS(=O)(=O)c1ccc2oc(-c3ccc4ccccc4c3)nc2c1,-1.9590023075765075
COc1ccc(NC(=O)[C@H](C)N=c2nc(O)c3cnn(-c4ccccc4Cl)c3[nH]2)cc1,-1.236999022944533
COc1nc(F)cnc1NS(=O)(=O)c1cccc(Cl)c1Cl,-2.1552743720267773
CCC(NC(=O)c1ccc(Cl)cc1)[C@H]1[C@@H]2C[C@@H](n3cnc4cc(F)cnc43)C[C@@H]21,-0.4664071345816988
CCn1nc(C(=O)O)c(=O)c2cc3c(cc21)OCO3,-0.4740939405491631
Cc1ncc(NC(=O)c2cc(NC(=O)c3cccc(C(F)(F)F)c3)ccc2Cl)s1,-2.3013775702979022
CCn1c(Oc2cc(C)cc(C#N)c2)c(C(C)C)c(=O)[nH]c1=O,-1.3876400520322256
Cc1[nH]c2cc([C@@H]3CCCCN3C(=O)c3cc(Cl)ccc3NS(C)(=O)=O)nn2c(=O)c1C,-1.137105696499718
C[C@@H](O)[C@H]1C(=O)N2C(C(=O)O)=C(S[C@@H]3CN[C@H](C(=O)N(C)C)C3)[C@H](C)[C@H]12,-0.0087650612452523
CCc1c(C(=O)c2cc(C)cc(C#N)c2)n(CC)c(=O)[nH]c1=O,-0.8243403545332658
CCP(=O)(OC)c1ccc2nc(/C=C/c3ccccc3)oc2c1,-1.1491700401514695
Cc1cn(Cc2ccc(Cl)cc2Cl)c2c(-c3nnc(NS(=O)(=O)c4cc(F)c(F)cc4F)o3)cc(F)cc12,-2.1552743720267773
CC(C)c1c(-c2cnn(CCC#N)c2)[nH]c2c(C#N)cnn2c1=O,-1.174353220625973
COC(=O)[C@H](CC(C)C)Nc1nc(Cl)nc(N[C@H]2CC[C@H](Nc3nc(Cl)nc(N[C@@H](CC(C)C)C(=O)OC)n3)CC2)n1,-2.2222108125651343
Cc1ccc([C@H](C(=O)NC(C)C)N2C(=O)[C@@H](C3Cc4ccccc4C3)NC(=O)[C@H]2CC(C)C)o1,-1.3876400520322256
CC(CN(C)C)CN1c2ccccc2CCc2ccccc21,-1.242044987138434
COc1ccc(C(=O)Nc2cccc(O)c2NC(=O)c2ccc(N3CCCN(C)CC3)cc2)cc1,-0.2083924993204344
CCN(C(C)=O)c1cccc(-c2ccnc3c(C#N)cnn23)c1,-0.3735800705932486
CCC[C@@H]1C[C@@H](C(=O)N[C@@H]([C@H]2O[C@H](SC)[C@H](O)[C@@H](O)[C@H]2O)[C@@H](C)O)N(C)C1,-0.6184156653472478
Cc1cc(C2CCN(C(=O)[C@@H]3CNC[C@H]3c3ccc(F)cc3F)CC2)n(-c2cc(Cl)ccc2Cl)n1,-0.9176455486690313
CCC[C@@H](c1ccc(C(=O)O)c(Oc2cccc(Cl)c2)c1)N1CCC[C@H](n2cc(C)c(=O)[nH]c2=O)C1,-2.0972901870301213
CCc1c(N(CC)C2CCOCC2)cc2oc(C3CCN(C(C)C)CC3)cc2c1C(=O)NCc1c(C)cc(C)[nH]c1=O,-1.208035810570897
O=C(Nc1cc(-c2ccncc2)c[nH]c1=O)[C@H](Cc1ccccc1)NC1(c2ccccn2)CC1,-1.52766342535629
CCc1c(CCN2CCC(C(=O)O)CC2)cccc1-c1nsc(-c2ccc(CC(C)C)c(C#N)c2)n1,-2.143041640482447
CCCN(CCNCCc1ccc(O)c2[nH]c(=O)sc12)C(=O)CCOCCc1ccccc1,-1.2108467423745437
O=C(CCCCCc1ccccc1)N[C@H]1CC[C@@H](O)CC1,-1.208035810570897
c1coc(CNc2ncnc3[nH]cnc23)c1,-0.0599175282990633
NC(=O)c1ccn(-c2cnc(NC[C@]3(c4ncccc4F)C[C@H](F)C3)nc2)c1,-0.3093521342564098
CCOC(=O)OC(C)OC(=O)[C@@H]1N2C(=O)[C@@H](NC(=O)[C@@H](N)c3ccccc3)[C@H]2SC1(C)C,-0.0968014529570216
O=C(N[C@@H]1CCC[C@H](O)C1)c1noc(-c2ccc(C(F)(F)F)cc2)c1CNC1CC1,-0.9248838972102036
CN1CCOC(c2ccccc2)c2ccccc2C1,-0.567463616735744
COc1cc2ncnc(Nc3ccc(F)c(Cl)c3)c2cc1OCCCN1CCOCC1,-0.9961088337630896
O=C(Nc1cccc(F)n1)c1cc(Oc2cncc(F)c2)cn2ccnc12,-1.5690546468315976
Cc1nc(C2CCN(C(=O)[C@@H]3CN(C(C)(C)C)C[C@H]3c3ccc(F)cc3F)CC2)n(-c2ccc(F)c(F)c2)n1,-0.1547158736520084
CN[C@@H](C)C(=O)N[C@H]1CN(C(=O)CC(C)C)CC[C@H]2CC[C@@H](C(=O)NC(c3ccccc3)c3ccccc3)N2C1=O,-0.5954281358682575
CCN(CC)CCNC(=O)c1ccc(NC(C)=O)cc1,-0.045709238298873
Cn1cc(C(=O)NC[C@@H](O)CN2CCC(Oc3ccc(Cl)c(Cl)c3)CC2)c(C(F)(F)F)cc1=O,-1.1656896325771584
CC(Oc1ccc2[nH]c(=N)n(CC(O)c3ccc(C(F)(F)F)cc3Cl)c2n1)C(F)(F)F,-1.9590023075765075
COc1ccnc(C=S(O)c2nc3cc(OC(F)F)ccc3[nH]2)c1OC,-0.6072613248252211
O=C(Nc1ccc(Cl)cc1)Nc1nnc(-c2ccncc2)s1,-2.5689097666353824
CCOC(=O)c1cc(C#N)c(N2CC(N=C(O)NS(=O)(=O)c3ccccc3)C2)nc1C,-1.7962873593922926
NC(=O)c1ccc(Oc2cccc3cccnc23)c([N+](=O)[O-])c1,-1.4060308997274775
OC[C@H]1O[C@H](Oc2ccc(-n3ccc4cc(Cl)cnc43)cc2Cl)[C@@H](O)[C@@H](O)[C@@H]1O,-1.3876400520322256
Cc1c(C(=O)Nc2ccc(F)c(C#N)c2)sc(N)c1C(N)=O,-0.6972362915270183
CCC(F)(F)c1nc2nc(C)cc(Nc3ccc(C(F)(F)F)cc3)n2n1,-1.1615791206591135
COc1ccc2c(c1)[C@@H]1C[C@]1(C(=O)N1C3CCC1CN(C)C3)Cn1c-2c(C2CCCCC2)c2ccc(C(=O)NS(=O)(=O)N(C)C)cc21,-1.678194516142461
N=C(N)NOCCNC(=O)Cn1c(Cl)cnc(NCC(F)(F)c2ccccc2)c1=O,-0.9176455486690313
[2H]C([2H])([2H])N(C(=O)c1c(Cl)cccc1Cl)c1ccc(-c2cc(NC(C)=O)nn2C(C)C)cc1N1CC2CC2C1,-2.3013775702979022
COc1cc([C@@H]2Oc3cc([C@H]4Oc5cc(O)cc(O)c5C(=O)[C@@H]4O)ccc3O[C@H]2CO)ccc1O,-1.2928558116575553
COc1ccccc1C(=O)Nc1ccc(Cc2ccncc2)cc1,-2.468827752017377
COc1c(NC(=O)c2ccc(C)c(N3C=C(C(=O)NCC(C)(C)O)NN3)c2)cc(C(C)(C)C)cc1NS(C)(=O)=O,-0.4676788579176694
COC(=O)Nc1ccccc1C(=O)N1CCCC[C@H]1c1cc2[nH]c(C)c(C)c(=O)n2n1,-1.0047949259945153
CCS(=O)(=O)N1CCC([C@@H](C)n2c(C)c(C(=O)NCc3c(OC)cc(C)[nH]c3=O)c3ccccc32)CC1,-1.091944125901233
CNc1nccc(N2CC[C@H](NC(=O)Nc3ccc(CN(C)C)c(C(F)(F)F)c3)C2)n1,-1.236999022944533
CCCS(=O)(=O)c1ccc(F)c(C#Cc2cc(Cl)ccc2OCC(=O)O)c1,-1.9590023075765075
COc1cc(NC(C(=O)c2c[nH]c3ccccc23)c2ccccc2)cc(OC)c1,-2.5231683714877318
CN1CCCCC1CCN1c2ccccc2Sc2ccc(S(C)=O)cc21,-1.1092818957359425
COc1ccc2c(c1)c(CC(=O)OCC(=O)O)c(C)n2C(=O)c1ccc(Cl)cc1,-0.9961088337630896
CC(C)(O)c1cn(-c2ccc(-c3cc(F)c(CO)c(S(C)(=O)=O)c3)cc2)c(C(C)(C)c2ccccc2Cl)n1,-1.0437811289576882
COc1nc(C)cnc1NS(=O)(=O)c1cccc(Cl)c1Cl,-2.347125402250531
CC[C@H](OC(C)=O)C(C[C@H](C)N(C)C)(c1ccccc1)c1ccccc1,-0.275339171994241
CNc1nccc(N2CC[C@H](NC(=O)Nc3ccc(CN4CCC4)c(C(F)(F)F)c3)C2)n1,-0.8605522751725317
COc1ccc(N(Cc2cnccc2C)C2CCN([C@H](C)CCNC(=O)c3c(C)cc(F)nc3C)CC2)cc1,-0.6761499961531976
CC(=O)OCC(=O)[C@@]1(O)CC[C@H]2[C@@H]3CCC4=CC(=O)C=C[C@]4(C)[C@H]3[C@@H](O)C[C@@]21C,-0.6972362915270183
O=C(O)C1=Cc2ccc(S(F)(F)(F)(F)F)cc2OC1C(F)(F)F,-2.796042908318748
N#Cc1ccc(-c2ccc(C[C@@H](C#N)NC(=O)[C@@H]3CCCCC[C@@H]3N)cc2)cc1,-1.5090587946432126
COc1ccc(NC(=O)/C=C/CN(C)C)cc1Nc1ncc(Cl)c(-c2cnn3ccccc23)n1,-2.04614370177502
Cc1cc(OC(F)(F)F)ccc1-c1c(Oc2ccc(/C=C/C(=O)O)cc2)c2ccc(O)cc2oc1=O,-2.6780082524527327
O=C1CC(c2c[nH]c3ccc(F)cc23)C(=O)N1,-0.3462570059742641
CN1CCN(c2ccc3ncc(C(N)=O)c(Nc4cccc(Cl)c4Cl)c3c2)CC1,-1.331108322330989
COc1cc(NC(=O)Nc2cccc(CNC(=O)O[C@H]3CCOC3)c2)ccc1-c1cnco1,-1.854275425119336
O=C(Nc1ccc(C(F)(F)F)cc1)NC1CCN(C(=O)C2CC2)CC1,-1.3014558129408076
Cc1ccccc1C(=O)Nc1cccc(NC(=O)CC(C)C)c1,-1.3876400520322256
Cc1cccc(-c2noc(C3CC(=O)N(c4ccc(F)cc4)C3)n2)c1,-2.0972901870301213
Cc1cccc(S(=O)(=O)Nc2ccc(C)n(CC(=O)NCCONC(=N)N)c2=O)c1,-0.2648348129419938
C[C@]12COC(=O)C[C@@H]1CC[C@@H]1[C@@H]2CC[C@@]2(C)[C@H]1CC[C@]2(C)O,-1.2928558116575553
CCOc1cc(-c2ccnc(N)n2)cc2[nH]nc(N)c12,-0.9551076165256404
Cc1cnc(NCCc2ccccn2)c(=O)n1CC(=O)NCc1cc(Cl)ccc1OCC(=O)NC1CC1,-1.9590023075765075
CCNC(=O)Nc1ccc(-c2nc3c(c(N4CCOC[C@@H]4C)n2)CN(c2cnccn2)CC3)cc1,-1.5090587946432126
Nc1ccccc1NC(=O)c1ccc(CNC2=NC(c3ccc(C(F)(F)F)cc3)CO2)cc1,-1.236999022944533
Cc1c(-c2ccc(N3CC[C@@H](F)C3)cc2)[nH]c2cc(F)cc(F)c2c1=O,-2.000391041028584
O=C(NCC12CC3CC(CC(C3)C1)C2)c1cc(CN2C[C@@H]3C[C@H]2CN3)ccc1Cl,-1.010091211925206
O=C(N[C@H]1CC[C@H](O)CC1)C1CC(CCc2ccccc2)C1,-1.5380215234713237
CC(=O)N1CCN(c2cc(-c3cc(C(F)(F)F)c4c(N)ncnn34)ccc2C#N)C(=O)C1(C)C,-0.7936059355691265
COCc1cnc(N2CCC([C@H]3C[C@H]3CCOc3cc(F)c(CC(=O)N4CCC4)c(F)c3)CC2)nc1,-1.4093587579877196
COc1cc2nc(N3CCCN(C(=O)N4CCOCC4)CC3)cc(N)c2c(-c2ccc(F)cc2)c1OC,-0.8205066069859208
CS(=O)(=O)c1ccc(Cl)c(C#Cc2cc(Cl)ccc2OCC(=O)O)c1,-2.0972901870301213
CN[C@@H](C)C(=O)N[C@H](C(=O)N[C@H]1CCCN(CCc2ccc(C(F)(F)F)cc2)C1)C(C)(C)C,-1.0282270387799053
Cc1nn(-c2ccc(F)cc2)c(NS(=O)(=O)c2ccc(C(F)(F)F)cc2)c1C(=O)N[C@@H](C)C(C)(C)C,-1.836051881036916
Nc1ccccc1NC(=O)c1ccc(CNC2=N[C@@H](Cc3ccccc3)CO2)cc1,-0.8481431059284342
CCNC(=O)Nc1nc2cc(-c3cncc(OC)c3)c(=O)n(C(C)C)c2s1,-1.091944125901233
CCCOCCn1c(=O)c(NCCNCCO)nc2cnc(-c3ccc(OC)nc3)cc21,-0.6886785300931425
C=CC1=C(C)c2cc3[nH]c(cc4nc(cc5[nH]c(cc1n2)c(C)c5CCC(=O)O)C(CCC(=O)OC)=C4C)[C@@]1(C)C3=CC=C(C(=O)OC)[C@H]1C(=O)OC,-0.3234749201861939
Cc1ccc(S(=O)(=O)Nc2c(C(=O)N[C@@H](C)C(C)(C)C)c(C)nn2-c2ccccc2)cc1,-1.5602971292281889
COc1cc(C)c(Cc2ccc(C(C)C)cc2)cc1[C@@H]1S[C@H](CO)[C@@H](O)[C@H](O)[C@H]1O,-2.000391041028584
CC(C)C[C@@H](NC(=O)[C@@H](Cc1ccccc1)NC(=O)[C@H](N)Cc1ccccc1)C(=O)N[C@H](CCCCN)C(=O)N1CCC(N)(C(=O)O)CC1,-0.1360415125691604
Cc1cc(NC(=O)[C@H](O)c2cccc(Cl)c2)ccc1-c1cnc(N)c(C(=O)NC(C)C)c1,-2.3013775702979022
CC(C(=O)O)c1cccc(Oc2ccccc2)c1,-1.9590023075765075
COc1ccc2c3c1O[C@H]1C(=O)CC[C@H]4[C@@H](C2)N(C)CC[C@]314,-0.1868528554195325
N=C(N)NCc1cccc([131I])c1,-0.4195083950783458
Cc1cc(-c2cccc(Cl)c2)ncc1[C@H]1CCCN1C(=O)c1nccs1,-2.3013775702979022
CCCc1nc(C)c2c(=O)[nH]c(-c3cc(S(=O)(=O)N4CCN(CC)CC4)ccc3OCC)nn12,-1.2928558116575553
C[C@H]1O[C@@H](O[C@H]2[C@@H](O)C[C@H](O[C@H]3[C@@H](O)C[C@H](O[C@H]4CC[C@@]5(C)[C@H](CC[C@@H]6[C@@H]5CC[C@]5(C)[C@@H](C7=CC(=O)OC7)CC[C@]65O)C4)O[C@@H]3C)O[C@@H]2C)C[C@H](O)[C@@H]1O,-1.2928558116575553
CCCC1(C(=O)c2ccc(Cl)c(Cl)c2)CCCN1,-0.8512123159436876
Cc1cc(CCC[N+]23CCC(CC2)[C@@H](OC(=O)[C@](C)(c2ccccc2)N2CCCCC2)C3)ccn1,-0.1141124604114609
CC1CCCC(C)N1CCCC(O)(c1ccccc1)c1ccccn1,-0.8831598975873358
CCOC(=O)CC(N=C(O)C1CCn2c(C(=O)c3ccccc3)ccc21)C(=O)OCC,-0.259282123940715
C[C@H](c1cc(C(=O)N2CCC(O)CC2)cc2c(=O)cc(N3CCOCC3)oc12)N(C)c1cc(F)cc(F)c1,-0.7674358591132167
C[C@H](NC(=O)c1c[nH]c2ncc(C3CC3)nc12)C(C)(C)C#N,-1.174353220625973
COC1=CC(=O)C[C@@H](C)[C@]12Oc1c(Cl)c(OC)cc(OC)c1C2=O,-0.7427535350926288
O=C(CCCOCc1ccccc1)N[C@H]1CC[C@H](O)CC1,-0.3669650451974426
C[S+](O)Cc1ccc(C(=O)Nc2cccnc2C(=O)NCC2CCC2)c2ccccc12,-1.854275425119336
CCOC(=O)C1=C(C)NC(C)=C(C(=O)OC)C1c1cccc(Cl)c1Cl,-2.0065135088870214
CO[C@@H](C)c1c(NC(=O)Nc2ccnc(C(F)(F)F)c2)cnc2cc(Cl)nn12,-1.4093587579877196
Nc1cccc(-c2ccc(Cn3cc(C(=O)O)c(=O)c4cccc(F)c43)cn2)c1,-1.1808839894758698
CCCn1c(=O)[nH]c(=O)c2c1nc(Sc1nc3ccccc3[nH]1)n2Cc1ccccc1,-1.678194516142461
CS(=O)(=O)N(CC(=O)Nc1ccc(F)cn1)c1ccccc1Cl,-1.041388342235121
COc1cc(C(=O)Nc2ccc(NC(=O)c3ccccn3)cc2)ccc1O,-1.7699600188420606
Cc1cc2c(Nc3cnccn3)ccnc2cc1-c1cnc(N2CCCN(C)CC2)nc1,-0.7427535350926288
CCP(=O)(O)c1ccc2oc(-c3cccc(C(F)(F)F)c3)nc2c1,-1.9590023075765075
Cc1ccc(S(=O)(=O)NC(=O)NN2CCCCCC2)cc1,-1.2928558116575553
C[C@@](C(=O)O[C@H]1C[N+]2(CC(=O)Nc3ccccn3)CCC1CC2)(c1ccccc1)N1CCCCC1,-0.9294699040209544
Cc1[nH]c(C(=O)N[C@@H]2CCN(c3ncc(C(=O)O)s3)C[C@@H]2Cl)c(Cl)c1Cl,-2.04614370177502
CNc1nccc(N2CC[C@H](NC(=O)Nc3ccc(CN4CCOCC4)c(C(F)(F)F)c3)C2)n1,-1.3102295598114089
Nc1nc2ccc(OC3CCOC3)nc2n1CC(O)c1ccc(C(F)(F)F)cc1Cl,-1.5690546468315976
Cc1cc(Nc2nc(N[C@@H](C)c3ncc(F)cn3)nc(N3CCOCC3)c2F)n[nH]1,-1.073059010122237
C[C@H]1COc2c(C3(N)CC3)c(F)cc3c(=O)c(C(=O)O)cn1c23,-0.1022574786822374
Cc1ncsc1C(=O)N(Cc1cc(=O)[nH]c2c(F)cccc12)c1cccc(Cl)c1,-1.6599705467386403
CCNc1[nH]c(=O)n(O)c(=O)c1C(=O)NCc1ccc(C)c(F)c1,-1.92121703980304
O=C(O)CNC(=O)C1C(=O)N(C2CCCCC2)C(=O)N(C2CCCCC2)C1=O,-1.972229351129264
CN(C)S(=O)(=O)c1ccc(F)c(C#Cc2cc(Cl)ccc2OCC(=O)O)c1,-2.000391041028584
CC(C)(Cc1ccccc1)C(=O)OC1N=C(c2ccccc2)c2cc(Cl)ccc2NC1=O,-1.6386877748976718
COc1cnc(NS(=O)(=O)c2ccc(N)cc2)nc1,-0.7674358591132167
Cc1c(C)n2cc([N+](=O)[O-])nc2c(=O)n1Cc1ccc(OC(F)(F)F)cc1,-1.9590023075765075
O=C(CCS(=O)(=O)c1ccc(Br)cc1)NCc1ccc(F)cc1,-1.3589504760588786
Fc1ccccc1-c1cc(NCOc2cccnc2)n2ncc(Br)c2n1,-1.2928558116575553
CCOc1ccc([C@@H](C)Nc2nc(N3CCN(C(C)=O)CC3)nc3c2CN(C(C)C)C3=O)cc1F,-0.4755180661494646
O=C(c1ccc(F)c(F)c1)N1CCN2C(=O)c3ccccc3C12C1CCCCC1,-2.04614370177502
O=C(CCCN1CC[Si](O)(c2cccc(C(F)(F)F)c2)CC1)c1ccc(F)cc1,-1.3782101135328222
COCCC#Cc1cccc(C2(c3ccc(OC(F)F)cc3)N=C(N)N3CC(F)(F)CN=C32)c1,-1.622018421700043
O=c1cc(COc2cc(Cl)cc(Cl)c2)[nH][nH]1,-1.678194516142461
CC[C@H]1OC(=O)[C@H](C)C(=O)[C@H](C)[C@@H](O[C@@H]2O[C@H](C)C[C@H](N(C)C)[C@H]2O)[C@](C)(OC)C[C@@H](C)C(=O)[C@H](C)[C@H]2N(CCCCn3cnc(-c4cccnc4)c3)C(=O)O[C@]12C,-0.3005959181846626
CC(C)CC(N(C)C)C1(c2ccc(Cl)cc2)CCC1,-1.5090587946432126
O=C(O)CCCc1ccc(N(CCCl)CCCl)cc1,-0.9212496429980768
N#CCCN1C(=O)CC[C@H]1C(=O)N1CC[C@@]2(S(=O)(=O)c3ccc(F)cc3)c3ccc(C(F)(C(F)(F)F)C(F)(F)F)nc3CC[C@@H]12,-0.0319510957695695
CC(=O)Nc1cc(Nc2cc(NC3COC3)n3ncc(C#N)c3n2)ccc1C,-0.5517266447926501
Cc1ccc(-c2cc3ncncc3c(NC[C@H]3CCCNC3)n2)cc1,-1.041388342235121
CC(Cc1ccc([C@@H](C)C(=O)NS(C)(=O)=O)cc1)C(=O)O,-0.524761869508172
CCC[C@H](CC1(C(=O)Nc2nnc(CC)s2)CCCC1)C(=O)O,-1.6579920709826637
CCO/N=C(\C(=O)N[C@@H]1C(=O)N2C(C(=O)O)=C(Sc3nc(-c4cc[n+](C)cc4)cs3)CS[C@H]12)c1nsc(NP(=O)(O)O)n1,-0.0968014529570216
O=c1cc(N2CCOCC2)nc(NCc2cccc(Cl)c2Cl)[nH]1,-1.6599705467386403
Cc1cccc(C)c1NC(=O)c1cc(S(N)(=O)=O)c(Cl)cc1O,-1.9590023075765075
CCC(CC)COC(=O)[C@H](C)N[P@](=O)(OC[C@H]1O[C@@](C#N)(c2ccc3c(N)ncnn23)[C@H](O)[C@@H]1O)Oc1ccccc1,-1.0150484554518269
COc1cc(C)[nH]c(=O)c1CNC(=O)c1c(C)n([C@H](C)C2CCN(CC(F)(F)F)CC2)c2ccccc12,-1.137105696499718
CC(C)N(C)C(=O)n1cnc(S(=O)(=O)C2CC3CCC2C3)n1,-0.3761513833286242
Cc1ccc2c(-c3cnc4[nH]cc(C(=O)NC5(C)CCNC5)c4n3)nn(C)c2c1,-1.3876400520322256
N#Cc1ccccc1N1CCN(C(=O)COCc2ccccc2)CC1,-1.2150975501133452
Cc1nc(C)c(-c2cccc([C@H](CC(=O)O)CN3CC[C@@H](CCc4ccc5c(n4)NCCC5)C3)c2)[nH]1,-0.275339171994241
CN(C)CCCN1c2ccccc2Sc2ccc(C(F)(F)F)cc21,-0.531598504330863
CN1CCN(c2ncc(-c3ccc4c(Nc5cnccn5)ccnc4c3)cn2)CC1,-0.8831598975873358
CNC(=O)c1ccc(-c2cnc3ncc(Cc4ccc5ncccc5c4)n3n2)cc1F,-1.4065837749305117
CCCCCn1cc(C(=O)NC23CC4CC(CC(C4)C2)C3)c(=O)c(-c2ccncc2)c1C,-1.1491700401514695
CCO[C@H]1CCN(Cc2c(OC)cc(C)c3[nH]ccc23)[C@H](c2ccc(C(=O)O)cc2)C1,-0.4889508842858635
C=CC(=O)Nc1cccc(S(=O)(=O)N2CCN(C(=O)OCc3ccccc3)CC2)c1,-1.678194516142461
COc1cc2c(Nc3cccc4cccnc34)c(C(N)=O)cnc2cc1-c1c(C)noc1C,-1.3876400520322256
CC(CCc1ccccc1)NCC(O)c1ccc(O)c(C(=N)O)c1,-0.3005959181846626
CN1CCN(c2ncc(-c3ccc4c(NC5CCOCC5)ccnc4c3)cn2)CC1,-0.3005959181846626
CCS(=O)(=O)N1C[C@H](C(O)=Nc2ccc(Cl)cn2)[C@@H](C(O)=Nc2ccc(-n3ccccc3=O)cc2F)C1,-0.8512123159436876
COc1ccc(S(=O)(=O)N2CCS[C@H]2C(=O)O[C@@H](Cc2c(Cl)c[n+]([O-])cc2Cl)c2ccc(OC(F)F)c(OCC3CC3)c2)cc1OC,-2.3013775702979022
Cc1cn([C@H]2CCCN(S(=O)(=O)c3ccc(O)c(Oc4cc(F)cc(Cl)c4)c3)C2)c(=O)[nH]c1=O,-1.889811102843363
COc1cc2ncnc(N3CCC(CN4CCN(c5ccc(Cl)cc5)CC4)C3)c2cc1OC,-1.721658030939094
CCC(=O)N(c1ccccc1)C1CCN(CCc2ccccc2)CC1,-0.738242174869261
C#CCN[C@@H]1CCc2ccccc21,-0.6802030354136737
COc1ccc(-c2cc3c(N[C@H]4CCCNC4)ncc(C(N)=O)c3s2)cc1,-1.173705512827552
CCNC(=O)Nc1nc2cc(-c3ccc4cnnn4c3)c(=O)n(C(C)C)c2s1,-0.8512123159436876
CC(C)(Oc1ccc(CCNC(=O)c2ccc(Cl)cc2)cc1)C(=O)O,-1.2928558116575553
C[C@@H]1CCCN1CCCOc1ccc(C(=O)CN2CCOCC2)cc1,-0.0968014529570216
CC1(C)NC(=O)N(c2cccc(C(F)(F)F)c2)C1=O,-0.2945699437247779
CCc1nc2c(N)nc3ccccc3c2n1CCCCNS(C)(=O)=O,-0.4755180661494646
CCC(NC(=O)c1ccc(Cl)cc1)[C@H]1[C@@H]2C[C@@H](n3cnc4ccncc43)C[C@@H]21,-1.4563540467667528
COC(=O)N[C@H](C(=O)N1C[C@@H](C)C[C@H]1c1nc(-c2ccc(-c3ccc(-c4ccc5[nH]c([C@@H]6C[C@H](C)CN6C(=O)[C@@H](NC(=O)OC)C(C)C)nc5c4)cc3)cc2)c[nH]1)C(C)C,-1.824314271737916
O=C(NCc1ccc(F)c(C(F)(F)F)c1)C1c2ccccc2C(=O)N1CCc1ncc(F)cn1,-1.312896623973277
COc1ncc(-c2cccc3c2C[C@H](NC(=O)c2ccc(COCC(F)(F)F)nc2)CO3)cn1,-1.425235105053154
Nc1ncnc2c1ncn2[C@@H]1O[C@H](CSCCCNC(=O)NCc2ccccc2)[C@@H](O)[C@H]1O,-0.8101000089081947
C[C@@H](N)[C@H](NC(=O)c1ccc(C#Cc2ccccc2)cc1)C(=O)NO,-1.0866153578469149
CN1CCCN(C(c2ccccc2)c2ccc(Cl)cc2)CC1,-1.2108467423745437
CN(C)CC(C)(C)COc1cccc(-c2sc(Nc3cccnc3Oc3ccccc3C(C)(C)C)nc2C(F)(F)F)c1,-2.699187205881913
Cc1ccc(NC(=O)Nc2nnc(-c3ccncc3)s2)cc1,-2.149114937904434
CCOc1cc2nnc(C(=N)O)c(Nc3cccc(Cl)c3Cl)c2cc1N1CCN(C)CC1,-1.7451378557193975
CC1(OC(=O)N2CCC3(CC2)C[C@@H]3CNC(=O)N2Cc3ccncc3C2)COC1,-0.3559949365267739
O=C(O)c1cccc(-n2c(/C=C/c3ccc(Cl)s3)nc3ccccc3c2=O)c1,-2.0972901870301213
Cc1cccc(NC(=O)c2cc(Oc3cncnc3)cc(C)n2)n1,-1.174353220625973
O=C(Nc1ccc(C[C@@H]2CC[C@H]([C@H](O)c3ccccc3)N2)cc1)[C@@H]1CCc2nccc(=O)n21,-0.3005959181846626
COc1ccc(-c2ccccc2C2CCN(C[C@@H](O)COc3ccc(-c4cn5ccccc5n4)cc3)CC2)cc1,-1.7962873593922926
N#CC1(c2cccc(Cl)n2)CCN(Cc2cc(C(=O)O)c(=O)n3ccccc23)CC1,-1.1430959774790113
Cc1[nH]c2c(N3CCCCC3)c(-c3ccccc3)nn2c(=O)c1-c1ccc(O)cc1,-2.699187205881913
O=C(NC[C@@H]1[C@H]2C[C@H](n3cnc4cc(F)c(F)cc43)C[C@@H]12)c1ccc(Cl)cc1,-2.3013775702979022
CC[C@H](CO)Nc1nc(SCc2cccc(F)c2F)nc2nc(NC(C)C)sc12,-2.3013775702979022
Cc1ccc(-n2nc(C(C)(C)C)cc2NC(=O)N[C@H]2CC[C@@H](Oc3ccc4nnc(C(C)C)n4c3)c3ccccc32)cc1,-2.699187205881913
CC(O)c1ccc2c(c1)N(CCN1CCC(NCc3ccc4c(n3)NC(=O)CO4)CC1)C(=O)CO2,-0.9481215581614264
O=[N+]([O-])c1cn2c(n1)OC[C@@H](OCc1ccc(N3CCOCC3)cc1)C2,-0.2172451045062516
CN1CCN(C(=O)c2ccc(-c3cn4c(-c5ccc(C#N)cc5)cnc4cn3)cc2)CC1,-1.7699600188420606
CC(C)(C)c1cc(-c2cc(-c3ccc(C(=O)O)cc3)ccc2OCCO)ccc1N1CCCC1,-2.187454278863416
O=C(O)c1cc(C(F)(F)F)ccc1N1CC[C@H](Oc2ccc(F)cc2)C1,-1.6579920709826637
CCCCS(=O)(=O)N[C@@H](Cc1ccc(OCCCCC2CCNCC2)cc1)C(=O)O,-0.2575358536307946
N=C(N)Nc1nc(CSCCC(=N)NS(N)(=O)=O)cs1,-0.0834539381474034
CC1Cc2ccccc2N1NC(=O)c1ccc(Cl)c(S(N)(=O)=O)c1,-0.6516410969424975
CN1CCN2c3c(cccc31)[C@@H]1CN(CCCC(=O)c3ccc(F)cc3)CC[C@@H]12,-1.5690546468315976
COc1ccc2[nH]c(S(=O)Cc3ncc(C)c(OC)c3C)nc2c1,-1.5090587946432126
C[C@@H]1CC(=O)NN=C1c1ccc(Cl)cc1,-0.8831598975873358
Cc1nc(N2CCC3(CC2)CO[C@@H](C)[C@H]3N)cc(=O)n1-c1cccc(Cl)c1Cl,-0.4551261567651986
CC1(C)CNC(=O)N(c2ccc(F)c(C(F)(F)F)c2)C1=O,-0.1050114126443626
Cc1nnc2n1-c1ccccc1N(c1ccc(Cl)cc1)CC2,-1.2928558116575553
CN(C)[C@@H]1C(O)=C(C(N)=O)C(=O)[C@@]2(O)C(O)=C3C(=O)c4c(O)ccc(Cl)c4[C@@](C)(O)C3C[C@@H]12,-0.3005959181846626
COc1cnc(-c2ccccn2)nc1N1CCCC1,-1.173705512827552
O=C(O)COc1ccc(Cl)cc1C#Cc1cccnc1,-1.523298766322403
Cc1nc(Nc2nc3cnc(N4CCN(C)CC4)cc3[nH]2)cc(C2CC2)c1F,-1.2844228080425482
CC/C(=C(\c1ccccc1)c1ccc(/C=C/C(=O)O)cc1)c1ccccc1,-2.4380225597530427
COC(=O)C(CC(C)C)N=C(O)C(C)c1ccc(CC(C)C)cc1,-0.3093521342564098
CC1(C)Cc2c(sc(NC(=O)Nc3ccc(Cl)cc3)c2C(N)=O)C(C)(C)N1,-1.4441199353631946
CNc1nccc(N2CC[C@H](NC(=O)Nc3ccc(CN4CCCC4)c(C(F)(F)F)c3)C2)n1,-0.8668924068772468
Cn1cc(NC(=O)c2cnn3ccc(N)nc23)c(-c2cc(Cl)ccc2Cl)n1,-1.7962873593922926
COC(=O)Nc1ccc(-c2cnn(C(CC3CC3)c3ccc(-c4cc(Cl)ccc4-n4cnnn4)c[n+]3[O-])c2)cc1,-1.824314271737916
CN[C@H](CNc1cc(F)c(S(=O)(=O)Nc2ncc(F)s2)cc1Cl)CC(C)(C)C,-1.678194516142461
O=C(NCC12CC3CC(CC(C3)C1)C2)c1cc(-n2ncc(=O)[nH]c2=O)ccc1Cl,-1.7059462187004089
CCOc1ccc(S(=O)(=O)CC)cc1-c1cn(C)c(=O)c2ccc(-c3cnn(C)c3)cc12,-0.9176455486690313
CC(C)(C)c1c(C(=O)NC2C3CC4CC(C3)CC2C4)cnn1-c1ccc(C(=O)O)cc1,-1.824314271737916
N#CC1(COc2nc(C3CC3)c(C(=O)N[C@H]3C4CC5CC3C[C@](O)(C5)C4)s2)CC1,-0.7936059355691265
CN[C@@H](C)C(=O)N[C@H](C(=O)N[C@H]1CCCN([C@@H]2CCCc3ccccc32)C1)C1CCCCC1,-1.1641040589529887
CCc1ccc(CCOc2ccc(CC3SC(=O)NC3=O)cc2)nc1,-0.4592660437840701
O=C(c1ncc([N+](=O)[O-])[nH]1)N1CCOCC1,-0.6560402709928592
O=C(Nc1cnn2ccc(N3CCCC3c3cc(F)ccc3F)nc12)N1CC[C@H](O)C1,-0.5218665718994825
COCCNC(=O)c1cnc(N)c2cc(-c3ccc(S(=O)(=O)NC(C)(C)C)cc3)sc12,-1.6202051567230198
CN1[C@@H]2CC[C@H]1C[C@@H](OC(=O)C(CO)c1ccccc1)C2,-0.2084555974313201
Cc1[nH]cnc1CN1CCc2c(c3ccccc3n2C)C1=O,-0.7409577003419026
COc1ccc2ncc(=O)n(CCN3CCC(NCc4cc5c(cn4)OCCO5)CC3)c2n1,-0.3294923036169156
COc1cc(C)ccc1-c1cnc2sc(N3CCC(O)(CN)CC3)nn12,-1.065931005569042
COc1ccc(Cl)cc1C1(F)C(=O)Nc2cc(C(F)(F)F)ccc21,-2.5689097666353824
CC1(C)CN(CCC#N)C(=O)[C@@H]1Oc1ccc(C#N)c(C(F)(F)F)c1,-0.6444067394784605
CNC(=C[N+](=O)[O-])NCCSCc1ccc(CN(C)C)o1,-0.0705044408445938
O=C(Cn1c(Cl)cnc(NCC(F)(F)c2cccc[n+]2[O-])c1=O)NCc1ncccc1F,-0.5218665718994825
CN1CCCCC1c1nc(O)c(O)c(C(=O)NCc2ccc(F)cc2)n1,-1.27069481652132
N=C(N)NC(=N)NCCc1ccccc1,-0.0756379990570182
CO[C@@]12CC[C@@]3(C[C@@H]1[C@](C)(O)C(C)(C)C)[C@H]1Cc4ccc(O)c5c4[C@@]3(CCN1CC1CC1)[C@H]2O5,-1.1885178277940724
N=C(O)C(c1ccccc1)(c1ccccc1)[C@@H]1CCN(CCc2ccc3c(c2)C(O)CO3)C1,-0.8831598975873358
CN1C(=O)[C@@H](CN2CCCCC2)C[C@H]1C#Cc1ccccc1,-0.7674358591132167
CNc1ccn2ncc(C(=O)Nc3cc(C)nn3-c3cccc(Cl)c3)c2n1,-1.7699600188420606
Cc1cc(C#N)cc(C(=O)c2c(C(C)C)c(=O)[nH]c(=O)n2C)c1,-0.8481431059284342
CO[C@H]1CN(c2nc(C(=O)NCC3OCCO3)c(C(=O)O)s2)CC[C@H]1NC(=O)c1[nH]c(C)c(Cl)c1Cl,-1.5380215234713237
CC(=O)N1CCN(c2cccc(-c3cc(-c4ccnn4C4CCOCC4)c4c(N)ncnn34)c2)C(=O)C1(C)C,-0.2672364431021822
CN(C)C(=O)Cc1ccccc1CNC(=O)c1nc(N2CCCCS2(=O)=O)c2cccnc2c1O,-1.2150975501133452
Cc1ccc(S(=O)(=O)Nc2c(C(=O)N[C@@H](C)C(C)(C)C)c(C)nn2C2CCN(C)CC2)cc1,-0.3423267210298023
O=C1NC(=O)C(c2cnc3ccccn23)=C1c1cn2c3c(cc(F)cc13)CN(C(=O)N1CCCCC1)CC2,-1.5090587946432126
CC(=O)N(C)c1ccc(Nc2ncc3cc(-c4ccncc4)ccc3n2)cc1,-1.6972168265731098
O=c1c2nc([N+](=O)[O-])cn2ccn1Cc1ccc(OC(F)(F)F)cc1,-1.678194516142461
CC1(COc2cc(F)c(C(=O)NS(=O)(=O)C3CC3)cc2C2CC2)CCC2(CC1)CC2,-2.699187205881913
O=C(O)CNC(=O)C1=C(O)CCN(Cc2ccc(-c3ccccc3)cc2)C1=O,-1.92121703980304
CNC(=C[N+](=O)[O-])NCCSCc1csc(CN(C)C)n1,-0.1868528554195325
O=C(O)c1ccc(-c2nc(C(=O)c3c(Cl)cccc3C3CC3)n3cccnc23)cc1O,-1.9590023075765075
CC(C)C[C@H](CO)Nc1nc(S[C@@H](C)c2ccccc2F)nc2nc(N)sc12,-2.6780082524527327
O=c1[nH]c(Nc2cc(Cl)cc(Cl)c2)nc2cc(Cl)ccc12,-3.0
CCOC(=O)Nc1cc2c(c(N)n1)N=C(c1ccccc1)CCN2,-1.2569169000188067
COc1cc2c(ccc(=O)n2CCN2CCC(NCc3cc4c(cn3)OCCO4)CC2)cn1,-0.7721599395765644
O=C(N[C@@H]1CCC[C@@H](NC(=O)c2cccc(Cl)c2)C1)c1cccc(F)c1,-1.3983636523517635
CO/N=C(\C(=O)N[C@@H]1C(=O)N2C(C(=O)O)=C(CSc3nnnn3C)CS[C@H]12)c1csc(N)n1,-0.5076727249063073
CO[C@H]1CN(c2nc(-c3cnccn3)c(C(=O)O)s2)CC[C@H]1NC(=O)c1[nH]c(C)c(Cl)c1Cl,-1.3983636523517635
Nc1ncnc2c1C(=O)N(c1ccc(-c3c(F)cccc3F)cc1)CCO2,-1.0181587503287757
O=C(CN1CCCC1)N1c2ccccc2Sc2ccc(C(F)(F)F)cc21,-1.622018421700043
Cc1ccc(-c2cc3nccnc3c(NC[C@H]3CCCNC3)n2)cc1,-1.041388342235121
O=C(c1cc(-c2cccnc2)[nH]n1)N1CCN(C(c2ccccc2)c2ccccc2)CC1,-2.3013775702979022
C[C@H]1O[C@@H](n2cnc3c(N)nc(OC(C4CC4)C(F)(F)F)nc32)[C@H](O)[C@@H]1O,-0.45586917361419
Cc1ccc(S(=O)(=O)NC(O)=NN2CC3CCCC3C2)cc1,-1.041388342235121
CN1CCN(C)/C(=N/c2ccc([N+](=O)[O-])cc2C(=O)Nc2ccccc2)C1,-0.636820649941314
CCS(=O)(=O)c1ccc(-c2cc(Cl)ccc2OCC(=O)O)c(C)c1,-2.409258450021788
C[C@H]1[C@H](NC(=O)/C(=N\OC(C)(C)C(=O)O)c2csc(N)n2)C(=O)N1C(=O)NS(=O)(=O)N1C[C@@H](N(C)C(=O)NCc2cc(=O)c(O)cn2O)CC1=O,-0.567463616735744
CC(C)NC(=N)NC(=N)Nc1ccc(Cl)cc1,-0.6972362915270183
CCN(CC)CCNc1ncnc2c1sc1nc(N3CCOCC3)c3c(c12)CCCC3,-1.100608534202453
Cn1c(C(C)(C)C)nc(C(O)=NCc2ccc(F)cc2C(O)=NCC(F)(F)F)c(O)c1=O,-1.9590023075765075
O=C(O)C[C@H](O)C[C@H](O)CCn1c(-c2ccc(F)cc2)nc(C(=O)NCc2cccc(F)c2)c1C1CC1,-0.5365400288758649
CC1(C)Cc2c(c(C(=O)Nc3cc(C(F)F)ccc3F)cc3nc(Nc4c(F)cccc4Cl)[nH]c23)O1,-2.553121247745479
COc1cc(C(=O)NCCN2CCC(OC(=O)Nc3ccccc3-c3ccccc3)CC2)c(Cl)cc1CNC[C@H](O)c1ccc(O)c2[nH]c(=O)ccc12,-1.9590023075765075
CN1CCN(C2=Nc3ccccc3Nc3ccc(OS(=O)(=O)C(F)(F)F)cc32)CC1,-1.4345748799673852
c1ccc(C(O[C@@H]2CCCN(CCc3ccc4c(c3)OCO4)C2)c2ccccc2)cc1,-2.958646797953009
COc1ccc(NC(=O)[C@H](C)N=c2nc(O)c3cnn(C4CCCC4)c3[nH]2)cc1,-1.236999022944533
Fc1ccc(-c2cc(C3(c4ccccc4)CCN(CCc4ccccc4)CC3)[nH]n2)cc1,-1.1491700401514695
Cc1[nH]c2cc([C@@H]3CCCCN3C(=O)c3cc(F)ccc3NS(C)(=O)=O)nn2c(=O)c1C,-1.0181587503287757
CN1CC2(CCN(c3ncc(-c4ccc5c(Nc6cnccn6)ccnc5c4)cn3)C2)C1,-0.2835959540622216
CC(=O)Nc1cc2c(ccn2-c2cc(NC3CC3)n3ncc(C#N)c3n2)cc1C,-1.6599705467386403
CO[C@]12C[C@@H](COC(=O)c3cncc(Br)c3)CN(C)[C@@H]1Cc1cn(C)c3cccc2c13,-1.2928558116575553
Cc1cc(C2CCN(C(=O)[C@@H]3CN(C(C)(C)C)C[C@H]3c3ccc(F)cc3F)CC2)n(-c2ccc(Cl)cc2F)n1,-0.7674358591132167
Cc1ccc(S(=O)(=O)N(C)C(C)C)cc1C#Cc1cc(Cl)ccc1OCC(=O)O,-2.5231683714877318
O=C(Nc1ccc(Cl)cc1)C(=O)N1CC[C@H](c2ccnc3ccc(F)cc23)[C@@H](O)C1,-1.92121703980304
COc1cc(F)c2c(Nc3ccc(NC(=O)Cn4cc(C(C)C)nn4)cc3)ncnc2c1,-2.3982658517398923
COc1ncc2ccc(=O)n(CCN3CCC(NCc4cc5c(cn4)OCCO5)CC3)c2n1,-0.5630787958768336
CNCCN1CCCc2cc(NC(=N)c3cccs3)ccc21,-0.2215593164287672
CC(C)COCC(CN(Cc1ccccc1)c1ccccc1)N1CCCC1,-0.9268591136448964
CC(C)Cn1c(=O)n(C)c(=O)c2c(C(=O)N3CC[C@@H](O)C3)c(Cc3ccnc4ccccc34)sc21,-0.4461864902989373
Cc1ccc(NC(=O)c2ccc3c(c2)OCCO3)cc1NC(=O)c1ccc2nc(OCCN3CCCC3)ccc2c1,-0.3274126816541466
O=C(Nc1cc(-n2cnc3ccccc32)ccn1)C1CC1,-0.9176455486690313
COc1ccc2ncc(F)c([C@@H](O)CC[C@@H]3CCN(C4CC(c5cc(F)ccc5F)C4)C[C@@H]3C(=O)O)c2n1,-1.432221038427818
O=S(=O)(Nc1ncns1)c1cc(F)c(Oc2ccc(Cl)cc2-c2ccnn2C2CNC2)cc1F,-1.678194516142461
CCNC(=O)Nc1nc2cc(-c3cccnc3)c(=O)n(CC3CC3)c2s1,-1.2928558116575553
O=C(NS(=O)(=O)c1ccccc1)N1CCC(N2CCC(Oc3ccc(Cl)c(Cl)c3)CC2)CC1,-0.7276626054354383
Cc1cnc(-c2cc(NC(=O)c3ccc(C(F)(F)F)nc3C)ccc2Cl)[nH]1,-1.397279298161686
C[C@H]1C[C@H]2[C@@H]3CCC4=CC(=O)C=C[C@]4(C)[C@@]3(Cl)[C@@H](O)C[C@]2(C)[C@@]1(O)C(=O)CO,-0.8831598975873358
O=C1COc2c(CCNCCN(C(=O)CCNCCc3ccc(Cl)c(Cl)c3)C3CCCCC3)ccc(O)c2N1,-1.491218530542762
Cc1ccc(-n2nc(C(C)(C)C)cc2NC(=O)Nc2ccc(-n3cnc(C)c3)cc2)cc1,-2.796042908318748
Cc1cc2c(C(C)C)c(O)c(O)c(C=O)c2c(O)c1-c1c(C)cc2c(C(C)C)c(O)c(O)c(C=O)c2c1O,-0.3093521342564098
CO[C@H]1/C=C/O[C@@]2(C)Oc3c(C)c(O)c4c(O)c(c5c(nc6cc(C)ccn65)c4c3C2=O)NC(=O)/C(C)=C\C=C\[C@H](C)[C@H](O)[C@@H](C)[C@@H](O)[C@@H](C)[C@H](OC(C)=O)[C@@H]1C,-0.4563652253420578
COCC[C@H](c1ccc(-c2c(-n3cc(Cl)nn3)ccc(Cl)c2F)c[n+]1[O-])n1cc(-c2cnnn2C)cn1,-0.8512123159436876
O=C(O)C[C@H](NC(=O)Cn1c(C2CC2)ccc(NCc2ccc3c(n2)NCCC3)c1=O)c1cccc(F)c1,-2.1552743720267773
COc1ccc(-c2cc(=O)[nH]c(=S)n2CC(=O)NCCN)c(OC)c1,-0.045709238298873
Cc1[nH]c(=N)ccc1CN=C(O)Cn1c(C)cc(S(=O)(=O)CC2CCC2)c(N)c1=O,-0.259282123940715
Cc1noc2c(F)c3c(cc12)CC1(C(=O)NC(=O)NC1=O)[C@H]1[C@H](C)O[C@@H](C)CN31,-1.2844228080425482
Nc1nc2c(c(=O)[nH]1)C(c1cccc(OC(F)(F)F)c1)CC(=O)N2,-0.9551076165256404
COc1ccc2ncc(=O)n(CCN3CC[C@H](NCc4ccc5c(n4)NC(=O)CO5)[C@H](O)C3)c2c1,-0.8561686194492562
CC(C)n1c(/C=C/[C@H](O)C[C@H](O)CC(=O)O)c(-c2ccc(F)cc2)c2ccccc21,-1.678194516142461
Cc1cc2ncc(C(=O)NCC(C)(C)NCC(=O)N3CCC[C@H]3C#N)c(C)n2n1,-0.0981590468675327
C[C@H](CN(C(=O)c1ccc(C#N)cc1)c1ccccn1)N1CCN(c2cccc3c2OCCO3)CC1,-2.000391041028584
CN(C(=O)Cc1ccc(S(C)(=O)=O)cc1)C1CCN(Cc2ccc(C(F)(F)F)cc2)CC1,-0.7196263061248698
Cn1c(CCCC(=O)O)nc2cc(N(CCCl)CCCl)ccc21,-1.3655442939521476
Cc1cc(-c2ccc(C[C@@H](C#N)NC(=O)[C@@H]3CNCCCO3)cc2)cc2c1oc(=O)n2C,-1.091944125901233
O=C(C[N+]12CCC(CC1)[C@@H](OC(=O)C1(C3=CC=CC3)CCCCCC1)C2)Nc1ncco1,-0.8214546854889927
CC(=O)N1C2C=C(CN3CCC(Nc4ccc5c(C(F)(F)F)cc(C(F)(F)F)nc5n4)CC3)CC1CCC2,-1.3376672295602454
O=c1ccc2ccc(OCCCCN3CCN(c4cccc5sccc45)CC3)cc2[nH]1,-1.6173195884389362
CCOc1cc(Nc2nc3c(cc2F)ncn3[C@@H](CO)c2ccc(F)cn2)n[nH]1,-0.9149619712308856
CCC(NC(=O)c1ccc(Cl)cc1)[C@H]1[C@@H]2C[C@@H](n3cnc4cc(F)ccc43)C[C@@H]21,-2.1552743720267773
CC(=O)Nc1cc(Nc2cc(Nc3ccn(C)n3)n3ncc(C#N)c3n2)ccc1C,-0.9176455486690313
Cc1cc(/C=C/C#N)cc(C)c1N=c1ccnc(Nc2ccc(C#N)cc2)[nH]1,-1.9590023075765075
c1coc(CNc2ncnc3occc23)c1,-0.0599175282990633
CC(C)c1c(-c2cnn(C(C)C)c2)[nH]c2c(C#N)cnn2c1=O,-1.854275425119336
CS(=O)(=O)c1ccc(-c2cnc(N)c(-c3cccc(C(F)(F)F)c3)c2)cc1,-1.2222760159639607
Cc1nnc2n1-c1ccc(Cl)cc1C(c1ccccc1)=NC2,-0.6165455714125196
CN1CCN(S(C)(=O)=O)CC1c1nc(C(=O)NCc2ccc(F)cc2)c(O)c(=O)n1C,-0.5076727249063073
Cc1c(CC(=O)O)c2cc(F)ccc2n1S(=O)(=O)c1ccc(S(C)(=O)=O)cc1,-1.1094493270412118
N[C@H]1CCN(c2c(Cl)cccc2/C=C2\SC(=O)NC2=O)C1,-1.6130268690297946
CO[C@H]1CN(c2nc3cccc(C(=O)O)c3s2)CC[C@H]1N=C(O)c1[nH]c(C)c(Cl)c1Cl,-1.9590023075765075
C[C@H](N)[C@@H]1CCN(c2c(F)cc3cc(C(=O)O)c(=O)n4c3c2OC[C@@H]4C)C1,-0.0968014529570216
O=C(Nc1ccc(Cl)c(C(=O)Nc2cncs2)c1)c1cccc(Cl)c1,-2.5231683714877318
[2H]C([2H])(O)C1(C([2H])([2H])O[C@]2(c3ccc(Cl)cc3)c3ccc(C(C)(C)O)cc3C(=O)N2Cc2ccc(Cl)cc2)CC1,-2.3982658517398923
CNC(=O)c1ccc(Oc2ccc(CN3CCC(N4C(=O)N(C5CCOCC5)C[C@H]4c4ccccc4)CC3)c(C)n2)cc1,-1.2522387218155722
CCc1nnc(NS(=O)(=O)c2ccc(N)cc2)s1,-1.5090587946432126
CC(C)CN(C[C@@H](O)[C@H](Cc1ccccc1)NC(=O)O[C@H]1CCOC1)S(=O)(=O)c1ccc(N)cc1,-1.0471049748683154
CN=C(O)c1nn(C)c2c1CCc1cnc(NC3CCN(C(=O)C4CCN(S(C)(=O)=O)CC4)CC3)nc1-2,-0.5076727249063073
CCOc1nc2cccc(C(=O)OC(C)OC(=O)OC3CCCCC3)c2n1Cc1ccc(-c2ccccc2-c2nnn[nH]2)cc1,-2.3273213152562007
N#Cc1c(-c2ccc(-c3cccnc3)cc2)nc2ccncc2c1O,-2.0972901870301213
CC(C)(C)N1C[C@@H](C(=O)N2CCC(c3ccnn3-c3ccc(F)c(Cl)c3)CC2)[C@H](c2ccc(F)cc2F)C1,-0.7427535350926288
C=C(F)C(=O)N1CCN(c2nc(OC[C@@H]3CCCN3C)nc3c2CCN(c2cccc4cccc(Cl)c24)C3)C[C@@H]1CC#N,-1.7512116632869392
Cc1ccc(NC(=O)c2cccc(N3CCOCC3)c2)cc1NC(=O)c1ccc(OCc2ccccn2)cc1,-1.432221038427818
Cc1cc(Br)ccc1C(=O)Nc1ccccn1,-0.9212496429980768
O=C(O)c1cn(Cc2ccc(-c3ccc(F)cc3)cn2)c2c(c1=O)C(O)CCC2,-0.6077357984806265
CC(=O)S[C@@H]1CC2=CC(=O)CC[C@]2(C)[C@H]2CC[C@@]3(C)[C@@H](CC[C@@]34CCC(=O)O4)[C@H]12,-0.9961088337630896
COc1ccc(-c2cc(CC[C@](C)(C(=O)NO)S(C)(=O)=O)on2)c(F)c1,-1.137105696499718
C=CC(=O)Nc1ccc(S(=O)(=O)N2CCN(C(=O)C3CCCC3)CC2)cc1,-1.1491700401514695
Cc1cc(Nc2ccc(C(C)(C)C)c(F)c2)n2ncnc2n1,-1.432221038427818
CCCc1ccc(Nc2cc(C)nc3ncnn23)cc1,-1.1808839894758698
O=C(C1CC(F)(F)C1)N1CCc2nc(C#Cc3ccccc3)sc2C1,-1.92121703980304
O=C1NCCN1c1ncc([N+](=O)[O-])s1,-0.8214546854889927
COc1ccnc(CCc2nc3c(C)ccnc3[nH]2)c1,-0.7035478417472689
O=C1Nc2ccc(F)c(F)c2C(CC(F)F)(c2ccc(F)cc2)N1CC(F)(F)F,-1.7962873593922926
O=C(Nc1nnc(C2CCC2)o1)NC1C2CC3CC(C2)CC1C3,-1.854275425119336
CCCCCOc1ccc(C(=O)NC(C(=O)O)C(C)C)cc1,-1.7427319193805018
CN(C)CCC1CCN(c2cc(C(=O)NC[C@H]3CC[C@H](CNC(=O)OCC(C)(C)C)CC3)c3ccccc3n2)CC1,-1.8272190678846332
CCNC(=O)Nc1cc(-c2nc(C(F)(F)F)cs2)c(-c2cc(-c3n[nH]c(=O)o3)cnc2N2C3CCC2CN(C)C3)cn1,-0.674096600240621
O=CNc1cc([C@@H](O)CNCCc2ccc(NC[C@H](O)c3ccccc3)cc2)ccc1O,-0.5445227497656201
O=C(c1ccc(NS(=O)(=O)c2cccc3cccnc23)cc1)N1CCN(CC2CC2)CC1,-1.619120820600281
O=C(O)c1cc(CN2CCN(c3ccc(C(F)(F)F)cc3)CC2)c2ccccn2c1=O,-1.3014558129408076
C=C[C@H]1CN2CCC1C[C@@H]2[C@@H](O)c1ccnc2ccc(OC)cc12,-0.9961088337630896
C[C@H](CO)CN1[C@H](c2ccc(/C=C/C(=O)O)cc2)c2[nH]c3ccccc3c2C[C@H]1C,-1.3283274043791142
COc1ccc2cc1Oc1cc3c(cc1OC)CC[N+](C)(C)[C@H]3Cc1ccc(cc1)Oc1c(OC)c(OC)cc3c1[C@@H](C2)[N+](C)(C)CC3,-0.1868528554195325
O=C(O)CC(N=C(O)CCCCc1ccc2c(n1)NCCC2)c1cncnc1,-0.2514708756001677
O=C(N[C@H]1CCN(CC2CCC2)C[C@@H]1C(=O)NC1(c2ncccn2)CC1)c1cc(-c2ccc(F)cc2F)on1,-1.065931005569042
Cn1c(=O)c2ccc(-c3cncnc3)cc2n2nc(-c3ccccc3)cc12,-2.04614370177502
COc1cc(Nc2ncc(C)s2)nc(N[C@@H](C)c2ncc(F)cn2)n1,-0.9833969924067856
C[C@@H](Nc1cccc(Cl)c1F)c1cc(C(=O)N(C)C)cc2c(=O)cc(N3CCOCC3)oc12,-0.8214546854889927
Nc1ccc(-c2cnc3[nH]cc(-c4ccc5[nH]ccc5c4)c3c2)cn1,-1.7699600188420606
COCc1c(NC(=O)Nc2cnc(-n3nccn3)c(Cl)c2)cnc2cc(Cl)nn12,-1.6993827801934176
NC(=O)c1ccc(-c2cc3c(N[C@H]4CCCNC4)ncc(C(N)=O)c3s2)cc1,-0.5806422720792813
CC(C)(C)c1cc(NC(=O)Nc2ccc(-c3cn4c(n3)sc3cc(OCCN5CCOCC5)ccc34)cc2)no1,-1.988399110339772
NCc1ccccc1CC(=O)N[C@@H]1C(=O)N2C(C(=O)O)=C(CSc3nnnn3CC(=O)O)CS[C@H]12,-0.7042499411797973
C[C@@](C(=O)O[C@H]1C[N+]2(CCc3cccc(F)c3)CCC1CC2)(c1ccccc1)N1CCCCC1,-1.1553302613868628
CC1(C)CC(=O)N(CCCCN2CCN(c3ncccn3)CC2)C(=O)C1,-0.5501838618644456
CN1CCSCC1c1nc(C(=O)NCc2ccc(F)cc2)c(O)c(=O)n1C,-0.7674358591132167
O=C(O)COc1ccc(Cl)cc1C1CCCCCC1,-0.5938926265229728
CO[C@H]1CN(c2nc(-c3nc(C)no3)c(C(=O)O)s2)CC[C@H]1NC(=O)c1[nH]c(C)c(Cl)c1Cl,-1.7962873593922926
CC[N+](C)(C)Cc1ccccc1Br,-0.0314843638442568
C[C@@](C(=O)O[C@H]1C[N+]2(CCOCCc3ccccc3)CCC1CC2)(c1ccccc1)N1CCCCC1,-1.5849436429021069
C=CC(=O)N1CC[C@H](Oc2nc(-c3n[nH]c(=O)[nH]3)cc3ccccc23)C1,-0.9435258470401549
CS(=O)(=O)Nc1cc(C(=O)O[C@@H](Cc2c(Cl)c[n+]([O-])cc2Cl)c2ccc(OC(F)F)c(OCC3CC3)c2)ccc1OCC1CC1,-2.667793899280998
COc1ccc2nc(C)cc(OCC(=O)NCc3ccccc3)c2c1,-1.962968132250768
C[C@@H](OC(=O)N1CCC(O[C@H]2CC[C@H](Oc3cnc(S(C)(=O)=O)cn3)CC2)CC1)C(F)(F)F,-1.5854444437707855
Fc1cccc(-c2nc3cnn(Cc4cc(-c5ccc(C(F)(F)F)cc5C(F)(F)F)no4)cc-3n2)c1F,-2.5231683714877318
CN1CCN(c2cc(-c3ccc(C#N)cc3)nc(N)n2)CC1,-0.1868528554195325
NC1CCN(c2c(F)cc3c(=O)c(C(=O)O)cn(C4CC4)c3c2Cl)C1,-0.0177106717340002
Cc1ccoc1C(=O)NCCc1csc(-c2ccccc2)n1,-1.2928558116575553
CC[C@H](N[C@@H](CCc1ccccc1)C(=O)O)C(=O)N1C[C@@H](NC(=O)C[C@H](N)Cc2cc(F)c(F)cc2F)C[C@H]1C(=O)O,-0.1962943969757637
Nc1ccccc1NC(=O)c1ccc(CNC2=N[C@H](c3ccccc3)[C@H](c3ccccc3)O2)cc1,-1.2844228080425482
Cc1cc([C@@]23c4ccccc4C(=O)N2CCN3C(=O)c2ccc(F)c(F)c2)ccc1Cl,-2.1552743720267773
Nc1ccc(O)c(C(=O)O)c1,-0.2459783796593165
Cc1noc2c1-c1ccccc1C(c1ccc(Cl)cc1)=N[C@H]2CC(N)=O,-1.2928558116575553
Cc1cc(Oc2cncnc2)cc(C(=O)Nc2cccc(F)n2)n1,-0.8765796021785472
CC(C)(C)Cc1c[nH]c(C(C)(O)Cc2ccc(-c3ccc(F)cn3)cc2)n1,-2.699187205881913
O=C(NCc1ccc(S(=O)(=O)c2cc(F)cc(F)c2)cc1)c1cc2ccncc2s1,-2.000391041028584
Clc1cccc(Cl)c1NC1=NCCN1,-0.1495855708604165
Cn1c(NCCN(CCO)CCCc2ccc([N+](=O)[O-])cc2)cc(=O)n(C)c1=O,-1.041388342235121
COCn1ccnc1-c1nc(N2CC[C@@H](NC(=O)c3[nH]c(C)c(Cl)c3Cl)[C@@H](OC)C2)sc1C(=O)O,-1.1430959774790113
NC(=O)C[N+]12CCC(CC1)[C@@H](OC(=O)C1(C3=CC=CC3)CCCCCC1)C2,-0.7427535350926288
CCc1c(CCCC(=O)O)cccc1-c1nsc(-c2cnc(OC(C)C)c(C(F)(F)F)c2)n1,-2.882831488482821
CC[C@H](c1ccc(C(=O)O)c(Oc2cccc(Cl)c2)c1OC)N1CCC[C@H](n2cc(C)c(=O)[nH]c2=O)C1,-1.7962873593922926
Nc1ccccc1NC(=O)c1ccc(CNC2=N[C@@H](c3ccccc3)[C@H](c3ccccc3)O2)cc1,-1.4952709483787436
CC(C)(O)c1ccc(Nc2nc3ccc(C#N)cc3[nH]2)cc1,-1.137105696499718
O=C(Cc1cccc(I)c1)N1CCN(C(=O)c2cc(Cc3n[nH]c(=O)c4ccccc34)ccc2F)CC1,-1.5854444437707855
O=C(NN1C(=O)[C@@H]2[C@@H]3C=C[C@@H]([C@H]4C[C@@H]34)[C@@H]2C1=O)c1ccc(C(F)(F)F)cc1,-0.6945867802437289
COc1cc2c(N=c3cc(CC(O)=Nc4cccc(F)c4)[nH][nH]3)ncnc2cc1OCCCN1CCC(CO)CC1,-1.2150975501133452
CN1C(=O)c2c3c(c(O)c(=O)n2[C@]12CC[C@@H]1C[C@@]12CO)C(=O)N(Cc1ccc(F)c(Cl)c1)CC3,-1.678194516142461
CNc1c(Br)cnc2[nH]c(-c3cnn(C4CCN(C)CC4)c3)nc12,-0.6407868198934434
O=C(N[C@H]1CCN(C2CCCCC2)C[C@@H]1C(=O)NCCc1ccccn1)c1cc(-c2ccc(F)cc2F)on1,-1.137105696499718
Cc1ccc(NC(=O)c2ccc(P(C)(=O)O)cc2)cc1Nc1nccc(-c2cccnc2)n1,-0.9212496429980768
NC(=O)c1c(-c2ccccc2)[nH]c(-c2ccnc(N)n2)c1I,-0.4939281250746494
O=C(O)c1cn(Cc2ccc(-c3cncnc3)cc2)c2c(F)cccc2c1=O,-0.8932211458174676
Cc1nc(C)c(-c2ccc([C@H]3CC[C@H](CC(=O)NC(C)(C)C(=O)O)CC3)cc2)nc1C(N)=O,-1.101703841214021
O=C(C[N+]12CCC(CC1)[C@@H](OC(=O)C1(C3=CC=CC3)CCCCCC1)C2)Nc1ccncc1,-1.2928558116575553
COc1cc(N=C(O)c2ccccn2)ccc1Cl,-1.6386877748976718
O=C(NCc1ccc(S(=O)(=O)c2ccc(N3CCOCC3)nc2)cc1)c1cc2cnccc2[nH]1,-1.92121703980304
COc1cncc(-c2cccc(-c3cn4ccc(OC)c(C(N)=O)c4n3)c2)c1,-1.678194516142461
CC(=O)Nc1cc(Nc2cc(NC3COC3)n3ncc(C#N)c3n2)ccc1C1CC1,-0.6972362915270183
Cn1c(CNc2ccc(C(=N)N)cc2)nc2cc(C(=O)N(CCC(=O)O)c3ccccn3)ccc21,-0.2763217372601433
O=C(O)CNC(=O)C1=C(O)CC2(CCC2)N(Cc2ccc(-c3ccccc3)cc2)C1=O,-2.2222108125651343
CC(C)Oc1cc(Nc2nc3c(cc2F)ncn3[C@@H](CO)c2ccc(F)cn2)n[nH]1,-1.2561336957632194
CC(C)(Oc1ccc(C(=O)c2ccc(Cl)cc2)cc1)C(=O)O,-1.886791895538404
[2H]C([2H])(O)C1(C([2H])([2H])O[C@]2(c3ccc(Cl)cc3)c3c(F)cc(C(C)(C)O)cc3C(=O)N2Cc2ccc(Cl)cn2)CC1,-2.04614370177502
Cc1cc2c(OCC(O)CNC(C)C)cccc2[nH]1,-0.3005959181846626
Cc1cccc(N=c2cc[nH]cc2S(=O)(=O)NC(O)=NC(C)C)c1,-1.9590023075765075
CCOC(=O)C(C)N=C(O)C1CCn2c(C(=O)c3ccccc3)ccc21,-0.0908779471523705
COc1ccc([C@H](CC(=O)O)N2CCN(CCCc3ccc4c(n3)N[C@@H](C)CC4)C2=O)cn1,-1.2928558116575553
O=C(O[C@H]1C[C@@H]2C[C@@H]3C[C@@H](C1)N2CC3=O)c1c[nH]c2ccccc12,-0.5076727249063073
Cc1ccnc([C@@H](C)Oc2cc3oc(=O)n(CCC(=O)O)c3cc2Cl)c1,-1.2445520293402297
CC1=C(C(=O)OC(C)(C)C)C(=O)/C(=C\c2cc(C)n(-c3ccccc3C(F)(F)F)c2C)N1,-1.1942477451993276
CCOC(=O)C1=C[C@@H](OC(CC)CC)[C@H](NC(C)=O)[C@@H](N)C1,-0.2362576311412831
CCNC(=O)Nc1nc2cc(-c3cccnc3)cc(-c3ncccc3F)c2[nH]1,-1.836051881036916
CCNC(=O)Nc1cc(-c2nc(C(F)(F)F)cs2)c(-c2cc3ncccc3nc2N2C3CCC2CN(C)C3)cn1,-1.5090587946432126
NC(=O)c1cc(-c2nc(N)ncc2F)[nH]c1-c1ccccc1,-0.4939281250746494
COc1cc(OC)c(S(=O)(=O)NCc2ccccc2N2CCCCC2)cc1NC(=O)CCC(=O)O,-0.5162756616018234
COc1ccc([C@H](C(=O)N2CCOCC2)N2C(=O)[C@@H](C3Cc4ccccc4C3)NC(=O)[C@H]2CC(C)C)cn1,-0.6184156653472478
COc1c(F)cc(C2CC(C(C)(C)C)=NN2c2ccc(C(=O)N3CCN(C)CC3)cc2)cc1F,-0.0604158576515883
COc1cc2ncnc(Nc3cccc(Cl)c3F)c2cc1CN1CCC[C@H]1C(N)=O,-1.2928558116575553
CO/N=C(\C(=O)N[C@@H]1C(=O)N2C(C(=O)O)=C(COC(C)=O)CS[C@H]12)c1csc(N)n1,-0.3093521342564098
CCOP(=O)(Cn1ccc(NC(=O)c2cc(Oc3cnc(C(=O)N4CCC4)cn3)cc(OC(C)C)c2)n1)OCC,-1.2600639181842257
CC(C)NC[C@H](O)COc1cccc2ccccc12,-0.852755093385855
CO[C@H]1/C=C/O[C@@]2(C)Oc3c(C)c(O)c4c(O)c(c(/C=N/N5CCN(C)CC5)c(O)c4c3C2=O)NC(=O)/C(C)=C\C=C\[C@H](C)[C@H](O)[C@@H](C)[C@@H](O)[C@@H](C)[C@H](OC(C)=O)[C@@H]1C,-0.7861709906560033
CC(=O)N1CCN(C)C(c2nc(C(=O)NCc3ccc(F)cc3)c(O)c(=O)n2C)C1,-0.5218665718994825
CN1C(=O)N[C@H]2[C@@H]3NC(=O)c4cc(Cl)c(Br)n4[C@@H]3C[C@]21O,-0.271268911020044
COc1ccccc1Oc1c(NS(=O)(=O)c2ccc(C(C)(C)C)cc2)nc(-c2ncccn2)nc1OCCO,-1.7441738811650775
O=C1[C@H](Nc2cc(F)cc(Cl)c2)CCCN1[C@@H]1CCCN(c2ncnc3[nH]ncc23)C1,-0.004360418611657
OC1(c2ccc(F)cc2)CCN(c2ccc3nnc(C(F)(F)F)n3n2)CC1,-1.3876400520322256
Fc1cccc(CN2CCN(c3ccc4nnc(C(F)(F)F)n4n3)CC2)c1F,-1.7451378557193975
CC(=O)O[C@H]1C[C@@H]2CC[C@@H]3[C@H](CC[C@@]4(C)[C@H]3C[C@H]([N+]3(C)CCCCC3)[C@@H]4OC(C)=O)[C@@]2(C)C[C@@H]1[N+]1(C)CCCCC1,-1.042296048884754
CC[C@H]1OC(=O)[C@H](C)[C@@H](O[C@H]2C[C@@](C)(OC)[C@@H](O)[C@H](C)O2)[C@H](C)[C@@H](O[C@@H]2O[C@H](C)C[C@H](N(C)C)[C@H]2O)[C@](C)(O)C[C@@H](C)CN(C)[C@H](C)[C@@H](O)[C@]1(C)O,-0.1695566229499954
C[C@H](NC(=O)c1c[nH]c2ncc(C3CC3)nc12)C(C)(C)O,-0.932244934409468
CN(C)c1ccc(-c2cc3nccnc3c(NCC3CNCC(F)(F)C3)n2)cn1,-1.1491700401514695
C#Cc1c[nH]nc1-c1nc(-c2ccc(Oc3ccc(C(F)(F)F)cc3)cc2)no1,-1.432221038427818
CN(C(=O)CS(=O)(=O)N(C)C)C1CCCn2c1nc(C(=O)NCc1ccc(F)cc1)c(O)c2=O,-0.7193988684630864
C[C@H]1COc2c(N3C[C@H]4CC(F)(F)C[C@@H](N)[C@H]4C3)c(F)cc3cc(C(=O)O)c(=O)n1c23,-0.7427535350926288
O=C(Cc1ccc(Cl)c(Cl)c1)N1CCN(c2ccc3nncn3n2)CC1,-1.6386877748976718
C=C1COC2(CN(c3ncc(C(=O)O)s3)CC[C@H]2NC(=O)c2[nH]c(C)c(Cl)c2Cl)OC1,-2.1552743720267773
N#CCN=C(O)[C@@H]1CCCC[C@H]1C(=O)N1CCN(c2ccccc2)CC1,-0.3005959181846626
CCCN1CCC(c2nc3cccc(C(N)=O)c3[nH]2)CC1,-0.3659562329619955
COCCC(Oc1ncnc2c1cnn2-c1ccccc1OC)C(=O)Nc1ccc(C)cn1,-0.852755093385855
O=C(O)c1cn(Cc2ccc3c(c2)OCCO3)c2cccc(F)c2c1=O,-0.7059660788707668
CC1(C)C(=CC=CC=CC=CC2=[N+](CCCCS(=O)(=O)O)c3ccc4ccccc4c3C2(C)C)N(CCCCS(=O)(=O)O)c2ccc3ccccc3c21,-1.2928558116575553
Cc1cc2ncc(-c3ccc4cc(CCN5CCC[C@H]5C)ccc4n3)c(C)n2n1,-0.4429261056339875
Cn1nccc1[C@H]1CCCC[C@@H]1Oc1cc(F)c(S(=O)(=O)Nc2ccncn2)cc1Cl,-2.000391041028584
Cc1cc2oc(=O)cc(-c3ccccc3)c2c(C)c1-c1ccc(CO)cc1,-2.1552743720267773
CC(=O)N1[C@@H]2CC[C@H]1C=C(c1cnc(NCc3ccc4c(c3)OCC4)c(C(=O)NC[C@H]3COc4ccccc4O3)c1)C2,-1.9590023075765075
COc1ccc(-n2nc(C(N)=O)c3c2C(=O)N(c2ccc(N4CCCCC4=O)cc2)CC3)cc1,-0.919155626941925
Cc1ccccc1NC1=NC(=O)C(C(C)C)S1,-2.3013775702979022
C[C@H](Nc1ncc(Cl)c(Nc2cc(C3CC3)[nH]n2)n1)c1ccc(F)cn1,-1.4345748799673852
Cn1cc(S(=O)(=O)N2CCC3=Cc4c(cnn4-c4ccc(F)cc4)C[C@]3(C(=O)c3cc(C(F)(F)F)ccn3)C2)cn1,-2.2222108125651343
Cc1cnc(N=C(O)C2=C(O)c3ccccc3S(=O)(=O)N2C)s1,-2.3982658517398923
C/C(=C\C(=O)OCCCCCCCCC(=O)O)C[C@@H]1OC[C@H](C[C@@H]2O[C@H]2[C@@H](C)[C@H](C)O)[C@@H](O)[C@H]1O,-1.3876400520322256
O=C(O[C@H]1C[N+]2(Cc3nnc(-c4ccccc4)o3)CCC1CC2)C1(C2=CC=CC2)CCCCCC1,-1.4441199353631946
CNc1ccc(-c2ccc(Cn3cc(C(=O)O)c(=O)c4cccc(F)c43)cc2)cn1,-1.854275425119336
O=C(O)c1cn(Cc2ccc(-n3ccc4cnccc43)cc2)c2cccc(F)c2c1=O,-1.721658030939094
Cc1ccc(N=C(O)c2cccc(N(C)C)c2)cc1NC(=O)c1ccc(OCc2ccccn2)cc1,-2.0972901870301213
CN[C@@H]1[C@H](O[C@H]2[C@H](O[C@H]3[C@H](O)[C@@H](O)[C@H](NC(=N)N)[C@@H](O)[C@@H]3NC(=N)N)O[C@@H](C)[C@]2(O)C=O)O[C@@H](CO)[C@H](O)[C@H]1O,-0.2835959540622216
COc1ccc([C@@H]2Sc3ccccc3N(CCN(C)C)C(=O)[C@@H]2OC(C)=O)cc1,-0.4967105422885451
Cc1ccccc1CN1CCC(N2CCC(n3c(=O)[nH]c4ccccc43)CC2)CC1,-0.4494715369544715
CCC1(c2ccccc2)C(=O)NC(=O)NC1=O,-0.1704871727423089
Cc1cn([C@H]2CCCN(Cc3ccc(C(=O)O)c(Oc4cccc(F)c4)c3)C2)c(=O)[nH]c1=O,-1.0823989246680823
CN1CCC(N(Cc2ccc(F)cn2)C(=O)NCc2ccc(OCC(F)(F)F)cc2)CC1,-0.5090714155897151
N#Cc1cc(OC(F)(F)F)cc(-c2nc(-c3ccc4c(c3)CCN4C(=O)CCC(=O)O)no2)c1,-2.3982658517398923
N#Cc1cccc(Cl)c1-c1ccc(N2CCOc3ncnc(N)c3C2=O)cc1,-0.6844620661810614
CCCCc1cc(C(=O)N[C@@H](CCC(=O)O)C(=O)N2CCN(C(=O)OCC)CC2)nc(-c2ccccc2)n1,-2.0972901870301213
CCC[C@H](N[C@@H](C)C(=O)N1[C@H](C(=O)O)C[C@@H]2CCCC[C@@H]21)C(=O)OCC,-0.3972890550424425
CN[C@@H](C)C(=O)N[C@H]1CCC[C@H]2C[C@H]3CCN(CCc4ccc(Cl)c(Cl)c4)C[C@H]3N2C1=O,-1.1808839894758698
N#Cc1ccc(NCc2cccc3cccnc23)c(F)c1CC(=O)NCCONC(=N)N,-2.3013775702979022
CC(=O)Nc1ccc(Nc2ncnc(NCCC(=O)OC(C)(C)C)n2)cc1,-0.5365400288758649
NC(=O)c1cc(C(N)=O)n(-c2cccc(-c3cc(C(F)(F)F)ccc3C(F)(F)F)c2)n1,-1.4715049498758348
O=C(C[N+]12CCC(CC1)[C@@H](OC(=O)C1(C3=CC=CC3)CCCCCC1)C2)Nc1nncs1,-1.2150975501133452
CONC(=O)N(Cc1ccsc1)C1CCN([C@H](C)CCNC(=O)c2c(C)cc(Cl)[n+]([O-])c2Cl)CC1,-0.5076727249063073
CCCC[C@H](NC[C@@H]1Cc2cccc(c2)CCCCc2cc(cc(N(CCC)S(C)(=O)=O)c2)C(=O)N1)C(=O)NCC(C)C,-2.3013775702979022
COP(=O)(c1ccc2oc(-c3ccc(F)cc3)nc2c1)C(C)C,-1.1491700401514695
CC(C(=O)O)c1ccc(C(=O)c2cccs2)cc1,-1.9590023075765075
CNc1nccc(N2CC[C@H](NC(=O)Nc3ccc(OC)cc3)C2)n1,-0.6972362915270183
NS(=O)(=O)NCCNc1nonc1/C(=N/O)Nc1ccc(F)c(Cl)c1,-1.4093587579877196
CCN(CC)CCN(Cc1ccc(-c2ccc(C(F)(F)F)cc2)cc1)C(=O)Cn1c(SCc2ccc(F)cc2)nc(=O)c2c1CCC2,-1.678194516142461
Cn1c(Nc2c(F)cccc2Cl)nc2cc(C(=O)Nc3cccc(C(F)(F)F)c3)c3c(c21)CC(C)(C)O3,-2.409258450021788
Cc1nc(C2CCN(C(=O)[C@@H]3C[C@@](C)(N)C[C@H]3c3ccc(F)cc3F)CC2)n(-c2cc(Cl)ccc2Cl)n1,-0.609497637482319
O=C(O)COc1ccc([C@H]2CC[C@]3(CC2)OOC2(O3)C3CC4CC2CC(C3)C4=O)cc1,-1.6386877748976718
COc1ccc2ncc(=O)n(CCN3CCC(NCc4ccc5c(n4)NC(=O)CO5)CC3)c2c1,-0.5837923388097694
COc1cccc(CNC(=O)c2cc(-c3nnn(C[C@H]4CO[C@H](CO)CO4)n3)nc(C)n2)c1,-0.5076727249063073
C[C@@H]1O[C@H](NC(=O)c2cccc(-c3ccccc3)c2)[C@@H](O)[C@H](O)[C@@H]1O,-0.9961088337630896
N[C@@H](C(O)=N[C@@H]1C(=O)N2C(C(=O)O)=C(CSc3cnn[nH]3)CS[C@H]12)c1ccc(O)cc1,-0.3972890550424425
CC[C@@H](NC(=O)c1ccc(Cl)c(F)c1)[C@H]1[C@@H]2C[C@@H](n3cnc4cc(F)c(F)cc43)C[C@@H]21,-1.9590023075765075
O=C(Nc1cc(C(F)(F)F)ccc1-n1cncn1)C1(c2ccccc2)CC1,-1.9590023075765075
O=C(c1ccc(OCCN2CCCCC2)cc1)c1c(-c2ccc(O)cc2)sc2cc(O)ccc12,-1.740816721048501
COc1ccc2c(-c3ccnc(Nc4cccnc4)n3)c(C3CC3)nn2n1,-3.0
Cc1ccc(-c2nccn2C)cc1NC(=O)c1ccc(OCc2ccccn2)cc1,-1.2844228080425482
CN[C@@H](C)C(=O)N[C@H]1CCC[C@H]2C[C@H]3CCN(C(=O)OCc4ccccc4)C[C@H]3N2C1=O,-0.3761513833286242
CN1[C@@H]2CC[C@H]1c1c(sc(NC(=O)Nc3ccc(Cl)cc3)c1C(N)=O)C2,-0.9551076165256404
CNc1ccc(-c2nc3ccc(O)cc3s2)cc1,-1.9176132149096263
CC(C)c1c(-c2cnn(C3COC3)c2)[nH]c2c(C#N)cnn2c1=O,-1.3876400520322256
CCC(C#N)(CC)Nc1nc(NC)nc(-n2cncn2)n1,-0.3093521342564098
CC(=O)N1C2C=C(CN3CCC(N(C)c4nc5ccccc5s4)CC3)CC1CCC2,-2.3982658517398923
CCc1cccc2cc(C(O)CNC(C)(C)C)oc12,-0.8667327703064457
C[C@@H](Nc1ccc(F)c(F)c1)c1cc(C(=O)N(C)C)cc2c(=O)cc(N3CCOCC3)oc12,-0.567463616735744
CC1(C)S[C@@H]2[C@H](NC(=O)[C@H](NC(=O)c3cnc4cccnc4c3O)c3ccccc3)C(=O)N2[C@H]1C(=O)O,-0.9961088337630896
CN1[C@@H]2CC[C@H]1C[C@H](OC(=O)c1c[nH]c3ccccc13)C2,-0.5218665718994825
CC(C)c1c(-c2cnn(-c3ccccc3)c2)[nH]c2c(C#N)cnn2c1=O,-2.699187205881913
CNC(=O)c1c(-c2ccc(F)cc2)oc2ccc(-c3cc(C(=O)NC4(c5ncccn5)CC4)ccc3C)c(F)c12,-1.721658030939094
C[C@H](CO)Nc1nc(SCc2cccc(F)c2F)nc2[nH]c(=O)c(C#N)cc12,-1.7427319193805018
COc1ccc(-c2cc(O)nc(N)n2)cc1C#N,-0.8956026931360583
Cc1nc(N2CCC3(CC2)CO[C@@H](C)[C@H]3N)c(Cl)c(=O)n1-c1cccc(Cl)c1Cl,-0.9176455486690313
CN(C)c1cccc(-c2ccc(Cn3cc(C(=O)O)c(=O)c4cccc(F)c43)nc2)c1,-1.854275425119336
O=C(O)CN1CCN(CC(=O)O)CCN(C(CO)[C@@H](O)CO)CCN(CC(=O)O)CC1,-0.0179366899693457
O=C(O)[C@H](Cc1ccc2ccccc2c1)NC(=O)[C@@H]1CCCN1S(=O)(=O)c1cc(Cl)cc(Cl)c1,-2.3013775702979022
COc1cc2nc(Nc3ccc([C@@H](C)NC(C)=O)cc3)ncc2cc1-c1ccncc1,-1.5658496253423198
CCOc1cc2ncc(C(N)=O)c(Nc3ccc(Cl)c(Cl)c3)c2cc1N1CCN(C)CC1,-2.0413453496394345
CNc1nccc(N2CC[C@H](NC(=O)Nc3cccc(C#N)c3)C2)n1,-1.2445520293402297
CC[C@@H](NC(=O)c1ccc(C#N)cc1)[C@H]1[C@@H]2C[C@@H](n3cnc4ccc(Cl)cc43)C[C@@H]21,-1.7962873593922926
C[C@@](C(=O)O[C@H]1C[N+]2(CCCCc3ccccc3)CCC1CC2)(c1ccccc1)N1CCCCC1,-1.678194516142461
CN1CCN(S(=O)(=O)c2ccc(-c3cnc(N)c(C(=O)Nc4cnccc4CN4CCCC4)n3)cc2)CC1,-1.100608534202453
NC(=O)O[C@@H](Cn1ncnn1)c1ccccc1Cl,-0.3988514192986648
C=CC(=O)N[C@H]1CCOC[C@H]1Nc1ncc2cc(-c3c(Cl)c(OC)cc(OC)c3Cl)ccc2n1,-2.1552743720267773
COc1cc2ncc(C(N)=O)c(Nc3cccc(Cl)c3Cl)c2cc1N1CCN(C)CC1,-1.3405087991341442
O=C(Nc1ccccc1F)N[C@H]1N=C(c2ccccc2)c2ccccc2NC1=O,-1.35402097236134
Oc1ccc(-c2nc(-c3ccc(Oc4ccc(OC(F)(F)F)cc4)cc3)no2)cc1,-2.5231683714877318
C1=N/C2=N/c3ccc(OCCN4CCCC4)c(c3)COC/C=C/COCc3cccc(c3)C(=C1)N2,-2.657814271706318
CCCN1CCCC[C@H]1C(=O)Nc1c(C)cccc1C,-0.8790683837970926
Cc1nn(C)c2ccc(N3CCN(C(=O)[C@@H]4CCCC[C@H]4C(=O)NC4(C#N)CC4)[C@H](C)C3)cc12,-0.6007590583075443
Cc1ncnc2c1c1occc1n2[C@@H]1O[C@H](CO)[C@@H](O)[C@H]1O,-0.3865916321639296
CC(C)C(=O)OCC(=O)[C@@]12O[C@H](C3CCCCC3)O[C@@H]1C[C@H]1[C@@H]3CCC4=CC(=O)C=C[C@]4(C)[C@H]3[C@@H](O)C[C@@]12C,-0.2536516811389821
O=NN(CCCl)C(=O)NCCCl,-0.636820649941314
Cc1ccc(-c2ccc(N)nn2)cc1NC(=O)c1ccc(OCc2ccccn2)cc1,-1.2757409289068808
C=C1CC[C@H](O)C/C1=C/C=C1\CCC[C@]2(C)[C@@H]([C@H](C)CCCC(C)(C)O)CC[C@@H]12,-1.678194516142461
CC(=O)OCC1=C(C(=O)O)N2C(=O)[C@@H](NC(=O)Cc3cccs3)[C@H]2SC1,-0.4596034462853189
CCc1ccc(-c2noc(C(F)(F)F)c2COc2c(F)cc(CCC(=O)O)cc2F)cc1,-2.796042908318748
O=C(C[C@H]1CC[C@H](C(=O)O)CC1)N1CCc2c(n(Cc3ccc(F)cc3F)c3ncccc23)C1,-1.7699600188420606
CO/N=C(\C(O)=N[C@@H]1C(=O)N2C(C(=O)O)=C(COC(=N)O)CS[C@H]12)c1ccco1,-0.3005959181846626
CC(C)(C)CCC1(C(=O)c2ccc3[nH]ncc3c2)CCCN1,-0.3005959181846626
Cc1nc(C2CCN(C(=O)[C@@H]3C[C@@H](N(C)C)C[C@H]3c3ccc(F)cc3F)CC2)n(-c2ccc(Cl)c(C)c2)n1,-0.6560402709928592
CCNC(=O)Nc1ccc(-c2nc3c(c(N4CCOC[C@@H]4C)n2)C[C@@H]2CC[C@H]3N2S(C)(=O)=O)cc1,-0.8512123159436876
O=C(O[C@H]1C[N+]2(CCc3cccc(Cl)c3)CCC1CC2)C1(C2=CC=CC2)CCCCCC1,-2.2222108125651343
O=C(CC(O)c1cc(Cl)ccc1O)NO,-0.3255724519479374
C[C@]12C=CC(=O)C=C1CC[C@@H]1[C@@H]2[C@@H](O)C[C@@]2(C)[C@H]1CC[C@]2(O)C(=O)COP(=O)(O)O,-0.6972362915270183
CC(=O)/N=c1/sc(S(N)(=O)=O)nn1C,-0.3462570059742641
O=c1[nH]c2c(cc1CNCc1cccc(C(F)(F)F)n1)c(C1CC1)nn2-c1ccccc1,-1.92121703980304
CCNC(=O)[C@H]1O[C@@H](n2cnc3c(NCC(c4ccccc4)c4ccccc4)nc(C(=O)NCCNC(=O)NC4CCN(c5ccccn5)CC4)nc32)[C@H](O)[C@@H]1O,-2.000391041028584
COc1cc(C(=O)Nc2ccc(NC(=O)c3ccccn3)cc2)cc(N2CCC(=O)NC2=O)c1,-1.00920400009182
C[C@H]1[C@H](F)C[C@@H](C(=O)NCc2cc(-c3ccc(C(F)(F)F)nc3)ncn2)N1S(=O)(=O)c1ccc(F)cc1,-1.3014558129408076
Cc1c(F)cccc1C(=O)Nc1ccccn1,-0.4925772899895676
Nc1ncnc2c1C(=O)N(c1ccc(-c3ccc(Cn4cccnc4=O)cc3Cl)cc1)CCO2,-0.6463241490502967
COCCC(=O)N[C@H](C)c1ccc(Nc2ncc3cc(-c4ccncc4)ccc3n2)cc1,-1.714854678520762
CC(C)[C@H](NC(=O)C[C@H](NC(=O)/C=C/c1ccccc1)c1ccccc1)C(=O)[C@@H]1C(=O)NC(=O)[C@H]1C,-1.7699600188420606
CCc1ccc2nc(N3CCC(N[C@H]4CCCC[C@@H]4O)CC3)c(-c3nc(C)no3)cc2c1,-1.6993827801934176
Cc1c(CN(C)C(=O)/C=C/c2cnc3c(c2)CCC(=O)N3)oc2ccccc12,-1.2745147079541328
CCOC(=O)C1=C(CN2CCOC[C@H]2C(=O)O)NC(c2nccs2)=N[C@H]1c1cccc(F)c1Cl,-1.678194516142461
O=C(N[C@H](Cc1ccc(Cl)cc1)C(=O)N1CCC(Cn2cncn2)(C2CCCCC2)CC1)[C@H]1Cc2ccccc2CN1,-2.0972901870301213
Cc1cn(-c2ccc(Cn3cc(C(=O)O)c(=O)c4cccnc43)cc2)cn1,-0.6312167965507071
CC(C)C(=O)N[C@H]1O[C@@H](C)[C@@H](O)[C@@H](O)[C@@H]1O,-0.0554581099125212
O=C1O[C@H]([C@@H](O)CO)C(O)=C1O,-0.0705044408445938
CC(C)[C@H](CO)NCc1c(C(=O)N[C@@H]2CCC[C@H](O)C2)noc1-c1ccc(C(F)(F)F)cc1,-0.590499696892667
CN1CC[C@@]23CCCC[C@@H]2[C@@H]1Cc1ccc(O)cc13,-0.1219121412345528
Cc1csc(NC(=O)COc2ncnc3c2cnn3-c2ccccc2Cl)n1,-2.03659943382384
Cn1c(=O)cc(Nc2cc(C(=O)NC3CC3)ccc2Cl)c2cnn(-c3ccc(F)cc3)c21,-1.2150975501133452
CN1CCC[C@H](N(c2cc(C#CC(C)(C)C)sc2C(=O)O)C(=O)[C@H]2CC[C@H](C)CC2)C1=O,-1.9590023075765075
CN[C@@H](C)C(O)=N[C@H]1CCC[C@H]2C[C@H]3CCN(C(=O)c4ccccc4)C[C@H]3N2C1=O,-0.1547158736520084
Cc1cn2cc(-c3cc4ccc(N5CCN(C)CC5)cc4c(=O)o3)nc2c(C)n1,-1.1491700401514695
CN1CCC(c2cn(-c3ccc(F)cc3)c3ccc(-c4cncnc4)cc23)CC1,-1.013658295786453
CS(=O)(=O)c1ccc(-c2cnc(N)c(-c3ccc(C(F)(F)F)cc3)c2)cc1,-1.4093587579877196
COc1ccc(OC)c(CNc2n[nH]c3ccnc(Oc4ccccc4)c23)c1,-1.81856232416496
Cc1noc2c1-c1ccc(-c3cn(C)cn3)cc1C(c1ccc(Cl)cc1)=N[C@H]2CC(N)=O,-0.8512123159436876
C[C@@](Cc1ccc(O)c(O)c1)(NN)C(=O)O,-0.1935758040510322
Cc1ccc([C@H]2C[C@@H](C(F)(F)F)n3ncc(C(=O)NCc4ccc(F)cn4)c3N2)nc1,-0.7403607351734727
COc1cc([C@@H]2c3cc4c(cc3C(O[C@@H]3O[C@@H]5CO[C@@H](C)O[C@H]5[C@H](O)[C@H]3O)C3COC(=O)[C@@H]32)OCO4)cc(OC)c1O,-1.714854678520762
Fc1ccc(CN2CCN(C3=Nn4c(nnc4C(F)(F)F)CC3)CC2)cc1,-0.9176455486690313
NC[C@H](O)c1ccc(O)c(O)c1,-0.2038594841085344
CN1CCN(c2ccc(C(=O)Nc3n[nH]c4ccc(Cc5cc(F)cc(F)c5)cc34)c(NC3CCOCC3)c2)CC1,-2.3791542402462897
CO[C@H]1/C=C/O[C@@]2(C)Oc3c(C)c(O)c4c(O)c(c(/C=N/N5CCN(C6CCCC6)CC5)c(O)c4c3C2=O)NC(=O)/C(C)=C\C=C\[C@H](C)[C@H](O)[C@@H](C)[C@@H](O)[C@@H](C)[C@H](OC(C)=O)[C@@H]1C,-1.4325733023876617
CS(=O)(=O)c1ccc2c(C(=O)NC[C@@H](O)CN3CCC(Oc4ccc(C#N)c(Cl)c4)CC3)c[nH]c(=O)c2c1,-0.495690515700858
Cc1[nH]c(CO)c(-c2ccc(-c3ccc(C(F)(F)F)cc3F)nc2)c(=O)c1Cl,-1.2150975501133452
O=C(O)C1CCN(CCOc2ccc([C@H]3CC[C@]4(CC3)OOC3(O4)C4CC5CC(C4)CC3C5)cc2)CC1,-1.678194516142461
CN(C)Cc1nccn1-c1ccc(N2CCC(NS(=O)(=O)c3ncc(-c4ccc(Cl)s4)s3)C2=O)c(F)c1,-1.6579920709826637
CCc1ccc(OCC(=O)O)c(-c2ccc(S(C)(=O)=O)cc2)c1,-1.2384991521519868
Cn1c(=O)n(CC(=O)N2CCC2)c2cc(-c3cccc(C(F)(F)F)c3)cnc21,-1.2761504398127412
Cc1cc(NC(=O)C[N+]23CCC(CC2)[C@@H](OC(=O)C2(C4=CC=CC4)CCCCCC2)C3)no1,-1.5090587946432126
Cc1c(Cc2ccc(=O)n(Cc3ccncc3F)n2)c2cc(F)ccc2n1CC(=O)O,-1.678194516142461
CN1CCN(c2ccc(C3CC(c4ccc([N+](=O)[O-])o4)=NO3)cc2F)C(=O)C1,-0.4071473357518868
O=C(Nc1cc2sc(N3CCOCC3)nc2cc1N1CCOCC1)c1cnn2cccnc12,-1.2928558116575553
CCNCCNc1cc(-c2ccc(C(F)(F)F)cc2)c(C#N)c2nc3ccccc3n12,-1.7451378557193975
Cc1ccc(-n2nc(C(C)(C)C)cc2NC(=O)Nc2ccc(-c3csnn3)cc2)cc1,-2.796042908318748
CC1CCCCC1C(=O)N1CC(c2nc(-c3cccc(F)c3)no2)C1,-1.4563540467667528
Cc1ccc(S(=O)(=O)Nc2c(C(=O)N(C)C3CCCCC3)cnn2-c2ccccc2)cc1,-1.7427319193805018
C[C@H]1Cn2c(nnc2-c2ccc(F)cc2)CN1C(=O)c1cccc(C(F)(F)F)c1Cl,-0.8798572871775411
CCNC(=O)c1cc2c(Oc3ccc(Cl)cc3)cncc2s1,-2.0972901870301213
Cc1ccc(OC2CCN(c3ncnc4ccc(F)cc34)CC2)cn1,-1.854275425119336
CC1(C)CCn2c(=O)c(=O)n(CCCO)c3cccc1c32,-0.409480161611287
CN(C)CCN(Cc1cccs1)c1ccccn1,-0.5062785243949539
C[C@@H]1CC2c3ccccc3NC2[C@@H](c2c(F)cc(/C=C/C(=O)O)cc2F)N1CC(C)(C)F,-2.5089326053467245
CCc1c(CN(C)C(C)(C)C(=O)O)cccc1-c1nsc(-c2ccc(OC(C)C)c(C(F)(F)F)c2)n1,-2.982983364656345
Nc1ncnc2c1sc1cc(-c3cccc(C(=O)NCC(=O)N4CCOCC4)c3)ccc12,-1.2680327014847186
CCN(CC)c1ccc(C2=NNC(=O)CC2C)cc1,-0.9961088337630896
N#Cc1cccc(C(=O)N[C@@H]2CCC[C@@H](NC(=O)c3ccccn3)C2)c1,-0.8017746733776074
CCCn1c(=O)[nH]c(=O)c2c1nc(Cc1nc3cc(O)ccc3[nH]1)n2Cc1ccccc1,-0.5517266447926501
O=C1CCCCN1c1ccc(CO[C@@H]2COc3nc([N+](=O)[O-])cn3C2)cc1,-0.4728033209069359
C[C@@]1(c2cc(-c3cncnc3)c(F)cc2F)CCSC(N)=N1,-0.3369210979371196
Cc1ccc(S(=O)(=O)Nc2c(C(=O)N[C@@H](C)C(C)(C)C)c(C)nn2C2CCOC2)cc1,-1.127689856871128
CC1(C)[C@H]2CC=C(CN3CCC(NC(=O)Nc4cc(C(F)(F)F)cc(C(F)(F)F)c4)CC3)[C@@H]1C2,-2.699187205881913
CCC(NC(=O)c1ccc(Cl)cc1)[C@@H]1[C@@H]2C[C@H](Oc3ccnc4ccc(F)cc34)C[C@@H]21,-3.0
COc1ccc(-c2ccc(S(=O)(=O)NC(C(=O)O)C3CCCC(N(C)S(C)(=O)=O)C3)cc2)cc1,-2.1552743720267773
Cc1c(C(=O)Nc2ccc(N3C[C@@H](C)O[C@@H](C)C3)nc2)cccc1-c1ccc(OC(F)(F)F)cc1,-1.5455743983768466
COc1ccc(CC(C)(C)NC[C@H](O)c2cc(O)cc3c2OCC(=O)N3)cc1,-0.3973432097152138
Cc1ccc(C(CCC(N)C(=O)O)(c2ccccc2)c2ccccc2)cc1C,-1.2844228080425482
COc1ccc(NC(=O)c2cc(Oc3cncc(F)c3)cn3ccnc23)nc1,-1.5380215234713237
CO[C@H]1CN(c2ncc(C(=O)O)s2)CC[C@H]1NC(=O)c1[nH]c(C)c(Cl)c1Cl,-1.1430959774790113
N/C(=N\C(=O)c1nc(Cl)c(N)nc1N)NCCCCc1ccc(OCC(O)CO)cc1,-0.6028403374302964
CS(=O)(=O)c1ccc(-n2cc(Cl)c(OC3CCN(c4ncc(Cl)cn4)CC3)cc2=O)c(F)c1,-2.2222108125651343
Cc1nc2c(-c3ccc(F)cc3)cnn2c(NCc2ccccn2)c1Cl,-2.2222108125651343
CN(C)c1ccc(S(=O)(=O)NC(=O)N2CCC(N3CCC(Oc4ccc(Cl)c(Cl)c4)CC3)CC2)cc1,-2.5689097666353824
N#Cc1ccc(N2CCN(Cc3cc(C(=O)N[C@H]4CCCC[C@@H]4O)c(=O)n4ccccc34)CC2)cc1,-1.0181587503287757
Cc1ccc(N2CCN(Cc3cc(C(=O)N[C@H]4CCCC[C@@H]4O)c(=O)n4ccccc34)CC2)nc1,-0.3983734336243874
Cc1ccc(CO)cc1N(C)c1ccnc(Nc2cc(N3CCOCC3)nc(N3CCOCC3)c2)n1,-1.2761504398127412
COc1cc2c(Nc3ccc(NC(=O)c4ccccc4)cc3)nc(Cl)nc2cc1O,-1.6579920709826637
O=C(NCC1CCCCN1)c1cc(OCC(F)(F)F)ccc1OCC(F)(F)F,-0.2384458155281452
CCNCC(O)c1cccc(O)c1,-0.1133795698723098
Cc1cc(C)c(CNC(=O)c2c(C)n([C@H](C)c3ccccc3)c3ccccc23)c(=O)[nH]1,-1.9590023075765075
O=C(NO)C1COC(c2ccc(F)c(C(F)(F)F)c2)=N1,-1.073059010122237
CCS(=O)(=O)N[C@@H]1C[C@]2(C)O[C@]1(C)[C@@H]1C(=O)N(c3ccc(C#N)c(C(F)(F)F)c3)C(=O)[C@@H]12,-0.9792410724456132
COc1cc(Nc2ncc(F)c(Nc3ccc4c(n3)N(COP(=O)(O)O)C(=O)C(C)(C)O4)n2)cc(OC)c1OC,-1.7573716221289597
C[C@H](Cc1cc2c(c(C(N)=O)c1)N(CCCO)CC2)NCCOc1ccccc1OCC(F)(F)F,-1.230902100825816
Nc1ccccc1NC(=O)c1ccc(CNC2=N[C@@H](c3ccc(O)cc3)CO2)cc1,-0.590499696892667
Cc1cc(C(=O)O)nc(N2C[C@H]3C[C@@H](c4ccccc4C(F)(F)F)C[C@H]3C2)n1,-2.699187205881913
O=C(O[C@H]1C[N+]2(Cc3cc(-c4ccccc4)on3)CCC1CC2)C1(C2=CC=CC2)CCCCCC1,-2.2222108125651343
COc1ccc(F)cc1-c1ccnc2[nH]c(C3=CCC(C(=O)O)CC3)cc12,-2.5231683714877318
COc1ccc2c(Oc3ccc(CC(=O)Nc4cn(C)nc4C)c(OC)c3)ccnc2c1,-1.957032893524692
CN(C)Cc1nnc2n1-c1ccc(Cl)cc1C(c1ccccc1)=NC2,-0.5076727249063073
CCC(NC(=O)c1ccc(Cl)cc1)[C@H]1[C@@H]2C[C@@H](n3cnc4ccc(F)c(F)c43)C[C@@H]21,-2.3982658517398923
CS(=O)(=O)N1CCN(c2ncc(-c3ccc4c(Nc5cnccn5)ccnc4c3)cn2)CC1,-1.2928558116575553
CN[C@@H](C)C(=O)N[C@H]1CCC[C@H]2C[C@H]3CCN(S(=O)(=O)Cc4ccccc4)C[C@H]3N2C1=O,-0.3972890550424425
O=C(CCCCCCC(=O)Nc1ccccc1)NO,-0.3115868348571692
Cc1c(OC2CCN(CC3CCN([C@@H](Cc4ccc(F)cc4)C(=O)O)CC3)CC2)ccc(C#N)c1Cl,-1.219390375709032
C#CCN(C)Cc1ccccc1,-0.7909168137260287
CN1CCN(C(c2ccccc2)c2ccc(Cl)cc2)CC1,-0.8831598975873358
CS(=O)(=O)c1cc(Cl)c(NC(=O)N2CCN3C(=O)N([C@H]4C[C@@H]4c4ccccc4)C(=O)[C@@H]3C2)c(Cl)c1,-2.0972901870301213
CCC(C)(CCN1CCOCC1)N(Cc1cc2ccccc2n(C)c1=O)C(=O)C1CCCCC1,-0.6349446530543542
Cc1ncc([N+](=O)[O-])n1CC(C)O,-0.0222535377083363
O=C(O)c1cn(Cc2ccc3ccccc3c2)c2cccc(F)c2c1=O,-1.4689428087667111
Cn1c(=O)sc2ccc(-c3ccc(C[C@@H](C#N)NC(=O)[C@@H]4CNCCCO4)cc3)cc21,-1.1491700401514695
CC(C)=CCC/C(C)=C/CNCCNC1C2CC3CC(C2)CC1C3,-0.0268444263605972
COCCOC(O)=NC1CCC([C@@H](NS(=O)(=O)c2ccc(-c3ccc(OC)cc3)cc2)C(=O)O)CC1,-1.229575131902665
O=C(O)CCn1c2c(c3ccccc31)C[C@H](NS(=O)(=O)c1ccc(F)cc1)CC2,-1.5218535735893908
COc1ccc(OC)c(CN(C(=O)C[18F])c2ccccc2Oc2ccccc2)c1,-2.0972901870301213
CC(C)(CCCCCC(O)CCCCCC(C)(C)C(=O)O)C(=O)O,-1.535781039411504
N[C@@H](Cc1ccc(O)c(O)c1)C(=O)O,-0.1171303095084455
CN1Cc2c(N)cccc2C(c2ccccc2)C1,-0.4369522385965014
c1ccc([C@@H]([C@H](c2ccccc2)N2CCCCC2)N2CCCCC2)cc1,-1.0007342740476202
Cc1nnc(C)c2cc(N3CCN(C(=O)[C@@H]4CCCC[C@H]4C(=O)NC4(C#N)CC4)[C@H](C)C3)ccc12,-0.3093521342564098
CCC(C)OC(=O)C(C)c1ccc(CC(C)C)cc1,-0.4806052046189826
CN(C)C(=O)Oc1cc(OC(=O)N(C)C)cc(C(O)CNC(C)(C)C)c1,-0.259282123940715
CCCCCCc1nc2c(N)nc3ccccc3c2n1Cc1ccccc1,-2.337582184023427
NC(=O)c1cc(-c2ccccc2)cc2c(C3CCCNC3)c[nH]c12,-1.041388342235121
CC(C)COc1ccc(CNC(=O)N(Cc2ccc(F)cc2)C2CCN(C)CC2)cc1,-1.28997017986997
CN1C[C@@H](F)C[C@H]1c1nc(C(=O)NCc2ccc(F)cc2)c(O)c(=O)n1C,-1.2150975501133452
Cn1c(=O)c(Oc2ccc(F)cc2F)cc2cnc(NC(CCO)CCO)nc21,-0.0240840737116298
C[C@H](CO)Nc1nc(SCc2ccccc2)nc2[nH]c(=O)sc12,-2.409258450021788
O=C(CC1CC(Cc2ccccc2)C1)N[C@H]1CC[C@H](O)CC1,-1.3191842176343007
CCC(Cc1c(I)cc(I)c(N)c1I)C(=O)O,-0.6761499961531976
COc1cc2nc(-c3ccc(N4CCN(C)CC4)cc3)nc(NCCN3CCOCC3)c2cc1OC,-0.3478004763372651
CC(=O)N1CCCn2nc(COc3ccccc3F)cc21,-0.7674358591132167
Cc1[nH]c(=N)ccc1CN=C(O)Cn1c(C)cc(S(=O)(=O)C2CCCCC2)c(N)c1=O,-0.2073422115509629
CN1C(=O)CC(c2ccccc2)C1=O,-0.0314843638442568
C[C@@](C(=O)O[C@H]1C[N+]2(CCCOc3ccccc3)CCC1CC2)(c1ccccc1)N1CCCCC1,-1.2445520293402297
CC(C)c1cc(N2CC[C@@H](N)C2)nc(N)n1,-0.0914131215222416
Cc1cn2nc([C@@H]3CCCCN3C(=O)c3cc(Cl)ccc3NS(C)(=O)=O)cc2nc1N1CC[C@@H](O)C1,-1.432221038427818
O=C(Nc1ccccc1F)NC1N=C(c2ccccc2)c2ccccc2NC1=O,-1.5658496253423198
COc1ccc(Cc2nccc3cc(OC)c(OC)cc23)cc1OC,-0.9897064051423576
N#Cc1ccc(-c2ccc(C[C@@H](C#N)NC(=O)[C@@H]3CCCC[C@@H]3N)cc2)cc1,-1.1491700401514695
CCOC(=O)C(N=C(O)C1CCn2c(C(=O)c3ccccc3)ccc21)C(C)CC,-0.259282123940715
C[C@@H]1CCN(C(=O)Nc2nc3c(s2)-c2nc(C(C)(C)C)ncc2CC3)[C@@H]1C(N)=O,-1.013658295786453
N[C@H](C(=O)O)[C@H](O)c1ccc(O)c(O)c1,-0.304951958814521
CC(C)N(Cc1ccccc1)C(=O)c1ccc2ccccc2c1,-1.3569719551908734
COc1cnc(-c2ccccn2)nc1N(C)c1ccccc1,-1.3876400520322256
COC(=O)NC(C(=O)N1CCC[C@H]1c1ncc(-c2ccc(-c3ccc(-c4cnc([C@@H]5CCCN5C(=O)C(NC(=O)OC)C(C)C)[nH]4)cc3)cc2)[nH]1)C(C)C,-2.3110367600692467
Cc1[nH]c(C(=O)NC2CC2)c(C)c1Cc1ccc(C(F)(F)F)nc1,-0.7623858957668785
COc1c(N2CC[C@@H](C3(N)CC3)C2)ccc2c(=O)c(C(=O)O)cn([C@@H]3C[C@@H]3F)c12,-0.4551261567651986
O=C1CC2(CCCC2)CC(=O)N1CCCCN1CCN(c2ncccn2)CC1,-0.7969365556202883
CCOc1cc2nnc(C(N)=O)c(Nc3cccc(Cl)c3F)c2cc1N1CCN(C)CC1,-1.6972168265731098
CC1(C)S[C@@H]2[C@H](NC(=O)[C@H](N)c3ccc(O)cc3)C(=O)N2[C@H]1C(=O)O,-0.0922171216507248
CCOC(=O)C1=C(C)N/C(=C/c2cc(C)n(-c3cccnc3)c2C)C1=O,-0.6761499961531976
O=C(NCC12CC3CC(CC(C3)C1)C2)c1cc(CN2CC3CNCC(C2)O3)ccc1Cl,-1.3219070190095912
Clc1ccc(-c2cc(C3(c4ccccc4)CCN(CCc4ccccc4)CC3)[nH]n2)cc1,-1.5090587946432126
CN1CCC[C@@H]1Cc1c[nH]c2ccc(Nc3ncccc3[N+](=O)[O-])cc12,-0.8611821394300438
O=c1cc(N2CCOCC2)nc(NCc2c(Cl)cccc2Cl)[nH]1,-1.3876400520322256
C[C@H]1[C@H](NC(=O)/C(=N\OC(C)(C)C(=O)O)c2csc(N)n2)C(=O)N1C(=O)NS(=O)(=O)N1CCN(C(=O)c2cc(=O)c(O)c[nH]2)N(C)C1=O,-0.8512123159436876
Cc1cc(NC(=O)c2cnn3ccc(N)nc23)n(-c2cccc(Cl)c2)n1,-2.2222108125651343
c1cc([C@H]2C[C@@H](CN3CCOCC3)C2)ccc1CN1CCCC1,-0.1077829212655617
NS(=O)(=O)c1cc(C2(O)NC(=O)c3ccccc32)ccc1Cl,-0.6007590583075443
CN(C)CCC=C1c2ccccc2COc2ccccc21,-0.6598892696525747
COc1cnc(-c2ccccn2)nc1N1CCOCC1,-0.4689543161183178
COc1cnc(-c2c(C)ccc(F)c2CCNC(=O)c2ccc(COCC(F)(F)F)nc2)cn1,-1.6024771142816578
CCCCC(=O)N(Cc1ccc(-c2ccccc2-c2nn[nH]n2)cc1)[C@H](C(=O)O)C(C)C,-1.2928558116575553
Cc1nnc2n1-c1sc(Br)cc1C(c1ccccc1Cl)=NC2,-1.0319468887375929
CCCCC1=NC2(CCCC2)C(=O)N1Cc1ccc(-c2ccccc2S(=O)(=O)Nc2noc(C)c2C)c(COCC)c1,-2.000391041028584
CN1C/C=C/CCOc2cccc(c2)-c2ccnc(n2)Nc2cccc(c2)C1,-2.699187205881913
CNc1c(C)c(C)nc2cc([C@@H]3CCCCN3C(=O)c3ccccc3NS(C)(=O)=O)nn12,-1.5380215234713237
COCCOC(=O)N(C)C1CCCC(C(NS(=O)(=O)c2ccc(-c3ccc(OC)cc3)cc2)C(=O)O)C1,-1.6024771142816578
COc1cc2[nH]c(=O)[nH]c2nc1NS(=O)(=O)c1cccc(Cl)c1Cl,-1.1491700401514695
C[C@H]1CN(c2cc(=O)c3cc(C(=O)N(C)C)cc([C@@H](C)Nc4cc(F)cc(F)c4)c3o2)CCO1,-0.8512123159436876
CN1CCN(c2ccc(-c3ccc4c(Nc5cnccn5)ccnc4c3)cc2)CC1,-1.041388342235121
Cc1[nH]c(C(=O)NC2CC2)cc1Cc1ccc(C(F)(F)F)nc1,-0.5611002371131372
O=C(CCCc1ccccc1)OC1N=C(c2ccccc2)c2cc(Cl)ccc2NC1=O,-1.4563540467667528
O=C(O)c1cn(Cc2ccc(-c3ccccc3)cc2)c2ccccc2c1=O,-2.2222108125651343
Cc1cc(N2CCOCC2)cc2[nH]c(-c3c(NCCn4cc(Cl)cn4)cc[nH]c3=O)nc12,-1.9396988705254503
N[C@@H](Cc1cc(I)c(Oc2ccc(O)c(I)c2)c(I)c1)C(=O)O,-1.9590023075765075
Cn1c([N+](=O)[O-])cnc1C(=O)NCc1ccc(F)cc1,-1.2928558116575553
CCOC(=O)C1=C[C@@H](OC(CC)CC)[C@H](NC(C)=O)[C@@H](N/C(C)=N/O)C1,-0.1347378595842214
CC(C)C[C@H](CO)Nc1nc(SCc2ccccc2)nc2nc(N)sc12,-2.2679602540023325
CC(=O)OCC(CCn1cnc2cnc(N)nc21)COC(C)=O,-0.0705044408445938
O=C(O)COc1ccc(Cl)cc1C#Cc1cccc(Cl)c1,-2.3982658517398923
Cc1cc(Nc2ncc(Cl)c(Nc3ccccc3S(=O)(=O)C(C)C)n2)c(OC(C)C)cc1C1CCNCC1,-1.5052927283164028
CN[C@@H](C)C(=O)N[C@H](C(=O)N[C@H]1CCCN(S(=O)(=O)Cc2ccccc2)C1)C(C)(C)C,-0.290739793794935
CCN(CC(O)(CNC(=O)c1cnn(-c2ccc(F)cc2)c1N)C(F)(F)F)C(=O)c1ncccc1Cl,-0.8214546854889927
CC(C)(C(=O)O)c1ccc(C(=O)CCCN2CCC(OC(c3ccccc3)c3ccccc3)CC2)cc1,-1.678194516142461
O=C(O)C[C@H]1CCc2c1[nH]c1ccc(OCc3ccc(C4CCCC4)c(C(F)(F)F)c3)cc21,-1.5554377959028185
Oc1nc(-c2cc(-c3ccon3)n(Cc3ccccc3F)n2)ncc1F,-2.1552743720267773
CCC(NC(=O)c1ccc(Cl)cc1)[C@H]1[C@@H]2C[C@@H](n3cnc4cc(F)c(F)cc43)C[C@@H]21,-2.699187205881913
COc1cc(N)c(Cl)cc1C(=O)NC1CCN(CCCOc2ccc(F)cc2)CC1OC,-1.678194516142461
CONC(=O)N(Cc1ccsc1)C1CCN([C@H](C)CCNC(=O)c2c(C)cc(Cl)nc2Cl)CC1,-0.275339171994241
CCc1nnc(-c2ccc(-c3ccccc3)nc2)n1-c1cccc(C#N)c1C,-0.9176455486690313
Cc1ccc(C2=N[C@@H](CC(N)=O)c3onc(C)c3-c3ccccc32)cc1,-0.9961088337630896
CC(C)c1csc(-c2cccc(CNc3ccc4[nH]nc(C(=O)O)c4c3)c2O)n1,-2.886156881062508
C[C@@]12Cc3[nH]nc(C(=O)Nc4cnn([C@H](c5ccccc5)C5CCS(=O)(=O)CC5)c4)c3C[C@@H]1C2,-1.5090587946432126
CCNc1nc2c(c(C(N)=O)n1)CN(C(=O)CCc1ccc(OC(F)(F)F)cc1)CC2,-0.0375913570118013
Cc1cc(NC(=O)[C@H](O)c2cc(F)cc(F)c2)ccc1-c1cnc(N)c(C(=O)NC2CC2)c1,-1.6024771142816578
CN(C)CCOc1cc(NS(=O)(=O)c2c(Cl)cc(C(F)(F)F)cc2Cl)ccc1Cl,-2.409258450021788
COc1ccc(F)cc1C1CCN(c2ccn3c(CC(F)(F)F)nnc3c2Cl)CC1,-1.9590023075765075
CN(C)Cc1nccn1-c1ccc(N2CCC(NS(=O)(=O)c3ccc4[nH]cc(Cl)c4c3)C2=O)c(F)c1,-1.1615791206591135
CN(CCOc1ccc(NS(C)(=O)=O)cc1)CCc1ccc(NS(C)(=O)=O)cc1,-0.4664706323829195
O=C1C2=Nc3ccccc3CN2c2ccc(Cl)cc21,-1.854275425119336
O=C(Nc1ccc(N2C(=O)[C@@H]3[C@H](C2=O)[C@@H]2C=C[C@H]3C2)c(Cl)c1)c1ccccn1,-1.3771748708039588
O=C(O)CSc1nnc(Br)n1-c1ccc(C2CC2)c2ccccc12,-1.7301983226033562
Cc1ccnc(NC(=O)c2ccccc2C)c1,-0.5233118079594025
CCOC(=O)C1=C(COCCN)NC(C)=C(C(=O)OC)[C@@H]1c1ccccc1Cl,-1.1491700401514695
COc1cc(N2CC3CN(CCO)CC(C2)O3)ccc1Nc1ncc(Cl)c(-c2cnc3ccccn23)n1,-1.2928558116575553
COc1cc(Nc2nc(N3C[C@@H](C)N[C@@H](C)C3)ncc2F)ccc1NC(=O)c1ccc(C2=CCCC2)s1,-1.113938140804323
Cc1nc(O)c(C#N)cc1-c1ccncc1,-0.5218665718994825
CCc1oc2ccccc2c1C(=O)c1cc(Br)c(O)c(Br)c1,-1.7962873593922926
O=C(CCS(=O)(=O)c1ccc(Br)cc1)NCCc1ccccc1,-1.3876400520322256
COc1cccc(Nc2nccc(-c3cnn4nc(N5CCOCC5)ccc34)n2)c1,-1.9590023075765075
Cn1cnc2cc(-c3ccc(O[C@H]4O[C@H](CO)[C@@H](O)[C@H](O)[C@@H]4O)c(Cl)c3)cnc21,-0.1547158736520084
CN1CCCC[C@H](N(c2cc(C#CC(C)(C)C)sc2C(=O)O)C(=O)[C@H]2CC[C@H](C)CC2)C1=O,-3.0
C[C@@](C(=O)O[C@H]1C[N+]2(CC(=O)Nc3ccon3)CCC1CC2)(c1ccccc1)N1CCCCC1,-0.7126305409773507
COc1cccc(OC)c1-c1cc(C(=O)N[C@@H](CCN2CCCCC2)CC(=O)NC2CCC2)nn1C1CCCC1,-1.041388342235121
Cc1ccc(-c2ncc[nH]2)cc1NC(=O)c1ccc(OCc2ccccn2)cc1,-1.2360267103131035
CC(=O)N1CCN(c2ccc(CN(C3CCC3)S(=O)(=O)Cc3ccccc3)cc2)CC1,-1.2150975501133452
CC(C)Oc1cc(Nc2nc(N[C@@H](C)c3ccc(F)cc3)nc(NC(CO)CO)c2Cl)n[nH]1,-1.4345748799673852
N#Cc1cc(Cl)c(C(=O)Nc2ccnc(NC(=O)C3CC3)c2)c(Cl)c1,-1.6386877748976718
CC(C)C(=O)N1CCC(NC(=O)Nc2ccc(OC(F)(F)F)cc2)CC1,-0.9551076165256404
O=C(NC1CC1)c1cc2c(Oc3ccc(Cl)cc3)cncc2s1,-2.04614370177502
O=C(O)CCc1ccc(OCc2nc(-c3ccc(Cl)cc3)no2)cc1,-2.699187205881913
CCCC(=O)Nc1ccc(OCC(O)CNC(C)C)c(C(C)=O)c1,-1.678194516142461
Cc1nc(N)ccc1CNC(=O)Cn1c(C)ccc(NS(=O)(=O)Cc2ccccc2)c1=O,-0.6560402709928592
O=C(Nc1ccc(Cl)c(Cl)c1)N1CCN(C[C@@H]2CCCN(C3CC3)C2)CC1,-1.2928558116575553
C[C@H](CO)Nc1nc(SCc2ccco2)nc2[nH]c(=O)sc12,-1.7699600188420606
Cc1ccccc1C(=O)Nc1cccc(F)n1,-0.4806052046189826
CC(C)C1SC(Nc2ccccc2C(F)(F)F)=NC1=O,-2.5231683714877318
C[C@@H](CN1CC(=O)NC(=O)C1)N1CC(=O)NC(=O)C1,-0.0154569353285182
Nc1nc(O)c(Cl)c(-c2ccccc2)n1,-1.312896623973277
C[C@@H](NCCc1ccc(O)cc1)[C@@H](O)c1ccc(O)cc1,-0.1547158736520084
N#Cc1cccc(Nc2nccc(-c3cnn4ccccc34)n2)c1,-1.9590023075765075
CCOP(=O)(O)C1=C[C@@H](OC(CC)CC)[C@H](NC(C)=O)[C@@H](NC(=N)N)C1,-0.0654308554086806
COc1ccc(CNC(=O)c2cc(-c3cncc(Cl)c3)cnc2-c2ccccn2)nc1OC,-1.5090587946432126
CN(C)Cc1cccc(-c2ccc(Cn3cc(C(=O)O)c(=O)c4cccc(F)c43)cc2)c1,-1.3014558129408076
Cc1cc2cc(NC(N[C@H]3CCCCN(CC(=O)N4CCCC4)C3=O)=C(C#N)C#N)ccc2o1,-1.091944125901233
Cc1nnc(C(C)C)n1[C@@H]1C[C@H]2CC[C@@H](C1)N2CC[C@H](NC(=O)C1CCC(F)(F)CC1)c1ccccc1,-0.5477267523700271
Cc1ccc(N2C(=O)NC(C)(C)C2=O)cc1C(F)(F)F,-0.452658574860431
CC(C)(C)NC(=O)NCCN1CCCC(NC(=O)c2cc(Cl)cc(Cl)c2)C1,-1.5380215234713237
CC1(C)S[C@@H]2[C@H](NC(=O)COc3ccccc3)C(=O)N2[C@H]1C(=O)O,-0.5218665718994825
CN[C@@H](C)C(=O)N[C@H]1CCC[C@H]2C[C@H]3CCN(Cc4ccccc4)C[C@H]3N2C1=O,-0.2835959540622216
O=C(O)c1cn(Cc2ccc(-c3ccccc3)cc2)c2c(F)ccc(F)c2c1=O,-2.3013775702979022
C[C@@]1(c2cc(F)cc(F)c2)CNC2(CCCC2)C(=O)N1CC(=O)Nc1ccc2c(c1)C[C@@]1(C2)C(=O)Nc2ncccc21,-0.9710466712179896
N#Cc1cccc(C(=O)NC[C@@H](O)CN2CCC(Oc3ccc(Cl)c(Cl)c3)CC2)c1,-1.1828625253816742
COc1ccc(-c2cc(=O)[nH]c(=S)n2CCN)c(OC)c1,-0.1547158736520084
CN1CCc2cccc3c2[C@H]1Cc1ccc(O)c(O)c1-3,-2.699187205881913
Cn1nc(-c2cnc3[nH]cc(C(=O)NC(C)(C)C)c3n2)c2ccc(Cl)cc21,-2.3982658517398923
CCc1nc(N)nc(N)c1-c1ccc(Cl)cc1,-0.963522295768352
Cc1cccc(C2(C#N)CCN(Cc3cc4c(c5ccccc35)CN([C@H]3CCCC[C@@H]3O)C4=O)CC2)n1,-1.9590023075765075
COC(=O)OCOc1c2n(ccc1=O)N(C(c1ccccc1)c1ccccc1)[C@@H]1COCCN1C2=O,-1.9590023075765075
COc1ccc(-c2ccc(S(=O)(=O)NC(C(=O)O)C3CCCC(N(Cc4ccccc4)C(C)=O)C3)cc2)cc1,-2.1552743720267773
Nc1nc2ccc(OC(F)(F)F)cc2s1,-1.172090456986275
Nc1nc2c(c(=O)[nH]1)N[C@@H]1[C@H](N2)O[C@@H]2COP(=O)(O)O[C@@H]2C1(O)O,-0.0409156576012693
CCS(=O)(=O)c1ccc(CNc2nc3cnc(-c4c(C)ncnc4C4CC4)nc3n(C(C)C)c2=O)nc1,-1.1491700401514695
CN(C)C/C=C(/c1ccc(Br)cc1)c1cccnc1,-0.3274126816541466
C=CC(=O)Nc1cc(Nc2ncc(C#N)c(-c3cn(C)c4ccccc34)n2)c(OC)cc1N(C)CCN(C)C,-1.0461871720369864
COc1ccc(N(Cc2cnccc2C)C2CCN([C@H](C)CCNC(=O)c3c(C)cc(C#N)nc3C)CC2)cc1,-1.678194516142461
CCN=C(O)COc1ccc(Cl)cc1CN=C(O)[C@@H]1CCCN1C(=O)[C@H](N)C1CCCCC1,-0.8214546854889927
Cc1nnc2sc(C(=O)NCc3ccc(-c4cccnc4F)cc3)c(N)c2c1C,-1.92121703980304
CC(C)Cn1cnc2c(N)nc3ccccc3c21,-0.9150689965513816
CC[C@H](CO)NCCN[C@H](CC)CO,-0.0705044408445938
O=C(COc1cccc(Cl)c1)NC1CCN(Cc2ccn(-c3ccc(C(F)(F)F)cc3)c2)CC1,-1.975087636255876
O=[N+]([O-])c1cn2c(n1)OC[C@@H](OCc1ccc(N3CCCCC3)cc1)C2,-0.7674358591132167
Cc1nc(C2CCN(C(=O)[C@@H]3C[C@@](C)(N)C[C@H]3c3ccc(F)cc3F)CC2)n(-c2ccc(F)c(Cl)c2)n1,-0.6865651810740154
COCCNc1nc(NCc2ccccc2F)c2sccc2n1,-1.5380215234713237
CCCCN(CCNCCc1ccc(O)c2[nH]c(=O)sc12)C(=O)CCOCCc1ccccc1,-1.266427204475544
Cc1ccc(/C(=C\CN2CCCC2)c2cccc(/C=C/C(=O)O)n2)cc1,-0.3005959181846626
COc1nc(Nc2cccc3c2nc(-c2ccc(F)cc2)n3C)ccc1-n1cnc(C)c1,-2.6385177041748613
Cc1ccnc(Nc2ncnc3ccc(-c4cccc(N5CCOCC5)c4)cc23)n1,-1.4441199353631946
CC(C)(O)c1cn(-c2ccc(-c3cccc(S(C)(=O)=O)c3)cc2)c(C(C)(C)c2c(Cl)cccc2Cl)n1,-1.7829242211343628
O=C(O)[C@@H]1CCCN1c1ncc(-c2ccc3c(Nc4cnccn4)ccnc3c2)cn1,-1.2928558116575553
Cc1cc(OC[C@@H]2CCN2)on1,-0.0371185273422324
COc1ccc(C(=O)NCc2cccnc2)cc1C(=O)NCc1cccnc1,-0.6184156653472478
CC(=O)Nc1cccc(-c2ccc(Cn3cc(C(=O)O)c(=O)c4cccc(F)c43)nc2)c1,-1.3771748708039588
Cc1cc(C)cc(-c2nnc(SCC(=O)N3CCN(C(=O)c4ccco4)CC3)o2)c1,-1.480593384383866
CC(C)N1CCC[C@H]1CNC(=O)c1cn(C2CCCC2)c(=O)c2c1c1ccccc1n2C,-0.8331142196943386
COc1cnc2c(NCc3nnc4ccc(-c5cc(F)cc(F)c5)nn34)ccnc2c1,-2.04614370177502
O=C(COCCCc1ccccc1)N[C@H]1CC[C@H](O)CC1,-0.348187202555268
COc1ccc([C@H](CC(=O)O)N2CCN(CCCc3ccc4c(n3)NCCC4)C2=O)cc1F,-1.2928558116575553
CN(Cc1ccc(-c2ccc(N3CCOc4ncnc(N)c4C3=O)cc2)c(Cl)c1)S(C)(=O)=O,-1.0609102622966615
COc1ccc(CCN(C)CCCC(C#N)(c2ccc(OC)c(OC)c2)C(C)C)cc1OC,-1.016398021419283
COc1cc(NS(=O)(=O)c2ccc(N)cc2)nc(OC)n1,-0.6306047640518198
Cc1cc2nnc(O)n2c2cc(-c3ccc[nH]3)ccc12,-0.0132148341533588
N#Cc1ccc2ccc(=O)n(CCN3CC[C@H](NCc4cc5c(cn4)OCCO5)[C@H](O)C3)c2c1,-0.7193988684630864
N#CCNC(=O)[C@@H]1CCCC[C@H]1C(=O)N1CCN(c2ccc(C#N)cc2)CC1,-0.275339171994241
O=C(NCc1ccncn1)c1ccc(Oc2ccc(C#C[C@]3(O)CN4CCC3CC4)cc2)cc1,-0.6184156653472478
CC(=O)NS(=O)(=O)c1cccc(-n2c(/C=C/c3ccc(C#N)cc3)nc3ccccc3c2=O)c1,-2.04614370177502
COCCOc1cnc(NS(=O)(=O)c2ccccc2)nc1,-0.6972362915270183
CC(=O)N(Cc1ccsc1)C1CCN([C@H](C)CCNC(=O)c2c(C)cc(Cl)nc2C)CC1,-0.259282123940715
Cc1noc2c(F)c3c(cc12)CC1(C(O)=NC(=O)N=C1O)C1C(C)CC(C)CN31,-1.9590023075765075
O=C(O)c1cccc(C(=O)N2CCC(N3CCC(Oc4ccc(Cl)c(Cl)c4)CC3)CC2)c1,-1.2937081886722996
Cc1nc(N)nc(-c2cc(Cl)cnc2Nc2cnc(Cl)c(NS(=O)(=O)N(C)C)c2)n1,-2.5231683714877318
CC(=O)Nc1cccc2c1c(Oc1ccc(Cl)cc1)c(C)n2CC(=O)O,-0.9042164430344424
CN(C)S(=O)(=O)c1ccc2c(c1)N(CCN1CCC(NCc3ccc4c(n3)NC(=O)CO4)CC1)C(=O)CO2,-1.0282270387799053
NC(=O)c1cn(CC(=O)N2[C@@H]3C[C@@H]3C[C@H]2C(=O)Nc2cccc(Br)n2)c2ccccc12,-0.8798572871775411
Cc1cc(C(F)(F)F)ccc1-c1cc2cnn([C@@H](CC(C)C)c3ccc(C(=O)NCCC(=O)O)cc3)c2cc1C,-2.958646797953009
CC(C)C(=O)Oc1ccc(CO)cc1[C@H](CCN(C(C)C)C(C)C)c1ccccc1,-0.3871202912961925
CC(C)[C@H](O/N=C(\C(=O)N[C@@H]1C(=O)N(OS(=O)(=O)O)C1(C)C)c1csc(N)n1)c1cc(=O)c(O)cn1O,-2.4321153092162984
NCCCNCCSP(=O)(O)O,-0.0177106717340002
O=C(O)c1ccc2[nH]c(C(F)(F)F)nc2c1,-0.992256061554874
Cc1nccn1-c1ccc(N=C(O)c2cc(C(F)(F)F)nn2-c2ccc3o[nH]c(=N)c3c2)c(F)c1,-1.678194516142461
Cn1cnc([N+](=O)[O-])c1Sc1ncnc2[nH]cnc12,-0.2904433042493485
CC[C@@H](CO)NC(=O)[C@@H]1C=C2c3cccc4c3c(cn4C)C[C@H]2N(C)C1,-0.4676788579176694
CCc1ccc2nc(N3CCC(N[C@@H]4CCCOC4)CC3)c(-c3nc(C)no3)cc2c1,-1.4441199353631946
NC(=O)c1cc(-c2ccnc(N)n2)[nH]c1-c1ccccc1,-0.4429261056339875
COc1c(OCCCN2CCOCC2)ccc2c1N=C(NC(=O)c1cnc(N)nc1)N1CCN=C21,-0.7990346533161911
FC(F)(F)c1cccc(Nc2nccc(-c3cnn4ncccc34)n2)c1,-3.0
CCC#CC[C@H](C)[C@H](O)/C=C/[C@H]1CCC(=O)N1CCCCCCC(=O)O,-0.2530219261973943
O=C(O)c1cc(CN2CCN(c3ccccc3)C(=O)C2)c2ccccn2c1=O,-0.3191923687135183
Cc1nc(Nc2ccc(C(=O)O)cc2)ncc1CN1CCC(N2C(=O)N(C3CCOCC3)C[C@H]2c2cccc(Cl)c2)CC1,-0.9551076165256404
O=S(=O)(c1ccccc1)N(CC(F)(F)F)c1ccc(C(O)(C(F)(F)F)C(F)(F)F)cc1,-2.2679602540023325
Cc1onc(-c2c(F)cccc2Cl)c1C(=O)N[C@@H]1C(=O)N2[C@@H]1SC(C)(C)[C@@H]2C(=O)O,-1.151316192353327
O=C(Nc1nc2cccc(-c3ccc(CN4CCS(=O)(=O)CC4)cc3)n2n1)C1CC1,-0.1660131715933745
O=C(O)c1ccc(-c2cccc(O[C@H]3O[C@H](CO)[C@@H](O)[C@H](O)[C@@H]3O)c2)cc1,-0.7193988684630864
O=C(O[C@H]1C[N+]2(Cc3cc(-c4ccccc4)no3)CCC1CC2)C1(C2=CC=CC2)CCCCCC1,-1.9590023075765075
Cc1c(-c2ccc(C(C)N)cc2)ccc2c3ocnc3c(=O)n(C3CC3)c12,-0.1306157171159885
CCNC(=O)Nc1nc2cc(-c3cccnc3)c(=O)n(CC3CCCCC3)c2s1,-1.678194516142461
O=C(N[C@H]1CC[C@H](O)CC1)C1CCC(Cc2ccccc2)CC1,-1.094633231076854
CC(C)(C)OC(=O)NC[C@H]1CC[C@H](CNC(=O)c2cc(N3CCC(CCO)CC3)nc3ccccc23)CC1,-2.0972901870301213
CC(C)[C@H](C[C@@H]1OC(=O)NC1=O)c1ccc(-c2ccc3cccc(F)c3c2)[nH]c1=O,-2.377081726753733
O=c1[nH]c([C@@H]2CCCN2)nc2c1oc1ccc(Cl)cc12,-1.137105696499718
O=C(O)c1cn(Cc2ccc(-c3ccncc3)cc2)c2c(F)cccc2c1=O,-1.6024771142816578
CC(C)(O/N=C(\C(=O)N[C@@H]1C(=O)N(S(=O)(=O)O)[C@@H]1Cn1cc(COCc2cc(=O)c(O)cn2O)nn1)c1csc(N)n1)C(=O)O,-0.3005959181846626
OC(CNCC(O)C1CCc2cc(F)ccc2O1)C1CCc2cc(F)ccc2O1,-1.6428617086393684
CCOc1nc2nc(C)cc(Nc3ccc(C(F)(F)F)cc3)n2n1,-1.113938140804323
CN1CCN(C(=O)Nc2cccc(-c3ccc4c(c3)sc3c(N)ncnc34)c2)CC1,-1.4206394750654865
CC(C)(C)NS(=O)(=O)c1cncc(-c2ccc3nc(NC(=O)NCC(=O)N4CCCC4)nn3c2)c1,-0.4821825423073874
CCc1nc2nc(C)cc(Nc3ccc(C(F)(F)F)cc3)n2n1,-0.9000605164383257
NS(=O)(=O)c1cc(C(=O)O)c(NCc2ccco2)cc1Cl,-1.511306046345939
C[C@@H](Nc1nc(-c2cccc(C(=O)O)c2)cnc1N)c1ccccc1,-1.9590023075765075
CCc1c(CN2CC(C(=O)O)C2)cccc1-c1nsc(-c2ccc(CC(C)C)c(C#N)c2)n1,-1.8573884371631968
CN(C(=O)CS(C)(=O)=O)C1CCCn2c1nc(C(=O)NCc1ccc(F)cc1)c(O)c2=O,-0.5218665718994825
COc1ccc(-c2cnc3c(-c4cccc5ncccc45)cnn3c2)cc1,-2.000391041028584
CCCN(c1cncnc1)P(=O)(c1ccccc1)c1ccccc1,-0.9216117029254074
Cc1ccc([C@@H](C)Oc2cc3onc(CCC(=O)O)c3cc2Cl)nc1,-1.97920381189548
COc1cccc(CNCc2cccc(CCNC[C@H](O)c3ccc(O)c4[nH]c(=O)sc34)c2)c1,-0.8611821394300438
OC(c1ccccc1)(c1ccccc1)C12CC[N+](CCOCc3ccccc3)(CC1)CC2,-0.9551076165256404
COc1c(N2C[C@@H](N)C3(CC3)C2)c(F)cc2c(=O)c(C(=O)O)cn([C@@H]3C[C@@H]3F)c12,-0.2347652113394669
CCCN(Cc1ccoc1)C(=O)c1cc(C)cc(OCC2(CONC(=N)N)CC2)c1,-1.678194516142461
C[C@H]1[C@H](NC(=O)/C(=N\OC(C)(C)C(=O)O)c2csc(N)n2)C(=O)N1C(=O)NS(=O)(=O)n1nc(-c2cc(=O)c(O)c[nH]2)n(C[C@@H](O)CO)c1=O,-1.3876400520322256
N#Cc1ccc([C@H]2CCc3cncn32)c(F)c1,-0.1911435361812056
CNCCCc1cncc(CCc2cc(C)cc(N)n2)c1,-0.0968014529570216
C[C@]12CCC(=O)C=C1CC[C@@H]1[C@@H]2[C@@H](O)C[C@@]2(C)[C@H]1CC[C@]2(O)C(=O)CO,-0.7836064497954336
CCc1cnn2c(NCc3ccc[n+]([O-])c3)cc(N3CCCC[C@H]3CCO)nc12,-1.0012996145043729
C#C[C@]1(O)CC[C@H]2[C@@H]3CCc4cc(O)ccc4[C@H]3CC[C@@]21C,-0.8831598975873358
CCn1cc(C(=O)O)c(=O)c2cc(F)c(N3CCNCC3)nc21,-0.2310047478043242
COc1ccc2c(O)cc(=O)n(Cc3ccc(-c4ccccc4-c4nn[nH]n4)cc3)c2c1,-2.6780082524527327
COCc1nc2nc(C)cc(Nc3ccc(C(F)(F)F)cc3)n2n1,-0.6112666530081668
CCOc1cc(NC(=O)C2(NC(=O)c3ccc4c(C5CCCC5)c(-c5ncc(Cl)cn5)n(C)c4c3)CCC2)ccc1/C=C/C(=O)O,-2.3013775702979022
Cc1cc2c(C(N)=O)c(N)n(-c3c(C)ccc(O)c3C)c2nc1C,-0.7990346533161911
CCCCCC(=O)O[C@]1(C(C)=O)CC[C@H]2[C@@H]3CCC4=CC(=O)CC[C@]4(C)[C@H]3CC[C@@]21C,-1.2928558116575553
CC(C)C(/C=C1\OC(=O)NC1=O)c1ccc(-c2ccc3cccc(F)c3c2)[nH]c1=O,-2.744920557572451
Nc1ccc(-c2ccc(Cn3cc(C(=O)O)c(=O)c4cccc(F)c43)cc2)cn1,-1.3191842176343007
Cc1ccc(S(=O)(=O)n2c(N)nc3ccccc32)cc1,-1.6024771142816578
CN(CCNc1ncc(-c2ccc3c(Nc4cnccn4)ccnc3c2)cn1)C(=O)OC(C)(C)C,-1.2928558116575553
COc1ccc([C@]23c4ccccc4C(=O)N2CCN3C(=O)c2cc(F)c(F)c(F)c2)cc1C,-1.854275425119336
O=C1CN(C(=O)c2ccccc2)C(c2ccccc2)c2cc(Cl)ccc2N1,-1.2108467423745437
Cc1cc(C)c(CNC(=O)c2c(C)n([C@H](C)C3CCN(C)CC3)c3ccccc23)c(=O)[nH]1,-0.5218665718994825
O=c1[nH]c2c(O)ccc([C@@H](O)CNCCSCCCNCCc3ccccc3)c2s1,-0.3263076083859255
COc1cc(C(N)=O)nc(-c2cccc(C#C[C@]3(O)CCN(C)C3=O)c2)c1,-0.8185880637780635
CN1Cc2nc(C(=O)N[C@@H]3C[C@@H](C(=O)N(C)C)CC[C@@H]3NC(=O)c3cc4cc(Cl)ccc4[nH]3)sc2C1,-0.4939281250746494
COCCN(C)c1ccc(NC(=O)c2nc(-c3ccccc3)oc2C(F)(F)F)cn1,-1.7962873593922926
Cc1ncc([N+](=O)[O-])n1CC(O)CCl,-0.0705044408445938
Cc1n[nH]c(=O)cc1-c1ccc(OC2CCN(C3CCC3)CC2)cc1,-0.3761513833286242
O=C(O)C[C@H](CN1CC[C@@H](CCc2ccc3c(n2)NCCC3)C1)c1cccc(-n2cnnc2)c1,-0.3367326433719202
Cc1cn2c(C(=O)NCc3ccc(N4CCN(c5ccc(C(F)(F)F)cn5)CC4)c(F)c3)c(C)nc2s1,-3.0
c1coc(CNc2ncnc3sccc23)c1,-0.0599175282990633
CCCCC1(CCCC)CS(=O)(=O)c2ccc(N(C)C)cc2[C@@H](c2ccc(OCc3ccc(C[N+]45CCN(CC4)CC5)cc3)cc2)[C@H]1O,-1.1337868813894183
Nc1cc(F)c(S(=O)(=O)N2CCC(O)CC2)cc1C(=O)Nc1ccc(F)c(F)c1,-1.4441199353631946
COc1ccc2c(O[C@@H]3C[C@H]4C(=O)N[C@]5(C(=O)NS(=O)(=O)C6CC6)C[C@H]5/C=C\CCCCN(C)C(=O)[C@@H]4C3)cc(-c3nc(C(C)C)cs3)nc2c1C,-2.699187205881913
CN1CCC(COCc2cc(C(F)(F)F)cc(C3CC3)n2)(c2ccc(F)cc2)CC1,-1.678194516142461
CCNC(=O)Nc1nc2cc(-c3ccc(OC)nc3)c(=O)n(C(C)C)c2s1,-1.2928558116575553
Nc1ncnc2c1sc1cc(-c3cccc(-c4nn[nH]n4)c3)ccc12,-1.886457720046036
CNc1c(Br)cnc2[nH]c(-c3ccc(OCCN4CCN(C)CC4)cc3)nc12,-1.4060308997274775
C[C@H](CO)Nc1cc(NS(=O)(=O)c2cn(C)cn2)nc(SCc2cccc(F)c2F)n1,-1.6579920709826637
CCNc1[nH]c(=O)n(O)c(=O)c1C(=O)NCc1ccc(F)cc1,-2.1552743720267773
C=CC(=O)N1C[C@@H]2C[C@H]1CN2S(=O)(=O)c1ccc(N2CC(CN3CCC([C@@](CN4CCC4)(c4cccc(F)c4)[C@H]4CCC[C@@H]4NC(=O)OC)CC3)(OC)C2)cc1,-1.027302033420102
COc1ccc(S(=O)(=O)NC(=O)N2CCC(N3CCC(Oc4ccc(Cl)c(Cl)c4)CC3)CC2)cc1,-1.863682213717614
Cc1[nH]c2cc([C@@H]3CCCCN3C(=O)c3cc(Br)ccc3NS(C)(=O)=O)nn2c(=O)c1C,-1.3472123374569849
CCCCc1nc2c(N)nc3ccccc3c2n1Cc1ccccc1,-1.7427319193805018
COc1ccc2ncc(=O)n(CCN3CC[C@@H](NCc4ccc5c(n4)NC(=O)CO5)[C@@H](OC)C3)c2c1,-0.5516493753440047
CCOC(=O)[C@H](CCc1ccccc1)N[C@H]1CCc2ccccc2N(CC(=O)O)C1=O,-1.4093587579877196
N[C@@H](C(=O)N1CCC[C@H]1C(O)=NCc1cc(Cl)ccc1Cl)C1CCCCC1,-1.3876400520322256
CNC(=O)[C@@]12C[C@@H]1[C@@H](n1cnc3c(NC)nc(C#Cc4ccco4)nc31)[C@H](O)[C@@H]2O,-0.614826449170291
N#CCNC(=O)c1ccc(-c2ccnc(Nc3ccc(N4CCOCC4)cc3)n2)cc1,-0.5401517272083002
Cc1ccc(-n2nc(C(C)(C)C)cc2NC(=O)Nc2ccc(-c3nnc(S)n3C)cc2)cc1,-2.347125402250531
CCc1nn(CCO)c(CC)c1Oc1cc(Cl)cc(Cl)c1,-0.8831598975873358
COCCNc1nonc1/C(=N/O)Nc1ccc(F)c(Br)c1,-2.000391041028584
N#CN=C(N)c1sc(Nc2ccccc2)nc1N,-0.9833969924067856
O=C(Cc1ccc(-c2ccc(OCCN3CCOCC3)cc2)cn1)NCc1ccccc1,-0.9176455486690313
O=C([C@@H]1CNC[C@H]1c1ccc(F)cc1F)N1CCC(c2ccnn2-c2ccc(F)c(Cl)c2)CC1,-0.9176455486690313
O=C(O)C[C@@H]1O[C@@H](c2cccc(Cl)c2)[C@@H](c2ccc(Cl)cc2)N(CC2CC2)C1=O,-1.3669559463304506
CC1(C)CC(=O)N(c2ccc(F)c(C(F)(F)F)c2)C1=O,-0.2400112736132476
NC(=O)c1cnccn1,-0.045709238298873
Cc1ccccc1N=c1[nH]c2ccc(CC(=O)N3C[C@@H](F)C[C@H]3CO[C@H]3CC[C@H](C(=O)O)CC3)cc2o1,-1.5090587946432126
CNCc1cc(-c2ccccc2F)n(S(=O)(=O)c2cccnc2)c1,-0.8668924068772468
CN[C@@H](C)C(=O)N[C@H]1CCC[C@H]2C[C@H]3CCN(CCc4ccc(F)cc4)C[C@H]3N2C1=O,-0.3182885315981927
C[C@]1(CN2Cc3nc(-c4ccc(F)cc4)sc3C2)CN=C(N)O1,-1.721658030939094
COC(=O)CN=C(O)C(C)c1ccc(CC(C)C)cc1,-0.1190492837433591
Nc1ncnc2c1C(=O)N(c1ccc(-c3c(F)cccc3F)c(F)c1)CCO2,-1.3876400520322256
CNC(=O)c1cccc(-c2cnc(NC[C@]3(c4ncccc4F)C[C@H](F)C3)nc2)c1,-0.1868528554195325
Cc1cc(Nc2nc(N[C@@H](C)c3ccc(F)cn3)cnc2C)n[nH]1,-0.7936059355691265
CCS(=O)(=O)c1ccc(-c2cc(Cl)ccc2OCC(=O)O)c(Cl)c1,-1.556374078396063
CC(C)(O)[C@H]1CC[C@H](NC(=O)c2cnc3cc(C4CC4)ncc3c2)CC1,-0.7936059355691265
Cn1cnc(S(=O)(=O)N2C[C@@H]3[C@H](C2)[C@@]3(CNC(=O)c2ccccc2Cl)CC2CC2)c1,-1.5090587946432126
C[C@@H]1CCCN1CCCOc1ccc(-c2ccc(O)nn2)cc1,-0.2514708756001677
Cc1c(CN2CC[Si](C)(C)CC2)nn(-c2ccc(Cl)cc2Cl)c1-c1ccc(Cl)cc1,-2.824053529904458
O=C(NC1CC1)c1cc(-c2cccs2)on1,-1.1094493270412118
O=C(NC[C@@H](O)CN1CCC(Oc2ccc(Cl)c(Cl)c2)CC1)c1c[nH]c(=O)cc1C(F)(F)F,-0.9516005402834988
COc1cc(CNC(=O)CCCC/C=C/C(C)C)ccc1O,-1.1841865747457572
C[C@@](C(=O)O[C@H]1C[N+]2(CCCc3ccncc3)CCC1CC2)(c1ccccc1)N1CCCCC1,-0.2278553850764258
c1cnc(Nc2nc3c(s2)CCCc2n[nH]cc2-3)nc1,-1.4952709483787436
Cc1ccc(CNC(=O)c2cc(C#CC(C)(C)O)cnc2NCc2ccc3c(c2)OCO3)cc1C(F)F,-1.9590023075765075
CCOc1cc2ncc(C(N)=O)c(Nc3cccc(Cl)c3Cl)c2cc1N1CCN(C(=O)CO)CC1,-0.7850587114395241
Cc1ccc(NC(=O)c2ccc(C#N)cc2)cc1-n1cnc2ccc(N3CCN(C)CC3)cc2c1=O,-0.495690515700858
CN(C)CCN(CC1CCCN(C2Cc3ccccc3C2)C1)C(=O)c1ccc2ccccc2c1,-1.1491700401514695
CN(c1nc(=O)cc[nH]1)C1CCN(c2nc3ccccc3n2Cc2ccc(F)cc2)CC1,-1.678194516142461
N=c1ccn([C@@H]2CS[C@H](CO)O2)c(O)n1,-0.1133795698723098
COc1ccc2c(C(=O)NCc3ccc(F)cc3)c(O)n(O)c(=O)c2c1,-2.699187205881913
CN(C)CCN1CCN(c2cc(C(=O)NC[C@H]3CC[C@H](CNC(=O)OC(C)(C)C)CC3)c3ccccc3n2)CC1,-1.2108467423745437
C[C@@]1(C(=O)N[C@@H](CCC(=O)O)C(=O)O)CCCN1C(=O)CN,-0.0222535377083363
CN[C@@H]1[C@@H](O)[C@@H](O[C@@H]2[C@@H](O)[C@H](O[C@H]3OC(CNCCO)=CC[C@H]3N)[C@@H](N)C[C@H]2NC(=O)[C@@H](O)CCN)OC[C@]1(C)O,-0.0955021432669134
O=C(Cn1cnc([N+](=O)[O-])n1)Nc1ccc(N2CCCCC2)cc1,-0.6312167965507071
Cc1cc(-c2ccc(C(F)(F)F)cn2)[nH]c1C(=O)N[C@@H](CN)c1ncc(CO)s1,-2.04614370177502
c1cnn2ncc(-c3ccnc(Nc4ccnnc4)n3)c2c1,-0.2514708756001677
CCN1CCCC1CNC(=O)c1cc(S(N)(=O)=O)ccc1OC,-0.2215593164287672
COc1ccc(Nc2nc(-c3cccc(C(=O)Nc4ccc(C(=O)O)cc4)c3)nc3scnc23)cc1OC,-1.991791721592404
CO[C@H]1CN(CCn2c(=O)ccc3ccc(C#N)cc32)CC[C@H]1NCc1ccc2c(n1)NC(=O)CO2,-0.2858943621681939
COc1cc(Nc2cnc(C#N)c(O[C@H](C)CN(C)C)n2)ncc1-c1cnn(C)c1,-0.7427535350926288
C[N+]1(C)[C@@H]2C[C@@H](OC(=O)C(O)(c3cccs3)c3cccs3)C[C@H]1[C@@H]1O[C@@H]12,-0.3360266661809809
O=S(=O)(Nc1ncccn1)c1ccc2c(c1)OCC[C@@H]2c1ccc(C(F)(F)F)cc1-c1ccc(F)nc1,-1.523298766322403
c1ccc2c(N=c3cc(C4CC4)[nH][nH]3)nc(=NC3CCCCC3)[nH]c2c1,-1.9590023075765075
CC(=O)O[C@]1(C(C)=O)CC[C@H]2[C@@H]3C[C@H](C)C4=CC(=O)CC[C@]4(C)[C@H]3CC[C@@]21C,-0.9176455486690313
Cn1ncc(C(=O)N2CCC(Nc3cc(=O)n(C)c4ccccc34)CC2)c1Cl,-1.5090587946432126
O=C(O)c1cc(Cc2ccc(-c3cccnc3)cc2)c2ccccn2c1=O,-2.3982658517398923
Cc1nc(Oc2ccc(C(N)=O)cc2)ccc1CN1CCC(N2C(=O)N(C3CCOCC3)C[C@H]2c2ccccc2)CC1,-0.9710466712179896
CCCOc1cccc(CCCN2C[C@H](O)[C@@H](O)[C@H](O)[C@H]2CO)c1,-0.4939281250746494
C[C@H](N)C(=O)N[C@@H](C)C(=O)N[C@H]1[C@@H]2CN(c3nc4c(cc3F)c(=O)c(C(=O)O)cn4-c3ccc(F)cc3F)C[C@@H]21,-0.6156135355714228
O=C(O)c1cccc(CC(=O)N2CCc3c(n(Cc4cccc(F)c4)c4ncccc34)C2)c1,-1.92121703980304
C[C@]1(O)C[C@@H](NC(=O)c2cnc3nc(C4CC4)c(Cl)cc3c2)C1,-0.8831598975873358
NC1C2CC3CC1CC(C2)C31OO[C@]2(CC[C@@H](c3ccc(OCC(=O)O)cc3)CC2)O1,-1.229575131902665
CC(=O)NCCNc1nonc1/C(=N/O)Nc1ccc(F)c(Br)c1,-1.3472123374569849
Cc1ccoc1C(=O)Nc1ccc(N2C(=O)c3cccc(F)c3C2=O)c(Cl)c1,-1.2844228080425482
Cc1c(C2(c3ccc(C(F)(F)F)nc3)CC2)c[nH]c1C(=O)NC(C)c1nc[nH]n1,-1.137105696499718
Cc1cc(C)c(C)c(Cn2ccc3c(/C=N/NC(=O)c4ccc(O)c(C#N)c4)cccc32)c1C,-1.3876400520322256
COc1cc(C2(c3cccc(-c4cncnc4)c3)N=C(N)c3c(F)cccc32)ccn1,-1.3219070190095912
O=C(c1nn2c(C(F)(F)F)cc(C3CC3)cc2c1Cl)N1CCN([C@H]2C[C@@H]3C[C@@H]3[C@@H]2O)C(=O)C1,-1.2150975501133452
CNc1nccc(N2CC[C@H](NC(=O)Nc3cc(OC)cc(OC)c3)C2)n1,-1.6993827801934176
Cn1nc(-c2ccc(F)cc2)cc1C1(c2ccccn2)CCN(CCc2ccccc2)CC1,-1.9590023075765075
CCN[C@H]1C[C@H](C)S(=O)(=O)c2sc(S(N)(=O)=O)cc21,-0.1547158736520084
Cc1[nH]c2ccccc2c1CCNCc1ccc(/C=C/C(=O)NO)cc1,-0.8402632123998323
O=C(O)C[C@H](CN1CC[C@@H](CCc2ccc3c(n2)NCCC3)C1)c1cccc(-n2cncn2)c1,-0.3972890550424425
COc1ccc(Nc2ccnc3cc(-c4cnc(N5CCN(C)CC5)nc4)ccc23)cc1Cl,-1.678194516142461
Cc1cc(CCCOc2c(Cl)cc(C3=NCCO3)cc2Cl)on1,-2.356883044431443
CC[C@H](CO)Nc1nc(SCc2ccccc2)nc2nc(N)sc12,-1.854275425119336
Cc1noc(C)c1S(=O)(=O)Nc1c(N2CCC(NCc3ccc(C(F)(F)F)cc3)CC2)c(=O)c1=O,-1.174353220625973
O=C(OCC(O)CO)c1ccccc1Nc1ccnc2cc(Cl)ccc12,-1.4689428087667111
CCOC(=O)N1CCN(C(=O)[C@H](CCC(=O)O)NC(=O)c2cc(C3CC3)nc(-c3ccccc3)n2)CC1,-2.3982658517398923
CSc1ccc(C(=O)c2[nH]c(=O)[nH]c2C)cc1,-0.5239057477209016
C#CCOc1ccc2cc(-c3nn(C(C)(C)C)c(N)c3C(N)=O)ccc2c1,-1.9590023075765075
Cc1c(Sc2ccc(Cl)cc2)c2c(S(C)(=O)=O)cccc2n1CC(=O)O,-1.4441199353631946
CC(C(=O)O[C@@H]1CC[N+](C)(C)C1)(c1ccccc1)C1CCCC1,-0.6387992073300848
COc1ccc(N(Cc2cnccc2C)C2CCN([C@H](C)CCNC(=O)c3c(C)cc(Cl)nc3C)CC2)cc1,-1.091944125901233
O=C1Nc2ccc(Cl)cc2C(c2ccccc2Cl)=NC1O,-1.1303174936142455
COS(=O)(=O)c1cccc(C[C@H](NC(=O)c2c(Cl)cc3c(c2Cl)CCN(C(=O)c2ccc4ccoc4c2)C3)C(=O)O)c1,-0.6649746031021574
C[C@@H]1CN(C(=O)N[C@H](Cc2ccc(F)cc2)C(=O)N2CCC(C(=O)NC(C)(C)C)(C3CCCCC3)CC2)C[C@H](C)N1,-1.1094493270412118
C[C@@H]1c2nnn(-c3ncccn3)c2CCN1C(=O)c1cccc(C(F)(F)F)c1Cl,-1.0710104716285322
Clc1ccc(COC(Cn2ccnc2)c2ccc(Cl)cc2Cl)c(Cl)c1,-1.3876400520322256
COc1cc2ccc(C#N)cc2cc1[C@@H](c1cccc(F)c1)[C@@](O)(CCN(C)C)c1cccc2ccoc12,-3.0
C[C@@H](NC1=CC(=O)CCC1)c1ccc(Nc2ncc3cc(-c4ccncc4)ccc3n2)cc1,-1.836051881036916
CCn1c(-c2ccnc(N)n2)cc(C(N)=O)c1-c1ccccc1,-1.2150975501133452
Cc1c(Sc2ccc(Cl)cc2)c2cc(S(C)(=O)=O)ccc2n1CC(=O)O,-1.863682213717614
C[C@](N)(Cc1ccc(O)c(O)c1)C(=O)O,-0.0629161177601816
O=C(O)O,-0.6074018555787056
O=C(NC[C@@H](O)CN1CCC(Oc2ccc(Cl)c(Cl)c2)CC1)c1n[nH]c(=O)c2ccccc12,-1.4441199353631946
CC(C)NCC(O)COc1ccc(CC(N)=O)cc1,-0.0277453318062949
O=C(Nc1ccnc(NC(=O)[C@H]2C[C@H]2F)c1)c1c(Cl)cccc1Cl,-1.5854444437707855
NC1CCC(CN=C(O)[C@@H]2CCCN2C(=O)[C@H](N)C(C2CCCCC2)C2CCCCC2)CC1,-1.678194516142461
COc1cc([C@](O)(CCN(C)C)[C@@H](c2cc3cc(C#N)ccc3nc2OC)c2cccc3c2OCCO3)cc(OC)n1,-2.6023206462213824
Cc1c(-c2ccc3cc(CCN4CCC[C@H]4C)ccc3n2)cnn1-c1ccccn1,-0.8214546854889927
O=C(c1cc(S(=O)(=O)Nc2ccccc2F)c(F)cc1Cl)N1CCN2CCC[C@@H]2C1,-0.8272453257258323
CN1CCc2nc(C(=O)N[C@@H]3C[C@@H](C(=O)N(C)C)CC[C@@H]3NC(=O)C(=O)Nc3ccc(Cl)cn3)sc2C1,-0.3462570059742641
c1ccc(-c2cnn3ncccc23)cc1,-1.041388342235121
CCOC(=O)C1=C(C)N/C(=C/c2ccn(-c3ccccc3C(F)(F)F)c2)C1=O,-1.1942477451993276
Nc1cccc(-c2ccc(Cn3cc(C(=O)O)c(=O)c4sccc43)nc2)c1,-0.9285488203376618
COc1cccc2c(O)nc(-c3ccc(C(F)(F)F)cc3)nc12,-1.2569169000188067
Cc1[nH]c(C(=O)N[C@@H]2CCN(c3ncc(C(=O)O)s3)C[C@@H]2N=[N+]=[N-])c(Cl)c1Cl,-1.4093587579877196
C[C@]1(O)CCN(c2nc(N3C[C@H](O)[C@@H](O)C3)cc(C(F)(F)F)c2C#N)C1,-0.8831598975873358
CCP(=O)(OC)c1ccc2nc(-c3cnc4ccccc4c3)oc2c1,-0.9961088337630896
CC(=O)Nc1cc(Nc2cc(NC3COC3)n3ncc(C#N)c3n2)c(F)cc1C,-0.5837923388097694
C[C@@H]1Cc2c([nH]c3ccccc23)[C@@H](c2c(F)cc(/C=C/C(=O)O)cc2F)N1CC(C)(C)F,-2.4440112696781595
CNc1nccc(-c2cnn3ncccc23)n1,-0.8512123159436876
CN1CC(c2nc(C(=O)NCc3ccc(F)cc3)c(O)c3ncccc23)CC1=O,-1.886457720046036
CCCCCOc1ccc(C(=O)c2cccc3ccccc23)c2ccccc12,-1.9590023075765075
NC(=O)Nc1cc(-c2ccccc2)sc1C(=O)N[C@H]1CCCNC1,-0.4939281250746494
N#C[C@@H]1C[C@@H]2C[C@@H]2N1C(=O)[C@@H](N)C12CC3CC(CC(O)(C3)C1)C2,-0.1022574786822374
COc1ncc([C@@H](CCCCCCc2ccc3c(n2)NCCC3)CC(=O)O)cn1,-1.5090587946432126
CN[C@@H](C)C(=O)N[C@H](C(=O)N[C@H]1CCCN(CCc2ccc(Cl)cc2)C1)C(C)(C)C,-1.5189775360099855
CC(C)(NC(=O)Nc1ccc(F)c(C(F)(F)F)c1)C(=O)O,-1.236999022944533
Cc1cc(Nc2cc(F)c(C(F)(F)F)c(F)c2)n2ncnc2n1,-1.4563540467667528
Cc1nc(C2CCN(C(=O)[C@H]3CN(C(C)(C)C)C[C@@H]3c3ccc(F)cc3F)CC2)n(-c2ccc(Cl)c(C)c2)n1,-0.9961088337630896
NS(=O)(=O)Cc1noc2ccccc12,-0.2347652113394669
CN1CCN(C(=O)c2cc(F)ccc2CN=C(O)c2nc(C(C)(C)C)n(C)c(=O)c2O)CC1,-0.4676788579176694
O=C1C[C@H](c2c[nH]c3ccc(F)cc23)C(=O)N1,-0.347221031934835
O=C(Nc1nc2ccccc2s1)NC12CC3CC(CC(C3)C1)C2,-2.5231683714877318
CCc1cc(F)c2nc(N3CCC(N[C@@H]4CCOC4)CC3)c(-c3nc(C)no3)cc2c1,-1.2761504398127412
COC(=O)c1ccc(-c2cccc(O[C@H]3O[C@H](CO)[C@@H](O)[C@H](O)[C@@H]3O)c2)cc1,-1.091944125901233
CCCNC(=O)c1c(NC(=O)C23CC4CC(CC2C4)C3)sc2c1CCOC2,-1.678194516142461
CCN(CC)CCNC(=O)c1ccc(N)cc1,-0.0876063539711844
N#Cc1cc(-c2n[nH]c(-c3ccncc3)n2)ccn1,-1.0634133785670563
CC#CC(=O)N1CCC[C@H]1c1nc(-c2ccc(C(=O)Nc3ccccn3)cc2)c2c(N)nccn12,-1.6829770851120192
O=C1CC(c2cccc(-n3ccnc3)c2)=Nc2cc(OCCCF)c(C(F)(F)F)cc2N1,-1.3031964395998012
Cc1nc(NC(=O)N2C[C@H](F)C[C@H]2C(N)=O)sc1-c1csc(C(C)(C)C)n1,-1.1028019176170332
CCC1(c2ccccc2)C(O)=NC(=O)N=C1O,-0.304951958814521
CCc1cc(Cc2ccc(CC(=O)NCCO)cc2)nc(-c2cccc(Cl)c2)n1,-2.3013775702979022
CC[C@H](C)C(=O)N1CCC(NC(=O)Nc2ccc(C(F)(F)F)cc2)CC1,-1.4206394750654865
Cc1c(Cc2ccc(=O)n(Cc3ccc(F)cc3F)n2)c2cc(F)cc(F)c2n1CC(=O)O,-1.678194516142461
CC(=O)N1CCC(CN2CCC(NC(=O)Nc3cc(C(F)(F)F)cc(C(F)(F)F)c3)CC2)CC1,-1.2928558116575553
CCC(=O)CN1C(=O)C(NC(=O)c2cc3cc(Cl)sc3[nH]2)Cc2ccccc21,-0.0005426641307555
CSc1nc(-c2ccc(F)cc2)c(-c2ccnc(NC(C)=O)c2)n1C,-1.4206394750654865
C[C@@](C(=O)O[C@H]1C[N+]2(CCCc3nc4ccccc4o3)CCC1CC2)(c1ccccc1)N1CCCCC1,-0.8765796021785472
CC(C)Oc1ccc(-c2nn([C@@H](C)c3oc4ccc(F)cc4c(=O)c3-c3cccc(F)c3)c3ncnc(N)c23)cc1F,-2.4562422768361434
O=C(O)c1cn(Cc2ccc(-n3cnc4ccccc43)cc2)c2cccc(F)c2c1=O,-1.2761504398127412
COc1noc2c(F)c3c(cc12)CC1(C(=O)NC(=O)NC1=O)[C@H]1[C@H](C)O[C@H](C)CN31,-1.041388342235121
CC(C)CNCc1c(C(=O)N[C@@H]2CCC[C@H](O)C2)noc1-c1ccc(C(F)(F)F)cc1,-0.7500120671730519
Cc1cc(-n2cnc3ccc(N[C@@H](C)c4ncc(F)cn4)nc32)n[nH]1,-0.4099816873354094
OC[C@@H]1[C@@H](O)[C@H](O)[C@@H](O)CN1CCCCCCOCc1ccccc1,-0.3182885315981927
CN[C@@H](C)C(=O)N[C@H](C(=O)N[C@H]1CCN(CCCc2ccccc2)C1)C1CCCCC1,-0.4430464251464634
Cc1ccccc1C(OCCN(C)C)c1ccccc1,-0.0968014529570216
C[C@]1(c2cc(NC(=O)c3ccc(C#N)cn3)ccc2F)N=C(N)CO[C@@H]1F,-0.3865916321639296
CCCCC1(CCCC)CN(c2ccccc2)c2cc(SC)c(OCC(=O)N[C@@H](C(=O)N[C@@H](CC)C(=O)O)c3ccc(O)cc3)cc2S(=O)(=O)N1,-2.1552743720267773
CC(=O)N(C)Cc1ccc(-c2ccc(N3CCOc4ncnc(N)c4C3=O)cc2)c(Cl)c1,-1.0227063304123192
Nc1ccccc1NC(=O)c1ccc(CNC2=N[C@@H](c3ccccc3)CO2)cc1,-0.8301698590294591
Nc1scc2c(C(=O)NC3CC3)nn(-c3ccc(F)cc3)c(=O)c12,-1.1553302613868628
CO/N=C1/C[C@@H](CO)N(C(=O)c2ccc(-c3ccccc3C)cc2)C1,-0.5365400288758649
O=c1c2nc([N+](=O)[O-])cn2ccn1Cc1ccc2ncccc2c1,-0.6761499961531976
Cc1cccc(-c2nc3cc(Cl)ccc3[nH]2)n1,-1.9176132149096263
CCN1CC(n2nccc2-c2cc(Cl)ccc2Oc2ccc(S(=O)(=O)Nc3cscn3)cc2C#N)C1,-1.1822020113833993
NC(=O)c1cccc2c3c([nH]c12)CCCC3,-0.5515721196406536
COc1cccc(C(=O)NCCN2CCC(Oc3ccc(Cl)c(Cl)c3)CC2)c1,-2.744920557572451
CCOC(=O)C1=C(C)NC(C)=C(C(=O)OC)C1c1cccc([N+](=O)[O-])c1,-1.81007476746346
CC(C(=O)O)c1ccc(-c2ccccc2)c(F)c1,-1.8450680747287964
CN(Cc1ccc(F)cc1)c1cc(C(=O)Nc2nncs2)ncn1,-2.958646797953009
[2H]C([2H])([2H])N(C(=O)c1c(F)cccc1Cl)c1ccc(-c2cc(NC(C)=O)nn2C2CCC2)cc1N1CC2CC2C1,-2.3982658517398923
Cc1cc(Nc2nc(O[C@@H](C)c3ncc(F)cn3)ncc2Cl)n[nH]1,-0.6028403374302964
COc1cc(NC(C)CCCN)c2ncccc2c1,-0.5194206546479954
CN1C(=O)N(c2ccc(F)c(C(F)(F)F)c2)C(=O)C1(C)C,-0.228112070711835
CCc1nn2c(C)cc(C)nc2c1Cc1ccc(-c2nnc(C3CCNCC3)o2)cc1,-1.1491700401514695
O=C(Nc1ncc([N+](=O)[O-])s1)c1ccccc1O,-1.5854444437707855
CC1=C(/C=C/C(C)=C/C=C/C(C)=C/C(=O)Nc2ccc(O)cc2)C(C)(C)CCC1,-2.537886633116444
COc1cc2c(c(OC)c1OC)-c1ccc(OC)c(=O)cc1C(NC(C)=O)CC2,-0.1729353569150497
COc1ccc(N2CCN(C(=O)[C@@H]3CCCC[C@H]3C(=O)NC3(C#N)CC3)[C@H](C)C2)cc1OC,-0.4082566425401595
Cc1cc(F)ccc1-c1cc2c(cn1)ncn2-c1ccc(OC(F)F)cc1,-1.9590023075765075
CC(Nc1cccc(Cl)c1F)c1cc(C(=O)NCCN(C)C)cn2c(=O)cc(N3CCOCC3)nc12,-1.4689428087667111
Cc1cc(-c2cnc([C@H](C)Nc3nccc(N4C(=O)OC[C@@H]4C(C)C)n3)nc2)ccc1F,-1.678194516142461
CN[C@@H]1COc2c(S(=O)(=O)NC(=O)Nc3c4c(cc5c3CCC5)CCC4)cnn2C1,-1.3472123374569849
Cn1c(=O)c(-c2c(Cl)cccc2Cl)cc2cnc(N3CCN(c4ccc(F)cc4)CC3)nc21,-1.92121703980304
CN(CC1(C)CCCO1)S(=O)(=O)c1ccc(Cl)c(S(N)(=O)=O)c1,-0.4551261567651986
COCC[C@H](Oc1ncnc2c1cnn2-c1ccccc1Cl)C(=O)Nc1ccc(C)cn1,-1.331108322330989
COc1cc2c(Nc3ccc(NC(=O)c4ccccc4)cc3)nc(NCCCn3ccnc3)nc2cc1O,-1.886457720046036
CCNC(=O)Nc1nc2cc(-c3cccnc3)c(=O)n(C(C)C(N)=O)c2s1,-0.6007590583075443
CN1C(=O)C(NC(=O)c2cc3cc(Cl)sc3[nH]2)Cc2ccccc21,-8.678070716562312e-05
N#Cc1ccc2nc(Cc3nc4c(c(=O)[nH]c(=O)n4C4CC4)n3Cc3ccccc3)[nH]c2c1,-0.9551076165256404
CC(=O)Nc1ccc(Nc2cc(C)nc3c(-c4ccccc4)cnn23)cc1,-2.284347574413499
CN[C@@H](C)C(=O)N[C@H]1CCC[C@H]2C[C@H]3CCN(CCc4ccc(OC)cc4)C[C@H]3N2C1=O,-0.3274126816541466
COc1cc(-c2cc(-c3ccc(S(C)(=O)=O)cc3)cnc2N)ccc1O,-0.7623858957668785
O=C1COc2ccc(CNC3CCN(CCN4C(=O)COc5ccc(Br)cc54)CC3)nc2N1,-1.5658496253423198
O=C(NC1Cc2ccccc2N(C[C@@H](O)CO)C1=O)c1cc2cc(Cl)ccc2[nH]1,-0.0008685883838779
C[C@]1(C#N)CCC[C@H]1Nc1c(C(N)=O)cnn2cccc12,-0.567463616735744
O=C(NCc1ccc(OC(F)(F)F)cc1)C1c2ccccc2C(=O)N1CCc1ncc(F)cn1,-1.312896623973277
CN[C@@H](C)C(=O)N[C@H]1CCC[C@H]2C[C@H]3CCN(C(c4ccccc4)c4ccccc4)C[C@H]3N2C1=O,-1.3014558129408076
Cc1c(-c2ccc(N3CC[C@H](F)C3)cc2)[nH]c2cc(F)cc(F)c2c1=O,-1.824314271737916
O=C(Nc1ccc(F)cn1)c1cc(Oc2cnc(F)c(F)c2)cn2ncnc12,-1.4952709483787436
C[C@]12CC[C@@H]3c4ccc(OC(=O)N(CCCl)CCCl)cc4CC[C@H]3[C@@H]1CC[C@@H]2OP(=O)(O)O,-0.3005959181846626
COc1ccc(F)cc1-c1ccnc2[nH]c(C3=CCC(N[C@@H](C(=O)O)C(C)C)CC3)cc12,-1.6202051567230198
CSCCC(NC(=O)c1cnccn1)c1nc2ccccc2[nH]1,-0.3996782720424599
C[C@@](C(=O)O[C@H]1C[N+]2(CC(=O)Nc3cccc(F)c3)CCC1CC2)(c1cccs1)N1CCCCC1,-2.04614370177502
CN[C@@H](C)C(=O)N[C@H]1CCC[C@H]2C[C@H]3CCN(CCc4ccc(Cl)cc4)C[C@H]3N2C1=O,-0.6184156653472478
CCOc1cc(CC(O)=N[C@@H](CC(C)C)c2ccccc2N2CCCCC2)ccc1C(=O)O,-1.678194516142461
Cc1[nH]c(C)c(-c2ccc(-c3cccc(C(F)(F)F)c3)nc2)c(=O)c1Cl,-1.2928558116575553
O=C(C1CC12CCN(C1CCCCC1)CC2)N1CCN(C2CCCCC2)CC1,-0.0914131215222416
COc1ccc2nc(Cc3nc4c(c(=O)[nH]c(=O)n4C4CC4)n3Cc3ccccc3)[nH]c2c1,-0.8831598975873358
COc1cnc(-c2ccccn2)nc1N1CCCCC1,-1.3031964395998012
CC(=O)Nc1cc(Nc2cc(NC3CC3)n3ncc(C#N)c3n2)ccc1C(C)C,-1.3876400520322256
C[C@H]1C[C@@H]2[C@H]([C@@H](O)C[C@@]3(C)[C@H]2CC[C@]3(O)C(=O)COC(=O)CCC(=O)O)[C@@]2(C)C=CC(=O)C=C12,-0.2968585696595176
O=C(O)C1=C(CSc2nnnn2CS(=O)(=O)O)CS[C@@H]2[C@H](NC(=O)[C@H](O)c3ccccc3)C(=O)N12,-1.678194516142461
NCc1ccc(NC(=O)N(CCCCO)Cc2ccc(C(=O)NO)cc2)cc1,-0.0083225812895226
Cc1ccc(C(=O)N(CCCN)[C@@H](c2nc3cc(Cl)ccc3c(=O)n2Cc2ccccc2)C(C)C)cc1,-2.3549138985353766
CS(=O)(=O)c1ccc(Oc2cc(F)cc(C#N)c2)c2c1[C@H](O)C(F)(F)C2,-0.7081762224170263
COCCC(=O)N(C)c1ccc(Nc2ncc3cc(-c4ccncc4)ccc3n2)cc1,-1.5658496253423198
Cn1nc(-c2cnc(N)c(-c3ccc(C(N)=O)cc3)n2)nc1C1(c2ccccc2)CC1,-0.6560402709928592
CC1(C)C(=O)N(c2ccc(F)c(C(F)(F)F)c2)C(=O)N1CC(N)=O,-0.0984310756501824
CCc1cc(N2CC[C@@H](NC)C2)nc(N)n1,-0.5837923388097694
CC[C@@H](c1ccc(C(=O)O)c(Oc2cccc(Cl)c2)c1)N1CCC[C@H](n2cc(C)c(=O)[nH]c2=O)C1,-1.4060308997274775
CCCN(c1cccc(S(C)(=O)=O)c1)P(=O)(c1ccccc1)c1ccccc1,-1.480593384383866
COc1ccc(N(Cc2cccc(C#N)n2)C2CCN([C@H](C)CCNC(=O)c3c(C)cc(C#N)nc3C)CC2)cc1,-1.041388342235121
O=C(Nc1c(F)c(F)c(-c2cccc(C(F)(F)F)c2)c(F)c1F)c1c(O)nn2ccccc12,-2.796042908318748
C[C@@H]1C[C@@H]2[C@@H](CC[C@@]3(S(=O)(=O)c4ccc(C(F)(F)F)cc4)c4c(F)ccc(F)c4OC[C@@H]23)NS1(=O)=O,-1.5532609546660656
COc1cc(Nc2nc3c(c(COC4CCCC4)n2)COCC3)ccc1-n1cnc(C)c1,-1.962968132250768
CC(C)(CO)n1nc(-c2ccc3nc(OC4CC4)ccc3c2)c(C(N)=O)c1N,-1.2928558116575553
C[C@H](Cc1cccc(CC(=O)NC23CC4CC(CC(C4)C2)C3)c1)NC[C@H](O)c1ccc(O)c(CO)c1,-0.992256061554874
Cc1ccc(NC(=O)c2cccc(C(F)(F)F)c2)cc1C(=O)Nc1cnc(N)c(Cl)c1,-1.7699600188420606
C[C@H](CS(C)(=O)=O)Nc1ncc2cc(Oc3ccc(F)cc3F)c(=O)n(C)c2n1,-0.0177106717340002
O=C1CC(c2cccc(-n3ccnc3)c2)=Nc2ccc(-c3cccc(I)c3)cc2N1,-1.7855641566565343
O=C(NCc1ccccc1Cl)c1cccnc1Oc1ccccc1,-0.8697759449311093
C=C(C)[C@@H]1CC[C@]2(NCCN3CCS(=O)(=O)CC3)CC[C@]3(C)[C@H](CC[C@@H]4[C@@]5(C)CC=C(c6ccc(C(=O)O)cc6)C(C)(C)[C@@H]5CC[C@]43C)[C@@H]12,-0.8543033708982299
COc1cnc2c(C(=O)NCCO)cn(Cc3ncnc(N(C)C)c3C)c2c1,-0.5218665718994825
Cc1ccc(NC(=O)c2ccnc(N3CCOCC3)c2)cc1NC(=O)c1ccc(OCc2ccccn2)cc1,-1.79901004685437
Cc1ccc(N2CC(COc3ccc(-c4noc(C)n4)cc3)C2)nn1,-1.2103535141230828
O=C(O)CCc1cc(F)c(OCc2c(-c3ccc(Cl)cc3)noc2C(F)(F)F)c(F)c1,-2.769729942588806
Cc1ccc(-c2nc3ccc(C)cn3c2CC(=O)N(C)C)cc1,-1.1196151994096977
COC(=O)C1=C(c2ccc(CNc3nccc(C)c3NC(=O)CC#N)cc2)CCCC1,-1.3876400520322256
CN[C@@H](C)C(=O)N[C@H]1CCC[C@H]2C[C@H]3CCN(C(=O)C(OCC#CC#CCOC(C(=O)N4CC[C@@H]5C[C@@H]6CCC[C@H](NC(=O)[C@H](C)NC)C(=O)N6[C@@H]5C4)c4ccccc4)c4ccccc4)C[C@H]3N2C1=O,-1.1167673939227938
CN[C@@H](C)C(=O)N[C@H]1CCC[C@H]2C[C@H]3CCN(C(=O)C(c4ccccc4)c4ccccc4)C[C@H]3N2C1=O,-1.3983636523517635
CN1CCCC(CN(C)C(=O)Cn2c(-c3ccccc3)c(C3CCCCC3)c3ccc(-c4noc(=O)[nH]4)cc32)C1,-0.0092079924805135
CN(C)S(=O)(=O)n1cc(-c2nc(-c3nc(C4(c5ccccc5)CC4)n(C)n3)cnc2N)cn1,-1.1028019176170332
COc1ccc(N(Cc2ccsc2)C2CCN([C@H](C)CCNC(=O)c3c(C)ncnc3C)CC2)cc1,-0.0409156576012693
O=C1CNC(=O)N1c1ccc(F)c(C(F)(F)F)c1,-0.2483852945230287
C[C@H]1[C@H](NC(=O)/C(=N\OC(C)(C)C(=O)O)c2csc(N)n2)C(=O)N1C(=O)NS(=O)(=O)n1nc(-c2cc(=O)c(O)cn2O)n(CCS(C)(=O)=O)c1=O,-0.6972362915270183
CCOC(=O)C1=C(C)N/C(=C/c2cc(C)n(-c3cccc(O)c3)c2C)C1=O,-1.1942477451993276
CCOC(=O)C(N=C(O)C1CCn2c(C(=O)c3ccccc3)ccc21)C(C)C,-0.259282123940715
Cc1cc2c(cc1N1C(=O)c3cccc4c(CCCO)ccc(c34)C1=O)n(C)c(=O)n2C,-1.3569719551908734
CC1(C)OCCn2c1nc(C(=O)NCc1ccc(F)cc1)c(O)c2=O,-1.6024771142816578
CC(C)C[C@H](CO)Nc1nc(S[C@@H](C)c2ccccc2)nc2[nH]c(=O)sc12,-2.699187205881913
Cc1cc(Cl)ccc1OC1CCN(C[C@H](O)CNC(=O)c2c[nH]c(=O)cc2C(F)(F)F)CC1,-0.8603949517394455
CCN(CC)S(=O)(=O)c1ccc(-c2nnc(SCC(=O)N3CCc4ccccc43)o2)cc1,-2.347125402250531
Nc1nc2c(c(N3CCNCC3)n1)CCCCC2c1ccccc1,-0.3865916321639296
O=C(C[N+]12CCC(CC1)[C@@H](OC(=O)C1(C3=CC=CC3)CCCCCC1)C2)Nc1ncccc1F,-1.2150975501133452
Cc1cc(C[C@@H](NC(=O)N2CCC(N3Cc4cccc(F)c4NC3=O)CC2)C(=O)N2CCC(N3CCCCC3)CC2)cc2cn[nH]c12,-0.4551261567651986
COc1cc(-c2nc3n(n2)CCC[C@H]3c2ccc(F)cc2C)ccc1-n1cnc(C)c1,-1.5532609546660656
O=C(c1ccc(Cl)cc1NS(=O)(=O)c1cccc2nsnc12)N1CCCCC1,-0.9267124928424524
C[C@@H](Oc1cc(-c2cnn(C3CCNCC3)c2)cnc1N)c1c(Cl)ccc(F)c1Cl,-1.059017496272051
O=C(O)c1cn(Cc2ccc(-c3ccccc3)cc2)c2sccc2c1=O,-2.0972901870301213
C[C@H]1Cn2c(nnc2-c2cc(F)ccn2)CN1C(=O)c1cccc(Cl)c1Cl,-0.5938926265229728
COc1cc2oc(=O)n(CCC(=O)O)c2cc1Cl,-0.9551076165256404
Cc1cn([C@H]2CCCN([C@H](CC(C)(C)C)c3ccc(C(=O)O)c(Oc4cccc(Br)c4)c3)C2)c(=O)[nH]c1=O,-1.5041830998681802
O=C(NCc1ccc(F)cc1)c1cnn2c1N[C@@H](c1ccc(OC3COC3)cc1)C[C@H]2C(F)(F)F,-1.5532609546660656
CC(C)CCn1c(=O)c(C2=NS(=O)(=O)c3cc(OCC(=N)O)ccc3N2)c(O)c2cccnc21,-1.9590023075765075
O=C(C[N+]12CCC(CC1)[C@@H](OC(=O)C1(C3=CC=CC3)CCCCCC1)C2)Nc1cncc(Cl)n1,-1.7962873593922926
O=c1[nH]c(=O)n(C2CC2)c2nc(Cc3nc4ccc(O)cc4[nH]3)n(Cc3ccccc3)c12,-0.4806052046189826
COCC(COC)NC(=O)c1nc(N2CC[C@@H](NC(=O)c3[nH]c(C)c(Cl)c3Cl)[C@@H](OC)C2)sc1C(=O)O,-1.6579920709826637
O=C1NS(=O)(=O)c2ccccc21,-0.4310594303837032
COc1cc2[nH]cc(C(=N)O)c(=Nc3ccc(F)cc3F)c2cc1OC,-1.2445520293402297
C[C@@H]1CCO[C@H]2Cn3cc(C(O)=NCc4ccc(F)cc4F)c(=O)c(O)c3C(=O)N12,-2.000391041028584
CC1CN(c2cc3c(cc2F)c(=O)c(C(=O)O)cn3-c2ccc(F)cc2F)CCN1,-0.1306157171159885
COc1cc(C(=O)/C=C/c2ccc(F)cc2)cc(OC)c1OC,-1.9590023075765075
CCN(CC)CCNC(=O)c1c(C)[nH]c(/C=C2\C(=O)Nc3ccc([125I])cc32)c1C,-0.0222535377083363
O=C(O)C[C@@H](c1cccnc1)N1CCN(CCCc2ccc3c(n2)NCCC3)C1=O,-0.4082566425401595
OC1=Nc2ccc(Br)cc2C(c2ccccn2)=NC1,-0.4082566425401595
CN(C)C(=O)N1CCN(Cc2ccnc(Nc3ncc(C#N)s3)c2)CC1,-1.3771748708039588
COc1c(-c2cn([C@H]3CCc4c(F)cccc4N(CC(F)(F)F)C3=O)nn2)ccc(-n2cnc(C)c2)c1F,-2.000391041028584
Cc1oc(-c2ccccc2)cc1C(=O)Nc1cccc(C(=O)O)c1,-2.5231683714877318
CCOc1cc2ncc(C(N)=O)c(Nc3cc(F)ccc3F)c2cc1N1CCN(C)CC1,-1.127689856871128
Cc1cccn2c(=O)c(-c3nnn[nH]3)cnc12,-1.3713206496142645
Cc1noc2c1-c1sc(C)c(C)c1C(c1ccc(C#N)cc1)=N[C@H]2CC(N)=O,-1.3771748708039588
C[C@@](C(=O)O[C@H]1C[N+]2(CCc3cccc(F)c3)CCC1CC2)(c1cccs1)N1CCCCC1,-2.000391041028584
CC(C)Oc1cc(-n2cnc3ccc(N[C@@H](C)c4ccc(F)cn4)nc32)n[nH]1,-1.2219142606414568
NS(=O)(=O)N1CCC(C(=O)/C(=N/O)Nc2ccc(F)c(Br)c2)CC1,-1.432221038427818
CC(C)(C)NC(=O)c1c[nH]c2ncc(-c3nn(CCC(O)CO)c4cc(F)ccc34)nc12,-1.886457720046036
COc1ccc(-n2nccn2)c(C(=O)N2CCC[C@@]2(C)c2nc3c(C)c(Cl)ccc3[nH]2)c1,-1.8521095178397968
O=C(c1ccc(F)cc1)C1CCN(CCn2c(=O)[nH]c3ccccc3c2=O)CC1,-1.128855733132888
CCNC(=O)Nc1ccc(-c2nc3c(c(N4CCOC[C@@H]4C)n2)[C@@H]2CC[C@H](C3)N2C)cc1,-0.0914131215222416
CCn1c([C@@H](C)NS(=O)(=O)c2ccc(C#N)nc2)nc2cnc(C3CC3)cc21,-0.7193988684630864
COC(=O)C1=C(C)NC(C)=C(C(=O)OCCN2CCN(C(c3ccccc3)c3ccccc3)CC2)C1c1cccc([N+](=O)[O-])c1,-1.9590023075765075
CN(C)CCOc1cncc(-c2cccc(-c3cn4cccc(C(N)=O)c4n3)c2)c1,-1.131196917363706
COC(=S)NC[C@H]1CN(c2ccc(N3CC[Si](C)(C)CC3)c(F)c2)C(=O)O1,-3.0
O=C(NC[C@@H](O)CN1CCC(Oc2ccc(Cl)c(Cl)c2)CC1)c1c[nH]c(=O)c2cc(S(=O)(=O)N3CCC3)ccc12,-1.2937081886722996
O=C(N[C@@H](c1ccccc1)c1cccc(OCc2ccc(CCNC[C@H](O)c3ccc(O)c4[nH]c(=O)ccc34)cc2)c1)O[C@H]1CN2CCC1CC2,-1.678194516142461
CC(C)C(NC(=O)c1ccccc1)C(=O)c1ccc(F)cc1,-1.2937081886722996
COc1nccnc1NS(=O)(=O)c1ccc(N)cc1,-0.6332631566516302
CCC(CC)NC(=O)c1cn(-c2ccccc2)nc1NS(=O)(=O)c1ccc(C)cc1,-2.6385177041748613
CN1CCC(=C2c3ccccc3CCc3sccc32)CC1,-1.041388342235121
Oc1ccc2c3c1O[C@H]1[C@@H](O)CC[C@@]4(O)[C@@H](C2)N(CC2CCC2)CC[C@]314,-0.2619147659861252
COc1cc2ncc(C(N)=O)c(Nc3ccc(F)cc3F)c2cc1NCCN1CCCCC1,-0.695511195620733
Cc1cc(COc2nc(N)nc3ccn(Cc4ccccn4)c23)no1,-0.3367326433719202
CO/N=C(\C(=O)N[C@@H]1C(=O)N2C(C(=O)OC(C)OC(C)=O)=C(COC(N)=O)CS[C@H]12)c1ccco1,-0.3005959181846626
O=C(c1cc2cc(Cl)ccc2[nH]1)N1CCNCC1,-0.3761513833286242
Cc1nn(C)c(C)c1-c1ccc(-c2nc3ccncc3c(O)c2C#N)cc1,-2.337582184023427
CC(=O)Nc1ccc(Nc2ncc3cc(-c4ccncc4)ccc3n2)cc1,-2.1552743720267773
CCOc1ccc(/C=C2\NCCc3cc(OCC)c(OCC)cc32)cc1OCC,-0.908764034118015
CCCC(CCC)OCCCCCCN1C[C@H](O)[C@@H](O)[C@H](O)[C@H]1CO,-1.041388342235121
O=C1NC(=O)C(CCC(=O)N2CCN(c3cccc(Cl)c3)CC2)(C2CC2)N1,-0.6761499961531976
CC(C)c1nc(N(C)S(C)(=O)=O)nc(-c2ccc(F)cc2)c1/C=C/[C@@H](O)C[C@@H](O)CC(=O)O,-0.9592353242142508
Cc1c(NS(C)(=O)=O)cccc1N(Cc1ccc(Oc2ccc(F)c(OCC(=O)O)c2)cc1)Cc1ccc(F)cc1F,-2.699187205881913
CN1C(=O)N(c2cc(Cl)cc(Cl)c2)C(=O)[C@]12CN(c1ccc(C(=O)O)cn1)C[C@H]2c1ccc(C#N)cc1,-1.2928558116575553
C[C@@H](Oc1cc(-n2cnc3ccc(OC4CCNCC4)cc32)sc1C(N)=O)c1ccccc1C(F)(F)F,-1.4563540467667528
CC(C)Cc1ccc([C@@H](C)C(=O)NCCCN(C)C)cc1,-0.6024927641886171
O=C(O)[C@@H](c1ccccc1)N1CCC(CN2CCC(Oc3ccc(Cl)c(Cl)c3)CC2)CC1,-0.776935972318434
CCc1c(-c2nsc(-c3ccc(CC(C)C)c(C#N)c3)n2)ccnc1CCCC(=O)O,-2.530465154958206
C[C@H](CO)Nc1cc(C(=O)O)nc(SCc2ccccc2)n1,-1.9590023075765075
CN[C@@H](C)C(=O)N[C@H](C(=O)N[C@H]1CCCCN(Cc2ccccc2)C1)C1CCCCC1,-0.7035478417472689
Cc1ncnc(C2CC2)c1-c1ncc2nc(NCc3ccc(S(C)(=O)=O)cn3)c(=O)n([C@@H](C)C3CC3)c2n1,-1.2928558116575553
CCC(C)(C)C[C@H](c1ccc(C(=O)O)c(Oc2cccc(Cl)c2)c1)N1CCC[C@H](n2cc(C)c(=O)[nH]c2=O)C1,-1.7623632805160547
C[C@@H](Nc1ccn2ncc(-c3cnn(CCO)c3)c2n1)c1cc(F)ccc1OCC(F)F,-1.3472123374569849
C[C@@H]1O[C@@H](NS(=O)(=O)c2ccccc2)[C@@H](O)[C@H](O)[C@@H]1O,-0.3005959181846626
CC(=O)Nc1cccc2c1c(S(=O)(=O)c1ccc(Cl)cc1)c(C)n2CC(=O)O,-1.3589504760588786
Cc1ccc(S(=O)(=O)Nc2c(C(=O)N[C@@H](C)C(C)(C)C)c(C)nn2C2CCOCC2)cc1,-0.6796632063776556
CS(=O)(=O)NC(=O)COc1ccc([C@H]2CC[C@]3(CC2)OOC2(O3)C3CC4CC(C3)CC2C4)cc1,-1.9590023075765075
CO/N=C1/CCCC(C(NS(=O)(=O)c2ccc(-c3ccc(OC)cc3)cc2)C(=O)O)C1,-2.3982658517398923
O=C(O)c1cn(Cc2ccc(-n3cccn3)cc2)c2c(F)ccc(F)c2c1=O,-1.2844228080425482
COc1cc(Nc2nc(N[C@@H](C)c3ncc(F)cn3)ncc2Br)n[nH]1,-0.9042164430344424
Cc1cc(NS(=O)(=O)c2ccc(N)cc2)no1,-0.4252455106531853
NC(=O)c1cccc(-c2cccc(OC(=O)NC3CCCCC3)c2)c1,-2.236931571366036
CCO/N=C/c1ccc(OCCC2CCN(c3ccc(C)nn3)CC2)cc1,-2.4205365277985966
CC(C)c1noc(-c2cccc(CNc3ccc4[nH]nc(C(=O)O)c4c3)c2O)n1,-2.6023206462213824
CCn1nc(C)c(C(=O)N[C@@H](C)C(C)(C)C)c1NS(=O)(=O)c1ccc(C)cc1,-1.7623632805160547
Nc1ccccc1NC(=O)c1ccc(CNC2=NC(c3cccc(F)c3)CO2)cc1,-0.935972774897656
CC(C)CNC(=O)[C@H]1C[C@@](F)(c2ccc(CN3CCCC3)c(F)c2)C1,-0.4676788579176694
Cc1cc2ncc(C(O)=NCC(C)(C)NCC(=O)N3CCC[C@H]3C#N)cn2n1,-0.2886264385992565
COc1cnc(-c2ccccn2)nc1N(C)C,-0.7850587114395241
Cc1ccc(-c2ncc(C)n2C)cc1NC(=O)c1ccc(OCc2ccccn2)cc1,-1.639254591035285
O=C(CCNNC(=O)c1ccncc1)NCc1ccccc1,-0.1077829212655617
CC(=O)Nc1cc(Nc2cc(NC3CCC3)n3ncc(C#N)c3n2)c(F)cc1C,-1.3569719551908734
CC(=O)N1C2C=C(CN3CCC(Nc4ccc5cc(Cl)ccc5n4)CC3)CC1CCC2,-1.3472123374569849
O=C(C[N+]12CCC(CC1)[C@@H](OC(=O)C1(C3=CC=CC3)CCCCCC1)C2)Nc1cccnc1,-1.3876400520322256
c1cc(Nc2ncnc3ccc(-c4nccc(N5CCOCC5)n4)cc23)ccn1,-1.5090587946432126
C=C1c2cccc(O)c2C(=O)C2=C(O)[C@]3(O)C(=O)C(C(N)=O)=C(O)[C@@H](N(C)C)[C@@H]3[C@@H](O)[C@H]12,-0.7936059355691265
CCC(CC)NC(=O)c1c(C)nn(-c2ccccc2)c1NS(=O)(=O)c1ccc(C)cc1,-2.229508823464599
C[C@H]1CN([C@@H](C)CO)C(=O)c2cccc(NC(=O)c3ccncc3)c2O[C@H]1CN(C)Cc1ccc(Oc2ccccc2)cc1,-1.2928558116575553
Cc1ccc(-n2nccn2)c(C(=O)N2C[C@H](C#Cc3ccc(F)cn3)CC[C@H]2C)c1,-2.000391041028584
C=CC(=O)Nc1cc(Nc2nccc(-c3cn(C)c4ccccc34)n2)c(OC)cc1N(C)CCN(C)C,-0.9224092988389172
Clc1ccc(OCc2cn3ccccc3n2)c2ncccc12,-2.1552743720267773
COc1ncc(C2=CCOCC2)cc1S(=O)(=O)Nc1ccnc(C)c1,-0.6761499961531976
CCC[C@@H]1C[C@@H](C(O)=N[C@@H]([C@H]2O[C@H](SC)[C@H](O)[C@@H](O)[C@H]2O)[C@H](C)Cl)N(C)C1,-1.2150975501133452
COC(CO)Cc1csc(Nc2cc(-c3ccccc3C)c(C)cc2OCCN)n1,-1.5090587946432126
Cc1ccc(-c2ncc(CN3CCOCC3)s2)cc1NC(=O)c1ccc(OCc2ccccn2)cc1,-1.4698378397858836
NC(=O)c1cnc(N[C@H]2CCCNC2)c2cc(-c3ccc(F)c(Cl)c3)sc12,-2.310149720559246
FC(F)(F)Oc1ccc(-c2nnc(CCCCc3ccc4cccnc4n3)o2)cc1Cl,-2.744920557572451
CCNC(=O)CCC/C=C\C[C@@H]1[C@@H](/C=C/[C@@H](O)CCc2ccccc2)[C@H](O)C[C@@H]1O,-0.9176455486690313
CN=C(O)c1sc(N2CC[C@@H](N=C(O)c3[nH]c(C)c(Cl)c3Cl)[C@@H](OC)C2)nc1C(=O)O,-1.9590023075765075
O=C(c1ccc(-c2ccc(O[C@H]3O[C@H](CO)[C@@H](O)[C@H](O)[C@@H]3O)cc2)cc1)N1CCOCC1,-0.2835959540622216
COC(=O)c1cccn1-c1ccc(CNc2nccc(C)c2NC(=O)CC#N)cc1,-0.7193988684630864
Cc1cc(C)c(CNC(=O)c2cc(C3CC3)nc3c2cnn3C(C)C)c(O)n1,-1.4441199353631946
CC[C@@H](CO)NCCN[C@@H](CC)CO,-0.1247939959031097
COC[C@@H](O)Cn1c(=O)cnn(-c2ccc(Cl)c(C(=O)NCC3(O)CCCCCC3)c2)c1=O,-0.2321657540968258
O=C(c1ccc(F)cc1)C1CCN(CCn2c(O)nc3ccccc3c2=O)CC1,-1.2522387218155722
CCOc1ccc(F)c([C@@H](Nc2ccc3c(N)nccc3c2)C(=O)N2CCC[C@@H]2c2cc(NC(=O)OC)ccc2S(=O)(=O)C(C)C)c1,-1.4819073984834683
C[C@H](Oc1cc2oc(=O)n(CCC(=O)O)c2cc1Cl)c1ccccn1,-1.0710104716285322
OC[C@H]1O[C@@H](c2ccc(Cl)c(Cc3ccc(OCCOC4CC4)cc3)c2)[C@H](O)[C@@H](O)[C@@H]1O,-1.064821451192966
C[C@@H]1c2ncn(-c3ccccn3)c2CCN1C(=O)c1cccc(C(F)(F)F)c1Cl,-1.3191842176343007
CC[C@@H](C)Nc1nc(C)nc2c(-c3ccc(OC)nc3C)c(C)nn12,-1.3983636523517635
C[C@@H]1CCCN1CCCOc1ccc(C2=NNC(=O)C(C)(C)C2)cc1,-0.1306157171159885
CCn1nc2c(-c3ccc(Cl)cc3)c(-c3cnc(C)nc3)c(=O)n(Cc3ccc(C(F)(F)F)nc3C)n2c1=O,-1.1491700401514695
CCCCCN(C)CCC(O)(P(=O)(O)O)P(=O)(O)O,-1.0127637743480244
Cc1cn2nc([C@@H]3CCCCN3C(=O)c3cc(Cl)ccc3NS(C)(=O)=O)cc2nc1N1CC(F)C1,-1.4689428087667111
CCCCC1C(=O)N(c2ccccc2)N(c2ccccc2)C1=O,-1.6922757500317496
O=[N+]([O-])c1ccc([C@@H](O)[C@@H](CO)N=C(O)C(Cl)Cl)cc1,-0.3579690012614739
O=S(=O)(c1ccc(Cl)cc1)N1CCCc2cc(Cl)c(Oc3cc(-c4nc(C5CC5)no4)cc(Cl)n3)cc21,-0.8512123159436876
CC1(C)[C@H](Nc2c(C(N)=O)cnn3cccc23)CC[C@]1(C)N,-0.5595238546058189
C[C@@](C(=O)O[C@H]1C[N+]2(CCCc3cncnc3)CCC1CC2)(c1ccccc1)N1CCCCC1,-0.1099738096601197
C[C@H](CO)Nc1nc(SCc2cccc(F)c2F)nc2[nH]c(=O)cnc12,-1.9069777692194363
Cc1cc(Nc2nc(N[C@@H](C)c3ncc(F)cn3)ncc2F)n[nH]1,-0.3263076083859255
Cc1c(-c2cc(F)c(N)cc2F)ccc2c3ocnc3c(=O)n(C3CC3)c12,-0.005237780612641
CN(Cc1ccc(C(C)(C)C)cc1)Cc1cccc2ccccc12,-0.6659787479925137
[2H]C([2H])([2H])N(C(=O)c1c(F)cccc1Cl)c1ccc(-c2cc(NC(C)=O)nn2C(C)C)cc1N1CCCC1,-1.7451378557193975
CC1(C)[C@@H](OC(=O)CCC(=O)O)CC[C@]2(C)[C@H]3C(=O)C=C4[C@@H]5C[C@@](C)(C(=O)O)CC[C@]5(C)CC[C@@]4(C)[C@]3(C)CC[C@@H]12,-1.9590023075765075
N#Cc1cc(S(=O)(=O)Nc2ncns2)ccc1Oc1cc(Cl)c(F)cc1-c1ccnnc1,-2.2927791030185243
CCOc1cc2nnc(C(N)=O)c(Nc3ccc(F)cc3F)c2cc1N1CCN(C)CC1,-1.4060308997274775
CN(C)c1ccc(-c2cc3nccnc3c(CCC3CCCNC3)n2)cn1,-1.041388342235121
C[C@H]1[C@H](NC(=O)/C(=N\OC(C)(C)C(=O)O)c2csc(N)n2)C(=O)N1C(=O)NS(=O)(=O)n1nc(-c2cc(=O)c(O)c[nH]2)n(CCS(C)(=O)=O)c1=O,-1.2150975501133452
CC(=O)N1C2C=C(CN3[C@@H]4CC[C@H]3C[C@H](Nc3ccc5ccc(OC(C)C)cc5n3)C4)CC1CCC2,-1.4689428087667111
COC(=O)[C@H]1[C@H]2C[C@@H]3c4[nH]c5cc(OC)ccc5c4CCN3C[C@H]2C[C@@H](OC(=O)c2cc(OC)c(OC)c(OC)c2)[C@@H]1OC,-1.2928558116575553
Nc1nccc(COc2cc(F)c3nc(N[C@@H]4CCCC[C@H]4O)sc3c2)c1Cl,-1.824314271737916
CCS(=O)(=O)c1ccc(-c2cc(C(F)(F)F)ccc2CCC(=O)O)c(C)c1,-1.5755365322470285
CN1CC(n2nccc2-c2cc(Cl)ccc2Oc2cc(F)c(S(=O)(=O)Nc3ncns3)cc2F)C1,-1.7699600188420606
CC(=O)c1c(O)c(C)c(O)c2c1OC1=Cc3onc(C)c3C(=O)[C@@]12C,-1.2150975501133452
Nc1ncnc2c1C(=O)N(c1ccc(-c3ccc(CC(=O)N4CC[C@@H](O)C4)cc3Cl)cc1)CCO2,-0.6166173493956032
CCOc1cc2ncc(C(N)=O)c(Nc3cccc(Cl)c3Cl)c2cc1N1CCN(CC)CC1,-1.714854678520762
COc1cc2ncc(C(N)=O)c(Nc3ccc(Cl)cc3Cl)c2cc1N1CCN(C)CC1,-1.480593384383866
Cc1cn([C@H]2CCCN(S(=O)(=O)c3ccc(O)c(Oc4ccc(Cl)cc4)c3)C2)c(=O)[nH]c1=O,-1.8272190678846332
COc1cccc(OC)c1-c1nc(C(=O)N[C@@H](CC(C)C)C(=O)O)cn1-c1cccc2ccccc12,-1.667975832365793
Cn1c(=O)c(-c2c(Cl)cccc2Cl)cc2cnc(Nc3ccc(F)cc3)nc21,-2.3013775702979022
COc1ccc(F)c(F)c1C1CCN(c2ccn3c(CC4CC4)nnc3c2Cl)CC1,-1.9590023075765075
N#Cc1ccccc1-c1cc(-c2ccccn2)cn(-c2ccccc2)c1=O,-1.351187290056132
O=C1CC(c2c(Cl)cccc2Cl)CC(O)=C1Sc1ccccc1Cl,-2.2222108125651343
CN(C)S(=O)(=O)N(C)[C@H]1CCCn2c1nc(C(=O)NCc1ccc(F)cc1)c(O)c2=O,-0.8831598975873358
CS(=O)(=O)c1ccc([C@@H](O)[C@@H](CF)NC(=O)C(Cl)Cl)cc1,-0.1696527943119206
COC[C@H](C1CC1)n1cc(Cl)nc(Nc2cc(C#N)c(OC(F)F)nc2C)c1=O,-1.4441199353631946
CN[C@@H](C)C(=O)N[C@H](C(=O)N1CSC[C@H]1C(=O)N[C@H]1c2ccccc2C[C@H]1OCC#CC#CCO[C@@H]1Cc2ccccc2[C@@H]1NC(=O)[C@@H]1CSCN1C(=O)[C@@H](NC(=O)[C@H](C)NC)C(C)(C)C)C(C)(C)C,-0.9670067310352488
OCC(CO)N[C@H]1C[C@](O)(CO)[C@@H](O)[C@H](O)[C@H]1O,-0.0654308554086806
CN1CC[C@]23CCCC[C@H]2[C@H]1Cc1ccc(O)cc13,-0.2215593164287672
COc1ncc(-c2cc3c(c(-c4nnc(C)o4)c2)COC3)cc1NS(C)(=O)=O,-0.9961088337630896
CC1(C)C(=O)N(c2ccc(F)c(C(F)(F)F)c2)C(=O)N1S(C)(=O)=O,-0.4676788579176694
Cc1cn([C@H]2CCCN([C@H](CC(C)C)c3ccc(C(=O)O)c(Oc4cccc(Cl)c4)c3F)C2)c(=O)[nH]c1=O,-1.854275425119336
Cc1cc2nc(NCCCO)n(CC(=O)c3cc(C(C)(C)C)c(O)c(C(C)(C)C)c3)c2cc1C,-2.6023206462213824
CC12CC3CC(C)(C1)CC(N)(C3)C2,-0.259282123940715
Cc1nc2cnc3[nH]ccc3c2n1[C@@H]1CCC[C@@H](O)C1,-0.2215593164287672
C=CC[N+]1([C@H]2C[C@H]3[C@@H]4CC[C@H]5C[C@H](O)[C@@H](N6CCOCC6)C[C@]5(C)[C@H]4CC[C@]3(C)[C@H]2OC(C)=O)CCCC1,-0.1615847909948844
CCNC(=O)[C@H]1O[C@@H](n2cnc3c(N)nc(NCCc4ccc(CCC(=O)O)cc4)nc32)[C@H](O)[C@@H]1O,-0.3760482379892445
CNC(=O)N1CCN(Cc2ccnc(Nc3ncc(C#N)s3)c2)CC1,-0.8966273677668967
O=C([C@H]1CCCCN1)N1CCN(c2nc(NCc3ccc(Cl)cc3Cl)c3cccnc3n2)CC1,-0.9216117029254074
CN[C@@H](C)C(=O)N[C@H]1CCC[C@H]2C[C@H]3CCN(CCc4cccc(C)c4)C[C@H]3N2C1=O,-0.3274126816541466
CC(=O)N1CCN([C@H]2CCN(C(=O)N(C)[C@H](C)c3cc(C(F)(F)F)cc(C(F)(F)F)c3)[C@@H](c3ccc(F)cc3C)C2)CC1,-2.2222108125651343
Nc1nc(O)c2ncn(COC(CO)CO)c2n1,-0.0065571559311934
CN(C)C(=O)c1cccc(S(=O)(=O)N2CCC[C@H]2C(=O)O[C@@H](Cc2c(Cl)c[n+]([O-])cc2Cl)c2ccc(OC(F)F)c(OCC3CC3)c2)c1,-2.347125402250531
NC(=O)c1cc(Cl)c2c(Cl)c(C3CC3)n([C@H]3CCCNC3)c2n1,-1.9590023075765075
O=C(Nc1nccs1)NC12CC3CC(CC(C3)C1)C2,-2.000391041028584
CC(C)Oc1cc2ncc(C(N)=O)c(Nc3ccc(Cl)c(Cl)c3)c2cc1N1CCN(C)CC1,-1.962968132250768
COCCNC(=O)c1ccc(Nc2ncc3cc(-c4cnccc4C)ccc3n2)cc1,-1.5658496253423198
C[C@@H]1C[C@H]2[C@@H]3CCC4=CC(=O)C=C[C@]4(C)C3=CC[C@]2(C)[C@H]1C(=O)CN1CCN(c2cc(N3CCCC3)nc(N3CCCC3)n2)CC1,-2.1552743720267773
CCNC(=O)Nc1cc(-n2cccn2)c(C(=O)Nc2cccnc2)cn1,-1.0181587503287757
CCOC(=O)C1=C(C)N/C(=C/c2cc(C)n(-c3ccc(Br)cc3)c2C)C1=O,-1.1942477451993276
CC(C)(N)C(=O)N[C@H](Cc1c[nH]c2ccccc12)C(=O)N[C@H](Cc1c[nH]c2ccccc12)NC=O,-0.5283204728485537
COc1ccc(N(C(=O)Oc2c(C)cccc2C)c2ccnc(Nc3ccc(N4CCN(C)CC4)cc3)n2)c(OC)c1,-2.5689097666353824
Cc1c(O)cccc1C(=O)N[C@@H](CSc1ccccc1)[C@H](O)CN1C[C@H]2CCCC[C@H]2C[C@H]1C(=O)NC(C)(C)C,-2.0021315280323484
Cc1cc(Nc2ccc3ccccc3c2)n2ncnc2n1,-1.201087061911587
Cc1cc(C#N)cc(C(=O)c2c(C(C)C)c(=O)[nH]c(=O)n2Cc2ccnc(F)c2)c1,-0.9070093207451984
O=C(NC1Cc2ccccc2N(CC(CO)CO)C1=O)c1cc2cc(Cl)sc2[nH]1,-0.0021965393325922
CC(C)NCC(O)COc1ccc(COCCOC(C)C)cc1,-0.1497876634331172
CO[C@@]1(NC(=O)C(C(=O)O)c2ccsc2)C(=O)N2[C@@H](C(=O)O)C(C)(C)S[C@@H]21,-0.8214546854889927
CC(C)Oc1cc(-n2cnc3ccc(N[C@@H](CO)c4ccc(F)cn4)nc32)n[nH]1,-1.0845020242690064
Cc1nc2ccc(C(=O)N3CCC4(CC3)CC(=O)c3c(cnn3C(C)C)C4)cc2[nH]1,-1.854275425119336
CCOC(=O)C1=C(C)N/C(=C/c2cc(C)n(-c3ccc(CN4CCOCC4)cc3)c2C)C1=O,-1.1942477451993276
COCCOc1cc2ncnc(-n3nc(-c4ccccn4)nc3N)c2cc1OCCOC,-1.7451378557193975
C[C@H](c1ccc(F)cc1)N1C(=O)O[C@](Cc2ccccc2)(c2nc3cc(N4CCOCC4)ccc3[nH]2)C1=O,-1.027302033420102
C[C@@H]1CN2c3c(cc4c(C(F)F)noc4c3F)CC3(C(=O)NC(=O)NC3=O)[C@H]2[C@H](C)O1,-1.5380215234713237
CC(C)(C(=O)O)c1ccc(C(O)CCCN2CCC(C(O)(c3ccccc3)c3ccccc3)CC2)cc1,-0.5223574127339501
CC(C)(C)c1ccc(C(=O)CCCN2CCC(OC(c3ccccc3)c3ccccc3)CC2)cc1,-1.678194516142461
Cc1nc(C(=O)N2CCOC3(CCN(Cc4ccc(Cl)cc4)CC3)C2)cs1,-0.2999895442348502
COc1cccc(-n2cc3nc(-c4cccnc4C)n(C[C@H]4CCCN(C[C@H]5CCCO5)C4)c(=O)c3n2)c1,-0.5218665718994825
CN(C)Cc1nccn1-c1ccc(N2CCC(NS(=O)(=O)c3cc4ccc(Cl)cc4s3)C2=O)c(F)c1,-1.4819073984834683
O=C(O)Cc1cccc(N2CCC(CN3CCC(Oc4ccc(Cl)c(Cl)c4)CC3)CC2)c1,-1.4715049498758348
COc1ccc(F)cc1-c1ccnc2[nH]c(C3=CCN([C@H]4CC[C@H](CC(=O)O)CC4)CC3)cc12,-1.4206394750654865
CC(=O)Nc1ccc2c(c1)c(-c1cc(NC3CC3)n3ncc(C#N)c3n1)cn2C,-1.836051881036916
O=C1C(CCS(=O)c2ccccc2)C(=O)N(c2ccccc2)N1c1ccccc1,-1.320725041948215
CC(=O)N(C)c1nc(C(=O)NCc2ccc(F)cc2)c(O)c2ncccc12,-1.3472123374569849
N#CC1(c2ccccn2)CCN(Cc2cc(C(=O)N[C@H]3CCCC[C@@H]3O)c(=O)n3ccccc23)CC1,-0.3182885315981927
CC1(C)[C@H](Nc2c(C(N)=O)cnn3cccc23)CC[C@@]1(C)N,-0.2835959540622216
N#C[C@@H]1C[C@H]1c1c(Cl)ccc2nc(Cn3nc(C(F)(F)F)cc3Cl)cc(=O)n12,-1.2445520293402297
Cc1ccc(Nc2c(F)cccc2Cl)c(CC(=O)O)c1,-2.699187205881913
Cc1c(C#Cc2cnc(N)nc2)cccc1C(=O)Nc1ccc(CN2CCN(C)CC2)c(C(F)(F)F)c1,-1.7699600188420606
O=C(N[C@H](C1CC1)[C@H]1[C@@H]2C[C@@H](n3cnc4cc(F)c(F)cc43)C[C@@H]21)c1ccc(Cl)cc1,-2.04614370177502
Cc1cnc2c(C(=O)NCCO)cn(Cc3ncnc(OC(F)F)c3C)c2c1,-0.5218665718994825
N#CC1(c2ccccn2)CCN(Cc2cc(C(=O)NC3CCOCC3)c(=O)n3ccccc23)CC1,-0.306416664530945
CCN1CCN(c2ccc3cc(-c4cn5cc(C)nc(C)c5n4)c(=O)oc3c2)C[C@@H]1C,-1.3876400520322256
COc1cc(OC)c(S(=O)(=O)N2c3ccccc3CCC2C)cc1NC(C)=O,-1.5380215234713237
CCCC(=O)Nc1cccc(NC(=O)c2ccccc2Br)c1,-1.5090587946432126
Cc1ccc(Nc2nc(N[C@@H]3CCOC[C@@H]3N)ncc2C(N)=O)cc1,-0.8831598975873358
Nc1nc(-c2nn(Cc3ccccc3F)c3ncccc23)nc(N)c1N1CCOCC1,-1.1094493270412118
O=C(NCc1ccc(F)c(OC(F)(F)F)c1)C1c2ccccc2C(=O)N1CCc1ncc(F)cn1,-1.480593384383866
CNC(=O)c1ccc(-c2cc(-c3ccc(S(C)(=O)=O)cc3)cnc2N)cc1,-0.7379810464806256
CC(C)NC(=O)[C@H]1CC[C@@H](n2/c(=N/C(=O)c3ccc(F)cc3)[nH]c3ccc(CN4CCC(C(C)(C)O)CC4)cc32)CC1,-1.2680327014847186
CCC1(c2ccccc2)C(=O)N=C(O)NC1=O,-0.2794479411396752
C[Si]1(C)CCN(Cc2nn(-c3ccc(Cl)cc3Cl)c(-c3ccc(Cl)cc3)c2CO)CC1,-2.8539960661891137
COc1cccc2c1C(=O)c1c(O)c3c(c(O)c1C2=O)C[C@@](O)(C(=O)CO)C[C@@H]3O[C@H]1C[C@H](N)[C@H](O)[C@H](C)O1,-0.5569821959787004
Cc1nc(Sc2ccc(C(=O)O)cc2)ccc1CN1CCC(N2C(=O)N(C3CCOCC3)C[C@H]2c2ccccc2)CC1,-1.236999022944533
COc1nc(C)nc(Cl)c1NC1=NCCN1,-0.0268444263605972
Cc1ccc(C(=O)NC2CC2)cc1-c1cc2cnn(-c3ccc(F)cc3F)c2n(C)c1=O,-1.1491700401514695
Cc1noc(C)c1S(=O)(=O)Nc1c(N2CCCC(Cc3ccccc3)C2)c(=O)c1=O,-1.9590023075765075
NS(=O)(=O)c1cc(F)ccc1CNC(=O)c1nc(N2CCCCS2(=O)=O)c2cccnc2c1O,-1.678194516142461
CC(=O)N[C@H](C)c1ccc(Nc2ncc3cc(-c4ccncc4)ccc3n2)cc1,-1.5938772834703097
CC[C@@H](c1ccc(C(=O)O)c(Oc2cccc(Cl)c2)c1F)N1CCC[C@H](n2cc(C)c(=O)[nH]c2=O)C1,-1.92121703980304
CC1=NC(c2ccc(F)cc2)(c2cccc(-c3cccnc3)c2)N=C1N,-1.3031964395998012
COc1ccc(NC(=O)N2CCN(c3c(Nc4ccccc4C)c(=O)c3=O)CC2)cc1OC,-0.5076727249063073
O=C(Nc1cnc(-n2nccn2)c(Cl)c1)Nc1cnc2cc(Cl)nn2c1C1CCOCC1,-1.886457720046036
N#Cc1ccc(C(=O)Nc2ccc(-n3ccnc3)nc2)cc1,-0.5372868785641498
CNC(=O)N1CCc2c(c(N3CCCc4cc(-c5cnn(C)c5)c(C(F)F)cc43)nn2C2CCOCC2)C1,-0.7936059355691265
OCC(CO)Nc1nc(SCc2cccc(F)c2F)nc2nc(NC3CC3)sc12,-1.2844228080425482
CN1CCN(C(=O)OC2c3nccnc3C(=O)N2c2ccc(Cl)cn2)CC1,-0.4252455106531853
COc1ccc(-c2cc(Cl)c3c(N)ncnn23)cc1N1CCN(C(C)=O)C(C)(C)C1=O,-0.7674358591132167
COc1ccc2c(c1)c(CC(=O)O)c(C)n2C(=O)c1ccc(Cl)cc1,-1.775616648472941
COc1cc(F)c2ccc(NC3CCN(CC4=CC5CCCC(C4)N5C(C)=O)CC3)nc2c1,-1.4206394750654865
O=C(O)CNC(=O)COc1ccc([C@H]2CC[C@]3(CC2)OOC2(O3)C3CC4CC(C3)CC2C4)cc1,-1.7962873593922926
N#Cc1cnc2cnc(NCc3cccnc3)cc2c1Nc1ccc(F)c(Cl)c1,-1.678194516142461
CC(O)(C(=O)Nc1ccc(S(=O)(=O)N2CCCC2)cc1)C(F)(F)F,-0.6562368279160454
CCC(CC)NC(=O)c1cnn(-c2ccccc2)c1NS(=O)(=O)C1CCCC1,-2.495148701819465
Cc1cnc(C(O)=NCCc2ccc(S(=O)(=O)NC(O)=NC3CCCCC3)cc2)cn1,-1.7962873593922926
CCCCCCNC(=O)Oc1ccc(O)c(-c2ccccc2)c1,-2.347125402250531
C[C@H]1CN=C(N)c2sccc2O1,-0.310680927527064
COc1ccc(CNC(=O)c2cc(-c3cc(Cl)cc(Cl)c3)cnc2-c2cccnc2)cc1OC,-1.4819073984834683
O=C(O)c1cc2ccccc2c(Cc2c(O)c(C(=O)O)cc3ccccc23)c1O,-1.1491700401514695
CCCN1CCO[C@H](c2cccc(O)c2)C1,-0.4551261567651986
COc1ccc(F)cc1-c1ccnc2[nH]c(C3=CCN(CC(=O)O)CC3)cc12,-1.4563540467667528
Cc1cc(CC(=O)O)n(C)c1C(=O)c1ccc(Cl)cc1,-1.8700685423090333
CCN(CC)CCC[C@H](C)Nc1ccnc2cc(Cl)ccc12,-0.304951958814521
O=C(O)c1cccnc1,-0.1764382686551153
C[C@H]1CCN1c1cc2ncc(C(=O)N[C@H]3CCNC3=O)cc2cn1,-0.3559949365267739
COC(=O)N[C@H](C(=O)N[C@@H](Cc1ccccc1)[C@@H](O)CN(Cc1ccc(-c2ccccn2)cc1)NC(=O)[C@@H](NC(=O)OC)C(C)(C)C)C(C)(C)C,-0.3923462011956911
CC1(C)S[C@@H]2[C@H](N=C(O)COc3ccccc3)C(=O)N2[C@H]1C(=O)O,-0.3462570059742641
CCC(C)(C)C(=O)O[C@H]1C[C@@H](C)C=C2C=C[C@H](C)[C@H](CC[C@@H](O)C[C@@H](O)CC(=O)O)[C@H]21,-1.1491700401514695
O=C(O)Cc1ccccc1NC(=O)c1cccc(-c2ccc(Cl)c(O[C@@H]3CCCNC3)c2)c1F,-1.3876400520322256
O=C(NCc1cccc(OC(F)(F)F)c1)C1c2ccccc2C(=O)N1CCc1ncc(F)cn1,-1.3405087991341442
C[C@H](N[C@@H](CCc1ccccc1)C(=O)O)C(=O)N1C[C@@H](NC(=O)C[C@H](N)Cc2cc(F)c(F)cc2F)C[C@H]1C(=O)O,-0.1504006400603733
CC(C)(NC(=O)c1ccc(Cl)cc1)[C@H]1[C@@H]2C[C@@H](n3cnc4cc(F)c(F)cc43)C[C@@H]21,-2.3013775702979022
COc1cnc(OC)c([C@H](c2cc3cc(C#N)ccc3nc2OC)[C@@](O)(CCN(C)C)c2cc(OC)nc(OC)c2)c1,-2.495148701819465
CC(C)Cn1c2ccc(Nc3ncccn3)cc2c2c3c(c4c(c21)CCc1nn(C)cc1-4)C(=O)NC3,-1.2928558116575553
Cc1cnc(NC(=O)C2CC2)cc1-c1cc2n(n1)[C@H](C(C)C)CNC2=O,-0.7674358591132167
C[C@H]1CN(C(=O)CC[C@@]2(C)NC(=O)NC2=O)CCN1c1ccc(Cl)c(Cl)c1,-0.7427535350926288
NC(=O)[C@@H](CCC(F)(F)F)N(Cc1ccc(-c2ncon2)cc1F)S(=O)(=O)c1ccc(Cl)cc1,-1.7524366851343112
Cn1c([S+](C)O)nc(-c2ccc(F)cc2)c1-c1ccnc(N)c1,-0.3005959181846626
CO[C@@]1(NC(=O)C(C(=O)O)c2ccc(O)cc2)C(=O)N2C(C(=O)O)=C(CSc3nnnn3C)CO[C@@H]21,-0.3462570059742641
O=C(Nc1ccc(F)cc1)c1ccc(Cl)[n+]([O-])c1,-0.3315819317970838
CCOC(=O)C1=C(C)N/C(=C/c2cc(C)n(-c3ccc(CN4CCCCC4)cc3)c2C)C1=O,-1.1942477451993276
CC(C)Oc1ccc(-c2nc(-c3cccc4c3CC[C@@H]4NCCO)no2)cc1C#N,-1.7066080512878332
OCCN(CCO)c1nc(N2CCCCC2)c2nc(N(CCO)CCO)nc(N3CCCCC3)c2n1,-1.1491700401514695
Clc1ccc(CN2CCO[C@H](CCc3ccccc3)C2)cc1,-1.886457720046036
CC(=O)NC1CC2CCCC(C1)N2C(=O)Nc1ccc(Cl)c(C(F)(F)F)c1,-1.6599705467386403
CC(C)CC(=O)Nc1n[nH]c2c1CN(C(=O)C1CCN(C)CC1)C2(C)C,-0.3367326433719202
C[C@H](Nc1ncnc(N)c1C#N)c1nn2ccc(C#N)c2c(=O)n1-c1ccccc1,-1.2928558116575553
N=C(O)c1cccc2cn(-c3ccc([C@@H]4CCCNC4)cc3)nc12,-0.7936059355691265
CCN=C(O)Nc1cc(-c2nc(C(F)(F)F)cs2)c(-c2cncc(-c3nc(C)no3)c2)cn1,-1.1942477451993276
CCCOCCn1c(=O)c(N2CCN(CCO)CC2)nc2cnc(-c3ccc(OC)nc3)cc21,-0.5417951506493968
Cc1cc(NC(=O)c2cnn3cccnc23)n(-c2cccc(Cl)c2)n1,-1.3669559463304506
C[C@H](O)c1nccn1Cc1cc(-c2ccc(C#CC34CC(N)(C3)C4)cc2)on1,-1.5532609546660656
CC(C)[C@@H](NC(=O)c1cc(C(F)(F)F)ccc1F)C(=O)N1CCC2(CC1)C(=O)N(C)C(=O)N2c1ccc2[nH]ncc2c1,-0.9435258470401549
O=C1c2ccc(COc3ccccc3)nc2CCN1c1ccc(F)cc1,-1.6579920709826637
CC[C@H](C)C(=O)N1CCC(NC(=O)Nc2ccc(OC(F)(F)F)cc2)CC1,-1.113938140804323
CCC(NC(=O)c1ccc(Cl)cc1)[C@@H]1[C@@H]2C[C@H](Oc3ccnc4cc(F)ccc34)C[C@@H]21,-3.0
O=c1n(-c2ccc(F)cc2)ccc2nc(COc3ccccc3)cn12,-1.432221038427818
N#Cc1ccc(OCCCN2CCC(C(O)(c3ccccc3)C3CCCC3)CC2)cc1,-2.3013775702979022
C#CCC(Cc1cnc2nc(N)nc(N)c2n1)c1ccc(C(=O)N[C@@H](CCC(=O)O)C(=O)O)cc1,-0.2602684829657183
CCN(C(=O)Cc1ccc(S(C)(=O)=O)cc1)C1CCN(CC[C@@H](c2cc(F)cc(F)c2)C2CCN(S(C)(=O)=O)CC2)CC1,-0.6560402709928592
Cc1cn2nc([C@@H]3CCCCN3C(=O)c3cc(Cl)ccc3NS(C)(=O)=O)cc2nc1N1CC(N)C1,-1.2445520293402297
c1cnc2cc3c(cc2n1)[C@@H]1CNC[C@H]3C1,-0.0726787930484874
CC[C@@H](c1ccccc1)c1c(O)c2ccccc2oc1=O,-2.0972901870301213
C[C@@](C(=O)O[C@H]1C[N+]2(CCOc3ccccc3)CCC1CC2)(c1ccccc1)N1CCCCC1,-1.3472123374569849
CC(=O)NC(C)c1ccc(Nc2ncc3cc(-c4ccncc4)ccc3n2)cc1,-1.854275425119336
C[C@H](CO)N1C[C@H](C)[C@@H](CN(C)Cc2ccc(Oc3ccccc3)cc2)Oc2c(NC(=O)c3ccncc3)cccc2C1=O,-1.9590023075765075
COC(=O)c1cccc(-n2sc3ccccc3c2=O)c1,-0.2941426995913934
N[C@@H](Cc1ccccc1)C(=O)N1CCN(c2nc(N3CCOCC3)nc(-n3c(C(F)F)nc4ccccc43)n2)CC1,-1.5090587946432126
COc1cc(-c2cccc(C(F)(F)F)c2)ccc1-n1c(=O)ccc2cc(S(=O)(=O)Nc3ncccn3)ccc21,-2.1552743720267773
Cc1cnc(Nc2ccc(F)cc2Cl)nc1-c1c[nH]c(C(=O)N[C@H](CO)c2cccc(Cl)c2)c1,-1.9590023075765075
CN/C(=C/[N+](=O)[O-])NCCSCc1ccc(CN(C)C)o1,-0.4905588829407404
O=[N+]([O-])c1ccc2c(c1)CCN2c1ccc(O[C@H]2O[C@H](CO)[C@@H](O)[C@H](O)[C@@H]2O)cc1,-1.2928558116575553
CCC(=O)N1CC[C@H](Nc2ncnc3c2CN(c2cnc(OC)c(C(F)(F)F)c2)CC3)C1,-1.2522387218155722
O=C(Nc1c2c(cc3c1CCC3)CCC2)NS(=O)(=O)c1cnn2c1OCCC2,-1.824314271737916
CN1CCN(c2ncc(-c3ccc4c(N[C@@H]5CCCC[C@H]5O)ccnc4c3)cn2)CC1,-0.4310594303837032
COc1ccc2c(c1)C(=O)C(=O)N2CC1COc2ccccc2O1,-2.1195637220479133
[2H]C([2H])([2H])N(C(=O)c1c(F)cccc1Cl)c1ccc(-c2cc(C(N)=O)ccc2Cl)cc1OCC(F)(F)F,-2.3982658517398923
COc1ccccc1-c1csc(-n2ncc(C#N)c2N)n1,-0.2280387164767774
C[C@@H](O)[C@H]1C(=O)N2C(C(=O)O)=C(SC(=S)N3CCCC3)[C@H](C)[C@H]12,-1.2150975501133452
c1cncc(Nc2ncc(-c3ccncn3)c(-c3ccco3)n2)c1,-0.852755093385855
CC(=O)Nc1ccc(O)cc1,-0.1417162950462057
COc1ccc(CN(C(=O)[C@@H](N)Cc2c(C)cc(C(N)=O)cc2C)[C@@H](C)c2nc(-c3ccccc3)c[nH]2)cc1C(=O)O,-0.7193988684630864
O=C1N[C@H](c2ccccc2)C(=O)N1c1ccc(F)c(C(F)F)c1,-0.9961088337630896
COc1ccc2c(c1O)-c1cccc3c1[C@@H](C2)N(C)CC3,-1.201087061911587
CCNC(=O)Nc1nc2cc(-c3cccnc3)c(=O)n(CC(C)C)c2s1,-1.1491700401514695
CCCC(CCC)c1nc2c(Nc3ccc(I)cc3)nc3ccccc3c2[nH]1,-1.18751446704095
CC[C@H](C1CC1)n1cc(C#N)nc(Nc2cc(C)c(OC)nc2C)c1=O,-1.6993827801934176
O=C(C[C@H]1CC[C@@H](C(=O)O)CC1)N1CCc2c(n(Cc3cccc(F)c3)c3ncccc23)C1,-2.3013775702979022
COc1ccc2ncn(-c3cc(O[C@H](C)c4ccccc4Cl)c(C(N)=O)s3)c2c1,-2.2222108125651343
COc1ncnc(Cn2cc(C(=O)NCCF)c3ncc(C)cc32)c1C,-1.2150975501133452
O=C(Nc1c(F)c(F)c(-c2cccnc2)c(F)c1F)c1c(O)nn2ccccc12,-2.284347574413499
CCCNC(=O)NS(=O)(=O)c1ccc(Cl)cc1,-0.9820211375451594
O=C(O)[C@H](O)[C@@H](O)C(=O)O,-0.324261452151833
COc1ccc2cc(C(=O)N[C@H]3CC[C@H](C(C)(C)O)CC3)cnc2n1,-0.567463616735744
CC1(C)[C@H](NC(=O)/C(=N\OC(c2cc(=O)c(O)cn2O)C2CC2)c2csc(N)n2)C(=O)N1OS(=O)(=O)O,-2.310149720559246
CO/N=C(\C(O)=N[C@@H]1C(=O)N2C(C(=O)O)=C(COC(C)=O)CS[C@H]12)c1csc(=N)[nH]1,-0.3093521342564098
CCN(CC)CC#CCOC(=O)C(O)(c1ccccc1)C1CCCCC1,-1.0197449924348916
O=C(O)C[C@H](NC(=O)Cn1c(C2CC2)cnc(NCc2ccc3c(n2)NCCC3)c1=O)c1ccc2c(c1)OCO2,-1.5854444437707855
Cc1c(C(=O)N2CCOc3ccc(-c4ccc(N)nc4)cc3C2)ccc(S(C)(=O)=O)c1F,-0.8512123159436876
Cc1nccnc1Nc1ccnc2cc(-c3cnc(N4CCCN(C)CC4)nc3)ccc12,-0.3761513833286242
CN1C[C@H](C(O)=N[C@]2(C)O[C@@]3(O)[C@@H]4CCCN4C(=O)[C@H](Cc4ccccc4)N3C2=O)C=C2c3cccc4[nH]cc(c34)C[C@H]21,-1.678194516142461
COc1ccc(Cc2cccc(O[C@@H]3O[C@H](CO)[C@@H](O)[C@H](O)[C@H]3O)c2)cc1,-0.1745535636980947
O=C1CCCn2nc(COc3ccccc3)cc21,-0.636820649941314
Oc1ccc2c(c1)CC[C@H](c1ccccc1)[C@@H]2c1ccc(OCCN2CCCC2)cc1,-0.2571827342166694
CNC(=O)c1ccc(-c2cc3cccc(-c4nn(C5CCOCC5)c5c4CN(C(C)=O)CC5)c3cn2)cn1,-1.2928558116575553
CC(=O)N1C2C=C(CN3C4CCC3CC(NC(=O)Nc3cc(F)cc(C(F)(F)F)c3)C4)CC1CCC2,-1.1491700401514695
CCC(F)(F)c1nc2nc(C)cc(Nc3ccc(S(F)(F)(F)(F)F)cc3)n2n1,-1.6202051567230198
COCCNC(=O)c1ccc(Nc2ncc3cc(-c4ccncc4OC)ccc3n2)cc1,-2.5231683714877318
Cc1cc(C(=O)NCCc2ccc(S(=O)(=O)NC(=O)NN3CCCCCC3)cc2)no1,-1.1491700401514695
O=C(CCOCCc1ccccc1)N[C@H]1CC[C@H](O)CC1,-0.2087431604455643
COc1ccc(Cl)cc1C(=O)NCCc1ccc(S(=O)(=O)NC(=O)NC2CCCCC2)cc1,-2.2679602540023325
Cc1nc(NC(=O)N2CC[C@@H]3C[C@@]32C(N)=O)sc1-c1csc(C(C)(C)C)n1,-1.0047949259945153
Cc1ccc(-c2cc(C(F)(F)F)nn2-c2ccc(S(N)(=O)=O)cc2)cc1,-1.606140448885408
O=C(NCCc1csc(-c2ccccc2)n1)N1CCCC1,-0.8512123159436876
CCCC1(C(=O)c2ccc(N)c(Cl)c2)CCCN1,-0.2362576311412831
O=C(CO)NC1CCN(Cc2ccc(Oc3nc4ccccc4s3)cc2)CC1,-1.3457671286772708
O=C(CCCN1CCC(O)(c2ccc(Cl)cc2)CC1)c1ccc([19F])cc1,-0.9551076165256404
Cc1nc(NC(=O)NC(=O)C(C)(C)C)ccc1Oc1ccnc(-c2cnn(C)c2)c1,-1.6202051567230198
CC1NC(=O)N(c2ccc(F)c(C(F)F)c2)C1=O,-0.2115586891224102
OC[C@H]1C[C@@H](n2nnc3c(N[C@@H]4C[C@H]4c4ccc(F)c(F)c4)nc(SCCC(F)(F)F)nc32)[C@H](O)[C@@H]1O,-2.6023206462213824
O=C(CCS(=O)(=O)c1ccc(Br)cc1)NCc1cccs1,-1.0639157377361796
O=C(CN1CCCCC1)Nc1ccc2oc(-c3ccco3)nc2c1,-0.7674358591132167
c1coc(CNc2nccc3[nH]cnc23)c1,-0.0599175282990633
COc1ccc(CC2c3cc(OC)c(OC)cc3CC[N+]2(C)CCC(=O)OCCCCCOC(=O)CC[N+]2(C)CCc3cc(OC)c(OC)cc3C2Cc2ccc(OC)c(OC)c2)cc1OC,-0.7427535350926288
CC(C)C(NC(=O)c1ccccc1)C(=O)c1ccc(C#N)cc1,-1.0282270387799053
CC(C)CN1CCC(COc2ccc(NC(=O)Nc3cccnc3Oc3ccccc3C(C)(C)C)c(F)c2)CC1,-2.3982658517398923
Cc1ccnc(NS(=O)(=O)c2ccc(N)cc2)n1,-0.8214546854889927
CN(Cc1ccc(-c2ccc(N3CCOc4ncnc(N)c4C3=O)cc2)c(Cl)c1)C(=O)CN,-0.3093521342564098
COc1nc(Br)cnc1NS(=O)(=O)c1ccc(Cl)s1,-2.6385177041748613
CC(=O)N1CCN(c2cccc(-c3cc(Br)c4c(N)ncnn34)c2)C(=O)C1(C)C,-1.1491700401514695
Cc1cnc(C)n1CC(=O)c1ccc(-c2ccc(N3C[C@H](Cn4ccnn4)OC3=O)cc2F)cn1,-0.9961088337630896
Cc1ccc(S(=O)(=O)Nc2c(C(=O)NC3CCCCC3)c(C)nn2-c2ccccc2)cc1,-2.620042170655314
O=C(C[N+]12CCC(CC1)[C@@H](OC(=O)C1(C3=CC=CC3)CCCCCC1)C2)NCCCNC(=O)c1ccccn1,-1.5690546468315976
O=C1COCCN1c1ccc(C2CC(c3ccc([N+](=O)[O-])o3)=NO2)cn1,-0.3994605265417412
CCN(c1cc(-c2ccc(CN3CCOCC3)cc2)cc(C(=O)NCc2c(C)cc(C)[nH]c2=O)c1C)C1CCOCC1,-0.946085787064525
CSCC(O/N=C(\C(=O)N[C@@H]1C(=O)N(OS(=O)(=O)O)C1(C)C)c1csc(N)n1)c1cc(=O)c(O)cn1O,-2.377081726753733
NC(=O)N1c2ccccc2CC(=O)c2ccccc21,-0.587972282609552
CN(C)C(=O)c1cccc(S(=O)(=O)N2CSC[C@H]2C(=O)O[C@@H](Cc2c(Cl)c[n+]([O-])cc2Cl)c2ccc(OC(F)F)c(OCC3CC3)c2)c1,-2.5689097666353824
CN(C)C(=N)c1ccc(C(=O)Nc2ccccc2C(=O)Nc2ccc(Cl)cn2)cc1,-0.567463616735744
C[C@@](C(=O)O[C@H]1C[N+]2(CCCc3ccc4ncsc4c3)CCC1CC2)(c1ccccc1)N1CCCCC1,-1.3510899058795296
C[C@@H](NC(=O)Cc1ccc(C2CC2)cc1)c1ccc(OCC(F)(F)F)cn1,-2.2927791030185243
C[C@H](CO)Nc1cc(NS(=O)(=O)N2CCNCC2)nc(SCc2cccc(Cl)c2F)n1,-1.4206394750654865
CCSc1ccc(C2C(C(N)=O)=C(C)Nc3nc(SCc4ccccc4)nn32)cc1,-2.699187205881913
CC(=O)Nc1ccc(Nc2ncnc(N[C@@H](CC(C)C)C(=O)O)n2)cc1,-0.8331142196943386
C[C@@H](O)[C@H]1C(=O)N2C(C(=O)O)=C(S[C@@H]3CN[C@H](CNS(N)(=O)=O)C3)[C@H](C)[C@H]12,-0.0366226096030364
N#Cc1ccc(OCCCN2CCC(C(O)(c3nccs3)C3CCCC3)CC2)cc1,-0.9285488203376618
CCOc1nc2cccc(C(=O)OCc3oc(=O)oc3C)c2n1Cc1ccc(-c2ccccc2C2=NOC(O)N2)cc1,-1.1808839894758698
CCOc1cc2nnc(C(N)=O)c(Nc3ccc(C)cc3F)c2cc1N1CCN(C)CC1,-1.7699600188420606
CCC1(CC)C(=O)NCC(C)C1=O,-0.3972890550424425
CCOc1ccc(F)cc1NC(=O)c1cc(F)ccc1NS(=O)(=O)C1CC1,-0.0028292871803382
O=S(=O)(Nc1nncs1)c1cc(Cl)c(Oc2ccc(C(F)(F)F)cc2-c2ccnnc2)cc1F,-2.5852939924389373
CCOc1cc2ncc(C(N)=O)c(Nc3cccc(Cl)c3Cl)c2cc1N1CCN(C(C)C)CC1,-1.8072820470564717
O=C1Nc2cc(C(F)(F)F)ccc2C1(O)c1cc(Cl)ccc1O,-1.79901004685437
N[C@@H]1CONC1=O,-0.0968014529570216
CN1CCNC(=O)COc2ccc(F)cc2C(=O)N2CCCC[C@H]2c2cc3nc(N4CCC4)cc1n3n2,-0.8831598975873358
CCc1c(CCN2CCC(C(=O)O)CC2)cccc1-c1nsc(-c2ccc(OC(C)C)c(Cl)c2)n1,-2.28019241069718
Cc1cc(Nc2nc(N[C@@H](C)c3ncc(F)cn3)ncc2Br)n[nH]1,-1.0639157377361796
Cn1cc[nH]c1=S,-0.2215593164287672
CCn1c(=O)[nH]c(=O)c2c1nc(Cc1nc3ccccc3[nH]1)n2Cc1ccccc1,-0.6007590583075443
Cc1nc2c(-c3ccccn3)cnn2c(NCc2ccccn2)c1C,-1.5690546468315976
O=C(Nc1ccc(F)cn1)c1cc(Oc2cncnc2)cn2ncnc12,-0.5035034792150761
c1ccc(Nc2nc3c(s2)CCCc2n[nH]cc2-3)nc1,-2.1552743720267773
c1cn(-c2cc(NC3=NC[C@@]4(CN5CCC4CC5)O3)ncn2)cn1,-0.0604158576515883
COc1ccc(C23c4ccccc4C(=O)N2CCN3C(=O)c2ccc(F)c(F)c2)cc1,-1.4206394750654865
C[C@@H]1CN2c3c(cc4c(N)noc4c3F)CC3(C(=O)NC(=O)NC3=O)[C@H]2[C@H](C)O1,-0.8831598975873358
c1ccc(C2(c3ccccc3)CC2C2=NCCN2)cc1,-0.3228266457578229
CC(=O)Nc1nc(C(C)C)c(-c2cnc(N(C)C(=O)c3c(F)cccc3Cl)c(N3CCCCC3)c2)s1,-2.3982658517398923
O=S(=O)(NC[C@@H]1CCC[C@@]2(S(=O)(=O)c3ccc(C(F)(F)F)cc3)c3c(F)ccc(F)c3OC[C@@H]12)C(F)(F)F,-2.699187205881913
Cc1ncc(Oc2ccc(Cl)cc2)c2cc(C(N)=O)sc12,-2.0972901870301213
OCCCc1cc(-c2cncc(OC[C@@H]3CCN3)c2)on1,-0.0017389174252577
CC(C)c1noc(N2CCN(c3ncc(OCc4ccncc4C#N)cn3)[C@H](C)C2)n1,-1.721658030939094
CC(C)(C)NC(=O)NCCN1CCOC(CNC(=O)c2cc(Cl)cc(Cl)c2)C1,-1.2108467423745437
O=C(O)CCn1c(=O)oc2cc(OCCN3CCCC3)c(Cl)cc21,-0.0710150746138953
CCCc1c(C(=O)Nc2cc(S(=O)(=O)N(C)C)ccc2C)cnn1-c1ccccc1,-1.6202051567230198
S=c1cc(CC2CCCCO2)[nH]c2nc(Nc3c4c(cc5c3CCC5)CCC4)nn12,-2.699187205881913
CC(C)(C)[C@@H]1NC(=O)O[C@@H]2CCC[C@H]2OC/C=C/C(F)(F)c2nc3ccccc3nc2O[C@@H]2C[C@@H](C(=O)N[C@]3(C(=O)NS(=O)(=O)C4(C)CC4)C[C@H]3C(F)F)N(C2)C1=O,-1.5854444437707855
Cc1ccccc1C(=O)Nc1cc(C#Cc2ccccc2)ccn1,-1.7451378557193975
CN[C@@H]1CCN(c2nc(N)nc3c2CCCc2ccccc2-3)C1,-0.2920127608980421
CN(CC(=O)NC1CC1)C(=O)c1ccc2c(c1)c1c(n2C)CCC(C2CCOCC2)C1,-1.4715049498758348
COc1ccc2c(c1)CCn1c-2cc(OCC2COc3ccccc3O2)nc1=O,-2.5231683714877318
CN1CCN(c2ccc3ncc(C(N)=O)c(Nc4ccc(Cl)c(Cl)c4)c3c2)CC1,-1.22883967513084
Cc1cccc(Nc2ccccc2C(=O)O)c1C,-1.1491700401514695
C=C1/C(=C\C=C2/CCC[C@]3(C)[C@@H]([C@H](C)/C=C/[C@@H](O)C4CC4)CC[C@@H]23)C[C@@H](O)C[C@@H]1O,-2.3013775702979022
Oc1ccc(CCCCNC[C@H](O)c2ccc(O)c(O)c2)cc1,-0.3766674778025274
COc1ccc(OC)c(-c2cc(=O)[nH]c(=S)n2CC(N)=O)c1,-0.2215593164287672
CN[C@@H](C)C(=O)N[C@H](C(=O)N[C@H]1CCCN(CCCc2ccccc2)C1)C1CCCCC1,-0.4755180661494646
C[C@H](NS(=O)(=O)c1ccc(-c2sc(C(=O)NCC(C)(C)O)nc2C(=O)N2CC[C@H](F)C[C@@H]2C)c(Cl)c1Cl)C(F)(F)F,-1.3014558129408076
C[C@H]1O[C@@H](O[C@H]2[C@@H](O)C[C@H](O[C@H]3[C@@H](O)C[C@H](O[C@H]4CC[C@@]5(C)[C@H](CC[C@@H]6[C@@H]5C[C@@H](O)[C@]5(C)[C@@H](C7=CC(=O)OC7)CC[C@]65O)C4)O[C@@H]3C)O[C@@H]2C)C[C@H](O)[C@@H]1O,-0.1153951728776717
Cc1nn(C(F)F)cc1S(=O)(=O)Nc1c(N2CCC(Cc3ccccc3)CC2)c(=O)c1=O,-1.9590023075765075
CCNC(=O)Nc1nc2cc(-c3cccnc3)c(=O)n(CC)c2s1,-0.9551076165256404
CC(C)OC(=O)N1CCC(Oc2ncnc3c2cnn3-c2ccc(S(C)(=O)=O)cc2F)CC1,-1.9590023075765075
O=C1CCc2cc(OCCCCc3nnnn3C3CCCCC3)ccc2N1,-0.5894701066110258
O=C1O[C@@H](Cn2ccnn2)CN1c1ccc(-c2ccc(C(O)CN3CCOCC3)nc2)c(F)c1,-0.1737113437229289
CCC[C@H](N[C@@H](C)C(=O)N1[C@H](C(=O)O)C[C@@H]2CCCC[C@@H]21)C(=O)O,-0.045709238298873
COc1cncc(NC(=O)c2cc(NC(=O)c3cccc(C(C)(C)C#N)c3)ccc2C)c1,-1.5837773484635205
COCCNCC(=O)NC12CC3CC(CC(C3)C1)C2,-0.3005959181846626
CCCNC(C)C(O)=Nc1ccccc1C,-0.1455208823028839
O=c1cc(Cn2c(C3CCC3)nc3nccnc32)c2ccc(F)c(F)c2[nH]1,-0.695511195620733
N#CC1(c2ccccc2)CCN(Cc2cc(C(=O)O)c(=O)n3ccccc23)CC1,-0.994692178911758
COc1ccc2ccc(=O)n(CCN[C@@H]3CC[C@@H]4[C@H](C3)OC(=O)N4c3ccc4c(n3)NC(=O)CO4)c2n1,-0.0154569353285182
CN(C)c1ccc(-c2cc3nccnc3c(NC[C@H]3CNCCO3)n2)cn1,-0.9551076165256404
Cc1ccc(-c2ccccn2)cc1NC(=O)c1ccc(OCc2ccccn2)cc1,-1.920132748846025
Cn1c(=O)c2[nH]cnc2n(C)c1=O,-0.2451230796403455
COc1cc2c(cc1OC)CC(=O)N(CCCN(C)C[C@H]1Cc3cc(OC)c(OC)cc31)CC2,-0.5182457659399792
CCC[C@H](N[C@@H](CCc1ccccc1)C(=O)O)C(=O)N1C[C@@H](NC(=O)C[C@H](N)Cc2cc(F)c(F)cc2F)C[C@H]1C(=O)O,-0.2237326008142903
CCc1c(CCCC(=O)O)cncc1-c1nsc(-c2ccc(OC(C)C)c(C(F)(F)F)c2)n1,-2.6780082524527327
CCOc1nc2ccc(OCCC3CCN(c4ccc(C)nn4)CC3)cc2o1,-2.4205365277985966
CC[C@H](c1ccc(C(=O)O)c(Oc2cccc(Cl)c2)c1)N1CCC[C@H](n2cc(C)c(=O)[nH]c2=O)C1,-1.7239497066643057
COc1c(F)cccc1C1CCN(c2ccn3c(CC4CC4)nnc3c2Cl)CC1,-1.9590023075765075
COc1ccc(CN2CCN(c3c(NS(=O)(=O)c4c(C)noc4C)c(=O)c3=O)CC2)cc1,-1.721658030939094
C=C(C)[C@@H]1CC[C@]2(NCCN3CCS(=O)(=O)CC3)CC[C@]3(C)[C@H](CC[C@@H]4[C@@]5(C)CC=C(C6=CC[C@@](CF)(C(=O)O)CC6)C(C)(C)[C@@H]5CC[C@]43C)[C@@H]12,-0.8512123159436876
Nc1ccccc1NC(=O)c1ccc(CSC2=N[C@@H](Cc3ccccc3)CO2)cc1,-1.4441199353631946
CN(C)Cc1nc2c(sc3ccc(-c4ccc(O)cc4)cc32)c(=O)[nH]1,-0.6972362915270183
O=C(O)CNCc1ccc([C@H]2CC[C@]3(CC2)OOC2(O3)C3CC4CC(C3)CC2C4)cc1,-1.6024771142816578
CCCC1C(=O)N2C(N(C)C)=Nc3ccc(C)cc3N2C1=O,-1.9590023075765075
NS(=O)(=O)c1cc2c(cc1Cl)N=CNS2(=O)=O,-0.5218665718994825
O=C(c1cc([C@H]2CCCN2c2cccc(F)c2)c2oc(N3CCOCC3)cc(=O)c2c1)N1CCOCC1,-0.9551076165256404
COc1cc2nnc(C(N)=O)c(Nc3ccc(C)cc3F)c2cc1N1CCN(C)CC1,-1.1922167779504604
CS(=O)(=O)c1cccc(-c2ccc(Cn3cc(C(=O)O)c(=O)c4cccc(F)c43)nc2)c1,-1.3376672295602454
CS(=O)(=O)N1CCN(Cc2cc3nc(-c4cccc5[nH]ncc45)nc(N4CCOCC4)c3s2)CC1,-1.1491700401514695
C[C@H]1CN(Cc2cc(Cl)cc(NC(=O)CC(CCC(=O)O)c3ccccc3)c2Cl)CCN1C(=O)C1CCCC1,-2.3982658517398923
COc1ccc(F)cc1C1CCN(c2ccn3c(CC4CC4)nnc3c2Cl)CC1,-1.9590023075765075
CCOC(=O)/C=C(C)/C=C/C=C(C)/C=C/c1c(C)cc(OC)c(C)c1C,-1.9590023075765075
N=C(N)c1ccc(OCCCCCOc2ccc(C(=N)N)cc2)cc1,-0.5218665718994825
CS(=O)(=O)c1ccc(-c2cnc(N)c(-c3ccc(C(N)=O)cc3)c2)cc1,-0.663972774569689
Cc1cccc(C)c1NC(O)=NCCCNC(C)C,-0.0654308554086806
CC(C)Cc1sc(N)nc1-c1ccc(P(=O)(O)O)o1,-1.1491700401514695
OC1(Cc2ccc(Cl)cc2)c2ccccc2C2=NCCN21,-0.9961088337630896
C[C@@H]1c2ncn(-c3ccc(F)cc3)c2CCN1C(=O)c1cccc(C(F)(F)F)c1Cl,-1.3876400520322256
O=C(C[C@@H]1C(=O)Nc2ccccc2N1S(=O)(=O)c1ccc2ccccc2c1)NCCc1ccc(-c2ncc[nH]2)cc1,-1.7962873593922926
Cc1cccc(C(N)=O)c1NC(=O)c1ccccc1,-0.3478004763372651
CNc1nccc(N2CC[C@H](NC(=O)Nc3ccc(OC(F)F)cc3)C2)n1,-1.201087061911587
Cc1ccc(-c2ccc3ncc4c(c3n2)n(C2CCN(C(=O)[C@H](C)O)CC2)c(=O)n4C)cn1,-1.052261251717202
C[C@H](CCC(=O)O)[C@H]1CC[C@H]2[C@@H]3[C@H](O)C[C@@H]4C[C@H](O)CC[C@]4(C)[C@H]3C[C@H](O)[C@]12C,-0.9176455486690313
O=C(CCCCCc1ccncn1)NC1CCC(O)CC1,-1.1196151994096977
CC(C)C(NC(=O)c1cc(Cl)ccc1C(F)(F)F)C(=O)c1ccc(C#N)cc1,-1.5658496253423198
O=C(O[C@@H]1Cc2c(O)cc(O)cc2O[C@@H]1c1ccc(O)c(O)c1)c1cc(O)c(O)c(O)c1,-0.8214546854889927
CO[C@H]1CN(c2nc(-c3ccccn3)c(C(=O)O)s2)CC[C@H]1NC(=O)c1[nH]c(C)c(Cl)c1Cl,-2.3982658517398923
COc1ccc2c(c1)CN(c1ccc(C(C)C(=O)O)cc1)C2=O,-1.678194516142461
Cc1cn([C@H]2CCCN([C@@H](CC(C)C)c3ccc(C(=O)O)c(Oc4cccc(Cl)c4)c3F)C2)c(=O)[nH]c1=O,-2.0972901870301213
CCN1CCCN(c2ncc(-c3ccc4c(Nc5cnccn5)ccnc4c3C)cn2)CC1,-0.9176455486690313
CCOc1cc2ncc(C(N)=O)c(Nc3cccc(Cl)c3F)c2cc1N1CCN(C)CC1,-1.1461223898866706
Cn1cnc2ncn(Cc3nc([C@H]4[C@@H]5CN(c6cc(Cl)ccn6)C[C@@H]54)no3)c(=O)c21,-1.1491700401514695
Cc1cc(Cl)c(OCCOc2ccc(C3=C(C(=O)N(Cc4cccc(C)c4C)C4CC4)[C@H]4CNC[C@@H](C3)N4)cc2)c(Cl)c1,-1.9590023075765075
CN=C1C[N+]([O-])=C(c2ccccc2)c2cc(Cl)ccc2N1,-1.3102295598114089
Cc1cc(C(=O)N[C@H]2CC[C@@H](NC(=O)c3cc(F)cnc3Oc3cccc(-c4ccc(CCCN5C[C@@H](C)N[C@@H](C)C5)cc4)c3)CC2)nn1C,-1.3376672295602454
CC(C)OC(=O)[C@H](C)N[P@](=O)(OC[C@H]1O[C@@H](n2ccc(=O)[nH]c2=O)[C@](C)(F)[C@@H]1O)Oc1ccccc1,-0.780323804891189
CC(C)C[C@@H]1C(=O)N[C@H](C2Cc3ccccc3C2)C(=O)N1[C@@H](C(=O)N(C)C)c1ccc(F)cc1F,-1.2150975501133452
N#Cc1ccccc1Oc1ccc(C(=O)NCc2ccncc2)cc1,-1.065931005569042
CC[C@H](CO)Nc1nc(SCc2ccccc2)nc2[nH]c(=O)sc12,-2.5852939924389373
COc1cc2c(c(OC)c1OC)-c1ccc(OC)c(=O)cc1[C@@H](NC(C)=O)CC2,-0.2143925900276091
CNC(=O)c1c(C)oc2cc(Oc3ncnc4cc(OC)c(OC)cc34)ccc12,-1.3102295598114089
Nc1cccnc1Nc1ncnc2ccc(-c3cccc(N4CCOCC4)c3)cc12,-1.2680327014847186
O=C(O)c1cn(Cc2ccc(-c3cccnc3)nn2)c2c(F)cccc2c1=O,-0.4939281250746494
Cn1nccc1-c1cc(C(F)(F)F)ccc1[C@H]1CCc2cc(S(=O)(=O)Nc3ncccn3)ccc21,-2.3982658517398923
O=C(O)Cc1nn(Cc2nc3cc(C(F)(F)F)ccc3s2)c(=O)c2ccccc12,-2.271999479557161
CCNC(=O)Nc1ccc(-c2nc3c(c(N4CCOC[C@@H]4C)n2)CN(c2ncccn2)CC3)cc1,-1.678194516142461
CC1(CCC(=O)N2CCN(c3cccc(Cl)c3)CC2)NC(=O)NC1=O,-1.1491700401514695
O=C(O)COc1cccc(N2CCC(CN3CCC(Oc4ccc(Cl)c(Cl)c4)CC3)CC2)c1,-1.556374078396063
CO/N=C(\C(=O)N[C@@H]1C(=O)N2C(C(=O)O)=C(CSc3nc(C)c(CC(=O)O)s3)CS[C@H]12)c1csc(N)n1,-0.7427535350926288
Cc1ccn(-c2ccc(Cn3cc(C(=O)O)c(=O)c4c(F)cccc43)cc2)n1,-1.1083343356678756
N#Cc1cnn2c(N)cc(-c3ccc(F)cc3)nc12,-1.2569169000188067
CO/N=C1\CN(c2nc3c(cc2F)c(=O)c(C(=O)O)cn3C2CC2)CC1CN,-0.4220119289700904
O=C(CCCc1ccc2cccnc2n1)NCc1cc(-c2ccc(F)c(C(F)(F)F)c2)no1,-2.7214521662241373
CCOc1ccccc1NC(=O)c1cc(F)ccc1NS(=O)(=O)C1CC1,-0.0098732374989668
C[C@@H](O)[C@H]1C(=O)N2C(C(=O)O)=C(S[C@H]3C[C@@H](C(=O)N4CC[C@H](N=C(O)CNC(=N)N)C4)N(C)C3)[C@H](C)[C@H]12,-0.045709238298873
CC(C)OC(=O)C(C)(C)Oc1ccc(C(=O)c2ccc(Cl)cc2)cc1,-1.9590023075765075
CC(C)c1c(C(=O)Nc2ccccc2)c(-c2ccccc2)c(-c2ccc(F)cc2)n1CC[C@@H](O)C[C@@H](O)CC(=O)O,-1.678194516142461
CN(C)c1ccc(-c2cc3nccnc3c(NCC(F)(F)F)n2)cn1,-1.3876400520322256
O=C(Nc1ccc(F)c(F)c1)N1CCC2(CC1)C(=O)N(c1ccc(F)c(Cl)c1)C2c1ccccn1,-2.699187205881913
COc1ccc(N(C(=O)Oc2c(C)cccc2C)c2ccnc(Nc3cc(OC)c(OCCCN4CCN(C)CC4)c(OC)c3)n2)c(OC)c1,-1.854275425119336
Cn1c2c(c(=O)n(C)c1=O)C(C(F)(F)F)(C(F)(F)F)N=C(c1cccc([N+](=O)[O-])c1)N2,-2.2222108125651343
Cc1ccc(Sc2ccccc2CN(C)C)c(N)c1,-0.957068299569702
Cc1cc(=NC(=O)C2=C(O)c3ccccc3S(=O)(=O)N2C)[nH]o1,-1.4441199353631946
CO[C@]1(C(=O)N[C@@H](C)c2ccc(-n3cc(F)cn3)nc2)CC[C@H](c2nc(C)cc(Nc3cc(C)[nH]n3)n2)CC1,-1.523298766322403
Cc1ccc(C(=O)Nc2cccc(C(F)(F)F)c2)cc1-c1ccc2nc(N)ncc2c1,-1.854275425119336
CC(C)(C)N=C(O)[C@@H]1C[C@@H]2CCCC[C@@H]2CN1C[C@@H](O)[C@H](Cc1ccccc1)N=C(O)[C@H](CC(=N)O)NC(=O)c1ccc2ccccc2n1,-1.678194516142461
C[C@H]1[C@H](NC(=O)/C(=N\OC(C)(C)C(=O)O)c2csc(N)n2)C(=O)N1S(=O)(=O)O,-0.2134482643865505
CONC(=O)N(Cc1ccsc1)C1CCN([C@H](C)CCNC(=O)c2c(C)cc(C(=O)NC(C)C)nc2C)CC1,-0.3761513833286242
CN(C)S(=O)(=O)c1cc(F)ccc1CNC(=O)c1nc(N2CCCCS2(=O)=O)c2cccnc2c1O,-1.5090587946432126
COc1cc2ncc(C(N)=O)c(Nc3ccc(F)cc3F)c2cc1NCCN1CCOCC1,-1.100608534202453
OC(CCN1CCCC1)(c1ccccc1)C1CCCCC1,-0.3005959181846626
Cc1cc([C@@H](C)Nc2ccccc2C(=O)O)c2nc(N3CCOCC3)cc(=O)n2c1,-1.091944125901233
O=C(C[N+]12CCC(CC1)[C@@H](OC(=O)C1(C3=CC=CC3)CCCCCC1)C2)Nc1ccc(F)cn1,-1.6024771142816578
CNS(=O)(=O)CCc1ccc2[nH]cc(C3CCN(C)CC3)c2c1,-0.1229474072937525
Cc1cc(C(=O)N[C@H]2CC[C@@H](NC(=O)c3cc(F)cnc3Oc3cccc(-c4ccc(O)cc4CN4CCOCC4)c3)CC2)nn1C,-1.2445520293402297
CNC(=O)c1cc(C(=O)NC2CC2)cc2c1O[C@H](C)[C@H]2c1ccccc1,-0.9551076165256404
COc1cc2nc(N3CCc4c(cccc4NS(C)(=O)=O)C3)nc(N)c2c(-c2ccccn2)c1OC,-0.4980060247187456
CNc1nccc(N2CC[C@H](NC(=O)Nc3ccc(C)c(Cl)c3)C2)n1,-2.0972901870301213
CC(C)Oc1cc(Nc2nc(N[C@@H](C)c3ccc(F)cn3)nc(OC(CO)CO)c2Cl)n[nH]1,-0.7522134958804845
CCN(C)Cc1nccn1-c1ccc(N2CCC(NS(=O)(=O)/C=C/c3ccc(Cl)s3)C2=O)c(F)c1,-1.201087061911587
O=C1CCCCN1c1ccc(CO[C@@H]2COc3nc([N+](=O)[O-])cn3C2)cc1F,-0.5973122723043219
Cc1nc(C(NC(=O)c2ccc(-c3ccc(Cl)cc3)[nH]2)C2CCCCN2)sc1CO,-0.9397328911828484
COc1ccc(C(SC[C@H](N)C(=O)O)(c2ccccc2)c2ccccc2)cc1,-1.027302033420102
COCCN1CCN(c2ccc(C#Cc3cc(Cn4ccnc4[C@H](C)O)no3)cc2)CC1,-1.041388342235121
COc1ccc(S(=O)(=O)Nc2nc(-c3cccc([N+](=O)[O-])c3)cs2)cc1OC,-1.9590023075765075
Nc1ncnc2c1C(=O)N(c1ccc(-c3ccc(CC(=O)O)cc3Cl)cc1)CCO2,-1.2445520293402297
Cc1ccc(C(=O)Nc2ccc(CN3CCN(C)CC3)c(C(F)(F)F)c2)cc1C#Cc1cnc(N)nc1,-2.3013775702979022
CCNC(=O)Nc1nc2cc(-c3ccn4ncnc4c3)c(=O)n(C(C)C)c2s1,-0.9961088337630896
CCC1(c2ccccc2)NC(=O)N(C)C1=O,-0.2215593164287672
NCCc1ccc(O)c(O)c1,-0.045709238298873
C[C@H](O)c1nccn1Cc1cc(-c2ccc(C#C[C@H]3C[C@H](O)C3)cc2)on1,-1.7451378557193975
Cc1ncc(NC(=O)c2cc(NC(=O)c3cc(F)cc(Cl)c3)ccc2Cl)s1,-2.3013775702979022
COc1ccccc1O[C@@H](c1ccccc1)[C@@H]1CNCCO1,-0.5093516950954762
COc1ccc(COc2nc(Br)cnc2NS(=O)(=O)c2ccc(C)cc2)cc1OCCN(C)C,-2.3668649681436342
CO[C@H]1CN(CCn2c(=O)ccc3ccc(C#N)cc32)CC[C@@H]1NCc1cc2c(cn1)OCCO2,-0.8360786784024514
O=C(O)[C@@H](c1ccc(OCc2ccc3ccccc3n2)cc1)C1CCCC1,-2.6023206462213824
Cc1cc(=O)n(-c2ccccc2)n1C,-0.0560352514206594
Cc1ccnn1-c1cccc([C@H](CC(=O)O)CN2CC[C@@H](CCc3ccc4c(n3)NCCC4)C2)c1,-0.9961088337630896
COC(=O)/C=C/C(=O)OC,-0.1838611525459632
CC(F)(F)COc1ncncc1CNc1ncc(C#N)c(N[C@@H]2CC[C@H](O)C(C)(C)C2)n1,-0.7936059355691265
CC1CC(=O)NN=C1c1ccc(N2CCOCC2)c(F)c1,-0.3659562329619955
CNC(=O)N1CCN(Cc2ccnc(Nc3ncc(C#N)s3)c2C)CC1,-1.0559468995472738
Cn1c(C#N)ccc1-c1ccc2c(c1)C(C)(C)OC(=S)N2,-1.7239497066643057
Cc1ccc(-c2noc(COc3ccc(CCC(=O)O)cc3)n2)cc1,-1.7962873593922926
C/C=C1\NC(=O)[C@H]2CSSCC/C=C/[C@H](CC(=O)N[C@H](C(C)C)C(=O)N2)OC(=O)[C@H](C(C)C)NC1=O,-1.054321359716509
O=C(O)c1cn(Cc2ccc(N3CCOC3=O)cc2)c2cccc(F)c2c1=O,-0.6482500615371258
O=C(O)COc1ccc(Cl)cc1C#Cc1cccc(S(=O)(=O)CCO)c1,-1.3191842176343007
O=C(O)c1cn(Cc2ccc(-c3ccccc3)cc2)c2nccnc2c1=O,-1.6202051567230198
COCC1=C(C(=O)O)N2C(=O)[C@@H](NC(=O)/C(=N\OC)c3csc(N)n3)[C@H]2SC1,-0.1923376990047116
CS(=O)(=O)Cc1nc2c(Sc3ccc(Cl)cc3)cc(Cl)cn2c1[N+](=O)[O-],-1.92121703980304
C[C@@](C(=O)O[C@H]1C[N+]2(CC(N)=O)CCC1CC2)(c1ccccc1)N1CCCCC1,-0.4405266891384238
CC(O)(C(=O)Nc1ccc(S(=O)(=O)N2CCOCC2)cc1)C(F)(F)F,-0.4303576365691369
O=c1cc(N2CCOCC2)nc2n(Cc3cccc(F)c3)ccn12,-0.6562368279160454
Cn1c(=O)c(-c2cc(C(=O)NC3CC3)ccc2Cl)cc2cnn(-c3c(F)cccc3F)c21,-1.4093587579877196
CC(=O)S[C@@H]1CC2=CC(=O)CC[C@]2(C)C2CC[C@@]3(C)C(CC[C@@]34CCC(=O)O4)C21,-0.6178753882559928
CCC[C@H](NC(=O)[C@@H]1[C@H]2CCC[C@H]2CN1C(=O)[C@@H](NC(=O)[C@@H](NC(=O)c1cnccn1)C1CCCCC1)C(C)(C)C)C(=O)C(=O)NC1CC1,-0.4872155781829386
CCc1c(CN(C)CC(=O)O)cccc1-c1nsc(-c2ccc(OC(C)C)c(C(F)(F)F)c2)n1,-2.2258444884577733
CNC(=O)c1cn(C[C@H](F)CCc2ccc(NC(=O)Cc3cc(OC4CC(F)(F)C4)ccn3)nn2)nn1,-1.5090587946432126
CC1(C)C(=O)N(c2ccc(F)c(C(F)(F)F)c2)C(=O)N1S(=O)(=O)c1ccccc1,-1.3983636523517635
CCC(NC(=O)c1ccc(Cl)cc1)[C@@H]1[C@@H]2C[C@H](Oc3ccnc4ccncc34)C[C@@H]21,-1.92121703980304
C[N+](C)(Cc1ccc(NC(=O)c2ccc(Cl)c(Cl)c2)cc1)C1CCOCC1,-0.7439548970669356
CS(=O)(=O)CCN1C(=O)C(NC(=O)c2cc3cc(Cl)sc3[nH]2)Cc2ccccc21,-0.0021747368754267
O=C1c2cc(COc3ccccc3)nn2CCC1c1ccc(F)cc1,-2.04614370177502
COc1ccc(CNC(=O)Nc2ncc([N+](=O)[O-])s2)cc1,-2.377081726753733
CCC(=O)NS(=O)(=O)c1ccc(-c2c(-c3ccccc3)noc2C)cc1,-1.6142745351790648
CNC(=O)c1nn(C)c2c1C(C)(C)Cc1cnc(Nc3ccc(CN(C)C)cc3)nc1-2,-1.2928558116575553
CCC[C@@H](c1ccc(C(=O)O)c(Oc2cccc(Cl)c2)c1OC)N1CCC[C@H](n2cc(C)c(=O)[nH]c2=O)C1,-1.1808839894758698
COc1cc(OC)c(S(=O)(=O)N2c3ccccc3Oc3ccccc32)cc1NC(=O)CCC(=O)O,-1.6024771142816578
Cn1cc(-c2ccc(C(=O)N[C@@H]3CCN(c4ncc(Cl)c5c(N)noc45)C3)c(Cl)c2)ccc1=O,-2.3013775702979022
O=C1CN=C(c2ccccc2)c2cc(Cl)ccc2N1CC1CC1,-1.5090587946432126
CCn1c(=O)[nH]c(=O)c2c1nc(Cc1nc3cc4c(cc3[nH]1)OCO4)n2Cc1ccccc1,-0.6972362915270183
O=C(NS(=O)(=O)c1ccc(F)cc1)N1CCC(N2CCC(Oc3ccc(Cl)c(Cl)c3)CC2)CC1,-0.7115126710064176
COc1cc(-c2cnc3[nH]cc(-c4cnc(N)nc4)c3c2)cc(OC)c1OC,-1.678194516142461
O=C1c2c(O)c(=O)ccn2N(C(c2ccccc2)c2ccccc2)[C@@H]2COCCN12,-1.4689428087667111
Cc1[nH]c(=N)ccc1CN=C(O)Cn1c(C)cc(S(=O)(=O)c2ccccc2)c(N)c1=O,-0.0914131215222416
C=C(CC)C(=O)c1ccc(OCC(=O)O)c(Cl)c1Cl,-0.9961088337630896
CC(C)(C#Cc1ccc(-c2ccc(Cl)c3c(NS(C)(=O)=O)nn(CC(F)(F)F)c23)c([C@H](Cc2cc(F)cc(F)c2)N=C(O)Cn2nc(C(F)(F)F)c3c2C(F)(F)[C@@H]2C[C@H]32)n1)S(C)(=O)=O,-0.4175749135980092
CS(=O)(=O)c1cc([N+](=O)[O-])c2sc(N3CCN(CC4CCCCC4)C4(CC4)C3)nc(=O)c2c1,-1.7699600188420606
Cc1ccc(NC(=O)c2cccc(C(C)(C)C#N)c2)cc1Nc1ccc2ncn(C)c(=O)c2c1,-2.310149720559246
CCc1nn(CCCN2CCN(c3cccc(Cl)c3)CC2)c(=O)n1CCOc1ccccc1,-2.0181179968023826
Cc1cccc2nc(C(=O)N[C@H]3CC[C@@H](NC(=O)c4cc(F)cnc4Oc4cccc(-c5ccc(CN6CCC(N7CCCC7)CC6)cc5)c4)CC3)cn12,-1.678194516142461
COc1ccc(OC)c(C(O)C(C)N)c1,-0.9961088337630896
c1coc(CNc2ccnc3[nH]cnc23)c1,-0.0599175282990633
COc1ccc([C@@H](CCCCCCc2ccc3c(n2)NCCC3)CC(=O)O)cn1,-2.2222108125651343
Cc1ccc(S(=O)(=O)N(C)C)cc1C#Cc1cc(Cl)ccc1OCC(=O)O,-2.3013775702979022
Oc1nc(-c2ccccc2)nc2ccccc12,-1.889811102843363
CN1CCN(c2ccc3nc(N)n(CC(O)c4ccc(C(F)(F)F)cc4Cl)c3n2)CC1,-0.6293647995946846
COc1cc(-c2cncc(-c3ccc(N4CCNCC4)cc3)c2C)cc(OC)c1F,-2.3013775702979022
O=c1cc(N2CCOCC2)oc2c(-c3cccc4c3sc3ccccc34)cccc12,-2.8539960661891137
Cc1noc2c1-c1ccccc1C(c1ccc(C#N)cc1)=N[C@H]2CC(N)=O,-0.9551076165256404
Cc1cc(Cl)nc(C)c1C(=O)NCC[C@@H](C)N1CCC(N(Cc2ccsc2)C(=O)Nc2cccnc2)CC1,-0.3367326433719202
CCC1c2cc3c(C)c(C(=O)NCCS(=O)(=O)O)c4c(CC(=O)OC)c5n6->[Pd+2]7(<-n2c(cc2c(C(C)=O)c(C)c(cc6C(C)C5CCC(=O)O)[nH]->72)C1C)<-[nH]34,-2.108284178145285
CCOP(=O)(CC)c1ccc2oc(-c3ccc(F)cc3)nc2c1,-1.091944125901233
O=C(O)c1ccc2c(C3CCCCC3)c3n(c2c1)C[C@@H]1CCN(CCN2CCCCC2)[C@H]1c1ccccc1-3,-1.091944125901233
Cc1c(N(C)C)c(=O)n(-c2ccccc2)n1C,-0.1547158736520084
Cc1ccncc1CN(c1ccccc1)C1CCN([C@H](C)CCNC(=O)c2c(C)cc(C#N)nc2C)CC1,-1.2150975501133452
CN(C)C(=O)Cn1c(-c2ccccc2)c(C2CCCCC2)c2ccc(-c3noc(=O)[nH]3)cc21,-0.0004340770450241
COc1ccc(-c2c(-c3nc(C)n4ncnc(N5CCC5)c34)cnn2C)c(C)c1,-0.636820649941314
O=C(N[C@H]1CCN(CC2CC2)C[C@@H]1C(=O)NC1(c2ncccn2)CC1)c1cc(-c2ccc(F)cc2F)on1,-0.932244934409468
Cn1cc(-c2ccc(C(=O)N[C@@H]3CCN(c4ncc(Cl)c5c(N)noc45)C3)c(Cl)c2)cnc1=O,-1.7451378557193975
COc1cc(C(=O)NS(=O)(=O)c2ccccc2C)ccc1Cc1cn(C)c2ccc(NC(=O)OC3CCCC3)cc12,-2.088159248071288
CC(C)COc1cccc(/C=C2\SC(=O)NC2=O)c1N1CCC[C@@H](N)C1,-1.889811102843363
COc1ccc(S(=O)(=O)N2CCC[C@H]2C(=O)O[C@@H](Cc2c(Cl)c[n+]([O-])cc2Cl)c2ccc(OC(F)F)c(OCC3CC3)c2)cc1C(=O)N(C)C,-2.377081726753733
Cc1c(N2CCC(C3(N)CC3)C2)c(F)cc2c(Cc3n[nH]c(=O)o3)cc(=O)n(C3CC3)c12,-0.567463616735744
CO/N=C(\C(=O)N[C@@H]1C(=O)N2C(C(=O)O)=C(CSc3nc(=O)c(=O)[nH]n3C)CS[C@H]12)c1csc(N)n1,-1.201087061911587
Cc1ccc(CC2CCN(c3c(NS(=O)(=O)c4c(C)noc4C)c(=O)c3=O)CC2)cc1,-1.9590023075765075
C[C@]1(N)C[C@H](C(=O)N2CCC(c3ccnn3-c3ccc(F)c(Cl)c3)CC2)[C@@H](c2ccc(F)cc2F)C1,-0.9961088337630896
O=C(O)CCC(=O)c1ccc(-c2ccccc2)cc1,-1.678194516142461
Cc1noc2c1-c1ccccc1C(c1ccc(Cl)cc1)=NC2,-1.9590023075765075
CNC(=O)c1cn(C[C@H](F)CCc2ccc(NC(=O)Cc3cc(C(F)(F)F)cc(C)n3)nn2)nn1,-1.3876400520322256
CC(=O)O[C@H]1CC[C@@]2(C)C(=CC[C@@H]3[C@@H]2CC[C@]2(C)C(c4cccnc4)=CC[C@@H]32)C1,-2.5231683714877318
C[C@H](Nc1nc(Nc2ncc(C#N)s2)cc(N2CCOCC2)n1)c1ncc(F)cn1,-0.9303929453589486
OCc1cc2nnc(O)n2c2cc(-c3ccc[nH]3)ccc12,-0.0231678412550687
OCCN1CCN(CC/C=C2\c3ccccc3Sc3ccc(C(F)(F)F)cc32)CC1,-1.2928558116575553
CCCS(=O)(=O)c1ccc(Cl)c(C#Cc2cc(Cl)ccc2OCC(=O)O)c1,-2.3982658517398923
Cc1cc(C#N)cc(C(=O)c2c(C(C)C)c(=O)[nH]c(=O)n2Cc2cc(F)nc(F)c2)c1,-1.229575131902665
O=C1CC(c2ccccc2)CC(O)=C1Sc1ccccc1Cl,-2.699187205881913
CC1(C)CCc2c(C(=O)Nc3cnn([C@H](c4ccccc4)C4CC[S+](O)CC4)c3)n[nH]c2C1,-1.2150975501133452
O=S(=O)(c1ccc2ccccc2c1)N1CCCN(Cc2c(F)cccc2Cl)CC1,-0.9961088337630896
CN1CCC(=C2c3ccccc3CCn3c(C(=O)O)cnc32)CC1,-0.4310594303837032
Cc1c(Cl)nc(NCc2ccc3c(n2)NCCC3)c(=O)n1CC(=O)N[C@@H](CC(=O)O)c1cccc(F)c1,-1.7962873593922926
C[C@H]1O[C@@H](O[C@H]2CC[C@@]3(C)[C@H](CC[C@@H]4[C@@H]3C[C@@H](O)[C@]3(C)C(C5=CC(=O)OC5)CC[C@]43O)C2)C[C@H](O)[C@@H]1O[C@H]1C[C@H](O)[C@H](O[C@H]2C[C@H](O)[C@H](O[C@@H]3O[C@H](CO)[C@@H](O)[C@H](O)[C@H]3O)[C@@H](C)O2)[C@@H](C)O1,-0.0968014529570216
CNC(=O)[C@@]12C[C@@H]1[C@@H](n1cnc3c(NC)nc(C#Cc4ccc(Br)s4)nc31)[C@H](O)[C@@H]2O,-1.557939048797789
C=CCOc1ccc(C2CC(=O)Nc3nc(N)[nH]c(=O)c32)cc1OC,-0.5161332470878949
O=C1NC2(CCCC2)C(=O)N1c1ccc(F)c(C(F)(F)F)c1,-0.5276765987245545
CC[C@@H](CO)Nc1nc(SCc2ccccc2)nc2nc(N)sc12,-1.4626028160368454
C=CCN1C[C@H](C(=O)N(CCCN(C)C)C(=O)NCC)C[C@@H]2c3cccc4[nH]cc(c34)C[C@H]21,-0.2288462953109637
CN(C)C(=O)Cn1c(-c2ccoc2)c(C2CCCCC2)c2ccc(C(=O)NS(=O)(=O)CC(=O)O)cc21,-0.004360418611657
Cc1ccc(C(=O)Nc2cccc(C(F)(F)F)c2C)cc1-c1ccc2nc(N)ncc2c1,-2.2222108125651343
CCOC(=O)[C@@H](N)Cc1ccc(-c2cc(O[C@H](c3ccc(Cl)cc3-n3ccc(C)n3)C(F)(F)F)nc(N)n2)cc1,-2.5231683714877318
COc1ccc(-c2csc(NC(=O)[C@H]3CCCCN3S(=O)(=O)c3ccc(C)cc3)n2)cc1,-2.1552743720267773
COc1ccc2ccc(=O)n(CCN[C@@H]3CC[C@@H]4[C@@H](C3)OC(=O)N4c3ccc4c(n3)NC(=O)CO4)c2n1,-0.0236257158610763
Cc1noc2c1-c1ccc(-c3ccc(=O)n(C)c3)cc1N(c1ccc(C#N)cc1)CC2C,-1.678194516142461
C=C(c1ccc(C(=O)O)cc1)c1cc2c(cc1C)C(C)(C)CCC2(C)C,-2.6058075722784744
O=C(c1c[nH]c(=O)c2ccccc12)N1CCC(N2CCC(Oc3ccc(Cl)c(Cl)c3)CC2)CC1,-1.0461871720369864
OC1=NCC2(CCNCC2)c2[nH]c(-c3ccnc(-c4ccc5c(c4)OCO5)n3)cc21,-1.5090587946432126
Nc1cc(Cc2ccn(Cc3ccc4c(c3)CCNC4)n2)c2nn[nH]c2n1,-0.3005959181846626
COc1cc(Nc2nc(N[C@@H](C)c3ncc(F)cn3)ncc2Cl)n[nH]1,-0.9130045001389422
C[C@@H](Oc1cc(-n2cnc3ccc(OC4CCN(C)CC4)cc32)sc1C(N)=O)c1ccccc1C(F)(F)F,-1.2761504398127412
CCNC(=O)Nc1nc2cc(-c3cccnc3)c(=O)n(CCC(C)C)c2s1,-1.2150975501133452
O=C(O)c1cn(Cc2ccc(-c3cccnc3)cc2)c2cccc(F)c2c1=O,-1.2522387218155722
Cc1nc(-c2cccc(C(F)(F)F)c2)sc1C(=O)O,-2.3982658517398923
Cc1nc(N)c2ncn([C@@H]3O[C@H](CN(C)C/C=C\CN)[C@@H](O)[C@H]3O)c2n1,-0.2303184789073886
Cc1cc2oc(=O)cc(-c3cccc(N)c3)c2c(C)c1-c1ccc(CN2CCOCC2)cc1,-1.854275425119336
COc1nc2[nH]c(=O)[nH]c2cc1NS(=O)(=O)c1cccc(Cl)c1Cl,-1.1491700401514695
COc1ccc2cc(CCC(C)=O)ccc2c1,-1.0069938678043024
Cc1ncc(Cl)c(N2CC[C@@H](C)N(C(=O)c3ccccc3-n3nccn3)CC2)n1,-1.2928558116575553
NCc1cc(Oc2cccc(C(=O)Nc3ccccc3)c2)nc(C(F)(F)F)c1,-1.3876400520322256
COc1cc(-c2cnc3[nH]cc(C(O)=NC(C)C)c3n2)cc(OC)c1OC,-1.9590023075765075
Clc1ccccc1CN1CCc2sccc2C1,-1.5831122980441217
c1coc(CNc2ncnc3cn[nH]c23)c1,-0.0599175282990633
N=C(O)c1ccccc1OCCCN1CCN(c2cccc3c2ccn3S(=O)(=O)c2ccccc2)CC1,-1.9590023075765075
CCC(CC)O[C@@H]1C=C(C(=O)O)C[C@H](NC(=N)N)[C@H]1N=C(C)O,-0.0390129425939373
C[C@@]1(c2cccc(NC(=O)c3ccc(Cl)cn3)c2)COCC(N)=N1,-0.3659562329619955
Cc1ccc(O)c(C(=O)N[C@H]2CC[C@@H](NC(=O)c3cc(F)cnc3Oc3ccc(F)c(F)c3)CC2)c1,-2.5689097666353824
OC(O)C(Cl)(Cl)Cl,-0.1868528554195325
C[S+](O)CCN1C(=O)C(NC(=O)c2cc3cc(Cl)sc3[nH]2)Cc2ccccc21,-0.0048427483571109
Cc1nccc(-c2ccc(-c3nc4ccncc4c(O)c3C#N)cc2)c1Cl,-2.620042170655314
C[C@@H]1CN2c3c(cc4c(C(F)(F)F)noc4c3F)CC3(C(O)=NC(=O)N=C3O)[C@H]2[C@H](C)O1,-1.9590023075765075
COc1cc(OC)c(S(=O)(=O)N2c3ccccc3CCC2C)cc1NC(=O)CCc1nn[nH]n1,-1.1828625253816742
O=C1C[C@@]2(C(=O)N1)C(=O)N(Cc1ccc(Br)cc1F)C(=O)c1cccn12,-2.031438138435855
CN[C@@H]1[C@H](O[C@H]2[C@H](O[C@@H]3[C@@H](O)[C@H](O)[C@@H](N=C(N)N)[C@H](O)[C@H]3N=C(N)N)O[C@@H](C)[C@]2(O)C=O)O[C@@H](CO)[C@H](O)[C@H]1O,-0.2835959540622216
c1ccc2c(c1)CC(N1CCN(c3cccc4c3OCCO4)CC1)C2,-1.5658496253423198
CC(=O)N1C2C=C(CN3[C@@H]4CC[C@H]3C[C@H](Nc3ccc5cc(C(F)(F)F)ccc5n3)C4)CC1CCC2,-1.7699600188420606
CC(C)NNC(=O)c1ccncc1,-0.3679762062356713
O=C(O)c1ccc([C@H]2CC[C@]3(CC2)OOC2(O3)C3CC4CC(C3)CC2C4)cc1,-1.886457720046036
Cc1c(Cl)cccc1Nc1ccccc1C(=O)O,-0.0554581099125212
Cc1ccc(NC(=O)[C@@H]2CCCN2S(=O)(=O)c2cccc3cccnc23)c(C)c1,-1.6312000765898151
CCCc1c2oc(C(=O)O)cc(=O)c2cc2c(=O)cc(C(=O)O)n(CC)c12,-0.7482589235495203
CC(C)[C@H](N)C(=O)OCC(CO)OCn1cnc2c(=O)[nH]c(N)nc21,-0.0065571559311934
CCc1c(CCN2CC(O)C2)cccc1-c1nsc(-c2ccc(CC(C)C)c(C#N)c2)n1,-2.719173597231263
NCC1(CC(=O)O)CCCCC1,-0.0132148341533588
CCCc1nc(C(C)(C)O)c(C(=O)Oc2oc(=O)oc2C)n1Cc1ccc(-c2ccccc2-c2nnn[nH]2)cc1,-1.7297323663775734
Cc1cc(Nc2cc(N3CCOCC3)nc(N[C@@H](C)c3ncc(F)cn3)n2)n[nH]1,-0.2670759205801228
C[C@@H]1CCCN1CCCOc1ccc(-c2cnn(-c3ccccn3)c(=O)c2)cc1,-0.2514708756001677
COC(=O)c1ccc2nc(Cc3nc4c(c(=O)[nH]c(=O)n4C4CC4)n3Cc3ccccc3)[nH]c2c1,-1.091944125901233
CCCN=C(O)NS(=O)(=O)c1ccc(Cl)cc1,-1.5090587946432126
CCOc1cc([C@@H](CS(C)(=O)=O)N2C(=O)c3cccc(NC(C)=O)c3C2=O)ccc1OC,-0.7900865556439192
COc1ccc2c(c1)N(CCN1CCC(NCc3cc4c(cn3)OCCO4)CC1)C(=O)CO2,-0.7474577584562779
CN1CC[C@]23c4c5ccc(O)c4O[C@H]2C(=O)CC[C@@]3(O)[C@H]1C5,-0.0505563198258444
C[C@@H]1O[C@H](NC(=O)c2ccc(Cl)cc2)[C@@H](O)[C@H](O)[C@@H]1O,-0.3462570059742641
COc1cc(O)c(S(=O)(=O)N2c3ccccc3CCC2C)cc1NC(=O)CCC(=O)O,-1.3501172632652665
CC[C@H](C)[C@@H]1C(=O)N[C@H](C2Cc3ccccc3C2)C(=O)N1[C@@H](C(=O)N1CCOCC1)c1ccc(C)nc1C,-0.5218665718994825
CC(C)c1nnc(N2CCN(c3ncc(OCc4ccncc4C#N)cn3)[C@H](C)C2)o1,-1.1430959774790113
O=c1cc(OCc2ccccc2)ccn1-c1ccc2c(cnn2CCN2CCCC2)c1,-0.768452936713113
O=C(N[C@@H]1CCCc2cc(CN3CCCCC3)ccc21)[C@H](O)[C@H](O)CS(=O)(=O)c1ccc2ccccc2c1,-1.592177565184356
Cn1cc(CNc2cc(OC[C@H]3C[C@@H]3c3ccccn3)nc3ccnn23)cn1,-1.1491700401514695
O=C(N[C@@H](c1ccccc1)c1ccc(-c2cccc(OCc3ccc(C(=O)NCCCNC[C@H](O)c4ccc(O)c5[nH]c(=O)ccc45)cc3)c2)cc1)O[C@H]1CN2CCC1CC2,-1.2928558116575553
COc1c(NC(=O)c2ccc(C)c(N3C=C(C(=O)NCC(C)(C)CN(C)C)NN3)c2)cc(C(C)(C)C)cc1NS(C)(=O)=O,-0.4676788579176694
Cc1cc(-c2cnn3ncccc23)nc(Nc2cccc(C#N)c2)n1,-1.5090587946432126
COc1cc(C(C)C)c(Oc2cnc(N)nc2N)cc1S(N)(=O)=O,-0.3161898599583725
Cc1cc(=O)n(C[C@H](N)[C@H]2CC[C@H](NCc3ccc4c(n3)NC(=O)CO4)CC2)c2cc(F)ccc12,-0.1935758040510322
Cc1c(-c2cc(Nc3ccncn3)c(=O)n(C)c2)cccc1N1CCc2c(sc3c2CCCC3)C1=O,-1.9590023075765075
Cc1cc(NC2CCc3cc(Br)ccc3C2)n2nc(C(C)(F)F)nc2n1,-1.9590023075765075
Cc1csc2nc(N3CC[C@@H](C)N(C(=O)c4ccccc4-n4nccn4)CC3)nc(N)c12,-1.7962873593922926
CNC(=O)[C@@]12C[C@@H]1[C@@H](n1cnc3c(NC)nc(C#Cc4cnccn4)nc31)[C@H](O)[C@@H]2O,-0.2129733280731292
O=C(O)c1ccc(Sc2ncc(CN3CCC(N4C(=O)N(C5CCOCC5)C[C@H]4c4cccc(Cl)c4)CC3)cn2)cc1,-1.432221038427818
Nc1ncnc2c1C(=O)N(c1ccc(-c3ccccc3)cc1)CCO2,-1.013658295786453
CC(C)c1nc2ccccc2n1-c1nc(N2CCOCC2)c2nc(OC3CN(C4CCS(=O)(=O)CC4)C3)n(C)c2n1,-0.6562368279160454
Cc1cc(Nc2nc(N[C@@H](C)c3ccc(F)cn3)c(C#N)cc2Cl)n[nH]1,-1.4345748799673852
CC(C)Oc1cc2ncc(C(N)=O)c(Nc3cccc(Cl)c3Cl)c2cc1N1CCN(C)CC1,-1.8272190678846332
CC(=O)N1CCN(c2cccc(-c3cc(F)c4c(N)ncnn34)c2)C(=O)C1(C)C,-0.636820649941314
O=C(NC[C@H]1[C@H]2C[C@@H](Oc3ccnc4ccc(F)cc34)C[C@@H]12)c1ccc(Cl)cc1,-3.0
O=C(O)c1c(O)c(Cc2ccc(Cl)cc2)nc2c3c(ccc12)CCCC3,-2.769729942588806
COc1cc2nccc(Oc3ccc(NC(=O)C4(C(=O)Nc5ccc(F)cc5)CC4)cc3)c2cc1OC,-2.5484944888486383
CC(C)C[C@H](NC(=O)[C@@H](NC(=O)c1cccc(-c2ccccc2)n1)[C@@H](C)O)B(O)O,-2.5231683714877318
CC(C)c1c(-c2cnn(C3CCC3)c2)[nH]c2c(C#N)cnn2c1=O,-2.3013775702979022
CC(=O)N1CCN(c2ccc(NC(=O)Cc3cnc(-c4ccnc(F)c4)c(C)c3)nc2)CC1,-1.2928558116575553
CN[C@@H]1CCc2[nH]c3ccc(C(N)=O)cc3c2C1,-0.1651682972801092
COc1cc2ncc(C(N)=O)c(Nc3ccc(C)cc3F)c2cc1OC,-1.889811102843363
Cc1cccc(Cl)c1CNC(=O)Nc1ccsc1-c1nc(O)c(O)c(C(=O)O)n1,-2.5231683714877318
CS(=O)(=O)c1ccc(-c2cnc(N)c(-c3ccc(C(F)(F)F)c(F)c3)c2)cc1,-1.2761504398127412
Cc1cc(C2CCN(C(=O)[C@@H]3C[C@@](C)(N)C[C@H]3c3ccc(F)cc3F)CC2)n(-c2ccc(F)c(Cl)c2)n1,-1.3569719551908734
CCCCc1ccc(NC(=O)C2CC2c2cccnc2)cc1,-2.04614370177502
COc1ccc2ncc(=O)n(CCN3CC[C@@H](NCc4ccc5c(n4)NC(=O)CO5)[C@H](OC)C3)c2c1,-0.7433538006732456
NC(=O)c1cnc(N[C@H]2CCCNC2)c2cc(-c3ccc(Cl)c(F)c3)sc12,-1.9359390475078624
COc1ccc2c(c1)[C@]13CCCC[C@@H]1[C@H](C2)N(C)CC3,-0.1050114126443626
CCNC(=O)Nc1cc(Nc2ccc(OC)cc2)c(C(=O)Nc2cccnc2)cn1,-1.5380215234713237
COc1ccc(N2CCN(C(=O)[C@@H]3CCCC[C@H]3C(=O)NC3(C#N)CC3)[C@H](C)C2)nc1OC,-0.6184156653472478
CC(C)[C@H](O/N=C(\C(=O)N[C@@H]1C(=O)N(OS(=O)(=O)O)C1(C)C)c1nsc(N)n1)c1cc(=O)c(O)cn1O,-2.4321153092162984
CCCNC(C)C(=O)Nc1c(C)csc1C(=O)OC,-0.3359044134160315
C[C@@H](NC1=CC(=O)CNC1)c1ccc(Nc2ncc3cc(-c4ccncc4)ccc3n2)cc1,-1.4345748799673852
NC12CC3CC(CC(C3)C1)C2,-0.4806052046189826
CC(CN1CCOCC1)Nc1nc2ccc(-n3cnc4cnc5cnc(-c6ccncc6)cc5c43)cc2s1,-1.678194516142461
Cc1[nH]c(=N)ccc1CN=C(O)Cn1c(C)cc2c(c1=O)NCN(CC1CC1)S2(=O)=O,-0.1247939959031097
Nc1nccc(N2CC[C@H](NC(=O)Nc3ccc(Cl)c(C(F)(F)F)c3)C2)n1,-2.2222108125651343
CC[C@@H](C(O)=N[C@H](/C=C/C(=O)OCc1ccccc1)C[C@@H]1CCN=C1O)n1cccc(NC(=O)c2cc(C)on2)c1=O,-0.0361744095587378
CC1COc2c(N3CCN(C)CC3)c(F)cc3c(=O)c(C(=O)O)cn1c23,-0.1846370149133384
CC(C)(Oc1ccc(Cl)cc1)C(=O)O,-1.678194516142461
CN(C)[C@@H]1C(O)=C(C(=O)NCN2CCCC2)C(=O)[C@@]2(O)C(O)=C3C(=O)c4c(O)cccc4[C@@](C)(O)[C@H]3C[C@@H]12,-0.3005959181846626
O=C(/C=C\n1cnc(-c2cc(C(F)(F)F)cc(C(F)(F)F)c2)n1)NNc1cnccn1,-1.2928558116575553
CN(C)[C@H]1C(O)=C(C(N)=O)C(=O)[C@]2(O)C(O)=C3C(=O)c4c(O)cccc4[C@](C)(O)[C@@H]3[C@@H](O)[C@H]12,-0.1609558352697234
Cc1nc(C(C)C)c(C(N)=O)nc1-c1ccc([C@H]2CC[C@H](CC(=O)O)CC2)cc1,-1.5658496253423198
COc1ccc(NC(=O)c2ccc(C[S+](C)O)c3ccccc23)c(C(=O)NCC2CCOCC2)n1,-1.2569169000188067
O=C(NC1Cc2ccccc2N(CCO)C1=O)c1cc2cc(Cl)sc2[nH]1,-0.0009772841788852
O=c1[nH]c(=O)n(C2CC2)c2nc(Cc3nc4ccc(F)cc4[nH]3)n(Cc3ccccc3)c12,-1.041388342235121
NC(=O)N1c2ccccc2C=Cc2ccccc21,-0.5590834909332354
O=C(O)C1N=C(c2ccccc2)c2cc(Cl)ccc2NC1=O,-1.5854444437707855
CN(C)C(C)(C)c1nc(O)c(O)c(C(=O)NCc2ccc(F)cc2)n1,-0.9435258470401549
O=C(O[C@@H]1Cc2c(O)cc(O)cc2O[C@@H]1c1cc(O)c(O)c(O)c1)c1cc(O)c(O)c(O)c1,-0.8214546854889927
CC(C)c1c(-c2cnn(C)c2)[nH]c2c(C#N)cnn2c1=O,-1.92121703980304
C[C@H]1CN(Cc2cc(Cl)ccc2OCC(=O)O)CCN1C(=O)Cc1ccc(Cl)cc1,-1.7059462187004089
OC(=N[C@H]1CCC[C@@H]1COc1ccccc1)C1CCN(c2nc3cc(Cl)ccc3o2)CC1,-1.9590023075765075
CCCCCCCN(CC)CCCC(O)c1ccc(NS(C)(=O)=O)cc1,-0.2254790927931978
COCCOc1cc2ncc(C(N)=O)c(Nc3ccc(F)cc3F)c2cc1N1CCN(C)CC1,-0.3423267210298023
C#CC[C@@H](C(O)=N[C@H](/C=C/C(=O)OC1CCCC1)C[C@@H]1CCN=C1O)n1cccc(NC(=O)c2cc(C)on2)c1=O,-0.0314843638442568
O=C(NCc1ccc(S(=O)(=O)c2ccc(N3CCOCC3)nc2)cc1)c1cnc2nccn2c1,-1.5380215234713237
CN[C@@H](C)C(=O)N[C@H]1CCC[C@H]2C[C@H]3CCN(C(=O)Oc4ccccc4)C[C@H]3N2C1=O,-0.2920127608980421
Cn1cncc1C(N)(c1ccc(Cl)cc1)c1cc2c3c(c1)c(-c1cccc(Cl)c1)cc(=O)n3CC2,-2.5231683714877318
CN(C)[C@@H]1C[C@@H](C(N)=O)N(C(=O)Nc2nc3c(s2)-c2nc(C(C)(C)C)ncc2CC3)C1,-0.9833969924067856
O=C(O)c1cc(CN2CCc3ccccc3C2c2ccncc2)c2ccccn2c1=O,-1.3876400520322256
COc1cc(-c2cnc3[nH]cc(-c4ccc5[nH]ccc5c4)c3c2)cc(OC)c1OC,-2.5231683714877318
CC(=O)S[C@@H]1CC2=CC(=O)CC[C@]2(C)[C@H]2CC[C@@]3(C)[C@@H](CC[C@]34CCC(=O)O4)[C@H]12,-1.1292645303731417
O=c1[nH]c2cc(Cl)ccc2o1,-1.4563540467667528
C[C@@](C(=O)O[C@H]1C[N+]2(CCCc3ccncc3)CCC1CC2)(c1cccs1)N1CCCCC1,-0.7451595915151431
Cc1ccc(NCc2ccc3c(n2)NCCC3)c(=O)n1CC(=O)N[C@@H](CC(=O)O)c1cccnc1,-1.051039620558696
CN[C@@H](C)C(=O)N[C@H]1CCC[C@H]2C[C@H]3CCN(S(=O)(=O)c4ccccc4)C[C@H]3N2C1=O,-0.6972362915270183
CN1CCN(c2ccc(-c3ccc4c(c3)CCNC4)cc2C(F)(F)F)CC1,-0.9551076165256404
CN(C)c1ccc(C(=O)Nc2cccc(NC(=O)COc3ccc4c(=O)ccoc4c3)c2)cc1,-2.5231683714877318
Cc1cn2c(C(=O)NCc3ccc(N4CCN(c5ccc(OC(F)(F)F)cc5)CC4)c(F)c3)c(C)nc2s1,-3.0
O=C(O)C1CCN(c2ncc(C(O)=Nc3nc(-c4cccc(C(F)(F)F)c4F)cs3)cc2Cl)CC1,-2.2222108125651343
CN(Cc1ccccc1)S(=O)(=O)c1ccc(Oc2cccc(Cl)c2C#N)cc1,-1.2928558116575553
c1ccc(-c2nnc3ccc(NC4CC4)nn23)cc1,-1.331108322330989
CC(C)(C)C#Cc1cc(N(CC(=O)N2CCOCC2)C(=O)[C@H]2CC[C@H](C)CC2)c(C(=O)O)s1,-1.0735726581304064
Fc1ccc([C@@H]2CN(CCc3ccccc3)CC[C@H]2c2cc(-c3ccc(Cl)cc3)n[nH]2)cc1,-1.5090587946432126
CC(C)(C)Oc1ccc(C(=O)Nc2ccc3sc(CO)nc3c2)cc1,-1.2844228080425482
CCC(=O)NC[C@@H]1C[C@H]1c1cccc2c1CCO2,-0.9879305103035576
N[C@H]1CN(c2ncnc(N3CCC(F)(F)C3)n2)C[C@@H]1N1CC(F)(F)CCC1=O,-0.0808329648503769
CCCN1C[C@H](CSC)C[C@@H]2c3cccc4[nH]cc(c34)C[C@H]21,-0.9961088337630896
O=C(CCCCCc1ccccn1)NC1CCC(O)CC1,-0.2430377229655552
CCc1c(CCCC(=O)O)cccc1-c1cnc(-c2ccc(OC(C)C)c(C#N)c2)nc1,-2.530465154958206
O=C(O)C1(Sc2ccnc3ccc(C(F)(F)F)cc23)CCC1,-2.699187205881913
CC[C@@H]1C[C@]1(NC(=O)[C@@H]1C[C@@H](Oc2cc(-c3csc(NC(C)C)n3)nc3c(Cl)c(OCCN4CCOCC4)ccc23)CN1C(=O)[C@@H](NC(=O)O[C@@H]1C[C@@H]2C[C@@H]2C1)C(C)(C)C)C(=O)O,-1.5690546468315976
CC1CS(=O)(=O)CCN1/N=C/c1ccc([N+](=O)[O-])o1,-0.2862716261062364
CS(=O)(=O)Nc1ccc([N+](=O)[O-])cc1Oc1ccccc1,-1.2522387218155722
Cc1ccnc(C2(C#N)CCN(Cc3cc(C(=O)O)c(=O)n4ccccc34)CC2)c1,-0.6275206667348893
Cn1cc(-c2ccncc2)c(-c2ccc(OCc3ccc4ccccc4n3)cc2)n1,-2.657814271706318
CCS(=O)(=O)c1ccc(CNc2nc3cnc(-c4c(OC)ncnc4C4CC4)nc3n([C@@H](C)C(F)(F)F)c2=O)nc1,-1.5090587946432126
Cc1c(-c2ccc(N)cc2)ccc2c3ocnc3c(=O)n(C3CC3)c12,-0.0168077732175152
CCC(C)(C)C(=O)O[C@H]1C[C@@H](C)C=C2C=C[C@H](C)[C@H](CC[C@@H]3C[C@@H](O)CC(=O)O3)[C@H]21,-1.3537269739260045
CCOC(=O)C1=C(C)N/C(=C/c2cc(C)n(-c3ccc(S(=O)(=O)C(F)(F)F)cc3)c2C)C1=O,-1.1942477451993276
C[C@H]1Cc2c(nnn2-c2ncc(F)cn2)CN1C(=O)c1ccnc(C(F)(F)F)c1F,-0.275339171994241
O=c1[nH]c2c(O)ccc([C@@H](O)CNCCSCCCNCCc3cccc(Cl)c3)c2s1,-0.8017746733776074
CN(C)C(=O)c1ccc(-c2ccc3c(c2)CCN(CCN2CCCC2)C3=O)cc1,-0.2288462953109637
CNC(=O)c1cc(Oc2ccc(NC(=O)Nc3ccc(Cl)c(C(F)(F)F)c3)c(F)c2)ccn1,-2.2222108125651343
COc1ccc2ncc(=O)n(C[C@H](N)[C@H]3CC[C@H](NCc4ncc5c(n4)NC(=O)CO5)CC3)c2c1,-0.2215593164287672
CCOc1ccc(Cc2cc([C@@H]3O[C@H](CO)[C@@H](O)[C@H](O)[C@H]3O)ccc2Cl)cc1,-1.1808839894758698
CC(=O)Nc1ccc2cnn(-c3cc(NC4CC4)n4ncc(C#N)c4n3)c2c1,-1.6972168265731098
CCCc1cc(C(=O)N[C@H](Cc2ccc(-c3cccc(C(F)(F)F)c3)nc2)C(O)=NCCN(C)C)sc1C,-1.9590023075765075
C[C@H](O)CN1C(=O)c2c3c(c(O)c(=O)n2[C@@]12CC[C@H]1C[C@H]12)C(=O)N(Cc1ccc(F)c(Cl)c1)CC3,-1.5854444437707855
Cc1nccn1-c1ccc(Sc2cccc(C3(C(N)=O)CCOCC3)c2)cc1,-1.1553302613868628
O=C(NCCN1CCC2(CC1)C(=O)NCN2c1cccc(F)c1)c1ccc(F)c(F)c1,-1.5090587946432126
O=[N+]([O-])c1c(Nc2ccc(-n3cncn3)cc2)ncnc1N1CCC(Sc2ccccn2)CC1,-2.5689097666353824
CCOC(=O)N1CCN(C(=O)[C@H](CCC(=O)O)NC(=O)c2cc(CCCO)nc(-c3ccccc3)n2)CC1,-0.8898414314939592
c1cc(-c2ccc3nc(Nc4ccc(OCCN5CCCC5)cc4)ncc3c2)ccn1,-1.5380215234713237
CN(C)CC(C)(C)COc1ccc(NC(=O)Nc2cccnc2Oc2ccccc2C(C)(C)C)cc1,-1.2928558116575553
CCN=C(O)Nc1cc(-c2nc(C(F)(F)F)cs2)c(-c2cncc(-c3nn[nH]n3)c2)cn1,-0.8512123159436876
C[C@@H]1CN(c2nnc(C(F)(F)F)o2)CCN1c1ncc(OCc2ccncc2C#N)cn1,-1.3771748708039588
COc1ccc2ncc(=O)n(C[C@H](N)[C@H]3CC[C@H](NCc4ccc5c(n4)NC(=O)CO5)CC3)c2c1,-0.1547158736520084
O=C(O[C@H]1CN2CCC1CC2)C1(c2ccccc2)CCCCCC1,-1.2928558116575553
COc1cc(Nc2nc(N[C@@H](C)c3ncc(F)cn3)nc(N3CCOCC3)c2Cl)n[nH]1,-1.100608534202453
CN1CCN(c2nc(C(=O)NCc3ccc(F)cc3)c(O)c3ncccc23)CC1,-1.6579920709826637
CC(=O)Nc1cc(Nc2cc(NC3CC3)n3ncc(C#N)c3n2)ccc1C1CC1,-1.678194516142461
COc1ccc(CCN2CCC(Nc3nc4ccccc4n3Cc3ccc(F)cc3)CC2)cc1,-1.0514790120136357
O=c1cc(-c2cccnc2)[nH]c2cc(Cc3ccccc3)ccc12,-2.215033415526233
O=C(O)c1cn(Cc2ccc(-c3ccccc3)cc2)c2ncccc2c1=O,-2.04614370177502
c1cn2cc(-c3ccc4cn[nH]c4c3)nc(Nc3ccc(N4CCOCC4)cc3)c2n1,-1.5380215234713237
N#Cc1cnn2c(N)cc(-c3cccs3)nc12,-1.3031964395998012
N->[Pt]1(<-N)OC(=O)C2(CCC2)C(=O)O1,-0.0481260169233118
Cc1[nH]c(=N)ccc1CN=C(O)Cn1c(C)cc(S(=O)(=O)NC2CCC2)c(N)c1=O,-0.259282123940715
O=C(c1cc(Cc2n[nH]c(=O)c3ccccc23)ccc1F)N1CCN(S(=O)(=O)c2ccc(I)cc2)CC1,-1.7699600188420606
CS(=O)(=O)c1ccccc1C(=O)NC[C@@H](O)CN1CCC(Oc2ccc(Cl)c(Cl)c2)CC1,-1.0549609977675471
CCCC(=O)N1CCCN(c2nc(N)c3cc(OC)c(OC)cc3n2)CC1,-1.2150975501133452
Cc1cn([C@H]2CCCN([C@@H](CC(C)(C)C)c3ccc(C(=O)O)c(Oc4cccc(Br)c4)c3)C2)c(=O)[nH]c1=O,-1.962968132250768
O=S(=O)(CCCOCCc1ccccc1)CCNCCc1ccc(O)c2nc(O)sc12,-1.2476103999255532
O=C1CCc2cc(-c3cccnc3)ccc21,-0.1077829212655617
C[C@@H]1c2ncn(-c3ccc(F)cn3)c2CCN1C(=O)c1cccc(C(F)(F)F)c1Cl,-1.2522387218155722
CC(=O)C1CC[C@H]2[C@@H]3CC[C@H]4C[C@](C)(O)CC[C@]4(C)[C@H]3CC[C@]12C,-1.9590023075765075
CN(C)CCS(=O)(=O)NC(=O)c1ccc2c(C3CCCCC3)c(-c3ccccc3)n(CC(=O)N(C)C)c2c1,-0.0083225812895226
C[C@H](O)c1nccn1Cc1cc(-c2ccc(C#CC3(N)CC3)cc2)on1,-1.1491700401514695
CCCc1cc(O)nc(S)n1,-0.7427535350926288
COc1cccc(/C=C2\SC(=O)NC2=O)c1N1CCC[C@@H](N)C1,-1.073059010122237
CC(c1cc2ccccc2s1)N(O)C(N)=O,-1.1481314376689706
Cc1ccc(-c2cc3nccnc3c(NC[C@H]3CCCNC3)n2)s1,-1.091944125901233
C[C@@H]1CN(Cc2nnc(-c3cc(-c4cccc5[nH]ccc45)cc4[nH]ncc34)o2)C[C@H](C)O1,-1.6972168265731098
CC(C)=CCC1C(=O)N(c2ccccc2)N(c2ccccc2)C1=O,-1.2928558116575553
COc1cc(-c2ncc(COc3cccc([C@@H](CC(=O)O)C4CC4)c3)nc2CC(C)C)c(F)cn1,-2.657814271706318
Cc1c(Sc2ccc(Cl)cc2)c2c(-c3cnccn3)cccc2n1CC(=O)O,-1.873297272142462
Oc1ncnc2n[nH]cc12,-0.0087650612452523
CCNC(=O)Nc1ccc(-c2nc(N3CCOCC3)c3c(n2)[C@](C)(CC(C)(C)O)OC3)cc1,-0.636820649941314
COc1cc(Cc2c[nH]c(=N)[nH]c2=N)cc(OC)c1OC,-0.2514708756001677
Cc1ccc(-c2[nH]cnc2C)cc1NC(=O)c1ccc(OCc2ccccn2)cc1,-1.1935697002611791
O=C(Nc1cc(-c2cc3c([nH]2)C2(CCNCC2)CNC3=O)ccn1)c1cccc(OC(F)(F)F)c1,-1.3669559463304506
Nc1ccncc1,-0.014621521028438
Nc1ncnc2c1c(COc1cccc(Cl)c1)nn2C1CCOCC1,-1.312896623973277
CCOC(=O)N1CCC(N2CCC[C@@H](NC(=O)c3ccccc3C)C2)CC1,-1.229575131902665
Cc1cc(C2CCN(C(=O)[C@@H]3CN(C(C)(C)C)C[C@H]3c3ccc(F)cc3F)CC2)n(-c2cc(Cl)ccc2Cl)n1,-0.9551076165256404
COCCNC(=O)c1ccc(Nc2ncc3cc(-c4ccncc4C)ccc3n2)cc1,-1.8272190678846332
C[C@@H]1C[C@H]2[C@@H]3CCC4=CC(=O)C=C[C@]4(C)[C@@]3(F)[C@@H](O)C[C@]2(C)[C@@]1(O)C(=O)CO,-0.5446291698988485
O=C(N[C@H]1CC[C@H](O)CC1)C1CCCC(CCc2ccccc2)C1,-1.6330599332427167
CCCN(CC)C(CC)C(=O)Nc1c(C)cccc1C,-1.2150975501133452
CC(C)NCC(O)c1ccc(O)c(O)c1,-0.4939281250746494
COc1ccc2cc(-c3cc(-c4cc(Cl)cc(Cl)c4)nn3[C@@H](C)c3ccc(C(=O)NCCC(=O)O)cc3)ccc2c1,-1.9590023075765075
Nc1n[nH]cc1-c1cc(C(F)(F)F)ccc1Oc1cc(F)c(S(=O)(=O)Nc2cscn2)cc1Cl,-2.356883044431443
C[C@@H](NC(=O)N1CCc2cnc(NC3CCOCC3)nc2C1)c1ccc(Cl)c(F)c1,-1.0181587503287757
Nc1ncc(-c2cnc3[nH]cc(-c4ccc5[nH]ccc5c4)c3c2)cn1,-1.6024771142816578
CCOC(=O)Cc1ccccc1Nc1c(Cl)cccc1Cl,-1.6993827801934176
N#CC1(N=C(O)[C@@H]2CCCC[C@H]2C(=O)N2CCN(c3ccc(F)cc3)CC2)CC1,-0.3005959181846626
COc1cc2c(N=c3cc(CC(O)=Nc4cccc(F)c4F)[nH][nH]3)ncnc2cc1OCCCN1CCC[C@@H]1CO,-0.8214546854889927
Nc1nc2c(ncn2CCC(CO)CO)c(=O)[nH]1,-0.0489362264200072
Cc1c(N2CCC(C3(N)CC3)C2)c(F)cc2c(CC(=O)N(C)C)cc(=O)n(C3CC3)c12,-0.2437976421817071
Cc1nc(-c2ccc(C)c(NC(=O)c3ccc(OCc4ccccn4)cc3)c2)c[nH]1,-1.4812498944689152
Cc1c(Cc2ccc(=O)n(Cc3ccc(C(C)(C)O)cc3)n2)c2cc(F)ccc2n1CC(=O)O,-1.678194516142461
CC(C)(O)C1CCN(Cc2ccc3nc(-c4c(F)ccc5[nH]ccc45)nc(N4CCOCC4)c3n2)CC1,-0.8512123159436876
CCCCn1c(C(=O)c2cc(C)cc(C#N)c2)c(C(C)C)c(=O)[nH]c1=O,-2.699187205881913
NC(=O)c1ncn([C@@H]2O[C@H](CO)[C@@H](O)[C@H]2O)n1,-0.0177106717340002
CCOc1cc2ncc(C(N)=O)c(Nc3cccc(Cl)c3Cl)c2cc1N1CCCN(C)CC1,-1.7623632805160547
O=C1CN(/N=C/c2ccc(-c3ccc([N+](=O)[O-])cc3)o2)C(O)=N1,-0.9551076165256404
CCN(C(=O)c1cnn(-c2ccccc2)c1NS(=O)(=O)c1ccc(-c2cnco2)cc1)C1CCCCC1,-1.854275425119336
Cc1c(N2CC[C@@H]([C@H](C)N)C2)c(F)cc2ccc(=O)n(C3CC3)c12,-0.9961088337630896
Cc1cnc(Nc2cc(N3CCOCC3)nc(N[C@@H](C)c3ncc(F)cn3)n2)s1,-1.127689856871128
CCOC(=O)C1=C(C)N/C(=C/c2cc(C)n(-c3ccc(C(F)(F)F)cc3)c2C)C1=O,-1.1942477451993276
CCCCc1c(OC)n(-c2ccccc2)n(-c2ccccc2)c1=O,-1.1430959774790113
CCCCC1=NC2(CCCC2)C(=O)N1Cc1ccc(-c2ccccc2-c2nn[nH]n2)cc1,-0.9961088337630896
N#Cc1cncc(Oc2cc(C(=O)Nc3ccc(F)cn3)c3ncnn3c2)c1,-0.8668924068772468
N#Cc1ccc(Oc2ccc3c(c2)COB3O)cc1,-1.5090587946432126
COc1ccc(-c2cnc3[nH]cc(C(=O)NC(C)CO)c3n2)cc1OC,-1.3876400520322256
CC1(C)CC(=O)N(c2ccc(F)c(C(F)(F)F)c2)C(=O)N1,-0.0705044408445938
CC(=O)N1CCN(c2cc(-c3cc(Cl)c4c(N)ncnn34)ccc2C#N)C(=O)C1(C)C,-0.7674358591132167
Cc1[nH]c(=N)ccc1CN=C(O)Cn1c(C)cc(S(=O)(=O)NCC2CC2)c(N)c1=O,-0.3274126816541466
C[C@H](NS(=O)(=O)c1ccc(-c2sc(-c3nnc(C(C)(C)O)o3)nc2C(=O)N2CCC(F)(F)CC2)c(Cl)c1Cl)C(F)(F)F,-1.1083343356678756
O=c1c2nc([N+](=O)[O-])cn2ccn1Cc1ccc(F)cc1,-0.7427535350926288
COc1ccc(CCNCC(O)COc2cccc(C)c2)cc1OC,-1.3876400520322256
CCc1c(CCCC(=O)O)cccc1-c1nsc(-c2ccc(OC(C)C)c(Cl)c2)n1,-2.648058823646388
CCCNC(=O)c1c(NC(=O)C23CC4CC(CC(C4)C2)C3)sc2c1CCOC2,-1.9590023075765075
O=C(O)[C@@H]1C[C@H](OCc2ccc(Cl)cc2)CN1,-0.5517266447926501
O=C(NCc1ccc(F)cc1)c1nc(N2CCCCS2(=O)=O)c2cccnc2c1O,-1.9590023075765075
COc1ccc(O[C@@H](CC(C)C)[C@H]2CCNC2)c(C)n1,-0.3659562329619955
CCC1(C)NC(=O)c2cc(S(=O)(=O)Nc3ccc(F)cc3F)cc(Cl)c2NC1=O,-1.7451378557193975
c1ccc2c(c1)CCN(c1ccncc1)C2,-0.3645478211072039
COc1cc2ccc(Br)cc2cc1[C@@H](c1cccc(C)c1)[C@@](O)(CCN(C)C)c1cccc2c1OCO2,-3.0
O=C([C@@H]1C=C2c3cccc4c3c(cn4CCO)C[C@H]2N(C(=O)Nc2ccccc2)C1)N1CCCC1,-1.091944125901233
Cc1ccc2c(N3CCN(CCc4cccc(N5CCNC5=O)c4)CC3)cccc2n1,-1.3771748708039588
CN1CCC(NC(=O)c2ccc(Oc3ccc(C#C[C@]4(O)CN5CCC4CC5)cc3)cc2)CC1,-0.3865916321639296
CCOC(=O)c1ccc2c(c1)C(=O)c1nc3ccccc3c(=O)n1-2,-1.7699600188420606
CCNC(=O)Nc1cc(Nc2cccc(C)c2)c(C(=O)Nc2cccc(C)c2)cn1,-2.699187205881913
COc1cc(N2C(=O)N(c3ccc(-c4ccc(C(=O)O)cc4C)nc3)C(=O)C23CCN(Cc2ncccc2C)CC3)ncn1,-1.854275425119336
C[C@H]1[C@H](NC(=O)/C(=N\OC(C)(C)C(=O)O)c2csc(N)n2)C(=O)N1C(=O)NS(=O)(=O)N1C[C@@H](NC(=O)NCc2cc(=O)c(O)cn2O)CC1=O,-0.5837923388097694
Cc1onc(-c2c(Cl)cccc2Cl)c1C(=O)N[C@@H]1C(=O)N2[C@@H]1SC(C)(C)[C@@H]2C(=O)O,-1.3876400520322256
CN1C(=O)N[C@H]2[C@@H]3NC(=O)c4ccc(Br)n4[C@@H]3C[C@]21O,-0.1184789699240161
CC(=O)NC[C@H]1CN(c2ccc(N3CCOCC3)c(F)c2)C(=O)O1,-0.1362017762841397
CCN1CCC[C@H]1CN=C(O)c1cn(C2CCCC2)c(=O)c2c1c1ccccc1n2C,-0.9961088337630896
Cc1nnc2sc(C(=O)NCc3ccc(-c4ccncc4)cc3)c(N)c2c1C,-1.854275425119336
Cc1ccc(=O)n(-c2ccccc2)c1,-0.3438371092253707
CCN(C)C(=O)[C@H]1C[C@@H](c2ccc(CN3CCCC3)c(F)c2)C1,-0.2437976421817071
CCNC(=O)Nc1ccc(-c2nc3c(c(N4CCOCC4)n2)CCN(c2ncccn2)C3)cc1,-1.678194516142461
CN(C)CCn1cc2c3c(cccc31)C1=C[C@@H](C(=O)N3CCCC3)CN(C(=O)Nc3ccccc3)[C@@H]1C2,-1.1491700401514695
COc1cccc2c3c([nH]c12)CCN(C(=O)[C@@H]1CCCC[C@H]1C(=O)NC1(C#N)CC1)C3,-0.7674358591132167
CC1=Nc2ccc(Cl)cc2S(=O)(=O)N1,-1.091944125901233
COc1cc2ccc(Br)cc2cc1[C@@H](c1ccccc1)[C@@](O)(CCN(C)C)c1cccc2c1CCN2C,-1.824314271737916
Cc1cc(Oc2cncc(Cl)c2)cc(C(=O)Nc2ccc(F)cn2)n1,-1.824314271737916
CNC(=O)c1cc2c(Oc3ccc(I)cc3)cncc2s1,-2.5231683714877318
CC(C)(C)CC(=O)Nc1c(F)cc(C(=O)Nc2nccs2)cc1F,-0.8214546854889927
Cc1ccc2c(c1)c(Sc1cccc(Cl)c1)c(C)n2CC(=O)O,-2.337582184023427
CN(C)CCc1c[nH]c2ccc(CS(=O)(=O)N3CCCC3)cc12,-0.2567907157604217
CCn1cc/c(=N\c2cnccn2)c2ccc(-c3cnc(N4CCCN(C)CC4)nc3)cc21,-0.2288462953109637
CCC(CC)[N+]12CCC(CC1)[C@@H](OC(=O)[C@](C)(c1ccccc1)N1CCCCC1)C2,-0.3751210306495582
Cn1c(=O)c2c(cc(N3CCC[C@@](C)(N)C3)n2Cc2cc(F)ccc2C#N)n(C)c1=O,-0.567463616735744
CC(C)NCC(O)COc1ccc(CCOCC2CC2)cc1,-0.2439269607895928
COc1cc(N2C(=O)N(Cc3c(F)cc(F)cc3F)c3ncccc3S2(=O)=O)cnc1OC,-2.0972901870301213
Fc1ccc(CN2CCN(c3ccc4nnc(C(F)(F)F)n4n3)CC2)cc1,-1.678194516142461
COCCOc1cc2oc(=O)n(CCC(=O)O)c2cc1Cl,-0.3705144569769214
CC[C@@H](C)Nc1ncc(C(=O)Nc2cc(C(=O)NC)ccc2C)s1,-0.7427535350926288
Cc1cc(-c2cc(=O)[nH]c(NCc3cccc4ccccc34)n2)ccn1,-2.4562422768361434
N#Cc1cccc(Oc2nccc(-c3cnn4ncccc34)n2)c1,-0.9961088337630896
CC(=O)N(C)CCN(C)c1nc(C(=O)NCc2ccc(F)cc2)c(O)c2ncccc12,-1.7451378557193975
Cc1ccc(S(=O)(=O)Nc2c(C(=O)NC3CCOCC3)c(C)nn2-c2ccccc2)cc1,-1.5658496253423198
C=C(C)[C@@H]1CC[C@]2(C(=O)O)CC[C@]3(C)[C@H](CC[C@@H]4[C@@]5(C)CC=C(c6cccc(N)c6)C(C)(C)[C@@H]5CC[C@]43C)[C@@H]12,-0.2992111625576949
Cc1ccc(-n2nc(C(C)(C)C)cc2NC(=O)Nc2ccc(-n3cncc3C)cc2)cc1,-2.0091640782233275
CCC(CC)NC(=O)c1nc(-c2ccc(F)c(C)c2)cnc1N,-1.6386877748976718
O=P(O)(O)C(O)(Cn1ccnc1)P(=O)(O)O,-0.2055346724858976
CCC(C)n1ncn(-c2ccc(N3CCN(c4ccc(OCC5COC(Cn6cncn6)(c6ccc(Cl)cc6Cl)O5)cc4)CC3)cc2)c1=O,-2.4587303636034457
O=C(O)c1cn(Cc2ccc(-c3cn[nH]c3)cc2F)c2ccccc2c1=O,-1.2222760159639607
CCC1(c2ccccc2)CCC(=O)NC1=O,-0.3005959181846626
CSc1nc(N2C[C@@H]3[C@H](C2)[C@H]3C(=O)O)ccc1C(=O)NC12CC3CC(CC(C3)C1)C2,-1.92121703980304
CCOC(=O)Nc1ccc(NCc2ccc(F)cc2)nc1N,-0.7427535350926288
C=CC(=O)Nc1ccc(S(=O)(=O)N2CCN(C(=O)C3CC3)CC2)cn1,-0.0177106717340002
c1cc(CN2CCCNCCNCCCNCC2)ccc1CN1CCCNCCNCCCNCC1,-0.3113201953103605
CC(C)[C@]1(C)SC(N[C@H]2C[C@@H]3CC[C@H]2C3)=NC1=O,-0.8214546854889927
O=C1CCc2cc(-c3cccnc3)ccc2C1,-0.1190492837433591
C[C@H]1CN(Cc2cc(Cl)ccc2OCC(=O)O)CCN1S(=O)(=O)c1ccccc1,-1.5471008646301512
CCN1CCN(Cc2ccc(NC(=O)N[C@H]3CCN(c4ccnc(NC)n4)C3)cc2C(F)(F)F)CC1,-0.6042334187813445
C=CC(=O)Nc1cccc(CN2C(=O)N(c3c(Cl)c(OC)cc(OC)c3Cl)Cc3cnc(NCCCCN(CC)CC)nc32)c1,-1.678194516142461
CCCC(=O)OC1N=C(c2ccccc2)c2cc(Cl)ccc2NC1=O,-1.0461871720369864
CN(C)CCc1c[nH]c2ccccc12,-0.1692041767139009
Nc1nc(N)c2nc(-c3ccccc3)c(N)nc2n1,-0.5526549520926808
CC(=O)c1c(C)c2cnc(Nc3ccc(N4CCNCC4)cn3)nc2n(C2CCCC2)c1=O,-0.5853759819524403
Cc1noc2c(Cl)c3c(cc12)CC1(C(=O)NC(=O)NC1=O)C1C(C)OC(C)CN31,-1.5090587946432126
Cc1cc(OC(F)(F)F)ccc1-c1c(Oc2ccc(/C=C/C(=O)O)cc2)c2ccccc2oc1=O,-2.553121247745479
Nc1ccccc1NC(=O)c1ccc(CNC2=NC[C@@H](c3ccccc3)O2)cc1,-0.8185880637780635
CCn1ncc(-c2nc3c(O[C@H]4CCN(C(=O)C5CCOCC5)C4)ncnc3n2C)c1C,-0.0808329648503769
COc1cccc(N2CCN(C3=Nc4c(F)cccc4[C@H](CC(=O)O)N3c3cc(C(F)(F)F)ccc3OC)CC2)c1,-1.8411380549609544
CC(C)c1c(-c2cnn(C(C)(C)C)c2)[nH]c2c(C#N)cnn2c1=O,-1.886457720046036
C[C@]12CC[C@@H]3c4ccc(O)cc4C[C@@H](CCCCCCCCCS(=O)CCCC(F)(F)C(F)(F)F)[C@H]3[C@@H]1CC[C@@H]2O,-1.9590023075765075
C[C@H]1[C@H](NC(=O)/C(=N\OC(C)(C)C(=O)O)c2csc(N)n2)C(=O)N1C(=O)NS(=O)(=O)N1C[C@@H](NCc2cc(=O)c(O)c[nH]2)CC1=O,-0.3972890550424425
Cc1cccc([C@@H](C)Oc2cc3oc(=O)n(CCC(=O)O)c3cc2Cl)n1,-1.1615791206591135
CC(C)c1cc(Oc2c(Cl)cc(-n3nc(C#N)c(O)nc3=O)cc2Cl)nnc1O,-2.1552743720267773
C[C@]1(COc2ccc(OC(F)(F)F)cc2)Cn2cc([N+](=O)[O-])nc2O1,-1.208035810570897
Cc1ccc(Nc2nccc(-c3cnn4ncccc34)n2)cn1,-1.091944125901233
CC(C)(O/N=C(\C(=O)N[C@H]1CN2CC(C(=O)NCCN3C(=O)c4cc(O)c(O)cc4C3=O)=C(C(=O)O)N2C1=O)c1nc(N)sc1Cl)C(=O)O,-1.2150975501133452
CCP(=O)(OC1CCC1)c1ccc2oc(-c3cccc(C(F)(F)F)c3)nc2c1,-3.0
N#Cc1cccc(-c2cc(C(F)(F)F)ccc2OCC(=O)O)c1,-1.8272190678846332
C=CC(=O)N1CCN(c2nc(OC[C@@H]3CCCN3C)nc3c2CCN(c2cccc4ccccc24)C3)C[C@@H]1CC#N,-1.2928558116575553
CC(=O)N1CCN(CCOc2ccc(C3CCN(C4=Nn5c(nnc5C(F)(F)F)CC4)CC3)cc2)CC1,-0.9176455486690313
Oc1ccc(-c2nc(-c3ccc(Oc4ccc(C(F)(F)F)cc4)cc3)no2)cc1,-2.699187205881913
CC[C@H]1CN2CCc3c([nH]c4ccccc34)[C@H]2C[C@@H]1C[C@@H]1NCCc2c1[nH]c1ccccc21,-1.2928558116575553
Cn1nc(-c2cnc(N)c(-c3cn[nH]c3)n2)nc1C1(c2ccccc2)CC1,-0.4082566425401595
CN(C)CC/C=C1/c2ccccc2Sc2ccc(Cl)cc21,-1.9590023075765075
O=C(O[C@H]1C[C@H]2CC[C@@H](C1)[N+]21CCCC1)C(O)(c1ccccc1)c1ccccc1,-0.4760890265535183
CC#CC(=O)Nc1cc(-c2cc3c(cn2)cc(-c2c(Cl)c(OC)cc(OC)c2Cl)c(=O)n3CC)c(OC)cc1N1C[C@H]2C[C@@H]1CO2,-2.1552743720267773
CC[C@H]1[C@@H](O)[C@@H]2[C@H]([C@@H](O)C[C@]3(C)[C@@H]([C@H](C)CCC(=O)O)CC[C@@H]23)[C@@]2(C)CC[C@@H](O)C[C@@H]12,-0.5517266447926501
C=CC(=O)N1CCC[C@@H](n2nc(-c3cn(-c4ccc(C(C)=O)cc4)nn3)c3c(N)ncnc32)C1,-1.3876400520322256
COc1cc(OC)c(S(=O)(=O)N2c3ccccc3CCC2C)cc1NC(=S)NCC(=O)O,-0.5093516950954762
CN1C[C@H](OCc2ccccc2)C[C@H]1c1nc(C(=O)NCc2ccc(F)cc2)c(O)c(=O)n1C,-1.2928558116575553
CC(C)(S)[C@H](N)C(=O)O,-0.6972362915270183
COc1ccnc(Oc2ccc3c(c2)c(=O)ncn3Cc2c(F)cc(F)cc2F)c1C(F)(F)F,-2.2222108125651343
COc1ccc(S(=O)(=O)N2C[C@H](C(=O)N3CCCNCC3)c3ccccc32)c2ccccc12,-1.8339747650486589
Cn1cnc2c(F)c(Nc3ccc(Br)cc3Cl)c(C(=O)NOCCO)cc21,-1.5793078965440954
C[C@@H]1CC[C@H]2[C@@H](C)C(=O)O[C@@H]3O[C@@]4(C)CC[C@@H]1[C@]32OO4,-0.5496759438486134
CCc1c(CCN2CC(C(=O)O)C2)cccc1-c1nsc(-c2ccc(CC(C)C)c(C#N)c2)n1,-2.094584631134781
C[C@H]1C[C@@H]2[C@H]([C@@H](O)C[C@@]3(C)[C@H]2CC[C@]3(O)C(=O)CO)[C@@]2(C)C=CC(=O)C=C12,-0.6841265109141584
Cc1c(CC2=NN(Cc3ccccc3)C(=O)CC2)c2cc(F)ccc2n1CC(=O)O,-1.678194516142461
CCOc1ccccc1OCCN[C@H](C)Cc1ccc(OC)c(S(N)(=O)=O)c1,-1.8028507151556512
N=C(NCCCOc1ccc(F)cc1)Nc1ccc(Cl)cc1,-1.174353220625973
C[C@H](O)c1nccn1Cc1cc(-c2ccc(C#CC34CC(N)(C3)C4)cc2)no1,-1.4441199353631946
CC(=O)N1CCC(Nc2ncc3cc(Oc4ccc(F)cc4F)c(=O)n(C)c3n2)CC1,-0.0145587053654315
OC1=Nc2ccc(Cl)cc2C(c2ccccc2Cl)=NC1O,-0.8214546854889927
Cc1cn([C@H]2CCCN(S(=O)(=O)c3ccc(CO)c(Oc4cccc(Cl)c4)c3)C2)c(=O)[nH]c1=O,-1.127689856871128
C[C@@H]1CN([C@@H](C)CO)S(=O)(=O)c2ccc(C#Cc3cccc(F)c3)cc2O[C@H]1CN(C)C(=O)NC1CCCCC1,-2.2222108125651343
COc1ccc2c(C)nc(NC(=N)N)nc2c1,-0.6718490220401534
CN(C)CCc1c[nH]c2ccc(C[C@H]3COC(=O)N3)cc12,-0.1247939959031097
CC(C)(C)S(=O)(=O)N[C@H]1CC[C@H](C(=O)Nc2ccc(C(F)(F)F)cn2)CC1,-1.3782101135328222
C[C@@H](Oc1cc2oc(=O)n(CCC(=O)O)c2cc1Cl)c1ncco1,-0.6424977580706832
CCOc1c2c(c(OCC)c3ccccc13)C(=O)N(c1ccc(CC(=O)O)c(F)c1)C2,-2.699187205881913
Cn1cc(-c2ccc(Cn3cc(C(=O)O)c(=O)c4sccc43)cc2)cn1,-1.174353220625973
Nc1nc(=O)c2nc(CNc3ccc(C(=O)N[C@@H](CCC(=O)O)C(=O)O)cc3)cnc2[nH]1,-0.5218665718994825
CC[C@H]1OC(=O)[C@H](C)C(=O)[C@H](C)[C@@H](O[C@@H]2O[C@H](C)C[C@H](N(C)C)[C@H]2O)[C@](C)(OC)C[C@@H](C)C(=O)[C@H](C)[C@@H]2N(CCCCn3cnc(-c4cccnc4)c3)C(=O)O[C@@]21C,-0.4245991720017303
Cc1cc(C2(c3cccc(-c4cncnc4)c3)N=C(N)c3c(F)cccc32)cn(C)c1=O,-0.7196263061248698
C=C(C)[C@@H]1CC[C@]2(NCCC3(O)COC3)CC[C@]3(C)[C@H](CC[C@@H]4[C@@]5(C)CC=C(C6=CC[C@](CF)(C(=O)O)CC6)C(C)(C)[C@@H]5CC[C@]43C)[C@@H]12,-0.9176455486690313
N#CC1(NC(=O)[C@@H]2CCCC[C@H]2C(=O)N2CCc3[nH]c4ncccc4c3C2)CC1,-0.4806052046189826
CC(C)(C)c1cc(C(C)(C)C)c(NC(=O)c2c[nH]c3ccccc3c2=O)cc1O,-1.7743245659536675
OC(c1cccnc1)(c1cccnc1)C(c1ccccc1)N1CCCC1,-0.6007590583075443
CCC(C)N(C)C(=O)c1cc2ccccc2c(-c2ccccc2Cl)n1,-1.107222199552677
O=C(Nc1c(Cl)cncc1Cl)c1ccc(OC(F)F)c(OCC2CC2)c1,-1.7671590950736558
[11CH3]NC(=O)[C@@H](Cc1ccccc1F)CN1CCC2(CC1)OCCc1cc(F)sc12,-0.9551076165256404
Cc1ccc(S(=O)(=O)Cc2nc(-c3ccc(C(=O)NCc4cccnc4)cc3)oc2C)cc1,-1.3669559463304506
N#Cc1ccccc1-c1ccc(Cn2cc(C(=O)O)c(=O)c3c(F)cccc32)cc1,-2.000391041028584
Cn1cc(-c2ccc(Cn3cc(C(=O)O)c(=O)c4c(F)cccc43)nc2)cn1,-0.6679940298667886
O=S(=O)(c1ccc(-c2ccc3nccc(Nc4ccncn4)c3c2)cc1)N1CCOCC1,-1.3472123374569849
O=C(C(=O)N1CCN(C(=O)c2ccccc2)CC1)c1c[nH]c2c(-n3cncn3)ncc(F)c12,-1.5090587946432126
COc1cc(NS(C)(=O)=O)ccc1Nc1c2ccccc2nc2ccccc12,-1.5606125095594785
CNC(=O)c1ccccc1Sc1ccc2c(/C=C/c3ccccn3)n[nH]c2c1,-2.0480779859367564
O[C@H](c1cc(C(F)(F)F)nc2c(C(F)(F)F)cccc12)[C@@H]1CCCCN1,-1.6639547447833418
CCC(=O)c1sc(-c2ccc(OC)cc2)c(C)c1-c1ccc(S(N)(=O)=O)cc1,-2.5231683714877318
C1=C(CS/C(=N\C2CCCCC2)NC2CCCCC2)N2CCN=C2S1,-0.5365400288758649
CC(C(=O)O)c1ccc(C(=O)c2ccccc2)s1,-1.678194516142461
O=C(CCCCCc1ccccc1)NC1CCC(O)CC1,-1.013658295786453
CCc1c(CCN2CCC(C(=O)O)CC2)cccc1-c1nsc(-c2ccc(OC(C)C)c(C(F)(F)F)c2)n1,-2.5454371419815147
NC(=O)c1ncc(F)c2c(C(=O)C(=O)N3CCN(C(=O)c4ccccc4)CC3)c[nH]c12,-1.3876400520322256
CCCCNC(=N)NC(=N)N,-0.045709238298873
O=C(Nc1cc(-c2ccn3ccnc3c2)ccn1)C1CC1,-0.636820649941314
COC(=O)C1CCCCN1c1ccc(CNc2nccc(C)c2NC(=O)CC#N)cc1,-0.6560402709928592
Cn1nccc1-c1cc(C(F)(F)F)ccc1[C@H]1CCOc2cc(S(=O)(=O)Nc3ncccn3)ccc21,-1.3283274043791142
Cn1c(NCCc2ccc(-c3ccc(F)cc3)cc2)nc2cc(Cl)ccc2c1=O,-2.699187205881913
CC1=C(C(=O)O)N2C(=O)[C@@H](N=C(O)[C@H](N)c3ccccc3)[C@H]2SC1,-0.0705044408445938
CN(C)CCN(C)[C@H]1COc2ccccc2-c2c(C3CCCCC3)c3ccc(C(=O)O)cc3n2C1,-1.4952709483787436
CCN1CCC[C@H]1CNC(=O)c1c(OC)ccc(Br)c1OC,-0.6007590583075443
C[C@@H]1CCCN1CCCOc1ccc(-c2ccc(=O)[nH]n2)cc1,-0.2514708756001677
O=C(CN1C2=NCCN2c2ccccc21)c1ccc(Cl)cc1,-0.4689543161183178
CC(C)[C@@H]1CNC(=O)c2cc(N3CCOC[C@H]3C)nn21,-0.0604158576515883
CCNC(=O)Nc1ccc(-c2nc(N3CCOCC3)c3c(n2)C(C)(C)OC3=O)cc1,-1.678194516142461
NC(=O)c1cnc2[nH]c(-c3ccc(OCCN4CCCCC4)cc3)nc2c1NCCCNC(=O)C1CCC1,-0.6641729554803963
CCNC(=O)Nc1nc2cc(-c3ccc(-c4nnn(C)n4)nc3)c(=O)n(C(C)C)c2s1,-1.091944125901233
Cc1nc(C(F)(F)F)ccc1C(=O)Nc1ccc(Cl)c(-c2ccccn2)c1,-1.962968132250768
NC(=O)c1cc(-c2ccnc(N)n2)[nH]c1-c1ccsc1,-0.6560402709928592
Cc1ccc(C(=O)NC2CC2)cc1-c1cc2cnn(-c3c(F)cccc3F)c2n(C)c1=O,-1.097339090700932
COc1ccc(C2CNC(=O)C2)cc1OC1CCCC1,-0.5270920858245332
O=C(CC1CCN(Cc2ccn(-c3ccc(C(F)(F)F)cc3)c2)CC1)NC(c1ccc(F)cc1)c1cccnc1,-1.491218530542762
CC(C(=O)O)c1cccc(C(=O)c2ccccc2)c1,-2.01721425194047
Cn1ncc(C(=O)N[C@@H](Cc2ccc(OC(F)(F)F)c(Cl)c2)C(=O)NC2(C#N)CC2)n1,-0.6436421396885538
Cc1ccc(-c2cc(-c3ccc(S(C)(=O)=O)cc3)cnc2N)c2cccnc12,-1.2445520293402297
CCCSc1nc(N[C@@H]2C[C@H]2c2ccc(F)c(F)c2)c2nnn([C@@H]3C[C@H](OCCO)[C@@H](O)[C@H]3O)c2n1,-1.9590023075765075
CCN(CC)C(=O)Nc1ccc(OCC(O)CNC(C)(C)C)c(C(C)=O)c1,-0.1247939959031097
COC(CO)Cn1ccc(Nc2cc(-c3ccccc3C)c(C)cc2OCCN)n1,-1.2928558116575553
COc1cc2ccc(Br)cc2cc1[C@@H](c1ccnc(OC)c1OC)[C@@](O)(CCN(C)C)c1ccc2occc2c1,-3.0
Cc1cc(C(=O)O)nc(N2CCC(COc3ccccc3C(F)(F)F)C2)n1,-2.5231683714877318
Cn1nncc1-c1cnn([C@H](Cc2ccn(C(F)F)n2)c2ccc(-c3c(-n4cc(C(F)(F)F)nn4)ccc(Cl)c3F)c[n+]2[O-])c1,-1.174353220625973
Cc1ccc(-n2nccn2)c(C(=O)N2CCCN(c3ncc4ccccc4n3)CC2)c1,-1.6024771142816578
O=C(NCC12CC3CC(CC(C3)C1)C2)c1cc(CC2CCNCC2)ccc1Cl,-1.0549609977675471
COc1cc(NCc2ccc3nc(N)nc(N)c3c2C)cc(OC)c1OC,-0.9189395797386408
COc1cc2c(Nc3ccc(F)c(Cl)c3)c(C(N)=O)cnc2cc1OCCN(C)CCO,-0.4821825423073874
CC(C)(C)NS(=O)(=O)c1cncc(-c2ccc3nc(N)nn3c2)c1,-0.4303576365691369
COc1cc2ncc(C(N)=O)c(Nc3ccc(F)cc3F)c2cc1NCCN(C)C,-0.3533441032767084
COCCOc1cnc2ccc([C@H](C)n3nnc4ccn(-c5ccc(F)c(F)c5)c(=O)c43)cc2c1,-1.3376672295602454
COc1cc(C(=O)OCCCCNC(=N)N)cc(OC)c1O,-0.2083224010586053
O=C(O)[C@@H]1C[C@H](Oc2ccc3c(c2)OCC3)CN1,-0.9551076165256404
O=C(O)Cc1ccccc1Nc1c(Cl)cccc1Cl,-2.20518025953616
O=C(O)COc1ccc([C@H]2CC[C@]3(CC2)OOC2(O3)C3CC4CC(C3)CC2C4)cc1C(=O)O,-2.000391041028584
C(#Cc1cccc(CN2CCOCC2)c1)CCN1CCCCC1,-0.259282123940715
CC(C)Cc1ccc(C(C)C(=O)O)cc1,-1.5911609181633286
CNC(=O)c1ccc(Oc2ccc(C#C[C@]3(O)CN4CCC3CC4)cc2)cc1,-0.6184156653472478
Cc1cnc(Nc2cccc(S(N)(=O)=O)c2)nc1Nc1ccc2oc(=O)[nH]c2c1,-1.3876400520322256
O=C1NC(=O)/C(=C/c2cccc(Cl)c2N2CCNCC2)S1,-1.100608534202453
CCCCC[C@H](O)/C=C/[C@@H]1[C@H]2C/C(=C/CCCC(=O)O)O[C@H]2C[C@H]1O,-0.3182885315981927
Cc1ccc2c(c1)c(-c1ccnc3cc(C(F)(F)F)ccc13)c(C)n2CC(=O)O,-2.3128162929538125
O=C(Nc1ccc(C2CCN(C(=O)[C@H]3CC[C@H](C(=O)O)CC3)CC2)cc1)c1nc(-c2ccccc2)oc1C(F)(F)F,-0.0030476900235935
CC(Nc1ccc(F)c(F)c1)c1cc(C(=O)N(C)C)cn2c(=O)cc(N3CCOCC3)nc12,-0.8512123159436876
Cc1cccc(C2(C#N)CCN(Cc3cc(C(=O)O)c(=O)n4ccccc34)CC2)c1,-1.3102295598114089
Cc1cc(Nc2cnc(C#N)c(N[C@@H](C)c3ccc(F)cn3)n2)n[nH]1,-0.8354841656383396
Cc1n[nH]c(C)c1N1CCN(c2cc(C(=O)O)ccc2F)CC1,-0.7674358591132167
CCn1c(C(F)(F)c2cc(C)cc(C#N)c2)c(C(C)C)c(=O)[nH]c1=O,-1.854275425119336
Cc1cc(OCCCS(C)(=O)=O)cc(C)c1-c1cccc(COc2ccc3c(c2)OC[C@H]3CC(=O)O)c1,-2.337582184023427
CCOc1cccc(C2CC(=O)Nc3nc(N)[nH]c(=O)c32)c1,-0.461357156540252
Nc1cc(N2CCCCC2)nc(N)[n+]1[O-],-0.0132148341533588
CC1CN2c3c(cc4c(C5CC5)noc4c3F)CC3(C(=O)NC(=O)NC3=O)C2C(C)O1,-1.2761504398127412
CCc1nn(C2CCCC2)c2c1CCn1c(-c3cccs3)nnc1-2,-1.52766342535629
O=C(Nc1ncc(Cl)s1)[C@H](CC1CCOCC1)n1ncc2c(S(=O)(=O)C3CC3)cccc21,-2.8539960661891137
O=C(C[C@@H]1C(=O)Nc2ccc(Cl)cc2N1S(=O)(=O)c1ccc2ccccc2c1)NCCc1ccc(C2=NCCN2)cc1,-1.18751446704095
Cc1cn(C2CCCN(Cc3cccc(Oc4ccccc4)c3)C2)c(=O)[nH]c1=O,-1.9176132149096263
CC1(C)CN(c2ccc(F)c(C(F)(F)F)c2)C(=O)N1,-0.6619760240032981
O[C@H]1CNCCC[C@@H]1n1c2ccc(C(F)(F)F)cc2c2cc(C(F)(F)F)ccc21,-1.1430959774790113
CNC(=O)c1cc(Oc2ccc3nc(N[C@@H]4CCCC[C@H]4O)sc3c2)ccn1,-1.4206394750654865
O=C(O)CCc1ccc(OCc2cc(Cl)ccc2-c2ccccc2)cc1,-2.5231683714877318
Cc1c(Cc2ccc(=O)n(Cc3ccc(C(O)(C(F)(F)F)C(F)(F)F)cc3)n2)c2cc(F)ccc2n1CC(=O)O,-1.678194516142461
Cc1csc(NC(=O)c2cc(F)cc(C#N)c2)n1,-1.7699600188420606
COc1ccc2ccc(=O)n(CCN3CC[C@H]4[C@H](C3)OC(=O)N4c3ccc4c(n3)NC(=O)CO4)c2n1,-0.0069978399271773
Cc1c(Cc2ccc(C(F)(F)F)nc2)c[nH]c1C(=O)NC(C)c1cnn(C)c1,-0.7674358591132167
CN1C(=O)CN=C(c2ccccc2)c2cc(Cl)ccc21,-1.3620351081508038
c1cc(-c2ccc3ncnc(Nc4cncnc4)c3c2)cc(N2CCOCC2)c1,-1.6993827801934176
Clc1ccc(CNc2ccnc(N3CCC4(CCN(CC5CCCN5)C4)CC3)n2)c(Cl)c1,-1.1615791206591135
O=C(NCc1ccc([S+](O)c2cc(F)cc(F)c2)cn1)c1cc2ccncc2o1,-0.8512123159436876
c1ccc2oc(Oc3ccc(OCCN4CCCCC4)cc3)nc2c1,-1.3876400520322256
Cc1nc2sc(C(=O)NCc3ccncc3)c(N)c2c(C)c1Cl,-1.5690546468315976
CC(C)N1Cc2cc(C(F)(F)F)ncc2C2=CN=C(NCc3c(F)ccc4c3CCO4)N3C=NC(C1=O)C23,-1.678194516142461
CCOc1ccc(-n2c([C@@H](C)N(CC3CCN(C)CC3)C(=O)Cc3ccc(F)c(C(F)(F)F)c3)nc3ncccc3c2=O)cc1,-0.886822014068687
CNC(=O)N(Cc1ccsc1)C1CCN([C@H](C)CCNC(=O)c2c(C)cc(Cl)nc2C)CC1,-0.3367326433719202
COc1ccccc1OCC(O)CN1CCN(CC(=O)Nc2c(C)cccc2C)CC1,-0.4185292051024954
C[C@](O)(c1ccc(C(=O)N(C2CC2)[C@H]2CC[C@H](CC3(C(N)=O)CC3)CC2)cc1)C(F)(F)F,-0.9176455486690313
COCCOc1cc2ncc(C(N)=O)c(Nc3cc(C)ccc3F)c2cc1N1CCN(C)CC1,-0.7850587114395241
COc1cc(Cc2cnc(N)nc2N)c2c(c1OC)OC(C1CC1)C=C2,-1.1920142026272038
COc1cc2c(Nc3cccc(Cl)c3Cl)c(C(N)=O)cnc2cc1NCCN(C)C,-1.2569169000188067
COc1ccc(-c2ccccc2N2CCN(C[C@@H](O)COc3ccc4c(c3)NC(=O)C(C)O4)CC2)cc1,-2.699187205881913
CC(C)(O)[C@H]1CC2(C[C@H](NC(=O)c3cnc4nc(C5CC5)ccc4c3)C2)C1,-0.8512123159436876
COc1ccc2nc(NC(=O)CCc3ccc(OC)c(OC)c3)sc2c1,-2.796042908318748
COC(=O)CCC(=O)OC1N=C(c2ccccc2)c2cc(Cl)ccc2NC1=O,-0.7623858957668785
Cc1ccc2c(c1)c(S(=O)(=O)c1ccc(Cl)cc1)c(C)n2CC(=O)O,-2.207972710320769
CCOc1ccc2ccccc2c1C(=O)N[C@@H]1C(=O)N2[C@@H]1SC(C)(C)[C@@H]2C(=O)O,-0.9792410724456132
O=C(NCC12CC3CC(CC(C3)C1)C2)c1cc(OCCNCCCO)ncc1Cl,-0.957068299569702
CNC(=O)Nc1ncc(SCCCOC)cc1Oc1cccnc1C,-0.4082566425401595
Cn1ncnc1[C@H]1c2n[nH]c(=O)c3cc(F)cc(c23)N[C@@H]1c1ccc(F)cc1,-0.6247690673782059
O=C(Nc1ccc(N2C(=O)CC(c3ccccc3)C2=O)c(Cl)c1)c1ccccn1,-2.920891142398573
CO[C@H]1CN(c2nc(-c3nccn3C)c(C(=O)O)s2)CC[C@H]1NC(=O)c1[nH]c(C)c(Cl)c1Cl,-1.92121703980304
CCCc1nc(C)c2c(=O)nc(-c3cc(S(=O)(=O)N4CCN(CC)CC4)ccc3OCC)[nH]n12,-1.2595904092343335
COc1ccc(-n2nc(C#N)c3c2C(=O)N(c2ccc(C4(CN5CCCC5)CC4)cc2)CC3)cc1,-0.4939281250746494
CN(C)C(=O)c1cccc(S(=O)(=O)N2CCS[C@H]2C(=O)O[C@@H](Cc2c(Cl)c[n+]([O-])cc2Cl)c2ccc(OC(F)F)c(OCC3CC3)c2)c1,-2.5089326053467245
O=C(NCc1ccc(OC(F)(F)F)cc1)C1c2ccccc2C(=O)N1CCc1ncccn1,-1.0823989246680823
COc1ccc([C@]2(O)CC[C@H](N3CC[C@@H](NC(=O)CNC(=O)c4cccc(C(F)(F)F)c4)C3)CC2)cn1,-0.4015882165204687
C[C@@H]1CCCN1CCCOc1ccc(C2=NNC(=O)[C@H]3C[C@@H]23)cc1,-0.4082566425401595
Cc1cnc2c(-c3ccc(F)cc3)cnn2c1NCc1ccccn1,-2.3013775702979022
C=C[C@]1(C)C[C@@H](OC(=O)CS[C@@H]2CC[C@@H](N)C[C@H]2O)[C@]2(C)[C@H](C)CC[C@]3(CCC(=O)[C@H]32)[C@@H](C)[C@@H]1O,-1.0414838010121148
CS(=O)(=O)Nc1ccc(OC[C@@H](O)CNCCc2ccc(Cl)c(Cl)c2)cc1,-1.678194516142461
CCC(NC(=O)c1ccc(Cl)cc1)[C@@H]1[C@@H]2C[C@@H](Oc3ccnc4ccccc34)C[C@@H]21,-2.3982658517398923
Cc1cn([C@@H]2C[C@@H](O)[C@H](CO)O2)c(=O)[nH]c1=O,-0.0145587053654315
CC(=O)NCc1ccc(-c2ccc(N3CCOc4ncnc(N)c4C3=O)cc2)c(Cl)c1,-0.8733264691734836
CCC(CC)NC(=O)c1nc(-c2cccc(C)c2)cnc1N,-1.432221038427818
CNc1nccc(-c2cc3c4c(n[nH]c4c2)Nc2ccccc2O3)n1,-1.9590023075765075
Cc1csc(N)c1C(N)=O,-0.4889508842858635
COC(=O)C1=C(C)NC(C)=C(C(=O)O[C@H]2CCN(Cc3ccccc3)C2)[C@H]1c1cccc([N+](=O)[O-])c1,-0.9176455486690313
CN[C@@H](C)C(=O)N[C@H](C(=O)N[C@H]1CCCN(CCc2ccc(Br)cc2)C1)C(C)(C)C,-1.622018421700043
CC(C)Cn1c(=O)n(C)c(=O)c2c(-c3ccncc3)n(Cc3cccc4ccccc34)nc21,-1.873297272142462
CC[C@@]1(O)C[C@H](O[C@H]2C[C@H](N(C)C)[C@H](O[C@H]3C[C@H](O)[C@H](O[C@H]4CCC(=O)[C@H](C)O4)[C@H](C)O3)[C@H](C)O2)c2c(cc3c(c2O)C(=O)c2c(O)cccc2C3=O)[C@H]1C(=O)OC,-0.2437976421817071
CN[C@@H](C)C(=O)N[C@H]1CCC[C@H]2C[C@H]3CCN(CCc4ccc(Br)cc4)C[C@H]3N2C1=O,-0.7674358591132167
CN(C)c1ccc(-c2cc3nccnc3c(NCCCCO)n2)cn1,-1.091944125901233
CC(=O)N1CCN(CCC[C@@]2(c3ccccc3)CC(c3cc(F)ccc3F)=NN2C(C)=O)CC1,-1.041388342235121
Cc1[nH]c(C(=O)N2CCCCC2)cc1Cc1ccc(C(F)(F)F)nc1,-0.9000605164383257
C=C1CCN([C@H](C)[C@](O)(Cn2cncn2)c2ccc(F)cc2F)CC1,-1.3876400520322256
CCCCOC(=O)C(C)c1ccc(CC(C)C)cc1,-0.1868528554195325
