smiles,dose,activity
Cc1cc(/C=C/C#N)cc(C)c1Nc1ccnc(Nc2ccc(C#N)cc2)n1,300.0,-0.0766523435021745
Cc1cc(/C=C/C#N)cc(C)c1Nc1ccnc(Nc2ccc(C#N)cc2)n1,150.0,-0.2487027457906874
Cc1cc(/C=C/C#N)cc(C)c1Nc1ccnc(Nc2ccc(C#N)cc2)n1,100.0,-0.3109724724406121
Cc1cc(/C=C/C#N)cc(C)c1Nc1ccnc(Nc2ccc(C#N)cc2)n1,75.0,-0.6257902747930262
Cc1cc(/C=C/C#N)cc(C)c1Nc1ccnc(Nc2ccc(C#N)cc2)n1,50.0,-0.7037109851469194
Cc1cc(/C=C/C#N)cc(C)c1Nc1ccnc(Nc2ccc(C#N)cc2)n1,25.0,-0.7539119443145511
Cc1cc(/C=C/C#N)cc(C)c1Nc1ccnc(Nc2ccc(C#N)cc2)n1,25.0,-1.0308260214552578
OCCOCCN1CCN(C2=Nc3ccccc3Sc3ccccc32)CC1,400.0,-0.3599240843494886
OCCOCCN1CCN(C2=Nc3ccccc3Sc3ccccc32)CC1,300.0,-0.4621809049267259
OCCOCCN1CCN(C2=Nc3ccccc3Sc3ccccc32)CC1,25.0,-1.135014539340206
OCCOCCN1CCN(C2=Nc3ccccc3Sc3ccccc32)CC1,50.0,-1.2592203248417808
O=C1Nc2ccc(Cl)cc2C(c2ccccc2)=NC1O,50.0,-0.2941362877160807
O=C1Nc2ccc(Cl)cc2C(c2ccccc2)=NC1O,30.0,-0.3207668397256046
O=C1Nc2ccc(Cl)cc2C(c2ccccc2)=NC1O,10.0,-0.590308352617047
O=C1Nc2ccc(Cl)cc2C(c2ccccc2)=NC1O,15.0,-0.6018118939308108
CCCS(=O)(=O)N[C@H]1C[C@@H](N(C)c2ncnc3[nH]ccc23)C1,800.0,0.5717476410202681
CCCS(=O)(=O)N[C@H]1C[C@@H](N(C)c2ncnc3[nH]ccc23)C1,400.0,0.3600250891893975
CCCS(=O)(=O)N[C@H]1C[C@@H](N(C)c2ncnc3[nH]ccc23)C1,600.0,0.3336487565147011
CCCS(=O)(=O)N[C@H]1C[C@@H](N(C)c2ncnc3[nH]ccc23)C1,200.0,-0.0142302205411363
CCCS(=O)(=O)N[C@H]1C[C@@H](N(C)c2ncnc3[nH]ccc23)C1,100.0,-0.2013579852939458
CCCS(=O)(=O)N[C@H]1C[C@@H](N(C)c2ncnc3[nH]ccc23)C1,30.0,-0.846185135655471
CCCS(=O)(=O)N[C@H]1C[C@@H](N(C)c2ncnc3[nH]ccc23)C1,10.0,-1.328179439816751
CCCS(=O)(=O)N[C@H]1C[C@@H](N(C)c2ncnc3[nH]ccc23)C1,3.0,-1.7682756166714837
N#Cc1c(N(CC(=O)O)CC(=O)O)sc(C(=O)O)c1CC(=O)O,3000.0,0.8591382972945308
N#Cc1c(N(CC(=O)O)CC(=O)O)sc(C(=O)O)c1CC(=O)O,2000.0,0.775367689765326
N#Cc1c(N(CC(=O)O)CC(=O)O)sc(C(=O)O)c1CC(=O)O,1000.0,0.469822015978163
CCOC(=O)CCC(=O)O[C@H]1[C@H](O[C@@H]2[C@@H](C)[C@H](O[C@H]3C[C@@](C)(OC)[C@@H](O)[C@H](C)O3)[C@@H](C)C(=O)O[C@H](CC)[C@@](C)(O)[C@H](O)[C@@H](C)C(=O)[C@H](C)C[C@@]2(C)O)O[C@H](C)C[C@@H]1N(C)C,800.0,0.2988530764097066
CCOC(=O)CCC(=O)O[C@H]1[C@H](O[C@@H]2[C@@H](C)[C@H](O[C@H]3C[C@@](C)(OC)[C@@H](O)[C@H](C)O3)[C@@H](C)C(=O)O[C@H](CC)[C@@](C)(O)[C@H](O)[C@@H](C)C(=O)[C@H](C)C[C@@]2(C)O)O[C@H](C)C[C@@H]1N(C)C,400.0,0.2653061733407145
CCOC(=O)CCC(=O)O[C@H]1[C@H](O[C@@H]2[C@@H](C)[C@H](O[C@H]3C[C@@](C)(OC)[C@@H](O)[C@H](C)O3)[C@@H](C)C(=O)O[C@H](CC)[C@@](C)(O)[C@H](O)[C@@H](C)C(=O)[C@H](C)C[C@@]2(C)O)O[C@H](C)C[C@@H]1N(C)C,200.0,0.0857562534323563
CC(C)(C)c1nc(-c2cccc(NS(=O)(=O)c3c(F)cccc3F)c2F)c(-c2ccnc(N)n2)s1,150.0,0.2797125608209257
CC(C)(C)c1nc(-c2cccc(NS(=O)(=O)c3c(F)cccc3F)c2F)c(-c2ccnc(N)n2)s1,95.0,0.1042024960050703
CC(C)(C)c1nc(-c2cccc(NS(=O)(=O)c3c(F)cccc3F)c2F)c(-c2ccnc(N)n2)s1,75.0,0.0780941504064107
NCC(=O)CCC(=O)O,1400.0,1.318689269947746
NCC(=O)CCC(=O)O,128.0,0.667452952889954
NCC(=O)CCC(=O)O,93.8,0.667452952889954
Cc1c(-c2ccc(O)cc2)n(Cc2ccc(OCCN3CCCCCC3)cc2)c2ccc(O)cc12,1400.0,-2.264933650315707
Cc1c(-c2ccc(O)cc2)n(Cc2ccc(OCCN3CCCCCC3)cc2)c2ccc(O)cc12,20.0,-2.4647058799572297
Cc1ccc(Sc2ccccc2N2CCNCC2)c(C)c1,75.0,-1.6716203965612624
Cc1ccc(Sc2ccccc2N2CCNCC2)c(C)c1,50.0,-1.812479279163537
Cc1ccc(Sc2ccccc2N2CCNCC2)c(C)c1,20.0,-2.095361724445197
Cc1ccc(Sc2ccccc2N2CCNCC2)c(C)c1,30.0,-2.1487416512809245
Cc1ccc(Sc2ccccc2N2CCNCC2)c(C)c1,5.0,-2.360513510731414
Cc1ccc(Sc2ccccc2N2CCNCC2)c(C)c1,10.0,-2.3912957211989263
CS(=O)(=O)CCNCc1ccc(-c2ccc3ncnc(Nc4ccc(OCc5cccc(F)c5)c(Cl)c4)c3c2)o1,1500.0,0.421768401206924
CS(=O)(=O)CCNCc1ccc(-c2ccc3ncnc(Nc4ccc(OCc5cccc(F)c5)c(Cl)c4)c3c2)o1,1250.0,0.3856062735983122
CS(=O)(=O)CCNCc1ccc(-c2ccc3ncnc(Nc4ccc(OCc5cccc(F)c5)c(Cl)c4)c3c2)o1,1200.0,0.031852631395629
CS(=O)(=O)CCNCc1ccc(-c2ccc3ncnc(Nc4ccc(OCc5cccc(F)c5)c(Cl)c4)c3c2)o1,250.0,-0.4494659134004926
CS(=O)(=O)CCNCc1ccc(-c2ccc3ncnc(Nc4ccc(OCc5cccc(F)c5)c(Cl)c4)c3c2)o1,100.0,-0.7363639314118919
CN(C)CC(c1ccc(O)cc1)C1(O)CCCCC1,750.0,0.2354148084850973
CN(C)CC(c1ccc(O)cc1)C1(O)CCCCC1,900.0,0.1909103717827598
CN(C)CC(c1ccc(O)cc1)C1(O)CCCCC1,600.0,0.0957003230223678
CN(C)CC(c1ccc(O)cc1)C1(O)CCCCC1,450.0,-0.090023938255785
CN(C)CC(c1ccc(O)cc1)C1(O)CCCCC1,300.0,-0.1962570337684153
CN(C)CC(c1ccc(O)cc1)C1(O)CCCCC1,400.0,-0.2450149621050047
CN(C)CC(c1ccc(O)cc1)C1(O)CCCCC1,225.0,-0.3654219771461119
CN(C)CC(c1ccc(O)cc1)C1(O)CCCCC1,200.0,-0.3917425208656695
CN(C)CC(c1ccc(O)cc1)C1(O)CCCCC1,100.0,-0.5521794306925486
CN(C)CC(c1ccc(O)cc1)C1(O)CCCCC1,75.0,-0.6817974903903485
CN(C)CC(c1ccc(O)cc1)C1(O)CCCCC1,150.0,-0.7554564642066002
CN(C)CC(c1ccc(O)cc1)C1(O)CCCCC1,100.0,-0.7587889063568078
CN(C)CC(c1ccc(O)cc1)C1(O)CCCCC1,50.0,-0.9404495640682804
CN(C)CC(c1ccc(O)cc1)C1(O)CCCCC1,50.0,-1.027334407733889
CN(C)CC(c1ccc(O)cc1)C1(O)CCCCC1,25.0,-1.3362990746103518
Cn1cnc2c(F)c(Nc3ccc(Br)cc3Cl)c(C(=O)NOCCO)cc21,100.0,0.1535099893008375
Cn1cnc2c(F)c(Nc3ccc(Br)cc3Cl)c(C(=O)NOCCO)cc21,75.0,-0.0308352723645319
Cn1cnc2c(F)c(Nc3ccc(Br)cc3Cl)c(C(=O)NOCCO)cc21,50.0,-0.2495588930072408
Cn1cnc2c(F)c(Nc3ccc(Br)cc3Cl)c(C(=O)NOCCO)cc21,25.0,-0.5581420090158903
C[C@H]1CN(C[C@H](Cc2ccccc2)C(=O)NCC(=O)O)CC[C@@]1(C)c1cccc(O)c1,24.0,-1.7686153737644272
C[C@H]1CN(C[C@H](Cc2ccccc2)C(=O)NCC(=O)O)CC[C@@]1(C)c1cccc(O)c1,18.0,-1.8727871816167525
C[C@H]1CN(C[C@H](Cc2ccccc2)C(=O)NCC(=O)O)CC[C@@]1(C)c1cccc(O)c1,12.0,-2.043987025483766
C[C@H]1CN(C[C@H](Cc2ccccc2)C(=O)NCC(=O)O)CC[C@@]1(C)c1cccc(O)c1,6.0,-2.3615107430453626
Nc1nc(/C(=C/CC(=O)O)C(=O)N[C@@H]2C(=O)N3C(C(=O)O)=CCS[C@H]23)cs1,800.0,1.3673559210260189
Nc1nc(/C(=C/CC(=O)O)C(=O)N[C@@H]2C(=O)N3C(C(=O)O)=CCS[C@H]23)cs1,400.0,1.2038182844972805
Nc1nc(/C(=C/CC(=O)O)C(=O)N[C@@H]2C(=O)N3C(C(=O)O)=CCS[C@H]23)cs1,630.0,1.1592233337683857
Nc1nc(/C(=C/CC(=O)O)C(=O)N[C@@H]2C(=O)N3C(C(=O)O)=CCS[C@H]23)cs1,200.0,1.033863954413374
Nc1nc(/C(=C/CC(=O)O)C(=O)N[C@@H]2C(=O)N3C(C(=O)O)=CCS[C@H]23)cs1,203.0,1.0334237554869496
Nc1nc(/C(=C/CC(=O)O)C(=O)N[C@@H]2C(=O)N3C(C(=O)O)=CCS[C@H]23)cs1,300.0,0.9311526385232932
Nc1nc(/C(=C/CC(=O)O)C(=O)N[C@@H]2C(=O)N3C(C(=O)O)=CCS[C@H]23)cs1,315.0,0.9294189257142929
COc1cc(OC)cc(N(CCNC(C)C)c2ccc3ncc(-c4cnn(C)c4)nc3c2)c1,10.0,-0.4150229844623175
COc1cc(OC)cc(N(CCNC(C)C)c2ccc3ncc(-c4cnn(C)c4)nc3c2)c1,9.0,-0.5714467779753619
COc1cc(OC)cc(N(CCNC(C)C)c2ccc3ncc(-c4cnn(C)c4)nc3c2)c1,4.0,-0.8317972531573692
CC(C)(CCCCCC(O)CCCCCC(C)(C)C(=O)O)C(=O)O,180.0,1.0645203833771448
O=C(O)c1cc(/N=N/c2ccc(S(=O)(=O)Nc3ccccn3)cc2)ccc1O,500.0,0.7909884750888159
O=C(O)c1cc(/N=N/c2ccc(S(=O)(=O)Nc3ccccn3)cc2)ccc1O,1000.0,0.7781512503836436
COc1cc(C(C)C)c(Oc2cnc(N)nc2N)cc1S(N)(=O)=O,45.0,-0.2749054789185309
C[C@H](Nc1ncnc2[nH]cnc12)c1cc2cccc(Cl)c2c(=O)n1-c1ccccc1,75.0,0.4148062795010127
C[C@H](Nc1ncnc2[nH]cnc12)c1cc2cccc(Cl)c2c(=O)n1-c1ccccc1,30.0,0.0569048513364725
C[C@H](Nc1ncnc2[nH]cnc12)c1cc2cccc(Cl)c2c(=O)n1-c1ccccc1,20.0,-0.0013048416883442
C[C@H](Nc1ncnc2[nH]cnc12)c1cc2cccc(Cl)c2c(=O)n1-c1ccccc1,25.0,-0.1334236819462924
C[C@H](Nc1ncnc2[nH]cnc12)c1cc2cccc(Cl)c2c(=O)n1-c1ccccc1,10.0,-0.2081690523251638
C[C@H](Nc1ncnc2[nH]cnc12)c1cc2cccc(Cl)c2c(=O)n1-c1ccccc1,5.0,-0.6090648928966209
C[C@H](Nc1ncnc2[nH]cnc12)c1cc2cccc(Cl)c2c(=O)n1-c1ccccc1,2.0,-1.1034737825104448
C[C@H](Nc1ncnc2[nH]cnc12)c1cc2cccc(Cl)c2c(=O)n1-c1ccccc1,1.0,-1.3625102704874892
Cc1nc(NC(=O)N2CCC[C@H]2C(N)=O)sc1-c1ccnc(C(C)(C)C(F)(F)F)c1,400.0,0.5514499979728752
Cc1nc(NC(=O)N2CCC[C@H]2C(N)=O)sc1-c1ccnc(C(C)(C)C(F)(F)F)c1,450.0,0.5502283530550941
Cc1nc(NC(=O)N2CCC[C@H]2C(N)=O)sc1-c1ccnc(C(C)(C)C(F)(F)F)c1,350.0,0.5017437296279944
Cc1nc(NC(=O)N2CCC[C@H]2C(N)=O)sc1-c1ccnc(C(C)(C)C(F)(F)F)c1,300.0,0.3672760311864027
Cc1nc(NC(=O)N2CCC[C@H]2C(N)=O)sc1-c1ccnc(C(C)(C)C(F)(F)F)c1,270.0,0.290034611362518
Cc1nc(NC(=O)N2CCC[C@H]2C(N)=O)sc1-c1ccnc(C(C)(C)C(F)(F)F)c1,180.0,0.2155053782318184
Cc1nc(NC(=O)N2CCC[C@H]2C(N)=O)sc1-c1ccnc(C(C)(C)C(F)(F)F)c1,90.0,-0.0947439512515487
Cc1nc(NC(=O)N2CCC[C@H]2C(N)=O)sc1-c1ccnc(C(C)(C)C(F)(F)F)c1,60.0,-0.390939450069913
CO[C@H]1/C=C/O[C@@]2(C)Oc3c(C)c(O)c4c(O)c(c(/C=N/N5CCN(C)CC5)c(O)c4c3C2=O)NC(=O)/C(C)=C\C=C\[C@H](C)[C@H](O)[C@@H](C)[C@@H](O)[C@@H](C)[C@H](OC(C)=O)[C@@H]1C,450.0,1.0501863496753607
CO[C@H]1/C=C/O[C@@]2(C)Oc3c(C)c(O)c4c(O)c(c(/C=N/N5CCN(C)CC5)c(O)c4c3C2=O)NC(=O)/C(C)=C\C=C\[C@H](C)[C@H](O)[C@@H](C)[C@@H](O)[C@@H](C)[C@H](OC(C)=O)[C@@H]1C,600.0,1.0447865261630036
CO[C@H]1/C=C/O[C@@]2(C)Oc3c(C)c(O)c4c(O)c(c(/C=N/N5CCN(C)CC5)c(O)c4c3C2=O)NC(=O)/C(C)=C\C=C\[C@H](C)[C@H](O)[C@@H](C)[C@@H](O)[C@@H](C)[C@H](OC(C)=O)[C@@H]1C,900.0,0.9973863843973132
CO[C@H]1/C=C/O[C@@]2(C)Oc3c(C)c(O)c4c(O)c(c(/C=N/N5CCN(C)CC5)c(O)c4c3C2=O)NC(=O)/C(C)=C\C=C\[C@H](C)[C@H](O)[C@@H](C)[C@@H](O)[C@@H](C)[C@H](OC(C)=O)[C@@H]1C,700.0,0.8380616118598415
CO[C@H]1/C=C/O[C@@]2(C)Oc3c(C)c(O)c4c(O)c(c(/C=N/N5CCN(C)CC5)c(O)c4c3C2=O)NC(=O)/C(C)=C\C=C\[C@H](C)[C@H](O)[C@@H](C)[C@@H](O)[C@@H](C)[C@H](OC(C)=O)[C@@H]1C,300.0,0.8139514521937466
C[C@]12C[C@@H]3C[C@](C)(C1)C[C@@](N)(C3)C2,40.0,-1.3177517474109417
C[C@]12C[C@@H]3C[C@](C)(C1)C[C@@](N)(C3)C2,28.0,-1.5142974974375465
C[C@]12C[C@@H]3C[C@](C)(C1)C[C@@](N)(C3)C2,20.0,-1.599590394252607
C[C@]12C[C@@H]3C[C@](C)(C1)C[C@@](N)(C3)C2,10.0,-1.843458846014281
C[C@]12C[C@@H]3C[C@](C)(C1)C[C@@](N)(C3)C2,5.0,-2.154901959985743
C[C@]12C[C@@H]3C[C@](C)(C1)C[C@@](N)(C3)C2,3.0,-2.2630062556188237
COc1cc([C@@H]2c3cc4c(cc3[C@@H](O[C@@H]3O[C@@H]5CO[C@@H](C)O[C@H]5[C@H](O)[C@H]3O)[C@H]3COC(=O)[C@H]23)OCO4)cc(OC)c1O,50.0,0.4950954734526976
Cc1ccnc2c1NC(=O)c1cccnc1N2C1CC1,400.0,0.6004585043985511
Cc1ccnc2c1NC(=O)c1cccnc1N2C1CC1,200.0,0.5558791834525525
Cc1ccnc2c1NC(=O)c1cccnc1N2C1CC1,300.0,0.5351416633976838
Cc1ccnc2c1NC(=O)c1cccnc1N2C1CC1,100.0,0.082336487091058
Cc1ccnc2c1NC(=O)c1cccnc1N2C1CC1,50.0,0.0093092241347713
Cc1ccnc2c1NC(=O)c1cccnc1N2C1CC1,12.5,-0.5606673061697375
CC(C)(Oc1ccc(CCNC(=O)c2ccc(Cl)cc2)cc1)C(=O)O,300.0,1.0620175988571123
CCN(CC)CCNC(=O)c1ccc(N)cc1,4500.0,0.4000854921404084
CCN(CC)CCNC(=O)c1ccc(N)cc1,2500.0,0.3564656684754006
CCN(CC)CCNC(=O)c1ccc(N)cc1,1000.0,0.3310574711922533
CCN(CC)CCNC(=O)c1ccc(N)cc1,750.0,0.1460815016336658
CCN(CC)CCNC(=O)c1ccc(N)cc1,500.0,0.0735125510053807
CCN(CC)CCNC(=O)c1ccc(N)cc1,250.0,-0.1671428623798219
COc1ccsc1CNCC[C@@]1(c2ccccn2)CCOC2(CCCC2)C1,0.1,-4.644931793651149
CCN(CC)C(=O)N1CCN(C)CC1,150.0,-0.2452695309762464
CN(C)[C@@H]1C(O)=C(C(N)=O)C(=O)[C@@]2(O)C(O)=C3C(=O)c4c(O)c(NC(=O)CN5CCCC5)cc(F)c4C[C@H]3C[C@@H]12,100.0,-0.7958813419442653
c1ccc(C2(c3ccccc3)CC2C2=NCCN2)cc1,160.0,-0.2788491562503158
c1ccc(C2(c3ccccc3)CC2C2=NCCN2)cc1,80.0,-0.5121548798885645
CC[C@@H]1/C=C(\C)C[C@H](C)C[C@H](OC)[C@H]2O[C@@](O)(C(=O)C(=O)N3CCCC[C@H]3C(=O)O[C@H](/C(C)=C/[C@@H]3CC[C@H](Cl)[C@H](OC)C3)[C@H](C)[C@@H](O)CC1=O)[C@H](C)C[C@@H]2OC,15.0,-1.3851027839668657
CC[C@@H]1CN(C(=O)NCC(F)(F)F)C[C@@H]1c1cnc2cnc3[nH]ccc3n12,45.0,-0.947787164230252
CC[C@@H]1CN(C(=O)NCC(F)(F)F)C[C@@H]1c1cnc2cnc3[nH]ccc3n12,24.0,-0.9882322587147182
CC[C@@H]1CN(C(=O)NCC(F)(F)F)C[C@@H]1c1cnc2cnc3[nH]ccc3n12,12.0,-1.166077674912573
CC[C@@H]1CN(C(=O)NCC(F)(F)F)C[C@@H]1c1cnc2cnc3[nH]ccc3n12,15.0,-1.2767007318494272
CC[C@@H]1CN(C(=O)NCC(F)(F)F)C[C@@H]1c1cnc2cnc3[nH]ccc3n12,10.0,-1.4881166390211256
CC[C@@H]1CN(C(=O)NCC(F)(F)F)C[C@@H]1c1cnc2cnc3[nH]ccc3n12,6.0,-1.488785298863612
CC[C@@H]1CN(C(=O)NCC(F)(F)F)C[C@@H]1c1cnc2cnc3[nH]ccc3n12,3.0,-1.5957365979490907
CCn1c(=O)c(-c2cc(NC(=O)Nc3ccccc3)c(F)cc2Br)cc2cnc(NC)cc21,250.0,-0.0431115453499228
CCn1c(=O)c(-c2cc(NC(=O)Nc3ccccc3)c(F)cc2Br)cc2cnc(NC)cc21,150.0,-0.2404076913540251
CCn1c(=O)c(-c2cc(NC(=O)Nc3ccccc3)c(F)cc2Br)cc2cnc(NC)cc21,100.0,-0.3423068843992023
CCn1c(=O)c(-c2cc(NC(=O)Nc3ccccc3)c(F)cc2Br)cc2cnc(NC)cc21,50.0,-0.5366047697870954
CCn1c(=O)c(-c2cc(NC(=O)Nc3ccccc3)c(F)cc2Br)cc2cnc(NC)cc21,30.0,-0.971022294791222
CCOC(=O)[C@H](CCc1ccccc1)N[C@H]1CS[C@H](c2cccs2)CN(CC(=O)O)C1=O,20.0,-0.3032069149182557
CCOC(=O)[C@H](CCc1ccccc1)N[C@H]1CS[C@H](c2cccs2)CN(CC(=O)O)C1=O,10.0,-0.4742751149657911
CCOC(=O)[C@H](CCc1ccccc1)N[C@H]1CS[C@H](c2cccs2)CN(CC(=O)O)C1=O,2.0,-1.0362121726544449
CC(C)c1nc(N(C)c2ncnn2C)nc(-c2ccc(F)cc2)c1/C=C/[C@@H](O)C[C@@H](O)CC(=O)O,10.0,-2.319888263005862
COc1c2occc2cc2ccc(=O)oc12,38.5,-0.619788758288394
COc1c2occc2cc2ccc(=O)oc12,45.0,-0.6497519816658371
COc1c2occc2cc2ccc(=O)oc12,10.0,-0.6500290435456666
COc1c2occc2cc2ccc(=O)oc12,42.0,-0.7666865388579536
COc1c2occc2cc2ccc(=O)oc12,40.0,-0.8326826652518239
CC(C)NCC(O)COc1ccc(COCCOC(C)C)cc1,100.0,-0.3615107430453627
CC(C)NCC(O)COc1ccc(COCCOC(C)C)cc1,80.0,-0.4959371173213082
CC(C)NCC(O)COc1ccc(COCCOC(C)C)cc1,60.0,-0.654953175351645
CC(C)NCC(O)COc1ccc(COCCOC(C)C)cc1,40.0,-0.9642438473078624
CC(C)NCC(O)COc1ccc(COCCOC(C)C)cc1,20.0,-1.3279626862340494
CC(C)NCC(O)COc1ccc(COCCOC(C)C)cc1,10.0,-1.4184795860573551
CC(C)NCC(O)COc1ccc(COCCOC(C)C)cc1,5.0,-1.912298709267909
CC(C)NCC(O)COc1ccc(COCCOC(C)C)cc1,2.5,-2.0222763947111524
CCCCC(=O)N(Cc1ccc(-c2ccccc2-c2nnn[nH]2)cc1)[C@H](C(=O)O)C(C)C,640.0,0.9010221732480792
CCCCC(=O)N(Cc1ccc(-c2ccccc2-c2nnn[nH]2)cc1)[C@H](C(=O)O)C(C)C,320.0,0.8664641328386262
CCCCC(=O)N(Cc1ccc(-c2ccccc2-c2nnn[nH]2)cc1)[C@H](C(=O)O)C(C)C,160.0,0.727204688035876
CCCCC(=O)N(Cc1ccc(-c2ccccc2-c2nnn[nH]2)cc1)[C@H](C(=O)O)C(C)C,63.0,0.7110898401405322
CCCCC(=O)N(Cc1ccc(-c2ccccc2-c2nnn[nH]2)cc1)[C@H](C(=O)O)C(C)C,40.7,0.6828667956623246
CCCCC(=O)N(Cc1ccc(-c2ccccc2-c2nnn[nH]2)cc1)[C@H](C(=O)O)C(C)C,140.0,0.6815125866389622
CCCCC(=O)N(Cc1ccc(-c2ccccc2-c2nnn[nH]2)cc1)[C@H](C(=O)O)C(C)C,101.5,0.6133343202326874
CCCCC(=O)N(Cc1ccc(-c2ccccc2-c2nnn[nH]2)cc1)[C@H](C(=O)O)C(C)C,40.0,0.0503658338643491
CCCCC(=O)N(Cc1ccc(-c2ccccc2-c2nnn[nH]2)cc1)[C@H](C(=O)O)C(C)C,20.0,-0.1649438982798837
CCCCC(=O)N(Cc1ccc(-c2ccccc2-c2nnn[nH]2)cc1)[C@H](C(=O)O)C(C)C,10.0,-0.5528419686577808
C[C@H]1[C@H](N2CCS(=O)(=O)CC2)O[C@@H]2O[C@]3(C)C[C@H](O)[C@H]4[C@H](C)CC[C@@H]1[C@@]24OO3,80.0,-1.0578278494130096
C[C@H]1[C@H](N2CCS(=O)(=O)CC2)O[C@@H]2O[C@]3(C)C[C@H](O)[C@H]4[C@H](C)CC[C@@H]1[C@@]24OO3,40.0,-1.414544694130221
Nc1cc(-c2ccncc2)c[nH]c1=O,225.0,0.4031205211758178
Nc1cc(-c2ccncc2)c[nH]c1=O,150.0,0.2405492482825997
Nc1cc(-c2ccncc2)c[nH]c1=O,75.0,0.0128372247051722
CCOc1ccc2c(c1)[C@]1(CC[C@H](OCCN3CCOCC3)CC1)C(=O)N2Sc1ccc(C(=O)NC(C)(C)C)cc1OC,50.0,-1.853871964321762
CCOc1ccc2c(c1)[C@]1(CC[C@H](OCCN3CCOCC3)CC1)C(=O)N2Sc1ccc(C(=O)NC(C)(C)C)cc1OC,25.0,-2.1450869776921446
N[C@@H](C(=O)N[C@@H]1C(=O)N2C(C(=O)O)=C(Cl)CS[C@H]12)c1ccccc1,1000.0,1.358569316772763
N[C@@H](C(=O)N[C@@H]1C(=O)N2C(C(=O)O)=C(Cl)CS[C@H]12)c1ccccc1,375.0,1.0707986013351638
N[C@@H](C(=O)N[C@@H]1C(=O)N2C(C(=O)O)=C(Cl)CS[C@H]12)c1ccccc1,750.0,1.0537952701902105
N[C@@H](C(=O)N[C@@H]1C(=O)N2C(C(=O)O)=C(Cl)CS[C@H]12)c1ccccc1,500.0,1.0213916586672862
N[C@@H](C(=O)N[C@@H]1C(=O)N2C(C(=O)O)=C(Cl)CS[C@H]12)c1ccccc1,250.0,0.8599099193190791
N[C@@H](C(=O)N[C@@H]1C(=O)N2C(C(=O)O)=C(Cl)CS[C@H]12)c1ccccc1,187.0,0.2304489213782739
O=C1OC(OC(=O)c2cccnc2Nc2cccc(C(F)(F)F)c2)c2ccccc21,740.0,-0.1212867588347264
O=C1OC(OC(=O)c2cccnc2Nc2cccc(C(F)(F)F)c2)c2ccccc21,370.0,-1.1639925408744685
CCCN[C@H]1CCc2nc(N)sc2C1,4.5,-2.31069114087638
CCCN[C@H]1CCc2nc(N)sc2C1,1.5,-2.3726341434072675
CCCN[C@H]1CCc2nc(N)sc2C1,2.1,-2.38705728411301
CCCN[C@H]1CCc2nc(N)sc2C1,1.0,-2.388276691992658
CCCN[C@H]1CCc2nc(N)sc2C1,3.0,-2.574302786637409
C=C1CC[C@H](O)C/C1=C/C=C1\CCC[C@]2(C)[C@@H]([C@H](C)CCCC(C)(C)O)CC[C@@H]12,0.06,-1.2218487496163564
C=C1CC[C@H](O)C/C1=C/C=C1\CCC[C@]2(C)[C@@H]([C@H](C)CCCC(C)(C)O)CC[C@@H]12,0.9,-1.4452686233240335
C=C1CC[C@H](O)C/C1=C/C=C1\CCC[C@]2(C)[C@@H]([C@H](C)CCCC(C)(C)O)CC[C@@H]12,0.03,-1.5528419686577808
C=C1CC[C@H](O)C/C1=C/C=C1\CCC[C@]2(C)[C@@H]([C@H](C)CCCC(C)(C)O)CC[C@@H]12,0.45,-1.9500071430798571
CC(C)c1nc(N(C)S(C)(=O)=O)nc(-c2ccc(F)cc2)c1/C=C/[C@@H](O)C[C@@H](O)CC(=O)O,80.0,-1.2823169389639666
CC(C)c1nc(N(C)S(C)(=O)=O)nc(-c2ccc(F)cc2)c1/C=C/[C@@H](O)C[C@@H](O)CC(=O)O,40.0,-1.5515807817021368
CC(C)c1nc(N(C)S(C)(=O)=O)nc(-c2ccc(F)cc2)c1/C=C/[C@@H](O)C[C@@H](O)CC(=O)O,25.0,-1.7901872175458735
CC(C)c1nc(N(C)S(C)(=O)=O)nc(-c2ccc(F)cc2)c1/C=C/[C@@H](O)C[C@@H](O)CC(=O)O,15.0,-1.7958800173440752
CC(C)c1nc(N(C)S(C)(=O)=O)nc(-c2ccc(F)cc2)c1/C=C/[C@@H](O)C[C@@H](O)CC(=O)O,20.0,-1.9153948968918024
CC(C)c1nc(N(C)S(C)(=O)=O)nc(-c2ccc(F)cc2)c1/C=C/[C@@H](O)C[C@@H](O)CC(=O)O,10.0,-2.161408870062158
CC(C)c1nc(N(C)S(C)(=O)=O)nc(-c2ccc(F)cc2)c1/C=C/[C@@H](O)C[C@@H](O)CC(=O)O,5.0,-2.582251597974421
CN(C/C=C/c1ccccc1)Cc1cccc2ccccc12,600.0,-0.7644715530924511
CCCCCc1cc(O)c2c(c1)OC(C)(C)[C@@H]1CCC(C)=C[C@@H]21,10.0,-2.1034737825104446
CCCCCc1cc(O)c2c(c1)OC(C)(C)[C@@H]1CCC(C)=C[C@@H]21,5.0,-2.56383735295926
CCCCCc1cc(O)c2c(c1)OC(C)(C)[C@@H]1CCC(C)=C[C@@H]21,4.25,-2.700633724733659
CCCCCc1cc(O)c2c(c1)OC(C)(C)[C@@H]1CCC(C)=C[C@@H]21,2.5,-2.87942606879415
CCCCCc1cc(O)c2c(c1)OC(C)(C)[C@@H]1CCC(C)=C[C@@H]21,1.5,-2.954677021213382
CCCCCc1cc(O)c2c(c1)OC(C)(C)[C@@H]1CCC(C)=C[C@@H]21,0.75,-3.3142582613978258
CCCC1C(=O)N2C(N(C)C)=Nc3ccc(C)cc3N2C1=O,600.0,1.6762362167633116
Cc1ccc(C(=O)c2ccc(CC(=O)O)n2C)cc1,600.0,1.77342072329061
Cc1ccc(C(=O)c2ccc(CC(=O)O)n2C)cc1,200.0,0.4590907896005864
N=C(N)NC(=O)c1nc(Cl)c(N)nc1N,10.0,-1.7753374711589702
CC(C(=O)O)c1cccc(C(=O)c2ccccc2)c1,200.0,1.0791812460476249
CC(C(=O)O)c1cccc(C(=O)c2ccccc2)c1,100.0,1.0043213737826426
CC(C(=O)O)c1cccc(C(=O)c2ccccc2)c1,75.0,0.6621804868263574
CC(C(=O)O)c1cccc(C(=O)c2ccccc2)c1,50.0,0.6139794883440272
CC(C(=O)O)c1cccc(C(=O)c2ccccc2)c1,35.0,0.4842998393467858
CC(C(=O)O)c1cccc(C(=O)c2ccccc2)c1,12.5,0.4386639579451723
CC(C(=O)O)c1cccc(C(=O)c2ccccc2)c1,25.0,0.2779887695957362
CC(C(=O)O)c1cccc(C(=O)c2ccccc2)c1,6.25,-0.157670084076257
CC(C(=O)O)c1cccc(C(=O)c2ccccc2)c1,9.375,-0.1952065506265944
CC(C(=O)O)c1cccc(C(=O)c2ccccc2)c1,3.125,-0.5682503677730666
CC1=C(C(=O)O)N2C(=O)[C@@H](NC(=O)[C@H](N)C3=CCC=CC3)[C@H]2SC1,1000.0,1.4969296480732148
CC1=C(C(=O)O)N2C(=O)[C@@H](NC(=O)[C@H](N)C3=CCC=CC3)[C@H]2SC1,500.0,1.3252076894829192
CCC(=O)N(c1ccccc1)C1(COC)CCN(CCn2nnn(CC)c2=O)CC1,5.25,-1.3010299956639813
CCC(=O)N(c1ccccc1)C1(COC)CCN(CCn2nnn(CC)c2=O)CC1,2.8,-1.3207373286065014
CCC(=O)N(c1ccccc1)C1(COC)CCN(CCn2nnn(CC)c2=O)CC1,4.2,-1.337242168318426
CCC(=O)N(c1ccccc1)C1(COC)CCN(CCn2nnn(CC)c2=O)CC1,1.61,-1.367289696167046
CCC(=O)N(c1ccccc1)C1(COC)CCN(CCn2nnn(CC)c2=O)CC1,3.01,-1.4240428112362435
CCC(=O)N(c1ccccc1)C1(COC)CCN(CCn2nnn(CC)c2=O)CC1,2.1,-1.6382721639824072
CCC(=O)N(c1ccccc1)C1(COC)CCN(CCn2nnn(CC)c2=O)CC1,0.301,-1.869666231504994
CN[C@@H](C)[C@@H](O)c1ccccc1,240.0,-0.3938336853923795
CN[C@@H](C)[C@@H](O)c1ccccc1,120.0,-0.4781279794093131
CN[C@@H](C)[C@@H](O)c1ccccc1,90.0,-0.5112660160609137
CN[C@@H](C)[C@@H](O)c1ccccc1,60.0,-0.649635668363735
CN[C@@H](C)[C@@H](O)c1ccccc1,30.0,-0.9006129002888148
CN[C@@H](C)[C@@H](O)c1ccccc1,5.3,-1.6179829574251317
Nc1nc(=O)c2nc(CNc3ccc(C(=O)N[C@@H](CCC(=O)O)C(=O)O)cc3)cnc2[nH]1,5.0,-0.3828947694976219
Nc1nc(=O)c2nc(CNc3ccc(C(=O)N[C@@H](CCC(=O)O)C(=O)O)cc3)cnc2[nH]1,0.4,-1.7258421507363224
CCC[C@H](N[C@H]1CCc2cc(F)cc(F)c2C1)C(=O)Nc1cn(C(C)(C)CNCC(C)(C)C)cn1,150.0,-0.2518119729937995
COc1cc2c(cc1Cc1cccc(Cl)c1F)c(=O)c(C(=O)O)cn2[C@H](CO)C(C)C,300.0,0.456366033129043
COc1cc2c(cc1Cc1cccc(Cl)c1F)c(=O)c(C(=O)O)cn2[C@H](CO)C(C)C,200.0,0.3017243115303357
COc1cc2c(cc1Cc1cccc(Cl)c1F)c(=O)c(C(=O)O)cn2[C@H](CO)C(C)C,150.0,0.250855579735912
COc1cc2c(cc1Cc1cccc(Cl)c1F)c(=O)c(C(=O)O)cn2[C@H](CO)C(C)C,137.5,0.1817007044159617
COc1cc2c(cc1Cc1cccc(Cl)c1F)c(=O)c(C(=O)O)cn2[C@H](CO)C(C)C,85.0,0.177055287158298
COc1cc2c(cc1Cc1cccc(Cl)c1F)c(=O)c(C(=O)O)cn2[C@H](CO)C(C)C,117.5,0.1440550270553726
COc1cc2c(cc1Cc1cccc(Cl)c1F)c(=O)c(C(=O)O)cn2[C@H](CO)C(C)C,50.0,-0.0230847819549649
Fc1ccc([C@@H]2CCNC[C@H]2COc2ccc3c(c2)OCO3)cc1,40.0,-1.6126101736612706
Fc1ccc([C@@H]2CCNC[C@H]2COc2ccc3c(c2)OCO3)cc1,40.0,-1.6781324193692138
Fc1ccc([C@@H]2CCNC[C@H]2COc2ccc3c(c2)OCO3)cc1,30.0,-1.8860566476931635
Fc1ccc([C@@H]2CCNC[C@H]2COc2ccc3c(c2)OCO3)cc1,50.0,-1.9030899869919435
Fc1ccc([C@@H]2CCNC[C@H]2COc2ccc3c(c2)OCO3)cc1,32.75,-2.0457574905606752
Fc1ccc([C@@H]2CCNC[C@H]2COc2ccc3c(c2)OCO3)cc1,37.5,-2.04575749056068
Fc1ccc([C@@H]2CCNC[C@H]2COc2ccc3c(c2)OCO3)cc1,20.0,-2.2350770153501114
Fc1ccc([C@@H]2CCNC[C@H]2COc2ccc3c(c2)OCO3)cc1,20.0,-2.324832910336609
Fc1ccc([C@@H]2CCNC[C@H]2COc2ccc3c(c2)OCO3)cc1,25.0,-2.3492524919169453
Fc1ccc([C@@H]2CCNC[C@H]2COc2ccc3c(c2)OCO3)cc1,7.5,-2.557520230935552
Fc1ccc([C@@H]2CCNC[C@H]2COc2ccc3c(c2)OCO3)cc1,12.5,-2.6989700043360187
C[N+](C)(C)CCO,1500.0,2.4463818122224423
NC1(C(=O)N[C@@H](CCO)c2ccc(Cl)cc2)CCN(c2ncnc3[nH]ccc23)CC1,640.0,0.4347285417797577
NC1(C(=O)N[C@@H](CCO)c2ccc(Cl)cc2)CCN(c2ncnc3[nH]ccc23)CC1,480.0,0.2375437381428744
NC1(C(=O)N[C@@H](CCO)c2ccc(Cl)cc2)CCN(c2ncnc3[nH]ccc23)CC1,400.0,0.0874264570362855
NC1(C(=O)N[C@@H](CCO)c2ccc(Cl)cc2)CCN(c2ncnc3[nH]ccc23)CC1,320.0,-0.0078000702044149
NC1(C(=O)N[C@@H](CCO)c2ccc(Cl)cc2)CCN(c2ncnc3[nH]ccc23)CC1,240.0,-0.1763301867318636
NC1(C(=O)N[C@@H](CCO)c2ccc(Cl)cc2)CCN(c2ncnc3[nH]ccc23)CC1,80.0,-0.7637147225519715
CC(C)n1c(=O)cc(N[C@@H](C)c2ccccc2)[nH]c1=O,48.0,-0.0888423912600233
CC(C)n1c(=O)cc(N[C@@H](C)c2ccccc2)[nH]c1=O,24.0,-0.3080348972326396
CC(C)n1c(=O)cc(N[C@@H](C)c2ccccc2)[nH]c1=O,25.0,-0.3557887303394468
CC(C)n1c(=O)cc(N[C@@H](C)c2ccccc2)[nH]c1=O,15.0,-0.4312749099166989
CC(C)n1c(=O)cc(N[C@@H](C)c2ccccc2)[nH]c1=O,12.0,-0.6903698325741012
CC(C)n1c(=O)cc(N[C@@H](C)c2ccccc2)[nH]c1=O,5.0,-0.8507808873446201
CC(C)n1c(=O)cc(N[C@@H](C)c2ccccc2)[nH]c1=O,2.0,-1.207608310501746
CC(C)n1c(=O)cc(N[C@@H](C)c2ccccc2)[nH]c1=O,3.0,-1.2765443279648143
CC(C)n1c(=O)cc(N[C@@H](C)c2ccccc2)[nH]c1=O,1.0,-1.2798406965940432
CN1CCC[C@@H]1CCO[C@](C)(c1ccccc1)c1ccc(Cl)cc1,0.5,-2.9318141382538383
CN1CCC[C@@H]1CCO[C@](C)(c1ccccc1)c1ccc(Cl)cc1,2.0,-3.0299632233774587
CN1CCC[C@@H]1CCO[C@](C)(c1ccccc1)c1ccc(Cl)cc1,1.0,-3.0587370906810505
CN(C)CCCN1c2ccccc2CCc2ccc(Cl)cc21,150.0,-0.6615435063953952
CN(C)CCCN1c2ccccc2CCc2ccc(Cl)cc21,50.0,-1.036212172654445
CN(C)CCCN1c2ccccc2CCc2ccc(Cl)cc21,25.0,-1.8974162382262876
CNCCCC12CCC(c3ccccc31)c1ccccc12,50.0,-0.8601209135987634
CCC(=O)O[C@@H](O[P@](=O)(CCCCc1ccccc1)CC(=O)N1C[C@H](C2CCCCC2)C[C@H]1C(=O)O)C(C)C,10.0,-0.9999969829667144
O=C(O)[C@H](O)[C@@H](O)C(=O)O,1050.0,0.6020599913279624
O=C(O)[C@H](O)[C@@H](O)C(=O)O,769.0,0.5550944485783191
O=C(O)[C@H](O)[C@@H](O)C(=O)O,600.0,0.349091620966267
O=C(O)[C@H](O)[C@@H](O)C(=O)O,121.9,0.1003705451175629
COCC1=C(C(=O)OC(C)OC(=O)OC(C)C)N2C(=O)[C@@H](NC(=O)/C(=N/OC)c3csc(N)n3)[C@H]2SC1,800.0,0.8202014594856403
COCC1=C(C(=O)OC(C)OC(=O)OC(C)C)N2C(=O)[C@@H](NC(=O)/C(=N/OC)c3csc(N)n3)[C@H]2SC1,600.0,0.725094521081469
COCC1=C(C(=O)OC(C)OC(=O)OC(C)C)N2C(=O)[C@@H](NC(=O)/C(=N/OC)c3csc(N)n3)[C@H]2SC1,400.0,0.534751138748573
COCC1=C(C(=O)OC(C)OC(=O)OC(C)C)N2C(=O)[C@@H](NC(=O)/C(=N/OC)c3csc(N)n3)[C@H]2SC1,175.0,0.4409090820652177
COCC1=C(C(=O)OC(C)OC(=O)OC(C)C)N2C(=O)[C@@H](NC(=O)/C(=N/OC)c3csc(N)n3)[C@H]2SC1,200.0,0.4132065978292795
COCC1=C(C(=O)OC(C)OC(=O)OC(C)C)N2C(=O)[C@@H](NC(=O)/C(=N/OC)c3csc(N)n3)[C@H]2SC1,108.0,0.2810333672477275
COCC1=C(C(=O)OC(C)OC(=O)OC(C)C)N2C(=O)[C@@H](NC(=O)/C(=N/OC)c3csc(N)n3)[C@H]2SC1,100.0,0.1600132500787705
COCC1=C(C(=O)OC(C)OC(=O)OC(C)C)N2C(=O)[C@@H](NC(=O)/C(=N/OC)c3csc(N)n3)[C@H]2SC1,40.0,0.0374264979406236
CCC[C@@]1(CCc2ccccc2)CC(O)=C([14C@H](CC)c2cccc(NS(=O)(=O)c3ccc(C(F)(F)F)cn3)c2)C(=O)O1,500.0,1.4756847180571535
C[C@H]1c2cccc(O)c2C(=O)C2=C(O)[C@]3(O)C(=O)C(C(N)=O)=C(O)[C@@H](N(C)C)[C@@H]3[C@@H](O)[C@@H]21,200.0,0.5453954864899164
C[C@H]1c2cccc(O)c2C(=O)C2=C(O)[C@]3(O)C(=O)C(C(N)=O)=C(O)[C@@H](N(C)C)[C@@H]3[C@@H](O)[C@@H]21,300.0,0.4553286002719338
C[C@H]1c2cccc(O)c2C(=O)C2=C(O)[C@]3(O)C(=O)C(C(N)=O)=C(O)[C@@H](N(C)C)[C@@H]3[C@@H](O)[C@@H]21,200.0,0.414973347970818
C[C@H]1c2cccc(O)c2C(=O)C2=C(O)[C@]3(O)C(=O)C(C(N)=O)=C(O)[C@@H](N(C)C)[C@@H]3[C@@H](O)[C@@H]21,100.0,0.1279142943715932
C[C@H]1c2cccc(O)c2C(=O)C2=C(O)[C@]3(O)C(=O)C(C(N)=O)=C(O)[C@@H](N(C)C)[C@@H]3[C@@H](O)[C@@H]21,150.0,0.1202017426137339
C[C@H]1c2cccc(O)c2C(=O)C2=C(O)[C@]3(O)C(=O)C(C(N)=O)=C(O)[C@@H](N(C)C)[C@@H]3[C@@H](O)[C@@H]21,100.0,0.0340925541826669
C[C@H]1c2cccc(O)c2C(=O)C2=C(O)[C@]3(O)C(=O)C(C(N)=O)=C(O)[C@@H](N(C)C)[C@@H]3[C@@H](O)[C@@H]21,40.0,-0.2535117578716939
C[C@H]1c2cccc(O)c2C(=O)C2=C(O)[C@]3(O)C(=O)C(C(N)=O)=C(O)[C@@H](N(C)C)[C@@H]3[C@@H](O)[C@@H]21,20.0,-0.4522252946121775
C[C@H]1c2cccc(O)c2C(=O)C2=C(O)[C@]3(O)C(=O)C(C(N)=O)=C(O)[C@@H](N(C)C)[C@@H]3[C@@H](O)[C@@H]21,20.0,-0.4669543038776794
CC(=O)CC(c1ccccc1)c1c(O)c2ccccc2oc1=O,52.5,0.4821586954112764
CC(=O)CC(c1ccccc1)c1c(O)c2ccccc2oc1=O,50.0,0.4490925311194189
CC(=O)CC(c1ccccc1)c1c(O)c2ccccc2oc1=O,20.0,0.2733254242751207
CC(=O)CC(c1ccccc1)c1c(O)c2ccccc2oc1=O,30.0,0.2394786441062683
CC(=O)CC(c1ccccc1)c1c(O)c2ccccc2oc1=O,17.5,0.1946993054635863
CC(=O)CC(c1ccccc1)c1c(O)c2ccccc2oc1=O,25.0,0.1731144503336548
CC(=O)CC(c1ccccc1)c1c(O)c2ccccc2oc1=O,26.0,0.1351326513767748
CC(=O)CC(c1ccccc1)c1c(O)c2ccccc2oc1=O,25.0,0.0813473078041324
CC(=O)CC(c1ccccc1)c1c(O)c2ccccc2oc1=O,20.0,-0.021819483062586
CC(=O)CC(c1ccccc1)c1c(O)c2ccccc2oc1=O,15.0,-0.2517861229011219
CC(=O)CC(c1ccccc1)c1c(O)c2ccccc2oc1=O,10.0,-0.2618048830832712
CC(=O)CC(c1ccccc1)c1c(O)c2ccccc2oc1=O,5.0,-0.2937640862815988
CC(=O)CC(c1ccccc1)c1c(O)c2ccccc2oc1=O,2.0,-0.3233063903751335
CC(=O)CC(c1ccccc1)c1c(O)c2ccccc2oc1=O,4.0,-0.3361224723109736
CC(=O)CC(c1ccccc1)c1c(O)c2ccccc2oc1=O,7.5,-0.5423167589751526
NC[C@H]1OB(O)c2c(OCCCO)cccc21,1500.0,1.4530659266904815
C=CCOc1ccccc1OCC(O)CNC(C)C,80.0,-0.2924298239020636
CC(C)[N+]1(C)[C@@H]2CC[C@@H]1CC(OC(=O)C(CO)c1ccccc1)C2,0.272,-4.083682941585769
COc1ccnc(C[S+](O)c2nc3cc(OC(F)F)ccc3[nH]2)c1OC,40.0,0.32002595532522
COc1ccccc1Oc1c(NS(=O)(=O)c2ccc(C(C)(C)C)cc2)nc(-c2ncccn2)nc1OCCO,2400.0,1.236033147117636
COc1ccccc1Oc1c(NS(=O)(=O)c2ccc(C(C)(C)C)cc2)nc(-c2ncccn2)nc1OCCO,1200.0,1.171141151028382
COc1ccccc1Oc1c(NS(=O)(=O)c2ccc(C(C)(C)C)cc2)nc(-c2ncccn2)nc1OCCO,600.0,0.9994350498763298
COc1ccccc1Oc1c(NS(=O)(=O)c2ccc(C(C)(C)C)cc2)nc(-c2ncccn2)nc1OCCO,500.0,0.7361307974767344
COc1ccccc1Oc1c(NS(=O)(=O)c2ccc(C(C)(C)C)cc2)nc(-c2ncccn2)nc1OCCO,300.0,0.6989700043360189
COc1ccccc1Oc1c(NS(=O)(=O)c2ccc(C(C)(C)C)cc2)nc(-c2ncccn2)nc1OCCO,250.0,0.4754532601697004
COc1ccccc1Oc1c(NS(=O)(=O)c2ccc(C(C)(C)C)cc2)nc(-c2ncccn2)nc1OCCO,200.0,0.4076457970625558
COc1ccccc1Oc1c(NS(=O)(=O)c2ccc(C(C)(C)C)cc2)nc(-c2ncccn2)nc1OCCO,100.0,0.1281406831299923
COc1ccccc1Oc1c(NS(=O)(=O)c2ccc(C(C)(C)C)cc2)nc(-c2ncccn2)nc1OCCO,30.0,-0.3208447587166462
COc1ccccc1Oc1c(NS(=O)(=O)c2ccc(C(C)(C)C)cc2)nc(-c2ncccn2)nc1OCCO,10.0,-0.8566728700079536
COc1ccccc1Oc1c(NS(=O)(=O)c2ccc(C(C)(C)C)cc2)nc(-c2ncccn2)nc1OCCO,3.0,-1.412401270278755
CCCCN(CCCC)CC(O)c1cc(Cl)cc2c1-c1ccc(Cl)cc1/C2=C/c1ccc(Cl)cc1,480.0,0.9373845993259632
C[C@@H]1[C@H](c2c(F)ccc(F)c2F)C[C@H](NC(=O)c2cnc3c(c2)C[C@@]2(C3)C(=O)Nc3ncccc32)C(=O)N1CC(F)(F)F,60.0,-0.1857972570367669
C[C@@H]1[C@H](c2c(F)ccc(F)c2F)C[C@H](NC(=O)c2cnc3c(c2)C[C@@]2(C3)C(=O)Nc3ncccc32)C(=O)N1CC(F)(F)F,40.0,-0.2240984211083256
C[C@@H]1[C@H](c2c(F)ccc(F)c2F)C[C@H](NC(=O)c2cnc3c(c2)C[C@@]2(C3)C(=O)Nc3ncccc32)C(=O)N1CC(F)(F)F,50.0,-0.4349436011880377
CC(C)Oc1ccc(-c2nn([C@@H](C)c3oc4ccc(F)cc4c(=O)c3-c3cccc(F)c3)c3ncnc(N)c23)cc1F,1000.0,0.2253092817258628
CC(C)Oc1ccc(-c2nn([C@@H](C)c3oc4ccc(F)cc4c(=O)c3-c3cccc(F)c3)c3ncnc(N)c23)cc1F,800.0,0.1855421548543751
CC(C)Oc1ccc(-c2nn([C@@H](C)c3oc4ccc(F)cc4c(=O)c3-c3cccc(F)c3)c3ncnc(N)c23)cc1F,400.0,-0.1249387366082999
CC(C)Oc1ccc(-c2nn([C@@H](C)c3oc4ccc(F)cc4c(=O)c3-c3cccc(F)c3)c3ncnc(N)c23)cc1F,200.0,-0.5694412304772425
O=C1[C@H](CC[C@H](O)c2ccc(F)cc2)[C@@H](c2ccc(O)cc2)N1c1ccc(F)cc1,10.0,-1.4235345833794506
O=C1[C@H](CC[C@H](O)c2ccc(F)cc2)[C@@H](c2ccc(O)cc2)N1c1ccc(F)cc1,20.0,-1.430460286320546
C[N+]1(CC2CC2)CC[C@]23c4c5ccc(O)c4O[C@H]2C(=O)CC[C@@]3(O)[C@H]1C5,600.0,-1.3565473235138126
C[N+]1(CC2CC2)CC[C@]23c4c5ccc(O)c4O[C@H]2C(=O)CC[C@@]3(O)[C@H]1C5,450.0,-1.3964296809698966
C[N+]1(CC2CC2)CC[C@]23c4c5ccc(O)c4O[C@H]2C(=O)CC[C@@]3(O)[C@H]1C5,300.0,-1.5814915565265997
C[N+]1(CC2CC2)CC[C@]23c4c5ccc(O)c4O[C@H]2C(=O)CC[C@@]3(O)[C@H]1C5,150.0,-1.8790149996845171
CC(=O)Nc1cc(-c2c(-c3ccc(F)cc3)nc([S+](C)O)n2C)ccn1,50.0,-0.6581033313286438
CC(=O)Nc1cc(-c2c(-c3ccc(F)cc3)nc([S+](C)O)n2C)ccn1,30.0,-0.8057060525728876
CC(=O)Nc1cc(-c2c(-c3ccc(F)cc3)nc([S+](C)O)n2C)ccn1,20.0,-0.9385052226147688
CC(=O)Nc1cc(-c2c(-c3ccc(F)cc3)nc([S+](C)O)n2C)ccn1,10.0,-1.198506421592514
S=c1[nH]cnc2nc[nH]c12,100.0,-1.1089645846846898
S=c1[nH]cnc2nc[nH]c12,50.0,-1.4743074754949903
O=C1CCc2ccc(OCCCCN3CCN(c4cccc(Cl)c4Cl)CC3)cc2N1,30.0,-0.8680839149380136
O=C1CCc2ccc(OCCCCN3CCN(c4cccc(Cl)c4Cl)CC3)cc2N1,20.0,-1.2476441958464992
O=C1CCc2ccc(OCCCCN3CCN(c4cccc(Cl)c4Cl)CC3)cc2N1,10.0,-1.5034507547127862
O=C1CCc2ccc(OCCCCN3CCN(c4cccc(Cl)c4Cl)CC3)cc2N1,6.0,-1.5141366704026653
O=C1CCc2ccc(OCCCCN3CCN(c4cccc(Cl)c4Cl)CC3)cc2N1,15.0,-1.5399459547092138
O=C1CCc2ccc(OCCCCN3CCN(c4cccc(Cl)c4Cl)CC3)cc2N1,5.0,-1.7835155182491007
O=C1CCc2ccc(OCCCCN3CCN(c4cccc(Cl)c4Cl)CC3)cc2N1,3.0,-2.0692037370167
CC(S)C(=O)NCC(=O)O,300.0,0.827295591847152
O=P(O)(O)C(Sc1ccc(Cl)cc1)P(=O)(O)O,400.0,0.2535018179194498
COc1cc(C(C)=O)ccc1OCCCN1CCC(c2noc3cc(F)ccc23)CC1,12.0,-1.4123942547228276
COc1cc(C(C)=O)ccc1OCCCN1CCC(c2noc3cc(F)ccc23)CC1,24.0,-1.4277481545681328
COc1cc(C(C)=O)ccc1OCCCN1CCC(c2noc3cc(F)ccc23)CC1,8.0,-1.7214750352629824
COc1cc(C(C)=O)ccc1OCCCN1CCC(c2noc3cc(F)ccc23)CC1,5.0,-2.283996656365201
COc1cc(C(C)=O)ccc1OCCCN1CCC(c2noc3cc(F)ccc23)CC1,3.0,-2.5062556739185786
COc1cc(C(C)=O)ccc1OCCCN1CCC(c2noc3cc(F)ccc23)CC1,2.0,-2.8702710101702302
COc1cc(C(C)=O)ccc1OCCCN1CCC(c2noc3cc(F)ccc23)CC1,1.0,-3.2048720870593628
N[C@@H](Cc1ccc(N(CCCl)CCCl)cc1)C(=O)O,16.1,-0.6989700043360191
O=c1[nH]cc(F)c(=O)[nH]1,1050.0,1.4289442900355744
CC(C)[N+]1(C)[C@@H]2CC[C@H]1C[C@@H](OC(=O)C(CO)c1ccccc1)C2,30.0,-1.6020599913279625
Cc1ncc([N+](=O)[O-])n1CCO,2000.0,1.414973347970818
Cc1ncc([N+](=O)[O-])n1CCO,750.0,1.3195991089164552
Cc1ncc([N+](=O)[O-])n1CCO,500.0,1.0548869431224646
Cc1ncc([N+](=O)[O-])n1CCO,400.0,0.9935965311294596
Cc1ncc([N+](=O)[O-])n1CCO,375.0,0.9475938640381252
Cc1ncc([N+](=O)[O-])n1CCO,250.0,0.5181795360198768
Cc1ncc([N+](=O)[O-])n1CCO,7.5,-1.700057099977233
C=CC(=O)N1CCN(c2nc(=O)n(-c3c(C)ccnc3C(C)C)c3nc(-c4c(O)cccc4F)c(F)cc23)[C@@H](C)C1,720.0,0.7977290652970024
C=CC(=O)N1CCN(c2nc(=O)n(-c3c(C)ccnc3C(C)C)c3nc(-c4c(O)cccc4F)c(F)cc23)[C@@H](C)C1,570.0,0.6120841852279189
Nc1nc2ccc(OC(F)(F)F)cc2s1,300.0,0.207095540419218
Nc1nc2ccc(OC(F)(F)F)cc2s1,200.0,-0.0506099933550871
Nc1nc2ccc(OC(F)(F)F)cc2s1,250.0,-0.0510982390297863
Nc1nc2ccc(OC(F)(F)F)cc2s1,150.0,-0.254144804826271
Nc1nc2ccc(OC(F)(F)F)cc2s1,100.0,-0.5158537673622484
Nc1nc2ccc(OC(F)(F)F)cc2s1,75.0,-0.6073030467403343
Nc1nc2ccc(OC(F)(F)F)cc2s1,50.0,-0.650621843416425
Nc1nc2ccc(OC(F)(F)F)cc2s1,25.0,-1.1499514073238457
CCCN(CCC)S(=O)(=O)c1ccc(C(=O)O)cc1,2000.0,2.1720188094245563
CCCN(CCC)S(=O)(=O)c1ccc(C(=O)O)cc1,1000.0,1.842609239610562
CCCN(CCC)S(=O)(=O)c1ccc(C(=O)O)cc1,500.0,1.8202014594856404
COC(=O)Nc1nc2cc(C(=O)c3ccccc3)ccc2[nH]1,500.0,-0.9938608968016668
COC(=O)Nc1nc2cc(C(=O)c3ccccc3)ccc2[nH]1,1000.0,-1.4749551929631548
COC(=O)Nc1nc2cc(C(=O)c3ccccc3)ccc2[nH]1,50.0,-1.5023793502187124
CCCOC(C(=O)OC1CCN(C)CC1)(c1ccccc1)c1ccccc1,45.0,-0.5383764352171244
CCCOC(C(=O)OC1CCN(C)CC1)(c1ccccc1)c1ccccc1,30.0,-1.0061230850587888
CCCOC(C(=O)OC1CCN(C)CC1)(c1ccccc1)c1ccccc1,15.0,-1.2549252084179423
CCCOC(C(=O)OC1CCN(C)CC1)(c1ccccc1)c1ccccc1,20.0,-1.2818721479246995
CCCOC(C(=O)OC1CCN(C)CC1)(c1ccccc1)c1ccccc1,10.0,-1.4196453388934085
CNCC[C@@H](Oc1ccccc1C)c1ccccc1,120.0,0.0239599271711318
CNCC[C@@H](Oc1ccccc1C)c1ccccc1,90.0,-0.0623366988410794
CNCC[C@@H](Oc1ccccc1C)c1ccccc1,40.0,-0.3478774844284983
CNCC[C@@H](Oc1ccccc1C)c1ccccc1,10.0,-1.010839511693677
CNCC[C@@H](Oc1ccccc1C)c1ccccc1,20.0,-1.2658987441729597
CC(C)N(CCC(C(N)=O)(c1ccccc1)c1ccccn1)C(C)C,420.0,0.5118833609788744
CC(C)N(CCC(C(N)=O)(c1ccccc1)c1ccccn1)C(C)C,300.0,0.466463186537606
CC(C)N(CCC(C(N)=O)(c1ccccc1)c1ccccn1)C(C)C,125.0,0.2671717284030138
CC(C)N(CCC(C(N)=O)(c1ccccc1)c1ccccn1)C(C)C,210.0,0.2612628687924935
N#Cc1ccc([C@H]2CCc3cncn32)c(F)c1,200.0,0.2193225084193367
N#Cc1ccc([C@H]2CCc3cncn32)c(F)c1,100.0,-0.0273344077338891
N#Cc1ccc([C@H]2CCc3cncn32)c(F)c1,50.0,-0.4659738939438649
N#Cc1ccc([C@H]2CCc3cncn32)c(F)c1,30.0,-0.571257942555695
N#Cc1ccc([C@H]2CCc3cncn32)c(F)c1,10.0,-1.1012748184105066
N#Cc1ccc([C@H]2CCc3cncn32)c(F)c1,3.0,-1.744727494896694
N#Cc1ccc([C@H]2CCc3cncn32)c(F)c1,2.0,-2.101823516502324
CCN(CC)CCNC(=O)c1c(C)[nH]c(/[14CH]=C2\C(=O)Nc3ccc(F)cc32)c1C,50.0,-1.0437572154506984
CO[C@H]1C[C@@H]2CC[C@@H](C)[C@@](O)(O2)C(=O)C(=O)N2CCCC[C@H]2C(=O)O[C@H]([C@H](C)C[C@@H]2CC[C@@H](O)[C@H](OC)C2)CC(=O)[C@H](C)/C=C(\C)[C@@H](O)[C@@H](OC)C(=O)[C@H](C)C[C@H](C)/C=C/C=C/C=C/1C,40.0,-0.9637305042571852
CO[C@H]1C[C@@H]2CC[C@@H](C)[C@@](O)(O2)C(=O)C(=O)N2CCCC[C@H]2C(=O)O[C@H]([C@H](C)C[C@@H]2CC[C@@H](O)[C@H](OC)C2)CC(=O)[C@H](C)/C=C(\C)[C@@H](O)[C@@H](OC)C(=O)[C@H](C)C[C@H](C)/C=C/C=C/C=C/1C,15.0,-1.1076270926015637
CO[C@H]1C[C@@H]2CC[C@@H](C)[C@@](O)(O2)C(=O)C(=O)N2CCCC[C@H]2C(=O)O[C@H]([C@H](C)C[C@@H]2CC[C@@H](O)[C@H](OC)C2)CC(=O)[C@H](C)/C=C(\C)[C@@H](O)[C@@H](OC)C(=O)[C@H](C)C[C@H](C)/C=C/C=C/C=C/1C,10.0,-1.6382721639824072
CO[C@H]1C[C@@H]2CC[C@@H](C)[C@@](O)(O2)C(=O)C(=O)N2CCCC[C@H]2C(=O)O[C@H]([C@H](C)C[C@@H]2CC[C@@H](O)[C@H](OC)C2)CC(=O)[C@H](C)/C=C(\C)[C@@H](O)[C@@H](OC)C(=O)[C@H](C)C[C@H](C)/C=C/C=C/C=C/1C,2.0,-1.832705391879001
CO[C@H]1C[C@@H]2CC[C@@H](C)[C@@](O)(O2)C(=O)C(=O)N2CCCC[C@H]2C(=O)O[C@H]([C@H](C)C[C@@H]2CC[C@@H](O)[C@H](OC)C2)CC(=O)[C@H](C)/C=C(\C)[C@@H](O)[C@@H](OC)C(=O)[C@H](C)C[C@H](C)/C=C/C=C/C=C/1C,6.0,-1.8354984386904316
CO[C@H]1C[C@@H]2CC[C@@H](C)[C@@](O)(O2)C(=O)C(=O)N2CCCC[C@H]2C(=O)O[C@H]([C@H](C)C[C@@H]2CC[C@@H](O)[C@H](OC)C2)CC(=O)[C@H](C)/C=C(\C)[C@@H](O)[C@@H](OC)C(=O)[C@H](C)C[C@H](C)/C=C/C=C/C=C/1C,5.0,-2.0199966284162536
CO[C@H]1C[C@@H]2CC[C@@H](C)[C@@](O)(O2)C(=O)C(=O)N2CCCC[C@H]2C(=O)O[C@H]([C@H](C)C[C@@H]2CC[C@@H](O)[C@H](OC)C2)CC(=O)[C@H](C)/C=C(\C)[C@@H](O)[C@@H](OC)C(=O)[C@H](C)C[C@H](C)/C=C/C=C/C=C/1C,0.5,-2.2284125191187445
CN(C)CC/C=C1/c2ccccc2COc2ccc(CC(=O)O)cc21,400.0,0.8920946026904804
CN(C)CC/C=C1/c2ccccc2COc2ccc(CC(=O)O)cc21,80.0,0.2239703610488612
CN(C)CC/C=C1/c2ccccc2COc2ccc(CC(=O)O)cc21,40.0,-0.0542360768888262
CN(C)CC/C=C1/c2ccccc2COc2ccc(CC(=O)O)cc21,20.0,-0.4889191544608815
CN(C)CC/C=C1/c2ccccc2COc2ccc(CC(=O)O)cc21,10.0,-0.7416021959044914
CN(C)CC/C=C1/c2ccccc2COc2ccc(CC(=O)O)cc21,5.0,-1.018828820620531
CN(C)CC/C=C1/c2ccccc2COc2ccc(CC(=O)O)cc21,0.5,-2.0
CN/C(=C/[N+](=O)[O-])NCCSCc1csc(CN(C)C)n1,300.0,0.3979400086720376
CN/C(=C/[N+](=O)[O-])NCCSCc1csc(CN(C)C)n1,150.0,0.1168392291175126
CN/C(=C/[N+](=O)[O-])NCCSCc1csc(CN(C)C)n1,225.0,0.0653145012783118
CN/C(=C/[N+](=O)[O-])NCCSCc1csc(CN(C)C)n1,75.0,-0.2963089109594554
CN/C(=C/[N+](=O)[O-])NCCSCc1csc(CN(C)C)n1,25.0,-0.661211603832888
CCc1cc(C(N)=S)ccn1,500.0,0.3533872192497331
CCc1cc(C(N)=S)ccn1,250.0,0.2605483726369794
NC[C@H]1OB(O)c2c(OCCC(=O)O)cccc21,1500.0,0.3068660957860009
C[C@@H]1CC[C@H]2[C@@H](C)C(=O)O[C@@H]3O[C@@]4(C)CC[C@@H]1[C@]32OO4,500.0,-0.1101382787418115
C[C@@H]1CC[C@H]2[C@@H](C)C(=O)O[C@@H]3O[C@@]4(C)CC[C@@H]1[C@]32OO4,100.0,-0.790484985457369
Nc1nc2c(ncn2COC(CO)CO)c(=O)[nH]1,1500.0,0.0899051114393979
Nc1nc2c(ncn2COC(CO)CO)c(=O)[nH]1,1000.0,-0.0115731780526246
Nc1nc2c(ncn2COC(CO)CO)c(=O)[nH]1,600.0,-0.3279021420642826
Nc1nc2c(ncn2COC(CO)CO)c(=O)[nH]1,200.0,-0.8860566476931633
O=C(O)C[C@H](O)C[C@H](O)CCn1c(-c2ccc(F)cc2)nc(C(=O)NCc2cccc(F)c2)c1C1CC1,320.0,-1.3373828420875769
O=C(O)C[C@H](O)C[C@H](O)CCn1c(-c2ccc(F)cc2)nc(C(=O)NCc2cccc(F)c2)c1C1CC1,240.0,-2.014747098744621
O=C(O)C[C@H](O)C[C@H](O)CCn1c(-c2ccc(F)cc2)nc(C(=O)NCc2cccc(F)c2)c1C1CC1,120.0,-2.462001383296889
O=C(O)C[C@H](O)C[C@H](O)CCn1c(-c2ccc(F)cc2)nc(C(=O)NCc2cccc(F)c2)c1C1CC1,40.0,-2.629651051808122
O=C(O)C[C@H](O)C[C@H](O)CCn1c(-c2ccc(F)cc2)nc(C(=O)NCc2cccc(F)c2)c1C1CC1,10.0,-3.431557748103865
O=C(O)C[C@H](O)C[C@H](O)CCn1c(-c2ccc(F)cc2)nc(C(=O)NCc2cccc(F)c2)c1C1CC1,3.0,-4.239815840734674
CCCCc1nc(Cl)c(CO)n1Cc1ccc(-c2ccccc2-c2nnn[nH]2)cc1,300.0,0.4579272909972501
CCCCc1nc(Cl)c(CO)n1Cc1ccc(-c2ccccc2-c2nnn[nH]2)cc1,200.0,0.3379182725726732
CCCCc1nc(Cl)c(CO)n1Cc1ccc(-c2ccccc2-c2nnn[nH]2)cc1,250.0,0.3260694665888942
CCCCc1nc(Cl)c(CO)n1Cc1ccc(-c2ccccc2-c2nnn[nH]2)cc1,150.0,0.0573237053692843
CCCCc1nc(Cl)c(CO)n1Cc1ccc(-c2ccccc2-c2nnn[nH]2)cc1,120.0,-0.0763674668229514
CCCCc1nc(Cl)c(CO)n1Cc1ccc(-c2ccccc2-c2nnn[nH]2)cc1,100.0,-0.2480570255233602
CCCCc1nc(Cl)c(CO)n1Cc1ccc(-c2ccccc2-c2nnn[nH]2)cc1,80.0,-0.269621531412357
CCCCc1nc(Cl)c(CO)n1Cc1ccc(-c2ccccc2-c2nnn[nH]2)cc1,60.0,-0.2830789268332389
CCCCc1nc(Cl)c(CO)n1Cc1ccc(-c2ccccc2-c2nnn[nH]2)cc1,40.0,-0.6764385365371334
CCCCc1nc(Cl)c(CO)n1Cc1ccc(-c2ccccc2-c2nnn[nH]2)cc1,50.0,-0.6928016616684268
CCCCc1nc(Cl)c(CO)n1Cc1ccc(-c2ccccc2-c2nnn[nH]2)cc1,25.0,-0.9236782043575082
CCCCc1nc(Cl)c(CO)n1Cc1ccc(-c2ccccc2-c2nnn[nH]2)cc1,20.0,-1.0085524019961971
CCCCc1nc(Cl)c(CO)n1Cc1ccc(-c2ccccc2-c2nnn[nH]2)cc1,10.0,-1.5391021572434522
CCCCc1nc(Cl)c(CO)n1Cc1ccc(-c2ccccc2-c2nnn[nH]2)cc1,5.0,-1.9030899869919435
CCCCc1nc(Cl)c(CO)n1Cc1ccc(-c2ccccc2-c2nnn[nH]2)cc1,2.0,-2.801342913045605
C1CO/C(=N\C(C2CC2)C2CC2)N1,3.0,-1.966978555317089
C1CO/C(=N\C(C2CC2)C2CC2)N1,2.0,-2.2668027348934308
C1CO/C(=N\C(C2CC2)C2CC2)N1,1.0,-2.474178047843337
C1CO/C(=N\C(C2CC2)C2CC2)N1,0.5,-2.853871964321762
COc1cc(C(=O)NCc2ccc(OCCN(C)C)cc2)cc(OC)c1OC,400.0,0.7163790128722299
COc1cc(C(=O)NCc2ccc(OCCN(C)C)cc2)cc(OC)c1OC,300.0,0.5965970956264603
NC(=O)c1cccc2cn(-c3ccc([C@@H]4CCCNC4)cc3)nc12,300.0,-0.2019337247992373
CN1CCC[C@H]1c1cccnc1,9.0,-1.7351821769904636
CN1CCC[C@H]1c1cccnc1,4.0,-1.7514443844803156
CN1CCC[C@H]1c1cccnc1,8.0,-1.7569619513137056
CN1CCC[C@H]1c1cccnc1,10.0,-1.8386319977650247
CN1CCC[C@H]1c1cccnc1,6.0,-1.8860566476931635
CN1CCC[C@H]1c1cccnc1,2.0,-2.021768744762172
CN1CCC[C@H]1c1cccnc1,1.21,-2.1870866433571443
C#C[C@]1(O)CC[C@H]2[C@@H]3CCc4cc(O)ccc4[C@H]3CC[C@@]21C,0.02,-1.7029142980854897
C#C[C@]1(O)CC[C@H]2[C@@H]3CCc4cc(O)ccc4[C@H]3CC[C@@]21C,0.07,-3.300740562476421
C#C[C@]1(O)CC[C@H]2[C@@H]3CCc4cc(O)ccc4[C@H]3CC[C@@]21C,0.06,-3.675717544702513
C#C[C@]1(O)CC[C@H]2[C@@H]3CCc4cc(O)ccc4[C@H]3CC[C@@]21C,0.035,-3.871992417290069
C#C[C@]1(O)CC[C@H]2[C@@H]3CCc4cc(O)ccc4[C@H]3CC[C@@]21C,0.03,-3.930677305751103
C#C[C@]1(O)CC[C@H]2[C@@H]3CCc4cc(O)ccc4[C@H]3CC[C@@]21C,0.05,-3.9482045544422646
COc1cc2nc(N3CCN(C(=O)c4ccco4)CC3)nc(N)c2cc1OC,20.0,-1.576754126063192
COc1cc2nc(N3CCN(C(=O)c4ccco4)CC3)nc(N)c2cc1OC,2.0,-1.6533781201172846
COc1cc2nc(N3CCN(C(=O)c4ccco4)CC3)nc(N)c2cc1OC,15.0,-1.7721132953863266
COc1cc2nc(N3CCN(C(=O)c4ccco4)CC3)nc(N)c2cc1OC,5.0,-1.9296049883686408
COc1cc2nc(N3CCN(C(=O)c4ccco4)CC3)nc(N)c2cc1OC,10.0,-1.9784799358859677
COc1cc2nc(N3CCN(C(=O)c4ccco4)CC3)nc(N)c2cc1OC,1.0,-2.1450869776921446
COc1cc2nc(N3CCN(C(=O)c4ccco4)CC3)nc(N)c2cc1OC,0.5,-2.1983219409641137
COc1cc2nc(N3CCN(C(=O)c4ccco4)CC3)nc(N)c2cc1OC,2.5,-2.677780705266081
COc1ccc2[nH]cc(CCNC(C)=O)c2c1,10.0,-2.401209493236885
COc1ccc2[nH]cc(CCNC(C)=O)c2c1,5.0,-2.576754126063192
COc1ccc2[nH]cc(CCNC(C)=O)c2c1,2.0,-3.2355036307890903
CN1CC[C@@H](NC(=O)Nc2ccc(C#N)cc2)C[C@@H]1c1nc2ccccc2[nH]1,640.0,0.7294482849584271
CN1CC[C@@H](NC(=O)Nc2ccc(C#N)cc2)C[C@@H]1c1nc2ccccc2[nH]1,120.0,0.1516762308470477
CN1CC[C@@H](NC(=O)Nc2ccc(C#N)cc2)C[C@@H]1c1nc2ccccc2[nH]1,200.0,0.1344958558346734
CN1CC[C@@H](NC(=O)Nc2ccc(C#N)cc2)C[C@@H]1c1nc2ccccc2[nH]1,100.0,-0.050182120259921
CN1CC[C@@H](NC(=O)Nc2ccc(C#N)cc2)C[C@@H]1c1nc2ccccc2[nH]1,80.0,-0.1272611725273311
CN1CC[C@@H](NC(=O)Nc2ccc(C#N)cc2)C[C@@H]1c1nc2ccccc2[nH]1,50.0,-0.4701848033553697
CN(C)CCC[C@@]1(c2ccc(F)cc2)OCc2cc(C#N)ccc21,40.0,-1.139231656143563
CN(C)CCC[C@@]1(c2ccc(F)cc2)OCc2cc(C#N)ccc21,30.0,-1.5487894246465854
CN(C)CCC[C@@]1(c2ccc(F)cc2)OCc2cc(C#N)ccc21,20.0,-1.859392327921181
CN(C)CCC[C@@]1(c2ccc(F)cc2)OCc2cc(C#N)ccc21,10.0,-2.1694027780858023
C[C@H]1O[C@@H](O[C@H]2[C@@H](O)C[C@H](O[C@H]3[C@@H](O)C[C@H](O[C@H]4CC[C@@]5(C)[C@H](CC[C@@H]6[C@@H]5CC[C@]5(C)[C@@H](C7=CC(=O)OC7)CC[C@]65O)C4)O[C@@H]3C)O[C@@H]2C)C[C@H](O)[C@@H]1O,0.07,-1.6917558232593937
Nc1nc(F)nc2c1ncn2[C@@H]1O[C@H](COP(=O)(O)O)[C@@H](O)[C@@H]1O,90.0,2.667452952889954
CO/N=C(\C(=O)N[C@@H]1C(=O)N2C(C(=O)O)=C(COC(C)=O)CS[C@H]12)c1csc(N)n1,2000.0,2.3517019974218365
Cc1ccc(F)cc1C(=O)Nc1ccc(C(=O)Nc2ccccc2Cn2cccc2C(=O)O)c(Cl)c1,100.0,-0.5376033858553217
CN[C@@H]1CCc2[nH]c3ccc(C(N)=O)cc3c2C1,2.5,-2.2279840698734668
Cc1cc2c(F)c(Oc3ncnn4cc(OC[C@H](C)O)c(C)c34)ccc2[nH]1,400.0,-1.3010187041542407
Cc1ccc(C(=O)c2cc(O)c(O)c([N+](=O)[O-])c2)cc1,200.0,0.6254839394069044
Cc1ccc(C(=O)c2cc(O)c(O)c([N+](=O)[O-])c2)cc1,100.0,0.4771212547196624
N[C@@H]1[C@H]2CN(c3nc4c(cc3F)c(=O)c(C(=O)O)cn4-c3ccc(F)cc3F)C[C@@H]12,300.0,0.3979400627330113
CN(C)CCC(c1ccc(Cl)cc1)c1ccccn1,16.0,-1.9566377219788704
CN(C)CCC(c1ccc(Cl)cc1)c1ccccn1,8.0,-1.9854094645488976
CN(C)CCC(c1ccc(Cl)cc1)c1ccccn1,12.0,-1.9978339382434924
C[C@@H](Cc1ccccc1)NC(=O)[C@@H](N)CCCCN,60.0,-1.363339122400709
C[C@@H](Cc1ccccc1)NC(=O)[C@@H](N)CCCCN,50.0,-1.5473512033899082
CCn1cc(C(=O)O)c(=O)c2cc(F)c(N3CCNC(C)C3)c(F)c21,800.0,0.8128298304416358
CCn1cc(C(=O)O)c(=O)c2cc(F)c(N3CCNC(C)C3)c(F)c21,600.0,0.7450747915820575
CCn1cc(C(=O)O)c(=O)c2cc(F)c(N3CCNC(C)C3)c(F)c21,400.0,0.557896008096406
CCn1cc(C(=O)O)c(=O)c2cc(F)c(N3CCNC(C)C3)c(F)c21,200.0,0.1621908841108109
CCn1cc(C(=O)O)c(=O)c2cc(F)c(N3CCNC(C)C3)c(F)c21,100.0,-0.0700137398067209
Clc1ccccc1CN1CCc2sccc2C1,250.0,-0.2624025491774744
CCOC(=O)C1=C(C)NC(C)=C(C(=O)OC)C1c1cccc(Cl)c1Cl,10.0,-2.1746652717463064
CCOC(=O)C1=C(C)NC(C)=C(C(=O)OC)C1c1cccc(Cl)c1Cl,5.0,-2.8893099758950287
CCCCCCCCCCCCCCCCOCCCOP(=O)(O)CO[C@H](CO)Cn1ccc(N)nc1=O,350.0,0.1708482036433093
CCCCCCCCCCCCCCCCOCCCOP(=O)(O)CO[C@H](CO)Cn1ccc(N)nc1=O,200.0,-0.372217044732789
CCCCCCCCCCCCCCCCOCCCOP(=O)(O)CO[C@H](CO)Cn1ccc(N)nc1=O,105.0,-0.4685210829577448
CCCCCCCCCCCCCCCCOCCCOP(=O)(O)CO[C@H](CO)Cn1ccc(N)nc1=O,140.0,-0.4814860601221125
CCCCCCCCCCCCCCCCOCCCOP(=O)(O)CO[C@H](CO)Cn1ccc(N)nc1=O,100.0,-0.5462017545443538
CCCCCCCCCCCCCCCCOCCCOP(=O)(O)CO[C@H](CO)Cn1ccc(N)nc1=O,70.0,-0.6090648928966209
CCCCCCCCCCCCCCCCOCCCOP(=O)(O)CO[C@H](CO)Cn1ccc(N)nc1=O,42.0,-0.9546770212133424
CCCCCCCCCCCCCCCCOCCCOP(=O)(O)CO[C@H](CO)Cn1ccc(N)nc1=O,28.0,-1.2027324591692836
CCCCCCCCCCCCCCCCOCCCOP(=O)(O)CO[C@H](CO)Cn1ccc(N)nc1=O,14.0,-1.616184634019569
CCCCCCCCCCCCCCCCOCCCOP(=O)(O)CO[C@H](CO)Cn1ccc(N)nc1=O,7.0,-2.00788851221305
CCCCCCCCCCCCCCCCOCCCOP(=O)(O)CO[C@H](CO)Cn1ccc(N)nc1=O,3.5,-2.317854923626168
CCCCCCCCCCCCCCCCOCCCOP(=O)(O)CO[C@H](CO)Cn1ccc(N)nc1=O,1.75,-2.630784142589857
CCOC(=O)C1=C[C@@H](OC(CC)CC)[C@H](NC(C)=O)[C@@H](N)C1,1000.0,0.5971464878336954
CCOC(=O)C1=C[C@@H](OC(CC)CC)[C@H](NC(C)=O)[C@@H](N)C1,500.0,-0.0290955018462163
CCOC(=O)C1=C[C@@H](OC(CC)CC)[C@H](NC(C)=O)[C@@H](N)C1,200.0,-0.2563334785537871
CCOC(=O)C1=C[C@@H](OC(CC)CC)[C@H](NC(C)=O)[C@@H](N)C1,150.0,-0.3089705829672978
CCOC(=O)C1=C[C@@H](OC(CC)CC)[C@H](NC(C)=O)[C@@H](N)C1,75.0,-0.5714142204883588
CCOC(=O)C1=C[C@@H](OC(CC)CC)[C@H](NC(C)=O)[C@@H](N)C1,50.0,-0.95506845385084
CCOC(=O)C1=C[C@@H](OC(CC)CC)[C@H](NC(C)=O)[C@@H](N)C1,20.0,-1.1681302257194983
NC(=O)N1CCC(CC(=O)N2CCC([C@H]3c4ncc(Br)cc4CCc4cc(Cl)cc(Br)c43)CC2)CC1,100.0,-0.0308171407677385
NC(=O)N1CCC(CC(=O)N2CCC([C@H]3c4ncc(Br)cc4CCc4cc(Cl)cc(Br)c43)CC2)CC1,75.0,-0.0788339493622613
NC(=O)N1CCC(CC(=O)N2CCC([C@H]3c4ncc(Br)cc4CCc4cc(Cl)cc(Br)c43)CC2)CC1,50.0,-0.3525463921334807
COc1cc(N2CCC(N3CCN(C)CC3)CC2)ccc1Nc1ncc(Cl)c(Nc2ccccc2P(C)(C)=O)n1,180.0,0.1619486699403072
COc1cc(N2CCC(N3CCN(C)CC3)CC2)ccc1Nc1ncc(Cl)c(Nc2ccccc2P(C)(C)=O)n1,90.0,-0.3058324494261704
O=C(O)O,600.0,0.6110423088851388
O=C(O)O,300.0,0.313633144253218
O=C(O)O,1687.5,-3.0
O=C(O)O,2000.0,-3.2518119729938
O=C(O)O,500.0,-3.42021640338319
O=C(O)O,1000.0,-3.4279274679089693
O=C(O)O,1908.0,-3.494850021680094
O=C(O)O,250.0,-3.522878745280338
CC(C)NC(=N)NC(=N)Nc1ccc(Cl)cc1,400.0,-0.5606409860896165
CC(C)NC(=N)NC(=N)Nc1ccc(Cl)cc1,200.0,-1.207608310501746
CC(C)NC(=N)NC(=N)Nc1ccc(Cl)cc1,100.0,-1.585026652029182
NNCCc1ccccc1,30.0,-1.7033348097384688
CC(=O)[C@H]1CC[C@H]2[C@@H]3CCC4=CC(=O)CC[C@]4(C)[C@H]3CC[C@]12C,400.0,-1.3561808659407286
CC(=O)[C@H]1CC[C@H]2[C@@H]3CCC4=CC(=O)CC[C@]4(C)[C@H]3CC[C@]12C,300.0,-1.4103994258424015
CC(=O)[C@H]1CC[C@H]2[C@@H]3CCC4=CC(=O)CC[C@]4(C)[C@H]3CC[C@]12C,200.0,-1.7648340263278324
CC(=O)[C@H]1CC[C@H]2[C@@H]3CCC4=CC(=O)CC[C@]4(C)[C@H]3CC[C@]12C,100.0,-2.048824440736786
CSc1ccc(OCc2ncc([N+](=O)[O-])n2C)cc1,1800.0,0.2041199826559248
CSc1ccc(OCc2ncc([N+](=O)[O-])n2C)cc1,1200.0,-0.0962656845459038
CNS(=O)(=O)CCc1ccc2[nH]cc(C3CCN(C)CC3)c2c1,15.0,-1.4156687756324693
CNS(=O)(=O)CCc1ccc2[nH]cc(C3CCN(C)CC3)c2c1,20.0,-1.4801720062242814
CNS(=O)(=O)CCc1ccc2[nH]cc(C3CCN(C)CC3)c2c1,10.0,-1.565431095965801
CNS(=O)(=O)CCc1ccc2[nH]cc(C3CCN(C)CC3)c2c1,5.0,-1.833011054289706
CNS(=O)(=O)CCc1ccc2[nH]cc(C3CCN(C)CC3)c2c1,2.5,-1.897847057919806
C[N+]1(C)CCC(OC(=O)C(O)(c2ccccc2)C2CCCC2)C1,4.0,-3.119186407719266
C[N+]1(C)CCC(OC(=O)C(O)(c2ccccc2)C2CCCC2)C1,2.0,-3.5351503429515656
C[N+]1(C)CCC(OC(=O)C(O)(c2ccccc2)C2CCCC2)C1,1.7,-3.640341558769951
C[N+]1(C)CCC(OC(=O)C(O)(c2ccccc2)C2CCCC2)C1,0.4,-4.350178536775434
COC(c1ccccc1)(c1ccccc1)[C@H](Oc1nc(C)cc(C)n1)C(=O)O,100.0,0.6551790279183387
COC(c1ccccc1)(c1ccccc1)[C@H](Oc1nc(C)cc(C)n1)C(=O)O,40.0,0.5149460053080044
COC(c1ccccc1)(c1ccccc1)[C@H](Oc1nc(C)cc(C)n1)C(=O)O,50.0,0.5091917656782173
COC(c1ccccc1)(c1ccccc1)[C@H](Oc1nc(C)cc(C)n1)C(=O)O,20.0,0.1464861809112047
COC(c1ccccc1)(c1ccccc1)[C@H](Oc1nc(C)cc(C)n1)C(=O)O,15.0,-0.0435434165901001
COC(c1ccccc1)(c1ccccc1)[C@H](Oc1nc(C)cc(C)n1)C(=O)O,10.0,-0.1265798342296001
COC(c1ccccc1)(c1ccccc1)[C@H](Oc1nc(C)cc(C)n1)C(=O)O,5.0,-0.4052605946161001
COC(c1ccccc1)(c1ccccc1)[C@H](Oc1nc(C)cc(C)n1)C(=O)O,2.5,-0.6591594501876686
COC(c1ccccc1)(c1ccccc1)[C@H](Oc1nc(C)cc(C)n1)C(=O)O,1.0,-1.24422674556365
CCC[C@@]1(CCc2ccccc2)CC(O)=C([C@H](CC)c2cccc(NS(=O)(=O)c3ccc(C(F)(F)F)cn3)c2)C(=O)O1,500.0,1.8513269876494316
NC1CCN(c2c(F)cc3c(=O)c(C(=O)O)cn(C4CC4)c3c2Cl)C1,400.0,0.5656510827780113
NC1CCN(c2c(F)cc3c(=O)c(C(=O)O)cn(C4CC4)c3c2Cl)C1,200.0,0.2458650365814747
NC1CCN(c2c(F)cc3c(=O)c(C(=O)O)cn(C4CC4)c3c2Cl)C1,100.0,0.0028856882374881
NC1CCN(c2c(F)cc3c(=O)c(C(=O)O)cn(C4CC4)c3c2Cl)C1,50.0,-0.6020599913279624
NC1CCN(c2c(F)cc3c(=O)c(C(=O)O)cn(C4CC4)c3c2Cl)C1,25.0,-0.8538719643217619
Cc1c(O)c(=O)ccn1C,3500.0,1.5496162395190851
Cc1c(O)c(=O)ccn1C,2310.0,1.449478399187365
Cc1c(O)c(=O)ccn1C,1500.0,1.2890158396761475
Cc1c(O)c(=O)ccn1C,1750.0,1.2804916502236383
Cc1c(O)c(=O)ccn1C,1000.0,0.9786369483844743
Cc1c(O)c(=O)ccn1C,500.0,0.8566376729226228
C[C@H]1CO[C@@H]2Cn3cc(C(=O)NCc4ccc(F)cc4F)c(=O)c(O)c3C(=O)N12,150.0,1.2161659022859932
C[C@H]1CO[C@@H]2Cn3cc(C(=O)NCc4ccc(F)cc4F)c(=O)c(O)c3C(=O)N12,30.0,0.9030899869919436
C[C@H]1CO[C@@H]2Cn3cc(C(=O)NCc4ccc(F)cc4F)c(=O)c(O)c3C(=O)N12,30.0,0.5445640974960432
C=C(C)[C@@H]1CC[C@]2(C(=O)O)CC[C@]3(C)[C@H](CC[C@@H]4[C@@]5(C)CC[C@H](OC(=O)CC(C)(C)C(=O)O)C(C)(C)[C@@H]5CC[C@]43C)[C@@H]12,250.0,1.485366458523821
C=C(C)[C@@H]1CC[C@]2(C(=O)O)CC[C@]3(C)[C@H](CC[C@@H]4[C@@]5(C)CC[C@H](OC(=O)CC(C)(C)C(=O)O)C(C)(C)[C@@H]5CC[C@]43C)[C@@H]12,100.0,1.1545761133705137
C=C(C)[C@@H]1CC[C@]2(C(=O)O)CC[C@]3(C)[C@H](CC[C@@H]4[C@@]5(C)CC[C@H](OC(=O)CC(C)(C)C(=O)O)C(C)(C)[C@@H]5CC[C@]43C)[C@@H]12,50.0,0.8247765626753328
C=C(C)[C@@H]1CC[C@]2(C(=O)O)CC[C@]3(C)[C@H](CC[C@@H]4[C@@]5(C)CC[C@H](OC(=O)CC(C)(C)C(=O)O)C(C)(C)[C@@H]5CC[C@]43C)[C@@H]12,25.0,0.4014004599200403
CC(C)OC(=O)OCOP(=O)(CO[C@H](C)Cn1cnc2c(N)ncnc21)OCOC(=O)OC(C)C,600.0,-0.2134970199298875
CC(C)OC(=O)OCOP(=O)(CO[C@H](C)Cn1cnc2c(N)ncnc21)OCOC(=O)OC(C)C,536.2,-0.2146701649892329
CC(C)OC(=O)OCOP(=O)(CO[C@H](C)Cn1cnc2c(N)ncnc21)OCOC(=O)OC(C)C,288.4,-0.4436974992327127
CC(C)OC(=O)OCOP(=O)(CO[C@H](C)Cn1cnc2c(N)ncnc21)OCOC(=O)OC(C)C,245.0,-0.4690003485740528
CC(C)OC(=O)OCOP(=O)(CO[C@H](C)Cn1cnc2c(N)ncnc21)OCOC(=O)OC(C)C,300.0,-0.4926369156452799
CC(C)OC(=O)OCOP(=O)(CO[C@H](C)Cn1cnc2c(N)ncnc21)OCOC(=O)OC(C)C,245.0,-0.5162116476989511
CC(C)OC(=O)OCOP(=O)(CO[C@H](C)Cn1cnc2c(N)ncnc21)OCOC(=O)OC(C)C,245.0,-0.5313278088538529
CC(C)OC(=O)OCOP(=O)(CO[C@H](C)Cn1cnc2c(N)ncnc21)OCOC(=O)OC(C)C,200.0,-0.6716645758682663
CC(C)OC(=O)OCOP(=O)(CO[C@H](C)Cn1cnc2c(N)ncnc21)OCOC(=O)OC(C)C,150.0,-0.8363914365689485
CC(C)OC(=O)OCOP(=O)(CO[C@H](C)Cn1cnc2c(N)ncnc21)OCOC(=O)OC(C)C,75.0,-1.164943898279884
Nc1ccn([C@@H]2CS[C@H](CO)O2)c(=O)n1,1400.0,0.8179287821024528
Nc1ccn([C@@H]2CS[C@H](CO)O2)c(=O)n1,840.0,0.5920101162931367
Nc1ccn([C@@H]2CS[C@H](CO)O2)c(=O)n1,560.0,0.572445614444989
Nc1ccn([C@@H]2CS[C@H](CO)O2)c(=O)n1,300.0,0.4919132667584796
Nc1ccn([C@@H]2CS[C@H](CO)O2)c(=O)n1,125.0,0.2648178230095365
Nc1ccn([C@@H]2CS[C@H](CO)O2)c(=O)n1,150.0,0.2126536213680143
Nc1ccn([C@@H]2CS[C@H](CO)O2)c(=O)n1,140.0,0.1760912590556812
Nc1ccn([C@@H]2CS[C@H](CO)O2)c(=O)n1,100.0,0.0691348601292273
Nc1ccn([C@@H]2CS[C@H](CO)O2)c(=O)n1,280.0,0.041392685158225
Nc1ccn([C@@H]2CS[C@H](CO)O2)c(=O)n1,70.0,-0.0065637695023882
Nc1ccn([C@@H]2CS[C@H](CO)O2)c(=O)n1,60.0,-0.0087739243075051
Nc1ccn([C@@H]2CS[C@H](CO)O2)c(=O)n1,50.0,-0.4056074496245733
Nc1ccn([C@@H]2CS[C@H](CO)O2)c(=O)n1,17.5,-0.6439741428068773
OC[C@H]1NC[C@H](O)[C@@H](O)[C@H]1O,2000.0,1.14126159062209
OC[C@H]1NC[C@H](O)[C@@H](O)[C@H]1O,1250.0,1.1389200627968588
OC[C@H]1NC[C@H](O)[C@@H](O)[C@H]1O,675.0,0.8123785111541942
OC[C@H]1NC[C@H](O)[C@@H](O)[C@H]1O,500.0,0.7013952690139201
OC[C@H]1NC[C@H](O)[C@@H](O)[C@H]1O,450.0,0.6826071148641727
OC[C@H]1NC[C@H](O)[C@@H](O)[C@H]1O,225.0,0.3003780648707026
OC[C@H]1NC[C@H](O)[C@@H](O)[C@H]1O,150.0,0.2234368801656515
OC[C@H]1NC[C@H](O)[C@@H](O)[C@H]1O,50.0,-0.1579527114903619
OC[C@H]1NC[C@H](O)[C@@H](O)[C@H]1O,75.0,-0.1643094285075744
OC[C@H]1NC[C@H](O)[C@@H](O)[C@H]1O,25.0,-0.6968039425795112
O=C1CN=C(c2ccccc2Cl)c2cc([N+](=O)[O-])ccc2N1,3.5,-1.2529185058083294
O=C1CN=C(c2ccccc2Cl)c2cc([N+](=O)[O-])ccc2N1,5.0,-1.585026652029182
O=C1CN=C(c2ccccc2Cl)c2cc([N+](=O)[O-])ccc2N1,0.5,-1.904830648568245
O=C1CN=C(c2ccccc2Cl)c2cc([N+](=O)[O-])ccc2N1,2.0,-1.9685731727335591
O=C1CN=C(c2ccccc2Cl)c2cc([N+](=O)[O-])ccc2N1,1.0,-2.1392541419880207
CC(C)COCC(CN(Cc1ccccc1)c1ccccc1)N1CCCC1,600.0,0.0969100130080564
CC(C)COCC(CN(Cc1ccccc1)c1ccccc1)N1CCCC1,500.0,0.0492180226701816
CC(C)COCC(CN(Cc1ccccc1)c1ccccc1)N1CCCC1,300.0,-0.119274730170867
CC(C)COCC(CN(Cc1ccccc1)c1ccccc1)N1CCCC1,400.0,-0.1391582157114894
CC(C)COCC(CN(Cc1ccccc1)c1ccccc1)N1CCCC1,200.0,-0.4037695523327615
CC(C)COCC(CN(Cc1ccccc1)c1ccccc1)N1CCCC1,100.0,-0.7958800173440752
CC(C)COCC(CN(Cc1ccccc1)c1ccccc1)N1CCCC1,20.0,-0.9812995013337568
CC(C)COCC(CN(Cc1ccccc1)c1ccccc1)N1CCCC1,10.0,-1.260940737906515
CC(C)COCC(CN(Cc1ccccc1)c1ccccc1)N1CCCC1,5.0,-1.851033969508028
CC(C)COCC(CN(Cc1ccccc1)c1ccccc1)N1CCCC1,2.5,-2.153910419642016
COc1cccc(N2CCN(C3=Nc4c(F)cccc4[C@H](CC(=O)O)N3c3cc(C(F)(F)F)ccc3OC)CC2)c1,720.0,1.3872092565560208
COc1cccc(N2CCN(C3=Nc4c(F)cccc4[C@H](CC(=O)O)N3c3cc(C(F)(F)F)ccc3OC)CC2)c1,480.0,1.20348473274451
COc1cccc(N2CCN(C3=Nc4c(F)cccc4[C@H](CC(=O)O)N3c3cc(C(F)(F)F)ccc3OC)CC2)c1,360.0,1.0699861177992829
COc1cccc(N2CCN(C3=Nc4c(F)cccc4[C@H](CC(=O)O)N3c3cc(C(F)(F)F)ccc3OC)CC2)c1,240.0,0.9512563846198636
COc1cccc(N2CCN(C3=Nc4c(F)cccc4[C@H](CC(=O)O)N3c3cc(C(F)(F)F)ccc3OC)CC2)c1,180.0,0.7406784252274549
COc1cccc(N2CCN(C3=Nc4c(F)cccc4[C@H](CC(=O)O)N3c3cc(C(F)(F)F)ccc3OC)CC2)c1,120.0,0.5513035818962274
COc1cccc(N2CCN(C3=Nc4c(F)cccc4[C@H](CC(=O)O)N3c3cc(C(F)(F)F)ccc3OC)CC2)c1,80.0,0.295420477921281
COc1cccc(N2CCN(C3=Nc4c(F)cccc4[C@H](CC(=O)O)N3c3cc(C(F)(F)F)ccc3OC)CC2)c1,60.0,0.1338581252033346
COc1cccc(N2CCN(C3=Nc4c(F)cccc4[C@H](CC(=O)O)N3c3cc(C(F)(F)F)ccc3OC)CC2)c1,40.0,-0.0545314148681802
COc1cccc(N2CCN(C3=Nc4c(F)cccc4[C@H](CC(=O)O)N3c3cc(C(F)(F)F)ccc3OC)CC2)c1,30.0,-0.3838747236158222
CC(C)N(CCCCOCC(=O)NS(C)(=O)=O)c1cnc(-c2ccccc2)c(-c2ccccc2)n1,1.8,-1.7363639314118942
CC(C)N(CCCCOCC(=O)NS(C)(=O)=O)c1cnc(-c2ccccc2)c(-c2ccccc2)n1,1.6,-1.8401321529074333
CC(C)N(CCCCOCC(=O)NS(C)(=O)=O)c1cnc(-c2ccccc2)c(-c2ccccc2)n1,1.4,-1.8616973018337215
CC(C)N(CCCCOCC(=O)NS(C)(=O)=O)c1cnc(-c2ccccc2)c(-c2ccccc2)n1,1.2,-1.8794260687941504
CC(C)N(CCCCOCC(=O)NS(C)(=O)=O)c1cnc(-c2ccccc2)c(-c2ccccc2)n1,1.0,-1.949620243738542
CC(C)N(CCCCOCC(=O)NS(C)(=O)=O)c1cnc(-c2ccccc2)c(-c2ccccc2)n1,0.8,-2.045275209020937
CC(C)N(CCCCOCC(=O)NS(C)(=O)=O)c1cnc(-c2ccccc2)c(-c2ccccc2)n1,0.4,-2.14417809459397
CC(C)N(CCCCOCC(=O)NS(C)(=O)=O)c1cnc(-c2ccccc2)c(-c2ccccc2)n1,0.2,-2.244684245499113
CC(C)N(CCCCOCC(=O)NS(C)(=O)=O)c1cnc(-c2ccccc2)c(-c2ccccc2)n1,0.6,-2.2479515521805613
CCC(c1ccccc1)c1c(O)c2ccccc2oc1=O,18.0,0.364832304539174
CCC(c1ccccc1)c1c(O)c2ccccc2oc1=O,14.0,0.0899051114393979
CCC(c1ccccc1)c1c(O)c2ccccc2oc1=O,9.0,-0.2934955777667235
CCCCc1oc2ccc(NS(C)(=O)=O)cc2c1C(=O)c1ccc(OCCCN(CCCC)CCCC)cc1,1600.0,-0.6595558851598816
CCCCc1oc2ccc(NS(C)(=O)=O)cc2c1C(=O)c1ccc(OCCCN(CCCC)CCCC)cc1,1400.0,-0.6743475294276869
CCCCc1oc2ccc(NS(C)(=O)=O)cc2c1C(=O)c1ccc(OCCCN(CCCC)CCCC)cc1,1200.0,-0.7388958065771574
CCCCc1oc2ccc(NS(C)(=O)=O)cc2c1C(=O)c1ccc(OCCCN(CCCC)CCCC)cc1,1000.0,-0.8794260687941501
CCCCc1oc2ccc(NS(C)(=O)=O)cc2c1C(=O)c1ccc(OCCCN(CCCC)CCCC)cc1,800.0,-0.939502446757328
CCCCc1oc2ccc(NS(C)(=O)=O)cc2c1C(=O)c1ccc(OCCCN(CCCC)CCCC)cc1,400.0,-1.0471752806018446
CCCCc1oc2ccc(NS(C)(=O)=O)cc2c1C(=O)c1ccc(OCCCN(CCCC)CCCC)cc1,200.0,-1.61475131759678
CCCCc1oc2ccc(NS(C)(=O)=O)cc2c1C(=O)c1ccc(OCCCN(CCCC)CCCC)cc1,100.0,-1.913640169325252
CC(=O)[C@H]1CC[C@H]2[C@@H]3CC[C@H]4C[C@H](O)CC[C@]4(C)[C@H]3CC[C@]12C,30.0,-2.24055880286631
COCCCOc1cc(C[C@@H](C[C@H](N)[C@@H](O)C[C@H](C(=O)NCC(C)(C)C(N)=O)C(C)C)C(C)C)ccc1OC,1800.0,-0.265200170411153
COCCCOc1cc(C[C@@H](C[C@H](N)[C@@H](O)C[C@H](C(=O)NCC(C)(C)C(N)=O)C(C)C)C(C)C)ccc1OC,600.0,-0.3767507096020995
COCCCOc1cc(C[C@@H](C[C@H](N)[C@@H](O)C[C@H](C(=O)NCC(C)(C)C(N)=O)C(C)C)C(C)C)ccc1OC,300.0,-0.5809030009307913
COCCCOc1cc(C[C@@H](C[C@H](N)[C@@H](O)C[C@H](C(=O)NCC(C)(C)C(N)=O)C(C)C)C(C)C)ccc1OC,140.0,-0.8648673486232251
COCCCOc1cc(C[C@@H](C[C@H](N)[C@@H](O)C[C@H](C(=O)NCC(C)(C)C(N)=O)C(C)C)C(C)C)ccc1OC,150.0,-0.9407232113488136
COCCCOc1cc(C[C@@H](C[C@H](N)[C@@H](O)C[C@H](C(=O)NCC(C)(C)C(N)=O)C(C)C)C(C)C)ccc1OC,80.0,-1.958607314841775
COCCCOc1cc(C[C@@H](C[C@H](N)[C@@H](O)C[C@H](C(=O)NCC(C)(C)C(N)=O)C(C)C)C(C)C)ccc1OC,40.0,-2.292429823902064
Cc1cnc(C(=O)NCCc2ccc(S(=O)(=O)NC(=O)NC3CCCCC3)cc2)cn1,20.0,0.0955180423231508
Cc1cnc(C(=O)NCCc2ccc(S(=O)(=O)NC(=O)NC3CCCCC3)cc2)cn1,10.0,-0.1541271257357822
Cc1cnc(C(=O)NCCc2ccc(S(=O)(=O)NC(=O)NC3CCCCC3)cc2)cn1,5.0,-0.364688626468519
Cc1cnc(C(=O)NCCc2ccc(S(=O)(=O)NC(=O)NC3CCCCC3)cc2)cn1,2.5,-0.7734000947926425
O=C(C1CCCCC1)N1CC(=O)N2CCc3ccccc3C2C1,4200.0,0.4913616938342727
O=C(C1CCCCC1)N1CC(=O)N2CCc3ccccc3C2C1,2800.0,0.1935053914362036
O=C(C1CCCCC1)N1CC(=O)N2CCc3ccccc3C2C1,1750.0,0.0101181547191064
O=C(C1CCCCC1)N1CC(=O)N2CCc3ccccc3C2C1,1800.0,-0.0345160757548612
O=C(C1CCCCC1)N1CC(=O)N2CCc3ccccc3C2C1,1400.0,-0.0959750251068731
O=C(C1CCCCC1)N1CC(=O)N2CCc3ccccc3C2C1,1500.0,-0.1771783546968953
O=C(C1CCCCC1)N1CC(=O)N2CCc3ccccc3C2C1,3500.0,-0.4083789617866808
O=C(O)[C@H]1O[C@@H](Oc2cc3oc(-c4ccc(O)cc4)cc(=O)c3c(O)c2O)[C@H](O)[C@@H](O)[C@@H]1O,60.0,-2.732959753611412
CCOC(=O)[C@H](CCc1ccccc1)N[C@@H](C)C(=O)N1[C@H](C(=O)O)C[C@@H]2CCC[C@@H]21,20.0,-0.9827281028913748
CCOC(=O)[C@H](CCc1ccccc1)N[C@@H](C)C(=O)N1[C@H](C(=O)O)C[C@@H]2CCC[C@@H]21,10.0,-1.3618860533089914
CCOC(=O)[C@H](CCc1ccccc1)N[C@@H](C)C(=O)N1[C@H](C(=O)O)C[C@@H]2CCC[C@@H]21,5.0,-1.823975023874924
CCOC(=O)[C@H](CCc1ccccc1)N[C@@H](C)C(=O)N1[C@H](C(=O)O)C[C@@H]2CCC[C@@H]21,2.0,-2.0105501823333083
CCOC(=O)[C@H](CCc1ccccc1)N[C@@H](C)C(=O)N1[C@H](C(=O)O)C[C@@H]2CCC[C@@H]21,2.5,-2.069673694520996
CCOC(=O)[C@H](CCc1ccccc1)N[C@@H](C)C(=O)N1[C@H](C(=O)O)C[C@@H]2CCC[C@@H]21,1.0,-2.435728569561445
CCOC(=O)[C@H](CCc1ccccc1)N[C@@H](C)C(=O)N1[C@H](C(=O)O)C[C@@H]2CCC[C@@H]21,1.25,-2.729709446833247
COc1cc2c(Nc3ccc(Br)cc3F)ncnc2cc1OCC1CCN(C)CC1,1200.0,-0.123493495734119
COc1cc2c(Nc3ccc(Br)cc3F)ncnc2cc1OCC1CCN(C)CC1,800.0,-0.1828975957430768
COc1cc2c(Nc3ccc(Br)cc3F)ncnc2cc1OCC1CCN(C)CC1,400.0,-0.6401645176601122
COc1cc2c(Nc3ccc(Br)cc3F)ncnc2cc1OCC1CCN(C)CC1,300.0,-0.7976657069833358
CC1=C(/C=C/C(C)=C/C=C/C(C)=C/C(=O)O)C(C)(C)CCC1,40.0,-0.7011469235902936
COc1cc2c(cc1OC)CC(=O)N(CCCN(C)C[C@H]1Cc3cc(OC)c(OC)cc31)CC2,20.0,-1.239200688369282
COc1cc2c(cc1OC)CC(=O)N(CCCN(C)C[C@H]1Cc3cc(OC)c(OC)cc31)CC2,7.5,-1.498283628366402
COc1cc2c(cc1OC)CC(=O)N(CCCN(C)C[C@H]1Cc3cc(OC)c(OC)cc31)CC2,8.0,-1.5086383061657274
COc1cc2c(cc1OC)CC(=O)N(CCCN(C)C[C@H]1Cc3cc(OC)c(OC)cc31)CC2,10.0,-1.5216355488303202
COc1cc2c(cc1OC)CC(=O)N(CCCN(C)C[C@H]1Cc3cc(OC)c(OC)cc31)CC2,5.0,-1.6575773191777938
COc1ccc(C[C@@H](C)NC[C@H](O)c2ccc(O)c(NC=O)c2)cc1,0.05,-4.979638717352292
CN1C(=O)CC(=O)N(c2ccccc2)c2cc(Cl)ccc21,160.0,0.4900990050633049
CN1C(=O)CC(=O)N(c2ccccc2)c2cc(Cl)ccc21,80.0,0.4625477288026641
CN1C(=O)CC(=O)N(c2ccccc2)c2cc(Cl)ccc21,60.0,0.4304781879320442
CN1C(=O)CC(=O)N(c2ccccc2)c2cc(Cl)ccc21,40.0,-0.237246435066626
CN1C(=O)CC(=O)N(c2ccccc2)c2cc(Cl)ccc21,30.0,-0.4215518146586728
CN1C(=O)CC(=O)N(c2ccccc2)c2cc(Cl)ccc21,20.0,-0.4590076996433817
CN1C(=O)CC(=O)N(c2ccccc2)c2cc(Cl)ccc21,10.0,-0.7102043669585947
O=C(/C=C/C=C/c1ccc2c(c1)OCO2)N1CCCCC1,44.0,-0.3979388951424136
CC(OC(=O)NCC1(CC(=O)O)CCCCC1)OC(=O)C(C)C,6000.0,1.4651968979101877
CC(OC(=O)NCC1(CC(=O)O)CCCCC1)OC(=O)C(C)C,4800.0,1.339782584655998
CC(OC(=O)NCC1(CC(=O)O)CCCCC1)OC(=O)C(C)C,2800.0,1.260071387985075
CC(OC(=O)NCC1(CC(=O)O)CCCCC1)OC(=O)C(C)C,2100.0,1.1724569744005873
CC(OC(=O)NCC1(CC(=O)O)CCCCC1)OC(=O)C(C)C,1400.0,1.0530784434834195
CC(OC(=O)NCC1(CC(=O)O)CCCCC1)OC(=O)C(C)C,700.0,0.8192618345368843
CC(OC(=O)NCC1(CC(=O)O)CCCCC1)OC(=O)C(C)C,1200.0,0.7882800388894332
CC(OC(=O)NCC1(CC(=O)O)CCCCC1)OC(=O)C(C)C,350.0,0.5655526813995677
CC(OC(=O)NCC1(CC(=O)O)CCCCC1)OC(=O)C(C)C,600.0,0.5374502827444774
CC(OC(=O)NCC1(CC(=O)O)CCCCC1)OC(=O)C(C)C,300.0,0.2955670999624791
O=C(O)C[C@H]1CCc2c1[nH]c1ccc(OCc3ccc(C4CCCC4)c(C(F)(F)F)c3)cc21,20.0,-0.9469215565165804
O=C(O)C[C@H]1CCc2c1[nH]c1ccc(OCc3ccc(C4CCCC4)c(C(F)(F)F)c3)cc21,2.0,-1.5762668425217072
O=C(O)C[C@H]1CCc2c1[nH]c1ccc(OCc3ccc(C4CCCC4)c(C(F)(F)F)c3)cc21,1.0,-1.7088532382681163
Cc1ccc(=O)n(-c2ccccc2)c1,600.0,1.2821687783046416
Cc1ccc(=O)n(-c2ccccc2)c1,2403.0,1.167317334748176
Cc1ccc(=O)n(-c2ccccc2)c1,400.0,0.9910783313529502
Cc1ccc(=O)n(-c2ccccc2)c1,801.0,0.9592077834311618
Cc1ccc(=O)n(-c2ccccc2)c1,200.0,0.7221305182807041
CCNC(C)Cc1cccc(C(F)(F)F)c1,60.0,-0.7772835288524167
CCNC(C)Cc1cccc(C(F)(F)F)c1,49.0,-1.2269453066357374
CCNC(C)Cc1cccc(C(F)(F)F)c1,24.5,-1.543633966870957
CCNC(C)Cc1cccc(C(F)(F)F)c1,30.0,-1.5828051920352246
CCNC(C)Cc1cccc(C(F)(F)F)c1,28.0,-1.7419706520857752
CCNC(C)Cc1cccc(C(F)(F)F)c1,21.0,-1.8239087409443189
CCNC(C)Cc1cccc(C(F)(F)F)c1,15.0,-2.014723256820709
CC(=O)O[C@]1(C(C)=O)CC[C@H]2[C@@H]3C[C@H](C)C4=CC(=O)CC[C@]4(C)[C@H]3CC[C@@]21C,400.0,-1.177766519761156
CC(=O)O[C@]1(C(C)=O)CC[C@H]2[C@@H]3C[C@H](C)C4=CC(=O)CC[C@]4(C)[C@H]3CC[C@@]21C,20.0,-3.04215336629185
COCc1c(C(C)C)nc(C(C)C)c(/C=C/[C@@H](O)C[C@@H](O)CC(=O)O)c1-c1ccc(F)cc1,0.8,-2.172541595189701
COCc1c(C(C)C)nc(C(C)C)c(/C=C/[C@@H](O)C[C@@H](O)CC(=O)O)c1-c1ccc(F)cc1,0.4,-2.2433005142302327
COCc1c(C(C)C)nc(C(C)C)c(/C=C/[C@@H](O)C[C@@H](O)CC(=O)O)c1-c1ccc(F)cc1,0.3,-2.6015953613584744
COCc1c(C(C)C)nc(C(C)C)c(/C=C/[C@@H](O)C[C@@H](O)CC(=O)O)c1-c1ccc(F)cc1,0.2,-2.6937243101803925
COCc1c(C(C)C)nc(C(C)C)c(/C=C/[C@@H](O)C[C@@H](O)CC(=O)O)c1-c1ccc(F)cc1,0.1,-2.758055266755733
COCc1c(C(C)C)nc(C(C)C)c(/C=C/[C@@H](O)C[C@@H](O)CC(=O)O)c1-c1ccc(F)cc1,0.05,-3.2218487496163566
CCn1cc(C(=O)O)c(=O)c2cc(F)c(N3CCN(C)CC3)cc21,800.0,0.5888317255942073
CC(C)[C@@H](C)[C@@]1(C)CC[C@]2(C)[C@H]3CC[C@@H]4[C@@]5(COC[C@@]4(C)[C@@H](OC[C@](C)(N)C(C)(C)C)[C@H](n4ncnc4-c4ccncc4)C5)C3=CC[C@@]2(C)[C@@H]1C(=O)O,1500.0,0.0358338242627949
CC(C)[C@@H](C)[C@@]1(C)CC[C@]2(C)[C@H]3CC[C@@H]4[C@@]5(COC[C@@]4(C)[C@@H](OC[C@](C)(N)C(C)(C)C)[C@H](n4ncnc4-c4ccncc4)C5)C3=CC[C@@]2(C)[C@@H]1C(=O)O,600.0,-0.2500454328905658
CC(C)[C@@H](C)[C@@]1(C)CC[C@]2(C)[C@H]3CC[C@@H]4[C@@]5(COC[C@@]4(C)[C@@H](OC[C@](C)(N)C(C)(C)C)[C@H](n4ncnc4-c4ccncc4)C5)C3=CC[C@@]2(C)[C@@H]1C(=O)O,450.0,-0.3336879837638358
CC(C)[C@@H](C)[C@@]1(C)CC[C@]2(C)[C@H]3CC[C@@H]4[C@@]5(COC[C@@]4(C)[C@@H](OC[C@](C)(N)C(C)(C)C)[C@H](n4ncnc4-c4ccncc4)C5)C3=CC[C@@]2(C)[C@@H]1C(=O)O,300.0,-0.3449608621510115
CC(C)[C@@H](C)[C@@]1(C)CC[C@]2(C)[C@H]3CC[C@@H]4[C@@]5(COC[C@@]4(C)[C@@H](OC[C@](C)(N)C(C)(C)C)[C@H](n4ncnc4-c4ccncc4)C5)C3=CC[C@@]2(C)[C@@H]1C(=O)O,150.0,-0.7798919119599449
C=C[C@]1(C)C[C@@H](OC(=O)CS[C@@H]2CC[C@@H](N)C[C@H]2O)[C@]2(C)[C@H](C)CC[C@]3(CCC(=O)[C@H]32)[C@@H](C)[C@@H]1O,750.0,0.1448854182871422
C=C[C@]1(C)C[C@@H](OC(=O)CS[C@@H]2CC[C@@H](N)C[C@H]2O)[C@]2(C)[C@H](C)CC[C@]3(CCC(=O)[C@H]32)[C@@H](C)[C@@H]1O,600.0,0.0849855209306664
C=C[C@]1(C)C[C@@H](OC(=O)CS[C@@H]2CC[C@@H](N)C[C@H]2O)[C@]2(C)[C@H](C)CC[C@]3(CCC(=O)[C@H]32)[C@@H](C)[C@@H]1O,500.0,0.0576661039098292
C=C[C@]1(C)C[C@@H](OC(=O)CS[C@@H]2CC[C@@H](N)C[C@H]2O)[C@]2(C)[C@H](C)CC[C@]3(CCC(=O)[C@H]32)[C@@H](C)[C@@H]1O,400.0,0.0481076023165956
C=C[C@]1(C)C[C@@H](OC(=O)CS[C@@H]2CC[C@@H](N)C[C@H]2O)[C@]2(C)[C@H](C)CC[C@]3(CCC(=O)[C@H]32)[C@@H](C)[C@@H]1O,200.0,-0.1077495247017334
C=C[C@]1(C)C[C@@H](OC(=O)CS[C@@H]2CC[C@@H](N)C[C@H]2O)[C@]2(C)[C@H](C)CC[C@]3(CCC(=O)[C@H]32)[C@@H](C)[C@@H]1O,100.0,-0.6880343396316337
CC(C)NCC(O)COc1ccc(CCOCC2CC2)cc1,10.0,-1.665546248849069
O=C1CCCC(=O)C1C(=O)c1ccc(C(F)(F)F)cc1[N+](=O)[O-],70.0,0.896250562461638
O=C1CCCC(=O)C1C(=O)c1ccc(C(F)(F)F)cc1[N+](=O)[O-],10.0,0.0899278730523441
O=C1CN2Cc3c(ccc(Cl)c3Cl)N=C2N1,2.0,-1.7529273352053338
O=C1CN2Cc3c(ccc(Cl)c3Cl)N=C2N1,1.0,-2.191946653467647
O=C1CN2Cc3c(ccc(Cl)c3Cl)N=C2N1,0.5,-2.6331769557057583
CC[C@@H]([C@H](C)O)n1ncn(-c2ccc(N3CCN(c4ccc(OC[C@@H]5CO[C@@](Cn6cncn6)(c6ccc(F)cc6F)C5)cc4)CC3)cc2)c1=O,400.0,-0.1051055719592038
CC[C@@H]([C@H](C)O)n1ncn(-c2ccc(N3CCN(c4ccc(OC[C@@H]5CO[C@@](Cn6cncn6)(c6ccc(F)cc6F)C5)cc4)CC3)cc2)c1=O,300.0,-0.1075461085132493
CC[C@@H]([C@H](C)O)n1ncn(-c2ccc(N3CCN(c4ccc(OC[C@@H]5CO[C@@](Cn6cncn6)(c6ccc(F)cc6F)C5)cc4)CC3)cc2)c1=O,200.0,-0.4341690409115656
CC[C@@H]([C@H](C)O)n1ncn(-c2ccc(N3CCN(c4ccc(OC[C@@H]5CO[C@@](Cn6cncn6)(c6ccc(F)cc6F)C5)cc4)CC3)cc2)c1=O,100.0,-0.5116087093774877
CC[C@@H]([C@H](C)O)n1ncn(-c2ccc(N3CCN(c4ccc(OC[C@@H]5CO[C@@](Cn6cncn6)(c6ccc(F)cc6F)C5)cc4)CC3)cc2)c1=O,50.0,-0.9469215565165804
Cc1onc(-c2c(Cl)cccc2Cl)c1C(=O)N[C@@H]1C(=O)N2[C@@H]1SC(C)(C)[C@@H]2C(=O)O,500.0,1.201397124320451
O=C1NC(O)=NC1(c1ccccc1)c1ccccc1,100.0,0.0066449757266724
C[C@]12C=CC(=O)C=C1CC[C@@H]1[C@@H]2C(=O)C[C@@]2(C)[C@H]1CC[C@]2(O)C(=O)CO,40.0,-0.3362990746103519
C[C@]12C=CC(=O)C=C1CC[C@@H]1[C@@H]2C(=O)C[C@@]2(C)[C@H]1CC[C@]2(O)C(=O)CO,30.0,-0.4698003017969178
C[C@]12C=CC(=O)C=C1CC[C@@H]1[C@@H]2C(=O)C[C@@]2(C)[C@H]1CC[C@]2(O)C(=O)CO,20.0,-0.5335030962555994
C[C@]12C=CC(=O)C=C1CC[C@@H]1[C@@H]2C(=O)C[C@@]2(C)[C@H]1CC[C@]2(O)C(=O)CO,13.6,-0.9871627752948278
C[C@]12C=CC(=O)C=C1CC[C@@H]1[C@@H]2C(=O)C[C@@]2(C)[C@H]1CC[C@]2(O)C(=O)CO,5.0,-1.1946767751732248
C[C@]12C=CC(=O)C=C1CC[C@@H]1[C@@H]2C(=O)C[C@@]2(C)[C@H]1CC[C@]2(O)C(=O)CO,2.0,-1.6583103158228487
C[C@]12C=CC(=O)C=C1CC[C@@H]1[C@@H]2C(=O)C[C@@]2(C)[C@H]1CC[C@]2(O)C(=O)CO,1.0,-1.9263916115437931
CCCCCCCCCCC(=O)O[C@H]1CC[C@H]2[C@@H]3CCC4=CC(=O)CC[C@]4(C)[C@H]3CC[C@]12C,475.0,-0.1567672219019905
CCCCCCCCCCC(=O)O[C@H]1CC[C@H]2[C@@H]3CCC4=CC(=O)CC[C@]4(C)[C@H]3CC[C@]12C,225.0,-0.4255134443472108
CCCCCCCCCCC(=O)O[C@H]1CC[C@H]2[C@@H]3CCC4=CC(=O)CC[C@]4(C)[C@H]3CC[C@]12C,150.0,-0.4507759663951616
CCCCCCCCCCC(=O)O[C@H]1CC[C@H]2[C@@H]3CCC4=CC(=O)CC[C@]4(C)[C@H]3CC[C@]12C,300.0,-0.4655508111223843
CCCCCCCCCCC(=O)O[C@H]1CC[C@H]2[C@@H]3CCC4=CC(=O)CC[C@]4(C)[C@H]3CC[C@]12C,75.0,-0.9382460321940672
CCCCC1(CCCC)CN(c2ccccc2)c2cc(SC)c(OCC(=O)N[C@@H](C(=O)N[C@@H](CC)C(=O)O)c3ccc(O)cc3)cc2S(=O)(=O)N1,7.2,-3.329058719264225
CCCCC1(CCCC)CN(c2ccccc2)c2cc(SC)c(OCC(=O)N[C@@H](C(=O)N[C@@H](CC)C(=O)O)c3ccc(O)cc3)cc2S(=O)(=O)N1,9.6,-3.3992292934503343
CCCCC1(CCCC)CN(c2ccccc2)c2cc(SC)c(OCC(=O)N[C@@H](C(=O)N[C@@H](CC)C(=O)O)c3ccc(O)cc3)cc2S(=O)(=O)N1,2.8,-3.406381691870464
CCCCC1(CCCC)CN(c2ccccc2)c2cc(SC)c(OCC(=O)N[C@@H](C(=O)N[C@@H](CC)C(=O)O)c3ccc(O)cc3)cc2S(=O)(=O)N1,8.4,-3.4640732586044307
CCCCC1(CCCC)CN(c2ccccc2)c2cc(SC)c(OCC(=O)N[C@@H](C(=O)N[C@@H](CC)C(=O)O)c3ccc(O)cc3)cc2S(=O)(=O)N1,10.0,-3.7772835288524167
Cc1c(OCC(F)(F)F)ccnc1CS(=O)c1nc2ccccc2[nH]1,60.0,0.3773715239268067
Cc1c(OCC(F)(F)F)ccnc1CS(=O)c1nc2ccccc2[nH]1,40.0,0.1626639582671576
Cc1c(OCC(F)(F)F)ccnc1CS(=O)c1nc2ccccc2[nH]1,37.5,0.0250781879426995
Cc1c(OCC(F)(F)F)ccnc1CS(=O)c1nc2ccccc2[nH]1,30.0,-0.1872992684129606
Cc1c(OCC(F)(F)F)ccnc1CS(=O)c1nc2ccccc2[nH]1,15.0,-0.3005667772735205
C[C@@H](Oc1cc(-c2cnn(C3CCNCC3)c2)cnc1N)c1c(Cl)ccc(F)c1Cl,250.0,-0.7069959775699685
C[C@@H](Oc1cc(-c2cnn(C3CCNCC3)c2)cnc1N)c1c(Cl)ccc(F)c1Cl,300.0,-0.7124221909212947
C[C@@H](Oc1cc(-c2cnn(C3CCNCC3)c2)cnc1N)c1c(Cl)ccc(F)c1Cl,200.0,-0.8942982569756953
C[C@@H](Oc1cc(-c2cnn(C3CCNCC3)c2)cnc1N)c1c(Cl)ccc(F)c1Cl,150.0,-1.0800855193405683
C[C@@H](Oc1cc(-c2cnn(C3CCNCC3)c2)cnc1N)c1c(Cl)ccc(F)c1Cl,100.0,-1.169778056674965
C[C@@H](Oc1cc(-c2cnn(C3CCNCC3)c2)cnc1N)c1c(Cl)ccc(F)c1Cl,50.0,-1.442492798094342
Cc1cn([C@@H]2C[C@@H](O)[C@H](CO)O2)c(=O)[nH]c1=O,800.0,0.6344772701607315
Cc1cn([C@@H]2C[C@@H](O)[C@H](CO)O2)c(=O)[nH]c1=O,600.0,0.5135592018084301
Cc1cn([C@@H]2C[C@@H](O)[C@H](CO)O2)c(=O)[nH]c1=O,400.0,0.4427209098157316
Cc1cn([C@@H]2C[C@@H](O)[C@H](CO)O2)c(=O)[nH]c1=O,200.0,0.2402475501239551
Cc1cn([C@@H]2C[C@@H](O)[C@H](CO)O2)c(=O)[nH]c1=O,100.0,-0.1456939581989194
Cc1cn([C@@H]2C[C@@H](O)[C@H](CO)O2)c(=O)[nH]c1=O,50.0,-0.5086383061657274
Cc1cn([C@@H]2C[C@@H](O)[C@H](CO)O2)c(=O)[nH]c1=O,25.0,-0.6777807052660807
COc1cc2c(cc1OC)[C@H]1C[C@@H](OC(=O)[C@@H](N)C(C)C)[C@H](CC(C)C)CN1CC2,300.0,0.3856062735983122
COc1cc2c(cc1OC)[C@H]1C[C@@H](OC(=O)[C@@H](N)C(C)C)[C@H](CC(C)C)CN1CC2,160.0,0.2372923375674588
COc1cc2c(cc1OC)[C@H]1C[C@@H](OC(=O)[C@@H](N)C(C)C)[C@H](CC(C)C)CN1CC2,100.0,-0.0565054840938974
COc1cc2c(cc1OC)[C@H]1C[C@@H](OC(=O)[C@@H](N)C(C)C)[C@H](CC(C)C)CN1CC2,80.0,-0.1401114961242005
COc1cc2c(cc1OC)[C@H]1C[C@@H](OC(=O)[C@@H](N)C(C)C)[C@H](CC(C)C)CN1CC2,50.0,-0.3389449151466213
COc1cc2c(cc1OC)[C@H]1C[C@@H](OC(=O)[C@@H](N)C(C)C)[C@H](CC(C)C)CN1CC2,40.0,-0.4659738939438651
COc1cc2c(cc1OC)[C@H]1C[C@@H](OC(=O)[C@@H](N)C(C)C)[C@H](CC(C)C)CN1CC2,25.0,-0.8068754016455384
COc1cc2c(cc1OC)[C@H]1C[C@@H](OC(=O)[C@@H](N)C(C)C)[C@H](CC(C)C)CN1CC2,12.5,-1.2448877336049289
COc1cc2c(cc1OC)[C@H]1C[C@@H](OC(=O)[C@@H](N)C(C)C)[C@H](CC(C)C)CN1CC2,5.0,-1.7594507517174005
COc1cc2c(cc1OC)[C@H]1C[C@@H](OC(=O)[C@@H](N)C(C)C)[C@H](CC(C)C)CN1CC2,2.0,-2.192464971931147
COc1cc2c(cc1OC)[C@H]1C[C@@H](OC(=O)[C@@H](N)C(C)C)[C@H](CC(C)C)CN1CC2,1.0,-2.5316526695878427
COc1cc2ncnc(Nc3ccc(F)c(Cl)c3)c2cc1NC(=O)/C=C/CN1CCCCC1,60.0,-0.9665762445130504
COc1cc2ncnc(Nc3ccc(F)c(Cl)c3)c2cc1NC(=O)/C=C/CN1CCCCC1,45.0,-1.4812026969789738
COc1cc2ncnc(Nc3ccc(F)c(Cl)c3)c2cc1NC(=O)/C=C/CN1CCCCC1,30.0,-1.911598098081784
COc1cc2ncnc(Nc3ccc(F)c(Cl)c3)c2cc1NC(=O)/C=C/CN1CCCCC1,16.0,-2.0132282657337552
COc1cc2ncnc(Nc3ccc(F)c(Cl)c3)c2cc1NC(=O)/C=C/CN1CCCCC1,4.0,-2.5686362358410126
COc1cc2ncnc(Nc3ccc(F)c(Cl)c3)c2cc1NC(=O)/C=C/CN1CCCCC1,2.0,-2.677780705266081
Clc1ccc(CCCOCCCN2CCCCC2)cc1,40.0,-1.031517051446065
Clc1ccc(CCCOCCCN2CCCCC2)cc1,35.6,-1.136677139879544
Clc1ccc(CCCOCCCN2CCCCC2)cc1,20.0,-1.532028844996294
Clc1ccc(CCCOCCCN2CCCCC2)cc1,18.0,-1.5614576512138894
Clc1ccc(CCCOCCCN2CCCCC2)cc1,9.0,-2.508638306165728
Clc1ccc(CCCOCCCN2CCCCC2)cc1,4.5,-3.0043648054024503
COC(=O)C1=C(C)NC(C)=C(C(=O)OCCN2CCN(C(c3ccccc3)c3ccccc3)CC2)C1c1cccc([N+](=O)[O-])c1,40.0,-1.8585502265995328
COC(=O)C1=C(C)NC(C)=C(C(=O)OCCN2CCN(C(c3ccccc3)c3ccccc3)CC2)C1c1cccc([N+](=O)[O-])c1,10.0,-2.47968025925885
Cc1cc2c(cc1CC(=O)c1sccc1S(=O)(=O)Nc1onc(C)c1Cl)CCC2,100.0,1.0687158123694598
CC(C)N1CCC(N(C(=O)Cc2ccccc2)c2ccc(Cl)cc2)CC1,100.0,-0.5567370125413049
Nc1nc2c(ncn2COCCO)c(=O)[nH]1,1000.0,0.3242824552976926
Nc1nc2c(ncn2COCCO)c(=O)[nH]1,800.0,0.0659216472281589
Nc1nc2c(ncn2COCCO)c(=O)[nH]1,600.0,0.0515383905153273
Nc1nc2c(ncn2COCCO)c(=O)[nH]1,400.0,-0.1854385011321245
Nc1nc2c(ncn2COCCO)c(=O)[nH]1,200.0,-0.4065649467829429
Nc1nc2c(ncn2COCCO)c(=O)[nH]1,100.0,-1.3078583906332164
Nc1nc2c(ncn2COCCO)c(=O)[nH]1,50.0,-1.5454600150351814
CCN(CC)CCN1C(=O)CN=C(c2ccccc2F)c2cc(Cl)ccc21,30.0,-1.4365189146055894
CC[C@@H]1C(=O)OC[C@@H]1Cc1cncn1C,20.0,-1.10749727807903
CC[C@@H]1C(=O)OC[C@@H]1Cc1cncn1C,15.0,-1.1622853317150887
CC[C@@H]1C(=O)OC[C@@H]1Cc1cncn1C,10.0,-1.3602651822316083
CC[C@@H]1C(=O)OC[C@@H]1Cc1cncn1C,5.0,-1.5531522898441912
CC[C@@H]1C(=O)OC[C@@H]1Cc1cncn1C,5.0,-1.668045340815823
CC[C@@H]1C(=O)OC[C@@H]1Cc1cncn1C,2.5,-1.9500071430798571
CCN(CC)CCOC(=O)C1(C2CCCCC2)CCCCC1,20.0,-1.3078142751898445
COc1cc2nc(N(C)CCCNC(=O)C3CCCO3)nc(N)c2cc1OC,40.0,-1.359021942641668
COc1cc2nc(N(C)CCCNC(=O)C3CCCO3)nc(N)c2cc1OC,5.0,-1.576754126063192
COc1cc2nc(N(C)CCCNC(=O)C3CCCO3)nc(N)c2cc1OC,20.0,-1.7375489102695705
COc1cc2nc(N(C)CCCNC(=O)C3CCCO3)nc(N)c2cc1OC,15.0,-1.7909583309885924
COc1cc2nc(N(C)CCCNC(=O)C3CCCO3)nc(N)c2cc1OC,10.0,-1.9022147276543655
CC1(C)S[C@@H]2[C@H](NC(=O)C3(N)CCCCC3)C(=O)N2[C@H]1C(=O)O,1620.0,1.778332168729065
CC1CN(c2cc3c(cc2F)c(=O)c(C(=O)O)cn3-c2ccc(F)cc2F)CCN1,800.0,0.9484129657786012
CC1CN(c2cc3c(cc2F)c(=O)c(C(=O)O)cn3-c2ccc(F)cc2F)CCN1,600.0,0.8959747323590646
CC1CN(c2cc3c(cc2F)c(=O)c(C(=O)O)cn3-c2ccc(F)cc2F)CCN1,400.0,0.6148972160331346
CC1CN(c2cc3c(cc2F)c(=O)c(C(=O)O)cn3-c2ccc(F)cc2F)CCN1,300.0,0.5301996982030822
CC1CN(c2cc3c(cc2F)c(=O)c(C(=O)O)cn3-c2ccc(F)cc2F)CCN1,200.0,0.3541084391474008
CC1CN(c2cc3c(cc2F)c(=O)c(C(=O)O)cn3-c2ccc(F)cc2F)CCN1,100.0,0.1072099696478683
CNC(=O)c1ccc(-c2cnc3ncc(Cc4ccc5ncccc5c4)n3n2)cc1F,600.0,0.6854431518033566
CNC(=O)c1ccc(-c2cnc3ncc(Cc4ccc5ncccc5c4)n3n2)cc1F,400.0,0.4853172944194105
CNC(=O)c1ccc(-c2cnc3ncc(Cc4ccc5ncccc5c4)n3n2)cc1F,150.0,0.224014811372864
CNC(=O)c1ccc(-c2cnc3ncc(Cc4ccc5ncccc5c4)n3n2)cc1F,300.0,0.2234588550581063
CNC(=O)c1ccc(-c2cnc3ncc(Cc4ccc5ncccc5c4)n3n2)cc1F,200.0,0.1463104740266059
O=C(Cn1ccnc1[N+](=O)[O-])NCc1ccccc1,175.0,0.5175257836338214
O=C(Cn1ccnc1[N+](=O)[O-])NCc1ccccc1,100.0,0.3811300193294498
O=C1c2cccc3c2[C@H](CCC3)CN1[C@@H]1CN2CCC1CC2,5.6,-1.85078088734462
O=C1c2cccc3c2[C@H](CCC3)CN1[C@@H]1CN2CCC1CC2,3.255,-2.1412222626945505
O=C1c2cccc3c2[C@H](CCC3)CN1[C@@H]1CN2CCC1CC2,2.8,-2.1958605676646497
O=C1c2cccc3c2[C@H](CCC3)CN1[C@@H]1CN2CCC1CC2,2.1,-2.231855415262204
O=C1c2cccc3c2[C@H](CCC3)CN1[C@@H]1CN2CCC1CC2,1.4,-2.511449283499556
O=C1c2cccc3c2[C@H](CCC3)CN1[C@@H]1CN2CCC1CC2,0.7,-2.728739389512564
O=C1c2cccc3c2[C@H](CCC3)CN1[C@@H]1CN2CCC1CC2,0.75,-2.901440199751236
O=C1c2cccc3c2[C@H](CCC3)CN1[C@@H]1CN2CCC1CC2,0.5,-3.09434861305544
O=C1c2cccc3c2[C@H](CCC3)CN1[C@@H]1CN2CCC1CC2,0.25,-3.258743321427936
O=C1c2cccc3c2[C@H](CCC3)CN1[C@@H]1CN2CCC1CC2,0.21,-3.419455150809909
O=C1c2cccc3c2[C@H](CCC3)CN1[C@@H]1CN2CCC1CC2,0.07,-3.630784142589857
Nc1nc(Cl)nc2c1ncn2[C@@H]1C[C@H](O)[C@@H](CO)O1,20.0,-1.3847866651986416
Nc1nc(Cl)nc2c1ncn2[C@@H]1C[C@H](O)[C@@H](CO)O1,10.0,-1.597200025166584
Nc1nc(Cl)nc2c1ncn2[C@@H]1C[C@H](O)[C@@H](CO)O1,3.0,-1.8526586701840777
C[C@]1(COc2ccc(N3CCC(Oc4ccc(OC(F)(F)F)cc4)CC3)cc2)Cn2cc([N+](=O)[O-])nc2O1,400.0,-0.644165504115064
C[C@]1(COc2ccc(N3CCC(Oc4ccc(OC(F)(F)F)cc4)CC3)cc2)Cn2cc([N+](=O)[O-])nc2O1,200.0,-0.8613289657877318
C[C@]1(COc2ccc(N3CCC(Oc4ccc(OC(F)(F)F)cc4)CC3)cc2)Cn2cc([N+](=O)[O-])nc2O1,100.0,-0.9749086035114672
CN(C)CCCC1(c2ccc(F)cc2)OCc2cc(C#N)ccc21,60.0,-1.303765964974169
CN(C)CCCC1(c2ccc(F)cc2)OCc2cc(C#N)ccc21,40.0,-1.351403574965544
CN(C)CCCC1(c2ccc(F)cc2)OCc2cc(C#N)ccc21,30.0,-1.366430557445908
CN(C)CCCC1(c2ccc(F)cc2)OCc2cc(C#N)ccc21,20.0,-1.8233107914843576
CN(C)CCCC1(c2ccc(F)cc2)OCc2cc(C#N)ccc21,10.0,-1.9746941347352296
CCCCN(CCCC)CCC(O)c1cc2c(Cl)cc(Cl)cc2c2cc(C(F)(F)F)ccc12,500.0,-0.9552969525876174
CN(C)CCOC(c1ccc(Cl)cc1)c1ccccn1,8.0,-1.516946450050381
CN(C)CCOC(c1ccc(Cl)cc1)c1ccccn1,16.0,-1.5529949386946842
OCCN(CCO)c1nc(N2CCCCC2)c2nc(N(CCO)CCO)nc(N3CCCCC3)c2n1,75.0,0.1889284837608534
OCCN(CCO)c1nc(N2CCCCC2)c2nc(N(CCO)CCO)nc(N3CCCCC3)c2n1,50.0,0.0407075389677193
CCC[C@H](N[C@@H](C)C(=O)N1[C@H](C(=O)O)C[C@@H]2CCCC[C@@H]21)C(=O)OCC,16.0,-0.6055483191737837
CCC[C@H](N[C@@H](C)C(=O)N1[C@H](C(=O)O)C[C@@H]2CCCC[C@@H]21)C(=O)OCC,8.0,-0.7423214251308154
CCC[C@H](N[C@@H](C)C(=O)N1[C@H](C(=O)O)C[C@@H]2CCCC[C@@H]21)C(=O)OCC,4.0,-1.4041732229267778
O=C(O)C1N=C(c2ccccc2)c2cc(Cl)ccc2NC1=O,22.5,-0.2991040746279428
O=C(O)C1N=C(c2ccccc2)c2cc(Cl)ccc2NC1=O,7.5,-0.6216020990518624
O=C(O)C1N=C(c2ccccc2)c2cc(Cl)ccc2NC1=O,3.75,-0.6289321377282637
O=C(O)C1N=C(c2ccccc2)c2cc(Cl)ccc2NC1=O,15.0,-0.644165504115064
CC1=C(C(=O)O)N2C(=O)[C@@H](NC(=O)[C@H](N)c3ccccc3)[C@H]2SC1,1000.0,1.4487776462921074
CC1=C(C(=O)O)N2C(=O)[C@@H](NC(=O)[C@H](N)c3ccccc3)[C@H]2SC1,500.0,1.2210121010911092
CC1=C(C(=O)O)N2C(=O)[C@@H](NC(=O)[C@H](N)c3ccccc3)[C@H]2SC1,250.0,0.9527924430440922
C[C@]12COC(=O)C[C@@H]1CC[C@@H]1[C@@H]2CC[C@@]2(C)[C@H]1CC[C@]2(C)O,10.0,-0.7025075871212122
C[C@]12COC(=O)C[C@@H]1CC[C@@H]1[C@@H]2CC[C@@]2(C)[C@H]1CC[C@]2(C)O,2.5,-1.366455801988125
CO[C@@H]1[C@H](OC(=O)N[C@@H](C(N)=O)C(C)C)CC[C@]2(CO2)[C@H]1[C@@]1(C)O[C@@H]1C/C=C(\C)CO,15.0,-1.9705871377348985
CC(=O)NCCCS(=O)(=O)O,2664.0,0.1901915805753018
CC(=O)NCCCS(=O)(=O)O,800.0,-0.0944901468134132
CC(=O)NCCCS(=O)(=O)O,500.0,-0.2468154186213556
CC(=O)NCCCS(=O)(=O)O,300.0,-0.4220833050158979
NC(=O)N[C@@H](CCC(=O)O)C(=O)O,5600.0,0.670796105607206
NC(=O)N[C@@H](CCC(=O)O)C(=O)O,2800.0,0.2765537086243126
NC(=O)N[C@@H](CCC(=O)O)C(=O)O,200.0,0.2328055885720756
CCCCCN(C)CCC(O)(P(=O)(O)O)P(=O)(O)O,150.0,-1.0655015487564323
CCCCCN(C)CCC(O)(P(=O)(O)O)P(=O)(O)O,150.0,-1.0932206533523874
CCCCCN(C)CCC(O)(P(=O)(O)O)P(=O)(O)O,100.0,-1.1450869776921444
CCCCCN(C)CCC(O)(P(=O)(O)O)P(=O)(O)O,50.0,-1.5171264163912477
CCCCCN(C)CCC(O)(P(=O)(O)O)P(=O)(O)O,50.0,-1.9024477063292664
CCCCCN(C)CCC(O)(P(=O)(O)O)P(=O)(O)O,20.0,-2.231115350643636
CCCCCN(C)CCC(O)(P(=O)(O)O)P(=O)(O)O,10.0,-2.311580177997289
CCCCCN(C)CCC(O)(P(=O)(O)O)P(=O)(O)O,20.0,-2.408935392973501
CCCCCN(C)CCC(O)(P(=O)(O)O)P(=O)(O)O,5.0,-2.87942606879415
CCCCCN(C)CCC(O)(P(=O)(O)O)P(=O)(O)O,2.5,-3.1791420105603
CCCCCN(C)CCC(O)(P(=O)(O)O)P(=O)(O)O,1.0,-3.522878745280338
CCCCCN(C)CCC(O)(P(=O)(O)O)P(=O)(O)O,0.5,-3.7375489102695703
CCCCCN(C)CCC(O)(P(=O)(O)O)P(=O)(O)O,0.25,-4.275724130399211
CCCNS(=O)(=O)Nc1ncnc(OCCOc2ncc(Br)cn2)c1-c1ccc(Br)cc1,600.0,0.5061440978468829
CCCNS(=O)(=O)Nc1ncnc(OCCOc2ncc(Br)cn2)c1-c1ccc(Br)cc1,300.0,0.2664668954402414
CCCNS(=O)(=O)Nc1ncnc(OCCOc2ncc(Br)cn2)c1-c1ccc(Br)cc1,100.0,-0.0004345117740176
CCCNS(=O)(=O)Nc1ncnc(OCCOc2ncc(Br)cn2)c1-c1ccc(Br)cc1,25.0,-0.4749551929631547
CCCNS(=O)(=O)Nc1ncnc(OCCOc2ncc(Br)cn2)c1-c1ccc(Br)cc1,10.0,-0.7740449271039855
CCCNS(=O)(=O)Nc1ncnc(OCCOc2ncc(Br)cn2)c1-c1ccc(Br)cc1,5.0,-1.0296531237699067
CCCNS(=O)(=O)Nc1ncnc(OCCOc2ncc(Br)cn2)c1-c1ccc(Br)cc1,1.0,-1.747146969020107
CCCNS(=O)(=O)Nc1ncnc(OCCOc2ncc(Br)cn2)c1-c1ccc(Br)cc1,0.2,-2.397940008672037
Cc1cnc(Nc2ccc(OCCN3CCCC3)cc2)nc1Nc1cccc(S(=O)(=O)NC(C)(C)C)c1,400.0,0.2562365332059229
Cc1cnc(Nc2ccc(OCCN3CCCC3)cc2)nc1Nc1cccc(S(=O)(=O)NC(C)(C)C)c1,500.0,0.1449718261348445
Cc1cnc(Nc2ccc(OCCN3CCCC3)cc2)nc1Nc1cccc(S(=O)(=O)NC(C)(C)C)c1,300.0,-0.0345295107978439
Cc1cnc(Nc2ccc(OCCN3CCCC3)cc2)nc1Nc1cccc(S(=O)(=O)NC(C)(C)C)c1,100.0,-0.8446639625349383
Cc1cnc(Nc2ccc(OCCN3CCCC3)cc2)nc1Nc1cccc(S(=O)(=O)NC(C)(C)C)c1,50.0,-0.9913998282380824
O=C(O)c1ccc2nc(-c3cc(Cl)cc(Cl)c3)oc2c1,80.0,0.7897498848531465
CN(Cc1cnc2nc(N)nc(N)c2n1)c1ccc(C(=O)N[C@@H](CCC(=O)O)C(=O)O)cc1,300.0,0.7403626894942439
CN(Cc1cnc2nc(N)nc(N)c2n1)c1ccc(C(=O)N[C@@H](CCC(=O)O)C(=O)O)cc1,20.0,-0.3583177160147808
CN(Cc1cnc2nc(N)nc(N)c2n1)c1ccc(C(=O)N[C@@H](CCC(=O)O)C(=O)O)cc1,15.0,-0.4589639637313712
CN(Cc1cnc2nc(N)nc(N)c2n1)c1ccc(C(=O)N[C@@H](CCC(=O)O)C(=O)O)cc1,10.0,-0.5723299984473939
CN(Cc1cnc2nc(N)nc(N)c2n1)c1ccc(C(=O)N[C@@H](CCC(=O)O)C(=O)O)cc1,12.5,-0.5837294198407323
CN(Cc1cnc2nc(N)nc(N)c2n1)c1ccc(C(=O)N[C@@H](CCC(=O)O)C(=O)O)cc1,10.0,-0.5920626759821178
CN(Cc1cnc2nc(N)nc(N)c2n1)c1ccc(C(=O)N[C@@H](CCC(=O)O)C(=O)O)cc1,5.0,-0.8645651975223627
CN(Cc1cnc2nc(N)nc(N)c2n1)c1ccc(C(=O)N[C@@H](CCC(=O)O)C(=O)O)cc1,2.5,-1.0551522791367558
CSc1ccc(C(=O)c2[nH]c(=O)[nH]c2C)cc1,100.0,-0.0475708313241434
CSc1ccc(C(=O)c2[nH]c(=O)[nH]c2C)cc1,50.0,-0.7351821769904636
CCCCCCOC(=O)NC(=N)c1ccc(NCc2nc3cc(C(=O)N(CCC(=O)OCC)c4ccccn4)ccc3n2C)cc1,400.0,-0.3526170298853803
CCCCCCOC(=O)NC(=N)c1ccc(NCc2nc3cc(C(=O)N(CCC(=O)OCC)c4ccccn4)ccc3n2C)cc1,200.0,-0.8106032741647817
CCCCCCOC(=O)NC(=N)c1ccc(NCc2nc3cc(C(=O)N(CCC(=O)OCC)c4ccccn4)ccc3n2C)cc1,106.25,-0.8366398177492405
CCCCCCOC(=O)NC(=N)c1ccc(NCc2nc3cc(C(=O)N(CCC(=O)OCC)c4ccccn4)ccc3n2C)cc1,87.5,-0.8601209135987634
CCCCCCOC(=O)NC(=N)c1ccc(NCc2nc3cc(C(=O)N(CCC(=O)OCC)c4ccccn4)ccc3n2C)cc1,137.5,-0.8664610916297825
CCCCCCOC(=O)NC(=N)c1ccc(NCc2nc3cc(C(=O)N(CCC(=O)OCC)c4ccccn4)ccc3n2C)cc1,150.0,-0.8817575459934973
CCCCCCOC(=O)NC(=N)c1ccc(NCc2nc3cc(C(=O)N(CCC(=O)OCC)c4ccccn4)ccc3n2C)cc1,100.0,-0.8869484231233482
CCCCCCOC(=O)NC(=N)c1ccc(NCc2nc3cc(C(=O)N(CCC(=O)OCC)c4ccccn4)ccc3n2C)cc1,75.0,-1.0036878144446832
CCCCCCOC(=O)NC(=N)c1ccc(NCc2nc3cc(C(=O)N(CCC(=O)OCC)c4ccccn4)ccc3n2C)cc1,62.5,-1.0078885122130503
CCCCCCOC(=O)NC(=N)c1ccc(NCc2nc3cc(C(=O)N(CCC(=O)OCC)c4ccccn4)ccc3n2C)cc1,110.0,-1.0574958938319192
CCCCCCOC(=O)NC(=N)c1ccc(NCc2nc3cc(C(=O)N(CCC(=O)OCC)c4ccccn4)ccc3n2C)cc1,50.0,-1.191789027075778
CCCCCCOC(=O)NC(=N)c1ccc(NCc2nc3cc(C(=O)N(CCC(=O)OCC)c4ccccn4)ccc3n2C)cc1,30.0,-1.6675615400843946
CCCCCCOC(=O)NC(=N)c1ccc(NCc2nc3cc(C(=O)N(CCC(=O)OCC)c4ccccn4)ccc3n2C)cc1,10.0,-2.0809219076239263
COc1ccc2c(c1)c(CC(=O)O)c(C)n2C(=O)c1ccc(Cl)cc1,100.0,0.5243961221038419
COc1ccc2c(c1)c(CC(=O)O)c(C)n2C(=O)c1ccc(Cl)cc1,50.0,0.3803782320223173
COc1ccc2c(c1)c(CC(=O)O)c(C)n2C(=O)c1ccc(Cl)cc1,40.0,0.3273836629210354
COc1ccc2c(c1)c(CC(=O)O)c(C)n2C(=O)c1ccc(Cl)cc1,20.0,0.0542059520930476
COc1ccc2c(c1)c(CC(=O)O)c(C)n2C(=O)c1ccc(Cl)cc1,25.0,-0.0969100130080563
CCn1c(=O)c2c(nc(/C=C/c3ccc(OC)c(OC)c3)n2C)n(CC)c1=O,400.0,-0.2949063894521268
CCn1c(=O)c2c(nc(/C=C/c3ccc(OC)c(OC)c3)n2C)n(CC)c1=O,300.0,-0.3670368318327389
CCn1c(=O)c2c(nc(/C=C/c3ccc(OC)c(OC)c3)n2C)n(CC)c1=O,200.0,-0.4702397599491669
CCn1c(=O)c2c(nc(/C=C/c3ccc(OC)c(OC)c3)n2C)n(CC)c1=O,150.0,-0.4924139602369893
CCn1c(=O)c2c(nc(/C=C/c3ccc(OC)c(OC)c3)n2C)n(CC)c1=O,100.0,-0.5885149798750035
CCn1c(=O)c2c(nc(/C=C/c3ccc(OC)c(OC)c3)n2C)n(CC)c1=O,50.0,-0.7410170366659241
CCn1c(=O)c2c(nc(/C=C/c3ccc(OC)c(OC)c3)n2C)n(CC)c1=O,25.0,-1.0051802643355758
CCn1c(=O)c2c(nc(/C=C/c3ccc(OC)c(OC)c3)n2C)n(CC)c1=O,10.0,-1.3940795878588002
CCn1c(=O)c2c(nc(/C=C/c3ccc(OC)c(OC)c3)n2C)n(CC)c1=O,5.0,-1.779891911959945
COc1cc2nc(N3CCN(C(=O)C4CCCO4)CC3)nc(N)c2cc1OC,10.0,-0.5421181032660077
COc1cc2nc(N3CCN(C(=O)C4CCCO4)CC3)nc(N)c2cc1OC,5.0,-1.0379604904950264
COc1cc2nc(N3CCN(C(=O)C4CCCO4)CC3)nc(N)c2cc1OC,7.5,-1.083546051450075
COc1cc2nc(N3CCN(C(=O)C4CCCO4)CC3)nc(N)c2cc1OC,2.0,-1.372511247264797
COc1cc2nc(N3CCN(C(=O)C4CCCO4)CC3)nc(N)c2cc1OC,2.5,-1.42021640338319
COc1cc2nc(N3CCN(C(=O)C4CCCO4)CC3)nc(N)c2cc1OC,1.0,-1.7562399441833172
COc1cc2nc(N3CCN(C(=O)C4CCCO4)CC3)nc(N)c2cc1OC,0.5,-2.116196661730628
COc1cc2nc(N3CCN(C(=O)C4CCCO4)CC3)nc(N)c2cc1OC,0.1,-2.744727494896694
Cc1cccn2c(=O)c(-c3nnn[nH]3)cnc12,40.0,-2.437945170343621
Cc1cccn2c(=O)c(-c3nnn[nH]3)cnc12,20.0,-2.7664962396588657
Cc1cccn2c(=O)c(-c3nnn[nH]3)cnc12,10.0,-3.140861702705469
Cc1cccn2c(=O)c(-c3nnn[nH]3)cnc12,5.0,-3.380906669373257
Cc1cccn2c(=O)c(-c3nnn[nH]3)cnc12,2.5,-3.636388020107856
CS(=O)(=O)Nc1ccc([N+](=O)[O-])cc1Oc1ccccc1,100.0,0.6812412373755872
CC(=O)S[C@@H]1CC2=CC(=O)CC[C@]2(C)[C@H]2CC[C@@]3(C)[C@@H](CC[C@]34CCC(=O)O4)[C@H]12,200.0,-0.5716221987009131
CC(=O)S[C@@H]1CC2=CC(=O)CC[C@]2(C)[C@H]2CC[C@@]3(C)[C@@H](CC[C@]34CCC(=O)O4)[C@H]12,100.0,-0.9249213436727076
CC(=O)S[C@@H]1CC2=CC(=O)CC[C@]2(C)[C@H]2CC[C@@]3(C)[C@@H](CC[C@]34CCC(=O)O4)[C@H]12,75.0,-0.9931062920520995
CC(=O)S[C@@H]1CC2=CC(=O)CC[C@]2(C)[C@H]2CC[C@@]3(C)[C@@H](CC[C@]34CCC(=O)O4)[C@H]12,25.0,-1.3594427917125356
CC(=O)S[C@@H]1CC2=CC(=O)CC[C@]2(C)[C@H]2CC[C@@]3(C)[C@@H](CC[C@]34CCC(=O)O4)[C@H]12,18.75,-1.4213607900319276
N#C[C@@H]1C[C@@H]2C[C@@H]2N1C(=O)[C@@H](N)C12CC3CC(CC(O)(C3)C1)C2,50.0,-0.554398205433015
COc1ccccc1OCC(O)COC(N)=O,1500.0,1.3979400086720375
Nc1nnc(-c2cccc(Cl)c2Cl)c(N)n1,700.0,1.2787536009528289
Nc1nnc(-c2cccc(Cl)c2Cl)c(N)n1,240.0,0.4996870826184038
Nc1nnc(-c2cccc(Cl)c2Cl)c(N)n1,300.0,0.452662471084877
Nc1nnc(-c2cccc(Cl)c2Cl)c(N)n1,200.0,0.443106456737266
Nc1nnc(-c2cccc(Cl)c2Cl)c(N)n1,150.0,0.3541084391474008
Nc1nnc(-c2cccc(Cl)c2Cl)c(N)n1,250.0,0.3334472744967504
Nc1nnc(-c2cccc(Cl)c2Cl)c(N)n1,94.5,0.3222192947339193
Nc1nnc(-c2cccc(Cl)c2Cl)c(N)n1,120.0,0.1986570869544226
Nc1nnc(-c2cccc(Cl)c2Cl)c(N)n1,140.0,0.1072099696478683
Nc1nnc(-c2cccc(Cl)c2Cl)c(N)n1,100.0,0.0619276998197284
Nc1nnc(-c2cccc(Cl)c2Cl)c(N)n1,60.0,-0.0969100130080563
Nc1nnc(-c2cccc(Cl)c2Cl)c(N)n1,50.0,-0.2696582597714557
Nc1nnc(-c2cccc(Cl)c2Cl)c(N)n1,30.0,-0.3979400086720376
Nc1nnc(-c2cccc(Cl)c2Cl)c(N)n1,25.0,-0.4900766024013875
Nc1nnc(-c2cccc(Cl)c2Cl)c(N)n1,1.0,-1.6675615400843946
CCN1CCCC1CNC(=O)c1cc(S(=O)(=O)CC)c(N)cc1OC,400.0,0.1238516409670858
CCN1CCCC1CNC(=O)c1cc(S(=O)(=O)CC)c(N)cc1OC,200.0,-0.2743605673264624
COc1c(C)c2c(c(O)c1C/C=C(\C)CCC(=O)OCCN1CCOCC1)C(=O)OC2,2500.0,1.7323937598229686
COc1c(C)c2c(c(O)c1C/C=C(\C)CCC(=O)OCCN1CCOCC1)C(=O)OC2,2000.0,1.4653828514484184
COc1c(C)c2c(c(O)c1C/C=C(\C)CCC(=O)OCCN1CCOCC1)C(=O)OC2,1500.0,1.4191051796005263
COc1c(C)c2c(c(O)c1C/C=C(\C)CCC(=O)OCCN1CCOCC1)C(=O)OC2,1000.0,1.3221275706857925
COc1c(C)c2c(c(O)c1C/C=C(\C)CCC(=O)OCCN1CCOCC1)C(=O)OC2,1050.0,1.1205739312058498
COc1c(C)c2c(c(O)c1C/C=C(\C)CCC(=O)OCCN1CCOCC1)C(=O)OC2,500.0,1.0812872850714126
Cc1ccc(/C(=C\CN2CCCC2)c2ccccn2)cc1,5.0,-1.8860566476931635
Cc1ccc(/C(=C\CN2CCCC2)c2ccccn2)cc1,2.09,-2.2518119729938
CC[C@H]1OC(=O)[C@H](C)C(=O)[C@H](C)[C@@H](O[C@@H]2O[C@H](C)C[C@H](N(C)C)[C@H]2O)[C@](C)(OC)C[C@@H](C)C(=O)[C@H](C)[C@@H]2N(CCCCn3cnc(-c4cccnc4)c3)C(=O)O[C@@]21C,3200.0,0.6444385894678386
CC[C@H]1OC(=O)[C@H](C)C(=O)[C@H](C)[C@@H](O[C@@H]2O[C@H](C)C[C@H](N(C)C)[C@H]2O)[C@](C)(OC)C[C@@H](C)C(=O)[C@H](C)[C@@H]2N(CCCCn3cnc(-c4cccnc4)c3)C(=O)O[C@@]21C,2400.0,0.6356847625472225
CC[C@H]1OC(=O)[C@H](C)C(=O)[C@H](C)[C@@H](O[C@@H]2O[C@H](C)C[C@H](N(C)C)[C@H]2O)[C@](C)(OC)C[C@@H](C)C(=O)[C@H](C)[C@@H]2N(CCCCn3cnc(-c4cccnc4)c3)C(=O)O[C@@]21C,1600.0,0.6190585299951361
CC[C@H]1OC(=O)[C@H](C)C(=O)[C@H](C)[C@@H](O[C@@H]2O[C@H](C)C[C@H](N(C)C)[C@H]2O)[C@](C)(OC)C[C@@H](C)C(=O)[C@H](C)[C@@H]2N(CCCCn3cnc(-c4cccnc4)c3)C(=O)O[C@@]21C,800.0,0.2497817050432561
CC[C@H]1OC(=O)[C@H](C)C(=O)[C@H](C)[C@@H](O[C@@H]2O[C@H](C)C[C@H](N(C)C)[C@H]2O)[C@](C)(OC)C[C@@H](C)C(=O)[C@H](C)[C@@H]2N(CCCCn3cnc(-c4cccnc4)c3)C(=O)O[C@@]21C,600.0,0.2166056942039844
CC[C@H]1OC(=O)[C@H](C)C(=O)[C@H](C)[C@@H](O[C@@H]2O[C@H](C)C[C@H](N(C)C)[C@H]2O)[C@](C)(OC)C[C@@H](C)C(=O)[C@H](C)[C@@H]2N(CCCCn3cnc(-c4cccnc4)c3)C(=O)O[C@@]21C,400.0,-0.1531064566833748
Cc1ccc(CNC(=O)c2nn(-c3ccc(F)cc3)c(CC[C@@H](O)C[C@@H](O)CC(=O)O)c2C(C)C)cc1,160.0,0.833147085740324
Cc1ccc(CNC(=O)c2nn(-c3ccc(F)cc3)c(CC[C@@H](O)C[C@@H](O)CC(=O)O)c2C(C)C)cc1,80.0,0.6512778924247543
Cc1ccc(CNC(=O)c2nn(-c3ccc(F)cc3)c(CC[C@@H](O)C[C@@H](O)CC(=O)O)c2C(C)C)cc1,40.0,0.2479730411174914
Cc1ccc(CNC(=O)c2nn(-c3ccc(F)cc3)c(CC[C@@H](O)C[C@@H](O)CC(=O)O)c2C(C)C)cc1,20.0,-0.1307685224762977
Cc1ccc(CNC(=O)c2nn(-c3ccc(F)cc3)c(CC[C@@H](O)C[C@@H](O)CC(=O)O)c2C(C)C)cc1,5.0,-0.707743129187887
Cc1ccc(CNC(=O)c2nn(-c3ccc(F)cc3)c(CC[C@@H](O)C[C@@H](O)CC(=O)O)c2C(C)C)cc1,1.0,-1.4749692824825344
CC[C@H]1OC(=O)[C@H](C)C(=O)[C@H](C)[C@@H](O[C@@H]2O[C@H](C)C[C@H](N(C)C)[C@H]2O)[C@@]2(C)C[C@@H](C)/C(=N\C(C)=O)[C@H](C)[C@@H](OC/C(=N\OCc3ccc(-n4cccn4)nc3)CO2)[C@]1(C)O,1200.0,0.0318126701061614
CC[C@H]1OC(=O)[C@H](C)C(=O)[C@H](C)[C@@H](O[C@@H]2O[C@H](C)C[C@H](N(C)C)[C@H]2O)[C@@]2(C)C[C@@H](C)/C(=N\C(C)=O)[C@H](C)[C@@H](OC/C(=N\OCc3ccc(-n4cccn4)nc3)CO2)[C@]1(C)O,800.0,0.0277577181029198
CC[C@H]1OC(=O)[C@H](C)C(=O)[C@H](C)[C@@H](O[C@@H]2O[C@H](C)C[C@H](N(C)C)[C@H]2O)[C@@]2(C)C[C@@H](C)/C(=N\C(C)=O)[C@H](C)[C@@H](OC/C(=N\OCc3ccc(-n4cccn4)nc3)CO2)[C@]1(C)O,400.0,-0.2719164158095704
CC[C@H]1OC(=O)[C@H](C)C(=O)[C@H](C)[C@@H](O[C@@H]2O[C@H](C)C[C@H](N(C)C)[C@H]2O)[C@@]2(C)C[C@@H](C)/C(=N\C(C)=O)[C@H](C)[C@@H](OC/C(=N\OCc3ccc(-n4cccn4)nc3)CO2)[C@]1(C)O,200.0,-0.4040634316966334
CC[C@H]1OC(=O)[C@H](C)C(=O)[C@H](C)[C@@H](O[C@@H]2O[C@H](C)C[C@H](N(C)C)[C@H]2O)[C@@]2(C)C[C@@H](C)/C(=N\C(C)=O)[C@H](C)[C@@H](OC/C(=N\OCc3ccc(-n4cccn4)nc3)CO2)[C@]1(C)O,100.0,-0.7077445690067781
CC(=O)O[C@H]1C(=O)[C@@]2(C)[C@H]([C@H](OC(=O)c3ccccc3)[C@]3(O)C[C@H](OC(=O)[C@H](O)[C@@H](NC(=O)c4ccccc4)c4ccccc4)C(C)=C1C3(C)C)[C@]1(OC(C)=O)CO[C@@H]1C[C@@H]2O,270.0,-0.6974217157731581
Cc1ccccc1C(=O)Nc1ccc(C(=O)N2CCCC(O)c3cc(Cl)ccc32)c(C)c1,420.0,0.1142772965615862
Cc1ccccc1C(=O)Nc1ccc(C(=O)N2CCCC(O)c3cc(Cl)ccc32)c(C)c1,480.0,0.0240749873074262
Cc1ccccc1C(=O)Nc1ccc(C(=O)N2CCCC(O)c3cc(Cl)ccc32)c(C)c1,360.0,-0.0017406615763012
Cc1ccccc1C(=O)Nc1ccc(C(=O)N2CCCC(O)c3cc(Cl)ccc32)c(C)c1,300.0,-0.0026136156026866
Cc1ccccc1C(=O)Nc1ccc(C(=O)N2CCCC(O)c3cc(Cl)ccc32)c(C)c1,240.0,-0.0453716224927289
Cc1ccccc1C(=O)Nc1ccc(C(=O)N2CCCC(O)c3cc(Cl)ccc32)c(C)c1,120.0,-0.1237915441976963
Cc1ccccc1C(=O)Nc1ccc(C(=O)N2CCCC(O)c3cc(Cl)ccc32)c(C)c1,180.0,-0.1514414278762366
Cc1ccccc1C(=O)Nc1ccc(C(=O)N2CCCC(O)c3cc(Cl)ccc32)c(C)c1,90.0,-0.1880007366517143
Cc1ccccc1C(=O)Nc1ccc(C(=O)N2CCCC(O)c3cc(Cl)ccc32)c(C)c1,60.0,-0.3778920506914679
Cc1ccccc1C(=O)Nc1ccc(C(=O)N2CCCC(O)c3cc(Cl)ccc32)c(C)c1,30.0,-0.541805964432988
Cc1ccccc1C(=O)Nc1ccc(C(=O)N2CCCC(O)c3cc(Cl)ccc32)c(C)c1,15.0,-0.5936171357914845
Cc1ccccc1C(=O)Nc1ccc(C(=O)N2CCCC(O)c3cc(Cl)ccc32)c(C)c1,10.0,-1.1057116355509682
Cc1ccccc1C(=O)Nc1ccc(C(=O)N2CCCC(O)c3cc(Cl)ccc32)c(C)c1,5.0,-1.4822764051662645
CC[C@@H](c1cccc(O)c1)[C@@H](C)CN(C)C,203.0,0.3676610315127812
CC[C@@H](c1cccc(O)c1)[C@@H](C)CN(C)C,174.0,0.3584179213254114
CC[C@@H](c1cccc(O)c1)[C@@H](C)CN(C)C,145.0,0.2908217523341625
CC[C@@H](c1cccc(O)c1)[C@@H](C)CN(C)C,7000.0,0.2782962080912739
CC[C@@H](c1cccc(O)c1)[C@@H](C)CN(C)C,116.0,0.2535500114235082
CC[C@@H](c1cccc(O)c1)[C@@H](C)CN(C)C,87.0,0.1978248084537546
CC[C@@H](c1cccc(O)c1)[C@@H](C)CN(C)C,80.0,0.0225017784834099
CC[C@@H](c1cccc(O)c1)[C@@H](C)CN(C)C,75.0,-1.0752040042020878
CC[C@@H](c1cccc(O)c1)[C@@H](C)CN(C)C,86.0,-1.150905913975368
CC[C@@H](c1cccc(O)c1)[C@@H](C)CN(C)C,64.0,-1.1575988056542088
CC[C@@H](c1cccc(O)c1)[C@@H](C)CN(C)C,40.0,-1.3535962737769305
CC[C@@H](c1cccc(O)c1)[C@@H](C)CN(C)C,43.0,-1.5287082889410628
CC[C@@H](c1cccc(O)c1)[C@@H](C)CN(C)C,20.0,-1.6882461389442458
CC[C@@H](c1cccc(O)c1)[C@@H](C)CN(C)C,21.5,-1.8605932295582075
CC[C@@H](c1cccc(O)c1)[C@@H](C)CN(C)C,10.0,-2.020907099361674
Cc1ccc(Nc2nccc(N(C)c3ccc4c(C)n(C)nc4c3)n2)cc1S(N)(=O)=O,800.0,1.3611415205173645
Cc1ccc(Nc2nccc(N(C)c3ccc4c(C)n(C)nc4c3)n2)cc1S(N)(=O)=O,400.0,1.0025979807199086
CC(C(=O)O)c1ccc(C(=O)c2cccs2)cc1,200.0,1.3170529827381752
CCOC(=O)/C=C(C)/C=C/C=C(C)/C=C/c1c(C)cc(OC)c(C)c1C,25.0,-0.6099485035410127
NC[C@H]1CC[C@H](C(=O)O)CC1,2600.0,1.3324384599156054
NC[C@H]1CC[C@H](C(=O)O)CC1,3900.0,1.3324384599156054
NC[C@H]1CC[C@H](C(=O)O)CC1,1300.0,1.0934216851622351
NC[C@H]1CC[C@H](C(=O)O)CC1,650.0,0.9198292016731708
CN1CC[C@]23c4c5ccc(O)c4O[C@H]2C(=O)CC[C@@]3(O)[C@H]1C5,40.0,-2.4295630770841363
CN1CC[C@]23c4c5ccc(O)c4O[C@H]2C(=O)CC[C@@]3(O)[C@H]1C5,15.0,-2.5894539521408384
CN1CC[C@]23c4c5ccc(O)c4O[C@H]2C(=O)CC[C@@]3(O)[C@H]1C5,20.0,-2.679388747053311
CN1CC[C@]23c4c5ccc(O)c4O[C@H]2C(=O)CC[C@@]3(O)[C@H]1C5,14.0,-2.6895006330313254
CN1CC[C@]23c4c5ccc(O)c4O[C@H]2C(=O)CC[C@@]3(O)[C@H]1C5,10.0,-2.796889372990115
CN1CC[C@]23c4c5ccc(O)c4O[C@H]2C(=O)CC[C@@]3(O)[C@H]1C5,7.0,-2.902609188574292
CN1CC[C@]23c4c5ccc(O)c4O[C@H]2C(=O)CC[C@@]3(O)[C@H]1C5,5.6,-3.0457574905606752
CN1CC[C@]23c4c5ccc(O)c4O[C@H]2C(=O)CC[C@@]3(O)[C@H]1C5,5.0,-3.190427990042876
CN1CC[C@]23c4c5ccc(O)c4O[C@H]2C(=O)CC[C@@]3(O)[C@H]1C5,3.5,-3.6170137042337327
Cn1cc(-c2cc3c(N4CCN(c5ncc([C@@](C)(N)c6ccc(F)cc6)cn5)CC4)ncnn3c2)cn1,600.0,-0.115204636051019
Cn1cc(-c2cc3c(N4CCN(c5ncc([C@@](C)(N)c6ccc(F)cc6)cn5)CC4)ncnn3c2)cn1,400.0,-0.4597957001579402
Cn1cc(-c2cc3c(N4CCN(c5ncc([C@@](C)(N)c6ccc(F)cc6)cn5)CC4)ncnn3c2)cn1,300.0,-0.5449858574004152
Cn1cc(-c2cc3c(N4CCN(c5ncc([C@@](C)(N)c6ccc(F)cc6)cn5)CC4)ncnn3c2)cn1,200.0,-0.5951662833800622
Cn1cc(-c2cc3c(N4CCN(c5ncc([C@@](C)(N)c6ccc(F)cc6)cn5)CC4)ncnn3c2)cn1,135.0,-0.8855002165063436
Cn1cc(-c2cc3c(N4CCN(c5ncc([C@@](C)(N)c6ccc(F)cc6)cn5)CC4)ncnn3c2)cn1,90.0,-1.070240584670538
Cn1cc(-c2cc3c(N4CCN(c5ncc([C@@](C)(N)c6ccc(F)cc6)cn5)CC4)ncnn3c2)cn1,60.0,-1.254664918040416
Cn1cc(-c2cc3c(N4CCN(c5ncc([C@@](C)(N)c6ccc(F)cc6)cn5)CC4)ncnn3c2)cn1,30.0,-1.5388017113775068
NCCCC[C@H](NC(=O)[C@@H](Cc1cc(Br)c(O)c(Br)c1)NC(=O)N1CCC(N2Cc3ccccc3NC2=O)CC1)C(=O)N1CCN(c2ccncc2)CC1,2.5,-0.6804392631232173
Cc1cc(C#N)cc(C)c1Oc1nc(Nc2ccc(C#N)cc2)nc(N)c1Br,400.0,-0.4313576205244055
Cc1cc(C#N)cc(C)c1Oc1nc(Nc2ccc(C#N)cc2)nc(N)c1Br,364.0,-0.4566149551901567
Cc1cc(C#N)cc(C)c1Oc1nc(Nc2ccc(C#N)cc2)nc(N)c1Br,200.0,-0.4823960011690273
Cc1cc(C#N)cc(C)c1Oc1nc(Nc2ccc(C#N)cc2)nc(N)c1Br,300.0,-0.625618301949118
Cc1cc(C#N)cc(C)c1Oc1nc(Nc2ccc(C#N)cc2)nc(N)c1Br,100.0,-0.9229130150000656
CC(C)c1ccc2oc3nc(N)c(C(=O)O)cc3c(=O)c2c1,100.0,0.1217053505882512
CC(C)c1ccc2oc3nc(N)c(C(=O)O)cc3c(=O)c2c1,50.0,-0.3493719750722331
CC(C)c1ccc2oc3nc(N)c(C(=O)O)cc3c(=O)c2c1,5.0,-0.9208187539523752
CC(=O)OCC(=O)[C@@]12N=C(C)O[C@@H]1C[C@H]1[C@@H]3CCC4=CC(=O)C=C[C@]4(C)[C@H]3[C@@H](O)C[C@@]12C,63.0,-0.5323918944163667
CCC(=O)C(CC(C)N(C)C)(c1ccccc1)c1ccccc1,117.5,-0.1614657294881314
CCC(=O)C(CC(C)N(C)C)(c1ccccc1)c1ccccc1,55.0,-0.2539888922480741
CCC(=O)C(CC(C)N(C)C)(c1ccccc1)c1ccccc1,80.0,-0.286789556549371
CCC(=O)C(CC(C)N(C)C)(c1ccccc1)c1ccccc1,107.0,-0.333586029619704
CCC(=O)C(CC(C)N(C)C)(c1ccccc1)c1ccccc1,100.0,-0.3713556777153934
CCC(=O)C(CC(C)N(C)C)(c1ccccc1)c1ccccc1,52.5,-0.4034029043735397
CCC(=O)C(CC(C)N(C)C)(c1ccccc1)c1ccccc1,50.0,-0.5223964637405996
CCC(=O)C(CC(C)N(C)C)(c1ccccc1)c1ccccc1,70.0,-0.5575202309355514
CCC(=O)C(CC(C)N(C)C)(c1ccccc1)c1ccccc1,67.5,-0.6094181214495648
CCC(=O)C(CC(C)N(C)C)(c1ccccc1)c1ccccc1,67.0,-0.6489771474158762
CCC(=O)C(CC(C)N(C)C)(c1ccccc1)c1ccccc1,40.0,-0.6585984527165265
CCC(=O)C(CC(C)N(C)C)(c1ccccc1)c1ccccc1,10.0,-1.4377071355435254
CCC(=O)C(CC(C)N(C)C)(c1ccccc1)c1ccccc1,1.0,-2.297031237581629
CC(C)(NC(=O)C1=C(O)[C@@H]2Oc3c(O)ccc4c3[C@@]23CCN(CC2CC2)[C@H](C4)[C@]3(O)C1)c1nc(-c2ccccc2)no1,100.0,0.4082399653118496
CC(C)(NC(=O)C1=C(O)[C@@H]2Oc3c(O)ccc4c3[C@@]23CCN(CC2CC2)[C@H](C4)[C@]3(O)C1)c1nc(-c2ccccc2)no1,30.0,-0.0802248055771386
CC(C)(NC(=O)C1=C(O)[C@@H]2Oc3c(O)ccc4c3[C@@]23CCN(CC2CC2)[C@H](C4)[C@]3(O)C1)c1nc(-c2ccccc2)no1,10.0,-0.9694852834087508
CC(C)(NC(=O)C1=C(O)[C@@H]2Oc3c(O)ccc4c3[C@@]23CCN(CC2CC2)[C@H](C4)[C@]3(O)C1)c1nc(-c2ccccc2)no1,2.0,-1.9438473299857333
CC(C)(NC(=O)C1=C(O)[C@@H]2Oc3c(O)ccc4c3[C@@]23CCN(CC2CC2)[C@H](C4)[C@]3(O)C1)c1nc(-c2ccccc2)no1,1.0,-2.070362157462504
CC(C)(NC(=O)C1=C(O)[C@@H]2Oc3c(O)ccc4c3[C@@]23CCN(CC2CC2)[C@H](C4)[C@]3(O)C1)c1nc(-c2ccccc2)no1,0.4,-2.2377717157135257
CC(C)(NC(=O)C1=C(O)[C@@H]2Oc3c(O)ccc4c3[C@@]23CCN(CC2CC2)[C@H](C4)[C@]3(O)C1)c1nc(-c2ccccc2)no1,0.2,-2.5267174519123308
C[C@@H](O[C@H]1OCCN(Cc2nc(=O)[nH][nH]2)[C@H]1c1ccc(F)cc1)c1cc(C(F)(F)F)cc(C(F)(F)F)c1,210.0,0.232996110392154
C[C@@H](O[C@H]1OCCN(Cc2nc(=O)[nH][nH]2)[C@H]1c1ccc(F)cc1)c1cc(C(F)(F)F)cc(C(F)(F)F)c1,125.0,0.1516977828253532
C[C@@H](O[C@H]1OCCN(Cc2nc(=O)[nH][nH]2)[C@H]1c1ccc(F)cc1)c1cc(C(F)(F)F)cc(C(F)(F)F)c1,80.0,-0.1711339591713101
C[C@@H](O[C@H]1OCCN(Cc2nc(=O)[nH][nH]2)[C@H]1c1ccc(F)cc1)c1cc(C(F)(F)F)cc(C(F)(F)F)c1,91.0,-0.1811145854059901
C[C@@H](O[C@H]1OCCN(Cc2nc(=O)[nH][nH]2)[C@H]1c1ccc(F)cc1)c1cc(C(F)(F)F)cc(C(F)(F)F)c1,40.0,-0.2018909004175406
O=C(O)Cc1nn(Cc2nc3cc(C(F)(F)F)ccc3s2)c(=O)c2ccccc12,1200.0,2.3636119798921444
O=C(O)Cc1nn(Cc2nc3cc(C(F)(F)F)ccc3s2)c(=O)c2ccccc12,800.0,2.17938762768491
O=C(O)Cc1nn(Cc2nc3cc(C(F)(F)F)ccc3s2)c(=O)c2ccccc12,600.0,1.8727388274726688
O=C(O)Cc1nn(Cc2nc3cc(C(F)(F)F)ccc3s2)c(=O)c2ccccc12,400.0,1.6503075231319366
O=C(O)Cc1nn(Cc2nc3cc(C(F)(F)F)ccc3s2)c(=O)c2ccccc12,200.0,1.3783979009481375
O=C(O)Cc1nn(Cc2nc3cc(C(F)(F)F)ccc3s2)c(=O)c2ccccc12,100.0,1.146128035678238
O=C(O)Cc1nn(Cc2nc3cc(C(F)(F)F)ccc3s2)c(=O)c2ccccc12,50.0,0.8864907251724818
CCCc1nc(C(C)(C)O)c(C(=O)Oc2oc(=O)oc2C)n1Cc1ccc(-c2ccccc2-c2nnn[nH]2)cc1,320.0,0.508798965403905
CCCc1nc(C(C)(C)O)c(C(=O)Oc2oc(=O)oc2C)n1Cc1ccc(-c2ccccc2-c2nnn[nH]2)cc1,240.0,0.4261858252445114
CCCc1nc(C(C)(C)O)c(C(=O)Oc2oc(=O)oc2C)n1Cc1ccc(-c2ccccc2-c2nnn[nH]2)cc1,160.0,0.3308194664958369
CCCc1nc(C(C)(C)O)c(C(=O)Oc2oc(=O)oc2C)n1Cc1ccc(-c2ccccc2-c2nnn[nH]2)cc1,80.0,0.1034616220947047
CCCc1nc(C(C)(C)O)c(C(=O)Oc2oc(=O)oc2C)n1Cc1ccc(-c2ccccc2-c2nnn[nH]2)cc1,30.0,0.0257153839013406
CCCc1nc(C(C)(C)O)c(C(=O)Oc2oc(=O)oc2C)n1Cc1ccc(-c2ccccc2-c2nnn[nH]2)cc1,40.0,-0.0381993608083214
CCCc1nc(C(C)(C)O)c(C(=O)Oc2oc(=O)oc2C)n1Cc1ccc(-c2ccccc2-c2nnn[nH]2)cc1,20.0,-0.3240575817981433
CCCc1nc(C(C)(C)O)c(C(=O)Oc2oc(=O)oc2C)n1Cc1ccc(-c2ccccc2-c2nnn[nH]2)cc1,21.0,-0.3251388592621884
CCCc1nc(C(C)(C)O)c(C(=O)Oc2oc(=O)oc2C)n1Cc1ccc(-c2ccccc2-c2nnn[nH]2)cc1,10.0,-0.5977541795311679
CCCc1nc(C(C)(C)O)c(C(=O)Oc2oc(=O)oc2C)n1Cc1ccc(-c2ccccc2-c2nnn[nH]2)cc1,8.0,-0.6574786271010361
CCCc1nc(C(C)(C)O)c(C(=O)Oc2oc(=O)oc2C)n1Cc1ccc(-c2ccccc2-c2nnn[nH]2)cc1,5.0,-0.8566478933296684
CCCc1nc(C(C)(C)O)c(C(=O)Oc2oc(=O)oc2C)n1Cc1ccc(-c2ccccc2-c2nnn[nH]2)cc1,2.5,-1.1665086500721749
COc1cc2nccc(Oc3ccc(NC(=O)NC4CC4)c(Cl)c3)c2cc1C(N)=O,32.0,-0.2174198905016707
COc1cc2nccc(Oc3ccc(NC(=O)NC4CC4)c(Cl)c3)c2cc1C(N)=O,25.0,-0.2638282733930824
COc1cc2nccc(Oc3ccc(NC(=O)NC4CC4)c(Cl)c3)c2cc1C(N)=O,16.0,-0.4634415574284699
COc1cc2nccc(Oc3ccc(NC(=O)NC4CC4)c(Cl)c3)c2cc1C(N)=O,24.0,-0.4664821379830325
COc1cc2nccc(Oc3ccc(NC(=O)NC4CC4)c(Cl)c3)c2cc1C(N)=O,20.0,-0.4881166390211256
COc1cc2nccc(Oc3ccc(NC(=O)NC4CC4)c(Cl)c3)c2cc1C(N)=O,12.0,-0.6326440789739812
COc1cc2nccc(Oc3ccc(NC(=O)NC4CC4)c(Cl)c3)c2cc1C(N)=O,10.0,-1.015194309871689
COc1cc2nccc(Oc3ccc(NC(=O)NC4CC4)c(Cl)c3)c2cc1C(N)=O,8.0,-1.2405210200586834
COc1cc2nccc(Oc3ccc(NC(=O)NC4CC4)c(Cl)c3)c2cc1C(N)=O,5.0,-1.3025962767995125
COc1cc2nccc(Oc3ccc(NC(=O)NC4CC4)c(Cl)c3)c2cc1C(N)=O,4.0,-1.304781081094849
Nc1nc(-n2cc(C(=O)O)c(=O)c3cc(F)c(N4CC(O)C4)c(Cl)c32)c(F)cc1F,1600.0,1.2201080880400552
Nc1nc(-n2cc(C(=O)O)c(=O)c3cc(F)c(N4CC(O)C4)c(Cl)c32)c(F)cc1F,1200.0,1.0808548763361718
Nc1nc(-n2cc(C(=O)O)c(=O)c3cc(F)c(N4CC(O)C4)c(Cl)c32)c(F)cc1F,900.0,1.017924550153559
Nc1nc(-n2cc(C(=O)O)c(=O)c3cc(F)c(N4CC(O)C4)c(Cl)c32)c(F)cc1F,800.0,0.948192828332693
Nc1nc(-n2cc(C(=O)O)c(=O)c3cc(F)c(N4CC(O)C4)c(Cl)c32)c(F)cc1F,300.0,0.761927838420529
Nc1nc(-n2cc(C(=O)O)c(=O)c3cc(F)c(N4CC(O)C4)c(Cl)c32)c(F)cc1F,400.0,0.7569285427609059
Nc1nc(-n2cc(C(=O)O)c(=O)c3cc(F)c(N4CC(O)C4)c(Cl)c32)c(F)cc1F,250.0,0.6215293920698476
Nc1nc(-n2cc(C(=O)O)c(=O)c3cc(F)c(N4CC(O)C4)c(Cl)c32)c(F)cc1F,200.0,0.4434976778085853
Nc1nc(-n2cc(C(=O)O)c(=O)c3cc(F)c(N4CC(O)C4)c(Cl)c32)c(F)cc1F,100.0,0.0944711286416448
Nc1nc(-n2cc(C(=O)O)c(=O)c3cc(F)c(N4CC(O)C4)c(Cl)c32)c(F)cc1F,50.0,-0.0227337875727073
CC1=NN(c2ccc(C)c(C)c2)C(=O)/C1=N\Nc1cccc(-c2cccc(C(=O)O)c2)c1O,200.0,1.2624510897304295
CC1=NN(c2ccc(C)c(C)c2)C(=O)/C1=N\Nc1cccc(-c2cccc(C(=O)O)c2)c1O,150.0,1.2380461031287957
CC1=NN(c2ccc(C)c(C)c2)C(=O)/C1=N\Nc1cccc(-c2cccc(C(=O)O)c2)c1O,100.0,1.0681858617461617
CC1=NN(c2ccc(C)c(C)c2)C(=O)/C1=N\Nc1cccc(-c2cccc(C(=O)O)c2)c1O,75.0,0.8136395243171761
CC1=NN(c2ccc(C)c(C)c2)C(=O)/C1=N\Nc1cccc(-c2cccc(C(=O)O)c2)c1O,50.0,0.6540221086777039
CC1=NN(c2ccc(C)c(C)c2)C(=O)/C1=N\Nc1cccc(-c2cccc(C(=O)O)c2)c1O,25.0,0.4936022550303495
CC1=NN(c2ccc(C)c(C)c2)C(=O)/C1=N\Nc1cccc(-c2cccc(C(=O)O)c2)c1O,30.0,0.4904912992823311
CC1=NN(c2ccc(C)c(C)c2)C(=O)/C1=N\Nc1cccc(-c2cccc(C(=O)O)c2)c1O,20.0,0.1035276681638326
CC1=NN(c2ccc(C)c(C)c2)C(=O)/C1=N\Nc1cccc(-c2cccc(C(=O)O)c2)c1O,9.0,0.0346284566253203
CC1=NN(c2ccc(C)c(C)c2)C(=O)/C1=N\Nc1cccc(-c2cccc(C(=O)O)c2)c1O,6.0,-0.3151546383555875
CC1=NN(c2ccc(C)c(C)c2)C(=O)/C1=N\Nc1cccc(-c2cccc(C(=O)O)c2)c1O,5.0,-0.4974731949249625
CC1=NN(c2ccc(C)c(C)c2)C(=O)/C1=N\Nc1cccc(-c2cccc(C(=O)O)c2)c1O,3.0,-0.7772835288524167
COc1ccc(-n2nccn2)c(C(=O)N2CCC[C@@]2(C)c2nc3c(C)c(Cl)ccc3[nH]2)c1,150.0,0.2919014004654671
COc1ccc(-n2nccn2)c(C(=O)N2CCC[C@@]2(C)c2nc3c(C)c(Cl)ccc3[nH]2)c1,200.0,0.2681062160848636
COc1ccc(-n2nccn2)c(C(=O)N2CCC[C@@]2(C)c2nc3c(C)c(Cl)ccc3[nH]2)c1,100.0,0.2029027968797205
COc1ccc(-n2nccn2)c(C(=O)N2CCC[C@@]2(C)c2nc3c(C)c(Cl)ccc3[nH]2)c1,50.0,-0.0121842842020856
COc1ccc(-n2nccn2)c(C(=O)N2CCC[C@@]2(C)c2nc3c(C)c(Cl)ccc3[nH]2)c1,25.0,-0.2001661516869206
COc1ccc(-n2nccn2)c(C(=O)N2CCC[C@@]2(C)c2nc3c(C)c(Cl)ccc3[nH]2)c1,5.0,-0.79617869748345
CCN(C(C)=O)c1cccc(-c2ccnc3c(C#N)cnn23)c1,60.0,-0.9625735020593764
CCN(C(C)=O)c1cccc(-c2ccnc3c(C#N)cnn23)c1,30.0,-1.1475200063631437
CCN(C(C)=O)c1cccc(-c2ccnc3c(C#N)cnn23)c1,20.0,-1.3391345219961308
CCN(C(C)=O)c1cccc(-c2ccnc3c(C#N)cnn23)c1,10.0,-1.5594057381601691
CCN(C(C)=O)c1cccc(-c2ccnc3c(C#N)cnn23)c1,15.0,-1.563837352959244
CCN(C(C)=O)c1cccc(-c2ccnc3c(C#N)cnn23)c1,5.0,-2.0
CCN(C(C)=O)c1cccc(-c2ccnc3c(C#N)cnn23)c1,1.0,-2.508638306165728
Cc1c(F)c(N2CCNC(C)C2)cc2c1c(=O)c(C(=O)O)cn2C1CC1,1200.0,0.5010592622177514
Cc1c(F)c(N2CCNC(C)C2)cc2c1c(=O)c(C(=O)O)cn2C1CC1,800.0,0.3541084391474008
Cc1c(F)c(N2CCNC(C)C2)cc2c1c(=O)c(C(=O)O)cn2C1CC1,600.0,0.2966651902615311
Cc1c(F)c(N2CCNC(C)C2)cc2c1c(=O)c(C(=O)O)cn2C1CC1,400.0,0.1552275587628858
Cc1c(F)c(N2CCNC(C)C2)cc2c1c(=O)c(C(=O)O)cn2C1CC1,200.0,-0.3059801036912804
C=C(C)[C@@H]1CCC(C)=C[C@H]1c1c(O)cc(CCCCC)cc1O,6000.0,-0.1067932469401519
C=C(C)[C@@H]1CCC(C)=C[C@H]1c1c(O)cc(CCCCC)cc1O,4500.0,-0.1556471036891067
C=C(C)[C@@H]1CCC(C)=C[C@H]1c1c(O)cc(CCCCC)cc1O,3000.0,-0.2732727909734277
C=C(C)[C@@H]1CCC(C)=C[C@H]1c1c(O)cc(CCCCC)cc1O,700.0,-0.3487219860018561
C=C(C)[C@@H]1CCC(C)=C[C@H]1c1c(O)cc(CCCCC)cc1O,750.0,-0.4417715781966743
C=C(C)[C@@H]1CCC(C)=C[C@H]1c1c(O)cc(CCCCC)cc1O,1500.0,-0.444935795823093
C=C(C)[C@@H]1CCC(C)=C[C@H]1c1c(O)cc(CCCCC)cc1O,350.0,-0.5654310959658013
C=C(C)[C@@H]1CCC(C)=C[C@H]1c1c(O)cc(CCCCC)cc1O,200.0,-0.999469095624697
C=C(C)[C@@H]1CCC(C)=C[C@H]1c1c(O)cc(CCCCC)cc1O,50.0,-1.2645836153210663
C=C(C)[C@@H]1CCC(C)=C[C@H]1c1c(O)cc(CCCCC)cc1O,25.0,-2.0409586076789066
C=C(C)[C@@H]1CCC(C)=C[C@H]1c1c(O)cc(CCCCC)cc1O,20.0,-2.337242168318426
N#C[C@@H]1C[C@@H]2C[C@@H]2N1[14C](=O)[14C@@H](N)C12CC3CC(CC(O)(C3)C1)C2,50.0,-0.1030173694916762
CC1=C(C(=O)O)N2C(=O)[C@@H](NC(=O)[C@H](N)c3ccc(O)cc3)[C@H]2SC1,1000.0,1.453955042231014
CC1=C(C(=O)O)N2C(=O)[C@@H](NC(=O)[C@H](N)c3ccc(O)cc3)[C@H]2SC1,490.0,1.2174839442139065
CC1=C(CC(=O)O)c2cc(F)ccc2/C1=C/c1ccc(S(C)=O)cc1,150.0,0.5865873046717549
Cc1cc(C[C@@H](NC(=O)N2CCC(c3cc4ccccc4[nH]c3=O)CC2)C(=O)N2CCN(C3CCN(C)CC3)CC2)cc2cn[nH]c12,100.0,-2.0457574905606752
COC1=C(OC)C(=O)C(CCCCCCCCCCO)=C(C)C1=O,750.0,0.6206980868786586
COC1=C(OC)C(=O)C(CCCCCCCCCCO)=C(C)C1=O,150.0,-0.0245773830056085
CC(C)(C)NCC(O)COc1cccc2c1CC(O)C(O)C2,120.0,-0.6794590800754193
CC(C)(C)NCC(O)COc1cccc2c1CC(O)C(O)C2,80.0,-0.895474954068906
CC(C)(C)NCC(O)COc1cccc2c1CC(O)C(O)C2,40.0,-1.079876673709276
CC(C)(C)NCC(O)COc1cccc2c1CC(O)C(O)C2,30.0,-1.3527567867592831
CC(C)(C)NCC(O)COc1cccc2c1CC(O)C(O)C2,2.0,-2.3585258894959003
Cc1cc(OCCCS(C)(=O)=O)cc(C)c1-c1cccc(COc2ccc3c(c2)OC[C@H]3CC(=O)O)c1,50.0,0.7242760719000281
Cc1cn([C@H]2C=C[C@@H](CO)O2)c(=O)[nH]c1=O,80.0,0.1376389050227564
Cc1cn([C@H]2C=C[C@@H](CO)O2)c(=O)[nH]c1=O,70.0,0.0975176000709467
Cc1cn([C@H]2C=C[C@@H](CO)O2)c(=O)[nH]c1=O,141.4,0.0394141191761372
Cc1cn([C@H]2C=C[C@@H](CO)O2)c(=O)[nH]c1=O,46.9,-0.0579919469776867
Cc1cn([C@H]2C=C[C@@H](CO)O2)c(=O)[nH]c1=O,40.0,-0.1295281149009181
Cc1cn([C@H]2C=C[C@@H](CO)O2)c(=O)[nH]c1=O,35.0,-0.1396619934290062
Cc1cn([C@H]2C=C[C@@H](CO)O2)c(=O)[nH]c1=O,17.5,-0.3819519032879073
Cc1cn([C@H]2C=C[C@@H](CO)O2)c(=O)[nH]c1=O,11.69,-0.619788758288394
Cc1cn([C@H]2C=C[C@@H](CO)O2)c(=O)[nH]c1=O,37.5,-1.4461857218716767
Cc1cn([C@H]2C=C[C@@H](CO)O2)c(=O)[nH]c1=O,2.31,-1.5228787452803376
O=C1NC(=O)C(c2ccccc2)(c2ccccc2)N1,600.0,1.031408464251624
O=C1NC(=O)C(c2ccccc2)(c2ccccc2)N1,435.0,0.6989700043360189
O=C1NC(=O)C(c2ccccc2)(c2ccccc2)N1,315.0,0.6467303862474234
O=C1NC(=O)C(c2ccccc2)(c2ccccc2)N1,400.0,0.6127838567197355
O=C1NC(=O)C(c2ccccc2)(c2ccccc2)N1,300.0,0.5990092398233435
O=C1NC(=O)C(c2ccccc2)(c2ccccc2)N1,250.0,0.4852480809503586
O=C1NC(=O)C(c2ccccc2)(c2ccccc2)N1,248.36,0.4623979978989561
O=C1NC(=O)C(c2ccccc2)(c2ccccc2)N1,200.0,0.4169731726030363
O=C1NC(=O)C(c2ccccc2)(c2ccccc2)N1,100.0,0.290034611362518
C[C@H]1O[C@@H](O[C@H]2[C@@H](O)C[C@H](O[C@H]3[C@@H](O)C[C@H](O[C@H]4CC[C@@]5(C)[C@H](CC[C@@H]6[C@@H]5C[C@@H](O)[C@]5(C)[C@@H](C7=CC(=O)OC7)CC[C@]65O)C4)O[C@@H]3C)O[C@@H]2C)C[C@H](O)[C@@H]1O,0.6,-2.2720522904552034
C[C@H]1O[C@@H](O[C@H]2[C@@H](O)C[C@H](O[C@H]3[C@@H](O)C[C@H](O[C@H]4CC[C@@]5(C)[C@H](CC[C@@H]6[C@@H]5C[C@@H](O)[C@]5(C)[C@@H](C7=CC(=O)OC7)CC[C@]65O)C4)O[C@@H]3C)O[C@@H]2C)C[C@H](O)[C@@H]1O,0.75,-2.4252744164059266
C[C@H]1O[C@@H](O[C@H]2[C@@H](O)C[C@H](O[C@H]3[C@@H](O)C[C@H](O[C@H]4CC[C@@]5(C)[C@H](CC[C@@H]6[C@@H]5C[C@@H](O)[C@]5(C)[C@@H](C7=CC(=O)OC7)CC[C@]65O)C4)O[C@@H]3C)O[C@@H]2C)C[C@H](O)[C@@H]1O,0.3,-2.425968732272281
C[C@H]1O[C@@H](O[C@H]2[C@@H](O)C[C@H](O[C@H]3[C@@H](O)C[C@H](O[C@H]4CC[C@@]5(C)[C@H](CC[C@@H]6[C@@H]5C[C@@H](O)[C@]5(C)[C@@H](C7=CC(=O)OC7)CC[C@]65O)C4)O[C@@H]3C)O[C@@H]2C)C[C@H](O)[C@@H]1O,0.4,-2.514398527802275
C[C@H]1O[C@@H](O[C@H]2[C@@H](O)C[C@H](O[C@H]3[C@@H](O)C[C@H](O[C@H]4CC[C@@]5(C)[C@H](CC[C@@H]6[C@@H]5C[C@@H](O)[C@]5(C)[C@@H](C7=CC(=O)OC7)CC[C@]65O)C4)O[C@@H]3C)O[C@@H]2C)C[C@H](O)[C@@H]1O,1.0,-2.5246517072160346
C[C@H]1O[C@@H](O[C@H]2[C@@H](O)C[C@H](O[C@H]3[C@@H](O)C[C@H](O[C@H]4CC[C@@]5(C)[C@H](CC[C@@H]6[C@@H]5C[C@@H](O)[C@]5(C)[C@@H](C7=CC(=O)OC7)CC[C@]65O)C4)O[C@@H]3C)O[C@@H]2C)C[C@H](O)[C@@H]1O,0.24,-2.6458915608525992
C[C@H]1O[C@@H](O[C@H]2[C@@H](O)C[C@H](O[C@H]3[C@@H](O)C[C@H](O[C@H]4CC[C@@]5(C)[C@H](CC[C@@H]6[C@@H]5C[C@@H](O)[C@]5(C)[C@@H](C7=CC(=O)OC7)CC[C@]65O)C4)O[C@@H]3C)O[C@@H]2C)C[C@H](O)[C@@H]1O,0.375,-2.6716203965612624
C[C@H]1O[C@@H](O[C@H]2[C@@H](O)C[C@H](O[C@H]3[C@@H](O)C[C@H](O[C@H]4CC[C@@]5(C)[C@H](CC[C@@H]6[C@@H]5C[C@@H](O)[C@]5(C)[C@@H](C7=CC(=O)OC7)CC[C@]65O)C4)O[C@@H]3C)O[C@@H]2C)C[C@H](O)[C@@H]1O,0.5,-2.6734498555167576
C[C@H]1O[C@@H](O[C@H]2[C@@H](O)C[C@H](O[C@H]3[C@@H](O)C[C@H](O[C@H]4CC[C@@]5(C)[C@H](CC[C@@H]6[C@@H]5C[C@@H](O)[C@]5(C)[C@@H](C7=CC(=O)OC7)CC[C@]65O)C4)O[C@@H]3C)O[C@@H]2C)C[C@H](O)[C@@H]1O,0.31,-2.7126462272852536
C[C@H]1O[C@@H](O[C@H]2[C@@H](O)C[C@H](O[C@H]3[C@@H](O)C[C@H](O[C@H]4CC[C@@]5(C)[C@H](CC[C@@H]6[C@@H]5C[C@@H](O)[C@]5(C)[C@@H](C7=CC(=O)OC7)CC[C@]65O)C4)O[C@@H]3C)O[C@@H]2C)C[C@H](O)[C@@H]1O,0.2,-2.774690718274137
C[C@H]1O[C@@H](O[C@H]2[C@@H](O)C[C@H](O[C@H]3[C@@H](O)C[C@H](O[C@H]4CC[C@@]5(C)[C@H](CC[C@@H]6[C@@H]5C[C@@H](O)[C@]5(C)[C@@H](C7=CC(=O)OC7)CC[C@]65O)C4)O[C@@H]3C)O[C@@H]2C)C[C@H](O)[C@@H]1O,0.38,-2.785156151952302
C[C@H]1O[C@@H](O[C@H]2[C@@H](O)C[C@H](O[C@H]3[C@@H](O)C[C@H](O[C@H]4CC[C@@]5(C)[C@H](CC[C@@H]6[C@@H]5C[C@@H](O)[C@]5(C)[C@@H](C7=CC(=O)OC7)CC[C@]65O)C4)O[C@@H]3C)O[C@@H]2C)C[C@H](O)[C@@H]1O,0.25,-2.800502115427369
C[C@H]1O[C@@H](O[C@H]2[C@@H](O)C[C@H](O[C@H]3[C@@H](O)C[C@H](O[C@H]4CC[C@@]5(C)[C@H](CC[C@@H]6[C@@H]5C[C@@H](O)[C@]5(C)[C@@H](C7=CC(=O)OC7)CC[C@]65O)C4)O[C@@H]3C)O[C@@H]2C)C[C@H](O)[C@@H]1O,0.16,-2.814363423038098
C[C@H]1O[C@@H](O[C@H]2[C@@H](O)C[C@H](O[C@H]3[C@@H](O)C[C@H](O[C@H]4CC[C@@]5(C)[C@H](CC[C@@H]6[C@@H]5C[C@@H](O)[C@]5(C)[C@@H](C7=CC(=O)OC7)CC[C@]65O)C4)O[C@@H]3C)O[C@@H]2C)C[C@H](O)[C@@H]1O,0.125,-2.854907231753388
C[C@H]1O[C@@H](O[C@H]2[C@@H](O)C[C@H](O[C@H]3[C@@H](O)C[C@H](O[C@H]4CC[C@@]5(C)[C@H](CC[C@@H]6[C@@H]5C[C@@H](O)[C@]5(C)[C@@H](C7=CC(=O)OC7)CC[C@]65O)C4)O[C@@H]3C)O[C@@H]2C)C[C@H](O)[C@@H]1O,0.19,-2.9030899869919784
C[C@H]1C[C@@H]2[C@H]([C@@H](O)C[C@@]3(C)[C@H]2CC[C@]3(O)C(=O)CO)[C@@]2(C)C=CC(=O)C=C12,48.0,-0.2343314452409859
C[C@H]1C[C@@H]2[C@H]([C@@H](O)C[C@@]3(C)[C@H]2CC[C@]3(O)C(=O)CO)[C@@]2(C)C=CC(=O)C=C12,20.0,-0.6840296545430823
C[C@H]1C[C@@H]2[C@H]([C@@H](O)C[C@@]3(C)[C@H]2CC[C@]3(O)C(=O)CO)[C@@]2(C)C=CC(=O)C=C12,24.0,-0.7455324895329238
C[C@H]1C[C@@H]2[C@H]([C@@H](O)C[C@@]3(C)[C@H]2CC[C@]3(O)C(=O)CO)[C@@]2(C)C=CC(=O)C=C12,16.0,-0.8666572983680636
C[C@H]1C[C@@H]2[C@H]([C@@H](O)C[C@@]3(C)[C@H]2CC[C@]3(O)C(=O)CO)[C@@]2(C)C=CC(=O)C=C12,4.0,-0.9683593008037262
N=C(N)NC(=O)Cc1c(Cl)cccc1Cl,4.0,-2.153666879198915
N=C(N)NC(=O)Cc1c(Cl)cccc1Cl,3.0,-2.222055595422604
N=C(N)NC(=O)Cc1c(Cl)cccc1Cl,2.5,-2.6243363860391145
N=C(N)NC(=O)Cc1c(Cl)cccc1Cl,2.0,-2.714442690992226
N=C(N)NC(=O)Cc1c(Cl)cccc1Cl,1.0,-2.851617720944265
FC(F)(F)c1ccc(CNc2ccc(Cc3c[nH]c4ncc(Cl)cc34)cn2)cn1,2400.0,1.1485718089321573
FC(F)(F)c1ccc(CNc2ccc(Cc3c[nH]c4ncc(Cl)cc34)cn2)cn1,1800.0,1.0392951180843106
FC(F)(F)c1ccc(CNc2ccc(Cc3c[nH]c4ncc(Cl)cc34)cn2)cn1,800.0,0.9357591037453116
FC(F)(F)c1ccc(CNc2ccc(Cc3c[nH]c4ncc(Cl)cc34)cn2)cn1,600.0,0.6941844662367503
FC(F)(F)c1ccc(CNc2ccc(Cc3c[nH]c4ncc(Cl)cc34)cn2)cn1,400.0,0.5017437296279944
FC(F)(F)c1ccc(CNc2ccc(Cc3c[nH]c4ncc(Cl)cc34)cn2)cn1,200.0,0.2332500095411003
CC[C@H](C)C1O[C@]2(CC[C@@H]1C)C[C@@H]1C[C@@H](C/C=C(\C)[C@@H](O[C@H]3C[C@@H](OC)[C@@H](O[C@H]4C[C@@H](OC)[C@@H](O)[C@H](C)O4)[C@H](C)O3)[C@@H](C)/C=C/C=C3\CO[C@@H]4[C@H](O)C(C)=C[C@@H](C(=O)O1)[C@]34O)O2,120.0,-0.6058986979599553
CC[C@H](C)C1O[C@]2(CC[C@@H]1C)C[C@@H]1C[C@@H](C/C=C(\C)[C@@H](O[C@H]3C[C@@H](OC)[C@@H](O[C@H]4C[C@@H](OC)[C@@H](O)[C@H](C)O4)[C@H](C)O3)[C@@H](C)/C=C/C=C3\CO[C@@H]4[C@H](O)C(C)=C[C@@H](C(=O)O1)[C@]34O)O2,60.0,-0.7552282385047051
CC[C@H](C)C1O[C@]2(CC[C@@H]1C)C[C@@H]1C[C@@H](C/C=C(\C)[C@@H](O[C@H]3C[C@@H](OC)[C@@H](O[C@H]4C[C@@H](OC)[C@@H](O)[C@H](C)O4)[C@H](C)O3)[C@@H](C)/C=C/C=C3\CO[C@@H]4[C@H](O)C(C)=C[C@@H](C(=O)O1)[C@]34O)O2,30.0,-1.0660068361687576
CC[C@H](C)C1O[C@]2(CC[C@@H]1C)C[C@@H]1C[C@@H](C/C=C(\C)[C@@H](O[C@H]3C[C@@H](OC)[C@@H](O[C@H]4C[C@@H](OC)[C@@H](O)[C@H](C)O4)[C@H](C)O3)[C@@H](C)/C=C/C=C3\CO[C@@H]4[C@H](O)C(C)=C[C@@H](C(=O)O1)[C@]34O)O2,14.0,-1.4158950296005473
CC[C@H](C)C1O[C@]2(CC[C@@H]1C)C[C@@H]1C[C@@H](C/C=C(\C)[C@@H](O[C@H]3C[C@@H](OC)[C@@H](O[C@H]4C[C@@H](OC)[C@@H](O)[C@H](C)O4)[C@H](C)O3)[C@@H](C)/C=C/C=C3\CO[C@@H]4[C@H](O)C(C)=C[C@@H](C(=O)O1)[C@]34O)O2,12.0,-1.4412914294668355
CC[C@H](C)C1O[C@]2(CC[C@@H]1C)C[C@@H]1C[C@@H](C/C=C(\C)[C@@H](O[C@H]3C[C@@H](OC)[C@@H](O[C@H]4C[C@@H](OC)[C@@H](O)[C@H](C)O4)[C@H](C)O3)[C@@H](C)/C=C/C=C3\CO[C@@H]4[C@H](O)C(C)=C[C@@H](C(=O)O1)[C@]34O)O2,15.0,-1.4433529577771944
CC[C@H](C)C1O[C@]2(CC[C@@H]1C)C[C@@H]1C[C@@H](C/C=C(\C)[C@@H](O[C@H]3C[C@@H](OC)[C@@H](O[C@H]4C[C@@H](OC)[C@@H](O)[C@H](C)O4)[C@H](C)O3)[C@@H](C)/C=C/C=C3\CO[C@@H]4[C@H](O)C(C)=C[C@@H](C(=O)O1)[C@]34O)O2,6.0,-1.7375489102695705
CC(C)n1c(/C=C/[C@@H](O)C[C@@H](O)CC(=O)O)c(-c2ccc(F)cc2)c2ccccc21,640.0,-0.1073489661226997
CC(C)n1c(/C=C/[C@@H](O)C[C@@H](O)CC(=O)O)c(-c2ccc(F)cc2)c2ccccc21,80.0,-0.3605135107314139
CC(C)n1c(/C=C/[C@@H](O)C[C@@H](O)CC(=O)O)c(-c2ccc(F)cc2)c2ccccc21,40.0,-0.5435334572739657
CC(C)n1c(/C=C/[C@@H](O)C[C@@H](O)CC(=O)O)c(-c2ccc(F)cc2)c2ccccc21,20.0,-0.8475440026420321
CC(C)n1c(/C=C/[C@@H](O)C[C@@H](O)CC(=O)O)c(-c2ccc(F)cc2)c2ccccc21,10.0,-1.312333864279518
CC(C)n1c(/C=C/[C@@H](O)C[C@@H](O)CC(=O)O)c(-c2ccc(F)cc2)c2ccccc21,5.0,-1.4418916983694503
CC(C)n1c(/C=C/[C@@H](O)C[C@@H](O)CC(=O)O)c(-c2ccc(F)cc2)c2ccccc21,2.0,-2.072287538099728
CC(c1cc2ccccc2s1)N(O)C(N)=O,1200.0,0.6794278966121188
CC(c1cc2ccccc2s1)N(O)C(N)=O,800.0,0.6346451783328998
CC(c1cc2ccccc2s1)N(O)C(N)=O,600.0,0.5448732048110183
CC(c1cc2ccccc2s1)N(O)C(N)=O,399.0,0.3541084391474008
CC(c1cc2ccccc2s1)N(O)C(N)=O,400.0,0.331427296520743
CC(c1cc2ccccc2s1)N(O)C(N)=O,200.0,-0.153044674980176
CC(c1cc2ccccc2s1)N(O)C(N)=O,100.0,-0.442222200256855
CC(c1cc2ccccc2s1)N(O)C(N)=O,50.0,-0.7870138152633318
CC(c1cc2ccccc2s1)N(O)C(N)=O,25.0,-1.1074880070977635
CN(C)c1cc(NC(=O)CNC(C)(C)C)c(O)c2c1C[C@H]1C[C@H]3[C@H](N(C)C)C(O)=C(C(N)=O)C(=O)[C@@]3(O)C(O)=C1C2=O,50.0,-0.0604817807039642
CNC(=O)c1ccc(N2C(=S)N(c3cnc(C#N)c(C(F)(F)F)c3)C(=O)C23CCC3)cc1F,390.0,0.5786392099680724
CNC(=O)c1ccc(N2C(=S)N(c3cnc(C#N)c(C(F)(F)F)c3)C(=O)C23CCC3)cc1F,300.0,0.4608978427565479
CNC(=O)c1ccc(N2C(=S)N(c3cnc(C#N)c(C(F)(F)F)c3)C(=O)C23CCC3)cc1F,180.0,0.3944516808262163
CNC(=O)c1ccc(N2C(=S)N(c3cnc(C#N)c(C(F)(F)F)c3)C(=O)C23CCC3)cc1F,240.0,0.3768931348357021
CNC(=O)c1ccc(N2C(=S)N(c3cnc(C#N)c(C(F)(F)F)c3)C(=O)C23CCC3)cc1F,120.0,0.1818435879447725
CNC(=O)c1ccc(N2C(=S)N(c3cnc(C#N)c(C(F)(F)F)c3)C(=O)C23CCC3)cc1F,90.0,0.0569048513364725
CNC(=O)c1ccc(N2C(=S)N(c3cnc(C#N)c(C(F)(F)F)c3)C(=O)C23CCC3)cc1F,60.0,-0.2093630380682966
CNC(=O)c1ccc(N2C(=S)N(c3cnc(C#N)c(C(F)(F)F)c3)C(=O)C23CCC3)cc1F,30.0,-0.5718652059712112
CCO[C@@H]1O[C@@H]2O[C@]3(C)CC[C@H]4[C@H](C)CC[C@@H]([C@H]1C)[C@@]24OO3,150.0,-1.2168022725454313
C[C@@]1(C(=O)N[C@@H](CCC(=O)O)C(=O)O)CCCN1C(=O)CN,12000.0,2.204119982655925
COc1ccc(-c2ccc3cc(C(=O)O)ccc3c2)cc1C12CC3CC(CC(C3)C1)C2,25.0,-0.7670038896078462
COc1ccc(-c2ccc3cc(C(=O)O)ccc3c2)cc1C12CC3CC(CC(C3)C1)C2,10.0,-1.2204035087421754
O=C(Nc1cccc2c(=O)cc(-c3nnn[nH]3)oc12)c1ccc(OCCCCc2ccccc2)cc1,562.5,0.0402066275747111
O=C(Nc1cccc2c(=O)cc(-c3nnn[nH]3)oc12)c1ccc(OCCCCc2ccccc2)cc1,675.0,-0.0204516252959049
O=C(Nc1cccc2c(=O)cc(-c3nnn[nH]3)oc12)c1ccc(OCCCCc2ccccc2)cc1,225.0,-0.1246493034207107
O=C(Nc1cccc2c(=O)cc(-c3nnn[nH]3)oc12)c1ccc(OCCCCc2ccccc2)cc1,450.0,-0.2677939388415976
O=C(Nc1cccc2c(=O)cc(-c3nnn[nH]3)oc12)c1ccc(OCCCCc2ccccc2)cc1,337.5,-0.2720522904552032
O=C(Nc1cccc2c(=O)cc(-c3nnn[nH]3)oc12)c1ccc(OCCCCc2ccccc2)cc1,112.5,-0.4341521813264823
Nc1ccn([C@H]2CO[C@@H](CO)S2)c(=O)n1,600.0,0.8615343909782666
CCC(=O)O[C@](Cc1ccccc1)(c1ccccc1)[C@H](C)CN(C)C,65.0,-0.8301052423640132
CCC(=O)O[C@](Cc1ccccc1)(c1ccccc1)[C@H](C)CN(C)C,65.0,-0.9488474775526192
CCC(=O)O[C@](Cc1ccccc1)(c1ccccc1)[C@H](C)CN(C)C,32.5,-1.3978495400784594
CO[C@]1(C(=O)N[C@@H](C)c2ccc(-n3cc(F)cn3)nc2)CC[C@H](c2nc(C)cc(Nc3cc(C)[nH]n3)n2)CC1,400.0,0.3629104187408989
CO[C@]1(C(=O)N[C@@H](C)c2ccc(-n3cc(F)cn3)nc2)CC[C@H](c2nc(C)cc(Nc3cc(C)[nH]n3)n2)CC1,200.0,-0.0749716852368682
CCCCC1=NC2(CCCC2)C(=O)N1Cc1ccc(-c2ccccc2S(=O)(=O)Nc2noc(C)c2C)c(COCC)c1,1600.0,1.3332456989619628
CCCCC1=NC2(CCCC2)C(=O)N1Cc1ccc(-c2ccccc2S(=O)(=O)Nc2noc(C)c2C)c(COCC)c1,800.0,1.0570295112852508
CCCCC1=NC2(CCCC2)C(=O)N1Cc1ccc(-c2ccccc2S(=O)(=O)Nc2noc(C)c2C)c(COCC)c1,400.0,0.8022463781371975
CCCCC1=NC2(CCCC2)C(=O)N1Cc1ccc(-c2ccccc2S(=O)(=O)Nc2noc(C)c2C)c(COCC)c1,200.0,0.6850696293911485
CCCCC1=NC2(CCCC2)C(=O)N1Cc1ccc(-c2ccccc2S(=O)(=O)Nc2noc(C)c2C)c(COCC)c1,100.0,0.4116197059632301
CCCCC1=NC2(CCCC2)C(=O)N1Cc1ccc(-c2ccccc2S(=O)(=O)Nc2noc(C)c2C)c(COCC)c1,50.0,0.1370374547895126
O=C(O)c1cc(/N=N/c2ccc(O)c(C(=O)O)c2)ccc1O,500.0,0.3010299956639812
CN1CCC(C(=O)c2cccc(NC(=O)c3c(F)cc(F)cc3F)n2)CC1,400.0,-0.1429692017273759
CN1CCC(C(=O)c2cccc(NC(=O)c3c(F)cc(F)cc3F)n2)CC1,200.0,-0.5583213982033441
CN1CCC(C(=O)c2cccc(NC(=O)c3c(F)cc(F)cc3F)n2)CC1,100.0,-0.6073030467403343
CC(C)Cn1cnc2c(N)nc3ccccc3c21,300.0,-0.3124710387853657
CC(C)Cn1cnc2c(N)nc3ccccc3c21,250.0,-0.4449055514216808
CC(C)Cn1cnc2c(N)nc3ccccc3c21,200.0,-0.5572590011641244
CC(C)Cn1cnc2c(N)nc3ccccc3c21,100.0,-0.910536469159808
CC(=O)Oc1c(C)cc(OCC(O)CNC(C)C)c(C)c1C,40.0,-1.2479515521805622
C[C@]12C=CC(=O)C=C1CC[C@@H]1[C@@H]2[C@@H](O)C[C@@]2(C)[C@H]1CC[C@]2(O)C(=O)COP(=O)(O)O,30.0,-0.3502615129419578
C[C@]12C=CC(=O)C=C1CC[C@@H]1[C@@H]2[C@@H](O)C[C@@]2(C)[C@H]1CC[C@]2(O)C(=O)COP(=O)(O)O,15.0,-0.452496044106675
C[C@]12C=CC(=O)C=C1CC[C@@H]1[C@@H]2[C@@H](O)C[C@@]2(C)[C@H]1CC[C@]2(O)C(=O)COP(=O)(O)O,10.0,-0.650722472532045
C=C1C[C@@H]2CC[C@@]34C[C@H]5O[C@H]6[C@@H](O3)[C@H]3O[C@H](CC[C@@H]3O[C@H]6[C@H]5O4)CC(=O)C[C@@H]3[C@@H](OC)[C@@H](C[C@H](O)CN)O[C@H]3C[C@H]3O[C@@H](CC[C@@H]1O2)C[C@@H](C)C3=C,2.0,-0.2989040179833394
C=C1C[C@@H]2CC[C@@]34C[C@H]5O[C@H]6[C@@H](O3)[C@H]3O[C@H](CC[C@@H]3O[C@H]6[C@H]5O4)CC(=O)C[C@@H]3[C@@H](OC)[C@@H](C[C@H](O)CN)O[C@H]3C[C@H]3O[C@@H](CC[C@@H]1O2)C[C@@H](C)C3=C,2.0,-0.3134209305514623
COc1ccc(CN2C3CC2CN(c2ccc(-c4cc(OCC(C)(C)O)cn5ncc(C#N)c45)cn2)C3)cn1,240.0,0.7218106152125465
COc1ccc(CN2C3CC2CN(c2ccc(-c4cc(OCC(C)(C)O)cn5ncc(C#N)c45)cn2)C3)cn1,200.0,0.4232458739368078
COc1ccc(CN2C3CC2CN(c2ccc(-c4cc(OCC(C)(C)O)cn5ncc(C#N)c45)cn2)C3)cn1,160.0,0.3774276810932884
COc1ccc(CN2C3CC2CN(c2ccc(-c4cc(OCC(C)(C)O)cn5ncc(C#N)c45)cn2)C3)cn1,120.0,0.3617278360175928
COc1ccc(CN2C3CC2CN(c2ccc(-c4cc(OCC(C)(C)O)cn5ncc(C#N)c45)cn2)C3)cn1,80.0,0.1271047983648076
COc1ccc(CN2C3CC2CN(c2ccc(-c4cc(OCC(C)(C)O)cn5ncc(C#N)c45)cn2)C3)cn1,60.0,0.0293837776852096
COc1ccc(CN2C3CC2CN(c2ccc(-c4cc(OCC(C)(C)O)cn5ncc(C#N)c45)cn2)C3)cn1,40.0,-0.2628073572952627
COc1ccc(CN2C3CC2CN(c2ccc(-c4cc(OCC(C)(C)O)cn5ncc(C#N)c45)cn2)C3)cn1,20.0,-0.7011469235902933
CCc1nn(CCO)c(CC)c1Oc1cc(C#N)cc(C#N)c1,750.0,0.1728947577775611
Nc1nc(O)c2ncn(CCC(CO)CO)c2n1,1000.0,0.8195440136359057
Nc1nc(O)c2ncn(CCC(CO)CO)c2n1,500.0,0.5185140179719245
Nc1nc(O)c2ncn(CCC(CO)CO)c2n1,250.0,0.2041201024126115
Nc1nc(O)c2ncn(CCC(CO)CO)c2n1,125.0,-0.0969098932513696
O=C1Cc2cc(CCN3CCN(c4nsc5ccccc45)CC3)c(Cl)cc2N1,80.0,-0.6946486305533762
O=C1Cc2cc(CCN3CCN(c4nsc5ccccc45)CC3)c(Cl)cc2N1,80.0,-0.7286231281059254
O=C1Cc2cc(CCN3CCN(c4nsc5ccccc45)CC3)c(Cl)cc2N1,60.0,-0.7434650520703412
O=C1Cc2cc(CCN3CCN(c4nsc5ccccc45)CC3)c(Cl)cc2N1,40.0,-1.0224223562485657
O=C1Cc2cc(CCN3CCN(c4nsc5ccccc45)CC3)c(Cl)cc2N1,20.0,-1.193820026016113
O=C1Cc2cc(CCN3CCN(c4nsc5ccccc45)CC3)c(Cl)cc2N1,20.0,-1.3055958433854875
O=C1Cc2cc(CCN3CCN(c4nsc5ccccc45)CC3)c(Cl)cc2N1,5.0,-1.8910968723326864
COc1ccc(OC)c(C(O)CNC(=O)CN)c1,5.3,-1.2683306681713638
COc1ccc(OC)c(C(O)CNC(=O)CN)c1,10.0,-1.4704612851684158
COc1ccc(OC)c(C(O)CNC(=O)CN)c1,5.0,-1.7551818948105031
COc1ccc(OC)c(C(O)CNC(=O)CN)c1,7.5,-1.9469215565165805
COc1ccc(OC)c(C(O)CNC(=O)CN)c1,2.5,-2.104062058227761
CC[C@H]1OC(=O)[C@H](C)[C@@H](O[C@H]2C[C@@](C)(OC)[C@@H](O)[C@H](C)O2)[C@H](C)[C@@H](O[C@@H]2O[C@H](C)C[C@H](N(C)C)[C@H]2O)[C@](C)(O)C[C@@H](C)/C(=N/OCOCCOC)[C@H](C)[C@@H](O)[C@]1(C)O,300.0,1.0413926851582251
COc1cc2nccc(Oc3ccc(NC(=O)Nc4cc(C)on4)c(Cl)c3)c2cc1OC,1.5,-1.738142614370102
COc1cc2nccc(Oc3ccc(NC(=O)Nc4cc(C)on4)c(Cl)c3)c2cc1OC,1.34,-1.7423214251308154
CO[C@H]1/C=C/O[C@@]2(C)Oc3c(C)c(O)c4c(c3C2=O)C2=NC3(CCN(CC(C)C)CC3)NC2=C(NC(=O)/C(C)=C\C=C\[C@H](C)[C@H](O)[C@@H](C)[C@@H](O)[C@@H](C)[C@H](OC(C)=O)[C@@H]1C)C4=O,600.0,-0.2887955392469695
CO[C@H]1/C=C/O[C@@]2(C)Oc3c(C)c(O)c4c(c3C2=O)C2=NC3(CCN(CC(C)C)CC3)NC2=C(NC(=O)/C(C)=C\C=C\[C@H](C)[C@H](O)[C@@H](C)[C@@H](O)[C@@H](C)[C@H](OC(C)=O)[C@@H]1C)C4=O,450.0,-0.3523236867591291
CO[C@H]1/C=C/O[C@@]2(C)Oc3c(C)c(O)c4c(c3C2=O)C2=NC3(CCN(CC(C)C)CC3)NC2=C(NC(=O)/C(C)=C\C=C\[C@H](C)[C@H](O)[C@@H](C)[C@@H](O)[C@@H](C)[C@H](OC(C)=O)[C@@H]1C)C4=O,300.0,-0.4882168723904754
CO[C@H]1/C=C/O[C@@]2(C)Oc3c(C)c(O)c4c(c3C2=O)C2=NC3(CCN(CC(C)C)CC3)NC2=C(NC(=O)/C(C)=C\C=C\[C@H](C)[C@H](O)[C@@H](C)[C@@H](O)[C@@H](C)[C@H](OC(C)=O)[C@@H]1C)C4=O,150.0,-0.6345606887698714
CCCSc1nc(N[C@@H]2C[C@H]2c2ccc(F)c(F)c2)c2nnn([C@@H]3C[C@H](OCCO)[C@@H](O)[C@H]3O)c2n1,1260.0,0.7684901051712452
CCCSc1nc(N[C@@H]2C[C@H]2c2ccc(F)c(F)c2)c2nnn([C@@H]3C[C@H](OCCO)[C@@H](O)[C@H]3O)c2n1,900.0,0.7269715836828766
CCCSc1nc(N[C@@H]2C[C@H]2c2ccc(F)c(F)c2)c2nnn([C@@H]3C[C@H](OCCO)[C@@H](O)[C@H]3O)c2n1,600.0,0.4770488662734738
CCCSc1nc(N[C@@H]2C[C@H]2c2ccc(F)c(F)c2)c2nnn([C@@H]3C[C@H](OCCO)[C@@H](O)[C@H]3O)c2n1,400.0,0.4338498071286463
CCCSc1nc(N[C@@H]2C[C@H]2c2ccc(F)c(F)c2)c2nnn([C@@H]3C[C@H](OCCO)[C@@H](O)[C@H]3O)c2n1,300.0,0.2356231228840681
CCCSc1nc(N[C@@H]2C[C@H]2c2ccc(F)c(F)c2)c2nnn([C@@H]3C[C@H](OCCO)[C@@H](O)[C@H]3O)c2n1,200.0,0.1229742607016703
CCCSc1nc(N[C@@H]2C[C@H]2c2ccc(F)c(F)c2)c2nnn([C@@H]3C[C@H](OCCO)[C@@H](O)[C@H]3O)c2n1,180.0,0.0897069463501012
CCCSc1nc(N[C@@H]2C[C@H]2c2ccc(F)c(F)c2)c2nnn([C@@H]3C[C@H](OCCO)[C@@H](O)[C@H]3O)c2n1,157.5,-0.2213662270697584
CCCSc1nc(N[C@@H]2C[C@H]2c2ccc(F)c(F)c2)c2nnn([C@@H]3C[C@H](OCCO)[C@@H](O)[C@H]3O)c2n1,100.0,-0.3822543286832465
CCCSc1nc(N[C@@H]2C[C@H]2c2ccc(F)c(F)c2)c2nnn([C@@H]3C[C@H](OCCO)[C@@H](O)[C@H]3O)c2n1,60.0,-0.4078232426041331
CCCSc1nc(N[C@@H]2C[C@H]2c2ccc(F)c(F)c2)c2nnn([C@@H]3C[C@H](OCCO)[C@@H](O)[C@H]3O)c2n1,90.0,-0.4109228164744168
CCCSc1nc(N[C@@H]2C[C@H]2c2ccc(F)c(F)c2)c2nnn([C@@H]3C[C@H](OCCO)[C@@H](O)[C@H]3O)c2n1,50.0,-0.672232510097271
CCCSc1nc(N[C@@H]2C[C@H]2c2ccc(F)c(F)c2)c2nnn([C@@H]3C[C@H](OCCO)[C@@H](O)[C@H]3O)c2n1,52.5,-0.7272848774839423
CCCSc1nc(N[C@@H]2C[C@H]2c2ccc(F)c(F)c2)c2nnn([C@@H]3C[C@H](OCCO)[C@@H](O)[C@H]3O)c2n1,30.0,-0.8054856581175327
CCCSc1nc(N[C@@H]2C[C@H]2c2ccc(F)c(F)c2)c2nnn([C@@H]3C[C@H](OCCO)[C@@H](O)[C@H]3O)c2n1,26.25,-1.2225731776106885
CCCSc1nc(N[C@@H]2C[C@H]2c2ccc(F)c(F)c2)c2nnn([C@@H]3C[C@H](OCCO)[C@@H](O)[C@H]3O)c2n1,10.0,-1.431798275933005
CCCSc1nc(N[C@@H]2C[C@H]2c2ccc(F)c(F)c2)c2nnn([C@@H]3C[C@H](OCCO)[C@@H](O)[C@H]3O)c2n1,7.0,-1.6020252491590783
CCCSc1nc(N[C@@H]2C[C@H]2c2ccc(F)c(F)c2)c2nnn([C@@H]3C[C@H](OCCO)[C@@H](O)[C@H]3O)c2n1,3.0,-1.8239087409443189
CCCSc1nc(N[C@@H]2C[C@H]2c2ccc(F)c(F)c2)c2nnn([C@@H]3C[C@H](OCCO)[C@@H](O)[C@H]3O)c2n1,1.0,-2.3010299956639813
COc1nc(C)nc(Cl)c1NC1=NCCN1,1.0,-2.2006594505464183
COc1nc(C)nc(Cl)c1NC1=NCCN1,0.2,-2.87041751338601
CN1CCC[C@@H]1Cc1c[nH]c2ccc(CCS(=O)(=O)c3ccccc3)cc12,80.0,-0.5430775356841372
CN1CCC[C@@H]1Cc1c[nH]c2ccc(CCS(=O)(=O)c3ccccc3)cc12,120.0,-0.563095603023334
CN1CCC[C@@H]1Cc1c[nH]c2ccc(CCS(=O)(=O)c3ccccc3)cc12,90.0,-0.8213107602244102
CN1CCC[C@@H]1Cc1c[nH]c2ccc(CCS(=O)(=O)c3ccccc3)cc12,60.0,-0.936791779928789
CN1CCC[C@@H]1Cc1c[nH]c2ccc(CCS(=O)(=O)c3ccccc3)cc12,30.0,-1.1968331938680234
CN1CCC[C@@H]1Cc1c[nH]c2ccc(CCS(=O)(=O)c3ccccc3)cc12,20.0,-1.2110542729762523
CN1CCC[C@@H]1Cc1c[nH]c2ccc(CCS(=O)(=O)c3ccccc3)cc12,15.0,-1.368150537840182
CN1CCC[C@@H]1Cc1c[nH]c2ccc(CCS(=O)(=O)c3ccccc3)cc12,7.5,-1.621783850250122
CN1CCC[C@@H]1Cc1c[nH]c2ccc(CCS(=O)(=O)c3ccccc3)cc12,5.0,-1.8992849134269183
CN1CCC[C@@H]1Cc1c[nH]c2ccc(CCS(=O)(=O)c3ccccc3)cc12,1.5,-2.294992040666664
CN1CCc2cccc3c2[C@H]1Cc1ccc(O)c(O)c1-3,35.0,-0.0594835150674327
COCCCN1CCC(NC(=O)c2cc(Cl)c(N)c3c2OCC3)CC1,6.0,-1.7340036295049208
COCCCN1CCC(NC(=O)c2cc(Cl)c(N)c3c2OCC3)CC1,4.0,-1.9217244779133995
COCCCN1CCC(NC(=O)c2cc(Cl)c(N)c3c2OCC3)CC1,2.0,-2.383496847807938
COCCCN1CCC(NC(=O)c2cc(Cl)c(N)c3c2OCC3)CC1,1.0,-2.492312753614734
CCOc1nc2cccc(C(=O)OCc3oc(=O)oc3C)c2n1Cc1ccc(-c2ccccc2C2=NOC(O)N2)cc1,160.0,0.9011367045416516
CCOc1nc2cccc(C(=O)OCc3oc(=O)oc3C)c2n1Cc1ccc(-c2ccccc2C2=NOC(O)N2)cc1,80.0,0.7444423043227566
CCOc1nc2cccc(C(=O)OCc3oc(=O)oc3C)c2n1Cc1ccc(-c2ccccc2C2=NOC(O)N2)cc1,60.0,0.4083140676285422
CCOc1nc2cccc(C(=O)OCc3oc(=O)oc3C)c2n1Cc1ccc(-c2ccccc2C2=NOC(O)N2)cc1,40.0,0.3975968890977718
CCOc1nc2cccc(C(=O)OCc3oc(=O)oc3C)c2n1Cc1ccc(-c2ccccc2C2=NOC(O)N2)cc1,20.0,-0.0288169591438385
COc1ccc(CCN2CCC(Nc3nc4ccccc4n3Cc3ccc(F)cc3)CC2)cc1,30.0,-2.8000952980482468
COc1ccc(CCN2CCC(Nc3nc4ccccc4n3Cc3ccc(F)cc3)CC2)cc1,10.0,-3.234704070302018
CCC1(c2ccccc2)NC(=O)N(C)C1=O,100.0,-0.1781590727995457
NS(=O)(=O)Cc1noc2ccccc12,800.0,1.084576277934331
NS(=O)(=O)Cc1noc2ccccc12,400.0,0.7307822756663892
NS(=O)(=O)Cc1noc2ccccc12,300.0,0.5362427068383191
NS(=O)(=O)Cc1noc2ccccc12,100.0,0.0588038611164755
O=C(CCCN1CCC(O)(c2ccc(Cl)cc2)CC1)c1ccc(F)cc1,5.0,-2.9125735429637145
Cc1cn2nc(-c3cc(=O)n4cc(N5CCNC6(CC6)C5)ccc4n3)cc(C)c2n1,18.0,-1.0305840876460186
Cc1cn2nc(-c3cc(=O)n4cc(N5CCNC6(CC6)C5)ccc4n3)cc(C)c2n1,6.0,-1.605198222837289
Cc1cn2nc(-c3cc(=O)n4cc(N5CCNC6(CC6)C5)ccc4n3)cc(C)c2n1,5.0,-1.8541046844212328
Cc1cn2nc(-c3cc(=O)n4cc(N5CCNC6(CC6)C5)ccc4n3)cc(C)c2n1,2.0,-2.0793549985932125
Cc1cn2nc(-c3cc(=O)n4cc(N5CCNC6(CC6)C5)ccc4n3)cc(C)c2n1,0.6,-2.549750891680639
CCN1c2ncc(CCOc3cc[n+]([O-])c4ccccc34)cc2C(=O)N(C)c2cccnc21,100.0,-0.0282600770647853
CCN1c2ncc(CCOc3cc[n+]([O-])c4ccccc34)cc2C(=O)N(C)c2cccnc21,87.5,-0.0767554637407617
CCN1c2ncc(CCOc3cc[n+]([O-])c4ccccc34)cc2C(=O)N(C)c2cccnc21,62.5,-0.1850874643809696
CCN1c2ncc(CCOc3cc[n+]([O-])c4ccccc34)cc2C(=O)N(C)c2cccnc21,75.0,-0.2365713586274234
CCN1c2ncc(CCOc3cc[n+]([O-])c4ccccc34)cc2C(=O)N(C)c2cccnc21,50.0,-0.4509968279001694
CCN1c2ncc(CCOc3cc[n+]([O-])c4ccccc34)cc2C(=O)N(C)c2cccnc21,37.5,-0.4634413324538866
CN1C[C@H](C(=O)N[C@]2(C)O[C@@]3(O)[C@@H]4CCCN4C(=O)[C@H](Cc4ccccc4)N3C2=O)C=C2c3cccc4[nH]cc(c34)C[C@H]21,2.0,-4.669586226650809
C=CC(N)CCC(=O)O,6000.0,2.292256071356476
C=CC(N)CCC(=O)O,4000.0,2.17260293120986
C=CC(N)CCC(=O)O,3000.0,2.0293837776852097
C=CC(N)CCC(=O)O,2000.0,1.8898617212581883
C=CC(N)CCC(=O)O,1500.0,1.7853298350107671
C=CC(N)CCC(=O)O,1000.0,1.5324957244463775
C=CC(N)CCC(=O)O,750.0,1.4892551683692603
C=CC(N)CCC(=O)O,500.0,1.115438041507974
NS(=O)(=O)c1cc2c(cc1Cl)NCNS2(=O)=O,100.0,-0.2893749849392031
NS(=O)(=O)c1cc2c(cc1Cl)NCNS2(=O)=O,75.0,-0.4248121550723389
NS(=O)(=O)c1cc2c(cc1Cl)NCNS2(=O)=O,50.0,-0.5656546874371706
NS(=O)(=O)c1cc2c(cc1Cl)NCNS2(=O)=O,25.0,-0.755968783872019
NS(=O)(=O)c1cc2c(cc1Cl)NCNS2(=O)=O,12.5,-1.0869003377880722
CNC(C)[C@@H]1CC[C@@H](N)[C@@H](O[C@H]2[C@H](O)[C@@H](O[C@H]3OC[C@](C)(O)[C@H](NC)[C@H]3O)[C@H](N)C[C@@H]2N)O1,240.0,1.000000101759528
C=C1[C@H](CO)[C@@H](O)C[C@@H]1n1cnc2c(=O)[nH]c(N)nc21,20.0,-0.728158393463501
C=C1[C@H](CO)[C@@H](O)C[C@@H]1n1cnc2c(=O)[nH]c(N)nc21,10.0,-1.0026136156026868
C=C1[C@H](CO)[C@@H](O)C[C@@H]1n1cnc2c(=O)[nH]c(N)nc21,5.0,-1.348721986001856
C=C1[C@H](CO)[C@@H](O)C[C@@H]1n1cnc2c(=O)[nH]c(N)nc21,2.5,-1.6855007720268484
C=C1[C@H](CO)[C@@H](O)C[C@@H]1n1cnc2c(=O)[nH]c(N)nc21,2.1,-1.9469215565165805
C=C1[C@H](CO)[C@@H](O)C[C@@H]1n1cnc2c(=O)[nH]c(N)nc21,1.0,-1.959115407868771
C=C1[C@H](CO)[C@@H](O)C[C@@H]1n1cnc2c(=O)[nH]c(N)nc21,1.05,-2.157390760389438
C=C1[C@H](CO)[C@@H](O)C[C@@H]1n1cnc2c(=O)[nH]c(N)nc21,0.5,-2.3972776435077505
C=C1[C@H](CO)[C@@H](O)C[C@@H]1n1cnc2c(=O)[nH]c(N)nc21,0.51,-2.549750891680639
C=C1[C@H](CO)[C@@H](O)C[C@@H]1n1cnc2c(=O)[nH]c(N)nc21,0.1,-3.244463907591142
C=C1[C@H](CO)[C@@H](O)C[C@@H]1n1cnc2c(=O)[nH]c(N)nc21,0.05,-3.5361070110140926
O=C(O)Cc1sc(-c2ccccc2)nc1-c1ccc(Cl)cc1,200.0,0.3959085573413817
C[C@H](Cc1cc2c(c(C(N)=O)c1)N(CCCO)CC2)NCCOc1ccccc1OCC(F)(F)F,16.0,-0.7904581779833997
C[C@H](Cc1cc2c(c(C(N)=O)c1)N(CCCO)CC2)NCCOc1ccccc1OCC(F)(F)F,24.0,-0.8304235234203281
C[C@H](Cc1cc2c(c(C(N)=O)c1)N(CCCO)CC2)NCCOc1ccccc1OCC(F)(F)F,12.0,-0.9777366343187412
C[C@H](Cc1cc2c(c(C(N)=O)c1)N(CCCO)CC2)NCCOc1ccccc1OCC(F)(F)F,8.0,-1.3083541490147776
C[C@H](Cc1cc2c(c(C(N)=O)c1)N(CCCO)CC2)NCCOc1ccccc1OCC(F)(F)F,4.0,-1.7227153949911944
C[C@H](Cc1cc2c(c(C(N)=O)c1)N(CCCO)CC2)NCCOc1ccccc1OCC(F)(F)F,2.0,-1.8658228924232336
C[C@H](Cc1cc2c(c(C(N)=O)c1)N(CCCO)CC2)NCCOc1ccccc1OCC(F)(F)F,1.0,-2.1450869776921446
Cc1cc2c(F)c(Oc3ncnn4cc(OC[C@@H](C)O)c(C)c34)ccc2[nH]1,800.0,0.7853297877794596
Cc1cc2c(F)c(Oc3ncnn4cc(OC[C@@H](C)O)c(C)c34)ccc2[nH]1,400.0,0.5440678464360309
CC#C[C@]1(O)CC[C@H]2[C@@H]3CCC4=CC(=O)CCC4=C3[C@@H](c3ccc(N(C)C)cc3)C[C@@]21C,1200.0,0.4690181569970256
CC#C[C@]1(O)CC[C@H]2[C@@H]3CCC4=CC(=O)CCC4=C3[C@@H](c3ccc(N(C)C)cc3)C[C@@]21C,400.0,0.4313637641589873
CC#C[C@]1(O)CC[C@H]2[C@@H]3CCC4=CC(=O)CCC4=C3[C@@H](c3ccc(N(C)C)cc3)C[C@@]21C,600.0,0.3695581911368253
CC#C[C@]1(O)CC[C@H]2[C@@H]3CCC4=CC(=O)CCC4=C3[C@@H](c3ccc(N(C)C)cc3)C[C@@]21C,450.0,0.3117538610557543
CC#C[C@]1(O)CC[C@H]2[C@@H]3CCC4=CC(=O)CCC4=C3[C@@H](c3ccc(N(C)C)cc3)C[C@@]21C,300.0,0.2935031778536563
CC#C[C@]1(O)CC[C@H]2[C@@H]3CCC4=CC(=O)CCC4=C3[C@@H](c3ccc(N(C)C)cc3)C[C@@]21C,40.0,0.2741578492636798
CC#C[C@]1(O)CC[C@H]2[C@@H]3CCC4=CC(=O)CCC4=C3[C@@H](c3ccc(N(C)C)cc3)C[C@@]21C,200.0,0.25554050540919
CC#C[C@]1(O)CC[C@H]2[C@@H]3CCC4=CC(=O)CCC4=C3[C@@H](c3ccc(N(C)C)cc3)C[C@@]21C,150.0,0.2430380486862944
CC#C[C@]1(O)CC[C@H]2[C@@H]3CCC4=CC(=O)CCC4=C3[C@@H](c3ccc(N(C)C)cc3)C[C@@]21C,250.0,0.2304489213782739
CC#C[C@]1(O)CC[C@H]2[C@@H]3CCC4=CC(=O)CCC4=C3[C@@H](c3ccc(N(C)C)cc3)C[C@@]21C,75.0,0.0986437258170569
CC#C[C@]1(O)CC[C@H]2[C@@H]3CCC4=CC(=O)CCC4=C3[C@@H](c3ccc(N(C)C)cc3)C[C@@]21C,50.0,0.0863598306747482
CC#C[C@]1(O)CC[C@H]2[C@@H]3CCC4=CC(=O)CCC4=C3[C@@H](c3ccc(N(C)C)cc3)C[C@@]21C,20.0,-0.0190880622231564
CC[C@@]1(O)C(=O)OCc2c1cc1n(c2=O)Cc2cc3c(CN(C)C)c(O)ccc3nc2-1,2.5,-1.9540254164670972
CC[C@@]1(O)C(=O)OCc2c1cc1n(c2=O)Cc2cc3c(CN(C)C)c(O)ccc3nc2-1,2.0,-1.962232120292629
CC[C@@]1(O)C(=O)OCc2c1cc1n(c2=O)Cc2cc3c(CN(C)C)c(O)ccc3nc2-1,1.5,-2.1327289810345555
CC[C@@]1(O)C(=O)OCc2c1cc1n(c2=O)Cc2cc3c(CN(C)C)c(O)ccc3nc2-1,1.0,-2.4600879154208903
CC(C)(C)NC(=O)N[C@H](C(=O)N1C[C@H]2[C@@H]([C@H]1C(=O)NC(CC1CCC1)C(=O)C(N)=O)C2(C)C)C(C)(C)C,800.0,0.0876863674749826
CC(C)(C)NC(=O)N[C@H](C(=O)N1C[C@H]2[C@@H]([C@H]1C(=O)NC(CC1CCC1)C(=O)C(N)=O)C2(C)C)C(C)(C)C,400.0,-0.2424609937517985
CC(C)(C)NC(=O)N[C@H](C(=O)N1C[C@H]2[C@@H]([C@H]1C(=O)NC(CC1CCC1)C(=O)C(N)=O)C2(C)C)C(C)(C)C,200.0,-0.5450382098516118
CC(Cc1ccccc1)(NC(=O)CN)c1ccccc1,300.0,-0.3529525219699693
C[C@]12CC[C@@H]3c4ccc(O)cc4CC[C@H]3[C@@H]1CC[C@@H]2O,8.0,-1.6426242541711469
C[C@]12CC[C@@H]3c4ccc(O)cc4CC[C@H]3[C@@H]1CC[C@@H]2O,4.0,-1.7420575694268647
C[C@]12CC[C@@H]3c4ccc(O)cc4CC[C@H]3[C@@H]1CC[C@@H]2O,1.0,-3.978121891139784
C[C@]12CC[C@@H]3c4ccc(O)cc4CC[C@H]3[C@@H]1CC[C@@H]2O,1.5,-4.0343280287798935
C[C@]12CC[C@@H]3c4ccc(O)cc4CC[C@H]3[C@@H]1CC[C@@H]2O,2.0,-4.222138375823758
Cc1c(C(=O)Nc2ccc(N3C[C@@H](C)O[C@@H](C)C3)nc2)cccc1-c1ccc(OC(F)(F)F)cc1,3000.0,-0.3675427078152757
Cc1c(C(=O)Nc2ccc(N3C[C@@H](C)O[C@@H](C)C3)nc2)cccc1-c1ccc(OC(F)(F)F)cc1,1500.0,-0.4248121550723389
Cc1c(C(=O)Nc2ccc(N3C[C@@H](C)O[C@@H](C)C3)nc2)cccc1-c1ccc(OC(F)(F)F)cc1,1000.0,-0.4921441283041691
Cc1c(C(=O)Nc2ccc(N3C[C@@H](C)O[C@@H](C)C3)nc2)cccc1-c1ccc(OC(F)(F)F)cc1,800.0,-0.5684225879415195
Cc1c(C(=O)Nc2ccc(N3C[C@@H](C)O[C@@H](C)C3)nc2)cccc1-c1ccc(OC(F)(F)F)cc1,400.0,-0.6575970602847271
Cc1c(C(=O)Nc2ccc(N3C[C@@H](C)O[C@@H](C)C3)nc2)cccc1-c1ccc(OC(F)(F)F)cc1,200.0,-0.8974153809118621
Cc1c(C(=O)Nc2ccc(N3C[C@@H](C)O[C@@H](C)C3)nc2)cccc1-c1ccc(OC(F)(F)F)cc1,100.0,-1.0655015487564323
CCN(CC)C(=O)C1(c2ccccc2)CC1CN,100.0,-0.6205131681569135
CC(=O)Oc1ccc2c(c1)CC[C@@H]1[C@@H]2CC[C@]2(C)[C@@H](O)CC[C@@H]12,2.304,-4.1095789811990855
CC(=O)Oc1ccc2c(c1)CC[C@@H]1[C@@H]2CC[C@]2(C)[C@@H](O)CC[C@@H]12,1.152,-4.277366077466188
CN1CCN(CC(=O)N2c3ccccc3C(=O)Nc3cccnc32)CC1,50.0,-1.0876849282952517
CC(C)(C)NCC(O)c1ccc(O)c(CO)c1,8.0,-2.044372372131652
CC(C)(C)NCC(O)c1ccc(O)c(CO)c1,4.0,-2.1318128856599694
CC(C)(C)NCC(O)c1ccc(O)c(CO)c1,4.0,-2.213721923385662
CC(C)(C)NCC(O)c1ccc(O)c(CO)c1,2.0,-2.2254830342714502
C[C@@]1(O)CC[C@H]2[C@H](CC[C@@H]3[C@@H]2CC[C@]2(C)[C@@H](C(=O)Cn4cc(C#N)cn4)CC[C@@H]32)C1,66.0,-0.7016928626714921
C[C@@]1(O)CC[C@H]2[C@H](CC[C@@H]3[C@@H]2CC[C@]2(C)[C@@H](C(=O)Cn4cc(C#N)cn4)CC[C@@H]32)C1,55.0,-0.8182992955840384
C[C@@]1(O)CC[C@H]2[C@H](CC[C@@H]3[C@@H]2CC[C@]2(C)[C@@H](C(=O)Cn4cc(C#N)cn4)CC[C@@H]32)C1,44.0,-0.8921119748172014
C[C@@]1(O)CC[C@H]2[C@H](CC[C@@H]3[C@@H]2CC[C@]2(C)[C@@H](C(=O)Cn4cc(C#N)cn4)CC[C@@H]32)C1,22.0,-1.041985902088749
C[C@@]1(O)CC[C@H]2[C@H](CC[C@@H]3[C@@H]2CC[C@]2(C)[C@@H](C(=O)Cn4cc(C#N)cn4)CC[C@@H]32)C1,30.0,-1.0594835150674329
C[C@@]1(O)CC[C@H]2[C@H](CC[C@@H]3[C@@H]2CC[C@]2(C)[C@@H](C(=O)Cn4cc(C#N)cn4)CC[C@@H]32)C1,11.0,-1.250263684430939
C[C@@]1(O)CC[C@H]2[C@H](CC[C@@H]3[C@@H]2CC[C@]2(C)[C@@H](C(=O)Cn4cc(C#N)cn4)CC[C@@H]32)C1,20.0,-1.2662812525174922
C[C@@]1(O)CC[C@H]2[C@H](CC[C@@H]3[C@@H]2CC[C@]2(C)[C@@H](C(=O)Cn4cc(C#N)cn4)CC[C@@H]32)C1,5.5,-1.6946486305533763
C[C@@]1(O)CC[C@H]2[C@H](CC[C@@H]3[C@@H]2CC[C@]2(C)[C@@H](C(=O)Cn4cc(C#N)cn4)CC[C@@H]32)C1,2.0,-2.080398976215889
C[C@@]1(O)CC[C@H]2[C@H](CC[C@@H]3[C@@H]2CC[C@]2(C)[C@@H](C(=O)Cn4cc(C#N)cn4)CC[C@@H]32)C1,0.75,-2.563837352959244
C=CC(=O)Nc1cc(Nc2nccc(-c3cn(C)c4ccccc34)n2)c(OC)cc1N(C)CCN(C)C,80.0,-3.197226274708093
CONC(=O)Nc1ccc(-c2sc3c(c2CN(C)C)c(=O)n(-c2ccc(OC)nn2)c(=O)n3Cc2c(F)cccc2F)cc1,360.0,-0.6536470255493616
CONC(=O)Nc1ccc(-c2sc3c(c2CN(C)C)c(=O)n(-c2ccc(OC)nn2)c(=O)n3Cc2c(F)cccc2F)cc1,120.0,-1.159057919756901
CC(C)(C)c1ccc(C(O)CCCN2CCC(C(O)(c3ccccc3)c3ccccc3)CC2)cc1,120.0,-0.6135557995000867
CC(C)(C)c1ccc(C(O)CCCN2CCC(C(O)(c3ccccc3)c3ccccc3)CC2)cc1,60.0,-0.6956093103005433
C[C@]1(O)CC[C@H]2[C@@H]3CCC4=CC(=O)CC[C@]4(C)[C@@]3(F)[C@@H](O)C[C@@]21C,10.0,-0.4749551929631549
CCCCCCC(C)(C)c1cc(O)c2c(c1)OC(C)(C)[C@@H]1CCC(=O)C[C@@H]21,3.0,-2.4559319556497243
CCCCCCC(C)(C)c1cc(O)c2c(c1)OC(C)(C)[C@@H]1CCC(=O)C[C@@H]21,2.0,-2.54515513999149
CCCCCCC(C)(C)c1cc(O)c2c(c1)OC(C)(C)[C@@H]1CCC(=O)C[C@@H]21,1.0,-2.8239087409443187
Nc1ccc(S(=O)(=O)c2ccc(N)cc2)cc1,100.0,0.1519058745371979
Nc1ccc(S(=O)(=O)c2ccc(N)cc2)cc1,116.9,0.1383026981662814
Nc1ccc(S(=O)(=O)c2ccc(N)cc2)cc1,50.0,0.0606978403536116
Cc1ccccc1N1CCN(CCc2nnc3n2CCCC3)CC1,20.0,-0.7155692661554808
Cc1ccccc1N1CCN(CCc2nnc3n2CCCC3)CC1,10.0,-1.0123337350737254
Cc1ccccc1N1CCN(CCc2nnc3n2CCCC3)CC1,5.0,-1.3010299956639813
CC1=C(C/C=C(\C)CCC[C@H](C)CCC[C@H](C)CCCC(C)C)C(=O)c2ccccc2C1=O,5.0,-1.2321395958185954
C=CCNc1nc(NCC=C)nc(N2CCN(C(c3ccc(F)cc3)c3ccc(F)cc3)CC2)n1,100.0,-1.0731432910503085
COC(=O)N[C@@H](C)CNc1nccc(-c2cn(C(C)C)nc2-c2cc(Cl)cc(NS(C)(=O)=O)c2F)n1,700.0,0.954483717155552
COC(=O)N[C@@H](C)CNc1nccc(-c2cn(C(C)C)nc2-c2cc(Cl)cc(NS(C)(=O)=O)c2F)n1,600.0,0.9498777040368748
COC(=O)N[C@@H](C)CNc1nccc(-c2cn(C(C)C)nc2-c2cc(Cl)cc(NS(C)(=O)=O)c2F)n1,550.0,0.72916478969277
COC(=O)N[C@@H](C)CNc1nccc(-c2cn(C(C)C)nc2-c2cc(Cl)cc(NS(C)(=O)=O)c2F)n1,450.0,0.714072921874078
COC(=O)N[C@@H](C)CNc1nccc(-c2cn(C(C)C)nc2-c2cc(Cl)cc(NS(C)(=O)=O)c2F)n1,400.0,0.6669233823912869
COC(=O)N[C@@H](C)CNc1nccc(-c2cn(C(C)C)nc2-c2cc(Cl)cc(NS(C)(=O)=O)c2F)n1,300.0,0.4279727136082088
COC(=O)N[C@@H](C)CNc1nccc(-c2cn(C(C)C)nc2-c2cc(Cl)cc(NS(C)(=O)=O)c2F)n1,200.0,0.3461217159912556
COC(=O)N[C@@H](C)CNc1nccc(-c2cn(C(C)C)nc2-c2cc(Cl)cc(NS(C)(=O)=O)c2F)n1,150.0,0.1702617153949574
COC(=O)N[C@@H](C)CNc1nccc(-c2cn(C(C)C)nc2-c2cc(Cl)cc(NS(C)(=O)=O)c2F)n1,100.0,0.0694368308739121
COC(=O)N[C@@H](C)CNc1nccc(-c2cn(C(C)C)nc2-c2cc(Cl)cc(NS(C)(=O)=O)c2F)n1,50.0,-0.1842853111319389
CC(O)c1cc(C(=O)N[C@@H](C)Cn2ccc(-c3ccc(C#N)c(Cl)c3)n2)n[nH]1,300.0,0.7670922285288534
CC(O)c1cc(C(=O)N[C@@H](C)Cn2ccc(-c3ccc(C#N)c(Cl)c3)n2)n[nH]1,700.0,0.4927603890268374
CC(O)c1cc(C(=O)N[C@@H](C)Cn2ccc(-c3ccc(C#N)c(Cl)c3)n2)n[nH]1,600.0,0.4847745034204628
CC(O)c1cc(C(=O)N[C@@H](C)Cn2ccc(-c3ccc(C#N)c(Cl)c3)n2)n[nH]1,900.0,0.4763968267253302
C[C@H]1CNC(=O)c2cnn3ccc(nc23)N[C@H](C)c2cc(F)ccc2O1,160.0,-0.1415379984277616
C=CC[C@@H]1/C=C(\C)C[C@H](C)C[C@H](OC)[C@H]2O[C@@](O)(C(=O)C(=O)N3CCCC[C@H]3C(=O)O[C@H](/C(C)=C/[C@H]3CC[C@@H](O)[C@@H](OC)C3)[C@H](C)[C@@H](O)CC1=O)[C@H](C)C[C@@H]2OC,7.5,-1.3169529617611504
C=CC[C@@H]1/C=C(\C)C[C@H](C)C[C@H](OC)[C@H]2O[C@@](O)(C(=O)C(=O)N3CCCC[C@H]3C(=O)O[C@H](/C(C)=C/[C@H]3CC[C@@H](O)[C@@H](OC)C3)[C@H](C)[C@@H](O)CC1=O)[C@H](C)C[C@@H]2OC,3.5,-1.420788219768501
C=CC[C@@H]1/C=C(\C)C[C@H](C)C[C@H](OC)[C@H]2O[C@@](O)(C(=O)C(=O)N3CCCC[C@H]3C(=O)O[C@H](/C(C)=C/[C@H]3CC[C@@H](O)[C@@H](OC)C3)[C@H](C)[C@@H](O)CC1=O)[C@H](C)C[C@@H]2OC,3.71,-1.4621809049267258
C=CC[C@@H]1/C=C(\C)C[C@H](C)C[C@H](OC)[C@H]2O[C@@](O)(C(=O)C(=O)N3CCCC[C@H]3C(=O)O[C@H](/C(C)=C/[C@H]3CC[C@@H](O)[C@@H](OC)C3)[C@H](C)[C@@H](O)CC1=O)[C@H](C)C[C@@H]2OC,10.5,-1.5030703519267852
C=CC[C@@H]1/C=C(\C)C[C@H](C)C[C@H](OC)[C@H]2O[C@@](O)(C(=O)C(=O)N3CCCC[C@H]3C(=O)O[C@H](/C(C)=C/[C@H]3CC[C@@H](O)[C@@H](OC)C3)[C@H](C)[C@@H](O)CC1=O)[C@H](C)C[C@@H]2OC,7.0,-1.5432393330574303
C=CC[C@@H]1/C=C(\C)C[C@H](C)C[C@H](OC)[C@H]2O[C@@](O)(C(=O)C(=O)N3CCCC[C@H]3C(=O)O[C@H](/C(C)=C/[C@H]3CC[C@@H](O)[C@@H](OC)C3)[C@H](C)[C@@H](O)CC1=O)[C@H](C)C[C@@H]2OC,5.6,-1.5512936800949202
C=CC[C@@H]1/C=C(\C)C[C@H](C)C[C@H](OC)[C@H]2O[C@@](O)(C(=O)C(=O)N3CCCC[C@H]3C(=O)O[C@H](/C(C)=C/[C@H]3CC[C@@H](O)[C@@H](OC)C3)[C@H](C)[C@@H](O)CC1=O)[C@H](C)C[C@@H]2OC,10.0,-1.5851937204989874
C=CC[C@@H]1/C=C(\C)C[C@H](C)C[C@H](OC)[C@H]2O[C@@](O)(C(=O)C(=O)N3CCCC[C@H]3C(=O)O[C@H](/C(C)=C/[C@H]3CC[C@@H](O)[C@@H](OC)C3)[C@H](C)[C@@H](O)CC1=O)[C@H](C)C[C@@H]2OC,5.0,-1.6485294307145764
C=CC[C@@H]1/C=C(\C)C[C@H](C)C[C@H](OC)[C@H]2O[C@@](O)(C(=O)C(=O)N3CCCC[C@H]3C(=O)O[C@H](/C(C)=C/[C@H]3CC[C@@H](O)[C@@H](OC)C3)[C@H](C)[C@@H](O)CC1=O)[C@H](C)C[C@@H]2OC,3.0,-1.792275893075251
C=CC[C@@H]1/C=C(\C)C[C@H](C)C[C@H](OC)[C@H]2O[C@@](O)(C(=O)C(=O)N3CCCC[C@H]3C(=O)O[C@H](/C(C)=C/[C@H]3CC[C@@H](O)[C@@H](OC)C3)[C@H](C)[C@@H](O)CC1=O)[C@H](C)C[C@@H]2OC,1.75,-1.8068754016455384
C=CC[C@@H]1/C=C(\C)C[C@H](C)C[C@H](OC)[C@H]2O[C@@](O)(C(=O)C(=O)N3CCCC[C@H]3C(=O)O[C@H](/C(C)=C/[C@H]3CC[C@@H](O)[C@@H](OC)C3)[C@H](C)[C@@H](O)CC1=O)[C@H](C)C[C@@H]2OC,5.25,-1.832682665251824
C=CC[C@@H]1/C=C(\C)C[C@H](C)C[C@H](OC)[C@H]2O[C@@](O)(C(=O)C(=O)N3CCCC[C@H]3C(=O)O[C@H](/C(C)=C/[C@H]3CC[C@@H](O)[C@@H](OC)C3)[C@H](C)[C@@H](O)CC1=O)[C@H](C)C[C@@H]2OC,4.0,-2.0562088010706985
C=CC[C@@H]1/C=C(\C)C[C@H](C)C[C@H](OC)[C@H]2O[C@@](O)(C(=O)C(=O)N3CCCC[C@H]3C(=O)O[C@H](/C(C)=C/[C@H]3CC[C@@H](O)[C@@H](OC)C3)[C@H](C)[C@@H](O)CC1=O)[C@H](C)C[C@@H]2OC,0.5,-2.0604807473813813
C=CC[C@@H]1/C=C(\C)C[C@H](C)C[C@H](OC)[C@H]2O[C@@](O)(C(=O)C(=O)N3CCCC[C@H]3C(=O)O[C@H](/C(C)=C/[C@H]3CC[C@@H](O)[C@@H](OC)C3)[C@H](C)[C@@H](O)CC1=O)[C@H](C)C[C@@H]2OC,2.0,-2.2395021247734808
C=CC[C@@H]1/C=C(\C)C[C@H](C)C[C@H](OC)[C@H]2O[C@@](O)(C(=O)C(=O)N3CCCC[C@H]3C(=O)O[C@H](/C(C)=C/[C@H]3CC[C@@H](O)[C@@H](OC)C3)[C@H](C)[C@@H](O)CC1=O)[C@H](C)C[C@@H]2OC,1.0,-2.416234631715
C=CC[C@@H]1/C=C(\C)C[C@H](C)C[C@H](OC)[C@H]2O[C@@](O)(C(=O)C(=O)N3CCCC[C@H]3C(=O)O[C@H](/C(C)=C/[C@H]3CC[C@@H](O)[C@@H](OC)C3)[C@H](C)[C@@H](O)CC1=O)[C@H](C)C[C@@H]2OC,1.5,-2.5176028777466737
C[C@@H](O)[C@H]1C(=O)N2C(C(=O)O)=C(SCCNC=N)C[C@H]12,500.0,0.8195439322188578
O=C1Nc2ccc(Cl)cc2C(c2ccccc2Cl)=NC1O,2.5,-1.5497508916806388
O=C1Nc2ccc(Cl)cc2C(c2ccccc2Cl)=NC1O,3.0,-1.5836591094255192
O=C1Nc2ccc(Cl)cc2C(c2ccccc2Cl)=NC1O,1.0,-1.6111885865264766
O=C1Nc2ccc(Cl)cc2C(c2ccccc2Cl)=NC1O,2.0,-1.6245680715510935
O=C1Nc2ccc(Cl)cc2C(c2ccccc2Cl)=NC1O,4.0,-1.696959538621745
O=C1Nc2ccc(Cl)cc2C(c2ccccc2Cl)=NC1O,3.3,-1.8416375079047504
CC1(C)O[C@@H]2[C@@H](CO[C@@]3(COS(N)(=O)=O)OC(C)(C)O[C@@H]23)O1,1200.0,1.3554100108037734
CC1(C)O[C@@H]2[C@@H](CO[C@@]3(COS(N)(=O)=O)OC(C)(C)O[C@@H]23)O1,1400.0,1.294818809482687
CC1(C)O[C@@H]2[C@@H](CO[C@@]3(COS(N)(=O)=O)OC(C)(C)O[C@@H]23)O1,1600.0,1.294466226161593
CC1(C)O[C@@H]2[C@@H](CO[C@@]3(COS(N)(=O)=O)OC(C)(C)O[C@@H]23)O1,800.0,1.1597476105242728
CC1(C)O[C@@H]2[C@@H](CO[C@@]3(COS(N)(=O)=O)OC(C)(C)O[C@@H]23)O1,1000.0,0.9914431391356462
CC1(C)O[C@@H]2[C@@H](CO[C@@]3(COS(N)(=O)=O)OC(C)(C)O[C@@H]23)O1,600.0,0.9210792524997656
CC1(C)O[C@@H]2[C@@H](CO[C@@]3(COS(N)(=O)=O)OC(C)(C)O[C@@H]23)O1,400.0,0.8761390808244196
CC1(C)O[C@@H]2[C@@H](CO[C@@]3(COS(N)(=O)=O)OC(C)(C)O[C@@H]23)O1,200.0,0.3917226194982756
CC1(C)O[C@@H]2[C@@H](CO[C@@]3(COS(N)(=O)=O)OC(C)(C)O[C@@H]23)O1,100.0,0.2327096204038465
CC1(C)O[C@@H]2[C@@H](CO[C@@]3(COS(N)(=O)=O)OC(C)(C)O[C@@H]23)O1,50.0,-0.3440616119657529
CC1(C)O[C@@H]2[C@@H](CO[C@@]3(COS(N)(=O)=O)OC(C)(C)O[C@@H]23)O1,25.0,-0.6925039620867871
Cn1c(=O)c2c(ncn2C)n(C)c1=O,500.0,1.0273496077747566
Cn1c(=O)c2c(ncn2C)n(C)c1=O,400.0,0.9030899869919436
Cn1c(=O)c2c(ncn2C)n(C)c1=O,350.0,0.8874297406343095
Cn1c(=O)c2c(ncn2C)n(C)c1=O,240.0,0.7757317762602307
Cn1c(=O)c2c(ncn2C)n(C)c1=O,183.0,0.7523278716552982
Cn1c(=O)c2c(ncn2C)n(C)c1=O,250.0,0.743248377731732
Cn1c(=O)c2c(ncn2C)n(C)c1=O,300.0,0.7287594751678745
Cn1c(=O)c2c(ncn2C)n(C)c1=O,175.0,0.6989700043360189
Cn1c(=O)c2c(ncn2C)n(C)c1=O,210.0,0.6812412373755872
Cn1c(=O)c2c(ncn2C)n(C)c1=O,200.0,0.6618126855372612
Cn1c(=O)c2c(ncn2C)n(C)c1=O,162.0,0.6117233080073418
Cn1c(=O)c2c(ncn2C)n(C)c1=O,100.0,0.3731025141153877
Cn1c(=O)c2c(ncn2C)n(C)c1=O,10.0,-0.0039354755821429
O=c1[nH]cnc2[nH]ncc12,300.0,0.5380218583604932
O=c1[nH]cnc2[nH]ncc12,200.0,0.449478399187365
O=c1[nH]cnc2[nH]ncc12,100.0,-0.2497488124300262
NCC[C@H](O)C(=O)N[C@@H]1C[C@H](N)[C@@H](O[C@H]2O[C@H](CN)[C@@H](O)[C@H](O)[C@H]2O)[C@H](O)[C@H]1O[C@H]1O[C@H](CO)[C@@H](O)[C@H](N)[C@H]1O,75.0,-0.3010302787372167
CCc1cc2c(cc1N1CCC(N3CCOCC3)CC1)C(C)(C)c1[nH]c3cc(C#N)ccc3c1C2=O,900.0,0.0253058652647702
CCc1cc2c(cc1N1CCC(N3CCOCC3)CC1)C(C)(C)c1[nH]c3cc(C#N)ccc3c1C2=O,760.0,-0.3138107657559763
CCc1cc2c(cc1N1CCC(N3CCOCC3)CC1)C(C)(C)c1[nH]c3cc(C#N)ccc3c1C2=O,600.0,-0.6320086168169015
CCc1cc2c(cc1N1CCC(N3CCOCC3)CC1)C(C)(C)c1[nH]c3cc(C#N)ccc3c1C2=O,150.0,-0.754363970593797
CCc1cc2c(cc1N1CCC(N3CCOCC3)CC1)C(C)(C)c1[nH]c3cc(C#N)ccc3c1C2=O,300.0,-0.8134203293300145
CCOC(=O)[C@H](CCc1ccccc1)N[C@H]1CCCN2CCC[C@@H](C(=O)O)N2C1=O,5.0,-1.1466060225493342
CCOC(=O)[C@H](CCc1ccccc1)N[C@H]1CCCN2CCC[C@@H](C(=O)O)N2C1=O,1.0,-1.978810700930062
CCOC(=O)[C@H](CCc1ccccc1)N[C@H]1CCCN2CCC[C@@H](C(=O)O)N2C1=O,0.5,-2.017728766960432
CC(C)(C)NC[C@H](O)COc1nsnc1N1CCOCC1,20.0,-1.0592345643687826
CC(C)(C)NC[C@H](O)COc1nsnc1N1CCOCC1,20.0,-1.073914913074856
CC(C)(C)NC[C@H](O)COc1nsnc1N1CCOCC1,10.0,-1.4158950296005473
CC(C)(C)NC[C@H](O)COc1nsnc1N1CCOCC1,10.0,-1.5298100937144476
CC(C)(C)NC[C@H](O)COc1nsnc1N1CCOCC1,7.0,-1.585026652029182
CC(C)(C)NC[C@H](O)COc1nsnc1N1CCOCC1,5.0,-1.6682353873598517
CC(C(=O)O)c1cccc(Oc2ccccc2)c1,600.0,1.6066451452712645
CCN(CC)CC(=O)Nc1c(C)cccc1C,200.0,-0.0579919469776867
CCN(CC)CC(=O)Nc1c(C)cccc1C,70.0,-0.9767726976999782
C[C@@H]1CCO[C@H]2Cn3cc(C(=O)NCc4ccc(F)cc4F)c(=O)c(O)c3C(=O)N12,250.0,1.1024337056813365
C[C@@H]1CCO[C@H]2Cn3cc(C(=O)NCc4ccc(F)cc4F)c(=O)c(O)c3C(=O)N12,100.0,0.6967057809339172
C[C@@H]1CCO[C@H]2Cn3cc(C(=O)NCc4ccc(F)cc4F)c(=O)c(O)c3C(=O)N12,50.0,0.3862254017067582
C[C@@H]1CCO[C@H]2Cn3cc(C(=O)NCc4ccc(F)cc4F)c(=O)c(O)c3C(=O)N12,25.0,0.371990911464915
C[C@@H]1CCO[C@H]2Cn3cc(C(=O)NCc4ccc(F)cc4F)c(=O)c(O)c3C(=O)N12,20.0,0.2448953336918616
C[C@@H]1CCO[C@H]2Cn3cc(C(=O)NCc4ccc(F)cc4F)c(=O)c(O)c3C(=O)N12,10.0,0.0547406943761469
C[C@@H]1CCO[C@H]2Cn3cc(C(=O)NCc4ccc(F)cc4F)c(=O)c(O)c3C(=O)N12,5.0,-0.1797985405143597
C[C@@H]1CCO[C@H]2Cn3cc(C(=O)NCc4ccc(F)cc4F)c(=O)c(O)c3C(=O)N12,2.0,-0.6363880201078557
Cc1ccc(O)c([C@H](CCN(C(C)C)C(C)C)c2ccccc2)c1,12.8,-1.6020599913279625
Cc1ccc(O)c([C@H](CCN(C(C)C)C(C)C)c2ccccc2)c1,6.4,-2.017728766960432
Cc1ccc(O)c([C@H](CCN(C(C)C)C(C)C)c2ccccc2)c1,5.0,-2.0604807473813813
Cc1ccc(O)c([C@H](CCN(C(C)C)C(C)C)c2ccccc2)c1,3.2,-2.207608310501746
Cc1ccc(O)c([C@H](CCN(C(C)C)C(C)C)c2ccccc2)c1,2.0,-2.3595708719103308
Cc1ccc(O)c([C@H](CCN(C(C)C)C(C)C)c2ccccc2)c1,4.0,-2.4330390248644678
Cc1ccc(O)c([C@H](CCN(C(C)C)C(C)C)c2ccccc2)c1,1.0,-2.629857152948898
OC[C@@H](O)[C@@H](O[C@@H]1O[C@H](CO)[C@H](O)[C@H](O)[C@H]1O)[C@H](O)[C@@H](O)CO,20000.0,-0.1101382787418115
OC[C@@H](O)[C@@H](O[C@@H]1O[C@H](CO)[C@H](O)[C@H](O)[C@H]1O)[C@H](O)[C@@H](O)CO,21000.0,-0.1204697130358733
C[C@H](Nc1ccc(C#N)n(C)c1=O)c1cc2cc(Cl)ccc2[nH]c1=O,150.0,-0.3434705937665016
C[C@@H]1C[C@H]2[C@@H]3CCC4=CC(=O)C=C[C@]4(C)[C@@]3(F)[C@@H](O)C[C@]2(C)[C@@]1(O)C(=O)CO,300.0,0.5078558716958309
C[C@@H]1C[C@H]2[C@@H]3CCC4=CC(=O)C=C[C@]4(C)[C@@]3(F)[C@@H](O)C[C@]2(C)[C@@]1(O)C(=O)CO,200.0,0.2966651902615311
C[C@@H]1C[C@H]2[C@@H]3CCC4=CC(=O)C=C[C@]4(C)[C@@]3(F)[C@@H](O)C[C@]2(C)[C@@]1(O)C(=O)CO,40.0,-0.3018994543766102
C[C@@H]1C[C@H]2[C@@H]3CCC4=CC(=O)C=C[C@]4(C)[C@@]3(F)[C@@H](O)C[C@]2(C)[C@@]1(O)C(=O)CO,20.0,-0.6661807284197344
C[C@@H]1C[C@H]2[C@@H]3CCC4=CC(=O)C=C[C@]4(C)[C@@]3(F)[C@@H](O)C[C@]2(C)[C@@]1(O)C(=O)CO,12.0,-0.817585347565446
C[C@@H]1C[C@H]2[C@@H]3CCC4=CC(=O)C=C[C@]4(C)[C@@]3(F)[C@@H](O)C[C@]2(C)[C@@]1(O)C(=O)CO,8.0,-1.1326503828112076
C[C@@H]1C[C@H]2[C@@H]3CCC4=CC(=O)C=C[C@]4(C)[C@@]3(F)[C@@H](O)C[C@]2(C)[C@@]1(O)C(=O)CO,4.0,-1.142969201727376
C[C@@H]1C[C@H]2[C@@H]3CCC4=CC(=O)C=C[C@]4(C)[C@@]3(F)[C@@H](O)C[C@]2(C)[C@@]1(O)C(=O)CO,4.5,-1.3435823463494452
C[C@@H]1C[C@H]2[C@@H]3CCC4=CC(=O)C=C[C@]4(C)[C@@]3(F)[C@@H](O)C[C@]2(C)[C@@]1(O)C(=O)CO,1.5,-1.853871964321762
C[C@@H]1C[C@H]2[C@@H]3CCC4=CC(=O)C=C[C@]4(C)[C@@]3(F)[C@@H](O)C[C@]2(C)[C@@]1(O)C(=O)CO,1.0,-1.8546481834415391
C[C@@H]1C[C@H]2[C@@H]3CCC4=CC(=O)C=C[C@]4(C)[C@@]3(F)[C@@H](O)C[C@]2(C)[C@@]1(O)C(=O)CO,2.0,-2.0457574905606752
C[C@@H]1C[C@H]2[C@@H]3CCC4=CC(=O)C=C[C@]4(C)[C@@]3(F)[C@@H](O)C[C@]2(C)[C@@]1(O)C(=O)CO,0.5,-2.096910013008056
CCOC(=O)Nc1ccc2c(c1)N(C(=O)CCN1CCOCC1)c1ccccc1S2,550.0,0.2402995820027124
CCOC(=O)Nc1ccc2c(c1)N(C(=O)CCN1CCOCC1)c1ccccc1S2,700.0,0.2278867046136735
CCOC(=O)Nc1ccc2c(c1)N(C(=O)CCN1CCOCC1)c1ccccc1S2,450.0,0.1872386198314787
CCOC(=O)Nc1ccc2c(c1)N(C(=O)CCN1CCOCC1)c1ccccc1S2,800.0,0.1806992012960347
CCOC(=O)Nc1ccc2c(c1)N(C(=O)CCN1CCOCC1)c1ccccc1S2,500.0,0.1716533339490592
CCOC(=O)Nc1ccc2c(c1)N(C(=O)CCN1CCOCC1)c1ccccc1S2,350.0,0.1227890963014231
CCOC(=O)Nc1ccc2c(c1)N(C(=O)CCN1CCOCC1)c1ccccc1S2,175.7,0.0791812460476248
CCOC(=O)Nc1ccc2c(c1)N(C(=O)CCN1CCOCC1)c1ccccc1S2,400.0,-0.0381519409816757
CCOC(=O)Nc1ccc2c(c1)N(C(=O)CCN1CCOCC1)c1ccccc1S2,225.0,-0.0819696632151198
CCOC(=O)Nc1ccc2c(c1)N(C(=O)CCN1CCOCC1)c1ccccc1S2,200.0,-0.1710180459920769
CCOC(=O)Nc1ccc2c(c1)N(C(=O)CCN1CCOCC1)c1ccccc1S2,250.0,-0.1800238651673817
CCOC(=O)Nc1ccc2c(c1)N(C(=O)CCN1CCOCC1)c1ccccc1S2,125.0,-0.4485500020271248
NC12CC3CC(CC(C3)C1)C2,320.0,-0.2707541927746933
NC12CC3CC(CC(C3)C1)C2,170.0,-0.2836335042016621
NC12CC3CC(CC(C3)C1)C2,200.0,-0.2924298239020636
NC12CC3CC(CC(C3)C1)C2,160.0,-0.4745232739997539
NC12CC3CC(CC(C3)C1)C2,100.0,-0.6382721639824072
C[C@H]1[C@H](NC(=O)/C(=N\OC(C)(C)C(=O)O)c2csc(N)n2)C(=O)N1S(=O)(=O)O,500.0,-0.8386319977650252
Cc1ccc(NC(=O)[C@H]2CCCN(C(=O)c3c(C)cccc3F)[C@H]2c2ccc(NC3CCCC3)cc2)cc1C(F)(F)F,100.0,-0.2762160630346706
Cc1ccc(NC(=O)[C@H]2CCCN(C(=O)c3c(C)cccc3F)[C@H]2c2ccc(NC3CCCC3)cc2)cc1C(F)(F)F,30.0,-0.9222930291874316
Cc1ccc(NC(=O)[C@H]2CCCN(C(=O)c3c(C)cccc3F)[C@H]2c2ccc(NC3CCCC3)cc2)cc1C(F)(F)F,10.0,-1.028181787673407
Cc1ccc(NC(=O)[C@H]2CCCN(C(=O)c3c(C)cccc3F)[C@H]2c2ccc(NC3CCCC3)cc2)cc1C(F)(F)F,3.0,-2.0598156714751386
Cc1ccc(NC(=O)[C@H]2CCCN(C(=O)c3c(C)cccc3F)[C@H]2c2ccc(NC3CCCC3)cc2)cc1C(F)(F)F,1.0,-2.707743928643524
CN1CCN2c3c(cccc31)[C@@H]1CN(CCCC(=O)c3ccc(F)cc3)CC[C@@H]12,42.0,-1.679161610982467
CCOC(=O)C1=C(COCCN)NC(C)=C(C(=O)OC)C1c1ccccc1Cl,20.0,-1.9535253730819804
CCOC(=O)C1=C(COCCN)NC(C)=C(C(=O)OC)C1c1ccccc1Cl,10.0,-2.0360700734208583
CCOC(=O)C1=C(COCCN)NC(C)=C(C(=O)OC)C1c1ccccc1Cl,7.5,-2.0522396180885987
CCOC(=O)C1=C(COCCN)NC(C)=C(C(=O)OC)C1c1ccccc1Cl,5.0,-2.515060900836517
CCOC(=O)C1=C(COCCN)NC(C)=C(C(=O)OC)C1c1ccccc1Cl,2.5,-2.5379765553643665
CCOC(=O)C1=C(COCCN)NC(C)=C(C(=O)OC)C1c1ccccc1Cl,5.0,-2.5838717834694718
CCOC(=O)C1=C(COCCN)NC(C)=C(C(=O)OC)C1c1ccccc1Cl,1.0,-3.096910013008056
CC(C)NCC(O)COc1cccc2[nH]ccc12,15.0,-1.4685210829577449
CC(=O)NO,750.0,4.417471693203293
c1ccc([C@H]2CN3CCSC3=N2)cc1,350.0,0.2121876044039577
c1ccc([C@H]2CN3CCSC3=N2)cc1,175.0,-0.1051303432547474
c1ccc([C@H]2CN3CCSC3=N2)cc1,150.0,-0.1734037089396597
c1ccc([C@H]2CN3CCSC3=N2)cc1,100.0,-0.5783960731301689
c1ccc([C@H]2CN3CCSC3=N2)cc1,50.0,-0.8827287043442358
Cc1cc(C)cc(OCC2CNC(=O)O2)c1,800.0,0.3830125671903736
Cc1cc(C)cc(OCC2CNC(=O)O2)c1,640.0,0.3189417454162755
Cc1cc(C)cc(OCC2CNC(=O)O2)c1,400.0,0.0701730180835916
CCCCc1oc2ccccc2c1C(=O)c1cc(I)c(OCCN(CC)CC)c(I)c1,1200.0,0.315025199312605
CCCCc1oc2ccccc2c1C(=O)c1cc(I)c(OCCN(CC)CC)c(I)c1,800.0,0.2304489213782739
CCCCc1oc2ccccc2c1C(=O)c1cc(I)c(OCCN(CC)CC)c(I)c1,600.0,-0.0646817084977567
CCCCc1oc2ccccc2c1C(=O)c1cc(I)c(OCCN(CC)CC)c(I)c1,400.0,-0.6468530258044807
CCCCc1oc2ccccc2c1C(=O)c1cc(I)c(OCCN(CC)CC)c(I)c1,200.0,-1.0596921211393249
CCC1(c2ccccc2)C(=O)NC(=O)NC1=O,100.0,0.4983105537896005
CCC1(c2ccccc2)C(=O)NC(=O)NC1=O,60.0,0.1789769472931694
C#C[C@]1(O)CC[C@H]2[C@@H]3CCC4=CC(=O)CC[C@@H]4[C@H]3CC[C@@]21C,0.75,-1.6289321377282635
C#C[C@]1(O)CC[C@H]2[C@@H]3CCC4=CC(=O)CC[C@@H]4[C@H]3CC[C@@]21C,2.0,-1.691791419708896
C#C[C@]1(O)CC[C@H]2[C@@H]3CCC4=CC(=O)CC[C@@H]4[C@H]3CC[C@@]21C,1.0,-1.8173149188263615
C#C[C@]1(O)CC[C@H]2[C@@H]3CCC4=CC(=O)CC[C@@H]4[C@H]3CC[C@@]21C,0.5,-1.98060673602192
CCCC(=O)O[C@H]1[C@H](C)O[C@@H](O[C@H]2[C@H](N(C)C)[C@@H](O)[C@H](O[C@H]3[C@@H](CC=O)C[C@@H](C)[C@@H](O)/C=C/C=C/C[C@@H](C)OC(=O)C[C@@H](O)[C@@H]3OC)O[C@@H]2C)C[C@@]1(C)OC(=O)CC,600.0,0.041392685158225
CCCC(=O)O[C@H]1[C@H](C)O[C@@H](O[C@H]2[C@H](N(C)C)[C@@H](O)[C@H](O[C@H]3[C@@H](CC=O)C[C@@H](C)[C@@H](O)/C=C/C=C/C[C@@H](C)OC(=O)C[C@@H](O)[C@@H]3OC)O[C@@H]2C)C[C@@]1(C)OC(=O)CC,400.0,-0.1023729087095585
CCCC(=O)O[C@H]1[C@H](C)O[C@@H](O[C@H]2[C@H](N(C)C)[C@@H](O)[C@H](O[C@H]3[C@@H](CC=O)C[C@@H](C)[C@@H](O)/C=C/C=C/C[C@@H](C)OC(=O)C[C@@H](O)[C@@H]3OC)O[C@@H]2C)C[C@@]1(C)OC(=O)CC,300.0,-0.2676062401770315
CCCC(=O)O[C@H]1[C@H](C)O[C@@H](O[C@H]2[C@H](N(C)C)[C@@H](O)[C@H](O[C@H]3[C@@H](CC=O)C[C@@H](C)[C@@H](O)/C=C/C=C/C[C@@H](C)OC(=O)C[C@@H](O)[C@@H]3OC)O[C@@H]2C)C[C@@]1(C)OC(=O)CC,200.0,-0.3665315444204134
CN(C)CCCOc1ccc(-c2ccc3ncc4c(c3c2)n(C2CCOCC2)c(=O)n4C)cn1,120.0,-1.2303885120036608
CN(C)CCCOc1ccc(-c2ccc3ncc4c(c3c2)n(C2CCOCC2)c(=O)n4C)cn1,60.0,-1.4019715420040872
CN(C)CCCOc1ccc(-c2ccc3ncc4c(c3c2)n(C2CCOCC2)c(=O)n4C)cn1,30.0,-1.7579260848547655
CN(C)CCCOc1ccc(-c2ccc3ncc4c(c3c2)n(C2CCOCC2)c(=O)n4C)cn1,15.0,-2.175894579054947
C=CC(=O)Nc1cc(Nc2ncc(C(=O)OC(C)C)c(-c3cn(C)c4ccccc34)n2)c(OC)cc1N(C)CCN(C)C,160.0,-1.1044738655326942
C=CC(=O)Nc1cc(Nc2ncc(C(=O)OC(C)C)c(-c3cn(C)c4ccccc34)n2)c(OC)cc1N(C)CCN(C)C,20.0,-1.6757175447023074
Cc1c(C(=O)NN2CCCCC2)nn(-c2ccc(Cl)cc2Cl)c1-c1ccc(Cl)cc1,20.0,-0.707743928643524
CCOC(=O)C1(c2ccccc2)CCN(C)CC1,112.0,-1.133712660915805
CCOC(=O)C1(c2ccccc2)CCN(C)CC1,100.0,-1.3187587626244128
CCOC(=O)C1(c2ccccc2)CCN(C)CC1,50.0,-1.4345457422794723
CN1CCN(CCCN2c3ccccc3Sc3ccc(C(F)(F)F)cc32)CC1,5.0,-2.7812020018882886
CN1CCN(CCCN2c3ccccc3Sc3ccc(C(F)(F)F)cc32)CC1,1.0,-3.8970862972107794
NC(=O)N1c2ccccc2C=Cc2ccccc21,1017.1,1.0591846176313713
NC(=O)N1c2ccccc2C=Cc2ccccc21,1100.0,0.9822712330395684
NC(=O)N1c2ccccc2C=Cc2ccccc21,800.0,0.9237866093421098
NC(=O)N1c2ccccc2C=Cc2ccccc21,550.0,0.880098704083314
NC(=O)N1c2ccccc2C=Cc2ccccc21,500.0,0.785329835010767
NC(=O)N1c2ccccc2C=Cc2ccccc21,200.0,0.6508208543933524
NC(=O)N1c2ccccc2C=Cc2ccccc21,400.0,0.5351799431137312
NC(=O)N1c2ccccc2C=Cc2ccccc21,100.0,0.4807253789884876
NC(=O)N1c2ccccc2C=Cc2ccccc21,300.0,0.3409426265852045
NC(=O)CS(=O)C(c1ccccc1)c1ccccc1,800.0,0.9277124619002756
NC(=O)CS(=O)C(c1ccccc1)c1ccccc1,600.0,0.9160777731414746
NC(=O)CS(=O)C(c1ccccc1)c1ccccc1,400.0,0.8804562952784063
NC(=O)CS(=O)C(c1ccccc1)c1ccccc1,300.0,0.8450980400142568
NC(=O)CS(=O)C(c1ccccc1)c1ccccc1,250.0,0.758212920441456
NC(=O)CS(=O)C(c1ccccc1)c1ccccc1,200.0,0.53691438189041
NC(=O)CS(=O)C(c1ccccc1)c1ccccc1,100.0,0.3617278360175928
NC(=O)CS(=O)C(c1ccccc1)c1ccccc1,50.0,-0.0079689296712752
CN(C)C(=O)c1cc2cnc(Nc3ccc(N4CCNCC4)cn3)nc2n1C1CCCC1,600.0,0.1238943398870249
CN(C)C(=O)c1cc2cnc(Nc3ccc(N4CCNCC4)cn3)nc2n1C1CCCC1,400.0,-0.3828248573142927
C/C(O)=C(\C#N)C(=O)Nc1ccc(C(F)(F)F)cc1,100.0,1.1271047983648077
C/C(O)=C(\C#N)C(=O)Nc1ccc(C(F)(F)F)cc1,70.0,1.035029282202368
C/C(O)=C(\C#N)C(=O)Nc1ccc(C(F)(F)F)cc1,20.0,0.4235189292629379
C/C(O)=C(\C#N)C(=O)Nc1ccc(C(F)(F)F)cc1,14.0,0.2828355505140156
C/C(O)=C(\C#N)C(=O)Nc1ccc(C(F)(F)F)cc1,10.0,0.1209028176145271
C/C(O)=C(\C#N)C(=O)Nc1ccc(C(F)(F)F)cc1,7.0,-0.0221849739168133
COc1cc2nccc(Oc3ccc(NC(=O)C4(C(=O)Nc5ccc(F)cc5)CC4)cc3)c2cc1OC,80.0,-0.1890957193312996
COc1cc2nccc(Oc3ccc(NC(=O)C4(C(=O)Nc5ccc(F)cc5)CC4)cc3)c2cc1OC,140.0,-0.224462989385174
COc1cc2nccc(Oc3ccc(NC(=O)C4(C(=O)Nc5ccc(F)cc5)CC4)cc3)c2cc1OC,138.0,-0.2525881921135766
COc1cc2nccc(Oc3ccc(NC(=O)C4(C(=O)Nc5ccc(F)cc5)CC4)cc3)c2cc1OC,175.0,-0.2672234332047777
COc1cc2nccc(Oc3ccc(NC(=O)C4(C(=O)Nc5ccc(F)cc5)CC4)cc3)c2cc1OC,60.0,-0.4613424983306216
COc1cc2nccc(Oc3ccc(NC(=O)C4(C(=O)Nc5ccc(F)cc5)CC4)cc3)c2cc1OC,100.0,-0.5491353076202339
COc1cc2nccc(Oc3ccc(NC(=O)C4(C(=O)Nc5ccc(F)cc5)CC4)cc3)c2cc1OC,40.0,-0.6216020990518624
COc1cc2nccc(Oc3ccc(NC(=O)C4(C(=O)Nc5ccc(F)cc5)CC4)cc3)c2cc1OC,20.0,-0.9318141382538384
N[C@@H]1c2cccnc2[C@H](OC(=O)N2CCC(n3c(=O)[nH]c4ncccc43)CC2)CC[C@H]1c1cccc(F)c1F,900.0,1.2866966799822503
N[C@@H]1c2cccnc2[C@H](OC(=O)N2CCC(n3c(=O)[nH]c4ncccc43)CC2)CC[C@H]1c1cccc(F)c1F,600.0,1.0871351725594691
N[C@@H]1c2cccnc2[C@H](OC(=O)N2CCC(n3c(=O)[nH]c4ncccc43)CC2)CC[C@H]1c1cccc(F)c1F,300.0,0.5706655057050072
N[C@@H]1c2cccnc2[C@H](OC(=O)N2CCC(n3c(=O)[nH]c4ncccc43)CC2)CC[C@H]1c1cccc(F)c1F,75.0,-0.0857763701469685
N[C@@H]1c2cccnc2[C@H](OC(=O)N2CCC(n3c(=O)[nH]c4ncccc43)CC2)CC[C@H]1c1cccc(F)c1F,25.0,-0.5070999888912966
CCc1cc2c(cc1[14CH2]C)CC(NC[C@H](O)c1ccc(O)c3[nH]c(=O)ccc13)C2,0.8,-2.851660891987851
CC[C@H]1OC(=O)[C@H](C)[C@@H](O[C@H]2C[C@@](C)(OC)[C@@H](O)[C@H](C)O2)[C@H](C)[C@@H](O[C@@H]2O[C@H](C)C[C@H](N(C)C)[C@H]2O)[C@](C)(O)C[C@@H](C)/C(=N\OCOCCOC)[C@H](C)[C@@H](O)[C@]1(C)O,150.0,0.8976268987385188
CCC1=C(C)CN(C(=O)NCCc2ccc(S(=O)(=O)NC(=O)N[C@H]3CC[C@H](C)CC3)cc2)C1=O,8.0,-0.2430874031362484
CCC1=C(C)CN(C(=O)NCCc2ccc(S(=O)(=O)NC(=O)N[C@H]3CC[C@H](C)CC3)cc2)C1=O,4.0,-0.5263374316422182
CCC1=C(C)CN(C(=O)NCCc2ccc(S(=O)(=O)NC(=O)N[C@H]3CC[C@H](C)CC3)cc2)C1=O,2.0,-0.7520267336381934
CCC1=C(C)CN(C(=O)NCCc2ccc(S(=O)(=O)NC(=O)N[C@H]3CC[C@H](C)CC3)cc2)C1=O,1.0,-0.9871627752948278
CCC1=C(C)CN(C(=O)NCCc2ccc(S(=O)(=O)NC(=O)N[C@H]3CC[C@H](C)CC3)cc2)C1=O,0.5,-1.4335625078049297
CCCC[C@H](C)C[C@H](O)/C=C/[C@H]1[C@H](O)CC(=O)[C@@H]1CCCC/C=C/C(=O)O,0.005,-5.591760034688151
Cc1ncc([N+](=O)[O-])n1CC(O)CCl,500.0,0.6771505212734328
CC(=O)Nc1ccc(O)cc1,1500.0,1.4093694704528197
CC(=O)Nc1ccc(O)cc1,1000.0,1.1408780029191243
CC(=O)Nc1ccc(O)cc1,1300.0,1.139293064110031
CC(=O)Nc1ccc(O)cc1,875.0,0.9790929006383264
CC(=O)Nc1ccc(O)cc1,750.0,0.9564085711958326
CC(=O)Nc1ccc(O)cc1,650.0,0.8219365817882571
CC(=O)Nc1ccc(O)cc1,500.0,0.7220852244419953
O=C(c1ccc(NS(=O)(=O)c2cccc3cccnc23)cc1)N1CCN(CC2CC2)CC1,1265.0,1.112906490253314
O=C(c1ccc(NS(=O)(=O)c2cccc3cccnc23)cc1)N1CCN(CC2CC2)CC1,300.0,0.7007037171450193
O=C(c1ccc(NS(=O)(=O)c2cccc3cccnc23)cc1)N1CCN(CC2CC2)CC1,200.0,0.6459132750338442
O=C(c1ccc(NS(=O)(=O)c2cccc3cccnc23)cc1)N1CCN(CC2CC2)CC1,100.0,0.2648178230095365
O=C(c1ccc(NS(=O)(=O)c2cccc3cccnc23)cc1)N1CCN(CC2CC2)CC1,50.0,0.0272068584309351
O=C(c1ccc(NS(=O)(=O)c2cccc3cccnc23)cc1)N1CCN(CC2CC2)CC1,20.0,-0.3956350689688463
O=C(c1ccc(NS(=O)(=O)c2cccc3cccnc23)cc1)N1CCN(CC2CC2)CC1,5.0,-0.9861520041281688
CN(C)C(=N)NC(=N)N,2550.0,0.5397032389478256
CN(C)C(=N)NC(=N)N,1550.0,0.3636119798921443
CN(C)C(=N)NC(=N)N,1700.0,0.2757719001649313
CN(C)C(=N)NC(=N)N,2000.0,0.2368897937018616
CN(C)C(=N)NC(=N)N,2650.0,0.2265999052073574
CN(C)C(=N)NC(=N)N,850.0,0.2207595744437563
CN(C)C(=N)NC(=N)N,550.0,0.2144022674484919
CN(C)C(=N)NC(=N)N,2500.0,0.2121876044039577
CN(C)C(=N)NC(=N)N,1500.0,0.1183919247788175
CN(C)C(=N)NC(=N)N,1000.0,0.1154078306057468
CN(C)C(=N)NC(=N)N,50.0,0.068764071986381
CN(C)C(=N)NC(=N)N,750.0,-0.0603620927380904
CN(C)C(=N)NC(=N)N,250.0,-0.0855563478684963
CN(C)C(=N)NC(=N)N,500.0,-0.1011049271548414
CC(C)CC(N(C)C)C1(c2ccc(Cl)cc2)CCC1,15.0,-2.3224741555964683
O=C1c2ccccc2C(=O)C1c1ccc(F)cc1,20.0,0.4771212547196624
Fc1ccc(C(c2ccc(F)cc2)N2CCN(C/C=C/c3ccccc3)CC2)cc1,10.0,-1.236122968504345
Fc1ccc(C(c2ccc(F)cc2)N2CCN(C/C=C/c3ccccc3)CC2)cc1,5.0,-1.4929541275726743
Cc1ccc([C@H](C)C(=O)O)cc2c(C)ccc1-2,500.0,-0.0457579337825476
Cc1nnc2n1-c1ccc(Cl)cc1C(c1ccccc1Cl)=NC2,1.0,-1.753378337304012
Cc1nnc2n1-c1ccc(Cl)cc1C(c1ccccc1Cl)=NC2,0.88,-2.154281982033341
Cc1nnc2n1-c1ccc(Cl)cc1C(c1ccccc1Cl)=NC2,0.5,-2.3078744337237445
Cc1nnc2n1-c1ccc(Cl)cc1C(c1ccccc1Cl)=NC2,0.1875,-2.4862982365799144
Cc1nnc2n1-c1ccc(Cl)cc1C(c1ccccc1Cl)=NC2,0.375,-2.54591772926891
Cc1nnc2n1-c1ccc(Cl)cc1C(c1ccccc1Cl)=NC2,0.25,-2.6974975409412787
Cc1nnc2n1-c1ccc(Cl)cc1C(c1ccccc1Cl)=NC2,0.125,-2.8224635000701377
CC(C)(N)Cc1ccccc1,37.5,-0.9686252032922438
CC(C)(N)Cc1ccccc1,30.0,-0.9841793657379307
CC(C)(N)Cc1ccccc1,15.0,-1.2549425666577945
COc1cccc(C2(O)CCCCC2CN(C)C)c1,400.0,-0.0409347460002705
COc1cccc(C2(O)CCCCC2CN(C)C)c1,300.0,-0.4837911213341274
COc1cccc(C2(O)CCCCC2CN(C)C)c1,150.0,-0.5576770442544255
COc1cccc(C2(O)CCCCC2CN(C)C)c1,200.0,-0.6237646113589083
COc1cccc(C2(O)CCCCC2CN(C)C)c1,88.0,-0.6784326360593593
COc1cccc(C2(O)CCCCC2CN(C)C)c1,100.0,-0.6958170136023767
COc1cccc(C2(O)CCCCC2CN(C)C)c1,50.0,-0.8527692903437724
CN/C(=C/[N+](=O)[O-])NCCSCc1ccc(CN(C)C)o1,1200.0,0.4538074104612263
CN/C(=C/[N+](=O)[O-])NCCSCc1ccc(CN(C)C)o1,400.0,0.153814864344529
CN/C(=C/[N+](=O)[O-])NCCSCc1ccc(CN(C)C)o1,300.0,-0.003601950992293
CN/C(=C/[N+](=O)[O-])NCCSCc1ccc(CN(C)C)o1,250.0,-0.0783135245163979
CN/C(=C/[N+](=O)[O-])NCCSCc1ccc(CN(C)C)o1,225.0,-0.3075937651663695
CN/C(=C/[N+](=O)[O-])NCCSCc1ccc(CN(C)C)o1,150.0,-0.314242740497724
CN/C(=C/[N+](=O)[O-])NCCSCc1ccc(CN(C)C)o1,140.0,-0.549750891680639
CN/C(=C/[N+](=O)[O-])NCCSCc1ccc(CN(C)C)o1,105.0,-0.563837352959244
CN/C(=C/[N+](=O)[O-])NCCSCc1ccc(CN(C)C)o1,100.0,-0.6439741428068773
CN/C(=C/[N+](=O)[O-])NCCSCc1ccc(CN(C)C)o1,400.0,-0.6458595344168407
CN/C(=C/[N+](=O)[O-])NCCSCc1ccc(CN(C)C)o1,75.0,-0.6610741756175528
O=c1[nH]c2ccccc2n1CCCN1CCC(n2c(=O)[nH]c3cc(Cl)ccc32)CC1,60.0,-1.0830199526796185
O=c1[nH]c2ccccc2n1CCCN1CCC(n2c(=O)[nH]c3cc(Cl)ccc32)CC1,20.0,-1.1426675035687317
O=c1[nH]c2ccccc2n1CCCN1CCC(n2c(=O)[nH]c3cc(Cl)ccc32)CC1,10.0,-1.350670705634612
O=c1[nH]c2ccccc2n1CCCN1CCC(n2c(=O)[nH]c3cc(Cl)ccc32)CC1,2.0,-2.1255181823005334
O=c1[nH]c2ccccc2n1CCCN1CCC(n2c(=O)[nH]c3cc(Cl)ccc32)CC1,5.0,-2.1989394701521445
COc1c(N2CCNC(C)C2)c(F)cc2c(=O)c(C(=O)O)cn(C3CC3)c12,1200.0,0.9542425094393248
COc1c(N2CCNC(C)C2)c(F)cc2c(=O)c(C(=O)O)cn(C3CC3)c12,800.0,0.8309733973226505
COc1c(N2CCNC(C)C2)c(F)cc2c(=O)c(C(=O)O)cn(C3CC3)c12,600.0,0.7276225779691373
COc1c(N2CCNC(C)C2)c(F)cc2c(=O)c(C(=O)O)cn(C3CC3)c12,400.0,0.6196764413545006
COc1c(N2CCNC(C)C2)c(F)cc2c(=O)c(C(=O)O)cn(C3CC3)c12,300.0,0.504244254358882
COc1c(N2CCNC(C)C2)c(F)cc2c(=O)c(C(=O)O)cn(C3CC3)c12,200.0,0.3005954838899635
COc1c(N2CCNC(C)C2)c(F)cc2c(=O)c(C(=O)O)cn(C3CC3)c12,100.0,-0.0589857562944302
CCCCNC(=O)NS(=O)(=O)c1ccc(C)cc1,1000.0,1.8173449714419303
CCCCNC(=O)NS(=O)(=O)c1ccc(C)cc1,500.0,1.6975004440870334
CCCCNC(=O)NS(=O)(=O)c1ccc(C)cc1,250.0,1.414977106272188
CCCCNC(=O)NS(=O)(=O)c1ccc(C)cc1,125.0,1.0830907276726076
CCCCNC(=O)NS(=O)(=O)c1ccc(C)cc1,10.0,0.1095785469043866
CCCCNC(=O)NS(=O)(=O)c1ccc(C)cc1,0.1,-2.3668683373662662
OCCOc1ccc(/C(=C(/CCCl)c2ccccc2)c2ccccc2)cc1,200.0,-0.0846001647877301
OCCOc1ccc(/C(=C(/CCCl)c2ccccc2)c2ccccc2)cc1,100.0,-0.208309350979882
OCCOc1ccc(/C(=C(/CCCl)c2ccccc2)c2ccccc2)cc1,60.0,-0.2706028348663307
OCCOc1ccc(/C(=C(/CCCl)c2ccccc2)c2ccccc2)cc1,50.0,-0.3223930472795068
OCCOc1ccc(/C(=C(/CCCl)c2ccccc2)c2ccccc2)cc1,25.0,-0.6126101736612706
COc1c(N2C[C@@H]3CCCN[C@@H]3C2)c(F)cc2c(=O)c(C(=O)O)cn(C3CC3)c12,1200.0,0.8698182079793282
COc1c(N2C[C@@H]3CCCN[C@@H]3C2)c(F)cc2c(=O)c(C(=O)O)cn(C3CC3)c12,800.0,0.7543483357110189
COc1c(N2C[C@@H]3CCCN[C@@H]3C2)c(F)cc2c(=O)c(C(=O)O)cn(C3CC3)c12,400.0,0.5714073857557433
COc1c(N2C[C@@H]3CCCN[C@@H]3C2)c(F)cc2c(=O)c(C(=O)O)cn(C3CC3)c12,100.0,0.0622058088197125
CN1CCc2nc(C(=O)N[C@@H]3C[C@@H](C(=O)N(C)C)CC[C@@H]3NC(=O)C(=O)Nc3ccc(Cl)cn3)sc2C1,90.0,-0.5595107289697953
CN1CCc2nc(C(=O)N[C@@H]3C[C@@H](C(=O)N(C)C)CC[C@@H]3NC(=O)C(=O)Nc3ccc(Cl)cn3)sc2C1,60.0,-0.7001379643366944
CN1CCc2nc(C(=O)N[C@@H]3C[C@@H](C(=O)N(C)C)CC[C@@H]3NC(=O)C(=O)Nc3ccc(Cl)cn3)sc2C1,30.0,-0.9533097786299436
CN1CCc2nc(C(=O)N[C@@H]3C[C@@H](C(=O)N(C)C)CC[C@@H]3NC(=O)C(=O)Nc3ccc(Cl)cn3)sc2C1,0.05,-3.662113073010846
NC(=O)c1cn(Cc2c(F)cccc2F)nn1,2100.0,0.9370161074648142
NC(=O)c1cn(Cc2c(F)cccc2F)nn1,1800.0,0.6074550232146685
NC(=O)c1cn(Cc2c(F)cccc2F)nn1,1200.0,0.6054989805181508
NC(=O)c1cn(Cc2c(F)cccc2F)nn1,700.0,0.5932860670204573
NC(=O)c1cn(Cc2c(F)cccc2F)nn1,400.0,0.5800307482002021
NC(=O)c1cn(Cc2c(F)cccc2F)nn1,800.0,0.4742162640762553
NC(=O)c1cn(Cc2c(F)cccc2F)nn1,200.0,0.1900177719511989
NC(=O)c1cn(Cc2c(F)cccc2F)nn1,100.0,-0.0860802350485341
NC(=O)c1cn(Cc2c(F)cccc2F)nn1,50.0,-0.2291479883578558
COc1ccc2c(c1)c(CC(=O)OCC(=O)O)c(C)n2C(=O)c1ccc(Cl)cc1,60.0,-0.3380690586466498
CO/N=C(/C(=O)N[C@@H]1C(=O)N2C(C(=O)O)=C(CSc3nc(=O)c(O)nn3C)CS[C@H]12)c1csc(N)n1,500.0,0.9242792860618816
CCN1CC(CCN2CCOCC2)C(c2ccccc2)(c2ccccc2)C1=O,300.0,-0.0861861476162832
CO[C@@H]1[C@H](OC(=O)N[C@@H](C(N)=O)C(C)(C)O)CC[C@]2(CO2)[C@H]1[C@@]1(C)O[C@@H]1C[C@H]1OC1(C)C,15.0,-2.38719646912662
Cc1nc2sccn2c(=O)c1CCN1CCC(=C(c2ccc(F)cc2)c2ccc(F)cc2)CC1,10.0,-0.9516877012908428
C[C@@H]1[C@H](c2ccccc2)C[C@H](NC(=O)c2cnc3c(c2)C[C@@]2(C3)C(=O)Nc3ncccc32)C(=O)N1CC(F)(F)F,400.0,-0.0215455666347713
C[C@@H]1[C@H](c2ccccc2)C[C@H](NC(=O)c2cnc3c(c2)C[C@@]2(C3)C(=O)Nc3ncccc32)C(=O)N1CC(F)(F)F,100.0,-0.5417399626396772
C[C@@H]1[C@H](c2ccccc2)C[C@H](NC(=O)c2cnc3c(c2)C[C@@]2(C3)C(=O)Nc3ncccc32)C(=O)N1CC(F)(F)F,80.0,-0.5868679495651279
C[C@@H]1[C@H](c2ccccc2)C[C@H](NC(=O)c2cnc3c(c2)C[C@@]2(C3)C(=O)Nc3ncccc32)C(=O)N1CC(F)(F)F,40.0,-0.9336740746379624
C[C@@H]1[C@H](c2ccccc2)C[C@H](NC(=O)c2cnc3c(c2)C[C@@]2(C3)C(=O)Nc3ncccc32)C(=O)N1CC(F)(F)F,20.0,-1.200429725874623
C[C@@H]1[C@H](c2ccccc2)C[C@H](NC(=O)c2cnc3c(c2)C[C@@]2(C3)C(=O)Nc3ncccc32)C(=O)N1CC(F)(F)F,10.0,-1.6335770427740273
C[C@@H]1[C@H](c2ccccc2)C[C@H](NC(=O)c2cnc3c(c2)C[C@@]2(C3)C(=O)Nc3ncccc32)C(=O)N1CC(F)(F)F,5.0,-1.75448733218585
C[C@@H]1[C@H](c2ccccc2)C[C@H](NC(=O)c2cnc3c(c2)C[C@@]2(C3)C(=O)Nc3ncccc32)C(=O)N1CC(F)(F)F,2.5,-2.0222763947111524
C[C@@H]1[C@H](c2ccccc2)C[C@H](NC(=O)c2cnc3c(c2)C[C@@]2(C3)C(=O)Nc3ncccc32)C(=O)N1CC(F)(F)F,1.0,-2.283996656365201
CO[C@H]1/C=C/O[C@@]2(C)Oc3c(C)c(O)c4c(O)c(c(/C=N/N5CCN(C6CCCC6)CC5)c(O)c4c3C2=O)NC(=O)/C(C)=C\C=C\[C@H](C)[C@H](O)[C@@H](C)[C@@H](O)[C@@H](C)[C@H](OC(C)=O)[C@@H]1C,1050.0,1.385606273598312
CO[C@H]1/C=C/O[C@@]2(C)Oc3c(C)c(O)c4c(O)c(c(/C=N/N5CCN(C6CCCC6)CC5)c(O)c4c3C2=O)NC(=O)/C(C)=C\C=C\[C@H](C)[C@H](O)[C@@H](C)[C@@H](O)[C@@H](C)[C@H](OC(C)=O)[C@@H]1C,1400.0,1.351216345339342
CO[C@H]1/C=C/O[C@@]2(C)Oc3c(C)c(O)c4c(O)c(c(/C=N/N5CCN(C6CCCC6)CC5)c(O)c4c3C2=O)NC(=O)/C(C)=C\C=C\[C@H](C)[C@H](O)[C@@H](C)[C@@H](O)[C@@H](C)[C@H](OC(C)=O)[C@@H]1C,900.0,1.255272505103306
CO[C@H]1/C=C/O[C@@]2(C)Oc3c(C)c(O)c4c(O)c(c(/C=N/N5CCN(C6CCCC6)CC5)c(O)c4c3C2=O)NC(=O)/C(C)=C\C=C\[C@H](C)[C@H](O)[C@@H](C)[C@@H](O)[C@@H](C)[C@H](OC(C)=O)[C@@H]1C,700.0,1.1398790864012365
CO[C@H]1/C=C/O[C@@]2(C)Oc3c(C)c(O)c4c(O)c(c(/C=N/N5CCN(C6CCCC6)CC5)c(O)c4c3C2=O)NC(=O)/C(C)=C\C=C\[C@H](C)[C@H](O)[C@@H](C)[C@@H](O)[C@@H](C)[C@H](OC(C)=O)[C@@H]1C,600.0,1.0552658752046358
CO[C@H]1/C=C/O[C@@]2(C)Oc3c(C)c(O)c4c(O)c(c(/C=N/N5CCN(C6CCCC6)CC5)c(O)c4c3C2=O)NC(=O)/C(C)=C\C=C\[C@H](C)[C@H](O)[C@@H](C)[C@@H](O)[C@@H](C)[C@H](OC(C)=O)[C@@H]1C,560.0,1.0
CO[C@H]1/C=C/O[C@@]2(C)Oc3c(C)c(O)c4c(O)c(c(/C=N/N5CCN(C6CCCC6)CC5)c(O)c4c3C2=O)NC(=O)/C(C)=C\C=C\[C@H](C)[C@H](O)[C@@H](C)[C@@H](O)[C@@H](C)[C@H](OC(C)=O)[C@@H]1C,350.0,0.9614210940664484
Nc1nc(O)c2ncn(CC3(OCP(=O)(O)O)CC3)c2n1,240.0,-1.1249415068368704
Nc1nc(O)c2ncn(CC3(OCP(=O)(O)O)CC3)c2n1,120.0,-1.309809670423023
Nc1nc(O)c2ncn(CC3(OCP(=O)(O)O)CC3)c2n1,60.0,-1.6777678296595917
Nc1nc(O)c2ncn(CC3(OCP(=O)(O)O)CC3)c2n1,30.0,-1.920789581200382
CC(C)[C@H](N)C(=O)OCCOCn1cnc2c(=O)[nH]c(N)nc21,1750.0,0.7424894645817751
CC(C)[C@H](N)C(=O)OCCOCn1cnc2c(=O)[nH]c(N)nc21,1000.0,0.7299068852987216
CC(C)[C@H](N)C(=O)OCCOCn1cnc2c(=O)[nH]c(N)nc21,1400.0,0.667452952889954
CC(C)[C@H](N)C(=O)OCCOCn1cnc2c(=O)[nH]c(N)nc21,750.0,0.6201360549737576
CC(C)[C@H](N)C(=O)OCCOCn1cnc2c(=O)[nH]c(N)nc21,500.0,0.5176796445749414
CC(C)[C@H](N)C(=O)OCCOCn1cnc2c(=O)[nH]c(N)nc21,250.0,0.3324384599156053
CC(C)[C@H](N)C(=O)OCCOCn1cnc2c(=O)[nH]c(N)nc21,100.0,-0.0809219076239261
NNC(=O)c1ccncc1,455.0,0.8129133566428556
NNC(=O)c1ccncc1,350.0,0.6541765418779605
NNC(=O)c1ccncc1,300.0,0.6341671151881471
NNC(=O)c1ccncc1,200.0,0.3479801568783406
Cc1ccc(C(=O)Nc2ccc(CN3CCN(C)CC3)c(C(F)(F)F)c2)cc1C#Cc1cnc2cccnn12,60.0,-1.0457574905606752
Cc1ccc(C(=O)Nc2ccc(CN3CCN(C)CC3)c(C(F)(F)F)c2)cc1C#Cc1cnc2cccnn12,45.0,-1.2272426638348788
Cc1ccc(C(=O)Nc2ccc(CN3CCN(C)CC3)c(C(F)(F)F)c2)cc1C#Cc1cnc2cccnn12,30.0,-1.4561801948573423
Cc1ccc(C(=O)Nc2ccc(CN3CCN(C)CC3)c(C(F)(F)F)c2)cc1C#Cc1cnc2cccnn12,15.0,-1.6757175447023074
CN1CCN(c2c(F)cc3c(=O)c(C(=O)O)cn(CCF)c3c2F)CC1,1200.0,1.1038037209559568
CN1CCN(c2c(F)cc3c(=O)c(C(=O)O)cn(CCF)c3c2F)CC1,1000.0,1.0
CN1CCN(c2c(F)cc3c(=O)c(C(=O)O)cn(CCF)c3c2F)CC1,800.0,0.9636304457595228
CN1CCN(c2c(F)cc3c(=O)c(C(=O)O)cn(CCF)c3c2F)CC1,400.0,0.8429930615373594
CN1CCN(c2c(F)cc3c(=O)c(C(=O)O)cn(CCF)c3c2F)CC1,200.0,0.367355921026019
CC(C)(N)C(=O)N[C@H](Cc1c[nH]c2ccccc12)C(=O)N[C@H](Cc1c[nH]c2ccccc12)NC=O,140.0,-1.6536470255493614
CC(C)(N)C(=O)N[C@H](Cc1c[nH]c2ccccc12)C(=O)N[C@H](Cc1c[nH]c2ccccc12)NC=O,70.0,-1.8657378700106888
CC(C)(N)C(=O)N[C@H](Cc1c[nH]c2ccccc12)C(=O)N[C@H](Cc1c[nH]c2ccccc12)NC=O,35.0,-2.017040288066084
CC(C)(N)C(=O)N[C@H](Cc1c[nH]c2ccccc12)C(=O)N[C@H](Cc1c[nH]c2ccccc12)NC=O,17.5,-2.437112618706121
CC(C)(N)C(=O)N[C@H](Cc1c[nH]c2ccccc12)C(=O)N[C@H](Cc1c[nH]c2ccccc12)NC=O,8.75,-2.632644078973981
CC(C)(N)C(=O)N[C@H](Cc1c[nH]c2ccccc12)C(=O)N[C@H](Cc1c[nH]c2ccccc12)NC=O,3.5,-3.065501548756432
Cc1nc(Nc2ncc(C(=O)Nc3c(C)cccc3Cl)s2)cc(N2CCN(CCO)CC2)n1,180.0,-1.0277971616209356
Cc1nc(Nc2ncc(C(=O)Nc3c(C)cccc3Cl)s2)cc(N2CCN(CCO)CC2)n1,100.0,-1.0435959302213795
Cc1nc(Nc2ncc(C(=O)Nc3c(C)cccc3Cl)s2)cc(N2CCN(CCO)CC2)n1,50.0,-1.432486313858094
Oc1ncnc2[nH]ncc12,600.0,0.8856438718357639
Oc1ncnc2[nH]ncc12,300.0,0.5967541357590349
Oc1ncnc2[nH]ncc12,100.0,0.2430380486862944
CS(=O)(=O)CCC#N,1000.0,1.6171667887718666
CCC(C)(Oc1ccc(C2(c3ccc(OC(C)(CC)C(=O)O)cc3)CCCCC2)cc1)C(=O)O,400.0,1.2051141021829015
CC(C)OC(=O)N[C@H]1Cc2c(n(Cc3ccccn3)c3ccc([14C]#N)cc23)C1,15.0,-0.7448309127252163
CCOC(=O)[C@H](CCc1ccccc1)N[C@@H](C)C(=O)N1Cc2cc(OC)c(OC)cc2C[C@H]1C(=O)O,60.0,-0.2267012524107685
CCOC(=O)[C@H](CCc1ccccc1)N[C@@H](C)C(=O)N1Cc2cc(OC)c(OC)cc2C[C@H]1C(=O)O,30.0,-0.7114032664772694
CCOC(=O)[C@H](CCc1ccccc1)N[C@@H](C)C(=O)N1Cc2cc(OC)c(OC)cc2C[C@H]1C(=O)O,15.0,-0.8958031982040426
CCOC(=O)[C@H](CCc1ccccc1)N[C@@H](C)C(=O)N1Cc2cc(OC)c(OC)cc2C[C@H]1C(=O)O,7.5,-1.0872732432574974
CCOC(=O)[C@H](CCc1ccccc1)N[C@@H](C)C(=O)N1Cc2cc(OC)c(OC)cc2C[C@H]1C(=O)O,3.75,-1.5243288116755704
CC(C)C[C@H](NC(=O)CNC(=O)c1cc(Cl)ccc1Cl)B1OC(=O)C(CC(=O)O)(CC(=O)O)O1,4.0,-1.18110964278068
CC(C)C[C@H](NC(=O)CNC(=O)c1cc(Cl)ccc1Cl)B1OC(=O)C(CC(=O)O)(CC(=O)O)O1,2.3,-1.3716110699496884
CC(C)C[C@H](NC(=O)CNC(=O)c1cc(Cl)ccc1Cl)B1OC(=O)C(CC(=O)O)(CC(=O)O)O1,2.5,-1.413131507567109
CC(C)C[C@H](NC(=O)CNC(=O)c1cc(Cl)ccc1Cl)B1OC(=O)C(CC(=O)O)(CC(=O)O)O1,1.5,-1.583359492661719
CC(C)C[C@H](NC(=O)CNC(=O)c1cc(Cl)ccc1Cl)B1OC(=O)C(CC(=O)O)(CC(=O)O)O1,3.0,-1.7776886629993078
O=C(O)CCCc1ccc(N(CCCl)CCCl)cc1,20.0,0.0170333392987803
O=C(O)CCCc1ccc(N(CCCl)CCCl)cc1,12.0,-0.4341521813264823
CCOC(=O)Nc1ccc(NCc2ccc(F)cc2)nc1N,400.0,0.0771316138909316
O=C(O)CSc1nnc(Br)n1-c1ccc(C2CC2)c2ccccc12,1600.0,1.886716274116478
O=C(O)CSc1nnc(Br)n1-c1ccc(C2CC2)c2ccccc12,1200.0,1.7408362070573116
O=C(O)CSc1nnc(Br)n1-c1ccc(C2CC2)c2ccccc12,800.0,1.550961752298176
O=C(O)CSc1nnc(Br)n1-c1ccc(C2CC2)c2ccccc12,600.0,1.234048823025872
O=C(O)CSc1nnc(Br)n1-c1ccc(C2CC2)c2ccccc12,400.0,1.2232154929655787
O=C(O)CSc1nnc(Br)n1-c1ccc(C2CC2)c2ccccc12,200.0,1.0154709583379935
O=C(O)CSc1nnc(Br)n1-c1ccc(C2CC2)c2ccccc12,100.0,0.6598634015187058
O=C(O)CSc1nnc(Br)n1-c1ccc(C2CC2)c2ccccc12,50.0,0.1487988954170768
O=C(O)CSc1nnc(Br)n1-c1ccc(C2CC2)c2ccccc12,5.0,-0.518557371497695
CCN(CC)CC#CCOC(=O)C(O)(c1ccccc1)C1CCCCC1,20.0,-1.7507527107760503
CCN(CC)CC#CCOC(=O)C(O)(c1ccccc1)C1CCCCC1,15.0,-1.9039477927689223
CCN(CC)CC#CCOC(=O)C(O)(c1ccccc1)C1CCCCC1,5.0,-2.0699373296318124
CCN(CC)CC#CCOC(=O)C(O)(c1ccccc1)C1CCCCC1,15.0,-2.1041256129468136
CCN(CC)CC#CCOC(=O)C(O)(c1ccccc1)C1CCCCC1,10.0,-2.1594861614433345
CCN(CC)CC#CCOC(=O)C(O)(c1ccccc1)C1CCCCC1,7.5,-2.3467874862246565
CCN(CC)CC#CCOC(=O)C(O)(c1ccccc1)C1CCCCC1,10.0,-2.882570865170476
CC(C)(C)NC[C@H](O)COc1ccccc1C1CCCC1,40.0,-0.2831622767004756
Cc1ccc(-c2nc3ccc(C)cn3c2CC(=O)N(C)C)cc1,20.0,-0.4766483361725894
Cc1ccc(-c2nc3ccc(C)cn3c2CC(=O)N(C)C)cc1,21.7,-0.7297871451037574
Cc1ccc(-c2nc3ccc(C)cn3c2CC(=O)N(C)C)cc1,17.5,-0.7323590176540845
Cc1ccc(-c2nc3ccc(C)cn3c2CC(=O)N(C)C)cc1,10.0,-0.871929093304184
Cc1ccc(-c2nc3ccc(C)cn3c2CC(=O)N(C)C)cc1,12.5,-0.8728952016351927
Cc1ccc(-c2nc3ccc(C)cn3c2CC(=O)N(C)C)cc1,8.75,-0.9120412105392672
Cc1ccc(-c2nc3ccc(C)cn3c2CC(=O)N(C)C)cc1,5.0,-1.0545329299396593
Cc1ccc(-c2nc3ccc(C)cn3c2CC(=O)N(C)C)cc1,6.25,-1.1535391748706685
Cc1ccc(-c2nc3ccc(C)cn3c2CC(=O)N(C)C)cc1,1.75,-1.431798275933005
Cc1ccc(-c2nc3ccc(C)cn3c2CC(=O)N(C)C)cc1,2.5,-1.5341711846425636
CN1CCN2c3ncccc3Cc3ccccc3C2C1,45.0,-1.152258129867597
CN1CCN2c3ncccc3Cc3ccccc3C2C1,30.0,-1.2338284052677906
CN1CCN2c3ncccc3Cc3ccccc3C2C1,15.0,-1.487818637098537
N#C[C@@H]1C[C@@H]2C[C@@H]2N1C(=O)[C@@H](N)[C@@]12C[C@@H]3C[C@@H](C[C@@](O)(C3)C1)C2,400.0,0.3656751404559177
N#C[C@@H]1C[C@@H]2C[C@@H]2N1C(=O)[C@@H](N)[C@@]12C[C@@H]3C[C@@H](C[C@@](O)(C3)C1)C2,300.0,0.2659963704950792
N#C[C@@H]1C[C@@H]2C[C@@H]2N1C(=O)[C@@H](N)[C@@]12C[C@@H]3C[C@@H](C[C@@](O)(C3)C1)C2,200.0,0.0817072700973492
N#C[C@@H]1C[C@@H]2C[C@@H]2N1C(=O)[C@@H](N)[C@@]12C[C@@H]3C[C@@H](C[C@@](O)(C3)C1)C2,150.0,-0.1586405295451451
N#C[C@@H]1C[C@@H]2C[C@@H]2N1C(=O)[C@@H](N)[C@@]12C[C@@H]3C[C@@H](C[C@@](O)(C3)C1)C2,100.0,-0.2004526928743848
N#C[C@@H]1C[C@@H]2C[C@@H]2N1C(=O)[C@@H](N)[C@@]12C[C@@H]3C[C@@H](C[C@@](O)(C3)C1)C2,50.0,-0.4262261682501234
N#C[C@@H]1C[C@@H]2C[C@@H]2N1C(=O)[C@@H](N)[C@@]12C[C@@H]3C[C@@H](C[C@@](O)(C3)C1)C2,40.0,-0.6620418363202992
N#C[C@@H]1C[C@@H]2C[C@@H]2N1C(=O)[C@@H](N)[C@@]12C[C@@H]3C[C@@H](C[C@@](O)(C3)C1)C2,20.0,-0.6655462488490691
N#C[C@@H]1C[C@@H]2C[C@@H]2N1C(=O)[C@@H](N)[C@@]12C[C@@H]3C[C@@H](C[C@@](O)(C3)C1)C2,30.0,-0.9136401693252518
N#C[C@@H]1C[C@@H]2C[C@@H]2N1C(=O)[C@@H](N)[C@@]12C[C@@H]3C[C@@H](C[C@@](O)(C3)C1)C2,15.0,-1.0268721464003014
N#C[C@@H]1C[C@@H]2C[C@@H]2N1C(=O)[C@@H](N)[C@@]12C[C@@H]3C[C@@H](C[C@@](O)(C3)C1)C2,10.0,-1.2315034591679257
N#C[C@@H]1C[C@@H]2C[C@@H]2N1C(=O)[C@@H](N)[C@@]12C[C@@H]3C[C@@H](C[C@@](O)(C3)C1)C2,5.0,-1.5228373858705735
N#C[C@@H]1C[C@@H]2C[C@@H]2N1C(=O)[C@@H](N)[C@@]12C[C@@H]3C[C@@H](C[C@@](O)(C3)C1)C2,2.5,-1.8653448577223517
COCCc1ccc(OCC(O)CNC(C)C)cc1,100.0,-0.7226941447410479
COCCc1ccc(OCC(O)CNC(C)C)cc1,50.0,-0.9507819773298188
COCCc1ccc(OCC(O)CNC(C)C)cc1,200.0,-0.9596061931429252
COCCc1ccc(OCC(O)CNC(C)C)cc1,100.0,-0.9712254734999116
COCCc1ccc(OCC(O)CNC(C)C)cc1,40.0,-0.9982662871909996
COCCc1ccc(OCC(O)CNC(C)C)cc1,50.0,-1.2185318571582018
COCCc1ccc(OCC(O)CNC(C)C)cc1,106.25,-1.486782399932061
COCCc1ccc(OCC(O)CNC(C)C)cc1,100.0,-1.511590311096802
COCCc1ccc(OCC(O)CNC(C)C)cc1,50.0,-1.542255029332925
COCCc1ccc(OCC(O)CNC(C)C)cc1,12.5,-2.031073643731034
COCCc1ccc(OCC(O)CNC(C)C)cc1,10.0,-2.289882634888184
CNCCC=C1c2ccccc2CCc2ccccc21,100.0,-1.4941719661451651
CNC(=O)c1cc(Oc2ccc(NC(=O)Nc3ccc(Cl)c(C(F)(F)F)c3)cc2)ccn1,400.0,0.3144691532193635
CNC(=O)c1cc(Oc2ccc(NC(=O)Nc3ccc(Cl)c(C(F)(F)F)c3)cc2)ccn1,200.0,0.2131709798702676
CNC(=O)c1cc(Oc2ccc(NC(=O)Nc3ccc(Cl)c(C(F)(F)F)c3)cc2)ccn1,50.0,-0.3979400086720376
Cc1c(N(C)CS(=O)(=O)O)c(=O)n(-c2ccccc2)n1C,1000.0,0.1200252331140329
CCCC(C)(COC(N)=O)COC(=O)NC(C)C,700.0,0.6273658565927326
CCCC(C)(COC(N)=O)COC(=O)NC(C)C,350.0,0.3387296204823684
CCCC(C)(COC(N)=O)COC(=O)NC(C)C,250.0,0.1765177248784504
CCCC(C)(COC(N)=O)COC(=O)NC(C)C,150.0,0.0
O=C(CCCCCCC(=O)Nc1ccccc1)NO,400.0,-0.5122961368362736
O=C(CCCCCCC(=O)Nc1ccccc1)NO,300.0,-0.6307841425898572
Nc1ccncc1,30.0,-1.1249387366083
Nc1ccncc1,25.0,-1.2272676683564625
Nc1ccncc1,20.0,-1.3047372771226606
Nc1ccncc1,15.0,-1.330683119433888
Nc1ccncc1,7.5,-1.3676439537609268
Nc1ccncc1,12.5,-1.4154049615597657
Nc1ccncc1,10.0,-1.5887002411308302
Nc1ccncc1,5.0,-1.8817352739105209
CO[C@@H]1[C@H](N(C)C(=O)c2ccccc2)C[C@H]2O[C@]1(C)n1c3ccccc3c3c4c(c5c6ccccc6n2c5c31)C(=O)NC4,100.0,0.143014800254095
CO[C@@H]1[C@H](N(C)C(=O)c2ccccc2)C[C@H]2O[C@]1(C)n1c3ccccc3c3c4c(c5c6ccccc6n2c5c31)C(=O)NC4,50.0,-0.0776413652600337
Cc1ccc(-c2cc(C(F)(F)F)nn2-c2ccc(S(N)(=O)=O)cc2)cc1,1200.0,0.2901014207591428
Cc1ccc(-c2cc(C(F)(F)F)nn2-c2ccc(S(N)(=O)=O)cc2)cc1,600.0,0.2482185611900747
Cc1ccc(-c2cc(C(F)(F)F)nn2-c2ccc(S(N)(=O)=O)cc2)cc1,900.0,0.1520589028974504
Cc1ccc(-c2cc(C(F)(F)F)nn2-c2ccc(S(N)(=O)=O)cc2)cc1,800.0,0.1498039382270222
Cc1ccc(-c2cc(C(F)(F)F)nn2-c2ccc(S(N)(=O)=O)cc2)cc1,400.0,0.1485983707879439
Cc1ccc(-c2cc(C(F)(F)F)nn2-c2ccc(S(N)(=O)=O)cc2)cc1,120.0,-0.0851281824599496
Cc1ccc(-c2cc(C(F)(F)F)nn2-c2ccc(S(N)(=O)=O)cc2)cc1,200.0,-0.1184726943590683
Cc1ccc(-c2cc(C(F)(F)F)nn2-c2ccc(S(N)(=O)=O)cc2)cc1,100.0,-0.4536263038663786
Cc1ccc(-c2cc(C(F)(F)F)nn2-c2ccc(S(N)(=O)=O)cc2)cc1,50.0,-0.5189158481849101
Cc1ccc(-c2cc(C(F)(F)F)nn2-c2ccc(S(N)(=O)=O)cc2)cc1,40.0,-0.6095064734958268
Cc1ccc(-c2cc(C(F)(F)F)nn2-c2ccc(S(N)(=O)=O)cc2)cc1,25.0,-0.8753327823013901
Cc1ccc(-c2cc(C(F)(F)F)nn2-c2ccc(S(N)(=O)=O)cc2)cc1,5.0,-1.5531522898441912
CCO[C@H]1CCN(Cc2c(OC)cc(C)c3[nH]ccc23)[C@H](c2ccc(C(=O)O)cc2)C1,400.0,0.9025467793139914
CCO[C@H]1CCN(Cc2c(OC)cc(C)c3[nH]ccc23)[C@H](c2ccc(C(=O)O)cc2)C1,212.5,0.6603910984024671
CCO[C@H]1CCN(Cc2c(OC)cc(C)c3[nH]ccc23)[C@H](c2ccc(C(=O)O)cc2)C1,112.5,0.4166405073382809
CCO[C@H]1CCN(Cc2c(OC)cc(C)c3[nH]ccc23)[C@H](c2ccc(C(=O)O)cc2)C1,100.0,0.3909351071033791
CCO[C@H]1CCN(Cc2c(OC)cc(C)c3[nH]ccc23)[C@H](c2ccc(C(=O)O)cc2)C1,25.0,0.0644579892269184
Cc1ncc([N+](=O)[O-])n1CC(C)O,6000.0,2.0534242040693447
Cc1ncc([N+](=O)[O-])n1CC(C)O,2000.0,1.6371246227386715
Cc1ncc([N+](=O)[O-])n1CC(C)O,1000.0,1.3543005623453597
O=C(NC1CCN(CCCCC2(C(=O)NCC(F)(F)F)c3ccccc3-c3ccccc32)CC1)c1ccccc1-c1ccc(C(F)(F)F)cc1,200.0,-1.1739251972991736
O=C(NC1CCN(CCCCC2(C(=O)NCC(F)(F)F)c3ccccc3-c3ccccc32)CC1)c1ccccc1-c1ccc(C(F)(F)F)cc1,75.0,-1.7423214251308154
O=C(NC1CCN(CCCCC2(C(=O)NCC(F)(F)F)c3ccccc3-c3ccccc32)CC1)c1ccccc1-c1ccc(C(F)(F)F)cc1,60.0,-2.0408429269212416
O=C(NC1CCN(CCCCC2(C(=O)NCC(F)(F)F)c3ccccc3-c3ccccc32)CC1)c1ccccc1-c1ccc(C(F)(F)F)cc1,50.0,-2.5602163253588106
Cc1cc2c(s1)Nc1ccccc1N=C2N1CCN(C)CC1,20.0,-1.5826279651476785
Cc1cc2c(s1)Nc1ccccc1N=C2N1CCN(C)CC1,15.0,-1.6777807052660807
Cc1cc2c(s1)Nc1ccccc1N=C2N1CCN(C)CC1,10.0,-1.9033152740074892
Cc1cc2c(s1)Nc1ccccc1N=C2N1CCN(C)CC1,12.5,-1.978810700930062
Cc1cc2c(s1)Nc1ccccc1N=C2N1CCN(C)CC1,7.5,-2.0808172709574992
Cc1cc2c(s1)Nc1ccccc1N=C2N1CCN(C)CC1,5.0,-2.1795409594849544
Cc1cc2c(s1)Nc1ccccc1N=C2N1CCN(C)CC1,2.5,-2.475171313635399
O=C1C=CN(c2c(F)cc(N3C[C@H](CNc4ccon4)OC3=O)c(F)c2F)CC1,900.0,1.4590153492298807
O=C1C=CN(c2c(F)cc(N3C[C@H](CNc4ccon4)OC3=O)c(F)c2F)CC1,800.0,1.433369734446571
O=C1C=CN(c2c(F)cc(N3C[C@H](CNc4ccon4)OC3=O)c(F)c2F)CC1,600.0,1.2487087429003965
O=C1C=CN(c2c(F)cc(N3C[C@H](CNc4ccon4)OC3=O)c(F)c2F)CC1,300.0,0.9068734765793456
NCCS,1050.0,0.6020599913279624
NCCS,387.5,0.414973347970818
O=S(=O)(Nc1nncs1)c1cc(Cl)c(Oc2ccc(C(F)(F)F)cc2-c2ccnnc2)cc1F,0.1,-2.3187709230401525
CC(C)(O)CNc1nc(Nc2ccnc(C(F)(F)F)c2)nc(-c2cccc(C(F)(F)F)n2)n1,650.0,0.5913429117344551
CC(C)(O)CNc1nc(Nc2ccnc(C(F)(F)F)c2)nc(-c2cccc(C(F)(F)F)n2)n1,450.0,0.4350476413399645
CC(C)(O)CNc1nc(Nc2ccnc(C(F)(F)F)c2)nc(-c2cccc(C(F)(F)F)n2)n1,300.0,0.3451285741981312
CC(C)(O)CNc1nc(Nc2ccnc(C(F)(F)F)c2)nc(-c2cccc(C(F)(F)F)n2)n1,200.0,0.2870175013221016
CC(C)(O)CNc1nc(Nc2ccnc(C(F)(F)F)c2)nc(-c2cccc(C(F)(F)F)n2)n1,150.0,0.2127201544178423
CC(C)(O)CNc1nc(Nc2ccnc(C(F)(F)F)c2)nc(-c2cccc(C(F)(F)F)n2)n1,100.0,-0.0318206967250458
CC(C)(O)CNc1nc(Nc2ccnc(C(F)(F)F)c2)nc(-c2cccc(C(F)(F)F)n2)n1,75.0,-0.0460793093837769
CC(C)(O)CNc1nc(Nc2ccnc(C(F)(F)F)c2)nc(-c2cccc(C(F)(F)F)n2)n1,30.0,-0.2262135550188064
CC(C)(O)CNc1nc(Nc2ccnc(C(F)(F)F)c2)nc(-c2cccc(C(F)(F)F)n2)n1,50.0,-0.316652723600625
C=CC(=O)N1CC[C@H](n2nc(C#Cc3cc(OC)cc(OC)c3)c3c(N)ncnc32)C1,20.0,-0.7242137156508526
CC1(C)NC(=O)N(c2ccc([N+](=O)[O-])c(C(F)(F)F)c2)C1=O,300.0,0.3640817414110702
CC1(C)NC(=O)N(c2ccc([N+](=O)[O-])c(C(F)(F)F)c2)C1=O,200.0,0.1931245983544615
CC1(C)NC(=O)N(c2ccc([N+](=O)[O-])c(C(F)(F)F)c2)C1=O,150.0,0.0569048513364725
CC1(C)NC(=O)N(c2ccc([N+](=O)[O-])c(C(F)(F)F)c2)C1=O,100.0,-0.0844243014599966
CN(C)CCOC(c1ccccc1)c1ccccc1,87.5,-0.8713853608429161
CN(C)CCOC(c1ccccc1)c1ccccc1,50.0,-1.095464772133876
CN(C)CCOC(c1ccccc1)c1ccccc1,100.0,-1.1182160444066154
CCNCCNC(=O)c1c(C)[nH]c(/C=C2\C(=O)Nc3ccc(F)cc32)c1C,50.0,-2.2075383947182363
COc1cc(N)c(Cl)cc1C(=O)N[C@H]1CCN(CCCOc2ccc(F)cc2)C[C@H]1OC,40.0,-0.7207894873986052
COc1cc(N)c(Cl)cc1C(=O)N[C@H]1CCN(CCCOc2ccc(F)cc2)C[C@H]1OC,15.0,-1.1290111862394248
COc1cc(N)c(Cl)cc1C(=O)N[C@H]1CCN(CCCOc2ccc(F)cc2)C[C@H]1OC,20.0,-1.2133647149007
COc1cc(N)c(Cl)cc1C(=O)N[C@H]1CCN(CCCOc2ccc(F)cc2)C[C@H]1OC,10.0,-1.3082997917098385
COc1cc(N)c(Cl)cc1C(=O)N[C@H]1CCN(CCCOc2ccc(F)cc2)C[C@H]1OC,5.0,-1.3942910215880386
O=C(/C=C\n1cnc(-c2cc(C(F)(F)F)cc(C(F)(F)F)c2)n1)NNc1cnccn1,100.0,-0.1592667653881933
O=C(/C=C\n1cnc(-c2cc(C(F)(F)F)cc(C(F)(F)F)c2)n1)NNc1cnccn1,80.0,-0.1674910872937636
O=C(NCCNCC(O)COc1ccc(O)cc1)N1CCOCC1,200.0,-0.8554257923903836
O=C(NCCNCC(O)COc1ccc(O)cc1)N1CCOCC1,50.0,-1.5590909179347825
CCCCC(F)(F)[C@@]1(O)CC[C@H]2[C@@H](CC(=O)[C@@H]2CCCCCCC(=O)O)O1,0.018,-4.266000713461613
CCCCC(F)(F)[C@@]1(O)CC[C@H]2[C@@H](CC(=O)[C@@H]2CCCCCCC(=O)O)O1,0.024,-4.380280734388273
O[C@H](c1cc(C(F)(F)F)nc2c(C(F)(F)F)cccc12)[C@@H]1CCCCN1,250.0,0.1152775913959013
O[C@H](c1cc(C(F)(F)F)nc2c(C(F)(F)F)cccc12)[C@@H]1CCCCN1,1500.0,0.0863598306747482
O[C@H](c1cc(C(F)(F)F)nc2c(C(F)(F)F)cccc12)[C@@H]1CCCCN1,750.0,0.056914248249916
O[C@H](c1cc(C(F)(F)F)nc2c(C(F)(F)F)cccc12)[C@@H]1CCCCN1,1000.0,-0.0177287669604316
O[C@H](c1cc(C(F)(F)F)nc2c(C(F)(F)F)cccc12)[C@@H]1CCCCN1,500.0,-0.0783998718829426
COC(=O)NC(C(=O)N1CCC[C@H]1c1ncc(-c2ccc(-c3ccc(-c4cnc([C@@H]5CCCN5C(=O)C(NC(=O)OC)C(C)C)[nH]4)cc3)cc2)[nH]1)C(C)C,100.0,0.2924182367707134
COC(=O)NC(C(=O)N1CCC[C@H]1c1ncc(-c2ccc(-c3ccc(-c4cnc([C@@H]5CCCN5C(=O)C(NC(=O)OC)C(C)C)[nH]4)cc3)cc2)[nH]1)C(C)C,120.0,0.2187979981117375
COC(=O)NC(C(=O)N1CCC[C@H]1c1ncc(-c2ccc(-c3ccc(-c4cnc([C@@H]5CCCN5C(=O)C(NC(=O)OC)C(C)C)[nH]4)cc3)cc2)[nH]1)C(C)C,60.0,0.0911254166895325
COC(=O)NC(C(=O)N1CCC[C@H]1c1ncc(-c2ccc(-c3ccc(-c4cnc([C@@H]5CCCN5C(=O)C(NC(=O)OC)C(C)C)[nH]4)cc3)cc2)[nH]1)C(C)C,30.0,-0.2414294042692479
COC(=O)NC(C(=O)N1CCC[C@H]1c1ncc(-c2ccc(-c3ccc(-c4cnc([C@@H]5CCCN5C(=O)C(NC(=O)OC)C(C)C)[nH]4)cc3)cc2)[nH]1)C(C)C,25.0,-0.3118769285943515
COC(=O)NC(C(=O)N1CCC[C@H]1c1ncc(-c2ccc(-c3ccc(-c4cnc([C@@H]5CCCN5C(=O)C(NC(=O)OC)C(C)C)[nH]4)cc3)cc2)[nH]1)C(C)C,20.0,-0.3956299261939636
COC(=O)NC(C(=O)N1CCC[C@H]1c1ncc(-c2ccc(-c3ccc(-c4cnc([C@@H]5CCCN5C(=O)C(NC(=O)OC)C(C)C)[nH]4)cc3)cc2)[nH]1)C(C)C,10.0,-0.6765966280197844
COC(=O)NC(C(=O)N1CCC[C@H]1c1ncc(-c2ccc(-c3ccc(-c4cnc([C@@H]5CCCN5C(=O)C(NC(=O)OC)C(C)C)[nH]4)cc3)cc2)[nH]1)C(C)C,1.0,-1.803243668942013
Nc1ccn([C@H]2CC[C@@H](CO)O2)c(=O)n1,21.0,-0.9546770212133424
Nc1ccn([C@H]2CC[C@@H](CO)O2)c(=O)n1,5.0,-1.0974532206860086
Nc1ccn([C@H]2CC[C@@H](CO)O2)c(=O)n1,7.0,-1.282329496997738
Nc1ccn([C@H]2CC[C@@H](CO)O2)c(=O)n1,9.8,-1.282329496997738
Nc1ccn([C@H]2CC[C@@H](CO)O2)c(=O)n1,2.1,-1.5800442515102422
Nc1ccn([C@H]2CC[C@@H](CO)O2)c(=O)n1,1.5,-1.647688821102065
Nc1ccn([C@H]2CC[C@@H](CO)O2)c(=O)n1,0.75,-1.8377343857019783
Nc1ccn([C@H]2CC[C@@H](CO)O2)c(=O)n1,0.7,-2.056340635171099
Nc1ccn([C@H]2CC[C@@H](CO)O2)c(=O)n1,0.5,-2.1426675035687315
Oc1ccc2c3c1O[C@H]1[C@@H](O)CC[C@@]4(O)[C@@H](C2)N(CC2CCC2)CC[C@]314,30.0,-1.5064423744355573
Oc1ccc2c3c1O[C@H]1[C@@H](O)CC[C@@]4(O)[C@@H](C2)N(CC2CCC2)CC[C@]314,66.0,-1.576208186981994
Oc1ccc2c3c1O[C@H]1[C@@H](O)CC[C@@]4(O)[C@@H](C2)N(CC2CCC2)CC[C@]314,60.0,-1.6695862266508092
Cc1noc2c1-c1ccccc1C(c1ccc(Cl)cc1)=N[C@H]2CC(N)=O,300.0,0.3341194570477078
OCCN1C[C@H](O)[C@@H](O)[C@H](O)[C@H]1CO,100.0,0.2291697025391009
CC(C)c1nc(CN(C)C(=O)N[C@H](C(=O)N[C@@H](Cc2ccccc2)C[C@H](O)[C@H](Cc2ccccc2)NC(=O)OCc2cncs2)C(C)C)cs1,1200.0,1.383815365980431
CC(C)c1nc(CN(C)C(=O)N[C@H](C(=O)N[C@@H](Cc2ccccc2)C[C@H](O)[C@H](Cc2ccccc2)NC(=O)OCc2cncs2)C(C)C)cs1,600.0,1.116902781011758
CC(C)c1nc(CN(C)C(=O)N[C@H](C(=O)N[C@@H](Cc2ccccc2)C[C@H](O)[C@H](Cc2ccccc2)NC(=O)OCc2cncs2)C(C)C)cs1,1000.0,1.1038037209559568
CC(C)c1nc(CN(C)C(=O)N[C@H](C(=O)N[C@@H](Cc2ccccc2)C[C@H](O)[C@H](Cc2ccccc2)NC(=O)OCc2cncs2)C(C)C)cs1,1001.0,1.1038037209559568
CC(C)c1nc(CN(C)C(=O)N[C@H](C(=O)N[C@@H](Cc2ccccc2)C[C@H](O)[C@H](Cc2ccccc2)NC(=O)OCc2cncs2)C(C)C)cs1,798.0,1.100370545117563
CC(C)c1nc(CN(C)C(=O)N[C@H](C(=O)N[C@@H](Cc2ccccc2)C[C@H](O)[C@H](Cc2ccccc2)NC(=O)OCc2cncs2)C(C)C)cs1,500.0,0.9822712330395684
CC(C)c1nc(CN(C)C(=O)N[C@H](C(=O)N[C@@H](Cc2ccccc2)C[C@H](O)[C@H](Cc2ccccc2)NC(=O)OCc2cncs2)C(C)C)cs1,602.0,0.9703468762300934
CC(C)c1nc(CN(C)C(=O)N[C@H](C(=O)N[C@@H](Cc2ccccc2)C[C@H](O)[C@H](Cc2ccccc2)NC(=O)OCc2cncs2)C(C)C)cs1,400.0,0.7978114287939784
CC(C)c1nc(CN(C)C(=O)N[C@H](C(=O)N[C@@H](Cc2ccccc2)C[C@H](O)[C@H](Cc2ccccc2)NC(=O)OCc2cncs2)C(C)C)cs1,399.0,0.724275869600789
CC(C)c1nc(CN(C)C(=O)N[C@H](C(=O)N[C@@H](Cc2ccccc2)C[C@H](O)[C@H](Cc2ccccc2)NC(=O)OCc2cncs2)C(C)C)cs1,300.0,0.6931404606752949
CC(C)c1nc(CN(C)C(=O)N[C@H](C(=O)N[C@@H](Cc2ccccc2)C[C@H](O)[C@H](Cc2ccccc2)NC(=O)OCc2cncs2)C(C)C)cs1,200.0,0.3581252852766486
CC(C)c1nc(CN(C)C(=O)N[C@H](C(=O)N[C@@H](Cc2ccccc2)C[C@H](O)[C@H](Cc2ccccc2)NC(=O)OCc2cncs2)C(C)C)cs1,203.0,0.3222192947339193
CC(C)c1nc(CN(C)C(=O)N[C@H](C(=O)N[C@@H](Cc2ccccc2)C[C@H](O)[C@H](Cc2ccccc2)NC(=O)OCc2cncs2)C(C)C)cs1,100.0,-0.3352137879779613
CC(C)c1nc(CN(C)C(=O)N[C@H](C(=O)N[C@@H](Cc2ccccc2)C[C@H](O)[C@H](Cc2ccccc2)NC(=O)OCc2cncs2)C(C)C)cs1,98.0,-0.3872161432802645
OC1(c2ccc(Cl)cc2)c2ccccc2C2=NCCN21,2.0,-2.294992040666664
CCOC(=O)Nc1ccc(NCc2ccc(F)cc2)cc1N,600.0,-0.0470461991677231
CCOC(=O)Nc1ccc(NCc2ccc(F)cc2)cc1N,300.0,-0.068643849532072
CCOC(=O)Nc1ccc(NCc2ccc(F)cc2)cc1N,400.0,-0.0912327278313145
CCOC(=O)Nc1ccc(NCc2ccc(F)cc2)cc1N,250.0,-0.1674910872937637
CCOC(=O)Nc1ccc(NCc2ccc(F)cc2)cc1N,200.0,-0.3459475494044182
CCOC(=O)Nc1ccc(NCc2ccc(F)cc2)cc1N,100.0,-0.5559465252221617
CCOC(=O)Nc1ccc(NCc2ccc(F)cc2)cc1N,50.0,-1.0093060393202484
CCOC(=O)Nc1ccc(NCc2ccc(F)cc2)cc1N,25.0,-1.3943358844032128
CCc1nc(C(N)=O)c(Nc2ccc(N3CCC(N4CCN(C)CC4)CC3)c(OC)c2)nc1NC1CCOCC1,300.0,-0.6048571504208374
CCc1nc(C(N)=O)c(Nc2ccc(N3CCC(N4CCN(C)CC4)CC3)c(OC)c2)nc1NC1CCOCC1,200.0,-0.6551756120102399
CCc1nc(C(N)=O)c(Nc2ccc(N3CCC(N4CCN(C)CC4)CC3)c(OC)c2)nc1NC1CCOCC1,120.0,-0.7526089872446815
CCc1nc(C(N)=O)c(Nc2ccc(N3CCC(N4CCN(C)CC4)CC3)c(OC)c2)nc1NC1CCOCC1,80.0,-0.9250739028760452
CCc1nc(C(N)=O)c(Nc2ccc(N3CCC(N4CCN(C)CC4)CC3)c(OC)c2)nc1NC1CCOCC1,40.0,-1.5654425009076187
CCc1nc(C(N)=O)c(Nc2ccc(N3CCC(N4CCN(C)CC4)CC3)c(OC)c2)nc1NC1CCOCC1,20.0,-2.048526481857311
CCc1nc(C(N)=O)c(Nc2ccc(N3CCC(N4CCN(C)CC4)CC3)c(OC)c2)nc1NC1CCOCC1,10.0,-3.2952445846603475
Cc1nc(C(=O)NCC(=O)O)c(O)c2ccc(Oc3ccccc3)cc12,200.0,1.155336037465062
Cc1nc(C(=O)NCC(=O)O)c(O)c2ccc(Oc3ccccc3)cc12,160.0,1.1072099696478683
Cc1nc(C(=O)NCC(=O)O)c(O)c2ccc(Oc3ccccc3)cc12,100.0,0.8352148060821613
Cc1nc(C(=O)NCC(=O)O)c(O)c2ccc(Oc3ccccc3)cc12,40.0,0.5646660642520893
O[C@@](Cn1cnnn1)(c1ccc(F)cc1F)C(F)(F)c1ccc(-c2ccc(OCC(F)(F)F)cc2)cn1,600.0,0.2236905900200654
O[C@@](Cn1cnnn1)(c1ccc(F)cc1F)C(F)(F)c1ccc(-c2ccc(OCC(F)(F)F)cc2)cn1,320.0,-0.1784864715952268
O[C@@](Cn1cnnn1)(c1ccc(F)cc1F)C(F)(F)c1ccc(-c2ccc(OCC(F)(F)F)cc2)cn1,300.0,-0.3872161432802645
O[C@@](Cn1cnnn1)(c1ccc(F)cc1F)C(F)(F)c1ccc(-c2ccc(OCC(F)(F)F)cc2)cn1,160.0,-0.744727494896694
O[C@@](Cn1cnnn1)(c1ccc(F)cc1F)C(F)(F)c1ccc(-c2ccc(OCC(F)(F)F)cc2)cn1,80.0,-0.7825160557860937
O[C@@](Cn1cnnn1)(c1ccc(F)cc1F)C(F)(F)c1ccc(-c2ccc(OCC(F)(F)F)cc2)cn1,40.0,-1.0985416786038875
O[C@@](Cn1cnnn1)(c1ccc(F)cc1F)C(F)(F)c1ccc(-c2ccc(OCC(F)(F)F)cc2)cn1,20.0,-1.3496924768680636
CC(C)(O)c1ccccc1CC[C@@H](SCC1(CC(=O)O)CC1)c1cccc(/C=C/c2ccc3ccc(Cl)cc3n2)c1,4.0,-0.3065598802180511
CC(C)(O)c1ccccc1CC[C@@H](SCC1(CC(=O)O)CC1)c1cccc(/C=C/c2ccc3ccc(Cl)cc3n2)c1,10.0,-0.4125643221332226
CC(C)(O)c1ccccc1CC[C@@H](SCC1(CC(=O)O)CC1)c1cccc(/C=C/c2ccc3ccc(Cl)cc3n2)c1,8.82,-0.4145392704914993
CC(C)(O)c1ccccc1CC[C@@H](SCC1(CC(=O)O)CC1)c1cccc(/C=C/c2ccc3ccc(Cl)cc3n2)c1,5.0,-0.4294570601181025
CC(C)(O)c1ccccc1CC[C@@H](SCC1(CC(=O)O)CC1)c1cccc(/C=C/c2ccc3ccc(Cl)cc3n2)c1,6.0,-0.6631401790831907
CC(C)(O)c1ccccc1CC[C@@H](SCC1(CC(=O)O)CC1)c1cccc(/C=C/c2ccc3ccc(Cl)cc3n2)c1,2.0,-0.97387548325455
C[C@@H](O)[C@H]1C(=O)N2C(C(=O)O)=C(S[C@@H]3CN[C@H](CNS(N)(=O)=O)C3)[C@H](C)[C@H]12,500.0,1.290776351225909
CC(Oc1c(Cl)cccc1Cl)C1=NCCN1,2.0,-2.540299242432817
CC(Oc1c(Cl)cccc1Cl)C1=NCCN1,1.2,-2.755562059169693
CC(Oc1c(Cl)cccc1Cl)C1=NCCN1,0.8,-2.898562264861151
CC(Oc1c(Cl)cccc1Cl)C1=NCCN1,0.4,-3.062310200941816
CC(Oc1c(Cl)cccc1Cl)C1=NCCN1,0.36,-3.0861861476162837
CC(Oc1c(Cl)cccc1Cl)C1=NCCN1,0.2,-3.436637590513393
CCC(=O)NC[C@@H]1C[C@H]1c1cccc2c1CCO2,300.0,-0.0455162828444478
CCC(=O)NC[C@@H]1C[C@H]1c1cccc2c1CCO2,100.0,-0.2827734474395694
CCC(=O)NC[C@@H]1C[C@H]1c1cccc2c1CCO2,50.0,-0.3251388592621884
CCC(=O)NC[C@@H]1C[C@H]1c1cccc2c1CCO2,20.0,-0.5899575464327278
CCC(=O)NC[C@@H]1C[C@H]1c1cccc2c1CCO2,5.0,-0.9527251326158204
CCC(=O)NC[C@@H]1C[C@H]1c1cccc2c1CCO2,3.0,-1.8068754016455384
CCC(=O)NC[C@@H]1C[C@H]1c1cccc2c1CCO2,1.0,-2.0809219076239263
CN1CC[C@]23c4c5ccc(O)c4O[C@H]2[C@@H](O)C=C[C@H]3[C@H]1C5,200.0,-0.8337919748764143
CN1CC[C@]23c4c5ccc(O)c4O[C@H]2[C@@H](O)C=C[C@H]3[C@H]1C5,100.0,-1.385073439748084
CN1CC[C@]23c4c5ccc(O)c4O[C@H]2[C@@H](O)C=C[C@H]3[C@H]1C5,20.0,-1.4040567186851365
CN1CC[C@]23c4c5ccc(O)c4O[C@H]2[C@@H](O)C=C[C@H]3[C@H]1C5,80.0,-1.4290085186991348
CN1CC[C@]23c4c5ccc(O)c4O[C@H]2[C@@H](O)C=C[C@H]3[C@H]1C5,25.0,-1.5735429610566092
CN1CC[C@]23c4c5ccc(O)c4O[C@H]2[C@@H](O)C=C[C@H]3[C@H]1C5,90.0,-1.6596550504718577
CN1CC[C@]23c4c5ccc(O)c4O[C@H]2[C@@H](O)C=C[C@H]3[C@H]1C5,60.0,-1.718512112059921
CN1CC[C@]23c4c5ccc(O)c4O[C@H]2[C@@H](O)C=C[C@H]3[C@H]1C5,120.0,-1.7554754884299162
CN1CC[C@]23c4c5ccc(O)c4O[C@H]2[C@@H](O)C=C[C@H]3[C@H]1C5,30.0,-1.7768853269207312
CN1CC[C@]23c4c5ccc(O)c4O[C@H]2[C@@H](O)C=C[C@H]3[C@H]1C5,15.0,-1.810636837011811
CN1CC[C@]23c4c5ccc(O)c4O[C@H]2[C@@H](O)C=C[C@H]3[C@H]1C5,50.0,-2.044754945808492
CN1CC[C@]23c4c5ccc(O)c4O[C@H]2[C@@H](O)C=C[C@H]3[C@H]1C5,10.0,-2.148130399270234
CCOc1cc2ncc(C#N)c(Nc3ccc(Cc4ccccn4)c(Cl)c3)c2cc1NC(O)/C=C/CN(C)C,640.0,-0.8601209135987634
CCOc1cc2ncc(C#N)c(Nc3ccc(Cc4ccccn4)c(Cl)c3)c2cc1NC(O)/C=C/CN(C)C,800.0,-0.91721462968355
CCOc1cc2ncc(C#N)c(Nc3ccc(Cc4ccccn4)c(Cl)c3)c2cc1NC(O)/C=C/CN(C)C,320.0,-1.0427120471321625
CCOc1cc2ncc(C#N)c(Nc3ccc(Cc4ccccn4)c(Cl)c3)c2cc1NC(O)/C=C/CN(C)C,400.0,-1.057165506229905
CCOc1cc2ncc(C#N)c(Nc3ccc(Cc4ccccn4)c(Cl)c3)c2cc1NC(O)/C=C/CN(C)C,240.0,-1.244933531571322
CCOc1cc2ncc(C#N)c(Nc3ccc(Cc4ccccn4)c(Cl)c3)c2cc1NC(O)/C=C/CN(C)C,160.0,-1.260427655549908
CCOc1cc2ncc(C#N)c(Nc3ccc(Cc4ccccn4)c(Cl)c3)c2cc1NC(O)/C=C/CN(C)C,200.0,-1.2700257143004443
CCOc1cc2ncc(C#N)c(Nc3ccc(Cc4ccccn4)c(Cl)c3)c2cc1NC(O)/C=C/CN(C)C,120.0,-1.5583572236916643
CCOc1cc2ncc(C#N)c(Nc3ccc(Cc4ccccn4)c(Cl)c3)c2cc1NC(O)/C=C/CN(C)C,80.0,-1.6081830763867513
CCOc1cc2ncc(C#N)c(Nc3ccc(Cc4ccccn4)c(Cl)c3)c2cc1NC(O)/C=C/CN(C)C,40.0,-2.3129171553956382
CCC(C)(C)C(=O)O[C@H]1C[C@@H](C)C=C2C=C[C@H](C)[C@H](CC[C@@H](O)C[C@@H](O)CC(=O)O)[C@H]21,160.0,-0.8601154594607903
CCC(C)(C)C(=O)O[C@H]1C[C@@H](C)C=C2C=C[C@H](C)[C@H](CC[C@@H](O)C[C@@H](O)CC(=O)O)[C@H]21,40.0,-1.6777811395607798
NC(=O)CC[C@H](N)C(=O)O,7000.0,2.1760912590556813
Cc1c(C)c2c(c(C)c1O)CCC(C)(COc1ccc(CC3SC(=O)NC3=O)cc1)O2,400.0,0.2893487928514174
Cc1c(C)c2c(c(C)c1O)CCC(C)(COc1ccc(CC3SC(=O)NC3=O)cc1)O2,200.0,-0.1456939581989193
O=C(Nc1nc(-c2cc(Cl)cs2)c(N2CCN(C3CCCCC3)CC2)s1)c1cnc(N2CCC(C(=O)O)CC2)c(Cl)c1,60.0,-0.4829361265173453
O=C(Nc1nc(-c2cc(Cl)cs2)c(N2CCN(C3CCCCC3)CC2)s1)c1cnc(N2CCC(C(=O)O)CC2)c(Cl)c1,80.0,-0.5331323796458906
O=C(Nc1nc(-c2cc(Cl)cs2)c(N2CCN(C3CCCCC3)CC2)s1)c1cnc(N2CCC(C(=O)O)CC2)c(Cl)c1,40.0,-0.7510751867380733
O=C(Nc1nc(-c2cc(Cl)cs2)c(N2CCN(C3CCCCC3)CC2)s1)c1cnc(N2CCC(C(=O)O)CC2)c(Cl)c1,10.0,-1.3767507096020994
CC#CCC(C)[C@H](O)/C=C/[C@@H]1[C@H]2c3cccc(CCCC(=O)O)c3O[C@H]2C[C@H]1O,0.06,-3.1784690040940857
CC#CCC(C)[C@H](O)/C=C/[C@@H]1[C@H]2c3cccc(CCCC(=O)O)c3O[C@H]2C[C@H]1O,0.12,-4.017125998672271
CCC[C@@H]1CC(=O)N([C@@H](CC)C(N)=O)C1,1400.0,1.615950051656401
CCC[C@@H]1CC(=O)N([C@@H](CC)C(N)=O)C1,1000.0,1.4548448600085102
CCC[C@@H]1CC(=O)N([C@@H](CC)C(N)=O)C1,600.0,1.209515014542631
CCC[C@@H]1CC(=O)N([C@@H](CC)C(N)=O)C1,300.0,0.9334872878487056
CCC[C@@H]1CC(=O)N([C@@H](CC)C(N)=O)C1,200.0,0.6985154945578718
CCC[C@@H]1CC(=O)N([C@@H](CC)C(N)=O)C1,150.0,0.6011458786260548
CCC[C@@H]1CC(=O)N([C@@H](CC)C(N)=O)C1,100.0,0.3704116408785369
CCC[C@@H]1CC(=O)N([C@@H](CC)C(N)=O)C1,80.0,0.3384564936046048
CCC[C@@H]1CC(=O)N([C@@H](CC)C(N)=O)C1,75.0,0.1896587210492074
CCC[C@@H]1CC(=O)N([C@@H](CC)C(N)=O)C1,50.0,0.1663914978754535
CCC[C@@H]1CC(=O)N([C@@H](CC)C(N)=O)C1,40.0,-0.024568191490737
CCC[C@@H]1CC(=O)N([C@@H](CC)C(N)=O)C1,25.0,-0.0457574905606751
CCC[C@@H]1CC(=O)N([C@@H](CC)C(N)=O)C1,20.0,-0.3675427078152757
CCC[C@@H]1CC(=O)N([C@@H](CC)C(N)=O)C1,10.0,-0.5157001606532141
CCC[C@@H]1CC(=O)N([C@@H](CC)C(N)=O)C1,2.5,-1.1240710150770732
NC(=O)C[S@@](=O)C(c1ccccc1)c1ccccc1,400.0,0.9431646302222556
NC(=O)C[S@@](=O)C(c1ccccc1)c1ccccc1,300.0,0.8066321286128642
NC(=O)C[S@@](=O)C(c1ccccc1)c1ccccc1,250.0,0.7381705085429248
NC(=O)C[S@@](=O)C(c1ccccc1)c1ccccc1,200.0,0.608526033577194
NC(=O)C[S@@](=O)C(c1ccccc1)c1ccccc1,150.0,0.4756711883244297
NC(=O)C[S@@](=O)C(c1ccccc1)c1ccccc1,100.0,0.3524581731392797
NC(=O)C[S@@](=O)C(c1ccccc1)c1ccccc1,50.0,0.0791812460476249
O=c1n(CCCN2CCN(c3cccc(Cl)c3)CC2)nc2ccccn12,100.0,0.224014811372864
O=c1n(CCCN2CCN(c3cccc(Cl)c3)CC2)nc2ccccn12,300.0,0.1429692654433829
O=c1n(CCCN2CCN(c3cccc(Cl)c3)CC2)nc2ccccn12,50.0,-0.0072256357446444
O=c1n(CCCN2CCN(c3cccc(Cl)c3)CC2)nc2ccccn12,30.0,-0.1930955623960628
O=c1n(CCCN2CCN(c3cccc(Cl)c3)CC2)nc2ccccn12,20.0,-0.3836295277087306
O=c1n(CCCN2CCN(c3cccc(Cl)c3)CC2)nc2ccccn12,10.0,-0.692027676080945
O=c1n(CCCN2CCN(c3cccc(Cl)c3)CC2)nc2ccccn12,2.5,-1.369094358810968
CN(C)CCc1c[nH]c2ccc(CS(=O)(=O)N3CCCC3)cc12,200.0,-0.2491060796178746
CN(C)CCc1c[nH]c2ccc(CS(=O)(=O)N3CCCC3)cc12,150.0,-0.3699791488865901
CN(C)CCc1c[nH]c2ccc(CS(=O)(=O)N3CCCC3)cc12,100.0,-0.5230235342404729
CN(C)CCc1c[nH]c2ccc(CS(=O)(=O)N3CCCC3)cc12,50.0,-0.8377343857019784
CN(C)CCc1c[nH]c2ccc(CS(=O)(=O)N3CCCC3)cc12,25.0,-1.1074880070977635
CN(C)CCc1c[nH]c2ccc(CS(=O)(=O)N3CCCC3)cc12,12.5,-1.3462031431564667
CN(C)CCc1c[nH]c2ccc(CS(=O)(=O)N3CCCC3)cc12,10.0,-1.4814860601221125
CN(C)CCc1c[nH]c2ccc(CS(=O)(=O)N3CCCC3)cc12,5.0,-1.744727494896694
C[C@@H]1[C@H](O)[C@@H](C)/C=C/C=C/C=C/C=C/C=C/C=C/C=C/[C@H](O[C@@H]2O[C@H](C)[C@@H](O)[C@H](N)[C@@H]2O)C[C@@H]2O[C@](O)(C[C@@H](O)C[C@@H](O)[C@H](O)CC[C@@H](O)C[C@@H](O)CC(=O)O[C@H]1C)C[C@H](O)[C@H]2C(=O)O,800.0,-1.493494967595128
C[C@@H]1[C@H](O)[C@@H](C)/C=C/C=C/C=C/C=C/C=C/C=C/C=C/[C@H](O[C@@H]2O[C@H](C)[C@@H](O)[C@H](N)[C@@H]2O)C[C@@H]2O[C@](O)(C[C@@H](O)C[C@@H](O)[C@H](O)CC[C@@H](O)C[C@@H](O)CC(=O)O[C@H]1C)C[C@H](O)[C@H]2C(=O)O,200.0,-1.543633966870957
C[C@@H]1[C@H](O)[C@@H](C)/C=C/C=C/C=C/C=C/C=C/C=C/C=C/[C@H](O[C@@H]2O[C@H](C)[C@@H](O)[C@H](N)[C@@H]2O)C[C@@H]2O[C@](O)(C[C@@H](O)C[C@@H](O)[C@H](O)CC[C@@H](O)C[C@@H](O)CC(=O)O[C@H]1C)C[C@H](O)[C@H]2C(=O)O,400.0,-1.5466816599529625
C[C@@H]1[C@H](O)[C@@H](C)/C=C/C=C/C=C/C=C/C=C/C=C/C=C/[C@H](O[C@@H]2O[C@H](C)[C@@H](O)[C@H](N)[C@@H]2O)C[C@@H]2O[C@](O)(C[C@@H](O)C[C@@H](O)[C@H](O)CC[C@@H](O)C[C@@H](O)CC(=O)O[C@H]1C)C[C@H](O)[C@H]2C(=O)O,100.0,-1.5528419686577808
N=C(CCSCc1csc(N=C(N)N)n1)NS(N)(=O)=O,70.0,-0.8489367466462497
N=C(CCSCc1csc(N=C(N)N)n1)NS(N)(=O)=O,40.0,-0.8823259637890138
N=C(CCSCc1csc(N=C(N)N)n1)NS(N)(=O)=O,35.0,-1.05428528594014
N=C(CCSCc1csc(N=C(N)N)n1)NS(N)(=O)=O,20.0,-1.1502998641915312
N=C(CCSCc1csc(N=C(N)N)n1)NS(N)(=O)=O,30.0,-1.2182446253475312
N=C(CCSCc1csc(N=C(N)N)n1)NS(N)(=O)=O,10.0,-1.386158178123931
CN1C(C(=O)Nc2ccccn2)=C(O)c2sc(Cl)cc2S1(=O)=O,8.0,0.197739886018149
Nc1ccn(C[C@@H](CO)OCP(=O)(O)O)c(=O)n1,700.0,-0.1549019599857432
CCC(=O)O[C@]1(C(=O)SCF)[C@H](C)C[C@H]2[C@@H]3C[C@H](F)C4=CC(=O)C=C[C@]4(C)[C@@]3(F)[C@@H](O)C[C@@]21C,16.0,-2.2975694635544746
CCC(=O)O[C@]1(C(=O)SCF)[C@H](C)C[C@H]2[C@@H]3C[C@H](F)C4=CC(=O)C=C[C@]4(C)[C@@]3(F)[C@@H](O)C[C@@]21C,6.0,-4.002701007590486
CNC(=O)[C@H]1CC[C@H](NC(=O)C(=O)Nc2ccc(Cl)cn2)[C@H](NC(=O)c2nc3c(s2)CN(C)CC3)C1,60.0,-3.200544205461866
Nc1cc(N2CCCCC2)nc(N)[n+]1[O-],10.0,-1.1266793981846013
Nc1cc(N2CCCCC2)nc(N)[n+]1[O-],5.0,-1.4649591867488394
Nc1cc(N2CCCCC2)nc(N)[n+]1[O-],2.5,-1.753255290276159
CN[C@@H](C)[C@H](O)c1ccccc1,50.0,-0.860750782428393
CN[C@@H](C)[C@H](O)c1ccccc1,17.3,-1.1972262747080242
CNC[C@H](O)[C@@H](O)[C@H](O)[C@H](O)CO,80.0,0.6516171740949619
CNC[C@H](O)[C@@H](O)[C@H](O)[C@H](O)CO,20.0,0.0773679052841565
Cc1nnc(C(C)C)n1[C@@H]1C[C@H]2CC[C@@H](C1)N2CC[C@H](NC(=O)C1CCC(F)(F)CC1)c1ccccc1,1200.0,0.4575791469957625
Cc1nnc(C(C)C)n1[C@@H]1C[C@H]2CC[C@@H](C1)N2CC[C@H](NC(=O)C1CCC(F)(F)CC1)c1ccccc1,900.0,0.2476787295706574
Cc1nnc(C(C)C)n1[C@@H]1C[C@H]2CC[C@@H](C1)N2CC[C@H](NC(=O)C1CCC(F)(F)CC1)c1ccccc1,600.0,0.0916669575956845
Cc1nnc(C(C)C)n1[C@@H]1C[C@H]2CC[C@@H](C1)N2CC[C@H](NC(=O)C1CCC(F)(F)CC1)c1ccccc1,300.0,-0.1770232772155464
Cc1nnc(C(C)C)n1[C@@H]1C[C@H]2CC[C@@H](C1)N2CC[C@H](NC(=O)C1CCC(F)(F)CC1)c1ccccc1,150.0,-0.412939220784861
Cc1nnc(C(C)C)n1[C@@H]1C[C@H]2CC[C@@H](C1)N2CC[C@H](NC(=O)C1CCC(F)(F)CC1)c1ccccc1,100.0,-0.6810103562799215
Cc1nnc(C(C)C)n1[C@@H]1C[C@H]2CC[C@@H](C1)N2CC[C@H](NC(=O)C1CCC(F)(F)CC1)c1ccccc1,75.0,-0.973602941995588
Cc1nnc(C(C)C)n1[C@@H]1C[C@H]2CC[C@@H](C1)N2CC[C@H](NC(=O)C1CCC(F)(F)CC1)c1ccccc1,50.0,-1.1253732483823176
Cc1nnc(C(C)C)n1[C@@H]1C[C@H]2CC[C@@H](C1)N2CC[C@H](NC(=O)C1CCC(F)(F)CC1)c1ccccc1,30.0,-1.815308569182401
Cc1nnc(C(C)C)n1[C@@H]1C[C@H]2CC[C@@H](C1)N2CC[C@H](NC(=O)C1CCC(F)(F)CC1)c1ccccc1,25.0,-2.036920839358173
Cc1nnc(C(C)C)n1[C@@H]1C[C@H]2CC[C@@H](C1)N2CC[C@H](NC(=O)C1CCC(F)(F)CC1)c1ccccc1,10.0,-2.5485205948751384
Cc1nnc(C(C)C)n1[C@@H]1C[C@H]2CC[C@@H](C1)N2CC[C@H](NC(=O)C1CCC(F)(F)CC1)c1ccccc1,3.0,-3.099086932262331
O=C(O)c1cc(-c2ccc(F)cc2F)ccc1O,1000.0,2.093421685162235
O=C(O)c1cc(-c2ccc(F)cc2F)ccc1O,500.0,1.9395192526186185
O=C(O)c1cc(-c2ccc(F)cc2F)ccc1O,250.0,1.6127838567197357
O=c1ccc2ccc(OCCCCN3CCN(c4cccc5sccc45)CC3)cc2[nH]1,12.0,-0.9393021596463884
O=c1ccc2ccc(OCCCCN3CCN(c4cccc5sccc45)CC3)cc2[nH]1,10.0,-1.0065637695023884
O=c1ccc2ccc(OCCCCN3CCN(c4cccc5sccc45)CC3)cc2[nH]1,8.0,-1.1925495390586467
O=c1ccc2ccc(OCCCCN3CCN(c4cccc5sccc45)CC3)cc2[nH]1,6.0,-1.3075055924969157
O=c1ccc2ccc(OCCCCN3CCN(c4cccc5sccc45)CC3)cc2[nH]1,4.0,-1.4568537681718472
O=c1ccc2ccc(OCCCCN3CCN(c4cccc5sccc45)CC3)cc2[nH]1,3.0,-1.694505834417732
O=c1ccc2ccc(OCCCCN3CCN(c4cccc5sccc45)CC3)cc2[nH]1,2.0,-1.830460581834655
O=c1ccc2ccc(OCCCCN3CCN(c4cccc5sccc45)CC3)cc2[nH]1,1.0,-2.045717279970221
O=c1ccc2ccc(OCCCCN3CCN(c4cccc5sccc45)CC3)cc2[nH]1,0.5,-2.302225950682104
O=c1ccc2ccc(OCCCCN3CCN(c4cccc5sccc45)CC3)cc2[nH]1,0.25,-2.6876412718800404
CCCCN1C[C@H](O)[C@@H](O)[C@H](O)[C@H]1CO,260.0,0.4813948487033787
CCCCN1C[C@H](O)[C@@H](O)[C@H](O)[C@H]1CO,200.0,0.4654253439372641
CCCCN1C[C@H](O)[C@@H](O)[C@H](O)[C@H]1CO,130.0,0.1775364999298621
CCCCN1C[C@H](O)[C@@H](O)[C@H](O)[C@H]1CO,100.0,0.0478309423409487
CCCCN1C[C@H](O)[C@@H](O)[C@H](O)[C@H]1CO,65.0,-0.174534933800968
CCCCN1C[C@H](O)[C@@H](O)[C@H](O)[C@H]1CO,50.0,-0.4179366370882912
COc1ccc(CN(C(=O)[C@@H](N)Cc2c(C)cc(C(N)=O)cc2C)[C@@H](C)c2nc(-c3ccccc3)c[nH]2)cc1C(=O)O,1500.0,-1.5214335044061569
COc1ccc(CN(C(=O)[C@@H](N)Cc2c(C)cc(C(N)=O)cc2C)[C@@H](C)c2nc(-c3ccccc3)c[nH]2)cc1C(=O)O,2000.0,-1.5391021572434522
COc1ccc(CN(C(=O)[C@@H](N)Cc2c(C)cc(C(N)=O)cc2C)[C@@H](C)c2nc(-c3ccccc3)c[nH]2)cc1C(=O)O,1000.0,-1.6987529113637887
COc1ccc(CN(C(=O)[C@@H](N)Cc2c(C)cc(C(N)=O)cc2C)[C@@H](C)c2nc(-c3ccccc3)c[nH]2)cc1C(=O)O,500.0,-1.9030899869919435
COc1ccc(CN(C(=O)[C@@H](N)Cc2c(C)cc(C(N)=O)cc2C)[C@@H](C)c2nc(-c3ccccc3)c[nH]2)cc1C(=O)O,300.0,-2.011589697746116
COc1ccc(CN(C(=O)[C@@H](N)Cc2c(C)cc(C(N)=O)cc2C)[C@@H](C)c2nc(-c3ccccc3)c[nH]2)cc1C(=O)O,200.0,-2.330683119433888
COc1ccc(CN(C(=O)[C@@H](N)Cc2c(C)cc(C(N)=O)cc2C)[C@@H](C)c2nc(-c3ccccc3)c[nH]2)cc1C(=O)O,100.0,-2.544869513883264
COc1ccc(CN(C(=O)[C@@H](N)Cc2c(C)cc(C(N)=O)cc2C)[C@@H](C)c2nc(-c3ccccc3)c[nH]2)cc1C(=O)O,30.0,-3.1979107421182675
CNCc1cc(-c2ccccc2F)n(S(=O)(=O)c2cccnc2)c1,20.0,-1.495529137505581
CNCc1cc(-c2ccccc2F)n(S(=O)(=O)c2cccnc2)c1,10.0,-1.9318141382538383
CC(=O)OCC(CCn1cnc2cnc(N)nc21)COC(C)=O,800.0,0.7867514221455612
CC(=O)OCC(CCn1cnc2cnc(N)nc21)COC(C)=O,750.0,0.7682309906207653
CC(=O)OCC(CCn1cnc2cnc(N)nc21)COC(C)=O,500.0,0.5512993869583507
CC(=O)OCC(CCn1cnc2cnc(N)nc21)COC(C)=O,400.0,0.4497354542300299
CC(=O)OCC(CCn1cnc2cnc(N)nc21)COC(C)=O,250.0,0.2746825496801719
CC(=O)OCC(CCn1cnc2cnc(N)nc21)COC(C)=O,200.0,0.1613680022349748
CC(=O)OCC(CCn1cnc2cnc(N)nc21)COC(C)=O,125.0,-0.1046779269470213
Cc1cc(CC(=O)O)n(C)c1C(=O)c1ccc(Cl)cc1,200.0,0.8999025402352115
Cc1cc(CC(=O)O)n(C)c1C(=O)c1ccc(Cl)cc1,100.0,0.6597106455642797
Cc1cc(CC(=O)O)n(C)c1C(=O)c1ccc(Cl)cc1,50.0,0.2974540996190724
Cc1cc(CC(=O)O)n(C)c1C(=O)c1ccc(Cl)cc1,30.0,-0.1636758842932483
C[C@@H](O)[C@H]1C(=O)N2[C@@H]1[C@@H](C)C(S[C@@H]1CN[C@H](CNS(N)(=O)=O)C1)=[14C]2C(=O)O,500.0,1.2488053481110204
CO[C@]1(C)C[C@@H](C)C(=O)[C@H](C)[C@@H](O)[C@](C)(O)[C@@H](C(C)O)OC(=O)[C@H](C)[C@@H](O[C@H]2C[C@@](C)(OC)[C@@H](O)[C@H](C)O2)[C@H](C)[C@H]1O[C@@H]1O[C@H](C)C[C@H](N(C)C)[C@H]1O,1000.0,-0.0969080408812918
CO[C@]1(C)C[C@@H](C)C(=O)[C@H](C)[C@@H](O)[C@](C)(O)[C@@H](C(C)O)OC(=O)[C@H](C)[C@@H](O[C@H]2C[C@@](C)(OC)[C@@H](O)[C@H](C)O2)[C@H](C)[C@H]1O[C@@H]1O[C@H](C)C[C@H](N(C)C)[C@H]1O,500.0,-0.0969101145244034
N[C@@H]1CONC1=O,1000.0,1.9281738683226248
N[C@@H]1CONC1=O,500.0,1.632625982993566
N[C@@H]1CONC1=O,250.0,1.2882492255719862
CCC[C@@H]1C[C@@H](C(=O)N[C@@H]([C@H]2O[C@H](SC)[C@H](O)[C@@H](O)[C@H]2O)[C@H](C)Cl)N(C)C1,150.0,0.3979400086720376
N[C@@H]1C[C@H]1c1ccccc1,13.7,-1.5726762136427528
CCCc1c2oc(C(=O)O)cc(=O)c2cc2c(=O)cc(C(=O)O)n(CC)c12,70.0,-2.2365720064370627
CCOC(=O)[C@H](CCc1ccccc1)N[C@@H](C)C(=O)N1Cc2ccccc2C[C@H]1C(=O)O,20.0,-0.3252919145877913
CNC(=O)[C@@H](c1ccccc1)N1CCc2cc(OC)c(O)cc2[C@@H]1CCc1ccc(C(F)(F)F)cc1,200.0,-1.211821599177003
CN(C/C=C/C#CC(C)(C)C)Cc1cccc2ccccc12,750.0,0.446007319898264
CN(C/C=C/C#CC(C)(C)C)Cc1cccc2ccccc12,500.0,0.3541084391474008
CN(C/C=C/C#CC(C)(C)C)Cc1cccc2ccccc12,250.0,0.0608488730388074
CN(C/C=C/C#CC(C)(C)C)Cc1cccc2ccccc12,125.0,-0.0642603185540082
Nc1nc2c(ncn2[C@H]2CO[C@@H](CO)O2)c(=O)[nH]1,500.0,0.1789768336431779
CONC(=O)Nc1ccc(-c2sc3c(c2CN(C)Cc2ccccc2)c(=O)n(-c2ccccc2)c(=O)n3Cc2c(F)cccc2F)cc1,200.0,-0.562248753087091
CONC(=O)Nc1ccc(-c2sc3c(c2CN(C)Cc2ccccc2)c(=O)n(-c2ccccc2)c(=O)n3Cc2c(F)cccc2F)cc1,10.0,-1.8239828552783257
CO[C@@H]1[C@H](OC(=O)N[C@@H](C(N)=O)C(C)(C)O)CC[C@]2(CO2)[C@H]1[C@@]1(C)O[C@@H]1C[C@@H]1OC1(C)C,15.0,-2.468539811672436
CC(C)[C@H](N)C(=O)OCC(CO)OCn1cnc2c(=O)[nH]c(N)nc21,900.0,0.8338315421267293
CC(C)[C@H](N)C(=O)OCC(CO)OCn1cnc2c(=O)[nH]c(N)nc21,360.0,-0.707743928643524
CCOc1ccccc1OC(c1ccccc1)C1CNCCO1,4.0,-0.9463728584247636
N[C@@H](C(=O)N[C@@H]1C(=O)N2C(C(=O)O)=C(Cl)CC[C@H]12)c1ccccc1,1050.0,1.2787536009528289
N[C@@H](C(=O)N[C@@H]1C(=O)N2C(C(=O)O)=C(Cl)CC[C@H]12)c1ccccc1,500.0,1.2013971243204515
N[C@@H](C(=O)N[C@@H]1C(=O)N2C(C(=O)O)=C(Cl)CC[C@H]12)c1ccccc1,400.0,1.165056800168569
N[C@@H](C(=O)N[C@@H]1C(=O)N2C(C(=O)O)=C(Cl)CC[C@H]12)c1ccccc1,250.0,1.0128372247051722
N[C@@H](C(=O)N[C@@H]1C(=O)N2C(C(=O)O)=C(Cl)CC[C@H]12)c1ccccc1,200.0,0.9300061034825894
N[C@@H](C(=O)N[C@@H]1C(=O)N2C(C(=O)O)=C(Cl)CC[C@H]12)c1ccccc1,100.0,0.5820633629117087
C[C@@H](NCCc1ccc(O)cc1)[C@@H](O)c1ccc(O)cc1,20.0,-1.9507819773298185
C[C@@H](NCCc1ccc(O)cc1)[C@@H](O)c1ccc(O)cc1,10.0,-2.309803919971486
CO/N=C(\C(=O)N[C@@H]1C(=O)N2C(C(=O)O)=C(COC(N)=O)CS[C@H]12)c1ccco1,1000.0,1.4149733265233515
O=C(O)c1cc2ccccc2c(Cc2c(O)c(C(=O)OCCOCCN3CCN(C(c4ccccc4)c4ccc(Cl)cc4)CC3)cc3ccccc23)c1O,100.0,-0.8973948058734336
C[C@@H]1CN(c2c(F)c(N)c3c(=O)c(C(=O)O)cn(C4CC4)c3c2F)C[C@H](C)N1,1600.0,0.5796978721407144
C[C@@H]1CN(c2c(F)c(N)c3c(=O)c(C(=O)O)cn(C4CC4)c3c2F)C[C@H](C)N1,1200.0,0.4995839941623507
C[C@@H]1CN(c2c(F)c(N)c3c(=O)c(C(=O)O)cn(C4CC4)c3c2F)C[C@H](C)N1,800.0,0.3426341363884562
C[C@@H]1CN(c2c(F)c(N)c3c(=O)c(C(=O)O)cn(C4CC4)c3c2F)C[C@H](C)N1,600.0,0.2241444321712903
C[C@@H]1CN(c2c(F)c(N)c3c(=O)c(C(=O)O)cn(C4CC4)c3c2F)C[C@H](C)N1,400.0,0.1232266421410265
C[C@@H]1CN(c2c(F)c(N)c3c(=O)c(C(=O)O)cn(C4CC4)c3c2F)C[C@H](C)N1,300.0,-0.0583229641293087
C[C@@H]1CN(c2c(F)c(N)c3c(=O)c(C(=O)O)cn(C4CC4)c3c2F)C[C@H](C)N1,200.0,-0.0617981741913621
C[C@@H]1CN(c2c(F)c(N)c3c(=O)c(C(=O)O)cn(C4CC4)c3c2F)C[C@H](C)N1,150.0,-0.1249387366082999
C[C@@H]1CN(c2c(F)c(N)c3c(=O)c(C(=O)O)cn(C4CC4)c3c2F)C[C@H](C)N1,100.0,-0.2715560311895567
Oc1ccc2c(c1)CC[C@H](c1ccccc1)[C@@H]2c1ccc(OCCN2CCCC2)cc1,20.0,-1.7670038896078462
Oc1ccc2c(c1)CC[C@H](c1ccccc1)[C@@H]2c1ccc(OCCN2CCCC2)cc1,1.0,-2.191789027075778
Oc1ccc2c(c1)CC[C@H](c1ccccc1)[C@@H]2c1ccc(OCCN2CCCC2)cc1,0.5,-2.4436974992327127
Oc1ccc2c(c1)CC[C@H](c1ccccc1)[C@@H]2c1ccc(OCCN2CCCC2)cc1,0.3,-2.6819366650372385
Oc1ccc2c(c1)CC[C@H](c1ccccc1)[C@@H]2c1ccc(OCCN2CCCC2)cc1,0.1,-3.130768280269024
Oc1ccc2c(c1)CC[C@H](c1ccccc1)[C@@H]2c1ccc(OCCN2CCCC2)cc1,0.03,-3.6020599913279625
Oc1ccc2c(c1)CC[C@H](c1ccccc1)[C@@H]2c1ccc(OCCN2CCCC2)cc1,0.25,-3.680633650312697
Oc1ccc2c(c1)CC[C@H](c1ccccc1)[C@@H]2c1ccc(OCCN2CCCC2)cc1,0.01,-4.045757490560675
COc1ccc(C(=O)Nc2ccccc2CCC2CCCCN2C)cc1,400.0,0.1653036924683604
COc1ccc(C(=O)Nc2ccccc2CCC2CCCCN2C)cc1,50.0,-0.8513022268547267
COc1ccc(C(=O)Nc2ccccc2CCC2CCCCN2C)cc1,25.0,-1.06881343619591
CCOC(=O)c1ncn2c1CN(C)C(=O)c1cc(F)ccc1-2,200.0,-0.5934598195660449
O=C(c1ccccc1)c1ccc2n1CCC2C(=O)O,119.0,1.0043213737826426
O=C(c1ccccc1)c1ccc2n1CCC2C(=O)O,15.0,0.1242596207828128
O=C(c1ccccc1)c1ccc2n1CCC2C(=O)O,10.0,-0.011858922444768
Cc1ccc(S(=O)(=O)NC(=O)NN2CCCCCC2)cc1,500.0,1.3788821992775586
Cc1ccc(S(=O)(=O)NC(=O)NN2CCCCCC2)cc1,250.0,1.1537495519928151
Cc1ccc(S(=O)(=O)NC(=O)NN2CCCCCC2)cc1,100.0,0.724275869600789
CC(N)Cc1ccccc1,30.0,-1.3269000655791194
CC(N)Cc1ccccc1,15.0,-1.4141346188996644
CC(N)Cc1ccccc1,20.0,-1.4296516800998065
CC(N)Cc1ccccc1,18.8,-1.449207736223745
CC(N)Cc1ccccc1,10.0,-1.4503960115558785
CC(N)Cc1ccccc1,20.0,-1.580059361257911
CC(N)Cc1ccccc1,10.0,-1.6152882570617175
CCN(CC)CCNC(=O)c1c(C)[nH]c(/C=C2\C(=O)Nc3ccc(F)cc32)c1C,800.0,-0.2588484011482149
CCN(CC)CCNC(=O)c1c(C)[nH]c(/C=C2\C(=O)Nc3ccc(F)cc32)c1C,700.0,-0.2967086218813386
CCN(CC)CCNC(=O)c1c(C)[nH]c(/C=C2\C(=O)Nc3ccc(F)cc32)c1C,600.0,-0.4473317838878068
CCN(CC)CCNC(=O)c1c(C)[nH]c(/C=C2\C(=O)Nc3ccc(F)cc32)c1C,400.0,-0.5093393466438633
CCN(CC)CCNC(=O)c1c(C)[nH]c(/C=C2\C(=O)Nc3ccc(F)cc32)c1C,300.0,-0.623423042943488
CCN(CC)CCNC(=O)c1c(C)[nH]c(/C=C2\C(=O)Nc3ccc(F)cc32)c1C,200.0,-0.9283283557311208
CCN(CC)CCNC(=O)c1c(C)[nH]c(/C=C2\C(=O)Nc3ccc(F)cc32)c1C,150.0,-1.0899094544059318
CCN(CC)CCNC(=O)c1c(C)[nH]c(/C=C2\C(=O)Nc3ccc(F)cc32)c1C,75.0,-1.401209493236885
CCN(CC)CCNC(=O)c1c(C)[nH]c(/C=C2\C(=O)Nc3ccc(F)cc32)c1C,50.0,-1.5371342643262642
CCN(CC)CCNC(=O)c1c(C)[nH]c(/C=C2\C(=O)Nc3ccc(F)cc32)c1C,50.0,-1.737392066456253
CCN(CC)CCNC(=O)c1c(C)[nH]c(/C=C2\C(=O)Nc3ccc(F)cc32)c1C,37.5,-1.855944972944628
CCN(CC)CCNC(=O)c1c(C)[nH]c(/C=C2\C(=O)Nc3ccc(F)cc32)c1C,25.0,-1.9374180157718368
CCN(CC)CCNC(=O)c1c(C)[nH]c(/C=C2\C(=O)Nc3ccc(F)cc32)c1C,12.5,-2.2596373105057563
CCCCNc1ccc(C(=O)OCCOCCOCCOCCOCCOCCOCCOCCOCCOC)cc1,100.0,0.1416065301182505
Cc1c(O)cccc1C(=O)N[C@@H](CSc1ccccc1)[C@H](O)CN1C[C@H]2CCCC[C@H]2C[C@H]1C(=O)NC(C)(C)C,3729.6,0.8767949762007006
Cc1c(O)cccc1C(=O)N[C@@H](CSc1ccccc1)[C@H](O)CN1C[C@H]2CCCC[C@H]2C[C@H]1C(=O)NC(C)(C)C,3731.0,0.8750612633917001
Cc1c(O)cccc1C(=O)N[C@@H](CSc1ccccc1)[C@H](O)CN1C[C@H]2CCCC[C@H]2C[C@H]1C(=O)NC(C)(C)C,2500.0,0.7403626894942439
Cc1c(O)cccc1C(=O)N[C@@H](CSc1ccccc1)[C@H](O)CN1C[C@H]2CCCC[C@H]2C[C@H]1C(=O)NC(C)(C)C,2000.0,0.6857417386022636
Cc1c(O)cccc1C(=O)N[C@@H](CSc1ccccc1)[C@H](O)CN1C[C@H]2CCCC[C@H]2C[C@H]1C(=O)NC(C)(C)C,1875.0,0.656417653650555
Cc1c(O)cccc1C(=O)N[C@@H](CSc1ccccc1)[C@H](O)CN1C[C@H]2CCCC[C@H]2C[C@H]1C(=O)NC(C)(C)C,1250.0,0.6126152383617527
Cc1c(O)cccc1C(=O)N[C@@H](CSc1ccccc1)[C@H](O)CN1C[C@H]2CCCC[C@H]2C[C@H]1C(=O)NC(C)(C)C,1400.0,0.6053050461411095
Cc1c(O)cccc1C(=O)N[C@@H](CSc1ccccc1)[C@H](O)CN1C[C@H]2CCCC[C@H]2C[C@H]1C(=O)NC(C)(C)C,1000.0,0.5986221755664716
Cc1c(O)cccc1C(=O)N[C@@H](CSc1ccccc1)[C@H](O)CN1C[C@H]2CCCC[C@H]2C[C@H]1C(=O)NC(C)(C)C,750.0,0.5225305584738787
Cc1c(O)cccc1C(=O)N[C@@H](CSc1ccccc1)[C@H](O)CN1C[C@H]2CCCC[C@H]2C[C@H]1C(=O)NC(C)(C)C,800.0,0.500373714353374
Cc1c(O)cccc1C(=O)N[C@@H](CSc1ccccc1)[C@H](O)CN1C[C@H]2CCCC[C@H]2C[C@H]1C(=O)NC(C)(C)C,500.0,0.3636119798921443
Cc1c(O)cccc1C(=O)N[C@@H](CSc1ccccc1)[C@H](O)CN1C[C@H]2CCCC[C@H]2C[C@H]1C(=O)NC(C)(C)C,400.0,0.0692980121155292
Cc1c(O)cccc1C(=O)N[C@@H](CSc1ccccc1)[C@H](O)CN1C[C@H]2CCCC[C@H]2C[C@H]1C(=O)NC(C)(C)C,250.0,-0.2218487496163563
Cc1c(O)cccc1C(=O)N[C@@H](CSc1ccccc1)[C@H](O)CN1C[C@H]2CCCC[C@H]2C[C@H]1C(=O)NC(C)(C)C,200.0,-0.3565473235138126
Cc1c(O)cccc1C(=O)N[C@@H](CSc1ccccc1)[C@H](O)CN1C[C@H]2CCCC[C@H]2C[C@H]1C(=O)NC(C)(C)C,100.0,-0.5044556624535516
CNC(=O)c1cc(Oc2ccc(NC(=O)Nc3ccc(Cl)c(C(F)(F)F)c3)c(F)c2)ccn1,220.0,0.6043340731029111
CNC(=O)c1cc(Oc2ccc(NC(=O)Nc3ccc(Cl)c(C(F)(F)F)c3)c(F)c2)ccn1,160.0,0.4598518156517606
CNC(=O)c1cc(Oc2ccc(NC(=O)Nc3ccc(Cl)c(C(F)(F)F)c3)c(F)c2)ccn1,120.0,0.457149889936347
CNC(=O)c1cc(Oc2ccc(NC(=O)Nc3ccc(Cl)c(C(F)(F)F)c3)c(F)c2)ccn1,10.0,-0.2723774220308627
CCCCC1=NC2(CCCC2)C(=O)N1Cc1ccc(-c2ccccc2-c2nnn[nH]2)cc1,900.0,0.7336786556770879
CCCCC1=NC2(CCCC2)C(=O)N1Cc1ccc(-c2ccccc2-c2nnn[nH]2)cc1,600.0,0.6763887345811752
CCCCC1=NC2(CCCC2)C(=O)N1Cc1ccc(-c2ccccc2-c2nnn[nH]2)cc1,300.0,0.5260696841324816
CCCCC1=NC2(CCCC2)C(=O)N1Cc1ccc(-c2ccccc2-c2nnn[nH]2)cc1,250.0,0.4234097277330934
CCCCC1=NC2(CCCC2)C(=O)N1Cc1ccc(-c2ccccc2-c2nnn[nH]2)cc1,200.0,0.4161410311683289
CCCCC1=NC2(CCCC2)C(=O)N1Cc1ccc(-c2ccccc2-c2nnn[nH]2)cc1,150.0,0.373059196491903
CCCCC1=NC2(CCCC2)C(=O)N1Cc1ccc(-c2ccccc2-c2nnn[nH]2)cc1,100.0,0.3175619366212462
CCCCC1=NC2(CCCC2)C(=O)N1Cc1ccc(-c2ccccc2-c2nnn[nH]2)cc1,140.0,0.2789821168654431
CCCCC1=NC2(CCCC2)C(=O)N1Cc1ccc(-c2ccccc2-c2nnn[nH]2)cc1,75.0,0.1797671616044655
CCCCC1=NC2(CCCC2)C(=O)N1Cc1ccc(-c2ccccc2-c2nnn[nH]2)cc1,50.0,0.1390916075238227
CCCCC1=NC2(CCCC2)C(=O)N1Cc1ccc(-c2ccccc2-c2nnn[nH]2)cc1,37.5,0.0420574363327852
CCCCC1=NC2(CCCC2)C(=O)N1Cc1ccc(-c2ccccc2-c2nnn[nH]2)cc1,18.75,-0.2806714757126045
CCCCC1=NC2(CCCC2)C(=O)N1Cc1ccc(-c2ccccc2-c2nnn[nH]2)cc1,25.0,-0.3753707449128217
CCCCC1=NC2(CCCC2)C(=O)N1Cc1ccc(-c2ccccc2-c2nnn[nH]2)cc1,10.0,-0.6536470255493616
CCCCC1=NC2(CCCC2)C(=O)N1Cc1ccc(-c2ccccc2-c2nnn[nH]2)cc1,5.0,-0.910094888560602
O=C1CCc2cc(OCCCCc3nnnn3C3CCCCC3)ccc2N1,200.0,-0.0015771778620036
O=C1CCc2cc(OCCCCc3nnnn3C3CCCCC3)ccc2N1,75.0,-0.1917890270757779
O=C1CCc2cc(OCCCCc3nnnn3C3CCCCC3)ccc2N1,100.0,-0.2039583393821299
O=C1CCc2cc(OCCCCc3nnnn3C3CCCCC3)ccc2N1,50.0,-0.5638055376790639
CC(C)n1nc(-c2cnc(N)nc2-c2ccccc2)ccc1=O,10.0,-2.823932830479671
O=C(O)CCNC(=O)c1ccc(/N=N/c2ccc(O)c(C(=O)O)c2)cc1,3300.0,-0.2063318214633179
O=C(O)CCNC(=O)c1ccc(/N=N/c2ccc(O)c(C(=O)O)c2)cc1,1100.0,-0.3168469716491165
O=C(O)CCNC(=O)c1ccc(/N=N/c2ccc(O)c(C(=O)O)c2)cc1,2250.0,-0.4337590569080671
O=C(O)CCNC(=O)c1ccc(/N=N/c2ccc(O)c(C(=O)O)c2)cc1,1500.0,-0.4876714370529706
COC(=O)[C@H](c1ccccc1Cl)N1CCc2sccc2C1,400.0,1.1487054585660488
COC(=O)[C@H](c1ccccc1Cl)N1CCc2sccc2C1,600.0,1.0090047570603915
COC(=O)[C@H](c1ccccc1Cl)N1CCc2sccc2C1,300.0,1.0032019465216924
COC(=O)[C@H](c1ccccc1Cl)N1CCc2sccc2C1,600.0,0.8960078412226743
COC(=O)[C@H](c1ccccc1Cl)N1CCc2sccc2C1,150.0,0.7089305358066162
COC(=O)[C@H](c1ccccc1Cl)N1CCc2sccc2C1,300.0,0.6148972160331346
COC(=O)[C@H](c1ccccc1Cl)N1CCc2sccc2C1,100.0,0.4885507165004443
COC(=O)[C@H](c1ccccc1Cl)N1CCc2sccc2C1,75.0,0.2151103304927641
COC(=O)[C@H](c1ccccc1Cl)N1CCc2sccc2C1,50.0,0.2013971243204514
COC(=O)[C@H](c1ccccc1Cl)N1CCc2sccc2C1,75.0,0.1008702055868441
COC(=O)[C@H](c1ccccc1Cl)N1CCc2sccc2C1,25.0,-2.6163309189853625
COC(=O)[C@H](c1ccccc1Cl)N1CCc2sccc2C1,75.0,-2.6677393342140827
COC(=O)[C@H](c1ccccc1Cl)N1CCc2sccc2C1,75.0,-2.870304523436747
NC(=O)C1(N)CCN(c2ncnc3c2nc(-c2ccccc2Cl)n3-c2ccc(Cl)cc2)CC1,25.0,-1.3767421623571905
CO[C@@]12CC[C@@]3(C[C@@H]1[C@](C)(O)C(C)(C)C)[C@H]1Cc4ccc(O)c5c4[C@@]3(CCN1CC1CC1)[C@H]2O5,32.0,-1.863279432843593
CO[C@@]12CC[C@@]3(C[C@@H]1[C@](C)(O)C(C)(C)C)[C@H]1Cc4ccc(O)c5c4[C@@]3(CCN1CC1CC1)[C@H]2O5,8.0,-2.234331445240986
CO[C@@]12CC[C@@]3(C[C@@H]1[C@](C)(O)C(C)(C)C)[C@H]1Cc4ccc(O)c5c4[C@@]3(CCN1CC1CC1)[C@H]2O5,16.0,-2.262012673666569
CO[C@@]12CC[C@@]3(C[C@@H]1[C@](C)(O)C(C)(C)C)[C@H]1Cc4ccc(O)c5c4[C@@]3(CCN1CC1CC1)[C@H]2O5,20.0,-2.3142582613977365
CO[C@@]12CC[C@@]3(C[C@@H]1[C@](C)(O)C(C)(C)C)[C@H]1Cc4ccc(O)c5c4[C@@]3(CCN1CC1CC1)[C@H]2O5,4.0,-2.4485500020271247
CO[C@@]12CC[C@@]3(C[C@@H]1[C@](C)(O)C(C)(C)C)[C@H]1Cc4ccc(O)c5c4[C@@]3(CCN1CC1CC1)[C@H]2O5,16.0,-2.460610217927495
CC[C@H]1[C@@H](O)[C@@H]2[C@H](CC[C@]3(C)[C@@H]([C@H](C)CCC(=O)O)CC[C@@H]23)[C@@]2(C)CC[C@@H](O)C[C@@H]12,500.0,-0.0726296369609764
CC[C@H]1[C@@H](O)[C@@H]2[C@H](CC[C@]3(C)[C@@H]([C@H](C)CCC(=O)O)CC[C@@H]23)[C@@]2(C)CC[C@@H](O)C[C@@H]12,250.0,-0.1312967977214632
CC[C@H]1[C@@H](O)[C@@H]2[C@H](CC[C@]3(C)[C@@H]([C@H](C)CCC(=O)O)CC[C@@H]23)[C@@]2(C)CC[C@@H](O)C[C@@H]12,100.0,-0.4616357565652075
CC[C@H]1[C@@H](O)[C@@H]2[C@H](CC[C@]3(C)[C@@H]([C@H](C)CCC(=O)O)CC[C@@H]23)[C@@]2(C)CC[C@@H](O)C[C@@H]12,25.0,-0.8301297172425403
CC[C@H]1[C@@H](O)[C@@H]2[C@H](CC[C@]3(C)[C@@H]([C@H](C)CCC(=O)O)CC[C@@H]23)[C@@]2(C)CC[C@@H](O)C[C@@H]12,50.0,-0.8500115435085239
CC[C@H]1[C@@H](O)[C@@H]2[C@H](CC[C@]3(C)[C@@H]([C@H](C)CCC(=O)O)CC[C@@H]23)[C@@]2(C)CC[C@@H](O)C[C@@H]12,20.0,-1.019996628416254
CC[C@H]1[C@@H](O)[C@@H]2[C@H](CC[C@]3(C)[C@@H]([C@H](C)CCC(=O)O)CC[C@@H]23)[C@@]2(C)CC[C@@H](O)C[C@@H]12,10.0,-1.0743928627198094
CC[C@H]1[C@@H](O)[C@@H]2[C@H](CC[C@]3(C)[C@@H]([C@H](C)CCC(=O)O)CC[C@@H]23)[C@@]2(C)CC[C@@H](O)C[C@@H]12,5.0,-1.1957074409655095
CN1CCN(C2=Nc3cc(Cl)ccc3Nc3ccccc32)CC1,200.0,-0.413412695328245
CN1CCN(C2=Nc3cc(Cl)ccc3Nc3ccccc32)CC1,100.0,-0.4300814503439905
CN1CCN(C2=Nc3cc(Cl)ccc3Nc3ccccc32)CC1,62.5,-0.6303336433462183
CN1CCN(C2=Nc3cc(Cl)ccc3Nc3ccccc32)CC1,50.0,-1.1474183575664476
CN1CCN(C2=Nc3cc(Cl)ccc3Nc3ccccc32)CC1,12.5,-1.5489815478445426
CN1CCN(C2=Nc3cc(Cl)ccc3Nc3ccccc32)CC1,25.0,-1.5871028575315491
CN1CCN(C2=Nc3cc(Cl)ccc3Nc3ccccc32)CC1,10.0,-1.621602099051864
O=C(Cc1ccc(-c2ccc(OCCN3CCOCC3)cc2)cn1)NCc1ccccc1,80.0,-0.5638360249428368
O=C(Cc1ccc(-c2ccc(OCCN3CCOCC3)cc2)cn1)NCc1ccccc1,50.0,-0.6363898125633256
O=C(Cc1ccc(-c2ccc(OCCN3CCOCC3)cc2)cn1)NCc1ccccc1,120.0,-0.661541391107515
O=C(Cc1ccc(-c2ccc(OCCN3CCOCC3)cc2)cn1)NCc1ccccc1,40.0,-1.1518199256682733
Nc1ccc(/N=N/c2ccccc2)c(N)n1,200.0,-1.1946350925335554
CNCCCN1c2ccccc2CCc2ccccc21,100.0,-1.3851027839668664
CNCCCN1c2ccccc2CCc2ccccc21,50.0,-1.6687833215638423
CC(C(=O)O)c1ccc(-c2ccccc2)c(F)c1,200.0,1.1233070710124686
CC(C(=O)O)c1ccc(-c2ccccc2)c(F)c1,100.0,0.9527002116698344
CC(C(=O)O)c1ccc(-c2ccccc2)c(F)c1,50.0,0.8885004209470823
CC(C(=O)O)c1ccc(-c2ccccc2)c(F)c1,12.5,-0.2884711459409585
CCC(=O)N1CC[C@H](Nc2ncnc3c2CN(c2cnc(OC)c(C(F)(F)F)c2)CC3)C1,400.0,1.14921911265538
CCC(=O)N1CC[C@H](Nc2ncnc3c2CN(c2cnc(OC)c(C(F)(F)F)c2)CC3)C1,300.0,0.9903388547876014
CCC(=O)N1CC[C@H](Nc2ncnc3c2CN(c2cnc(OC)c(C(F)(F)F)c2)CC3)C1,200.0,0.8576942577865497
CCC(=O)N1CC[C@H](Nc2ncnc3c2CN(c2cnc(OC)c(C(F)(F)F)c2)CC3)C1,140.0,0.7767011839884109
CCC(=O)N1CC[C@H](Nc2ncnc3c2CN(c2cnc(OC)c(C(F)(F)F)c2)CC3)C1,110.0,0.615318656611479
CCC(=O)N1CC[C@H](Nc2ncnc3c2CN(c2cnc(OC)c(C(F)(F)F)c2)CC3)C1,80.0,0.5472823079633032
CCC(=O)N1CC[C@H](Nc2ncnc3c2CN(c2cnc(OC)c(C(F)(F)F)c2)CC3)C1,70.0,0.445095338203985
CCC(=O)N1CC[C@H](Nc2ncnc3c2CN(c2cnc(OC)c(C(F)(F)F)c2)CC3)C1,40.0,0.1795517911651877
CCC(=O)N1CC[C@H](Nc2ncnc3c2CN(c2cnc(OC)c(C(F)(F)F)c2)CC3)C1,20.0,-0.1023729087095585
CCC(=O)N1CC[C@H](Nc2ncnc3c2CN(c2cnc(OC)c(C(F)(F)F)c2)CC3)C1,10.0,-0.3810558345754461
CN1CC(=O)N2[C@H](c3ccc4c(c3)OCO4)c3[nH]c4ccccc4c3C[C@@H]2C1=O,100.0,0.0639897471525534
CN1CC(=O)N2[C@H](c3ccc4c(c3)OCO4)c3[nH]c4ccccc4c3C[C@@H]2C1=O,40.0,-0.2488571527012947
CN1CC(=O)N2[C@H](c3ccc4c(c3)OCO4)c3[nH]c4ccccc4c3C[C@@H]2C1=O,20.0,-0.3993706382369113
CN1CC(=O)N2[C@H](c3ccc4c(c3)OCO4)c3[nH]c4ccccc4c3C[C@@H]2C1=O,10.0,-0.7489247807283486
CN1CC(=O)N2[C@H](c3ccc4c(c3)OCO4)c3[nH]c4ccccc4c3C[C@@H]2C1=O,5.0,-1.011072857339515
CN1CC(=O)N2[C@H](c3ccc4c(c3)OCO4)c3[nH]c4ccccc4c3C[C@@H]2C1=O,2.5,-1.2873502983727887
CNC1(c2ccccc2Cl)CCCCC1=O,240.0,-1.3963144503853002
CNC1(c2ccccc2Cl)CCCCC1=O,120.0,-1.7316560860489354
CNC1(c2ccccc2Cl)CCCCC1=O,60.0,-1.9665762445130504
O=C1C(CCS(=O)c2ccccc2)C(=O)N(c2ccccc2)N1c1ccccc1,400.0,1.4771212547196624
CC[C@@H]1OC(=O)[C@H](C)[C@@H](O[C@@H]2C[C@](C)(OC)[C@H](O)[C@@H](C)O2)[C@@H](C)[C@@H](O[C@@H]2O[C@H](C)C[C@H](N(C)C)[C@H]2O)[C@](C)(O)C[C@@H](C)CN(C)[C@H](C)[C@@H](O)[C@]1(C)O,500.0,-0.3122475149187519
CC1(C)CC[C@]2(NC(=O)C(C)(F)F)CC[C@]3(C)[C@H](C(=O)C=C4[C@@]5(C)C=C(C#N)C(=O)C(C)(C)[C@@H]5CC[C@]43C)[C@@H]2C1,150.0,-1.10509082781121
CC1(C)CC[C@]2(NC(=O)C(C)(F)F)CC[C@]3(C)[C@H](C(=O)C=C4[C@@]5(C)C=C(C#N)C(=O)C(C)(C)[C@@H]5CC[C@]43C)[C@@H]2C1,100.0,-1.5575202309355514
CC1(C)CC[C@]2(NC(=O)C(C)(F)F)CC[C@]3(C)[C@H](C(=O)C=C4[C@@]5(C)C=C(C#N)C(=O)C(C)(C)[C@@H]5CC[C@]43C)[C@@H]2C1,50.0,-1.6757175447023074
CCN1CCN(Cc2ccc(Nc3ncc(F)c(-c4cc(F)c5nc(C)n(C(C)C)c5c4)n3)nc2)CC1,600.0,-0.5114492834995558
CCN1CCN(Cc2ccc(Nc3ncc(F)c(-c4cc(F)c5nc(C)n(C(C)C)c5c4)n3)nc2)CC1,400.0,-0.7201050199883618
CCN1CCN(Cc2ccc(Nc3ncc(F)c(-c4cc(F)c5nc(C)n(C(C)C)c5c4)n3)nc2)CC1,200.0,-0.7829549587864644
CCN1CCN(Cc2ccc(Nc3ncc(F)c(-c4cc(F)c5nc(C)n(C(C)C)c5c4)n3)nc2)CC1,150.0,-0.9019334097920017
CC(=O)c1c(C)c2cnc(Nc3ccc(N4CCNCC4)cn3)nc2n(C2CCCC2)c1=O,225.0,-0.9431713473621882
CC(=O)c1c(C)c2cnc(Nc3ccc(N4CCNCC4)cn3)nc2n(C2CCCC2)c1=O,150.0,-1.0830199526796178
CC(=O)c1c(C)c2cnc(Nc3ccc(N4CCNCC4)cn3)nc2n(C2CCCC2)c1=O,200.0,-1.1209041204999273
CC(=O)c1c(C)c2cnc(Nc3ccc(N4CCNCC4)cn3)nc2n(C2CCCC2)c1=O,125.0,-1.305334064826643
CC(=O)c1c(C)c2cnc(Nc3ccc(N4CCNCC4)cn3)nc2n(C2CCCC2)c1=O,100.0,-1.3767507096020994
CC(=O)c1c(C)c2cnc(Nc3ccc(N4CCNCC4)cn3)nc2n(C2CCCC2)c1=O,75.0,-1.5528419686577808
CC(=O)c1c(C)c2cnc(Nc3ccc(N4CCNCC4)cn3)nc2n(C2CCCC2)c1=O,50.0,-1.7505570385574205
CC(=O)c1c(C)c2cnc(Nc3ccc(N4CCNCC4)cn3)nc2n(C2CCCC2)c1=O,25.0,-2.0809219076239263
CCCNC(C)C(=O)Nc1ccccc1C,1500.0,-0.9788102641541168
C/C(O)=N/c1nnc(S(N)(=O)=O)s1,500.0,1.2173899309043277
C/C(O)=N/c1nnc(S(N)(=O)=O)s1,250.0,1.0282407296976457
CC(CCc1ccccc1)NCC(O)c1ccc(O)c(C(N)=O)c1,400.0,-0.4248121550723389
CC(CCc1ccccc1)NCC(O)c1ccc(O)c(C(N)=O)c1,300.0,-0.6526816961528293
CC(CCc1ccccc1)NCC(O)c1ccc(O)c(C(N)=O)c1,200.0,-0.7056807680797507
CC(CCc1ccccc1)NCC(O)c1ccc(O)c(C(N)=O)c1,100.0,-1.18111458540599
Cc1cccc(C)c1NC(=O)C(C)N,400.0,0.3636119798921443
Nc1nc(=O)n([C@@H]2CS[C@H](CO)O2)cc1F,400.0,0.6136304349252406
Nc1nc(=O)n([C@@H]2CS[C@H](CO)O2)cc1F,200.0,0.3107058419300654
Nc1nc(=O)n([C@@H]2CS[C@H](CO)O2)cc1F,210.0,0.2041199826559248
Nc1nc(=O)n([C@@H]2CS[C@H](CO)O2)cc1F,100.0,-0.0268721464003014
N#Cc1ccc2[nH]cc(CCCCN3CCN(c4ccc5oc(C(N)=O)cc5c4)CC3)c2c1,80.0,-0.5011474908649018
N#Cc1ccc2[nH]cc(CCCCN3CCN(c4ccc5oc(C(N)=O)cc5c4)CC3)c2c1,60.0,-0.5967078548417458
N#Cc1ccc2[nH]cc(CCCCN3CCN(c4ccc5oc(C(N)=O)cc5c4)CC3)c2c1,40.0,-0.9685136294406836
N#Cc1ccc2[nH]cc(CCCCN3CCN(c4ccc5oc(C(N)=O)cc5c4)CC3)c2c1,20.0,-1.2761340355564963
N#Cc1ccc2[nH]cc(CCCCN3CCN(c4ccc5oc(C(N)=O)cc5c4)CC3)c2c1,10.0,-1.712198270069774
N#Cc1ccc2[nH]cc(CCCCN3CCN(c4ccc5oc(C(N)=O)cc5c4)CC3)c2c1,5.0,-2.2518119729938
N#Cc1ccc2[nH]cc(CCCCN3CCN(c4ccc5oc(C(N)=O)cc5c4)CC3)c2c1,2.5,-2.838631997765025
Clc1ccc(COC(Cn2ccnc2)c2ccc(Cl)cc2Cl)c(Cl)c1,100.0,1.5921767573958667
Clc1ccc(COC(Cn2ccnc2)c2ccc(Cl)cc2Cl)c(Cl)c1,50.0,1.1789769472931697
CCCSc1ccc2[nH]c(NC(=O)OC)nc2c1,1200.0,0.4085960764627827
CCCSc1ccc2[nH]c(NC(=O)OC)nc2c1,1050.0,0.1309766916056171
CCCSc1ccc2[nH]c(NC(=O)OC)nc2c1,800.0,-0.0318440628500295
CCCSc1ccc2[nH]c(NC(=O)OC)nc2c1,400.0,-0.2082253140264049
CCCSc1ccc2[nH]c(NC(=O)OC)nc2c1,200.0,-0.2365720064370627
CCCSc1ccc2[nH]c(NC(=O)OC)nc2c1,25.0,-0.3979400086720376
CC(C)[C@H]1CC[C@H](C(=O)N[C@H](Cc2ccccc2)C(=O)O)CC1,120.0,0.862485040267975
CC(C)[C@H]1CC[C@H](C(=O)N[C@H](Cc2ccccc2)C(=O)O)CC1,90.0,0.6171401880008396
CC(C)[C@H]1CC[C@H](C(=O)N[C@H](Cc2ccccc2)C(=O)O)CC1,60.0,0.4671639659690903
CC(C)[C@H]1CC[C@H](C(=O)N[C@H](Cc2ccccc2)C(=O)O)CC1,30.0,0.331427296520743
NC(=O)O[C@@H](Cn1ncnn1)c1ccccc1Cl,750.0,1.230448921378274
NC(=O)O[C@@H](Cn1ncnn1)c1ccccc1Cl,600.0,1.1238516409670858
NC(=O)O[C@@H](Cn1ncnn1)c1ccccc1Cl,500.0,1.0755469613925308
NC(=O)O[C@@H](Cn1ncnn1)c1ccccc1Cl,400.0,1.0326187608507198
NC(=O)O[C@@H](Cn1ncnn1)c1ccccc1Cl,300.0,0.8564267724702445
NC(=O)O[C@@H](Cn1ncnn1)c1ccccc1Cl,200.0,0.7052933977148916
NC(=O)O[C@@H](Cn1ncnn1)c1ccccc1Cl,150.0,0.6175245348862924
NC(=O)O[C@@H](Cn1ncnn1)c1ccccc1Cl,100.0,0.3838153659804312
NC(=O)O[C@@H](Cn1ncnn1)c1ccccc1Cl,50.0,0.1094660499520925
NC(=O)O[C@@H](Cn1ncnn1)c1ccccc1Cl,25.0,-0.2328441339178195
NC(=O)O[C@@H](Cn1ncnn1)c1ccccc1Cl,10.0,-0.632644078973981
NC(=O)O[C@@H](Cn1ncnn1)c1ccccc1Cl,5.0,-0.9956786262173574
Clc1ccc2nsnc2c1NC1=NCCN1,8.0,-2.0309725790234823
Clc1ccc2nsnc2c1NC1=NCCN1,6.0,-2.2313618987523856
Clc1ccc2nsnc2c1NC1=NCCN1,4.0,-2.373963946892929
Clc1ccc2nsnc2c1NC1=NCCN1,2.0,-2.530809379066772
Clc1ccc2nsnc2c1NC1=NCCN1,1.0,-3.09963287134353
C#C[C@]1(O)CC[C@H]2[C@@H]3CCC4=CC(=O)CC[C@@H]4[C@H]3CC[C@@]21CC,1.5,-1.724746248015724
C#C[C@]1(O)CC[C@H]2[C@@H]3CCC4=CC(=O)CC[C@@H]4[C@H]3CC[C@@]21CC,0.75,-1.9669281107434464
C#C[C@]1(O)CC[C@H]2[C@@H]3CCC4=CC(=O)CC[C@@H]4[C@H]3CC[C@@]21CC,0.25,-2.0688812894078144
C#C[C@]1(O)CC[C@H]2[C@@H]3CCC4=CC(=O)CC[C@@H]4[C@H]3CC[C@@]21CC,0.15,-2.3273015365354395
C#C[C@]1(O)CC[C@H]2[C@@H]3CCC4=CC(=O)CC[C@@H]4[C@H]3CC[C@@]21CC,0.125,-2.337242168318426
C#C[C@]1(O)CC[C@H]2[C@@H]3CCC4=CC(=O)CC[C@@H]4[C@H]3CC[C@@]21CC,0.1,-2.653255945395151
C#C[C@]1(O)CC[C@H]2[C@@H]3CCC4=CC(=O)CC[C@@H]4[C@H]3CC[C@@]21CC,0.03,-3.142064735280571
CC(C)(C#Cc1ccc(-c2ccc(Cl)c3c(NS(C)(=O)=O)nn(CC(F)(F)F)c23)c([C@H](Cc2cc(F)cc(F)c2)N=C(O)Cn2nc(C(F)(F)F)c3c2C(F)(F)[C@@H]2C[C@H]32)n1)S(C)(=O)=O,600.0,-1.1444808443322
CC(C)(C#Cc1ccc(-c2ccc(Cl)c3c(NS(C)(=O)=O)nn(CC(F)(F)F)c23)c([C@H](Cc2cc(F)cc(F)c2)N=C(O)Cn2nc(C(F)(F)F)c3c2C(F)(F)[C@@H]2C[C@H]32)n1)S(C)(=O)=O,300.0,-1.830979033536502
CCCCCNC(=N)N/N=C\c1c[nH]c2ccc(OC)cc12,200.0,-1.360513510731414
CCCCCNC(=N)N/N=C\c1c[nH]c2ccc(OC)cc12,100.0,-1.604498875694374
CCCCCNC(=N)N/N=C\c1c[nH]c2ccc(OC)cc12,50.0,-1.87073988960906
CCCCCNC(=N)N/N=C\c1c[nH]c2ccc(OC)cc12,25.0,-2.0879551703551336
CCCCCNC(=N)N/N=C\c1c[nH]c2ccc(OC)cc12,16.8,-2.2006594505464183
CCCCCNC(=N)N/N=C\c1c[nH]c2ccc(OC)cc12,12.0,-2.349223693264604
CCCCCNC(=N)N/N=C\c1c[nH]c2ccc(OC)cc12,6.0,-2.601842898355732
CCCCCNC(=N)N/N=C\c1c[nH]c2ccc(OC)cc12,4.0,-2.903089986991944
CCCCCNC(=N)N/N=C\c1c[nH]c2ccc(OC)cc12,2.0,-3.096910013008111
CN1C(C(=O)Nc2ccccn2)=C(O)c2ccccc2S1(=O)=O,40.0,0.6283889300503115
CN1C(C(=O)Nc2ccccn2)=C(O)c2ccccc2S1(=O)=O,20.0,0.3550682063488507
O=C(Nc1c(Cl)cncc1Cl)c1ccc(OC(F)F)c(OCC2CC2)c1,5.0,-1.4519793050944692
O=C(Nc1c(Cl)cncc1Cl)c1ccc(OC(F)F)c(OCC2CC2)c1,2.5,-1.7031886072520186
O=C(Nc1c(Cl)cncc1Cl)c1ccc(OC(F)F)c(OCC2CC2)c1,1.0,-1.898356014509687
O=C(Nc1c(Cl)cncc1Cl)c1ccc(OC(F)F)c(OCC2CC2)c1,0.7,-2.0555173278498318
O=C(Nc1c(Cl)cncc1Cl)c1ccc(OC(F)F)c(OCC2CC2)c1,0.0005,-2.0796679284604105
O=C(Nc1c(Cl)cncc1Cl)c1ccc(OC(F)F)c(OCC2CC2)c1,0.5,-2.1232525647726894
O=C(Nc1c(Cl)cncc1Cl)c1ccc(OC(F)F)c(OCC2CC2)c1,0.25,-2.432524663479128
O=C(Nc1c(Cl)cncc1Cl)c1ccc(OC(F)F)c(OCC2CC2)c1,0.125,-2.657643126357553
CC(C)NCC(O)COc1ccc(CC(N)=O)cc1,200.0,0.1445742076096163
CC(C)NCC(O)COc1ccc(CC(N)=O)cc1,100.0,-0.2137662304966435
CC(C)NCC(O)COc1ccc(CC(N)=O)cc1,50.0,-0.445836132730194
CC(C)NCC(O)COc1ccc(CC(N)=O)cc1,25.0,-0.8396315252071517
CC(C)NCC(O)COc1ccc(CC(N)=O)cc1,0.03,-3.458545571252411
C[C@H]1CNCCc2ccc(Cl)cc21,10.0,-1.320390428220244
C[C@H]1CNCCc2ccc(Cl)cc21,20.0,-1.368920637525838
[2H]C([2H])([2H])NC(=O)c1nnc(NC(=O)C2CC2)cc1Nc1cccc(-c2ncn(C)n2)c1OC,24.0,-0.7351821769904636
[2H]C([2H])([2H])NC(=O)c1nnc(NC(=O)C2CC2)cc1Nc1cccc(-c2ncn(C)n2)c1OC,12.0,-0.9725144840777088
[2H]C([2H])([2H])NC(=O)c1nnc(NC(=O)C2CC2)cc1Nc1cccc(-c2ncn(C)n2)c1OC,6.0,-1.4128505017456563
CN1[C@@H]2CCC[C@H]1CC(NC(=O)c1nn(C)c3ccccc13)C2,10.0,-1.5159375449072272
CN1[C@@H]2CCC[C@H]1CC(NC(=O)c1nn(C)c3ccccc13)C2,5.0,-1.7526405775310654
CN1[C@@H]2CCC[C@H]1CC(NC(=O)c1nn(C)c3ccccc13)C2,2.0,-2.010127662770236
CN1[C@@H]2CCC[C@H]1CC(NC(=O)c1nn(C)c3ccccc13)C2,2.5,-2.0534249315132107
CN1[C@@H]2CCC[C@H]1CC(NC(=O)c1nn(C)c3ccccc13)C2,1.0,-2.426354943486628
CC[C@H](Nc1ncnc2[nH]cnc12)c1nc2cccc(F)c2c(=O)n1-c1ccccc1,400.0,0.5250409178151152
CC[C@H](Nc1ncnc2[nH]cnc12)c1nc2cccc(F)c2c(=O)n1-c1ccccc1,350.0,0.456366033129043
CC[C@H](Nc1ncnc2[nH]cnc12)c1nc2cccc(F)c2c(=O)n1-c1ccccc1,150.0,0.2959894419459832
CC[C@H](Nc1ncnc2[nH]cnc12)c1nc2cccc(F)c2c(=O)n1-c1ccccc1,200.0,0.2477278329097231
CC[C@H](Nc1ncnc2[nH]cnc12)c1nc2cccc(F)c2c(=O)n1-c1ccccc1,100.0,0.1750476995261674
CC[C@H](Nc1ncnc2[nH]cnc12)c1nc2cccc(F)c2c(=O)n1-c1ccccc1,50.0,-0.1310618216670887
CCCCc1ncc(/C=C(\Cc2cccs2)C(=O)O)n1Cc1ccc(C(=O)O)cc1,1200.0,0.4448251995097477
CCCCc1ncc(/C=C(\Cc2cccs2)C(=O)O)n1Cc1ccc(C(=O)O)cc1,800.0,0.3353653071672006
CCCCc1ncc(/C=C(\Cc2cccs2)C(=O)O)n1Cc1ccc(C(=O)O)cc1,600.0,0.2543305128653474
CCCCc1ncc(/C=C(\Cc2cccs2)C(=O)O)n1Cc1ccc(C(=O)O)cc1,350.0,0.241790906192365
CCCCc1ncc(/C=C(\Cc2cccs2)C(=O)O)n1Cc1ccc(C(=O)O)cc1,400.0,0.186423147939315
CCCCc1ncc(/C=C(\Cc2cccs2)C(=O)O)n1Cc1ccc(C(=O)O)cc1,300.0,0.0932600070011931
CCCCc1ncc(/C=C(\Cc2cccs2)C(=O)O)n1Cc1ccc(C(=O)O)cc1,50.0,-0.2584544832237905
CCCCc1ncc(/C=C(\Cc2cccs2)C(=O)O)n1Cc1ccc(C(=O)O)cc1,200.0,-0.3233061937506247
CCCCc1ncc(/C=C(\Cc2cccs2)C(=O)O)n1Cc1ccc(C(=O)O)cc1,70.0,-0.3351700588569095
CCCCc1ncc(/C=C(\Cc2cccs2)C(=O)O)n1Cc1ccc(C(=O)O)cc1,100.0,-0.357791795449548
CCCCc1ncc(/C=C(\Cc2cccs2)C(=O)O)n1Cc1ccc(C(=O)O)cc1,30.0,-0.4788764511604007
CCCCc1ncc(/C=C(\Cc2cccs2)C(=O)O)n1Cc1ccc(C(=O)O)cc1,10.0,-1.0164488828422311
CCCCc1ncc(/C=C(\Cc2cccs2)C(=O)O)n1Cc1ccc(C(=O)O)cc1,3.0,-1.344861565188618
CCCCc1ncc(/C=C(\Cc2cccs2)C(=O)O)n1Cc1ccc(C(=O)O)cc1,1.0,-1.5353614409049672
CC(=O)C1CC[C@H]2[C@@H]3CC[C@H]4C[C@](C)(O)CC[C@]4(C)[C@H]3CC[C@]12C,2000.0,-0.8086258462501518
CC(=O)C1CC[C@H]2[C@@H]3CC[C@H]4C[C@](C)(O)CC[C@]4(C)[C@H]3CC[C@]12C,1000.0,-0.9375684468373878
CC(=O)C1CC[C@H]2[C@@H]3CC[C@H]4C[C@](C)(O)CC[C@]4(C)[C@H]3CC[C@]12C,800.0,-1.0536214337424117
CC(=O)C1CC[C@H]2[C@@H]3CC[C@H]4C[C@](C)(O)CC[C@]4(C)[C@H]3CC[C@]12C,300.0,-1.099086932262331
CC(=O)C1CC[C@H]2[C@@H]3CC[C@H]4C[C@](C)(O)CC[C@]4(C)[C@H]3CC[C@]12C,400.0,-1.2285962696955934
O=C1C[C@@]2(C(=O)N1)C(=O)N(Cc1ccc(Br)cc1F)C(=O)c1cccn12,40.0,0.5050214805277738
O=C(Nc1ncc([N+](=O)[O-])s1)c1ccccc1O,500.0,1.0253058683376086
CO/N=C(\C(=O)N[C@@H]1C(=O)N2C(C(=O)OC(C)OC(C)=O)=C(COC(N)=O)CS[C@H]12)c1ccco1,1500.0,1.130333768495006
CO/N=C(\C(=O)N[C@@H]1C(=O)N2C(C(=O)OC(C)OC(C)=O)=C(COC(N)=O)CS[C@H]12)c1ccco1,1000.0,1.1123580127499737
CO/N=C(\C(=O)N[C@@H]1C(=O)N2C(C(=O)OC(C)OC(C)=O)=C(COC(N)=O)CS[C@H]12)c1ccco1,750.0,0.8692317197309762
CO/N=C(\C(=O)N[C@@H]1C(=O)N2C(C(=O)OC(C)OC(C)=O)=C(COC(N)=O)CS[C@H]12)c1ccco1,500.0,0.8096943587169237
CO/N=C(\C(=O)N[C@@H]1C(=O)N2C(C(=O)OC(C)OC(C)=O)=C(COC(N)=O)CS[C@H]12)c1ccco1,250.0,0.5979692752258079
CO/N=C(\C(=O)N[C@@H]1C(=O)N2C(C(=O)OC(C)OC(C)=O)=C(COC(N)=O)CS[C@H]12)c1ccco1,125.0,0.3422816532249602
COc1cc2c(cc1OC)[C@H](CC(O)c1ccc(C(F)(F)F)cc1)N([C@@H](C(N)=O)c1ccccc1)CC2,200.0,-1.667612422178498
C#C[C@]1(O)C=C[C@H]2[C@@H]3CCC4=CC(=O)CC[C@@H]4[C@H]3CC[C@@]21CC,0.075,-1.913640169325252
CC1Cc2ccccc2N1NC(=O)c1ccc(Cl)c(S(N)(=O)=O)c1,5.0,-0.6135991407923888
CC1Cc2ccccc2N1NC(=O)c1ccc(Cl)c(S(N)(=O)=O)c1,2.5,-0.8996294548824371
CC1Cc2ccccc2N1NC(=O)c1ccc(Cl)c(S(N)(=O)=O)c1,1.5,-1.4052392474135376
CCOc1ccc(Cc2cc([C@@H]3O[C@H](SC)[C@@H](O)[C@H](O)[C@H]3O)ccc2Cl)cc1,2000.0,-0.5376020021010439
CCOc1ccc(Cc2cc([C@@H]3O[C@H](SC)[C@@H](O)[C@H](O)[C@H]3O)ccc2Cl)cc1,800.0,-0.8569851997459049
CCOc1ccc(Cc2cc([C@@H]3O[C@H](SC)[C@@H](O)[C@H](O)[C@H]3O)ccc2Cl)cc1,400.0,-1.06832423760215
CCOc1ccc(Cc2cc([C@@H]3O[C@H](SC)[C@@H](O)[C@H](O)[C@H]3O)ccc2Cl)cc1,200.0,-1.193820026016113
O=C(O)c1ccc(-n2nc(-c3ccccc3O)nc2-c2ccccc2O)cc1,1400.0,1.5330726600488125
O=C(O)c1ccc(-n2nc(-c3ccccc3O)nc2-c2ccccc2O)cc1,360.0,1.3202865260377796
N#Cc1c(N2C[C@@H]3NCCO[C@H]3C2)c(F)cc2c(=O)c(C(=O)O)cn(C3CC3)c12,200.0,0.3995006613146105
CO[C@H]1[C@@H](O)C[C@H](O[C@H]2[C@@H](O)C[C@H](O[C@H]3[C@@H](O)C[C@H](O[C@H]4CC[C@@]5(C)[C@H](CC[C@@H]6[C@@H]5C[C@@H](O)[C@]5(C)[C@@H](C7=CC(=O)OC7)CC[C@]65O)C4)O[C@@H]3C)O[C@@H]2C)O[C@@H]1C,0.2,-2.6020599913279625
COc1ccc2c(C(=S)N(C)CC(=O)O)cccc2c1C(F)(F)F,200.0,1.0492180226701815
CCc1ccc(CCOc2ccc(CC3SC(=O)NC3=O)cc2)nc1,45.0,0.0678397671692915
CCc1ccc(CCOc2ccc(CC3SC(=O)NC3=O)cc2)nc1,30.0,-0.046255054147855
CCc1ccc(CCOc2ccc(CC3SC(=O)NC3=O)cc2)nc1,15.0,-0.3256533391621457
CCc1ccc(CCOc2ccc(CC3SC(=O)NC3=O)cc2)nc1,1.0,-1.3972167870529424
CC1(C)CCC(C)(C)c2cc(Cn3cccn3)c(/C=C/c3ccc(C(=O)O)cc3)cc21,50.0,-0.4891869894875039
CC1(C)CCC(C)(C)c2cc(Cn3cccn3)c(/C=C/c3ccc(C(=O)O)cc3)cc21,25.0,-0.7544873321858502
CC1(C)CCC(C)(C)c2cc(Cn3cccn3)c(/C=C/c3ccc(C(=O)O)cc3)cc21,20.0,-0.8298640637675486
CC1(C)CCC(C)(C)c2cc(Cn3cccn3)c(/C=C/c3ccc(C(=O)O)cc3)cc21,10.0,-1.1070154492892834
CC1(C)CCC(C)(C)c2cc(Cn3cccn3)c(/C=C/c3ccc(C(=O)O)cc3)cc21,5.0,-1.4527724373389133
CC1(C)CCC(C)(C)c2cc(Cn3cccn3)c(/C=C/c3ccc(C(=O)O)cc3)cc21,1.0,-2.002613615602687
CC1(C)CCC(C)(C)c2cc(Cn3cccn3)c(/C=C/c3ccc(C(=O)O)cc3)cc21,0.5,-2.4609239012072237
CC1(C)CCC(C)(C)c2cc(Cn3cccn3)c(/C=C/c3ccc(C(=O)O)cc3)cc21,0.4,-2.677780705266081
CC1(C)CCC(C)(C)c2cc(Cn3cccn3)c(/C=C/c3ccc(C(=O)O)cc3)cc21,0.2,-2.7695510786217263
CC1(C)CCC(C)(C)c2cc(Cn3cccn3)c(/C=C/c3ccc(C(=O)O)cc3)cc21,0.1,-3.0043648054024503
CC1(C)CCC(C)(C)c2cc(Cn3cccn3)c(/C=C/c3ccc(C(=O)O)cc3)cc21,0.02,-3.886056647693164
CCOc1noc2cc(OCCC3CCN(c4ccc(C)nn4)CC3)ccc12,400.0,0.2764615186417623
CO[C@@H]1[C@H](OC(=O)N[C@@H](C(N)=O)C(C)(C)O)CC[C@]2(CO2)[C@H]1[C@@]1(C)O[C@@H]1CC=C(C)C,15.0,-2.7695398739686325
CO/N=C(\C(=O)N[C@@H]1C(=O)N2C(C(=O)OCOC(=O)C(C)(C)C)=C(/C=C\c3scnc3C)CS[C@H]12)c1csc(N)n1,400.0,0.4906606533561368
CO/N=C(\C(=O)N[C@@H]1C(=O)N2C(C(=O)OCOC(=O)C(C)(C)C)=C(/C=C\c3scnc3C)CS[C@H]12)c1csc(N)n1,200.0,0.384839645893677
O=C(O)CCCO,4500.0,1.9987688691966572
O=C(O)CCCO,3750.0,1.9670797341444968
O=C(O)CCCO,3250.0,1.9661417327390327
O=C(O)CCCO,3000.0,1.938250228126638
O=C(O)CCCO,4000.0,1.924795995797912
O=C(O)CCCO,2500.0,1.8149131812750736
O=C(O)CCCO,2250.0,1.7366620446156418
O=C(O)CCCO,1750.0,1.731971898714756
NCCCC[C@H](N[C@@H](CCc1ccccc1)C(=O)O)C(=O)N1CCC[C@H]1C(=O)O,80.0,-0.583359492661719
NCCCC[C@H](N[C@@H](CCc1ccccc1)C(=O)O)C(=O)N1CCC[C@H]1C(=O)O,40.0,-0.862691111150462
NCCCC[C@H](N[C@@H](CCc1ccccc1)C(=O)O)C(=O)N1CCC[C@H]1C(=O)O,30.0,-0.9018063741367116
NCCCC[C@H](N[C@@H](CCc1ccccc1)C(=O)O)C(=O)N1CCC[C@H]1C(=O)O,20.0,-1.1206883926070756
NCCCC[C@H](N[C@@H](CCc1ccccc1)C(=O)O)C(=O)N1CCC[C@H]1C(=O)O,14.0,-1.321481620959886
NCCCC[C@H](N[C@@H](CCc1ccccc1)C(=O)O)C(=O)N1CCC[C@H]1C(=O)O,10.0,-1.412663265492745
NCCCC[C@H](N[C@@H](CCc1ccccc1)C(=O)O)C(=O)N1CCC[C@H]1C(=O)O,5.0,-1.5435125028841763
NCCCC[C@H](N[C@@H](CCc1ccccc1)C(=O)O)C(=O)N1CCC[C@H]1C(=O)O,7.0,-1.679853713888946
NCCCC[C@H](N[C@@H](CCc1ccccc1)C(=O)O)C(=O)N1CCC[C@H]1C(=O)O,2.5,-1.975104039892515
NCCCC[C@H](N[C@@H](CCc1ccccc1)C(=O)O)C(=O)N1CCC[C@H]1C(=O)O,1.5,-2.3279021420642825
Cc1ccc(N(CC2=NCCN2)c2cccc(O)c2)cc1,40.0,-1.812479279163537
O=C(NC1CCN(CCc2c[nH]c3ccccc23)CC1)c1ccccc1,50.0,-1.6833308700288443
Cn1ncnc1[C@H]1c2n[nH]c(=O)c3cc(F)cc(c23)N[C@@H]1c1ccc(F)cc1,1.0,-1.8096683018297115
Cn1ncnc1[C@H]1c2n[nH]c(=O)c3cc(F)cc(c23)N[C@@H]1c1ccc(F)cc1,0.5,-2.846947724932891
CC(=O)O[C@]1(C(C)=O)CC[C@H]2[C@@H]3C=C(C)C4=CC(=O)CC[C@]4(C)[C@H]3CC[C@@]21C,650.0,0.2471013490839615
CC(=O)O[C@]1(C(C)=O)CC[C@H]2[C@@H]3C=C(C)C4=CC(=O)CC[C@]4(C)[C@H]3CC[C@@]21C,628.0,0.1809855807867304
CC(=O)O[C@]1(C(C)=O)CC[C@H]2[C@@H]3C=C(C)C4=CC(=O)CC[C@]4(C)[C@H]3CC[C@@]21C,625.0,0.1809615321733283
CC(=O)O[C@]1(C(C)=O)CC[C@H]2[C@@H]3C=C(C)C4=CC(=O)CC[C@]4(C)[C@H]3CC[C@@]21C,575.0,0.152570500428102
CC(=O)O[C@]1(C(C)=O)CC[C@H]2[C@@H]3C=C(C)C4=CC(=O)CC[C@]4(C)[C@H]3CC[C@@]21C,675.0,0.1453994646211494
CC(=O)O[C@]1(C(C)=O)CC[C@H]2[C@@H]3C=C(C)C4=CC(=O)CC[C@]4(C)[C@H]3CC[C@@]21C,800.0,0.1398035503575809
CC(=O)O[C@]1(C(C)=O)CC[C@H]2[C@@H]3C=C(C)C4=CC(=O)CC[C@]4(C)[C@H]3CC[C@@]21C,450.0,0.0073209529227445
CC(=O)O[C@]1(C(C)=O)CC[C@H]2[C@@H]3C=C(C)C4=CC(=O)CC[C@]4(C)[C@H]3CC[C@@]21C,375.0,-0.0535339792709606
CC(=O)O[C@]1(C(C)=O)CC[C@H]2[C@@H]3C=C(C)C4=CC(=O)CC[C@]4(C)[C@H]3CC[C@@]21C,250.0,-0.2093630380682967
CC(=O)O[C@]1(C(C)=O)CC[C@H]2[C@@H]3C=C(C)C4=CC(=O)CC[C@]4(C)[C@H]3CC[C@@]21C,150.0,-0.4028535121663048
CC(=O)O[C@]1(C(C)=O)CC[C@H]2[C@@H]3C=C(C)C4=CC(=O)CC[C@]4(C)[C@H]3CC[C@@]21C,40.0,-0.9706162223147904
O=C1CN(/N=C/c2ccc([N+](=O)[O-])o2)C(=O)N1,100.0,-0.1316495003520316
O=C1CN(/N=C/c2ccc([N+](=O)[O-])o2)C(=O)N1,25.0,-0.4355725192571809
O=P(O)(O)C(O)(Cc1cccnc1)P(=O)(O)O,35.0,-1.7530074351634817
O=P(O)(O)C(O)(Cc1cccnc1)P(=O)(O)O,30.0,-2.4527220137833488
O=P(O)(O)C(O)(Cc1cccnc1)P(=O)(O)O,10.0,-2.5012301183178742
O=P(O)(O)C(O)(Cc1cccnc1)P(=O)(O)O,6.25,-2.8312079796858183
O=P(O)(O)C(O)(Cc1cccnc1)P(=O)(O)O,5.0,-2.833966652700868
O=P(O)(O)C(O)(Cc1cccnc1)P(=O)(O)O,2.5,-3.0746879085003505
CC(C)/N=c1\cc2n(-c3ccc(Cl)cc3)c3ccccc3nc-2cc1Nc1ccc(Cl)cc1,100.0,-0.8827287043442358
CC(C)/N=c1\cc2n(-c3ccc(Cl)cc3)c3ccccc3nc-2cc1Nc1ccc(Cl)cc1,50.0,-1.1438755557576996
CCOC(=O)C(C)(C)Oc1ccc(Cl)cc1,500.0,1.683992086445554
CCn1cc(C(=O)O)c(=O)c2cc(F)c(N3CCNCC3)nc21,1600.0,0.9084850188786496
CCn1cc(C(=O)O)c(=O)c2cc(F)c(N3CCNCC3)nc21,1000.0,0.7781512503836436
CCn1cc(C(=O)O)c(=O)c2cc(F)c(N3CCNCC3)nc21,800.0,0.6732052817790453
CCn1cc(C(=O)O)c(=O)c2cc(F)c(N3CCNCC3)nc21,600.0,0.6222140229662954
CCn1cc(C(=O)O)c(=O)c2cc(F)c(N3CCNCC3)nc21,400.0,0.3931153890583936
CCn1cc(C(=O)O)c(=O)c2cc(F)c(N3CCNCC3)nc21,200.0,0.1461280356782379
CC1=NN(c2ccccc2)C(=O)C1,200.0,0.7096373724619515
CC1=NN(c2ccccc2)C(=O)C1,105.0,0.6283480533519046
CC1=NN(c2ccccc2)C(=O)C1,100.0,0.5918434112247846
Cc1ncc(C[n+]2csc(CCO)c2C)c(N)n1,200.0,-1.9721409558244247
O=C1CN=C(c2ccccn2)c2cc(Br)ccc2N1,6.0,-1.0803336540405537
O=C1CN=C(c2ccccn2)c2cc(Br)ccc2N1,3.0,-1.384400610035564
CO[C@@H]1[C@H](OC(=O)N[C@@H](C(N)=O)C(C)C)CC[C@]2(CO2)[C@H]1[C@@]1(C)O[C@@H]1C[C@@H]1OC1(C)C,15.0,-1.4711060583774231
O=C(OCCN1CCOCC1)c1cccnc1Nc1cccc(C(F)(F)F)c1,700.0,-0.0148408317581336
COc1cnc(-n2cnc(C)n2)c2c1c(C(=O)C(=O)N1CCN(C(=O)c3ccccc3)CC1)cn2COP(=O)(O)O,1800.0,1.0019715579918609
COc1cnc(-n2cnc(C)n2)c2c1c(C(=O)C(=O)N1CCN(C(=O)c3ccccc3)CC1)cn2COP(=O)(O)O,1200.0,0.5946606850783573
COc1cnc(-n2cnc(C)n2)c2c1c(C(=O)C(=O)N1CCN(C(=O)c3ccccc3)CC1)cn2COP(=O)(O)O,800.0,0.5490032620257879
COc1cnc(-n2cnc(C)n2)c2c1c(C(=O)C(=O)N1CCN(C(=O)c3ccccc3)CC1)cn2COP(=O)(O)O,725.0,0.2479732663618066
COc1cnc(-n2cnc(C)n2)c2c1c(C(=O)C(=O)N1CCN(C(=O)c3ccccc3)CC1)cn2COP(=O)(O)O,600.0,0.1777940733209027
COc1cnc(-n2cnc(C)n2)c2c1c(C(=O)C(=O)N1CCN(C(=O)c3ccccc3)CC1)cn2COP(=O)(O)O,400.0,0.143014800254095
CCOc1cc([C@@H](CS(C)(=O)=O)N2C(=O)c3cccc(NC(C)=O)c3C2=O)ccc1OC,40.0,-0.4337000266975054
CCOc1cc([C@@H](CS(C)(=O)=O)N2C(=O)c3cccc(NC(C)=O)c3C2=O)ccc1OC,30.0,-0.5181387268119266
CCOc1cc([C@@H](CS(C)(=O)=O)N2C(=O)c3cccc(NC(C)=O)c3C2=O)ccc1OC,20.0,-0.7063732548640762
CCOC(=O)[C@H](CCc1ccccc1)N[C@H]1CCc2ccccc2N(CC(=O)O)C1=O,24.5,-0.5355104525660287
CCOC(=O)[C@H](CCc1ccccc1)N[C@H]1CCc2ccccc2N(CC(=O)O)C1=O,21.0,-0.6938967912724148
CCOC(=O)[C@H](CCc1ccccc1)N[C@H]1CCc2ccccc2N(CC(=O)O)C1=O,10.0,-0.8136451386007657
O=C(O)Cc1ccccc1Nc1c(Cl)cccc1Cl,150.0,0.5730178046869319
O=C(O)Cc1ccccc1Nc1c(Cl)cccc1Cl,75.0,0.3010299956639812
O=C(O)Cc1ccccc1Nc1c(Cl)cccc1Cl,100.0,0.2680634635037023
O=C(O)Cc1ccccc1Nc1c(Cl)cccc1Cl,75.0,0.241708146016902
O=C(O)Cc1ccccc1Nc1c(Cl)cccc1Cl,50.0,0.1074938173166568
O=C(O)Cc1ccccc1Nc1c(Cl)cccc1Cl,50.0,0.0537347249705168
O=C(O)Cc1ccccc1Nc1c(Cl)cccc1Cl,25.0,0.017323403805032
O=C(O)Cc1ccccc1Nc1c(Cl)cccc1Cl,35.0,-0.0764839846974972
O=C(O)Cc1ccccc1Nc1c(Cl)cccc1Cl,25.0,-0.085450182045632
O=C(O)Cc1ccccc1Nc1c(Cl)cccc1Cl,50.0,-0.222824594978983
O=C(O)Cc1ccccc1Nc1c(Cl)cccc1Cl,18.0,-0.3046934775681973
O=C(O)Cc1ccccc1Nc1c(Cl)cccc1Cl,12.5,-0.4762535331884355
O=C1[C@@H]2[C@H]3CC[C@H](C3)[C@@H]2C(=O)N1C[C@@H]1CCCC[C@H]1CN1CCN(c2nsc3ccccc23)CC1,120.0,-0.3709983807130083
O=C1[C@@H]2[C@H]3CC[C@H](C3)[C@@H]2C(=O)N1C[C@@H]1CCCC[C@H]1CN1CCN(c2nsc3ccccc23)CC1,160.0,-0.3982767173869992
O=C1[C@@H]2[C@H]3CC[C@H](C3)[C@@H]2C(=O)N1C[C@@H]1CCCC[C@H]1CN1CCN(c2nsc3ccccc23)CC1,80.0,-1.1547335927251203
O=C1[C@@H]2[C@H]3CC[C@H](C3)[C@@H]2C(=O)N1C[C@@H]1CCCC[C@H]1CN1CCN(c2nsc3ccccc23)CC1,60.0,-1.1806535159195473
O=C1[C@@H]2[C@H]3CC[C@H](C3)[C@@H]2C(=O)N1C[C@@H]1CCCC[C@H]1CN1CCN(c2nsc3ccccc23)CC1,40.0,-1.3539745729962889
O=C1[C@@H]2[C@H]3CC[C@H](C3)[C@@H]2C(=O)N1C[C@@H]1CCCC[C@H]1CN1CCN(c2nsc3ccccc23)CC1,20.0,-1.4423725115731747
O=C1[C@@H]2[C@H]3CC[C@H](C3)[C@@H]2C(=O)N1C[C@@H]1CCCC[C@H]1CN1CCN(c2nsc3ccccc23)CC1,10.0,-1.5977386175453216
Nc1ccncc1N,80.0,-0.5858626378155234
Nc1ccncc1N,70.0,-0.623423042943488
Nc1ccncc1N,60.0,-0.6910800444771084
Nc1ccncc1N,30.0,-1.2002460335881142
Nc1ccncc1N,30.0,-1.265600257479433
Nc1ccncc1N,20.0,-1.3187587626244128
Nc1ccncc1N,20.0,-1.349935438822319
Nc1ccncc1N,10.0,-1.6028076209828137
Nc1ccncc1N,10.0,-1.6028076209828137
Nc1ccncc1N,5.0,-1.747146969020107
Nc1ccncc1N,5.0,-1.747146969020107
CN(C)C/C=C/C(=O)Nc1cc2c(Nc3ccc(F)c(Cl)c3)ncnc2cc1O[C@H]1CCOC1,50.0,-1.2762160630346706
CN(C)C/C=C/C(=O)Nc1cc2c(Nc3ccc(F)c(Cl)c3)ncnc2cc1O[C@H]1CCOC1,40.0,-1.5394558892784058
CN(C)C/C=C/C(=O)Nc1cc2c(Nc3ccc(F)c(Cl)c3)ncnc2cc1O[C@H]1CCOC1,30.0,-1.6223598980260268
CN(C)C/C=C/C(=O)Nc1cc2c(Nc3ccc(F)c(Cl)c3)ncnc2cc1O[C@H]1CCOC1,20.0,-2.0340330635754267
COc1cc([C@H]2Oc3cc([C@H]4Oc5cc(O)cc(O)c5C(=O)[C@@H]4O)ccc3O[C@@H]2CO)ccc1O,700.0,-0.2365727426417118
COc1cc([C@H]2Oc3cc([C@H]4Oc5cc(O)cc(O)c5C(=O)[C@@H]4O)ccc3O[C@@H]2CO)ccc1O,140.0,-1.4056389431943022
CN(C)CCCN1c2ccccc2CCc2ccccc21,100.0,-1.401241669157026
CN(C)CCCN1c2ccccc2CCc2ccccc21,75.0,-1.4632364522254966
CN(C)CCCN1c2ccccc2CCc2ccccc21,50.0,-1.6441507810204992
C=C1CC[C@@]2(O)[C@H]3Cc4ccc(O)c5c4[C@@]2(CCN3CC2CC2)[C@H]1O5,300.0,-0.7520267336381934
C=C1CC[C@@]2(O)[C@H]3Cc4ccc(O)c5c4[C@@]2(CCN3CC2CC2)[C@H]1O5,50.0,-1.614393726401688
C=C1CC[C@@]2(O)[C@H]3Cc4ccc(O)c5c4[C@@]2(CCN3CC2CC2)[C@H]1O5,20.0,-1.6587633767613077
C=C1CC[C@@]2(O)[C@H]3Cc4ccc(O)c5c4[C@@]2(CCN3CC2CC2)[C@H]1O5,18.0,-1.712198270069774
C=C1CC[C@@]2(O)[C@H]3Cc4ccc(O)c5c4[C@@]2(CCN3CC2CC2)[C@H]1O5,18.06,-1.7825160557860935
C=C1CC[C@@]2(O)[C@H]3Cc4ccc(O)c5c4[C@@]2(CCN3CC2CC2)[C@H]1O5,2.0,-2.240332155310369
C=C1CC[C@@]2(O)[C@H]3Cc4ccc(O)c5c4[C@@]2(CCN3CC2CC2)[C@H]1O5,1.0,-2.500312917381596
C=C1CC[C@@]2(O)[C@H]3Cc4ccc(O)c5c4[C@@]2(CCN3CC2CC2)[C@H]1O5,0.5,-2.752026733638193
CCCC(CCC)C(=O)O,750.0,2.079422453763852
CCCC(CCC)C(=O)O,1000.0,2.031408464251624
CCCC(CCC)C(=O)O,1750.0,2.014940349792937
CCCC(CCC)C(=O)O,600.0,1.916453948549925
CCCC(CCC)C(=O)O,500.0,1.7306369483672648
CCCC(CCC)C(=O)O,500.0,1.7163372878895486
CCCC(CCC)C(=O)O,500.0,1.5849136897530858
CCCC(CCC)C(=O)O,250.0,1.386778118528717
CCCC(CCC)C(=O)O,200.0,1.3071561207735032
COc1cccc(-c2c(C)n(Cc3c(F)cccc3C(F)(F)F)c(=O)n(C[C@H](NCCCC(=O)O)c3ccccc3)c2=O)c1F,1200.0,1.1215270164553788
COc1cccc(-c2c(C)n(Cc3c(F)cccc3C(F)(F)F)c(=O)n(C[C@H](NCCCC(=O)O)c3ccccc3)c2=O)c1F,900.0,0.953856298224986
COc1cccc(-c2c(C)n(Cc3c(F)cccc3C(F)(F)F)c(=O)n(C[C@H](NCCCC(=O)O)c3ccccc3)c2=O)c1F,600.0,0.7008767083769036
COc1cccc(-c2c(C)n(Cc3c(F)cccc3C(F)(F)F)c(=O)n(C[C@H](NCCCC(=O)O)c3ccccc3)c2=O)c1F,300.0,0.170764468083057
COc1cccc(-c2c(C)n(Cc3c(F)cccc3C(F)(F)F)c(=O)n(C[C@H](NCCCC(=O)O)c3ccccc3)c2=O)c1F,200.0,-0.1277281415551552
COc1cccc(-c2c(C)n(Cc3c(F)cccc3C(F)(F)F)c(=O)n(C[C@H](NCCCC(=O)O)c3ccccc3)c2=O)c1F,150.0,-0.2543897005525909
Cc1cnc(C(=O)O)c[n+]1[O-],250.0,0.48572142648158
CC1COc2c(N3CCN(C)CC3)c(F)cc3c(=O)c(C(=O)O)cn1c23,300.0,0.6627578316815741
CC1COc2c(N3CCN(C)CC3)c(F)cc3c(=O)c(C(=O)O)cn1c23,400.0,0.6334684555795865
CC1COc2c(N3CCN(C)CC3)c(F)cc3c(=O)c(C(=O)O)cn1c23,200.0,0.3536277589855434
CC1COc2c(N3CCN(C)CC3)c(F)cc3c(=O)c(C(=O)O)cn1c23,100.0,0.0043213737826425
COC(=O)CC[C@@H]1N=C(c2ccccn2)c2cc(Br)ccc2-n2c(C)cnc21,480.0,-1.0319842860063582
COC(=O)CC[C@@H]1N=C(c2ccccn2)c2cc(Br)ccc2-n2c(C)cnc21,240.0,-1.2358238676096691
COC(=O)CC[C@@H]1N=C(c2ccccn2)c2cc(Br)ccc2-n2c(C)cnc21,140.0,-1.4329736338409396
COC(=O)CC[C@@H]1N=C(c2ccccn2)c2cc(Br)ccc2-n2c(C)cnc21,60.0,-1.790484985457369
CCCCCCCCCCCCCCCCCCCCCCO,3000.0,-3.4559319556497243
CC(=O)N(CC(O)CO)c1c(I)c(C(=O)NCC(O)CO)c(I)c(C(=O)NCC(O)CO)c1I,113.0,0.8750612633917001
Cc1nc(-c2ccc(OCC(C)C)c(C#N)c2)sc1C(=O)O,300.0,1.153814864344529
Cc1nc(-c2ccc(OCC(C)C)c(C#N)c2)sc1C(=O)O,240.0,1.0515383905153275
Cc1nc(-c2ccc(OCC(C)C)c(C#N)c2)sc1C(=O)O,120.0,0.7253654572176598
Cc1nc(-c2ccc(OCC(C)C)c(C#N)c2)sc1C(=O)O,80.0,0.3435712099818441
Cc1nc(-c2ccc(OCC(C)C)c(C#N)c2)sc1C(=O)O,40.0,0.266418690074821
Cc1nc(-c2ccc(OCC(C)C)c(C#N)c2)sc1C(=O)O,20.0,-0.081655071037725
CN1CCC(=C2c3ccccc3CC(=O)c3sccc32)CC1,2.0,-3.1831789227936707
CN1CCC(=C2c3ccccc3CC(=O)c3sccc32)CC1,1.0,-3.251811972993877
CCOC(=O)[C@H](CCc1ccccc1)N[C@@H](C)C(=O)N1CCC[C@H]1C(=O)O,40.0,-0.8774837703083974
CCOC(=O)[C@H](CCc1ccccc1)N[C@@H](C)C(=O)N1CCC[C@H]1C(=O)O,20.0,-1.1742429318522931
CCOC(=O)[C@H](CCc1ccccc1)N[C@@H](C)C(=O)N1CCC[C@H]1C(=O)O,10.0,-1.2939883841775262
CCOC(=O)[C@H](CCc1ccccc1)N[C@@H](C)C(=O)N1CCC[C@H]1C(=O)O,5.0,-1.8177484322395008
COc1c(/C=C/c2ccc(NS(C)(=O)=O)cc2)cc(-n2ccc(=O)[nH]c2=O)cc1C(C)(C)C,320.0,-0.3133643601970785
COc1c(/C=C/c2ccc(NS(C)(=O)=O)cc2)cc(-n2ccc(=O)[nH]c2=O)cc1C(C)(C)C,160.0,-0.4449058536133226
COc1c(/C=C/c2ccc(NS(C)(=O)=O)cc2)cc(-n2ccc(=O)[nH]c2=O)cc1C(C)(C)C,80.0,-0.7447247675359115
CC(C)CN(C[C@@H](OP(=O)(O)O)[C@H](Cc1ccccc1)NC(=O)O[C@H]1CCOC1)S(=O)(=O)c1ccc(N)cc1,1860.0,0.8998205024270963
CC(C)CN(C[C@@H](OP(=O)(O)O)[C@H](Cc1ccccc1)NC(=O)O[C@H]1CCOC1)S(=O)(=O)c1ccc(N)cc1,1656.0,0.885361220031512
CC(C)CN(C[C@@H](OP(=O)(O)O)[C@H](Cc1ccccc1)NC(=O)O[C@H]1CCOC1)S(=O)(=O)c1ccc(N)cc1,600.0,0.8552161947333633
CC(C)CN(C[C@@H](OP(=O)(O)O)[C@H](Cc1ccccc1)NC(=O)O[C@H]1CCOC1)S(=O)(=O)c1ccc(N)cc1,2592.0,0.795184589682424
CC(C)CN(C[C@@H](OP(=O)(O)O)[C@H](Cc1ccccc1)NC(=O)O[C@H]1CCOC1)S(=O)(=O)c1ccc(N)cc1,700.0,0.7213983755215054
CC(C)CN(C[C@@H](OP(=O)(O)O)[C@H](Cc1ccccc1)NC(=O)O[C@H]1CCOC1)S(=O)(=O)c1ccc(N)cc1,1395.0,0.7052933977148916
CC(C)CN(C[C@@H](OP(=O)(O)O)[C@H](Cc1ccccc1)NC(=O)O[C@H]1CCOC1)S(=O)(=O)c1ccc(N)cc1,1728.0,0.6249692707921742
CC(C)CN(C[C@@H](OP(=O)(O)O)[C@H](Cc1ccccc1)NC(=O)O[C@H]1CCOC1)S(=O)(=O)c1ccc(N)cc1,1400.0,0.6212373940641536
CN(C)c1ccc(O)c2c1C[C@H]1C[C@H]3[C@H](N(C)C)C(O)=C(C(N)=O)C(=O)[C@@]3(O)C(O)=C1C2=O,200.0,0.5386897157762733
CN(C)c1ccc(O)c2c1C[C@H]1C[C@H]3[C@H](N(C)C)C(O)=C(C(N)=O)C(=O)[C@@]3(O)C(O)=C1C2=O,150.0,0.2540644529143379
CN(C)c1ccc(O)c2c1C[C@H]1C[C@H]3[C@H](N(C)C)C(O)=C(C(N)=O)C(=O)[C@@]3(O)C(O)=C1C2=O,100.0,0.1130509760260952
CN(C)c1ccc(O)c2c1C[C@H]1C[C@H]3[C@H](N(C)C)C(O)=C(C(N)=O)C(=O)[C@@]3(O)C(O)=C1C2=O,90.0,0.0891197685818047
CN(C)c1ccc(O)c2c1C[C@H]1C[C@H]3[C@H](N(C)C)C(O)=C(C(N)=O)C(=O)[C@@]3(O)C(O)=C1C2=O,70.0,-0.0587982492186718
CN(C)c1ccc(O)c2c1C[C@H]1C[C@H]3[C@H](N(C)C)C(O)=C(C(N)=O)C(=O)[C@@]3(O)C(O)=C1C2=O,45.0,-0.5266444330171397
C[C@@H](NCCCc1cccc(C(F)(F)F)c1)c1cccc2ccccc12,100.0,-1.5044556624535514
C[C@@H](NCCCc1cccc(C(F)(F)F)c1)c1cccc2ccccc12,90.0,-1.5103251902152428
C[C@@H](NCCCc1cccc(C(F)(F)F)c1)c1cccc2ccccc12,75.0,-1.602059991327964
C[C@@H](NCCCc1cccc(C(F)(F)F)c1)c1cccc2ccccc12,60.0,-1.635047190139121
C[C@@H](NCCCc1cccc(C(F)(F)F)c1)c1cccc2ccccc12,50.0,-1.759825304980725
C[C@@H](NCCCc1cccc(C(F)(F)F)c1)c1cccc2ccccc12,30.0,-2.311580177997289
C[C@@H](NCCCc1cccc(C(F)(F)F)c1)c1cccc2ccccc12,17.5,-2.607942891396635
CN[C@H]1CC[C@@H](c2ccc(Cl)c(Cl)c2)c2ccccc21,150.0,-1.2513469065757328
CN[C@H]1CC[C@@H](c2ccc(Cl)c(Cl)c2)c2ccccc21,100.0,-1.5116451675324214
CN[C@H]1CC[C@@H](c2ccc(Cl)c(Cl)c2)c2ccccc21,50.0,-1.7715334075799405
CN[C@H]1CC[C@@H](c2ccc(Cl)c(Cl)c2)c2ccccc21,25.0,-2.161150909262745
CCO[C@H]1O[C@@H]2O[C@@]3(C)CC[C@H]4[C@H](C)CC[C@@H]([C@H]1C)[C@@]24OO3,150.0,-1.3027595113636845
CC[P](CC)(CC)[Au]S[C@@H]1O[C@H](COC(C)=O)[C@@H](OC(C)=O)[C@H](OC(C)=O)[C@H]1OC(C)=O,6.0,-1.1278437272517072
N[C@@H](Cc1cc(I)c(Oc2ccc(O)c(I)c2)c(I)c1)C(=O)O,0.1,-2.0973898114359844
Cc1nnc2n1-c1ccc(Cl)cc1C(c1ccccc1)=NC2,10.0,-1.0549008700005449
Cc1nnc2n1-c1ccc(Cl)cc1C(c1ccccc1)=NC2,8.0,-1.202040356262804
Cc1nnc2n1-c1ccc(Cl)cc1C(c1ccccc1)=NC2,6.0,-1.3583276267753135
Cc1nnc2n1-c1ccc(Cl)cc1C(c1ccccc1)=NC2,4.0,-1.5016894462103996
Cc1nnc2n1-c1ccc(Cl)cc1C(c1ccccc1)=NC2,2.0,-1.5072279740850738
Cc1nnc2n1-c1ccc(Cl)cc1C(c1ccccc1)=NC2,0.48,-1.570247719997592
Cc1nnc2n1-c1ccc(Cl)cc1C(c1ccccc1)=NC2,3.0,-1.5797141150580822
Cc1nnc2n1-c1ccc(Cl)cc1C(c1ccccc1)=NC2,1.75,-1.6478174818886375
Cc1nnc2n1-c1ccc(Cl)cc1C(c1ccccc1)=NC2,1.5,-1.7721132953863266
Cc1nnc2n1-c1ccc(Cl)cc1C(c1ccccc1)=NC2,0.62,-1.812479279163537
Cc1nnc2n1-c1ccc(Cl)cc1C(c1ccccc1)=NC2,0.8,-1.8907070792038407
Cc1nnc2n1-c1ccc(Cl)cc1C(c1ccccc1)=NC2,1.0,-1.9649742528767224
Cc1nnc2n1-c1ccc(Cl)cc1C(c1ccccc1)=NC2,0.5,-2.2260690835896537
O=c1[nH]c2ccccc2n1CCN1CCN(c2cccc(C(F)(F)F)c2)CC1,250.0,-0.0851281824599496
O=c1[nH]c2ccccc2n1CCN1CCN(c2cccc(C(F)(F)F)c2)CC1,200.0,-0.1706962271689751
O=c1[nH]c2ccccc2n1CCN1CCN(c2cccc(C(F)(F)F)c2)CC1,150.0,-0.2827623431457882
O=c1[nH]c2ccccc2n1CCN1CCN(c2cccc(C(F)(F)F)c2)CC1,100.0,-0.3907682295807156
O=c1[nH]c2ccccc2n1CCN1CCN(c2cccc(C(F)(F)F)c2)CC1,50.0,-0.5822021517812
O=c1[nH]c2ccccc2n1CCN1CCN(c2cccc(C(F)(F)F)c2)CC1,25.0,-0.774790156049478
O=c1[nH]c2ccccc2n1CCN1CCN(c2cccc(C(F)(F)F)c2)CC1,20.0,-1.12930354201075
O=c1[nH]c2ccccc2n1CCN1CCN(c2cccc(C(F)(F)F)c2)CC1,10.0,-1.4341521813264824
O=c1[nH]c2ccccc2n1CCN1CCN(c2cccc(C(F)(F)F)c2)CC1,5.0,-1.6903698325741012
O=c1[nH]c2ccccc2n1CCN1CCN(c2cccc(C(F)(F)F)c2)CC1,2.0,-1.978810700930062
O=c1[nH]c2ccccc2n1CCN1CCN(c2cccc(C(F)(F)F)c2)CC1,0.5,-2.5850266520291822
O=c1[nH]c2ccccc2n1CCN1CCN(c2cccc(C(F)(F)F)c2)CC1,0.1,-2.853871964321762
C[C@@H](O[C@H]1OCCN(Cc2nc(=O)n(P(=O)(O)O)[nH]2)[C@H]1c1ccc(F)cc1)c1cc(C(F)(F)F)cc(C(F)(F)F)c1,210.0,0.3479151865016913
C[C@@H](O[C@H]1OCCN(Cc2nc(=O)n(P(=O)(O)O)[nH]2)[C@H]1c1ccc(F)cc1)c1cc(C(F)(F)F)cc(C(F)(F)F)c1,150.0,0.1172712956557642
N[14CH2][C@H]1OB(O)c2c(OCCCO)cccc21,1500.0,1.596773764212658
NC[C@H]1O[C@H](O[C@@H]2[C@@H](O)[C@H](O[C@H]3O[C@H](CO)[C@@H](O)[C@H](N)[C@H]3O)[C@@H](N)C[C@H]2N)[C@H](N)C[C@@H]1O,170.0,0.041392685158225
NC(=O)c1ncn([C@@H]2O[C@H](CO)[C@@H](O)[C@H]2O)c1O,840.0,0.9822712330395684
NC(=O)c1ncn([C@@H]2O[C@H](CO)[C@@H](O)[C@H]2O)c1O,630.0,0.8195439355418687
NC(=O)c1ncn([C@@H]2O[C@H](CO)[C@@H](O)[C@H]2O)c1O,420.0,0.6744018128452818
NC(=O)c1ncn([C@@H]2O[C@H](CO)[C@@H](O)[C@H]2O)c1O,210.0,0.4313637641589873
COC(=O)C(c1ccccc1)C1CCCCN1,90.0,-1.4111682744057927
COC(=O)C(c1ccccc1)C1CCCCN1,144.0,-1.4129898579068467
COC(=O)C(c1ccccc1)C1CCCCN1,108.0,-1.5609832716124887
COC(=O)C(c1ccccc1)C1CCCCN1,54.0,-1.6049649819713705
COC(=O)C(c1ccccc1)C1CCCCN1,60.0,-1.6313744735509166
COC(=O)C(c1ccccc1)C1CCCCN1,50.0,-1.6736641390712486
COC(=O)C(c1ccccc1)C1CCCCN1,51.8,-1.6966496364908743
COC(=O)C(c1ccccc1)C1CCCCN1,54.0,-1.7285557515297505
COC(=O)C(c1ccccc1)C1CCCCN1,30.0,-1.7328282715969865
COC(=O)C(c1ccccc1)C1CCCCN1,60.0,-1.7594507517174005
COC(=O)C(c1ccccc1)C1CCCCN1,30.0,-1.7701134707541106
COC(=O)C(c1ccccc1)C1CCCCN1,40.0,-1.8438735743933252
COC(=O)C(c1ccccc1)C1CCCCN1,40.0,-1.875956560783644
COC(=O)C(c1ccccc1)C1CCCCN1,36.0,-1.8794260687941504
COC(=O)C(c1ccccc1)C1CCCCN1,21.0,-1.911031573056648
COC(=O)C(c1ccccc1)C1CCCCN1,20.0,-1.933674074637962
COC(=O)C(c1ccccc1)C1CCCCN1,36.0,-1.9374180157718368
COC(=O)C(c1ccccc1)C1CCCCN1,20.0,-1.970951091861652
COC(=O)C(c1ccccc1)C1CCCCN1,25.0,-1.9913998282380825
COC(=O)C(c1ccccc1)C1CCCCN1,15.0,-1.9946049681132936
COC(=O)C(c1ccccc1)C1CCCCN1,18.0,-2.014932966849499
COC(=O)C(c1ccccc1)C1CCCCN1,10.0,-2.0629968494909354
COC(=O)C(c1ccccc1)C1CCCCN1,18.0,-2.1917139869923257
COC(=O)C(c1ccccc1)C1CCCCN1,10.0,-2.218244625347531
COC(=O)C(c1ccccc1)C1CCCCN1,5.0,-2.3767507096021
COC(=O)C(c1ccccc1)C1CCCCN1,5.0,-2.4881166390211256
Nc1ccc(O)c(C(=O)O)c1,4000.0,0.9289808338026034
Nc1ccc(O)c(C(=O)O)c1,3600.0,0.8543060418010806
Nc1ccc(O)c(C(=O)O)c1,1500.0,0.4281509987444454
Nc1ccc(O)c(C(=O)O)c1,1250.0,0.3983220197558772
Nc1ccc(O)c(C(=O)O)c1,2400.0,0.3585968813998488
Nc1ccc(O)c(C(=O)O)c1,1200.0,0.3122049698178536
Nc1ccc(O)c(C(=O)O)c1,1000.0,0.1378072391248728
Nc1ccc(O)c(C(=O)O)c1,750.0,0.1216911303075766
Nc1ccc(O)c(C(=O)O)c1,800.0,0.1108152293718142
Nc1ccc(O)c(C(=O)O)c1,500.0,0.075621691061016
Nc1ccc(O)c(C(=O)O)c1,400.0,-0.7452600330688751
Nc1ccc(O)c(C(=O)O)c1,250.0,-0.8073953814174514
CCCCC1C(=O)N(c2ccccc2)N(c2ccccc2)C1=O,800.0,2.087781417809542
CCCCC1C(=O)N(c2ccccc2)N(c2ccccc2)C1=O,600.0,1.8762178405916423
CCCCC1C(=O)N(c2ccccc2)N(c2ccccc2)C1=O,300.0,1.6248490936375195
CCCCC1C(=O)N(c2ccccc2)N(c2ccccc2)C1=O,200.0,1.525563058270067
CCCCC1C(=O)N(c2ccccc2)N(c2ccccc2)C1=O,100.0,1.23946632295603
Nc1nc(CC(=O)N[14c]2[14cH][14cH][14c](CCNC[C@H](O)c3ccccc3)[14cH][14cH]2)cs1,160.0,-0.06907398251844
Nc1nc(=O)[nH]cc1F,2000.0,1.5440680443502757
Cc1occc(=O)c1O,60.0,0.8750366526737485
CCOC(=O)[C@@H](N)Cc1ccc(-c2cc(O[C@H](c3ccc(Cl)cc3-n3ccc(C)n3)C(F)(F)F)nc(N)n2)cc1,1500.0,-0.1583298343781252
CCOC(=O)[C@@H](N)Cc1ccc(-c2cc(O[C@H](c3ccc(Cl)cc3-n3ccc(C)n3)C(F)(F)F)nc(N)n2)cc1,500.0,-0.4409529008664256
CCOC(=O)[C@@H](N)Cc1ccc(-c2cc(O[C@H](c3ccc(Cl)cc3-n3ccc(C)n3)C(F)(F)F)nc(N)n2)cc1,250.0,-0.653932134272933
CCOC(=O)[C@@H](N)Cc1ccc(-c2cc(O[C@H](c3ccc(Cl)cc3-n3ccc(C)n3)C(F)(F)F)nc(N)n2)cc1,100.0,-0.8833922560117515
CCOC(=O)[C@@H](N)Cc1ccc(-c2cc(O[C@H](c3ccc(Cl)cc3-n3ccc(C)n3)C(F)(F)F)nc(N)n2)cc1,50.0,-1.0619809025237896
C=CCN1CCCC1CNC(=O)c1cc2nn[nH]c2cc1OC,100.0,-0.0783135245163979
COC(=O)c1ccc2c(c1)NC(=O)/C2=C(\Nc1ccc(N(C)C(=O)CN2CCN(C)CC2)cc1)c1ccccc1,450.0,-1.1186153432294272
COC(=O)c1ccc2c(c1)NC(=O)/C2=C(\Nc1ccc(N(C)C(=O)CN2CCN(C)CC2)cc1)c1ccccc1,300.0,-1.2251182341812037
COC(=O)c1ccc2c(c1)NC(=O)/C2=C(\Nc1ccc(N(C)C(=O)CN2CCN(C)CC2)cc1)c1ccccc1,200.0,-1.4412914294668342
COC(=O)c1ccc2c(c1)NC(=O)/C2=C(\Nc1ccc(N(C)C(=O)CN2CCN(C)CC2)cc1)c1ccccc1,150.0,-1.781660274574012
COC(=O)c1ccc2c(c1)NC(=O)/C2=C(\Nc1ccc(N(C)C(=O)CN2CCN(C)CC2)cc1)c1ccccc1,100.0,-1.8777841217271731
COC(=O)c1ccc2c(c1)NC(=O)/C2=C(\Nc1ccc(N(C)C(=O)CN2CCN(C)CC2)cc1)c1ccccc1,90.3,-2.0741724253752576
COC(=O)c1ccc2c(c1)NC(=O)/C2=C(\Nc1ccc(N(C)C(=O)CN2CCN(C)CC2)cc1)c1ccccc1,50.0,-2.2742925014252333
COc1cc2c(cc1OC)[C@H](CCc1ccc(C(F)(F)F)cc1)NCC2,200.0,-1.1295975737830013
COc1ccc2[nH]c(S(=O)Cc3ncc(C)c(OC)c3C)nc2c1,40.0,0.0265332645232967
COc1ccc2[nH]c(S(=O)Cc3ncc(C)c(OC)c3C)nc2c1,40.0,-0.1332963821215471
COc1ccc2[nH]c(S(=O)Cc3ncc(C)c(OC)c3C)nc2c1,30.0,-0.220042948753094
COc1ccc2[nH]c(S(=O)Cc3ncc(C)c(OC)c3C)nc2c1,20.0,-0.2863881570019606
COc1ccc2[nH]c(S(=O)Cc3ncc(C)c(OC)c3C)nc2c1,20.0,-0.4948914217813137
COc1ccc2[nH]c(S(=O)Cc3ncc(C)c(OC)c3C)nc2c1,20.0,-0.551718909493878
COc1ccc2[nH]c(S(=O)Cc3ncc(C)c(OC)c3C)nc2c1,10.0,-0.9392659699474464
COc1ccc2[nH]c(S(=O)Cc3ncc(C)c(OC)c3C)nc2c1,2.0,-1.8643903639713209
COc1ccc2[nH]c(S(=O)Cc3ncc(C)c(OC)c3C)nc2c1,0.1,-2.487983030503887
CNC(=O)c1ccc(N2C(=S)N(c3ccc(C#N)c(C(F)(F)F)c3)C(=O)C2(C)C)cc1F,160.0,0.5822317593783022
CNC(=O)c1ccc(N2C(=S)N(c3ccc(C#N)c(C(F)(F)F)c3)C(=O)C2(C)C)cc1F,150.0,0.5263392773898441
CNC(=O)c1ccc(N2C(=S)N(c3ccc(C#N)c(C(F)(F)F)c3)C(=O)C2(C)C)cc1F,60.0,0.2278867046136735
CNC(=O)c1ccc(N2C(=S)N(c3ccc(C#N)c(C(F)(F)F)c3)C(=O)C2(C)C)cc1F,30.0,-0.3565473235138126
CCCCNc1cc(C(=O)O)cc(S(N)(=O)=O)c1Oc1ccccc1,2.0,-1.2736803878892249
CCCCNc1cc(C(=O)O)cc(S(N)(=O)=O)c1Oc1ccccc1,0.5,-1.8664610916297824
C[C@H](O)[C@H](O)[C@H]1CNc2[nH]c(N)nc(=O)c2N1,700.0,-1.0241088635982072
Cc1cnc(NC(=O)C2=C(O)c3ccccc3S(=O)(=O)N2C)s1,100.0,0.7767011839884109
Cc1cnc(NC(=O)C2=C(O)c3ccccc3S(=O)(=O)N2C)s1,60.0,0.6821450763738317
Cc1cnc(NC(=O)C2=C(O)c3ccccc3S(=O)(=O)N2C)s1,50.0,0.3222192947339193
Cc1cnc(NC(=O)C2=C(O)c3ccccc3S(=O)(=O)N2C)s1,30.0,0.220108088040055
Cc1cnc(NC(=O)C2=C(O)c3ccccc3S(=O)(=O)N2C)s1,15.0,0.1976476881378032
Cc1cnc(NC(=O)C2=C(O)c3ccccc3S(=O)(=O)N2C)s1,22.5,0.1875207208364631
Cc1cnc(NC(=O)C2=C(O)c3ccccc3S(=O)(=O)N2C)s1,12.0,0.136326398555224
Cc1cnc(NC(=O)C2=C(O)c3ccccc3S(=O)(=O)N2C)s1,10.0,0.0611304087498866
Cc1cnc(NC(=O)C2=C(O)c3ccccc3S(=O)(=O)N2C)s1,20.0,0.041392685158225
Cc1cnc(NC(=O)C2=C(O)c3ccccc3S(=O)(=O)N2C)s1,7.5,-0.0802783891036599
Cc1cnc(NC(=O)C2=C(O)c3ccccc3S(=O)(=O)N2C)s1,6.0,-0.1189578918065944
Cc1cnc(NC(=O)C2=C(O)c3ccccc3S(=O)(=O)N2C)s1,5.0,-0.1921958198313616
CC/C=C\C/C=C\C/C=C\C/C=C\C/C=C\CCCC(=O)OCC,2000.0,1.8254261177678237
CCC(=O)N(c1ccccc1)C1CCN(CCc2ccccc2)CC1,7.7,-1.6575773191777938
CCC(=O)N(c1ccccc1)C1CCN(CCc2ccccc2)CC1,3.99,-2.0
CCC(=O)N(c1ccccc1)C1CCN(CCc2ccccc2)CC1,1.364,-2.270295378687818
CCC(=O)N(c1ccccc1)C1CCN(CCc2ccccc2)CC1,1.125,-2.3925449767853317
CCC(=O)N(c1ccccc1)C1CCN(CCc2ccccc2)CC1,1.295,-2.408935392973501
CCC(=O)N(c1ccccc1)C1CCN(CCc2ccccc2)CC1,1.057,-2.440691989093
CCC(=O)N(c1ccccc1)C1CCN(CCc2ccccc2)CC1,1.215,-2.449771646944906
CCC(=O)N(c1ccccc1)C1CCN(CCc2ccccc2)CC1,1.329,-2.468521082957745
CCC(=O)N(c1ccccc1)C1CCN(CCc2ccccc2)CC1,0.99,-2.468521082957745
CCC(=O)N(c1ccccc1)C1CCN(CCc2ccccc2)CC1,0.6,-2.480172006224281
CCC(=O)N(c1ccccc1)C1CCN(CCc2ccccc2)CC1,1.056,-2.494850021680094
CCC(=O)N(c1ccccc1)C1CCN(CCc2ccccc2)CC1,0.7,-2.567030709125594
CCC(=O)N(c1ccccc1)C1CCN(CCc2ccccc2)CC1,1.14,-2.575118363368933
CCC(=O)N(c1ccccc1)C1CCN(CCc2ccccc2)CC1,1.139,-2.5850266520291822
CCC(=O)N(c1ccccc1)C1CCN(CCc2ccccc2)CC1,1.035,-2.593459819566045
CCC(=O)N(c1ccccc1)C1CCN(CCc2ccccc2)CC1,1.6,-2.597910649427903
CCC(=O)N(c1ccccc1)C1CCN(CCc2ccccc2)CC1,1.05,-2.652019843121666
CCC(=O)N(c1ccccc1)C1CCN(CCc2ccccc2)CC1,1.08,-2.657577319177794
CCC(=O)N(c1ccccc1)C1CCN(CCc2ccccc2)CC1,1.2,-2.659555885159881
CCC(=O)N(c1ccccc1)C1CCN(CCc2ccccc2)CC1,1.155,-2.701543902120592
CCC(=O)N(c1ccccc1)C1CCN(CCc2ccccc2)CC1,0.609,-2.703334809738469
CCC(=O)N(c1ccccc1)C1CCN(CCc2ccccc2)CC1,1.085,-2.7361273231347765
CCC(=O)N(c1ccccc1)C1CCN(CCc2ccccc2)CC1,0.669,-2.7878123955960423
CCC(=O)N(c1ccccc1)C1CCN(CCc2ccccc2)CC1,1.1452,-2.7884790027597703
CCC(=O)N(c1ccccc1)C1CCN(CCc2ccccc2)CC1,1.154,-2.8013429130455774
CCC(=O)N(c1ccccc1)C1CCN(CCc2ccccc2)CC1,1.2012,-2.8428455600937186
CCC(=O)N(c1ccccc1)C1CCN(CCc2ccccc2)CC1,0.8,-2.893094630472182
CCC(=O)N(c1ccccc1)C1CCN(CCc2ccccc2)CC1,0.6,-2.958248542015209
CCC(=O)N(c1ccccc1)C1CCN(CCc2ccccc2)CC1,0.546,-3.0
CCC(=O)N(c1ccccc1)C1CCN(CCc2ccccc2)CC1,0.8,-3.0087739243075053
CCC(=O)N(c1ccccc1)C1CCN(CCc2ccccc2)CC1,0.4,-3.202386269846924
CCC(=O)N(c1ccccc1)C1CCN(CCc2ccccc2)CC1,0.2,-3.396055573387975
CCOC(=O)C1=C(COCCN)NC(C)=C(C(=O)OC)[C@@H]1c1ccccc1Cl,5.0,-2.542622803476105
CC(O)(CS(=O)(=O)c1ccc(F)cc1)C(=O)Nc1ccc(C#N)c(C(F)(F)F)c1,150.0,0.1554878621412814
CC(O)(CS(=O)(=O)c1ccc(F)cc1)C(=O)Nc1ccc(C#N)c(C(F)(F)F)c1,70.0,-0.0705810742857072
CC(O)(CS(=O)(=O)c1ccc(F)cc1)C(=O)Nc1ccc(C#N)c(C(F)(F)F)c1,50.0,-0.0830554442963088
CC(O)(CS(=O)(=O)c1ccc(F)cc1)C(=O)Nc1ccc(C#N)c(C(F)(F)F)c1,30.0,-0.2219935385764916
CC(O)(CS(=O)(=O)c1ccc(F)cc1)C(=O)Nc1ccc(C#N)c(C(F)(F)F)c1,10.0,-0.648783654660658
O=C(c1ccc(OCCN2CCCCC2)cc1)c1c(-c2ccc(O)cc2)sc2cc(O)ccc12,111.42,-3.070581074285707
O=C(c1ccc(OCCN2CCCCC2)cc1)c1c(-c2ccc(O)cc2)sc2cc(O)ccc12,120.0,-3.077348672668699
O=C(c1ccc(OCCN2CCCCC2)cc1)c1c(-c2ccc(O)cc2)sc2cc(O)ccc12,60.0,-3.373618496473596
CC(C)(C)c1cc(C(C)(C)C)c(NC(=O)c2c[nH]c3ccccc3c2=O)cc1O,800.0,0.3682868849021309
CC(C)(C)c1cc(C(C)(C)C)c(NC(=O)c2c[nH]c3ccccc3c2=O)cc1O,675.0,0.3636119798921443
CC(C)(C)c1cc(C(C)(C)C)c(NC(=O)c2c[nH]c3ccccc3c2=O)cc1O,500.0,0.35665675193585
CC(C)(C)c1cc(C(C)(C)C)c(NC(=O)c2c[nH]c3ccccc3c2=O)cc1O,375.0,0.3545885878772409
CC(C)(C)c1cc(C(C)(C)C)c(NC(=O)c2c[nH]c3ccccc3c2=O)cc1O,450.0,0.331427296520743
CC(C)(C)c1cc(C(C)(C)C)c(NC(=O)c2c[nH]c3ccccc3c2=O)cc1O,275.0,0.2888079474834785
CC(C)(C)c1cc(C(C)(C)C)c(NC(=O)c2c[nH]c3ccccc3c2=O)cc1O,200.0,0.0913151596972228
CC(C)(C)c1cc(C(C)(C)C)c(NC(=O)c2c[nH]c3ccccc3c2=O)cc1O,150.0,-0.1346136822685374
CC(C)(C)c1cc(C(C)(C)C)c(NC(=O)c2c[nH]c3ccccc3c2=O)cc1O,100.0,-0.3070649974688623
CC(C)(C)c1cc(C(C)(C)C)c(NC(=O)c2c[nH]c3ccccc3c2=O)cc1O,50.0,-0.5883802940367698
CC(C)(C)c1cc(C(C)(C)C)c(NC(=O)c2c[nH]c3ccccc3c2=O)cc1O,25.0,-0.6209968104773622
CCCS(=O)(=O)Nc1ccc(F)c(C(=O)c2c[nH]c3ncc(-c4ccc(Cl)cc4)cc23)c1F,960.0,0.7636117470192798
CCCS(=O)(=O)Nc1ccc(F)c(C(=O)c2c[nH]c3ncc(-c4ccc(Cl)cc4)cc23)c1F,720.0,0.5045388218845747
CCCS(=O)(=O)Nc1ccc(F)c(C(=O)c2c[nH]c3ncc(-c4ccc(Cl)cc4)cc23)c1F,480.0,0.414973347970818
CCCS(=O)(=O)Nc1ccc(F)c(C(=O)c2c[nH]c3ncc(-c4ccc(Cl)cc4)cc23)c1F,240.0,0.2787536009528289
CC(C)Nc1nc2cc(Cl)c(Cl)cc2n1[C@H]1O[C@@H](CO)[C@H](O)[C@@H]1O,1600.0,1.6885088076565211
CC(C)Nc1nc2cc(Cl)c(Cl)cc2n1[C@H]1O[C@@H](CO)[C@H](O)[C@@H]1O,900.0,1.548585942592136
CC(C)Nc1nc2cc(Cl)c(Cl)cc2n1[C@H]1O[C@@H](CO)[C@H](O)[C@@H]1O,1200.0,1.5315427791821987
CC(C)Nc1nc2cc(Cl)c(Cl)cc2n1[C@H]1O[C@@H](CO)[C@H](O)[C@@H]1O,600.0,1.4850254302045671
CC(C)Nc1nc2cc(Cl)c(Cl)cc2n1[C@H]1O[C@@H](CO)[C@H](O)[C@@H]1O,800.0,1.4214393902200495
CC(C)Nc1nc2cc(Cl)c(Cl)cc2n1[C@H]1O[C@@H](CO)[C@H](O)[C@@H]1O,400.0,1.210236177411063
CC(C)Nc1nc2cc(Cl)c(Cl)cc2n1[C@H]1O[C@@H](CO)[C@H](O)[C@@H]1O,200.0,0.9980325391229556
CC(C)Nc1nc2cc(Cl)c(Cl)cc2n1[C@H]1O[C@@H](CO)[C@H](O)[C@@H]1O,100.0,0.6982419511639362
CC(C)Nc1nc2cc(Cl)c(Cl)cc2n1[C@H]1O[C@@H](CO)[C@H](O)[C@@H]1O,50.0,0.424881636631067
CCN(CC)Cc1cc(Nc2ccnc3cc(Cl)ccc23)ccc1O,700.0,-0.5450789546598492
CCN(CC)Cc1cc(Nc2ccnc3cc(Cl)ccc23)ccc1O,612.0,-0.8009747434462284
CCN(CC)Cc1cc(Nc2ccnc3cc(Cl)ccc23)ccc1O,540.0,-1.0789827567928432
CCN(CC)Cc1cc(Nc2ccnc3cc(Cl)ccc23)ccc1O,400.0,-1.486782399932061
CCN(CCO)CCCC(C)Nc1ccnc2cc(Cl)ccc12,200.0,-0.8157873273596826
C=C1/C(=C\C=C2/CCC[C@]3(C)[C@@H]([C@H](C)CCCC(C)(C)O)CC[C@@H]23)C[C@@H](O)C[C@@H]1O,0.005,-3.573488738635425
C=C1/C(=C\C=C2/CCC[C@]3(C)[C@@H]([C@H](C)CCCC(C)(C)O)CC[C@@H]23)C[C@@H](O)C[C@@H]1O,0.006,-3.8091082830778302
C=C1/C(=C\C=C2/CCC[C@]3(C)[C@@H]([C@H](C)CCCC(C)(C)O)CC[C@@H]23)C[C@@H](O)C[C@@H]1O,0.002,-3.9077473451048506
C=C1/C(=C\C=C2/CCC[C@]3(C)[C@@H]([C@H](C)CCCC(C)(C)O)CC[C@@H]23)C[C@@H](O)C[C@@H]1O,0.001,-4.154901959985743
C=C1/C(=C\C=C2/CCC[C@]3(C)[C@@H]([C@H](C)CCCC(C)(C)O)CC[C@@H]23)C[C@@H](O)C[C@@H]1O,0.00025,-4.314258261397736
COc1ccc(C(=O)N2CCN(c3ccc4c(c3)CCC(=O)N4)CC2)cc1OC,60.0,0.3344537511509309
NC(=O)CCC/N=C(\c1ccc(Cl)cc1)c1cc(F)ccc1O,600.0,0.074999186064199
CC(C)Oc1ccc(-c2nc(-c3cccc4c3CC[C@@H]4NCCO)no2)cc1C#N,1.0,-3.595166283380062
O=C(c1ccc(F)c(F)c1Nc1ccc(I)cc1F)N1CC(O)([C@@H]2CCCCN2)C1,100.0,-0.5909126305521649
O=C(c1ccc(F)c(F)c1Nc1ccc(I)cc1F)N1CC(O)([C@@H]2CCCCN2)C1,60.0,-0.6660751699689275
O=C(c1ccc(F)c(F)c1Nc1ccc(I)cc1F)N1CC(O)([C@@H]2CCCCN2)C1,80.0,-0.7372642203335136
O=C(c1ccc(F)c(F)c1Nc1ccc(I)cc1F)N1CC(O)([C@@H]2CCCCN2)C1,70.0,-0.8210230527068306
O=C(c1ccc(F)c(F)c1Nc1ccc(I)cc1F)N1CC(O)([C@@H]2CCCCN2)C1,40.0,-1.1435732275297557
O=C(c1ccc(F)c(F)c1Nc1ccc(I)cc1F)N1CC(O)([C@@H]2CCCCN2)C1,14.0,-1.7399286120149275
O=C(c1ccc(F)c(F)c1Nc1ccc(I)cc1F)N1CC(O)([C@@H]2CCCCN2)C1,10.0,-1.7439239896130938
O=C(c1ccc(F)c(F)c1Nc1ccc(I)cc1F)N1CC(O)([C@@H]2CCCCN2)C1,20.0,-1.8181564120552276
O=C(c1ccc(F)c(F)c1Nc1ccc(I)cc1F)N1CC(O)([C@@H]2CCCCN2)C1,7.0,-2.160521952625808
O=C(c1ccc(F)c(F)c1Nc1ccc(I)cc1F)N1CC(O)([C@@H]2CCCCN2)C1,3.5,-2.346305204684918
Nc1ccc(C(=O)O)c(O)c1,10500.0,1.7520484478194385
Nc1ccc(C(=O)O)c(O)c1,5250.0,1.657055852857104
Nc1ccc(C(=O)O)c(O)c1,4000.0,1.226170123398999
CN(C)CC/C=C1/c2ccccc2COc2ccccc21,137.5,-1.214670164989233
CN(C)CC/C=C1/c2ccccc2COc2ccccc21,75.0,-1.9208187539523789
Clc1cccc(Cl)c1NC1=NCCN1,0.6,-2.625251653989896
Clc1cccc(Cl)c1NC1=NCCN1,0.2,-3.266281252517492
Clc1cccc(Cl)c1NC1=NCCN1,0.5,-3.339134521996131
Clc1cccc(Cl)c1NC1=NCCN1,0.075,-3.408935392973501
Clc1cccc(Cl)c1NC1=NCCN1,0.1,-3.4602909762824363
CC(C)(C(=O)c1cccnc1)c1cccnc1,2000.0,0.8633228601204559
CC(C)(C(=O)c1cccnc1)c1cccnc1,750.0,0.568201724066995
CN1CC[C@]23c4c5ccc(O)c4O[C@H]2C(=O)CC[C@H]3[C@H]1C5,64.0,-2.195451691611944
CN1CC[C@]23c4c5ccc(O)c4O[C@H]2C(=O)CC[C@H]3[C@H]1C5,4.0,-2.4436974992327127
CN1CC[C@]23c4c5ccc(O)c4O[C@H]2C(=O)CC[C@H]3[C@H]1C5,32.0,-2.4987124620966323
CN1CC[C@]23c4c5ccc(O)c4O[C@H]2C(=O)CC[C@H]3[C@H]1C5,3.0,-2.537602002101044
CN1CC[C@]23c4c5ccc(O)c4O[C@H]2C(=O)CC[C@H]3[C@H]1C5,8.0,-2.546860103965299
CN1CC[C@]23c4c5ccc(O)c4O[C@H]2C(=O)CC[C@H]3[C@H]1C5,16.0,-2.6046454197178086
CN1CC[C@]23c4c5ccc(O)c4O[C@H]2C(=O)CC[C@H]3[C@H]1C5,12.0,-2.677780705266081
CN1CC[C@]23c4c5ccc(O)c4O[C@H]2C(=O)CC[C@H]3[C@H]1C5,6.0,-2.7166987712964503
O=C1CC2(CCCC2)CC(=O)N1CCCCN1CCN(c2ncccn2)CC1,15.0,-2.2550970855649783
O=C1CC2(CCCC2)CC(=O)N1CCCCN1CCN(c2ncccn2)CC1,10.0,-2.3009989757374045
O=C1CC2(CCCC2)CC(=O)N1CCCCN1CCN(c2ncccn2)CC1,5.0,-2.332547047110046
Cc1cc(Nc2ncnc3ccc(NC4=NC(C)(C)CO4)cc23)ccc1Oc1ccn2ncnc2c1,800.0,-0.0574958938319192
Cc1cc(Nc2ncnc3ccc(NC4=NC(C)(C)CO4)cc23)ccc1Oc1ccn2ncnc2c1,350.0,-0.1290111862394247
Cc1cc(Nc2ncnc3ccc(NC4=NC(C)(C)CO4)cc23)ccc1Oc1ccn2ncnc2c1,300.0,-0.3432632682552829
Cc1cc(Nc2ncnc3ccc(NC4=NC(C)(C)CO4)cc23)ccc1Oc1ccn2ncnc2c1,50.0,-1.0899094544059318
Cc1cc(Nc2ncnc3ccc(NC4=NC(C)(C)CO4)cc23)ccc1Oc1ccn2ncnc2c1,25.0,-1.5614576512138894
CC#CCC(C)[C@H](O)/C=C/[C@@H]1[C@H]2C/C(=C/CCCC(=O)O)C[C@H]2C[C@H]1O,0.07,-3.600326278518962
CC#CCC(C)[C@H](O)/C=C/[C@@H]1[C@H]2C/C(=C/CCCC(=O)O)C[C@H]2C[C@H]1O,0.15,-3.8068754016455375
O=c1[nH]c2ccccc2n1CCCN1CCN(C(c2ccccc2)c2ccccc2)CC1,30.0,-1.9965394678904933
COc1ccc(CCN(C)CCCC(C#N)(c2ccc(OC)c(OC)c2)C(C)C)cc1OC,400.0,-0.9876690444198531
COc1ccc(CCN(C)CCCC(C#N)(c2ccc(OC)c(OC)c2)C(C)C)cc1OC,360.0,-1.0414958423480782
COc1ccc(CCN(C)CCCC(C#N)(c2ccc(OC)c(OC)c2)C(C)C)cc1OC,240.0,-1.1462494138184722
COc1ccc(CCN(C)CCCC(C#N)(c2ccc(OC)c(OC)c2)C(C)C)cc1OC,80.0,-1.1571321113883843
COc1ccc(CCN(C)CCCC(C#N)(c2ccc(OC)c(OC)c2)C(C)C)cc1OC,300.0,-1.2141720800041351
COc1ccc(CCN(C)CCCC(C#N)(c2ccc(OC)c(OC)c2)C(C)C)cc1OC,200.0,-1.2545764548375324
COc1ccc(CCN(C)CCCC(C#N)(c2ccc(OC)c(OC)c2)C(C)C)cc1OC,60.0,-1.3193246187069438
COc1ccc(CCN(C)CCCC(C#N)(c2ccc(OC)c(OC)c2)C(C)C)cc1OC,160.0,-1.3362990746103518
COc1ccc(CCN(C)CCCC(C#N)(c2ccc(OC)c(OC)c2)C(C)C)cc1OC,180.0,-1.4396150770279843
COc1ccc(CCN(C)CCCC(C#N)(c2ccc(OC)c(OC)c2)C(C)C)cc1OC,120.0,-1.596006462126062
COc1ccc(CCN(C)CCCC(C#N)(c2ccc(OC)c(OC)c2)C(C)C)cc1OC,16.0,-1.99225222199926
COc1ccc(CCN(C)CCCC(C#N)(c2ccc(OC)c(OC)c2)C(C)C)cc1OC,3.0,-2.9355420107730814
Cc1ccsc1C(=CCCN1CCC[C@@H](C(=O)O)C1)c1sccc1C,24.0,-0.2580609222708011
Cc1ccsc1C(=CCCN1CCC[C@@H](C(=O)O)C1)c1sccc1C,10.0,-0.6696538790353846
Cc1ccsc1C(=CCCN1CCC[C@@H](C(=O)O)C1)c1sccc1C,12.0,-0.6706021206389573
Cc1ccsc1C(=CCCN1CCC[C@@H](C(=O)O)C1)c1sccc1C,20.0,-0.6846595233727117
Cc1ccsc1C(=CCCN1CCC[C@@H](C(=O)O)C1)c1sccc1C,18.2,-0.7235381958267558
Cc1ccsc1C(=CCCN1CCC[C@@H](C(=O)O)C1)c1sccc1C,8.0,-0.8554257923903836
Cc1ccsc1C(=CCCN1CCC[C@@H](C(=O)O)C1)c1sccc1C,6.0,-0.91721462968355
Cc1ccsc1C(=CCCN1CCC[C@@H](C(=O)O)C1)c1sccc1C,4.0,-1.1931419704811823
Cc1ccsc1C(=CCCN1CCC[C@@H](C(=O)O)C1)c1sccc1C,2.0,-1.38933983691012
Cc1cc2c(F)c(Oc3n[14cH]nn4cc(OC[C@@H](C)OC(=O)[C@H](C)N)c(C)c34)ccc2[nH]1,800.0,0.9750908988346002
CO/N=C1\C[C@]2(C[C@@H]3C[C@@H](C/C=C(\C)C[C@@H](C)/C=C/C=C4\CO[C@@H]5[C@H](O)C(C)=C[C@@H](C(=O)O3)[C@]45O)O2)O[C@H](/C(C)=C/C(C)C)[C@H]1C,36.0,-0.5670307091255943
CO/N=C1\C[C@]2(C[C@@H]3C[C@@H](C/C=C(\C)C[C@@H](C)/C=C/C=C4\CO[C@@H]5[C@H](O)C(C)=C[C@@H](C(=O)O3)[C@]45O)O2)O[C@H](/C(C)=C/C(C)C)[C@H]1C,24.0,-0.7544873321858502
CO/N=C1\C[C@]2(C[C@@H]3C[C@@H](C/C=C(\C)C[C@@H](C)/C=C/C=C4\CO[C@@H]5[C@H](O)C(C)=C[C@@H](C(=O)O3)[C@]45O)O2)O[C@H](/C(C)=C/C(C)C)[C@H]1C,16.0,-0.8761483590329142
CO/N=C1\C[C@]2(C[C@@H]3C[C@@H](C/C=C(\C)C[C@@H](C)/C=C/C=C4\CO[C@@H]5[C@H](O)C(C)=C[C@@H](C(=O)O3)[C@]45O)O2)O[C@H](/C(C)=C/C(C)C)[C@H]1C,8.0,-1.167052224613367
CO/N=C1\C[C@]2(C[C@@H]3C[C@@H](C/C=C(\C)C[C@@H](C)/C=C/C=C4\CO[C@@H]5[C@H](O)C(C)=C[C@@H](C(=O)O3)[C@]45O)O2)O[C@H](/C(C)=C/C(C)C)[C@H]1C,4.0,-1.565431095965801
CNC[C@H](O)c1cccc(O)c1,30.0,-2.34756025241058
CNC[C@H](O)c1cccc(O)c1,20.0,-2.510815225420002
CNC[C@H](O)c1cccc(O)c1,10.0,-2.869023308394383
CNC[C@H](O)c1cccc(O)c1,5.0,-3.356547323513813
Nc1c(CC(=O)O)cccc1C(=O)c1ccc(Br)cc1,100.0,0.9549657310584208
Nc1c(CC(=O)O)cccc1C(=O)c1ccc(Br)cc1,50.0,0.4453744934209093
Nc1c(CC(=O)O)cccc1C(=O)c1ccc(Br)cc1,25.0,0.2374599541198688
Nc1c(CC(=O)O)cccc1C(=O)c1ccc(Br)cc1,5.0,-0.4347426565797863
COc1cc([C@@H]2Oc3cc([C@H]4Oc5cc(O)cc(O)c5C(=O)[C@@H]4O)ccc3O[C@H]2CO)ccc1O,700.0,-0.6575728009594323
COc1cc([C@@H]2Oc3cc([C@H]4Oc5cc(O)cc(O)c5C(=O)[C@@H]4O)ccc3O[C@H]2CO)ccc1O,140.0,-2.1046356069012484
Clc1ccc2c(c1)CCc1cccnc1C2=C1CCNCC1,45.0,-1.1951793212788375
Clc1ccc2c(c1)CCc1cccnc1C2=C1CCNCC1,20.0,-2.096222923880512
Clc1ccc2c(c1)CCc1cccnc1C2=C1CCNCC1,11.25,-2.339134521996131
Clc1ccc2c(c1)CCc1cccnc1C2=C1CCNCC1,9.92,-2.3511522916271064
Clc1ccc2c(c1)CCc1cccnc1C2=C1CCNCC1,10.0,-2.3772033354710045
Clc1ccc2c(c1)CCc1cccnc1C2=C1CCNCC1,7.5,-2.441358618340656
Clc1ccc2c(c1)CCc1cccnc1C2=C1CCNCC1,2.5,-2.660179586461804
Clc1ccc2c(c1)CCc1cccnc1C2=C1CCNCC1,1.0,-2.707743928643524
Clc1ccc2c(c1)CCc1cccnc1C2=C1CCNCC1,1.25,-2.7096982126943256
Clc1ccc2c(c1)CCc1cccnc1C2=C1CCNCC1,5.0,-2.7411605440598388
Clc1ccc2c(c1)CCc1cccnc1C2=C1CCNCC1,0.625,-2.9492336887669577
CC(C(=O)O)c1ccc2c(c1)[nH]c1ccc(Cl)cc12,100.0,1.0128372247051722
C[C@H](N)Cc1ccccc1,70.0,-1.1189007816109828
C[C@H](N)Cc1ccccc1,10.0,-1.5105102680377291
C[C@H](N)Cc1ccccc1,15.0,-1.5221555236612416
CCOc1cc(CC(=O)N[C@@H](CC(C)C)c2ccccc2N2CCCCC2)ccc1C(=O)O,3.0,-1.1817741063860443
CCOc1cc(CC(=O)N[C@@H](CC(C)C)c2ccccc2N2CCCCC2)ccc1C(=O)O,4.0,-1.44498044617025
CCOc1cc(CC(=O)N[C@@H](CC(C)C)c2ccccc2N2CCCCC2)ccc1C(=O)O,2.0,-1.5554925880067811
CCOc1cc(CC(=O)N[C@@H](CC(C)C)c2ccccc2N2CCCCC2)ccc1C(=O)O,1.0,-1.7375489102695705
CCOc1cc(CC(=O)N[C@@H](CC(C)C)c2ccccc2N2CCCCC2)ccc1C(=O)O,0.5,-2.055013137142129
CCOc1cc(CC(=O)N[C@@H](CC(C)C)c2ccccc2N2CCCCC2)ccc1C(=O)O,0.25,-2.3841031481913246
CCOc1cc(CC(=O)N[C@@H](CC(C)C)c2ccccc2N2CCCCC2)ccc1C(=O)O,0.1,-2.809434872916867
[2H]C([2H])([2H])Oc1cc2c(cc1OC([2H])([2H])[2H])[C@H]1CC(=O)[C@H](CC(C)C)CN1CC2,22.5,-1.4875725541217568
[2H]C([2H])([2H])Oc1cc2c(cc1OC([2H])([2H])[2H])[C@H]1CC(=O)[C@H](CC(C)C)CN1CC2,25.0,-1.5316520273308771
[2H]C([2H])([2H])Oc1cc2c(cc1OC([2H])([2H])[2H])[C@H]1CC(=O)[C@H](CC(C)C)CN1CC2,24.0,-1.5701088164133554
[2H]C([2H])([2H])Oc1cc2c(cc1OC([2H])([2H])[2H])[C@H]1CC(=O)[C@H](CC(C)C)CN1CC2,15.0,-1.6582318513359349
[2H]C([2H])([2H])Oc1cc2c(cc1OC([2H])([2H])[2H])[C@H]1CC(=O)[C@H](CC(C)C)CN1CC2,18.0,-1.6643304086701638
[2H]C([2H])([2H])Oc1cc2c(cc1OC([2H])([2H])[2H])[C@H]1CC(=O)[C@H](CC(C)C)CN1CC2,7.5,-1.7366157381322262
[2H]C([2H])([2H])Oc1cc2c(cc1OC([2H])([2H])[2H])[C@H]1CC(=O)[C@H](CC(C)C)CN1CC2,12.0,-1.8612010263426952
[2H]C([2H])([2H])Oc1cc2c(cc1OC([2H])([2H])[2H])[C@H]1CC(=O)[C@H](CC(C)C)CN1CC2,6.0,-2.1597405209659994
O=C(N[C@H](CO)[C@H](O)c1ccc([N+](=O)[O-])cc1)C(Cl)Cl,500.0,1.1931245983544616
CCC1(c2ccc(N)cc2)CCC(=O)NC1=O,500.0,0.7708520116421442
Cc1ccc(/C(=C\CN2CCCC2)c2cccc(/C=C/C(=O)O)n2)cc1,4.0,-1.136677139879544
CC(=O)N1CCN(c2ccc(OC[C@@H]3CO[C@@](Cn4ccnc4)(c4ccc(Cl)cc4Cl)O3)cc2)CC1,600.0,1.2214142378423387
CC(=O)N1CCN(c2ccc(OC[C@@H]3CO[C@@](Cn4ccnc4)(c4ccc(Cl)cc4Cl)O3)cc2)CC1,150.0,0.56033711687566
CN(C)c1ccc2nc3ccc(N(C)C)cc3[s+]c2c1,400.0,0.2148438480476978
CN(C)c1ccc2nc3ccc(N(C)C)cc3[s+]c2c1,200.0,0.0606978403536116
CN(C)c1ccc2nc3ccc(N(C)C)cc3[s+]c2c1,100.0,-0.2441251443275086
CCCc1nc2c(C)cc(-c3nc4ccccc4n3C)cc2n1Cc1ccc(-c2ccccc2C(=O)O)cc1,160.0,0.2211467970486901
CCCc1nc2c(C)cc(-c3nc4ccccc4n3C)cc2n1Cc1ccc(-c2ccccc2C(=O)O)cc1,120.0,-0.0938639552499332
CCCc1nc2c(C)cc(-c3nc4ccccc4n3C)cc2n1Cc1ccc(-c2ccccc2C(=O)O)cc1,80.0,-0.4593099101717804
CCCc1nc2c(C)cc(-c3nc4ccccc4n3C)cc2n1Cc1ccc(-c2ccccc2C(=O)O)cc1,60.0,-0.4841261562883209
CCCc1nc2c(C)cc(-c3nc4ccccc4n3C)cc2n1Cc1ccc(-c2ccccc2C(=O)O)cc1,40.0,-1.1508255191424888
CCCc1nc2c(C)cc(-c3nc4ccccc4n3C)cc2n1Cc1ccc(-c2ccccc2C(=O)O)cc1,20.0,-1.3912280071907972
CCCc1nc2c(C)cc(-c3nc4ccccc4n3C)cc2n1Cc1ccc(-c2ccccc2C(=O)O)cc1,10.0,-1.9008720722735328
CCCc1nc2c(C)cc(-c3nc4ccccc4n3C)cc2n1Cc1ccc(-c2ccccc2C(=O)O)cc1,5.0,-2.593459819566045
CCCc1nc2c(C)cc(-c3nc4ccccc4n3C)cc2n1Cc1ccc(-c2ccccc2C(=O)O)cc1,2.5,-3.167491087293764
CN(C)CCC=C1c2ccccc2CCc2ccccc21,75.0,-1.4492476639954763
CN(C)CCC=C1c2ccccc2CCc2ccccc21,50.0,-1.480327096485513
CN(C)CCC=C1c2ccccc2CCc2ccccc21,25.0,-1.6083299215215083
CN(C)CCC=C1c2ccccc2CCc2ccccc21,10.0,-2.2247537402597635
C=C(F)C(=O)N1CCN(c2nc(OC[C@@H]3CCCN3C)nc3c2CCN(c2cccc4cccc(Cl)c24)C3)C[C@@H]1CC#N,600.0,-0.2775329650912162
CCN(C)C(=O)Oc1cccc([C@H](C)N(C)C)c1,6.0,-1.6460719301705369
CCN(C)C(=O)Oc1cccc([C@H](C)N(C)C)c1,4.5,-1.831723550232816
CCN(C)C(=O)Oc1cccc([C@H](C)N(C)C)c1,3.0,-2.0861013896654117
CCN(C)C(=O)Oc1cccc([C@H](C)N(C)C)c1,1.5,-2.219250768896448
Cc1ccc(F)cc1C(=O)Nc1ccc(C(=O)Nc2ccccc2C(=O)O)c(Cl)c1,100.0,-0.555957317289028
CC(C)CN(C[C@@H](O)[C@H](Cc1ccccc1)NC(=O)O[C@H]1CCOC1)S(=O)(=O)c1ccc(N)cc1,2667.0,1.141763230275788
CC(C)CN(C[C@@H](O)[C@H](Cc1ccccc1)NC(=O)O[C@H]1CCOC1)S(=O)(=O)c1ccc(N)cc1,1400.0,0.9434945159061028
CC(C)CN(C[C@@H](O)[C@H](Cc1ccccc1)NC(=O)O[C@H]1CCOC1)S(=O)(=O)c1ccc(N)cc1,1200.0,0.8729420753353389
CC(C)CN(C[C@@H](O)[C@H](Cc1ccccc1)NC(=O)O[C@H]1CCOC1)S(=O)(=O)c1ccc(N)cc1,1050.0,0.8696716601520887
CC(C)CN(C[C@@H](O)[C@H](Cc1ccccc1)NC(=O)O[C@H]1CCOC1)S(=O)(=O)c1ccc(N)cc1,900.0,0.8528719365400822
CC(C)CN(C[C@@H](O)[C@H](Cc1ccccc1)NC(=O)O[C@H]1CCOC1)S(=O)(=O)c1ccc(N)cc1,800.0,0.8182258936139556
CC(C)CN(C[C@@H](O)[C@H](Cc1ccccc1)NC(=O)O[C@H]1CCOC1)S(=O)(=O)c1ccc(N)cc1,700.0,0.8182258936139555
CC(C)CN(C[C@@H](O)[C@H](Cc1ccccc1)NC(=O)O[C@H]1CCOC1)S(=O)(=O)c1ccc(N)cc1,600.0,0.7185185065867833
CC(C)CN(C[C@@H](O)[C@H](Cc1ccccc1)NC(=O)O[C@H]1CCOC1)S(=O)(=O)c1ccc(N)cc1,450.0,0.6266824662362943
CC(C)CN(C[C@@H](O)[C@H](Cc1ccccc1)NC(=O)O[C@H]1CCOC1)S(=O)(=O)c1ccc(N)cc1,350.0,0.5797835966168101
CC(C)CN(C[C@@H](O)[C@H](Cc1ccccc1)NC(=O)O[C@H]1CCOC1)S(=O)(=O)c1ccc(N)cc1,750.0,0.5257849767633489
CC(C)CN(C[C@@H](O)[C@H](Cc1ccccc1)NC(=O)O[C@H]1CCOC1)S(=O)(=O)c1ccc(N)cc1,300.0,0.4114092409812079
CC(C)CN(C[C@@H](O)[C@H](Cc1ccccc1)NC(=O)O[C@H]1CCOC1)S(=O)(=O)c1ccc(N)cc1,150.0,0.3010299956639812
O=C(O)C(Cl)Cl,875.0,1.4983105537896004
CC(C)(C)NC(=O)[C@@H]1CN(Cc2cccnc2)CCN1C[C@@H](O)C[C@@H](Cc1ccccc1)C(=O)N[C@H]1c2ccccc2C[C@H]1O,1200.0,1.0161276153377563
CC(C)(C)NC(=O)[C@@H]1CN(Cc2cccnc2)CCN1C[C@@H](O)C[C@@H](Cc1ccccc1)C(=O)N[C@H]1c2ccccc2C[C@H]1O,1000.0,0.9698816437465
CC(C)(C)NC(=O)[C@@H]1CN(Cc2cccnc2)CCN1C[C@@H](O)C[C@@H](Cc1ccccc1)C(=O)N[C@H]1c2ccccc2C[C@H]1O,800.0,0.9401956260155504
CC(C)(C)NC(=O)[C@@H]1CN(Cc2cccnc2)CCN1C[C@@H](O)C[C@@H](Cc1ccccc1)C(=O)N[C@H]1c2ccccc2C[C@H]1O,600.0,0.7721994219179719
CC(C)(C)NC(=O)[C@@H]1CN(Cc2cccnc2)CCN1C[C@@H](O)C[C@@H](Cc1ccccc1)C(=O)N[C@H]1c2ccccc2C[C@H]1O,400.0,0.600210306409328
COc1cc(Nc2ncc(F)c(Nc3ccc4c(n3)N(COP(=O)(O)O)C(=O)C(C)(C)O4)n2)cc(OC)c1OC,400.0,0.2671717284030138
COc1cc(Nc2ncc(F)c(Nc3ccc4c(n3)N(COP(=O)(O)O)C(=O)C(C)(C)O4)n2)cc(OC)c1OC,300.0,0.2278867046136735
COc1cc(Nc2ncc(F)c(Nc3ccc4c(n3)N(COP(=O)(O)O)C(=O)C(C)(C)O4)n2)cc(OC)c1OC,150.0,-0.2255247452282537
COc1cc(Nc2ncc(F)c(Nc3ccc4c(n3)N(COP(=O)(O)O)C(=O)C(C)(C)O4)n2)cc(OC)c1OC,80.0,-0.4078232426041331
C=CCN1C[C@H](C(=O)N(CCCN(C)C)C(=O)NCC)C[C@@H]2c3cccc4[nH]cc(c34)C[C@H]21,1.5,-4.252588192113577
C=CCN1C[C@H](C(=O)N(CCCN(C)C)C(=O)NCC)C[C@@H]2c3cccc4[nH]cc(c34)C[C@H]21,1.0,-4.272258720795958
C=CCN1C[C@H](C(=O)N(CCCN(C)C)C(=O)NCC)C[C@@H]2c3cccc4[nH]cc(c34)C[C@H]21,0.5,-4.30189945437661
C[C@H]1CCc2c(N3CCC(O)CC3)c(F)cc3c(=O)c(C(=O)O)cn1c23,600.0,0.8282255749391654
CN1CCN(CCCN2c3ccccc3Sc3ccc(Cl)cc32)CC1,50.0,-2.397940008672037
CN1CCN(CCCN2c3ccccc3Sc3ccc(Cl)cc32)CC1,30.0,-2.864867348623225
CN1CCN(CCCN2c3ccccc3Sc3ccc(Cl)cc32)CC1,20.0,-2.9153927446889347
CN1CCN(CCCN2c3ccccc3Sc3ccc(Cl)cc32)CC1,5.0,-3.5850266520291822
OCCn1cc(-c2cnc3nnn(Cc4ccc5ncccc5c4)c3n2)cn1,30.0,-0.5200742216104612
Cc1nnc2n1-c1sc(Br)cc1C(c1ccccc1Cl)=NC2,0.5,-2.139542204576529
Cc1nnc2n1-c1sc(Br)cc1C(c1ccccc1Cl)=NC2,0.25,-2.318758762624413
CN(C)CCCN1c2ccccc2Sc2ccc(Cl)cc21,100.0,-1.5164919466189375
CN(C)CCCN1c2ccccc2Sc2ccc(Cl)cc21,50.0,-1.8793602715844369
CN(C)CCCN1c2ccccc2Sc2ccc(Cl)cc21,25.0,-2.0028758443407955
NCCCCCC(=O)O,5000.0,2.214843848047698
NC1=NCC2c3ccccc3Cc3ccccc3N12,20.6,-1.8096683018297088
NC1=NCC2c3ccccc3Cc3ccccc3N12,20.0,-2.114921615850776
NC(=O)NO,2000.0,1.6999367837411776
NC(=O)NO,1589.0,1.5728716022004805
NC(=O)NO,1519.0,1.5314789170422551
NC(=O)NO,1547.0,1.5314789170422551
NC(=O)NO,1400.0,1.422876976709481
NC(=O)NO,1050.0,1.420516831228617
NC(=O)NO,525.0,1.1784013415337553
NC(=O)NO,500.0,1.1614224558093555
O=C(Nc1ccc(C[C@@H]2CC[C@H]([C@H](O)c3ccccc3)N2)cc1)[C@@H]1CCc2nccc(=O)n21,600.0,0.1238516409670858
O=C(Nc1ccc(C[C@@H]2CC[C@H]([C@H](O)c3ccccc3)N2)cc1)[C@@H]1CCc2nccc(=O)n21,450.0,-0.1904402853647322
O=C(Nc1ccc(C[C@@H]2CC[C@H]([C@H](O)c3ccccc3)N2)cc1)[C@@H]1CCc2nccc(=O)n21,300.0,-0.2090115249111841
O=C(Nc1ccc(C[C@@H]2CC[C@H]([C@H](O)c3ccccc3)N2)cc1)[C@@H]1CCc2nccc(=O)n21,200.0,-0.5622494371796121
O=C(Nc1ccc(C[C@@H]2CC[C@H]([C@H](O)c3ccccc3)N2)cc1)[C@@H]1CCc2nccc(=O)n21,150.0,-0.6675615400843947
O=C(Nc1ccc(C[C@@H]2CC[C@H]([C@H](O)c3ccccc3)N2)cc1)[C@@H]1CCc2nccc(=O)n21,100.0,-0.8021683066710972
O=C(Nc1ccc(C[C@@H]2CC[C@H]([C@H](O)c3ccccc3)N2)cc1)[C@@H]1CCc2nccc(=O)n21,75.0,-1.07010755672264
O=C(Nc1ccc(C[C@@H]2CC[C@H]([C@H](O)c3ccccc3)N2)cc1)[C@@H]1CCc2nccc(=O)n21,50.0,-1.217885852520929
O=C(Nc1ccc(C[C@@H]2CC[C@H]([C@H](O)c3ccccc3)N2)cc1)[C@@H]1CCc2nccc(=O)n21,20.0,-2.279840696594043
O=C(Nc1ccc(C[C@@H]2CC[C@H]([C@H](O)c3ccccc3)N2)cc1)[C@@H]1CCc2nccc(=O)n21,10.0,-2.322393047279507
O=C(Nc1ccc(C[C@@H]2CC[C@H]([C@H](O)c3ccccc3)N2)cc1)[C@@H]1CCc2nccc(=O)n21,5.0,-3.1023729087095586
O=C(Nc1ccc(C[C@@H]2CC[C@H]([C@H](O)c3ccccc3)N2)cc1)[C@@H]1CCc2nccc(=O)n21,2.0,-3.8538719643217614
CSc1ccc2c(c1)N(CCC1CCCCN1C)c1ccccc1S2,100.0,-0.4806891546747555
CSc1ccc2c(c1)N(CCC1CCCCN1C)c1ccccc1S2,25.0,-0.5948187589008873
CSc1ccc2c(c1)N(CCC1CCCCN1C)c1ccccc1S2,50.0,-0.7343804168461158
C=CCN1CC[C@]23c4c5ccc(O)c4O[C@H]2[C@@H](OCCOCCOCCOCCOCCOCCOCCOC)CC[C@@]3(O)[C@H]1C5,1000.0,0.6736354920624334
C=CCN1CC[C@]23c4c5ccc(O)c4O[C@H]2[C@@H](OCCOCCOCCOCCOCCOCCOCCOC)CC[C@@]3(O)[C@H]1C5,500.0,0.2064210652379886
C=CCN1CC[C@]23c4c5ccc(O)c4O[C@H]2[C@@H](OCCOCCOCCOCCOCCOCCOCCOC)CC[C@@]3(O)[C@H]1C5,250.0,0.1262385871386304
C=CCN1CC[C@]23c4c5ccc(O)c4O[C@H]2[C@@H](OCCOCCOCCOCCOCCOCCOCCOC)CC[C@@]3(O)[C@H]1C5,100.0,-0.425748745460071
C=CCN1CC[C@]23c4c5ccc(O)c4O[C@H]2[C@@H](OCCOCCOCCOCCOCCOCCOCCOC)CC[C@@]3(O)[C@H]1C5,125.0,-0.4850141895059632
C=CCN1CC[C@]23c4c5ccc(O)c4O[C@H]2[C@@H](OCCOCCOCCOCCOCCOCCOCCOC)CC[C@@]3(O)[C@H]1C5,50.0,-0.9121476248368314
C=CCN1CC[C@]23c4c5ccc(O)c4O[C@H]2[C@@H](OCCOCCOCCOCCOCCOCCOCCOC)CC[C@@]3(O)[C@H]1C5,60.0,-0.9473829992537086
C=CCN1CC[C@]23c4c5ccc(O)c4O[C@H]2[C@@H](OCCOCCOCCOCCOCCOCCOCCOC)CC[C@@]3(O)[C@H]1C5,30.0,-1.1383461297860888
C=CCN1CC[C@]23c4c5ccc(O)c4O[C@H]2[C@@H](OCCOCCOCCOCCOCCOCCOCCOC)CC[C@@]3(O)[C@H]1C5,25.0,-1.1558274939747704
C=CCN1CC[C@]23c4c5ccc(O)c4O[C@H]2[C@@H](OCCOCCOCCOCCOCCOCCOCCOC)CC[C@@]3(O)[C@H]1C5,27.0,-1.2915790998652872
C=CCN1CC[C@]23c4c5ccc(O)c4O[C@H]2[C@@H](OCCOCCOCCOCCOCCOCCOCCOC)CC[C@@]3(O)[C@H]1C5,12.5,-1.721589398524184
C=CCN1CC[C@]23c4c5ccc(O)c4O[C@H]2[C@@H](OCCOCCOCCOCCOCCOCCOCCOC)CC[C@@]3(O)[C@H]1C5,15.0,-1.960982678002588
C=CCN1CC[C@]23c4c5ccc(O)c4O[C@H]2[C@@H](OCCOCCOCCOCCOCCOCCOCCOC)CC[C@@]3(O)[C@H]1C5,8.0,-2.024108863598207
C=CCN1CC[C@]23c4c5ccc(O)c4O[C@H]2[C@@H](OCCOCCOCCOCCOCCOCCOCCOC)CC[C@@]3(O)[C@H]1C5,5.0,-2.0681354865079684
CN(C)[C@@H]1C(O)=C(C(N)=O)C(=O)[C@@]2(O)C(O)=C3C(=O)c4c(O)cccc4[C@@](C)(O)[C@H]3C[C@@H]12,500.0,0.5314789170422551
CN(C)[C@@H]1C(O)=C(C(N)=O)C(=O)[C@@]2(O)C(O)=C3C(=O)c4c(O)cccc4[C@@](C)(O)[C@H]3C[C@@H]12,300.0,0.3979400086720376
CN(C)[C@@H]1C(O)=C(C(N)=O)C(=O)[C@@]2(O)C(O)=C3C(=O)c4c(O)cccc4[C@@](C)(O)[C@H]3C[C@@H]12,250.0,0.2889196056617266
CCOC(=O)COC1CCN(C(=O)[C@H](C)NC(=O)c2ccc(/C(N)=N/O)cc2)CC1,12.0,-1.4145392704914994
CCOC(=O)COC1CCN(C(=O)[C@H](C)NC(=O)c2ccc(/C(N)=N/O)cc2)CC1,10.0,-1.449771646944906
CCOC(=O)COC1CCN(C(=O)[C@H](C)NC(=O)c2ccc(/C(N)=N/O)cc2)CC1,7.0,-1.619788758288394
CCOC(=O)COC1CCN(C(=O)[C@H](C)NC(=O)c2ccc(/C(N)=N/O)cc2)CC1,5.0,-1.6882461389442458
CCOC(=O)COC1CCN(C(=O)[C@H](C)NC(=O)c2ccc(/C(N)=N/O)cc2)CC1,2.0,-2.045918370163149
N#Cc1cccc([C@@H](NCC2CC2)c2ccc(F)c(NC(=O)c3cc(C(F)(F)F)nn3-c3cccc(CN)c3)c2)c1,450.0,-0.2388241868442686
N#Cc1cccc([C@@H](NCC2CC2)c2ccc(F)c(NC(=O)c3cc(C(F)(F)F)nn3-c3cccc(CN)c3)c2)c1,200.0,-0.9605858808238628
N#Cc1cccc([C@@H](NCC2CC2)c2ccc(F)c(NC(=O)c3cc(C(F)(F)F)nn3-c3cccc(CN)c3)c2)c1,110.0,-1.0096611452123985
N#Cc1cccc([C@@H](NCC2CC2)c2ccc(F)c(NC(=O)c3cc(C(F)(F)F)nn3-c3cccc(CN)c3)c2)c1,150.0,-1.050670994054942
CO[C@H]1[C@@H](O[C@@H]2O[C@H](C)[C@@H](O[C@H]3C[C@@](C)(O)[C@@H](OC(=O)CC(C)C)[C@H](C)O3)[C@H](N(C)C)[C@H]2O)[C@@H](CC=O)C[C@@H](C)[C@H](O)/C=C/C=C\C[C@H](C)OC(=O)C[C@H]1OC(C)=O,1000.0,-0.3692332295368639
NCCCC(O)(P(=O)(O)O)P(=O)(O)O,70.0,-1.2385229195932752
CN1CCN(C(=O)O[C@H]2c3nccnc3C(=O)N2c2ccc(Cl)cn2)CC1,7.5,-1.2736803878892249
CN1CCN(C(=O)O[C@H]2c3nccnc3C(=O)N2c2ccc(Cl)cn2)CC1,5.0,-1.3829996588791011
CN1CCN(C(=O)O[C@H]2c3nccnc3C(=O)N2c2ccc(Cl)cn2)CC1,6.0,-1.459070187159051
CN1CCN(C(=O)O[C@H]2c3nccnc3C(=O)N2c2ccc(Cl)cn2)CC1,3.5,-1.4672456210075022
CN1CCN(C(=O)O[C@H]2c3nccnc3C(=O)N2c2ccc(Cl)cn2)CC1,3.0,-1.4905530800924405
CN1CCN(C(=O)O[C@H]2c3nccnc3C(=O)N2c2ccc(Cl)cn2)CC1,2.5,-1.5675117442294937
CN1CCN(C(=O)O[C@H]2c3nccnc3C(=O)N2c2ccc(Cl)cn2)CC1,3.75,-1.6058986979599554
CN1CCN(C(=O)O[C@H]2c3nccnc3C(=O)N2c2ccc(Cl)cn2)CC1,2.0,-1.6842794931750111
CN1CCN(C(=O)O[C@H]2c3nccnc3C(=O)N2c2ccc(Cl)cn2)CC1,1.0,-1.9332908078430904
Cc1nc2n(c(=O)c1CCN1CCC(c3noc4cc(F)ccc34)CC1)CCCC2O,2.0,-1.2451520191086816
Cc1nc2n(c(=O)c1CCN1CCC(c3noc4cc(F)ccc34)CC1)CCCC2O,15.0,-1.5868984499150185
Cc1nc2n(c(=O)c1CCN1CCC(c3noc4cc(F)ccc34)CC1)CCCC2O,12.0,-1.6919776640817263
Cc1nc2n(c(=O)c1CCN1CCC(c3noc4cc(F)ccc34)CC1)CCCC2O,9.0,-1.809061647428724
Cc1nc2n(c(=O)c1CCN1CCC(c3noc4cc(F)ccc34)CC1)CCCC2O,6.0,-1.9658530228939544
Cc1nc2n(c(=O)c1CCN1CCC(c3noc4cc(F)ccc34)CC1)CCCC2O,1.0,-2.271909421672763
Cc1nc2n(c(=O)c1CCN1CCC(c3noc4cc(F)ccc34)CC1)CCCC2O,0.5,-2.356547323513813
Cc1nc2n(c(=O)c1CCN1CCC(c3noc4cc(F)ccc34)CC1)CCCC2O,3.0,-2.476118588084775
CN1Cc2c(N)cccc2C(c2ccccc2)C1,200.0,0.630882781378945
CN1Cc2c(N)cccc2C(c2ccccc2)C1,100.0,0.339964605930916
CN1Cc2c(N)cccc2C(c2ccccc2)C1,50.0,0.1498808303647389
CN1Cc2c(N)cccc2C(c2ccccc2)C1,25.0,-0.1986100119840015
Oc1ccc(C2CNCCc3c2cc(O)c(O)c3Cl)cc1,100.0,-0.3249945993432724
CN1C(C(=O)Nc2ccccn2)=C(O)c2sccc2S1(=O)=O,20.0,0.547998337978708
CO[C@H]1/C=C/O[C@@]2(C)Oc3c(C)c(O)c4c(O)c(c(/C=N/N5CCN(C)CC5)c(O)c4c3C2=O)NC(=O)/C(C)=C\C=C\[C@H](C)[C@H](O)[C@@H](C)[C@@H](O)[C@@H](C)[C@H](O)[C@@H]1C,600.0,0.2253085322053227
CC(C)OC(=O)C(C)(C)Oc1ccc(C(=O)c2ccc(Cl)cc2)cc1,150.0,1.0219930337141765
CC(C)OC(=O)C(C)(C)Oc1ccc(C(=O)c2ccc(Cl)cc2)cc1,200.0,0.999288203499724
CC(C)OC(=O)C(C)(C)Oc1ccc(C(=O)c2ccc(Cl)cc2)cc1,300.0,0.99563519459755
CC(C)OC(=O)C(C)(C)Oc1ccc(C(=O)c2ccc(Cl)cc2)cc1,160.0,0.9913759304124296
CC(C)OC(=O)C(C)(C)Oc1ccc(C(=O)c2ccc(Cl)cc2)cc1,201.0,0.9715077817112562
CC(C)OC(=O)C(C)(C)Oc1ccc(C(=O)c2ccc(Cl)cc2)cc1,145.0,0.9406335510276684
CC(C)OC(=O)C(C)(C)Oc1ccc(C(=O)c2ccc(Cl)cc2)cc1,130.0,0.8738670503384243
CC(C)OC(=O)C(C)(C)Oc1ccc(C(=O)c2ccc(Cl)cc2)cc1,120.0,0.8661202365122231
CC(C)OC(=O)C(C)(C)Oc1ccc(C(=O)c2ccc(Cl)cc2)cc1,100.0,0.7867514221455612
CC(C)OC(=O)C(C)(C)Oc1ccc(C(=O)c2ccc(Cl)cc2)cc1,50.0,0.5105450102066121
CCOC(=O)[C@H](CCc1ccccc1)N[C@@H](C)C(=O)N1C(=O)N(C)C[C@H]1C(=O)O,10.0,-1.6717369231200254
Cc1[nH]cnc1CN1CCc2c(c3ccccc3n2C)C1=O,16.0,-0.9257932667158166
Cc1[nH]cnc1CN1CCc2c(c3ccccc3n2C)C1=O,8.0,-1.3338878000664929
Cc1[nH]cnc1CN1CCc2c(c3ccccc3n2C)C1=O,4.0,-1.7000812885919006
Cc1[nH]cnc1CN1CCc2c(c3ccccc3n2C)C1=O,2.0,-1.985683152156008
Cc1[nH]cnc1CN1CCc2c(c3ccccc3n2C)C1=O,1.0,-2.243294493846484
Cc1[nH]cnc1CN1CCc2c(c3ccccc3n2C)C1=O,0.5,-2.653647025549361
COC(=O)C1=C(C)NC(C)=C(C(=O)OC(C)C)C1c1cccc2nonc12,20.0,-0.4461169733561256
COC(=O)C1=C(C)NC(C)=C(C(=O)OC(C)C)C1c1cccc2nonc12,5.0,-1.0268721464003014
COC(=O)C1=C(C)NC(C)=C(C(=O)O[C@H]2CCN(Cc3ccccc3)C2)[C@H]1c1cccc([N+](=O)[O-])c1,20.0,-2.3279021420642825
COC(=O)C1=C(C)NC(C)=C(C(=O)O[C@H]2CCN(Cc3ccccc3)C2)[C@H]1c1cccc([N+](=O)[O-])c1,10.0,-2.9244530386074694
COC(=O)C1=C(C)NC(C)=C(C(=O)O[C@H]2CCN(Cc3ccccc3)C2)[C@H]1c1cccc([N+](=O)[O-])c1,5.0,-3.2218487496163566
COc1cc(C)c(/C=C/C(C)=C/C=C/C(C)=C/C(=O)O)c(C)c1C,100.0,-0.1781590727995456
COc1cc(C)c(/C=C/C(C)=C/C=C/C(C)=C/C(=O)O)c(C)c1C,75.0,-0.4556218560421878
COc1cc(C)c(/C=C/C(C)=C/C=C/C(C)=C/C(=O)O)c(C)c1C,50.0,-0.4870164088185903
COc1cc(C)c(/C=C/C(C)=C/C=C/C(C)=C/C(=O)O)c(C)c1C,25.0,-0.6331103103466198
COc1cc(C)c(/C=C/C(C)=C/C=C/C(C)=C/C(=O)O)c(C)c1C,10.0,-0.965572094974597
Cn1cnc([N+](=O)[O-])c1Sc1ncnc2[nH]cnc12,50.0,-1.6869240847059526
O=C(Nc1cnn2ccc(N3CCC[C@@H]3c3cc(F)ccc3F)nc12)N1CC[C@H](O)C1,100.0,-0.0139490852038848
Cc1ccccc1N1C(=O)c2cc(S(N)(=O)=O)c(Cl)cc2NC1C,10.0,-1.04655442786011
Cc1ccccc1N1C(=O)c2cc(S(N)(=O)=O)c(Cl)cc2NC1C,2.5,-1.4047242881979003
CC(=O)O[C@@]12CO[C@@H]1C[C@H](O)[C@@]1(C)C(=O)[C@H](O)C3=C(C)[C@@H](OC(=O)[C@H](O)[C@@H](NC(=O)OC(C)(C)C)c4ccccc4)C[C@@](O)([C@@H](OC(=O)c4ccccc4)[C@H]21)C3(C)C,80.0,-0.6770918954755283
CC(=O)O[C@@]12CO[C@@H]1C[C@H](O)[C@@]1(C)C(=O)[C@H](O)C3=C(C)[C@@H](OC(=O)[C@H](O)[C@@H](NC(=O)OC(C)(C)C)c4ccccc4)C[C@@](O)([C@@H](OC(=O)c4ccccc4)[C@H]21)C3(C)C,60.0,-0.8063189704587185
CC(=O)O[C@@]12CO[C@@H]1C[C@H](O)[C@@]1(C)C(=O)[C@H](O)C3=C(C)[C@@H](OC(=O)[C@H](O)[C@@H](NC(=O)OC(C)(C)C)c4ccccc4)C[C@@](O)([C@@H](OC(=O)c4ccccc4)[C@H]21)C3(C)C,30.0,-0.8810742471742233
CN1CCC(=C2c3ccccc3CCc3cccnc32)CC1,2.1,-1.8860566476931635
CC(C)(Oc1ccc(C(=O)c2ccc(Cl)cc2)cc1)C(=O)O,105.0,1.0277327402589154
CC(C)(Oc1ccc(C(=O)c2ccc(Cl)cc2)cc1)C(=O)O,145.0,0.9760856530893418
CC(C)(Oc1ccc(C(=O)c2ccc(Cl)cc2)cc1)C(=O)O,201.0,0.9715077817112562
CC(C)(Oc1ccc(C(=O)c2ccc(Cl)cc2)cc1)C(=O)O,200.0,0.967547976218862
CC(C)(Oc1ccc(C(=O)c2ccc(Cl)cc2)cc1)C(=O)O,135.0,0.9611045528848672
CC(C)(Oc1ccc(C(=O)c2ccc(Cl)cc2)cc1)C(=O)O,100.0,0.9079485216122724
CC(C)(Oc1ccc(C(=O)c2ccc(Cl)cc2)cc1)C(=O)O,50.0,0.5646660642520893
CC(C)(Oc1ccc(C(=O)c2ccc(Cl)cc2)cc1)C(=O)O,35.0,0.5526682161121932
O=C1NC(c2ccccc2)(c2ccccc2)C(=O)N1COP(=O)(O)O,435.0,1.0293837776852095
CCNCCc1ccc(CN(CC)c2cc(OC)ccc2[C@@H]2CCc3cc(O)ccc3C2)cc1,345.0,-1.2768728412043084
OC[C@H]1O[C@@H](c2ccc(Cl)c(Cc3ccc(O[C@H]4CCOC4)cc3)c2)[C@H](O)[C@@H](O)[C@@H]1O,100.0,0.4191293077419756
OC[C@H]1O[C@@H](c2ccc(Cl)c(Cc3ccc(O[C@H]4CCOC4)cc3)c2)[C@H](O)[C@@H](O)[C@@H]1O,25.0,-0.3272096713112976
OC[C@H]1O[C@@H](c2ccc(Cl)c(Cc3ccc(O[C@H]4CCOC4)cc3)c2)[C@H](O)[C@@H](O)[C@@H]1O,10.0,-0.7095276029635563
OC[C@H]1O[C@@H](c2ccc(Cl)c(Cc3ccc(O[C@H]4CCOC4)cc3)c2)[C@H](O)[C@@H](O)[C@@H]1O,2.5,-1.238072161579471
COC(=O)[C@@H]1[C@H]2C[C@H]3c4[nH]c5ccccc5c4CCN3C[C@@H]2CC[C@@H]1O,6.0,-1.3767507096020994
COC(=O)[C@@H]1[C@H]2C[C@H]3c4[nH]c5ccccc5c4CCN3C[C@@H]2CC[C@@H]1O,0.05,-3.5322809304464484
COC(=O)[C@@H]1[C@H]2C[C@H]3c4[nH]c5ccccc5c4CCN3C[C@@H]2CC[C@@H]1O,5.0,-4.265418354028856
C[C@@H]1C[C@H]2[C@@H]3CCC4=CC(=O)C=C[C@]4(C)[C@@]3(Cl)[C@@H](O)C[C@]2(C)[C@@]1(OC(=O)c1ccco1)C(=O)CCl,1.03,-2.316052869248488
C[C@@H]1C[C@H]2[C@@H]3CCC4=CC(=O)C=C[C@]4(C)[C@@]3(Cl)[C@@H](O)C[C@]2(C)[C@@]1(OC(=O)c1ccco1)C(=O)CCl,1.0,-3.543633966870957
COc1cc2ncnc(Nc3ccc(F)c(Cl)c3)c2cc1OCCCN1CCOCC1,500.0,-0.5202807645604289
COc1cc2ncnc(Nc3ccc(F)c(Cl)c3)c2cc1OCCCN1CCOCC1,375.0,-0.5800442515102421
COc1cc2ncnc(Nc3ccc(F)c(Cl)c3)c2cc1OCCCN1CCOCC1,250.0,-0.9080819325494428
COc1cc2ncnc(Nc3ccc(F)c(Cl)c3)c2cc1OCCCN1CCOCC1,100.0,-1.3979400086720375
COc1cc2ncnc(Nc3ccc(F)c(Cl)c3)c2cc1OCCCN1CCOCC1,50.0,-1.840633358366298
O=[N+]([O-])O[C@H]1CO[C@H]2[C@@H]1OC[C@H]2O[N+](=O)[O-],30.0,-0.8818676000790957
O=[N+]([O-])O[C@H]1CO[C@H]2[C@@H]1OC[C@H]2O[N+](=O)[O-],10.0,-0.9179929890653656
C[C@@H](O)[C@@H](C(=O)O)[C@@H]1NC(C(=O)O)C(S[C@@H]2CN[C@H](CNS(N)(=O)=O)C2)[C@@H]1C,500.0,0.408804845265306
O=C1NC(=O)C(c2cnc3ccccn23)=C1c1cn2c3c(cc(F)cc13)CN(C(=O)N1CCCCC1)CC2,120.0,0.0913151609290143
O=C1NC(=O)C(c2cnc3ccccn23)=C1c1cn2c3c(cc(F)cc13)CN(C(=O)N1CCCCC1)CC2,80.0,0.0102991158296129
O=C1NC(=O)C(c2cnc3ccccn23)=C1c1cn2c3c(cc(F)cc13)CN(C(=O)N1CCCCC1)CC2,60.0,-0.0175022868258209
O=C1NC(=O)C(c2cnc3ccccn23)=C1c1cn2c3c(cc(F)cc13)CN(C(=O)N1CCCCC1)CC2,40.0,-0.2006588766576607
O=C1NC(=O)C(c2cnc3ccccn23)=C1c1cn2c3c(cc(F)cc13)CN(C(=O)N1CCCCC1)CC2,20.0,-0.5875403480408222
O=C1NC(=O)C(c2cnc3ccccn23)=C1c1cn2c3c(cc(F)cc13)CN(C(=O)N1CCCCC1)CC2,10.0,-0.9430899257323492
CC(=O)O,50.0,0.4800069429571506
CC(=O)O,25.0,0.4448251995097477
CON(C)Cc1ccc(O)c2c1C[C@H]1C[C@H]3[C@H](N(C)C)C(O)=C(C(N)=O)C(=O)[C@@]3(O)C(O)=C1C2=O,500.0,0.8809849904867534
CON(C)Cc1ccc(O)c2c1C[C@H]1C[C@H]3[C@H](N(C)C)C(O)=C(C(N)=O)C(=O)[C@@]3(O)C(O)=C1C2=O,480.0,0.8509523997934928
CON(C)Cc1ccc(O)c2c1C[C@H]1C[C@H]3[C@H](N(C)C)C(O)=C(C(N)=O)C(=O)[C@@]3(O)C(O)=C1C2=O,400.0,0.6954816764901974
CON(C)Cc1ccc(O)c2c1C[C@H]1C[C@H]3[C@H](N(C)C)C(O)=C(C(N)=O)C(=O)[C@@]3(O)C(O)=C1C2=O,240.0,0.6560982020128319
CON(C)Cc1ccc(O)c2c1C[C@H]1C[C@H]3[C@H](N(C)C)C(O)=C(C(N)=O)C(=O)[C@@]3(O)C(O)=C1C2=O,200.0,0.6551384348113821
CON(C)Cc1ccc(O)c2c1C[C@H]1C[C@H]3[C@H](N(C)C)C(O)=C(C(N)=O)C(=O)[C@@]3(O)C(O)=C1C2=O,320.0,0.6493348587121419
CON(C)Cc1ccc(O)c2c1C[C@H]1C[C@H]3[C@H](N(C)C)C(O)=C(C(N)=O)C(=O)[C@@]3(O)C(O)=C1C2=O,160.0,0.48572142648158
CON(C)Cc1ccc(O)c2c1C[C@H]1C[C@H]3[C@H](N(C)C)C(O)=C(C(N)=O)C(=O)[C@@]3(O)C(O)=C1C2=O,150.0,0.3792230854675399
CON(C)Cc1ccc(O)c2c1C[C@H]1C[C@H]3[C@H](N(C)C)C(O)=C(C(N)=O)C(=O)[C@@]3(O)C(O)=C1C2=O,120.0,0.3579348470004537
CON(C)Cc1ccc(O)c2c1C[C@H]1C[C@H]3[C@H](N(C)C)C(O)=C(C(N)=O)C(=O)[C@@]3(O)C(O)=C1C2=O,100.0,0.2321062926146576
CON(C)Cc1ccc(O)c2c1C[C@H]1C[C@H]3[C@H](N(C)C)C(O)=C(C(N)=O)C(=O)[C@@]3(O)C(O)=C1C2=O,60.0,0.08278537031645
CON(C)Cc1ccc(O)c2c1C[C@H]1C[C@H]3[C@H](N(C)C)C(O)=C(C(N)=O)C(=O)[C@@]3(O)C(O)=C1C2=O,40.0,-0.1821042428382045
CON(C)Cc1ccc(O)c2c1C[C@H]1C[C@H]3[C@H](N(C)C)C(O)=C(C(N)=O)C(=O)[C@@]3(O)C(O)=C1C2=O,20.0,-0.5199930570428494
COc1ccc2c(O[C@@H]3C[C@H]4C(=O)N[C@]5(C(=O)NS(=O)(=O)C6CC6)C[C@H]5/C=C\CCCCN(C)C(=O)[C@@H]4C3)cc(-c3nc(C(C)C)cs3)nc2c1C,600.0,1.1319392952104246
COc1ccc2c(O[C@@H]3C[C@H]4C(=O)N[C@]5(C(=O)NS(=O)(=O)C6CC6)C[C@H]5/C=C\CCCCN(C)C(=O)[C@@H]4C3)cc(-c3nc(C(C)C)cs3)nc2c1C,450.0,1.0195316845312554
COc1ccc2c(O[C@@H]3C[C@H]4C(=O)N[C@]5(C(=O)NS(=O)(=O)C6CC6)C[C@H]5/C=C\CCCCN(C)C(=O)[C@@H]4C3)cc(-c3nc(C(C)C)cs3)nc2c1C,300.0,0.7068883949816178
COc1ccc2c(O[C@@H]3C[C@H]4C(=O)N[C@]5(C(=O)NS(=O)(=O)C6CC6)C[C@H]5/C=C\CCCCN(C)C(=O)[C@@H]4C3)cc(-c3nc(C(C)C)cs3)nc2c1C,200.0,0.5156751880025342
COc1ccc2c(O[C@@H]3C[C@H]4C(=O)N[C@]5(C(=O)NS(=O)(=O)C6CC6)C[C@H]5/C=C\CCCCN(C)C(=O)[C@@H]4C3)cc(-c3nc(C(C)C)cs3)nc2c1C,150.0,0.2658786595628222
COc1ccc2c(O[C@@H]3C[C@H]4C(=O)N[C@]5(C(=O)NS(=O)(=O)C6CC6)C[C@H]5/C=C\CCCCN(C)C(=O)[C@@H]4C3)cc(-c3nc(C(C)C)cs3)nc2c1C,100.0,-0.1739251972991736
COc1ccc2c(O[C@@H]3C[C@H]4C(=O)N[C@]5(C(=O)NS(=O)(=O)C6CC6)C[C@H]5/C=C\CCCCN(C)C(=O)[C@@H]4C3)cc(-c3nc(C(C)C)cs3)nc2c1C,50.0,-0.5323918944163667
CN1C(=O)CN=C(c2ccccc2F)c2cc([N+](=O)[O-])ccc21,1.0,-2.1870866433571443
O=C(NC[C@H]1CN(c2ccc(N3CCOCC3=O)cc2)C(=O)O1)c1ccc(Cl)s1,45.0,-0.3188492500675786
O=C(NC[C@H]1CN(c2ccc(N3CCOCC3=O)cc2)C(=O)O1)c1ccc(Cl)s1,40.0,-0.3986898135461134
O=C(NC[C@H]1CN(c2ccc(N3CCOCC3=O)cc2)C(=O)O1)c1ccc(Cl)s1,30.0,-0.5102523943262876
O=C(NC[C@H]1CN(c2ccc(N3CCOCC3=O)cc2)C(=O)O1)c1ccc(Cl)s1,20.0,-0.6292908453205278
O=C(NC[C@H]1CN(c2ccc(N3CCOCC3=O)cc2)C(=O)O1)c1ccc(Cl)s1,15.0,-0.7056296340047611
O=C(NC[C@H]1CN(c2ccc(N3CCOCC3=O)cc2)C(=O)O1)c1ccc(Cl)s1,10.0,-0.7309327647769022
O=C(NC[C@H]1CN(c2ccc(N3CCOCC3=O)cc2)C(=O)O1)c1ccc(Cl)s1,5.0,-1.0488217409162437
O=C(NC[C@H]1CN(c2ccc(N3CCOCC3=O)cc2)C(=O)O1)c1ccc(Cl)s1,2.5,-1.1766731690426877
O=C(NC[C@H]1CN(c2ccc(N3CCOCC3=O)cc2)C(=O)O1)c1ccc(Cl)s1,1.25,-1.6363880201078558
O=C(NC[C@H]1CN(c2ccc(N3CCOCC3=O)cc2)C(=O)O1)c1ccc(Cl)s1,0.025,-2.9881276065318008
O=C(c1cc(Cc2n[nH]c(=O)c3ccccc23)ccc1F)N1CCN(C(=O)C2CC2)CC1,600.0,1.0413926851582251
O=C(c1cc(Cc2n[nH]c(=O)c3ccccc23)ccc1F)N1CCN(C(=O)C2CC2)CC1,450.0,1.0253058652647702
O=C(c1cc(Cc2n[nH]c(=O)c3ccccc23)ccc1F)N1CCN(C(=O)C2CC2)CC1,250.0,0.8228216453031046
O=C(c1cc(Cc2n[nH]c(=O)c3ccccc23)ccc1F)N1CCN(C(=O)C2CC2)CC1,300.0,0.8025179048949825
O=C(c1cc(Cc2n[nH]c(=O)c3ccccc23)ccc1F)N1CCN(C(=O)C2CC2)CC1,400.0,0.7965165159325832
O=C(c1cc(Cc2n[nH]c(=O)c3ccccc23)ccc1F)N1CCN(C(=O)C2CC2)CC1,200.0,0.6727441983065992
O=C(c1cc(Cc2n[nH]c(=O)c3ccccc23)ccc1F)N1CCN(C(=O)C2CC2)CC1,100.0,0.5463990654135532
O=C(c1cc(Cc2n[nH]c(=O)c3ccccc23)ccc1F)N1CCN(C(=O)C2CC2)CC1,80.0,0.5440680443502757
O=C(c1cc(Cc2n[nH]c(=O)c3ccccc23)ccc1F)N1CCN(C(=O)C2CC2)CC1,60.0,0.4313637641589873
O=C(c1cc(Cc2n[nH]c(=O)c3ccccc23)ccc1F)N1CCN(C(=O)C2CC2)CC1,40.0,0.3010299956639812
O=C(c1cc(Cc2n[nH]c(=O)c3ccccc23)ccc1F)N1CCN(C(=O)C2CC2)CC1,20.0,0.0791812460476248
O=C(c1cc(Cc2n[nH]c(=O)c3ccccc23)ccc1F)N1CCN(C(=O)C2CC2)CC1,10.0,-0.3979400086720376
COc1cc2nc(N3CCN(C(=O)C4COc5ccccc5O4)CC3)nc(N)c2cc1OC,16.0,-0.829933956823673
COc1cc2nc(N3CCN(C(=O)C4COc5ccccc5O4)CC3)nc(N)c2cc1OC,8.0,-1.2169838242242563
COc1cc2nc(N3CCN(C(=O)C4COc5ccccc5O4)CC3)nc(N)c2cc1OC,4.0,-1.7176742446323796
COc1cc2nc(N3CCN(C(=O)C4COc5ccccc5O4)CC3)nc(N)c2cc1OC,2.0,-1.8091734536059667
COc1cc2nc(N3CCN(C(=O)C4COc5ccccc5O4)CC3)nc(N)c2cc1OC,1.0,-2.0016316655958315
OCCN1CCN(CCCN2c3ccccc3Sc3ccc(C(F)(F)F)cc32)CC1,10.0,-3.186836161095974
O=C(Nc1cnn2ccc(N3CCCC3c3cc(F)ccc3F)nc12)N1CC[C@H](O)C1,900.0,0.8593965146057312
O=C(Nc1cnn2ccc(N3CCCC3c3cc(F)ccc3F)nc12)N1CC[C@H](O)C1,600.0,0.6684511491592147
O=C(Nc1cnn2ccc(N3CCCC3c3cc(F)ccc3F)nc12)N1CC[C@H](O)C1,700.0,0.6681994841986619
O=C(Nc1cnn2ccc(N3CCCC3c3cc(F)ccc3F)nc12)N1CC[C@H](O)C1,400.0,0.3781313064867437
O=C(Nc1cnn2ccc(N3CCCC3c3cc(F)ccc3F)nc12)N1CC[C@H](O)C1,200.0,0.0514226660890344
O=C(Nc1cnn2ccc(N3CCCC3c3cc(F)ccc3F)nc12)N1CC[C@H](O)C1,100.0,-0.2288181412199397
N#CCNC(=O)c1ccc(-c2ccnc(Nc3ccc(N4CCOCC4)cc3)n2)cc1,200.0,-0.3195285075157345
CN1CCN(C(=O)OC2c3nccnc3C(=O)N2c2ccc(Cl)cn2)CC1,7.5,-1.2599748274202076
CN1CCN(C(=O)OC2c3nccnc3C(=O)N2c2ccc(Cl)cn2)CC1,5.0,-1.2817059585102906
Fc1ccccc1C1=NCC(=S)N(CC(F)(F)F)c2ccc(Cl)cc21,25.0,-1.1069784076685607
Fc1ccccc1C1=NCC(=S)N(CC(F)(F)F)c2ccc(Cl)cc21,20.0,-1.5786703355212883
Fc1ccccc1C1=NCC(=S)N(CC(F)(F)F)c2ccc(Cl)cc21,15.0,-1.7349192521724897
Cc1ccc(NC(=O)c2ccc(CN3CCN(C)CC3)cc2)cc1Nc1nccc(-c2cccnc2)n1,425.0,0.5896331618975101
Cc1ccc(NC(=O)c2ccc(CN3CCN(C)CC3)cc2)cc1Nc1nccc(-c2cccnc2)n1,1000.0,0.5735561793318298
Cc1ccc(NC(=O)c2ccc(CN3CCN(C)CC3)cc2)cc1Nc1nccc(-c2cccnc2)n1,800.0,0.5684129510882158
Cc1ccc(NC(=O)c2ccc(CN3CCN(C)CC3)cc2)cc1Nc1nccc(-c2cccnc2)n1,600.0,0.5380676417936461
Cc1ccc(NC(=O)c2ccc(CN3CCN(C)CC3)cc2)cc1Nc1nccc(-c2cccnc2)n1,750.0,0.5328371545092276
Cc1ccc(NC(=O)c2ccc(CN3CCN(C)CC3)cc2)cc1Nc1nccc(-c2cccnc2)n1,200.0,0.4027961573801297
Cc1ccc(NC(=O)c2ccc(CN3CCN(C)CC3)cc2)cc1Nc1nccc(-c2cccnc2)n1,500.0,0.3860349947406336
Cc1ccc(NC(=O)c2ccc(CN3CCN(C)CC3)cc2)cc1Nc1nccc(-c2cccnc2)n1,150.0,0.3753587389171939
Cc1ccc(NC(=O)c2ccc(CN3CCN(C)CC3)cc2)cc1Nc1nccc(-c2cccnc2)n1,125.0,0.3610979671879633
Cc1ccc(NC(=O)c2ccc(CN3CCN(C)CC3)cc2)cc1Nc1nccc(-c2cccnc2)n1,225.0,0.3207692283386865
Cc1ccc(NC(=O)c2ccc(CN3CCN(C)CC3)cc2)cc1Nc1nccc(-c2cccnc2)n1,300.0,0.3196639306881442
Cc1ccc(NC(=O)c2ccc(CN3CCN(C)CC3)cc2)cc1Nc1nccc(-c2cccnc2)n1,400.0,0.3032365450774564
Cc1ccc(NC(=O)c2ccc(CN3CCN(C)CC3)cc2)cc1Nc1nccc(-c2cccnc2)n1,85.0,-0.3532696137525767
Cc1ccc(NC(=O)c2ccc(CN3CCN(C)CC3)cc2)cc1Nc1nccc(-c2cccnc2)n1,100.0,-0.3752539418272349
Cc1ccc(NC(=O)c2ccc(CN3CCN(C)CC3)cc2)cc1Nc1nccc(-c2cccnc2)n1,50.0,-0.7162466166674735
Cc1ccc(NC(=O)c2ccc(CN3CCN(C)CC3)cc2)cc1Nc1nccc(-c2cccnc2)n1,25.0,-1.069414790988213
O=C(O)CNC(=O)C1C(=O)N(C2CCCCC2)C(=O)N(C2CCCCC2)C1=O,300.0,0.5656117249020587
O=C(O)CNC(=O)C1C(=O)N(C2CCCCC2)C(=O)N(C2CCCCC2)C1=O,150.0,0.2397860668209176
O=C(O)CNC(=O)C1C(=O)N(C2CCCCC2)C(=O)N(C2CCCCC2)C1=O,50.0,-0.2550074554226035
O=C(O)CNC(=O)C1C(=O)N(C2CCCCC2)C(=O)N(C2CCCCC2)C1=O,15.0,-0.543633966870957
O=C(O)CNC(=O)C1C(=O)N(C2CCCCC2)C(=O)N(C2CCCCC2)C1=O,5.0,-1.0277971616209356
O=C(O)CNC(=O)C1C(=O)N(C2CCCCC2)C(=O)N(C2CCCCC2)C1=O,4.0,-1.0603060663451354
O=C(O)CNC(=O)C1C(=O)N(C2CCCCC2)C(=O)N(C2CCCCC2)C1=O,6.0,-1.2616654563134475
O=C(O)CNC(=O)C1C(=O)N(C2CCCCC2)C(=O)N(C2CCCCC2)C1=O,2.0,-1.5316526695878427
CCN(CC)CCOc1ccc(/C(=C(\Cl)c2ccccc2)c2ccccc2)cc1,50.0,-1.9985547591258208
CC#CC(=O)N1CCC[C@H]1c1nc(-c2ccc(C(=O)Nc3ccccn3)cc2)c2c(N)nccn12,400.0,0.2747718954513836
CC#CC(=O)N1CCC[C@H]1c1nc(-c2ccc(C(=O)Nc3ccccn3)cc2)c2c(N)nccn12,100.0,-0.3767380466108256
CC#CC(=O)N1CCC[C@H]1c1nc(-c2ccc(C(=O)Nc3ccccn3)cc2)c2c(N)nccn12,75.0,-0.4156687756324692
CC#CC(=O)N1CCC[C@H]1c1nc(-c2ccc(C(=O)Nc3ccccn3)cc2)c2c(N)nccn12,50.0,-0.8463947142552931
CC(=O)Oc1ccccc1C(=O)Nc1ncc([N+](=O)[O-])s1,1000.0,1.1386912634055582
CC(=O)Oc1ccccc1C(=O)Nc1ncc([N+](=O)[O-])s1,500.0,0.9314239665957832
CC(=O)Oc1ccccc1C(=O)Nc1ncc([N+](=O)[O-])s1,100.0,0.521078619819244
NCC1(CC(=O)O)CCCCC1,2400.0,0.8947047595135971
NCC1(CC(=O)O)CCCCC1,1800.0,0.8650999259470042
NCC1(CC(=O)O)CCCCC1,1400.0,0.7604224834232121
NCC1(CC(=O)O)CCCCC1,800.0,0.6986956264295123
NCC1(CC(=O)O)CCCCC1,1200.0,0.693097909469289
NCC1(CC(=O)O)CCCCC1,600.0,0.5882884432018105
NCC1(CC(=O)O)CCCCC1,400.0,0.5224943916725596
NCC1(CC(=O)O)CCCCC1,300.0,0.4318412255334426
NCC1(CC(=O)O)CCCCC1,200.0,0.4166405073382809
NCC1(CC(=O)O)CCCCC1,125.0,0.1398790864012364
NCC1(CC(=O)O)CCCCC1,100.0,0.068848119623922
NCC1(CC(=O)O)CCCCC1,25.0,-0.4116560101563273
CC(C)C[C@H](CN)CC(=O)O,300.0,0.8379571142296185
CC(C)C[C@H](CN)CC(=O)O,200.0,0.7478000908643689
CC(C)C[C@H](CN)CC(=O)O,150.0,0.5844410524076346
CC(C)C[C@H](CN)CC(=O)O,125.0,0.5550944485783191
CC(C)C[C@H](CN)CC(=O)O,100.0,0.5278875659527047
CC(C)C[C@H](CN)CC(=O)O,75.0,0.3384564936046048
CC(C)C[C@H](CN)CC(=O)O,50.0,0.2526296263472158
CC(C)C[C@H](CN)CC(=O)O,25.0,-0.0501222959631252
CC(C)C[C@H](CN)CC(=O)O,10.0,-0.3381873144627387
CC(C)C[C@H](CN)CC(=O)O,5.0,-0.8068754016455384
CC(C)C[C@H](CN)CC(=O)O,2.0,-1.0716041477432865
CC(C)C[C@H](CN)CC(=O)O,1.0,-1.4168012260313771
COc1cc(C(=O)NS(=O)(=O)c2ccccc2C)ccc1Cc1cn(C)c2ccc(NC(=O)OC3CCCC3)cc12,200.0,0.1550322287909702
COc1cc(C(=O)NS(=O)(=O)c2ccccc2C)ccc1Cc1cn(C)c2ccc(NC(=O)OC3CCCC3)cc12,150.0,0.1228709228644354
COc1cc(C(=O)NS(=O)(=O)c2ccccc2C)ccc1Cc1cn(C)c2ccc(NC(=O)OC3CCCC3)cc12,92.4,0.0955180423231508
COc1cc(C(=O)NS(=O)(=O)c2ccccc2C)ccc1Cc1cn(C)c2ccc(NC(=O)OC3CCCC3)cc12,80.0,0.0685568950723631
COc1cc(C(=O)NS(=O)(=O)c2ccccc2C)ccc1Cc1cn(C)c2ccc(NC(=O)OC3CCCC3)cc12,70.0,-0.0339521789235461
COc1cc(C(=O)NS(=O)(=O)c2ccccc2C)ccc1Cc1cn(C)c2ccc(NC(=O)OC3CCCC3)cc12,100.0,-0.1308269726783169
COc1cc(C(=O)NS(=O)(=O)c2ccccc2C)ccc1Cc1cn(C)c2ccc(NC(=O)OC3CCCC3)cc12,67.9,-0.1426675035687315
COc1cc(C(=O)NS(=O)(=O)c2ccccc2C)ccc1Cc1cn(C)c2ccc(NC(=O)OC3CCCC3)cc12,77.7,-0.1758741660834509
COc1cc(C(=O)NS(=O)(=O)c2ccccc2C)ccc1Cc1cn(C)c2ccc(NC(=O)OC3CCCC3)cc12,35.0,-0.175874166083451
COc1cc(C(=O)NS(=O)(=O)c2ccccc2C)ccc1Cc1cn(C)c2ccc(NC(=O)OC3CCCC3)cc12,60.0,-0.1868996029399843
COc1cc(C(=O)NS(=O)(=O)c2ccccc2C)ccc1Cc1cn(C)c2ccc(NC(=O)OC3CCCC3)cc12,118.3,-0.2291479883578558
COc1cc(C(=O)NS(=O)(=O)c2ccccc2C)ccc1Cc1cn(C)c2ccc(NC(=O)OC3CCCC3)cc12,50.0,-0.2724485770210937
COc1cc(C(=O)NS(=O)(=O)c2ccccc2C)ccc1Cc1cn(C)c2ccc(NC(=O)OC3CCCC3)cc12,22.5,-0.3526170298853802
COc1cc(C(=O)NS(=O)(=O)c2ccccc2C)ccc1Cc1cn(C)c2ccc(NC(=O)OC3CCCC3)cc12,40.0,-0.3795827769327594
COc1cc(C(=O)NS(=O)(=O)c2ccccc2C)ccc1Cc1cn(C)c2ccc(NC(=O)OC3CCCC3)cc12,36.4,-0.3798639450262425
COc1cc(C(=O)NS(=O)(=O)c2ccccc2C)ccc1Cc1cn(C)c2ccc(NC(=O)OC3CCCC3)cc12,20.0,-0.4511199486824644
COc1cc(C(=O)NS(=O)(=O)c2ccccc2C)ccc1Cc1cn(C)c2ccc(NC(=O)OC3CCCC3)cc12,28.0,-0.5376020021010439
COc1cc(C(=O)NS(=O)(=O)c2ccccc2C)ccc1Cc1cn(C)c2ccc(NC(=O)OC3CCCC3)cc12,30.0,-0.5849431418891491
COc1cc(C(=O)NS(=O)(=O)c2ccccc2C)ccc1Cc1cn(C)c2ccc(NC(=O)OC3CCCC3)cc12,13.3,-0.6989700043360187
COc1cc(C(=O)NS(=O)(=O)c2ccccc2C)ccc1Cc1cn(C)c2ccc(NC(=O)OC3CCCC3)cc12,10.0,-1.0267474201525606
COc1cc(C(=O)NS(=O)(=O)c2ccccc2C)ccc1Cc1cn(C)c2ccc(NC(=O)OC3CCCC3)cc12,15.4,-1.0915149811213505
COc1cc(C(=O)NS(=O)(=O)c2ccccc2C)ccc1Cc1cn(C)c2ccc(NC(=O)OC3CCCC3)cc12,7.0,-1.138664761115058
COc1cc(C(=O)NS(=O)(=O)c2ccccc2C)ccc1Cc1cn(C)c2ccc(NC(=O)OC3CCCC3)cc12,4.0,-1.1611509092627446
COc1cc(C(=O)NS(=O)(=O)c2ccccc2C)ccc1Cc1cn(C)c2ccc(NC(=O)OC3CCCC3)cc12,9.8,-1.1611509092627446
COc1cc(C(=O)NS(=O)(=O)c2ccccc2C)ccc1Cc1cn(C)c2ccc(NC(=O)OC3CCCC3)cc12,5.0,-1.4309071265133353
COc1cc(C(=O)NS(=O)(=O)c2ccccc2C)ccc1Cc1cn(C)c2ccc(NC(=O)OC3CCCC3)cc12,2.0,-1.4814860601221125
COc1cc(C(=O)NS(=O)(=O)c2ccccc2C)ccc1Cc1cn(C)c2ccc(NC(=O)OC3CCCC3)cc12,3.5,-1.494850021680094
COc1cc(C(=O)NS(=O)(=O)c2ccccc2C)ccc1Cc1cn(C)c2ccc(NC(=O)OC3CCCC3)cc12,1.0,-2.0457574905606752
CC(=O)Nc1cccc(-n2c(=O)n(C3CC3)c(=O)c3c(Nc4ccc(I)cc4F)n(C)c(=O)c(C)c32)c1,10.0,-1.106793246940152
CC(=O)Nc1cccc(-n2c(=O)n(C3CC3)c(=O)c3c(Nc4ccc(I)cc4F)n(C)c(=O)c(C)c32)c1,4.0,-1.58838029403677
CC(=O)Nc1cccc(-n2c(=O)n(C3CC3)c(=O)c3c(Nc4ccc(I)cc4F)n(C)c(=O)c(C)c32)c1,6.0,-1.6968039425795112
CC(=O)Nc1cccc(-n2c(=O)n(C3CC3)c(=O)c3c(Nc4ccc(I)cc4F)n(C)c(=O)c(C)c32)c1,2.0,-1.876475019057268
CC(=O)Nc1cccc(-n2c(=O)n(C3CC3)c(=O)c3c(Nc4ccc(I)cc4F)n(C)c(=O)c(C)c32)c1,8.0,-1.9244530386074687
CC(=O)Nc1cccc(-n2c(=O)n(C3CC3)c(=O)c3c(Nc4ccc(I)cc4F)n(C)c(=O)c(C)c32)c1,2.5,-2.0305840876460186
CC(=O)Nc1cccc(-n2c(=O)n(C3CC3)c(=O)c3c(Nc4ccc(I)cc4F)n(C)c(=O)c(C)c32)c1,3.0,-2.0315170514460648
CC(=O)Nc1cccc(-n2c(=O)n(C3CC3)c(=O)c3c(Nc4ccc(I)cc4F)n(C)c(=O)c(C)c32)c1,1.5,-2.473660722610156
CC(=O)Nc1cccc(-n2c(=O)n(C3CC3)c(=O)c3c(Nc4ccc(I)cc4F)n(C)c(=O)c(C)c32)c1,1.0,-2.7363639314119155
CC(=O)Nc1cccc(-n2c(=O)n(C3CC3)c(=O)c3c(Nc4ccc(I)cc4F)n(C)c(=O)c(C)c32)c1,0.5,-2.98716277529487
CC(=O)Nc1cccc(-n2c(=O)n(C3CC3)c(=O)c3c(Nc4ccc(I)cc4F)n(C)c(=O)c(C)c32)c1,0.125,-3.206209615309181
CC(=O)Nc1cccc(-n2c(=O)n(C3CC3)c(=O)c3c(Nc4ccc(I)cc4F)n(C)c(=O)c(C)c32)c1,0.25,-3.469800301796918
CC[C@H](CO)NCCN[C@H](CC)CO,1715.0,0.6989700043360189
CC[C@H](CO)NCCN[C@H](CC)CO,1200.0,0.4235735197327355
COCC(=O)O[C@]1(CCN(C)CCCc2nc3ccccc3[nH]2)CCc2cc(F)ccc2[C@@H]1C(C)C,350.0,0.2250506961380488
COCC(=O)O[C@]1(CCN(C)CCCc2nc3ccccc3[nH]2)CCc2cc(F)ccc2[C@@H]1C(C)C,320.0,0.173186268412274
COCC(=O)O[C@]1(CCN(C)CCCc2nc3ccccc3[nH]2)CCc2cc(F)ccc2[C@@H]1C(C)C,250.0,0.1004892130833282
COCC(=O)O[C@]1(CCN(C)CCCc2nc3ccccc3[nH]2)CCc2cc(F)ccc2[C@@H]1C(C)C,200.0,0.0721273021343933
COCC(=O)O[C@]1(CCN(C)CCCc2nc3ccccc3[nH]2)CCc2cc(F)ccc2[C@@H]1C(C)C,160.0,-0.1087413830958609
COCC(=O)O[C@]1(CCN(C)CCCc2nc3ccccc3[nH]2)CCc2cc(F)ccc2[C@@H]1C(C)C,150.0,-0.2217652394763234
COCC(=O)O[C@]1(CCN(C)CCCc2nc3ccccc3[nH]2)CCc2cc(F)ccc2[C@@H]1C(C)C,100.0,-0.2884570963826751
COCC(=O)O[C@]1(CCN(C)CCCc2nc3ccccc3[nH]2)CCc2cc(F)ccc2[C@@H]1C(C)C,120.0,-0.3053948010664313
COCC(=O)O[C@]1(CCN(C)CCCc2nc3ccccc3[nH]2)CCc2cc(F)ccc2[C@@H]1C(C)C,50.0,-0.5752300878347998
COCC(=O)O[C@]1(CCN(C)CCCc2nc3ccccc3[nH]2)CCc2cc(F)ccc2[C@@H]1C(C)C,40.0,-0.9393021596463884
COCC(=O)O[C@]1(CCN(C)CCCc2nc3ccccc3[nH]2)CCc2cc(F)ccc2[C@@H]1C(C)C,25.0,-1.0746879085003505
COCC(=O)O[C@]1(CCN(C)CCCc2nc3ccccc3[nH]2)CCc2cc(F)ccc2[C@@H]1C(C)C,20.0,-1.1687703061329366
COCC(=O)O[C@]1(CCN(C)CCCc2nc3ccccc3[nH]2)CCc2cc(F)ccc2[C@@H]1C(C)C,80.0,-1.214670164989233
COCC(=O)O[C@]1(CCN(C)CCCc2nc3ccccc3[nH]2)CCc2cc(F)ccc2[C@@H]1C(C)C,10.0,-1.5734887386354248
CC1(C)CC(=O)N(CCCCN2CCN(c3ncccn3)CC2)C(=O)C1,80.0,-1.6323778855964148
CC1(C)CC(=O)N(CCCCN2CCN(c3ncccn3)CC2)C(=O)C1,40.0,-2.0492205962747376
CC1(C)CC(=O)N(CCCCN2CCN(c3ncccn3)CC2)C(=O)C1,20.0,-2.2353153866735145
C[C@]12CCC(=O)C=C1[C@@H]1C[C@@H]1[C@H]1[C@@H]3[C@@H]4C[C@@H]4[C@@]4(CCC(=O)O4)[C@@]3(C)CC[C@@H]12,4.0,-1.537602002101044
C[C@]12CCC(=O)C=C1[C@@H]1C[C@@H]1[C@H]1[C@@H]3[C@@H]4C[C@@H]4[C@@]4(CCC(=O)O4)[C@@]3(C)CC[C@@H]12,3.0,-4.666216974050962
OC(CCN1CCCCC1)(c1ccccc1)C1CC2C=CC1C2,2.0,-2.454692883534176
OC(CCN1CCCCC1)(c1ccccc1)C1CC2C=CC1C2,4.0,-2.4705329792914936
CCOc1ccccc1OCCN[C@H](C)Cc1ccc(OC)c(S(N)(=O)=O)c1,0.8,-1.5800442515102422
CCOc1ccccc1OCCN[C@H](C)Cc1ccc(OC)c(S(N)(=O)=O)c1,0.6,-1.6777807052660807
CCOc1ccccc1OCCN[C@H](C)Cc1ccc(OC)c(S(N)(=O)=O)c1,0.55,-1.7387371312075066
CCOc1ccccc1OCCN[C@H](C)Cc1ccc(OC)c(S(N)(=O)=O)c1,1.0,-1.7746907182741372
CCOc1ccccc1OCCN[C@H](C)Cc1ccc(OC)c(S(N)(=O)=O)c1,0.4,-1.825204507700694
CCOc1ccccc1OCCN[C@H](C)Cc1ccc(OC)c(S(N)(=O)=O)c1,0.2,-1.862069713874752
CCOc1ccccc1OCCN[C@H](C)Cc1ccc(OC)c(S(N)(=O)=O)c1,0.1,-1.8664610916297824
CCOc1ccccc1OCCN[C@H](C)Cc1ccc(OC)c(S(N)(=O)=O)c1,0.05,-2.4814860601221125
CCCNC(=O)NS(=O)(=O)c1ccc(Cl)cc1,250.0,1.5295444172650554
CC1(C)S[C@@H]2[C@H](NC(=O)[C@H](N)c3ccc(O)cc3)C(=O)N2[C@H]1C(=O)O,1000.0,1.1190273600045528
CC1(C)S[C@@H]2[C@H](NC(=O)[C@H](N)c3ccc(O)cc3)C(=O)N2[C@H]1C(=O)O,875.0,1.110252917353403
CC1(C)S[C@@H]2[C@H](NC(=O)[C@H](N)c3ccc(O)cc3)C(=O)N2[C@H]1C(=O)O,750.0,1.02246301437778
CC1(C)S[C@@H]2[C@H](NC(=O)[C@H](N)c3ccc(O)cc3)C(=O)N2[C@H]1C(=O)O,500.0,0.8923419934587212
CC1(C)S[C@@H]2[C@H](NC(=O)[C@H](N)c3ccc(O)cc3)C(=O)N2[C@H]1C(=O)O,400.0,0.8022237920018734
CC1(C)S[C@@H]2[C@H](NC(=O)[C@H](N)c3ccc(O)cc3)C(=O)N2[C@H]1C(=O)O,250.0,0.5820390001594615
CC1(C)S[C@@H]2[C@H](NC(=O)[C@H](N)c3ccc(O)cc3)C(=O)N2[C@H]1C(=O)O,1250.0,0.5118833609788744
CC(C)(C)c1cc(NC(=O)Nc2ccc(-c3cn4c(n3)sc3cc(OCCN5CCOCC5)ccc34)cc2)no1,53.0,-0.4335625078049298
CC(C)(C)c1cc(NC(=O)Nc2ccc(-c3cn4c(n3)sc3cc(OCCN5CCOCC5)ccc34)cc2)no1,35.4,-0.725072806900224
CC(C)(C)c1cc(NC(=O)Nc2ccc(-c3cn4c(n3)sc3cc(OCCN5CCOCC5)ccc34)cc2)no1,26.5,-1.0078253375119566
CCCCCCCC(=O)N[C@H](CN1CCCC1)[C@H](O)c1ccc2c(c1)OCCO2,2100.0,0.2676409823459155
CCCCCCCC(=O)N[C@H](CN1CCCC1)[C@H](O)c1ccc2c(c1)OCCO2,450.0,-0.583359492661719
CCCCCCCC(=O)N[C@H](CN1CCCC1)[C@H](O)c1ccc2c(c1)OCCO2,800.0,-0.5958102749860599
CCCCCCCC(=O)N[C@H](CN1CCCC1)[C@H](O)c1ccc2c(c1)OCCO2,100.0,-0.924188434819574
CCCCCCCC(=O)N[C@H](CN1CCCC1)[C@H](O)c1ccc2c(c1)OCCO2,350.0,-0.9706162223147904
CCCCCCCC(=O)N[C@H](CN1CCCC1)[C@H](O)c1ccc2c(c1)OCCO2,300.0,-1.07727454200674
CCCCCCCC(=O)N[C@H](CN1CCCC1)[C@H](O)c1ccc2c(c1)OCCO2,84.0,-1.2232988160115892
CCCCCCCC(=O)N[C@H](CN1CCCC1)[C@H](O)c1ccc2c(c1)OCCO2,150.0,-1.3666247840132657
CCCCCCCC(=O)N[C@H](CN1CCCC1)[C@H](O)c1ccc2c(c1)OCCO2,200.0,-1.6983390655068105
CCCCCCCC(=O)N[C@H](CN1CCCC1)[C@H](O)c1ccc2c(c1)OCCO2,50.0,-1.8004598297942107
CC(CN(C)C)CN1c2ccccc2CCc2ccccc21,50.0,-1.6673595896125375
CNC(=O)[C@@H](c1ccccc1)N1CCc2cc(O)c(OC)cc2[C@@H]1CCc1ccc(C(F)(F)F)cc1,200.0,-1.590062609788628
Cc1nc2c([nH]1)-c1ccccc1N(C(=O)c1ccc(NC(=O)c3ccccc3-c3ccccc3)cc1)CC2,30.0,-0.7569619513137056
Cc1nc2c([nH]1)-c1ccccc1N(C(=O)c1ccc(NC(=O)c3ccccc3-c3ccccc3)cc1)CC2,20.0,-0.9759250126925736
Cc1nc2c([nH]1)-c1ccccc1N(C(=O)c1ccc(NC(=O)c3ccccc3-c3ccccc3)cc1)CC2,10.0,-1.2589610147834642
C#CCN[C@@H]1CCc2ccccc21,20.0,-1.147642016332173
C#CCN[C@@H]1CCc2ccccc21,10.0,-1.5181275896893365
C#CCN[C@@H]1CCc2ccccc21,5.0,-1.8428455600937184
C#CCN[C@@H]1CCc2ccccc21,2.0,-2.003050751504619
C#CCN[C@@H]1CCc2ccccc21,1.0,-2.1699640130413944
C#CCN[C@@H]1CCc2ccccc21,1.0,-2.491193118109765
CC/C(=C(/CC)c1ccc(O)cc1)c1ccc(O)cc1,2.0,-2.468521082957745
COc1ccc(C(CN(C)C)C2(O)CCCCC2)cc1,2750.0,0.7951845896824241
COc1ccc(C(CN(C)C)C2(O)CCCCC2)cc1,2500.0,0.3710678622717361
COc1ccc(C(CN(C)C)C2(O)CCCCC2)cc1,225.0,-0.8808458760371742
COc1ccc(C(CN(C)C)C2(O)CCCCC2)cc1,75.0,-0.911672552999508
COc1ccc(C(CN(C)C)C2(O)CCCCC2)cc1,50.0,-0.9136401693252518
COc1ccc(C(CN(C)C)C2(O)CCCCC2)cc1,150.0,-0.9538773005608812
COc1ccc(C(CN(C)C)C2(O)CCCCC2)cc1,70.0,-1.198346874623656
COc1ccc(C(CN(C)C)C2(O)CCCCC2)cc1,37.5,-1.2798487966063452
COc1ccc(C(CN(C)C)C2(O)CCCCC2)cc1,25.0,-1.3098039199714864
CC(N)[C@]12C[C@H]3C[C@H](C[C@H](C3)C1)C2,280.0,-0.4546928835341759
CC(N)[C@]12C[C@H]3C[C@H](C[C@H](C3)C1)C2,200.0,-0.825984946446686
CC(N)[C@]12C[C@H]3C[C@H](C[C@H](C3)C1)C2,100.0,-1.074516012799748
Brc1c(NC2=NCCN2)ccc2nccnc12,500.0,3.648360010980932
CN(C)C(=O)Oc1ccc[n+](C)c1,90.0,-1.4628107737563554
CN(C)C(=O)Oc1ccc[n+](C)c1,60.0,-1.501324240957097
CN(C)C(=O)Oc1ccc[n+](C)c1,51.1,-1.5391021572434522
CN(C)C(=O)Oc1ccc[n+](C)c1,40.0,-1.6420651529995465
CN(C)C(=O)Oc1ccc[n+](C)c1,39.9,-1.642160403462019
CN(C)C(=O)Oc1ccc[n+](C)c1,30.0,-1.6528326722601183
CN(C)C(=O)Oc1ccc[n+](C)c1,30.1,-1.6777807052660807
CN(C)C(=O)Oc1ccc[n+](C)c1,28.0,-1.7594507517174005
Nc1c2c(nc3ccccc13)CCCC2,60.0,-1.7734000947926425
Nc1c2c(nc3ccccc13)CCCC2,40.0,-1.828065683283292
Nc1c2c(nc3ccccc13)CCCC2,20.0,-2.484126156288321
Nc1c2c(nc3ccccc13)CCCC2,10.0,-2.5157001606532283
O=C(O)C[C@@H]1CC[C@H](NC(=O)Cc2cccs2)B(O)O1,1000.0,1.3424226605643423
C(=C/c1ccccc1)\CN1CCN(C(c2ccccc2)c2ccccc2)CC1,75.0,-0.3702507102410086
C(=C/c1ccccc1)\CN1CCN(C(c2ccccc2)c2ccccc2)CC1,25.0,-1.4041365100917325
CC[C@@H](CO)NC(=O)[C@@H]1C=C2c3cccc4[nH]cc(c34)C[C@H]2N(C)C1,0.2,-2.4890530513270277
CN1C(=O)C(O)N=C(c2ccccc2Cl)c2cc(Cl)ccc21,3.0,-1.5139948136377592
CN1C(=O)C(O)N=C(c2ccccc2Cl)c2cc(Cl)ccc21,1.0,-2.098269308270781
O=C(Nc1nc2cccc(-c3ccc(CN4CCS(=O)(=O)CC4)cc3)n2n1)C1CC1,200.0,0.3111899715644466
O=C(O)COc1cccc2c1CC[C@](O)(COC(=O)N(c1ccccc1)c1ccccc1)C2,0.0125,-3.804404753603353
C[C@H]1O[C@H](O[C@H]2[C@H](O)[C@@H](O)[C@@H](O[C@H]3[C@H](O)[C@@H](O)C(O)O[C@@H]3CO)O[C@@H]2CO)[C@H](O)[C@@H](O)[C@@H]1N[C@H]1C=C(CO)[C@@H](O)[C@H](O)[C@H]1O,300.0,-1.0132282657337552
CCN(CC)CCCN(c1ccccc1)C1Cc2ccccc2C1,20.0,-0.0644927341752872
CCN(CC)CCCN(c1ccccc1)C1Cc2ccccc2C1,10.0,-0.3251388592621884
CS(=O)(=O)c1ccc(C(=O)Nc2ccc(Cl)c(-c3ccccn3)c2)c(Cl)c1,150.0,0.6170353070628609
CCCN(CCC)CCc1cccc2c1CC(=O)N2,8.0,-1.8810742471742263
CCCN(CCC)CCc1cccc2c1CC(=O)N2,6.0,-2.0087739243075053
CCCN(CCC)CCc1cccc2c1CC(=O)N2,4.0,-2.1879226291434857
CCCN(CCC)CCc1cccc2c1CC(=O)N2,2.0,-2.607443731704928
CCCN(CCC)CCc1cccc2c1CC(=O)N2,1.0,-2.835774646633252
CCCN(CCC)CCc1cccc2c1CC(=O)N2,0.5,-3.154901959985743
CCCN(CCC)CCc1cccc2c1CC(=O)N2,0.32,-3.3467874862246565
CCCN(CCC)CCc1cccc2c1CC(=O)N2,0.75,-3.4618213896066243
C[C@]12C=CC(=O)C=C1CC[C@@H]1[C@@H]2[C@@H](O)C[C@@]2(C)[C@H]1CC[C@]2(O)C(=O)CO,180.0,0.1489109931093564
C[C@]12C=CC(=O)C=C1CC[C@@H]1[C@@H]2[C@@H](O)C[C@@]2(C)[C@H]1CC[C@]2(O)C(=O)CO,50.0,-0.0092173081968621
C[C@]12C=CC(=O)C=C1CC[C@@H]1[C@@H]2[C@@H](O)C[C@@]2(C)[C@H]1CC[C@]2(O)C(=O)CO,15.0,-0.3639804178525817
C[C@]12C=CC(=O)C=C1CC[C@@H]1[C@@H]2[C@@H](O)C[C@@]2(C)[C@H]1CC[C@]2(O)C(=O)CO,10.0,-0.5934598195660449
C[C@]12C=CC(=O)C=C1CC[C@@H]1[C@@H]2[C@@H](O)C[C@@]2(C)[C@H]1CC[C@]2(O)C(=O)CO,13.5,-0.6020599913279624
C[C@]12C=CC(=O)C=C1CC[C@@H]1[C@@H]2[C@@H](O)C[C@@]2(C)[C@H]1CC[C@]2(O)C(=O)CO,9.0,-0.7033348097384688
C[C@]12C=CC(=O)C=C1CC[C@@H]1[C@@H]2[C@@H](O)C[C@@]2(C)[C@H]1CC[C@]2(O)C(=O)CO,4.5,-0.9706162223147904
O=C(N[C@@H]1CC[C@@H](c2cccc(F)c2F)CN(CC(F)(F)F)C1=O)N1CCC(n2c(=O)[nH]c3ncccc32)CC1,150.0,-0.0426571049284422
CC[C@H](C)C(=O)O[C@H]1C[C@H](O)C=C2C=C[C@H](C)[C@H](CC[C@@H](O)C[C@@H](O)CC(=O)O)[C@H]21,60.0,-1.08460016478773
CC[C@H](C)C(=O)O[C@H]1C[C@H](O)C=C2C=C[C@H](C)[C@H](CC[C@@H](O)C[C@@H](O)CC(=O)O)[C@H]21,40.0,-1.305100049749334
CC[C@H](C)C(=O)O[C@H]1C[C@H](O)C=C2C=C[C@H](C)[C@H](CC[C@@H](O)C[C@@H](O)CC(=O)O)[C@H]21,20.0,-1.4891301621926782
CC[C@H](C)C(=O)O[C@H]1C[C@H](O)C=C2C=C[C@H](C)[C@H](CC[C@@H](O)C[C@@H](O)CC(=O)O)[C@H]21,19.2,-1.562249437179612
CC[C@H](C)C(=O)O[C@H]1C[C@H](O)C=C2C=C[C@H](C)[C@H](CC[C@@H](O)C[C@@H](O)CC(=O)O)[C@H]21,10.0,-2.024108863598207
CC[C@H](C)C(=O)O[C@H]1C[C@H](O)C=C2C=C[C@H](C)[C@H](CC[C@@H](O)C[C@@H](O)CC(=O)O)[C@H]21,5.0,-2.2365720064370627
COc1ccccc1OCC(O)CN1CCN(CC(=O)Nc2c(C)cccc2C)CC1,7000.0,1.1804126328383238
COc1ccccc1OCC(O)CN1CCN(CC(=O)Nc2c(C)cccc2C)CC1,1500.0,0.5110112243206875
COc1ccccc1OCC(O)CN1CCN(CC(=O)Nc2c(C)cccc2C)CC1,400.0,0.3253103717110612
COc1ccccc1OCC(O)CN1CCN(CC(=O)Nc2c(C)cccc2C)CC1,1000.0,0.3004668574523632
COc1ccccc1OCC(O)CN1CCN(CC(=O)Nc2c(C)cccc2C)CC1,240.0,0.0863598306747482
COc1ccccc1OCC(O)CN1CCN(CC(=O)Nc2c(C)cccc2C)CC1,750.0,0.0853200179017037
COc1ccccc1OCC(O)CN1CCN(CC(=O)Nc2c(C)cccc2C)CC1,875.0,0.0234149240592871
COc1ccccc1OCC(O)CN1CCN(CC(=O)Nc2c(C)cccc2C)CC1,500.0,-0.0112977882153317
COc1ccccc1OCC(O)CN1CCN(CC(=O)Nc2c(C)cccc2C)CC1,120.0,-0.2628073572952627
COc1ccccc1OCC(O)CN1CCN(CC(=O)Nc2c(C)cccc2C)CC1,375.0,-0.2737660318649174
COc1ccccc1OCC(O)CN1CCN(CC(=O)Nc2c(C)cccc2C)CC1,60.0,-0.6363880201078559
COc1ccccc1OCC(O)CN1CCN(CC(=O)Nc2c(C)cccc2C)CC1,10.0,-1.3716110699496895
CC(C)(C)NC(=O)c1ccc(Oc2cc(F)c(CC(=O)O)cc2Cl)c(NS(=O)(=O)c2ccc(C3CC3)cc2Cl)c1,50.0,-0.6046696004296136
COP(=O)(c1cc(C)cc(/C=C/C#N)c1)c1c(C(N)=O)[nH]c2ccc(Cl)cc12,1200.0,0.7481880981994686
COP(=O)(c1cc(C)cc(/C=C/C#N)c1)c1c(C(N)=O)[nH]c2ccc(Cl)cc12,800.0,0.676693596367456
COP(=O)(c1cc(C)cc(/C=C/C#N)c1)c1c(C(N)=O)[nH]c2ccc(Cl)cc12,100.0,0.4771213045187601
COP(=O)(c1cc(C)cc(/C=C/C#N)c1)c1c(C(N)=O)[nH]c2ccc(Cl)cc12,400.0,0.3222191163284668
COP(=O)(c1cc(C)cc(/C=C/C#N)c1)c1c(C(N)=O)[nH]c2ccc(Cl)cc12,50.0,0.2041197329365258
COP(=O)(c1cc(C)cc(/C=C/C#N)c1)c1c(C(N)=O)[nH]c2ccc(Cl)cc12,200.0,-2.4971939886574944e-07
C[C@H]1Oc2cc(cnc2N)-c2c(nn(C)c2C#N)CN(C)C(=O)c2ccc(F)cc21,200.0,0.0665743775895823
C[C@H]1Oc2cc(cnc2N)-c2c(nn(C)c2C#N)CN(C)C(=O)c2ccc(F)cc21,150.0,-0.1191864077192086
C[C@H]1Oc2cc(cnc2N)-c2c(nn(C)c2C#N)CN(C)C(=O)c2ccc(F)cc21,100.0,-0.2447852298158766
C[C@H]1Oc2cc(cnc2N)-c2c(nn(C)c2C#N)CN(C)C(=O)c2ccc(F)cc21,75.0,-0.329639711178995
C[C@H]1Oc2cc(cnc2N)-c2c(nn(C)c2C#N)CN(C)C(=O)c2ccc(F)cc21,50.0,-0.441219452920764
C[C@H]1Oc2cc(cnc2N)-c2c(nn(C)c2C#N)CN(C)C(=O)c2ccc(F)cc21,25.0,-0.82623117686335
CC[C@H]1OC(=O)[C@H](C)[C@@H](O[C@H]2C[C@@](C)(OC)[C@@H](O)[C@H](C)O2)[C@H](C)[C@@H](O[C@@H]2O[C@H](C)C[C@H](N(C)C)[C@H]2O)[C@](C)(O)C[C@@H](C)[C@@H]2N[C@@H](COCCOC)O[C@H]([C@H]2C)[C@]1(C)O,500.0,-0.3187587626244128
CC[C@H]1OC(=O)[C@H](C)[C@@H](O[C@H]2C[C@@](C)(OC)[C@@H](O)[C@H](C)O2)[C@H](C)[C@@H](O[C@@H]2O[C@H](C)C[C@H](N(C)C)[C@H]2O)[C@](C)(O)C[C@@H](C)[C@@H]2N[C@@H](COCCOC)O[C@H]([C@H]2C)[C@]1(C)O,250.0,-0.4685210829577448
COC(=O)C1=C(C)NC(C)=C(C(=O)OC)C1c1ccccc1[N+](=O)[O-],90.0,-0.5544541735638993
COC(=O)C1=C(C)NC(C)=C(C(=O)OC)C1c1ccccc1[N+](=O)[O-],40.0,-0.6716203965612623
COC(=O)C1=C(C)NC(C)=C(C(=O)OC)C1c1ccccc1[N+](=O)[O-],20.0,-0.8413439803482997
COC(=O)C1=C(C)NC(C)=C(C(=O)OC)C1c1ccccc1[N+](=O)[O-],10.0,-1.18467347478234
CNCc1ccc(-c2[nH]c3cc(F)cc4c3c2CCNC4=O)cc1,840.0,0.3434085938038573
CNCc1ccc(-c2[nH]c3cc(F)cc4c3c2CCNC4=O)cc1,600.0,0.2966273377923077
CNCc1ccc(-c2[nH]c3cc(F)cc4c3c2CCNC4=O)cc1,500.0,-0.0227337875727073
CNCc1ccc(-c2[nH]c3cc(F)cc4c3c2CCNC4=O)cc1,300.0,-0.2362725962343017
CNCc1ccc(-c2[nH]c3cc(F)cc4c3c2CCNC4=O)cc1,160.0,-0.583359492661719
CNCc1ccc(-c2[nH]c3cc(F)cc4c3c2CCNC4=O)cc1,80.0,-0.9430951486635274
CNCc1ccc(-c2[nH]c3cc(F)cc4c3c2CCNC4=O)cc1,40.0,-0.999240648895263
C=C1/C(=C\C=C2/CCC[C@]3(C)[C@@H]([C@H](C)/C=C/[C@@H](O)C4CC4)CC[C@@H]23)C[C@@H](O)C[C@@H]1O,14.0,-1.0757207139381184
O=C1OCCN1/N=C/c1ccc([N+](=O)[O-])o1,200.0,-0.5376020021010439
CO[C@H]1/C=C/O[C@@]2(C)Oc3c(C)c(O)c4c(O)c(c5c(nc6cc(C)ccn65)c4c3C2=O)NC(=O)/C(C)=C\C=C\[C@H](C)[C@H](O)[C@@H](C)[C@@H](O)[C@@H](C)[C@H](OC(C)=O)[C@@H]1C,550.0,-2.105587007400662
CO[C@H]1/C=C/O[C@@]2(C)Oc3c(C)c(O)c4c(O)c(c5c(nc6cc(C)ccn65)c4c3C2=O)NC(=O)/C(C)=C\C=C\[C@H](C)[C@H](O)[C@@H](C)[C@@H](O)[C@@H](C)[C@H](OC(C)=O)[C@@H]1C,400.0,-2.226150326281957
CCC(=O)O[C@@H](O[P@@](=O)(CCCCc1ccccc1)CC(=O)N1C[C@H](C2CCCCC2)C[C@H]1C(=O)O)C(C)C,640.0,0.7480328941301435
CCC(=O)O[C@@H](O[P@@](=O)(CCCCc1ccccc1)CC(=O)N1C[C@H](C2CCCCC2)C[C@H]1C(=O)O)C(C)C,320.0,0.5029730590656315
CCC(=O)O[C@@H](O[P@@](=O)(CCCCc1ccccc1)CC(=O)N1C[C@H](C2CCCCC2)C[C@H]1C(=O)O)C(C)C,160.0,0.3412366232386923
CCC(=O)O[C@@H](O[P@@](=O)(CCCCc1ccccc1)CC(=O)N1C[C@H](C2CCCCC2)C[C@H]1C(=O)O)C(C)C,80.0,0.0771255534464483
CCC(=O)O[C@@H](O[P@@](=O)(CCCCc1ccccc1)CC(=O)N1C[C@H](C2CCCCC2)C[C@H]1C(=O)O)C(C)C,40.0,-0.2197746645384169
CCC(=O)O[C@@H](O[P@@](=O)(CCCCc1ccccc1)CC(=O)N1C[C@H](C2CCCCC2)C[C@H]1C(=O)O)C(C)C,21.0,-0.518442721422609
CCC(=O)O[C@@H](O[P@@](=O)(CCCCc1ccccc1)CC(=O)N1C[C@H](C2CCCCC2)C[C@H]1C(=O)O)C(C)C,20.0,-0.5293972505763436
CCC(=O)O[C@@H](O[P@@](=O)(CCCCc1ccccc1)CC(=O)N1C[C@H](C2CCCCC2)C[C@H]1C(=O)O)C(C)C,10.0,-0.8167847432070652
CCC(=O)O[C@@H](O[P@@](=O)(CCCCc1ccccc1)CC(=O)N1C[C@H](C2CCCCC2)C[C@H]1C(=O)O)C(C)C,5.0,-1.026410376572743
CCC(=O)O[C@@H](O[P@@](=O)(CCCCc1ccccc1)CC(=O)N1C[C@H](C2CCCCC2)C[C@H]1C(=O)O)C(C)C,7.5,-2.6020599913279625
C[C@@H]1O[C@@H](OC[C@H]2O[C@@H](Oc3c(-c4ccc(O)c(O)c4)oc4cc(O)cc(O)c4c3=O)[C@H](O)[C@@H](O)[C@@H]2O)[C@H](O)[C@H](O)[C@H]1O,100.0,-1.0462403082667713
C[C@@H]1O[C@@H](OC[C@H]2O[C@@H](Oc3c(-c4ccc(O)c(O)c4)oc4cc(O)cc(O)c4c3=O)[C@H](O)[C@@H](O)[C@@H]2O)[C@H](O)[C@H](O)[C@H]1O,40.0,-1.322393047279507
C[C@@H]1O[C@@H](OC[C@H]2O[C@@H](Oc3c(-c4ccc(O)c(O)c4)oc4cc(O)cc(O)c4c3=O)[C@H](O)[C@@H](O)[C@@H]2O)[C@H](O)[C@H](O)[C@H]1O,16.0,-1.6289321377282635
COc1cc2c(cc1OC)[C@H](CCc1ccc(C(F)(F)F)cc1)NC[C@H]2O,200.0,-1.6675826634697073
CCN(CC)CCCC(C)Nc1ccnc2cc(Cl)ccc12,300.0,-0.5612203966426222
O=C1CCC(N2C(=O)c3ccccc3C2=O)C(=O)N1,400.0,0.4955443375464485
O=C1CCC(N2C(=O)c3ccccc3C2=O)C(=O)N1,200.0,0.2843968913975054
O=C1CCC(N2C(=O)c3ccccc3C2=O)C(=O)N1,100.0,0.0622058088197125
O=C1CCC(N2C(=O)c3ccccc3C2=O)C(=O)N1,50.0,-0.2076083105017462
Nc1nc(O)c2c(n1)NC[C@H](CNc1ccc(C(=O)N[C@@H](CCC(=O)O)C(=O)O)cc1)N2C=O,15.0,-0.4749551929631549
Nc1nc(O)c2c(n1)NC[C@H](CNc1ccc(C(=O)N[C@@H](CCC(=O)O)C(=O)O)cc1)N2C=O,12.5,-0.5272435506827877
NC(=O)c1ncn([C@@H]2O[C@H](CO)[C@@H](O)[C@H]2O)n1,600.0,0.2347153268906008
NC(=O)c1ncn([C@@H]2O[C@H](CO)[C@@H](O)[C@H]2O)n1,200.0,-0.2612878290340464
CCOCCn1c(N2CCCN(C)CC2)nc2ccccc21,4.0,-2.3872161432802645
CCOCCn1c(N2CCCN(C)CC2)nc2ccccc21,2.0,-2.5590909179347823
CCOCCn1c(N2CCCN(C)CC2)nc2ccccc21,1.0,-2.886056647693163
CCOCCn1c(N2CCCN(C)CC2)nc2ccccc21,0.5,-3.131943638177017
COc1cc(Nc2c(C#N)cnc3cc(OCCCN4CCN(C)CC4)c(OC)cc23)c(Cl)cc1Cl,800.0,-0.6655462488490691
COc1cc(Nc2c(C#N)cnc3cc(OCCCN4CCN(C)CC4)c(OC)cc23)c(Cl)cc1Cl,600.0,-0.6818990834870212
COc1cc(Nc2c(C#N)cnc3cc(OCCCN4CCN(C)CC4)c(OC)cc23)c(Cl)cc1Cl,500.0,-0.7053344088946957
COc1cc(Nc2c(C#N)cnc3cc(OCCCN4CCN(C)CC4)c(OC)cc23)c(Cl)cc1Cl,400.0,-1.059231636386191
COc1cc(Nc2c(C#N)cnc3cc(OCCCN4CCN(C)CC4)c(OC)cc23)c(Cl)cc1Cl,200.0,-1.2192638510406435
COc1cc(Nc2c(C#N)cnc3cc(OCCCN4CCN(C)CC4)c(OC)cc23)c(Cl)cc1Cl,300.0,-1.2391856220397497
COc1cc(Nc2c(C#N)cnc3cc(OCCCN4CCN(C)CC4)c(OC)cc23)c(Cl)cc1Cl,100.0,-1.5175194592664778
COc1cc(Nc2c(C#N)cnc3cc(OCCCN4CCN(C)CC4)c(OC)cc23)c(Cl)cc1Cl,50.0,-2.229516190568892
COc1ccccc1OCC(O)CO,400.0,0.3914644118391032
COc1ccccc1OCC(O)CO,300.0,0.2960615842131452
COc1ccccc1OCC(O)CO,200.0,0.2256942888628262
COc1ccccc1OCC(O)CO,100.0,-0.1626072908773976
COc1ccc(F)cc1C(=O)NCc1ccc(-c2nn([C@@H](C)C(F)(F)F)c(N)c2C(N)=O)cc1,200.0,0.6466487442729554
CC(=O)N[C@H]1[C@H]([C@H](O)[C@H](O)CO)OC(C(=O)O)=C[C@@H]1NC(=N)N,500.0,-0.799696817018415
C[C@H]1[C@@H](OC(=O)CCC(=O)O)O[C@@H]2O[C@@]3(C)CC[C@H]4[C@H](C)CC[C@@H]1[C@@]24OO3,280.0,-0.3808805707294644
C[C@H]1[C@@H](OC(=O)CCC(=O)O)O[C@@H]2O[C@@]3(C)CC[C@H]4[C@H](C)CC[C@@H]1[C@@]24OO3,200.0,-0.3967421820555375
C[C@H]1[C@@H](OC(=O)CCC(=O)O)O[C@@H]2O[C@@]3(C)CC[C@H]4[C@H](C)CC[C@@H]1[C@@]24OO3,100.0,-0.7757259857057424
O=C(O)CCCN1CCC(OC(c2ccc(Cl)cc2)c2ccccn2)CC1,40.0,-0.4049449102406961
O=C(O)CCCN1CCC(OC(c2ccc(Cl)cc2)c2ccccn2)CC1,20.0,-0.700057099977233
O=C(O)CCCN1CCC(OC(c2ccc(Cl)cc2)c2ccccn2)CC1,10.0,-0.9943905546397196
O=C(O)CCCN1CCC(OC(c2ccc(Cl)cc2)c2ccccn2)CC1,1.0,-1.0004345117740177
O=C(O)CCCN1CCC(OC(c2ccc(Cl)cc2)c2ccccn2)CC1,5.0,-1.3353580244438743
O=C(O)CCCN1CCC(OC(c2ccc(Cl)cc2)c2ccccn2)CC1,2.5,-1.6497519816658373
Sc1ncnc2nc[nH]c12,135.0,-1.6989809573809709
Cc1c(Cl)c(C)[n+]([O-])c(Cl)c1-c1noc(-c2cc(O)c(O)c([N+](=O)[O-])c2)n1,800.0,0.5860018503118506
Cc1c(Cl)c(C)[n+]([O-])c(Cl)c1-c1noc(-c2cc(O)c(O)c([N+](=O)[O-])c2)n1,50.0,-0.0998453664635082
Cc1c(Cl)c(C)[n+]([O-])c(Cl)c1-c1noc(-c2cc(O)c(O)c([N+](=O)[O-])c2)n1,25.0,-0.3401630001641439
O=C(NCCN1CCOCC1)c1ccc(Cl)cc1,300.0,0.3290926471953309
O=C(NCCN1CCOCC1)c1ccc(Cl)cc1,150.0,-0.0824792691351742
O=C(NCCN1CCOCC1)c1ccc(Cl)cc1,100.0,-0.2218487496163563
O=C1Nc2ccc(Cl)cc2[C@@](C#CC2CC2)(C(F)(F)F)O1,600.0,0.3122384371213151
O=C1Nc2ccc(Cl)cc2[C@@](C#CC2CC2)(C(F)(F)F)O1,400.0,-0.1804560644581313
O=C1Nc2ccc(Cl)cc2[C@@](C#CC2CC2)(C(F)(F)F)O1,50.0,-1.2639024270561898
CC(C)NCC(O)c1ccc(NS(C)(=O)=O)cc1,640.0,0.7839035792727349
CC(C)NCC(O)c1ccc(NS(C)(=O)=O)cc1,320.0,0.4262265180983151
CC(C)NCC(O)c1ccc(NS(C)(=O)=O)cc1,240.0,0.2571521615622399
CC(C)NCC(O)c1ccc(NS(C)(=O)=O)cc1,160.0,0.0970583555334007
CC(C)NCC(O)c1ccc(NS(C)(=O)=O)cc1,80.0,-0.1535254311569398
CCC(=O)N(c1ccccc1)C1(COC)CCN(CCc2cccs2)CC1,0.015,-5.42021640338319
CCOC(=O)C1=C(C)NC(C)=C(C(=O)OC)C1c1cccc([N+](=O)[O-])c1,20.0,-1.837137006678074
CCOC(=O)C1=C(C)NC(C)=C(C(=O)OC)C1c1cccc([N+](=O)[O-])c1,10.0,-2.130768280269024
Clc1ccccc1C(c1ccccc1)(c1ccccc1)n1ccnc1,1500.0,0.0644579892269184
NS(=O)(=O)c1cc(C(=O)O)c(NCc2ccco2)cc1Cl,80.0,0.4116617867231006
NS(=O)(=O)c1cc(C(=O)O)c(NCc2ccco2)cc1Cl,40.0,-0.2510230024411344
CN(C)c1cc(CNCC(C)(C)C)c(O)c2c1C[C@H]1C[C@H]3[C@H](N(C)C)C(O)=C(C(N)=O)C(=O)[C@@]3(O)C(O)=C1C2=O,450.0,-0.0584885673655969
CN(C)c1cc(CNCC(C)(C)C)c(O)c2c1C[C@H]1C[C@H]3[C@H](N(C)C)C(O)=C(C(N)=O)C(=O)[C@@]3(O)C(O)=C1C2=O,300.0,-0.2488595227610076
O=C(NCC1CCCCN1)c1cc(OCC(F)(F)F)ccc1OCC(F)(F)F,250.0,-0.4436974992327127
O=C(NCC1CCCCN1)c1cc(OCC(F)(F)F)ccc1OCC(F)(F)F,150.0,-0.4887852988636119
O=C(NCC1CCCCN1)c1cc(OCC(F)(F)F)ccc1OCC(F)(F)F,200.0,-0.5307613607991101
O=C(NCC1CCCCN1)c1cc(OCC(F)(F)F)ccc1OCC(F)(F)F,100.0,-0.8910968723326866
CCCCC(=O)O[C@H]1CC[C@H]2[C@@H]3CCc4cc(O)ccc4[C@H]3CC[C@]12C,2.0,-4.425968732272281
O=C(O)CC(O)(CC(=O)O)C(=O)O,5.0,-3.075594063183234
CCS(=O)(=O)N1CC(CC#N)(n2cc(-c3ncnc4[nH]ccc34)cn2)C1,8.0,-0.978810700930062
CCS(=O)(=O)N1CC(CC#N)(n2cc(-c3ncnc4[nH]ccc34)cn2)C1,10.0,-0.9793280261632432
CCS(=O)(=O)N1CC(CC#N)(n2cc(-c3ncnc4[nH]ccc34)cn2)C1,4.0,-1.3638580999060943
CCS(=O)(=O)N1CC(CC#N)(n2cc(-c3ncnc4[nH]ccc34)cn2)C1,2.0,-1.392330563311757
CCS(=O)(=O)N1CC(CC#N)(n2cc(-c3ncnc4[nH]ccc34)cn2)C1,1.0,-1.7995143019991713
CCS(=O)(=O)N1CC(CC#N)(n2cc(-c3ncnc4[nH]ccc34)cn2)C1,0.5,-1.9355420107730816
NC(=O)N1c2ccccc2C[C@H](O)c2ccccc21,300.0,0.4467219669611008
Cn1cnc2c(F)c(Nc3ccc(Br)cc3F)c(C(=O)NOCCO)cc21,80.0,-0.1922395400642094
Cn1cnc2c(F)c(Nc3ccc(Br)cc3F)c(C(=O)NOCCO)cc21,60.0,-0.2735173032151703
Cn1cnc2c(F)c(Nc3ccc(Br)cc3F)c(C(=O)NOCCO)cc21,45.0,-0.3332059152838765
Cn1cnc2c(F)c(Nc3ccc(Br)cc3F)c(C(=O)NOCCO)cc21,30.0,-0.4014830645731142
Cn1cnc2c(F)c(Nc3ccc(Br)cc3F)c(C(=O)NOCCO)cc21,15.0,-0.6946486305533762
Cc1ccc(F)cc1C(=O)Nc1ccc(C(=O)N2Cc3cccn3Cc3ccccc32)c(Cl)c1,100.0,-0.3595174535427583
O=C(CCCc1ccccc1)OCC(COC(=O)CCCc1ccccc1)OC(=O)CCCc1ccccc1,9900.0,1.824125833916549
O=C(CCCc1ccccc1)OCC(COC(=O)CCCc1ccccc1)OC(=O)CCCc1ccccc1,7000.0,1.414973347970818
CN1CC[C@]23CCCC[C@H]2[C@H]1Cc1ccc(O)cc13,4.0,-1.7654827164873133
CN1CC[C@]23CCCC[C@H]2[C@H]1Cc1ccc(O)cc13,2.0,-1.7752080435073183
CCOc1nc2cccc(C(=O)OC(C)OC(=O)OC3CCCCC3)c2n1Cc1ccc(-c2ccccc2-c2nnn[nH]2)cc1,44.8,-0.4685210829577448
CCOc1nc2cccc(C(=O)OC(C)OC(=O)OC3CCCCC3)c2n1Cc1ccc(-c2ccccc2-c2nnn[nH]2)cc1,32.0,-0.6010824820094285
CCOc1nc2cccc(C(=O)OC(C)OC(=O)OC3CCCCC3)c2n1Cc1ccc(-c2ccccc2-c2nnn[nH]2)cc1,16.0,-0.8994226972104038
CCOc1nc2cccc(C(=O)OC(C)OC(=O)OC3CCCCC3)c2n1Cc1ccc(-c2ccccc2-c2nnn[nH]2)cc1,8.0,-0.9147604042765268
CCOc1nc2cccc(C(=O)OC(C)OC(=O)OC3CCCCC3)c2n1Cc1ccc(-c2ccccc2-c2nnn[nH]2)cc1,12.0,-0.9160880545202956
CCC(=O)NCC[C@@H]1CCc2ccc3c(c21)CCO3,64.0,-1.6157985169223197
CCC(=O)NCC[C@@H]1CCc2ccc3c(c21)CCO3,16.1,-1.9615123054851848
CCC(=O)NCC[C@@H]1CCc2ccc3c(c21)CCO3,32.0,-1.996025178797813
CCC(=O)NCC[C@@H]1CCc2ccc3c(c21)CCO3,16.0,-2.048963698301203
CCC(=O)NCC[C@@H]1CCc2ccc3c(c21)CCO3,8.0,-2.3251585347825645
CCC(=O)NCC[C@@H]1CCc2ccc3c(c21)CCO3,4.0,-3.075152367024463
C=C(c1ccc(C(=O)O)cc1)c1cc2c(cc1C)C(C)(C)CCC2(C)C,300.0,-0.2441251443275086
C=C(c1ccc(C(=O)O)cc1)c1cc2c(cc1C)C(C)(C)CCC2(C)C,75.0,-0.4681977707486965
C=C(c1ccc(C(=O)O)cc1)c1cc2c(cc1C)C(C)(C)CCC2(C)C,150.0,-0.575118363368933
CCN(CC)C(=O)Nc1ccc(OCC(O)CNC(C)(C)C)c(C(C)=O)c1,200.0,-0.1965428843515861
CCN(CC)C(=O)Nc1ccc(OCC(O)CNC(C)(C)C)c(C(C)=O)c1,100.0,-0.7844815545124433
CCN(CC)C(=O)Nc1ccc(OCC(O)CNC(C)(C)C)c(C(C)=O)c1,0.03,-5.029321119715895
CCN(CC)C(=O)Nc1ccc(OCC(O)CNC(C)(C)C)c(C(C)=O)c1,0.0375,-5.067526235322847
Cc1ncsc1CCCl,192.0,-0.5686362358410126
O=S(=O)(O)CCCS(=O)(=O)O,1600.0,-0.2494916051486538
Nc1nc(=O)n([C@@H]2C=C[C@H](CO)O2)cc1F,20.0,-0.9781939786496384
Nc1nc(=O)n([C@@H]2C=C[C@H](CO)O2)cc1F,10.0,-1.4248127903439884
Cn1c(=O)c2[nH]cnc2n(C)c1=O,1120.0,1.3111178426625056
Cn1c(=O)c2[nH]cnc2n(C)c1=O,600.0,1.120508124026104
Cn1c(=O)c2[nH]cnc2n(C)c1=O,900.0,1.1036517102852057
Cn1c(=O)c2[nH]cnc2n(C)c1=O,1500.0,1.1011969858653452
Cn1c(=O)c2[nH]cnc2n(C)c1=O,350.0,1.0650316775671689
Cn1c(=O)c2[nH]cnc2n(C)c1=O,400.0,1.047712835972715
Cn1c(=O)c2[nH]cnc2n(C)c1=O,337.75,1.0459745835329053
Cn1c(=O)c2[nH]cnc2n(C)c1=O,340.0,1.0354297381845483
Cn1c(=O)c2[nH]cnc2n(C)c1=O,450.0,1.0177426641614984
Cn1c(=O)c2[nH]cnc2n(C)c1=O,500.0,1.0093616480369174
Cn1c(=O)c2[nH]cnc2n(C)c1=O,390.0,1.0043213737826426
Cn1c(=O)c2[nH]cnc2n(C)c1=O,342.8,0.9687163774667858
Cn1c(=O)c2[nH]cnc2n(C)c1=O,240.0,0.9395192526186184
Cn1c(=O)c2[nH]cnc2n(C)c1=O,250.0,0.8238327327590755
Cn1c(=O)c2[nH]cnc2n(C)c1=O,245.0,0.8197632208188845
Cn1c(=O)c2[nH]cnc2n(C)c1=O,300.0,0.7864438062411949
Cn1c(=O)c2[nH]cnc2n(C)c1=O,260.0,0.7368389826836437
Cn1c(=O)c2[nH]cnc2n(C)c1=O,560.0,0.6812412373755872
Cn1c(=O)c2[nH]cnc2n(C)c1=O,200.0,0.6508371506145306
Cn1c(=O)c2[nH]cnc2n(C)c1=O,100.0,0.2746442330296043
Cc1nnc(C(=O)NC(C)(C)c2nc(C(=O)NCc3ccc(F)cc3)c(O)c(=O)n2C)o1,420.0,0.7208329711281012
Cc1nnc(C(=O)NC(C)(C)c2nc(C(=O)NCc3ccc(F)cc3)c(O)c(=O)n2C)o1,210.0,0.5370372911501977
Cc1nnc(C(=O)NC(C)(C)c2nc(C(=O)NCc3ccc(F)cc3)c(O)c(=O)n2C)o1,105.0,0.3817202032917213
Cc1ncc(OC[C@@]2(c3cccc(F)c3)C[C@H]2C(=O)Nc2ccc(F)cn2)c(C)n1,100.0,-0.6161846340195687
Cc1ncc(OC[C@@]2(c3cccc(F)c3)C[C@H]2C(=O)Nc2ccc(F)cn2)c(C)n1,10.0,-1.6197284437987618
Cc1ncc(OC[C@@]2(c3cccc(F)c3)C[C@H]2C(=O)Nc2ccc(F)cn2)c(C)n1,2.5,-1.826813731587726
C#C[C@]1(O)CC[C@H]2[C@@H]3CCC4=Cc5oncc5C[C@]4(C)[C@H]3CC[C@@]21C,200.0,-1.1077198410230382
Cc1cc(NC(=O)C2=C(O)c3ccccc3S(=O)(=O)N2C)no1,200.0,0.976235313792864
CCN(CC)[14C](=O)C1(c2ccccc2)CC1CN,100.0,-0.1051277350614259
C[C@@H](O)[C@H]1C(=O)N2C(C(=O)O)=C(S[C@H]3C[C@@H](C(=O)N4CC[C@H](NC(=O)CNC(=N)N)C4)N(C)C3)[C@H](C)[C@H]12,1500.0,1.726411361460413
Nc1nc(CC(=O)Nc2ccc(CCNC[C@H](O)c3ccccc3)cc2)cs1,400.0,-0.1426393557644993
Nc1nc(CC(=O)Nc2ccc(CCNC[C@H](O)c3ccccc3)cc2)cs1,340.0,-0.1972262747080243
Nc1nc(CC(=O)Nc2ccc(CCNC[C@H](O)c3ccccc3)cc2)cs1,300.0,-0.2606175525716932
Nc1nc(CC(=O)Nc2ccc(CCNC[C@H](O)c3ccccc3)cc2)cs1,200.0,-0.4808850441289283
Nc1nc(CC(=O)Nc2ccc(CCNC[C@H](O)c3ccccc3)cc2)cs1,160.0,-0.5272435506827877
Nc1nc(CC(=O)Nc2ccc(CCNC[C@H](O)c3ccccc3)cc2)cs1,100.0,-1.057982970771128
Nc1nc(CC(=O)Nc2ccc(CCNC[C@H](O)c3ccccc3)cc2)cs1,50.0,-1.479784228450466
Nc1nc(CC(=O)Nc2ccc(CCNC[C@H](O)c3ccccc3)cc2)cs1,25.0,-2.019040162884248
O=C(O)COC(=O)Cc1ccccc1Nc1c(Cl)cccc1Cl,100.0,0.9336053782945288
COCCCC/C(=N\OCCN)c1ccc(C(F)(F)F)cc1,300.0,-0.4959870078152922
COCCCC/C(=N\OCCN)c1ccc(C(F)(F)F)cc1,200.0,-0.7925361888322893
COCCCC/C(=N\OCCN)c1ccc(C(F)(F)F)cc1,100.0,-1.387339895115365
COCCCC/C(=N\OCCN)c1ccc(C(F)(F)F)cc1,75.0,-1.3943358844032128
COCCCC/C(=N\OCCN)c1ccc(C(F)(F)F)cc1,50.0,-1.8387635431504832
COCCCC/C(=N\OCCN)c1ccc(C(F)(F)F)cc1,25.0,-2.2112661411722927
COc1ccc2c3c1O[C@H]1C(=O)CC[C@@]4(O)[C@@H](C2)N(C)CC[C@]314,160.0,-0.8125408128470513
COc1ccc2c3c1O[C@H]1C(=O)CC[C@@]4(O)[C@@H](C2)N(C)CC[C@]314,80.0,-1.0329072523119585
COc1ccc2c3c1O[C@H]1C(=O)CC[C@@]4(O)[C@@H](C2)N(C)CC[C@]314,50.0,-1.1101382787418117
COc1ccc2c3c1O[C@H]1C(=O)CC[C@@]4(O)[C@@H](C2)N(C)CC[C@]314,36.0,-1.260147770921497
COc1ccc2c3c1O[C@H]1C(=O)CC[C@@]4(O)[C@@H](C2)N(C)CC[C@]314,40.0,-1.2935883877085066
COc1ccc2c3c1O[C@H]1C(=O)CC[C@@]4(O)[C@@H](C2)N(C)CC[C@]314,20.0,-1.3010299956639813
COc1ccc2c3c1O[C@H]1C(=O)CC[C@@]4(O)[C@@H](C2)N(C)CC[C@]314,40.0,-1.336302769020025
COc1ccc2c3c1O[C@H]1C(=O)CC[C@@]4(O)[C@@H](C2)N(C)CC[C@]314,30.0,-1.4051884660444771
COc1ccc2c3c1O[C@H]1C(=O)CC[C@@]4(O)[C@@H](C2)N(C)CC[C@]314,15.0,-1.6445066691418924
COc1ccc2c3c1O[C@H]1C(=O)CC[C@@]4(O)[C@@H](C2)N(C)CC[C@]314,20.0,-1.6531600738342176
COc1ccc2c3c1O[C@H]1C(=O)CC[C@@]4(O)[C@@H](C2)N(C)CC[C@]314,5.0,-1.8422553911590231
COc1ccc2c3c1O[C@H]1C(=O)CC[C@@]4(O)[C@@H](C2)N(C)CC[C@]314,7.5,-1.8517059025652545
COc1ccc2c3c1O[C@H]1C(=O)CC[C@@]4(O)[C@@H](C2)N(C)CC[C@]314,10.0,-1.854949913358892
COc1ccc2c3c1O[C@H]1C(=O)CC[C@@]4(O)[C@@H](C2)N(C)CC[C@]314,14.0,-1.909009829952693
COc1ccc2c3c1O[C@H]1C(=O)CC[C@@]4(O)[C@@H](C2)N(C)CC[C@]314,15.0,-1.923450574769036
COc1ccc2c3c1O[C@H]1C(=O)CC[C@@]4(O)[C@@H](C2)N(C)CC[C@]314,10.0,-2.082211812361011
COc1ccc2c3c1O[C@H]1C(=O)CC[C@@]4(O)[C@@H](C2)N(C)CC[C@]314,4.9,-2.223298816011589
COc1ccc2c3c1O[C@H]1C(=O)CC[C@@]4(O)[C@@H](C2)N(C)CC[C@]314,3.5,-2.303643611266668
CN(C)CCOC1=Cc2ccccc2Sc2ccc(Cl)cc21,25.0,-2.2218487496163566
CN(C)C(=O)[C@H]1CC[C@H](NC(=O)C(=O)Nc2ccc(Cl)cn2)[C@H](NC(=O)c2nc3c(s2)CNCC3)C1,60.0,-2.155486566217173
COc1c(-c2ccc3cc(NS(C)(=O)=O)ccc3c2)cc(-n2ccc(=O)[nH]c2=O)cc1C(C)(C)C,250.0,0.0128372247051722
CO[C@H]1C[C@@H]2CC[C@@H](C)[C@@](O)(O2)C(=O)C(=O)N2CCCC[C@H]2C(=O)O[C@H]([C@H](C)C[C@@H]2CC[C@@H](OCCO)[C@H](OC)C2)CC(=O)[C@H](C)/C=C(\C)[C@@H](O)[C@@H](OC)C(=O)[C@H](C)C[C@H](C)/C=C/C=C/C=C/1C,25.0,-0.7471469690201069
CO[C@H]1C[C@@H]2CC[C@@H](C)[C@@](O)(O2)C(=O)C(=O)N2CCCC[C@H]2C(=O)O[C@H]([C@H](C)C[C@@H]2CC[C@@H](OCCO)[C@H](OC)C2)CC(=O)[C@H](C)/C=C(\C)[C@@H](O)[C@@H](OC)C(=O)[C@H](C)C[C@H](C)/C=C/C=C/C=C/1C,70.0,-0.7594507517174003
CO[C@H]1C[C@@H]2CC[C@@H](C)[C@@](O)(O2)C(=O)C(=O)N2CCCC[C@H]2C(=O)O[C@H]([C@H](C)C[C@@H]2CC[C@@H](OCCO)[C@H](OC)C2)CC(=O)[C@H](C)/C=C(\C)[C@@H](O)[C@@H](OC)C(=O)[C@H](C)C[C@H](C)/C=C/C=C/C=C/1C,15.0,-0.7619538968712046
CO[C@H]1C[C@@H]2CC[C@@H](C)[C@@](O)(O2)C(=O)C(=O)N2CCCC[C@H]2C(=O)O[C@H]([C@H](C)C[C@@H]2CC[C@@H](OCCO)[C@H](OC)C2)CC(=O)[C@H](C)/C=C(\C)[C@@H](O)[C@@H](OC)C(=O)[C@H](C)C[C@H](C)/C=C/C=C/C=C/1C,50.0,-0.7934349588016673
CO[C@H]1C[C@@H]2CC[C@@H](C)[C@@](O)(O2)C(=O)C(=O)N2CCCC[C@H]2C(=O)O[C@H]([C@H](C)C[C@@H]2CC[C@@H](OCCO)[C@H](OC)C2)CC(=O)[C@H](C)/C=C(\C)[C@@H](O)[C@@H](OC)C(=O)[C@H](C)C[C@H](C)/C=C/C=C/C=C/1C,20.0,-0.993683740294727
CO[C@H]1C[C@@H]2CC[C@@H](C)[C@@](O)(O2)C(=O)C(=O)N2CCCC[C@H]2C(=O)O[C@H]([C@H](C)C[C@@H]2CC[C@@H](OCCO)[C@H](OC)C2)CC(=O)[C@H](C)/C=C(\C)[C@@H](O)[C@@H](OC)C(=O)[C@H](C)C[C@H](C)/C=C/C=C/C=C/1C,7.5,-1.0705810742857071
CO[C@H]1C[C@@H]2CC[C@@H](C)[C@@](O)(O2)C(=O)C(=O)N2CCCC[C@H]2C(=O)O[C@H]([C@H](C)C[C@@H]2CC[C@@H](OCCO)[C@H](OC)C2)CC(=O)[C@H](C)/C=C(\C)[C@@H](O)[C@@H](OC)C(=O)[C@H](C)C[C@H](C)/C=C/C=C/C=C/1C,10.0,-1.1859744929877774
CO[C@H]1C[C@@H]2CC[C@@H](C)[C@@](O)(O2)C(=O)C(=O)N2CCCC[C@H]2C(=O)O[C@H]([C@H](C)C[C@@H]2CC[C@@H](OCCO)[C@H](OC)C2)CC(=O)[C@H](C)/C=C(\C)[C@@H](O)[C@@H](OC)C(=O)[C@H](C)C[C@H](C)/C=C/C=C/C=C/1C,2.5,-1.390939450069913
CO[C@H]1C[C@@H]2CC[C@@H](C)[C@@](O)(O2)C(=O)C(=O)N2CCCC[C@H]2C(=O)O[C@H]([C@H](C)C[C@@H]2CC[C@@H](OCCO)[C@H](OC)C2)CC(=O)[C@H](C)/C=C(\C)[C@@H](O)[C@@H](OC)C(=O)[C@H](C)C[C@H](C)/C=C/C=C/C=C/1C,4.0,-1.4489568352951934
CO[C@H]1C[C@@H]2CC[C@@H](C)[C@@](O)(O2)C(=O)C(=O)N2CCCC[C@H]2C(=O)O[C@H]([C@H](C)C[C@@H]2CC[C@@H](OCCO)[C@H](OC)C2)CC(=O)[C@H](C)/C=C(\C)[C@@H](O)[C@@H](OC)C(=O)[C@H](C)C[C@H](C)/C=C/C=C/C=C/1C,3.0,-1.454692883534176
CO[C@H]1C[C@@H]2CC[C@@H](C)[C@@](O)(O2)C(=O)C(=O)N2CCCC[C@H]2C(=O)O[C@H]([C@H](C)C[C@@H]2CC[C@@H](OCCO)[C@H](OC)C2)CC(=O)[C@H](C)/C=C(\C)[C@@H](O)[C@@H](OC)C(=O)[C@H](C)C[C@H](C)/C=C/C=C/C=C/1C,2.66,-1.454692883534176
CO[C@H]1C[C@@H]2CC[C@@H](C)[C@@](O)(O2)C(=O)C(=O)N2CCCC[C@H]2C(=O)O[C@H]([C@H](C)C[C@@H]2CC[C@@H](OCCO)[C@H](OC)C2)CC(=O)[C@H](C)/C=C(\C)[C@@H](O)[C@@H](OC)C(=O)[C@H](C)C[C@H](C)/C=C/C=C/C=C/1C,5.0,-1.5120930944184567
CO[C@H]1C[C@@H]2CC[C@@H](C)[C@@](O)(O2)C(=O)C(=O)N2CCCC[C@H]2C(=O)O[C@H]([C@H](C)C[C@@H]2CC[C@@H](OCCO)[C@H](OC)C2)CC(=O)[C@H](C)/C=C(\C)[C@@H](O)[C@@H](OC)C(=O)[C@H](C)C[C@H](C)/C=C/C=C/C=C/1C,2.0,-1.7871151409325277
CO[C@H]1C[C@@H]2CC[C@@H](C)[C@@](O)(O2)C(=O)C(=O)N2CCCC[C@H]2C(=O)O[C@H]([C@H](C)C[C@@H]2CC[C@@H](OCCO)[C@H](OC)C2)CC(=O)[C@H](C)/C=C(\C)[C@@H](O)[C@@H](OC)C(=O)[C@H](C)C[C@H](C)/C=C/C=C/C=C/1C,0.75,-1.853871964321762
CO[C@H]1C[C@@H]2CC[C@@H](C)[C@@](O)(O2)C(=O)C(=O)N2CCCC[C@H]2C(=O)O[C@H]([C@H](C)C[C@@H]2CC[C@@H](OCCO)[C@H](OC)C2)CC(=O)[C@H](C)/C=C(\C)[C@@H](O)[C@@H](OC)C(=O)[C@H](C)C[C@H](C)/C=C/C=C/C=C/1C,1.5,-1.9469215565165805
CO[C@H]1C[C@@H]2CC[C@@H](C)[C@@](O)(O2)C(=O)C(=O)N2CCCC[C@H]2C(=O)O[C@H]([C@H](C)C[C@@H]2CC[C@@H](OCCO)[C@H](OC)C2)CC(=O)[C@H](C)/C=C(\C)[C@@H](O)[C@@H](OC)C(=O)[C@H](C)C[C@H](C)/C=C/C=C/C=C/1C,1.0,-2.1470766224737883
CO[C@H]1C[C@@H]2CC[C@@H](C)[C@@](O)(O2)C(=O)C(=O)N2CCCC[C@H]2C(=O)O[C@H]([C@H](C)C[C@@H]2CC[C@@H](OCCO)[C@H](OC)C2)CC(=O)[C@H](C)/C=C(\C)[C@@H](O)[C@@H](OC)C(=O)[C@H](C)C[C@H](C)/C=C/C=C/C=C/1C,0.5,-2.4559319556497243
CO[C@H]1C[C@@H]2CC[C@@H](C)[C@@](O)(O2)C(=O)C(=O)N2CCCC[C@H]2C(=O)O[C@H]([C@H](C)C[C@@H]2CC[C@@H](OCCO)[C@H](OC)C2)CC(=O)[C@H](C)/C=C(\C)[C@@H](O)[C@@H](OC)C(=O)[C@H](C)C[C@H](C)/C=C/C=C/C=C/1C,0.25,-2.638272163982407
CC[C@H]1OC(=O)[C@H](C)C(=O)[C@H](C)[C@@H](O[C@@H]2O[C@H](C)C[C@H](N(C)C)[C@H]2O)[C@@]2(C)C[C@@H](C)C(=O)[C@H](C)[C@@H](OC/C(=N\OCc3ccc(-n4cccn4)nc3)CO2)[C@]1(C)O,400.0,-1.316074584515469
CC[C@H]1OC(=O)[C@H](C)C(=O)[C@H](C)[C@@H](O[C@@H]2O[C@H](C)C[C@H](N(C)C)[C@H]2O)[C@@]2(C)C[C@@H](C)C(=O)[C@H](C)[C@@H](OC/C(=N\OCc3ccc(-n4cccn4)nc3)CO2)[C@]1(C)O,200.0,-1.4915835781209998
NC(=O)OCC(COC(N)=O)c1ccccc1,1200.0,1.2739597975089805
NC(=O)OCC(COC(N)=O)c1ccccc1,800.0,1.1577588860468635
NC(=O)OCC(COC(N)=O)c1ccccc1,600.0,1.0073209529227447
NC(=O)OCC(COC(N)=O)c1ccccc1,400.0,0.8561244442423004
NC(=O)OCC(COC(N)=O)c1ccccc1,200.0,0.5078558716958309
NC(=O)OCC(COC(N)=O)c1ccccc1,100.0,0.3096301674258988
C[C@@H]1CCN(C(=O)CC#N)C[C@@H]1N(C)c1ncnc2[nH]ccc12,100.0,-0.2221383758237581
C[C@@H]1CCN(C(=O)CC#N)C[C@@H]1N(C)c1ncnc2[nH]ccc12,60.0,-0.3804892791615014
C[C@@H]1CCN(C(=O)CC#N)C[C@@H]1N(C)c1ncnc2[nH]ccc12,50.0,-0.4143906000738236
C[C@@H]1CCN(C(=O)CC#N)C[C@@H]1N(C)c1ncnc2[nH]ccc12,20.0,-0.6736641390712486
C[C@@H]1CCN(C(=O)CC#N)C[C@@H]1N(C)c1ncnc2[nH]ccc12,30.0,-0.6974598405682934
C[C@@H]1CCN(C(=O)CC#N)C[C@@H]1N(C)c1ncnc2[nH]ccc12,10.0,-1.070935867950351
C[C@@H]1CCN(C(=O)CC#N)C[C@@H]1N(C)c1ncnc2[nH]ccc12,3.5,-1.335311025419761
C[C@@H]1CCN(C(=O)CC#N)C[C@@H]1N(C)c1ncnc2[nH]ccc12,5.0,-1.404142383936788
C[C@@H]1CCN(C(=O)CC#N)C[C@@H]1N(C)c1ncnc2[nH]ccc12,3.0,-1.6615435063953952
C[C@@H]1CCN(C(=O)CC#N)C[C@@H]1N(C)c1ncnc2[nH]ccc12,1.0,-2.060766091992109
C[C@@H]1CCN(C(=O)CC#N)C[C@@H]1N(C)c1ncnc2[nH]ccc12,0.3,-2.576754126063192
C[C@@H]1CCN(C(=O)CC#N)C[C@@H]1N(C)c1ncnc2[nH]ccc12,0.1,-2.896196279044043
CCCCCOC(=O)Nc1nc(=O)n([C@@H]2O[C@H](C)[C@@H](O)[C@H]2O)cc1F,2000.0,0.7214096657939718
CCCCCOC(=O)Nc1nc(=O)n([C@@H]2O[C@H](C)[C@@H](O)[C@H]2O)cc1F,1500.0,0.3377087841253876
CCCCCOC(=O)Nc1nc(=O)n([C@@H]2O[C@H](C)[C@@H](O)[C@H]2O)cc1F,150.0,-0.481332548803155
C[C@H]1[C@H](N2CCS(=O)(=O)CC2)O[C@@H]2O[C@@]3(C)CC[C@H]4[C@H](C)CC[C@@H]1[C@@]24OO3,40.0,-0.7941175203336536
C[C@H]1[C@H](N2CCS(=O)(=O)CC2)O[C@@H]2O[C@@]3(C)CC[C@H]4[C@H](C)CC[C@@H]1[C@@]24OO3,80.0,-0.8549087215725661
C[C@H]1[C@H](N2CCS(=O)(=O)CC2)O[C@@H]2O[C@@]3(C)CC[C@H]4[C@H](C)CC[C@@H]1[C@@]24OO3,30.0,-1.0693013231573607
NC(=O)N1c2ccccc2[C@@H](O)[C@H](O)c2ccccc21,250.0,-1.1879587800153313
NC(=O)N1c2ccccc2[C@@H](O)[C@H](O)c2ccccc21,300.0,-1.2671400260629562
CC(C)C(=O)Nc1ccc([N+](=O)[O-])c(C(F)(F)F)c1,250.0,-0.2447732598138421
Nc1nc(O)c2c(n1)NCC(CNc1ccc(C(=O)N[C@@H](CCC(=O)O)C(=O)O)cc1)N2C=O,25.0,-0.6003262785189619
CCN(CC)C(=O)/C(C#N)=C/c1cc(O)c(O)c([N+](=O)[O-])c1,200.0,0.0992562988979148
CCN(CC)C(=O)/C(C#N)=C/c1cc(O)c(O)c([N+](=O)[O-])c1,100.0,-0.0030993493317721
O=C1NCCN1CCN1CCC(c2cn(-c3ccc(F)cc3)c3ccc(Cl)cc23)CC1,20.0,-1.2944213513836205
O=C1NCCN1CCN1CCC(c2cn(-c3ccc(F)cc3)c3ccc(Cl)cc23)CC1,12.0,-1.535746740839623
O=C1NCCN1CCN1CCC(c2cn(-c3ccc(F)cc3)c3ccc(Cl)cc23)CC1,4.0,-3.000928520810138
COc1ccc2c(c1)C(=O)N(CCc1ccc(S(=O)(=O)NC(=O)NC3CCCCC3)cc1)C(=O)C2(C)C,30.0,-0.1870866433571444
Cc1[nH]c2ccccc2c1CCNCc1ccc(/C=C/C(=O)NO)cc1,80.0,-1.167810538931487
Cc1[nH]c2ccccc2c1CCNCc1ccc(/C=C/C(=O)NO)cc1,60.0,-1.2344804569020476
Cc1[nH]c2ccccc2c1CCNCc1ccc(/C=C/C(=O)NO)cc1,45.0,-1.2898826348881838
Cc1[nH]c2ccccc2c1CCNCc1ccc(/C=C/C(=O)NO)cc1,40.0,-1.348140730753051
Cc1[nH]c2ccccc2c1CCNCc1ccc(/C=C/C(=O)NO)cc1,30.0,-1.5608720723725225
Cc1[nH]c2ccccc2c1CCNCc1ccc(/C=C/C(=O)NO)cc1,20.0,-1.7816000370876677
Cc1[nH]c2ccccc2c1CCNCc1ccc(/C=C/C(=O)NO)cc1,25.0,-1.8239087409443189
Cc1[nH]c2ccccc2c1CCNCc1ccc(/C=C/C(=O)NO)cc1,15.0,-1.8632794328435964
Cc1[nH]c2ccccc2c1CCNCc1ccc(/C=C/C(=O)NO)cc1,10.0,-2.042392712939905
CCCCC[C@H](O)CC[C@@H]1[C@H]2Cc3cccc(OCC(=O)O)c3C[C@H]2C[C@H]1O,6.0,-2.2819137052169083
CCCCC[C@H](O)CC[C@@H]1[C@H]2Cc3cccc(OCC(=O)O)c3C[C@H]2C[C@H]1O,2.0,-2.758204568704801
CCCCC[C@H](O)CC[C@@H]1[C@H]2Cc3cccc(OCC(=O)O)c3C[C@H]2C[C@H]1O,1.0,-3.088051870058358
CCCCC[C@H](O)CC[C@@H]1[C@H]2Cc3cccc(OCC(=O)O)c3C[C@H]2C[C@H]1O,1.0,-3.105130343254748
CC[C@H]1OC(=O)[C@H](C)[C@@H](O[C@H]2C[C@@](C)(OC)[C@@H](O)[C@H](C)O2)[C@H](C)[C@@H](O[C@@H]2O[C@H](C)C[C@H](N(C)C)[C@H]2O)[C@](C)(OC)C[C@@H](C)C(=O)[C@H](C)[C@@H](O)[C@]1(C)O,1000.0,0.829657498318051
CC[C@H]1OC(=O)[C@H](C)[C@@H](O[C@H]2C[C@@](C)(OC)[C@@H](O)[C@H](C)O2)[C@H](C)[C@@H](O[C@@H]2O[C@H](C)C[C@H](N(C)C)[C@H]2O)[C@](C)(OC)C[C@@H](C)C(=O)[C@H](C)[C@@H](O)[C@]1(C)O,525.0,0.641293793091543
CC[C@H]1OC(=O)[C@H](C)[C@@H](O[C@H]2C[C@@](C)(OC)[C@@H](O)[C@H](C)O2)[C@H](C)[C@@H](O[C@@H]2O[C@H](C)C[C@H](N(C)C)[C@H]2O)[C@](C)(OC)C[C@@H](C)C(=O)[C@H](C)[C@@H](O)[C@]1(C)O,500.0,0.3145325457722315
CC[C@H]1OC(=O)[C@H](C)[C@@H](O[C@H]2C[C@@](C)(OC)[C@@H](O)[C@H](C)O2)[C@H](C)[C@@H](O[C@@H]2O[C@H](C)C[C@H](N(C)C)[C@H]2O)[C@](C)(OC)C[C@@H](C)C(=O)[C@H](C)[C@@H](O)[C@]1(C)O,250.0,0.1094311858270383
Nc1cccc2c1CN(C1CCC(=O)NC1=O)C2=O,50.0,0.2971036501492565
Nc1cccc2c1CN(C1CCC(=O)NC1=O)C2=O,100.0,0.2244035577648389
Nc1cccc2c1CN(C1CCC(=O)NC1=O)C2=O,25.0,-0.2861539106234749
Nc1cccc2c1CN(C1CCC(=O)NC1=O)C2=O,17.5,-0.3098039199714864
Nc1cccc2c1CN(C1CCC(=O)NC1=O)C2=O,20.0,-0.4874490070957892
Nc1cccc2c1CN(C1CCC(=O)NC1=O)C2=O,10.0,-0.6065897722279405
Nc1cccc2c1CN(C1CCC(=O)NC1=O)C2=O,5.0,-1.049294465226139
C[C@H]1[C@H](N2C=CS(=O)(=O)CC2)O[C@@H]2O[C@]3(C)CC[C@H]4[C@H](C)CC[C@@H]1[C@@]24OO3,80.0,-0.9733295576745428
C[C@H]1[C@H](N2C=CS(=O)(=O)CC2)O[C@@H]2O[C@]3(C)CC[C@H]4[C@H](C)CC[C@@H]1[C@@]24OO3,40.0,-1.3031983574371275
NC(=O)C(c1ccccc1)(c1ccccc1)[C@@H]1CCN(CCc2ccc3c(c2)CCO3)C1,75.0,-1.224004884755296
NC(=O)C(c1ccccc1)(c1ccccc1)[C@@H]1CCN(CCc2ccc3c(c2)CCO3)C1,60.0,-1.265830474548879
NC(=O)C(c1ccccc1)(c1ccccc1)[C@@H]1CCN(CCc2ccc3c(c2)CCO3)C1,30.0,-1.38903332074215
NC(=O)C(c1ccccc1)(c1ccccc1)[C@@H]1CCN(CCc2ccc3c(c2)CCO3)C1,15.0,-1.630565289719222
NC(=O)C(c1ccccc1)(c1ccccc1)[C@@H]1CCN(CCc2ccc3c(c2)CCO3)C1,14.0,-2.0
NC(=O)C(c1ccccc1)(c1ccccc1)[C@@H]1CCN(CCc2ccc3c(c2)CCO3)C1,10.0,-2.0247405647741683
NC(=O)C(c1ccccc1)(c1ccccc1)[C@@H]1CCN(CCc2ccc3c(c2)CCO3)C1,7.5,-2.358056466482916
NC(=O)C(c1ccccc1)(c1ccccc1)[C@@H]1CCN(CCc2ccc3c(c2)CCO3)C1,2.5,-2.917753345256331
NC(=O)C(c1ccccc1)(c1ccccc1)[C@@H]1CCN(CCc2ccc3c(c2)CCO3)C1,5.0,-2.9574807396785374
COc1ccc(OC(=O)N(CC(=O)O)Cc2ccc(OCCc3nc(-c4ccccc4)oc3C)cc2)cc1,10.0,0.2848933948338262
COc1ccc(OC(=O)N(CC(=O)O)Cc2ccc(OCCc3nc(-c4ccccc4)oc3C)cc2)cc1,10.0,0.1461281285862262
Cc1nc2n(c(=O)c1CCN1CCC(c3noc4cc(F)ccc34)CC1)CCCC2,8.0,-0.8728952016351924
Cc1nc2n(c(=O)c1CCN1CCC(c3noc4cc(F)ccc34)CC1)CCCC2,4.0,-1.3089922233116322
Cc1nc2n(c(=O)c1CCN1CCC(c3noc4cc(F)ccc34)CC1)CCCC2,3.0,-1.3419886033428876
Cc1nc2n(c(=O)c1CCN1CCC(c3noc4cc(F)ccc34)CC1)CCCC2,2.5,-1.4399604615789472
Cc1nc2n(c(=O)c1CCN1CCC(c3noc4cc(F)ccc34)CC1)CCCC2,2.0,-1.708538646090721
Cc1nc2n(c(=O)c1CCN1CCC(c3noc4cc(F)ccc34)CC1)CCCC2,1.0,-2.1657457443759527
Cc1nc2n(c(=O)c1CCN1CCC(c3noc4cc(F)ccc34)CC1)CCCC2,0.5,-2.2563002344014738
COc1cc2c(c(OC)c1OC)-c1ccc(OC)c(=O)cc1[C@@H](NC(C)=O)CC2,4.8,-2.165637105900171
COc1cc2c(c(OC)c1OC)-c1ccc(OC)c(=O)cc1[C@@H](NC(C)=O)CC2,1.8,-2.207958689287918
COc1cc2c(c(OC)c1OC)-c1ccc(OC)c(=O)cc1[C@@H](NC(C)=O)CC2,1.2,-2.211124884224583
COc1cc2c(c(OC)c1OC)-c1ccc(OC)c(=O)cc1[C@@H](NC(C)=O)CC2,1.0,-2.2168113089247425
COc1cc2c(c(OC)c1OC)-c1ccc(OC)c(=O)cc1[C@@H](NC(C)=O)CC2,0.6,-2.599494761821032
COc1cc2c(c(OC)c1OC)-c1ccc(OC)c(=O)cc1[C@@H](NC(C)=O)CC2,0.5,-2.678913711058739
O=c1[nH]cnc2c1ncn2[C@H]1CC[C@@H](CO)O1,1596.0,0.8028763024247368
O=c1[nH]cnc2c1ncn2[C@H]1CC[C@@H](CO)O1,714.0,0.722839505724351
O=c1[nH]cnc2c1ncn2[C@H]1CC[C@@H](CO)O1,420.0,0.2731170684867415
O=c1[nH]cnc2c1ncn2[C@H]1CC[C@@H](CO)O1,375.0,0.2565974927628454
O=c1[nH]cnc2c1ncn2[C@H]1CC[C@@H](CO)O1,400.0,0.2256322973464831
O=c1[nH]cnc2c1ncn2[C@H]1CC[C@@H](CO)O1,300.0,0.2041199826559248
O=c1[nH]cnc2c1ncn2[C@H]1CC[C@@H](CO)O1,250.0,0.0556331242728352
O=c1[nH]cnc2c1ncn2[C@H]1CC[C@@H](CO)O1,245.0,0.0273496077747565
O=c1[nH]cnc2c1ncn2[C@H]1CC[C@@H](CO)O1,200.0,0.0180102813854598
O=c1[nH]cnc2c1ncn2[C@H]1CC[C@@H](CO)O1,140.0,-0.1191864077192087
O=c1[nH]cnc2c1ncn2[C@H]1CC[C@@H](CO)O1,100.0,-0.3784775289026055
O=c1[nH]cnc2c1ncn2[C@H]1CC[C@@H](CO)O1,56.0,-0.5474469367710747
O=c1[nH]cnc2c1ncn2[C@H]1CC[C@@H](CO)O1,50.0,-0.6270879970298935
CCn1nc(C(=O)O)c(=O)c2cc3c(cc21)OCO3,1000.0,2.4183012913197457
CCn1nc(C(=O)O)c(=O)c2cc3c(cc21)OCO3,500.0,1.193779149317706
CCN1CCC[C@H]1CNC(=O)c1cc(S(N)(=O)=O)ccc1OC,100.0,-0.8794260687941501
CCN1CCC[C@H]1CNC(=O)c1cc(S(N)(=O)=O)ccc1OC,50.0,-1.0177287669604316
CCN1CCC[C@H]1CNC(=O)c1cc(S(N)(=O)=O)ccc1OC,25.0,-1.3565473235138126
C=CC(=O)N1CCC[C@@H](n2nc(-c3ccc(Oc4ccccc4)cc3)c3c(N)ncnc32)C1,875.0,-0.4584207560534191
C=CC(=O)N1CCC[C@@H](n2nc(-c3ccc(Oc4ccccc4)cc3)c3c(N)ncnc32)C1,840.0,-0.6716203965612623
C=CC(=O)N1CCC[C@@H](n2nc(-c3ccc(Oc4ccccc4)cc3)c3c(N)ncnc32)C1,581.0,-0.835647144215563
C=CC(=O)N1CCC[C@@H](n2nc(-c3ccc(Oc4ccccc4)cc3)c3c(N)ncnc32)C1,280.0,-0.8379536307237734
C=CC(=O)N1CCC[C@@H](n2nc(-c3ccc(Oc4ccccc4)cc3)c3c(N)ncnc32)C1,420.0,-0.8389051694393425
C=CC(=O)N1CCC[C@@H](n2nc(-c3ccc(Oc4ccccc4)cc3)c3c(N)ncnc32)C1,560.0,-0.8411351429188296
C=CC(=O)N1CCC[C@@H](n2nc(-c3ccc(Oc4ccccc4)cc3)c3c(N)ncnc32)C1,175.0,-1.1393027259479618
C=CC(=O)N1CCC[C@@H](n2nc(-c3ccc(Oc4ccccc4)cc3)c3c(N)ncnc32)C1,140.0,-1.4166450240243804
C=CC(=O)N1CCC[C@@H](n2nc(-c3ccc(Oc4ccccc4)cc3)c3c(N)ncnc32)C1,120.0,-1.427903232049481
C=CC(=O)N1CCC[C@@H](n2nc(-c3ccc(Oc4ccccc4)cc3)c3c(N)ncnc32)C1,87.5,-1.4544454927659352
Cc1cc(Nc2ncc(Cl)c(Nc3ccccc3S(=O)(=O)C(C)C)n2)c(OC(C)C)cc1C1CCNCC1,750.0,-0.3274865271314915
Cc1cc(Nc2ncc(Cl)c(Nc3ccccc3S(=O)(=O)C(C)C)n2)c(OC(C)C)cc1C1CCNCC1,600.0,-0.4377071355435253
Cc1cc(Nc2ncc(Cl)c(Nc3ccccc3S(=O)(=O)C(C)C)n2)c(OC(C)C)cc1C1CCNCC1,500.0,-0.7049043614356255
Cc1cc(Nc2ncc(Cl)c(Nc3ccccc3S(=O)(=O)C(C)C)n2)c(OC(C)C)cc1C1CCNCC1,450.0,-0.7226200253327454
Cc1cc(Nc2ncc(Cl)c(Nc3ccccc3S(=O)(=O)C(C)C)n2)c(OC(C)C)cc1C1CCNCC1,400.0,-0.9208187539523752
Cc1cc(Nc2ncc(Cl)c(Nc3ccccc3S(=O)(=O)C(C)C)n2)c(OC(C)C)cc1C1CCNCC1,200.0,-1.39577394691553
Cc1cc(Nc2ncc(Cl)c(Nc3ccccc3S(=O)(=O)C(C)C)n2)c(OC(C)C)cc1C1CCNCC1,100.0,-1.5331323796458909
Cc1cc(Nc2ncc(Cl)c(Nc3ccccc3S(=O)(=O)C(C)C)n2)c(OC(C)C)cc1C1CCNCC1,50.0,-1.882728704344236
CC(CN1c2ccccc2Sc2ccccc21)N(C)C,50.0,-1.6550840066470789
CC(CN1c2ccccc2Sc2ccccc21)N(C)C,25.0,-1.9913998282380825
CC(=O)N1CCN([C@H]2CCN(C(=O)N(C)[C@H](C)c3cc(C(F)(F)F)cc(C(F)(F)F)c3)[C@@H](c3ccc(F)cc3C)C2)CC1O,100.0,-0.7212439057468502
NS(=O)(=O)c1cc(C(=O)O)cc(N2CCCC2)c1Oc1ccccc1,6.0,-0.5775743236287956
Cc1cccc(C)c1OCC(=O)N[C@@H](Cc1ccccc1)[C@@H](O)C[C@H](Cc1ccccc1)NC(=O)[C@H](C(C)C)N1CCCNC1=O,1057.0,1.2571984261393447
Cc1cccc(C)c1OCC(=O)N[C@@H](Cc1ccccc1)[C@@H](O)C[C@H](Cc1ccccc1)NC(=O)[C@H](C(C)C)N1CCCNC1=O,840.0,1.2059257835191872
Cc1cccc(C)c1OCC(=O)N[C@@H](Cc1ccccc1)[C@@H](O)C[C@H](Cc1ccccc1)NC(=O)[C@H](C(C)C)N1CCCNC1=O,800.0,1.100124276621084
Cc1cccc(C)c1OCC(=O)N[C@@H](Cc1ccccc1)[C@@H](O)C[C@H](Cc1ccccc1)NC(=O)[C@H](C(C)C)N1CCCNC1=O,600.0,1.0853619436861297
Cc1cccc(C)c1OCC(=O)N[C@@H](Cc1ccccc1)[C@@H](O)C[C@H](Cc1ccccc1)NC(=O)[C@H](C(C)C)N1CCCNC1=O,500.0,1.065206128054312
Cc1cccc(C)c1OCC(=O)N[C@@H](Cc1ccccc1)[C@@H](O)C[C@H](Cc1ccccc1)NC(=O)[C@H](C(C)C)N1CCCNC1=O,400.0,0.9844010065334388
CN(C)CCOC(C)(c1ccccc1)c1ccccn1,25.0,-1.002176919254275
CN(C)CCOC(C)(c1ccccc1)c1ccccn1,12.5,-1.2056513961039173
CC(C)(Sc1cc(C(C)(C)C)c(O)c(C(C)(C)C)c1)Sc1cc(C(C)(C)C)c(O)c(C(C)(C)C)c1,250.0,0.2530955858490315
CCN(CC)C(=O)[C@]1(c2ccccc2)C[C@@H]1CN,300.0,-0.0491485411114535
CCN(CC)C(=O)[C@]1(c2ccccc2)C[C@@H]1CN,200.0,-0.2442231165387532
CCN(CC)C(=O)[C@]1(c2ccccc2)C[C@@H]1CN,120.0,-0.5269511949114623
CCN(CC)C(=O)[C@]1(c2ccccc2)C[C@@H]1CN,100.0,-0.6539038634205163
CCN(CC)C(=O)[C@]1(c2ccccc2)C[C@@H]1CN,80.0,-0.7437634667940771
CCN(CC)C(=O)[C@]1(c2ccccc2)C[C@@H]1CN,50.0,-0.952491854861964
CCN(CC)C(=O)[C@]1(c2ccccc2)C[C@@H]1CN,40.0,-1.032452023781138
CCN(CC)C(=O)[C@]1(c2ccccc2)C[C@@H]1CN,25.0,-1.3441148963633305
N#Cc1ccc(C(c2ccc(C#N)cc2)n2cncn2)cc1,2.5,-1.4839851658767675
OC(CCN1CCCC1)(c1ccccc1)C1CCCCC1,10.0,-0.9355420107730816
COC(=O)[C@@H]1CC2=CC(=O)CC[C@]2(C)[C@@]23O[C@@H]2C[C@@]2(C)[C@@H](CC[C@@]24CCC(=O)O4)[C@H]13,1000.0,0.8496036580824471
COC(=O)[C@@H]1CC2=CC(=O)CC[C@]2(C)[C@@]23O[C@@H]2C[C@@]2(C)[C@@H](CC[C@@]24CCC(=O)O4)[C@H]13,400.0,0.5732882785041343
COC(=O)[C@@H]1CC2=CC(=O)CC[C@]2(C)[C@@]23O[C@@H]2C[C@@]2(C)[C@@H](CC[C@@]24CCC(=O)O4)[C@H]13,300.0,0.4910113150481011
COC(=O)[C@@H]1CC2=CC(=O)CC[C@]2(C)[C@@]23O[C@@H]2C[C@@]2(C)[C@@H](CC[C@@]24CCC(=O)O4)[C@H]13,100.0,-0.0202739200289838
COC(=O)[C@@H]1CC2=CC(=O)CC[C@]2(C)[C@@]23O[C@@H]2C[C@@]2(C)[C@@H](CC[C@@]24CCC(=O)O4)[C@H]13,50.0,-0.276496273693409
COC(=O)[C@@H]1CC2=CC(=O)CC[C@]2(C)[C@@]23O[C@@H]2C[C@@]2(C)[C@@H](CC[C@@]24CCC(=O)O4)[C@H]13,25.0,-0.3839211512840271
COC(=O)[C@@H]1CC2=CC(=O)CC[C@]2(C)[C@@]23O[C@@H]2C[C@@]2(C)[C@@H](CC[C@@]24CCC(=O)O4)[C@H]13,10.0,-0.7189666327522725
CC(=O)NC[C@H]1CN(c2ccc(N3CCOCC3)c(F)c2)C(=O)O1,600.0,1.0956873055093177
CC(=O)NC[C@H]1CN(c2ccc(N3CCOCC3)c(F)c2)C(=O)O1,700.0,1.0755469613925308
CC(=O)NC[C@H]1CN(c2ccc(N3CCOCC3)c(F)c2)C(=O)O1,400.0,0.9084850188786496
CC(=O)NC[C@H]1CN(c2ccc(N3CCOCC3)c(F)c2)C(=O)O1,500.0,0.8079857748471495
CC(=O)NC[C@H]1CN(c2ccc(N3CCOCC3)c(F)c2)C(=O)O1,200.0,0.5670263661590603
Cc1cc(NS(=O)(=O)c2ccc(N)cc2)no1,800.0,1.6385779926104405
O=C(O[C@H]1C[C@H]2CC[C@@H](C1)[N+]21CCCC1)C(O)(c1ccccc1)c1ccccc1,60.0,-1.9936024233611147
O=C(O[C@H]1C[C@H]2CC[C@@H](C1)[N+]21CCCC1)C(O)(c1ccccc1)c1ccccc1,40.0,-2.31827768612098
O=C(O[C@H]1C[C@H]2CC[C@@H](C1)[N+]21CCCC1)C(O)(c1ccccc1)c1ccccc1,20.0,-2.6385105068831027
O=C1C(O)=C([C@H]2CC[C@H](c3ccc(Cl)cc3)CC2)C(=O)c2ccccc21,1000.0,0.7634279935629373
O=C1C(O)=C([C@H]2CC[C@H](c3ccc(Cl)cc3)CC2)C(=O)c2ccccc21,500.0,0.4419568376564115
O=C1C(O)=C([C@H]2CC[C@H](c3ccc(Cl)cc3)CC2)C(=O)c2ccccc21,750.0,0.4033656775367752
O=C1C(O)=C([C@H]2CC[C@H](c3ccc(Cl)cc3)CC2)C(=O)c2ccccc21,450.0,0.1072099696478683
O=C1C(O)=C([C@H]2CC[C@H](c3ccc(Cl)cc3)CC2)C(=O)c2ccccc21,225.0,-0.1611509092627447
O=C1C(O)=C([C@H]2CC[C@H](c3ccc(Cl)cc3)CC2)C(=O)c2ccccc21,75.0,-0.5528419686577808
O=C1C(O)=C([C@H]2CC[C@H](c3ccc(Cl)cc3)CC2)C(=O)c2ccccc21,25.0,-0.8239087409443188
CC(C)OC(=O)[C@H](C)NP(=O)(OC[C@H]1O[C@@H](n2ccc(=O)[nH]c2=O)[C@](C)(F)[C@@H]1O)Oc1ccccc1,1200.0,0.3206654666652975
CC(C)OC(=O)[C@H](C)NP(=O)(OC[C@H]1O[C@@H](n2ccc(=O)[nH]c2=O)[C@](C)(F)[C@@H]1O)Oc1ccccc1,400.0,-0.1176503719736608
CC(C)OC(=O)[C@H](C)NP(=O)(OC[C@H]1O[C@@H](n2ccc(=O)[nH]c2=O)[C@](C)(F)[C@@H]1O)Oc1ccccc1,200.0,-0.5714552878781353
CC(C)OC(=O)[C@H](C)NP(=O)(OC[C@H]1O[C@@H](n2ccc(=O)[nH]c2=O)[C@](C)(F)[C@@H]1O)Oc1ccccc1,100.0,-0.6898591982038064
Cc1ccc(S(=O)(=O)NC(=O)NN2CC3CCCC3C2)cc1,80.0,0.5728716022004803
Cc1ccc(S(=O)(=O)NC(=O)NN2CC3CCCC3C2)cc1,40.0,0.3979400086720376
Cc1ccc(S(=O)(=O)NC(=O)NN2CC3CCCC3C2)cc1,30.0,0.1420764610732848
O=C(NN1C(=O)[C@@H]2[C@@H]3C=C[C@@H]([C@H]4C[C@@H]34)[C@@H]2C1=O)c1ccc(C(F)(F)F)cc1,600.0,0.2216954786633475
O=C(NN1C(=O)[C@@H]2[C@@H]3C=C[C@@H]([C@H]4C[C@@H]34)[C@@H]2C1=O)c1ccc(C(F)(F)F)cc1,400.0,0.0605278657765412
O=C(NN1C(=O)[C@@H]2[C@@H]3C=C[C@@H]([C@H]4C[C@@H]34)[C@@H]2C1=O)c1ccc(C(F)(F)F)cc1,200.0,-0.0154726866562074
O=C(NN1C(=O)[C@@H]2[C@@H]3C=C[C@@H]([C@H]4C[C@@H]34)[C@@H]2C1=O)c1ccc(C(F)(F)F)cc1,100.0,-0.3260580013659122
N[C@@H]1CN(c2c(F)cc3c(=O)c(C(=O)O)cn([C@@H]4C[C@@H]4F)c3c2Cl)CC12CC2,200.0,0.2988530764097066
N[C@@H]1CN(c2c(F)cc3c(=O)c(C(=O)O)cn([C@@H]4C[C@@H]4F)c3c2Cl)CC12CC2,100.0,0.1245042248342822
N[C@@H]1CN(c2c(F)cc3c(=O)c(C(=O)O)cn([C@@H]4C[C@@H]4F)c3c2Cl)CC12CC2,50.0,-0.1992829217176149
CCc1cc(/C(C)=N/OCc2ccc(C3CCCCC3)c(C(F)(F)F)c2)ccc1CN1CC(C(=O)O)C1,75.0,-0.2941362877160807
CCc1cc(/C(C)=N/OCc2ccc(C3CCCCC3)c(C(F)(F)F)c2)ccc1CN1CC(C(=O)O)C1,25.0,-0.6556077263148893
CCc1cc(/C(C)=N/OCc2ccc(C3CCCCC3)c(C(F)(F)F)c2)ccc1CN1CC(C(=O)O)C1,17.5,-0.9546770212133424
CCc1cc(/C(C)=N/OCc2ccc(C3CCCCC3)c(C(F)(F)F)c2)ccc1CN1CC(C(=O)O)C1,10.0,-1.064912788837982
CCc1cc(/C(C)=N/OCc2ccc(C3CCCCC3)c(C(F)(F)F)c2)ccc1CN1CC(C(=O)O)C1,5.0,-1.340178841944295
CCc1cc(/C(C)=N/OCc2ccc(C3CCCCC3)c(C(F)(F)F)c2)ccc1CN1CC(C(=O)O)C1,4.0,-1.5103695906682857
CCc1cc(/C(C)=N/OCc2ccc(C3CCCCC3)c(C(F)(F)F)c2)ccc1CN1CC(C(=O)O)C1,2.5,-1.681132057059374
CCc1cc(/C(C)=N/OCc2ccc(C3CCCCC3)c(C(F)(F)F)c2)ccc1CN1CC(C(=O)O)C1,2.0,-1.812479279163537
CCc1cc(/C(C)=N/OCc2ccc(C3CCCCC3)c(C(F)(F)F)c2)ccc1CN1CC(C(=O)O)C1,1.0,-2.112101511903133
CCc1cc(/C(C)=N/OCc2ccc(C3CCCCC3)c(C(F)(F)F)c2)ccc1CN1CC(C(=O)O)C1,0.5,-2.344381416458788
CCc1cc(/C(C)=N/OCc2ccc(C3CCCCC3)c(C(F)(F)F)c2)ccc1CN1CC(C(=O)O)C1,0.3,-2.6458915608525992
CCc1cc(/C(C)=N/OCc2ccc(C3CCCCC3)c(C(F)(F)F)c2)ccc1CN1CC(C(=O)O)C1,0.25,-2.868298824063223
CCc1cc(/C(C)=N/OCc2ccc(C3CCCCC3)c(C(F)(F)F)c2)ccc1CN1CC(C(=O)O)C1,0.1,-3.1941594511853277
CC(=O)CCCCn1c(=O)c2c(ncn2C)n(C)c1=O,400.0,-0.4740829050542491
CCc1nc(N)nc(N)c1-c1ccc(Cl)cc1,75.0,-0.089731428380933
CCc1nc(N)nc(N)c1-c1ccc(Cl)cc1,25.0,-0.629857152948898
O=C(O)CNC(=O)c1ncc(-c2cccc(Cl)c2)cc1O,450.0,1.4517685313780109
O=C(O)CNC(=O)c1ncc(-c2cccc(Cl)c2)cc1O,300.0,1.3023850497489473
C[C@@](Cc1ccc(O)c(O)c1)(NN)C(=O)O,50.0,2.113943352306837
C[C@@](Cc1ccc(O)c(O)c1)(NN)C(=O)O,37.5,2.047923552317183
C[C@@](Cc1ccc(O)c(O)c1)(NN)C(=O)O,25.0,1.8715729355458788
C[C@@](Cc1ccc(O)c(O)c1)(NN)C(=O)O,12.5,1.5984257066728682
C[C@@](Cc1ccc(O)c(O)c1)(NN)C(=O)O,10.0,1.5096504795465824
CCOC(=O)[C@H](CCc1ccccc1)N[C@@H](C)C(=O)N1CC2(C[C@H]1C(=O)O)SCCS2,75.0,-0.025028005701931
CCOC(=O)[C@H](CCc1ccccc1)N[C@@H](C)C(=O)N1CC2(C[C@H]1C(=O)O)SCCS2,50.0,-0.3941564609419107
CCOC(=O)[C@H](CCc1ccccc1)N[C@@H](C)C(=O)N1CC2(C[C@H]1C(=O)O)SCCS2,25.0,-0.5430269863641821
CCOC(=O)[C@H](CCc1ccccc1)N[C@@H](C)C(=O)N1CC2(C[C@H]1C(=O)O)SCCS2,24.0,-0.7342735506425142
CCOC(=O)[C@H](CCc1ccccc1)N[C@@H](C)C(=O)N1CC2(C[C@H]1C(=O)O)SCCS2,12.0,-1.0912469808154663
CCOC(=O)[C@H](CCc1ccccc1)N[C@@H](C)C(=O)N1CC2(C[C@H]1C(=O)O)SCCS2,6.0,-1.4218417735128597
CCOC(=O)[C@H](CCc1ccccc1)N[C@@H](C)C(=O)N1CC2(C[C@H]1C(=O)O)SCCS2,3.0,-1.935043108384038
CCOC(=O)[C@H](CCc1ccccc1)N[C@@H](C)C(=O)N1CC2(C[C@H]1C(=O)O)SCCS2,1.0,-2.449771646944906
CCOC(=O)[C@H](CCc1ccccc1)N[C@@H](C)C(=O)N1CC2(C[C@H]1C(=O)O)SCCS2,1.5,-2.508638306165728
CCOC(=O)[C@H](CCc1ccccc1)N[C@@H](C)C(=O)N1CC2(C[C@H]1C(=O)O)SCCS2,0.3,-3.1249387366083
COC(=O)/C=C/C(=O)OC,360.0,0.320146286111054
COC(=O)/C=C/C(=O)OC,240.0,0.2737571667460596
COC(=O)/C=C/C(=O)OC,120.0,-0.0069129620967349
C[C@@H](c1ncncc1F)[C@](O)(Cn1cncn1)c1ccc(F)cc1F,800.0,0.8775249153487091
C[C@@H](c1ncncc1F)[C@](O)(Cn1cncn1)c1ccc(F)cc1F,400.0,0.4080387103066164
C[C@@H](c1ncncc1F)[C@](O)(Cn1cncn1)c1ccc(F)cc1F,210.0,0.3833664827550392
C[C@@H](c1ncncc1F)[C@](O)(Cn1cncn1)c1ccc(F)cc1F,200.0,0.3685039902677212
C[C@@H](c1ncncc1F)[C@](O)(Cn1cncn1)c1ccc(F)cc1F,140.0,-0.0827571420925337
C[C@@H](c1ncncc1F)[C@](O)(Cn1cncn1)c1ccc(F)cc1F,100.0,-0.5883802940367698
C[C@@H](c1ncncc1F)[C@](O)(Cn1cncn1)c1ccc(F)cc1F,50.0,-0.9030899869919436
COC(=O)N(C)c1c(N)nc(-c2nn(Cc3ccccc3F)c3ncccc23)nc1N,2.5,-0.8637551982538576
COC(=O)N(C)c1c(N)nc(-c2nn(Cc3ccccc3F)c3ncccc23)nc1N,5.0,-0.960982678002588
COC(=O)N(C)c1c(N)nc(-c2nn(Cc3ccccc3F)c3ncccc23)nc1N,1.0,-1.2262135550188065
CC(C)(C(=O)O)c1ccc(C(O)CCCN2CCC(C(O)(c3ccccc3)c3ccccc3)CC2)cc1,800.0,0.8050248444298053
CC(C)(C(=O)O)c1ccc(C(O)CCCN2CCC(C(O)(c3ccccc3)c3ccccc3)CC2)cc1,690.0,0.6699673699085041
CC(C)(C(=O)O)c1ccc(C(O)CCCN2CCC(C(O)(c3ccccc3)c3ccccc3)CC2)cc1,640.0,0.6050894618815803
CC(C)(C(=O)O)c1ccc(C(O)CCCN2CCC(C(O)(c3ccccc3)c3ccccc3)CC2)cc1,390.0,0.5275010109811202
CC(C)(C(=O)O)c1ccc(C(O)CCCN2CCC(C(O)(c3ccccc3)c3ccccc3)CC2)cc1,480.0,0.5129510799724907
CC(C)(C(=O)O)c1ccc(C(O)CCCN2CCC(C(O)(c3ccccc3)c3ccccc3)CC2)cc1,360.0,0.4960989921325713
CC(C)(C(=O)O)c1ccc(C(O)CCCN2CCC(C(O)(c3ccccc3)c3ccccc3)CC2)cc1,520.0,0.4878451201114356
CC(C)(C(=O)O)c1ccc(C(O)CCCN2CCC(C(O)(c3ccccc3)c3ccccc3)CC2)cc1,280.0,0.2805783703680763
CC(C)(C(=O)O)c1ccc(C(O)CCCN2CCC(C(O)(c3ccccc3)c3ccccc3)CC2)cc1,260.0,0.1950689964685901
CC(C)(C(=O)O)c1ccc(C(O)CCCN2CCC(C(O)(c3ccccc3)c3ccccc3)CC2)cc1,200.0,0.1027766148834413
CC(C)(C(=O)O)c1ccc(C(O)CCCN2CCC(C(O)(c3ccccc3)c3ccccc3)CC2)cc1,130.0,-0.0725269790047241
CC(C)(C(=O)O)c1ccc(C(O)CCCN2CCC(C(O)(c3ccccc3)c3ccccc3)CC2)cc1,160.0,-0.1049644025476773
CC(C)(C(=O)O)c1ccc(C(O)CCCN2CCC(C(O)(c3ccccc3)c3ccccc3)CC2)cc1,120.0,-0.3795094477049968
CC(C)(C(=O)O)c1ccc(C(O)CCCN2CCC(C(O)(c3ccccc3)c3ccccc3)CC2)cc1,80.0,-0.4661169891868545
CC(C)(C(=O)O)c1ccc(C(O)CCCN2CCC(C(O)(c3ccccc3)c3ccccc3)CC2)cc1,60.0,-0.69860082378956
CC(C)(C(=O)O)c1ccc(C(O)CCCN2CCC(C(O)(c3ccccc3)c3ccccc3)CC2)cc1,40.0,-0.7033348097384688
CC(C)(C(=O)O)c1ccc(C(O)CCCN2CCC(C(O)(c3ccccc3)c3ccccc3)CC2)cc1,15.0,-0.7542945950940154
CC(C)(C(=O)O)c1ccc(C(O)CCCN2CCC(C(O)(c3ccccc3)c3ccccc3)CC2)cc1,30.0,-0.908273443875074
CC(C)(C(=O)O)c1ccc(C(O)CCCN2CCC(C(O)(c3ccccc3)c3ccccc3)CC2)cc1,20.0,-1.1378686206869628
CC(C)(C(=O)O)c1ccc(C(O)CCCN2CCC(C(O)(c3ccccc3)c3ccccc3)CC2)cc1,10.0,-1.6525398784861811
CC(C)(C(=O)O)c1ccc(C(O)CCCN2CCC(C(O)(c3ccccc3)c3ccccc3)CC2)cc1,0.05,-3.609653766860729
CC(C)(C(=O)O)c1ccc(C(O)CCCN2CCC(C(O)(c3ccccc3)c3ccccc3)CC2)cc1,0.03,-3.80465394165158
O=C(O[C@H]1CN2CCC1CC2)N1CCc2ccccc2[C@@H]1c1ccccc1,100.0,-0.9645702618154516
O=C(O[C@H]1CN2CCC1CC2)N1CCc2ccccc2[C@@H]1c1ccccc1,80.0,-1.0893755951107988
O=C(O[C@H]1CN2CCC1CC2)N1CCc2ccccc2[C@@H]1c1ccccc1,60.0,-1.2890368810047244
O=C(O[C@H]1CN2CCC1CC2)N1CCc2ccccc2[C@@H]1c1ccccc1,40.0,-1.332547047110046
O=C(O[C@H]1CN2CCC1CC2)N1CCc2ccccc2[C@@H]1c1ccccc1,30.0,-1.422163658707256
O=C(O[C@H]1CN2CCC1CC2)N1CCc2ccccc2[C@@H]1c1ccccc1,20.0,-1.6035945744500582
O=C(O[C@H]1CN2CCC1CC2)N1CCc2ccccc2[C@@H]1c1ccccc1,10.0,-2.003195768726631
O=C(O[C@H]1CN2CCC1CC2)N1CCc2ccccc2[C@@H]1c1ccccc1,5.0,-2.071883586561661
O=C(O[C@H]1CN2CCC1CC2)N1CCc2ccccc2[C@@H]1c1ccccc1,700.0,-2.899629454882437
CCC1(c2cccc(O)c2)CCCCN(C)C1,200.0,-1.2477594289826026
COc1cc(Cc2cnc(N)nc2N)cc(OC)c1OC,200.0,0.4538277764478606
COc1cc(Cc2cnc(N)nc2N)cc(OC)c1OC,280.0,0.3010299956639812
COc1cc(Cc2cnc(N)nc2N)cc(OC)c1OC,160.0,0.271762802642154
COc1cc(Cc2cnc(N)nc2N)cc(OC)c1OC,100.0,0.0432846395785487
COc1cc(Cc2cnc(N)nc2N)cc(OC)c1OC,100.0,-0.0014500663952327
Cn1c([S+](C)O)nc(-c2ccc(F)cc2)c1-c1ccnc(N)c1,50.0,-0.7028218556730448
Cn1c([S+](C)O)nc(-c2ccc(F)cc2)c1-c1ccnc(N)c1,30.0,-0.8577238156587882
Cn1c([S+](C)O)nc(-c2ccc(F)cc2)c1-c1ccnc(N)c1,20.0,-0.924670605289401
Cn1c([S+](C)O)nc(-c2ccc(F)cc2)c1-c1ccnc(N)c1,10.0,-1.2768531234007636
NS(=O)(=O)c1cc(C2(O)NC(=O)c3ccccc32)ccc1Cl,50.0,0.5562678955154314
NS(=O)(=O)c1cc(C2(O)NC(=O)c3ccccc32)ccc1Cl,25.0,0.2663885100087674
CC1(C)O[C@@H]2C[C@H]3[C@@H]4CCC5=CC(=O)C=C[C@]5(C)[C@@]4(F)[C@@H](O)C[C@]3(C)[C@]2(C(=O)CO)O1,5.0,-1.978810700930062
CC1(C)O[C@@H]2C[C@H]3[C@@H]4CCC5=CC(=O)C=C[C@]5(C)[C@@]4(F)[C@@H](O)C[C@]3(C)[C@]2(C(=O)CO)O1,0.99,-2.736837535037784
CC1(C)O[C@@H]2C[C@H]3[C@@H]4CCC5=CC(=O)C=C[C@]5(C)[C@@]4(F)[C@@H](O)C[C@]3(C)[C@]2(C(=O)CO)O1,0.85,-2.7958800173440754
CC1(C)O[C@@H]2C[C@H]3[C@@H]4CCC5=CC(=O)C=C[C@]5(C)[C@@]4(F)[C@@H](O)C[C@]3(C)[C@]2(C(=O)CO)O1,0.66,-2.940815382368629
CC[C@H]1OC(=O)[C@H](C)[C@@H](O[C@H]2C[C@@](C)(OC)[C@@H](O)[C@H](C)O2)[C@H](C)[C@@H](O[C@@H]2O[C@H](C)C[C@H](N(C)C)[C@H]2O)[C@](C)(O)C[C@@H](C)CN(C)[C@H](C)[C@@H](O)[C@]1(C)O,2000.0,0.1169642218383304
CC[C@H]1OC(=O)[C@H](C)[C@@H](O[C@H]2C[C@@](C)(OC)[C@@H](O)[C@H](C)O2)[C@H](C)[C@@H](O[C@@H]2O[C@H](C)C[C@H](N(C)C)[C@H]2O)[C@](C)(O)C[C@@H](C)CN(C)[C@H](C)[C@@H](O)[C@]1(C)O,4200.0,0.1055101847699739
CC[C@H]1OC(=O)[C@H](C)[C@@H](O[C@H]2C[C@@](C)(OC)[C@@H](O)[C@H](C)O2)[C@H](C)[C@@H](O[C@@H]2O[C@H](C)C[C@H](N(C)C)[C@H]2O)[C@](C)(O)C[C@@H](C)CN(C)[C@H](C)[C@@H](O)[C@]1(C)O,1200.0,0.0969679150789245
CC[C@H]1OC(=O)[C@H](C)[C@@H](O[C@H]2C[C@@](C)(OC)[C@@H](O)[C@H](C)O2)[C@H](C)[C@@H](O[C@@H]2O[C@H](C)C[C@H](N(C)C)[C@H]2O)[C@](C)(O)C[C@@H](C)CN(C)[C@H](C)[C@@H](O)[C@]1(C)O,1000.0,-0.0972494381772708
CC[C@H]1OC(=O)[C@H](C)[C@@H](O[C@H]2C[C@@](C)(OC)[C@@H](O)[C@H](C)O2)[C@H](C)[C@@H](O[C@@H]2O[C@H](C)C[C@H](N(C)C)[C@H]2O)[C@](C)(O)C[C@@H](C)CN(C)[C@H](C)[C@@H](O)[C@]1(C)O,600.0,-0.2404832405378119
CC[C@H]1OC(=O)[C@H](C)[C@@H](O[C@H]2C[C@@](C)(OC)[C@@H](O)[C@H](C)O2)[C@H](C)[C@@H](O[C@@H]2O[C@H](C)C[C@H](N(C)C)[C@H]2O)[C@](C)(O)C[C@@H](C)CN(C)[C@H](C)[C@@H](O)[C@]1(C)O,250.0,-0.4142385645892982
CC[C@H]1OC(=O)[C@H](C)[C@@H](O[C@H]2C[C@@](C)(OC)[C@@H](O)[C@H](C)O2)[C@H](C)[C@@H](O[C@@H]2O[C@H](C)C[C@H](N(C)C)[C@H]2O)[C@](C)(O)C[C@@H](C)CN(C)[C@H](C)[C@@H](O)[C@]1(C)O,200.0,-0.4213607900319276
CC[C@H]1OC(=O)[C@H](C)[C@@H](O[C@H]2C[C@@](C)(OC)[C@@H](O)[C@H](C)O2)[C@H](C)[C@@H](O[C@@H]2O[C@H](C)C[C@H](N(C)C)[C@H]2O)[C@](C)(O)C[C@@H](C)CN(C)[C@H](C)[C@@H](O)[C@]1(C)O,500.0,-0.4398464145052466
COc1ccc2c3c1O[C@H]1C[C@@H](O)C=C[C@@]31CCN(C)C2,24.0,-1.0382467858132174
COc1ccc2c3c1O[C@H]1C[C@@H](O)C=C[C@@]31CCN(C)C2,12.0,-1.191608952653419
COc1ccc2c3c1O[C@H]1C[C@@H](O)C=C[C@@]31CCN(C)C2,16.0,-1.1966187635309364
COc1ccc2c3c1O[C@H]1C[C@@H](O)C=C[C@@]31CCN(C)C2,10.0,-1.3010299956639813
COc1ccc2c3c1O[C@H]1C[C@@H](O)C=C[C@@]31CCN(C)C2,8.0,-1.3592160084645024
COc1ccc2c3c1O[C@H]1C[C@@H](O)C=C[C@@]31CCN(C)C2,4.0,-1.642269286719828
COc1ncc(OC)c2c(C(=O)C(=O)N3CCN(C(=O)c4ccccc4)CC3)c[nH]c12,800.0,0.6127838428223119
COC(=O)C1=C(C)NC(C)=C(C(=O)OCC(C)C)C1c1ccccc1[N+](=O)[O-],120.0,-1.826231176863353
COC(=O)C1=C(C)NC(C)=C(C(=O)OCC(C)C)C1c1ccccc1[N+](=O)[O-],90.0,-1.88538901576783
COC(=O)C1=C(C)NC(C)=C(C(=O)OCC(C)C)C1c1ccccc1[N+](=O)[O-],60.0,-2.246608471201445
COC(=O)C1=C(C)NC(C)=C(C(=O)OCC(C)C)C1c1ccccc1[N+](=O)[O-],40.0,-2.3575354797578787
COC(=O)C1=C(C)NC(C)=C(C(=O)OCC(C)C)C1c1ccccc1[N+](=O)[O-],34.0,-2.4294570601181027
COC(=O)C1=C(C)NC(C)=C(C(=O)OCC(C)C)C1c1ccccc1[N+](=O)[O-],30.0,-2.4584207560534197
COC(=O)C1=C(C)NC(C)=C(C(=O)OCC(C)C)C1c1ccccc1[N+](=O)[O-],20.0,-2.7385048896780955
COC(=O)C1=C(C)NC(C)=C(C(=O)OCC(C)C)C1c1ccccc1[N+](=O)[O-],10.0,-2.79373396224343
COC(=O)C1=C(C)NC(C)=C(C(=O)OCC(C)C)C1c1ccccc1[N+](=O)[O-],5.0,-2.874143533859753
Cc1cccc(C)c1NC(=O)c1cc(S(N)(=O)=O)c(Cl)cc1O,40.0,0.8419848045901138
CO/N=C1\CN(c2nc3c(cc2F)c(=O)c(C(=O)O)cn3C2CC2)CC1CN,750.0,0.9684829485539352
CO/N=C1\CN(c2nc3c(cc2F)c(=O)c(C(=O)O)cn3C2CC2)CC1CN,500.0,0.8162412999917831
CO/N=C1\CN(c2nc3c(cc2F)c(=O)c(C(=O)O)cn3C2CC2)CC1CN,400.0,0.6190933306267429
CO/N=C1\CN(c2nc3c(cc2F)c(=O)c(C(=O)O)cn3C2CC2)CC1CN,250.0,0.4471580313422192
CO/N=C1\CN(c2nc3c(cc2F)c(=O)c(C(=O)O)cn3C2CC2)CC1CN,200.0,0.3010299956639812
CO/N=C1\CN(c2nc3c(cc2F)c(=O)c(C(=O)O)cn3C2CC2)CC1CN,160.0,0.018423082826786
CO/N=C1\CN(c2nc3c(cc2F)c(=O)c(C(=O)O)cn3C2CC2)CC1CN,80.0,-0.3565473235138126
CO/N=C1\CN(c2nc3c(cc2F)c(=O)c(C(=O)O)cn3C2CC2)CC1CN,40.0,-0.6989700043360187
CO/N=C1\CN(c2nc3c(cc2F)c(=O)c(C(=O)O)cn3C2CC2)CC1CN,20.0,-0.9208187539523752
CC1=C(/C=C/C(C)=C\C=C\C(C)=C\C(=O)O)C(C)(C)CCC1,150.0,-0.7313635333387127
CC1=C(/C=C/C(C)=C\C=C\C(C)=C\C(=O)O)C(C)(C)CCC1,80.0,-0.888401475119606
CC1=C(/C=C/C(C)=C\C=C\C(C)=C\C(=O)O)C(C)(C)CCC1,40.0,-1.4984843063351885
CC1=C(/C=C/C(C)=C\C=C\C(C)=C\C(=O)O)C(C)(C)CCC1,15.0,-1.593459819566045
CC1=C(/C=C/C(C)=C\C=C\C(C)=C\C(=O)O)C(C)(C)CCC1,5.0,-1.6073030467403342
NCCCCN(Cc1nc2ccccc2[nH]1)[C@H]1CCCc2cccnc21,400.0,0.2682268127005993
NCCCCN(Cc1nc2ccccc2[nH]1)[C@H]1CCCc2cccnc21,200.0,-0.0486618529834807
NCCCCN(Cc1nc2ccccc2[nH]1)[C@H]1CCCc2cccnc21,100.0,-0.4335640380327418
NCCCCN(Cc1nc2ccccc2[nH]1)[C@H]1CCCc2cccnc21,50.0,-0.7986044577161656
CC[C@H](OC(C)=O)C(C[C@H](C)N(C)C)(c1ccccc1)c1ccccc1,72.5,-0.623423042943488
CC[C@H](OC(C)=O)C(C[C@H](C)N(C)C)(c1ccccc1)c1ccccc1,60.0,-0.8961962790440431
CC[C@H](OC(C)=O)C(C[C@H](C)N(C)C)(c1ccccc1)c1ccccc1,25.0,-1.9208187539523751
Nc1nc(N)c2ncn([C@H]3CO[C@@H](CO)O3)c2n1,500.0,-0.226213731752569
CN(CCOc1ccc(NS(C)(=O)=O)cc1)CCc1ccc(NS(C)(=O)=O)cc1,1.25,-2.024836357279997
CN(CCOc1ccc(NS(C)(=O)=O)cc1)CCc1ccc(NS(C)(=O)=O)cc1,1.0,-2.2501670994240093
CN(CCOc1ccc(NS(C)(=O)=O)cc1)CCc1ccc(NS(C)(=O)=O)cc1,0.875,-2.4286794511692658
CN(CCOc1ccc(NS(C)(=O)=O)cc1)CCc1ccc(NS(C)(=O)=O)cc1,0.83,-2.449771646944906
CN(CCOc1ccc(NS(C)(=O)=O)cc1)CCc1ccc(NS(C)(=O)=O)cc1,0.75,-2.455494232298136
CN(CCOc1ccc(NS(C)(=O)=O)cc1)CCc1ccc(NS(C)(=O)=O)cc1,0.375,-2.504629137383734
CN(CCOc1ccc(NS(C)(=O)=O)cc1)CCc1ccc(NS(C)(=O)=O)cc1,0.7,-2.568033467552852
CN(CCOc1ccc(NS(C)(=O)=O)cc1)CCc1ccc(NS(C)(=O)=O)cc1,0.125,-2.617982957425132
CN(CCOc1ccc(NS(C)(=O)=O)cc1)CCc1ccc(NS(C)(=O)=O)cc1,0.5,-2.620759916904964
CN(CCOc1ccc(NS(C)(=O)=O)cc1)CCc1ccc(NS(C)(=O)=O)cc1,0.6,-2.6331103103466384
CN(CCOc1ccc(NS(C)(=O)=O)cc1)CCc1ccc(NS(C)(=O)=O)cc1,0.525,-2.643974142806877
CN(CCOc1ccc(NS(C)(=O)=O)cc1)CCc1ccc(NS(C)(=O)=O)cc1,0.25,-2.699117247762385
CN(CCOc1ccc(NS(C)(=O)=O)cc1)CCc1ccc(NS(C)(=O)=O)cc1,0.4,-2.7423214251308394
CN(CCOc1ccc(NS(C)(=O)=O)cc1)CCc1ccc(NS(C)(=O)=O)cc1,0.33,-2.7695510786217263
CN(CCOc1ccc(NS(C)(=O)=O)cc1)CCc1ccc(NS(C)(=O)=O)cc1,0.35,-2.9123072951888056
CN(CCOc1ccc(NS(C)(=O)=O)cc1)CCc1ccc(NS(C)(=O)=O)cc1,0.2,-3.080921907623978
CN(CCOc1ccc(NS(C)(=O)=O)cc1)CCc1ccc(NS(C)(=O)=O)cc1,0.14,-3.282329496997738
CN(CCOc1ccc(NS(C)(=O)=O)cc1)CCc1ccc(NS(C)(=O)=O)cc1,0.1,-3.3010299956639813
O=C(O)c1n[nH]c2c1C[C@H]1C[C@@H]21,200.0,-2.0600472683309183
O=C(O)c1n[nH]c2c1C[C@H]1C[C@@H]21,175.0,-2.060866692124774
O=C(O)c1n[nH]c2c1C[C@H]1C[C@@H]21,150.0,-2.171066983338679
O=C(O)c1n[nH]c2c1C[C@H]1C[C@@H]21,100.0,-2.2746346813799354
O=C(O)c1n[nH]c2c1C[C@H]1C[C@@H]21,50.0,-2.630917792223749
N#Cc1ccnc(N2C(=O)CC[C@H]2C(=O)N(c2cncc(F)c2)[C@H](C(=O)NC2CC(F)(F)C2)c2ccccc2Cl)c1,1200.0,0.8325089127062363
N#Cc1ccnc(N2C(=O)CC[C@H]2C(=O)N(c2cncc(F)c2)[C@H](C(=O)NC2CC(F)(F)C2)c2ccccc2Cl)c1,500.0,0.6511117980816276
N#Cc1ccnc(N2C(=O)CC[C@H]2C(=O)N(c2cncc(F)c2)[C@H](C(=O)NC2CC(F)(F)C2)c2ccccc2Cl)c1,250.0,0.2556342664585873
CC(=O)Oc1ccccc1C(=O)O,1000.0,1.7287594751678743
CC(=O)Oc1ccccc1C(=O)O,960.0,1.5108130105124962
CC(=O)Oc1ccccc1C(=O)O,650.0,1.3937506403480804
CC(=O)Oc1ccccc1C(=O)O,500.0,1.378711655791958
CC(=O)Oc1ccccc1C(=O)O,300.0,1.066596669227799
CC(=O)Oc1ccccc1C(=O)O,325.0,1.0017337128090005
CC(=O)Oc1ccccc1C(=O)O,135.0,0.0906107078284066
CC(=O)Oc1ccccc1C(=O)O,75.0,-0.0127807700919951
CC(=O)Oc1ccccc1C(=O)O,40.0,-0.853716886840413
CC(=O)Oc1ccccc1C(=O)O,20.0,-1.136677139879544
CC(=O)Oc1ccccc1C(=O)O,10.0,-1.1586405295451452
CC(=O)Oc1ccccc1C(=O)O,5.0,-1.576754126063192
Nc1cc(F)ccc1NC(=O)c1ccc(CNC(=O)/C=C/c2cccnc2)cc1,32.5,-0.914313348864058
COc1ccc2[nH]c([S+](O)Cc3ncc(C)c(OC)c3C)nc2c1,20.0,-0.0614799062237281
COc1ccc2[nH]c([S+](O)Cc3ncc(C)c(OC)c3C)nc2c1,10.0,-0.3835239033064858
CN1C[C@H](C(=O)N[C@]2(C)O[C@@]3(O)[C@@H]4CCCN4C(=O)[C@H](Cc4ccccc4)N3C2=O)C[C@@H]2c3cccc4[nH]cc(c34)C[C@H]21,20.0,-3.721246399047171
Cc1onc(-c2c(F)cccc2Cl)c1C(=O)N[C@@H]1C(=O)N2[C@@H]1SC(C)(C)[C@@H]2C(=O)O,1000.0,1.2844307338445196
Cc1onc(-c2c(F)cccc2Cl)c1C(=O)N[C@@H]1C(=O)N2[C@@H]1SC(C)(C)[C@@H]2C(=O)O,500.0,1.1846914308175989
COc1ccc(NC(=O)c2ccc(C(=N)N(C)C)cc2)c(C(=O)Nc2ccc(Cl)cn2)c1,80.0,-1.3089185078770316
COc1ccc(NC(=O)c2ccc(C(=N)N(C)C)cc2)c(C(=O)Nc2ccc(Cl)cn2)c1,40.0,-1.5892311996072253
CC(C)OC(=O)[C@H](C)N[P@@](=O)(CO[C@H](C)Cn1cnc2c(N)ncnc21)Oc1ccccc1,120.0,-0.2255925340783682
CC(C)OC(=O)[C@H](C)N[P@@](=O)(CO[C@H](C)Cn1cnc2c(N)ncnc21)Oc1ccccc1,300.0,-0.5131446447230567
CC(C)OC(=O)[C@H](C)N[P@@](=O)(CO[C@H](C)Cn1cnc2c(N)ncnc21)Oc1ccccc1,40.0,-0.6040914426586182
CC(C)OC(=O)[C@H](C)N[P@@](=O)(CO[C@H](C)Cn1cnc2c(N)ncnc21)Oc1ccccc1,25.0,-0.8863834194381831
CC(C)OC(=O)[C@H](C)N[P@@](=O)(CO[C@H](C)Cn1cnc2c(N)ncnc21)Oc1ccccc1,10.0,-0.9094598002457646
CC(C)OC(=O)[C@H](C)N[P@@](=O)(CO[C@H](C)Cn1cnc2c(N)ncnc21)Oc1ccccc1,8.0,-1.2073748815888956
COc1ccc2c3c1O[C@H]1C(=O)CC[C@H]4[C@@H](C2)N(C)CC[C@]314,120.0,-0.9180529206851258
COc1ccc2c3c1O[C@H]1C(=O)CC[C@H]4[C@@H](C2)N(C)CC[C@]314,90.0,-1.1565559887600023
COc1ccc2c3c1O[C@H]1C(=O)CC[C@H]4[C@@H](C2)N(C)CC[C@]314,80.0,-1.165325025537256
COc1ccc2c3c1O[C@H]1C(=O)CC[C@H]4[C@@H](C2)N(C)CC[C@]314,50.0,-1.301456537475593
COc1ccc2c3c1O[C@H]1C(=O)CC[C@H]4[C@@H](C2)N(C)CC[C@]314,60.0,-1.326656488582558
COc1ccc2c3c1O[C@H]1C(=O)CC[C@H]4[C@@H](C2)N(C)CC[C@]314,40.0,-1.442733471130096
COc1ccc2c3c1O[C@H]1C(=O)CC[C@H]4[C@@H](C2)N(C)CC[C@]314,45.0,-1.5009383075639602
COc1ccc2c3c1O[C@H]1C(=O)CC[C@H]4[C@@H](C2)N(C)CC[C@]314,30.0,-1.5695701682001233
COc1ccc2c3c1O[C@H]1C(=O)CC[C@H]4[C@@H](C2)N(C)CC[C@]314,20.0,-1.6718812697049952
COc1ccc2c3c1O[C@H]1C(=O)CC[C@H]4[C@@H](C2)N(C)CC[C@]314,7.5,-1.7576242381090816
COc1ccc2c3c1O[C@H]1C(=O)CC[C@H]4[C@@H](C2)N(C)CC[C@]314,5.0,-1.8693446509779692
COc1ccc2c3c1O[C@H]1C(=O)CC[C@H]4[C@@H](C2)N(C)CC[C@]314,2.5,-2.1418639982851326
Cn1cc(S(C)=O)c(=O)c2ccc(F)cc21,300.0,0.7213983755215054
Cn1cc(S(C)=O)c(=O)c2ccc(F)cc21,200.0,0.5590612827119802
Cn1cc(S(C)=O)c(=O)c2ccc(F)cc21,150.0,0.406940728750938
Cn1cc(S(C)=O)c(=O)c2ccc(F)cc21,125.0,0.367355921026019
Cn1cc(S(C)=O)c(=O)c2ccc(F)cc21,75.0,0.2887600851890778
Cn1cc(S(C)=O)c(=O)c2ccc(F)cc21,100.0,0.2458696711074987
Cn1cc(S(C)=O)c(=O)c2ccc(F)cc21,50.0,-0.1660034120571569
O=C(O)CCc1nc(-c2ccccc2)c(-c2ccccc2)o1,1200.0,2.155368107258086
O=C(O)CCc1nc(-c2ccccc2)c(-c2ccccc2)o1,1800.0,2.031409494437313
O=C(O)CCc1nc(-c2ccccc2)c(-c2ccccc2)o1,1200.0,1.934946375360485
O=C(O)CCc1nc(-c2ccccc2)c(-c2ccccc2)o1,600.0,1.7545105286822813
O=C(O)CCc1nc(-c2ccccc2)c(-c2ccccc2)o1,300.0,1.4033813628330027
CC[C@H]1OC(=O)[C@H](C)[C@@H](O[C@H]2C[C@@](C)(OC)[C@@H](O)[C@H](C)O2)[C@H](C)[C@@H](O[C@@H]2O[C@H](C)C[C@H](N(C)C)[C@H]2O)[C@](C)(O)C[C@@H](C)C(=O)[C@H](C)[C@@H](O)[C@]1(C)O,666.0,0.5000305341838743
CC[C@H]1OC(=O)[C@H](C)[C@@H](O[C@H]2C[C@@](C)(OC)[C@@H](O)[C@H](C)O2)[C@H](C)[C@@H](O[C@@H]2O[C@H](C)C[C@H](N(C)C)[C@H]2O)[C@](C)(O)C[C@@H](C)C(=O)[C@H](C)[C@@H](O)[C@]1(C)O,500.0,0.3821886326529217
CC[C@H]1OC(=O)[C@H](C)[C@@H](O[C@H]2C[C@@](C)(OC)[C@@H](O)[C@H](C)O2)[C@H](C)[C@@H](O[C@@H]2O[C@H](C)C[C@H](N(C)C)[C@H]2O)[C@](C)(O)C[C@@H](C)C(=O)[C@H](C)[C@@H](O)[C@]1(C)O,400.0,0.3180633349627615
CC[C@H]1OC(=O)[C@H](C)[C@@H](O[C@H]2C[C@@](C)(OC)[C@@H](O)[C@H](C)O2)[C@H](C)[C@@H](O[C@@H]2O[C@H](C)C[C@H](N(C)C)[C@H]2O)[C@](C)(O)C[C@@H](C)C(=O)[C@H](C)[C@@H](O)[C@]1(C)O,333.0,0.2008895656467106
CC[C@H]1OC(=O)[C@H](C)[C@@H](O[C@H]2C[C@@](C)(OC)[C@@H](O)[C@H](C)O2)[C@H](C)[C@@H](O[C@@H]2O[C@H](C)C[C@H](N(C)C)[C@H]2O)[C@](C)(O)C[C@@H](C)C(=O)[C@H](C)[C@@H](O)[C@]1(C)O,250.0,0.0291992463538149
CCC(CC)O[C@@H]1C=C(C(=O)O)C[C@H](N)[C@H]1NC(C)=O,150.0,-0.3045190280130758
Cn1c(=O)c(C(=O)NCCO)c(O)c2ncc(Cc3ccc(F)cc3)cc21,100.0,0.3082083919211719
Cn1c(=O)c(C(=O)NCCO)c(O)c2ncc(Cc3ccc(F)cc3)cc21,400.0,0.206825973410912
Cn1c(=O)c(C(=O)NCCO)c(O)c2ncc(Cc3ccc(F)cc3)cc21,200.0,0.1114306743344499
Cn1c(=O)c(C(=O)NCCO)c(O)c2ncc(Cc3ccc(F)cc3)cc21,50.0,-0.0147229072736917
C[C@H]1COc2c(N3CCN(C)CC3)c(F)cc3c(=O)c(C(=O)O)cn1c23,750.0,0.9471662717203906
C[C@H]1COc2c(N3CCN(C)CC3)c(F)cc3c(=O)c(C(=O)O)cn1c23,500.0,0.7904986484396304
C[C@H]1COc2c(N3CCN(C)CC3)c(F)cc3c(=O)c(C(=O)O)cn1c23,250.0,0.4471580313422192
C[C@H]1COc2c(N3CCN(C)CC3)c(F)cc3c(=O)c(C(=O)O)cn1c23,200.0,0.4162243170985684
CNCC[C@H](Oc1cccc2ccccc12)c1cccs1,120.0,-1.1101382787418117
CNCC[C@H](Oc1cccc2ccccc12)c1cccs1,90.0,-1.239577516576788
CNCC[C@H](Oc1cccc2ccccc12)c1cccs1,80.0,-1.299008002405031
CNCC[C@H](Oc1cccc2ccccc12)c1cccs1,50.0,-1.3829996588791011
CNCC[C@H](Oc1cccc2ccccc12)c1cccs1,40.0,-1.4441855679073656
CNCC[C@H](Oc1cccc2ccccc12)c1cccs1,30.0,-1.6819366650372385
CNCC[C@H](Oc1cccc2ccccc12)c1cccs1,20.0,-1.7939841232366582
CNCC[C@H](Oc1cccc2ccccc12)c1cccs1,10.0,-2.3819519032879075
CC(C)Cc1ccc(C(C)C(=O)O)cc1,1200.0,1.942999593366041
CC(C)Cc1ccc(C(C)C(=O)O)cc1,800.0,1.8311368038454665
CC(C)Cc1ccc(C(C)C(=O)O)cc1,700.0,1.7080743149403437
CC(C)Cc1ccc(C(C)C(=O)O)cc1,600.0,1.5533227670754377
CC(C)Cc1ccc(C(C)C(=O)O)cc1,500.0,1.4913616938342726
CC(C)Cc1ccc(C(C)C(=O)O)cc1,420.0,1.4913616938342726
CC(C)Cc1ccc(C(C)C(=O)O)cc1,400.0,1.435544558516807
CC(C)Cc1ccc(C(C)C(=O)O)cc1,684.0,1.424214444274822
CC(C)Cc1ccc(C(C)C(=O)O)cc1,350.0,1.3948173304514675
CC(C)Cc1ccc(C(C)C(=O)O)cc1,683.0,1.3437039317832111
CC(C)Cc1ccc(C(C)C(=O)O)cc1,200.0,1.2801635937192546
CC(C)Cc1ccc(C(C)C(=O)O)cc1,196.0,1.2787536009528289
CN1CCN(C2=Nc3ccccc3Oc3ccc(Cl)cc32)CC1,32.0,-0.4685210829577449
CN1CCN(C2=Nc3ccccc3Oc3ccc(Cl)cc32)CC1,25.0,-1.8291345586864869
CNC(=O)[C@@H](c1ccccc1)[n+]1ccc2cc(OC)c(OC)cc2c1CCc1ccc(C(F)(F)F)cc1,200.0,-1.0947337179032597
N#C[C@@H]1C[C@@H]2C[C@@H]2N1C(=O)[C@@H](N)C12CC3CC(O)(CC(O)(C3)C1)C2,50.0,-0.217526322348377
CCCCC(C)(O)C/C=C/[C@H]1C(O)CC(=O)[C@@H]1CCCCCCC(=O)OC,0.2,-3.1399616101928065
CCCCC(C)(O)C/C=C/[C@H]1C(O)CC(=O)[C@@H]1CCCCCCC(=O)OC,0.4,-3.211963008157945
CCCCC(C)(O)C/C=C/[C@H]1C(O)CC(=O)[C@@H]1CCCCCCC(=O)OC,0.3,-3.2211255279972604
CC(NC(C)(C)C)C(=O)c1cccc(Cl)c1,450.0,-0.5877145114051667
CC(NC(C)(C)C)C(=O)c1cccc(Cl)c1,522.0,-0.7779341574114134
CC(NC(C)(C)C)C(=O)c1cccc(Cl)c1,348.0,-0.8862003227078169
CC(NC(C)(C)C)C(=O)c1cccc(Cl)c1,300.0,-0.8888445044868276
CC(NC(C)(C)C)C(=O)c1cccc(Cl)c1,150.0,-0.8921959962294503
CC(NC(C)(C)C)C(=O)c1cccc(Cl)c1,100.0,-0.9756426282108688
CC(NC(C)(C)C)C(=O)c1cccc(Cl)c1,75.0,-0.9783628503160884
CC(NC(C)(C)C)C(=O)c1cccc(Cl)c1,20.0,-1.40340290437354
CCCCCCCCc1ccc(CCC(N)(CO)CO)cc1,40.0,-1.6458915608525992
CCCCCCCCc1ccc(CCC(N)(CO)CO)cc1,25.0,-1.8068754016455384
CCCCCCCCc1ccc(CCC(N)(CO)CO)cc1,15.0,-1.98296666070122
CCCCCCCCc1ccc(CCC(N)(CO)CO)cc1,10.0,-2.2479515521805613
CCCCCCCCc1ccc(CCC(N)(CO)CO)cc1,7.5,-2.275724130399211
CCCCCCCCc1ccc(CCC(N)(CO)CO)cc1,5.0,-2.382959313811313
CCCCCCCCc1ccc(CCC(N)(CO)CO)cc1,4.9,-2.468521082957745
CCCCCCCCc1ccc(CCC(N)(CO)CO)cc1,2.5,-2.533483316712549
CCCCCCCCc1ccc(CCC(N)(CO)CO)cc1,3.5,-2.549289121853081
CCCCCCCCc1ccc(CCC(N)(CO)CO)cc1,2.75,-2.638272163982407
CCCCCCCCc1ccc(CCC(N)(CO)CO)cc1,1.5,-2.7529867996736948
CCCCCCCCc1ccc(CCC(N)(CO)CO)cc1,3.815,-2.8632794328435933
CCCCCCCCc1ccc(CCC(N)(CO)CO)cc1,2.0,-2.9226320947158437
CCCCCCCCc1ccc(CCC(N)(CO)CO)cc1,1.267,-2.958607314841775
CCCCCCCCc1ccc(CCC(N)(CO)CO)cc1,1.25,-2.975514332300833
CCCCCCCCc1ccc(CCC(N)(CO)CO)cc1,1.0,-3.1372702376626584
CCCCCCCCc1ccc(CCC(N)(CO)CO)cc1,1.0,-3.191901611517624
CCCCCCCCc1ccc(CCC(N)(CO)CO)cc1,0.75,-3.283996656365201
CCCCCCCCc1ccc(CCC(N)(CO)CO)cc1,0.5,-3.3934454771700024
CCCCCCCCc1ccc(CCC(N)(CO)CO)cc1,0.25,-3.785156151952567
CCCCCCCCc1ccc(CCC(N)(CO)CO)cc1,0.125,-4.040958607678906
COC(=O)N[C@H](C(=O)N[C@@H](Cc1ccccc1)[C@@H](O)CN(Cc1ccc(-c2ccccn2)cc1)NC(=O)[C@@H](NC(=O)OC)C(C)(C)C)C(C)(C)C,800.0,0.8761693262643556
COC(=O)N[C@H](C(=O)N[C@@H](Cc1ccccc1)[C@@H](O)CN(Cc1ccc(-c2ccccn2)cc1)NC(=O)[C@@H](NC(=O)OC)C(C)(C)C)C(C)(C)C,900.0,0.7648234785246042
COC(=O)N[C@H](C(=O)N[C@@H](Cc1ccccc1)[C@@H](O)CN(Cc1ccc(-c2ccccn2)cc1)NC(=O)[C@@H](NC(=O)OC)C(C)(C)C)C(C)(C)C,1200.0,0.659345635746177
COC(=O)N[C@H](C(=O)N[C@@H](Cc1ccccc1)[C@@H](O)CN(Cc1ccc(-c2ccccn2)cc1)NC(=O)[C@@H](NC(=O)OC)C(C)(C)C)C(C)(C)C,300.0,0.4918053056459743
COC(=O)N[C@H](C(=O)N[C@@H](Cc1ccccc1)[C@@H](O)CN(Cc1ccc(-c2ccccn2)cc1)NC(=O)[C@@H](NC(=O)OC)C(C)(C)C)C(C)(C)C,600.0,0.4722750955061847
COC(=O)N[C@H](C(=O)N[C@@H](Cc1ccccc1)[C@@H](O)CN(Cc1ccc(-c2ccccn2)cc1)NC(=O)[C@@H](NC(=O)OC)C(C)(C)C)C(C)(C)C,400.0,0.3713528667190571
COC(=O)N[C@H](C(=O)N[C@@H](Cc1ccccc1)[C@@H](O)CN(Cc1ccc(-c2ccccn2)cc1)NC(=O)[C@@H](NC(=O)OC)C(C)(C)C)C(C)(C)C,200.0,-0.0693956220828021
COC(=O)N[C@H](C(=O)N[C@@H](Cc1ccccc1)[C@@H](O)CN(Cc1ccc(-c2ccccn2)cc1)NC(=O)[C@@H](NC(=O)OC)C(C)(C)C)C(C)(C)C,100.0,-1.2316085869055131
CN(C)CCC=C1c2ccccc2C=Cc2ccccc21,30.0,-1.7198337046288157
CN(C)CCC=C1c2ccccc2C=Cc2ccccc21,10.0,-2.070581074285707
CN(C)CCC=C1c2ccccc2C=Cc2ccccc21,15.0,-2.0809219076239263
CN(C)CCC=C1c2ccccc2C=Cc2ccccc21,20.0,-2.2316085869055176
CN(C)CCC=C1c2ccccc2C=Cc2ccccc21,5.0,-2.3665315444204134
CN(C)CCC=C1c2ccccc2C=Cc2ccccc21,2.5,-2.677780705266081
C[C@@H]1C[C@H]2[C@H]3CCC4=CC(=O)C=C[C@]4(C)C3=CC[C@]2(C)[C@H]1C(=O)CN1CCN(c2cc(N3CCCC3)nc(N3CCCC3)n2)CC1,700.0,-0.6185924784543114
CC(=O)N1CCN([C@H]2CCN(C(=O)N(C)[C@H](C)c3cc(C(F)(F)F)cc(C(F)(F)F)c3)[C@@H](c3ccc(F)cc3C)C2)CC1,100.0,-0.0687960984152792
CCN(CC)C(=O)N[C@H]1C[C@@H]2c3cccc4[nH]cc(c34)C[C@H]2N(C)C1,0.8,-2.790484985457369
CCN(CC)C(=O)N[C@H]1C[C@@H]2c3cccc4[nH]cc(c34)C[C@H]2N(C)C1,0.4,-3.2006594505464183
CCN(CC)C(=O)N[C@H]1C[C@@H]2c3cccc4[nH]cc(c34)C[C@H]2N(C)C1,0.2,-3.552841968657781
Nc1ncc2ncn(CC3(OCP(=O)(O)O)CC3)c2n1,240.0,0.049217997930906
Nc1ncc2ncn(CC3(OCP(=O)(O)O)CC3)c2n1,120.0,-0.1246491534574921
Nc1ncc2ncn(CC3(OCP(=O)(O)O)CC3)c2n1,60.0,-0.4911334448536704
Nc1ncc2ncn(CC3(OCP(=O)(O)O)CC3)c2n1,30.0,-0.70774362186776
CN(C)CCc1c[nH]c2ccc(C[C@H]3COC(=O)N3)cc12,50.0,-1.1662156253435212
CN(C)CCc1c[nH]c2ccc(C[C@H]3COC(=O)N3)cc12,25.0,-1.5947390384052178
CN(C)CCc1c[nH]c2ccc(C[C@H]3COC(=O)N3)cc12,15.0,-1.7601644650775423
CN(C)CCc1c[nH]c2ccc(C[C@H]3COC(=O)N3)cc12,10.0,-1.885351433223886
CN(C)CCc1c[nH]c2ccc(C[C@H]3COC(=O)N3)cc12,6.0,-1.9665762445130504
CN(C)CCc1c[nH]c2ccc(C[C@H]3COC(=O)N3)cc12,5.0,-2.167453520191808
CN(C)CCc1c[nH]c2ccc(C[C@H]3COC(=O)N3)cc12,2.5,-2.4234453735133945
CNC(=O)c1ccccc1Sc1ccc2c(/C=C/c3ccccn3)n[nH]c2c1,20.0,-0.8124792791635369
CNC(=O)c1ccccc1Sc1ccc2c(/C=C/c3ccccn3)n[nH]c2c1,15.0,-1.005829543660724
CNC(=O)c1ccccc1Sc1ccc2c(/C=C/c3ccccn3)n[nH]c2c1,5.0,-1.478710825907364
CNC(=O)c1ccccc1Sc1ccc2c(/C=C/c3ccccn3)n[nH]c2c1,2.0,-1.585026652029182
CCOc1ccc(Cc2cc([C@@H]3O[C@H](CO)[C@@H](O)[C@H](O)[C@H]3O)ccc2Cl)cc1,500.0,0.6752282535930639
CCOc1ccc(Cc2cc([C@@H]3O[C@H](CO)[C@@H](O)[C@H](O)[C@H]3O)ccc2Cl)cc1,250.0,0.3996737214810381
CCOc1ccc(Cc2cc([C@@H]3O[C@H](CO)[C@@H](O)[C@H](O)[C@H]3O)ccc2Cl)cc1,100.0,0.0766404436703419
CCOc1ccc(Cc2cc([C@@H]3O[C@H](CO)[C@@H](O)[C@H](O)[C@H]3O)ccc2Cl)cc1,50.0,-0.0038324473884744
CCOc1ccc(Cc2cc([C@@H]3O[C@H](CO)[C@@H](O)[C@H](O)[C@H]3O)ccc2Cl)cc1,25.0,-0.5543957967264024
CCOc1ccc(Cc2cc([C@@H]3O[C@H](CO)[C@@H](O)[C@H](O)[C@H]3O)ccc2Cl)cc1,20.0,-0.5977386175453199
CCOc1ccc(Cc2cc([C@@H]3O[C@H](CO)[C@@H](O)[C@H](O)[C@H]3O)ccc2Cl)cc1,10.0,-0.8309977184946364
CCOc1ccc(Cc2cc([C@@H]3O[C@H](CO)[C@@H](O)[C@H](O)[C@H]3O)ccc2Cl)cc1,5.0,-1.207083271773398
CCOc1ccc(Cc2cc([C@@H]3O[C@H](CO)[C@@H](O)[C@H](O)[C@H]3O)ccc2Cl)cc1,2.5,-1.530177984021837
CCOc1ccc(Cc2cc([C@@H]3O[C@H](CO)[C@@H](O)[C@H](O)[C@H]3O)ccc2Cl)cc1,0.08,-1.9913998282380825
Nc1ccc(S(=O)(=O)Nc2ncccn2)cc1,2000.0,1.9289076902439528
Nc1ccc(S(=O)(=O)Nc2ncccn2)cc1,1000.0,1.8819549713396004
Nc1ccc(S(=O)(=O)Nc2ncccn2)cc1,500.0,1.223625716693796
OC[C@H]1O[C@@H](c2ccc(Cl)c(Cc3ccc(OCCOC4CC4)cc3)c2)[C@H](O)[C@@H](O)[C@@H]1O,100.0,0.1058506743851435
OC[C@H]1O[C@@H](c2ccc(Cl)c(Cc3ccc(OCCOC4CC4)cc3)c2)[C@H](O)[C@@H](O)[C@@H]1O,150.0,0.0195316845312554
OC[C@H]1O[C@@H](c2ccc(Cl)c(Cc3ccc(OCCOC4CC4)cc3)c2)[C@H](O)[C@@H](O)[C@@H]1O,75.0,-0.2775018157019866
OC[C@H]1O[C@@H](c2ccc(Cl)c(Cc3ccc(OCCOC4CC4)cc3)c2)[C@H](O)[C@@H](O)[C@@H]1O,50.0,-0.3925449767853314
OC[C@H]1O[C@@H](c2ccc(Cl)c(Cc3ccc(OCCOC4CC4)cc3)c2)[C@H](O)[C@@H](O)[C@@H]1O,30.0,-0.654136371496236
OC[C@H]1O[C@@H](c2ccc(Cl)c(Cc3ccc(OCCOC4CC4)cc3)c2)[C@H](O)[C@@H](O)[C@@H]1O,25.0,-0.7956719677460666
OC[C@H]1O[C@@H](c2ccc(Cl)c(Cc3ccc(OCCOC4CC4)cc3)c2)[C@H](O)[C@@H](O)[C@@H]1O,20.0,-0.8280909763264769
OC[C@H]1O[C@@H](c2ccc(Cl)c(Cc3ccc(OCCOC4CC4)cc3)c2)[C@H](O)[C@@H](O)[C@@H]1O,10.0,-1.0805732167325308
OC[C@H]1O[C@@H](c2ccc(Cl)c(Cc3ccc(OCCOC4CC4)cc3)c2)[C@H](O)[C@@H](O)[C@@H]1O,3.0,-1.4989407377822486
OC[C@H]1O[C@@H](c2ccc(Cl)c(Cc3ccc(OCCOC4CC4)cc3)c2)[C@H](O)[C@@H](O)[C@@H]1O,5.0,-1.5528419686577808
OC[C@H]1O[C@@H](c2ccc(Cl)c(Cc3ccc(OCCOC4CC4)cc3)c2)[C@H](O)[C@@H](O)[C@@H]1O,2.5,-1.8961962790440432
CS(=O)(=O)c1ccc(Oc2cc(F)cc(C#N)c2)c2c1[C@H](O)[C@H](F)[C@@H]2F,120.0,0.5982431916536226
CS(=O)(=O)c1ccc(Oc2cc(F)cc(C#N)c2)c2c1[C@H](O)[C@H](F)[C@@H]2F,40.0,-0.1771783546968953
CCOC(=O)N1CCC(=C2c3ccc(Cl)cc3CCc3cccnc32)CC1,40.0,-1.6328940397147256
CCOC(=O)N1CCC(=C2c3ccc(Cl)cc3CCc3cccnc32)CC1,35.0,-1.6777807052660807
CCOC(=O)N1CCC(=C2c3ccc(Cl)cc3CCc3cccnc32)CC1,20.0,-2.078899046339365
CCOC(=O)N1CCC(=C2c3ccc(Cl)cc3CCc3cccnc32)CC1,7.94,-2.404136510091736
CCOC(=O)N1CCC(=C2c3ccc(Cl)cc3CCc3cccnc32)CC1,10.0,-2.516645869074221
CCOC(=O)N1CCC(=C2c3ccc(Cl)cc3CCc3cccnc32)CC1,5.0,-2.8366596943817486
CC(C)(C)NC(=O)[C@H]1CC[C@H]2[C@@H]3CC[C@H]4NC(=O)C=C[C@]4(C)[C@H]3CC[C@]12C,400.0,0.3117538610557543
CC(C)(C)NC(=O)[C@H]1CC[C@H]2[C@@H]3CC[C@H]4NC(=O)C=C[C@]4(C)[C@H]3CC[C@]12C,200.0,-0.0362121726544447
CC(C)(C)NC(=O)[C@H]1CC[C@H]2[C@@H]3CC[C@H]4NC(=O)C=C[C@]4(C)[C@H]3CC[C@]12C,38.0,-0.5086383061657274
CC(C)(C)NC(=O)[C@H]1CC[C@H]2[C@@H]3CC[C@H]4NC(=O)C=C[C@]4(C)[C@H]3CC[C@]12C,5.0,-1.3811300219034124
CC(C)(C)NC(=O)[C@H]1CC[C@H]2[C@@H]3CC[C@H]4NC(=O)C=C[C@]4(C)[C@H]3CC[C@]12C,1.0,-2.036212172654445
CNCCC(Oc1ccc(C(F)(F)F)cc1)c1ccccc1,90.0,-1.0086933576656076
CNCCC(Oc1ccc(C(F)(F)F)cc1)c1ccccc1,60.0,-1.426418587701264
CNCCC(Oc1ccc(C(F)(F)F)cc1)c1ccccc1,40.0,-1.5597689643376156
CNCCC(Oc1ccc(C(F)(F)F)cc1)c1ccccc1,20.0,-1.998657638123528
NCCNCCNCCN,1500.0,0.4232458739368078
NCCNCCNCCN,1500.0,0.3201592731920467
NCCNCCNCCN,1200.0,0.2012605322507916
NCCNCCNCCN,900.0,0.126253200527163
NCCNCCNCCN,900.0,0.0620581432800398
COCCOC(=O)C1=C(C)NC(C)=C(C(=O)OC(C)C)C1c1cccc([N+](=O)[O-])c1,90.0,-0.8807441107220634
COCCOC(=O)C1=C(C)NC(C)=C(C(=O)OC(C)C)C1c1cccc([N+](=O)[O-])c1,60.0,-1.2716034955861444
COCCOC(=O)C1=C(C)NC(C)=C(C(=O)OC(C)C)C1c1cccc([N+](=O)[O-])c1,30.0,-1.5973410546235745
OC[C@@H](O)[C@@H](O)[C@H](O)[C@H](O)CO,500.0,1.1170723365859778
OC(CNCC(O)C1CCc2cc(F)ccc2O1)C1CCc2cc(F)ccc2O1,10.0,-1.2246278724010171
OC(CNCC(O)C1CCc2cc(F)ccc2O1)C1CCc2cc(F)ccc2O1,700.0,-1.585026652029182
OC(CNCC(O)C1CCc2cc(F)ccc2O1)C1CCc2cc(F)ccc2O1,20.0,-2.1944175918494526
OC(CNCC(O)C1CCc2cc(F)ccc2O1)C1CCc2cc(F)ccc2O1,5.0,-2.2996735886388118
OC(CNCC(O)C1CCc2cc(F)ccc2O1)C1CCc2cc(F)ccc2O1,2.5,-3.0617305165370885
CNCC(=O)OCc1cccnc1N(C)C(=O)OC(C)[n+]1cnn(C[C@](O)(c2cc(F)ccc2F)[C@@H](C)c2nc(-c3ccc(C#N)cc3)cs2)c1,600.0,1.3016462563866495
CNCC(=O)OCc1cccnc1N(C)C(=O)OC(C)[n+]1cnn(C[C@](O)(c2cc(F)ccc2F)[C@@H](C)c2nc(-c3ccc(C#N)cc3)cs2)c1,400.0,0.7455666092623995
CNCC(=O)OCc1cccnc1N(C)C(=O)OC(C)[n+]1cnn(C[C@](O)(c2cc(F)ccc2F)[C@@H](C)c2nc(-c3ccc(C#N)cc3)cs2)c1,200.0,0.7179321767105279
CNCC(=O)OCc1cccnc1N(C)C(=O)OC(C)[n+]1cnn(C[C@](O)(c2cc(F)ccc2F)[C@@H](C)c2nc(-c3ccc(C#N)cc3)cs2)c1,74.5,0.5154764413823758
C[C@H](N)C(=O)N[C@@H](C)C(=O)N[C@H]1[C@@H]2CN(c3nc4c(cc3F)c(=O)c(C(=O)O)cn4-c3ccc(F)cc3F)C[C@@H]21,300.0,0.4661258704181993
C[C@H](N)C(=O)N[C@@H](C)C(=O)N[C@H]1[C@@H]2CN(c3nc4c(cc3F)c(=O)c(C(=O)O)cn4-c3ccc(F)cc3F)C[C@@H]21,200.0,0.3850643537851669
C[C@H](N)C(=O)N[C@@H](C)C(=O)N[C@H]1[C@@H]2CN(c3nc4c(cc3F)c(=O)c(C(=O)O)cn4-c3ccc(F)cc3F)C[C@@H]21,100.0,0.0185964884916585
CCc1nn(CCCN2CCN(c3cccc(Cl)c3)CC2)c(=O)n1CCOc1ccccc1,500.0,0.0840039906080294
CCc1nn(CCCN2CCN(c3cccc(Cl)c3)CC2)c(=O)n1CCOc1ccccc1,200.0,-0.1715420257895069
CCc1nn(CCCN2CCN(c3cccc(Cl)c3)CC2)c(=O)n1CCOc1ccccc1,125.0,-0.380211241711606
CCc1nn(CCCN2CCN(c3cccc(Cl)c3)CC2)c(=O)n1CCOc1ccccc1,100.0,-0.4386861444200356
CCc1nn(CCCN2CCN(c3cccc(Cl)c3)CC2)c(=O)n1CCOc1ccccc1,50.0,-1.25293362421125
CCc1nn(CCCN2CCN(c3cccc(Cl)c3)CC2)c(=O)n1CCOc1ccccc1,25.0,-1.2867895565493717
CCc1nn(CCCN2CCN(c3cccc(Cl)c3)CC2)c(=O)n1CCOc1ccccc1,15.0,-1.632023214705406
CCOc1ccccc1OCC1CNCCO1,2100.0,1.1398790864012365
CCOc1ccccc1OCC1CNCCO1,1800.0,1.0166155475571774
CCOc1ccccc1OCC1CNCCO1,1500.0,0.9595183769729982
CCOc1ccccc1OCC1CNCCO1,900.0,0.8379039445929425
CCOc1ccccc1OCC1CNCCO1,1200.0,0.8142475957319202
CCOc1ccccc1OCC1CNCCO1,600.0,0.7315887651867388
CCOc1ccccc1OCC1CNCCO1,700.0,0.6759707080121131
CCOc1ccccc1OCC1CNCCO1,700.0,0.6339731557896736
CCOc1ccccc1OCC1CNCCO1,400.0,0.5091128754153333
CCOc1ccccc1OCC1CNCCO1,300.0,0.3569814009931312
CCOc1ccccc1OCC1CNCCO1,200.0,0.1305448325720122
CCOc1ccccc1OCC1CNCCO1,200.0,0.1055101847699739
CCOc1ccccc1OCC1CNCCO1,100.0,0.0549958615291415
CN1C[C@@H]2c3ccccc3Oc3ccc(Cl)cc3[C@H]2C1,10.0,-2.260148545976097
CN1C[C@@H]2c3ccccc3Oc3ccc(Cl)cc3[C@H]2C1,3.0,-2.6764041764372912
CN1C[C@@H]2c3ccccc3Oc3ccc(Cl)cc3[C@H]2C1,5.0,-2.7253271313553973
CN1C[C@@H]2c3ccccc3Oc3ccc(Cl)cc3[C@H]2C1,1.0,-3.0809219076239263
CCN1CC(n2nccc2-c2cc(Cl)ccc2Oc2ccc(S(=O)(=O)Nc3cscn3)cc2C#N)C1,0.1,-3.1740339271335207
O=C1CN=C(c2ccccc2)c2cc([N+](=O)[O-])ccc2N1,10.0,-1.1804560644581312
O=C1CN=C(c2ccccc2)c2cc([N+](=O)[O-])ccc2N1,5.0,-1.2190657921852386
