target_family,endpoint,row_id,observed,predicted
GPCR,pK,0,7.051,7.4607244
GPCR,pK,1,9.432,9.114216
GPCR,pK,2,6.293,6.270907
GPCR,pK,3,6.352,6.599235
GPCR,pK,4,7.854,6.7046285
GPCR,pK,5,8.678,7.9331155
GPCR,pK,6,4.921,3.9233584
GPCR,pK,7,5.986,6.5661654
GPCR,pK,8,6.114,6.108543
GPCR,pK,9,8.161,7.199799
GPCR,pK,10,6.197,6.1659446
GPCR,pK,11,6.032,6.813618
GPCR,pK,12,5.9,6.00044
GPCR,pK,13,5.432,5.404709
GPCR,pK,14,8.119,8.016668
GPCR,pK,15,7.678,6.968259
GPCR,pK,16,6.917,6.801343
GPCR,pK,17,6.476,6.530318
GPCR,pK,18,6.77,7.7520447
GPCR,pK,19,7.796,7.696227
GPCR,pK,20,7.854,7.619304
GPCR,pK,21,7.658,7.8089643
GPCR,pK,22,7.745,7.7331395
GPCR,pK,23,5.699,5.655675
GPCR,pK,24,5.78,5.534272
GPCR,pK,25,6.622,7.329989
GPCR,pK,26,6.51,6.5791106
GPCR,pK,27,7.26,7.784726
GPCR,pK,28,7.757,7.4242487
GPCR,pK,29,7.222,7.2910194
GPCR,pK,30,4.63,5.088966
GPCR,pK,31,5.022,5.1931496
GPCR,pK,32,10.097,9.562196
GPCR,pK,33,9.066,10.116962
GPCR,pK,34,9.481,9.705213
GPCR,pK,35,8.801,9.139706
GPCR,pK,36,5.674,5.3714843
GPCR,pK,37,9.538,9.676885
GPCR,pK,38,10.0,9.366429
GPCR,pK,39,8.3,7.871362
GPCR,pK,40,9.1,8.7663145
GPCR,pK,41,7.569,7.454302
GPCR,pK,42,7.276,7.59743
GPCR,pK,43,5.367,5.8118167
GPCR,pK,44,6.585,6.7467318
GPCR,pK,45,7.495,7.027072
GPCR,pK,46,8.0,7.9433656
GPCR,pK,47,7.3,7.931561
GPCR,pK,48,6.597,7.0717835
GPCR,pK,49,8.921,8.906578
GPCR,pK,50,5.959,6.0005174
GPCR,pK,51,5.009,5.688589
GPCR,pK,52,6.538,6.744738
GPCR,pK,53,6.357,8.098319
GPCR,pK,54,6.658,6.5212936
GPCR,pK,55,6.987,7.7074437
GPCR,pK,56,6.65,6.5728383
GPCR,pK,57,6.397,6.9982176
GPCR,pK,58,8.066,7.2143006
GPCR,pK,59,8.097,7.5714993
GPCR,pK,60,9.0,8.321679
GPCR,pK,61,6.886,7.4938483
GPCR,pK,62,7.345,8.17674
GPCR,pK,63,5.807,6.759581
GPCR,pK,64,8.0,7.8729696
GPCR,pK,65,6.328,7.049753
GPCR,pK,66,6.658,6.137619
GPCR,pK,67,7.041,7.5243974
GPCR,pK,68,8.585,7.9341507
GPCR,pK,69,8.149,7.139194
GPCR,pK,70,6.152,6.7070746
GPCR,pK,71,6.86,7.250631
GPCR,pK,72,6.444,5.9011083
GPCR,pK,73,8.346,8.185577
GPCR,pK,74,8.398,7.6498017
GPCR,pK,75,7.886,7.237013
GPCR,pK,76,7.268,7.1230564
GPCR,pK,77,6.921,7.146426
GPCR,pK,78,7.284,7.220692
GPCR,pK,79,8.4,8.26914
GPCR,pK,80,7.337,7.8558106
GPCR,pK,81,7.174,7.18815
GPCR,pK,82,6.654,6.947683
GPCR,pK,83,8.387,8.181192
GPCR,pK,84,8.194,8.69087
GPCR,pK,85,8.699,7.9806194
GPCR,pK,86,8.638,8.311905
GPCR,pK,87,8.398,7.6020617
GPCR,pK,88,8.585,8.337944
GPCR,pK,89,8.959,8.662238
GPCR,pK,90,9.222,8.782226
GPCR,pK,91,7.229,7.3425355
GPCR,pK,92,6.538,6.666489
GPCR,pK,93,6.409,8.432321
GPCR,pK,94,5.921,6.2356515
GPCR,pK,95,6.959,6.9942627
GPCR,pK,96,7.699,7.856603
GPCR,pK,97,7.222,7.1603265
GPCR,pK,98,7.921,7.5862365
GPCR,pK,99,6.538,5.99089
GPCR,pK,100,8.1,8.236111
GPCR,pK,101,9.62,9.313191
GPCR,pK,102,6.575,6.468492
GPCR,pK,103,5.761,5.787642
GPCR,pK,104,8.737,8.675019
GPCR,pK,105,7.027,8.113866
GPCR,pK,106,8.629,7.746632
GPCR,pK,107,8.222,7.6226997
GPCR,pK,108,6.932,7.1528573
GPCR,pK,109,6.879,7.244722
GPCR,pK,110,5.45,5.5250897
GPCR,pK,111,5.41,5.1420784
GPCR,pK,112,3.754,3.9482455
GPCR,pK,113,5.219,5.352951
GPCR,pK,114,5.164,5.8376794
GPCR,pK,115,4.854,4.498359
GPCR,pK,116,5.553,5.199336
GPCR,pK,117,4.77,4.933792
GPCR,pK,118,8.58,8.160419
GPCR,pK,119,9.26,8.3292885
GPCR,pK,120,6.4,5.0667043
GPCR,pK,121,6.0,6.5997987
GPCR,pK,122,7.05,6.715082
GPCR,pK,123,6.658,6.63801
GPCR,pK,124,5.071,5.164186
GPCR,pK,125,7.89,7.1448216
GPCR,pK,126,7.3,7.558904
GPCR,pK,127,7.0,7.2352376
GPCR,pK,128,7.493,6.2800784
GPCR,pK,129,5.762,5.6993136
GPCR,pK,130,7.131,7.5746512
GPCR,pK,131,4.77,5.0106735
GPCR,pK,132,7.523,7.2843323
GPCR,pK,133,6.1,7.209234
GPCR,pK,134,7.1,7.939511
GPCR,pK,135,5.724,5.6801877
GPCR,pK,136,8.023,7.6772785
GPCR,pK,137,5.394,5.3111057
GPCR,pK,138,5.229,4.7857056
GPCR,pK,139,6.987,6.8804135
GPCR,pK,140,4.64,5.391122
GPCR,pK,141,4.95,4.9484286
GPCR,pK,142,5.93,4.928651
GPCR,pK,143,8.047,10.0960245
GPCR,pK,144,8.201,7.8965306
GPCR,pK,145,8.7,8.074649
GPCR,pK,146,8.84,9.201985
GPCR,pK,147,9.06,9.0255
GPCR,pK,148,7.699,7.3626423
GPCR,pK,149,5.04,5.092359
GPCR,pK,150,4.06,4.400859
GPCR,pK,151,8.44,9.325398
GPCR,pK,152,5.03,5.3072724
GPCR,pK,153,6.757,6.3560505
GPCR,pK,154,6.886,6.5753093
GPCR,pK,155,4.52,4.257218
GPCR,pK,156,6.462,6.040278
GPCR,pK,157,6.333,7.0731387
GPCR,pK,158,7.4,6.280952
GPCR,pK,159,6.627,6.706389
GPCR,pK,160,7.018,7.0986285
GPCR,pK,161,5.9,5.987324
GPCR,pK,162,6.8,6.6254315
GPCR,pK,163,6.9,7.697366
GPCR,pK,164,5.365,5.3651686
GPCR,pK,165,7.886,7.4964976
GPCR,pK,166,6.9,6.8400426
GPCR,pK,167,8.076,6.6355233
GPCR,pK,168,6.3,6.1464763
GPCR,pK,169,5.7,6.4969273
GPCR,pK,170,6.205,6.0856986
GPCR,pK,171,6.182,5.761412
GPCR,pK,172,6.106,6.655437
GPCR,pK,173,5.847,6.4768143
GPCR,pK,174,5.79,6.01412
GPCR,pK,175,6.733,6.3278227
GPCR,pK,176,7.824,6.3278227
GPCR,pK,177,6.763,6.576552
GPCR,pK,178,6.484,6.2722764
GPCR,pK,179,6.69,6.1613984
GPCR,pK,180,6.327,6.509341
GPCR,pK,181,6.262,6.828589
GPCR,pK,182,7.276,6.0900736
GPCR,pK,183,5.765,6.1601567
GPCR,pK,184,6.7,6.7091737
GPCR,pK,185,7.108,6.674647
GPCR,pK,186,7.48,8.051067
GPCR,pK,187,7.699,7.2753935
GPCR,pK,188,9.0,8.196438
GPCR,pK,189,8.0,7.9802685
GPCR,pK,190,7.061,8.534857
GPCR,pK,191,7.562,8.9898
GPCR,pK,192,6.179,6.6811266
GPCR,pK,193,5.121,5.767387
GPCR,pK,194,9.092,9.2769785
GPCR,pK,195,8.796,9.177827
GPCR,pK,196,9.174,9.493308
GPCR,pK,197,6.047,6.0006056
GPCR,pK,198,5.976,6.067903
GPCR,pK,199,7.398,7.806396
GPCR,pK,200,6.398,7.0909133
GPCR,pK,201,8.097,7.382907
GPCR,pK,202,6.959,7.186373
GPCR,pK,203,7.244,7.424948
GPCR,pK,204,7.538,7.241771
GPCR,pK,205,7.959,7.9517345
GPCR,pK,206,7.678,6.2242866
GPCR,pK,207,7.081,6.722235
GPCR,pK,208,6.378,7.2002406
GPCR,pK,209,6.5,6.4575906
GPCR,pK,210,7.561,7.362027
GPCR,pK,211,6.288,5.9463
GPCR,pK,212,7.886,8.064163
GPCR,pK,213,7.066,6.955434
GPCR,pK,214,7.469,7.2331557
GPCR,pK,215,7.886,7.072858
GPCR,pK,216,8.319,8.056986
GPCR,pK,217,5.367,5.2243237
GPCR,pK,218,6.975,7.4338
GPCR,pK,219,5.556,6.4225903
GPCR,pK,220,6.609,6.994822
GPCR,pK,221,5.658,6.8332534
GPCR,pK,222,7.796,7.6906066
GPCR,pK,223,6.735,6.7040257
GPCR,pK,224,6.745,6.3926854
GPCR,pK,225,5.891,6.2595634
GPCR,pK,226,5.622,5.609197
GPCR,pK,227,6.863,6.2963977
GPCR,pK,228,7.337,7.3878274
GPCR,pK,229,8.0,7.880834
GPCR,pK,230,8.114,7.5393043
GPCR,pK,231,7.678,7.806707
GPCR,pK,232,7.758,6.6980357
GPCR,pK,233,6.347,6.201906
GPCR,pK,234,6.081,5.8874493
GPCR,pK,235,4.824,5.2415633
GPCR,pK,236,5.62,5.5733438
GPCR,pK,237,8.076,8.256457
GPCR,pK,238,8.42,7.8284497
GPCR,pK,239,7.886,7.8551564
GPCR,pK,240,7.602,7.705456
GPCR,pK,241,5.523,6.223185
GPCR,pK,242,7.097,6.24256
GPCR,pK,243,5.523,6.2502146
GPCR,pK,244,5.553,6.5337505
GPCR,pK,245,7.699,6.79711
GPCR,pK,246,9.347,6.5737967
GPCR,pK,247,9.328,9.184519
GPCR,pK,248,7.523,9.168699
GPCR,pK,249,5.824,5.8092055
GPCR,pK,250,5.921,6.208665
GPCR,pK,251,5.551,5.819591
GPCR,pK,252,6.699,7.334705
GPCR,pK,253,8.502,8.584475
GPCR,pK,254,9.111,9.289181
GPCR,pK,255,5.755,5.507415
GPCR,pK,256,6.457,6.5189247
GPCR,pK,257,6.951,7.5371375
GPCR,pK,258,10.26,8.485652
GPCR,pK,259,7.229,8.1967
GPCR,pK,260,7.509,7.498785
GPCR,pK,261,7.087,7.7304773
GPCR,pK,262,6.638,6.521421
GPCR,pK,263,5.453,6.1147594
GPCR,pK,264,5.553,5.740175
GPCR,pK,265,7.022,7.3827868
GPCR,pK,266,5.237,5.644491
GPCR,pK,267,5.42,5.6840925
GPCR,pK,268,5.114,4.752974
GPCR,pK,269,6.544,6.442626
GPCR,pK,270,6.577,6.8547955
GPCR,pK,271,6.903,6.155313
GPCR,pK,272,5.913,6.2593756
GPCR,pK,273,6.0,6.6034694
GPCR,pK,274,5.99,5.8593097
GPCR,pK,275,7.721,7.5479083
GPCR,pK,276,5.25,5.4608183
GPCR,pK,277,4.699,5.148313
GPCR,pK,278,5.177,5.5098076
GPCR,pK,279,5.149,6.1878395
GPCR,pK,280,7.796,6.8687725
GPCR,pK,281,7.18,6.598182
GPCR,pK,282,6.921,7.0613523
GPCR,pK,283,6.77,6.829672
GPCR,pK,284,6.004,7.2567
GPCR,pK,285,8.0,6.4632945
GPCR,pK,286,6.071,7.70593
GPCR,pK,287,5.889,5.259707
GPCR,pK,288,7.824,7.3522363
GPCR,pK,289,8.125,8.273257
GPCR,pK,290,8.387,8.034475
GPCR,pK,291,6.796,7.0076256
GPCR,pK,292,6.921,6.8581576
GPCR,pK,293,7.721,7.8281007
GPCR,pK,294,6.201,6.4998326
GPCR,pK,295,7.444,7.8249044
GPCR,pK,296,8.432,8.074711
GPCR,pK,297,8.0,7.3824406
GPCR,pK,298,6.854,5.9875226
GPCR,pK,299,7.63,7.732909
GPCR,pK,300,7.678,8.290528
GPCR,pK,301,5.276,5.747931
GPCR,pK,302,7.377,7.297336
GPCR,pK,303,7.456,6.9855866
GPCR,pK,304,5.432,6.1280932
GPCR,pK,305,8.678,7.813034
GPCR,pK,306,8.772,8.038035
GPCR,pK,307,8.211,7.749539
GPCR,pK,308,9.86,9.619073
GPCR,pK,309,10.23,10.034475
GPCR,pK,310,6.18,6.735695
GPCR,pK,311,5.98,6.828778
GPCR,pK,312,5.99,6.830484
GPCR,pK,313,7.35,7.3251505
GPCR,pK,314,6.102,5.985807
GPCR,pK,315,5.91,5.751493
GPCR,pK,316,5.934,6.0240846
GPCR,pK,317,2.65,5.4854817
GPCR,pK,318,6.73,7.050239
GPCR,pK,319,8.561,8.080693
GPCR,pK,320,7.86,7.5384316
GPCR,pK,321,4.5,4.987947
GPCR,pK,322,8.77,7.181892
GPCR,pK,323,6.886,7.707889
GPCR,pK,324,4.73,4.787995
GPCR,pK,325,6.67,6.3934073
GPCR,pK,326,7.0,7.204869
GPCR,pK,327,5.277,7.389184
GPCR,pK,328,5.77,5.7837615
GPCR,pK,329,7.378,7.0991216
GPCR,pK,330,5.94,5.783576
GPCR,pK,331,6.8,7.180704
GPCR,pK,332,6.55,7.0488234
GPCR,pK,333,6.18,6.6956496
GPCR,pK,334,6.55,6.46098
GPCR,pK,335,6.59,7.043759
GPCR,pK,336,7.82,8.064277
GPCR,pK,337,8.924,10.038533
GPCR,pK,338,7.57,7.1549807
GPCR,pK,339,8.615,7.0272803
GPCR,pK,340,5.315,5.828742
GPCR,pK,341,8.325,7.6111465
GPCR,pK,342,7.719,7.418948
GPCR,pK,343,7.77,7.8274503
GPCR,pK,344,7.921,8.075055
GPCR,pK,345,9.12,9.254147
GPCR,pK,346,9.63,10.035646
GPCR,pK,347,10.2,10.357092
GPCR,pK,348,7.886,8.127756
GPCR,pK,349,8.4,8.672409
GPCR,pK,350,8.4,8.63834
GPCR,pK,351,7.745,8.357697
GPCR,pK,352,7.959,8.2365055
GPCR,pK,353,8.444,9.370471
GPCR,pK,354,6.699,7.9743824
GPCR,pK,355,6.5,6.842711
GPCR,pK,356,9.3,8.664536
GPCR,pK,357,10.2,10.329047
GPCR,pK,358,7.444,7.4063377
GPCR,pK,359,6.0,5.7423444
GPCR,pK,360,8.0,8.2155695
GPCR,pK,361,7.959,8.316016
GPCR,pK,362,7.721,8.233486
GPCR,pK,363,10.3,10.436559
GPCR,pK,364,7.854,8.34336
GPCR,pK,365,8.301,7.9490848
GPCR,pK,366,4.8,6.4485745
GPCR,pK,367,6.1,6.8085194
GPCR,pK,368,6.9,7.2039747
GPCR,pK,369,7.8,8.233512
GPCR,pK,370,7.745,7.291531
GPCR,pK,371,5.06,6.1726274
GPCR,pK,372,5.387,5.383618
GPCR,pK,373,5.328,5.719194
GPCR,pK,374,5.371,5.5087943
GPCR,pK,375,7.056,7.2264752
GPCR,pK,376,6.583,5.976069
GPCR,pK,377,8.959,9.294127
GPCR,pK,378,8.509,7.7781544
GPCR,pK,379,8.036,7.5448923
GPCR,pK,380,5.097,5.091152
GPCR,pK,381,6.244,6.3174148
GPCR,pK,382,4.301,4.5569367
GPCR,pK,383,6.955,6.3902965
GPCR,pK,384,6.155,6.0781555
GPCR,pK,385,6.695,6.6518083
GPCR,pK,386,7.337,8.219904
GPCR,pK,387,7.959,8.67534
GPCR,pK,388,7.629,8.1459675
GPCR,pK,389,8.82,8.244199
GPCR,pK,390,6.95,7.0997863
GPCR,pK,391,6.89,9.44106
GPCR,pK,392,9.63,9.536481
GPCR,pK,393,6.762,6.7737823
GPCR,pK,394,6.714,6.2162824
GPCR,pK,395,8.409,8.469964
GPCR,pK,396,7.863,7.954515
GPCR,pK,397,9.21,8.893474
GPCR,pK,398,8.33,8.596293
GPCR,pK,399,9.28,8.976996
GPCR,pK,400,9.6,9.567193
GPCR,pK,401,10.43,9.992137
GPCR,pK,402,5.319,4.9462385
GPCR,pK,403,5.162,5.7527704
GPCR,pK,404,6.747,7.9774146
GPCR,pK,405,7.167,7.1069865
GPCR,pK,406,8.398,8.042494
GPCR,pK,407,7.193,6.923906
GPCR,pK,408,6.348,6.728245
GPCR,pK,409,5.215,6.739836
GPCR,pK,410,8.947,8.26258
GPCR,pK,411,7.215,7.405354
GPCR,pK,412,8.252,9.283666
GPCR,pK,413,8.004,8.62704
GPCR,pK,414,6.192,5.64174
GPCR,pK,415,5.679,5.205957
GPCR,pK,416,5.719,5.406505
GPCR,pK,417,7.201,6.720348
GPCR,pK,418,6.242,7.001534
GPCR,pK,419,6.13,6.592158
GPCR,pK,420,8.046,8.008773
GPCR,pK,421,6.638,6.4164534
GPCR,pK,422,6.3,6.9209275
GPCR,pK,423,6.257,6.0553784
GPCR,pK,424,7.481,5.8872743
GPCR,pK,425,5.308,6.1160975
GPCR,pK,426,5.873,6.1473837
GPCR,pK,427,6.026,6.1534133
GPCR,pK,428,7.613,6.8934455
GPCR,pK,429,6.538,6.3837314
GPCR,pK,430,8.927,8.9865055
GPCR,pK,431,8.8,8.970768
GPCR,pK,432,6.5,7.954906
GPCR,pK,433,9.1,7.517333
GPCR,pK,434,9.523,9.573766
GPCR,pK,435,8.4,8.985633
GPCR,pK,436,9.3,8.76283
GPCR,pK,437,8.6,8.6642475
GPCR,pK,438,8.7,8.909324
GPCR,pK,439,6.5,6.585483
GPCR,pK,440,7.3,7.650249
GPCR,pK,441,7.299,7.6573896
GPCR,pK,442,7.924,8.197773
GPCR,pK,443,8.013,8.849219
GPCR,pK,444,8.77,8.55997
GPCR,pK,445,7.374,7.609054
GPCR,pK,446,7.437,8.265112
GPCR,pK,447,7.798,7.5897293
GPCR,pK,448,6.2,6.573916
GPCR,pK,449,8.8,8.346499
GPCR,pK,450,5.886,7.671791
GPCR,pK,451,6.124,5.5084705
GPCR,pK,452,6.551,6.990156
GPCR,pK,453,6.5,6.4079556
GPCR,pK,454,6.0,6.604778
GPCR,pK,455,9.1,7.604952
GPCR,pK,456,9.3,8.464189
GPCR,pK,457,9.119,8.978886
GPCR,pK,458,6.146,6.4728565
GPCR,pK,459,6.2,5.9127293
GPCR,pK,460,9.0,9.576819
GPCR,pK,461,6.073,6.0923004
GPCR,pK,462,5.921,6.2031913
GPCR,pK,463,8.301,8.380283
GPCR,pK,464,5.918,6.00053
GPCR,pK,465,10.0,9.350705
GPCR,pK,466,8.562,8.645677
GPCR,pK,467,7.1,6.7162547
GPCR,pK,468,8.3,9.072713
GPCR,pK,469,8.2,8.693926
GPCR,pK,470,8.893,7.758908
GPCR,pK,471,9.301,9.453681
GPCR,pK,472,9.1,8.611063
GPCR,pK,473,7.5,9.161953
GPCR,pK,474,7.0,6.946566
GPCR,pK,475,8.0,6.172038
GPCR,pK,476,6.656,6.5928955
GPCR,pK,477,5.6,6.2217665
GPCR,pK,478,7.6,7.544272
GPCR,pK,479,5.387,5.2462573
GPCR,pK,480,6.076,5.9731154
GPCR,pK,481,5.77,4.7955794
GPCR,pK,482,6.9,7.029518
GPCR,pK,483,6.8,6.7231555
GPCR,pK,484,9.77,9.242953
GPCR,pK,485,9.722,9.497399
GPCR,pK,486,7.977,6.2607417
GPCR,pK,487,5.06,6.119412
GPCR,pK,488,5.13,5.776585
GPCR,pK,489,8.523,7.839143
GPCR,pK,490,6.63,6.610424
GPCR,pK,491,7.796,7.761129
GPCR,pK,492,6.01,6.433139
GPCR,pK,493,5.297,5.6296496
GPCR,pK,494,5.599,5.6897817
GPCR,pK,495,7.721,6.147405
GPCR,pK,496,5.824,6.667391
GPCR,pK,497,5.97,5.9859686
GPCR,pK,498,4.86,6.2902684
GPCR,pK,499,5.785,5.9603677
GPCR,pK,500,7.284,7.345742
GPCR,pK,501,6.6,6.7558374
GPCR,pK,502,5.84,6.7827106
GPCR,pK,503,5.51,5.933867
GPCR,pK,504,6.352,5.921827
GPCR,pK,505,5.8,6.0606327
GPCR,pK,506,6.58,6.756165
GPCR,pK,507,8.64,6.713088
GPCR,pK,508,7.51,7.3979497
GPCR,pK,509,7.197,6.016205
GPCR,pK,510,6.36,6.0123096
GPCR,pK,511,5.81,5.817299
GPCR,pK,512,6.102,5.962595
GPCR,pK,513,5.292,5.4926224
GPCR,pK,514,6.3,8.599992
GPCR,pK,515,3.815,4.2568083
GPCR,pK,516,5.465,5.69852
GPCR,pK,517,7.244,6.7232013
GPCR,pK,518,6.602,5.753572
GPCR,pK,519,5.699,5.9033566
GPCR,pK,520,8.252,8.502179
GPCR,pK,521,8.921,8.850363
GPCR,pK,522,7.18,6.8721113
GPCR,pK,523,7.086,6.396804
GPCR,pK,524,7.678,7.8555026
GPCR,pK,525,7.821,7.7234883
GPCR,pK,526,6.86,6.982772
GPCR,pK,527,7.018,7.0487413
GPCR,pK,528,6.027,7.044117
GPCR,pK,529,4.77,4.8267984
GPCR,pK,530,6.3,6.118974
GPCR,pK,531,5.46,5.538345
GPCR,pK,532,4.86,6.3870454
GPCR,pK,533,5.008,5.1646
GPCR,pK,534,5.959,5.969015
GPCR,pK,535,5.97,6.132048
GPCR,pK,536,6.081,6.0720563
GPCR,pK,537,6.279,6.6231055
GPCR,pK,538,6.0,6.30248
GPCR,pK,539,5.0,5.3972726
GPCR,pK,540,9.74,9.304615
GPCR,pK,541,9.778,9.524783
GPCR,pK,542,5.68,5.657925
GPCR,pK,543,5.21,5.584832
GPCR,pK,544,6.47,6.341862
GPCR,pK,545,5.602,5.7720013
GPCR,pK,546,5.46,5.8264527
GPCR,pK,547,6.079,5.986141
GPCR,pK,548,5.9,6.169174
GPCR,pK,549,7.39,7.2442813
GPCR,pK,550,4.6,5.3384604
GPCR,pK,551,5.771,5.345719
GPCR,pK,552,5.409,5.6078606
GPCR,pK,553,6.4,6.017977
GPCR,pK,554,6.243,6.3547716
GPCR,pK,555,5.57,5.946884
GPCR,pK,556,5.92,6.0832276
GPCR,pK,557,6.397,5.2946506
GPCR,pK,558,5.78,5.9161897
GPCR,pK,559,6.724,6.454216
GPCR,pK,560,7.733,7.9014754
GPCR,pK,561,6.78,6.5912127
GPCR,pK,562,9.432,9.999601
GPCR,pK,563,8.24,5.763269
GPCR,pK,564,5.43,4.500734
GPCR,pK,565,8.481,8.668143
GPCR,pK,566,10.62,10.857568
GPCR,pK,567,11.06,11.563565
GPCR,pK,568,8.523,10.576458
GPCR,pK,569,7.609,7.6723185
GPCR,pK,570,10.086,9.5440035
GPCR,pK,571,10.409,10.867528
GPCR,pK,572,10.585,10.71177
GPCR,pK,573,7.69,7.323052
GPCR,pK,574,8.398,8.256801
GPCR,pK,575,7.553,6.3934674
GPCR,pK,576,6.23,7.3578596
GPCR,pK,577,6.41,7.7594466
GPCR,pK,578,7.602,7.9601483
GPCR,pK,579,7.8,8.373248
GPCR,pK,580,6.49,6.885345
GPCR,pK,581,6.94,7.1147194
GPCR,pK,582,8.378,9.327345
GPCR,pK,583,7.83,6.466619
GPCR,pK,584,5.726,8.668527
GPCR,pK,585,7.24,5.907831
GPCR,pK,586,8.879,9.754986
GPCR,pK,587,6.301,6.899036
GPCR,pK,588,7.796,8.132546
GPCR,pK,589,9.155,10.176776
GPCR,pK,590,7.658,8.352984
GPCR,pK,591,9.0,9.04647
GPCR,pK,592,6.854,7.2008953
GPCR,pK,593,6.15,5.5916195
GPCR,pK,594,8.37,8.511594
GPCR,pK,595,6.14,6.0548477
GPCR,pK,596,6.46,7.991479
GPCR,pK,597,8.469,8.816891
GPCR,pK,598,7.469,7.9933515
GPCR,pK,599,8.47,7.975803
GPCR,pK,600,10.1,9.8684225
GPCR,pK,601,8.456,8.634938
GPCR,pK,602,6.907,7.704725
GPCR,pK,603,6.161,6.84588
GPCR,pK,604,6.64,6.798348
GPCR,pK,605,5.82,6.172255
GPCR,pK,606,9.523,9.430419
GPCR,pK,607,6.963,6.6854672
GPCR,pK,608,6.9,6.69636
GPCR,pK,609,5.821,6.093163
GPCR,pK,610,6.69,6.65525
GPCR,pK,611,6.863,6.983365
GPCR,pK,612,7.607,6.924437
GPCR,pK,613,5.745,7.16084
GPCR,pK,614,9.523,9.185652
GPCR,pK,615,7.93,6.6155696
GPCR,pK,616,8.375,8.468524
GPCR,pK,617,8.15,6.3969955
GPCR,pK,618,5.36,4.934804
GPCR,pK,619,7.456,8.414466
GPCR,pK,620,8.328,8.684238
GPCR,pK,621,9.553,9.356032
GPCR,pK,622,10.745,11.296477
GPCR,pK,623,10.854,11.540989
GPCR,pK,624,10.432,10.981365
GPCR,pK,625,8.312,9.090148
GPCR,pK,626,10.071,9.396341
GPCR,pK,627,9.658,10.160222
GPCR,pK,628,9.854,10.015302
GPCR,pK,629,5.68,5.8462043
GPCR,pK,630,7.398,7.149136
GPCR,pK,631,8.097,7.818695
GPCR,pK,632,5.22,8.054694
GPCR,pK,633,7.07,8.048876
GPCR,pK,634,6.18,8.349223
GPCR,pK,635,7.824,7.7507243
GPCR,pK,636,8.583,8.709869
GPCR,pK,637,8.43,8.615493
GPCR,pK,638,7.15,7.5579143
GPCR,pK,639,9.98,10.807767
GPCR,pK,640,8.276,7.3962045
GPCR,pK,641,7.409,8.7906275
GPCR,pK,642,7.09,7.1079273
GPCR,pK,643,8.658,10.446996
GPCR,pK,644,6.42,6.3771605
GPCR,pK,645,7.481,7.8791566
GPCR,pK,646,8.301,8.123642
GPCR,pK,647,8.155,8.001739
GPCR,pK,648,6.38,6.611752
GPCR,pK,649,9.328,9.233193
GPCR,pK,650,5.76,6.316136
GPCR,pK,651,7.28,8.841802
GPCR,pK,652,9.319,8.80981
GPCR,pK,653,9.301,9.369368
GPCR,pK,654,9.5,7.976197
GPCR,pK,655,10.4,10.571648
GPCR,pK,656,9.658,9.894727
GPCR,pK,657,7.585,7.6077037
GPCR,pK,658,6.26,6.727594
GPCR,pK,659,8.6,8.998327
GPCR,pK,660,5.98,6.5234003
GPCR,pK,661,9.699,9.819713
GPCR,pK,662,6.929,7.531726
GPCR,pK,663,9.149,8.778432
GPCR,pK,664,7.316,8.275294
GPCR,pK,665,9.022,9.373433
GPCR,pK,666,9.377,9.157702
GPCR,pK,667,9.194,8.359427
GPCR,pK,668,6.389,7.262175
GPCR,pK,669,9.77,9.052968
GPCR,pK,670,8.11,7.29997
GPCR,pK,671,9.222,8.500833
GPCR,pK,672,6.343,5.7251925
GPCR,pK,673,6.328,6.567631
GPCR,pK,674,7.678,8.025327
GPCR,pK,675,8.886,8.724355
GPCR,pK,676,6.876,6.8669577
GPCR,pK,677,7.481,8.43643
GPCR,pK,678,6.229,6.7992387
GPCR,pK,679,8.409,8.262881
GPCR,pK,680,9.863,8.954772
GPCR,pK,681,9.873,9.618936
GPCR,pK,682,9.943,9.488029
GPCR,pK,683,7.745,7.310942
GPCR,pK,684,6.873,6.5210853
GPCR,pK,685,8.046,8.195041
GPCR,pK,686,8.523,8.32382
GPCR,pK,687,7.143,6.4648614
GPCR,pK,688,7.959,8.128937
GPCR,pK,689,8.26,9.705051
GPCR,pK,690,8.0,8.448025
GPCR,pK,691,7.695,8.192456
GPCR,pK,692,7.396,8.813236
GPCR,pK,693,8.886,8.871236
GPCR,pK,694,8.301,8.140692
GPCR,pK,695,8.638,8.711272
GPCR,pK,696,6.924,6.590915
GPCR,pK,697,7.699,8.077279
GPCR,pK,698,7.092,7.040281
GPCR,pK,699,7.046,6.8936963
GPCR,pK,700,8.638,8.434849
GPCR,pK,701,8.398,8.088088
GPCR,pK,702,8.222,7.762547
GPCR,pK,703,8.155,8.090188
GPCR,pK,704,8.222,8.251304
GPCR,pK,705,8.0,8.154601
GPCR,pK,706,8.0,8.274649
GPCR,pK,707,7.745,7.533585
GPCR,pK,708,8.22,7.614335
GPCR,pK,709,10.042,10.359328
GPCR,pK,710,7.116,7.111752
GPCR,pK,711,8.357,7.499002
GPCR,pK,712,8.917,8.120576
GPCR,pK,713,6.936,6.8430333
GPCR,pK,714,8.155,7.9730287
GPCR,pK,715,7.208,7.7511463
GPCR,pK,716,7.569,7.1661477
GPCR,pK,717,7.155,7.397468
GPCR,pK,718,5.148,4.873799
GPCR,pK,719,7.387,8.037441
GPCR,pK,720,8.252,7.30064
GPCR,pK,721,7.167,6.8794446
GPCR,pK,722,5.75,5.94298
GPCR,pK,723,7.092,7.987783
GPCR,pK,724,6.013,6.266237
GPCR,pK,725,8.0,8.231669
GPCR,pK,726,8.699,8.537007
GPCR,pK,727,7.658,7.842222
GPCR,pK,728,8.585,8.890464
GPCR,pK,729,9.0,9.247302
GPCR,pK,730,8.31,8.371875
GPCR,pK,731,7.539,8.141059
GPCR,pK,732,9.89,10.3596735
GPCR,pK,733,7.66,8.21535
GPCR,pK,734,5.93,7.859572
GPCR,pK,735,7.921,8.72014
GPCR,pK,736,6.545,6.469951
GPCR,pK,737,7.959,8.702717
GPCR,pK,738,5.804,7.4372296
GPCR,pK,739,8.432,8.085486
GPCR,pK,740,7.733,8.60368
GPCR,pK,741,9.301,9.317461
GPCR,pK,742,6.631,6.675303
GPCR,pK,743,7.469,7.0015903
GPCR,pK,744,9.155,8.920711
GPCR,pK,745,9.745,10.05531
GPCR,pK,746,7.678,7.70259
GPCR,pK,747,7.523,7.7397804
GPCR,pK,748,8.523,8.53061
GPCR,pK,749,8.097,8.208318
GPCR,pK,750,6.042,6.933118
GPCR,pK,751,8.593,8.494602
GPCR,pK,752,7.237,7.845426
GPCR,pK,753,8.523,8.140418
GPCR,pK,754,8.65,8.937563
GPCR,pK,755,8.11,8.421575
GPCR,pK,756,8.666,8.808537
GPCR,pK,757,7.1,6.460302
GPCR,pK,758,5.14,5.4797683
GPCR,pK,759,4.77,4.5751023
GPCR,pK,760,7.187,7.484698
GPCR,pK,761,7.319,7.5360026
GPCR,pK,762,8.046,7.5790095
GPCR,pK,763,7.62,7.403988
GPCR,pK,764,6.301,6.3801475
GPCR,pK,765,6.377,6.265716
GPCR,pK,766,5.959,7.045819
GPCR,pK,767,4.5,5.082718
GPCR,pK,768,6.678,7.046828
GPCR,pK,769,5.4,6.5612025
GPCR,pK,770,6.2,6.7003045
GPCR,pK,771,7.222,6.274398
GPCR,pK,772,5.936,6.2836556
GPCR,pK,773,6.357,6.3439546
GPCR,pK,774,6.119,6.9338098
GPCR,pK,775,7.081,6.9606776
GPCR,pK,776,5.16,5.0132575
GPCR,pK,777,4.74,4.691136
GPCR,pK,778,5.85,4.427126
GPCR,pK,779,7.757,7.461335
GPCR,pK,780,8.221,8.926279
GPCR,pK,781,9.7,8.975381
GPCR,pK,782,5.796,5.405914
GPCR,pK,783,5.42,5.37614
GPCR,pK,784,4.112,4.22663
GPCR,pK,785,7.109,7.035425
GPCR,pK,786,4.56,4.776876
GPCR,pK,787,6.027,6.6333685
GPCR,pK,788,4.78,4.340662
GPCR,pK,789,4.01,4.2716928
GPCR,pK,790,6.824,6.343159
GPCR,pK,791,5.582,6.068093
GPCR,pK,792,6.23,6.1114416
GPCR,pK,793,6.13,8.1328125
GPCR,pK,794,9.154,8.747169
GPCR,pK,795,7.528,8.109865
GPCR,pK,796,5.097,5.1328197
GPCR,pK,797,6.625,7.6659985
GPCR,pK,798,7.056,7.0662665
GPCR,pK,799,8.523,8.437589
GPCR,pK,800,8.114,8.1059065
GPCR,pK,801,6.532,6.627916
GPCR,pK,802,6.681,8.183997
GPCR,pK,803,6.351,6.749006
GPCR,pK,804,6.276,6.5960917
GPCR,pK,805,7.41,6.8231626
GPCR,pK,806,6.024,6.4261603
GPCR,pK,807,7.447,7.148995
GPCR,pK,808,4.971,5.597214
GPCR,pK,809,6.077,5.1238694
GPCR,pK,810,5.851,5.5345664
GPCR,pK,811,6.46,5.335874
GPCR,pK,812,6.421,6.786253
GPCR,pK,813,5.886,5.926497
GPCR,pK,814,6.959,6.720177
GPCR,pK,815,6.243,6.458904
GPCR,pK,816,7.907,8.095209
GPCR,pK,817,5.507,6.2158237
GPCR,pK,818,7.854,7.5326214
GPCR,pK,819,6.367,5.899938
GPCR,pK,820,4.959,5.7183948
GPCR,pK,821,5.167,5.7183948
GPCR,pK,822,6.83,7.725847
GPCR,pK,823,7.599,7.2884107
GPCR,pK,824,7.081,7.7770877
GPCR,pK,825,8.377,8.968616
GPCR,pK,826,5.959,5.7261043
GPCR,pK,827,6.066,6.017469
GPCR,pK,828,5.538,6.1484103
GPCR,pK,829,6.0,6.001403
GPCR,pK,830,5.854,5.781218
GPCR,pK,831,4.921,5.2142315
GPCR,pK,832,5.553,6.4200373
GPCR,pK,833,6.602,6.3629436
GPCR,pK,834,6.77,6.177386
GPCR,pK,835,6.244,5.8788447
GPCR,pK,836,6.425,6.5024495
GPCR,pK,837,6.693,6.5375896
GPCR,pK,838,6.833,6.1661763
GPCR,pK,839,5.6,5.789885
GPCR,pK,840,8.051,8.37561
GPCR,pK,841,7.509,7.3940544
GPCR,pK,842,6.354,6.709001
GPCR,pK,843,7.37,7.3809958
GPCR,pK,844,4.26,4.7469487
GPCR,pK,845,6.362,6.872146
GPCR,pK,846,10.0,8.876719
GPCR,pK,847,7.42,6.9874973
GPCR,pK,848,7.925,8.871462
GPCR,pK,849,6.441,8.509324
GPCR,pK,850,7.394,8.272301
GPCR,pK,851,8.398,7.771191
GPCR,pK,852,6.87,7.373217
GPCR,pK,853,6.587,7.639831
GPCR,pK,854,7.854,7.512227
GPCR,pK,855,6.23,5.939082
GPCR,pK,856,7.523,7.608188
GPCR,pK,857,7.032,7.111604
GPCR,pK,858,6.783,5.9983244
GPCR,pK,859,7.222,7.23066
GPCR,pK,860,8.575,8.756048
GPCR,pK,861,7.415,7.653182
GPCR,pK,862,7.155,7.309564
GPCR,pK,863,8.046,6.0282373
GPCR,pK,864,7.116,7.1652923
GPCR,pK,865,6.347,6.960975
GPCR,pK,866,6.469,6.0595355
GPCR,pK,867,5.848,6.052448
GPCR,pK,868,5.99,6.1470284
GPCR,pK,869,6.301,6.556886
GPCR,pK,870,6.699,6.2180133
GPCR,pK,871,6.921,7.738129
GPCR,pK,872,6.2,6.047134
GPCR,pK,873,7.9,8.148281
GPCR,pK,874,6.071,6.8363547
GPCR,pK,875,9.319,8.713294
GPCR,pK,876,7.638,8.713294
GPCR,pK,877,4.45,5.590921
GPCR,pK,878,8.046,7.6554713
GPCR,pK,879,7.886,7.777304
GPCR,pK,880,5.928,7.280921
GPCR,pK,881,6.305,6.163859
GPCR,pK,882,5.283,5.9034286
GPCR,pK,883,7.863,6.21691
GPCR,pK,884,5.959,5.910911
GPCR,pK,885,6.569,7.3076844
GPCR,pK,886,7.398,7.7908244
GPCR,pK,887,6.9,6.8142166
GPCR,pK,888,4.1,5.0431805
GPCR,pK,889,7.143,7.223232
GPCR,pK,890,9.77,7.5807
GPCR,pK,891,6.5,7.4661994
GPCR,pK,892,7.4,7.9574957
GPCR,pK,893,6.054,6.15879
GPCR,pK,894,6.303,7.7188764
GPCR,pK,895,6.484,6.4531054
GPCR,pK,896,5.932,6.1747184
GPCR,pK,897,7.357,7.607807
GPCR,pK,898,7.387,7.8381696
GPCR,pK,899,7.821,7.285258
GPCR,pK,900,6.132,7.155166
GPCR,pK,901,4.55,5.968144
GPCR,pK,902,5.761,5.76646
GPCR,pK,903,7.26,7.536293
GPCR,pK,904,4.59,4.758788
GPCR,pK,905,4.32,4.4490376
GPCR,pK,906,5.14,4.558081
GPCR,pK,907,9.614,9.127666
GPCR,pK,908,8.046,8.021438
GPCR,pK,909,9.5,8.023279
GPCR,pK,910,4.3,4.306114
GPCR,pK,911,8.42,8.963786
GPCR,pK,912,9.389,9.432875
GPCR,pK,913,8.94,9.193988
GPCR,pK,914,7.647,8.602195
GPCR,pK,915,7.301,8.255524
GPCR,pK,916,6.6,7.464922
GPCR,pK,917,7.025,6.8583302
GPCR,pK,918,9.11,9.0995245
GPCR,pK,919,7.562,7.574272
GPCR,pK,920,7.137,6.759546
GPCR,pK,921,5.49,5.350759
GPCR,pK,922,5.387,7.1440263
GPCR,pK,923,6.638,5.4508853
GPCR,pK,924,9.149,9.905576
GPCR,pK,925,6.032,5.73167
GPCR,pK,926,4.78,5.1357045
GPCR,pK,927,6.854,4.81679
GPCR,pK,928,7.284,6.7937083
GPCR,pK,929,6.495,5.881738
GPCR,pK,930,9.367,9.722978
GPCR,pK,931,4.47,4.597307
GPCR,pK,932,4.7,4.958439
GPCR,pK,933,9.42,9.1799755
GPCR,pK,934,9.0,8.21571
GPCR,pK,935,6.68,6.4023523
GPCR,pK,936,5.975,7.791327
GPCR,pK,937,5.821,7.909717
GPCR,pK,938,6.91,7.3530583
GPCR,pK,939,5.537,5.4572864
GPCR,pK,940,6.201,5.431442
GPCR,pK,941,5.312,5.9374146
GPCR,pK,942,6.533,6.355007
GPCR,pK,943,5.401,5.270764
GPCR,pK,944,6.232,6.7103643
GPCR,pK,945,7.051,6.7071614
GPCR,pK,946,5.225,5.8866696
GPCR,pK,947,6.876,7.123118
GPCR,pK,948,7.92,7.613523
GPCR,pK,949,6.824,6.823525
GPCR,pK,950,6.244,6.2535853
GPCR,pK,951,7.0,6.9987254
GPCR,pK,952,4.9,4.7555933
GPCR,pK,953,4.49,5.2339015
GPCR,pK,954,7.721,7.8964467
GPCR,pK,955,7.01,7.8719053
GPCR,pK,956,7.143,7.3203263
GPCR,pK,957,8.229,8.172242
GPCR,pK,958,7.294,7.256478
GPCR,pK,959,7.022,7.104013
GPCR,pK,960,7.77,8.253849
GPCR,pK,961,7.161,7.5857396
GPCR,pK,962,8.635,8.127407
GPCR,pK,963,6.991,7.823598
GPCR,pK,964,9.678,9.783419
GPCR,pK,965,7.721,7.603867
GPCR,pK,966,9.8,9.480601
GPCR,pK,967,8.14,8.581782
GPCR,pK,968,8.1,8.242931
GPCR,pK,969,9.131,9.1321745
GPCR,pK,970,9.066,9.097892
GPCR,pK,971,8.839,9.461385
GPCR,pK,972,9.893,9.307153
GPCR,pK,973,8.441,9.160653
GPCR,pK,974,9.928,9.314847
GPCR,pK,975,8.287,7.543282
GPCR,pK,976,6.242,6.0663123
GPCR,pK,977,8.4,8.834142
GPCR,pK,978,9.0,9.043042
GPCR,pK,979,8.9,8.671322
GPCR,pK,980,8.82,8.306119
GPCR,pK,981,8.4,8.849032
GPCR,pK,982,9.0,8.663569
GPCR,pK,983,9.0,8.988166
GPCR,pK,984,8.3,8.079875
GPCR,pK,985,8.222,8.617313
GPCR,pK,986,7.796,8.520574
GPCR,pK,987,6.714,6.9903097
GPCR,pK,988,9.108,8.71129
GPCR,pK,989,8.668,9.480593
GPCR,pK,990,6.764,7.304779
GPCR,pK,991,6.058,6.259205
GPCR,pK,992,7.658,8.892877
GPCR,pK,993,6.4,6.6846128
GPCR,pK,994,6.951,6.894838
GPCR,pK,995,6.812,6.6290355
GPCR,pK,996,7.602,7.418661
GPCR,pK,997,8.7,8.592849
GPCR,pK,998,6.0,6.124976
GPCR,pK,999,7.616,8.06947
GPCR,pK,1000,8.252,8.295934
GPCR,pK,1001,8.187,8.556996
GPCR,pK,1002,8.553,8.777874
GPCR,pK,1003,8.32,8.078007
GPCR,pK,1004,6.983,7.618139
GPCR,pK,1005,8.041,7.6028204
GPCR,pK,1006,6.796,7.3810787
GPCR,pK,1007,6.955,6.3153777
GPCR,pK,1008,8.137,7.230188
GPCR,pK,1009,5.6,5.825844
GPCR,pK,1010,7.4,8.289662
GPCR,pK,1011,7.745,7.7653794
GPCR,pK,1012,8.046,7.9633474
GPCR,pK,1013,7.886,7.3202014
GPCR,pK,1014,5.7,5.852552
GPCR,pK,1015,6.638,6.928078
GPCR,pK,1016,7.788,7.1068945
GPCR,pK,1017,9.222,8.346569
GPCR,pK,1018,8.078,7.805449
GPCR,pK,1019,5.301,5.584692
GPCR,pK,1020,5.959,5.9331007
GPCR,pK,1021,6.62,6.7960305
GPCR,pK,1022,7.854,6.939419
GPCR,pK,1023,6.796,6.8964458
GPCR,pK,1024,6.81,7.3619547
GPCR,pK,1025,7.509,8.402785
GPCR,pK,1026,7.767,8.862752
GPCR,pK,1027,7.229,7.0189013
GPCR,pK,1028,8.4,8.782523
GPCR,pK,1029,7.7,8.766828
GPCR,pK,1030,8.3,8.815645
GPCR,pK,1031,7.441,7.0919876
GPCR,pK,1032,6.398,7.8556237
GPCR,pK,1033,6.712,7.1361284
GPCR,pK,1034,5.82,6.038161
GPCR,pK,1035,7.429,7.3170652
GPCR,pK,1036,6.894,7.959677
GPCR,pK,1037,8.301,8.38393
GPCR,pK,1038,7.68,7.731681
GPCR,pK,1039,6.742,7.0237813
GPCR,pK,1040,9.07,8.604454
GPCR,pK,1041,8.072,8.567275
GPCR,pK,1042,5.883,6.277686
GPCR,pK,1043,7.032,7.3438516
GPCR,pK,1044,6.629,7.0059857
GPCR,pK,1045,6.516,6.4458833
GPCR,pK,1046,7.284,7.1602025
GPCR,pK,1047,8.699,8.066051
GPCR,pK,1048,6.971,7.4052196
GPCR,pK,1049,8.583,8.52591
GPCR,pK,1050,7.605,7.57227
GPCR,pK,1051,8.215,8.204014
GPCR,pK,1052,7.472,7.849853
GPCR,pK,1053,6.372,6.496469
GPCR,pK,1054,8.959,8.296285
GPCR,pK,1055,6.91,6.615825
GPCR,pK,1056,7.699,7.0749226
GPCR,pK,1057,6.383,7.1533465
GPCR,pK,1058,9.078,7.9301143
GPCR,pK,1059,8.921,8.219112
GPCR,pK,1060,6.04,7.5232387
GPCR,pK,1061,9.678,8.817835
GPCR,pK,1062,7.57,7.4403925
GPCR,pK,1063,6.21,5.192667
GPCR,pK,1064,6.05,5.6315494
GPCR,pK,1065,5.9,5.6027207
GPCR,pK,1066,6.109,6.156648
GPCR,pK,1067,8.222,8.020848
GPCR,pK,1068,8.027,8.661531
GPCR,pK,1069,7.585,7.5926976
GPCR,pK,1070,7.229,7.805608
GPCR,pK,1071,7.444,7.6657176
GPCR,pK,1072,8.106,7.539631
GPCR,pK,1073,7.699,7.680485
GPCR,pK,1074,7.77,7.502897
GPCR,pK,1075,6.747,6.8102927
GPCR,pK,1076,6.65,6.6196914
GPCR,pK,1077,7.435,7.8540454
GPCR,pK,1078,7.1,6.816768
GPCR,pK,1079,6.733,7.2275953
GPCR,pK,1080,8.9,9.413404
GPCR,pK,1081,6.67,6.1379666
GPCR,pK,1082,6.721,7.0726614
GPCR,pK,1083,6.799,6.4187083
GPCR,pK,1084,6.024,6.858856
GPCR,pK,1085,6.264,6.426388
GPCR,pK,1086,6.721,6.4042935
GPCR,pK,1087,6.406,6.7680426
GPCR,pK,1088,6.128,5.965665
GPCR,pK,1089,7.658,6.216507
GPCR,pK,1090,6.26,6.8949585
GPCR,pK,1091,5.17,5.8505187
GPCR,pK,1092,7.108,6.9487805
GPCR,pK,1093,8.161,7.514053
GPCR,pK,1094,7.587,8.074313
GPCR,pK,1095,8.644,8.705064
GPCR,pK,1096,8.77,8.808606
GPCR,pK,1097,8.959,8.331839
GPCR,pK,1098,5.977,6.538344
GPCR,pK,1099,6.853,7.1738997
GPCR,pK,1100,7.824,7.9953017
GPCR,pK,1101,6.008,7.018902
GPCR,pK,1102,6.788,6.6424384
GPCR,pK,1103,9.444,8.673162
GPCR,pK,1104,5.77,6.183541
GPCR,pK,1105,8.678,8.489314
GPCR,pK,1106,8.347,7.985262
GPCR,pK,1107,9.25,8.400985
GPCR,pK,1108,8.77,8.414765
GPCR,pK,1109,6.126,6.8099833
GPCR,pK,1110,6.215,6.780107
GPCR,pK,1111,6.489,6.760632
GPCR,pK,1112,6.284,6.6839848
GPCR,pK,1113,7.678,8.381186
GPCR,pK,1114,5.793,6.763999
GPCR,pK,1115,7.959,7.475879
GPCR,pK,1116,8.215,8.63261
GPCR,pK,1117,7.921,7.9607444
GPCR,pK,1118,6.233,5.6694903
GPCR,pK,1119,7.0,6.5605116
GPCR,pK,1120,5.868,5.8081584
GPCR,pK,1121,3.709,5.6636596
GPCR,pK,1122,6.66,6.461203
GPCR,pK,1123,5.671,5.790343
GPCR,pK,1124,5.735,6.1791162
GPCR,pK,1125,8.301,7.8138056
GPCR,pK,1126,6.335,5.4631677
GPCR,pK,1127,5.876,6.6935897
GPCR,pK,1128,5.061,5.785461
GPCR,pK,1129,5.979,5.868776
GPCR,pK,1130,9.301,8.701317
GPCR,pK,1131,8.027,7.3913374
GPCR,pK,1132,7.432,7.6501036
GPCR,pK,1133,7.066,6.933411
GPCR,pK,1134,8.0,7.91758
GPCR,pK,1135,8.19,8.699494
GPCR,pK,1136,6.538,7.1099925
GPCR,pK,1137,5.917,6.112184
GPCR,pK,1138,7.824,8.97023
GPCR,pK,1139,7.149,6.877515
GPCR,pK,1140,5.866,6.0569463
GPCR,pK,1141,7.699,7.811577
GPCR,pK,1142,6.347,6.2025685
GPCR,pK,1143,9.523,8.98309
GPCR,pK,1144,6.116,6.7075047
GPCR,pK,1145,6.971,6.9612374
GPCR,pK,1146,9.1,8.387761
GPCR,pK,1147,8.38,8.07684
GPCR,pK,1148,3.121,3.0363183
GPCR,pK,1149,2.851,3.066349
GPCR,pK,1150,8.1,7.725475
GPCR,pK,1151,9.2,9.413218
GPCR,pK,1152,9.2,9.936437
GPCR,pK,1153,6.449,5.7664948
GPCR,pK,1154,7.495,7.9310308
GPCR,pK,1155,8.108,8.035005
GPCR,pK,1156,8.276,8.269202
GPCR,pK,1157,7.886,7.919205
GPCR,pK,1158,8.6,8.107883
GPCR,pK,1159,7.796,7.859658
GPCR,pK,1160,7.19,7.665222
GPCR,pK,1161,6.9,6.746366
GPCR,pK,1162,8.801,9.227475
GPCR,pK,1163,8.724,8.627563
GPCR,pK,1164,6.38,5.7864213
GPCR,pK,1165,7.3,7.169185
GPCR,pK,1166,7.96,7.5527673
GPCR,pK,1167,8.167,8.329271
GPCR,pK,1168,6.821,7.5170846
GPCR,pK,1169,7.071,6.8876624
GPCR,pK,1170,8.222,7.766976
GPCR,pK,1171,7.886,7.3833976
GPCR,pK,1172,7.249,7.1711774
GPCR,pK,1173,6.015,7.8586516
GPCR,pK,1174,6.506,7.487228
GPCR,pK,1175,7.602,7.512194
GPCR,pK,1176,5.602,5.603142
GPCR,pK,1177,8.627,6.677579
GPCR,pK,1178,6.87,7.081464
GPCR,pK,1179,6.77,6.344647
GPCR,pK,1180,6.523,7.141599
GPCR,pK,1181,4.8,5.4207654
GPCR,pK,1182,6.959,7.1744194
GPCR,pK,1183,6.5,6.8043566
GPCR,pK,1184,6.538,6.099788
GPCR,pK,1185,5.268,6.2446127
GPCR,pK,1186,6.092,6.5360656
GPCR,pK,1187,6.387,6.5460954
GPCR,pK,1188,6.699,7.229826
GPCR,pK,1189,6.42,7.117001
GPCR,pK,1190,8.111,7.5737867
GPCR,pK,1191,7.357,7.49908
GPCR,pK,1192,4.76,5.1667476
GPCR,pK,1193,4.58,4.5736804
GPCR,pK,1194,6.22,4.340245
GPCR,pK,1195,8.591,9.211606
GPCR,pK,1196,8.337,8.172672
GPCR,pK,1197,4.6,4.4640913
GPCR,pK,1198,7.215,7.148259
GPCR,pK,1199,10.0,10.073081
GPCR,pK,1200,8.46,9.233912
GPCR,pK,1201,6.31,7.121577
GPCR,pK,1202,9.6,9.483167
GPCR,pK,1203,7.187,6.622686
GPCR,pK,1204,5.71,5.4877133
GPCR,pK,1205,6.65,6.2271256
GPCR,pK,1206,5.177,4.9928107
GPCR,pK,1207,7.201,5.3038898
GPCR,pK,1208,8.15,9.41483
GPCR,pK,1209,6.0,5.5841093
GPCR,pK,1210,5.37,5.3994846
GPCR,pK,1211,7.638,4.6914177
GPCR,pK,1212,5.607,5.8207307
GPCR,pK,1213,7.139,7.0595655
GPCR,pK,1214,4.42,4.3952594
GPCR,pK,1215,7.376,7.094507
GPCR,pK,1216,5.553,6.4712076
GPCR,pK,1217,8.824,8.700147
GPCR,pK,1218,7.1,6.778566
GPCR,pK,1219,6.725,6.707107
GPCR,pK,1220,8.097,8.337253
GPCR,pK,1221,8.155,7.985823
GPCR,pK,1222,8.602,8.941268
GPCR,pK,1223,8.377,7.7533283
GPCR,pK,1224,8.638,8.102998
GPCR,pK,1225,8.699,7.388146
GPCR,pK,1226,7.866,8.130158
GPCR,pK,1227,6.051,7.1394625
GPCR,pK,1228,6.917,6.8112845
GPCR,pK,1229,8.509,9.21351
GPCR,pK,1230,5.4,5.432894
GPCR,pK,1231,6.927,6.981061
GPCR,pK,1232,6.4,6.3443255
GPCR,pK,1233,9.52,8.177176
GPCR,pK,1234,6.6,6.757852
GPCR,pK,1235,10.24,8.383502
GPCR,pK,1236,7.611,7.815963
GPCR,pK,1237,8.681,8.245099
GPCR,pK,1238,8.377,7.80483
GPCR,pK,1239,7.77,7.453765
GPCR,pK,1240,7.86,8.266303
GPCR,pK,1241,7.651,8.474314
GPCR,pK,1242,6.7,6.296674
GPCR,pK,1243,6.4,6.271936
GPCR,pK,1244,8.851,8.479709
GPCR,pK,1245,8.959,9.3023
GPCR,pK,1246,8.721,9.207033
GPCR,pK,1247,7.432,6.7656884
GPCR,pK,1248,4.432,4.5098376
GPCR,pK,1249,5.691,5.5507207
GPCR,pK,1250,8.071,6.954253
GPCR,pK,1251,6.554,7.1371512
GPCR,pK,1252,7.659,6.946234
GPCR,pK,1253,6.102,6.313004
GPCR,pK,1254,6.669,6.511595
GPCR,pK,1255,7.69,7.834097
GPCR,pK,1256,6.598,6.4353313
GPCR,pK,1257,8.056,8.22679
GPCR,pK,1258,6.611,6.650747
GPCR,pK,1259,6.664,6.0503445
GPCR,pK,1260,6.4,6.0502896
GPCR,pK,1261,6.4,6.6571565
GPCR,pK,1262,7.67,8.293949
GPCR,pK,1263,6.4,5.5856094
GPCR,pK,1264,4.9,4.98688
GPCR,pK,1265,7.708,7.9137187
GPCR,pK,1266,7.754,7.931645
GPCR,pK,1267,7.998,7.928368
GPCR,pK,1268,6.102,6.3385987
GPCR,pK,1269,9.0,9.203399
GPCR,pK,1270,6.409,6.321858
GPCR,pK,1271,6.279,6.852425
GPCR,pK,1272,6.52,6.4617105
GPCR,pK,1273,6.504,6.7656865
GPCR,pK,1274,7.225,7.3562665
GPCR,pK,1275,5.553,5.2358813
GPCR,pK,1276,5.202,6.0932736
GPCR,pK,1277,7.796,9.041494
GPCR,pK,1278,5.122,5.0020337
GPCR,pK,1279,6.547,6.9356465
GPCR,pK,1280,6.35,6.526661
GPCR,pK,1281,6.924,6.6542444
GPCR,pK,1282,6.764,6.959559
GPCR,pK,1283,7.357,7.408868
GPCR,pK,1284,8.292,7.883332
GPCR,pK,1285,7.757,7.4514413
GPCR,pK,1286,5.317,5.648415
GPCR,pK,1287,4.26,5.7268815
GPCR,pK,1288,7.953,7.1884704
GPCR,pK,1289,7.693,7.8488245
GPCR,pK,1290,8.749,7.640102
GPCR,pK,1291,6.175,6.4847493
GPCR,pK,1292,6.312,7.132249
GPCR,pK,1293,6.025,7.7807865
GPCR,pK,1294,6.59,8.900477
GPCR,pK,1295,6.666,6.8515005
GPCR,pK,1296,7.157,7.0555687
GPCR,pK,1297,8.367,8.226803
GPCR,pK,1298,6.004,6.3304086
GPCR,pK,1299,6.192,6.467339
GPCR,pK,1300,7.228,6.9922295
GPCR,pK,1301,7.26,7.312434
GPCR,pK,1302,8.187,6.8893843
GPCR,pK,1303,4.42,5.327309
GPCR,pK,1304,5.699,5.1709433
GPCR,pK,1305,8.583,8.535514
GPCR,pK,1306,6.043,5.7753143
GPCR,pK,1307,5.423,6.623647
GPCR,pK,1308,7.433,8.1229515
GPCR,pK,1309,5.928,5.6462774
GPCR,pK,1310,5.523,5.9863763
GPCR,pK,1311,6.542,6.3660073
GPCR,pK,1312,5.818,5.6078367
GPCR,pK,1313,6.281,6.369118
GPCR,pK,1314,7.959,7.864779
GPCR,pK,1315,6.947,7.368801
GPCR,pK,1316,7.824,8.440452
GPCR,pK,1317,5.301,5.6619363
GPCR,pK,1318,5.848,6.4325867
GPCR,pK,1319,5.909,6.5775275
GPCR,pK,1320,6.47,7.057748
GPCR,pK,1321,6.666,7.171656
GPCR,pK,1322,6.812,6.9951124
GPCR,pK,1323,7.432,7.1721025
GPCR,pK,1324,7.071,7.0079103
GPCR,pK,1325,6.983,6.9946575
GPCR,pK,1326,6.975,7.0386224
GPCR,pK,1327,6.983,7.0386224
GPCR,pK,1328,6.889,7.4651036
GPCR,pK,1329,8.523,8.707248
GPCR,pK,1330,8.557,9.130506
GPCR,pK,1331,7.349,7.464147
GPCR,pK,1332,6.5,6.615624
GPCR,pK,1333,7.108,7.4432926
GPCR,pK,1334,6.903,6.4002624
GPCR,pK,1335,7.27,8.038464
GPCR,pK,1336,6.495,5.604657
GPCR,pK,1337,5.812,6.2026253
GPCR,pK,1338,7.475,7.812559
GPCR,pK,1339,6.762,7.0474777
GPCR,pK,1340,7.854,7.1092753
GPCR,pK,1341,8.569,7.1649976
GPCR,pK,1342,6.893,6.7056684
GPCR,pK,1343,6.821,6.567824
GPCR,pK,1344,6.752,6.964809
GPCR,pK,1345,6.893,6.399859
GPCR,pK,1346,6.223,6.280752
GPCR,pK,1347,5.137,6.8303404
GPCR,pK,1348,6.016,6.329867
GPCR,pK,1349,6.092,6.8891134
GPCR,pK,1350,6.398,6.0959477
GPCR,pK,1351,6.417,6.153312
GPCR,pK,1352,5.9,6.522132
GPCR,pK,1353,5.187,4.9810705
GPCR,pK,1354,5.93,5.351013
GPCR,pK,1355,6.108,6.002669
GPCR,pK,1356,5.886,6.9210134
GPCR,pK,1357,6.752,5.9614916
GPCR,pK,1358,7.007,6.9162173
GPCR,pK,1359,6.95,7.083066
GPCR,pK,1360,7.678,8.102255
GPCR,pK,1361,6.726,6.8388095
GPCR,pK,1362,6.0,6.6282654
GPCR,pK,1363,7.481,7.842542
GPCR,pK,1364,6.195,7.0075364
GPCR,pK,1365,6.828,6.7898774
GPCR,pK,1366,7.469,7.9001737
GPCR,pK,1367,7.585,7.9345293
GPCR,pK,1368,7.153,7.6396775
GPCR,pK,1369,6.119,4.796358
GPCR,pK,1370,7.018,7.0657105
GPCR,pK,1371,5.584,6.3778343
GPCR,pK,1372,9.939,8.136372
GPCR,pK,1373,7.149,5.282933
GPCR,pK,1374,7.032,7.7487884
GPCR,pK,1375,6.183,7.4028344
GPCR,pK,1376,7.611,7.1074963
GPCR,pK,1377,6.046,6.279812
GPCR,pK,1378,5.684,5.800632
GPCR,pK,1379,7.405,7.34819
GPCR,pK,1380,8.921,9.238706
GPCR,pK,1381,7.4,7.1330676
GPCR,pK,1382,5.28,5.3958983
GPCR,pK,1383,6.61,6.5348244
GPCR,pK,1384,6.848,6.917201
GPCR,pK,1385,6.921,6.982901
GPCR,pK,1386,8.237,8.343196
GPCR,pK,1387,6.854,7.0309033
GPCR,pK,1388,6.529,6.2118397
GPCR,pK,1389,7.566,7.943201
GPCR,pK,1390,7.566,7.896598
GPCR,pK,1391,7.445,8.686894
GPCR,pK,1392,8.223,8.513499
GPCR,pK,1393,6.509,7.609762
GPCR,pK,1394,6.888,6.941177
GPCR,pK,1395,5.131,7.1515536
GPCR,pK,1396,5.849,6.343124
GPCR,pK,1397,5.704,5.9111257
GPCR,pK,1398,7.357,7.9555035
GPCR,pK,1399,7.114,7.296132
GPCR,pK,1400,5.143,7.848903
GPCR,pK,1401,7.699,7.6807556
GPCR,pK,1402,7.194,7.791136
GPCR,pK,1403,8.523,8.429996
GPCR,pK,1404,7.824,7.776078
GPCR,pK,1405,8.218,8.390199
GPCR,pK,1406,8.577,8.364412
GPCR,pK,1407,8.218,8.030139
GPCR,pK,1408,7.658,7.745704
GPCR,pK,1409,8.538,7.7779584
GPCR,pK,1410,5.946,5.8528743
GPCR,pK,1411,6.04,6.4875402
GPCR,pK,1412,6.03,6.402553
GPCR,pK,1413,7.466,7.6222844
GPCR,pK,1414,7.374,7.328938
GPCR,pK,1415,6.767,7.3514104
GPCR,pK,1416,6.996,6.1678796
GPCR,pK,1417,6.641,6.702134
GPCR,pK,1418,7.538,6.767363
GPCR,pK,1419,7.022,7.3922915
GPCR,pK,1420,6.975,6.715853
GPCR,pK,1421,6.469,7.4213467
GPCR,pK,1422,6.987,6.4099584
GPCR,pK,1423,6.613,6.0943074
GPCR,pK,1424,7.444,7.41089
GPCR,pK,1425,7.467,7.2629766
GPCR,pK,1426,6.706,6.1790547
GPCR,pK,1427,6.036,6.186522
GPCR,pK,1428,6.142,6.4525113
GPCR,pK,1429,6.096,6.0148144
GPCR,pK,1430,6.018,6.3754253
GPCR,pK,1431,6.788,7.049866
GPCR,pK,1432,6.658,6.6262975
GPCR,pK,1433,5.827,6.1127877
GPCR,pK,1434,6.082,6.1760654
GPCR,pK,1435,5.71,6.15939
GPCR,pK,1436,6.074,6.209683
GPCR,pK,1437,5.5,5.917192
GPCR,pK,1438,6.103,6.21744
GPCR,pK,1439,6.826,7.188824
GPCR,pK,1440,7.17,7.871856
GPCR,pK,1441,6.941,7.0562534
GPCR,pK,1442,6.7,7.1351533
GPCR,pK,1443,7.467,7.720263
GPCR,pK,1444,7.413,7.7202625
GPCR,pK,1445,6.352,7.3299084
GPCR,pK,1446,6.557,6.4049115
GPCR,pK,1447,6.712,6.962786
GPCR,pK,1448,6.334,6.946069
GPCR,pK,1449,6.547,6.7336717
GPCR,pK,1450,6.707,6.136305
GPCR,pK,1451,6.64,6.447265
GPCR,pK,1452,6.984,7.352661
GPCR,pK,1453,7.066,7.4825435
GPCR,pK,1454,7.015,7.269284
GPCR,pK,1455,7.201,7.66636
GPCR,pK,1456,7.323,7.87433
GPCR,pK,1457,7.421,7.3834553
GPCR,pK,1458,7.426,7.7204084
GPCR,pK,1459,6.462,6.9628263
GPCR,pK,1460,7.543,6.9321065
GPCR,pK,1461,7.716,6.931374
GPCR,pK,1462,6.463,6.791954
GPCR,pK,1463,6.516,6.9828267
GPCR,pK,1464,6.66,6.9209194
GPCR,pK,1465,6.66,7.0119123
GPCR,pK,1466,6.497,6.918019
GPCR,pK,1467,6.82,6.917933
GPCR,pK,1468,6.289,6.498446
GPCR,pK,1469,5.835,6.380056
GPCR,pK,1470,6.21,6.295682
GPCR,pK,1471,5.429,6.4155145
GPCR,pK,1472,6.632,6.5866876
GPCR,pK,1473,6.724,6.781196
GPCR,pK,1474,7.024,6.764754
GPCR,pK,1475,7.211,6.998451
GPCR,pK,1476,6.756,6.902525
GPCR,pK,1477,7.045,7.3228493
GPCR,pK,1478,7.517,7.1669397
GPCR,pK,1479,7.77,7.811192
GPCR,pK,1480,5.824,5.581041
GPCR,pK,1481,7.678,8.025634
GPCR,pK,1482,7.799,7.6039805
GPCR,pK,1483,7.745,7.539246
GPCR,pK,1484,7.347,7.325697
GPCR,pK,1485,7.796,7.334668
GPCR,pK,1486,6.492,6.7012324
GPCR,pK,1487,6.298,5.91797
GPCR,pK,1488,6.2,6.262501
GPCR,pK,1489,6.2,6.989691
GPCR,pK,1490,6.5,6.042851
GPCR,pK,1491,6.799,7.037003
GPCR,pK,1492,6.767,7.2100334
GPCR,pK,1493,5.53,5.305739
GPCR,pK,1494,5.832,5.6820703
GPCR,pK,1495,6.561,6.1984744
GPCR,pK,1496,5.352,6.854085
GPCR,pK,1497,5.585,6.8540845
GPCR,pK,1498,5.866,6.151504
GPCR,pK,1499,6.451,7.230087
GPCR,pK,1500,5.538,7.122233
GPCR,pK,1501,6.418,6.151343
GPCR,pK,1502,6.194,6.120049
GPCR,pK,1503,6.208,6.0417857
GPCR,pK,1504,5.87,5.7494836
GPCR,pK,1505,6.53,6.557678
GPCR,pK,1506,6.077,6.027845
GPCR,pK,1507,9.481,9.561145
GPCR,pK,1508,8.721,8.47152
GPCR,pK,1509,5.611,6.483328
GPCR,pK,1510,5.79,6.1315856
GPCR,pK,1511,6.697,6.276669
GPCR,pK,1512,8.678,8.896072
GPCR,pK,1513,6.921,6.44778
GPCR,pK,1514,5.42,6.5799136
GPCR,pK,1515,5.979,8.038464
GPCR,pK,1516,6.299,5.87149
GPCR,pK,1517,6.426,6.6231384
GPCR,pK,1518,8.553,8.860413
GPCR,pK,1519,6.28,6.495341
GPCR,pK,1520,6.35,6.7356057
GPCR,pK,1521,6.799,6.520065
GPCR,pK,1522,8.222,8.604133
GPCR,pK,1523,7.622,6.7064424
GPCR,pK,1524,6.917,7.3043957
GPCR,pK,1525,7.538,7.80401
GPCR,pK,1526,7.523,7.48171
GPCR,pK,1527,5.824,6.1199093
GPCR,pK,1528,5.842,5.4819236
GPCR,pK,1529,9.272,9.541911
GPCR,pK,1530,8.53,8.9042635
GPCR,pK,1531,9.0,8.479098
GPCR,pK,1532,8.777,8.487941
GPCR,pK,1533,5.733,5.7265697
GPCR,pK,1534,4.941,6.8066716
GPCR,pK,1535,5.908,6.5630736
GPCR,pK,1536,5.74,6.595637
GPCR,pK,1537,9.039,9.427906
GPCR,pK,1538,5.287,5.1949544
GPCR,pK,1539,7.796,8.265296
GPCR,pK,1540,5.31,7.2077255
GPCR,pK,1541,5.96,5.4334345
GPCR,pK,1542,6.839,6.813403
GPCR,pK,1543,7.0,7.4128184
GPCR,pK,1544,4.221,5.053314
GPCR,pK,1545,9.146,9.038241
GPCR,pK,1546,5.735,5.585405
GPCR,pK,1547,8.357,8.935456
GPCR,pK,1548,6.398,5.8443465
GPCR,pK,1549,8.824,7.956329
GPCR,pK,1550,5.505,5.55392
GPCR,pK,1551,5.772,5.630407
GPCR,pK,1552,5.934,6.3447833
GPCR,pK,1553,5.215,5.411607
GPCR,pK,1554,5.226,5.423952
GPCR,pK,1555,6.107,6.07099
GPCR,pK,1556,6.724,6.792808
GPCR,pK,1557,6.465,7.070023
GPCR,pK,1558,5.312,5.422148
GPCR,pK,1559,6.434,6.5955653
GPCR,pK,1560,9.301,9.473124
GPCR,pK,1561,8.523,8.938996
GPCR,pK,1562,8.301,8.597482
GPCR,pK,1563,6.996,6.837559
GPCR,pK,1564,6.499,7.530081
GPCR,pK,1565,7.444,7.115111
GPCR,pK,1566,5.1,5.826052
GPCR,pK,1567,7.959,7.8403764
GPCR,pK,1568,6.434,6.5202923
GPCR,pK,1569,7.328,7.3874826
GPCR,pK,1570,5.91,7.807785
GPCR,pK,1571,5.201,3.8557196
GPCR,pK,1572,6.799,7.1564775
GPCR,pK,1573,6.1,6.9583573
GPCR,pK,1574,5.292,6.6115117
GPCR,pK,1575,6.167,6.224139
GPCR,pK,1576,6.646,6.8707547
GPCR,pK,1577,8.051,8.273092
GPCR,pK,1578,7.208,6.4473414
GPCR,pK,1579,6.576,6.819361
GPCR,pK,1580,6.8,6.612883
GPCR,pK,1581,6.2,6.7044053
GPCR,pK,1582,6.7,7.1743474
GPCR,pK,1583,6.039,6.1861987
GPCR,pK,1584,5.9,6.182046
GPCR,pK,1585,7.5,7.4817038
GPCR,pK,1586,8.106,7.5589213
GPCR,pK,1587,8.053,7.845288
GPCR,pK,1588,7.664,7.680497
GPCR,pK,1589,7.4,7.0265307
GPCR,pK,1590,8.427,7.9673796
GPCR,pK,1591,7.31,7.0663037
GPCR,pK,1592,6.6,6.879518
GPCR,pK,1593,7.1,6.9570208
GPCR,pK,1594,7.12,6.335461
GPCR,pK,1595,5.936,5.933606
GPCR,pK,1596,6.041,6.128962
GPCR,pK,1597,7.456,6.446544
GPCR,pK,1598,8.382,7.671542
GPCR,pK,1599,6.391,7.200573
GPCR,pK,1600,7.489,8.001059
GPCR,pK,1601,6.589,6.900291
GPCR,pK,1602,5.66,6.463782
GPCR,pK,1603,8.125,7.8900356
GPCR,pK,1604,7.432,7.6219726
GPCR,pK,1605,8.119,7.8111763
GPCR,pK,1606,7.923,7.87873
GPCR,pK,1607,6.785,7.020413
GPCR,pK,1608,6.337,6.546974
GPCR,pK,1609,5.721,6.532764
GPCR,pK,1610,5.77,7.1847405
GPCR,pK,1611,7.167,7.6546063
GPCR,pK,1612,8.194,8.132891
GPCR,pK,1613,8.079,7.5963197
GPCR,pK,1614,6.663,6.966679
GPCR,pK,1615,8.8,8.152779
GPCR,pK,1616,7.6,7.644882
GPCR,pK,1617,6.434,6.681662
GPCR,pK,1618,6.203,6.6935387
GPCR,pK,1619,5.264,5.6353
GPCR,pK,1620,7.469,6.8796377
GPCR,pK,1621,8.26,9.456437
GPCR,pK,1622,7.481,7.599282
GPCR,pK,1623,9.31,9.866466
GPCR,pK,1624,9.745,9.472246
GPCR,pK,1625,6.043,5.7455144
GPCR,pK,1626,8.9,7.25583
GPCR,pK,1627,6.5,6.83684
GPCR,pK,1628,7.589,7.3903217
GPCR,pK,1629,5.75,5.9673867
GPCR,pK,1630,7.658,7.281006
GPCR,pK,1631,6.14,6.0428634
GPCR,pK,1632,6.81,6.9427705
GPCR,pK,1633,6.699,6.4569106
GPCR,pK,1634,6.456,6.465899
GPCR,pK,1635,8.538,7.6383114
GPCR,pK,1636,8.237,8.314593
GPCR,pK,1637,5.354,5.686148
GPCR,pK,1638,7.174,7.2034106
GPCR,pK,1639,7.367,7.2606153
GPCR,pK,1640,7.0,6.1119256
GPCR,pK,1641,5.541,5.726015
GPCR,pK,1642,5.19,5.708945
GPCR,pK,1643,6.983,7.594135
GPCR,pK,1644,8.119,7.7662206
GPCR,pK,1645,8.538,7.861216
GPCR,pK,1646,7.833,7.2564344
GPCR,pK,1647,7.408,7.25857
GPCR,pK,1648,9.092,8.893782
GPCR,pK,1649,6.244,6.3178735
GPCR,pK,1650,5.407,6.578152
GPCR,pK,1651,7.199,6.4831605
GPCR,pK,1652,6.31,7.0873375
GPCR,pK,1653,6.377,6.711758
GPCR,pK,1654,7.495,6.6313815
GPCR,pK,1655,8.824,8.601436
GPCR,pK,1656,7.553,8.169415
GPCR,pK,1657,8.747,8.081743
GPCR,pK,1658,4.932,4.7305937
GPCR,pK,1659,5.529,5.859092
GPCR,pK,1660,6.097,6.5150485
GPCR,pK,1661,6.187,6.0520396
GPCR,pK,1662,6.886,6.738594
GPCR,pK,1663,8.086,7.9645276
GPCR,pK,1664,7.742,7.724515
GPCR,pK,1665,6.208,6.2420564
GPCR,pK,1666,8.387,7.936336
GPCR,pK,1667,8.432,8.439843
GPCR,pK,1668,7.699,8.01182
GPCR,pK,1669,7.859,7.116589
GPCR,pK,1670,5.948,5.8029313
GPCR,pK,1671,6.062,6.0178113
GPCR,pK,1672,7.62,6.6747785
GPCR,pK,1673,5.648,6.1818213
GPCR,pK,1674,5.854,6.061938
GPCR,pK,1675,6.032,6.0493608
GPCR,pK,1676,5.339,5.3716655
GPCR,pK,1677,6.154,6.1681085
GPCR,pK,1678,6.278,5.766438
GPCR,pK,1679,6.625,6.5350027
GPCR,pK,1680,5.52,5.9197717
GPCR,pK,1681,7.697,7.053862
GPCR,pK,1682,6.71,6.347402
GPCR,pK,1683,6.379,5.461711
GPCR,pK,1684,6.764,6.2299843
GPCR,pK,1685,7.032,7.37155
GPCR,pK,1686,6.509,7.474841
GPCR,pK,1687,7.553,6.980524
GPCR,pK,1688,5.824,7.2665315
GPCR,pK,1689,7.886,6.69252
GPCR,pK,1690,5.55,6.6601553
GPCR,pK,1691,5.951,6.6106668
GPCR,pK,1692,8.223,7.4931436
GPCR,pK,1693,6.489,7.6982193
GPCR,pK,1694,4.848,6.732557
GPCR,pK,1695,7.733,7.428847
GPCR,pK,1696,6.983,6.9545417
GPCR,pK,1697,7.359,7.3351474
GPCR,pK,1698,6.857,7.7299848
GPCR,pK,1699,6.614,6.665245
GPCR,pK,1700,5.86,5.9563303
GPCR,pK,1701,5.321,5.2816463
GPCR,pK,1702,6.611,6.4852204
GPCR,pK,1703,7.62,7.6736903
GPCR,pK,1704,8.538,8.582948
GPCR,pK,1705,6.081,7.0808673
GPCR,pK,1706,7.889,7.284888
GPCR,pK,1707,8.142,7.4397693
GPCR,pK,1708,8.046,6.866731
GPCR,pK,1709,5.247,5.715684
GPCR,pK,1710,6.229,6.4384675
GPCR,pK,1711,5.384,5.654153
GPCR,pK,1712,5.597,5.950951
GPCR,pK,1713,4.142,4.521194
GPCR,pK,1714,6.706,7.032228
GPCR,pK,1715,7.569,6.899133
GPCR,pK,1716,8.194,7.840242
GPCR,pK,1717,5.326,5.622481
GPCR,pK,1718,5.233,5.3816376
GPCR,pK,1719,6.027,6.85671
GPCR,pK,1720,7.229,6.744669
GPCR,pK,1721,7.721,7.891391
GPCR,pK,1722,10.733,10.0151
GPCR,pK,1723,7.602,5.958447
GPCR,pK,1724,5.553,5.4492793
GPCR,pK,1725,9.443,10.002914
GPCR,pK,1726,10.0,9.829269
GPCR,pK,1727,8.201,7.836723
GPCR,pK,1728,6.492,6.585521
GPCR,pK,1729,7.42,6.911034
GPCR,pK,1730,9.08,9.2459
GPCR,pK,1731,6.067,7.0540085
GPCR,pK,1732,6.15,6.847897
GPCR,pK,1733,9.0,8.924887
GPCR,pK,1734,8.523,8.488044
GPCR,pK,1735,8.097,8.839474
GPCR,pK,1736,8.523,8.2695875
GPCR,pK,1737,8.77,9.107906
GPCR,pK,1738,8.854,8.664113
GPCR,pK,1739,8.523,8.510388
GPCR,pK,1740,8.699,8.886155
GPCR,pK,1741,6.48,6.203285
GPCR,pK,1742,5.854,5.952829
GPCR,pK,1743,7.114,7.109567
GPCR,pK,1744,5.585,5.386202
GPCR,pK,1745,7.772,8.327863
GPCR,pK,1746,6.699,6.265425
GPCR,pK,1747,5.158,4.586839
GPCR,pK,1748,6.252,6.833335
GPCR,pK,1749,8.018,7.2051005
GPCR,pK,1750,7.229,7.4197783
GPCR,pK,1751,6.569,5.546845
GPCR,pK,1752,6.197,6.268667
GPCR,pK,1753,4.447,4.4204206
GPCR,pK,1754,6.678,5.5011506
GPCR,pK,1755,6.252,6.7311587
GPCR,pK,1756,7.854,7.74481
GPCR,pK,1757,5.796,5.665464
GPCR,pK,1758,7.399,8.485183
GPCR,pK,1759,6.576,6.872439
GPCR,pK,1760,5.676,6.4858656
GPCR,pK,1761,5.619,5.780576
GPCR,pK,1762,9.041,8.78319
GPCR,pK,1763,5.914,6.044669
GPCR,pK,1764,8.215,6.647036
GPCR,pK,1765,5.378,5.754723
GPCR,pK,1766,9.0,7.8316064
GPCR,pK,1767,5.959,6.6904244
GPCR,pK,1768,6.252,6.2946553
GPCR,pK,1769,5.0,5.172182
GPCR,pK,1770,9.097,9.420968
GPCR,pK,1771,6.578,5.954596
GPCR,pK,1772,8.022,7.8134527
GPCR,pK,1773,8.284,7.7116594
GPCR,pK,1774,5.654,6.2086844
GPCR,pK,1775,7.038,6.435202
GPCR,pK,1776,7.252,7.6151814
GPCR,pK,1777,6.644,6.8316283
GPCR,pK,1778,5.409,5.7261133
GPCR,pK,1779,5.201,6.2426167
GPCR,pK,1780,8.046,8.714843
GPCR,pK,1781,5.959,5.540137
GPCR,pK,1782,8.102,8.716493
GPCR,pK,1783,8.328,8.92925
GPCR,pK,1784,8.301,8.13659
GPCR,pK,1785,5.311,5.4757257
GPCR,pK,1786,6.331,6.7208066
GPCR,pK,1787,5.469,5.0506473
GPCR,pK,1788,6.641,6.321509
GPCR,pK,1789,6.076,6.1186066
GPCR,pK,1790,6.01,6.168594
GPCR,pK,1791,6.788,7.402618
GPCR,pK,1792,7.521,7.17837
GPCR,pK,1793,9.143,7.4735055
GPCR,pK,1794,7.409,7.0916076
GPCR,pK,1795,6.337,5.505421
GPCR,pK,1796,9.509,9.383674
GPCR,pK,1797,9.172,8.451478
GPCR,pK,1798,7.06,6.8649697
GPCR,pK,1799,5.69,5.1517463
GPCR,pK,1800,5.67,5.89593
GPCR,pK,1801,8.553,8.853605
GPCR,pK,1802,8.469,7.5846605
GPCR,pK,1803,5.474,5.328568
GPCR,pK,1804,7.886,8.09377
GPCR,pK,1805,7.469,8.803605
GPCR,pK,1806,8.137,7.791968
GPCR,pK,1807,7.357,7.503338
GPCR,pK,1808,5.25,5.968247
GPCR,pK,1809,4.824,6.043609
GPCR,pK,1810,5.783,6.5680804
GPCR,pK,1811,7.728,7.099229
GPCR,pK,1812,9.094,8.309063
GPCR,pK,1813,6.921,7.0799046
GPCR,pK,1814,9.358,9.696309
GPCR,pK,1815,8.004,7.249367
GPCR,pK,1816,5.728,5.726198
GPCR,pK,1817,6.093,6.899457
GPCR,pK,1818,6.536,6.5594306
GPCR,pK,1819,6.735,6.5152125
GPCR,pK,1820,6.2,6.7773614
GPCR,pK,1821,6.532,6.40616
GPCR,pK,1822,6.79,6.981836
GPCR,pK,1823,6.678,6.782112
GPCR,pK,1824,6.483,6.830859
GPCR,pK,1825,7.432,7.4219584
GPCR,pK,1826,8.456,7.3508706
GPCR,pK,1827,7.347,7.873122
GPCR,pK,1828,6.936,7.1612415
GPCR,pK,1829,6.728,6.744328
GPCR,pK,1830,6.126,6.156845
GPCR,pK,1831,7.444,7.074722
GPCR,pK,1832,7.432,6.962749
GPCR,pK,1833,7.658,7.715757
GPCR,pK,1834,5.824,6.3091216
GPCR,pK,1835,6.481,6.8870134
GPCR,pK,1836,6.67,6.7924347
GPCR,pK,1837,7.648,7.3540506
GPCR,pK,1838,5.827,5.6501656
GPCR,pK,1839,6.167,6.7400174
GPCR,pK,1840,7.638,6.8362384
GPCR,pK,1841,6.168,5.3467126
GPCR,pK,1842,6.889,6.571243
GPCR,pK,1843,6.777,6.370892
GPCR,pK,1844,5.051,6.2859616
GPCR,pK,1845,8.77,8.092763
GPCR,pK,1846,8.87,8.697465
GPCR,pK,1847,7.633,8.030461
GPCR,pK,1848,8.271,7.825446
GPCR,pK,1849,6.444,6.3645897
GPCR,pK,1850,7.137,7.4170475
GPCR,pK,1851,7.62,7.2004848
GPCR,pK,1852,7.387,7.1333795
GPCR,pK,1853,6.284,6.5921783
GPCR,pK,1854,6.058,6.477754
GPCR,pK,1855,6.12,6.4265165
GPCR,pK,1856,8.187,7.5126247
GPCR,pK,1857,8.398,8.3789835
GPCR,pK,1858,6.697,7.580949
GPCR,pK,1859,7.027,7.0237746
GPCR,pK,1860,7.119,7.2758927
GPCR,pK,1861,5.971,6.200815
GPCR,pK,1862,8.301,8.126706
GPCR,pK,1863,8.278,7.9216394
GPCR,pK,1864,7.148,7.9528003
GPCR,pK,1865,8.923,8.7175455
GPCR,pK,1866,7.991,8.17362
GPCR,pK,1867,7.747,7.781426
GPCR,pK,1868,7.744,7.241059
GPCR,pK,1869,7.678,7.9475265
GPCR,pK,1870,7.991,7.7427144
GPCR,pK,1871,6.62,6.83667
GPCR,pK,1872,5.481,5.7869287
GPCR,pK,1873,5.036,5.7869296
GPCR,pK,1874,7.363,6.824495
GPCR,pK,1875,6.375,5.619166
GPCR,pK,1876,5.412,5.234932
GPCR,pK,1877,6.438,6.15713
GPCR,pK,1878,5.836,6.374416
GPCR,pK,1879,5.827,6.5638885
GPCR,pK,1880,6.496,6.2587075
GPCR,pK,1881,7.26,7.388312
GPCR,pK,1882,6.796,6.517877
GPCR,pK,1883,7.509,7.5658803
GPCR,pK,1884,8.328,8.700242
GPCR,pK,1885,8.102,8.269065
GPCR,pK,1886,8.0,7.951804
GPCR,pK,1887,7.886,8.5532055
GPCR,pK,1888,5.31,6.979436
GPCR,pK,1889,8.539,8.231891
GPCR,pK,1890,7.495,7.8615365
GPCR,pK,1891,8.056,7.6748047
GPCR,pK,1892,8.252,7.9197006
GPCR,pK,1893,8.292,7.5281386
GPCR,pK,1894,7.857,7.885692
GPCR,pK,1895,7.745,7.285236
GPCR,pK,1896,6.824,6.7265396
GPCR,pK,1897,5.784,6.5867553
GPCR,pK,1898,6.18,6.5370855
GPCR,pK,1899,8.2,7.3502884
GPCR,pK,1900,6.824,6.891018
GPCR,pK,1901,6.103,6.69188
GPCR,pK,1902,6.234,7.242127
GPCR,pK,1903,6.0,6.5455966
GPCR,pK,1904,5.509,5.7654996
GPCR,pK,1905,5.745,6.901407
GPCR,pK,1906,8.046,8.226097
GPCR,pK,1907,7.161,6.968494
GPCR,pK,1908,7.602,7.681185
GPCR,pK,1909,6.9,6.514169
GPCR,pK,1910,6.4,6.2944865
GPCR,pK,1911,6.699,7.1282125
GPCR,pK,1912,7.094,6.673789
GPCR,pK,1913,4.582,5.063053
GPCR,pK,1914,8.538,6.5169086
GPCR,pK,1915,8.02,7.8127546
GPCR,pK,1916,8.155,8.428494
GPCR,pK,1917,7.328,7.2782035
GPCR,pK,1918,7.152,7.311521
GPCR,pK,1919,8.071,8.333819
GPCR,pK,1920,6.154,5.8392053
GPCR,pK,1921,6.466,6.48784
GPCR,pK,1922,7.06,7.294346
GPCR,pK,1923,5.194,5.364288
GPCR,pK,1924,8.081,7.295284
GPCR,pK,1925,5.217,4.838171
GPCR,pK,1926,5.625,6.154308
GPCR,pK,1927,7.678,7.9129434
GPCR,pK,1928,5.727,6.2998843
GPCR,pK,1929,5.593,5.644374
GPCR,pK,1930,6.9,6.597956
GPCR,pK,1931,9.09,7.8699036
GPCR,pK,1932,8.6,8.290714
GPCR,pK,1933,7.75,8.068976
GPCR,pK,1934,8.92,7.4443192
GPCR,pK,1935,6.7,7.189715
GPCR,pK,1936,6.839,6.6132994
GPCR,pK,1937,7.76,7.454679
GPCR,pK,1938,9.41,8.885102
GPCR,pK,1939,7.16,6.888938
GPCR,pK,1940,7.27,7.6394277
GPCR,pK,1941,7.5,7.696097
GPCR,pK,1942,9.6,9.585208
GPCR,pK,1943,6.67,7.2960496
GPCR,pK,1944,7.878,8.849755
GPCR,pK,1945,8.49,8.933436
GPCR,pK,1946,7.328,8.274388
GPCR,pK,1947,7.357,8.355836
GPCR,pK,1948,8.229,8.065024
GPCR,pK,1949,7.066,8.219132
GPCR,pK,1950,7.921,7.7919164
GPCR,pK,1951,7.222,7.791916
GPCR,pK,1952,8.301,7.664313
GPCR,pK,1953,7.658,8.2269335
GPCR,pK,1954,8.174,7.5536904
GPCR,pK,1955,5.87,6.39245
GPCR,pK,1956,8.13,8.357976
GPCR,pK,1957,5.721,6.4682107
GPCR,pK,1958,7.08,7.9317756
GPCR,pK,1959,7.97,7.963527
GPCR,pK,1960,6.31,6.782213
GPCR,pK,1961,6.67,6.4724445
GPCR,pK,1962,6.31,6.659345
GPCR,pK,1963,6.592,6.830495
GPCR,pK,1964,6.83,5.8910956
GPCR,pK,1965,8.878,8.467261
GPCR,pK,1966,7.04,7.282157
GPCR,pK,1967,10.2,8.134764
GPCR,pK,1968,9.82,7.3364472
GPCR,pK,1969,7.066,8.110575
GPCR,pK,1970,7.208,9.077966
GPCR,pK,1971,8.824,7.8078656
GPCR,pK,1972,8.022,7.903498
GPCR,pK,1973,10.05,9.742734
GPCR,pK,1974,7.42,8.720777
GPCR,pK,1975,7.36,7.78861
GPCR,pK,1976,6.22,6.6635804
GPCR,pK,1977,6.538,6.7698092
GPCR,pK,1978,8.146,7.230326
GPCR,pK,1979,7.897,7.140846
GPCR,pK,1980,7.886,8.011375
GPCR,pK,1981,7.638,7.767299
GPCR,pK,1982,5.956,7.184951
GPCR,pK,1983,5.843,6.686073
GPCR,pK,1984,6.051,5.344232
GPCR,pK,1985,8.0,8.732662
GPCR,pK,1986,8.276,7.7129564
GPCR,pK,1987,8.62,8.743325
GPCR,pK,1988,7.155,7.905354
GPCR,pK,1989,7.432,7.29783
GPCR,pK,1990,8.032,7.3038406
GPCR,pK,1991,5.959,7.635904
GPCR,pK,1992,8.5,8.4822235
GPCR,pK,1993,7.996,8.565154
GPCR,pK,1994,8.054,7.8204894
GPCR,pK,1995,7.272,8.107322
GPCR,pK,1996,8.656,8.643351
GPCR,pK,1997,8.967,8.707612
GPCR,pK,1998,8.457,8.134868
GPCR,pK,1999,7.3,7.915381
GPCR,pK,2000,7.0,7.3443055
GPCR,pK,2001,6.5,7.0297523
GPCR,pK,2002,6.8,7.2607036
GPCR,pK,2003,6.237,5.938028
GPCR,pK,2004,7.0,6.2761316
GPCR,pK,2005,8.407,7.9127707
GPCR,pK,2006,6.6,5.9322186
GPCR,pK,2007,7.1,6.2532907
GPCR,pK,2008,9.523,9.449747
GPCR,pK,2009,8.886,8.014367
GPCR,pK,2010,7.469,7.3945174
GPCR,pK,2011,7.187,8.076099
GPCR,pK,2012,7.092,6.3379602
GPCR,pK,2013,7.703,6.639463
GPCR,pK,2014,7.337,6.6442776
GPCR,pK,2015,8.745,8.632537
GPCR,pK,2016,8.721,8.74771
GPCR,pK,2017,6.4,6.211225
GPCR,pK,2018,6.475,7.3113084
GPCR,pK,2019,5.7,5.9604917
GPCR,pK,2020,5.4,5.852432
GPCR,pK,2021,8.921,6.574826
GPCR,pK,2022,6.033,6.191606
GPCR,pK,2023,8.469,6.4223084
GPCR,pK,2024,7.237,6.2342677
GPCR,pK,2025,8.721,6.234268
GPCR,pK,2026,8.658,8.751288
GPCR,pK,2027,5.43,6.493627
GPCR,pK,2028,7.3,9.062364
GPCR,pK,2029,6.1,5.887713
GPCR,pK,2030,5.558,5.782379
GPCR,pK,2031,5.75,5.6332774
GPCR,pK,2032,5.616,5.9473987
GPCR,pK,2033,6.588,6.557112
GPCR,pK,2034,6.25,6.5607924
GPCR,pK,2035,7.3,6.926642
GPCR,pK,2036,7.327,7.61991
GPCR,pK,2037,5.481,4.6997013
GPCR,pK,2038,7.18,6.041489
GPCR,pK,2039,5.185,5.4851384
GPCR,pK,2040,8.456,8.548995
GPCR,pK,2041,6.292,6.4314766
GPCR,pK,2042,6.824,7.9823737
GPCR,pK,2043,8.585,8.781812
GPCR,pK,2044,6.158,6.347839
GPCR,pK,2045,8.674,7.6814156
GPCR,pK,2046,9.022,9.282995
GPCR,pK,2047,11.0,9.779622
GPCR,pK,2048,10.398,9.08939
GPCR,pK,2049,7.469,8.148283
GPCR,pK,2050,8.056,6.904016
GPCR,pK,2051,8.602,7.9095387
GPCR,pK,2052,6.5,7.5922437
GPCR,pK,2053,7.2,5.986366
GPCR,pK,2054,4.6,4.834121
GPCR,pK,2055,6.2,7.2470484
GPCR,pK,2056,6.9,6.6973224
GPCR,pK,2057,8.886,8.818345
GPCR,pK,2058,6.218,6.4507947
GPCR,pK,2059,8.187,8.227103
GPCR,pK,2060,7.77,7.20144
GPCR,pK,2061,6.959,7.795116
GPCR,pK,2062,8.456,8.4448395
GPCR,pK,2063,8.444,8.235414
GPCR,pK,2064,9.222,9.014462
GPCR,pK,2065,8.187,7.9936013
GPCR,pK,2066,6.627,6.607549
GPCR,pK,2067,7.051,6.678663
GPCR,pK,2068,8.93,8.3451605
GPCR,pK,2069,7.398,6.899641
GPCR,pK,2070,6.785,7.2596507
GPCR,pK,2071,6.0,7.7613587
GPCR,pK,2072,6.747,6.633635
GPCR,pK,2073,7.266,7.3526115
GPCR,pK,2074,6.432,7.685864
GPCR,pK,2075,6.854,6.775557
GPCR,pK,2076,7.699,7.21708
GPCR,pK,2077,6.495,6.9571886
GPCR,pK,2078,6.622,6.441609
GPCR,pK,2079,6.235,6.584721
GPCR,pK,2080,9.22,8.386069
GPCR,pK,2081,7.888,8.432564
GPCR,pK,2082,6.5,8.594233
GPCR,pK,2083,6.268,6.485047
GPCR,pK,2084,6.226,6.671285
GPCR,pK,2085,6.304,7.871536
GPCR,pK,2086,6.629,6.4245667
GPCR,pK,2087,8.125,7.969155
GPCR,pK,2088,9.194,8.559156
GPCR,pK,2089,7.344,7.3636947
GPCR,pK,2090,8.194,8.232936
GPCR,pK,2091,7.987,8.13246
GPCR,pK,2092,8.585,8.651209
GPCR,pK,2093,8.658,8.921066
GPCR,pK,2094,7.618,7.993485
GPCR,pK,2095,7.636,7.856946
GPCR,pK,2096,7.233,7.4321513
GPCR,pK,2097,7.943,7.7916293
GPCR,pK,2098,7.383,7.8644757
GPCR,pK,2099,7.697,8.448813
GPCR,pK,2100,7.446,7.4546685
GPCR,pK,2101,7.574,7.8180285
GPCR,pK,2102,7.537,8.085738
GPCR,pK,2103,7.712,7.720362
GPCR,pK,2104,7.936,7.829723
GPCR,pK,2105,7.596,7.5792346
GPCR,pK,2106,8.69,8.536761
GPCR,pK,2107,8.06,8.431507
GPCR,pK,2108,8.083,8.204745
GPCR,pK,2109,8.516,8.718005
GPCR,pK,2110,8.218,8.407728
GPCR,pK,2111,8.064,8.400462
GPCR,pK,2112,8.164,7.8095317
GPCR,pK,2113,8.057,8.3397255
GPCR,pK,2114,7.997,7.5634875
GPCR,pK,2115,8.22,8.14688
GPCR,pK,2116,8.658,8.735856
GPCR,pK,2117,8.046,8.357663
GPCR,pK,2118,8.387,8.505555
GPCR,pK,2119,7.943,7.6124473
GPCR,pK,2120,7.627,7.7508426
GPCR,pK,2121,7.447,7.53632
GPCR,pK,2122,6.87,7.780088
GPCR,pK,2123,7.51,7.9966345
GPCR,pK,2124,7.264,7.517243
GPCR,pK,2125,7.502,7.6599183
GPCR,pK,2126,7.78,7.774468
GPCR,pK,2127,7.593,7.931852
GPCR,pK,2128,8.11,8.330166
GPCR,pK,2129,8.329,8.173306
GPCR,pK,2130,7.459,7.811665
GPCR,pK,2131,7.344,7.5678678
GPCR,pK,2132,9.523,10.017356
GPCR,pK,2133,7.854,8.155296
GPCR,pK,2134,7.959,8.292398
GPCR,pK,2135,9.658,10.158229
GPCR,pK,2136,6.646,6.1135163
GPCR,pK,2137,6.423,6.41349
GPCR,pK,2138,6.638,6.2309594
GPCR,pK,2139,7.523,7.2545185
GPCR,pK,2140,6.519,7.439969
GPCR,pK,2141,6.59,5.930185
GPCR,pK,2142,5.898,6.1650147
GPCR,pK,2143,5.882,6.0471096
GPCR,pK,2144,6.075,5.7946544
GPCR,pK,2145,7.125,7.7592072
GPCR,pK,2146,6.09,6.086372
GPCR,pK,2147,6.204,6.2703857
GPCR,pK,2148,9.62,9.4794855
GPCR,pK,2149,9.469,8.887062
GPCR,pK,2150,9.495,8.393577
GPCR,pK,2151,6.054,7.61991
GPCR,pK,2152,6.42,6.304102
GPCR,pK,2153,9.06,9.168606
GPCR,pK,2154,9.022,9.543471
GPCR,pK,2155,7.959,7.9960117
GPCR,pK,2156,6.699,6.324985
GPCR,pK,2157,6.284,6.842204
GPCR,pK,2158,8.585,8.627892
GPCR,pK,2159,7.0,7.016487
GPCR,pK,2160,5.638,6.1610327
GPCR,pK,2161,5.741,6.2913694
GPCR,pK,2162,6.19,6.457516
GPCR,pK,2163,6.177,6.771502
GPCR,pK,2164,5.538,5.4905553
GPCR,pK,2165,5.959,7.0127006
GPCR,pK,2166,5.194,4.841143
GPCR,pK,2167,6.747,6.1835318
GPCR,pK,2168,8.252,7.403988
GPCR,pK,2169,6.55,6.2312765
GPCR,pK,2170,6.348,6.518144
GPCR,pK,2171,6.101,5.7257733
GPCR,pK,2172,6.8,6.7615266
GPCR,pK,2173,5.409,5.354452
GPCR,pK,2174,6.611,6.2562604
GPCR,pK,2175,6.799,6.6343646
GPCR,pK,2176,5.675,6.904381
GPCR,pK,2177,8.155,8.125883
GPCR,pK,2178,7.745,7.897821
GPCR,pK,2179,7.387,7.28116
GPCR,pK,2180,8.046,7.7642045
GPCR,pK,2181,6.284,7.6353188
GPCR,pK,2182,5.957,6.7297096
GPCR,pK,2183,9.886,9.530602
GPCR,pK,2184,6.595,5.9349256
GPCR,pK,2185,6.442,6.449798
GPCR,pK,2186,7.66,7.181068
GPCR,pK,2187,9.167,7.8272595
GPCR,pK,2188,7.022,6.8652415
GPCR,pK,2189,5.88,7.271626
GPCR,pK,2190,9.854,8.908222
GPCR,pK,2191,8.62,7.9157195
GPCR,pK,2192,5.703,5.4637804
GPCR,pK,2193,6.388,7.0104365
GPCR,pK,2194,6.851,7.2072873
GPCR,pK,2195,7.036,7.751145
GPCR,pK,2196,9.5,9.726107
GPCR,pK,2197,9.6,9.401311
GPCR,pK,2198,9.6,9.605782
GPCR,pK,2199,9.5,9.659224
GPCR,pK,2200,6.069,6.6482205
GPCR,pK,2201,7.337,6.2442493
GPCR,pK,2202,9.3,8.7777815
GPCR,pK,2203,6.077,6.4321184
GPCR,pK,2204,7.276,7.3010054
GPCR,pK,2205,8.125,6.913387
GPCR,pK,2206,9.481,8.13848
GPCR,pK,2207,5.33,5.74991
GPCR,pK,2208,5.229,5.524085
GPCR,pK,2209,7.337,6.2575088
GPCR,pK,2210,5.848,5.0949254
GPCR,pK,2211,7.658,7.619276
GPCR,pK,2212,5.969,6.048515
GPCR,pK,2213,6.5,7.054358
GPCR,pK,2214,6.7,7.6607633
GPCR,pK,2215,7.0,7.290646
GPCR,pK,2216,6.0,5.803607
GPCR,pK,2217,6.1,6.312219
GPCR,pK,2218,7.31,7.181534
GPCR,pK,2219,8.77,8.952424
GPCR,pK,2220,7.06,8.322047
GPCR,pK,2221,6.609,5.994413
GPCR,pK,2222,6.236,6.3518496
GPCR,pK,2223,9.2,8.789339
GPCR,pK,2224,7.081,7.55029
GPCR,pK,2225,8.8,8.676595
GPCR,pK,2226,7.5,8.790856
GPCR,pK,2227,8.26,6.6171165
GPCR,pK,2228,8.2,7.2707667
GPCR,pK,2229,7.108,7.0559936
GPCR,pK,2230,5.732,5.8943734
GPCR,pK,2231,5.427,6.337625
GPCR,pK,2232,5.696,6.000874
GPCR,pK,2233,5.384,5.463636
GPCR,pK,2234,5.614,5.78332
GPCR,pK,2235,7.757,7.2938714
GPCR,pK,2236,7.798,7.7076735
GPCR,pK,2237,8.0,7.9269166
GPCR,pK,2238,8.658,7.293871
GPCR,pK,2239,5.633,6.148686
GPCR,pK,2240,6.372,6.6514053
GPCR,pK,2241,7.9,7.271131
GPCR,pK,2242,7.101,7.457746
GPCR,pK,2243,5.92,5.7618403
GPCR,pK,2244,6.9,7.8564377
GPCR,pK,2245,7.979,6.7002087
GPCR,pK,2246,6.406,6.609693
GPCR,pK,2247,8.6,8.5423
GPCR,pK,2248,7.367,6.88169
GPCR,pK,2249,7.108,6.9316425
GPCR,pK,2250,6.387,7.1013737
GPCR,pK,2251,5.553,4.9997163
GPCR,pK,2252,5.405,5.9700427
GPCR,pK,2253,6.91,6.12604
GPCR,pK,2254,6.337,6.476367
GPCR,pK,2255,7.638,7.457002
GPCR,pK,2256,7.585,7.6216216
GPCR,pK,2257,8.497,8.688964
GPCR,pK,2258,4.9,4.880978
GPCR,pK,2259,7.222,6.76007
GPCR,pK,2260,6.824,6.4987407
GPCR,pK,2261,5.301,5.864045
GPCR,pK,2262,6.959,6.674867
GPCR,pK,2263,6.22,6.691766
GPCR,pK,2264,6.32,6.518431
GPCR,pK,2265,5.84,5.9897933
GPCR,pK,2266,6.097,7.869756
GPCR,pK,2267,7.167,7.2650585
GPCR,pK,2268,8.398,7.381684
GPCR,pK,2269,6.699,7.331584
GPCR,pK,2270,6.298,6.9804063
GPCR,pK,2271,6.273,6.9136643
GPCR,pK,2272,7.18,7.3334727
GPCR,pK,2273,7.76,7.680894
GPCR,pK,2274,8.854,8.547469
GPCR,pK,2275,7.678,8.446687
GPCR,pK,2276,6.4,7.237541
GPCR,pK,2277,6.618,5.9526587
GPCR,pK,2278,6.987,6.545483
GPCR,pK,2279,6.137,7.037111
GPCR,pK,2280,5.818,5.7372956
GPCR,pK,2281,6.231,6.0581107
GPCR,pK,2282,8.399,8.758211
GPCR,pK,2283,5.722,6.466112
GPCR,pK,2284,7.114,6.4239426
GPCR,pK,2285,7.167,7.601931
GPCR,pK,2286,6.754,6.5904326
GPCR,pK,2287,6.526,6.697805
GPCR,pK,2288,6.203,7.457747
GPCR,pK,2289,6.699,7.104208
GPCR,pK,2290,5.071,5.5728126
GPCR,pK,2291,6.921,6.8784833
GPCR,pK,2292,6.38,6.4199843
GPCR,pK,2293,7.658,6.9053187
GPCR,pK,2294,6.25,6.3802977
GPCR,pK,2295,8.2,8.348338
GPCR,pK,2296,5.77,5.35502
GPCR,pK,2297,6.529,6.6977544
GPCR,pK,2298,8.7,8.963666
GPCR,pK,2299,5.795,6.5918407
GPCR,pK,2300,7.215,6.5365815
GPCR,pK,2301,6.04,6.064712
GPCR,pK,2302,6.81,6.9300613
GPCR,pK,2303,6.055,6.3907304
GPCR,pK,2304,5.921,7.718364
GPCR,pK,2305,7.144,6.4626956
GPCR,pK,2306,6.629,7.0984063
GPCR,pK,2307,5.0,5.090433
GPCR,pK,2308,8.222,7.8042703
GPCR,pK,2309,7.071,5.06739
GPCR,pK,2310,5.387,4.9506307
GPCR,pK,2311,6.662,7.303226
GPCR,pK,2312,7.0,7.312075
GPCR,pK,2313,5.713,5.575602
GPCR,pK,2314,8.538,7.5040812
GPCR,pK,2315,8.824,8.413856
GPCR,pK,2316,7.8,7.583079
GPCR,pK,2317,8.7,7.554724
GPCR,pK,2318,8.4,7.4877043
GPCR,pK,2319,7.4,7.3021007
GPCR,pK,2320,7.2,7.2509155
GPCR,pK,2321,8.495,8.934362
GPCR,pK,2322,7.623,5.923259
GPCR,pK,2323,5.762,6.0068545
GPCR,pK,2324,8.824,7.494245
GPCR,pK,2325,7.854,7.7022476
GPCR,pK,2326,6.154,6.754251
GPCR,pK,2327,6.027,6.4885883
GPCR,pK,2328,6.471,7.551046
GPCR,pK,2329,6.91,7.2819266
GPCR,pK,2330,7.77,7.614486
GPCR,pK,2331,6.447,6.6950397
GPCR,pK,2332,4.375,4.7622476
GPCR,pK,2333,5.547,5.8242736
GPCR,pK,2334,6.398,7.189735
GPCR,pK,2335,6.509,7.050668
GPCR,pK,2336,7.114,7.267843
GPCR,pK,2337,6.523,6.5917788
GPCR,pK,2338,5.796,7.399056
GPCR,pK,2339,7.921,7.636783
GPCR,pK,2340,5.407,5.0831823
GPCR,pK,2341,6.361,6.50817
GPCR,pK,2342,7.167,6.5859113
GPCR,pK,2343,9.174,9.477194
GPCR,pK,2344,8.301,7.6477575
GPCR,pK,2345,4.387,6.3524623
GPCR,pK,2346,6.458,7.2340045
GPCR,pK,2347,7.085,6.6926284
GPCR,pK,2348,7.186,6.7644367
GPCR,pK,2349,7.186,6.9035616
GPCR,pK,2350,6.146,6.6365647
GPCR,pK,2351,5.945,5.738278
GPCR,pK,2352,5.959,6.3451824
GPCR,pK,2353,6.506,6.789935
GPCR,pK,2354,7.699,7.9880514
GPCR,pK,2355,5.854,5.8994584
GPCR,pK,2356,5.315,6.1649384
GPCR,pK,2357,5.967,5.897448
GPCR,pK,2358,5.775,5.8368344
GPCR,pK,2359,9.42,9.432517
GPCR,pK,2360,4.998,5.123554
GPCR,pK,2361,5.455,5.534125
GPCR,pK,2362,5.745,5.569801
GPCR,pK,2363,6.45,6.648297
GPCR,pK,2364,7.481,7.661933
GPCR,pK,2365,7.071,7.165607
GPCR,pK,2366,6.201,5.5926375
GPCR,pK,2367,5.341,5.8174133
GPCR,pK,2368,8.032,7.948968
GPCR,pK,2369,6.4,5.0531187
GPCR,pK,2370,7.12,7.1555963
GPCR,pK,2371,7.678,7.9330463
GPCR,pK,2372,7.319,6.832014
GPCR,pK,2373,6.554,7.032709
GPCR,pK,2374,5.337,7.4602313
GPCR,pK,2375,6.267,6.329451
GPCR,pK,2376,8.253,8.480856
GPCR,pK,2377,8.788,9.314076
GPCR,pK,2378,7.569,7.844353
GPCR,pK,2379,5.878,6.210483
GPCR,pK,2380,6.197,6.0026364
GPCR,pK,2381,5.38,5.7274995
GPCR,pK,2382,7.261,6.5217614
GPCR,pK,2383,7.114,7.33943
GPCR,pK,2384,7.155,7.6971407
GPCR,pK,2385,6.194,5.8660827
GPCR,pK,2386,6.215,6.035483
GPCR,pK,2387,5.796,6.0085506
GPCR,pK,2388,5.495,5.379109
GPCR,pK,2389,6.77,6.923226
GPCR,pK,2390,6.194,6.7338758
GPCR,pK,2391,5.839,5.2570424
GPCR,pK,2392,6.025,6.3799543
GPCR,pK,2393,5.91,5.8284597
GPCR,pK,2394,6.188,6.3434663
GPCR,pK,2395,7.155,6.7696624
GPCR,pK,2396,6.488,6.4990754
GPCR,pK,2397,6.0,5.988955
GPCR,pK,2398,6.15,6.574409
GPCR,pK,2399,6.475,6.2142606
GPCR,pK,2400,8.26,7.531113
GPCR,pK,2401,7.556,7.0980535
GPCR,pK,2402,9.26,9.39277
GPCR,pK,2403,6.963,7.788837
GPCR,pK,2404,7.411,7.4806595
GPCR,pK,2405,5.91,5.4740014
GPCR,pK,2406,6.721,6.5419197
GPCR,pK,2407,6.141,7.656512
GPCR,pK,2408,6.398,5.685497
GPCR,pK,2409,6.335,6.4472837
GPCR,pK,2410,5.658,5.732207
GPCR,pK,2411,7.358,7.549895
GPCR,pK,2412,6.889,6.8070145
GPCR,pK,2413,7.606,6.967321
GPCR,pK,2414,6.509,6.550058
GPCR,pK,2415,6.105,5.576736
GPCR,pK,2416,6.417,5.6252675
GPCR,pK,2417,4.97,5.02812
GPCR,pK,2418,7.85,6.85438
GPCR,pK,2419,7.75,6.122809
GPCR,pK,2420,10.0,7.605765
GPCR,pK,2421,6.253,7.015213
GPCR,pK,2422,6.792,6.1845107
GPCR,pK,2423,5.377,5.897469
GPCR,pK,2424,5.69,5.816271
GPCR,pK,2425,6.569,6.5784936
GPCR,pK,2426,6.235,5.632847
GPCR,pK,2427,5.199,4.9395585
GPCR,pK,2428,6.37,6.070877
GPCR,pK,2429,6.52,7.186291
GPCR,pK,2430,6.061,6.8323493
GPCR,pK,2431,8.194,7.620875
GPCR,pK,2432,8.538,8.113166
GPCR,pK,2433,6.149,6.6196713
GPCR,pK,2434,5.263,6.1424823
GPCR,pK,2435,5.395,6.2774844
GPCR,pK,2436,5.818,5.365941
GPCR,pK,2437,7.77,7.1296024
GPCR,pK,2438,6.282,5.6590314
GPCR,pK,2439,6.201,6.1517353
GPCR,pK,2440,6.963,7.173948
GPCR,pK,2441,6.161,6.34233
GPCR,pK,2442,5.79,8.273711
GPCR,pK,2443,5.131,5.0677543
GPCR,pK,2444,5.015,4.7815323
GPCR,pK,2445,4.527,4.7523904
GPCR,pK,2446,8.876,7.778312
GPCR,pK,2447,8.921,7.844831
GPCR,pK,2448,8.097,7.976463
GPCR,pK,2449,6.076,5.850677
GPCR,pK,2450,5.519,5.505181
GPCR,pK,2451,5.524,5.974374
GPCR,pK,2452,5.932,5.57177
GPCR,pK,2453,5.652,6.0963936
GPCR,pK,2454,6.433,6.199102
GPCR,pK,2455,5.873,6.197474
GPCR,pK,2456,5.907,6.218675
GPCR,pK,2457,6.149,6.3792014
GPCR,pK,2458,6.14,6.3133607
GPCR,pK,2459,5.528,5.624432
GPCR,pK,2460,5.996,6.22588
GPCR,pK,2461,7.854,6.7597184
GPCR,pK,2462,8.284,8.331056
GPCR,pK,2463,6.502,5.4669642
GPCR,pK,2464,6.369,5.933596
GPCR,pK,2465,6.529,6.3262553
GPCR,pK,2466,6.499,6.90665
GPCR,pK,2467,5.939,6.325528
GPCR,pK,2468,6.031,6.4431148
GPCR,pK,2469,7.341,6.892234
GPCR,pK,2470,7.194,7.3535304
GPCR,pK,2471,5.59,5.4679894
GPCR,pK,2472,6.248,6.009099
GPCR,pK,2473,7.066,6.1207504
GPCR,pK,2474,7.888,8.493915
GPCR,pK,2475,4.991,4.6741548
GPCR,pK,2476,5.602,5.3749404
GPCR,pK,2477,9.138,9.327298
GPCR,pK,2478,9.365,9.258708
GPCR,pK,2479,7.125,6.915088
GPCR,pK,2480,6.41,6.374194
GPCR,pK,2481,6.996,7.18074
GPCR,pK,2482,6.456,6.336809
GPCR,pK,2483,6.455,6.7143354
GPCR,pK,2484,6.487,6.4212675
GPCR,pK,2485,5.215,6.3555098
GPCR,pK,2486,6.757,6.716515
GPCR,pK,2487,7.852,6.8693814
GPCR,pK,2488,6.149,6.0315375
GPCR,pK,2489,8.638,7.6970973
GPCR,pK,2490,7.62,7.550833
GPCR,pK,2491,7.824,7.6496167
GPCR,pK,2492,7.377,6.3753123
GPCR,pK,2493,7.399,7.973191
GPCR,pK,2494,5.523,5.332523
GPCR,pK,2495,7.96,7.2408843
GPCR,pK,2496,5.633,5.7143683
GPCR,pK,2497,5.712,5.4646587
GPCR,pK,2498,5.903,6.161719
GPCR,pK,2499,7.194,6.2822995
GPCR,pK,2500,4.613,5.504541
GPCR,pK,2501,6.461,7.3373294
GPCR,pK,2502,7.268,6.989527
GPCR,pK,2503,8.155,8.204293
GPCR,pK,2504,6.145,6.346062
GPCR,pK,2505,8.387,8.267779
GPCR,pK,2506,6.951,7.172853
GPCR,pK,2507,8.131,8.199891
GPCR,pK,2508,7.827,8.403934
GPCR,pK,2509,5.686,5.687741
GPCR,pK,2510,8.076,8.597973
GPCR,pK,2511,7.495,7.6033463
GPCR,pK,2512,6.578,6.929134
GPCR,pK,2513,6.526,7.035237
GPCR,pK,2514,5.022,4.9582076
GPCR,pK,2515,7.921,8.758946
GPCR,pK,2516,6.66,6.6683836
GPCR,pK,2517,5.42,5.3721833
GPCR,pK,2518,7.252,6.78827
GPCR,pK,2519,7.301,6.739722
GPCR,pK,2520,6.577,6.226195
GPCR,pK,2521,5.854,6.6505904
GPCR,pK,2522,7.495,7.8805985
GPCR,pK,2523,7.347,7.2814837
GPCR,pK,2524,6.46,6.153548
GPCR,pK,2525,6.921,7.4623456
GPCR,pK,2526,5.686,6.749252
GPCR,pK,2527,6.635,6.052895
GPCR,pK,2528,6.367,6.2485566
GPCR,pK,2529,6.174,6.2899294
GPCR,pK,2530,9.115,9.197787
GPCR,pK,2531,5.66,5.5783696
GPCR,pK,2532,6.301,5.888034
GPCR,pK,2533,5.239,5.6183147
GPCR,pK,2534,8.256,7.4620852
GPCR,pK,2535,9.359,9.605942
GPCR,pK,2536,6.607,6.862637
GPCR,pK,2537,7.078,6.8418517
GPCR,pK,2538,7.149,6.4156747
GPCR,pK,2539,5.347,7.152584
GPCR,pK,2540,7.592,7.8042216
GPCR,pK,2541,6.752,7.3349743
GPCR,pK,2542,7.357,8.203296
GPCR,pK,2543,8.567,9.087194
GPCR,pK,2544,7.969,6.83347
GPCR,pK,2545,5.459,5.713285
GPCR,pK,2546,7.735,7.9884753
GPCR,pK,2547,6.917,6.9003673
GPCR,pK,2548,5.574,6.141582
GPCR,pK,2549,6.854,6.5092444
GPCR,pK,2550,6.597,6.738544
GPCR,pK,2551,7.745,8.0053425
GPCR,pK,2552,8.553,8.64661
GPCR,pK,2553,7.328,7.946777
GPCR,pK,2554,6.316,6.6700478
GPCR,pK,2555,6.146,5.885262
GPCR,pK,2556,5.119,5.8769555
GPCR,pK,2557,5.523,5.204784
GPCR,pK,2558,7.467,6.624674
GPCR,pK,2559,5.206,5.3301334
GPCR,pK,2560,6.208,6.0064445
GPCR,pK,2561,6.496,6.9077306
GPCR,pK,2562,6.081,5.717944
GPCR,pK,2563,7.4,7.409529
GPCR,pK,2564,5.984,5.8606005
GPCR,pK,2565,5.378,6.1978545
GPCR,pK,2566,8.839,9.231577
GPCR,pK,2567,6.7,7.7478957
GPCR,pK,2568,6.932,6.8701963
GPCR,pK,2569,6.049,5.955953
GPCR,pK,2570,7.921,7.3229914
GPCR,pK,2571,8.807,9.243609
GPCR,pK,2572,5.65,5.949057
GPCR,pK,2573,5.218,6.741415
GPCR,pK,2574,8.143,6.8403215
GPCR,pK,2575,7.469,7.8216434
GPCR,pK,2576,5.678,6.019648
GPCR,pK,2577,6.066,5.844007
GPCR,pK,2578,5.624,6.87594
GPCR,pK,2579,4.538,4.172228
GPCR,pK,2580,7.108,7.1468596
GPCR,pK,2581,6.257,6.481863
GPCR,pK,2582,5.845,5.5961146
GPCR,pK,2583,5.658,6.1175857
GPCR,pK,2584,5.893,5.595196
GPCR,pK,2585,6.599,6.220533
GPCR,pK,2586,5.066,5.1066895
GPCR,pK,2587,6.102,5.987199
GPCR,pK,2588,5.632,5.5700355
GPCR,pK,2589,6.907,7.072998
GPCR,pK,2590,6.883,6.7718167
GPCR,pK,2591,6.317,6.012049
GPCR,pK,2592,6.585,6.062766
GPCR,pK,2593,6.29,5.9213376
GPCR,pK,2594,7.24,7.069775
GPCR,pK,2595,6.115,5.9710917
GPCR,pK,2596,6.336,6.5982146
GPCR,pK,2597,6.796,6.762459
GPCR,pK,2598,6.389,6.5693746
GPCR,pK,2599,7.081,6.8815846
GPCR,pK,2600,6.232,6.30281
GPCR,pK,2601,8.033,7.690428
GPCR,pK,2602,6.928,6.907717
GPCR,pK,2603,6.43,6.401775
GPCR,pK,2604,5.906,6.6033063
GPCR,pK,2605,7.387,7.2218604
GPCR,pK,2606,7.111,7.234471
GPCR,pK,2607,6.137,6.6997447
GPCR,pK,2608,6.686,6.3840647
GPCR,pK,2609,5.197,5.237903
GPCR,pK,2610,7.602,6.615687
GPCR,pK,2611,4.009,3.6166048
GPCR,pK,2612,8.678,9.115219
GPCR,pK,2613,7.222,8.525355
GPCR,pK,2614,6.348,6.4811416
GPCR,pK,2615,8.56,8.203395
GPCR,pK,2616,9.58,8.132675
GPCR,pK,2617,7.57,8.804391
GPCR,pK,2618,8.0,7.7964215
GPCR,pK,2619,8.378,8.839052
GPCR,pK,2620,8.319,7.701695
GPCR,pK,2621,6.01,6.3010964
GPCR,pK,2622,9.438,9.197166
GPCR,pK,2623,8.59,8.765382
GPCR,pK,2624,7.23,7.2173333
GPCR,pK,2625,7.72,7.833534
GPCR,pK,2626,7.5,6.9873977
GPCR,pK,2627,6.6,6.601679
GPCR,pK,2628,7.2,7.0173006
GPCR,pK,2629,6.3,6.6579037
GPCR,pK,2630,6.9,6.8299937
GPCR,pK,2631,9.54,8.774011
GPCR,pK,2632,7.55,7.188229
GPCR,pK,2633,7.68,7.806385
GPCR,pK,2634,5.602,6.7858586
GPCR,pK,2635,7.398,8.096014
GPCR,pK,2636,7.699,7.989861
GPCR,pK,2637,7.27,7.074493
GPCR,pK,2638,8.85,9.345703
GPCR,pK,2639,7.9,8.020477
GPCR,pK,2640,6.4,6.6221156
GPCR,pK,2641,7.5,8.03492
GPCR,pK,2642,7.06,7.712995
GPCR,pK,2643,7.27,7.3255506
GPCR,pK,2644,10.301,10.239369
GPCR,pK,2645,6.65,6.6947494
GPCR,pK,2646,8.827,9.077292
GPCR,pK,2647,7.91,8.092246
GPCR,pK,2648,8.347,8.624155
GPCR,pK,2649,8.319,8.299753
GPCR,pK,2650,8.155,7.9961605
GPCR,pK,2651,7.42,8.113586
GPCR,pK,2652,7.796,7.842101
GPCR,pK,2653,7.638,7.8421006
GPCR,pK,2654,8.222,7.913524
GPCR,pK,2655,8.125,8.290067
GPCR,pK,2656,7.638,7.7237062
GPCR,pK,2657,6.36,7.084502
GPCR,pK,2658,5.996,6.7680087
GPCR,pK,2659,7.59,7.5420117
GPCR,pK,2660,8.926,9.753957
GPCR,pK,2661,8.039,7.40294
GPCR,pK,2662,7.036,7.8772025
GPCR,pK,2663,7.171,8.078038
GPCR,pK,2664,7.361,7.388206
GPCR,pK,2665,7.456,8.679746
GPCR,pK,2666,6.824,7.281158
GPCR,pK,2667,7.5,8.146779
GPCR,pK,2668,8.34,8.244159
GPCR,pK,2669,6.87,7.296225
GPCR,pK,2670,7.161,6.876249
GPCR,pK,2671,6.95,7.2283583
GPCR,pK,2672,9.23,8.092246
GPCR,pK,2673,8.721,8.750766
GPCR,pK,2674,7.18,6.7566447
GPCR,pK,2675,4.469,6.8122344
GPCR,pK,2676,8.95,7.9589934
GPCR,pK,2677,9.745,10.036437
GPCR,pK,2678,7.27,6.870853
GPCR,pK,2679,8.73,7.8507743
GPCR,pK,2680,8.04,7.146115
GPCR,pK,2681,7.699,8.192883
GPCR,pK,2682,7.824,7.7129645
GPCR,pK,2683,5.921,7.1885896
GPCR,pK,2684,6.439,6.683284
GPCR,pK,2685,10.3,10.409473
GPCR,pK,2686,7.553,8.583795
GPCR,pK,2687,8.0,8.360981
GPCR,pK,2688,7.883,7.841272
GPCR,pK,2689,6.7,6.8203278
GPCR,pK,2690,7.959,7.890081
GPCR,pK,2691,8.011,7.306022
GPCR,pK,2692,6.392,6.4036255
GPCR,pK,2693,6.999,6.8686104
GPCR,pK,2694,8.844,8.000752
GPCR,pK,2695,7.49,7.7790303
GPCR,pK,2696,6.658,8.037437
GPCR,pK,2697,7.745,7.935389
GPCR,pK,2698,7.398,7.9109116
GPCR,pK,2699,5.887,6.5224576
GPCR,pK,2700,6.527,8.117411
GPCR,pK,2701,8.076,8.090881
GPCR,pK,2702,9.886,9.88874
GPCR,pK,2703,5.55,5.166967
GPCR,pK,2704,8.523,7.410648
GPCR,pK,2705,9.854,9.316629
GPCR,pK,2706,7.377,7.363225
GPCR,pK,2707,5.35,5.3266473
GPCR,pK,2708,4.416,6.5402074
GPCR,pK,2709,8.076,8.680791
GPCR,pK,2710,8.032,8.338235
GPCR,pK,2711,7.77,7.777801
GPCR,pK,2712,8.907,8.294489
GPCR,pK,2713,7.194,7.301687
GPCR,pK,2714,6.5,7.803411
GPCR,pK,2715,7.2,7.4197354
GPCR,pK,2716,7.0,7.43424
GPCR,pK,2717,8.0,7.5639052
GPCR,pK,2718,7.8,7.782205
GPCR,pK,2719,9.801,9.280218
GPCR,pK,2720,9.5,9.828577
GPCR,pK,2721,8.801,8.520272
GPCR,pK,2722,7.8,7.675778
GPCR,pK,2723,6.67,6.5951076
GPCR,pK,2724,5.38,5.5221963
GPCR,pK,2725,5.132,5.341664
GPCR,pK,2726,7.168,7.513764
GPCR,pK,2727,6.293,6.4312024
GPCR,pK,2728,6.728,6.18987
GPCR,pK,2729,7.284,7.1258683
GPCR,pK,2730,9.48,9.335154
GPCR,pK,2731,8.89,9.204242
GPCR,pK,2732,7.76,7.9575977
GPCR,pK,2733,7.5,7.583221
GPCR,pK,2734,7.0,6.9902396
GPCR,pK,2735,7.1,8.139467
GPCR,pK,2736,7.5,6.8849673
GPCR,pK,2737,7.3,7.767712
GPCR,pK,2738,7.3,7.762805
GPCR,pK,2739,7.328,5.5323596
GPCR,pK,2740,7.2,7.000165
GPCR,pK,2741,8.4,8.260492
GPCR,pK,2742,6.5,6.477165
GPCR,pK,2743,9.5,8.598924
GPCR,pK,2744,7.7,8.287425
GPCR,pK,2745,6.569,6.6589723
GPCR,pK,2746,5.848,6.1064496
GPCR,pK,2747,6.507,7.6863794
GPCR,pK,2748,7.201,6.9457035
GPCR,pK,2749,6.0,6.388937
GPCR,pK,2750,6.301,7.045733
GPCR,pK,2751,5.824,7.022618
GPCR,pK,2752,5.382,5.37339
GPCR,pK,2753,6.01,5.6457276
GPCR,pK,2754,6.356,6.1483107
GPCR,pK,2755,6.1,6.105326
GPCR,pK,2756,5.6,5.788902
GPCR,pK,2757,5.38,5.9479365
GPCR,pK,2758,5.102,4.940287
GPCR,pK,2759,7.893,7.8786807
GPCR,pK,2760,5.8,5.7450027
GPCR,pK,2761,6.492,6.414781
GPCR,pK,2762,5.974,7.119491
GPCR,pK,2763,6.226,6.5863123
GPCR,pK,2764,6.144,6.8061366
GPCR,pK,2765,6.409,7.6647487
GPCR,pK,2766,6.0,6.7098546
GPCR,pK,2767,9.0,7.454823
GPCR,pK,2768,8.347,7.967871
GPCR,pK,2769,9.222,9.473539
GPCR,pK,2770,7.124,8.020586
GPCR,pK,2771,8.824,9.272748
GPCR,pK,2772,7.319,8.196477
GPCR,pK,2773,7.51,6.914331
GPCR,pK,2774,6.721,6.8654637
GPCR,pK,2775,6.86,6.984821
GPCR,pK,2776,6.314,6.508944
GPCR,pK,2777,8.17,7.5488477
GPCR,pK,2778,7.74,7.3444433
GPCR,pK,2779,7.0,7.319017
GPCR,pK,2780,7.78,7.826902
GPCR,pK,2781,8.041,8.294927
GPCR,pK,2782,7.7,7.235541
GPCR,pK,2783,7.399,7.3211846
GPCR,pK,2784,7.17,7.5537257
GPCR,pK,2785,7.5,7.0160685
GPCR,pK,2786,6.4,6.638382
GPCR,pK,2787,7.1,7.019319
GPCR,pK,2788,6.0,6.2951617
GPCR,pK,2789,7.1,6.938539
GPCR,pK,2790,9.51,8.729018
GPCR,pK,2791,6.9,6.7879786
GPCR,pK,2792,6.68,7.319999
GPCR,pK,2793,6.91,7.2413926
GPCR,pK,2794,9.25,8.722325
GPCR,pK,2795,7.6,8.0491705
GPCR,pK,2796,6.6,6.900085
GPCR,pK,2797,7.4,7.933964
GPCR,pK,2798,6.73,7.099425
GPCR,pK,2799,7.04,7.451821
GPCR,pK,2800,6.516,6.9231825
GPCR,pK,2801,6.104,6.738048
GPCR,pK,2802,6.583,6.679539
GPCR,pK,2803,6.52,6.9179134
GPCR,pK,2804,6.161,6.3622394
GPCR,pK,2805,6.194,6.36224
GPCR,pK,2806,6.79,6.3369126
GPCR,pK,2807,6.407,6.693526
GPCR,pK,2808,6.963,6.4075875
GPCR,pK,2809,5.72,6.3470397
GPCR,pK,2810,8.86,8.993145
GPCR,pK,2811,5.208,4.8299403
GPCR,pK,2812,6.463,6.6321406
GPCR,pK,2813,6.842,6.6486554
GPCR,pK,2814,6.783,6.8645396
GPCR,pK,2815,4.8,4.946947
GPCR,pK,2816,6.409,6.8367243
GPCR,pK,2817,6.43,7.5461936
GPCR,pK,2818,8.08,7.046478
GPCR,pK,2819,7.721,7.653005
GPCR,pK,2820,7.301,7.3376164
GPCR,pK,2821,7.291,7.6603265
GPCR,pK,2822,7.171,7.2286034
GPCR,pK,2823,10.15,9.3520775
GPCR,pK,2824,6.43,6.2117143
GPCR,pK,2825,7.13,6.8428407
GPCR,pK,2826,9.89,9.700113
GPCR,pK,2827,9.13,8.124512
GPCR,pK,2828,10.4,9.19951
GPCR,pK,2829,6.883,6.816218
GPCR,pK,2830,6.57,6.8557153
GPCR,pK,2831,7.721,6.7556334
GPCR,pK,2832,6.423,6.3019567
GPCR,pK,2833,5.27,5.1072264
GPCR,pK,2834,8.0,6.5995455
GPCR,pK,2835,9.3,9.091035
GPCR,pK,2836,9.3,8.954291
GPCR,pK,2837,9.3,9.266124
GPCR,pK,2838,9.1,9.282968
GPCR,pK,2839,9.6,9.214418
GPCR,pK,2840,9.801,9.720927
GPCR,pK,2841,9.4,9.405985
GPCR,pK,2842,9.5,9.0610895
GPCR,pK,2843,9.49,9.37167
GPCR,pK,2844,5.699,5.487744
GPCR,pK,2845,5.921,5.9081836
GPCR,pK,2846,6.222,5.745602
GPCR,pK,2847,5.301,4.8838115
GPCR,pK,2848,6.0,6.3945956
GPCR,pK,2849,6.699,6.373652
GPCR,pK,2850,9.2,9.142072
GPCR,pK,2851,7.588,7.8370275
GPCR,pK,2852,9.12,8.3242445
GPCR,pK,2853,7.0,6.7663875
GPCR,pK,2854,9.81,9.605348
GPCR,pK,2855,5.796,5.1497703
GPCR,pK,2856,8.399,7.88149
GPCR,pK,2857,9.65,9.304439
GPCR,pK,2858,9.301,7.2910304
GPCR,pK,2859,7.9,7.463841
GPCR,pK,2860,4.757,5.1461563
GPCR,pK,2861,5.523,5.350852
GPCR,pK,2862,6.509,5.8453574
GPCR,pK,2863,6.699,6.8525586
GPCR,pK,2864,9.3,9.895646
GPCR,pK,2865,6.5,6.974137
GPCR,pK,2866,8.893,8.717581
GPCR,pK,2867,8.7,8.661801
GPCR,pK,2868,9.8,9.413972
GPCR,pK,2869,6.509,6.9873314
GPCR,pK,2870,8.4,8.805703
GPCR,pK,2871,6.446,6.813233
GPCR,pK,2872,5.513,5.518465
GPCR,pK,2873,9.658,8.75617
GPCR,pK,2874,8.149,7.4714556
GPCR,pK,2875,8.658,7.752105
GPCR,pK,2876,8.131,8.450637
GPCR,pK,2877,7.678,6.994753
GPCR,pK,2878,7.469,7.4878845
GPCR,pK,2879,9.367,8.458792
GPCR,pK,2880,6.854,5.3048306
GPCR,pK,2881,10.046,9.33364
GPCR,pK,2882,7.6,7.286485
GPCR,pK,2883,8.3,8.323791
GPCR,pK,2884,8.004,8.244521
GPCR,pK,2885,5.569,8.307585
GPCR,pK,2886,7.62,8.075466
GPCR,pK,2887,6.117,6.708891
GPCR,pK,2888,6.963,6.955404
GPCR,pK,2889,8.255,8.625231
GPCR,pK,2890,5.835,7.2283835
GPCR,pK,2891,7.602,7.4631667
GPCR,pK,2892,9.638,8.656556
GPCR,pK,2893,7.036,7.100394
GPCR,pK,2894,5.721,5.9786096
GPCR,pK,2895,5.967,6.1026254
GPCR,pK,2896,6.057,5.8830066
GPCR,pK,2897,5.989,6.314897
GPCR,pK,2898,7.79,6.095321
GPCR,pK,2899,6.194,5.936853
GPCR,pK,2900,7.415,6.979036
GPCR,pK,2901,7.446,6.9575267
GPCR,pK,2902,7.736,6.996428
GPCR,pK,2903,7.328,7.010323
GPCR,pK,2904,8.921,8.832225
GPCR,pK,2905,7.585,7.736375
GPCR,pK,2906,6.401,7.257419
GPCR,pK,2907,8.529,8.885224
GPCR,pK,2908,9.854,10.012069
GPCR,pK,2909,9.721,9.98425
GPCR,pK,2910,9.658,9.622341
GPCR,pK,2911,6.301,5.992272
GPCR,pK,2912,8.26,8.246944
GPCR,pK,2913,8.113,8.068212
GPCR,pK,2914,7.201,7.3184686
GPCR,pK,2915,7.854,8.085811
GPCR,pK,2916,6.488,6.647423
GPCR,pK,2917,6.385,6.4216895
GPCR,pK,2918,7.77,7.832411
GPCR,pK,2919,7.602,7.9505787
GPCR,pK,2920,8.444,7.166612
GPCR,pK,2921,11.28,10.652702
GPCR,pK,2922,9.523,9.991849
GPCR,pK,2923,10.678,10.716936
GPCR,pK,2924,10.194,10.44284
GPCR,pK,2925,9.638,9.97696
GPCR,pK,2926,6.346,6.358849
GPCR,pK,2927,6.921,6.76398
GPCR,pK,2928,6.074,6.922405
GPCR,pK,2929,5.783,5.858421
GPCR,pK,2930,7.131,6.7282715
GPCR,pK,2931,6.742,7.52972
GPCR,pK,2932,9.215,9.410972
GPCR,pK,2933,7.039,6.9102216
GPCR,pK,2934,5.3,5.4825215
GPCR,pK,2935,6.14,6.3090653
GPCR,pK,2936,7.347,7.3888617
GPCR,pK,2937,6.78,6.76884
GPCR,pK,2938,7.638,7.3756433
GPCR,pK,2939,8.463,7.9265428
GPCR,pK,2940,8.118,7.3027225
GPCR,pK,2941,7.633,7.9641776
GPCR,pK,2942,7.319,7.2090554
GPCR,pK,2943,6.539,6.695106
GPCR,pK,2944,7.53,7.226026
GPCR,pK,2945,5.754,6.154594
GPCR,pK,2946,8.481,7.8782096
GPCR,pK,2947,6.745,6.2446237
GPCR,pK,2948,8.309,8.497532
GPCR,pK,2949,7.284,7.58991
GPCR,pK,2950,7.347,7.9478393
GPCR,pK,2951,5.812,6.5585475
GPCR,pK,2952,7.969,7.9937644
GPCR,pK,2953,8.538,8.610068
GPCR,pK,2954,6.836,7.908104
GPCR,pK,2955,8.187,7.5602326
GPCR,pK,2956,7.553,7.330075
GPCR,pK,2957,8.0,7.5644374
GPCR,pK,2958,6.607,6.0115523
GPCR,pK,2959,6.959,7.5147624
GPCR,pK,2960,9.155,8.866361
GPCR,pK,2961,5.288,5.6700473
GPCR,pK,2962,7.884,7.025006
GPCR,pK,2963,7.46,6.8663344
GPCR,pK,2964,7.284,6.843178
GPCR,pK,2965,7.585,6.8696184
GPCR,pK,2966,6.68,6.3829455
GPCR,pK,2967,6.506,6.8744273
GPCR,pK,2968,6.221,6.406032
GPCR,pK,2969,6.13,6.2190404
GPCR,pK,2970,6.05,5.833389
GPCR,pK,2971,10.071,9.577392
GPCR,pK,2972,8.569,8.114709
GPCR,pK,2973,9.495,9.870635
GPCR,pK,2974,7.165,7.947085
GPCR,pK,2975,8.842,8.32714
GPCR,pK,2976,5.69,6.727923
GPCR,pK,2977,8.78,8.919356
GPCR,pK,2978,6.77,6.460224
GPCR,pK,2979,8.706,7.185334
GPCR,pK,2980,6.73,7.210841
GPCR,pK,2981,8.523,8.783803
GPCR,pK,2982,9.367,9.13905
GPCR,pK,2983,5.222,5.0819325
GPCR,pK,2984,8.721,7.7002244
GPCR,pK,2985,6.547,6.241405
GPCR,pK,2986,6.21,6.365131
GPCR,pK,2987,5.463,5.686469
GPCR,pK,2988,6.124,6.2040124
GPCR,pK,2989,5.38,5.544421
GPCR,pK,2990,7.137,7.441274
GPCR,pK,2991,7.569,8.248961
GPCR,pK,2992,9.62,7.7429175
GPCR,pK,2993,7.764,7.469063
GPCR,pK,2994,5.14,4.832022
GPCR,pK,2995,6.74,7.2399755
GPCR,pK,2996,7.082,6.713965
GPCR,pK,2997,7.229,7.2993703
GPCR,pK,2998,5.86,4.849309
GPCR,pK,2999,9.824,9.002231
GPCR,pK,3000,4.933,6.0285926
GPCR,pK,3001,8.203,8.630097
GPCR,pK,3002,9.444,8.813365
GPCR,pK,3003,7.643,7.7955537
GPCR,pK,3004,4.946,5.3978343
GPCR,pK,3005,5.522,5.3105407
GPCR,pK,3006,8.854,8.886863
GPCR,pK,3007,8.745,8.31227
GPCR,pK,3008,7.056,7.1773815
GPCR,pK,3009,9.161,9.185128
GPCR,pK,3010,8.131,8.3125
GPCR,pK,3011,6.959,7.5433083
GPCR,pK,3012,9.42,8.475341
GPCR,pK,3013,8.24,8.248486
GPCR,pK,3014,6.046,6.3286405
GPCR,pK,3015,7.222,8.818389
GPCR,pK,3016,5.569,5.441074
GPCR,pK,3017,7.276,7.1128087
GPCR,pK,3018,7.068,7.600566
GPCR,pK,3019,8.876,8.888661
GPCR,pK,3020,6.469,6.47086
GPCR,pK,3021,8.0,8.281452
GPCR,pK,3022,8.0,8.250356
GPCR,pK,3023,7.208,6.938039
GPCR,pK,3024,7.796,7.3438272
GPCR,pK,3025,8.0,7.9797544
GPCR,pK,3026,6.726,6.576327
GPCR,pK,3027,8.0,7.9672
GPCR,pK,3028,7.957,7.0544305
GPCR,pK,3029,7.569,7.5717525
GPCR,pK,3030,8.296,7.8499856
GPCR,pK,3031,5.757,6.349125
GPCR,pK,3032,8.0,7.859798
GPCR,pK,3033,8.0,7.9357276
GPCR,pK,3034,8.0,7.8829594
GPCR,pK,3035,7.282,7.2516327
GPCR,pK,3036,8.0,7.9826355
GPCR,pK,3037,8.0,8.230831
GPCR,pK,3038,8.0,8.45645
GPCR,pK,3039,6.717,7.0441084
GPCR,pK,3040,7.554,6.7087665
GPCR,pK,3041,9.62,9.446282
GPCR,pK,3042,6.91,6.8540177
GPCR,pK,3043,5.199,5.1005816
GPCR,pK,3044,6.277,6.2233033
GPCR,pK,3045,7.485,7.188027
GPCR,pK,3046,9.257,9.222461
GPCR,pK,3047,8.161,7.299524
GPCR,pK,3048,7.37,7.0773783
GPCR,pK,3049,6.739,6.787269
GPCR,pK,3050,6.839,7.344074
GPCR,pK,3051,6.582,6.778676
GPCR,pK,3052,6.244,6.109593
GPCR,pK,3053,6.008,6.300833
GPCR,pK,3054,9.398,8.263391
GPCR,pK,3055,5.009,4.756409
GPCR,pK,3056,8.301,8.136084
GPCR,pK,3057,6.484,6.568765
GPCR,pK,3058,8.301,8.244006
GPCR,pK,3059,6.056,6.9084206
GPCR,pK,3060,5.967,6.5293155
GPCR,pK,3061,6.28,6.8312078
GPCR,pK,3062,6.914,7.246227
GPCR,pK,3063,7.244,6.5967803
GPCR,pK,3064,6.062,6.2320814
GPCR,pK,3065,6.316,5.8335586
GPCR,pK,3066,7.18,7.321007
GPCR,pK,3067,5.365,6.9036818
GPCR,pK,3068,4.93,5.2955
GPCR,pK,3069,6.866,7.237228
GPCR,pK,3070,7.699,7.6098485
GPCR,pK,3071,6.939,6.9845934
GPCR,pK,3072,7.377,6.631457
GPCR,pK,3073,8.602,8.875296
GPCR,pK,3074,6.569,6.2108216
GPCR,pK,3075,8.456,8.686917
GPCR,pK,3076,6.197,6.7656717
GPCR,pK,3077,5.139,6.302769
GPCR,pK,3078,8.0,8.408809
GPCR,pK,3079,9.114,9.065264
GPCR,pK,3080,6.128,5.8697095
GPCR,pK,3081,5.74,6.209697
GPCR,pK,3082,6.147,6.2662215
GPCR,pK,3083,6.51,6.32311
GPCR,pK,3084,6.742,6.447434
GPCR,pK,3085,7.959,8.340041
GPCR,pK,3086,5.352,5.824839
GPCR,pK,3087,6.886,6.1037908
GPCR,pK,3088,10.585,10.092896
GPCR,pK,3089,5.426,5.802185
GPCR,pK,3090,7.573,7.6855493
GPCR,pK,3091,5.298,5.791813
GPCR,pK,3092,5.993,6.2589607
GPCR,pK,3093,8.423,8.598481
GPCR,pK,3094,5.812,5.5591855
GPCR,pK,3095,5.381,6.0201044
GPCR,pK,3096,7.886,7.2627473
GPCR,pK,3097,8.409,8.294638
GPCR,pK,3098,8.9,8.422282
GPCR,pK,3099,6.602,6.6789207
GPCR,pK,3100,6.721,7.1057615
GPCR,pK,3101,9.046,7.359363
GPCR,pK,3102,8.523,7.7033696
GPCR,pK,3103,8.98,8.686139
GPCR,pK,3104,7.3,7.417142
GPCR,pK,3105,7.3,6.9418445
GPCR,pK,3106,8.2,8.02025
GPCR,pK,3107,7.276,7.712157
GPCR,pK,3108,7.77,7.3260574
GPCR,pK,3109,8.5,7.3128896
GPCR,pK,3110,7.1,7.4111056
GPCR,pK,3111,5.06,4.871086
GPCR,pK,3112,9.796,7.6123786
GPCR,pK,3113,5.887,6.459898
GPCR,pK,3114,6.801,7.465965
GPCR,pK,3115,6.442,6.0675836
GPCR,pK,3116,7.7,7.0919027
GPCR,pK,3117,8.646,8.766776
GPCR,pK,3118,7.848,7.479652
GPCR,pK,3119,8.583,8.726509
GPCR,pK,3120,8.975,9.031698
GPCR,pK,3121,8.19,7.6956787
GPCR,pK,3122,6.8,6.808248
GPCR,pK,3123,7.0,7.289793
GPCR,pK,3124,8.161,9.378708
GPCR,pK,3125,8.0,6.857127
GPCR,pK,3126,6.3,6.4400167
GPCR,pK,3127,8.602,8.896895
GPCR,pK,3128,8.796,8.2913885
GPCR,pK,3129,9.921,8.676364
GPCR,pK,3130,7.688,8.276366
GPCR,pK,3131,8.398,8.748101
GPCR,pK,3132,8.337,8.672869
GPCR,pK,3133,6.983,7.203349
GPCR,pK,3134,6.229,6.7765765
GPCR,pK,3135,6.13,6.3269134
GPCR,pK,3136,7.64,5.9302077
GPCR,pK,3137,8.745,10.746068
GPCR,pK,3138,5.377,5.452165
GPCR,pK,3139,5.62,5.489152
GPCR,pK,3140,6.583,6.3257403
GPCR,pK,3141,6.119,6.54017
GPCR,pK,3142,7.101,6.462263
GPCR,pK,3143,6.68,6.424113
GPCR,pK,3144,7.886,8.124195
GPCR,pK,3145,9.276,9.22782
GPCR,pK,3146,6.292,6.065353
GPCR,pK,3147,5.518,6.3206425
GPCR,pK,3148,8.886,8.091608
GPCR,pK,3149,7.23,7.182627
GPCR,pK,3150,8.585,8.423278
GPCR,pK,3151,7.609,8.049331
GPCR,pK,3152,6.382,7.8822694
GPCR,pK,3153,8.495,8.958272
GPCR,pK,3154,4.678,5.440636
GPCR,pK,3155,5.67,5.295741
GPCR,pK,3156,8.991,9.223544
GPCR,pK,3157,6.071,6.4020047
GPCR,pK,3158,7.141,7.257679
GPCR,pK,3159,5.921,6.213077
GPCR,pK,3160,8.531,8.303119
GPCR,pK,3161,6.283,6.478973
GPCR,pK,3162,5.959,6.7472444
GPCR,pK,3163,5.94,7.0479703
GPCR,pK,3164,9.45,9.70658
GPCR,pK,3165,7.6,7.8798637
GPCR,pK,3166,7.149,7.5427976
GPCR,pK,3167,6.648,7.4982743
GPCR,pK,3168,9.0,8.963379
GPCR,pK,3169,7.668,7.84268
GPCR,pK,3170,7.745,8.199094
GPCR,pK,3171,9.155,8.520362
GPCR,pK,3172,7.879,7.7136455
GPCR,pK,3173,5.4,6.1473317
GPCR,pK,3174,6.542,6.9540753
GPCR,pK,3175,8.495,7.992592
GPCR,pK,3176,7.325,7.055197
GPCR,pK,3177,7.538,7.89171
GPCR,pK,3178,8.62,8.422325
GPCR,pK,3179,8.495,8.674087
GPCR,pK,3180,7.28,6.08866
GPCR,pK,3181,8.9,8.383673
GPCR,pK,3182,8.323,7.9449105
GPCR,pK,3183,7.4,7.985213
GPCR,pK,3184,5.119,5.0015397
GPCR,pK,3185,5.77,5.1755786
GPCR,pK,3186,5.672,5.3024087
GPCR,pK,3187,6.331,6.7156463
GPCR,pK,3188,6.73,6.5992737
GPCR,pK,3189,7.553,7.576635
GPCR,pK,3190,6.312,7.166569
GPCR,pK,3191,9.18,8.513867
GPCR,pK,3192,7.654,7.7520523
GPCR,pK,3193,8.996,9.016977
GPCR,pK,3194,8.857,8.8464575
GPCR,pK,3195,7.0,7.006142
GPCR,pK,3196,6.6,7.80116
GPCR,pK,3197,5.409,5.3905773
GPCR,pK,3198,9.577,7.5294824
GPCR,pK,3199,6.538,5.3734207
GPCR,pK,3200,7.4,7.7272677
GPCR,pK,3201,7.6,7.552115
GPCR,pK,3202,7.4,7.222759
GPCR,pK,3203,6.8,7.5279975
GPCR,pK,3204,5.193,5.7314463
GPCR,pK,3205,7.674,7.422345
GPCR,pK,3206,9.432,9.389685
GPCR,pK,3207,5.489,6.759161
GPCR,pK,3208,8.42,8.516324
GPCR,pK,3209,6.539,5.8385086
GPCR,pK,3210,6.252,7.8982697
GPCR,pK,3211,5.342,5.6966467
GPCR,pK,3212,5.557,6.4177623
GPCR,pK,3213,7.481,6.627317
GPCR,pK,3214,5.64,6.1744523
GPCR,pK,3215,7.854,7.9935255
GPCR,pK,3216,7.959,8.320903
GPCR,pK,3217,8.041,7.90267
GPCR,pK,3218,8.387,8.274299
GPCR,pK,3219,9.155,8.538367
GPCR,pK,3220,6.597,6.500892
GPCR,pK,3221,7.959,9.176038
GPCR,pK,3222,7.347,8.522487
GPCR,pK,3223,8.432,8.247577
GPCR,pK,3224,7.857,8.090804
GPCR,pK,3225,7.921,8.005161
GPCR,pK,3226,7.398,8.250451
GPCR,pK,3227,7.854,7.863185
GPCR,pK,3228,6.67,7.436213
GPCR,pK,3229,6.903,6.3877153
GPCR,pK,3230,7.138,6.478951
GPCR,pK,3231,8.114,8.1727705
GPCR,pK,3232,7.745,8.126586
GPCR,pK,3233,8.516,8.560846
GPCR,pK,3234,8.674,8.690337
GPCR,pK,3235,8.027,6.444234
GPCR,pK,3236,7.367,7.9430313
GPCR,pK,3237,9.509,8.601994
GPCR,pK,3238,6.032,5.8381104
GPCR,pK,3239,8.438,8.220992
GPCR,pK,3240,7.541,7.840523
GPCR,pK,3241,7.701,7.7750983
GPCR,pK,3242,8.796,9.186798
GPCR,pK,3243,8.495,8.410295
GPCR,pK,3244,7.759,7.5414186
GPCR,pK,3245,7.812,7.648093
GPCR,pK,3246,7.461,7.9408736
GPCR,pK,3247,7.421,7.813564
GPCR,pK,3248,7.158,6.941628
GPCR,pK,3249,6.598,7.9583073
GPCR,pK,3250,8.244,8.162596
GPCR,pK,3251,8.112,8.241196
GPCR,pK,3252,7.298,8.303086
GPCR,pK,3253,7.701,7.95161
GPCR,pK,3254,7.414,7.581759
GPCR,pK,3255,8.291,8.382134
GPCR,pK,3256,9.187,8.421735
GPCR,pK,3257,8.695,8.68304
GPCR,pK,3258,8.474,8.51258
GPCR,pK,3259,8.896,8.947228
GPCR,pK,3260,8.83,8.583562
GPCR,pK,3261,7.895,8.140286
GPCR,pK,3262,8.389,8.222387
GPCR,pK,3263,8.358,8.3092165
GPCR,pK,3264,8.554,8.718342
GPCR,pK,3265,8.469,8.153335
GPCR,pK,3266,8.023,8.0923195
GPCR,pK,3267,7.924,8.068148
GPCR,pK,3268,8.244,8.416561
GPCR,pK,3269,8.268,8.372661
GPCR,pK,3270,8.377,8.450944
GPCR,pK,3271,8.051,8.298343
GPCR,pK,3272,8.143,8.15295
GPCR,pK,3273,7.18,8.001083
GPCR,pK,3274,7.697,7.7582774
GPCR,pK,3275,7.827,8.453511
GPCR,pK,3276,8.082,7.99367
GPCR,pK,3277,8.509,8.382746
GPCR,pK,3278,8.854,8.374818
GPCR,pK,3279,8.726,8.305367
GPCR,pK,3280,7.804,8.156463
GPCR,pK,3281,8.239,8.583782
GPCR,pK,3282,7.949,8.414121
GPCR,pK,3283,7.689,7.0899115
GPCR,pK,3284,6.492,5.81634
GPCR,pK,3285,9.0,8.197113
GPCR,pK,3286,7.9,8.706363
GPCR,pK,3287,7.8,8.044069
GPCR,pK,3288,7.357,6.663494
GPCR,pK,3289,5.572,5.2052703
GPCR,pK,3290,5.77,5.7566237
GPCR,pK,3291,6.215,6.2201533
GPCR,pK,3292,5.77,7.0293612
GPCR,pK,3293,6.102,7.0293612
GPCR,pK,3294,7.121,6.5340757
GPCR,pK,3295,7.917,8.381636
GPCR,pK,3296,5.402,5.8123436
GPCR,pK,3297,8.606,8.708228
GPCR,pK,3298,7.642,7.4397283
GPCR,pK,3299,6.89,8.019988
GPCR,pK,3300,8.029,8.255308
GPCR,pK,3301,9.565,8.93078
GPCR,pK,3302,10.328,10.01592
GPCR,pK,3303,9.658,9.936254
GPCR,pK,3304,8.44,8.384712
GPCR,pK,3305,5.678,5.614347
GPCR,pK,3306,10.292,9.869644
GPCR,pK,3307,6.676,5.991506
GPCR,pK,3308,6.139,6.189452
GPCR,pK,3309,7.05,8.106745
GPCR,pK,3310,6.796,8.96338
GPCR,pK,3311,9.365,8.841522
GPCR,pK,3312,9.502,8.957892
GPCR,pK,3313,9.854,9.909971
GPCR,pK,3314,8.569,8.737122
GPCR,pK,3315,9.68,10.031131
GPCR,pK,3316,5.71,5.302531
GPCR,pK,3317,6.195,5.5177913
GPCR,pK,3318,8.4,7.7804317
GPCR,pK,3319,6.424,6.3222895
GPCR,pK,3320,7.301,7.665142
GPCR,pK,3321,9.509,8.865432
GPCR,pK,3322,6.409,6.2933784
GPCR,pK,3323,6.592,6.4877086
GPCR,pK,3324,8.658,9.0128
GPCR,pK,3325,8.638,8.844817
GPCR,pK,3326,8.796,8.718387
GPCR,pK,3327,6.161,6.4105535
GPCR,pK,3328,6.292,6.866366
GPCR,pK,3329,8.921,9.245103
GPCR,pK,3330,7.699,7.785265
GPCR,pK,3331,6.5,7.3956904
GPCR,pK,3332,7.377,6.972634
GPCR,pK,3333,5.88,5.7082295
GPCR,pK,3334,6.717,6.74034
GPCR,pK,3335,8.638,8.474712
GPCR,pK,3336,5.572,6.17294
GPCR,pK,3337,5.83,5.9769993
GPCR,pK,3338,7.721,7.2494054
GPCR,pK,3339,8.721,7.986377
GPCR,pK,3340,7.921,7.9490232
GPCR,pK,3341,6.258,8.252626
GPCR,pK,3342,8.06,8.458901
GPCR,pK,3343,7.824,8.02784
GPCR,pK,3344,6.474,5.958138
GPCR,pK,3345,6.866,7.4170218
GPCR,pK,3346,6.68,6.4977
GPCR,pK,3347,5.08,5.087244
GPCR,pK,3348,5.82,5.815248
GPCR,pK,3349,6.523,7.821887
GPCR,pK,3350,7.886,7.3287787
GPCR,pK,3351,8.027,8.122858
GPCR,pK,3352,7.959,5.8567615
GPCR,pK,3353,6.9,7.0763354
GPCR,pK,3354,8.4,8.309407
GPCR,pK,3355,8.1,7.233298
GPCR,pK,3356,5.569,5.667829
GPCR,pK,3357,6.9,6.9162397
GPCR,pK,3358,7.8,8.388886
GPCR,pK,3359,9.164,8.782622
GPCR,pK,3360,9.356,8.891615
GPCR,pK,3361,8.9,8.601866
GPCR,pK,3362,9.721,9.296991
GPCR,pK,3363,6.7,6.5746617
GPCR,pK,3364,5.4,6.928437
GPCR,pK,3365,6.3,6.689402
GPCR,pK,3366,7.959,6.38343
GPCR,pK,3367,5.676,4.7759666
GPCR,pK,3368,7.921,7.217274
GPCR,pK,3369,8.824,8.02746
GPCR,pK,3370,5.699,7.200992
GPCR,pK,3371,7.379,8.447195
GPCR,pK,3372,6.06,6.3697276
GPCR,pK,3373,9.932,9.69342
GPCR,pK,3374,7.167,6.387759
GPCR,pK,3375,5.012,6.2710333
GPCR,pK,3376,5.815,5.615113
GPCR,pK,3377,8.699,8.078439
GPCR,pK,3378,6.745,6.696052
GPCR,pK,3379,7.284,7.0131917
GPCR,pK,3380,8.26,8.393288
GPCR,pK,3381,6.143,7.935167
GPCR,pK,3382,5.921,6.1091733
GPCR,pK,3383,8.377,7.846791
GPCR,pK,3384,6.5,6.9151893
GPCR,pK,3385,7.4,7.2742286
GPCR,pK,3386,7.538,7.7241373
GPCR,pK,3387,6.921,7.161831
GPCR,pK,3388,8.519,8.378038
GPCR,pK,3389,5.824,6.072824
GPCR,pK,3390,7.201,7.2263427
GPCR,pK,3391,7.081,7.068271
GPCR,pK,3392,6.29,6.709855
GPCR,pK,3393,5.19,5.251904
GPCR,pK,3394,6.701,6.425547
GPCR,pK,3395,6.676,6.3596835
GPCR,pK,3396,6.842,6.6062818
GPCR,pK,3397,5.432,7.1685243
GPCR,pK,3398,6.469,6.480176
GPCR,pK,3399,6.796,7.3568454
GPCR,pK,3400,6.137,6.148416
GPCR,pK,3401,6.955,6.842351
GPCR,pK,3402,8.467,8.268459
GPCR,pK,3403,8.269,8.0843115
GPCR,pK,3404,8.627,8.478986
GPCR,pK,3405,4.826,4.4769497
GPCR,pK,3406,4.728,4.6992774
GPCR,pK,3407,5.996,6.0692544
GPCR,pK,3408,6.456,5.9537697
GPCR,pK,3409,5.881,5.458405
GPCR,pK,3410,5.615,5.3232727
GPCR,pK,3411,7.149,6.9291816
GPCR,pK,3412,6.387,6.856873
GPCR,pK,3413,7.053,6.4712157
GPCR,pK,3414,9.1,9.838546
GPCR,pK,3415,9.097,8.272935
GPCR,pK,3416,8.921,9.602977
GPCR,pK,3417,8.658,8.783242
GPCR,pK,3418,8.721,9.186217
GPCR,pK,3419,4.817,4.9389567
GPCR,pK,3420,5.704,5.4731593
GPCR,pK,3421,4.741,5.430759
GPCR,pK,3422,5.558,6.0253725
GPCR,pK,3423,7.921,7.9454355
GPCR,pK,3424,5.778,5.1637406
GPCR,pK,3425,7.538,6.9347215
GPCR,pK,3426,9.469,9.262953
GPCR,pK,3427,4.631,5.418256
GPCR,pK,3428,7.854,8.239539
GPCR,pK,3429,8.244,7.513224
GPCR,pK,3430,6.762,7.9043493
GPCR,pK,3431,5.861,6.2793846
GPCR,pK,3432,7.538,7.1176085
GPCR,pK,3433,6.893,6.2825136
GPCR,pK,3434,7.26,7.20964
GPCR,pK,3435,4.611,5.7478013
GPCR,pK,3436,5.747,6.052528
GPCR,pK,3437,5.787,5.548099
GPCR,pK,3438,4.496,5.1801605
GPCR,pK,3439,6.334,5.8303475
GPCR,pK,3440,6.142,6.4003034
GPCR,pK,3441,6.498,6.4667506
GPCR,pK,3442,6.143,5.8429027
GPCR,pK,3443,8.499,8.393624
GPCR,pK,3444,7.131,6.966372
GPCR,pK,3445,8.469,8.767976
GPCR,pK,3446,7.538,7.124163
GPCR,pK,3447,5.851,5.7407584
GPCR,pK,3448,7.435,7.02164
GPCR,pK,3449,7.907,7.59964
GPCR,pK,3450,8.012,7.59964
GPCR,pK,3451,6.375,6.6560903
GPCR,pK,3452,9.187,9.473296
GPCR,pK,3453,6.087,6.513379
GPCR,pK,3454,8.041,8.585935
GPCR,pK,3455,7.642,6.7934003
GPCR,pK,3456,7.132,7.197117
GPCR,pK,3457,8.699,8.129055
GPCR,pK,3458,6.323,6.2625203
GPCR,pK,3459,8.545,8.582589
GPCR,pK,3460,9.155,8.898925
GPCR,pK,3461,5.581,5.299723
GPCR,pK,3462,8.149,7.4621506
GPCR,pK,3463,7.745,7.208493
GPCR,pK,3464,7.629,7.79407
GPCR,pK,3465,7.423,7.4432817
GPCR,pK,3466,6.367,6.136517
GPCR,pK,3467,9.097,6.7847905
GPCR,pK,3468,5.244,5.126463
GPCR,pK,3469,5.0,4.968327
GPCR,pK,3470,6.495,6.5383325
GPCR,pK,3471,6.143,6.539917
GPCR,pK,3472,8.429,8.043887
GPCR,pK,3473,4.631,4.5846667
GPCR,pK,3474,8.678,7.2317557
GPCR,pK,3475,6.585,6.725236
GPCR,pK,3476,7.222,6.9415827
GPCR,pK,3477,8.824,8.687836
GPCR,pK,3478,5.824,6.5166645
GPCR,pK,3479,5.284,5.4026065
GPCR,pK,3480,5.047,5.309271
GPCR,pK,3481,5.432,5.2709403
GPCR,pK,3482,9.0,7.831515
GPCR,pK,3483,9.275,9.259109
GPCR,pK,3484,5.237,4.9973187
GPCR,pK,3485,8.432,8.457749
GPCR,pK,3486,7.62,6.5784025
GPCR,pK,3487,6.565,5.913538
GPCR,pK,3488,7.471,7.385301
GPCR,pK,3489,7.456,7.49944
GPCR,pK,3490,7.0,7.0928946
GPCR,pK,3491,7.0,6.995708
GPCR,pK,3492,6.495,6.463224
GPCR,pK,3493,7.0,7.014534
GPCR,pK,3494,7.0,7.06741
GPCR,pK,3495,5.862,5.4472756
GPCR,pK,3496,5.788,6.621422
GPCR,pK,3497,5.66,5.5321465
GPCR,pK,3498,7.0,7.2140145
GPCR,pK,3499,7.0,7.010781
GPCR,pK,3500,7.0,6.845903
GPCR,pK,3501,6.144,5.87769
GPCR,pK,3502,7.0,6.992895
GPCR,pK,3503,7.0,7.3077207
GPCR,pK,3504,7.0,7.0758576
GPCR,pK,3505,7.229,7.314567
GPCR,pK,3506,7.076,7.474069
GPCR,pK,3507,6.367,6.2352247
GPCR,pK,3508,8.064,7.7846665
GPCR,pK,3509,5.849,5.7312284
GPCR,pK,3510,9.638,8.944809
GPCR,pK,3511,7.742,7.7354603
GPCR,pK,3512,7.004,7.024875
GPCR,pK,3513,5.32,5.4020467
GPCR,pK,3514,6.149,7.1636405
GPCR,pK,3515,7.722,7.35617
GPCR,pK,3516,5.654,5.614521
GPCR,pK,3517,5.766,6.181798
GPCR,pK,3518,5.251,5.594986
GPCR,pK,3519,5.404,5.6059337
GPCR,pK,3520,4.356,5.7766757
GPCR,pK,3521,4.815,4.814611
GPCR,pK,3522,5.967,5.9885015
GPCR,pK,3523,6.854,6.054033
GPCR,pK,3524,7.959,7.63895
GPCR,pK,3525,8.456,6.97163
GPCR,pK,3526,8.745,8.374343
GPCR,pK,3527,7.167,7.355248
GPCR,pK,3528,6.201,6.8138957
GPCR,pK,3529,5.699,5.612762
GPCR,pK,3530,6.959,6.990673
GPCR,pK,3531,7.292,7.5346894
GPCR,pK,3532,7.268,8.015949
GPCR,pK,3533,6.02,5.9211135
GPCR,pK,3534,8.432,8.295711
GPCR,pK,3535,6.116,5.6730437
GPCR,pK,3536,7.301,7.6987815
GPCR,pK,3537,8.569,8.657231
GPCR,pK,3538,9.187,9.346995
GPCR,pK,3539,6.495,6.96197
GPCR,pK,3540,7.642,8.266379
GPCR,pK,3541,8.987,8.898117
GPCR,pK,3542,8.77,8.6059675
GPCR,pK,3543,7.094,7.905071
GPCR,pK,3544,7.419,7.65204
GPCR,pK,3545,8.747,7.886068
GPCR,pK,3546,8.267,8.352017
GPCR,pK,3547,8.77,7.666762
GPCR,pK,3548,7.465,7.352594
GPCR,pK,3549,5.864,8.196948
GPCR,pK,3550,8.638,7.4809117
GPCR,pK,3551,8.046,9.172865
GPCR,pK,3552,8.538,7.3498206
GPCR,pK,3553,8.208,7.8034244
GPCR,pK,3554,8.081,8.606088
GPCR,pK,3555,9.699,8.93901
GPCR,pK,3556,8.222,6.750675
GPCR,pK,3557,6.777,6.9516206
GPCR,pK,3558,6.703,6.904283
GPCR,pK,3559,9.301,9.000594
GPCR,pK,3560,10.31,9.469987
GPCR,pK,3561,6.2,6.3661304
GPCR,pK,3562,7.601,7.2356615
GPCR,pK,3563,8.456,8.483597
GPCR,pK,3564,6.959,9.092711
GPCR,pK,3565,8.237,8.6923895
GPCR,pK,3566,6.068,6.7783904
GPCR,pK,3567,8.337,8.197288
GPCR,pK,3568,6.804,7.6956153
GPCR,pK,3569,7.886,8.10472
GPCR,pK,3570,8.328,8.36711
GPCR,pK,3571,8.05,8.488918
GPCR,pK,3572,7.244,8.32219
GPCR,pK,3573,8.0,8.39532
GPCR,pK,3574,8.229,8.937055
GPCR,pK,3575,8.229,9.095529
GPCR,pK,3576,8.886,8.584367
GPCR,pK,3577,6.921,6.6389527
GPCR,pK,3578,9.248,7.297129
GPCR,pK,3579,9.107,7.650739
GPCR,pK,3580,8.585,6.834231
GPCR,pK,3581,5.926,7.0358844
GPCR,pK,3582,6.31,9.016628
GPCR,pK,3583,9.409,9.689122
GPCR,pK,3584,5.971,6.420185
GPCR,pK,3585,5.072,5.702127
GPCR,pK,3586,6.824,6.625534
GPCR,pK,3587,8.886,8.730694
GPCR,pK,3588,7.569,7.7738743
GPCR,pK,3589,7.526,7.862994
GPCR,pK,3590,8.742,8.979041
GPCR,pK,3591,8.767,8.690355
GPCR,pK,3592,9.284,8.978183
GPCR,pK,3593,5.724,6.0612392
GPCR,pK,3594,6.427,6.690023
GPCR,pK,3595,6.479,6.4398355
GPCR,pK,3596,6.523,6.778481
GPCR,pK,3597,7.893,8.819466
GPCR,pK,3598,7.963,8.909816
GPCR,pK,3599,6.268,6.2588983
GPCR,pK,3600,6.886,6.974014
GPCR,pK,3601,7.745,6.8288665
GPCR,pK,3602,9.372,9.082808
GPCR,pK,3603,8.569,9.651492
GPCR,pK,3604,8.886,9.066514
GPCR,pK,3605,9.347,9.314886
GPCR,pK,3606,8.796,8.633193
GPCR,pK,3607,5.469,5.629993
GPCR,pK,3608,5.988,5.715726
GPCR,pK,3609,5.93,5.9029813
GPCR,pK,3610,6.514,6.470965
GPCR,pK,3611,5.829,5.7577405
GPCR,pK,3612,7.538,7.8992543
GPCR,pK,3613,6.697,6.6891146
GPCR,pK,3614,6.087,5.9418745
GPCR,pK,3615,10.292,9.53106
GPCR,pK,3616,10.036,10.0508175
GPCR,pK,3617,5.868,6.786095
GPCR,pK,3618,8.585,8.841176
GPCR,pK,3619,6.83,6.8876762
GPCR,pK,3620,6.52,6.8991866
GPCR,pK,3621,6.37,6.914248
GPCR,pK,3622,6.788,6.627871
GPCR,pK,3623,5.541,5.608052
GPCR,pK,3624,7.097,7.182829
GPCR,pK,3625,7.358,6.8750215
GPCR,pK,3626,7.155,6.399515
GPCR,pK,3627,7.558,7.478633
GPCR,pK,3628,6.268,6.5903854
GPCR,pK,3629,7.283,7.2370667
GPCR,pK,3630,6.493,6.6879163
GPCR,pK,3631,6.52,6.763613
GPCR,pK,3632,8.39,7.513206
GPCR,pK,3633,6.161,6.5937567
GPCR,pK,3634,5.313,5.664399
GPCR,pK,3635,5.779,6.2385335
GPCR,pK,3636,7.504,7.039762
GPCR,pK,3637,6.041,6.668235
GPCR,pK,3638,9.721,9.946508
GPCR,pK,3639,5.658,6.013903
GPCR,pK,3640,6.131,6.3514056
GPCR,pK,3641,6.721,6.180766
GPCR,pK,3642,7.155,6.532015
GPCR,pK,3643,9.108,9.316764
GPCR,pK,3644,9.796,9.316764
GPCR,pK,3645,6.851,7.9029036
GPCR,pK,3646,5.439,5.5900507
GPCR,pK,3647,9.299,8.741413
GPCR,pK,3648,9.77,9.757276
GPCR,pK,3649,6.829,6.9226966
GPCR,pK,3650,9.77,9.936009
GPCR,pK,3651,7.173,6.8172917
GPCR,pK,3652,7.051,6.7305946
GPCR,pK,3653,6.854,6.95359
GPCR,pK,3654,8.854,8.348099
GPCR,pK,3655,7.187,6.5341363
GPCR,pK,3656,7.031,6.6078897
GPCR,pK,3657,7.054,6.1085277
GPCR,pK,3658,6.845,7.372443
GPCR,pK,3659,7.807,8.101741
GPCR,pK,3660,8.889,8.746219
GPCR,pK,3661,6.415,7.1388884
GPCR,pK,3662,6.87,6.6245956
GPCR,pK,3663,6.829,6.722669
GPCR,pK,3664,6.888,6.761128
GPCR,pK,3665,7.056,6.5561814
GPCR,pK,3666,6.857,6.3000503
GPCR,pK,3667,7.959,7.3795505
GPCR,pK,3668,7.541,7.3149424
GPCR,pK,3669,7.036,7.4521537
GPCR,pK,3670,7.854,5.8192897
GPCR,pK,3671,7.26,7.054833
GPCR,pK,3672,6.924,6.021392
GPCR,pK,3673,7.721,7.126263
GPCR,pK,3674,9.569,9.707541
GPCR,pK,3675,9.796,9.478791
GPCR,pK,3676,10.097,9.644134
GPCR,pK,3677,8.896,8.326184
GPCR,pK,3678,7.788,6.655313
GPCR,pK,3679,6.772,6.4449563
GPCR,pK,3680,7.432,6.809441
GPCR,pK,3681,7.959,7.680476
GPCR,pK,3682,9.553,9.0707855
GPCR,pK,3683,6.367,6.624657
GPCR,pK,3684,6.357,6.697475
GPCR,pK,3685,9.745,9.102942
GPCR,pK,3686,6.886,6.5904574
GPCR,pK,3687,8.178,7.9807777
GPCR,pK,3688,7.26,9.204919
GPCR,pK,3689,6.553,6.9144835
GPCR,pK,3690,8.367,7.9772735
GPCR,pK,3691,5.721,5.9796624
GPCR,pK,3692,10.373,10.038297
GPCR,pK,3693,6.893,7.163996
GPCR,pK,3694,7.883,8.0081415
GPCR,pK,3695,6.409,6.4351315
GPCR,pK,3696,6.845,6.837687
GPCR,pK,3697,6.662,7.938355
GPCR,pK,3698,6.754,6.7944417
GPCR,pK,3699,5.091,5.6709313
GPCR,pK,3700,7.37,6.975744
GPCR,pK,3701,8.399,8.170302
GPCR,pK,3702,8.319,8.001611
GPCR,pK,3703,5.191,5.376232
GPCR,pK,3704,5.959,5.7390046
GPCR,pK,3705,6.68,7.826005
GPCR,pK,3706,8.347,8.443875
GPCR,pK,3707,6.782,7.6930385
GPCR,pK,3708,6.951,7.3965917
GPCR,pK,3709,7.976,7.7719398
GPCR,pK,3710,7.301,7.6746736
GPCR,pK,3711,8.009,7.1769238
GPCR,pK,3712,8.174,8.337956
GPCR,pK,3713,5.391,5.567998
GPCR,pK,3714,8.538,7.4285607
GPCR,pK,3715,9.222,7.9047046
GPCR,pK,3716,8.432,5.7754006
GPCR,pK,3717,5.991,6.001204
GPCR,pK,3718,6.125,6.326486
GPCR,pK,3719,6.58,6.9031634
GPCR,pK,3720,8.149,7.8160176
GPCR,pK,3721,8.959,8.136515
GPCR,pK,3722,6.0,5.8368735
GPCR,pK,3723,5.758,5.304928
GPCR,pK,3724,6.86,7.4804993
GPCR,pK,3725,5.897,6.4306984
GPCR,pK,3726,5.872,5.9373674
GPCR,pK,3727,7.398,7.4031224
GPCR,pK,3728,7.143,7.6472383
GPCR,pK,3729,7.796,8.008261
GPCR,pK,3730,6.796,6.6014895
GPCR,pK,3731,7.284,7.555359
GPCR,pK,3732,9.092,9.435563
GPCR,pK,3733,8.678,8.562736
GPCR,pK,3734,6.329,6.3572345
GPCR,pK,3735,5.291,5.136926
GPCR,pK,3736,5.419,5.7166796
GPCR,pK,3737,6.344,6.1809297
GPCR,pK,3738,6.469,6.7563453
GPCR,pK,3739,7.009,6.165615
GPCR,pK,3740,10.523,10.106521
GPCR,pK,3741,5.324,5.5150537
GPCR,pK,3742,9.7,9.486084
GPCR,pK,3743,8.564,8.029946
GPCR,pK,3744,5.343,5.3659654
GPCR,pK,3745,5.758,5.9348345
GPCR,pK,3746,8.237,8.382758
GPCR,pK,3747,7.102,6.9843035
GPCR,pK,3748,6.357,7.7764974
GPCR,pK,3749,7.62,6.1892066
GPCR,pK,3750,6.9,6.630602
GPCR,pK,3751,8.585,8.713029
GPCR,pK,3752,7.0,7.6104894
GPCR,pK,3753,5.046,5.00421
GPCR,pK,3754,4.886,5.1389813
GPCR,pK,3755,7.102,6.9977026
GPCR,pK,3756,6.721,5.9932895
GPCR,pK,3757,7.102,6.9489202
GPCR,pK,3758,6.824,6.7744303
GPCR,pK,3759,6.292,6.466813
GPCR,pK,3760,8.398,8.415851
GPCR,pK,3761,8.284,7.9556665
GPCR,pK,3762,6.7,7.0215716
GPCR,pK,3763,8.0,8.231349
GPCR,pK,3764,8.824,8.179343
GPCR,pK,3765,7.041,5.9659343
GPCR,pK,3766,6.66,6.949743
GPCR,pK,3767,8.225,5.935908
GPCR,pK,3768,5.863,5.764253
GPCR,pK,3769,7.658,8.296205
GPCR,pK,3770,7.854,7.8034153
GPCR,pK,3771,8.022,7.9744935
GPCR,pK,3772,7.495,7.479264
GPCR,pK,3773,8.481,9.136024
GPCR,pK,3774,9.512,9.24186
GPCR,pK,3775,8.699,8.9142
GPCR,pK,3776,8.602,8.777558
GPCR,pK,3777,8.102,7.69475
GPCR,pK,3778,6.3,7.4382663
GPCR,pK,3779,4.67,5.1062245
GPCR,pK,3780,7.102,7.5611258
GPCR,pK,3781,7.495,6.9180074
GPCR,pK,3782,9.0,8.823417
GPCR,pK,3783,6.5,6.8236775
GPCR,pK,3784,6.6,6.8825774
GPCR,pK,3785,6.55,6.0523963
GPCR,pK,3786,6.815,7.5727715
GPCR,pK,3787,8.502,8.13005
GPCR,pK,3788,5.685,6.0219607
GPCR,pK,3789,5.547,4.9663534
GPCR,pK,3790,7.252,7.9076657
GPCR,pK,3791,7.721,8.137886
GPCR,pK,3792,8.077,7.5931153
GPCR,pK,3793,9.265,7.2333407
GPCR,pK,3794,5.749,5.8019056
GPCR,pK,3795,7.523,7.1568923
GPCR,pK,3796,5.12,5.031677
GPCR,pK,3797,4.36,4.6851325
GPCR,pK,3798,6.18,4.94297
GPCR,pK,3799,7.987,8.098243
GPCR,pK,3800,8.0,7.141449
GPCR,pK,3801,4.5,4.3511143
GPCR,pK,3802,9.8,9.780995
GPCR,pK,3803,8.99,9.446487
GPCR,pK,3804,10.3,10.180089
GPCR,pK,3805,8.357,8.621163
GPCR,pK,3806,9.5,9.365434
GPCR,pK,3807,8.2,8.483874
GPCR,pK,3808,10.0,9.661513
GPCR,pK,3809,9.699,9.990474
GPCR,pK,3810,10.0,10.258618
GPCR,pK,3811,9.699,10.192316
GPCR,pK,3812,9.523,10.105571
GPCR,pK,3813,8.445,9.387982
GPCR,pK,3814,7.886,8.812899
GPCR,pK,3815,7.398,7.731879
GPCR,pK,3816,8.735,8.970802
GPCR,pK,3817,9.23,9.09305
GPCR,pK,3818,6.379,7.966284
GPCR,pK,3819,8.177,8.038455
GPCR,pK,3820,9.77,9.5658455
GPCR,pK,3821,5.62,5.2265325
GPCR,pK,3822,5.257,6.661308
GPCR,pK,3823,6.72,6.3643527
GPCR,pK,3824,4.314,4.592533
GPCR,pK,3825,5.137,5.1706567
GPCR,pK,3826,6.854,5.4570756
GPCR,pK,3827,6.7,7.6209292
GPCR,pK,3828,5.699,5.5716267
GPCR,pK,3829,4.75,4.606295
GPCR,pK,3830,7.387,5.2079997
GPCR,pK,3831,9.7,9.684276
GPCR,pK,3832,6.367,7.0375524
GPCR,pK,3833,9.9,10.04275
GPCR,pK,3834,9.252,9.914452
GPCR,pK,3835,8.5,9.659963
GPCR,pK,3836,4.98,4.799606
GPCR,pK,3837,6.915,8.207694
GPCR,pK,3838,5.886,6.625315
GPCR,pK,3839,7.143,6.446555
GPCR,pK,3840,6.156,6.05201
GPCR,pK,3841,6.827,7.059755
GPCR,pK,3842,6.208,7.5331874
GPCR,pK,3843,8.137,7.646914
GPCR,pK,3844,5.886,5.955477
GPCR,pK,3845,7.77,7.603503
GPCR,pK,3846,6.538,7.125626
GPCR,pK,3847,6.222,6.0804935
GPCR,pK,3848,7.107,7.3247066
GPCR,pK,3849,6.553,6.694617
GPCR,pK,3850,8.585,8.326471
GPCR,pK,3851,5.22,5.578235
GPCR,pK,3852,5.432,5.2383285
GPCR,pK,3853,6.409,6.982551
GPCR,pK,3854,6.469,6.4672914
GPCR,pK,3855,5.945,5.7479644
GPCR,pK,3856,5.627,7.1276584
GPCR,pK,3857,6.511,6.714498
GPCR,pK,3858,6.288,5.9062104
GPCR,pK,3859,8.824,7.652823
GPCR,pK,3860,8.721,8.850442
GPCR,pK,3861,9.252,9.149983
GPCR,pK,3862,9.046,8.833995
GPCR,pK,3863,10.09,10.209084
GPCR,pK,3864,7.347,8.286226
GPCR,pK,3865,9.398,8.54243
GPCR,pK,3866,9.0,8.6255865
GPCR,pK,3867,8.77,7.9485216
GPCR,pK,3868,10.2,10.134011
GPCR,pK,3869,9.0,9.116917
GPCR,pK,3870,6.921,6.3579698
GPCR,pK,3871,8.585,8.582879
GPCR,pK,3872,8.0,8.098814
GPCR,pK,3873,7.569,5.6455665
GPCR,pK,3874,6.58,6.839018
GPCR,pK,3875,7.521,6.7604127
GPCR,pK,3876,10.796,10.284792
GPCR,pK,3877,9.7,9.162841
GPCR,pK,3878,8.247,8.281281
GPCR,pK,3879,6.187,6.9867105
GPCR,pK,3880,9.398,9.062938
GPCR,pK,3881,9.523,9.456826
GPCR,pK,3882,9.624,9.165126
GPCR,pK,3883,10.114,10.268846
GPCR,pK,3884,10.1,10.280333
GPCR,pK,3885,7.469,7.672953
GPCR,pK,3886,7.6,6.6811156
GPCR,pK,3887,4.645,6.77147
GPCR,pK,3888,6.0,5.601461
GPCR,pK,3889,8.348,8.080642
GPCR,pK,3890,5.644,7.311279
GPCR,pK,3891,7.244,6.4582744
GPCR,pK,3892,5.867,6.8373666
GPCR,pK,3893,6.064,6.2108173
GPCR,pK,3894,5.834,6.0505137
GPCR,pK,3895,6.788,6.458455
GPCR,pK,3896,7.215,6.5338764
GPCR,pK,3897,8.387,8.726588
GPCR,pK,3898,7.745,7.5112395
GPCR,pK,3899,8.201,9.581082
GPCR,pK,3900,6.222,6.261433
GPCR,pK,3901,4.933,4.602739
GPCR,pK,3902,5.251,5.346272
GPCR,pK,3903,7.569,7.230499
GPCR,pK,3904,7.29,7.6480274
GPCR,pK,3905,6.721,6.932773
GPCR,pK,3906,6.921,7.0456305
GPCR,pK,3907,6.469,7.1078525
GPCR,pK,3908,6.481,6.373841
GPCR,pK,3909,7.347,7.770365
GPCR,pK,3910,6.678,6.967305
GPCR,pK,3911,8.046,7.99402
GPCR,pK,3912,5.777,6.002274
GPCR,pK,3913,8.018,7.223289
GPCR,pK,3914,5.754,5.7784843
GPCR,pK,3915,6.009,6.5050673
GPCR,pK,3916,8.716,8.437217
GPCR,pK,3917,4.293,6.666511
GPCR,pK,3918,6.048,8.514548
GPCR,pK,3919,5.738,6.597597
GPCR,pK,3920,6.264,6.58567
GPCR,pK,3921,6.472,7.0777793
GPCR,pK,3922,6.211,6.0494075
GPCR,pK,3923,7.301,7.1528997
GPCR,pK,3924,6.745,7.078565
GPCR,pK,3925,6.506,6.6683784
GPCR,pK,3926,6.056,6.538554
GPCR,pK,3927,7.284,7.126379
GPCR,pK,3928,8.284,7.221795
GPCR,pK,3929,7.979,7.6967764
GPCR,pK,3930,6.255,7.310236
GPCR,pK,3931,7.018,8.609982
GPCR,pK,3932,5.672,5.737893
GPCR,pK,3933,5.061,4.6294017
GPCR,pK,3934,6.246,7.0114937
GPCR,pK,3935,7.023,6.9375353
GPCR,pK,3936,6.569,7.228883
GPCR,pK,3937,7.356,6.970687
GPCR,pK,3938,7.377,8.597945
GPCR,pK,3939,6.914,8.386796
GPCR,pK,3940,7.523,6.6581798
GPCR,pK,3941,7.668,7.2843046
GPCR,pK,3942,7.1,4.758823
GPCR,pK,3943,7.16,7.0650144
GPCR,pK,3944,6.368,6.3469567
GPCR,pK,3945,5.569,5.508904
GPCR,pK,3946,8.67,7.2836595
GPCR,pK,3947,6.31,6.2194624
GPCR,pK,3948,7.509,6.7263956
GPCR,pK,3949,5.403,5.6032586
GPCR,pK,3950,7.45,7.078054
GPCR,pK,3951,6.49,7.3121867
GPCR,pK,3952,7.05,6.8437552
GPCR,pK,3953,7.62,7.120527
GPCR,pK,3954,8.0,8.196337
GPCR,pK,3955,6.98,7.8488116
GPCR,pK,3956,5.53,5.397902
GPCR,pK,3957,7.91,7.3686323
GPCR,pK,3958,6.4,6.6932993
GPCR,pK,3959,6.9,5.780713
GPCR,pK,3960,6.0,6.071091
GPCR,pK,3961,6.444,6.075192
GPCR,pK,3962,7.227,6.4201875
GPCR,pK,3963,6.889,6.970978
GPCR,pK,3964,6.187,6.708154
GPCR,pK,3965,5.3,5.255984
GPCR,pK,3966,5.6,5.7568927
GPCR,pK,3967,6.167,5.801604
GPCR,pK,3968,5.87,5.826799
GPCR,pK,3969,6.79,7.0965962
GPCR,pK,3970,6.658,6.5030074
GPCR,pK,3971,7.215,6.6709604
GPCR,pK,3972,5.292,5.3069253
GPCR,pK,3973,5.0,5.0111904
GPCR,pK,3974,6.0,6.2857924
GPCR,pK,3975,5.745,5.825127
GPCR,pK,3976,5.229,5.4339643
GPCR,pK,3977,5.745,5.705156
GPCR,pK,3978,5.77,5.7005486
GPCR,pK,3979,5.593,5.6149807
GPCR,pK,3980,6.224,6.3280854
GPCR,pK,3981,6.098,5.603555
GPCR,pK,3982,7.418,7.2412543
GPCR,pK,3983,6.611,6.2879734
GPCR,pK,3984,6.804,6.5267305
GPCR,pK,3985,5.977,6.083585
GPCR,pK,3986,6.542,5.8626766
GPCR,pK,3987,6.724,6.470428
GPCR,pK,3988,6.141,6.3064723
GPCR,pK,3989,5.376,5.200951
GPCR,pK,3990,6.602,7.0148897
GPCR,pK,3991,8.319,8.293729
GPCR,pK,3992,4.796,5.4187064
GPCR,pK,3993,6.163,7.4918313
GPCR,pK,3994,5.928,6.2286325
GPCR,pK,3995,6.131,5.897342
GPCR,pK,3996,6.582,6.491038
GPCR,pK,3997,6.873,7.466955
GPCR,pK,3998,8.208,8.344105
GPCR,pK,3999,8.854,7.8578115
GPCR,pK,4000,8.328,7.8628097
GPCR,pK,4001,8.678,8.998704
GPCR,pK,4002,8.119,9.847479
GPCR,pK,4003,8.337,8.888219
GPCR,pK,4004,6.408,7.1045194
GPCR,pK,4005,9.0,9.197104
GPCR,pK,4006,5.879,5.8457713
GPCR,pK,4007,6.318,6.4555125
GPCR,pK,4008,5.51,7.0143657
GPCR,pK,4009,6.693,7.4602914
GPCR,pK,4010,7.264,6.6159625
GPCR,pK,4011,7.317,7.1660466
GPCR,pK,4012,5.81,6.7179103
GPCR,pK,4013,6.23,6.192037
GPCR,pK,4014,7.097,7.404039
GPCR,pK,4015,6.475,7.371614
GPCR,pK,4016,7.638,7.6413946
GPCR,pK,4017,6.174,5.7613797
GPCR,pK,4018,8.979,8.347889
GPCR,pK,4019,6.506,5.490142
GPCR,pK,4020,8.62,8.509704
GPCR,pK,4021,6.77,6.913582
GPCR,pK,4022,5.529,5.700363
GPCR,pK,4023,6.192,6.102098
GPCR,pK,4024,4.648,4.7617064
GPCR,pK,4025,5.75,6.517575
GPCR,pK,4026,6.321,6.1864724
GPCR,pK,4027,5.658,5.2708774
GPCR,pK,4028,6.009,5.976799
GPCR,pK,4029,5.547,5.4373856
GPCR,pK,4030,5.87,5.221522
GPCR,pK,4031,6.202,6.071612
GPCR,pK,4032,8.036,8.836726
GPCR,pK,4033,5.041,5.4802685
GPCR,pK,4034,4.757,5.237842
GPCR,pK,4035,9.538,7.3842216
GPCR,pK,4036,9.699,8.344772
GPCR,pK,4037,5.8,7.8015466
GPCR,pK,4038,7.1,7.628527
GPCR,pK,4039,5.7,6.594769
GPCR,pK,4040,7.409,7.025167
GPCR,pK,4041,6.432,6.887686
GPCR,pK,4042,7.559,7.725752
GPCR,pK,4043,7.305,7.6500063
GPCR,pK,4044,8.036,7.7763977
GPCR,pK,4045,7.987,7.456804
GPCR,pK,4046,8.06,7.812405
GPCR,pK,4047,7.648,7.8354154
GPCR,pK,4048,7.523,7.7145963
GPCR,pK,4049,6.62,6.9859424
GPCR,pK,4050,7.442,6.975314
GPCR,pK,4051,6.936,6.537299
GPCR,pK,4052,7.588,6.8468714
GPCR,pK,4053,7.914,6.8574014
GPCR,pK,4054,7.552,6.671077
GPCR,pK,4055,6.668,6.532477
GPCR,pK,4056,7.407,7.012498
GPCR,pK,4057,4.754,5.3323073
GPCR,pK,4058,7.355,6.7064447
GPCR,pK,4059,7.051,6.772677
GPCR,pK,4060,5.484,5.5654345
GPCR,pK,4061,7.292,6.2801805
GPCR,pK,4062,5.523,5.1323743
GPCR,pK,4063,5.125,5.0434155
GPCR,pK,4064,6.785,6.678904
GPCR,pK,4065,7.111,6.9065976
GPCR,pK,4066,7.284,6.422997
GPCR,pK,4067,5.444,5.992885
GPCR,pK,4068,8.551,7.8973937
GPCR,pK,4069,5.921,6.8585796
GPCR,pK,4070,6.512,7.1287584
GPCR,pK,4071,7.399,7.1715374
GPCR,pK,4072,7.189,7.146719
GPCR,pK,4073,9.0,9.39722
GPCR,pK,4074,5.638,5.5130486
GPCR,pK,4075,6.987,6.164626
GPCR,pK,4076,6.536,7.901799
GPCR,pK,4077,8.155,8.185896
GPCR,pK,4078,5.538,6.838618
GPCR,pK,4079,6.132,5.9627337
GPCR,pK,4080,7.932,8.271354
GPCR,pK,4081,6.298,5.9346013
GPCR,pK,4082,6.343,5.6190367
GPCR,pK,4083,5.558,5.5208592
GPCR,pK,4084,5.573,5.517817
GPCR,pK,4085,6.252,7.6620383
GPCR,pK,4086,7.818,7.6952586
GPCR,pK,4087,7.359,7.4721603
GPCR,pK,4088,5.668,6.3767653
GPCR,pK,4089,8.357,9.038684
GPCR,pK,4090,8.086,7.9890895
GPCR,pK,4091,6.202,6.4067073
GPCR,pK,4092,5.134,5.842712
GPCR,pK,4093,7.276,7.331551
GPCR,pK,4094,6.456,6.612477
GPCR,pK,4095,5.193,5.71075
GPCR,pK,4096,6.804,6.513558
GPCR,pK,4097,6.285,6.831482
GPCR,pK,4098,6.237,6.100424
GPCR,pK,4099,6.313,7.1197534
GPCR,pK,4100,7.547,7.249606
GPCR,pK,4101,9.301,8.664259
GPCR,pK,4102,9.398,9.384939
GPCR,pK,4103,9.0,8.999529
GPCR,pK,4104,5.57,5.491018
GPCR,pK,4105,9.699,9.414195
GPCR,pK,4106,6.036,5.7104373
GPCR,pK,4107,6.745,7.238027
GPCR,pK,4108,8.328,7.918516
GPCR,pK,4109,7.509,7.200663
GPCR,pK,4110,8.42,8.4709425
GPCR,pK,4111,9.301,8.984323
GPCR,pK,4112,8.699,8.511724
GPCR,pK,4113,9.046,8.374976
GPCR,pK,4114,8.538,8.537732
GPCR,pK,4115,8.854,8.474294
GPCR,pK,4116,9.222,9.48808
GPCR,pK,4117,9.398,9.6627
GPCR,pK,4118,8.244,9.230896
GPCR,pK,4119,8.092,8.08181
GPCR,pK,4120,8.292,8.118478
GPCR,pK,4121,7.62,7.7414064
GPCR,pK,4122,8.066,8.343158
GPCR,pK,4123,6.623,6.1085844
GPCR,pK,4124,7.959,6.886278
GPCR,pK,4125,6.337,6.382068
GPCR,pK,4126,7.775,7.4098296
GPCR,pK,4127,5.625,5.4130054
GPCR,pK,4128,8.305,7.673364
GPCR,pK,4129,6.524,7.342609
GPCR,pK,4130,6.951,6.8818393
GPCR,pK,4131,6.382,5.751329
GPCR,pK,4132,8.824,8.502492
GPCR,pK,4133,4.708,4.820172
GPCR,pK,4134,7.244,6.613506
GPCR,pK,4135,8.167,8.456964
GPCR,pK,4136,6.959,6.7790546
GPCR,pK,4137,6.301,7.0582366
GPCR,pK,4138,6.45,6.786377
GPCR,pK,4139,6.65,6.3298593
GPCR,pK,4140,6.928,6.5521703
GPCR,pK,4141,6.13,6.1823974
GPCR,pK,4142,6.391,6.377401
GPCR,pK,4143,7.108,6.524082
GPCR,pK,4144,5.699,6.0320163
GPCR,pK,4145,6.012,6.9690723
GPCR,pK,4146,6.932,6.4845953
GPCR,pK,4147,5.74,5.83017
GPCR,pK,4148,6.303,6.328902
GPCR,pK,4149,7.921,8.820794
GPCR,pK,4150,9.155,9.532206
GPCR,pK,4151,8.979,8.385452
GPCR,pK,4152,5.796,5.4841614
GPCR,pK,4153,7.23,5.804301
GPCR,pK,4154,4.728,4.9425144
GPCR,pK,4155,7.827,7.417744
GPCR,pK,4156,6.0,6.2248473
GPCR,pK,4157,6.695,6.853251
GPCR,pK,4158,4.646,4.588428
GPCR,pK,4159,6.319,7.545046
GPCR,pK,4160,7.164,7.9809203
GPCR,pK,4161,5.959,5.51329
GPCR,pK,4162,8.398,8.005598
GPCR,pK,4163,8.268,8.766248
GPCR,pK,4164,7.131,5.8519597
GPCR,pK,4165,7.553,7.190645
GPCR,pK,4166,5.088,5.9990993
GPCR,pK,4167,6.342,7.2217474
GPCR,pK,4168,6.16,5.9035172
GPCR,pK,4169,8.638,8.446057
GPCR,pK,4170,7.194,7.6584535
GPCR,pK,4171,7.509,7.153806
GPCR,pK,4172,7.821,7.5726547
GPCR,pK,4173,6.31,7.703405
GPCR,pK,4174,9.301,8.476543
GPCR,pK,4175,8.523,8.71193
GPCR,pK,4176,8.319,8.370276
GPCR,pK,4177,7.833,8.513483
GPCR,pK,4178,8.523,8.317273
GPCR,pK,4179,6.682,6.513087
GPCR,pK,4180,7.056,6.943208
GPCR,pK,4181,6.194,6.880389
GPCR,pK,4182,5.666,5.5184007
GPCR,pK,4183,6.478,7.0507293
GPCR,pK,4184,8.188,7.0969577
GPCR,pK,4185,5.051,5.8162637
GPCR,pK,4186,9.585,9.030654
GPCR,pK,4187,5.429,6.850022
GPCR,pK,4188,9.328,9.345489
GPCR,pK,4189,6.097,6.541489
GPCR,pK,4190,6.357,6.5147853
GPCR,pK,4191,6.726,6.187268
GPCR,pK,4192,5.509,4.7029414
GPCR,pK,4193,8.721,8.709827
GPCR,pK,4194,8.071,8.028846
GPCR,pK,4195,5.9,6.097817
GPCR,pK,4196,7.174,7.6512504
GPCR,pK,4197,8.222,8.307073
GPCR,pK,4198,8.699,8.738135
GPCR,pK,4199,5.611,6.844538
GPCR,pK,4200,6.18,6.2598195
GPCR,pK,4201,7.051,6.4410877
GPCR,pK,4202,6.242,6.5419345
GPCR,pK,4203,6.587,6.9446454
GPCR,pK,4204,6.377,6.929009
GPCR,pK,4205,5.345,5.3597217
GPCR,pK,4206,7.308,6.956874
GPCR,pK,4207,8.155,8.217762
GPCR,pK,4208,7.06,6.9346867
GPCR,pK,4209,5.638,5.4307966
GPCR,pK,4210,5.398,5.75942
GPCR,pK,4211,9.367,7.992032
GPCR,pK,4212,6.009,6.131303
GPCR,pK,4213,7.378,7.1765676
GPCR,pK,4214,7.12,6.7901793
GPCR,pK,4215,7.502,7.5743012
GPCR,pK,4216,8.099,7.477897
GPCR,pK,4217,6.459,7.6737447
GPCR,pK,4218,5.778,6.2902346
GPCR,pK,4219,6.64,5.9327183
GPCR,pK,4220,7.509,7.6841383
GPCR,pK,4221,7.796,7.528386
GPCR,pK,4222,6.51,6.767769
GPCR,pK,4223,6.971,7.241156
GPCR,pK,4224,6.377,7.2688727
GPCR,pK,4225,7.818,6.806074
GPCR,pK,4226,7.444,7.4364038
GPCR,pK,4227,6.31,6.441029
GPCR,pK,4228,6.74,6.349026
GPCR,pK,4229,5.041,6.250006
GPCR,pK,4230,6.42,6.9176016
GPCR,pK,4231,7.244,7.4557395
GPCR,pK,4232,8.31,8.42927
GPCR,pK,4233,8.523,8.751532
GPCR,pK,4234,5.215,5.129019
GPCR,pK,4235,6.029,6.248942
GPCR,pK,4236,7.481,6.450106
GPCR,pK,4237,8.155,8.106308
GPCR,pK,4238,7.959,8.058199
GPCR,pK,4239,6.606,6.2956386
GPCR,pK,4240,8.018,8.31758
GPCR,pK,4241,6.218,6.319162
GPCR,pK,4242,5.516,5.561544
GPCR,pK,4243,7.181,8.059309
GPCR,pK,4244,7.135,7.466176
GPCR,pK,4245,6.398,6.5493627
GPCR,pK,4246,6.046,7.42751
GPCR,pK,4247,8.357,7.876245
GPCR,pK,4248,8.523,8.473998
GPCR,pK,4249,7.827,8.137482
GPCR,pK,4250,8.201,7.868549
GPCR,pK,4251,6.257,6.2359185
GPCR,pK,4252,9.4,9.117808
GPCR,pK,4253,5.1,5.490664
GPCR,pK,4254,6.437,6.152086
GPCR,pK,4255,7.633,8.095098
GPCR,pK,4256,7.102,7.970721
GPCR,pK,4257,8.013,8.366374
GPCR,pK,4258,6.157,6.6638465
GPCR,pK,4259,6.658,6.2326884
GPCR,pK,4260,7.237,7.9809985
GPCR,pK,4261,7.0,7.3227687
GPCR,pK,4262,7.3,7.165369
GPCR,pK,4263,8.99,8.5162
GPCR,pK,4264,7.537,7.548232
GPCR,pK,4265,7.481,7.277512
GPCR,pK,4266,5.986,5.3972225
GPCR,pK,4267,5.398,5.509763
GPCR,pK,4268,7.523,8.629697
GPCR,pK,4269,6.556,6.197892
GPCR,pK,4270,6.98,6.636562
GPCR,pK,4271,9.222,8.239328
GPCR,pK,4272,8.921,8.657332
GPCR,pK,4273,6.418,6.985727
GPCR,pK,4274,7.444,5.5080886
GPCR,pK,4275,7.796,7.8899236
GPCR,pK,4276,8.108,7.8332677
GPCR,pK,4277,7.602,6.45316
GPCR,pK,4278,6.921,6.6397033
GPCR,pK,4279,7.7,7.711924
GPCR,pK,4280,4.686,4.8421516
GPCR,pK,4281,6.679,6.916397
GPCR,pK,4282,5.522,6.086878
GPCR,pK,4283,6.658,7.640595
GPCR,pK,4284,7.595,7.7065268
GPCR,pK,4285,6.298,6.3844967
GPCR,pK,4286,6.6,6.664533
GPCR,pK,4287,6.926,8.290845
GPCR,pK,4288,6.469,8.068137
GPCR,pK,4289,8.599,7.596356
GPCR,pK,4290,7.265,7.7293897
GPCR,pK,4291,9.553,7.3361554
GPCR,pK,4292,8.194,7.565993
GPCR,pK,4293,7.818,7.707024
GPCR,pK,4294,7.31,6.772986
GPCR,pK,4295,6.656,7.6450276
GPCR,pK,4296,6.693,7.1371336
GPCR,pK,4297,6.225,7.178226
GPCR,pK,4298,6.812,6.309965
GPCR,pK,4299,6.225,5.329608
GPCR,pK,4300,5.766,5.6547494
GPCR,pK,4301,6.815,5.734598
GPCR,pK,4302,5.259,5.897273
GPCR,pK,4303,6.046,6.662393
GPCR,pK,4304,6.618,7.002586
GPCR,pK,4305,6.818,7.0069757
GPCR,pK,4306,6.796,6.889122
GPCR,pK,4307,7.746,7.490603
GPCR,pK,4308,6.409,6.5649066
GPCR,pK,4309,5.194,6.248205
GPCR,pK,4310,5.398,6.074488
GPCR,pK,4311,5.569,5.44169
GPCR,pK,4312,6.071,5.6036377
GPCR,pK,4313,8.951,8.002099
GPCR,pK,4314,4.886,5.786628
GPCR,pK,4315,6.564,5.7674556
GPCR,pK,4316,7.137,7.974293
GPCR,pK,4317,8.553,8.118681
GPCR,pK,4318,6.654,7.6202636
GPCR,pK,4319,7.854,8.097372
GPCR,pK,4320,6.509,7.6734986
GPCR,pK,4321,6.678,7.581161
GPCR,pK,4322,6.921,8.018267
GPCR,pK,4323,7.26,6.8894935
GPCR,pK,4324,6.78,7.435668
GPCR,pK,4325,6.991,7.331078
GPCR,pK,4326,6.337,5.3341336
GPCR,pK,4327,6.77,6.3630643
GPCR,pK,4328,6.301,5.6947026
GPCR,pK,4329,6.173,6.6608815
GPCR,pK,4330,4.555,4.465177
GPCR,pK,4331,6.627,6.3938975
GPCR,pK,4332,6.235,7.2033057
GPCR,pK,4333,6.656,6.4375424
GPCR,pK,4334,7.562,7.948076
GPCR,pK,4335,6.015,6.498264
GPCR,pK,4336,6.351,7.1848426
GPCR,pK,4337,7.377,7.5147314
GPCR,pK,4338,8.592,7.8576
GPCR,pK,4339,8.541,8.029807
GPCR,pK,4340,8.411,8.019279
GPCR,pK,4341,7.994,7.558085
GPCR,pK,4342,7.444,7.418887
GPCR,pK,4343,7.56,7.353508
GPCR,pK,4344,7.081,6.86805
GPCR,pK,4345,6.5,5.862026
GPCR,pK,4346,7.268,7.0482917
GPCR,pK,4347,6.504,6.741037
GPCR,pK,4348,5.866,6.1630845
GPCR,pK,4349,6.638,6.466924
GPCR,pK,4350,6.666,7.945148
GPCR,pK,4351,6.854,6.982744
GPCR,pK,4352,7.652,7.437185
GPCR,pK,4353,8.051,7.2635827
GPCR,pK,4354,7.886,8.307449
GPCR,pK,4355,7.469,8.796005
GPCR,pK,4356,7.538,6.773771
GPCR,pK,4357,6.762,6.517016
GPCR,pK,4358,5.968,6.2528806
GPCR,pK,4359,6.583,8.0962305
GPCR,pK,4360,6.95,5.984241
GPCR,pK,4361,6.873,6.821653
GPCR,pK,4362,6.173,6.3124533
GPCR,pK,4363,7.496,7.3888326
GPCR,pK,4364,8.201,8.445156
GPCR,pK,4365,7.187,7.021005
GPCR,pK,4366,6.301,6.0801396
GPCR,pK,4367,7.959,7.7237244
GPCR,pK,4368,8.792,8.973447
GPCR,pK,4369,8.699,8.624005
GPCR,pK,4370,5.511,6.2351003
GPCR,pK,4371,6.923,6.8580036
GPCR,pK,4372,8.133,8.011411
GPCR,pK,4373,8.828,8.673814
GPCR,pK,4374,9.155,8.222845
GPCR,pK,4375,10.585,8.181149
GPCR,pK,4376,9.013,8.5567045
GPCR,pK,4377,8.137,7.556166
GPCR,pK,4378,9.959,7.289236
GPCR,pK,4379,8.367,7.709488
GPCR,pK,4380,5.403,6.352772
GPCR,pK,4381,5.669,5.5454917
GPCR,pK,4382,5.987,6.424518
GPCR,pK,4383,5.499,7.3270874
GPCR,pK,4384,5.768,6.8111453
GPCR,pK,4385,7.569,7.6544337
GPCR,pK,4386,8.036,8.352916
GPCR,pK,4387,7.357,7.397934
GPCR,pK,4388,9.086,8.832738
GPCR,pK,4389,7.569,7.5359473
GPCR,pK,4390,6.68,7.0401225
GPCR,pK,4391,7.745,7.9985375
GPCR,pK,4392,7.796,8.251519
GPCR,pK,4393,6.607,8.629413
GPCR,pK,4394,5.482,5.6263113
GPCR,pK,4395,8.301,7.8106217
GPCR,pK,4396,9.301,8.766063
GPCR,pK,4397,6.851,7.107901
GPCR,pK,4398,7.208,8.502819
GPCR,pK,4399,7.658,8.219252
GPCR,pK,4400,6.111,5.9802337
GPCR,pK,4401,6.893,7.7584662
GPCR,pK,4402,8.215,7.8499637
GPCR,pK,4403,7.481,7.8297005
GPCR,pK,4404,5.715,5.7761073
GPCR,pK,4405,6.932,7.2727175
GPCR,pK,4406,7.018,7.4733453
GPCR,pK,4407,7.509,7.5919757
GPCR,pK,4408,5.258,5.9254065
GPCR,pK,4409,5.194,6.109353
GPCR,pK,4410,7.222,7.976873
GPCR,pK,4411,5.066,4.978687
GPCR,pK,4412,9.398,8.702162
GPCR,pK,4413,7.745,7.991939
GPCR,pK,4414,6.097,5.915809
GPCR,pK,4415,6.699,6.0808206
GPCR,pK,4416,6.951,6.454865
GPCR,pK,4417,8.046,8.29496
GPCR,pK,4418,6.155,6.2707057
GPCR,pK,4419,7.772,6.4653144
GPCR,pK,4420,5.535,5.360867
GPCR,pK,4421,7.244,7.285865
GPCR,pK,4422,6.141,6.428736
GPCR,pK,4423,7.027,6.167751
GPCR,pK,4424,6.387,6.7271323
GPCR,pK,4425,8.745,8.755435
GPCR,pK,4426,5.051,5.912316
GPCR,pK,4427,5.425,5.605479
GPCR,pK,4428,6.726,6.531425
GPCR,pK,4429,8.538,8.988736
GPCR,pK,4430,8.119,7.4034104
GPCR,pK,4431,5.62,5.215883
GPCR,pK,4432,8.469,7.50684
GPCR,pK,4433,8.921,8.1939335
GPCR,pK,4434,7.18,7.892668
GPCR,pK,4435,9.31,8.897033
GPCR,pK,4436,7.038,7.2494183
GPCR,pK,4437,8.569,8.364954
GPCR,pK,4438,7.771,8.049047
GPCR,pK,4439,7.62,7.6398897
GPCR,pK,4440,7.041,5.9611764
GPCR,pK,4441,6.009,5.707253
GPCR,pK,4442,6.009,5.9284816
GPCR,pK,4443,6.276,6.32958
GPCR,pK,4444,8.886,8.887984
GPCR,pK,4445,5.759,5.170196
GPCR,pK,4446,6.004,6.2965217
GPCR,pK,4447,6.587,7.830642
GPCR,pK,4448,8.201,7.745628
GPCR,pK,4449,4.523,5.212604
GPCR,pK,4450,7.354,7.4781966
GPCR,pK,4451,8.78,6.9762673
GPCR,pK,4452,9.155,8.641648
GPCR,pK,4453,7.156,7.5152197
GPCR,pK,4454,8.102,8.090528
GPCR,pK,4455,9.155,8.526372
GPCR,pK,4456,9.046,8.886324
GPCR,pK,4457,6.921,6.140219
GPCR,pK,4458,5.666,5.457691
GPCR,pK,4459,8.387,8.20678
GPCR,pK,4460,3.442,3.6166391
GPCR,pK,4461,7.086,7.515786
GPCR,pK,4462,5.62,5.693644
GPCR,pK,4463,7.456,7.3497305
GPCR,pK,4464,6.91,6.8283343
GPCR,pK,4465,6.689,6.8688235
GPCR,pK,4466,6.699,6.8706822
GPCR,pK,4467,7.174,7.4729238
GPCR,pK,4468,8.156,6.610121
GPCR,pK,4469,8.201,7.592151
GPCR,pK,4470,9.046,8.443244
GPCR,pK,4471,7.276,7.5620914
GPCR,pK,4472,5.472,5.416264
GPCR,pK,4473,9.0,8.960889
GPCR,pK,4474,5.959,5.498343
GPCR,pK,4475,5.0,5.11559
GPCR,pK,4476,8.301,8.5085
GPCR,pK,4477,5.0,4.978514
GPCR,pK,4478,5.114,6.0326967
GPCR,pK,4479,6.803,7.6442723
GPCR,pK,4480,7.509,8.266753
GPCR,pK,4481,8.556,8.91842
GPCR,pK,4482,7.097,6.89136
GPCR,pK,4483,6.215,6.157304
GPCR,pK,4484,6.155,6.3465333
GPCR,pK,4485,8.659,8.932118
GPCR,pK,4486,7.796,7.786544
GPCR,pK,4487,7.721,7.569729
GPCR,pK,4488,5.852,5.4341574
GPCR,pK,4489,7.046,6.9849052
GPCR,pK,4490,8.669,8.373683
GPCR,pK,4491,8.058,7.631167
GPCR,pK,4492,7.011,7.428316
GPCR,pK,4493,8.699,8.9461565
GPCR,pK,4494,7.495,7.3169093
GPCR,pK,4495,7.328,7.4625115
GPCR,pK,4496,7.481,7.3643737
GPCR,pK,4497,7.854,7.4547224
GPCR,pK,4498,8.699,8.681481
GPCR,pK,4499,4.811,4.3250813
GPCR,pK,4500,7.854,8.553462
GPCR,pK,4501,6.728,7.2427483
GPCR,pK,4502,5.324,5.90276
GPCR,pK,4503,7.187,7.4191475
GPCR,pK,4504,4.364,5.8387036
GPCR,pK,4505,5.367,7.775219
GPCR,pK,4506,7.4,6.30001
GPCR,pK,4507,7.708,6.8493843
GPCR,pK,4508,6.793,6.7732854
GPCR,pK,4509,6.646,6.6891704
GPCR,pK,4510,7.959,7.5972686
GPCR,pK,4511,7.252,7.556955
GPCR,pK,4512,7.585,8.671637
GPCR,pK,4513,7.319,7.417155
GPCR,pK,4514,8.438,8.349343
GPCR,pK,4515,5.738,5.9753222
GPCR,pK,4516,5.437,6.3963695
GPCR,pK,4517,6.359,6.1662354
GPCR,pK,4518,5.099,5.0588574
GPCR,pK,4519,3.367,6.253733
GPCR,pK,4520,7.056,7.0669694
GPCR,pK,4521,6.5,4.8748717
GPCR,pK,4522,8.31,7.28818
GPCR,pK,4523,7.79,8.097515
GPCR,pK,4524,6.699,8.060394
GPCR,pK,4525,6.955,6.8934493
GPCR,pK,4526,5.23,7.0486236
GPCR,pK,4527,7.1,7.325082
GPCR,pK,4528,8.659,8.20646
GPCR,pK,4529,8.11,7.8335223
GPCR,pK,4530,7.68,7.6812186
GPCR,pK,4531,7.96,7.3544884
GPCR,pK,4532,7.6,8.197538
GPCR,pK,4533,6.954,6.8254356
GPCR,pK,4534,8.29,8.381751
GPCR,pK,4535,6.2,5.1923614
GPCR,pK,4536,5.047,4.9884715
GPCR,pK,4537,5.718,5.5824976
GPCR,pK,4538,8.377,8.106188
GPCR,pK,4539,7.0,7.185135
GPCR,pK,4540,7.432,7.7101808
GPCR,pK,4541,6.991,6.924924
GPCR,pK,4542,4.914,5.554808
GPCR,pK,4543,5.127,5.413525
GPCR,pK,4544,7.187,7.198258
GPCR,pK,4545,6.523,6.636661
GPCR,pK,4546,7.372,6.1519504
GPCR,pK,4547,7.62,7.582851
GPCR,pK,4548,6.096,7.00045
GPCR,pK,4549,6.229,5.5385475
GPCR,pK,4550,7.745,7.5939603
GPCR,pK,4551,7.523,8.33604
GPCR,pK,4552,7.959,7.600974
GPCR,pK,4553,7.27,8.26826
GPCR,pK,4554,7.68,8.308844
GPCR,pK,4555,7.347,6.811422
GPCR,pK,4556,6.951,6.307312
GPCR,pK,4557,7.658,7.157726
GPCR,pK,4558,6.921,7.4441943
GPCR,pK,4559,7.607,7.8935413
GPCR,pK,4560,8.005,7.820715
GPCR,pK,4561,8.538,7.1384125
GPCR,pK,4562,8.706,8.657366
GPCR,pK,4563,4.876,5.4474463
GPCR,pK,4564,5.604,6.067408
GPCR,pK,4565,5.315,6.089009
GPCR,pK,4566,5.706,5.963488
GPCR,pK,4567,5.146,5.4287133
GPCR,pK,4568,5.73,6.9200664
GPCR,pK,4569,7.046,6.8202257
GPCR,pK,4570,6.688,6.8710527
GPCR,pK,4571,6.845,7.0232987
GPCR,pK,4572,7.056,6.5097504
GPCR,pK,4573,7.268,6.380079
GPCR,pK,4574,6.658,6.3415027
GPCR,pK,4575,6.975,7.3590827
GPCR,pK,4576,8.205,8.115765
GPCR,pK,4577,5.034,5.402633
GPCR,pK,4578,5.496,5.54036
GPCR,pK,4579,6.602,7.0355473
GPCR,pK,4580,8.26,8.354996
GPCR,pK,4581,7.194,7.294295
GPCR,pK,4582,6.529,6.2855325
GPCR,pK,4583,7.046,6.90386
GPCR,pK,4584,5.0,5.9441996
GPCR,pK,4585,7.553,7.856697
GPCR,pK,4586,8.046,8.157143
GPCR,pK,4587,8.268,8.180472
GPCR,pK,4588,8.108,7.7283216
GPCR,pK,4589,8.222,8.546997
GPCR,pK,4590,7.0,7.5132036
GPCR,pK,4591,8.076,8.205897
GPCR,pK,4592,7.602,7.4611945
GPCR,pK,4593,5.77,5.288961
GPCR,pK,4594,8.06,8.275517
GPCR,pK,4595,7.081,6.8107142
GPCR,pK,4596,9.0,8.58192
GPCR,pK,4597,8.561,8.704824
GPCR,pK,4598,7.538,8.3721
GPCR,pK,4599,7.222,7.295241
GPCR,pK,4600,7.62,7.6086435
GPCR,pK,4601,8.2,8.507583
GPCR,pK,4602,7.161,8.185062
GPCR,pK,4603,7.15,8.2339525
GPCR,pK,4604,5.07,5.1338882
GPCR,pK,4605,8.107,7.9610443
GPCR,pK,4606,8.229,8.198152
GPCR,pK,4607,6.0,5.5519843
GPCR,pK,4608,5.903,6.0595684
GPCR,pK,4609,7.62,7.3689256
GPCR,pK,4610,6.13,6.458406
GPCR,pK,4611,5.959,5.433535
GPCR,pK,4612,7.167,7.346413
GPCR,pK,4613,7.056,6.5919576
GPCR,pK,4614,6.374,6.5150905
GPCR,pK,4615,8.0,8.091893
GPCR,pK,4616,7.09,8.56683
GPCR,pK,4617,5.316,5.4087615
GPCR,pK,4618,9.406,9.29527
GPCR,pK,4619,9.668,9.355319
GPCR,pK,4620,6.553,6.457211
GPCR,pK,4621,8.701,8.616384
GPCR,pK,4622,6.785,6.581758
GPCR,pK,4623,6.567,6.5310316
GPCR,pK,4624,6.29,6.7033772
GPCR,pK,4625,5.387,5.489425
GPCR,pK,4626,7.456,7.7491565
GPCR,pK,4627,8.52,7.630324
GPCR,pK,4628,7.67,7.421288
GPCR,pK,4629,7.36,7.0531573
GPCR,pK,4630,7.67,7.3685765
GPCR,pK,4631,8.42,6.3488183
GPCR,pK,4632,7.886,8.135232
GPCR,pK,4633,6.146,6.402423
GPCR,pK,4634,6.088,6.460172
GPCR,pK,4635,6.199,6.1532416
GPCR,pK,4636,5.018,6.1358156
GPCR,pK,4637,6.507,5.8143573
GPCR,pK,4638,5.678,5.56191
GPCR,pK,4639,5.339,5.0801463
GPCR,pK,4640,5.658,6.3445964
GPCR,pK,4641,6.311,5.781112
GPCR,pK,4642,5.68,5.40797
GPCR,pK,4643,4.876,4.2737956
GPCR,pK,4644,5.886,6.7682767
GPCR,pK,4645,6.873,6.400154
GPCR,pK,4646,7.301,6.7867727
GPCR,pK,4647,8.138,8.801917
GPCR,pK,4648,5.638,5.5897455
GPCR,pK,4649,6.421,6.1696906
GPCR,pK,4650,5.591,5.187578
GPCR,pK,4651,5.285,5.3011546
GPCR,pK,4652,6.848,6.94313
GPCR,pK,4653,4.284,6.0002437
GPCR,pK,4654,4.757,4.7724156
GPCR,pK,4655,6.52,6.3912225
GPCR,pK,4656,7.147,7.715441
GPCR,pK,4657,7.599,8.252311
GPCR,pK,4658,7.458,7.5489054
GPCR,pK,4659,7.947,8.415767
GPCR,pK,4660,8.989,8.017321
GPCR,pK,4661,9.187,8.699061
GPCR,pK,4662,6.762,7.22543
GPCR,pK,4663,7.044,6.6455083
GPCR,pK,4664,9.11,7.6826777
GPCR,pK,4665,7.55,6.84584
GPCR,pK,4666,8.625,9.020316
GPCR,pK,4667,7.4,8.0278425
GPCR,pK,4668,6.039,6.696934
GPCR,pK,4669,5.268,5.709379
GPCR,pK,4670,4.287,4.740336
GPCR,pK,4671,6.955,8.500384
GPCR,pK,4672,6.22,6.3697805
GPCR,pK,4673,6.096,5.9224
GPCR,pK,4674,6.156,6.588205
GPCR,pK,4675,8.602,8.632156
GPCR,pK,4676,5.638,5.5283146
GPCR,pK,4677,5.115,5.400672
GPCR,pK,4678,7.759,7.5908637
GPCR,pK,4679,6.701,5.715203
GPCR,pK,4680,6.328,5.92439
GPCR,pK,4681,7.818,8.302291
GPCR,pK,4682,9.48,7.8179536
GPCR,pK,4683,8.883,8.778447
GPCR,pK,4684,9.117,9.698234
GPCR,pK,4685,8.421,8.633132
GPCR,pK,4686,7.998,8.581518
GPCR,pK,4687,7.152,7.009159
GPCR,pK,4688,8.009,7.7531447
GPCR,pK,4689,7.983,8.298469
GPCR,pK,4690,6.387,6.4152837
GPCR,pK,4691,8.602,8.763495
GPCR,pK,4692,7.886,7.986337
GPCR,pK,4693,7.409,7.3167963
GPCR,pK,4694,7.0,7.5059853
GPCR,pK,4695,7.268,6.7838016
GPCR,pK,4696,9.252,9.952464
GPCR,pK,4697,8.081,7.7630725
GPCR,pK,4698,8.62,9.016303
GPCR,pK,4699,8.824,8.504052
GPCR,pK,4700,8.796,8.7432575
GPCR,pK,4701,6.833,6.730868
GPCR,pK,4702,6.721,6.370481
GPCR,pK,4703,6.664,7.359331
GPCR,pK,4704,5.201,5.5671935
GPCR,pK,4705,5.509,5.3717294
GPCR,pK,4706,5.638,5.940208
GPCR,pK,4707,5.26,5.611284
GPCR,pK,4708,6.26,5.9520364
GPCR,pK,4709,6.271,6.8766937
GPCR,pK,4710,7.016,6.3594584
GPCR,pK,4711,8.431,9.123159
GPCR,pK,4712,7.827,7.8193946
GPCR,pK,4713,6.51,6.6007166
GPCR,pK,4714,5.277,6.7819433
GPCR,pK,4715,8.469,8.513889
GPCR,pK,4716,8.097,8.018173
GPCR,pK,4717,7.983,7.8123612
GPCR,pK,4718,8.886,7.844508
GPCR,pK,4719,6.939,6.595286
GPCR,pK,4720,7.602,7.6863017
GPCR,pK,4721,6.407,7.2674747
GPCR,pK,4722,6.268,6.614285
GPCR,pK,4723,8.398,8.928392
GPCR,pK,4724,6.959,7.2576213
GPCR,pK,4725,7.634,7.9618
GPCR,pK,4726,7.62,7.880912
GPCR,pK,4727,7.347,7.5166726
GPCR,pK,4728,7.125,8.404055
GPCR,pK,4729,7.125,7.210519
GPCR,pK,4730,8.276,6.9312797
GPCR,pK,4731,8.137,8.000464
GPCR,pK,4732,7.31,7.389337
GPCR,pK,4733,9.244,8.000598
GPCR,pK,4734,7.268,7.5272183
GPCR,pK,4735,6.951,7.3621964
GPCR,pK,4736,8.523,8.047184
GPCR,pK,4737,7.309,6.975554
GPCR,pK,4738,6.26,6.6421986
GPCR,pK,4739,7.71,7.607221
GPCR,pK,4740,8.444,9.19151
GPCR,pK,4741,7.461,6.0524592
GPCR,pK,4742,7.038,6.3025746
GPCR,pK,4743,7.597,5.8095527
GPCR,pK,4744,4.865,5.9960046
GPCR,pK,4745,7.955,8.048537
GPCR,pK,4746,6.015,5.9924884
GPCR,pK,4747,7.854,8.371512
GPCR,pK,4748,6.569,6.787166
GPCR,pK,4749,8.149,9.056067
GPCR,pK,4750,6.344,6.744657
GPCR,pK,4751,6.36,7.6500335
GPCR,pK,4752,6.538,6.083942
GPCR,pK,4753,5.832,6.9681087
GPCR,pK,4754,6.547,6.125761
GPCR,pK,4755,6.394,6.2871866
GPCR,pK,4756,5.559,6.2412868
GPCR,pK,4757,4.917,5.2671456
GPCR,pK,4758,5.366,5.1641145
GPCR,pK,4759,6.118,6.448185
GPCR,pK,4760,5.149,5.3877606
GPCR,pK,4761,8.187,7.664803
GPCR,pK,4762,8.337,8.971116
GPCR,pK,4763,7.411,7.5084057
GPCR,pK,4764,6.55,7.773069
GPCR,pK,4765,5.924,7.0218077
GPCR,pK,4766,6.257,6.4650426
GPCR,pK,4767,7.406,7.24412
GPCR,pK,4768,7.334,7.6674085
GPCR,pK,4769,5.06,6.723187
GPCR,pK,4770,7.613,8.207197
GPCR,pK,4771,7.013,6.560305
GPCR,pK,4772,5.708,6.780371
GPCR,pK,4773,6.767,7.4722595
GPCR,pK,4774,7.407,7.6419363
GPCR,pK,4775,5.02,5.812035
GPCR,pK,4776,9.041,9.292292
GPCR,pK,4777,8.754,8.600569
GPCR,pK,4778,8.454,8.585503
GPCR,pK,4779,5.237,5.349623
GPCR,pK,4780,7.795,8.599643
GPCR,pK,4781,8.584,8.214831
GPCR,pK,4782,7.071,7.1102695
GPCR,pK,4783,6.083,7.193594
GPCR,pK,4784,6.36,6.674359
GPCR,pK,4785,8.996,7.8293996
GPCR,pK,4786,9.743,9.318417
GPCR,pK,4787,6.914,7.3732734
GPCR,pK,4788,7.745,7.6245103
GPCR,pK,4789,6.284,7.1034427
GPCR,pK,4790,7.678,7.989601
GPCR,pK,4791,8.347,7.6603093
GPCR,pK,4792,5.728,5.733875
GPCR,pK,4793,5.824,5.801567
GPCR,pK,4794,7.824,7.946384
GPCR,pK,4795,4.91,5.9249644
GPCR,pK,4796,7.391,7.2956376
GPCR,pK,4797,7.939,8.373048
GPCR,pK,4798,5.873,6.1125693
GPCR,pK,4799,8.008,8.375406
GPCR,pK,4800,6.426,6.241039
GPCR,pK,4801,8.884,8.098948
GPCR,pK,4802,6.342,6.9864373
GPCR,pK,4803,6.384,6.3011885
GPCR,pK,4804,6.91,7.254348
GPCR,pK,4805,8.454,8.017148
GPCR,pK,4806,4.873,5.8597627
GPCR,pK,4807,8.292,7.595144
GPCR,pK,4808,6.041,5.968714
GPCR,pK,4809,7.565,7.9201584
GPCR,pK,4810,6.788,5.4703712
GPCR,pK,4811,7.42,7.3925433
GPCR,pK,4812,7.229,7.362641
GPCR,pK,4813,7.796,8.535844
GPCR,pK,4814,5.745,5.881883
GPCR,pK,4815,6.35,7.440079
GPCR,pK,4816,6.453,6.5184007
GPCR,pK,4817,6.238,6.2113037
GPCR,pK,4818,7.089,7.533505
GPCR,pK,4819,6.641,6.889733
GPCR,pK,4820,7.523,7.940147
GPCR,pK,4821,7.76,7.7821784
GPCR,pK,4822,5.0,5.9934554
GPCR,pK,4823,8.699,8.387179
GPCR,pK,4824,6.827,7.2874827
GPCR,pK,4825,7.174,6.250469
GPCR,pK,4826,8.708,8.398266
GPCR,pK,4827,9.274,9.389036
GPCR,pK,4828,5.419,5.2703185
GPCR,pK,4829,6.398,6.476326
GPCR,pK,4830,9.24,9.26992
GPCR,pK,4831,6.959,7.580429
GPCR,pK,4832,7.201,6.363307
GPCR,pK,4833,8.603,8.383714
GPCR,pK,4834,5.264,5.776295
GPCR,pK,4835,7.377,6.927832
GPCR,pK,4836,9.412,9.545556
GPCR,pK,4837,7.658,7.3534155
GPCR,pK,4838,5.643,5.9824815
GPCR,pK,4839,5.587,5.6750007
GPCR,pK,4840,6.261,5.824817
GPCR,pK,4841,6.126,6.439722
GPCR,pK,4842,5.917,5.903483
GPCR,pK,4843,6.073,5.8677588
GPCR,pK,4844,6.082,6.962937
GPCR,pK,4845,5.342,6.102974
GPCR,pK,4846,8.721,8.714902
GPCR,pK,4847,8.13,8.870139
GPCR,pK,4848,5.111,5.6813626
GPCR,pK,4849,6.737,6.8480797
GPCR,pK,4850,7.81,7.574043
GPCR,pK,4851,8.102,8.075795
GPCR,pK,4852,5.796,6.105731
GPCR,pK,4853,6.469,6.3987803
GPCR,pK,4854,4.824,4.9533305
GPCR,pK,4855,5.251,6.834364
GPCR,pK,4856,6.46,6.316182
GPCR,pK,4857,6.91,6.807524
GPCR,pK,4858,7.009,7.455801
GPCR,pK,4859,7.244,7.331512
GPCR,pK,4860,5.75,5.7497888
GPCR,pK,4861,8.076,7.78373
GPCR,pK,4862,8.343,8.122656
GPCR,pK,4863,5.699,5.1971793
GPCR,pK,4864,6.38,6.548984
GPCR,pK,4865,6.025,7.5621276
GPCR,pK,4866,9.4,8.710943
GPCR,pK,4867,6.131,6.6399355
GPCR,pK,4868,8.824,8.260625
GPCR,pK,4869,8.215,7.359386
GPCR,pK,4870,6.866,6.5233083
GPCR,pK,4871,5.657,5.856945
GPCR,pK,4872,8.137,7.8934565
GPCR,pK,4873,7.699,7.818807
GPCR,pK,4874,5.208,4.7722545
GPCR,pK,4875,5.516,5.563801
GPCR,pK,4876,8.26,6.601833
GPCR,pK,4877,7.154,7.5469313
GPCR,pK,4878,8.167,8.525146
GPCR,pK,4879,8.975,8.634374
GPCR,pK,4880,5.6,6.3187356
GPCR,pK,4881,8.932,8.567943
GPCR,pK,4882,9.538,9.382636
GPCR,pK,4883,7.971,8.3834305
GPCR,pK,4884,8.509,8.630281
GPCR,pK,4885,6.742,6.359174
GPCR,pK,4886,8.912,8.065594
GPCR,pK,4887,8.902,7.8547893
GPCR,pK,4888,4.983,5.400458
GPCR,pK,4889,7.019,6.8933616
GPCR,pK,4890,5.349,6.349235
GPCR,pK,4891,5.178,5.260852
GPCR,pK,4892,5.156,4.968365
GPCR,pK,4893,6.629,6.8039494
GPCR,pK,4894,6.745,6.6828995
GPCR,pK,4895,7.214,7.058369
GPCR,pK,4896,6.947,6.9799995
GPCR,pK,4897,5.921,6.7414536
GPCR,pK,4898,8.521,8.918089
GPCR,pK,4899,6.2,6.398021
GPCR,pK,4900,7.807,8.209352
GPCR,pK,4901,7.638,7.6222496
GPCR,pK,4902,8.0,8.181104
GPCR,pK,4903,7.551,8.082186
GPCR,pK,4904,5.917,5.5148063
GPCR,pK,4905,7.745,6.188544
GPCR,pK,4906,6.074,6.2788863
GPCR,pK,4907,6.45,6.6763854
GPCR,pK,4908,7.252,6.898579
GPCR,pK,4909,8.699,7.6484523
GPCR,pK,4910,6.398,6.2463617
GPCR,pK,4911,5.268,5.826823
GPCR,pK,4912,6.678,6.7413926
GPCR,pK,4913,8.357,8.280453
GPCR,pK,4914,6.046,6.289477
GPCR,pK,4915,8.337,8.27096
GPCR,pK,4916,8.62,8.392323
GPCR,pK,4917,6.425,6.9146047
GPCR,pK,4918,8.301,8.333745
GPCR,pK,4919,7.377,7.437585
GPCR,pK,4920,7.097,7.327233
GPCR,pK,4921,7.155,6.9456935
GPCR,pK,4922,6.331,6.0963464
GPCR,pK,4923,6.0,6.0023556
GPCR,pK,4924,6.886,7.1076794
GPCR,pK,4925,7.432,7.03233
GPCR,pK,4926,7.244,7.424599
GPCR,pK,4927,6.036,6.314918
GPCR,pK,4928,9.481,9.784188
GPCR,pK,4929,10.097,9.92817
GPCR,pK,4930,6.721,8.089378
GPCR,pK,4931,6.114,6.2597833
GPCR,pK,4932,5.337,4.7398906
GPCR,pK,4933,8.398,8.139958
GPCR,pK,4934,7.156,7.32819
GPCR,pK,4935,5.921,5.7308154
GPCR,pK,4936,7.12,7.250205
GPCR,pK,4937,6.648,6.6883817
GPCR,pK,4938,6.77,6.3226113
GPCR,pK,4939,8.167,7.595703
GPCR,pK,4940,6.678,6.539661
GPCR,pK,4941,5.585,5.4188223
GPCR,pK,4942,8.011,8.722601
GPCR,pK,4943,8.059,8.21916
GPCR,pK,4944,8.151,8.046461
GPCR,pK,4945,4.854,4.7359986
GPCR,pK,4946,4.06,4.2894588
GPCR,pK,4947,4.018,4.344523
GPCR,pK,4948,8.347,8.276505
GPCR,pK,4949,6.921,6.90767
GPCR,pK,4950,3.793,4.0677047
GPCR,pK,4951,4.796,4.9344125
GPCR,pK,4952,3.955,4.0706177
GPCR,pK,4953,5.357,5.4483085
GPCR,pK,4954,5.092,4.550057
GPCR,pK,4955,8.0,7.8903146
GPCR,pK,4956,7.06,7.3284535
GPCR,pK,4957,6.658,6.249408
GPCR,pK,4958,6.377,6.440335
GPCR,pK,4959,7.0,6.585496
GPCR,pK,4960,6.319,6.729815
GPCR,pK,4961,6.42,7.112633
GPCR,pK,4962,7.108,7.0085692
GPCR,pK,4963,6.26,6.2726727
GPCR,pK,4964,7.398,7.2735915
GPCR,pK,4965,6.854,6.921581
GPCR,pK,4966,3.936,4.2417727
GPCR,pK,4967,6.585,6.7376833
GPCR,pK,4968,8.658,8.781369
GPCR,pK,4969,6.658,8.133306
GPCR,pK,4970,7.678,7.256869
GPCR,pK,4971,7.347,7.098115
GPCR,pK,4972,7.62,7.341301
GPCR,pK,4973,6.658,6.5764084
GPCR,pK,4974,7.18,7.26889
GPCR,pK,4975,7.638,7.325487
GPCR,pK,4976,5.886,5.6812778
GPCR,pK,4977,6.959,7.2973485
GPCR,pK,4978,7.215,7.3991218
GPCR,pK,4979,6.593,6.8462486
GPCR,pK,4980,6.26,6.4147453
GPCR,pK,4981,7.244,7.129633
GPCR,pK,4982,6.487,7.2135158
GPCR,pK,4983,6.308,6.8508573
GPCR,pK,4984,5.854,5.5410094
GPCR,pK,4985,8.0,7.5398035
GPCR,pK,4986,5.398,5.630287
GPCR,pK,4987,5.076,4.8371625
GPCR,pK,4988,8.194,7.8787227
GPCR,pK,4989,8.208,7.9163146
GPCR,pK,4990,9.046,8.347993
GPCR,pK,4991,7.852,7.7474675
GPCR,pK,4992,7.959,7.479871
GPCR,pK,4993,8.282,8.860461
GPCR,pK,4994,7.569,7.5227327
GPCR,pK,4995,6.745,7.137477
GPCR,pK,4996,6.553,6.3520126
GPCR,pK,4997,5.036,5.34357
GPCR,pK,4998,7.959,7.9486127
GPCR,pK,4999,5.553,6.4573126
GPCR,pK,5000,6.959,6.86673
GPCR,pK,5001,6.553,6.419933
GPCR,pK,5002,6.125,6.1345725
GPCR,pK,5003,7.161,7.34751
GPCR,pK,5004,8.149,8.007909
GPCR,pK,5005,8.337,8.0648985
GPCR,pK,5006,7.167,7.5708194
GPCR,pK,5007,6.0,5.6416535
GPCR,pK,5008,6.13,5.7082124
GPCR,pK,5009,5.8,5.11401
GPCR,pK,5010,8.276,8.451264
GPCR,pK,5011,7.027,6.904809
GPCR,pK,5012,6.678,6.7647696
GPCR,pK,5013,8.222,7.908783
GPCR,pK,5014,6.509,6.720997
GPCR,pK,5015,7.301,7.057956
GPCR,pK,5016,7.119,7.452264
GPCR,pK,5017,6.146,6.9645224
GPCR,pK,5018,8.959,9.069802
GPCR,pK,5019,7.638,7.577717
GPCR,pK,5020,8.328,8.1921425
GPCR,pK,5021,8.377,7.60398
GPCR,pK,5022,6.678,7.2361407
GPCR,pK,5023,8.08,8.167934
GPCR,pK,5024,7.284,7.298826
GPCR,pK,5025,7.2,6.746616
GPCR,pK,5026,7.125,7.538029
GPCR,pK,5027,8.3,8.410344
GPCR,pK,5028,7.367,7.2508655
GPCR,pK,5029,9.658,9.473387
GPCR,pK,5030,9.71,9.850883
GPCR,pK,5031,9.979,9.592977
GPCR,pK,5032,8.456,8.559564
GPCR,pK,5033,9.158,9.341733
GPCR,pK,5034,9.0,9.837008
GPCR,pK,5035,8.108,9.260583
GPCR,pK,5036,6.638,8.61859
GPCR,pK,5037,8.131,8.764527
GPCR,pK,5038,8.77,8.772989
GPCR,pK,5039,7.638,6.6854973
GPCR,pK,5040,8.83,8.700903
GPCR,pK,5041,7.201,7.335047
GPCR,pK,5042,8.444,7.947787
GPCR,pK,5043,7.387,8.283483
GPCR,pK,5044,7.602,7.8543825
GPCR,pK,5045,8.854,8.782037
GPCR,pK,5046,8.0,7.297361
GPCR,pK,5047,7.108,7.240338
GPCR,pK,5048,7.854,7.8945603
GPCR,pK,5049,5.35,7.0029316
GPCR,pK,5050,8.456,7.0414596
GPCR,pK,5051,8.4,8.331948
GPCR,pK,5052,8.5,8.3638315
GPCR,pK,5053,8.0,8.204066
GPCR,pK,5054,8.155,8.101096
GPCR,pK,5055,7.602,7.330933
GPCR,pK,5056,8.678,7.3330374
GPCR,pK,5057,8.597,6.7921863
GPCR,pK,5058,5.5,4.705377
GPCR,pK,5059,7.301,7.389915
GPCR,pK,5060,7.638,8.045765
GPCR,pK,5061,7.523,7.4007354
GPCR,pK,5062,7.397,6.932723
GPCR,pK,5063,6.739,6.6664033
GPCR,pK,5064,8.6,8.181193
GPCR,pK,5065,7.1,7.137433
GPCR,pK,5066,7.2,7.411403
GPCR,pK,5067,8.4,8.926655
GPCR,pK,5068,6.6,6.402412
GPCR,pK,5069,9.6,9.056997
GPCR,pK,5070,7.268,7.388051
GPCR,pK,5071,7.569,7.7567744
GPCR,pK,5072,6.959,7.3053927
GPCR,pK,5073,8.237,9.110535
GPCR,pK,5074,6.854,7.580521
GPCR,pK,5075,7.553,7.8382874
GPCR,pK,5076,9.583,9.827513
GPCR,pK,5077,6.4,6.8676953
GPCR,pK,5078,8.222,7.104229
GPCR,pK,5079,8.553,7.7805405
GPCR,pK,5080,8.602,8.494054
GPCR,pK,5081,8.83,8.855899
GPCR,pK,5082,8.3,8.387395
GPCR,pK,5083,7.796,7.9187617
GPCR,pK,5084,7.77,7.6711965
GPCR,pK,5085,8.77,9.08135
GPCR,pK,5086,9.678,9.172122
GPCR,pK,5087,9.194,9.548324
GPCR,pK,5088,9.174,9.313895
GPCR,pK,5089,8.337,8.571101
GPCR,pK,5090,8.62,8.624847
GPCR,pK,5091,7.721,7.697229
GPCR,pK,5092,6.599,6.9666805
GPCR,pK,5093,5.6,5.651396
GPCR,pK,5094,5.5,4.99592
GPCR,pK,5095,8.336,7.6675076
GPCR,pK,5096,8.155,7.842009
GPCR,pK,5097,7.37,7.556079
GPCR,pK,5098,8.9,8.751899
GPCR,pK,5099,7.824,7.728337
GPCR,pK,5100,7.585,7.7283363
GPCR,pK,5101,6.726,6.5620055
GPCR,pK,5102,5.419,5.672644
GPCR,pK,5103,8.229,8.206005
GPCR,pK,5104,7.72,7.2645063
GPCR,pK,5105,6.447,7.6317463
GPCR,pK,5106,7.824,7.3447967
GPCR,pK,5107,5.921,6.250218
GPCR,pK,5108,7.967,8.072885
GPCR,pK,5109,10.301,10.02063
GPCR,pK,5110,8.699,7.9425216
GPCR,pK,5111,8.118,9.214589
GPCR,pK,5112,7.77,7.359949
GPCR,pK,5113,8.357,7.5238786
GPCR,pK,5114,7.943,7.895978
GPCR,pK,5115,7.547,7.546686
GPCR,pK,5116,8.62,8.351201
GPCR,pK,5117,7.623,7.747049
GPCR,pK,5118,8.678,9.120244
GPCR,pK,5119,8.553,8.2577095
GPCR,pK,5120,8.301,8.164007
GPCR,pK,5121,7.94,7.7097363
GPCR,pK,5122,7.125,7.258235
GPCR,pK,5123,7.276,7.4688106
GPCR,pK,5124,8.097,7.3789496
GPCR,pK,5125,7.7,7.4600706
GPCR,pK,5126,7.4,7.612884
GPCR,pK,5127,8.131,8.851601
GPCR,pK,5128,7.712,8.05093
GPCR,pK,5129,8.77,7.9890304
GPCR,pK,5130,6.812,7.5190244
GPCR,pK,5131,6.4,6.4164968
GPCR,pK,5132,6.2,6.1854525
GPCR,pK,5133,9.25,9.687308
GPCR,pK,5134,8.687,8.10227
GPCR,pK,5135,6.339,6.1747756
GPCR,pK,5136,6.932,6.4264607
GPCR,pK,5137,7.854,7.742148
GPCR,pK,5138,8.398,8.479035
GPCR,pK,5139,8.013,8.327579
GPCR,pK,5140,9.093,8.129823
GPCR,pK,5141,9.533,9.9802265
GPCR,pK,5142,8.013,7.73399
GPCR,pK,5143,8.284,8.642982
GPCR,pK,5144,6.95,6.9432783
GPCR,pK,5145,7.775,8.203482
GPCR,pK,5146,9.3,8.540961
GPCR,pK,5147,9.2,8.1781
GPCR,pK,5148,8.7,8.355437
GPCR,pK,5149,8.415,8.856496
GPCR,pK,5150,8.0,8.504615
GPCR,pK,5151,9.26,9.493844
GPCR,pK,5152,9.6,8.370043
GPCR,pK,5153,9.046,8.905596
GPCR,pK,5154,8.137,8.035302
GPCR,pK,5155,7.745,7.75291
GPCR,pK,5156,7.337,7.6477113
GPCR,pK,5157,8.99,8.6733
GPCR,pK,5158,9.92,8.967321
GPCR,pK,5159,8.62,7.4836454
GPCR,pK,5160,8.886,9.539462
GPCR,pK,5161,8.62,8.651868
GPCR,pK,5162,9.328,9.539463
GPCR,pK,5163,8.546,8.358824
GPCR,pK,5164,6.638,6.8711815
GPCR,pK,5165,6.66,6.4251676
GPCR,pK,5166,6.113,6.5339503
GPCR,pK,5167,8.5,8.87781
GPCR,pK,5168,8.6,8.633556
GPCR,pK,5169,9.6,9.555129
GPCR,pK,5170,6.5,7.701301
GPCR,pK,5171,8.3,8.299831
GPCR,pK,5172,7.0,7.6301727
GPCR,pK,5173,8.0,8.683356
GPCR,pK,5174,8.854,7.8345027
GPCR,pK,5175,8.7,6.78686
GPCR,pK,5176,8.2,8.791837
GPCR,pK,5177,8.7,8.389161
GPCR,pK,5178,7.62,6.741124
GPCR,pK,5179,7.119,6.944455
GPCR,pK,5180,7.888,7.3522906
GPCR,pK,5181,8.398,7.7424455
GPCR,pK,5182,7.523,6.545674
GPCR,pK,5183,7.027,7.750463
GPCR,pK,5184,7.886,8.308436
GPCR,pK,5185,7.62,7.586729
GPCR,pK,5186,7.48,5.301391
GPCR,pK,5187,7.14,7.151274
GPCR,pK,5188,6.688,6.5760865
GPCR,pK,5189,6.963,7.017631
GPCR,pK,5190,8.925,8.797481
GPCR,pK,5191,6.229,6.0741396
GPCR,pK,5192,7.523,6.795397
GPCR,pK,5193,9.83,8.902677
GPCR,pK,5194,5.729,6.9389343
GPCR,pK,5195,9.2,8.420779
GPCR,pK,5196,8.446,8.392789
GPCR,pK,5197,7.032,8.611145
GPCR,pK,5198,8.051,7.872551
GPCR,pK,5199,7.678,7.793349
GPCR,pK,5200,7.208,7.5432158
GPCR,pK,5201,7.022,6.9795594
GPCR,pK,5202,5.417,5.1852074
GPCR,pK,5203,7.796,6.7880454
GPCR,pK,5204,6.447,6.417302
GPCR,pK,5205,6.783,6.479422
GPCR,pK,5206,6.462,5.9770494
GPCR,pK,5207,6.157,6.8237033
GPCR,pK,5208,5.558,6.325215
GPCR,pK,5209,7.866,6.812111
GPCR,pK,5210,7.47,6.8872776
GPCR,pK,5211,7.337,6.7828727
GPCR,pK,5212,7.143,7.6359096
GPCR,pK,5213,5.886,6.1320496
GPCR,pK,5214,8.268,7.1149716
GPCR,pK,5215,6.347,7.032376
GPCR,pK,5216,6.387,6.7572074
GPCR,pK,5217,9.523,8.775818
GPCR,pK,5218,7.796,7.438744
GPCR,pK,5219,7.77,7.1909113
GPCR,pK,5220,6.09,6.6143727
GPCR,pK,5221,7.6,7.968073
GPCR,pK,5222,9.66,9.611794
GPCR,pK,5223,8.78,8.289619
GPCR,pK,5224,10.377,8.51917
GPCR,pK,5225,9.06,7.5456123
GPCR,pK,5226,8.62,8.343294
GPCR,pK,5227,6.252,7.0545506
GPCR,pK,5228,8.523,8.534581
GPCR,pK,5229,9.505,9.186795
GPCR,pK,5230,7.921,8.095159
GPCR,pK,5231,6.79,7.234815
GPCR,pK,5232,5.046,5.0247517
GPCR,pK,5233,8.398,7.481152
GPCR,pK,5234,6.975,6.570603
GPCR,pK,5235,4.699,5.5454593
GPCR,pK,5236,7.22,7.482155
GPCR,pK,5237,10.028,9.494194
GPCR,pK,5238,8.301,8.20733
GPCR,pK,5239,9.66,8.514211
GPCR,pK,5240,8.961,7.8999915
GPCR,pK,5241,9.551,9.317091
GPCR,pK,5242,8.046,7.910035
GPCR,pK,5243,8.089,7.898504
GPCR,pK,5244,8.456,7.131227
GPCR,pK,5245,4.87,5.1462665
GPCR,pK,5246,6.924,7.624878
GPCR,pK,5247,6.678,6.666061
GPCR,pK,5248,7.21,6.3886228
GPCR,pK,5249,7.799,6.5655227
GPCR,pK,5250,6.824,6.387825
GPCR,pK,5251,9.046,8.575732
GPCR,pK,5252,8.23,8.184466
GPCR,pK,5253,7.81,6.6088433
GPCR,pK,5254,6.623,7.08431
GPCR,pK,5255,5.866,5.9543824
GPCR,pK,5256,9.097,9.590518
GPCR,pK,5257,8.82,8.231228
GPCR,pK,5258,7.84,7.938963
GPCR,pK,5259,7.456,7.3014226
GPCR,pK,5260,8.72,7.7314916
GPCR,pK,5261,7.638,7.61968
GPCR,pK,5262,7.229,7.1493382
GPCR,pK,5263,6.409,7.3608055
GPCR,pK,5264,7.187,6.636157
GPCR,pK,5265,5.956,7.0137577
GPCR,pK,5266,6.678,6.584365
GPCR,pK,5267,8.1,7.792976
GPCR,pK,5268,7.5,7.024002
GPCR,pK,5269,7.2,6.447542
GPCR,pK,5270,5.1,5.62611
GPCR,pK,5271,8.22,8.028885
GPCR,pK,5272,6.42,7.0965996
GPCR,pK,5273,8.432,8.342591
GPCR,pK,5274,8.3,6.9725366
GPCR,pK,5275,6.5,6.5491195
GPCR,pK,5276,5.42,5.35292
GPCR,pK,5277,6.252,6.0013247
GPCR,pK,5278,7.4,6.717334
GPCR,pK,5279,8.389,8.405975
GPCR,pK,5280,7.9,7.746906
GPCR,pK,5281,8.3,8.315672
GPCR,pK,5282,7.41,6.4798474
GPCR,pK,5283,5.565,6.146935
GPCR,pK,5284,6.237,6.021617
GPCR,pK,5285,5.804,6.5626736
GPCR,pK,5286,6.13,6.6458917
GPCR,pK,5287,7.738,6.90906
GPCR,pK,5288,5.421,7.185748
GPCR,pK,5289,4.959,4.666221
GPCR,pK,5290,4.48,4.7345777
GPCR,pK,5291,5.244,5.562391
GPCR,pK,5292,6.26,6.67149
GPCR,pK,5293,6.258,6.5585485
GPCR,pK,5294,4.682,5.0410995
GPCR,pK,5295,7.953,7.7169614
GPCR,pK,5296,4.796,5.3612046
GPCR,pK,5297,6.244,5.7019
GPCR,pK,5298,7.284,6.735388
GPCR,pK,5299,7.602,7.358829
GPCR,pK,5300,6.745,6.965686
GPCR,pK,5301,5.48,5.386926
GPCR,pK,5302,8.0,7.3934355
GPCR,pK,5303,7.244,7.0484886
GPCR,pK,5304,7.0,7.3984504
GPCR,pK,5305,7.444,7.478219
GPCR,pK,5306,5.824,7.2003727
GPCR,pK,5307,8.0,8.253731
GPCR,pK,5308,6.321,6.0449862
GPCR,pK,5309,5.886,7.3310137
GPCR,pK,5310,7.237,7.133927
GPCR,pK,5311,4.823,4.5104094
GPCR,pK,5312,6.167,7.0629
GPCR,pK,5313,7.593,7.29791
GPCR,pK,5314,8.242,8.006754
GPCR,pK,5315,6.854,6.708895
GPCR,pK,5316,7.353,7.0719895
GPCR,pK,5317,6.215,6.4222083
GPCR,pK,5318,5.59,5.756267
GPCR,pK,5319,7.573,7.410623
GPCR,pK,5320,4.663,4.942756
GPCR,pK,5321,5.966,5.639398
GPCR,pK,5322,4.342,4.560978
GPCR,pK,5323,4.947,4.850567
GPCR,pK,5324,6.548,6.79457
GPCR,pK,5325,5.932,6.0440893
GPCR,pK,5326,6.052,5.8751287
GPCR,pK,5327,7.721,7.62759
GPCR,pK,5328,4.618,5.5337906
GPCR,pK,5329,7.921,7.8851876
GPCR,pK,5330,5.66,6.1069508
GPCR,pK,5331,6.066,5.9412823
GPCR,pK,5332,5.762,5.7273045
GPCR,pK,5333,5.947,5.905653
GPCR,pK,5334,4.721,4.843135
GPCR,pK,5335,7.387,6.953683
GPCR,pK,5336,8.921,8.216506
GPCR,pK,5337,5.726,5.741232
GPCR,pK,5338,5.328,5.8817787
GPCR,pK,5339,6.78,6.086482
GPCR,pK,5340,5.607,6.1395106
GPCR,pK,5341,5.69,6.1724286
GPCR,pK,5342,5.721,5.1405206
GPCR,pK,5343,5.029,4.9189644
GPCR,pK,5344,5.943,6.141024
GPCR,pK,5345,7.921,7.7117424
GPCR,pK,5346,7.523,8.22504
GPCR,pK,5347,8.444,8.823124
GPCR,pK,5348,5.307,5.6529107
GPCR,pK,5349,7.553,8.829105
GPCR,pK,5350,8.187,8.54102
GPCR,pK,5351,6.495,6.637668
GPCR,pK,5352,7.523,8.124379
GPCR,pK,5353,6.398,7.2136893
GPCR,pK,5354,6.33,7.19444
GPCR,pK,5355,6.611,6.6457276
GPCR,pK,5356,6.023,6.937551
GPCR,pK,5357,7.535,8.093036
GPCR,pK,5358,7.792,8.117048
GPCR,pK,5359,7.919,7.980457
GPCR,pK,5360,7.347,6.9945335
GPCR,pK,5361,8.06,8.76601
GPCR,pK,5362,6.46,6.613594
GPCR,pK,5363,6.538,6.6472516
GPCR,pK,5364,4.939,5.625818
GPCR,pK,5365,5.714,5.9512773
GPCR,pK,5366,5.613,5.3527617
GPCR,pK,5367,6.215,6.852965
GPCR,pK,5368,6.959,7.029162
GPCR,pK,5369,5.866,6.1817365
GPCR,pK,5370,4.602,5.893222
GPCR,pK,5371,7.959,7.536968
GPCR,pK,5372,8.027,7.708696
GPCR,pK,5373,7.854,7.3703966
GPCR,pK,5374,9.377,9.631901
GPCR,pK,5375,6.321,5.5855775
GPCR,pK,5376,7.796,7.7503643
GPCR,pK,5377,8.62,8.783705
GPCR,pK,5378,5.136,5.5796237
GPCR,pK,5379,7.745,7.5332217
GPCR,pK,5380,5.762,6.6225705
GPCR,pK,5381,6.352,6.580129
GPCR,pK,5382,7.382,6.535923
GPCR,pK,5383,8.824,8.223376
GPCR,pK,5384,6.943,7.2282386
GPCR,pK,5385,8.112,8.109964
GPCR,pK,5386,5.535,5.6484513
GPCR,pK,5387,6.608,4.8701415
GPCR,pK,5388,4.996,5.388565
GPCR,pK,5389,7.268,7.409057
GPCR,pK,5390,6.509,7.4249063
GPCR,pK,5391,7.498,7.846583
GPCR,pK,5392,5.806,5.9325557
GPCR,pK,5393,8.294,8.465534
GPCR,pK,5394,7.2,6.5727944
GPCR,pK,5395,7.1,7.0572686
GPCR,pK,5396,4.85,5.485842
GPCR,pK,5397,5.32,5.056233
GPCR,pK,5398,6.58,4.664161
GPCR,pK,5399,8.268,7.367101
GPCR,pK,5400,8.301,7.5456705
GPCR,pK,5401,9.523,8.344326
GPCR,pK,5402,8.398,8.25862
GPCR,pK,5403,7.398,8.086024
GPCR,pK,5404,7.046,7.196553
GPCR,pK,5405,3.295,7.724327
GPCR,pK,5406,6.476,7.4236846
GPCR,pK,5407,6.475,6.45347
GPCR,pK,5408,7.398,7.0638657
GPCR,pK,5409,6.219,6.5513496
GPCR,pK,5410,6.676,7.569696
GPCR,pK,5411,6.971,6.7941775
GPCR,pK,5412,6.097,6.0390735
GPCR,pK,5413,5.27,5.784613
GPCR,pK,5414,7.886,7.788136
GPCR,pK,5415,6.807,6.115479
GPCR,pK,5416,7.018,5.888832
GPCR,pK,5417,6.793,6.678347
GPCR,pK,5418,6.533,7.168433
GPCR,pK,5419,8.161,8.000105
GPCR,pK,5420,7.1,7.2246532
GPCR,pK,5421,6.032,7.32999
GPCR,pK,5422,9.18,9.145165
GPCR,pK,5423,8.071,8.125927
GPCR,pK,5424,9.367,8.97844
GPCR,pK,5425,5.8,6.5236874
GPCR,pK,5426,7.319,6.225061
GPCR,pK,5427,8.06,8.362196
GPCR,pK,5428,7.377,7.1877904
GPCR,pK,5429,7.745,7.5720115
GPCR,pK,5430,6.213,6.226055
GPCR,pK,5431,6.815,6.481314
GPCR,pK,5432,6.764,6.564421
GPCR,pK,5433,7.337,5.540054
GPCR,pK,5434,5.729,5.935577
GPCR,pK,5435,6.955,7.3031106
GPCR,pK,5436,6.259,6.567742
GPCR,pK,5437,8.538,7.237287
GPCR,pK,5438,7.4,7.383326
GPCR,pK,5439,7.921,7.154551
GPCR,pK,5440,8.092,7.4613996
GPCR,pK,5441,8.337,7.9377484
GPCR,pK,5442,10.0,8.358687
GPCR,pK,5443,6.921,8.597606
GPCR,pK,5444,8.959,9.167233
GPCR,pK,5445,7.824,7.509522
GPCR,pK,5446,9.097,9.295886
GPCR,pK,5447,8.495,8.637221
GPCR,pK,5448,7.854,7.4987063
GPCR,pK,5449,8.387,7.674267
GPCR,pK,5450,7.06,7.5288982
GPCR,pK,5451,6.377,5.733928
GPCR,pK,5452,7.013,6.0569987
GPCR,pK,5453,7.358,7.320114
GPCR,pK,5454,7.586,7.6136785
GPCR,pK,5455,7.438,8.221648
GPCR,pK,5456,8.071,8.2287035
GPCR,pK,5457,6.747,6.5916834
GPCR,pK,5458,6.933,6.81381
GPCR,pK,5459,7.367,7.645736
GPCR,pK,5460,6.87,6.9159303
GPCR,pK,5461,6.161,6.5761294
GPCR,pK,5462,6.325,6.600162
GPCR,pK,5463,7.62,7.8374977
GPCR,pK,5464,7.658,7.5254836
GPCR,pK,5465,7.252,7.6032887
GPCR,pK,5466,7.745,7.980319
GPCR,pK,5467,8.0,7.8175473
GPCR,pK,5468,7.301,7.5806184
GPCR,pK,5469,7.721,7.893955
GPCR,pK,5470,6.697,6.6026406
GPCR,pK,5471,6.775,6.8086066
GPCR,pK,5472,6.788,7.0235887
GPCR,pK,5473,7.063,6.8032174
GPCR,pK,5474,6.44,6.117165
GPCR,pK,5475,6.021,5.9217477
GPCR,pK,5476,7.13,7.5913806
GPCR,pK,5477,6.37,6.361512
GPCR,pK,5478,7.276,7.5704303
GPCR,pK,5479,7.346,7.626889
GPCR,pK,5480,7.638,7.114603
GPCR,pK,5481,5.984,6.1731215
GPCR,pK,5482,6.9,7.7198553
GPCR,pK,5483,7.276,7.7394667
GPCR,pK,5484,7.469,7.8332286
GPCR,pK,5485,7.824,6.7478766
GPCR,pK,5486,7.602,8.018834
GPCR,pK,5487,8.282,7.502946
GPCR,pK,5488,7.187,7.6623044
GPCR,pK,5489,6.68,7.908563
GPCR,pK,5490,6.783,7.8098626
GPCR,pK,5491,7.444,7.6272626
GPCR,pK,5492,6.824,6.34078
GPCR,pK,5493,7.097,7.444796
GPCR,pK,5494,9.102,8.541089
GPCR,pK,5495,9.0,7.2572336
GPCR,pK,5496,8.699,8.483287
GPCR,pK,5497,7.921,7.3272905
GPCR,pK,5498,8.222,7.6452613
GPCR,pK,5499,5.058,5.453934
GPCR,pK,5500,5.432,6.5276113
GPCR,pK,5501,7.638,7.9186954
GPCR,pK,5502,7.237,7.572318
GPCR,pK,5503,6.431,6.721083
GPCR,pK,5504,7.155,6.9911275
GPCR,pK,5505,6.642,7.05604
GPCR,pK,5506,7.329,6.926987
GPCR,pK,5507,7.481,7.3155847
GPCR,pK,5508,6.764,6.67417
GPCR,pK,5509,8.222,7.741754
GPCR,pK,5510,7.921,8.610484
GPCR,pK,5511,8.0,8.371743
GPCR,pK,5512,7.638,8.744057
GPCR,pK,5513,6.921,6.6348968
GPCR,pK,5514,8.481,8.738225
GPCR,pK,5515,7.137,7.4496317
GPCR,pK,5516,7.161,7.643844
GPCR,pK,5517,5.887,7.0862994
GPCR,pK,5518,8.434,8.833574
GPCR,pK,5519,7.081,7.1056285
GPCR,pK,5520,10.1,10.0312195
GPCR,pK,5521,10.063,10.263522
GPCR,pK,5522,10.0,10.186049
GPCR,pK,5523,9.4,8.889739
GPCR,pK,5524,9.1,9.40503
GPCR,pK,5525,6.2,6.271943
GPCR,pK,5526,8.8,7.912167
GPCR,pK,5527,8.833,8.276667
GPCR,pK,5528,8.925,9.330909
GPCR,pK,5529,5.0,4.766383
GPCR,pK,5530,9.7,10.022962
GPCR,pK,5531,9.5,9.640335
GPCR,pK,5532,9.2,9.158332
GPCR,pK,5533,4.308,4.204704
GPCR,pK,5534,6.119,5.7810082
GPCR,pK,5535,6.602,6.16399
GPCR,pK,5536,5.562,5.407147
GPCR,pK,5537,5.547,5.4093966
GPCR,pK,5538,6.143,5.284815
GPCR,pK,5539,6.745,6.5388017
GPCR,pK,5540,6.097,6.3118124
GPCR,pK,5541,7.658,7.098334
GPCR,pK,5542,7.237,7.8704643
GPCR,pK,5543,5.904,6.8993526
GPCR,pK,5544,6.676,6.4687085
GPCR,pK,5545,6.171,5.5439935
GPCR,pK,5546,5.894,5.8080015
GPCR,pK,5547,8.301,8.244518
GPCR,pK,5548,8.0,8.179815
GPCR,pK,5549,7.538,6.682264
GPCR,pK,5550,6.246,5.974361
GPCR,pK,5551,7.187,6.688771
GPCR,pK,5552,6.301,6.8611465
GPCR,pK,5553,7.42,7.4339323
GPCR,pK,5554,7.056,7.05374
GPCR,pK,5555,7.523,7.4620404
GPCR,pK,5556,5.721,5.9365315
GPCR,pK,5557,6.712,6.028762
GPCR,pK,5558,6.987,7.736278
GPCR,pK,5559,7.509,7.396106
GPCR,pK,5560,6.71,6.974653
GPCR,pK,5561,8.0,7.8736672
GPCR,pK,5562,7.569,7.6901827
GPCR,pK,5563,5.593,5.763701
GPCR,pK,5564,8.328,8.119366
GPCR,pK,5565,8.553,8.060558
GPCR,pK,5566,7.796,8.06726
GPCR,pK,5567,8.7,9.051915
GPCR,pK,5568,7.2,6.07521
GPCR,pK,5569,9.1,9.159982
GPCR,pK,5570,9.0,9.742667
GPCR,pK,5571,9.6,9.6842165
GPCR,pK,5572,9.5,9.980191
GPCR,pK,5573,7.6,7.318423
GPCR,pK,5574,10.0,9.958694
GPCR,pK,5575,8.9,9.11851
GPCR,pK,5576,6.8,7.4032226
GPCR,pK,5577,8.337,7.8294806
GPCR,pK,5578,6.87,7.377083
GPCR,pK,5579,6.256,6.3210273
GPCR,pK,5580,8.959,8.86772
GPCR,pK,5581,9.046,8.988859
GPCR,pK,5582,8.959,8.573192
GPCR,pK,5583,6.959,7.2619176
GPCR,pK,5584,6.903,7.1472793
GPCR,pK,5585,8.538,8.900096
GPCR,pK,5586,7.257,8.18227
GPCR,pK,5587,9.62,7.883351
GPCR,pK,5588,7.62,7.7222733
GPCR,pK,5589,8.469,8.106893
GPCR,pK,5590,7.62,7.6427093
GPCR,pK,5591,8.509,8.910968
GPCR,pK,5592,8.638,8.581616
GPCR,pK,5593,7.78,8.097547
GPCR,pK,5594,8.5,8.36507
GPCR,pK,5595,7.93,7.8903193
GPCR,pK,5596,8.711,7.1644464
GPCR,pK,5597,8.719,8.867976
GPCR,pK,5598,8.236,8.007189
GPCR,pK,5599,8.592,7.6422334
GPCR,pK,5600,8.502,8.828057
GPCR,pK,5601,8.599,8.703314
GPCR,pK,5602,8.381,7.2617426
GPCR,pK,5603,6.786,7.018302
GPCR,pK,5604,9.523,9.057029
GPCR,pK,5605,9.0,8.9583845
GPCR,pK,5606,7.495,7.654492
GPCR,pK,5607,7.247,7.47613
GPCR,pK,5608,7.629,7.651171
GPCR,pK,5609,7.244,7.534291
GPCR,pK,5610,8.432,8.139373
GPCR,pK,5611,5.444,6.4060693
GPCR,pK,5612,5.666,5.201846
GPCR,pK,5613,5.966,6.4969316
GPCR,pK,5614,5.576,5.8993096
GPCR,pK,5615,8.74,7.8867054
GPCR,pK,5616,9.19,8.9981985
GPCR,pK,5617,9.15,9.320441
GPCR,pK,5618,8.301,8.118378
GPCR,pK,5619,9.0,8.743075
GPCR,pK,5620,7.745,7.779076
GPCR,pK,5621,7.824,7.463815
GPCR,pK,5622,7.071,7.223669
GPCR,pK,5623,6.25,6.797195
GPCR,pK,5624,5.814,6.287907
GPCR,pK,5625,4.605,4.9337087
GPCR,pK,5626,5.184,5.9895024
GPCR,pK,5627,6.91,7.3967233
GPCR,pK,5628,7.284,7.15592
GPCR,pK,5629,9.041,8.3369
GPCR,pK,5630,6.547,7.707728
GPCR,pK,5631,8.475,8.433923
GPCR,pK,5632,9.6,9.591765
GPCR,pK,5633,8.301,9.228387
GPCR,pK,5634,7.664,7.91387
GPCR,pK,5635,8.601,8.740717
GPCR,pK,5636,7.921,7.9733596
GPCR,pK,5637,6.309,6.7910275
GPCR,pK,5638,6.022,6.1439834
GPCR,pK,5639,7.134,7.988668
GPCR,pK,5640,7.484,7.567119
GPCR,pK,5641,8.572,8.49133
GPCR,pK,5642,8.23,8.038118
GPCR,pK,5643,7.001,7.31137
GPCR,pK,5644,8.2,8.630706
GPCR,pK,5645,8.31,8.340419
GPCR,pK,5646,9.155,9.372518
GPCR,pK,5647,8.699,9.152671
GPCR,pK,5648,8.3,8.133367
GPCR,pK,5649,6.699,7.9857516
GPCR,pK,5650,6.2,6.155417
GPCR,pK,5651,9.4,9.603925
GPCR,pK,5652,7.399,7.2682934
GPCR,pK,5653,8.602,7.6907773
GPCR,pK,5654,6.146,6.1413054
GPCR,pK,5655,7.111,7.395646
GPCR,pK,5656,5.127,4.782465
GPCR,pK,5657,5.754,5.405681
GPCR,pK,5658,7.268,7.1588006
GPCR,pK,5659,7.569,6.6511574
GPCR,pK,5660,5.796,6.357704
GPCR,pK,5661,6.678,7.268598
GPCR,pK,5662,7.638,7.508547
GPCR,pK,5663,8.056,7.9569025
GPCR,pK,5664,7.0,7.1709642
GPCR,pK,5665,9.301,8.127387
GPCR,pK,5666,8.398,7.8729396
GPCR,pK,5667,9.523,7.813908
GPCR,pK,5668,9.523,7.2585244
GPCR,pK,5669,5.721,6.2625737
GPCR,pK,5670,6.31,6.425676
GPCR,pK,5671,7.62,7.3327003
GPCR,pK,5672,6.077,5.9297333
GPCR,pK,5673,6.609,7.2616177
GPCR,pK,5674,8.328,8.316758
GPCR,pK,5675,8.009,7.5499525
GPCR,pK,5676,7.518,6.56072
GPCR,pK,5677,7.824,7.6242285
GPCR,pK,5678,7.886,8.05694
GPCR,pK,5679,8.585,8.14805
GPCR,pK,5680,8.831,8.2970295
GPCR,pK,5681,8.387,8.887164
GPCR,pK,5682,9.149,8.1014185
GPCR,pK,5683,8.357,7.9815674
GPCR,pK,5684,9.481,8.841683
GPCR,pK,5685,9.464,9.29299
GPCR,pK,5686,7.678,7.73553
GPCR,pK,5687,8.854,8.395596
GPCR,pK,5688,7.155,8.268264
GPCR,pK,5689,6.236,7.732438
GPCR,pK,5690,9.097,8.748505
GPCR,pK,5691,7.291,6.9542003
GPCR,pK,5692,7.367,6.961637
GPCR,pK,5693,7.0,7.1817327
GPCR,pK,5694,9.699,9.583992
GPCR,pK,5695,7.745,8.193651
GPCR,pK,5696,6.812,6.9905124
GPCR,pK,5697,7.553,8.17291
GPCR,pK,5698,6.217,8.680061
GPCR,pK,5699,8.921,9.132685
GPCR,pK,5700,8.569,8.343041
GPCR,pK,5701,9.125,9.248071
GPCR,pK,5702,9.456,9.556758
GPCR,pK,5703,8.658,8.365643
GPCR,pK,5704,10.301,10.400012
GPCR,pK,5705,9.398,8.56975
GPCR,pK,5706,8.721,7.909001
GPCR,pK,5707,6.551,6.3004966
GPCR,pK,5708,6.056,6.4665937
GPCR,pK,5709,5.228,5.5531363
GPCR,pK,5710,6.953,7.583118
GPCR,pK,5711,6.399,6.523414
GPCR,pK,5712,7.602,7.1992035
GPCR,pK,5713,7.824,7.4194956
GPCR,pK,5714,8.523,8.808705
GPCR,pK,5715,7.796,8.149625
GPCR,pK,5716,7.926,7.7800245
GPCR,pK,5717,8.097,8.290339
GPCR,pK,5718,5.599,5.825263
GPCR,pK,5719,7.796,8.771733
GPCR,pK,5720,8.43,8.7581625
GPCR,pK,5721,7.678,8.109282
GPCR,pK,5722,5.768,6.2073646
GPCR,pK,5723,5.886,6.22764
GPCR,pK,5724,5.222,4.6243043
GPCR,pK,5725,6.87,6.7765393
GPCR,pK,5726,8.497,9.222966
GPCR,pK,5727,6.801,6.9801254
GPCR,pK,5728,6.959,6.7214417
GPCR,pK,5729,8.057,7.6804795
GPCR,pK,5730,8.301,7.895788
GPCR,pK,5731,7.996,7.7723722
GPCR,pK,5732,5.173,5.510115
GPCR,pK,5733,5.082,5.822878
GPCR,pK,5734,6.575,6.628201
GPCR,pK,5735,8.783,8.44788
GPCR,pK,5736,5.983,6.0102572
GPCR,pK,5737,6.456,6.464709
GPCR,pK,5738,6.876,7.0022435
GPCR,pK,5739,6.523,6.839947
GPCR,pK,5740,8.456,7.292441
GPCR,pK,5741,9.5,9.46944
GPCR,pK,5742,7.155,7.165875
GPCR,pK,5743,6.959,6.691314
GPCR,pK,5744,8.26,8.337931
GPCR,pK,5745,6.595,7.0575233
GPCR,pK,5746,8.155,7.6935644
GPCR,pK,5747,5.292,5.8195167
GPCR,pK,5748,6.9,7.6976676
GPCR,pK,5749,6.848,7.15733
GPCR,pK,5750,5.615,5.5593967
GPCR,pK,5751,6.963,6.4150023
GPCR,pK,5752,6.53,5.908753
GPCR,pK,5753,5.778,5.5004945
GPCR,pK,5754,5.102,6.644377
GPCR,pK,5755,6.444,7.117143
GPCR,pK,5756,7.036,6.6138797
GPCR,pK,5757,7.143,7.677756
GPCR,pK,5758,6.064,6.0675254
GPCR,pK,5759,7.538,7.5393405
GPCR,pK,5760,9.101,8.315518
GPCR,pK,5761,8.244,7.34152
GPCR,pK,5762,8.013,8.272637
GPCR,pK,5763,7.143,7.3071823
GPCR,pK,5764,6.0,5.8002734
GPCR,pK,5765,8.481,8.032305
GPCR,pK,5766,7.699,7.9116783
GPCR,pK,5767,7.921,7.8397536
GPCR,pK,5768,7.301,9.045362
GPCR,pK,5769,7.947,7.605408
GPCR,pK,5770,7.745,8.484747
GPCR,pK,5771,8.194,7.7483153
GPCR,pK,5772,7.151,7.6821556
GPCR,pK,5773,5.553,5.6808386
GPCR,pK,5774,7.444,7.493021
GPCR,pK,5775,7.75,7.4691515
GPCR,pK,5776,5.62,7.023198
GPCR,pK,5777,6.26,5.1898427
GPCR,pK,5778,7.824,7.8601294
GPCR,pK,5779,8.77,7.8678746
GPCR,pK,5780,8.377,7.1334877
GPCR,pK,5781,8.585,8.393102
GPCR,pK,5782,7.638,7.5838656
GPCR,pK,5783,8.678,8.744259
GPCR,pK,5784,9.0,8.534768
GPCR,pK,5785,9.0,8.851087
GPCR,pK,5786,8.523,8.479133
GPCR,pK,5787,7.959,8.802754
GPCR,pK,5788,9.0,8.771047
GPCR,pK,5789,8.046,8.12978
GPCR,pK,5790,8.699,9.191823
GPCR,pK,5791,6.125,5.5153966
GPCR,pK,5792,5.906,7.1265993
GPCR,pK,5793,9.097,8.610401
GPCR,pK,5794,8.854,8.021393
GPCR,pK,5795,6.745,6.9991093
GPCR,pK,5796,7.497,8.247221
GPCR,pK,5797,5.878,6.1674805
GPCR,pK,5798,5.04,5.4451003
GPCR,pK,5799,8.699,8.429679
GPCR,pK,5800,7.101,7.925268
GPCR,pK,5801,6.472,6.625979
GPCR,pK,5802,6.003,6.440405
GPCR,pK,5803,6.377,6.232988
GPCR,pK,5804,6.914,6.8198695
GPCR,pK,5805,6.724,6.547028
GPCR,pK,5806,7.577,7.8173885
GPCR,pK,5807,7.623,7.932387
GPCR,pK,5808,6.0,6.195996
GPCR,pK,5809,4.699,6.285201
GPCR,pK,5810,5.747,5.641473
GPCR,pK,5811,6.839,6.664231
GPCR,pK,5812,6.26,6.429876
GPCR,pK,5813,6.055,6.175342
GPCR,pK,5814,6.0,6.1479354
GPCR,pK,5815,4.906,5.45709
GPCR,pK,5816,6.967,6.8336225
GPCR,pK,5817,8.49,8.289723
GPCR,pK,5818,9.416,8.605803
GPCR,pK,5819,5.67,5.6956463
GPCR,pK,5820,5.39,5.745869
GPCR,pK,5821,6.586,8.1198845
GPCR,pK,5822,6.933,8.173301
GPCR,pK,5823,4.866,5.679342
GPCR,pK,5824,5.849,7.1045365
GPCR,pK,5825,5.642,6.992575
GPCR,pK,5826,10.041,8.903045
GPCR,pK,5827,6.073,4.0659356
GPCR,pK,5828,7.301,7.507814
GPCR,pK,5829,6.585,6.9564524
GPCR,pK,5830,6.0,5.7051673
GPCR,pK,5831,6.4,5.8659997
GPCR,pK,5832,6.9,6.178775
GPCR,pK,5833,6.3,5.962806
GPCR,pK,5834,6.1,7.410044
GPCR,pK,5835,8.155,7.319299
GPCR,pK,5836,6.7,7.153995
GPCR,pK,5837,5.721,5.7651963
GPCR,pK,5838,7.275,7.9699974
GPCR,pK,5839,8.301,8.614804
GPCR,pK,5840,6.699,6.585462
GPCR,pK,5841,8.82,8.496242
GPCR,pK,5842,6.635,6.2110267
GPCR,pK,5843,9.398,8.581197
GPCR,pK,5844,8.0,8.400102
GPCR,pK,5845,7.5,6.976499
GPCR,pK,5846,8.284,8.066407
GPCR,pK,5847,7.6,7.98105
GPCR,pK,5848,6.1,6.125299
GPCR,pK,5849,7.8,5.411014
GPCR,pK,5850,5.699,6.796865
GPCR,pK,5851,7.1,6.8480654
GPCR,pK,5852,8.0,7.897839
GPCR,pK,5853,8.635,9.107711
GPCR,pK,5854,8.0,7.7523084
GPCR,pK,5855,8.032,7.6039166
GPCR,pK,5856,8.523,8.080115
GPCR,pK,5857,8.694,8.221581
GPCR,pK,5858,5.978,6.093441
GPCR,pK,5859,7.2,6.943717
GPCR,pK,5860,6.7,6.0338097
GPCR,pK,5861,7.9,8.036478
GPCR,pK,5862,4.85,4.879519
GPCR,pK,5863,9.523,8.0978365
GPCR,pK,5864,8.959,8.555069
GPCR,pK,5865,7.678,7.9784417
GPCR,pK,5866,7.131,8.208401
GPCR,pK,5867,7.523,7.544933
GPCR,pK,5868,6.807,7.55384
GPCR,pK,5869,5.979,7.49149
GPCR,pK,5870,7.328,6.6279597
GPCR,pK,5871,9.0,8.709838
GPCR,pK,5872,7.481,7.4751654
GPCR,pK,5873,6.055,6.0857415
GPCR,pK,5874,4.699,4.9085507
GPCR,pK,5875,7.489,5.8205605
GPCR,pK,5876,7.37,7.296924
GPCR,pK,5877,8.301,8.111052
GPCR,pK,5878,6.012,6.064138
GPCR,pK,5879,8.025,7.9737315
GPCR,pK,5880,5.6,6.5729694
GPCR,pK,5881,5.2,5.6386476
GPCR,pK,5882,6.1,6.4726815
GPCR,pK,5883,7.6,6.466979
GPCR,pK,5884,6.6,6.7856507
GPCR,pK,5885,6.4,6.473726
GPCR,pK,5886,6.3,6.4772563
GPCR,pK,5887,5.851,5.480563
GPCR,pK,5888,4.168,4.964956
GPCR,pK,5889,6.5,5.780091
GPCR,pK,5890,5.89,6.2697215
GPCR,pK,5891,5.8,6.5068383
GPCR,pK,5892,6.24,6.314238
GPCR,pK,5893,6.49,5.8798127
GPCR,pK,5894,7.925,7.2769933
GPCR,pK,5895,6.662,7.280215
GPCR,pK,5896,7.629,7.509606
GPCR,pK,5897,8.959,8.387109
GPCR,pK,5898,8.959,8.342625
GPCR,pK,5899,8.745,8.136701
GPCR,pK,5900,5.621,6.4050837
GPCR,pK,5901,6.495,6.851104
GPCR,pK,5902,6.666,7.5391464
GPCR,pK,5903,9.097,7.8920302
GPCR,pK,5904,5.453,5.6230197
GPCR,pK,5905,4.5,4.8037686
GPCR,pK,5906,4.14,5.4429307
GPCR,pK,5907,6.602,6.643323
GPCR,pK,5908,5.979,6.593308
GPCR,pK,5909,6.01,6.9284363
GPCR,pK,5910,5.6,6.1798844
GPCR,pK,5911,6.67,6.256034
GPCR,pK,5912,5.81,6.076516
GPCR,pK,5913,5.12,6.258303
GPCR,pK,5914,6.22,5.906764
GPCR,pK,5915,6.98,7.561515
GPCR,pK,5916,4.959,7.100785
GPCR,pK,5917,6.381,6.2462897
GPCR,pK,5918,7.888,6.8979874
GPCR,pK,5919,5.4,5.6430597
GPCR,pK,5920,7.75,8.282782
GPCR,pK,5921,8.352,7.993354
GPCR,pK,5922,6.269,7.4728436
GPCR,pK,5923,5.658,7.031782
GPCR,pK,5924,5.921,6.5475526
GPCR,pK,5925,5.7,6.2020135
GPCR,pK,5926,6.3,6.73107
GPCR,pK,5927,6.9,6.6451826
GPCR,pK,5928,7.2,6.095737
GPCR,pK,5929,5.398,5.6321816
GPCR,pK,5930,8.098,6.9300375
GPCR,pK,5931,8.523,8.354129
GPCR,pK,5932,5.602,7.1302238
GPCR,pK,5933,7.1,7.4770813
GPCR,pK,5934,6.5,7.3432517
GPCR,pK,5935,7.06,7.5276327
GPCR,pK,5936,7.886,7.8756824
GPCR,pK,5937,7.119,6.7879977
GPCR,pK,5938,8.377,8.667056
GPCR,pK,5939,4.631,4.4851565
GPCR,pK,5940,6.886,7.7222595
GPCR,pK,5941,7.357,6.6174455
GPCR,pK,5942,5.392,5.4804635
GPCR,pK,5943,8.886,7.6766214
GPCR,pK,5944,5.61,6.5447583
GPCR,pK,5945,8.046,7.41429
GPCR,pK,5946,5.495,6.434372
GPCR,pK,5947,8.17,7.6978154
GPCR,pK,5948,8.24,7.356315
GPCR,pK,5949,5.0,4.9604573
GPCR,pK,5950,5.0,5.00072
GPCR,pK,5951,8.824,8.507308
GPCR,pK,5952,8.051,8.205153
GPCR,pK,5953,8.854,8.794098
GPCR,pK,5954,10.638,10.102454
GPCR,pK,5955,10.432,9.566926
GPCR,pK,5956,8.495,7.955473
GPCR,pK,5957,8.602,8.773719
GPCR,pK,5958,9.854,9.576829
GPCR,pK,5959,8.481,10.252349
GPCR,pK,5960,7.796,7.357439
GPCR,pK,5961,6.0,5.604422
GPCR,pK,5962,8.201,7.6746197
GPCR,pK,5963,8.022,7.316385
GPCR,pK,5964,10.959,9.648415
GPCR,pK,5965,9.046,8.979066
GPCR,pK,5966,5.004,5.3391175
GPCR,pK,5967,5.959,6.1339345
GPCR,pK,5968,6.854,6.4938445
GPCR,pK,5969,7.77,8.263289
GPCR,pK,5970,6.303,6.2219234
GPCR,pK,5971,6.519,7.1540723
GPCR,pK,5972,8.046,6.7848554
GPCR,pK,5973,9.469,9.104312
GPCR,pK,5974,9.051,9.889981
GPCR,pK,5975,10.187,10.503169
GPCR,pK,5976,6.845,5.7963195
GPCR,pK,5977,7.292,6.5769205
GPCR,pK,5978,9.301,9.122353
GPCR,pK,5979,5.357,5.2160897
GPCR,pK,5980,6.78,7.4825077
GPCR,pK,5981,7.824,7.4329114
GPCR,pK,5982,8.367,7.961475
GPCR,pK,5983,8.569,7.765778
GPCR,pK,5984,8.854,8.516387
GPCR,pK,5985,8.357,8.217426
GPCR,pK,5986,6.409,6.454405
GPCR,pK,5987,9.886,9.801477
GPCR,pK,5988,7.854,8.116486
GPCR,pK,5989,8.921,8.731566
GPCR,pK,5990,6.9,6.3379188
GPCR,pK,5991,7.6,7.7514377
GPCR,pK,5992,6.6,6.784638
GPCR,pK,5993,7.6,7.3877854
GPCR,pK,5994,6.699,7.6327014
GPCR,pK,5995,8.801,8.40688
GPCR,pK,5996,6.1,6.894097
GPCR,pK,5997,9.0,9.343453
GPCR,pK,5998,5.92,5.473761
GPCR,pK,5999,6.195,6.7027917
GPCR,pK,6000,7.1,6.068299
GPCR,pK,6001,6.137,5.9329653
GPCR,pK,6002,6.9,7.228085
GPCR,pK,6003,8.3,7.430173
GPCR,pK,6004,7.3,6.840157
GPCR,pK,6005,8.046,8.079572
GPCR,pK,6006,5.456,5.741374
GPCR,pK,6007,8.456,8.263289
GPCR,pK,6008,7.108,7.303606
GPCR,pK,6009,11.0,11.369809
GPCR,pK,6010,9.77,9.831074
GPCR,pK,6011,7.754,7.2515225
GPCR,pK,6012,8.456,8.575304
GPCR,pK,6013,7.538,6.5215583
GPCR,pK,6014,8.398,7.6770644
GPCR,pK,6015,7.77,7.6235604
GPCR,pK,6016,8.785,7.643021
GPCR,pK,6017,5.801,6.187225
GPCR,pK,6018,6.319,8.382561
GPCR,pK,6019,6.735,7.090018
GPCR,pK,6020,8.357,6.3809276
GPCR,pK,6021,5.678,7.0185366
GPCR,pK,6022,8.041,6.5484214
GPCR,pK,6023,8.854,8.448667
GPCR,pK,6024,8.26,8.685784
GPCR,pK,6025,9.699,8.45272
GPCR,pK,6026,9.092,9.260271
GPCR,pK,6027,9.222,9.257766
GPCR,pK,6028,7.77,6.99979
GPCR,pK,6029,6.435,6.999458
GPCR,pK,6030,8.119,8.128436
GPCR,pK,6031,5.784,6.8840914
GPCR,pK,6032,8.432,7.8902745
GPCR,pK,6033,9.222,8.709148
GPCR,pK,6034,7.31,7.6417804
GPCR,pK,6035,9.456,9.295424
GPCR,pK,6036,9.102,9.493112
GPCR,pK,6037,7.071,8.516843
GPCR,pK,6038,9.229,9.234784
GPCR,pK,6039,6.91,6.161569
GPCR,pK,6040,6.627,7.571296
GPCR,pK,6041,7.478,7.1772237
GPCR,pK,6042,8.444,8.042101
GPCR,pK,6043,8.201,8.046064
GPCR,pK,6044,7.284,8.027073
GPCR,pK,6045,8.699,8.299183
GPCR,pK,6046,8.796,5.1913104
GPCR,pK,6047,6.896,7.2822595
GPCR,pK,6048,9.155,8.7481
GPCR,pK,6049,6.6,7.3992953
GPCR,pK,6050,5.917,6.6725793
GPCR,pK,6051,7.174,7.475102
GPCR,pK,6052,9.319,9.158826
GPCR,pK,6053,7.824,7.6103597
GPCR,pK,6054,7.638,7.963393
GPCR,pK,6055,7.174,7.0298305
GPCR,pK,6056,8.252,8.675843
GPCR,pK,6057,8.444,8.752253
GPCR,pK,6058,6.824,6.5448403
GPCR,pK,6059,6.456,6.11474
GPCR,pK,6060,9.046,8.7127695
GPCR,pK,6061,6.321,6.2619996
GPCR,pK,6062,4.8,5.3173814
GPCR,pK,6063,5.1,6.044774
GPCR,pK,6064,7.6,7.964808
GPCR,pK,6065,5.9,6.305573
GPCR,pK,6066,7.7,7.7392964
GPCR,pK,6067,7.951,7.9029474
GPCR,pK,6068,8.357,8.898027
GPCR,pK,6069,7.111,7.427153
GPCR,pK,6070,8.553,8.713443
GPCR,pK,6071,6.459,6.7405467
GPCR,pK,6072,7.809,8.005632
GPCR,pK,6073,5.071,4.6964865
GPCR,pK,6074,8.824,7.6357036
GPCR,pK,6075,7.301,7.484393
GPCR,pK,6076,8.409,8.651195
GPCR,pK,6077,6.137,6.3208857
GPCR,pK,6078,5.638,5.916723
GPCR,pK,6079,8.523,8.41784
GPCR,pK,6080,8.523,7.9915667
GPCR,pK,6081,4.699,4.9011154
GPCR,pK,6082,3.799,4.2645926
GPCR,pK,6083,4.959,4.967566
GPCR,pK,6084,4.921,4.6960473
GPCR,pK,6085,3.573,5.373179
GPCR,pK,6086,4.796,4.759149
GPCR,pK,6087,5.041,4.979814
GPCR,pK,6088,5.097,4.9411745
GPCR,pK,6089,3.256,4.053549
GPCR,pK,6090,7.585,6.555102
GPCR,pK,6091,6.252,6.712477
GPCR,pK,6092,8.276,7.846498
GPCR,pK,6093,5.18,4.6610394
GPCR,pK,6094,4.854,4.59798
GPCR,pK,6095,7.886,7.523003
GPCR,pK,6096,5.928,6.079311
GPCR,pK,6097,6.959,6.7956223
GPCR,pK,6098,7.81,7.841322
GPCR,pK,6099,8.301,8.434083
GPCR,pK,6100,6.352,7.6318007
GPCR,pK,6101,7.854,7.27314
GPCR,pK,6102,8.222,7.911817
GPCR,pK,6103,6.695,6.4367876
GPCR,pK,6104,5.622,5.1246405
GPCR,pK,6105,8.481,8.320887
GPCR,pK,6106,7.817,7.6581664
GPCR,pK,6107,6.298,7.112382
GPCR,pK,6108,7.824,7.722577
GPCR,pK,6109,8.602,8.343091
GPCR,pK,6110,7.523,7.5038066
GPCR,pK,6111,8.046,8.211377
GPCR,pK,6112,8.398,8.256092
GPCR,pK,6113,8.0,7.922217
GPCR,pK,6114,7.0,7.888945
GPCR,pK,6115,6.0,6.2411723
GPCR,pK,6116,7.0,7.593401
GPCR,pK,6117,7.0,6.879814
GPCR,pK,6118,7.0,7.3979363
GPCR,pK,6119,7.0,7.4810214
GPCR,pK,6120,8.0,7.8235087
GPCR,pK,6121,8.0,7.6278377
GPCR,pK,6122,7.276,7.5786886
GPCR,pK,6123,8.0,7.831303
GPCR,pK,6124,8.0,7.165581
GPCR,pK,6125,10.0,10.068183
GPCR,pK,6126,7.0,7.1964474
GPCR,pK,6127,7.0,7.46512
GPCR,pK,6128,7.569,6.858598
GPCR,pK,6129,6.0,6.696893
GPCR,pK,6130,7.0,7.196423
GPCR,pK,6131,8.0,8.179346
GPCR,pK,6132,6.0,6.003806
GPCR,pK,6133,10.0,9.102555
GPCR,pK,6134,8.0,7.8399243
GPCR,pK,6135,8.0,7.965332
GPCR,pK,6136,7.0,6.512932
GPCR,pK,6137,8.0,7.9459214
GPCR,pK,6138,6.0,6.106031
GPCR,pK,6139,6.0,7.504157
GPCR,pK,6140,6.097,6.0851874
GPCR,pK,6141,6.244,6.0729575
GPCR,pK,6142,4.256,4.507765
GPCR,pK,6143,8.097,8.378172
GPCR,pK,6144,7.569,7.922834
GPCR,pK,6145,5.942,5.6051183
GPCR,pK,6146,4.745,4.527012
GPCR,pK,6147,3.975,4.078791
GPCR,pK,6148,3.873,4.5076203
GPCR,pK,6149,4.201,4.2053223
GPCR,pK,6150,4.921,5.0986996
GPCR,pK,6151,4.201,4.276169
GPCR,pK,6152,4.097,4.5230002
GPCR,pK,6153,4.569,4.2620444
GPCR,pK,6154,4.208,3.8706155
GPCR,pK,6155,8.229,7.851147
GPCR,pK,6156,5.62,5.700067
GPCR,pK,6157,6.046,6.1733785
GPCR,pK,6158,6.932,6.098725
GPCR,pK,6159,5.54,6.160578
GPCR,pK,6160,7.638,6.806567
GPCR,pK,6161,5.268,5.022272
GPCR,pK,6162,4.108,4.22329
GPCR,pK,6163,5.252,5.352047
GPCR,pK,6164,5.71,5.1659837
GPCR,pK,6165,5.12,5.116209
GPCR,pK,6166,6.138,5.9197974
GPCR,pK,6167,5.73,5.822572
GPCR,pK,6168,6.796,6.89032
GPCR,pK,6169,5.28,5.324631
GPCR,pK,6170,6.498,6.366467
GPCR,pK,6171,7.161,6.180449
GPCR,pK,6172,8.337,5.0908504
GPCR,pK,6173,7.229,7.0286202
GPCR,pK,6174,7.292,8.166195
GPCR,pK,6175,8.155,7.7584662
GPCR,pK,6176,7.721,7.9390254
GPCR,pK,6177,6.886,7.0406346
GPCR,pK,6178,8.444,8.577607
GPCR,pK,6179,7.854,8.129243
GPCR,pK,6180,7.137,7.6447234
GPCR,pK,6181,7.509,7.8034673
GPCR,pK,6182,6.886,8.220836
GPCR,pK,6183,6.387,6.32021
GPCR,pK,6184,9.719,9.477563
GPCR,pK,6185,7.569,7.0950646
GPCR,pK,6186,6.328,6.398981
GPCR,pK,6187,7.377,7.1582227
GPCR,pK,6188,6.678,6.705185
GPCR,pK,6189,9.602,9.363429
GPCR,pK,6190,8.495,8.985429
GPCR,pK,6191,8.081,7.337585
GPCR,pK,6192,6.73,6.717324
GPCR,pK,6193,8.161,7.8055224
GPCR,pK,6194,7.679,7.982232
GPCR,pK,6195,9.222,8.069872
GPCR,pK,6196,7.745,8.116758
GPCR,pK,6197,10.155,8.66928
GPCR,pK,6198,8.155,8.053965
GPCR,pK,6199,8.046,8.438963
GPCR,pK,6200,8.854,8.400304
GPCR,pK,6201,8.387,8.398494
GPCR,pK,6202,6.231,6.1952147
GPCR,pK,6203,8.032,8.21295
GPCR,pK,6204,8.167,8.505824
GPCR,pK,6205,7.538,8.137081
GPCR,pK,6206,9.62,9.25488
GPCR,pK,6207,5.62,7.044197
GPCR,pK,6208,8.699,7.995184
GPCR,pK,6209,8.398,8.606294
GPCR,pK,6210,7.569,7.4148793
GPCR,pK,6211,8.201,8.167684
GPCR,pK,6212,6.848,6.414205
GPCR,pK,6213,8.229,8.359977
GPCR,pK,6214,6.77,5.6300516
GPCR,pK,6215,5.842,6.72748
GPCR,pK,6216,7.337,6.8989973
GPCR,pK,6217,5.046,6.0127363
GPCR,pK,6218,6.253,5.6366057
GPCR,pK,6219,6.128,6.590136
GPCR,pK,6220,6.625,6.15186
GPCR,pK,6221,5.913,7.389955
GPCR,pK,6222,7.921,7.4672885
GPCR,pK,6223,7.276,7.156113
GPCR,pK,6224,6.267,6.617332
GPCR,pK,6225,7.824,7.334207
GPCR,pK,6226,6.623,6.670773
GPCR,pK,6227,7.42,7.3938837
GPCR,pK,6228,7.022,6.70746
GPCR,pK,6229,7.046,6.665027
GPCR,pK,6230,7.071,6.9798584
GPCR,pK,6231,7.137,7.7175136
GPCR,pK,6232,6.07,5.5544286
GPCR,pK,6233,5.046,5.638222
GPCR,pK,6234,5.301,5.972528
GPCR,pK,6235,5.655,5.869944
GPCR,pK,6236,5.301,5.505897
GPCR,pK,6237,6.067,8.095093
GPCR,pK,6238,8.398,8.681706
GPCR,pK,6239,8.046,7.5195384
GPCR,pK,6240,8.155,8.296934
GPCR,pK,6241,6.29,6.9325833
GPCR,pK,6242,6.027,5.7442884
GPCR,pK,6243,7.553,5.729095
GPCR,pK,6244,6.244,6.7122064
GPCR,pK,6245,8.347,8.589098
GPCR,pK,6246,6.405,6.2534633
GPCR,pK,6247,6.717,6.1790524
GPCR,pK,6248,6.695,5.189478
GPCR,pK,6249,5.432,5.695166
GPCR,pK,6250,5.071,5.5027995
GPCR,pK,6251,5.538,5.191564
GPCR,pK,6252,6.662,6.363385
GPCR,pK,6253,6.372,5.9725327
GPCR,pK,6254,5.569,5.5192943
GPCR,pK,6255,5.959,6.023748
GPCR,pK,6256,5.31,5.262136
GPCR,pK,6257,5.77,5.895573
GPCR,pK,6258,5.018,5.032875
GPCR,pK,6259,6.59,6.467954
GPCR,pK,6260,6.407,6.13248
GPCR,pK,6261,6.807,6.6804357
GPCR,pK,6262,6.556,7.1590133
GPCR,pK,6263,6.146,6.757978
GPCR,pK,6264,7.432,7.5189576
GPCR,pK,6265,6.62,6.851184
GPCR,pK,6266,5.31,5.3689117
GPCR,pK,6267,5.678,5.480552
GPCR,pK,6268,6.9,5.711586
GPCR,pK,6269,7.314,7.064126
GPCR,pK,6270,6.898,6.895588
GPCR,pK,6271,6.871,6.9729085
GPCR,pK,6272,6.079,6.2821374
GPCR,pK,6273,7.092,6.960879
GPCR,pK,6274,6.975,7.424125
GPCR,pK,6275,5.867,6.778018
GPCR,pK,6276,7.086,7.0008326
GPCR,pK,6277,6.08,7.35043
GPCR,pK,6278,6.524,6.761266
GPCR,pK,6279,6.256,6.622409
GPCR,pK,6280,6.105,6.062577
GPCR,pK,6281,7.629,6.965031
GPCR,pK,6282,7.444,7.330669
GPCR,pK,6283,6.561,5.072561
GPCR,pK,6284,6.733,7.3318014
GPCR,pK,6285,6.469,6.5360155
GPCR,pK,6286,5.824,6.407349
GPCR,pK,6287,5.959,6.02136
GPCR,pK,6288,7.699,7.457649
GPCR,pK,6289,5.0,5.661058
GPCR,pK,6290,6.143,5.9786296
GPCR,pK,6291,5.959,5.6181297
GPCR,pK,6292,6.298,6.176339
GPCR,pK,6293,5.398,6.3185997
GPCR,pK,6294,6.599,6.606421
GPCR,pK,6295,7.398,6.8528895
GPCR,pK,6296,6.842,6.5209603
GPCR,pK,6297,6.225,6.251992
GPCR,pK,6298,7.041,5.5932984
GPCR,pK,6299,7.018,6.6098485
GPCR,pK,6300,7.051,6.4668136
GPCR,pK,6301,9.2,8.64881
GPCR,pK,6302,6.421,6.9897723
GPCR,pK,6303,6.331,6.221011
GPCR,pK,6304,5.669,5.764225
GPCR,pK,6305,6.042,6.9953923
GPCR,pK,6306,8.051,7.8507543
GPCR,pK,6307,8.886,8.653234
GPCR,pK,6308,9.398,9.637673
GPCR,pK,6309,8.893,8.015653
GPCR,pK,6310,6.046,6.179863
GPCR,pK,6311,7.377,7.554564
GPCR,pK,6312,7.523,7.5116987
GPCR,pK,6313,7.495,8.008105
GPCR,pK,6314,7.149,8.050647
GPCR,pK,6315,6.194,6.6973295
GPCR,pK,6316,7.0,7.1480427
GPCR,pK,6317,8.745,8.651938
GPCR,pK,6318,8.387,9.134297
GPCR,pK,6319,6.143,6.7158513
GPCR,pK,6320,6.02,6.264358
GPCR,pK,6321,6.31,5.8440475
GPCR,pK,6322,5.84,5.9710293
GPCR,pK,6323,8.0,6.942743
GPCR,pK,6324,5.957,6.142833
GPCR,pK,6325,7.025,5.446198
GPCR,pK,6326,7.585,7.2203946
GPCR,pK,6327,5.387,5.35706
GPCR,pK,6328,5.102,4.8314295
GPCR,pK,6329,6.032,5.174648
GPCR,pK,6330,5.257,5.341064
GPCR,pK,6331,6.046,5.7594914
GPCR,pK,6332,5.569,5.737599
GPCR,pK,6333,5.444,6.732016
GPCR,pK,6334,9.387,8.730692
GPCR,pK,6335,4.854,6.0498624
GPCR,pK,6336,7.409,7.5388875
GPCR,pK,6337,8.699,8.550008
GPCR,pK,6338,6.254,5.955668
GPCR,pK,6339,5.957,5.988768
GPCR,pK,6340,5.447,5.539186
GPCR,pK,6341,5.173,4.977283
GPCR,pK,6342,5.0,5.20726
GPCR,pK,6343,5.359,5.2214785
GPCR,pK,6344,5.844,5.9193525
GPCR,pK,6345,5.046,5.555399
GPCR,pK,6346,5.0,5.0553775
GPCR,pK,6347,5.173,5.9519215
GPCR,pK,6348,5.769,5.460643
GPCR,pK,6349,5.879,5.8143086
GPCR,pK,6350,5.0,5.0520444
GPCR,pK,6351,6.745,6.153253
GPCR,pK,6352,5.0,5.154559
GPCR,pK,6353,5.642,5.541019
GPCR,pK,6354,7.125,6.786816
GPCR,pK,6355,5.0,5.0420613
GPCR,pK,6356,5.531,5.466347
GPCR,pK,6357,5.317,5.6569204
GPCR,pK,6358,5.334,5.192487
GPCR,pK,6359,5.0,4.673637
GPCR,pK,6360,5.0,5.036542
GPCR,pK,6361,5.843,7.124828
GPCR,pK,6362,6.903,6.738589
GPCR,pK,6363,6.796,6.178928
GPCR,pK,6364,6.506,6.2343345
GPCR,pK,6365,5.0,5.217111
GPCR,pK,6366,5.0,5.076802
GPCR,pK,6367,5.921,5.2088695
GPCR,pK,6368,5.0,5.301412
GPCR,pK,6369,6.932,7.113791
GPCR,pK,6370,7.161,7.975364
GPCR,pK,6371,6.824,6.3174376
GPCR,pK,6372,7.959,7.604054
GPCR,pK,6373,6.022,6.492466
GPCR,pK,6374,6.818,6.8991055
GPCR,pK,6375,8.097,7.753155
GPCR,pK,6376,5.0,4.715923
GPCR,pK,6377,6.648,6.453423
GPCR,pK,6378,6.883,6.7285843
GPCR,pK,6379,8.222,6.627954
GPCR,pK,6380,6.836,7.239658
GPCR,pK,6381,6.3,6.653044
GPCR,pK,6382,7.62,7.790061
GPCR,pK,6383,6.604,7.3208456
GPCR,pK,6384,7.319,7.698494
GPCR,pK,6385,5.61,6.3613772
GPCR,pK,6386,6.244,5.6212077
GPCR,pK,6387,6.142,5.776115
GPCR,pK,6388,5.532,6.1575503
GPCR,pK,6389,5.294,5.4484572
GPCR,pK,6390,5.543,5.1198363
GPCR,pK,6391,5.997,5.8852735
GPCR,pK,6392,5.614,5.9928985
GPCR,pK,6393,5.421,5.856386
GPCR,pK,6394,5.63,5.360765
GPCR,pK,6395,5.498,5.358752
GPCR,pK,6396,5.605,5.9633775
GPCR,pK,6397,6.623,5.9686227
GPCR,pK,6398,6.577,6.2144666
GPCR,pK,6399,5.0,4.7266026
GPCR,pK,6400,6.066,5.939957
GPCR,pK,6401,5.62,5.1948667
GPCR,pK,6402,5.0,4.8713446
GPCR,pK,6403,5.0,5.0270915
GPCR,pK,6404,7.495,7.4402347
GPCR,pK,6405,6.466,7.134036
GPCR,pK,6406,7.745,7.472547
GPCR,pK,6407,6.335,6.583489
GPCR,pK,6408,7.959,8.558024
GPCR,pK,6409,8.301,7.9780555
GPCR,pK,6410,7.108,5.8297677
GPCR,pK,6411,6.502,6.8179135
GPCR,pK,6412,7.602,7.713206
GPCR,pK,6413,7.585,7.8742146
GPCR,pK,6414,7.959,7.949518
GPCR,pK,6415,7.155,7.4820886
GPCR,pK,6416,8.9,8.055852
GPCR,pK,6417,8.304,8.344701
GPCR,pK,6418,5.239,4.8660517
GPCR,pK,6419,5.932,5.7798314
GPCR,pK,6420,6.943,6.554212
GPCR,pK,6421,8.86,7.920935
GPCR,pK,6422,7.643,7.0885396
GPCR,pK,6423,8.744,8.319848
GPCR,pK,6424,8.8,8.327812
GPCR,pK,6425,6.602,6.1021314
GPCR,pK,6426,7.197,7.13441
GPCR,pK,6427,6.978,6.9003077
GPCR,pK,6428,6.648,7.156394
GPCR,pK,6429,7.202,6.957644
GPCR,pK,6430,6.848,7.5951085
GPCR,pK,6431,7.347,7.3200736
GPCR,pK,6432,6.62,6.7221045
GPCR,pK,6433,5.732,6.7888966
GPCR,pK,6434,6.701,6.8902507
GPCR,pK,6435,7.602,7.3879495
GPCR,pK,6436,8.347,7.154952
GPCR,pK,6437,8.699,7.839566
GPCR,pK,6438,6.638,7.424309
GPCR,pK,6439,7.932,7.2883277
GPCR,pK,6440,7.119,7.226235
GPCR,pK,6441,7.393,7.481322
GPCR,pK,6442,6.387,7.1348004
GPCR,pK,6443,8.268,8.461383
GPCR,pK,6444,8.301,7.6434226
GPCR,pK,6445,8.409,7.930517
GPCR,pK,6446,8.796,8.024359
GPCR,pK,6447,9.161,8.677722
GPCR,pK,6448,8.959,8.220524
GPCR,pK,6449,7.337,7.1722054
GPCR,pK,6450,5.824,6.335621
GPCR,pK,6451,7.739,8.195324
GPCR,pK,6452,7.347,7.933855
GPCR,pK,6453,7.194,7.139498
GPCR,pK,6454,7.538,7.6002693
GPCR,pK,6455,6.627,7.353713
GPCR,pK,6456,6.886,7.458857
GPCR,pK,6457,7.328,7.2288775
GPCR,pK,6458,8.523,8.861272
GPCR,pK,6459,9.921,7.9168773
GPCR,pK,6460,6.699,5.9688
GPCR,pK,6461,6.081,6.949694
GPCR,pK,6462,6.577,6.5623527
GPCR,pK,6463,8.117,8.322354
GPCR,pK,6464,8.125,7.738499
GPCR,pK,6465,8.328,8.25059
GPCR,pK,6466,7.849,8.059362
GPCR,pK,6467,8.845,8.553002
GPCR,pK,6468,8.292,8.478034
GPCR,pK,6469,8.352,8.423094
GPCR,pK,6470,9.018,7.8339286
GPCR,pK,6471,8.398,8.430662
GPCR,pK,6472,6.279,7.8624673
GPCR,pK,6473,8.921,8.118148
GPCR,pK,6474,7.583,7.820377
GPCR,pK,6475,6.364,6.3007603
GPCR,pK,6476,6.684,7.5310607
GPCR,pK,6477,6.605,7.9282355
GPCR,pK,6478,8.373,8.524466
GPCR,pK,6479,6.223,7.13867
GPCR,pK,6480,7.528,7.365332
GPCR,pK,6481,7.158,7.082109
GPCR,pK,6482,8.028,7.8560658
GPCR,pK,6483,7.618,7.347324
GPCR,pK,6484,7.118,7.037893
GPCR,pK,6485,6.391,7.733045
GPCR,pK,6486,7.06,7.5809755
GPCR,pK,6487,7.39,7.4692326
GPCR,pK,6488,7.569,7.531077
GPCR,pK,6489,8.066,8.608869
GPCR,pK,6490,9.419,9.512151
GPCR,pK,6491,7.073,7.7213435
GPCR,pK,6492,7.206,7.5621142
GPCR,pK,6493,7.0,7.094543
GPCR,pK,6494,8.143,6.5773673
GPCR,pK,6495,8.66,8.714823
GPCR,pK,6496,8.88,8.275425
GPCR,pK,6497,6.3,6.808969
GPCR,pK,6498,6.89,7.088467
GPCR,pK,6499,6.789,6.2437944
GPCR,pK,6500,7.77,7.5934978
GPCR,pK,6501,7.959,7.358207
GPCR,pK,6502,7.721,7.3668265
GPCR,pK,6503,7.161,7.6124606
GPCR,pK,6504,6.49,5.506393
GPCR,pK,6505,7.509,7.4573245
GPCR,pK,6506,7.0,6.681605
GPCR,pK,6507,7.444,7.2676973
GPCR,pK,6508,7.553,7.2144203
GPCR,pK,6509,7.319,7.138215
GPCR,pK,6510,6.444,6.563248
GPCR,pK,6511,7.716,7.2293525
GPCR,pK,6512,8.588,9.882038
GPCR,pK,6513,6.959,6.708318
GPCR,pK,6514,7.409,8.18874
GPCR,pK,6515,5.166,7.105743
GPCR,pK,6516,6.148,7.28198
GPCR,pK,6517,5.975,6.2324114
GPCR,pK,6518,6.921,6.2950664
GPCR,pK,6519,7.027,6.80446
GPCR,pK,6520,7.602,7.1141214
GPCR,pK,6521,5.921,6.455833
GPCR,pK,6522,7.328,7.454258
GPCR,pK,6523,6.0,6.202344
GPCR,pK,6524,5.9,6.609479
GPCR,pK,6525,6.2,5.613134
GPCR,pK,6526,8.102,8.152793
GPCR,pK,6527,7.42,7.6946664
GPCR,pK,6528,7.137,7.0948668
GPCR,pK,6529,9.301,9.0315275
GPCR,pK,6530,9.398,9.294361
GPCR,pK,6531,9.0,9.659823
GPCR,pK,6532,7.886,7.4234815
GPCR,pK,6533,7.471,7.4041924
GPCR,pK,6534,7.13,7.6648383
GPCR,pK,6535,5.119,6.3682904
GPCR,pK,6536,5.721,5.591336
GPCR,pK,6537,6.1,5.9222927
GPCR,pK,6538,6.699,7.101987
GPCR,pK,6539,6.231,5.9783006
GPCR,pK,6540,6.917,6.679808
GPCR,pK,6541,6.708,6.8153305
GPCR,pK,6542,7.328,7.5266557
GPCR,pK,6543,6.455,6.4780307
GPCR,pK,6544,7.043,6.720177
GPCR,pK,6545,8.398,10.268914
GPCR,pK,6546,7.983,8.023418
GPCR,pK,6547,6.035,6.9304886
GPCR,pK,6548,5.597,6.374486
GPCR,pK,6549,8.481,8.33405
GPCR,pK,6550,9.444,8.139384
GPCR,pK,6551,7.495,5.8444777
GPCR,pK,6552,6.0,6.1333265
GPCR,pK,6553,6.0,8.058847
GPCR,pK,6554,8.03,8.227396
GPCR,pK,6555,7.883,9.012378
GPCR,pK,6556,5.636,6.2792325
GPCR,pK,6557,7.642,8.008974
GPCR,pK,6558,4.775,5.3744297
GPCR,pK,6559,5.742,7.0493565
GPCR,pK,6560,6.05,6.053662
GPCR,pK,6561,8.292,8.434119
GPCR,pK,6562,7.337,7.299172
GPCR,pK,6563,7.733,7.778582
GPCR,pK,6564,6.71,6.6961045
GPCR,pK,6565,6.1,6.6215367
GPCR,pK,6566,6.73,7.703096
GPCR,pK,6567,7.31,7.606059
GPCR,pK,6568,6.01,7.0441413
GPCR,pK,6569,6.0,5.7299495
GPCR,pK,6570,5.5,6.1574144
GPCR,pK,6571,5.4,6.1162744
GPCR,pK,6572,5.4,5.8424506
GPCR,pK,6573,5.9,5.4879103
GPCR,pK,6574,5.6,6.6139126
GPCR,pK,6575,6.801,6.629744
GPCR,pK,6576,6.1,6.5200925
GPCR,pK,6577,6.9,6.7819896
GPCR,pK,6578,6.6,6.3515816
GPCR,pK,6579,7.399,6.671708
GPCR,pK,6580,6.4,8.153881
GPCR,pK,6581,5.7,5.9590173
GPCR,pK,6582,5.321,6.549691
GPCR,pK,6583,6.143,6.937968
GPCR,pK,6584,8.385,8.583574
GPCR,pK,6585,7.798,8.2619
GPCR,pK,6586,8.0,7.82136
GPCR,pK,6587,8.2,8.030233
GPCR,pK,6588,8.5,8.354845
GPCR,pK,6589,7.7,7.3651958
GPCR,pK,6590,6.3,6.5871215
GPCR,pK,6591,7.5,6.926991
GPCR,pK,6592,7.3,8.664225
GPCR,pK,6593,8.2,7.8432527
GPCR,pK,6594,6.9,8.307637
GPCR,pK,6595,8.8,8.949542
GPCR,pK,6596,9.4,8.909609
GPCR,pK,6597,9.4,8.986923
GPCR,pK,6598,6.2,6.874686
GPCR,pK,6599,8.0,10.17765
GPCR,pK,6600,7.7,8.600245
GPCR,pK,6601,7.371,6.259087
GPCR,pK,6602,6.289,6.2490582
GPCR,pK,6603,5.593,6.6276956
GPCR,pK,6604,7.17,7.059509
GPCR,pK,6605,6.17,7.1083307
GPCR,pK,6606,7.8,7.115868
GPCR,pK,6607,8.0,6.954619
GPCR,pK,6608,6.7,6.5324163
GPCR,pK,6609,5.7,4.8860908
GPCR,pK,6610,7.5,7.244398
GPCR,pK,6611,7.399,6.770584
GPCR,pK,6612,8.1,7.827211
GPCR,pK,6613,6.2,6.400436
GPCR,pK,6614,7.0,7.552406
GPCR,pK,6615,5.9,6.7330155
GPCR,pK,6616,5.9,5.9971595
GPCR,pK,6617,5.9,5.779232
GPCR,pK,6618,6.64,5.6291957
GPCR,pK,6619,7.16,7.470908
GPCR,pK,6620,7.091,5.9116225
GPCR,pK,6621,6.65,6.0364585
GPCR,pK,6622,6.24,5.743021
GPCR,pK,6623,7.62,7.717896
GPCR,pK,6624,7.488,7.0438
GPCR,pK,6625,6.301,7.7175
GPCR,pK,6626,7.013,7.28508
GPCR,pK,6627,6.007,7.0360355
GPCR,pK,6628,6.721,6.3121877
GPCR,pK,6629,7.553,6.2941275
GPCR,pK,6630,9.0,5.456737
GPCR,pK,6631,6.951,6.2381167
GPCR,pK,6632,5.658,7.0892577
GPCR,pK,6633,8.26,8.347852
GPCR,pK,6634,7.33,5.940927
GPCR,pK,6635,6.42,6.385993
GPCR,pK,6636,5.4,5.526678
GPCR,pK,6637,8.983,6.162766
GPCR,pK,6638,8.461,6.666634
GPCR,pK,6639,5.9,6.791308
GPCR,pK,6640,6.578,7.2440653
GPCR,pK,6641,8.854,8.148104
GPCR,pK,6642,6.469,6.4710994
GPCR,pK,6643,7.668,8.157526
GPCR,pK,6644,7.629,8.248765
GPCR,pK,6645,7.481,8.08714
GPCR,pK,6646,5.77,6.5386605
GPCR,pK,6647,7.046,7.791715
GPCR,pK,6648,5.752,6.9000845
GPCR,pK,6649,5.222,5.2661057
GPCR,pK,6650,8.7,9.169017
GPCR,pK,6651,8.798,8.797385
GPCR,pK,6652,5.2,5.3662877
GPCR,pK,6653,7.7,7.4016986
GPCR,pK,6654,9.1,8.843909
GPCR,pK,6655,9.2,8.873647
GPCR,pK,6656,8.0,7.569109
GPCR,pK,6657,9.098,9.125328
GPCR,pK,6658,7.149,6.2045445
GPCR,pK,6659,7.076,7.84351
GPCR,pK,6660,5.921,5.4089046
GPCR,pK,6661,5.836,6.5711317
GPCR,pK,6662,8.976,8.196637
GPCR,pK,6663,6.903,6.8674636
GPCR,pK,6664,7.638,6.831413
GPCR,pK,6665,6.74,6.860262
GPCR,pK,6666,6.25,6.162922
GPCR,pK,6667,8.453,8.995152
GPCR,pK,6668,8.031,8.589336
GPCR,pK,6669,8.694,7.9432178
GPCR,pK,6670,7.56,8.464007
GPCR,pK,6671,7.99,8.396339
GPCR,pK,6672,8.53,8.597478
GPCR,pK,6673,7.721,8.310891
GPCR,pK,6674,6.959,8.093474
GPCR,pK,6675,8.319,8.301559
GPCR,pK,6676,7.77,8.724388
GPCR,pK,6677,7.915,7.686295
GPCR,pK,6678,7.62,7.449934
GPCR,pK,6679,9.5,6.772233
GPCR,pK,6680,8.74,8.676593
GPCR,pK,6681,9.3,9.332428
GPCR,pK,6682,6.089,6.8281636
GPCR,pK,6683,5.518,6.6213355
GPCR,pK,6684,8.111,8.413497
GPCR,pK,6685,8.67,9.235423
GPCR,pK,6686,8.825,8.450732
GPCR,pK,6687,6.501,6.145323
GPCR,pK,6688,5.917,5.643775
GPCR,pK,6689,7.745,7.7397223
GPCR,pK,6690,5.377,5.6031604
GPCR,pK,6691,4.833,5.376065
GPCR,pK,6692,7.301,7.7665057
GPCR,pK,6693,6.18,7.5615396
GPCR,pK,6694,7.538,7.574206
GPCR,pK,6695,6.252,6.2363434
GPCR,pK,6696,7.367,7.1775084
GPCR,pK,6697,6.485,6.0723767
GPCR,pK,6698,6.032,6.7036886
GPCR,pK,6699,6.354,7.128215
GPCR,pK,6700,6.071,5.7989054
GPCR,pK,6701,6.824,6.464523
GPCR,pK,6702,6.714,6.569263
GPCR,pK,6703,7.477,7.1753135
GPCR,pK,6704,6.135,6.4380083
GPCR,pK,6705,5.79,8.340576
GPCR,pK,6706,6.793,7.4675937
GPCR,pK,6707,7.213,6.9654603
GPCR,pK,6708,7.393,7.3982234
GPCR,pK,6709,6.866,6.881207
GPCR,pK,6710,5.746,5.538594
GPCR,pK,6711,6.378,6.396504
GPCR,pK,6712,5.347,5.2881374
GPCR,pK,6713,6.025,6.0739083
GPCR,pK,6714,4.64,4.8827763
GPCR,pK,6715,5.854,5.7251725
GPCR,pK,6716,7.377,8.335369
GPCR,pK,6717,6.854,7.4512053
GPCR,pK,6718,7.167,6.760504
GPCR,pK,6719,8.745,9.351222
GPCR,pK,6720,9.092,9.49947
GPCR,pK,6721,9.502,9.14671
GPCR,pK,6722,6.646,6.8210077
GPCR,pK,6723,7.456,7.0731215
GPCR,pK,6724,7.301,7.4125934
GPCR,pK,6725,7.108,7.1716375
GPCR,pK,6726,5.851,6.4317393
GPCR,pK,6727,6.68,6.44121
GPCR,pK,6728,6.833,6.7577567
GPCR,pK,6729,8.855,8.638333
GPCR,pK,6730,8.796,8.77723
GPCR,pK,6731,7.409,7.787881
GPCR,pK,6732,4.538,4.281455
GPCR,pK,6733,4.863,5.0722675
GPCR,pK,6734,5.547,5.347711
GPCR,pK,6735,7.252,6.7488866
GPCR,pK,6736,5.597,5.9920597
GPCR,pK,6737,5.446,5.948834
GPCR,pK,6738,4.312,4.964974
GPCR,pK,6739,7.775,7.0611663
GPCR,pK,6740,6.458,6.156998
GPCR,pK,6741,4.767,4.649732
GPCR,pK,6742,4.539,4.6643662
GPCR,pK,6743,6.921,6.836311
GPCR,pK,6744,7.686,7.330236
GPCR,pK,6745,9.319,8.875726
GPCR,pK,6746,6.824,6.989057
GPCR,pK,6747,7.119,7.2628107
GPCR,pK,6748,6.155,5.6430135
GPCR,pK,6749,7.149,7.6512775
GPCR,pK,6750,7.959,7.6324735
GPCR,pK,6751,6.495,7.096185
GPCR,pK,6752,6.796,7.1387763
GPCR,pK,6753,7.658,7.2510715
GPCR,pK,6754,7.921,8.543772
GPCR,pK,6755,8.268,8.26452
GPCR,pK,6756,4.996,5.3981166
GPCR,pK,6757,6.682,6.078507
GPCR,pK,6758,5.455,5.392527
GPCR,pK,6759,8.201,7.90655
GPCR,pK,6760,6.166,7.0215626
GPCR,pK,6761,6.038,6.6653457
GPCR,pK,6762,7.341,7.0944266
GPCR,pK,6763,6.886,6.943292
GPCR,pK,6764,4.678,4.9222274
GPCR,pK,6765,5.582,5.8718038
GPCR,pK,6766,7.34,7.3046823
GPCR,pK,6767,6.721,6.829574
GPCR,pK,6768,6.721,6.5705223
GPCR,pK,6769,5.18,4.8878284
GPCR,pK,6770,4.987,6.347014
GPCR,pK,6771,6.187,6.815571
GPCR,pK,6772,7.495,7.8874717
GPCR,pK,6773,7.699,7.612681
GPCR,pK,6774,5.47,4.9566154
GPCR,pK,6775,7.435,6.833644
GPCR,pK,6776,4.629,4.626303
GPCR,pK,6777,6.509,6.7617927
GPCR,pK,6778,7.0,7.1706815
GPCR,pK,6779,6.245,6.5362916
GPCR,pK,6780,6.092,7.0983157
GPCR,pK,6781,5.387,5.6923003
GPCR,pK,6782,5.367,5.887104
GPCR,pK,6783,6.866,7.427036
GPCR,pK,6784,4.398,4.771906
GPCR,pK,6785,8.086,7.659304
GPCR,pK,6786,5.866,5.649465
GPCR,pK,6787,4.712,4.87104
GPCR,pK,6788,5.67,6.152556
GPCR,pK,6789,5.863,6.681864
GPCR,pK,6790,5.24,7.214854
GPCR,pK,6791,5.878,6.0166755
GPCR,pK,6792,4.444,5.9178033
GPCR,pK,6793,4.592,5.5308156
GPCR,pK,6794,6.455,5.9978127
GPCR,pK,6795,5.414,5.63444
GPCR,pK,6796,6.377,5.6433034
GPCR,pK,6797,4.419,4.7338142
GPCR,pK,6798,7.678,8.85516
GPCR,pK,6799,5.208,5.484992
GPCR,pK,6800,5.19,5.045362
GPCR,pK,6801,4.451,5.1501822
GPCR,pK,6802,4.248,4.418406
GPCR,pK,6803,4.635,4.8156514
GPCR,pK,6804,6.599,5.926047
GPCR,pK,6805,5.928,5.997157
GPCR,pK,6806,4.799,4.4001126
GPCR,pK,6807,4.936,5.967032
GPCR,pK,6808,7.456,7.6564994
GPCR,pK,6809,6.695,6.5817947
GPCR,pK,6810,5.648,6.580826
GPCR,pK,6811,6.387,6.893363
GPCR,pK,6812,7.886,8.039967
GPCR,pK,6813,6.208,6.680651
GPCR,pK,6814,6.708,5.899415
GPCR,pK,6815,5.91,6.1504245
GPCR,pK,6816,7.244,6.9326706
GPCR,pK,6817,7.119,6.999453
GPCR,pK,6818,8.046,8.234845
GPCR,pK,6819,6.558,7.3224826
GPCR,pK,6820,7.244,6.9329324
GPCR,pK,6821,7.137,7.0666165
GPCR,pK,6822,6.652,6.080549
GPCR,pK,6823,6.0,5.929558
GPCR,pK,6824,6.155,6.2059903
GPCR,pK,6825,5.712,5.269393
GPCR,pK,6826,5.75,6.487397
GPCR,pK,6827,7.409,6.986922
GPCR,pK,6828,6.623,6.9756093
GPCR,pK,6829,7.215,7.6041265
GPCR,pK,6830,8.261,7.6767306
GPCR,pK,6831,5.159,5.0717044
GPCR,pK,6832,9.42,8.855338
GPCR,pK,6833,6.415,6.8017135
GPCR,pK,6834,4.523,4.6295333
GPCR,pK,6835,6.527,6.846001
GPCR,pK,6836,6.577,6.2671294
GPCR,pK,6837,8.041,7.3231983
GPCR,pK,6838,8.208,8.10722
GPCR,pK,6839,8.013,8.058317
GPCR,pK,6840,8.959,8.864009
GPCR,pK,6841,6.194,7.619825
GPCR,pK,6842,9.438,6.1750455
GPCR,pK,6843,7.056,6.640699
GPCR,pK,6844,7.602,7.2678447
GPCR,pK,6845,4.638,4.928885
GPCR,pK,6846,5.316,5.7433367
GPCR,pK,6847,5.936,5.0376096
GPCR,pK,6848,7.699,7.8764405
GPCR,pK,6849,4.059,3.9162297
GPCR,pK,6850,3.542,3.1885023
GPCR,pK,6851,7.623,6.863225
GPCR,pK,6852,8.009,7.825829
GPCR,pK,6853,6.654,6.622488
GPCR,pK,6854,5.676,5.445023
GPCR,pK,6855,5.548,5.3503203
GPCR,pK,6856,6.481,6.6519737
GPCR,pK,6857,5.383,6.267499
GPCR,pK,6858,6.042,6.395601
GPCR,pK,6859,5.975,5.5588837
GPCR,pK,6860,5.559,6.2319827
GPCR,pK,6861,6.614,6.8227425
GPCR,pK,6862,6.296,7.083818
GPCR,pK,6863,10.523,9.87411
GPCR,pK,6864,5.175,5.697857
GPCR,pK,6865,6.31,6.5164266
GPCR,pK,6866,6.426,6.203483
GPCR,pK,6867,6.672,6.2349267
GPCR,pK,6868,6.862,6.8907647
GPCR,pK,6869,2.252,1.7561097
GPCR,pK,6870,3.009,2.0264902
GPCR,pK,6871,1.824,1.895713
GPCR,pK,6872,5.642,6.9908547
GPCR,pK,6873,6.886,6.723887
GPCR,pK,6874,6.738,8.5256195
GPCR,pK,6875,7.356,7.5120006
GPCR,pK,6876,7.101,7.7579417
GPCR,pK,6877,6.51,6.757843
GPCR,pK,6878,9.569,9.902486
GPCR,pK,6879,6.056,5.3108444
GPCR,pK,6880,4.879,5.1645603
GPCR,pK,6881,5.377,6.3730845
GPCR,pK,6882,5.332,5.3874025
GPCR,pK,6883,5.607,5.5074344
GPCR,pK,6884,5.559,5.663381
GPCR,pK,6885,4.545,4.839455
GPCR,pK,6886,6.108,6.2464356
GPCR,pK,6887,6.0,6.990481
GPCR,pK,6888,9.337,8.474238
GPCR,pK,6889,3.944,5.908817
GPCR,pK,6890,8.857,8.49381
GPCR,pK,6891,6.323,6.1589217
GPCR,pK,6892,6.225,6.6538844
GPCR,pK,6893,6.155,6.615148
GPCR,pK,6894,6.319,6.4068627
GPCR,pK,6895,6.51,6.7163234
GPCR,pK,6896,6.268,7.077177
GPCR,pK,6897,9.506,9.181434
GPCR,pK,6898,5.959,5.424338
GPCR,pK,6899,6.638,6.056365
GPCR,pK,6900,5.658,5.693626
GPCR,pK,6901,6.796,6.8300667
GPCR,pK,6902,6.056,6.436094
GPCR,pK,6903,7.041,6.769336
GPCR,pK,6904,5.662,5.624906
GPCR,pK,6905,6.125,5.915655
GPCR,pK,6906,6.481,6.0986648
GPCR,pK,6907,5.646,5.6833053
GPCR,pK,6908,7.495,7.5398297
GPCR,pK,6909,7.87,7.7215466
GPCR,pK,6910,8.009,7.7476783
GPCR,pK,6911,8.456,9.519952
GPCR,pK,6912,7.76,7.6043577
GPCR,pK,6913,7.089,7.732553
GPCR,pK,6914,6.5,6.6752934
GPCR,pK,6915,9.14,9.501979
GPCR,pK,6916,6.896,8.62157
GPCR,pK,6917,4.9,5.456608
GPCR,pK,6918,6.131,5.8384786
GPCR,pK,6919,6.967,6.1387687
GPCR,pK,6920,6.876,7.619905
GPCR,pK,6921,6.896,6.8404565
GPCR,pK,6922,6.65,6.3097987
GPCR,pK,6923,6.455,7.4712596
GPCR,pK,6924,6.42,6.135336
GPCR,pK,6925,8.602,7.918764
GPCR,pK,6926,6.04,6.4348326
GPCR,pK,6927,7.084,7.002458
GPCR,pK,6928,6.33,7.2282662
GPCR,pK,6929,7.578,7.80386
GPCR,pK,6930,5.742,6.565758
GPCR,pK,6931,8.027,7.79394
GPCR,pK,6932,8.921,9.179122
GPCR,pK,6933,8.611,8.380502
GPCR,pK,6934,7.585,7.0039234
GPCR,pK,6935,6.595,6.4487495
GPCR,pK,6936,7.2,7.355666
GPCR,pK,6937,8.53,8.282382
GPCR,pK,6938,5.824,4.7869825
GPCR,pK,6939,4.78,6.7135057
GPCR,pK,6940,6.2,6.212526
GPCR,pK,6941,6.77,6.7012877
GPCR,pK,6942,6.88,7.0196776
GPCR,pK,6943,7.55,7.886424
GPCR,pK,6944,7.68,7.440829
GPCR,pK,6945,6.178,6.168835
GPCR,pK,6946,6.64,6.566911
GPCR,pK,6947,5.821,6.335027
GPCR,pK,6948,7.252,6.6985183
GPCR,pK,6949,7.796,7.1746025
GPCR,pK,6950,7.959,7.801516
GPCR,pK,6951,7.377,6.204614
GPCR,pK,6952,6.207,6.2944574
GPCR,pK,6953,8.23,7.921914
GPCR,pK,6954,6.01,5.8059955
GPCR,pK,6955,4.93,6.1003957
GPCR,pK,6956,6.24,6.288668
GPCR,pK,6957,7.04,7.2621922
GPCR,pK,6958,5.18,4.9320674
GPCR,pK,6959,7.2,7.709443
GPCR,pK,6960,7.086,7.404337
GPCR,pK,6961,6.65,6.4891715
GPCR,pK,6962,7.699,7.1199355
GPCR,pK,6963,8.051,7.0489035
GPCR,pK,6964,8.678,8.540153
GPCR,pK,6965,8.721,7.2641397
GPCR,pK,6966,9.301,9.494838
GPCR,pK,6967,9.398,9.252046
GPCR,pK,6968,8.481,9.26238
GPCR,pK,6969,7.658,8.441514
GPCR,pK,6970,5.6,5.9218006
GPCR,pK,6971,8.114,7.703215
GPCR,pK,6972,8.541,8.37936
GPCR,pK,6973,6.7,6.723189
GPCR,pK,6974,7.61,7.5963597
GPCR,pK,6975,4.78,5.6599236
GPCR,pK,6976,6.4,6.5236573
GPCR,pK,6977,6.91,7.3043375
GPCR,pK,6978,10.824,10.394727
GPCR,pK,6979,9.409,9.806301
GPCR,pK,6980,8.131,8.072814
GPCR,pK,6981,8.056,8.533127
GPCR,pK,6982,9.409,9.396132
GPCR,pK,6983,9.886,10.284007
GPCR,pK,6984,9.041,9.480753
GPCR,pK,6985,8.602,9.49487
GPCR,pK,6986,9.523,9.012536
GPCR,pK,6987,8.337,7.797862
GPCR,pK,6988,9.699,9.120181
GPCR,pK,6989,7.721,8.36313
GPCR,pK,6990,11.0,9.420802
GPCR,pK,6991,10.046,9.8822775
GPCR,pK,6992,9.523,9.868333
GPCR,pK,6993,10.027,9.849178
GPCR,pK,6994,9.38,10.28241
GPCR,pK,6995,7.886,8.18628
GPCR,pK,6996,7.449,7.368549
GPCR,pK,6997,8.269,8.196566
GPCR,pK,6998,6.038,7.257829
GPCR,pK,6999,7.882,7.604709
GPCR,pK,7000,7.425,7.657784
GPCR,pK,7001,7.061,7.4987664
GPCR,pK,7002,7.769,7.457794
GPCR,pK,7003,6.714,7.2749896
GPCR,pK,7004,7.694,7.0267253
GPCR,pK,7005,6.719,7.3279862
GPCR,pK,7006,8.086,8.1935
GPCR,pK,7007,7.2,7.148226
GPCR,pK,7008,8.801,6.6995664
GPCR,pK,7009,6.939,7.288718
GPCR,pK,7010,7.0,6.9935355
GPCR,pK,7011,6.796,6.7814283
GPCR,pK,7012,6.509,6.5931306
GPCR,pK,7013,7.007,6.9822907
GPCR,pK,7014,6.187,5.808597
GPCR,pK,7015,7.469,7.1504846
GPCR,pK,7016,5.959,6.247945
GPCR,pK,7017,6.538,7.0924172
GPCR,pK,7018,6.796,6.6975894
GPCR,pK,7019,5.733,7.253368
GPCR,pK,7020,7.824,6.9293065
GPCR,pK,7021,5.834,5.644969
GPCR,pK,7022,6.066,6.149403
GPCR,pK,7023,6.602,6.1072087
GPCR,pK,7024,5.712,5.6718173
GPCR,pK,7025,7.638,7.706936
GPCR,pK,7026,7.824,7.5780606
GPCR,pK,7027,7.77,7.7748585
GPCR,pK,7028,8.921,8.912734
GPCR,pK,7029,6.91,6.746547
GPCR,pK,7030,7.1,7.389181
GPCR,pK,7031,6.79,7.0872803
GPCR,pK,7032,8.97,9.753774
GPCR,pK,7033,5.889,6.139805
GPCR,pK,7034,6.51,7.5752344
GPCR,pK,7035,7.52,6.692914
GPCR,pK,7036,4.403,4.274178
GPCR,pK,7037,4.538,5.406525
GPCR,pK,7038,5.928,5.6315174
GPCR,pK,7039,5.928,5.5284085
GPCR,pK,7040,5.724,5.5494056
GPCR,pK,7041,5.991,5.7246265
GPCR,pK,7042,8.523,8.646111
GPCR,pK,7043,7.215,7.2828617
GPCR,pK,7044,8.886,9.61277
GPCR,pK,7045,8.538,9.16249
GPCR,pK,7046,8.367,9.188577
GPCR,pK,7047,8.0,7.2764416
GPCR,pK,7048,5.481,5.8242517
GPCR,pK,7049,6.244,6.5391273
GPCR,pK,7050,7.044,7.5675735
GPCR,pK,7051,3.614,3.3182707
GPCR,pK,7052,5.21,6.0622425
GPCR,pK,7053,5.023,4.8566175
GPCR,pK,7054,8.42,8.804483
GPCR,pK,7055,4.131,4.4791884
GPCR,pK,7056,8.143,8.835973
GPCR,pK,7057,6.796,6.380955
GPCR,pK,7058,8.301,7.981153
GPCR,pK,7059,4.767,4.4577737
GPCR,pK,7060,6.21,5.6608205
GPCR,pK,7061,5.155,5.3979774
GPCR,pK,7062,7.77,7.6435046
GPCR,pK,7063,6.469,6.5831237
GPCR,pK,7064,5.018,4.9169583
GPCR,pK,7065,5.745,5.4999623
GPCR,pK,7066,6.678,6.810547
GPCR,pK,7067,7.585,7.691593
GPCR,pK,7068,7.824,7.6260138
GPCR,pK,7069,6.097,5.8906913
GPCR,pK,7070,4.955,4.994654
GPCR,pK,7071,4.17,5.9971676
GPCR,pK,7072,8.155,7.729149
GPCR,pK,7073,8.796,8.496721
GPCR,pK,7074,8.638,8.654614
GPCR,pK,7075,7.26,7.169247
GPCR,pK,7076,7.824,7.9323907
GPCR,pK,7077,7.796,7.8462076
GPCR,pK,7078,8.886,8.936965
GPCR,pK,7079,7.42,8.057121
GPCR,pK,7080,9.155,9.380755
GPCR,pK,7081,9.155,9.001932
GPCR,pK,7082,8.569,8.524568
GPCR,pK,7083,7.347,8.08675
GPCR,pK,7084,8.863,9.022209
GPCR,pK,7085,5.469,5.1160684
GPCR,pK,7086,7.357,6.9303923
GPCR,pK,7087,9.58,8.99129
GPCR,pK,7088,9.41,9.191489
GPCR,pK,7089,7.788,7.1420712
GPCR,pK,7090,4.638,4.6543794
GPCR,pK,7091,7.357,6.748872
GPCR,pK,7092,6.851,6.305045
GPCR,pK,7093,5.26,6.874838
GPCR,pK,7094,6.124,6.47352
GPCR,pK,7095,6.289,7.0040746
GPCR,pK,7096,10.155,9.854712
GPCR,pK,7097,5.959,5.9426494
GPCR,pK,7098,5.152,5.126541
GPCR,pK,7099,6.086,5.7801275
GPCR,pK,7100,6.686,5.2469687
GPCR,pK,7101,6.65,6.437447
GPCR,pK,7102,5.991,5.701795
GPCR,pK,7103,8.097,7.117129
GPCR,pK,7104,6.903,7.0525494
GPCR,pK,7105,5.391,6.5001783
GPCR,pK,7106,7.292,6.8888593
GPCR,pK,7107,7.357,7.138269
GPCR,pK,7108,6.807,5.79155
GPCR,pK,7109,6.866,6.445682
GPCR,pK,7110,7.102,6.83311
GPCR,pK,7111,5.553,5.643722
GPCR,pK,7112,6.282,5.9430633
GPCR,pK,7113,6.453,6.103514
GPCR,pK,7114,6.708,7.1495004
GPCR,pK,7115,7.387,6.6134257
GPCR,pK,7116,7.621,7.4717627
GPCR,pK,7117,6.456,6.814816
GPCR,pK,7118,5.593,5.5085
GPCR,pK,7119,6.996,6.634579
GPCR,pK,7120,6.569,7.518556
GPCR,pK,7121,6.845,7.4480066
GPCR,pK,7122,7.509,7.673576
GPCR,pK,7123,6.724,6.5476403
GPCR,pK,7124,8.432,8.12641
GPCR,pK,7125,8.921,7.7001176
GPCR,pK,7126,7.68,8.733142
GPCR,pK,7127,7.939,8.244952
GPCR,pK,7128,9.114,8.589708
GPCR,pK,7129,7.444,7.2260566
GPCR,pK,7130,7.066,7.023662
GPCR,pK,7131,5.759,6.0485096
GPCR,pK,7132,7.444,7.4430614
GPCR,pK,7133,7.385,8.336583
GPCR,pK,7134,5.396,6.10212
GPCR,pK,7135,7.229,6.835671
GPCR,pK,7136,7.658,6.8951535
GPCR,pK,7137,9.886,9.695348
GPCR,pK,7138,7.409,7.162888
GPCR,pK,7139,4.77,4.672111
GPCR,pK,7140,5.836,7.036182
GPCR,pK,7141,6.003,8.120863
GPCR,pK,7142,5.476,7.484445
GPCR,pK,7143,7.022,6.564153
GPCR,pK,7144,5.335,7.0020933
GPCR,pK,7145,5.725,6.281093
GPCR,pK,7146,7.62,7.203446
GPCR,pK,7147,7.458,8.600165
GPCR,pK,7148,8.9,8.904876
GPCR,pK,7149,8.12,7.520164
GPCR,pK,7150,9.65,8.938835
GPCR,pK,7151,8.53,8.748605
GPCR,pK,7152,8.9,9.269537
GPCR,pK,7153,8.71,8.777584
GPCR,pK,7154,8.109,8.351597
GPCR,pK,7155,9.17,9.085229
GPCR,pK,7156,8.85,8.845666
GPCR,pK,7157,8.52,9.144436
GPCR,pK,7158,7.917,7.57385
GPCR,pK,7159,8.046,8.133916
GPCR,pK,7160,7.955,8.146137
GPCR,pK,7161,8.602,7.928871
GPCR,pK,7162,8.108,7.5448875
GPCR,pK,7163,7.674,7.8823705
GPCR,pK,7164,6.775,8.12553
GPCR,pK,7165,5.327,5.4915853
GPCR,pK,7166,6.939,6.45815
GPCR,pK,7167,8.796,7.590814
GPCR,pK,7168,8.886,7.8672605
GPCR,pK,7169,8.62,7.8193593
GPCR,pK,7170,7.435,7.299211
GPCR,pK,7171,8.222,8.216575
GPCR,pK,7172,7.481,6.644422
GPCR,pK,7173,7.585,7.695376
GPCR,pK,7174,5.658,6.3023515
GPCR,pK,7175,8.149,7.741312
GPCR,pK,7176,7.479,7.545781
GPCR,pK,7177,7.678,7.700694
GPCR,pK,7178,5.407,6.7842197
GPCR,pK,7179,8.125,8.101031
GPCR,pK,7180,7.824,7.4486365
GPCR,pK,7181,5.658,6.629373
GPCR,pK,7182,8.42,8.108323
GPCR,pK,7183,7.553,7.8913083
GPCR,pK,7184,7.553,7.335142
GPCR,pK,7185,7.557,8.06814
GPCR,pK,7186,7.959,8.502467
GPCR,pK,7187,4.26,5.517726
GPCR,pK,7188,6.116,7.9660163
GPCR,pK,7189,6.939,6.4667716
GPCR,pK,7190,6.839,6.501301
GPCR,pK,7191,7.42,7.345471
GPCR,pK,7192,8.155,8.678101
GPCR,pK,7193,8.357,8.599986
GPCR,pK,7194,8.009,7.92433
GPCR,pK,7195,7.208,7.146586
GPCR,pK,7196,8.292,8.145226
GPCR,pK,7197,6.208,6.804935
GPCR,pK,7198,6.032,6.2041388
GPCR,pK,7199,6.87,7.2204137
GPCR,pK,7200,7.409,7.3015847
GPCR,pK,7201,5.425,8.197748
GPCR,pK,7202,7.08,6.402109
GPCR,pK,7203,7.313,7.4589324
GPCR,pK,7204,7.917,7.36168
GPCR,pK,7205,5.356,5.7789435
GPCR,pK,7206,5.24,5.8410115
GPCR,pK,7207,7.328,5.608697
GPCR,pK,7208,6.47,7.299237
GPCR,pK,7209,8.0,8.176435
GPCR,pK,7210,8.201,8.20293
GPCR,pK,7211,7.921,7.9260488
GPCR,pK,7212,5.714,5.7329507
GPCR,pK,7213,6.037,5.9464326
GPCR,pK,7214,6.901,6.3812923
GPCR,pK,7215,7.357,6.2114797
GPCR,pK,7216,6.728,6.541864
GPCR,pK,7217,6.553,7.015457
GPCR,pK,7218,7.601,6.8495264
GPCR,pK,7219,6.5,6.2513924
GPCR,pK,7220,7.222,7.1863623
GPCR,pK,7221,6.974,7.0550933
GPCR,pK,7222,7.366,7.666756
GPCR,pK,7223,6.229,6.5896945
GPCR,pK,7224,7.658,8.375461
GPCR,pK,7225,7.62,8.0536
GPCR,pK,7226,8.62,8.794566
GPCR,pK,7227,8.854,9.011788
GPCR,pK,7228,7.215,7.113479
GPCR,pK,7229,8.1,7.085648
GPCR,pK,7230,6.9,7.139562
GPCR,pK,7231,9.236,9.877307
GPCR,pK,7232,7.319,7.317657
GPCR,pK,7233,6.558,6.963967
GPCR,pK,7234,7.745,7.7413707
GPCR,pK,7235,8.485,8.694868
GPCR,pK,7236,8.796,9.1878
GPCR,pK,7237,8.77,8.678448
GPCR,pK,7238,8.523,8.136415
GPCR,pK,7239,6.932,6.7405915
GPCR,pK,7240,7.796,7.0010853
GPCR,pK,7241,7.432,7.2770495
GPCR,pK,7242,5.806,7.600075
GPCR,pK,7243,7.018,7.691608
GPCR,pK,7244,9.097,8.82876
GPCR,pK,7245,7.06,8.085736
GPCR,pK,7246,6.417,7.1796346
GPCR,pK,7247,5.0,6.5865145
GPCR,pK,7248,6.463,6.753344
GPCR,pK,7249,5.706,6.020629
GPCR,pK,7250,6.333,6.1509595
GPCR,pK,7251,8.456,7.540406
GPCR,pK,7252,7.499,7.525442
GPCR,pK,7253,5.651,6.7191725
GPCR,pK,7254,7.032,7.0726924
GPCR,pK,7255,7.328,6.4767237
GPCR,pK,7256,6.111,6.000859
GPCR,pK,7257,6.509,7.6037107
GPCR,pK,7258,6.307,5.6279645
GPCR,pK,7259,7.086,8.152482
GPCR,pK,7260,6.654,6.5462265
GPCR,pK,7261,6.453,6.3875365
GPCR,pK,7262,5.174,6.367932
GPCR,pK,7263,5.377,6.6536756
GPCR,pK,7264,6.204,6.8618875
GPCR,pK,7265,7.921,7.685758
GPCR,pK,7266,7.699,7.3699403
GPCR,pK,7267,7.561,7.306247
GPCR,pK,7268,6.311,5.977302
GPCR,pK,7269,6.921,5.9030757
GPCR,pK,7270,5.721,5.3246784
GPCR,pK,7271,5.524,6.1830792
GPCR,pK,7272,6.597,6.675251
GPCR,pK,7273,6.114,6.2555375
GPCR,pK,7274,4.921,5.7097983
GPCR,pK,7275,5.654,5.954714
GPCR,pK,7276,5.478,7.4575524
GPCR,pK,7277,5.359,6.342151
GPCR,pK,7278,6.699,6.3007064
GPCR,pK,7279,5.818,6.0148034
GPCR,pK,7280,6.821,5.9985986
GPCR,pK,7281,5.597,6.1379075
GPCR,pK,7282,8.301,7.832862
GPCR,pK,7283,7.0,7.4186354
GPCR,pK,7284,5.405,6.03657
GPCR,pK,7285,6.281,5.6669917
GPCR,pK,7286,6.154,6.4006586
GPCR,pK,7287,8.387,7.7842145
GPCR,pK,7288,6.62,6.7979703
GPCR,pK,7289,5.164,4.8434267
GPCR,pK,7290,8.187,8.5713825
GPCR,pK,7291,7.959,9.660644
GPCR,pK,7292,7.602,6.724945
GPCR,pK,7293,6.066,6.633816
GPCR,pK,7294,6.244,6.7181973
GPCR,pK,7295,6.252,7.200702
GPCR,pK,7296,6.921,6.234673
GPCR,pK,7297,6.699,7.3870635
GPCR,pK,7298,6.0,6.6444044
GPCR,pK,7299,6.7,6.5675397
GPCR,pK,7300,7.0,6.8525004
GPCR,pK,7301,6.5,6.4832854
GPCR,pK,7302,5.81,6.070005
GPCR,pK,7303,5.921,5.659162
GPCR,pK,7304,5.638,5.9791164
GPCR,pK,7305,5.699,6.1651864
GPCR,pK,7306,6.42,6.2119327
GPCR,pK,7307,6.3,7.0826173
GPCR,pK,7308,5.9,6.3509107
GPCR,pK,7309,5.7,6.146462
GPCR,pK,7310,6.0,5.622933
GPCR,pK,7311,6.2,6.629795
GPCR,pK,7312,5.6,6.465584
GPCR,pK,7313,6.255,6.63843
GPCR,pK,7314,6.2,6.6720514
GPCR,pK,7315,7.399,7.041043
GPCR,pK,7316,6.2,6.6878457
GPCR,pK,7317,7.0,6.5923724
GPCR,pK,7318,6.6,6.841827
GPCR,pK,7319,5.5,6.745005
GPCR,pK,7320,6.1,6.322087
GPCR,pK,7321,6.1,6.2650533
GPCR,pK,7322,6.3,6.4735255
GPCR,pK,7323,6.699,5.969614
GPCR,pK,7324,5.8,5.6825323
GPCR,pK,7325,5.747,6.543607
GPCR,pK,7326,7.745,8.417859
GPCR,pK,7327,8.721,8.4896755
GPCR,pK,7328,7.523,9.314137
GPCR,pK,7329,7.481,9.285609
GPCR,pK,7330,7.62,7.767759
GPCR,pK,7331,6.457,6.9294634
GPCR,pK,7332,6.852,7.536414
GPCR,pK,7333,5.138,5.9438815
GPCR,pK,7334,7.775,7.9352164
GPCR,pK,7335,7.398,7.0309987
GPCR,pK,7336,7.456,7.193845
GPCR,pK,7337,7.319,7.324452
GPCR,pK,7338,8.405,6.9308486
GPCR,pK,7339,6.775,5.9343123
GPCR,pK,7340,6.295,7.1670976
GPCR,pK,7341,10.398,9.032607
GPCR,pK,7342,8.745,8.361772
GPCR,pK,7343,10.398,9.705531
GPCR,pK,7344,7.26,7.5885434
GPCR,pK,7345,9.585,9.352847
GPCR,pK,7346,6.775,7.427013
GPCR,pK,7347,7.622,8.748332
GPCR,pK,7348,8.456,7.0462775
GPCR,pK,7349,8.237,7.153239
GPCR,pK,7350,6.19,7.228766
GPCR,pK,7351,5.636,6.5487986
GPCR,pK,7352,6.347,6.934195
GPCR,pK,7353,6.456,6.9899683
GPCR,pK,7354,8.032,8.5047865
GPCR,pK,7355,8.31,7.515267
GPCR,pK,7356,8.268,8.300659
GPCR,pK,7357,7.432,7.058972
GPCR,pK,7358,7.658,7.800115
GPCR,pK,7359,7.222,7.3115697
GPCR,pK,7360,6.959,7.620642
GPCR,pK,7361,6.959,7.768946
GPCR,pK,7362,8.796,8.837179
GPCR,pK,7363,8.0,7.879774
GPCR,pK,7364,8.337,7.606239
GPCR,pK,7365,8.092,8.5779915
GPCR,pK,7366,6.62,6.9900517
GPCR,pK,7367,5.736,6.449386
GPCR,pK,7368,9.699,9.175526
GPCR,pK,7369,6.427,6.947267
GPCR,pK,7370,6.65,6.674769
GPCR,pK,7371,6.58,6.213583
GPCR,pK,7372,7.143,7.652584
GPCR,pK,7373,6.489,7.906503
GPCR,pK,7374,6.134,5.4665675
GPCR,pK,7375,8.444,8.80749
GPCR,pK,7376,7.955,7.8532786
GPCR,pK,7377,6.9,7.183107
GPCR,pK,7378,6.499,6.033892
GPCR,pK,7379,6.0,5.5950046
GPCR,pK,7380,5.876,6.7024302
GPCR,pK,7381,7.051,7.419134
GPCR,pK,7382,6.951,7.647186
GPCR,pK,7383,7.292,6.8321433
GPCR,pK,7384,7.107,7.196313
GPCR,pK,7385,5.775,5.4875917
GPCR,pK,7386,4.946,5.426872
GPCR,pK,7387,6.197,6.2580733
GPCR,pK,7388,5.7,6.0303426
GPCR,pK,7389,6.476,6.08308
GPCR,pK,7390,5.826,6.4577737
GPCR,pK,7391,5.98,6.708881
GPCR,pK,7392,6.742,6.3184123
GPCR,pK,7393,6.159,6.6881137
GPCR,pK,7394,5.921,5.731775
GPCR,pK,7395,5.553,6.761683
GPCR,pK,7396,6.471,6.208881
GPCR,pK,7397,5.556,5.8228755
GPCR,pK,7398,5.523,6.85053
GPCR,pK,7399,5.604,6.172709
GPCR,pK,7400,6.201,7.091837
GPCR,pK,7401,9.398,7.8294826
GPCR,pK,7402,6.558,6.9820695
GPCR,pK,7403,4.678,5.3376904
GPCR,pK,7404,4.469,4.8810735
GPCR,pK,7405,5.796,5.46452
GPCR,pK,7406,6.333,6.519163
GPCR,pK,7407,8.367,8.727366
GPCR,pK,7408,9.167,8.840045
GPCR,pK,7409,9.42,9.285037
GPCR,pK,7410,9.337,9.403221
GPCR,pK,7411,8.83,8.6442
GPCR,pK,7412,7.62,9.280095
GPCR,pK,7413,6.252,5.21707
GPCR,pK,7414,8.742,8.733145
GPCR,pK,7415,6.166,7.3539095
GPCR,pK,7416,6.465,7.7651696
GPCR,pK,7417,6.676,7.763783
GPCR,pK,7418,6.442,5.7420864
GPCR,pK,7419,6.22,7.249488
GPCR,pK,7420,7.137,6.884588
GPCR,pK,7421,7.721,7.3970637
GPCR,pK,7422,8.355,8.170254
GPCR,pK,7423,5.688,5.360644
GPCR,pK,7424,5.215,5.569864
GPCR,pK,7425,5.0,5.3480115
GPCR,pK,7426,7.959,6.7337265
GPCR,pK,7427,5.0,4.628615
GPCR,pK,7428,7.62,6.744531
GPCR,pK,7429,7.279,6.7706347
GPCR,pK,7430,6.2,5.6874065
GPCR,pK,7431,7.444,6.9625506
GPCR,pK,7432,6.437,6.4022727
GPCR,pK,7433,4.796,4.9591355
GPCR,pK,7434,7.914,8.25442
GPCR,pK,7435,8.301,9.373909
GPCR,pK,7436,8.328,6.792418
GPCR,pK,7437,5.444,6.127289
GPCR,pK,7438,5.367,6.407068
GPCR,pK,7439,6.06,6.9154606
GPCR,pK,7440,6.036,6.5220027
GPCR,pK,7441,6.367,6.6210704
GPCR,pK,7442,5.854,7.1429076
GPCR,pK,7443,7.3,7.2405734
GPCR,pK,7444,7.1,7.51053
GPCR,pK,7445,8.0,8.293628
GPCR,pK,7446,8.7,8.595159
GPCR,pK,7447,8.7,8.586782
GPCR,pK,7448,5.6,6.3347187
GPCR,pK,7449,8.4,8.529765
GPCR,pK,7450,7.7,7.9590187
GPCR,pK,7451,7.9,8.222691
GPCR,pK,7452,6.7,6.611544
GPCR,pK,7453,7.8,7.2142587
GPCR,pK,7454,6.0,6.9289203
GPCR,pK,7455,8.825,8.73836
GPCR,pK,7456,8.101,6.678983
GPCR,pK,7457,8.8,7.64022
GPCR,pK,7458,7.2,7.7835298
GPCR,pK,7459,6.1,6.482509
GPCR,pK,7460,8.5,8.289065
GPCR,pK,7461,7.8,8.3875265
GPCR,pK,7462,8.5,7.974148
GPCR,pK,7463,9.3,8.97986
GPCR,pK,7464,7.601,8.260301
GPCR,pK,7465,6.325,6.49682
GPCR,pK,7466,5.906,6.3190303
GPCR,pK,7467,6.767,6.762321
GPCR,pK,7468,6.182,6.048393
GPCR,pK,7469,6.77,6.690687
GPCR,pK,7470,8.733,8.898311
GPCR,pK,7471,8.175,7.3815494
GPCR,pK,7472,7.503,7.6584973
GPCR,pK,7473,6.491,7.080233
GPCR,pK,7474,7.018,6.9441676
GPCR,pK,7475,6.122,6.427429
GPCR,pK,7476,6.208,6.3957343
GPCR,pK,7477,5.749,6.639331
GPCR,pK,7478,8.523,8.30729
GPCR,pK,7479,8.347,7.367161
GPCR,pK,7480,8.222,8.635572
GPCR,pK,7481,7.921,7.083088
GPCR,pK,7482,7.851,7.316506
GPCR,pK,7483,6.77,7.066509
GPCR,pK,7484,6.799,6.951056
GPCR,pK,7485,6.595,6.2904577
GPCR,pK,7486,8.222,7.958349
GPCR,pK,7487,5.143,5.3940187
GPCR,pK,7488,5.367,5.7540555
GPCR,pK,7489,5.125,5.023543
GPCR,pK,7490,8.444,7.997027
GPCR,pK,7491,8.06,7.927533
GPCR,pK,7492,6.854,8.69477
GPCR,pK,7493,8.367,8.043996
GPCR,pK,7494,7.921,6.7697115
GPCR,pK,7495,6.046,6.51024
GPCR,pK,7496,6.086,5.8889585
GPCR,pK,7497,6.65,6.704633
GPCR,pK,7498,5.523,5.799688
GPCR,pK,7499,6.164,6.1010513
GPCR,pK,7500,5.959,6.9846625
GPCR,pK,7501,6.796,6.7408566
GPCR,pK,7502,5.886,5.788876
GPCR,pK,7503,7.786,7.3758006
GPCR,pK,7504,7.148,6.474438
GPCR,pK,7505,7.398,6.220567
GPCR,pK,7506,6.316,5.916857
GPCR,pK,7507,5.854,6.3761935
GPCR,pK,7508,5.979,6.034594
GPCR,pK,7509,6.465,7.028441
GPCR,pK,7510,3.824,4.718601
GPCR,pK,7511,5.201,4.3257003
GPCR,pK,7512,6.9,6.475198
GPCR,pK,7513,7.5,7.1146474
GPCR,pK,7514,9.502,9.241065
GPCR,pK,7515,10.409,9.653934
GPCR,pK,7516,8.222,8.220759
GPCR,pK,7517,6.9,8.593285
GPCR,pK,7518,7.26,7.1635547
GPCR,pK,7519,9.0,8.4629545
GPCR,pK,7520,9.0,6.863603
GPCR,pK,7521,6.602,6.8620276
GPCR,pK,7522,9.155,8.176604
GPCR,pK,7523,7.62,7.1178384
GPCR,pK,7524,6.979,7.1079464
GPCR,pK,7525,7.406,6.0971065
GPCR,pK,7526,7.824,7.2000146
GPCR,pK,7527,12.0,10.338006
GPCR,pK,7528,10.155,10.604365
GPCR,pK,7529,8.187,8.255108
GPCR,pK,7530,7.357,7.5061264
GPCR,pK,7531,8.638,7.6661725
GPCR,pK,7532,5.553,5.2518115
GPCR,pK,7533,8.387,8.117173
GPCR,pK,7534,8.398,7.882978
GPCR,pK,7535,6.721,6.421923
GPCR,pK,7536,9.3,9.242005
GPCR,pK,7537,9.1,9.411799
GPCR,pK,7538,9.319,9.654265
GPCR,pK,7539,9.678,9.725528
GPCR,pK,7540,5.658,6.123445
GPCR,pK,7541,4.553,5.935943
GPCR,pK,7542,7.854,7.7884927
GPCR,pK,7543,7.092,6.745483
GPCR,pK,7544,5.921,6.2144904
GPCR,pK,7545,6.367,6.2337737
GPCR,pK,7546,7.143,6.9081416
GPCR,pK,7547,6.367,5.3979096
GPCR,pK,7548,7.229,6.4194922
GPCR,pK,7549,6.824,7.1014237
GPCR,pK,7550,6.523,7.416518
GPCR,pK,7551,8.046,7.8069415
GPCR,pK,7552,6.77,6.8727765
GPCR,pK,7553,7.688,7.7018056
GPCR,pK,7554,6.602,6.4418244
GPCR,pK,7555,7.42,6.3869033
GPCR,pK,7556,5.319,6.740865
GPCR,pK,7557,7.292,7.073424
GPCR,pK,7558,6.602,6.7555523
GPCR,pK,7559,4.967,5.967807
GPCR,pK,7560,6.432,6.6952934
GPCR,pK,7561,7.959,7.0569816
GPCR,pK,7562,7.097,6.6345086
GPCR,pK,7563,7.201,7.141681
GPCR,pK,7564,7.7,6.7171664
GPCR,pK,7565,7.323,7.047871
GPCR,pK,7566,6.77,7.4607563
GPCR,pK,7567,6.268,6.174133
GPCR,pK,7568,6.357,6.243732
GPCR,pK,7569,6.796,6.4761386
GPCR,pK,7570,7.177,6.974804
GPCR,pK,7571,8.921,7.6776175
GPCR,pK,7572,8.921,8.411445
GPCR,pK,7573,9.268,7.599088
GPCR,pK,7574,7.876,7.4783087
GPCR,pK,7575,8.357,7.8745604
GPCR,pK,7576,7.328,7.5220895
GPCR,pK,7577,7.056,7.583617
GPCR,pK,7578,7.886,7.4565744
GPCR,pK,7579,7.102,7.175403
GPCR,pK,7580,7.06,7.187563
GPCR,pK,7581,6.721,6.8291335
GPCR,pK,7582,7.337,7.4588394
GPCR,pK,7583,7.398,6.9436574
GPCR,pK,7584,7.398,7.321495
GPCR,pK,7585,7.745,7.6575537
GPCR,pK,7586,7.268,7.7419972
GPCR,pK,7587,7.824,7.379062
GPCR,pK,7588,7.509,7.766438
GPCR,pK,7589,6.221,7.07646
GPCR,pK,7590,9.152,9.530333
GPCR,pK,7591,7.798,7.9802256
GPCR,pK,7592,8.654,9.231578
GPCR,pK,7593,8.521,9.39452
GPCR,pK,7594,7.995,7.545969
GPCR,pK,7595,8.62,8.43173
GPCR,pK,7596,5.62,6.2617755
GPCR,pK,7597,8.523,7.9112515
GPCR,pK,7598,7.886,6.9754047
GPCR,pK,7599,5.721,5.5818286
GPCR,pK,7600,7.553,7.828489
GPCR,pK,7601,7.26,6.645928
GPCR,pK,7602,8.144,7.6737432
GPCR,pK,7603,7.217,8.101953
GPCR,pK,7604,8.07,7.952237
GPCR,pK,7605,8.77,8.177319
GPCR,pK,7606,8.09,8.410901
GPCR,pK,7607,8.09,7.6315675
GPCR,pK,7608,8.41,8.166266
GPCR,pK,7609,7.35,7.3776197
GPCR,pK,7610,7.269,7.529392
GPCR,pK,7611,9.03,8.749283
GPCR,pK,7612,8.87,8.800908
GPCR,pK,7613,8.018,8.04422
GPCR,pK,7614,5.638,5.3414197
GPCR,pK,7615,6.74,6.5955815
GPCR,pK,7616,5.43,5.018417
GPCR,pK,7617,7.56,6.3689165
GPCR,pK,7618,6.45,6.323299
GPCR,pK,7619,6.56,5.7604976
GPCR,pK,7620,4.34,4.1385536
GPCR,pK,7621,4.43,4.4405828
GPCR,pK,7622,5.553,5.060992
GPCR,pK,7623,5.37,6.1425195
GPCR,pK,7624,6.01,5.97765
GPCR,pK,7625,6.3,6.7258763
GPCR,pK,7626,5.65,6.359099
GPCR,pK,7627,6.37,5.9539375
GPCR,pK,7628,6.56,6.5518312
GPCR,pK,7629,6.24,6.7860904
GPCR,pK,7630,7.221,5.812495
GPCR,pK,7631,6.481,6.3969545
GPCR,pK,7632,5.78,4.9335575
GPCR,pK,7633,5.0,5.1574016
GPCR,pK,7634,5.4,4.706651
GPCR,pK,7635,4.0,4.4083753
GPCR,pK,7636,4.93,5.0921297
GPCR,pK,7637,4.14,4.211553
GPCR,pK,7638,4.27,4.3946357
GPCR,pK,7639,4.445,4.563128
GPCR,pK,7640,4.56,4.1628785
GPCR,pK,7641,4.65,4.584225
GPCR,pK,7642,5.57,5.1798487
GPCR,pK,7643,4.73,4.838569
GPCR,pK,7644,4.6,4.3553724
GPCR,pK,7645,5.43,5.154635
GPCR,pK,7646,5.73,5.380116
GPCR,pK,7647,5.15,5.2902203
GPCR,pK,7648,5.5,5.053146
GPCR,pK,7649,7.721,7.5203986
GPCR,pK,7650,8.119,7.3753457
GPCR,pK,7651,7.824,7.1029963
GPCR,pK,7652,5.34,6.2094674
GPCR,pK,7653,6.076,6.3113446
GPCR,pK,7654,8.699,6.7308645
GPCR,pK,7655,6.745,6.76582
GPCR,pK,7656,8.301,8.805669
GPCR,pK,7657,7.924,7.0285664
GPCR,pK,7658,7.56,7.73797
GPCR,pK,7659,7.73,8.29971
GPCR,pK,7660,7.88,7.652102
GPCR,pK,7661,7.18,7.080527
GPCR,pK,7662,6.67,6.338967
GPCR,pK,7663,7.237,6.1834264
GPCR,pK,7664,8.921,8.288195
GPCR,pK,7665,8.0,7.7778606
GPCR,pK,7666,6.143,5.999481
GPCR,pK,7667,9.699,9.804794
GPCR,pK,7668,9.18,10.183841
GPCR,pK,7669,9.022,9.611917
GPCR,pK,7670,11.0,9.890174
GPCR,pK,7671,8.347,8.827952
GPCR,pK,7672,6.738,7.3660316
GPCR,pK,7673,7.215,6.628599
GPCR,pK,7674,6.975,8.201119
GPCR,pK,7675,7.036,6.3092256
GPCR,pK,7676,7.009,6.5731125
GPCR,pK,7677,9.125,7.8840904
GPCR,pK,7678,7.191,7.0039005
GPCR,pK,7679,10.301,10.875144
GPCR,pK,7680,10.301,10.242831
GPCR,pK,7681,10.301,10.706843
GPCR,pK,7682,5.69,6.0989094
GPCR,pK,7683,6.59,6.75025
GPCR,pK,7684,6.71,6.2854705
GPCR,pK,7685,6.69,7.3117766
GPCR,pK,7686,6.29,6.4546227
GPCR,pK,7687,5.5,5.971384
GPCR,pK,7688,7.06,6.6029897
GPCR,pK,7689,5.53,6.0483093
GPCR,pK,7690,7.2,7.1447625
GPCR,pK,7691,9.26,9.481107
GPCR,pK,7692,8.799,9.566461
GPCR,pK,7693,9.102,9.428609
GPCR,pK,7694,10.027,9.976336
GPCR,pK,7695,9.638,9.85888
GPCR,pK,7696,8.084,8.513392
GPCR,pK,7697,10.155,9.478868
GPCR,pK,7698,9.481,9.851396
GPCR,pK,7699,9.319,9.327666
GPCR,pK,7700,6.45,6.7814593
GPCR,pK,7701,8.19,8.408467
GPCR,pK,7702,7.77,6.930006
GPCR,pK,7703,7.759,7.732779
GPCR,pK,7704,6.932,8.316768
GPCR,pK,7705,6.85,6.9558525
GPCR,pK,7706,8.109,7.251346
GPCR,pK,7707,3.99,6.673468
GPCR,pK,7708,8.775,7.541612
GPCR,pK,7709,7.194,7.945882
GPCR,pK,7710,8.26,8.013703
GPCR,pK,7711,8.328,7.617795
GPCR,pK,7712,8.678,8.740538
GPCR,pK,7713,4.516,5.214993
GPCR,pK,7714,4.495,4.5219316
GPCR,pK,7715,3.896,4.558193
GPCR,pK,7716,4.066,4.334302
GPCR,pK,7717,6.276,6.3451257
GPCR,pK,7718,6.462,6.283327
GPCR,pK,7719,5.886,6.150891
GPCR,pK,7720,4.094,4.7529273
GPCR,pK,7721,3.793,3.5575223
GPCR,pK,7722,5.032,5.219584
GPCR,pK,7723,6.208,6.6219506
GPCR,pK,7724,4.187,4.418822
GPCR,pK,7725,4.745,4.3854523
GPCR,pK,7726,6.553,6.6899066
GPCR,pK,7727,6.2,7.155124
GPCR,pK,7728,8.584,7.1689477
GPCR,pK,7729,6.961,6.8599844
GPCR,pK,7730,6.995,6.880143
GPCR,pK,7731,7.244,7.869475
GPCR,pK,7732,5.959,6.378236
GPCR,pK,7733,5.692,5.4414115
GPCR,pK,7734,6.458,6.3132415
GPCR,pK,7735,7.472,6.9660525
GPCR,pK,7736,9.161,9.010371
GPCR,pK,7737,8.921,8.021897
GPCR,pK,7738,7.403,7.986402
GPCR,pK,7739,7.585,7.0003943
GPCR,pK,7740,7.824,7.393319
GPCR,pK,7741,7.143,7.3266387
GPCR,pK,7742,5.723,5.757941
GPCR,pK,7743,6.509,7.0791445
GPCR,pK,7744,7.678,7.6358733
GPCR,pK,7745,6.854,7.1184072
GPCR,pK,7746,9.0,8.6733265
GPCR,pK,7747,6.699,6.496024
GPCR,pK,7748,6.904,7.271917
GPCR,pK,7749,6.75,7.313089
GPCR,pK,7750,5.15,5.526473
GPCR,pK,7751,6.06,5.392875
GPCR,pK,7752,5.12,5.5484495
GPCR,pK,7753,6.06,5.310885
GPCR,pK,7754,7.955,8.315149
GPCR,pK,7755,7.854,7.339442
GPCR,pK,7756,7.886,7.712602
GPCR,pK,7757,7.523,7.841338
GPCR,pK,7758,6.495,7.1352506
GPCR,pK,7759,7.796,7.2212396
GPCR,pK,7760,7.051,7.2481036
GPCR,pK,7761,8.155,8.213393
GPCR,pK,7762,7.319,8.121369
GPCR,pK,7763,4.85,4.8215575
GPCR,pK,7764,7.601,7.411778
GPCR,pK,7765,7.6,6.7611594
GPCR,pK,7766,8.7,7.6443024
GPCR,pK,7767,5.29,5.618665
GPCR,pK,7768,7.0,7.0006776
GPCR,pK,7769,5.51,5.7542014
GPCR,pK,7770,6.47,6.8455977
GPCR,pK,7771,8.764,7.7776217
GPCR,pK,7772,6.824,5.6695476
GPCR,pK,7773,5.921,5.437459
GPCR,pK,7774,4.91,5.277413
GPCR,pK,7775,5.71,6.540028
GPCR,pK,7776,9.0,9.073992
GPCR,pK,7777,7.21,6.1222844
GPCR,pK,7778,8.52,8.809057
GPCR,pK,7779,7.954,7.840015
GPCR,pK,7780,6.699,7.0915933
GPCR,pK,7781,7.75,7.1623406
GPCR,pK,7782,8.04,9.248191
GPCR,pK,7783,9.01,8.477414
GPCR,pK,7784,9.15,8.470366
GPCR,pK,7785,6.3,7.6252685
GPCR,pK,7786,6.67,7.286415
GPCR,pK,7787,7.64,7.1569066
GPCR,pK,7788,5.5,6.895831
GPCR,pK,7789,7.1,7.1843
GPCR,pK,7790,4.75,5.0849667
GPCR,pK,7791,7.47,7.792893
GPCR,pK,7792,5.32,5.4241095
GPCR,pK,7793,5.62,5.700146
GPCR,pK,7794,5.21,5.240244
GPCR,pK,7795,5.83,5.5219154
GPCR,pK,7796,5.77,5.536936
GPCR,pK,7797,6.495,5.2368007
GPCR,pK,7798,5.62,4.8356133
GPCR,pK,7799,5.066,5.231622
GPCR,pK,7800,5.454,5.689028
GPCR,pK,7801,4.824,5.3254275
GPCR,pK,7802,6.523,5.9674287
GPCR,pK,7803,5.409,5.2342067
GPCR,pK,7804,6.523,6.56728
GPCR,pK,7805,9.699,9.127481
GPCR,pK,7806,8.569,7.427132
GPCR,pK,7807,8.959,7.8860197
GPCR,pK,7808,8.046,7.2239146
GPCR,pK,7809,6.87,6.764623
GPCR,pK,7810,9.125,9.660357
GPCR,pK,7811,10.0,9.97046
GPCR,pK,7812,7.319,8.69732
GPCR,pK,7813,6.889,7.4298234
GPCR,pK,7814,8.13,8.690501
GPCR,pK,7815,6.381,5.934275
GPCR,pK,7816,6.425,6.3573685
GPCR,pK,7817,6.256,6.366699
GPCR,pK,7818,6.041,6.9286666
GPCR,pK,7819,5.976,6.4773083
GPCR,pK,7820,4.92,5.559144
GPCR,pK,7821,6.5,6.641195
GPCR,pK,7822,6.5,5.9555726
GPCR,pK,7823,5.61,5.9510818
GPCR,pK,7824,5.84,6.0679145
GPCR,pK,7825,5.66,5.8637996
GPCR,pK,7826,5.66,5.834386
GPCR,pK,7827,7.173,7.526897
GPCR,pK,7828,8.23,8.019157
GPCR,pK,7829,8.91,8.021262
GPCR,pK,7830,6.65,6.4137588
GPCR,pK,7831,6.506,6.4298253
GPCR,pK,7832,6.548,6.3929935
GPCR,pK,7833,6.074,6.770423
GPCR,pK,7834,6.16,6.713735
GPCR,pK,7835,6.955,8.119412
GPCR,pK,7836,8.294,9.393277
GPCR,pK,7837,9.284,8.9193125
GPCR,pK,7838,9.638,8.274058
GPCR,pK,7839,7.585,7.4000487
GPCR,pK,7840,7.854,7.8724713
GPCR,pK,7841,8.097,7.3819957
GPCR,pK,7842,7.824,7.7777987
GPCR,pK,7843,7.174,7.673094
GPCR,pK,7844,7.472,7.52007
GPCR,pK,7845,9.4,9.29352
GPCR,pK,7846,5.616,6.469714
GPCR,pK,7847,5.553,6.3225703
GPCR,pK,7848,6.347,5.561862
GPCR,pK,7849,5.252,4.8278327
GPCR,pK,7850,9.719,9.661214
GPCR,pK,7851,8.022,7.4285007
GPCR,pK,7852,6.979,7.0486283
GPCR,pK,7853,6.002,6.6564136
GPCR,pK,7854,5.889,5.90752
GPCR,pK,7855,6.009,5.577486
GPCR,pK,7856,7.538,7.7581124
GPCR,pK,7857,6.155,5.4569783
GPCR,pK,7858,4.312,3.9592252
GPCR,pK,7859,6.161,6.002849
GPCR,pK,7860,5.921,5.4934273
GPCR,pK,7861,6.854,6.166281
GPCR,pK,7862,6.854,7.0460973
GPCR,pK,7863,7.244,7.8334
GPCR,pK,7864,6.55,6.167554
GPCR,pK,7865,6.527,6.5007143
GPCR,pK,7866,7.018,7.301707
GPCR,pK,7867,6.658,6.586731
GPCR,pK,7868,9.301,9.074485
GPCR,pK,7869,8.432,9.264129
GPCR,pK,7870,8.638,8.852557
GPCR,pK,7871,6.16,5.7397118
GPCR,pK,7872,5.907,6.2556057
GPCR,pK,7873,8.854,8.793174
GPCR,pK,7874,8.252,8.441958
GPCR,pK,7875,8.553,8.504153
GPCR,pK,7876,10.839,10.14476
GPCR,pK,7877,7.538,7.0796847
GPCR,pK,7878,6.638,6.7410045
GPCR,pK,7879,6.141,7.1262197
GPCR,pK,7880,9.553,9.151265
GPCR,pK,7881,5.382,4.834191
GPCR,pK,7882,6.64,6.4153447
GPCR,pK,7883,9.273,9.435149
GPCR,pK,7884,9.138,9.287115
GPCR,pK,7885,9.215,8.488652
GPCR,pK,7886,5.296,5.255859
GPCR,pK,7887,6.523,5.6176996
GPCR,pK,7888,6.967,7.3790126
GPCR,pK,7889,6.719,6.211765
GPCR,pK,7890,8.562,9.17629
GPCR,pK,7891,7.541,7.3731136
GPCR,pK,7892,7.785,7.0069523
GPCR,pK,7893,7.357,7.7868905
GPCR,pK,7894,8.268,8.029523
GPCR,pK,7895,9.222,9.50774
GPCR,pK,7896,10.237,10.162042
GPCR,pK,7897,9.495,9.610224
GPCR,pK,7898,8.724,8.908542
GPCR,pK,7899,9.409,8.8216
GPCR,pK,7900,7.635,7.597932
GPCR,pK,7901,8.684,8.876056
GPCR,pK,7902,6.29,6.503081
GPCR,pK,7903,6.53,6.7355585
GPCR,pK,7904,6.88,6.618133
GPCR,pK,7905,7.662,8.060981
GPCR,pK,7906,5.246,5.055404
GPCR,pK,7907,6.248,6.3675237
GPCR,pK,7908,4.877,4.708152
GPCR,pK,7909,5.152,5.4948835
GPCR,pK,7910,7.629,7.773472
GPCR,pK,7911,7.674,7.6294913
GPCR,pK,7912,7.755,7.7745767
GPCR,pK,7913,6.292,6.324788
GPCR,pK,7914,6.545,6.3003263
GPCR,pK,7915,6.337,6.250977
GPCR,pK,7916,7.854,7.2485557
GPCR,pK,7917,8.824,8.647843
GPCR,pK,7918,8.149,8.55804
GPCR,pK,7919,7.873,7.6781054
GPCR,pK,7920,7.108,7.57671
GPCR,pK,7921,7.292,7.2605157
GPCR,pK,7922,6.585,7.2239122
GPCR,pK,7923,6.66,6.025121
GPCR,pK,7924,5.65,5.8216577
GPCR,pK,7925,6.03,5.911236
GPCR,pK,7926,7.201,7.6790266
GPCR,pK,7927,4.432,7.4510417
GPCR,pK,7928,4.553,6.8960004
GPCR,pK,7929,6.523,6.2388115
GPCR,pK,7930,6.519,6.783953
GPCR,pK,7931,5.864,7.6027894
GPCR,pK,7932,10.222,8.329085
GPCR,pK,7933,9.824,9.849548
GPCR,pK,7934,8.658,7.950656
GPCR,pK,7935,7.509,6.7698426
GPCR,pK,7936,7.824,7.6688194
GPCR,pK,7937,8.143,8.445392
GPCR,pK,7938,7.854,7.539293
GPCR,pK,7939,7.361,6.9748645
GPCR,pK,7940,6.238,5.1754875
GPCR,pK,7941,8.539,8.271362
GPCR,pK,7942,9.009,8.585138
GPCR,pK,7943,6.348,6.252053
GPCR,pK,7944,7.562,7.1802263
GPCR,pK,7945,8.004,7.895775
GPCR,pK,7946,8.539,8.38675
GPCR,pK,7947,6.815,6.9244018
GPCR,pK,7948,5.721,6.2371464
GPCR,pK,7949,5.638,6.2976847
GPCR,pK,7950,7.553,7.5178924
GPCR,pK,7951,5.886,5.7912464
GPCR,pK,7952,6.069,4.9784894
GPCR,pK,7953,5.618,5.2918468
GPCR,pK,7954,6.963,6.905351
GPCR,pK,7955,7.009,7.3925548
GPCR,pK,7956,7.523,7.624906
GPCR,pK,7957,8.509,8.255852
GPCR,pK,7958,7.469,7.469833
GPCR,pK,7959,6.495,6.370336
GPCR,pK,7960,7.562,7.5752916
GPCR,pK,7961,8.191,8.599001
GPCR,pK,7962,10.31,10.086747
GPCR,pK,7963,9.102,9.764667
GPCR,pK,7964,5.754,6.498013
GPCR,pK,7965,6.745,6.9131746
GPCR,pK,7966,9.0,8.851651
GPCR,pK,7967,7.638,7.074691
GPCR,pK,7968,7.796,7.515256
GPCR,pK,7969,6.688,6.2312226
GPCR,pK,7970,6.799,5.9515553
GPCR,pK,7971,6.354,5.7786546
GPCR,pK,7972,7.683,8.48532
GPCR,pK,7973,7.305,6.7893023
GPCR,pK,7974,9.416,9.329572
GPCR,pK,7975,8.246,8.4737215
GPCR,pK,7976,9.492,8.517069
GPCR,pK,7977,5.459,7.509222
GPCR,pK,7978,6.824,8.58579
GPCR,pK,7979,6.57,4.4375024
GPCR,pK,7980,7.579,7.5548897
GPCR,pK,7981,10.051,9.463826
GPCR,pK,7982,7.842,6.387851
GPCR,pK,7983,7.538,7.238168
GPCR,pK,7984,5.295,5.3205676
GPCR,pK,7985,6.145,6.4665446
GPCR,pK,7986,5.665,6.453929
GPCR,pK,7987,7.397,6.7695575
GPCR,pK,7988,7.849,7.6781683
GPCR,pK,7989,7.215,7.8681555
GPCR,pK,7990,8.481,7.926179
GPCR,pK,7991,7.497,7.47848
GPCR,pK,7992,9.301,7.2646093
GPCR,pK,7993,7.921,7.2785344
GPCR,pK,7994,6.815,6.382418
GPCR,pK,7995,8.78,9.102389
GPCR,pK,7996,9.058,9.325107
GPCR,pK,7997,9.11,9.233281
GPCR,pK,7998,6.87,7.050816
GPCR,pK,7999,6.359,6.398412
GPCR,pK,8000,6.76,6.340834
GPCR,pK,8001,5.347,6.463807
GPCR,pK,8002,5.484,5.9711404
GPCR,pK,8003,7.507,7.5700784
GPCR,pK,8004,7.068,6.637714
GPCR,pK,8005,7.252,7.6038394
GPCR,pK,8006,4.693,5.340527
GPCR,pK,8007,4.757,5.4532275
GPCR,pK,8008,6.712,5.780996
GPCR,pK,8009,6.539,5.9143763
GPCR,pK,8010,7.229,7.4211535
GPCR,pK,8011,7.276,5.9503884
GPCR,pK,8012,8.018,8.862443
GPCR,pK,8013,6.914,7.9692287
GPCR,pK,8014,9.308,8.243893
GPCR,pK,8015,5.445,7.9876084
GPCR,pK,8016,7.444,7.338838
GPCR,pK,8017,6.037,6.0442147
GPCR,pK,8018,6.693,6.350259
GPCR,pK,8019,8.624,8.402153
GPCR,pK,8020,7.4,7.387333
GPCR,pK,8021,4.658,5.5606623
GPCR,pK,8022,4.456,5.3790765
GPCR,pK,8023,4.886,4.47343
GPCR,pK,8024,4.319,5.486967
GPCR,pK,8025,6.444,5.835993
GPCR,pK,8026,5.553,5.641683
GPCR,pK,8027,5.337,5.464952
GPCR,pK,8028,5.26,5.468818
GPCR,pK,8029,5.638,5.9285617
GPCR,pK,8030,4.921,5.187412
GPCR,pK,8031,5.387,5.0412602
GPCR,pK,8032,5.678,6.0577497
GPCR,pK,8033,7.456,6.645636
GPCR,pK,8034,6.208,6.6723237
GPCR,pK,8035,8.523,6.3356967
GPCR,pK,8036,6.959,6.760866
GPCR,pK,8037,6.921,7.322281
GPCR,pK,8038,5.959,6.6672206
GPCR,pK,8039,6.009,5.907579
GPCR,pK,8040,6.523,5.5493474
GPCR,pK,8041,6.137,5.8701873
GPCR,pK,8042,8.31,8.249704
GPCR,pK,8043,4.161,5.320261
GPCR,pK,8044,4.201,4.5762916
GPCR,pK,8045,6.3,6.0186067
GPCR,pK,8046,6.2,6.246634
GPCR,pK,8047,9.3,7.9335885
GPCR,pK,8048,9.119,9.242642
GPCR,pK,8049,5.955,7.220961
GPCR,pK,8050,6.089,6.005559
GPCR,pK,8051,7.2,7.0593433
GPCR,pK,8052,6.895,7.281612
GPCR,pK,8053,5.466,5.232776
GPCR,pK,8054,5.05,6.5365434
GPCR,pK,8055,5.654,5.381135
GPCR,pK,8056,8.4,7.760419
GPCR,pK,8057,5.37,5.319008
GPCR,pK,8058,5.866,5.857776
GPCR,pK,8059,5.71,6.6956925
GPCR,pK,8060,6.73,6.5693054
GPCR,pK,8061,6.427,6.718626
GPCR,pK,8062,6.9,8.407441
GPCR,pK,8063,9.7,8.467348
GPCR,pK,8064,7.829,7.9550605
GPCR,pK,8065,7.495,7.758078
GPCR,pK,8066,7.509,7.40865
GPCR,pK,8067,6.618,6.7703633
GPCR,pK,8068,7.796,8.139678
GPCR,pK,8069,7.7,8.049145
GPCR,pK,8070,9.8,8.779671
GPCR,pK,8071,6.906,6.70561
GPCR,pK,8072,7.553,8.501247
GPCR,pK,8073,7.292,7.051192
GPCR,pK,8074,7.094,6.786742
GPCR,pK,8075,6.57,6.5462766
GPCR,pK,8076,6.415,6.7118244
GPCR,pK,8077,7.244,7.3403225
GPCR,pK,8078,6.7,7.7219586
GPCR,pK,8079,9.1,7.598541
GPCR,pK,8080,6.167,5.8425465
GPCR,pK,8081,6.585,6.56786
GPCR,pK,8082,6.74,6.1518083
GPCR,pK,8083,6.521,6.024191
GPCR,pK,8084,6.072,6.230341
GPCR,pK,8085,5.48,5.8417068
GPCR,pK,8086,6.504,7.3643136
GPCR,pK,8087,7.489,7.665173
GPCR,pK,8088,6.857,6.134674
GPCR,pK,8089,6.863,5.970543
GPCR,pK,8090,6.762,6.4727063
GPCR,pK,8091,5.801,5.655569
GPCR,pK,8092,7.18,6.8122673
GPCR,pK,8093,7.0,7.926063
GPCR,pK,8094,8.9,8.098314
GPCR,pK,8095,7.022,6.985063
GPCR,pK,8096,7.638,7.5700674
GPCR,pK,8097,5.632,6.4520707
GPCR,pK,8098,9.301,9.165685
GPCR,pK,8099,8.721,8.969178
GPCR,pK,8100,8.62,8.884265
GPCR,pK,8101,7.553,7.23793
GPCR,pK,8102,7.796,8.033589
GPCR,pK,8103,6.208,7.8652196
GPCR,pK,8104,6.742,7.1814
GPCR,pK,8105,8.301,8.005551
GPCR,pK,8106,7.105,7.458978
GPCR,pK,8107,8.215,8.29158
GPCR,pK,8108,7.092,7.0945573
GPCR,pK,8109,8.0,7.763416
GPCR,pK,8110,8.301,8.083172
GPCR,pK,8111,7.62,7.6572466
GPCR,pK,8112,8.921,8.91488
GPCR,pK,8113,9.222,9.108729
GPCR,pK,8114,7.481,7.479241
GPCR,pK,8115,7.699,7.652787
GPCR,pK,8116,7.1,8.326214
GPCR,pK,8117,7.9,7.2258716
GPCR,pK,8118,8.2,8.627217
GPCR,pK,8119,9.1,9.403754
GPCR,pK,8120,7.7,8.449214
GPCR,pK,8121,8.7,8.30993
GPCR,pK,8122,5.896,6.175728
GPCR,pK,8123,6.382,6.4079547
GPCR,pK,8124,8.337,8.315749
GPCR,pK,8125,7.654,7.4116693
GPCR,pK,8126,9.097,9.016417
GPCR,pK,8127,8.387,8.7829275
GPCR,pK,8128,8.319,8.892316
GPCR,pK,8129,8.668,8.273324
GPCR,pK,8130,6.01,6.236554
GPCR,pK,8131,5.65,5.6827283
GPCR,pK,8132,7.824,7.8377995
GPCR,pK,8133,8.097,7.7781067
GPCR,pK,8134,7.398,7.2903643
GPCR,pK,8135,7.347,7.422622
GPCR,pK,8136,8.347,8.171995
GPCR,pK,8137,9.097,8.773776
GPCR,pK,8138,7.854,7.106196
GPCR,pK,8139,7.355,6.5887055
GPCR,pK,8140,8.1,7.8433704
GPCR,pK,8141,8.4,8.731489
GPCR,pK,8142,10.0,9.223128
GPCR,pK,8143,5.9,6.898976
GPCR,pK,8144,7.7,7.7958107
GPCR,pK,8145,8.6,8.065272
GPCR,pK,8146,7.7,8.728368
GPCR,pK,8147,8.1,8.407832
GPCR,pK,8148,8.8,8.707789
GPCR,pK,8149,9.301,9.493196
GPCR,pK,8150,6.025,6.314058
GPCR,pK,8151,6.777,7.0350003
GPCR,pK,8152,6.873,5.9865003
GPCR,pK,8153,7.524,7.6420307
GPCR,pK,8154,8.328,8.654069
GPCR,pK,8155,5.908,6.1353564
GPCR,pK,8156,7.9,8.618468
GPCR,pK,8157,8.119,8.145228
GPCR,pK,8158,8.347,8.33043
GPCR,pK,8159,8.119,8.124129
GPCR,pK,8160,6.361,7.2370467
GPCR,pK,8161,7.199,7.685045
GPCR,pK,8162,8.886,9.454421
GPCR,pK,8163,6.807,8.8483095
GPCR,pK,8164,8.319,8.7809725
GPCR,pK,8165,5.607,4.9251156
GPCR,pK,8166,5.963,6.575936
GPCR,pK,8167,5.355,7.1887403
GPCR,pK,8168,9.0,9.620641
GPCR,pK,8169,8.284,8.627044
GPCR,pK,8170,9.495,9.322789
GPCR,pK,8171,9.553,9.525077
GPCR,pK,8172,9.721,9.866527
GPCR,pK,8173,8.424,8.574675
GPCR,pK,8174,8.403,9.180812
GPCR,pK,8175,8.839,9.053985
GPCR,pK,8176,9.31,9.173516
GPCR,pK,8177,9.387,9.441569
GPCR,pK,8178,9.602,9.640496
GPCR,pK,8179,5.0,6.0183797
GPCR,pK,8180,7.863,7.737004
GPCR,pK,8181,5.229,5.014664
GPCR,pK,8182,6.018,6.0715137
GPCR,pK,8183,5.301,4.87983
GPCR,pK,8184,8.824,8.594334
GPCR,pK,8185,8.328,8.066604
GPCR,pK,8186,5.041,5.023613
GPCR,pK,8187,6.62,6.6144767
GPCR,pK,8188,5.833,5.6271095
GPCR,pK,8189,8.398,8.598582
GPCR,pK,8190,9.398,8.832088
GPCR,pK,8191,6.322,6.6510363
GPCR,pK,8192,7.886,7.5716205
GPCR,pK,8193,5.556,6.077232
GPCR,pK,8194,6.425,7.0630994
GPCR,pK,8195,6.068,5.9184647
GPCR,pK,8196,5.991,5.829719
GPCR,pK,8197,7.538,7.568995
GPCR,pK,8198,5.886,6.5628943
GPCR,pK,8199,4.969,5.8245316
GPCR,pK,8200,9.0,9.635051
GPCR,pK,8201,6.907,6.3837333
GPCR,pK,8202,7.097,7.6930385
GPCR,pK,8203,6.738,7.1062493
GPCR,pK,8204,7.772,7.85763
GPCR,pK,8205,8.585,8.712077
GPCR,pK,8206,6.585,6.2514186
GPCR,pK,8207,4.796,4.7650323
GPCR,pK,8208,5.276,5.632561
GPCR,pK,8209,5.854,6.1304283
GPCR,pK,8210,7.959,7.386873
GPCR,pK,8211,7.0,7.1141596
GPCR,pK,8212,5.745,5.6929703
GPCR,pK,8213,5.357,5.36621
GPCR,pK,8214,5.078,5.4152293
GPCR,pK,8215,7.42,7.489722
GPCR,pK,8216,9.0,8.711512
GPCR,pK,8217,8.509,8.400197
GPCR,pK,8218,7.886,7.500768
GPCR,pK,8219,7.658,7.768333
GPCR,pK,8220,5.432,5.849471
GPCR,pK,8221,5.979,5.8197203
GPCR,pK,8222,6.321,6.047888
GPCR,pK,8223,6.496,6.482408
GPCR,pK,8224,5.989,6.3048162
GPCR,pK,8225,8.237,8.274793
GPCR,pK,8226,9.097,9.374092
GPCR,pK,8227,8.886,9.1288395
GPCR,pK,8228,8.77,9.124275
GPCR,pK,8229,8.886,8.588546
GPCR,pK,8230,4.812,5.581722
GPCR,pK,8231,8.456,8.027606
GPCR,pK,8232,7.215,7.185043
GPCR,pK,8233,6.959,7.319468
GPCR,pK,8234,7.347,7.100989
GPCR,pK,8235,7.678,7.2790046
GPCR,pK,8236,7.222,7.5367064
GPCR,pK,8237,7.959,7.5492597
GPCR,pK,8238,5.699,6.3280864
GPCR,pK,8239,4.959,4.806287
GPCR,pK,8240,5.284,5.460322
GPCR,pK,8241,5.167,4.679064
GPCR,pK,8242,6.409,6.1630883
GPCR,pK,8243,5.854,5.3752236
GPCR,pK,8244,4.796,4.651167
GPCR,pK,8245,5.086,4.790705
GPCR,pK,8246,6.777,7.0865855
GPCR,pK,8247,6.762,7.3288136
GPCR,pK,8248,6.623,6.9369884
GPCR,pK,8249,6.29,6.841664
GPCR,pK,8250,7.31,7.497361
GPCR,pK,8251,7.387,7.4531407
GPCR,pK,8252,5.398,5.6384463
GPCR,pK,8253,9.201,10.450536
GPCR,pK,8254,7.097,7.785797
GPCR,pK,8255,6.921,7.5159464
GPCR,pK,8256,6.585,6.5295672
GPCR,pK,8257,6.679,6.578826
GPCR,pK,8258,6.602,6.779371
GPCR,pK,8259,7.469,7.9047523
GPCR,pK,8260,5.959,5.8740315
GPCR,pK,8261,5.495,5.6844645
GPCR,pK,8262,6.268,5.9649434
GPCR,pK,8263,5.921,5.686973
GPCR,pK,8264,6.149,5.835931
GPCR,pK,8265,6.114,6.0712204
GPCR,pK,8266,6.538,6.492347
GPCR,pK,8267,8.432,9.144115
GPCR,pK,8268,9.108,9.178581
GPCR,pK,8269,6.137,6.7260284
GPCR,pK,8270,5.42,4.9901757
GPCR,pK,8271,5.319,5.339193
GPCR,pK,8272,6.163,7.5815043
GPCR,pK,8273,8.032,8.741152
GPCR,pK,8274,7.164,7.094072
GPCR,pK,8275,7.053,7.529374
GPCR,pK,8276,6.921,6.513307
GPCR,pK,8277,7.721,7.7838464
GPCR,pK,8278,7.409,7.3930936
GPCR,pK,8279,8.155,7.9517374
GPCR,pK,8280,8.097,8.136592
GPCR,pK,8281,8.939,8.17567
GPCR,pK,8282,6.252,6.7124763
GPCR,pK,8283,7.041,6.9543962
GPCR,pK,8284,6.631,6.8198676
GPCR,pK,8285,6.18,5.88658
GPCR,pK,8286,5.558,6.1409297
GPCR,pK,8287,5.815,6.0125904
GPCR,pK,8288,7.638,7.627213
GPCR,pK,8289,6.509,6.202106
GPCR,pK,8290,7.081,6.69488
GPCR,pK,8291,7.071,6.9842367
GPCR,pK,8292,5.393,4.8844533
GPCR,pK,8293,5.046,4.8586035
GPCR,pK,8294,4.886,5.0387125
GPCR,pK,8295,6.329,7.018905
GPCR,pK,8296,6.58,6.509471
GPCR,pK,8297,6.319,6.305198
GPCR,pK,8298,6.796,6.88543
GPCR,pK,8299,7.77,7.354264
GPCR,pK,8300,5.244,5.61488
GPCR,pK,8301,7.971,7.8987083
GPCR,pK,8302,7.401,7.594177
GPCR,pK,8303,5.646,5.3284125
GPCR,pK,8304,8.301,7.8244114
GPCR,pK,8305,7.444,7.5002213
GPCR,pK,8306,5.796,6.057571
GPCR,pK,8307,6.102,6.345433
GPCR,pK,8308,6.252,6.1200595
GPCR,pK,8309,8.509,8.313762
GPCR,pK,8310,7.854,8.144201
GPCR,pK,8311,8.77,9.073549
GPCR,pK,8312,8.699,8.66237
GPCR,pK,8313,7.085,7.622268
GPCR,pK,8314,6.684,6.7671056
GPCR,pK,8315,7.237,7.0508113
GPCR,pK,8316,5.167,5.070149
GPCR,pK,8317,6.523,6.490136
GPCR,pK,8318,6.456,6.492572
GPCR,pK,8319,6.326,6.524219
GPCR,pK,8320,6.228,6.32589
GPCR,pK,8321,7.387,7.395273
GPCR,pK,8322,6.658,6.5948052
GPCR,pK,8323,8.046,8.0748
GPCR,pK,8324,9.0,8.850024
GPCR,pK,8325,8.699,8.753695
GPCR,pK,8326,7.398,7.473375
GPCR,pK,8327,7.699,7.9432836
GPCR,pK,8328,7.523,7.421643
GPCR,pK,8329,8.699,7.764571
GPCR,pK,8330,5.921,5.7848125
GPCR,pK,8331,5.854,6.1059804
GPCR,pK,8332,7.854,7.1715713
GPCR,pK,8333,7.319,6.9547706
GPCR,pK,8334,7.125,7.1663175
GPCR,pK,8335,6.678,6.681568
GPCR,pK,8336,6.0,6.1605897
GPCR,pK,8337,6.728,6.776811
GPCR,pK,8338,7.959,7.9075933
GPCR,pK,8339,8.143,8.18885
GPCR,pK,8340,6.314,6.4528193
GPCR,pK,8341,7.868,8.049596
GPCR,pK,8342,7.344,7.0686827
GPCR,pK,8343,9.305,8.5437765
GPCR,pK,8344,7.155,8.09901
GPCR,pK,8345,8.301,8.35513
GPCR,pK,8346,8.699,8.845832
GPCR,pK,8347,9.282,9.823195
GPCR,pK,8348,10.0,9.760928
GPCR,pK,8349,9.684,9.9287
GPCR,pK,8350,5.932,5.9485445
GPCR,pK,8351,10.423,10.385024
GPCR,pK,8352,8.699,8.1777935
GPCR,pK,8353,6.796,7.008243
GPCR,pK,8354,6.824,7.1110353
GPCR,pK,8355,7.481,7.501307
GPCR,pK,8356,6.55,6.2310376
GPCR,pK,8357,6.387,6.1683307
GPCR,pK,8358,7.959,7.2479835
GPCR,pK,8359,7.699,7.733824
GPCR,pK,8360,9.187,8.537857
GPCR,pK,8361,5.33,5.3943057
GPCR,pK,8362,7.55,7.962292
GPCR,pK,8363,7.29,7.7473674
GPCR,pK,8364,7.06,8.138728
GPCR,pK,8365,7.08,7.3287673
GPCR,pK,8366,5.81,6.4430575
GPCR,pK,8367,8.29,8.320725
GPCR,pK,8368,7.84,7.806019
GPCR,pK,8369,5.825,6.8688564
GPCR,pK,8370,7.2,7.0416293
GPCR,pK,8371,5.8,5.731067
GPCR,pK,8372,7.4,7.4713225
GPCR,pK,8373,7.3,7.558854
GPCR,pK,8374,10.32,10.387155
GPCR,pK,8375,6.4,6.308066
GPCR,pK,8376,8.699,8.828474
GPCR,pK,8377,8.745,8.7019
GPCR,pK,8378,6.635,7.2171626
GPCR,pK,8379,9.222,8.785457
GPCR,pK,8380,6.022,6.041739
GPCR,pK,8381,6.721,6.493179
GPCR,pK,8382,7.398,6.429505
GPCR,pK,8383,6.93,6.384071
GPCR,pK,8384,6.523,5.923904
GPCR,pK,8385,6.144,6.129726
GPCR,pK,8386,7.222,8.146049
GPCR,pK,8387,6.547,7.6181226
GPCR,pK,8388,5.796,5.2323017
GPCR,pK,8389,6.636,6.8517957
GPCR,pK,8390,6.08,6.8927755
GPCR,pK,8391,8.983,9.235502
GPCR,pK,8392,9.367,9.684384
GPCR,pK,8393,8.914,9.150102
GPCR,pK,8394,6.98,7.6009126
GPCR,pK,8395,9.745,9.769042
GPCR,pK,8396,8.8,8.801615
GPCR,pK,8397,8.699,7.0127883
GPCR,pK,8398,8.699,7.2148495
GPCR,pK,8399,6.967,6.5485687
GPCR,pK,8400,6.305,5.838316
GPCR,pK,8401,8.032,7.602205
GPCR,pK,8402,6.834,6.4579635
GPCR,pK,8403,6.156,6.593226
GPCR,pK,8404,7.989,7.973575
GPCR,pK,8405,8.462,8.282419
GPCR,pK,8406,9.131,9.523618
GPCR,pK,8407,9.0,8.523061
GPCR,pK,8408,5.162,6.093182
GPCR,pK,8409,6.214,6.1961246
GPCR,pK,8410,8.349,6.205079
GPCR,pK,8411,8.836,7.6233563
GPCR,pK,8412,7.004,7.156778
GPCR,pK,8413,7.658,7.7305245
GPCR,pK,8414,7.131,7.3851304
GPCR,pK,8415,7.42,7.444825
GPCR,pK,8416,6.991,6.222773
GPCR,pK,8417,6.276,5.681517
GPCR,pK,8418,6.201,5.817901
GPCR,pK,8419,5.824,6.3010764
GPCR,pK,8420,5.602,5.282821
GPCR,pK,8421,5.921,6.1480947
GPCR,pK,8422,6.469,6.356295
GPCR,pK,8423,6.481,6.3836637
GPCR,pK,8424,8.102,7.873619
GPCR,pK,8425,7.301,7.330324
GPCR,pK,8426,6.301,6.405845
GPCR,pK,8427,5.62,6.006539
GPCR,pK,8428,5.387,5.4165034
GPCR,pK,8429,7.886,8.153343
GPCR,pK,8430,6.796,6.9867635
GPCR,pK,8431,8.137,8.248572
GPCR,pK,8432,7.857,8.024793
GPCR,pK,8433,6.036,5.837829
GPCR,pK,8434,8.37,9.086063
GPCR,pK,8435,6.292,6.070523
GPCR,pK,8436,6.199,6.869135
GPCR,pK,8437,6.73,6.9815536
GPCR,pK,8438,6.742,6.6327424
GPCR,pK,8439,6.866,6.947394
GPCR,pK,8440,7.796,7.1844845
GPCR,pK,8441,9.409,9.835765
GPCR,pK,8442,9.0,9.200789
GPCR,pK,8443,7.188,7.4003606
GPCR,pK,8444,7.65,7.4148498
GPCR,pK,8445,6.583,6.7961683
GPCR,pK,8446,6.539,6.6754756
GPCR,pK,8447,7.824,7.49744
GPCR,pK,8448,7.0,6.8612123
GPCR,pK,8449,7.187,6.9984503
GPCR,pK,8450,8.2,8.448001
GPCR,pK,8451,8.589,8.660394
GPCR,pK,8452,8.247,8.244111
GPCR,pK,8453,7.491,6.915602
GPCR,pK,8454,4.055,4.5716166
GPCR,pK,8455,5.345,5.5629334
GPCR,pK,8456,5.763,5.3167934
GPCR,pK,8457,6.983,6.850684
GPCR,pK,8458,8.097,7.8805604
GPCR,pK,8459,5.824,5.5565615
GPCR,pK,8460,5.699,5.832603
GPCR,pK,8461,6.046,5.963556
GPCR,pK,8462,6.2,6.9302983
GPCR,pK,8463,6.1,6.9165177
GPCR,pK,8464,5.456,5.162454
GPCR,pK,8465,5.62,5.942953
GPCR,pK,8466,7.523,7.4692154
GPCR,pK,8467,7.071,6.6146407
GPCR,pK,8468,7.301,6.7987685
GPCR,pK,8469,6.337,6.318408
GPCR,pK,8470,9.081,7.2843885
GPCR,pK,8471,6.721,7.97858
GPCR,pK,8472,6.036,6.314918
GPCR,pK,8473,7.194,7.607544
GPCR,pK,8474,7.854,7.7257743
GPCR,pK,8475,8.409,8.911937
GPCR,pK,8476,8.253,8.445456
GPCR,pK,8477,8.818,8.548711
GPCR,pK,8478,7.06,7.5746593
GPCR,pK,8479,7.157,6.8302135
GPCR,pK,8480,7.227,6.3867373
GPCR,pK,8481,6.148,6.5332665
GPCR,pK,8482,6.265,6.3335443
GPCR,pK,8483,5.047,4.9530225
GPCR,pK,8484,5.605,6.0264063
GPCR,pK,8485,8.883,8.793288
GPCR,pK,8486,9.123,9.119232
GPCR,pK,8487,8.991,8.859542
GPCR,pK,8488,8.208,7.8238425
GPCR,pK,8489,7.244,7.5108743
GPCR,pK,8490,7.0,7.569328
GPCR,pK,8491,7.357,7.25919
GPCR,pK,8492,6.921,6.6514053
GPCR,pK,8493,8.398,7.1451154
GPCR,pK,8494,7.921,7.2734904
GPCR,pK,8495,5.38,5.666022
GPCR,pK,8496,6.387,6.122537
GPCR,pK,8497,5.069,5.490381
GPCR,pK,8498,9.2,9.1085205
GPCR,pK,8499,9.2,9.102635
GPCR,pK,8500,9.0,9.111886
GPCR,pK,8501,7.469,7.6276546
GPCR,pK,8502,8.301,7.772439
GPCR,pK,8503,7.745,7.775062
GPCR,pK,8504,5.638,7.219543
GPCR,pK,8505,9.0,8.110433
GPCR,pK,8506,7.699,7.3190947
GPCR,pK,8507,7.469,7.27254
GPCR,pK,8508,6.42,6.1231656
GPCR,pK,8509,8.155,7.648675
GPCR,pK,8510,6.004,6.2849708
GPCR,pK,8511,7.229,7.079683
GPCR,pK,8512,7.155,6.876942
GPCR,pK,8513,6.538,6.4709897
GPCR,pK,8514,7.056,7.1186376
GPCR,pK,8515,5.456,6.129393
GPCR,pK,8516,6.161,6.698036
GPCR,pK,8517,7.31,6.7713027
GPCR,pK,8518,6.0,6.773171
GPCR,pK,8519,6.409,6.797766
GPCR,pK,8520,5.638,5.887033
GPCR,pK,8521,6.46,6.625233
GPCR,pK,8522,7.377,7.4801097
GPCR,pK,8523,6.602,7.0844116
GPCR,pK,8524,7.269,7.9345083
GPCR,pK,8525,6.77,6.7064996
GPCR,pK,8526,7.921,7.859851
GPCR,pK,8527,8.0,7.709536
GPCR,pK,8528,8.155,8.155423
GPCR,pK,8529,6.26,6.414273
GPCR,pK,8530,5.658,5.014544
GPCR,pK,8531,5.585,5.2750015
GPCR,pK,8532,5.921,5.8153877
GPCR,pK,8533,5.886,5.747873
GPCR,pK,8534,8.796,8.561648
GPCR,pK,8535,6.509,6.714331
GPCR,pK,8536,7.379,6.9883504
GPCR,pK,8537,7.886,7.3724027
GPCR,pK,8538,7.824,6.902142
GPCR,pK,8539,6.419,5.61957
GPCR,pK,8540,5.923,6.4286847
GPCR,pK,8541,6.153,5.745046
GPCR,pK,8542,5.905,5.341712
GPCR,pK,8543,7.538,7.5934477
GPCR,pK,8544,6.119,5.729694
GPCR,pK,8545,6.516,5.9360914
GPCR,pK,8546,8.62,8.655572
GPCR,pK,8547,6.461,7.115991
GPCR,pK,8548,7.561,8.170062
GPCR,pK,8549,6.748,6.829478
GPCR,pK,8550,6.836,6.787739
GPCR,pK,8551,6.863,7.2897286
GPCR,pK,8552,8.301,7.509909
GPCR,pK,8553,9.398,9.711491
GPCR,pK,8554,9.678,9.801841
GPCR,pK,8555,9.377,9.397242
GPCR,pK,8556,9.959,9.686675
GPCR,pK,8557,8.638,8.981814
GPCR,pK,8558,9.638,9.477099
GPCR,pK,8559,6.987,7.0451365
GPCR,pK,8560,5.796,5.809133
GPCR,pK,8561,7.745,7.488092
GPCR,pK,8562,8.237,8.88662
GPCR,pK,8563,8.174,8.267852
GPCR,pK,8564,6.959,6.7310495
GPCR,pK,8565,7.143,7.9483075
GPCR,pK,8566,7.921,7.828137
GPCR,pK,8567,7.569,7.4702334
GPCR,pK,8568,8.569,8.665145
GPCR,pK,8569,7.959,8.207372
GPCR,pK,8570,8.921,8.966184
GPCR,pK,8571,6.585,6.8082204
GPCR,pK,8572,7.027,6.9306045
GPCR,pK,8573,7.62,7.405314
GPCR,pK,8574,6.022,5.763674
GPCR,pK,8575,8.699,8.805261
GPCR,pK,8576,5.671,4.5638576
GPCR,pK,8577,7.456,8.329135
GPCR,pK,8578,6.336,5.6845555
GPCR,pK,8579,8.301,9.304239
GPCR,pK,8580,6.583,7.1480374
GPCR,pK,8581,5.347,5.227174
GPCR,pK,8582,8.056,8.190411
GPCR,pK,8583,6.638,6.947002
GPCR,pK,8584,8.041,8.148508
GPCR,pK,8585,7.959,7.28013
GPCR,pK,8586,5.161,5.6891127
GPCR,pK,8587,5.215,5.4574533
GPCR,pK,8588,5.977,5.982431
GPCR,pK,8589,4.699,4.9199567
GPCR,pK,8590,7.648,6.7612886
GPCR,pK,8591,4.699,4.668704
GPCR,pK,8592,8.201,7.342785
GPCR,pK,8593,6.959,5.887957
GPCR,pK,8594,6.47,6.3029246
GPCR,pK,8595,7.602,7.3566422
GPCR,pK,8596,7.252,7.353661
GPCR,pK,8597,6.108,6.3531823
GPCR,pK,8598,5.4,5.495103
GPCR,pK,8599,8.301,9.217154
GPCR,pK,8600,7.26,6.5375037
GPCR,pK,8601,6.008,6.2965374
GPCR,pK,8602,8.79,8.674382
GPCR,pK,8603,8.0,8.632998
GPCR,pK,8604,6.794,7.950716
GPCR,pK,8605,6.313,6.480148
GPCR,pK,8606,6.434,7.259832
GPCR,pK,8607,6.566,6.641274
GPCR,pK,8608,6.54,7.4036527
GPCR,pK,8609,8.745,8.528808
GPCR,pK,8610,6.53,6.6200814
GPCR,pK,8611,8.569,7.2802434
GPCR,pK,8612,8.131,8.309791
GPCR,pK,8613,6.678,6.7076397
GPCR,pK,8614,8.959,8.3602705
GPCR,pK,8615,7.796,7.0025134
GPCR,pK,8616,6.367,6.625179
GPCR,pK,8617,7.076,7.383737
GPCR,pK,8618,7.167,6.803927
GPCR,pK,8619,5.824,6.398203
GPCR,pK,8620,5.77,6.0352073
GPCR,pK,8621,7.187,6.9823728
GPCR,pK,8622,6.932,7.3433995
GPCR,pK,8623,8.854,7.7008905
GPCR,pK,8624,5.42,5.3124614
GPCR,pK,8625,7.222,7.321443
GPCR,pK,8626,5.745,6.1642127
GPCR,pK,8627,6.757,6.9043565
GPCR,pK,8628,9.147,9.161544
GPCR,pK,8629,8.347,8.7024145
GPCR,pK,8630,7.721,8.15504
GPCR,pK,8631,5.638,5.666541
GPCR,pK,8632,5.585,5.4033856
GPCR,pK,8633,5.678,5.661285
GPCR,pK,8634,5.187,5.0808554
GPCR,pK,8635,8.0,8.297999
GPCR,pK,8636,8.62,8.714812
GPCR,pK,8637,6.018,5.991959
GPCR,pK,8638,6.0,5.7089267
GPCR,pK,8639,6.213,6.5378404
GPCR,pK,8640,7.538,7.6197863
GPCR,pK,8641,7.77,7.134802
GPCR,pK,8642,6.391,6.8659678
GPCR,pK,8643,7.668,7.558422
GPCR,pK,8644,9.432,9.509814
GPCR,pK,8645,7.553,7.225927
GPCR,pK,8646,7.796,7.3979983
GPCR,pK,8647,8.925,9.379312
GPCR,pK,8648,9.0,9.101831
GPCR,pK,8649,9.7,10.042509
GPCR,pK,8650,7.022,7.0423527
GPCR,pK,8651,7.469,7.3720727
GPCR,pK,8652,6.116,5.763131
GPCR,pK,8653,5.726,6.026616
GPCR,pK,8654,5.91,5.441305
GPCR,pK,8655,5.407,5.9778533
GPCR,pK,8656,6.12,6.2419014
GPCR,pK,8657,7.041,6.7176967
GPCR,pK,8658,5.511,5.518
GPCR,pK,8659,5.201,5.304158
GPCR,pK,8660,5.376,5.221952
GPCR,pK,8661,5.754,5.9295554
GPCR,pK,8662,8.268,8.357055
GPCR,pK,8663,8.77,8.698513
GPCR,pK,8664,8.432,8.403964
GPCR,pK,8665,8.495,8.72204
GPCR,pK,8666,8.398,8.906045
GPCR,pK,8667,8.137,7.65391
GPCR,pK,8668,6.237,6.1798444
GPCR,pK,8669,5.305,5.5913634
GPCR,pK,8670,6.68,6.878131
GPCR,pK,8671,6.606,6.431726
GPCR,pK,8672,7.456,7.5897713
GPCR,pK,8673,6.907,6.7395883
GPCR,pK,8674,5.412,5.294646
GPCR,pK,8675,5.684,5.8937497
GPCR,pK,8676,7.456,7.416258
GPCR,pK,8677,4.044,4.3464017
GPCR,pK,8678,7.77,7.672501
GPCR,pK,8679,8.398,7.924695
GPCR,pK,8680,8.699,9.094392
GPCR,pK,8681,9.155,9.291606
GPCR,pK,8682,7.812,7.6407027
GPCR,pK,8683,8.24,8.268525
GPCR,pK,8684,6.788,7.115024
GPCR,pK,8685,8.386,8.054048
GPCR,pK,8686,8.301,8.013676
GPCR,pK,8687,8.697,9.233827
GPCR,pK,8688,9.7,9.68024
GPCR,pK,8689,7.6,7.839287
GPCR,pK,8690,9.5,10.031384
GPCR,pK,8691,8.8,9.097535
GPCR,pK,8692,9.0,9.054881
GPCR,pK,8693,5.7,5.021956
GPCR,pK,8694,5.0,4.6345525
GPCR,pK,8695,7.4,7.4267936
GPCR,pK,8696,6.2,6.830614
GPCR,pK,8697,7.3,7.472432
GPCR,pK,8698,5.582,6.1889176
GPCR,pK,8699,7.686,7.573947
GPCR,pK,8700,7.854,8.299552
GPCR,pK,8701,8.0,8.001457
GPCR,pK,8702,8.268,7.2587705
GPCR,pK,8703,8.284,7.7970495
GPCR,pK,8704,7.548,7.8166127
GPCR,pK,8705,7.79,7.5782266
GPCR,pK,8706,7.07,7.1678724
GPCR,pK,8707,7.184,7.1956973
GPCR,pK,8708,7.14,7.424684
GPCR,pK,8709,8.959,8.399284
GPCR,pK,8710,8.409,8.115493
GPCR,pK,8711,9.432,9.337895
GPCR,pK,8712,9.721,9.87924
GPCR,pK,8713,9.77,9.351385
GPCR,pK,8714,8.959,8.752362
GPCR,pK,8715,9.194,8.948452
GPCR,pK,8716,9.0,8.732541
GPCR,pK,8717,9.854,10.044574
GPCR,pK,8718,4.376,4.0935445
GPCR,pK,8719,9.569,8.587602
GPCR,pK,8720,8.886,8.312556
GPCR,pK,8721,4.119,3.921246
GPCR,pK,8722,7.745,8.058959
GPCR,pK,8723,6.566,6.7885065
GPCR,pK,8724,6.866,7.16604
GPCR,pK,8725,9.7,9.433301
GPCR,pK,8726,6.23,6.342183
GPCR,pK,8727,5.699,6.4347177
GPCR,pK,8728,7.0,7.01222
GPCR,pK,8729,6.041,6.5364776
GPCR,pK,8730,5.154,5.3634562
GPCR,pK,8731,8.097,6.972726
GPCR,pK,8732,8.046,8.794574
GPCR,pK,8733,7.523,8.836997
GPCR,pK,8734,5.5,5.665323
GPCR,pK,8735,5.385,5.562161
GPCR,pK,8736,7.523,7.458077
GPCR,pK,8737,8.444,8.905591
GPCR,pK,8738,7.541,7.4768257
GPCR,pK,8739,8.924,8.115182
GPCR,pK,8740,8.352,8.626021
GPCR,pK,8741,6.824,7.151665
GPCR,pK,8742,7.658,7.5650396
GPCR,pK,8743,7.284,8.009286
GPCR,pK,8744,7.699,8.113366
GPCR,pK,8745,6.569,6.8982153
GPCR,pK,8746,7.891,7.903506
GPCR,pK,8747,7.721,7.405813
GPCR,pK,8748,8.268,8.435685
GPCR,pK,8749,6.54,6.484557
GPCR,pK,8750,6.889,6.9054303
GPCR,pK,8751,6.631,6.3106017
GPCR,pK,8752,6.221,6.1558375
GPCR,pK,8753,6.529,6.597812
GPCR,pK,8754,7.319,7.0144935
GPCR,pK,8755,7.146,7.140537
GPCR,pK,8756,7.502,7.580034
GPCR,pK,8757,6.63,7.061119
GPCR,pK,8758,6.231,6.4186196
GPCR,pK,8759,10.55,10.268844
GPCR,pK,8760,7.13,7.055061
GPCR,pK,8761,6.37,5.6313577
GPCR,pK,8762,8.36,7.2991652
GPCR,pK,8763,7.51,7.544022
GPCR,pK,8764,7.627,7.740189
GPCR,pK,8765,7.036,7.5443907
GPCR,pK,8766,9.222,9.917016
GPCR,pK,8767,8.796,9.336409
GPCR,pK,8768,6.026,6.1720195
GPCR,pK,8769,7.527,7.582297
GPCR,pK,8770,7.036,7.43176
GPCR,pK,8771,6.481,6.744208
GPCR,pK,8772,7.81,7.602031
GPCR,pK,8773,7.329,7.353929
GPCR,pK,8774,6.879,6.849679
GPCR,pK,8775,7.975,8.028185
GPCR,pK,8776,7.509,7.440207
GPCR,pK,8777,6.91,7.3288975
GPCR,pK,8778,8.71,8.219883
GPCR,pK,8779,9.55,8.562074
GPCR,pK,8780,8.86,8.825817
GPCR,pK,8781,7.137,6.9575343
GPCR,pK,8782,9.638,9.532291
GPCR,pK,8783,9.319,8.949582
GPCR,pK,8784,9.409,9.514306
GPCR,pK,8785,8.507,8.487981
GPCR,pK,8786,8.851,8.567226
GPCR,pK,8787,8.18,8.271261
GPCR,pK,8788,8.185,7.7654557
GPCR,pK,8789,8.316,8.017826
GPCR,pK,8790,7.413,7.3966603
GPCR,pK,8791,8.801,9.15002
GPCR,pK,8792,8.745,8.856403
GPCR,pK,8793,7.959,7.789925
GPCR,pK,8794,6.117,6.247826
GPCR,pK,8795,6.051,6.0462546
GPCR,pK,8796,7.569,7.820069
GPCR,pK,8797,6.312,6.087477
GPCR,pK,8798,8.745,7.636003
GPCR,pK,8799,9.097,8.246328
GPCR,pK,8800,7.42,7.069818
GPCR,pK,8801,8.0,6.4632497
GPCR,pK,8802,6.5,6.6420693
GPCR,pK,8803,6.9,6.598196
GPCR,pK,8804,4.319,4.2645054
GPCR,pK,8805,4.62,4.378967
GPCR,pK,8806,4.854,4.727363
GPCR,pK,8807,4.721,4.9080505
GPCR,pK,8808,4.638,5.0521126
GPCR,pK,8809,4.481,4.4678755
GPCR,pK,8810,4.538,4.7306256
GPCR,pK,8811,4.959,4.2832694
GPCR,pK,8812,4.004,4.7877994
GPCR,pK,8813,5.347,5.019765
GPCR,pK,8814,5.495,4.95467
GPCR,pK,8815,5.469,5.613671
GPCR,pK,8816,4.42,5.2245193
GPCR,pK,8817,5.602,5.4201765
GPCR,pK,8818,5.678,5.358387
GPCR,pK,8819,4.921,4.635306
GPCR,pK,8820,4.77,5.013153
GPCR,pK,8821,5.204,4.6251025
GPCR,pK,8822,3.575,4.1606007
GPCR,pK,8823,5.585,4.9565663
GPCR,pK,8824,4.432,4.5544257
GPCR,pK,8825,4.959,4.7431993
GPCR,pK,8826,5.0,4.9191017
GPCR,pK,8827,8.208,8.026676
GPCR,pK,8828,7.569,7.609409
GPCR,pK,8829,8.222,7.936168
GPCR,pK,8830,8.585,8.504519
GPCR,pK,8831,6.793,6.463448
GPCR,pK,8832,7.388,7.418202
GPCR,pK,8833,7.967,8.009572
GPCR,pK,8834,7.245,7.8938003
GPCR,pK,8835,9.377,9.747249
GPCR,pK,8836,6.464,6.5507107
GPCR,pK,8837,8.066,7.4858747
GPCR,pK,8838,5.66,5.893394
GPCR,pK,8839,5.323,5.648664
GPCR,pK,8840,5.658,5.5804834
GPCR,pK,8841,5.38,5.678126
GPCR,pK,8842,8.495,7.743502
GPCR,pK,8843,7.959,7.4622216
GPCR,pK,8844,9.523,8.91607
GPCR,pK,8845,9.301,8.792429
GPCR,pK,8846,6.409,6.6114564
GPCR,pK,8847,7.174,6.891746
GPCR,pK,8848,8.032,7.728823
GPCR,pK,8849,7.297,7.935824
GPCR,pK,8850,6.178,6.5323033
GPCR,pK,8851,8.523,7.2856536
GPCR,pK,8852,6.569,6.9655128
GPCR,pK,8853,6.409,6.643316
GPCR,pK,8854,7.698,8.612695
GPCR,pK,8855,5.409,6.7469344
GPCR,pK,8856,6.398,7.390493
GPCR,pK,8857,6.87,5.8866405
GPCR,pK,8858,6.666,6.715309
GPCR,pK,8859,6.851,6.6472583
GPCR,pK,8860,6.432,7.342204
GPCR,pK,8861,6.481,5.9589086
GPCR,pK,8862,6.234,6.4668074
GPCR,pK,8863,5.814,6.1426854
GPCR,pK,8864,7.721,7.8148994
GPCR,pK,8865,8.018,7.666186
GPCR,pK,8866,8.027,9.166404
GPCR,pK,8867,8.377,8.052974
GPCR,pK,8868,7.959,7.9391713
GPCR,pK,8869,7.638,7.8290772
GPCR,pK,8870,7.444,7.001772
GPCR,pK,8871,8.585,8.781813
GPCR,pK,8872,9.721,9.44167
GPCR,pK,8873,7.187,7.919288
GPCR,pK,8874,6.387,7.1013737
GPCR,pK,8875,6.237,6.4001894
GPCR,pK,8876,5.854,6.2205176
GPCR,pK,8877,7.347,7.7280436
GPCR,pK,8878,6.398,6.134958
GPCR,pK,8879,6.523,6.5877075
GPCR,pK,8880,4.745,4.053558
GPCR,pK,8881,6.699,6.4894757
GPCR,pK,8882,6.155,6.5069304
GPCR,pK,8883,5.824,5.5421176
GPCR,pK,8884,4.959,4.85691
GPCR,pK,8885,5.638,6.1166296
GPCR,pK,8886,7.553,7.5918074
GPCR,pK,8887,8.745,8.945945
GPCR,pK,8888,7.721,7.845537
GPCR,pK,8889,5.987,6.0671477
GPCR,pK,8890,7.77,7.69234
GPCR,pK,8891,8.301,8.551895
GPCR,pK,8892,6.558,6.54883
GPCR,pK,8893,6.851,6.4154963
GPCR,pK,8894,3.921,4.011368
GPCR,pK,8895,6.796,7.4130454
GPCR,pK,8896,7.721,7.601234
GPCR,pK,8897,7.509,7.1367517
GPCR,pK,8898,8.155,7.854429
GPCR,pK,8899,6.161,6.1335425
GPCR,pK,8900,6.137,5.8991923
GPCR,pK,8901,6.569,6.3630404
GPCR,pK,8902,6.991,7.2046885
GPCR,pK,8903,6.553,6.2572575
GPCR,pK,8904,7.244,7.173348
GPCR,pK,8905,8.353,8.232947
GPCR,pK,8906,9.0,9.199081
GPCR,pK,8907,9.0,8.787694
GPCR,pK,8908,8.588,8.6072
GPCR,pK,8909,6.26,6.1702733
GPCR,pK,8910,6.076,6.3855996
GPCR,pK,8911,7.036,6.998177
GPCR,pK,8912,8.06,8.110368
GPCR,pK,8913,8.0,7.617225
GPCR,pK,8914,6.921,7.6947308
GPCR,pK,8915,6.854,7.003311
GPCR,pK,8916,7.0,6.931534
GPCR,pK,8917,7.301,7.4662595
GPCR,pK,8918,5.81,6.065922
GPCR,pK,8919,6.235,5.6160617
GPCR,pK,8920,7.839,8.120392
GPCR,pK,8921,7.959,8.360743
GPCR,pK,8922,6.201,6.217803
GPCR,pK,8923,7.103,7.2986455
GPCR,pK,8924,7.963,7.3814445
GPCR,pK,8925,5.694,6.5585537
GPCR,pK,8926,6.602,5.2675805
GPCR,pK,8927,7.721,6.9893327
GPCR,pK,8928,9.022,9.206073
GPCR,pK,8929,9.456,8.741315
GPCR,pK,8930,8.229,8.35495
GPCR,pK,8931,8.456,7.7750144
GPCR,pK,8932,8.658,8.750191
GPCR,pK,8933,10.201,8.553894
GPCR,pK,8934,5.7,5.903274
GPCR,pK,8935,6.658,6.8194547
GPCR,pK,8936,6.678,6.7926946
GPCR,pK,8937,6.959,6.854407
GPCR,pK,8938,6.174,6.5357394
GPCR,pK,8939,6.721,6.228819
GPCR,pK,8940,7.721,8.715346
GPCR,pK,8941,7.963,8.191881
GPCR,pK,8942,7.463,7.4150014
GPCR,pK,8943,7.482,7.063547
GPCR,pK,8944,7.441,6.88949
GPCR,pK,8945,5.3,5.894032
GPCR,pK,8946,5.8,5.2166114
GPCR,pK,8947,7.959,7.426749
GPCR,pK,8948,7.824,7.5336385
GPCR,pK,8949,8.301,8.098235
GPCR,pK,8950,8.301,8.516675
GPCR,pK,8951,6.186,5.739198
GPCR,pK,8952,5.225,5.808396
GPCR,pK,8953,5.0,6.637437
GPCR,pK,8954,5.914,6.065364
GPCR,pK,8955,7.42,7.342685
GPCR,pK,8956,6.745,6.6991005
GPCR,pK,8957,7.398,7.2337794
GPCR,pK,8958,6.481,6.5025086
GPCR,pK,8959,7.284,7.1100063
GPCR,pK,8960,8.284,7.894145
GPCR,pK,8961,7.712,7.417718
GPCR,pK,8962,7.053,7.078784
GPCR,pK,8963,6.228,6.38568
GPCR,pK,8964,6.562,6.390594
GPCR,pK,8965,9.398,9.110806
GPCR,pK,8966,6.754,6.9270096
GPCR,pK,8967,6.0,5.908897
GPCR,pK,8968,6.394,6.1652217
GPCR,pK,8969,6.248,6.809484
GPCR,pK,8970,6.077,6.6452985
GPCR,pK,8971,7.513,7.4389644
GPCR,pK,8972,9.036,9.483191
GPCR,pK,8973,7.597,7.932512
GPCR,pK,8974,8.699,8.26765
GPCR,pK,8975,9.102,8.975443
GPCR,pK,8976,9.523,9.887201
GPCR,pK,8977,7.215,6.937847
GPCR,pK,8978,6.432,6.9685864
GPCR,pK,8979,7.8,8.684377
GPCR,pK,8980,8.3,8.463182
GPCR,pK,8981,5.4,6.1287975
GPCR,pK,8982,6.851,6.6239758
GPCR,pK,8983,8.046,8.172791
GPCR,pK,8984,7.469,7.620515
GPCR,pK,8985,7.42,7.18642
GPCR,pK,8986,7.62,7.5387115
GPCR,pK,8987,6.917,6.752707
GPCR,pK,8988,6.642,6.959537
GPCR,pK,8989,9.222,8.097282
GPCR,pK,8990,6.252,7.014849
GPCR,pK,8991,8.0,6.903977
GPCR,pK,8992,5.854,5.9128575
GPCR,pK,8993,7.143,7.208332
GPCR,pK,8994,7.301,7.974918
GPCR,pK,8995,7.959,8.790252
GPCR,pK,8996,7.658,8.088629
GPCR,pK,8997,6.143,6.7625675
GPCR,pK,8998,5.658,5.996102
GPCR,pK,8999,7.824,7.6925483
GPCR,pK,9000,7.0,7.206565
GPCR,pK,9001,5.721,5.71153
GPCR,pK,9002,5.602,6.0335093
GPCR,pK,9003,7.712,6.9985356
GPCR,pK,9004,7.757,7.3488283
GPCR,pK,9005,6.446,6.1241097
GPCR,pK,9006,6.161,5.7575116
GPCR,pK,9007,6.729,6.880896
GPCR,pK,9008,6.237,6.3572574
GPCR,pK,9009,7.147,7.001533
GPCR,pK,9010,7.377,7.6678805
GPCR,pK,9011,5.474,5.7846875
GPCR,pK,9012,5.62,6.7561693
GPCR,pK,9013,6.022,6.2702174
GPCR,pK,9014,6.018,5.9643617
GPCR,pK,9015,6.076,6.018642
GPCR,pK,9016,6.712,6.4782805
GPCR,pK,9017,6.26,6.212155
GPCR,pK,9018,6.959,7.521598
GPCR,pK,9019,7.155,6.5975494
GPCR,pK,9020,6.585,6.545469
GPCR,pK,9021,5.658,5.681895
GPCR,pK,9022,8.92,8.822373
GPCR,pK,9023,6.5,6.687062
GPCR,pK,9024,6.1,5.87569
GPCR,pK,9025,6.1,6.412155
GPCR,pK,9026,6.4,5.9208217
GPCR,pK,9027,6.495,5.2084618
GPCR,pK,9028,4.827,5.045346
GPCR,pK,9029,7.767,7.519897
GPCR,pK,9030,7.959,7.690988
GPCR,pK,9031,3.77,3.7799315
GPCR,pK,9032,8.747,9.286214
GPCR,pK,9033,8.0,7.4707403
GPCR,pK,9034,7.292,7.126559
GPCR,pK,9035,9.456,9.473996
GPCR,pK,9036,5.902,5.853568
GPCR,pK,9037,9.387,9.383942
GPCR,pK,9038,9.409,9.316291
GPCR,pK,9039,7.2,6.9950657
GPCR,pK,9040,5.678,5.449947
GPCR,pK,9041,7.081,7.51994
GPCR,pK,9042,6.04,6.4755673
GPCR,pK,9043,5.009,5.820564
GPCR,pK,9044,6.26,6.2157197
GPCR,pK,9045,8.222,7.854388
GPCR,pK,9046,7.585,6.8228793
GPCR,pK,9047,7.714,6.7856393
GPCR,pK,9048,8.032,7.66523
GPCR,pK,9049,8.569,8.539074
GPCR,pK,9050,6.721,7.020949
GPCR,pK,9051,9.06,9.209002
GPCR,pK,9052,8.77,8.583561
GPCR,pK,9053,9.155,8.720033
GPCR,pK,9054,9.824,9.576266
GPCR,pK,9055,7.223,7.3525867
GPCR,pK,9056,6.86,6.887416
GPCR,pK,9057,7.276,7.093694
GPCR,pK,9058,7.678,7.5896416
GPCR,pK,9059,6.456,6.36863
GPCR,pK,9060,7.585,7.2438765
GPCR,pK,9061,8.699,7.9065447
GPCR,pK,9062,8.377,7.5508337
GPCR,pK,9063,6.252,6.3429227
GPCR,pK,9064,8.398,8.68572
GPCR,pK,9065,9.699,9.447568
GPCR,pK,9066,8.4,8.243679
GPCR,pK,9067,9.5,9.240279
GPCR,pK,9068,7.8,8.721839
GPCR,pK,9069,7.76,7.8344636
GPCR,pK,9070,5.4,5.4266458
GPCR,pK,9071,5.84,5.695782
GPCR,pK,9072,8.78,8.048488
GPCR,pK,9073,7.58,8.163764
GPCR,pK,9074,7.87,7.9617305
GPCR,pK,9075,5.247,4.92024
GPCR,pK,9076,6.553,6.136694
GPCR,pK,9077,5.03,5.9666104
GPCR,pK,9078,7.046,5.6374354
GPCR,pK,9079,6.745,6.868381
GPCR,pK,9080,5.334,7.025517
GPCR,pK,9081,9.26,9.445191
GPCR,pK,9082,8.26,7.4051423
GPCR,pK,9083,7.456,6.7910624
GPCR,pK,9084,7.131,6.020098
GPCR,pK,9085,9.155,8.5009365
GPCR,pK,9086,9.131,8.573443
GPCR,pK,9087,6.745,6.5250316
GPCR,pK,9088,7.585,7.350391
GPCR,pK,9089,8.886,9.104761
GPCR,pK,9090,7.228,7.109789
GPCR,pK,9091,8.1,8.49102
GPCR,pK,9092,8.6,7.86974
GPCR,pK,9093,8.4,7.781819
GPCR,pK,9094,7.6,6.4513164
GPCR,pK,9095,6.4,6.198093
GPCR,pK,9096,6.8,5.8841753
GPCR,pK,9097,7.222,7.896317
GPCR,pK,9098,5.721,5.702828
GPCR,pK,9099,5.244,5.267424
GPCR,pK,9100,5.066,4.9580173
GPCR,pK,9101,5.77,5.5476613
GPCR,pK,9102,5.585,5.5627217
GPCR,pK,9103,5.194,5.4631467
GPCR,pK,9104,5.131,5.2034526
GPCR,pK,9105,7.237,7.347407
GPCR,pK,9106,7.932,8.046173
GPCR,pK,9107,7.694,7.405809
GPCR,pK,9108,8.076,8.638729
GPCR,pK,9109,5.321,5.738265
GPCR,pK,9110,5.914,4.762038
GPCR,pK,9111,6.527,6.6343865
GPCR,pK,9112,6.39,6.333302
GPCR,pK,9113,6.565,6.8260493
GPCR,pK,9114,6.944,6.8297076
GPCR,pK,9115,7.275,7.266422
GPCR,pK,9116,8.489,8.798743
GPCR,pK,9117,5.959,5.8271337
GPCR,pK,9118,7.638,7.274651
GPCR,pK,9119,5.522,5.405851
GPCR,pK,9120,10.367,9.851876
GPCR,pK,9121,6.708,6.9258933
GPCR,pK,9122,8.097,7.3725085
GPCR,pK,9123,5.836,6.12115
GPCR,pK,9124,7.071,7.170017
GPCR,pK,9125,7.721,7.8367915
GPCR,pK,9126,7.222,7.1803217
GPCR,pK,9127,8.597,8.281085
GPCR,pK,9128,7.726,7.935579
GPCR,pK,9129,8.947,8.666886
GPCR,pK,9130,8.775,8.680721
GPCR,pK,9131,7.886,8.449353
GPCR,pK,9132,10.229,10.201797
GPCR,pK,9133,6.917,8.499287
GPCR,pK,9134,6.37,7.275535
GPCR,pK,9135,8.511,8.281035
GPCR,pK,9136,5.6,6.590713
GPCR,pK,9137,6.09,6.452293
GPCR,pK,9138,8.9,8.454619
GPCR,pK,9139,7.05,6.8711686
GPCR,pK,9140,5.6,6.6048713
GPCR,pK,9141,8.088,7.9802165
GPCR,pK,9142,4.82,6.391601
GPCR,pK,9143,8.26,7.806037
GPCR,pK,9144,7.585,6.8882504
GPCR,pK,9145,7.658,7.624924
GPCR,pK,9146,9.979,8.661902
GPCR,pK,9147,8.319,8.600185
GPCR,pK,9148,7.409,7.488587
GPCR,pK,9149,7.569,7.611901
GPCR,pK,9150,7.301,7.585028
GPCR,pK,9151,7.921,7.4970565
GPCR,pK,9152,6.339,6.2216372
GPCR,pK,9153,8.921,7.0143056
GPCR,pK,9154,6.748,6.4735036
GPCR,pK,9155,5.431,5.193896
GPCR,pK,9156,5.854,5.72866
GPCR,pK,9157,6.0,6.0042214
GPCR,pK,9158,8.849,9.06343
GPCR,pK,9159,10.2,10.265988
GPCR,pK,9160,8.697,8.008934
GPCR,pK,9161,8.093,8.731084
GPCR,pK,9162,6.866,7.3290153
GPCR,pK,9163,8.301,8.492663
GPCR,pK,9164,6.189,6.282512
GPCR,pK,9165,6.979,6.9370017
GPCR,pK,9166,6.2,6.2298684
GPCR,pK,9167,8.469,8.18393
GPCR,pK,9168,7.569,7.8934035
GPCR,pK,9169,7.678,7.8265285
GPCR,pK,9170,7.367,7.151976
GPCR,pK,9171,7.143,7.3695984
GPCR,pK,9172,7.398,7.4067674
GPCR,pK,9173,7.165,8.025733
GPCR,pK,9174,7.2,6.968104
GPCR,pK,9175,8.301,7.922148
GPCR,pK,9176,8.097,8.377824
GPCR,pK,9177,8.046,8.0636
GPCR,pK,9178,7.62,8.6145525
GPCR,pK,9179,6.595,5.8747087
GPCR,pK,9180,7.796,7.722653
GPCR,pK,9181,6.693,7.258259
GPCR,pK,9182,5.577,5.240473
GPCR,pK,9183,7.15,7.314463
GPCR,pK,9184,6.64,6.9106045
GPCR,pK,9185,7.88,7.341854
GPCR,pK,9186,9.114,8.507275
GPCR,pK,9187,10.284,10.087046
GPCR,pK,9188,6.353,6.138142
GPCR,pK,9189,5.829,6.105533
GPCR,pK,9190,7.7,7.8767934
GPCR,pK,9191,8.1,7.8073754
GPCR,pK,9192,8.0,7.7756906
GPCR,pK,9193,7.2,7.382998
GPCR,pK,9194,7.647,7.6644425
GPCR,pK,9195,7.3,7.6080813
GPCR,pK,9196,7.149,7.3679037
GPCR,pK,9197,8.222,8.242186
GPCR,pK,9198,5.93,6.1772037
GPCR,pK,9199,6.0,6.0425496
GPCR,pK,9200,8.347,7.7819777
GPCR,pK,9201,5.177,4.8058167
GPCR,pK,9202,6.324,6.195809
GPCR,pK,9203,5.848,5.680337
GPCR,pK,9204,5.593,5.598555
GPCR,pK,9205,7.745,7.437266
GPCR,pK,9206,5.523,7.2679234
GPCR,pK,9207,6.102,6.6864443
GPCR,pK,9208,8.9,8.740043
GPCR,pK,9209,8.3,8.447945
GPCR,pK,9210,8.854,8.535937
GPCR,pK,9211,8.0,8.083289
GPCR,pK,9212,6.9,7.1420608
GPCR,pK,9213,7.4,7.5211444
GPCR,pK,9214,8.7,8.454789
GPCR,pK,9215,6.7,7.500156
GPCR,pK,9216,7.06,7.050186
GPCR,pK,9217,6.419,6.5681825
GPCR,pK,9218,7.699,7.4156423
GPCR,pK,9219,8.347,7.3982835
GPCR,pK,9220,6.752,7.302214
GPCR,pK,9221,6.308,6.269666
GPCR,pK,9222,7.009,6.2501817
GPCR,pK,9223,6.34,7.11742
GPCR,pK,9224,5.275,5.2402616
GPCR,pK,9225,4.896,5.1680665
GPCR,pK,9226,9.368,9.209063
GPCR,pK,9227,7.585,7.347166
GPCR,pK,9228,7.155,7.372048
GPCR,pK,9229,8.284,8.702349
GPCR,pK,9230,6.1,5.4552617
GPCR,pK,9231,6.8,5.7553744
GPCR,pK,9232,6.0,6.126471
GPCR,pK,9233,5.2,5.367279
GPCR,pK,9234,5.9,6.2761135
GPCR,pK,9235,6.42,6.4833107
GPCR,pK,9236,7.444,7.4746985
GPCR,pK,9237,7.444,7.8508267
GPCR,pK,9238,9.585,9.168386
GPCR,pK,9239,7.585,7.877872
GPCR,pK,9240,7.523,7.643493
GPCR,pK,9241,9.469,9.618373
GPCR,pK,9242,6.215,6.4340477
GPCR,pK,9243,7.538,7.34895
GPCR,pK,9244,6.367,6.188622
GPCR,pK,9245,5.854,5.94653
GPCR,pK,9246,8.398,8.233409
GPCR,pK,9247,8.917,8.776044
GPCR,pK,9248,7.239,7.193901
GPCR,pK,9249,6.488,6.504691
GPCR,pK,9250,7.886,7.185404
GPCR,pK,9251,7.62,7.5099225
GPCR,pK,9252,6.854,6.6277165
GPCR,pK,9253,6.783,6.188522
GPCR,pK,9254,5.745,5.8219447
GPCR,pK,9255,5.635,5.606505
GPCR,pK,9256,9.215,10.062348
GPCR,pK,9257,9.367,9.845532
GPCR,pK,9258,9.201,9.988687
GPCR,pK,9259,9.066,8.58504
GPCR,pK,9260,9.824,9.665396
GPCR,pK,9261,7.699,7.578783
GPCR,pK,9262,7.62,8.071828
GPCR,pK,9263,7.896,7.6557927
GPCR,pK,9264,7.274,6.951233
GPCR,pK,9265,6.393,6.885181
GPCR,pK,9266,3.873,4.3495617
GPCR,pK,9267,4.133,3.783515
GPCR,pK,9268,6.0,5.84095
GPCR,pK,9269,8.316,7.6650157
GPCR,pK,9270,9.013,9.28038
GPCR,pK,9271,9.222,8.253085
GPCR,pK,9272,6.64,5.9650726
GPCR,pK,9273,9.155,8.342545
GPCR,pK,9274,8.854,8.151655
GPCR,pK,9275,8.481,7.249079
GPCR,pK,9276,5.961,6.550077
GPCR,pK,9277,5.409,5.4671545
GPCR,pK,9278,8.553,9.095483
GPCR,pK,9279,8.523,9.1631
GPCR,pK,9280,9.155,10.113162
GPCR,pK,9281,7.051,8.667426
GPCR,pK,9282,8.125,9.226818
GPCR,pK,9283,5.877,5.4417944
GPCR,pK,9284,5.771,5.7922425
GPCR,pK,9285,7.051,6.886678
GPCR,pK,9286,5.0,4.7178817
GPCR,pK,9287,5.0,4.3762765
GPCR,pK,9288,8.854,8.681292
GPCR,pK,9289,5.923,6.245336
GPCR,pK,9290,6.298,6.262238
GPCR,pK,9291,5.172,5.1520534
GPCR,pK,9292,5.699,6.1451573
GPCR,pK,9293,5.714,6.523805
GPCR,pK,9294,7.975,7.847336
GPCR,pK,9295,6.827,6.8118825
GPCR,pK,9296,7.26,7.2564616
GPCR,pK,9297,7.538,7.350263
GPCR,pK,9298,7.18,6.575761
GPCR,pK,9299,7.959,7.5380445
GPCR,pK,9300,7.824,7.544451
GPCR,pK,9301,6.131,6.566574
GPCR,pK,9302,5.541,5.5856843
GPCR,pK,9303,8.471,8.037928
GPCR,pK,9304,7.143,6.9002805
GPCR,pK,9305,8.237,8.203029
GPCR,pK,9306,7.244,7.2040887
GPCR,pK,9307,8.041,7.938698
GPCR,pK,9308,5.859,5.746123
GPCR,pK,9309,4.502,4.4317245
GPCR,pK,9310,9.092,6.9362965
GPCR,pK,9311,6.538,7.7709084
GPCR,pK,9312,8.284,7.0980077
GPCR,pK,9313,8.398,8.150151
GPCR,pK,9314,8.745,7.5408025
GPCR,pK,9315,5.456,7.8838463
GPCR,pK,9316,5.777,5.613618
GPCR,pK,9317,7.824,9.228037
GPCR,pK,9318,8.824,9.208272
GPCR,pK,9319,8.569,8.78766
GPCR,pK,9320,9.523,9.342843
GPCR,pK,9321,4.699,4.8111906
GPCR,pK,9322,5.699,5.2672715
GPCR,pK,9323,5.456,5.2163563
GPCR,pK,9324,7.863,7.379955
GPCR,pK,9325,8.854,8.794099
GPCR,pK,9326,9.523,9.038429
GPCR,pK,9327,7.43,7.287945
GPCR,pK,9328,6.74,6.6974297
GPCR,pK,9329,7.72,6.9901185
GPCR,pK,9330,6.47,7.7574964
GPCR,pK,9331,8.0,7.4394197
GPCR,pK,9332,7.7,7.193874
GPCR,pK,9333,8.155,8.176678
GPCR,pK,9334,7.455,8.749637
GPCR,pK,9335,7.488,7.2153497
GPCR,pK,9336,7.684,8.06347
GPCR,pK,9337,6.472,6.7998977
GPCR,pK,9338,7.91,6.370609
GPCR,pK,9339,7.075,7.2984214
GPCR,pK,9340,8.387,7.9871936
GPCR,pK,9341,8.42,8.816358
GPCR,pK,9342,8.268,7.839001
GPCR,pK,9343,8.523,8.440297
GPCR,pK,9344,6.81,7.1800036
GPCR,pK,9345,7.125,7.7885785
GPCR,pK,9346,7.69,7.3793693
GPCR,pK,9347,7.376,6.967355
GPCR,pK,9348,6.097,6.485992
GPCR,pK,9349,5.724,5.789998
GPCR,pK,9350,8.654,8.476832
GPCR,pK,9351,6.276,6.5135064
GPCR,pK,9352,5.381,5.40847
GPCR,pK,9353,8.496,8.277678
GPCR,pK,9354,8.745,8.742846
GPCR,pK,9355,9.0,9.262708
GPCR,pK,9356,9.5,8.892873
GPCR,pK,9357,10.1,9.186973
GPCR,pK,9358,9.3,9.196616
GPCR,pK,9359,9.2,9.417262
GPCR,pK,9360,9.6,9.191128
GPCR,pK,9361,9.5,9.664519
GPCR,pK,9362,9.3,9.14074
GPCR,pK,9363,9.469,9.2991085
GPCR,pK,9364,9.456,9.632909
GPCR,pK,9365,10.0,9.8788185
GPCR,pK,9366,9.415,9.893347
GPCR,pK,9367,8.959,9.065001
GPCR,pK,9368,8.167,8.318742
GPCR,pK,9369,8.959,8.614488
GPCR,pK,9370,9.602,9.372842
GPCR,pK,9371,9.377,9.158467
GPCR,pK,9372,9.222,8.343619
GPCR,pK,9373,8.423,7.5369186
GPCR,pK,9374,9.1,9.081228
GPCR,pK,9375,9.6,9.535065
GPCR,pK,9376,8.8,8.659097
GPCR,pK,9377,9.4,8.732352
GPCR,pK,9378,8.4,8.393342
GPCR,pK,9379,9.77,9.470292
GPCR,pK,9380,9.87,10.114748
GPCR,pK,9381,8.208,7.631355
GPCR,pK,9382,5.854,7.1088066
GPCR,pK,9383,7.745,6.9595404
GPCR,pK,9384,7.215,7.369289
GPCR,pK,9385,4.757,4.4879174
GPCR,pK,9386,7.018,6.485928
GPCR,pK,9387,6.184,6.442064
GPCR,pK,9388,7.244,6.72546
GPCR,pK,9389,5.613,5.7850437
GPCR,pK,9390,5.326,5.646552
GPCR,pK,9391,5.488,6.0048866
GPCR,pK,9392,9.523,9.255938
GPCR,pK,9393,8.523,8.313689
GPCR,pK,9394,8.076,7.9663854
GPCR,pK,9395,8.77,8.64388
GPCR,pK,9396,7.398,7.679195
GPCR,pK,9397,7.137,7.4657087
GPCR,pK,9398,8.6,8.4741
GPCR,pK,9399,6.6,6.957931
GPCR,pK,9400,7.2,7.13463
GPCR,pK,9401,6.886,6.7472186
GPCR,pK,9402,6.481,6.5441775
GPCR,pK,9403,7.959,7.910685
GPCR,pK,9404,7.614,7.0529575
GPCR,pK,9405,6.75,7.3445344
GPCR,pK,9406,8.97,9.06896
GPCR,pK,9407,8.94,9.181304
GPCR,pK,9408,8.93,9.054967
GPCR,pK,9409,5.44,6.0779195
GPCR,pK,9410,8.5,7.3157
GPCR,pK,9411,6.7,6.2414947
GPCR,pK,9412,7.046,6.8132567
GPCR,pK,9413,7.924,8.081425
GPCR,pK,9414,9.481,9.08543
GPCR,pK,9415,7.638,7.3638988
GPCR,pK,9416,7.155,7.3747897
GPCR,pK,9417,8.509,8.938355
GPCR,pK,9418,9.046,8.066895
GPCR,pK,9419,9.222,9.321849
GPCR,pK,9420,8.959,8.768791
GPCR,pK,9421,6.526,5.745312
GPCR,pK,9422,6.717,6.735534
GPCR,pK,9423,5.186,6.433959
GPCR,pK,9424,5.175,5.3925653
GPCR,pK,9425,7.569,6.985847
GPCR,pK,9426,6.1,6.8542037
GPCR,pK,9427,6.7,6.65984
GPCR,pK,9428,7.1,7.000851
GPCR,pK,9429,5.8,6.250906
GPCR,pK,9430,8.6,8.648506
GPCR,pK,9431,8.4,8.620261
GPCR,pK,9432,5.69,6.415153
GPCR,pK,9433,5.9,5.815431
GPCR,pK,9434,5.613,5.541204
GPCR,pK,9435,5.836,5.468223
GPCR,pK,9436,6.819,7.237257
GPCR,pK,9437,8.066,7.689617
GPCR,pK,9438,7.816,8.306646
GPCR,pK,9439,7.304,7.6937575
GPCR,pK,9440,7.784,7.912849
GPCR,pK,9441,7.301,7.373606
GPCR,pK,9442,8.638,8.695365
GPCR,pK,9443,8.174,8.694503
GPCR,pK,9444,7.854,8.033006
GPCR,pK,9445,9.222,9.0047865
GPCR,pK,9446,7.77,7.8382764
GPCR,pK,9447,7.77,7.611142
GPCR,pK,9448,9.62,7.7804356
GPCR,pK,9449,8.174,8.215556
GPCR,pK,9450,5.362,6.1485662
GPCR,pK,9451,6.171,6.525912
GPCR,pK,9452,6.4,7.108282
GPCR,pK,9453,6.2,6.313061
GPCR,pK,9454,9.854,9.495846
GPCR,pK,9455,9.319,9.412473
GPCR,pK,9456,8.7,8.83228
GPCR,pK,9457,8.959,8.722306
GPCR,pK,9458,8.796,9.370826
GPCR,pK,9459,7.921,8.521403
GPCR,pK,9460,7.276,6.485264
GPCR,pK,9461,5.387,5.710707
GPCR,pK,9462,8.921,8.428773
GPCR,pK,9463,8.0,7.11674
GPCR,pK,9464,7.886,7.9573407
GPCR,pK,9465,5.337,6.5305533
GPCR,pK,9466,8.092,7.8514605
GPCR,pK,9467,5.432,5.5250244
GPCR,pK,9468,6.602,6.6484485
GPCR,pK,9469,9.93,9.56997
GPCR,pK,9470,7.22,7.416684
GPCR,pK,9471,6.414,6.255036
GPCR,pK,9472,6.577,6.630961
GPCR,pK,9473,8.757,8.914316
GPCR,pK,9474,8.49,8.633676
GPCR,pK,9475,7.35,7.9210005
GPCR,pK,9476,7.921,8.335627
GPCR,pK,9477,8.481,8.450796
GPCR,pK,9478,8.237,7.779658
GPCR,pK,9479,5.62,7.0548644
GPCR,pK,9480,6.587,7.1344857
GPCR,pK,9481,6.95,6.8566036
GPCR,pK,9482,7.26,7.058001
GPCR,pK,9483,6.23,6.235809
GPCR,pK,9484,9.5,9.931366
GPCR,pK,9485,7.2,6.9995914
GPCR,pK,9486,7.1,7.016434
GPCR,pK,9487,6.959,9.149057
GPCR,pK,9488,5.569,8.278466
GPCR,pK,9489,7.959,9.24389
GPCR,pK,9490,10.125,9.768922
GPCR,pK,9491,6.678,7.1945157
GPCR,pK,9492,8.796,8.272809
GPCR,pK,9493,5.071,5.302699
GPCR,pK,9494,9.886,9.985833
GPCR,pK,9495,8.032,7.595526
GPCR,pK,9496,6.896,6.851122
GPCR,pK,9497,7.538,7.25127
GPCR,pK,9498,10.398,10.127888
GPCR,pK,9499,8.046,8.692702
GPCR,pK,9500,9.201,10.146696
GPCR,pK,9501,8.553,8.278458
GPCR,pK,9502,8.328,8.999724
GPCR,pK,9503,9.854,9.706328
GPCR,pK,9504,9.585,9.770255
GPCR,pK,9505,9.699,9.768435
GPCR,pK,9506,9.432,10.012132
GPCR,pK,9507,8.092,8.146931
GPCR,pK,9508,7.886,8.636664
GPCR,pK,9509,5.932,6.8733964
GPCR,pK,9510,6.652,6.115438
GPCR,pK,9511,7.31,6.566338
GPCR,pK,9512,5.451,5.3513412
GPCR,pK,9513,6.674,6.1548114
GPCR,pK,9514,5.686,5.888426
GPCR,pK,9515,9.284,9.641679
GPCR,pK,9516,8.523,8.959938
GPCR,pK,9517,8.42,8.391775
GPCR,pK,9518,6.559,6.5202575
GPCR,pK,9519,6.66,6.823165
GPCR,pK,9520,6.387,6.1782193
GPCR,pK,9521,9.347,9.131812
GPCR,pK,9522,10.0,10.002175
GPCR,pK,9523,9.42,9.673739
GPCR,pK,9524,9.137,9.047797
GPCR,pK,9525,5.5,5.408421
GPCR,pK,9526,9.155,9.004233
GPCR,pK,9527,10.187,8.504399
GPCR,pK,9528,8.598,7.625494
GPCR,pK,9529,7.721,8.27677
GPCR,pK,9530,8.0,7.8855057
GPCR,pK,9531,9.187,9.219638
GPCR,pK,9532,6.337,5.7790623
GPCR,pK,9533,7.072,5.3421483
GPCR,pK,9534,7.071,6.78628
GPCR,pK,9535,8.521,8.412139
GPCR,pK,9536,8.567,8.687579
GPCR,pK,9537,6.288,6.347275
GPCR,pK,9538,6.314,5.8818
GPCR,pK,9539,7.73,7.664433
GPCR,pK,9540,9.28,8.952787
GPCR,pK,9541,9.74,9.930354
GPCR,pK,9542,6.07,6.4218802
GPCR,pK,9543,8.319,8.511888
GPCR,pK,9544,9.252,9.014768
GPCR,pK,9545,8.495,8.864718
GPCR,pK,9546,9.071,8.930373
GPCR,pK,9547,8.045,8.430232
GPCR,pK,9548,6.063,6.535239
GPCR,pK,9549,8.237,8.360406
GPCR,pK,9550,7.617,7.499824
GPCR,pK,9551,7.033,6.980935
GPCR,pK,9552,9.096,9.21313
GPCR,pK,9553,9.135,9.111708
GPCR,pK,9554,7.124,7.2371626
GPCR,pK,9555,6.941,7.278212
GPCR,pK,9556,8.362,8.12375
GPCR,pK,9557,6.842,6.695866
GPCR,pK,9558,8.046,8.359298
GPCR,pK,9559,5.858,5.6288466
GPCR,pK,9560,6.751,7.6039643
GPCR,pK,9561,6.979,7.025937
GPCR,pK,9562,7.836,7.603517
GPCR,pK,9563,8.098,8.011319
GPCR,pK,9564,7.575,7.522966
GPCR,pK,9565,7.125,7.3794866
GPCR,pK,9566,9.097,9.017349
GPCR,pK,9567,8.796,8.612661
GPCR,pK,9568,6.529,6.2675138
GPCR,pK,9569,6.703,7.6874757
GPCR,pK,9570,6.212,6.8648515
GPCR,pK,9571,5.052,6.010513
GPCR,pK,9572,4.78,6.9137397
GPCR,pK,9573,4.571,5.058132
GPCR,pK,9574,5.432,7.207051
GPCR,pK,9575,5.437,6.759933
GPCR,pK,9576,5.781,6.6246476
GPCR,pK,9577,7.194,6.951144
GPCR,pK,9578,5.862,5.780483
GPCR,pK,9579,5.433,7.306175
GPCR,pK,9580,5.125,6.211007
GPCR,pK,9581,5.287,6.249251
GPCR,pK,9582,6.554,6.6552844
GPCR,pK,9583,7.42,6.974275
GPCR,pK,9584,5.338,5.555923
GPCR,pK,9585,5.408,6.3782144
GPCR,pK,9586,5.499,6.846254
GPCR,pK,9587,5.677,6.3716197
GPCR,pK,9588,6.863,6.4434724
GPCR,pK,9589,7.022,6.9422297
GPCR,pK,9590,5.511,6.144987
GPCR,pK,9591,5.645,6.8724675
GPCR,pK,9592,5.785,6.1840835
GPCR,pK,9593,6.937,6.6357913
GPCR,pK,9594,7.328,6.8654313
GPCR,pK,9595,5.718,5.563334
GPCR,pK,9596,6.615,6.3814106
GPCR,pK,9597,6.678,6.671161
GPCR,pK,9598,5.504,5.760062
GPCR,pK,9599,6.019,5.9308724
GPCR,pK,9600,5.023,6.261583
GPCR,pK,9601,5.63,5.7282414
GPCR,pK,9602,5.756,5.9860806
GPCR,pK,9603,5.739,5.2443614
GPCR,pK,9604,6.193,5.53907
GPCR,pK,9605,5.598,5.5392327
GPCR,pK,9606,6.304,5.557274
GPCR,pK,9607,5.63,5.8700414
GPCR,pK,9608,6.321,5.151535
GPCR,pK,9609,6.136,5.733596
GPCR,pK,9610,5.898,5.7947097
GPCR,pK,9611,4.389,4.4431396
GPCR,pK,9612,10.041,9.057768
GPCR,pK,9613,4.805,4.784005
GPCR,pK,9614,5.864,6.6068826
GPCR,pK,9615,5.524,6.2860136
GPCR,pK,9616,6.383,5.8340864
GPCR,pK,9617,5.497,6.440755
GPCR,pK,9618,6.987,6.627294
GPCR,pK,9619,7.588,6.8937926
GPCR,pK,9620,8.025,8.081483
GPCR,pK,9621,5.632,6.3671565
GPCR,pK,9622,8.732,7.898516
GPCR,pK,9623,5.778,6.138866
GPCR,pK,9624,4.935,5.1315866
GPCR,pK,9625,5.106,6.629018
GPCR,pK,9626,5.296,7.06191
GPCR,pK,9627,5.009,5.080584
GPCR,pK,9628,5.926,5.616124
GPCR,pK,9629,5.147,6.4679885
GPCR,pK,9630,5.642,5.424796
GPCR,pK,9631,5.904,5.2496686
GPCR,pK,9632,5.764,6.9358606
GPCR,pK,9633,5.571,6.5590353
GPCR,pK,9634,4.91,6.1428695
GPCR,pK,9635,5.743,5.864261
GPCR,pK,9636,6.708,7.0898824
GPCR,pK,9637,5.395,5.747103
GPCR,pK,9638,5.274,7.266878
GPCR,pK,9639,6.321,5.639565
GPCR,pK,9640,8.309,6.931287
GPCR,pK,9641,5.132,6.8730206
GPCR,pK,9642,6.06,6.4351945
GPCR,pK,9643,5.151,6.0917234
GPCR,pK,9644,7.62,7.915533
GPCR,pK,9645,5.276,7.0505433
GPCR,pK,9646,5.207,7.927569
GPCR,pK,9647,6.205,5.5050106
GPCR,pK,9648,5.351,6.935134
GPCR,pK,9649,6.506,6.108537
GPCR,pK,9650,6.433,5.8635626
GPCR,pK,9651,6.472,6.655654
GPCR,pK,9652,9.099,9.110332
GPCR,pK,9653,5.272,6.3382435
GPCR,pK,9654,5.218,6.944962
GPCR,pK,9655,5.773,5.214808
GPCR,pK,9656,5.429,6.6598086
GPCR,pK,9657,6.472,6.089195
GPCR,pK,9658,6.009,7.634662
GPCR,pK,9659,5.904,5.591208
GPCR,pK,9660,7.131,5.288719
GPCR,pK,9661,8.756,8.685899
GPCR,pK,9662,5.657,6.856131
GPCR,pK,9663,6.971,5.7752013
GPCR,pK,9664,5.446,6.3751426
GPCR,pK,9665,7.397,6.740615
GPCR,pK,9666,7.215,6.4984355
GPCR,pK,9667,6.618,5.62915
GPCR,pK,9668,8.743,8.93073
GPCR,pK,9669,4.894,6.7272325
GPCR,pK,9670,5.186,5.1909328
GPCR,pK,9671,5.621,5.8547487
GPCR,pK,9672,5.722,6.3407283
GPCR,pK,9673,4.873,6.798031
GPCR,pK,9674,5.267,5.650186
GPCR,pK,9675,5.719,6.2375827
GPCR,pK,9676,5.699,6.7346973
GPCR,pK,9677,5.132,6.5004735
GPCR,pK,9678,5.616,6.8625026
GPCR,pK,9679,5.133,6.467841
GPCR,pK,9680,6.807,6.7339892
GPCR,pK,9681,6.701,6.525204
GPCR,pK,9682,7.553,8.280976
GPCR,pK,9683,8.657,8.783373
GPCR,pK,9684,4.575,7.2466893
GPCR,pK,9685,5.108,6.29878
GPCR,pK,9686,6.21,5.6326194
GPCR,pK,9687,5.12,6.478864
GPCR,pK,9688,6.684,6.63876
GPCR,pK,9689,6.905,6.9049783
GPCR,pK,9690,7.796,7.764033
GPCR,pK,9691,5.438,6.1414285
GPCR,pK,9692,5.223,6.7356205
GPCR,pK,9693,5.235,5.060273
GPCR,pK,9694,6.206,7.382336
GPCR,pK,9695,5.991,5.0472007
GPCR,pK,9696,5.997,7.971583
GPCR,pK,9697,5.611,6.4078155
GPCR,pK,9698,9.023,7.819912
GPCR,pK,9699,5.058,5.8258986
GPCR,pK,9700,5.497,5.9832783
GPCR,pK,9701,5.378,5.3460393
GPCR,pK,9702,5.876,5.4806323
GPCR,pK,9703,5.471,5.9848537
GPCR,pK,9704,6.191,7.4558454
GPCR,pK,9705,4.983,7.021526
GPCR,pK,9706,6.032,6.3864822
GPCR,pK,9707,5.411,5.9377866
GPCR,pK,9708,5.005,6.461942
GPCR,pK,9709,5.714,4.971973
GPCR,pK,9710,5.346,6.191628
GPCR,pK,9711,6.224,6.024896
GPCR,pK,9712,4.895,5.293408
GPCR,pK,9713,6.225,5.61585
GPCR,pK,9714,6.063,6.282552
GPCR,pK,9715,5.353,6.017342
GPCR,pK,9716,6.408,4.974106
GPCR,pK,9717,5.391,6.620909
GPCR,pK,9718,5.709,6.4504857
GPCR,pK,9719,8.844,8.532869
GPCR,pK,9720,5.525,6.9806404
GPCR,pK,9721,5.042,6.645699
GPCR,pK,9722,6.275,5.1745973
GPCR,pK,9723,6.046,6.2847285
GPCR,pK,9724,7.384,7.027427
GPCR,pK,9725,6.189,7.7098985
GPCR,pK,9726,5.796,6.1815777
GPCR,pK,9727,6.539,7.8407226
GPCR,pK,9728,8.834,8.535765
GPCR,pK,9729,5.156,7.021817
GPCR,pK,9730,6.341,5.9926763
GPCR,pK,9731,5.466,5.7660966
GPCR,pK,9732,8.483,7.36881
GPCR,pK,9733,5.836,5.9644666
GPCR,pK,9734,5.294,5.611302
GPCR,pK,9735,7.387,7.5580206
GPCR,pK,9736,5.543,6.315609
GPCR,pK,9737,5.967,6.857613
GPCR,pK,9738,8.562,8.9354515
GPCR,pK,9739,9.56,9.601664
GPCR,pK,9740,7.699,7.6913257
GPCR,pK,9741,7.959,7.8422265
GPCR,pK,9742,6.903,7.0822954
GPCR,pK,9743,8.699,8.318921
GPCR,pK,9744,8.131,8.117373
GPCR,pK,9745,7.398,8.072039
GPCR,pK,9746,7.509,7.8035884
GPCR,pK,9747,3.801,3.67245
GPCR,pK,9748,3.4,3.5927062
GPCR,pK,9749,6.375,6.6044264
GPCR,pK,9750,7.17,7.2769837
GPCR,pK,9751,7.77,8.034249
GPCR,pK,9752,7.53,7.4136767
GPCR,pK,9753,6.64,6.9600043
GPCR,pK,9754,7.757,7.2986197
GPCR,pK,9755,7.495,7.6135354
GPCR,pK,9756,6.983,7.4016066
GPCR,pK,9757,8.745,8.546748
GPCR,pK,9758,8.114,8.277856
GPCR,pK,9759,7.538,7.1313004
GPCR,pK,9760,6.377,6.5969167
GPCR,pK,9761,8.377,8.3926
GPCR,pK,9762,8.721,8.655889
GPCR,pK,9763,8.046,8.128169
GPCR,pK,9764,8.137,9.031293
GPCR,pK,9765,6.032,6.5937467
GPCR,pK,9766,6.318,6.9766574
GPCR,pK,9767,7.824,7.4788346
GPCR,pK,9768,6.4,6.6330876
GPCR,pK,9769,8.785,7.7637095
GPCR,pK,9770,6.001,6.336383
GPCR,pK,9771,6.614,6.7493625
GPCR,pK,9772,6.213,6.2325916
GPCR,pK,9773,6.654,6.662708
GPCR,pK,9774,5.178,5.3392587
GPCR,pK,9775,6.301,6.8661966
GPCR,pK,9776,7.026,6.866965
GPCR,pK,9777,8.77,8.306319
GPCR,pK,9778,6.561,7.2683024
GPCR,pK,9779,7.62,7.4264307
GPCR,pK,9780,7.137,6.8610196
GPCR,pK,9781,6.247,7.45513
GPCR,pK,9782,7.081,6.9313226
GPCR,pK,9783,7.194,6.724718
GPCR,pK,9784,6.699,6.8072767
GPCR,pK,9785,6.225,5.8195295
GPCR,pK,9786,7.311,6.9800615
GPCR,pK,9787,8.18,8.853337
GPCR,pK,9788,9.699,10.109892
GPCR,pK,9789,9.301,8.746809
GPCR,pK,9790,8.824,9.165536
GPCR,pK,9791,7.31,8.152156
GPCR,pK,9792,4.592,6.2060776
GPCR,pK,9793,5.81,5.871383
GPCR,pK,9794,7.061,7.2413063
GPCR,pK,9795,6.959,6.4536366
GPCR,pK,9796,7.818,8.421944
GPCR,pK,9797,9.0,9.004635
GPCR,pK,9798,9.796,9.6894
GPCR,pK,9799,9.921,9.101998
GPCR,pK,9800,10.0,9.579685
GPCR,pK,9801,7.509,7.506863
GPCR,pK,9802,5.597,5.504042
GPCR,pK,9803,6.959,6.224181
GPCR,pK,9804,6.495,6.847144
GPCR,pK,9805,6.658,6.8068104
GPCR,pK,9806,7.187,7.0855193
GPCR,pK,9807,8.47,8.668958
GPCR,pK,9808,6.78,6.374747
GPCR,pK,9809,5.6,5.2635546
GPCR,pK,9810,5.475,5.1772943
GPCR,pK,9811,5.948,5.747082
GPCR,pK,9812,6.533,5.3757386
GPCR,pK,9813,7.796,8.170143
GPCR,pK,9814,8.921,9.367532
GPCR,pK,9815,8.699,8.580352
GPCR,pK,9816,8.201,8.290565
GPCR,pK,9817,5.745,5.91221
GPCR,pK,9818,5.26,5.648133
GPCR,pK,9819,8.46,8.151928
GPCR,pK,9820,5.538,6.1130643
GPCR,pK,9821,7.77,8.336012
GPCR,pK,9822,8.071,7.703627
GPCR,pK,9823,8.155,7.852729
GPCR,pK,9824,9.553,9.664538
GPCR,pK,9825,7.222,7.660692
GPCR,pK,9826,7.638,8.524884
GPCR,pK,9827,6.658,6.6642995
GPCR,pK,9828,6.041,6.588283
GPCR,pK,9829,9.569,9.781493
GPCR,pK,9830,6.77,6.73221
GPCR,pK,9831,7.886,7.32659
GPCR,pK,9832,8.7,8.9265375
GPCR,pK,9833,8.4,8.608172
GPCR,pK,9834,9.0,8.728725
GPCR,pK,9835,8.0,8.150215
GPCR,pK,9836,5.721,5.831857
GPCR,pK,9837,7.539,7.4515176
GPCR,pK,9838,6.793,7.1040545
GPCR,pK,9839,6.904,6.4549837
GPCR,pK,9840,4.333,4.190062
GPCR,pK,9841,9.276,9.427741
GPCR,pK,9842,8.457,8.591291
GPCR,pK,9843,6.357,6.2821507
GPCR,pK,9844,7.959,7.77614
GPCR,pK,9845,8.538,8.272574
GPCR,pK,9846,9.886,10.059779
GPCR,pK,9847,7.824,7.572519
GPCR,pK,9848,6.745,6.2854495
GPCR,pK,9849,6.152,6.025211
GPCR,pK,9850,6.393,6.67001
GPCR,pK,9851,9.564,9.0689125
GPCR,pK,9852,7.455,7.741061
GPCR,pK,9853,6.469,6.7042937
GPCR,pK,9854,7.886,8.0537
GPCR,pK,9855,9.16,9.313554
GPCR,pK,9856,9.5,9.729583
GPCR,pK,9857,6.4,6.436314
GPCR,pK,9858,6.5,6.5060782
GPCR,pK,9859,7.7,7.572861
GPCR,pK,9860,6.7,6.6631527
GPCR,pK,9861,6.9,7.6417646
GPCR,pK,9862,7.3,7.0486565
GPCR,pK,9863,5.959,6.5767355
GPCR,pK,9864,6.77,7.849316
GPCR,pK,9865,7.745,7.863032
GPCR,pK,9866,6.0,5.7089753
GPCR,pK,9867,5.284,5.406402
GPCR,pK,9868,5.481,5.614543
GPCR,pK,9869,7.959,7.929618
GPCR,pK,9870,9.398,8.925544
GPCR,pK,9871,7.027,6.9602895
GPCR,pK,9872,7.1,7.131088
GPCR,pK,9873,7.1,6.9421144
GPCR,pK,9874,7.8,7.57337
GPCR,pK,9875,7.1,7.424613
GPCR,pK,9876,7.2,7.329027
GPCR,pK,9877,8.2,7.557791
GPCR,pK,9878,7.631,7.5078425
GPCR,pK,9879,8.699,6.566986
GPCR,pK,9880,8.148,8.053309
GPCR,pK,9881,4.966,4.4973855
GPCR,pK,9882,6.529,7.1165233
GPCR,pK,9883,7.409,7.3968434
GPCR,pK,9884,7.222,6.5775533
GPCR,pK,9885,6.979,7.4757953
GPCR,pK,9886,7.268,6.095653
GPCR,pK,9887,7.509,7.128074
GPCR,pK,9888,7.504,7.256786
GPCR,pK,9889,7.31,8.204271
GPCR,pK,9890,8.329,8.564322
GPCR,pK,9891,8.75,8.841413
GPCR,pK,9892,5.4,5.65144
GPCR,pK,9893,5.8,5.67836
GPCR,pK,9894,6.3,6.709844
GPCR,pK,9895,7.0,6.92436
GPCR,pK,9896,8.33,8.835382
GPCR,pK,9897,9.046,9.064424
GPCR,pK,9898,8.6,8.456746
GPCR,pK,9899,7.3,7.337456
GPCR,pK,9900,7.3,7.7051806
GPCR,pK,9901,7.2,7.3065133
GPCR,pK,9902,6.185,6.238925
GPCR,pK,9903,6.5,6.456991
GPCR,pK,9904,6.7,7.218844
GPCR,pK,9905,7.959,7.46481
GPCR,pK,9906,7.027,6.4433217
GPCR,pK,9907,10.222,10.072793
GPCR,pK,9908,9.699,9.289601
GPCR,pK,9909,3.367,6.3384695
GPCR,pK,9910,6.163,7.5514865
GPCR,pK,9911,6.951,7.4069533
GPCR,pK,9912,7.921,7.95902
GPCR,pK,9913,6.141,7.7285676
GPCR,pK,9914,7.076,7.2849364
GPCR,pK,9915,4.959,5.327954
GPCR,pK,9916,6.352,6.4641957
GPCR,pK,9917,7.654,7.6096773
GPCR,pK,9918,10.393,10.390016
GPCR,pK,9919,6.699,6.4738054
GPCR,pK,9920,6.588,6.3710694
GPCR,pK,9921,7.886,7.365317
GPCR,pK,9922,7.102,6.8775773
GPCR,pK,9923,7.252,6.6434827
GPCR,pK,9924,7.143,7.639549
GPCR,pK,9925,7.398,7.0997868
GPCR,pK,9926,7.62,7.234814
GPCR,pK,9927,7.638,7.217537
GPCR,pK,9928,7.319,7.417948
GPCR,pK,9929,7.137,7.1731524
GPCR,pK,9930,6.255,6.413645
GPCR,pK,9931,8.31,8.0512295
GPCR,pK,9932,7.337,7.123435
GPCR,pK,9933,8.409,7.35031
GPCR,pK,9934,7.886,7.922458
GPCR,pK,9935,5.353,6.292825
GPCR,pK,9936,6.11,6.142915
GPCR,pK,9937,8.398,7.8444295
GPCR,pK,9938,9.921,9.945602
GPCR,pK,9939,10.824,10.947476
GPCR,pK,9940,10.26,10.404651
GPCR,pK,9941,10.638,10.205051
GPCR,pK,9942,10.319,10.537564
GPCR,pK,9943,7.926,7.7672777
GPCR,pK,9944,6.582,6.558111
GPCR,pK,9945,6.879,6.6368594
GPCR,pK,9946,5.611,5.623718
GPCR,pK,9947,5.387,5.7866197
GPCR,pK,9948,5.757,5.927322
GPCR,pK,9949,6.246,6.41219
GPCR,pK,9950,6.921,6.8785276
GPCR,pK,9951,8.398,7.846604
GPCR,pK,9952,8.092,7.9008904
GPCR,pK,9953,7.409,7.1022468
GPCR,pK,9954,5.39,5.908353
GPCR,pK,9955,6.52,6.957573
GPCR,pK,9956,6.148,6.1465964
GPCR,pK,9957,5.3,5.4816055
GPCR,pK,9958,6.939,6.897495
GPCR,pK,9959,7.037,7.200303
GPCR,pK,9960,6.301,6.0173616
GPCR,pK,9961,6.499,6.16699
GPCR,pK,9962,8.341,8.123001
GPCR,pK,9963,7.914,7.679651
GPCR,pK,9964,6.083,6.035503
GPCR,pK,9965,7.585,7.3638954
GPCR,pK,9966,8.155,7.551164
GPCR,pK,9967,9.201,9.139924
GPCR,pK,9968,7.495,7.295287
GPCR,pK,9969,6.492,6.8823595
GPCR,pK,9970,5.259,6.4268813
GPCR,pK,9971,5.845,6.519633
GPCR,pK,9972,7.036,7.56408
GPCR,pK,9973,7.52,7.694293
GPCR,pK,9974,8.721,8.104481
GPCR,pK,9975,6.035,6.7883344
GPCR,pK,9976,6.996,7.639834
GPCR,pK,9977,7.979,8.1524
GPCR,pK,9978,8.854,9.044239
GPCR,pK,9979,8.658,8.871476
GPCR,pK,9980,6.866,7.0555844
GPCR,pK,9981,7.409,6.6426406
GPCR,pK,9982,6.234,6.283631
GPCR,pK,9983,6.857,6.521343
GPCR,pK,9984,7.638,8.058709
GPCR,pK,9985,8.827,8.118022
GPCR,pK,9986,11.046,9.862466
GPCR,pK,9987,9.222,7.6328144
GPCR,pK,9988,6.217,7.4311357
GPCR,pK,9989,6.384,7.434178
GPCR,pK,9990,8.745,9.744388
GPCR,pK,9991,9.854,10.837403
GPCR,pK,9992,6.278,6.198234
GPCR,pK,9993,8.301,7.718433
GPCR,pK,9994,7.495,7.324149
GPCR,pK,9995,4.55,6.011394
GPCR,pK,9996,7.81,7.6891356
GPCR,pK,9997,7.79,8.447381
GPCR,pK,9998,9.301,9.706594
GPCR,pK,9999,5.673,5.6373925
GPCR,pK,10000,5.779,6.2744575
GPCR,pK,10001,6.03,6.036062
GPCR,pK,10002,5.555,5.275395
GPCR,pK,10003,6.208,5.7228403
GPCR,pK,10004,5.898,5.3982506
GPCR,pK,10005,5.445,5.4008565
GPCR,pK,10006,5.167,4.9732814
GPCR,pK,10007,5.419,5.3340864
GPCR,pK,10008,5.537,5.3463798
GPCR,pK,10009,5.702,5.5112
GPCR,pK,10010,5.617,5.543735
GPCR,pK,10011,5.886,5.8319073
GPCR,pK,10012,5.976,5.8949776
GPCR,pK,10013,6.312,5.824302
GPCR,pK,10014,6.324,6.0291834
GPCR,pK,10015,5.712,6.01736
GPCR,pK,10016,5.449,5.5143347
GPCR,pK,10017,5.232,5.4204803
GPCR,pK,10018,5.689,6.0528817
GPCR,pK,10019,5.729,5.4936123
GPCR,pK,10020,5.554,5.431925
GPCR,pK,10021,5.4,5.58422
GPCR,pK,10022,6.003,5.968688
GPCR,pK,10023,8.409,8.443389
GPCR,pK,10024,8.16,7.842516
GPCR,pK,10025,6.11,5.9822054
GPCR,pK,10026,6.31,5.6898694
GPCR,pK,10027,5.262,6.039799
GPCR,pK,10028,6.088,6.1298957
GPCR,pK,10029,6.612,6.4198785
GPCR,pK,10030,6.523,5.7214284
GPCR,pK,10031,5.938,5.6618714
GPCR,pK,10032,6.196,5.923692
GPCR,pK,10033,6.249,6.345199
GPCR,pK,10034,5.879,5.348473
GPCR,pK,10035,6.664,6.0647507
GPCR,pK,10036,7.509,6.98994
GPCR,pK,10037,6.0,6.3109803
GPCR,pK,10038,6.699,6.288053
GPCR,pK,10039,5.745,5.8543773
GPCR,pK,10040,5.638,6.4173865
GPCR,pK,10041,5.644,7.1620936
GPCR,pK,10042,9.994,10.034136
GPCR,pK,10043,5.137,5.1051164
GPCR,pK,10044,5.16,5.010288
GPCR,pK,10045,5.189,5.185872
GPCR,pK,10046,5.643,5.766751
GPCR,pK,10047,6.015,5.4496136
GPCR,pK,10048,6.311,6.1445503
GPCR,pK,10049,8.7,8.280723
GPCR,pK,10050,8.108,7.351726
GPCR,pK,10051,8.004,8.26208
GPCR,pK,10052,8.085,8.251161
GPCR,pK,10053,6.795,6.8979597
GPCR,pK,10054,7.735,7.3791623
GPCR,pK,10055,6.578,6.8464093
GPCR,pK,10056,8.793,8.571764
GPCR,pK,10057,9.553,9.051771
GPCR,pK,10058,8.475,8.649735
GPCR,pK,10059,5.94,5.822989
GPCR,pK,10060,6.42,6.425711
GPCR,pK,10061,5.957,6.4649124
GPCR,pK,10062,8.301,8.337091
GPCR,pK,10063,8.523,8.553643
GPCR,pK,10064,7.146,6.747715
GPCR,pK,10065,5.0,5.0650425
GPCR,pK,10066,4.745,5.289025
GPCR,pK,10067,7.585,7.55399
GPCR,pK,10068,7.018,8.428063
GPCR,pK,10069,7.149,7.2977395
GPCR,pK,10070,6.592,7.668359
GPCR,pK,10071,8.292,7.3923135
GPCR,pK,10072,7.629,7.8958173
GPCR,pK,10073,7.627,7.8030314
GPCR,pK,10074,7.287,7.425382
GPCR,pK,10075,7.863,8.154653
GPCR,pK,10076,7.606,7.2678456
GPCR,pK,10077,7.281,7.3588605
GPCR,pK,10078,7.03,7.2543793
GPCR,pK,10079,6.8,7.1725335
GPCR,pK,10080,5.435,5.111527
GPCR,pK,10081,5.459,5.1358385
GPCR,pK,10082,5.012,5.0194626
GPCR,pK,10083,8.804,8.995827
GPCR,pK,10084,8.017,8.556552
GPCR,pK,10085,7.597,7.83006
GPCR,pK,10086,8.01,8.19021
GPCR,pK,10087,7.649,7.6424704
GPCR,pK,10088,8.029,7.792561
GPCR,pK,10089,5.076,4.978523
GPCR,pK,10090,5.406,5.5170217
GPCR,pK,10091,8.066,8.276497
GPCR,pK,10092,7.79,7.2651024
GPCR,pK,10093,5.502,5.4218564
GPCR,pK,10094,7.0,7.0360656
GPCR,pK,10095,5.103,4.551386
GPCR,pK,10096,7.42,8.155496
GPCR,pK,10097,8.357,8.623858
GPCR,pK,10098,5.453,5.5738716
GPCR,pK,10099,5.197,5.731547
GPCR,pK,10100,3.815,4.2522564
GPCR,pK,10101,3.754,3.9607844
GPCR,pK,10102,4.77,4.5784993
GPCR,pK,10103,4.699,5.1696525
GPCR,pK,10104,5.022,5.1835065
GPCR,pK,10105,9.699,9.366851
GPCR,pK,10106,7.959,8.446816
GPCR,pK,10107,9.0,8.92538
GPCR,pK,10108,7.569,7.878859
GPCR,pK,10109,7.37,7.579557
GPCR,pK,10110,3.48,3.7476368
GPCR,pK,10111,4.5,4.595411
GPCR,pK,10112,6.276,6.6705914
GPCR,pK,10113,6.056,5.8040395
GPCR,pK,10114,7.328,7.2204285
GPCR,pK,10115,6.242,6.4592905
GPCR,pK,10116,6.788,6.7992997
GPCR,pK,10117,5.925,6.066052
GPCR,pK,10118,10.495,9.71478
GPCR,pK,10119,6.04,5.795036
GPCR,pK,10120,9.2,7.9130874
GPCR,pK,10121,8.62,8.465628
GPCR,pK,10122,8.481,8.42311
GPCR,pK,10123,7.745,7.403424
GPCR,pK,10124,8.284,8.309921
GPCR,pK,10125,6.542,6.441301
GPCR,pK,10126,6.064,6.4788113
GPCR,pK,10127,6.503,6.355667
GPCR,pK,10128,6.532,6.9465246
GPCR,pK,10129,5.523,5.8574595
GPCR,pK,10130,7.284,7.506536
GPCR,pK,10131,5.0,6.0894876
GPCR,pK,10132,8.184,7.36681
GPCR,pK,10133,6.656,6.4442954
GPCR,pK,10134,8.745,8.955328
GPCR,pK,10135,9.398,9.60137
GPCR,pK,10136,9.155,9.556492
GPCR,pK,10137,8.301,8.446666
GPCR,pK,10138,9.398,9.773952
GPCR,pK,10139,8.824,8.86632
GPCR,pK,10140,9.155,8.752593
GPCR,pK,10141,7.35,8.893247
GPCR,pK,10142,7.117,6.595342
GPCR,pK,10143,7.5,8.076816
GPCR,pK,10144,6.226,6.7558146
GPCR,pK,10145,6.202,6.3469567
GPCR,pK,10146,7.292,7.0492406
GPCR,pK,10147,6.5,6.2339597
GPCR,pK,10148,6.1,6.1742673
GPCR,pK,10149,4.93,4.91935
GPCR,pK,10150,5.97,5.7026987
GPCR,pK,10151,6.29,7.182982
GPCR,pK,10152,9.62,9.475247
GPCR,pK,10153,8.678,8.565105
GPCR,pK,10154,9.921,9.67911
GPCR,pK,10155,7.495,7.4611907
GPCR,pK,10156,8.349,7.4385347
GPCR,pK,10157,9.089,7.6554637
GPCR,pK,10158,5.891,6.033225
GPCR,pK,10159,8.046,7.4420853
GPCR,pK,10160,5.55,5.4971576
GPCR,pK,10161,6.815,6.8491464
GPCR,pK,10162,6.491,6.993335
GPCR,pK,10163,5.374,5.720283
GPCR,pK,10164,7.444,7.0056868
GPCR,pK,10165,6.889,6.7473702
GPCR,pK,10166,5.381,5.356502
GPCR,pK,10167,5.971,6.0546594
GPCR,pK,10168,6.697,7.053211
GPCR,pK,10169,5.604,6.0676584
GPCR,pK,10170,6.65,7.1907945
GPCR,pK,10171,6.801,7.1436324
GPCR,pK,10172,7.187,7.420428
GPCR,pK,10173,5.921,6.405023
GPCR,pK,10174,6.198,6.781745
GPCR,pK,10175,7.179,7.244165
GPCR,pK,10176,7.784,7.5031314
GPCR,pK,10177,6.721,7.064237
GPCR,pK,10178,7.939,7.850436
GPCR,pK,10179,7.464,8.0648155
GPCR,pK,10180,6.756,6.306024
GPCR,pK,10181,6.257,6.386519
GPCR,pK,10182,5.456,5.3949313
GPCR,pK,10183,5.201,5.3677826
GPCR,pK,10184,8.284,5.7614274
GPCR,pK,10185,6.907,6.711887
GPCR,pK,10186,5.597,5.418304
GPCR,pK,10187,9.066,8.483453
GPCR,pK,10188,8.192,8.071027
GPCR,pK,10189,8.8,8.303889
GPCR,pK,10190,8.08,7.8119597
GPCR,pK,10191,9.4,8.614879
GPCR,pK,10192,9.11,8.670728
GPCR,pK,10193,6.827,7.262931
GPCR,pK,10194,7.721,7.9663877
GPCR,pK,10195,8.77,8.460009
GPCR,pK,10196,6.465,7.0888624
GPCR,pK,10197,7.553,8.207502
GPCR,pK,10198,8.367,7.9859576
GPCR,pK,10199,6.299,6.656515
GPCR,pK,10200,6.827,7.367076
GPCR,pK,10201,6.842,6.674047
GPCR,pK,10202,8.721,8.793995
GPCR,pK,10203,6.959,7.300225
GPCR,pK,10204,8.959,8.873608
GPCR,pK,10205,9.155,8.87383
GPCR,pK,10206,8.022,8.090408
GPCR,pK,10207,8.347,7.944905
GPCR,pK,10208,8.027,8.135054
GPCR,pK,10209,9.721,9.847839
GPCR,pK,10210,8.569,8.7189
GPCR,pK,10211,8.81,9.097097
GPCR,pK,10212,6.666,7.498206
GPCR,pK,10213,5.045,5.8042736
GPCR,pK,10214,8.678,9.05627
GPCR,pK,10215,5.967,5.99309
GPCR,pK,10216,5.266,5.3966784
GPCR,pK,10217,6.511,6.7099433
GPCR,pK,10218,6.134,6.6203685
GPCR,pK,10219,8.0,8.157485
GPCR,pK,10220,8.046,8.305475
GPCR,pK,10221,7.328,7.6099634
GPCR,pK,10222,7.721,7.6398206
GPCR,pK,10223,7.328,7.9548097
GPCR,pK,10224,7.569,8.2827015
GPCR,pK,10225,7.824,7.6193185
GPCR,pK,10226,7.745,7.253511
GPCR,pK,10227,6.959,6.566499
GPCR,pK,10228,6.857,6.347156
GPCR,pK,10229,7.215,6.9524846
GPCR,pK,10230,6.87,7.465965
GPCR,pK,10231,7.26,7.5450563
GPCR,pK,10232,7.125,7.6015162
GPCR,pK,10233,7.387,7.6132665
GPCR,pK,10234,7.638,8.07865
GPCR,pK,10235,8.347,8.223153
GPCR,pK,10236,8.921,7.5512576
GPCR,pK,10237,8.91,9.068864
GPCR,pK,10238,8.975,9.105329
GPCR,pK,10239,6.256,6.5379405
GPCR,pK,10240,6.06,6.042949
GPCR,pK,10241,7.812,8.187257
GPCR,pK,10242,8.017,8.396407
GPCR,pK,10243,8.076,7.8619037
GPCR,pK,10244,7.987,8.102683
GPCR,pK,10245,7.62,7.168146
GPCR,pK,10246,7.469,7.697973
GPCR,pK,10247,7.585,7.632597
GPCR,pK,10248,6.12,5.875266
GPCR,pK,10249,5.813,5.7784057
GPCR,pK,10250,6.117,6.0227585
GPCR,pK,10251,7.153,7.1095405
GPCR,pK,10252,5.133,5.576978
GPCR,pK,10253,7.1,7.4389415
GPCR,pK,10254,8.5,8.985989
GPCR,pK,10255,7.6,7.8746333
GPCR,pK,10256,4.9,4.875875
GPCR,pK,10257,5.1,5.049995
GPCR,pK,10258,4.9,4.9794993
GPCR,pK,10259,5.0,4.9620023
GPCR,pK,10260,5.721,6.118763
GPCR,pK,10261,5.398,4.7340074
GPCR,pK,10262,5.333,5.742824
GPCR,pK,10263,4.432,4.3789134
GPCR,pK,10264,5.0,4.9184756
GPCR,pK,10265,4.569,4.6563673
GPCR,pK,10266,9.2,9.307445
GPCR,pK,10267,8.2,8.519073
GPCR,pK,10268,7.6,7.6584806
GPCR,pK,10269,8.0,8.008297
GPCR,pK,10270,7.62,7.703817
GPCR,pK,10271,6.932,6.753051
GPCR,pK,10272,6.613,6.362762
GPCR,pK,10273,7.469,7.4098845
GPCR,pK,10274,7.321,6.749309
GPCR,pK,10275,10.301,9.782207
GPCR,pK,10276,10.027,9.247174
GPCR,pK,10277,7.585,6.7595925
GPCR,pK,10278,4.469,5.101785
GPCR,pK,10279,5.699,5.566424
GPCR,pK,10280,5.721,5.4513516
GPCR,pK,10281,8.208,7.9680305
GPCR,pK,10282,8.553,8.245467
GPCR,pK,10283,8.699,8.7545595
GPCR,pK,10284,5.896,5.9704885
GPCR,pK,10285,7.379,7.019401
GPCR,pK,10286,7.721,8.079678
GPCR,pK,10287,6.263,6.3899913
GPCR,pK,10288,6.171,5.9468856
GPCR,pK,10289,8.712,7.9636292
GPCR,pK,10290,7.81,8.048327
GPCR,pK,10291,6.401,6.0214915
GPCR,pK,10292,8.051,8.122464
GPCR,pK,10293,8.319,8.091423
GPCR,pK,10294,7.699,7.6854672
GPCR,pK,10295,5.076,5.766241
GPCR,pK,10296,5.618,5.603616
GPCR,pK,10297,4.704,4.89378
GPCR,pK,10298,8.699,8.039092
GPCR,pK,10299,8.31,8.079634
GPCR,pK,10300,5.469,5.6249003
GPCR,pK,10301,5.066,5.275225
GPCR,pK,10302,5.824,7.3066955
GPCR,pK,10303,7.6,7.4798
GPCR,pK,10304,7.0,6.3348575
GPCR,pK,10305,11.398,10.156627
GPCR,pK,10306,5.613,5.694088
GPCR,pK,10307,8.42,9.053626
GPCR,pK,10308,7.824,8.291974
GPCR,pK,10309,8.523,8.695671
GPCR,pK,10310,7.42,8.224083
GPCR,pK,10311,5.284,5.2356505
GPCR,pK,10312,7.42,8.261411
GPCR,pK,10313,5.444,5.78949
GPCR,pK,10314,8.292,8.066786
GPCR,pK,10315,5.959,5.6821218
GPCR,pK,10316,6.153,5.4199157
GPCR,pK,10317,7.721,7.542355
GPCR,pK,10318,6.646,6.113516
GPCR,pK,10319,7.678,6.2242846
GPCR,pK,10320,6.618,5.952658
GPCR,pK,10321,8.469,8.283946
GPCR,pK,10322,8.538,8.759912
GPCR,pK,10323,7.569,7.9725943
GPCR,pK,10324,8.398,8.81059
GPCR,pK,10325,6.585,7.1062264
GPCR,pK,10326,8.301,8.620323
GPCR,pK,10327,5.229,5.1607585
GPCR,pK,10328,5.075,5.712588
GPCR,pK,10329,7.538,7.105414
GPCR,pK,10330,9.081,8.493081
GPCR,pK,10331,5.1,5.38977
GPCR,pK,10332,7.307,7.521931
GPCR,pK,10333,6.208,7.0209956
GPCR,pK,10334,5.3,5.9485207
GPCR,pK,10335,9.161,8.951446
GPCR,pK,10336,9.469,9.36869
GPCR,pK,10337,7.31,7.0209394
GPCR,pK,10338,9.53,9.2796755
GPCR,pK,10339,9.387,9.616206
GPCR,pK,10340,8.941,9.616206
GPCR,pK,10341,8.029,7.8103957
GPCR,pK,10342,6.686,6.926518
GPCR,pK,10343,6.677,7.3358083
GPCR,pK,10344,8.319,8.202337
GPCR,pK,10345,8.481,8.472739
GPCR,pK,10346,8.284,8.427079
GPCR,pK,10347,8.699,8.612218
GPCR,pK,10348,8.046,8.270059
GPCR,pK,10349,8.097,8.093929
GPCR,pK,10350,7.488,7.5890956
GPCR,pK,10351,5.051,5.6839933
GPCR,pK,10352,5.453,6.8318667
GPCR,pK,10353,5.905,7.039832
GPCR,pK,10354,5.204,5.7558427
GPCR,pK,10355,5.125,5.5883727
GPCR,pK,10356,9.076,8.326825
GPCR,pK,10357,6.796,6.605509
GPCR,pK,10358,6.222,6.0580144
GPCR,pK,10359,6.147,6.152659
GPCR,pK,10360,5.955,6.365004
GPCR,pK,10361,6.226,5.985187
GPCR,pK,10362,9.565,8.917866
GPCR,pK,10363,9.365,8.798617
GPCR,pK,10364,9.244,9.291026
GPCR,pK,10365,8.62,9.249686
GPCR,pK,10366,9.58,9.459068
GPCR,pK,10367,6.077,6.0479774
GPCR,pK,10368,6.27,6.549542
GPCR,pK,10369,5.686,6.1822066
GPCR,pK,10370,6.289,5.8947234
GPCR,pK,10371,6.46,6.431442
GPCR,pK,10372,6.594,6.698845
GPCR,pK,10373,6.65,6.2909093
GPCR,pK,10374,6.72,6.400621
GPCR,pK,10375,7.81,7.8058105
GPCR,pK,10376,6.893,6.7009606
GPCR,pK,10377,6.113,6.2157273
GPCR,pK,10378,6.56,7.0043864
GPCR,pK,10379,6.272,6.9084663
GPCR,pK,10380,5.636,5.7105536
GPCR,pK,10381,5.862,5.1973786
GPCR,pK,10382,6.199,6.2858677
GPCR,pK,10383,7.99,7.8847504
GPCR,pK,10384,6.714,6.080437
GPCR,pK,10385,6.203,5.6658244
GPCR,pK,10386,6.429,6.1766667
GPCR,pK,10387,5.771,6.4513793
GPCR,pK,10388,6.195,6.0925403
GPCR,pK,10389,7.194,7.1895533
GPCR,pK,10390,7.174,7.361419
GPCR,pK,10391,4.456,3.6991072
GPCR,pK,10392,6.5,6.9103193
GPCR,pK,10393,9.367,9.15866
GPCR,pK,10394,8.051,8.600922
GPCR,pK,10395,8.721,8.474057
GPCR,pK,10396,8.62,8.70423
GPCR,pK,10397,10.538,10.029329
GPCR,pK,10398,10.022,10.1089525
GPCR,pK,10399,9.658,9.953193
GPCR,pK,10400,8.921,9.636653
GPCR,pK,10401,8.119,8.085351
GPCR,pK,10402,8.886,8.915703
GPCR,pK,10403,8.959,8.271331
GPCR,pK,10404,8.284,8.730358
GPCR,pK,10405,9.194,9.378872
GPCR,pK,10406,9.553,9.327624
GPCR,pK,10407,9.469,8.9045515
GPCR,pK,10408,9.456,9.133435
GPCR,pK,10409,8.114,8.126519
GPCR,pK,10410,7.745,7.280663
GPCR,pK,10411,7.509,7.075344
GPCR,pK,10412,8.0,7.7802544
GPCR,pK,10413,7.0,6.84339
GPCR,pK,10414,8.0,7.7041936
GPCR,pK,10415,6.0,6.2567477
GPCR,pK,10416,7.0,6.712295
GPCR,pK,10417,8.0,7.869985
GPCR,pK,10418,6.752,5.962928
GPCR,pK,10419,6.0,6.147411
GPCR,pK,10420,7.0,8.23248
GPCR,pK,10421,10.0,9.25867
GPCR,pK,10422,7.0,7.214593
GPCR,pK,10423,7.0,6.593893
GPCR,pK,10424,10.0,9.3838625
GPCR,pK,10425,6.0,6.042714
GPCR,pK,10426,7.0,7.499003
GPCR,pK,10427,7.0,6.911265
GPCR,pK,10428,10.0,9.443989
GPCR,pK,10429,10.0,9.340442
GPCR,pK,10430,8.0,8.333262
GPCR,pK,10431,8.0,8.11517
GPCR,pK,10432,8.0,7.9525447
GPCR,pK,10433,8.0,8.211769
GPCR,pK,10434,8.0,7.9571757
GPCR,pK,10435,8.0,8.17972
GPCR,pK,10436,8.0,8.433325
GPCR,pK,10437,8.0,8.047507
GPCR,pK,10438,8.0,8.250023
GPCR,pK,10439,8.0,8.364093
GPCR,pK,10440,8.0,7.8313813
GPCR,pK,10441,8.0,8.09653
GPCR,pK,10442,8.0,7.9832864
GPCR,pK,10443,8.0,8.064821
GPCR,pK,10444,8.0,8.288703
GPCR,pK,10445,8.0,8.17002
GPCR,pK,10446,8.0,7.8990517
GPCR,pK,10447,8.0,7.823741
GPCR,pK,10448,8.0,7.994626
GPCR,pK,10449,8.0,8.100936
GPCR,pK,10450,8.0,7.7915235
GPCR,pK,10451,8.0,7.950617
GPCR,pK,10452,8.0,8.229112
GPCR,pK,10453,8.0,8.325714
GPCR,pK,10454,8.0,7.833441
GPCR,pK,10455,7.0,7.1574388
GPCR,pK,10456,7.0,6.850325
GPCR,pK,10457,7.0,7.0378366
GPCR,pK,10458,7.0,7.168285
GPCR,pK,10459,7.0,7.043639
GPCR,pK,10460,7.0,7.152631
GPCR,pK,10461,7.0,7.0110817
GPCR,pK,10462,7.0,7.291377
GPCR,pK,10463,7.0,7.016666
GPCR,pK,10464,7.0,6.955207
GPCR,pK,10465,7.0,6.8875923
GPCR,pK,10466,7.0,7.2207885
GPCR,pK,10467,7.0,7.1957164
GPCR,pK,10468,7.0,7.509161
GPCR,pK,10469,7.0,7.0589056
GPCR,pK,10470,7.0,6.7970796
GPCR,pK,10471,7.0,7.169454
GPCR,pK,10472,7.0,7.0687556
GPCR,pK,10473,7.0,7.036813
GPCR,pK,10474,7.0,6.957257
GPCR,pK,10475,7.0,7.304939
GPCR,pK,10476,7.0,7.165313
GPCR,pK,10477,7.0,7.1138525
GPCR,pK,10478,7.0,6.97361
GPCR,pK,10479,7.0,6.8345385
GPCR,pK,10480,5.859,5.845335
GPCR,pK,10481,6.222,6.1431766
GPCR,pK,10482,6.91,6.4554887
GPCR,pK,10483,7.495,7.608937
GPCR,pK,10484,5.407,6.823056
GPCR,pK,10485,5.61,5.9009643
GPCR,pK,10486,7.337,7.556988
GPCR,pK,10487,7.538,7.1778483
GPCR,pK,10488,5.408,5.530114
GPCR,pK,10489,6.721,6.831615
GPCR,pK,10490,7.638,7.6207895
GPCR,pK,10491,7.854,7.910799
GPCR,pK,10492,8.097,7.813601
GPCR,pK,10493,5.951,6.1493087
GPCR,pK,10494,7.62,7.7848516
GPCR,pK,10495,8.046,8.336204
GPCR,pK,10496,8.222,8.056235
GPCR,pK,10497,8.149,7.964718
GPCR,pK,10498,8.201,8.185238
GPCR,pK,10499,6.773,6.9059305
GPCR,pK,10500,6.795,7.046362
GPCR,pK,10501,7.58,7.1408434
GPCR,pK,10502,5.545,5.873243
GPCR,pK,10503,5.987,5.8234835
GPCR,pK,10504,6.553,6.5376115
GPCR,pK,10505,5.0,6.992848
GPCR,pK,10506,5.0,6.2051353
GPCR,pK,10507,5.301,5.565954
GPCR,pK,10508,7.399,6.18607
GPCR,pK,10509,6.601,7.963857
GPCR,pK,10510,5.601,6.373106
GPCR,pK,10511,9.399,8.0715275
GPCR,pK,10512,5.699,7.418837
GPCR,pK,10513,6.013,7.241766
GPCR,pK,10514,8.137,8.4453125
GPCR,pK,10515,7.374,7.6672034
GPCR,pK,10516,6.495,6.949717
GPCR,pK,10517,8.196,8.657797
GPCR,pK,10518,8.29,8.185486
GPCR,pK,10519,6.699,7.507977
GPCR,pK,10520,8.991,8.763806
GPCR,pK,10521,5.736,5.6975484
GPCR,pK,10522,8.77,9.230601
GPCR,pK,10523,9.222,9.068584
GPCR,pK,10524,9.155,8.726109
GPCR,pK,10525,5.724,5.3180723
GPCR,pK,10526,7.921,8.027269
GPCR,pK,10527,6.226,5.605563
GPCR,pK,10528,8.824,8.313537
GPCR,pK,10529,6.244,6.2196198
GPCR,pK,10530,5.432,7.036461
GPCR,pK,10531,6.678,6.8867774
GPCR,pK,10532,5.921,6.20983
GPCR,pK,10533,8.108,8.327863
GPCR,pK,10534,8.585,8.755673
GPCR,pK,10535,6.357,6.3901668
GPCR,pK,10536,8.495,8.653857
GPCR,pK,10537,5.854,5.761127
GPCR,pK,10538,7.027,7.2964296
GPCR,pK,10539,8.074,7.6158295
GPCR,pK,10540,7.397,7.347075
GPCR,pK,10541,9.161,8.10179
GPCR,pK,10542,6.418,6.1013227
GPCR,pK,10543,7.426,7.639692
GPCR,pK,10544,7.226,7.230429
GPCR,pK,10545,5.967,6.457482
GPCR,pK,10546,5.951,5.8243213
GPCR,pK,10547,8.857,8.652818
GPCR,pK,10548,8.449,8.897118
GPCR,pK,10549,9.339,9.143917
GPCR,pK,10550,9.233,8.793715
GPCR,pK,10551,9.079,9.407275
GPCR,pK,10552,9.139,9.242843
GPCR,pK,10553,8.463,8.589465
GPCR,pK,10554,9.083,9.332399
GPCR,pK,10555,9.249,9.229453
GPCR,pK,10556,8.371,8.493211
GPCR,pK,10557,9.282,9.419594
GPCR,pK,10558,8.6,8.578775
GPCR,pK,10559,6.382,6.7142596
GPCR,pK,10560,5.849,6.9476647
GPCR,pK,10561,6.24,7.127372
GPCR,pK,10562,6.354,6.1615553
GPCR,pK,10563,5.918,6.59199
GPCR,pK,10564,5.757,6.3335066
GPCR,pK,10565,6.6,7.0591254
GPCR,pK,10566,6.93,7.0701666
GPCR,pK,10567,8.18,7.8996334
GPCR,pK,10568,6.928,7.3010707
GPCR,pK,10569,7.387,7.650043
GPCR,pK,10570,7.701,8.02474
GPCR,pK,10571,8.668,8.606087
GPCR,pK,10572,6.9,6.948521
GPCR,pK,10573,8.839,9.458431
GPCR,pK,10574,8.553,9.056544
GPCR,pK,10575,7.678,7.624745
GPCR,pK,10576,5.268,5.3392577
GPCR,pK,10577,6.281,6.6888003
GPCR,pK,10578,8.638,6.9561567
GPCR,pK,10579,8.569,7.6842704
GPCR,pK,10580,9.523,8.65813
GPCR,pK,10581,4.924,4.6818457
GPCR,pK,10582,5.293,5.2770915
GPCR,pK,10583,6.359,7.305126
GPCR,pK,10584,7.609,7.9939256
GPCR,pK,10585,6.002,5.9685693
GPCR,pK,10586,6.0,6.2571826
GPCR,pK,10587,8.469,8.822746
GPCR,pK,10588,9.319,8.656135
GPCR,pK,10589,8.51,7.8901258
GPCR,pK,10590,7.81,7.2271276
GPCR,pK,10591,8.37,7.331492
GPCR,pK,10592,5.244,5.9439254
GPCR,pK,10593,7.161,6.796781
GPCR,pK,10594,7.004,6.354124
GPCR,pK,10595,6.0,6.0140853
GPCR,pK,10596,6.638,6.603123
GPCR,pK,10597,8.625,8.229867
GPCR,pK,10598,8.394,7.318189
GPCR,pK,10599,7.752,7.804314
GPCR,pK,10600,9.824,9.247109
GPCR,pK,10601,9.222,8.464004
GPCR,pK,10602,5.533,5.388178
GPCR,pK,10603,4.991,5.550013
GPCR,pK,10604,6.7,6.749648
GPCR,pK,10605,7.025,6.861959
GPCR,pK,10606,6.4,6.3875756
GPCR,pK,10607,7.101,6.7266965
GPCR,pK,10608,7.785,6.6517386
GPCR,pK,10609,5.75,5.9470086
GPCR,pK,10610,7.201,7.3590546
GPCR,pK,10611,8.84,8.16885
GPCR,pK,10612,7.7,8.520275
GPCR,pK,10613,3.94,9.047807
GPCR,pK,10614,4.59,5.504738
GPCR,pK,10615,6.77,7.2183642
GPCR,pK,10616,5.259,4.9856477
GPCR,pK,10617,8.726,8.429346
GPCR,pK,10618,5.876,5.549356
GPCR,pK,10619,7.388,7.9072347
GPCR,pK,10620,8.444,9.264644
GPCR,pK,10621,8.319,8.153037
GPCR,pK,10622,5.924,6.2427754
GPCR,pK,10623,7.47,7.3063226
GPCR,pK,10624,7.5,6.792413
GPCR,pK,10625,7.601,7.5605035
GPCR,pK,10626,8.79,7.7830834
GPCR,pK,10627,7.695,7.675533
GPCR,pK,10628,6.914,7.2517276
GPCR,pK,10629,8.585,8.674443
GPCR,pK,10630,7.312,7.9439397
GPCR,pK,10631,5.94,5.782475
GPCR,pK,10632,5.703,6.4449573
GPCR,pK,10633,6.42,6.5449233
GPCR,pK,10634,6.389,6.4918876
GPCR,pK,10635,7.26,7.3399014
GPCR,pK,10636,7.631,8.071375
GPCR,pK,10637,6.997,6.937832
GPCR,pK,10638,6.257,6.7793226
GPCR,pK,10639,5.8,6.045757
GPCR,pK,10640,6.243,6.0836368
GPCR,pK,10641,7.31,7.8928056
GPCR,pK,10642,6.295,7.1664877
GPCR,pK,10643,6.752,7.360433
GPCR,pK,10644,5.752,5.6366544
GPCR,pK,10645,4.914,5.269728
GPCR,pK,10646,4.67,5.9491944
GPCR,pK,10647,6.71,6.234234
GPCR,pK,10648,5.9,6.287132
GPCR,pK,10649,6.133,6.7072024
GPCR,pK,10650,7.493,6.860023
GPCR,pK,10651,6.233,6.694981
GPCR,pK,10652,6.153,6.1330757
GPCR,pK,10653,5.427,5.246499
GPCR,pK,10654,6.439,7.0613856
GPCR,pK,10655,6.249,6.7612348
GPCR,pK,10656,6.68,6.750623
GPCR,pK,10657,6.915,6.5799727
GPCR,pK,10658,8.046,7.3790584
GPCR,pK,10659,5.608,5.4349556
GPCR,pK,10660,5.587,5.3740835
GPCR,pK,10661,5.135,4.9905534
GPCR,pK,10662,5.933,5.8917813
GPCR,pK,10663,6.804,7.106259
GPCR,pK,10664,6.783,7.009129
GPCR,pK,10665,8.399,8.347556
GPCR,pK,10666,8.497,8.360534
GPCR,pK,10667,6.541,6.3226233
GPCR,pK,10668,5.544,4.7111373
GPCR,pK,10669,7.602,8.381372
GPCR,pK,10670,5.975,5.7709723
GPCR,pK,10671,7.657,7.517135
GPCR,pK,10672,8.959,8.351842
GPCR,pK,10673,8.481,8.079049
GPCR,pK,10674,7.959,8.379346
GPCR,pK,10675,6.076,6.2076917
GPCR,pK,10676,6.263,6.3850255
GPCR,pK,10677,6.003,5.9158497
GPCR,pK,10678,6.914,7.275932
GPCR,pK,10679,7.119,7.2933135
GPCR,pK,10680,6.439,6.021018
GPCR,pK,10681,7.606,7.9664207
GPCR,pK,10682,7.309,7.1217074
GPCR,pK,10683,6.231,6.017385
GPCR,pK,10684,6.928,6.966973
GPCR,pK,10685,6.186,6.2916718
GPCR,pK,10686,8.748,9.435071
GPCR,pK,10687,6.717,7.927426
GPCR,pK,10688,8.588,8.556903
GPCR,pK,10689,6.897,7.6720567
GPCR,pK,10690,6.876,7.700982
GPCR,pK,10691,6.311,6.5607896
GPCR,pK,10692,7.311,6.9170976
GPCR,pK,10693,6.609,7.3688297
GPCR,pK,10694,5.48,5.594954
GPCR,pK,10695,5.46,5.1742
GPCR,pK,10696,6.564,6.516396
GPCR,pK,10697,6.254,6.00925
GPCR,pK,10698,5.417,5.76354
GPCR,pK,10699,5.017,5.879492
GPCR,pK,10700,5.249,5.4196563
GPCR,pK,10701,5.672,5.9877167
GPCR,pK,10702,5.053,5.761248
GPCR,pK,10703,5.059,4.840064
GPCR,pK,10704,7.075,7.685401
GPCR,pK,10705,6.658,6.668038
GPCR,pK,10706,6.701,7.551596
GPCR,pK,10707,7.046,7.016632
GPCR,pK,10708,7.456,7.072229
GPCR,pK,10709,6.476,7.100457
GPCR,pK,10710,5.482,5.940417
GPCR,pK,10711,5.865,6.443032
GPCR,pK,10712,7.678,6.8905473
GPCR,pK,10713,5.654,5.646109
GPCR,pK,10714,6.496,6.6777363
GPCR,pK,10715,5.84,5.8926935
GPCR,pK,10716,8.081,8.351202
GPCR,pK,10717,7.745,8.430181
GPCR,pK,10718,4.919,5.319657
GPCR,pK,10719,5.737,5.0621467
GPCR,pK,10720,5.799,6.28517
GPCR,pK,10721,7.395,6.884061
GPCR,pK,10722,7.764,7.571137
GPCR,pK,10723,7.299,7.348399
GPCR,pK,10724,7.886,7.590158
GPCR,pK,10725,7.05,6.9801455
GPCR,pK,10726,8.721,8.444274
GPCR,pK,10727,8.249,8.168422
GPCR,pK,10728,8.639,8.249112
GPCR,pK,10729,8.742,8.590381
GPCR,pK,10730,5.59,5.847752
GPCR,pK,10731,6.33,7.037037
GPCR,pK,10732,7.0,7.24883
GPCR,pK,10733,5.193,5.7142262
GPCR,pK,10734,8.0,7.626984
GPCR,pK,10735,7.0,6.5615497
GPCR,pK,10736,7.1,6.5930347
GPCR,pK,10737,7.4,7.5464783
GPCR,pK,10738,8.699,8.8218355
GPCR,pK,10739,8.046,8.347366
GPCR,pK,10740,8.585,8.478304
GPCR,pK,10741,8.222,8.650991
GPCR,pK,10742,6.244,5.7166815
GPCR,pK,10743,5.31,6.26034
GPCR,pK,10744,6.757,7.58011
GPCR,pK,10745,5.985,7.169806
GPCR,pK,10746,8.585,7.7780776
GPCR,pK,10747,6.77,7.8768125
GPCR,pK,10748,6.417,7.004317
GPCR,pK,10749,6.796,6.5481715
GPCR,pK,10750,6.228,6.878911
GPCR,pK,10751,6.499,6.1705055
GPCR,pK,10752,6.028,6.49214
GPCR,pK,10753,6.714,7.0798335
GPCR,pK,10754,7.793,7.9148755
GPCR,pK,10755,8.374,8.7798605
GPCR,pK,10756,8.893,9.509912
GPCR,pK,10757,6.298,6.3119926
GPCR,pK,10758,6.602,6.971396
GPCR,pK,10759,7.404,7.0333753
GPCR,pK,10760,8.285,7.944798
GPCR,pK,10761,7.62,7.285946
GPCR,pK,10762,7.73,7.3584056
GPCR,pK,10763,7.556,7.453713
GPCR,pK,10764,7.726,7.436177
GPCR,pK,10765,7.822,7.7023582
GPCR,pK,10766,7.788,7.3666077
GPCR,pK,10767,6.799,7.0737534
GPCR,pK,10768,7.18,7.0848575
GPCR,pK,10769,5.966,6.755463
GPCR,pK,10770,8.035,7.7623963
GPCR,pK,10771,7.678,6.8565936
GPCR,pK,10772,7.48,7.0614314
GPCR,pK,10773,7.554,7.127586
GPCR,pK,10774,7.201,7.3652472
GPCR,pK,10775,4.707,4.6355786
GPCR,pK,10776,5.195,5.0288076
GPCR,pK,10777,4.676,4.86716
GPCR,pK,10778,3.744,4.92022
GPCR,pK,10779,5.675,5.3646884
GPCR,pK,10780,8.268,8.318608
GPCR,pK,10781,8.1,8.11954
GPCR,pK,10782,6.5,7.4680037
GPCR,pK,10783,6.4,6.7764134
GPCR,pK,10784,7.301,7.7735925
GPCR,pK,10785,6.5,6.507856
GPCR,pK,10786,5.97,7.1951923
GPCR,pK,10787,7.52,7.766238
GPCR,pK,10788,6.11,6.3303976
GPCR,pK,10789,6.76,7.62258
GPCR,pK,10790,5.84,6.4036174
GPCR,pK,10791,7.01,7.1417522
GPCR,pK,10792,8.63,8.591756
GPCR,pK,10793,8.62,8.863872
GPCR,pK,10794,7.95,7.9779096
GPCR,pK,10795,9.94,10.164795
GPCR,pK,10796,10.092,10.116199
GPCR,pK,10797,5.83,5.50156
GPCR,pK,10798,7.55,7.3221974
GPCR,pK,10799,6.98,6.9360023
GPCR,pK,10800,6.83,6.8775773
GPCR,pK,10801,8.49,8.831063
GPCR,pK,10802,8.69,8.932339
GPCR,pK,10803,6.01,6.1697755
GPCR,pK,10804,7.53,7.0139003
GPCR,pK,10805,6.46,6.5827956
GPCR,pK,10806,5.082,5.4762187
GPCR,pK,10807,9.5,8.900817
GPCR,pK,10808,10.0,8.891603
GPCR,pK,10809,10.0,9.201538
GPCR,pK,10810,7.8,6.956789
GPCR,pK,10811,8.5,7.644019
GPCR,pK,10812,8.9,7.6193414
GPCR,pK,10813,8.893,8.934441
GPCR,pK,10814,8.492,9.022062
GPCR,pK,10815,9.631,9.844418
GPCR,pK,10816,7.914,8.776994
GPCR,pK,10817,8.45,9.366691
GPCR,pK,10818,9.815,9.504936
GPCR,pK,10819,8.154,8.315384
GPCR,pK,10820,6.883,6.471499
GPCR,pK,10821,6.618,6.432365
GPCR,pK,10822,7.028,6.8457794
GPCR,pK,10823,7.109,7.236545
GPCR,pK,10824,6.503,7.4696465
GPCR,pK,10825,6.688,5.4908414
GPCR,pK,10826,6.252,6.096846
GPCR,pK,10827,5.996,6.5824327
GPCR,pK,10828,4.759,4.8915887
GPCR,pK,10829,5.137,5.0571404
GPCR,pK,10830,7.399,7.7382174
GPCR,pK,10831,7.886,7.6211534
GPCR,pK,10832,6.397,7.139995
GPCR,pK,10833,6.91,6.905187
GPCR,pK,10834,7.721,6.9941106
GPCR,pK,10835,6.889,6.9576573
GPCR,pK,10836,6.629,6.497976
GPCR,pK,10837,6.284,6.681666
GPCR,pK,10838,5.627,5.852911
GPCR,pK,10839,5.535,5.7303243
GPCR,pK,10840,5.471,5.620781
GPCR,pK,10841,5.262,5.198783
GPCR,pK,10842,4.545,4.7395735
GPCR,pK,10843,6.39,6.611757
GPCR,pK,10844,5.34,5.374325
GPCR,pK,10845,5.034,5.7428904
GPCR,pK,10846,4.795,5.2936873
GPCR,pK,10847,8.046,8.202969
GPCR,pK,10848,6.886,7.103962
GPCR,pK,10849,6.68,7.091806
GPCR,pK,10850,7.276,7.411356
GPCR,pK,10851,6.551,7.0227885
GPCR,pK,10852,7.68,8.335164
GPCR,pK,10853,7.613,8.037069
GPCR,pK,10854,7.627,7.972713
GPCR,pK,10855,7.335,6.2464175
GPCR,pK,10856,6.644,6.6054406
GPCR,pK,10857,5.879,6.042423
GPCR,pK,10858,7.092,5.648803
GPCR,pK,10859,8.097,7.5318284
GPCR,pK,10860,7.18,7.12062
GPCR,pK,10861,6.587,7.321653
GPCR,pK,10862,7.301,7.5077276
GPCR,pK,10863,6.215,6.084454
GPCR,pK,10864,5.987,5.341221
GPCR,pK,10865,5.866,5.899227
GPCR,pK,10866,6.048,5.7629848
GPCR,pK,10867,5.742,7.3468995
GPCR,pK,10868,7.959,7.4511495
GPCR,pK,10869,8.959,9.300548
GPCR,pK,10870,8.47,8.766248
GPCR,pK,10871,7.886,8.193718
GPCR,pK,10872,6.622,7.3032956
GPCR,pK,10873,5.889,6.1707826
GPCR,pK,10874,5.629,5.564142
GPCR,pK,10875,6.258,6.6689944
GPCR,pK,10876,5.328,8.808203
GPCR,pK,10877,7.82,8.431132
GPCR,pK,10878,7.87,8.146106
GPCR,pK,10879,6.1,5.457492
GPCR,pK,10880,5.64,5.593158
GPCR,pK,10881,5.61,5.153459
GPCR,pK,10882,5.13,4.887382
GPCR,pK,10883,5.72,5.6447897
GPCR,pK,10884,6.17,6.264067
GPCR,pK,10885,5.92,5.6488457
GPCR,pK,10886,5.4,5.6831293
GPCR,pK,10887,5.44,5.604064
GPCR,pK,10888,5.67,5.507247
GPCR,pK,10889,8.699,7.56891
GPCR,pK,10890,7.469,6.8626285
GPCR,pK,10891,7.357,6.923117
GPCR,pK,10892,6.979,6.692323
GPCR,pK,10893,7.77,7.995809
GPCR,pK,10894,7.081,7.381102
GPCR,pK,10895,8.523,7.979468
GPCR,pK,10896,5.94,5.337578
GPCR,pK,10897,5.15,5.3994
GPCR,pK,10898,5.123,6.498786
GPCR,pK,10899,8.387,8.781191
GPCR,pK,10900,6.682,7.681367
GPCR,pK,10901,8.071,7.740112
GPCR,pK,10902,5.26,6.574507
GPCR,pK,10903,6.296,6.481474
GPCR,pK,10904,9.921,10.345236
GPCR,pK,10905,9.854,7.8222003
GPCR,pK,10906,10.745,10.88185
GPCR,pK,10907,6.796,5.933324
GPCR,pK,10908,6.607,5.7386227
GPCR,pK,10909,7.456,7.67631
GPCR,pK,10910,7.745,7.342095
GPCR,pK,10911,7.347,8.212403
GPCR,pK,10912,9.699,8.629329
GPCR,pK,10913,6.03,6.627381
GPCR,pK,10914,9.097,7.982747
GPCR,pK,10915,7.527,7.7304854
GPCR,pK,10916,7.775,7.6864343
GPCR,pK,10917,7.262,5.454475
GPCR,pK,10918,4.954,6.8069725
GPCR,pK,10919,7.066,6.5175376
GPCR,pK,10920,5.389,5.147185
GPCR,pK,10921,6.827,6.4109845
GPCR,pK,10922,5.069,5.2352023
GPCR,pK,10923,6.971,6.669192
GPCR,pK,10924,7.799,6.554211
GPCR,pK,10925,8.375,9.134908
GPCR,pK,10926,5.569,7.8254347
GPCR,pK,10927,8.237,7.719764
GPCR,pK,10928,6.222,7.462507
GPCR,pK,10929,8.796,8.620606
GPCR,pK,10930,7.512,7.6456146
GPCR,pK,10931,6.77,7.2148347
GPCR,pK,10932,8.921,8.527586
GPCR,pK,10933,6.462,6.663009
GPCR,pK,10934,6.233,6.08798
GPCR,pK,10935,7.19,6.648903
GPCR,pK,10936,7.65,7.219024
GPCR,pK,10937,6.78,6.0933795
GPCR,pK,10938,7.59,8.088214
GPCR,pK,10939,8.222,8.159824
GPCR,pK,10940,7.292,8.08868
GPCR,pK,10941,7.886,8.271441
GPCR,pK,10942,7.097,6.2403445
GPCR,pK,10943,7.155,6.5326276
GPCR,pK,10944,7.046,6.8755565
GPCR,pK,10945,6.495,7.0430913
GPCR,pK,10946,7.092,6.982902
GPCR,pK,10947,7.194,6.995843
GPCR,pK,10948,6.425,6.4429355
GPCR,pK,10949,6.281,6.1411343
GPCR,pK,10950,6.149,5.8101163
GPCR,pK,10951,5.763,5.911926
GPCR,pK,10952,6.693,6.430091
GPCR,pK,10953,6.377,6.3022285
GPCR,pK,10954,7.8,6.3934307
GPCR,pK,10955,7.495,7.227203
GPCR,pK,10956,7.475,7.395788
GPCR,pK,10957,7.066,7.2792954
GPCR,pK,10958,6.921,6.929465
GPCR,pK,10959,7.036,7.078338
GPCR,pK,10960,6.824,6.9730916
GPCR,pK,10961,8.77,8.424872
GPCR,pK,10962,8.481,8.801251
GPCR,pK,10963,8.229,8.53884
GPCR,pK,10964,7.222,6.68208
GPCR,pK,10965,7.62,7.1662765
GPCR,pK,10966,7.252,6.859503
GPCR,pK,10967,7.007,7.198505
GPCR,pK,10968,5.542,6.0461507
GPCR,pK,10969,6.163,5.826098
GPCR,pK,10970,5.757,6.3152323
GPCR,pK,10971,5.489,5.756525
GPCR,pK,10972,5.625,5.4265285
GPCR,pK,10973,7.365,7.213861
GPCR,pK,10974,7.495,6.537743
GPCR,pK,10975,7.886,6.507804
GPCR,pK,10976,5.924,6.223962
GPCR,pK,10977,5.759,5.257322
GPCR,pK,10978,6.284,4.990675
GPCR,pK,10979,5.35,6.061411
GPCR,pK,10980,6.018,5.7055926
GPCR,pK,10981,6.017,7.0133004
GPCR,pK,10982,7.754,7.3216405
GPCR,pK,10983,5.268,5.057527
GPCR,pK,10984,6.085,4.921457
GPCR,pK,10985,6.896,6.9271646
GPCR,pK,10986,5.538,5.94587
GPCR,pK,10987,6.144,5.60799
GPCR,pK,10988,5.08,5.6367426
GPCR,pK,10989,5.58,5.723577
GPCR,pK,10990,5.157,5.6406474
GPCR,pK,10991,5.67,6.6405373
GPCR,pK,10992,8.76,7.7256446
GPCR,pK,10993,5.832,6.4599214
GPCR,pK,10994,6.983,6.2873635
GPCR,pK,10995,5.921,7.1367803
GPCR,pK,10996,8.076,6.36578
GPCR,pK,10997,9.125,8.239439
GPCR,pK,10998,7.745,6.776047
GPCR,pK,10999,5.95,7.0197797
GPCR,pK,11000,7.16,6.9212594
GPCR,pK,11001,6.35,6.7883554
GPCR,pK,11002,7.88,6.7478604
GPCR,pK,11003,8.03,7.539184
GPCR,pK,11004,6.27,6.2985234
GPCR,pK,11005,6.947,6.853243
GPCR,pK,11006,7.959,7.7581
GPCR,pK,11007,7.114,7.623795
GPCR,pK,11008,8.699,7.382954
GPCR,pK,11009,7.886,6.977987
GPCR,pK,11010,8.585,7.9731946
GPCR,pK,11011,8.745,7.6221547
GPCR,pK,11012,8.658,7.497538
GPCR,pK,11013,9.009,8.930179
GPCR,pK,11014,7.187,6.977286
GPCR,pK,11015,7.509,7.2864947
GPCR,pK,11016,6.336,7.4013457
GPCR,pK,11017,7.456,7.3728027
GPCR,pK,11018,7.25,7.644997
GPCR,pK,11019,5.71,7.3806515
GPCR,pK,11020,6.07,7.039585
GPCR,pK,11021,9.006,8.307492
GPCR,pK,11022,5.74,5.5937247
GPCR,pK,11023,7.138,7.1305737
GPCR,pK,11024,7.83,7.9394155
GPCR,pK,11025,6.409,6.4364986
GPCR,pK,11026,7.44,7.4558463
GPCR,pK,11027,6.213,6.478413
GPCR,pK,11028,6.75,6.964498
GPCR,pK,11029,5.488,5.9324083
GPCR,pK,11030,6.87,6.862777
GPCR,pK,11031,5.811,6.238006
GPCR,pK,11032,6.81,7.1872973
GPCR,pK,11033,6.8,6.515657
GPCR,pK,11034,5.567,5.738121
GPCR,pK,11035,9.046,8.7204
GPCR,pK,11036,8.377,8.670153
GPCR,pK,11037,9.097,8.62103
GPCR,pK,11038,7.721,8.218251
GPCR,pK,11039,7.553,7.5888352
GPCR,pK,11040,7.62,7.2437873
GPCR,pK,11041,7.337,7.0849795
GPCR,pK,11042,6.403,6.0820413
GPCR,pK,11043,7.155,7.0430484
GPCR,pK,11044,7.357,7.4156775
GPCR,pK,11045,6.538,6.592684
GPCR,pK,11046,7.444,7.3323355
GPCR,pK,11047,5.699,6.1737905
GPCR,pK,11048,7.061,6.7618
GPCR,pK,11049,7.475,6.532598
GPCR,pK,11050,7.718,8.067406
GPCR,pK,11051,9.745,8.372215
GPCR,pK,11052,6.521,6.813965
GPCR,pK,11053,8.523,7.4011817
GPCR,pK,11054,6.411,6.4640713
GPCR,pK,11055,6.668,6.8746276
GPCR,pK,11056,7.303,6.4476247
GPCR,pK,11057,7.387,6.8140407
GPCR,pK,11058,5.366,6.151982
GPCR,pK,11059,5.359,6.214598
GPCR,pK,11060,6.054,6.1571045
GPCR,pK,11061,6.876,8.0143
GPCR,pK,11062,5.981,6.9091263
GPCR,pK,11063,5.822,5.8798122
GPCR,pK,11064,6.354,7.3051314
GPCR,pK,11065,6.32,6.652209
GPCR,pK,11066,6.292,6.3465705
GPCR,pK,11067,6.592,7.2346473
GPCR,pK,11068,6.339,7.3575344
GPCR,pK,11069,6.368,6.2386346
GPCR,pK,11070,7.523,6.4317613
GPCR,pK,11071,5.876,6.1582723
GPCR,pK,11072,6.247,6.887997
GPCR,pK,11073,6.177,6.3895483
GPCR,pK,11074,6.662,6.903597
GPCR,pK,11075,5.799,7.652024
GPCR,pK,11076,6.492,6.7539277
GPCR,pK,11077,7.509,7.0604005
GPCR,pK,11078,6.007,7.2232084
GPCR,pK,11079,7.77,7.9409537
GPCR,pK,11080,6.403,6.9290934
GPCR,pK,11081,7.201,6.7432804
GPCR,pK,11082,7.037,7.1048613
GPCR,pK,11083,6.398,6.294704
GPCR,pK,11084,7.081,7.167274
GPCR,pK,11085,6.339,6.2398553
GPCR,pK,11086,5.914,6.0333104
GPCR,pK,11087,5.871,6.1466093
GPCR,pK,11088,6.81,6.5066676
GPCR,pK,11089,6.139,5.8069596
GPCR,pK,11090,6.321,6.2245965
GPCR,pK,11091,6.312,6.3194766
GPCR,pK,11092,5.777,5.449573
GPCR,pK,11093,6.243,6.1503744
GPCR,pK,11094,6.706,6.853132
GPCR,pK,11095,6.108,5.5781045
GPCR,pK,11096,6.432,6.700804
GPCR,pK,11097,7.509,7.718002
GPCR,pK,11098,9.0,7.997563
GPCR,pK,11099,7.387,7.2222033
GPCR,pK,11100,7.26,7.283664
GPCR,pK,11101,7.409,7.076389
GPCR,pK,11102,7.357,7.7353153
GPCR,pK,11103,8.398,8.233219
GPCR,pK,11104,7.137,6.5742354
GPCR,pK,11105,7.201,8.063085
GPCR,pK,11106,7.921,8.76303
GPCR,pK,11107,6.105,6.2317095
GPCR,pK,11108,5.519,5.637711
GPCR,pK,11109,7.284,7.2458615
GPCR,pK,11110,6.421,6.571284
GPCR,pK,11111,5.312,4.8859773
GPCR,pK,11112,6.695,6.643354
GPCR,pK,11113,7.523,8.3728075
GPCR,pK,11114,7.796,7.330746
GPCR,pK,11115,6.836,6.9936776
GPCR,pK,11116,7.382,6.922664
GPCR,pK,11117,5.062,5.8576727
GPCR,pK,11118,5.223,5.6467805
GPCR,pK,11119,6.644,6.369793
GPCR,pK,11120,6.343,6.733104
GPCR,pK,11121,7.149,7.459546
GPCR,pK,11122,7.801,7.641854
GPCR,pK,11123,6.097,8.936137
GPCR,pK,11124,7.052,7.591532
GPCR,pK,11125,7.959,8.243792
GPCR,pK,11126,7.162,7.671145
GPCR,pK,11127,7.488,8.5893135
GPCR,pK,11128,7.397,8.038309
GPCR,pK,11129,7.22,7.373214
GPCR,pK,11130,7.924,7.9676595
GPCR,pK,11131,7.509,8.709878
GPCR,pK,11132,7.703,7.5138607
GPCR,pK,11133,6.833,6.5215673
GPCR,pK,11134,5.968,5.768811
GPCR,pK,11135,5.324,6.5248475
GPCR,pK,11136,5.787,7.4254165
GPCR,pK,11137,6.812,6.1645045
GPCR,pK,11138,7.086,7.437569
GPCR,pK,11139,6.268,7.045646
GPCR,pK,11140,6.393,6.7562075
GPCR,pK,11141,6.229,6.8652577
GPCR,pK,11142,6.535,7.115871
GPCR,pK,11143,7.432,6.959718
GPCR,pK,11144,6.437,6.9864793
GPCR,pK,11145,6.484,6.68392
GPCR,pK,11146,6.327,6.3154583
GPCR,pK,11147,5.922,6.3912797
GPCR,pK,11148,6.061,6.686954
GPCR,pK,11149,6.451,6.5685415
GPCR,pK,11150,8.658,8.531609
GPCR,pK,11151,6.26,6.2827334
GPCR,pK,11152,6.638,7.2424617
GPCR,pK,11153,7.446,7.4570947
GPCR,pK,11154,7.325,7.7056527
GPCR,pK,11155,6.348,6.502824
GPCR,pK,11156,6.015,6.289597
GPCR,pK,11157,10.659,9.119079
GPCR,pK,11158,9.481,8.608309
GPCR,pK,11159,9.452,9.255734
GPCR,pK,11160,9.409,9.204253
GPCR,pK,11161,10.704,10.845966
GPCR,pK,11162,10.674,10.619414
GPCR,pK,11163,10.588,10.756228
GPCR,pK,11164,10.679,10.553668
GPCR,pK,11165,8.051,8.492438
GPCR,pK,11166,7.821,8.918714
GPCR,pK,11167,8.86,9.400046
GPCR,pK,11168,9.339,9.863395
GPCR,pK,11169,7.538,7.891263
GPCR,pK,11170,7.046,7.094211
GPCR,pK,11171,6.484,6.9513173
GPCR,pK,11172,6.824,6.0710287
GPCR,pK,11173,7.496,7.4671884
GPCR,pK,11174,7.994,7.7733254
GPCR,pK,11175,8.557,8.4239645
GPCR,pK,11176,5.535,5.534818
GPCR,pK,11177,6.04,6.011476
GPCR,pK,11178,6.009,5.9971843
GPCR,pK,11179,7.553,7.4093957
GPCR,pK,11180,6.42,8.091096
GPCR,pK,11181,7.553,7.053402
GPCR,pK,11182,7.301,7.972275
GPCR,pK,11183,8.384,8.511947
GPCR,pK,11184,7.333,6.812794
GPCR,pK,11185,7.475,7.398214
GPCR,pK,11186,6.726,7.4045377
GPCR,pK,11187,8.105,6.8657527
GPCR,pK,11188,5.393,5.697947
GPCR,pK,11189,6.967,6.763374
GPCR,pK,11190,6.79,6.305293
GPCR,pK,11191,6.66,5.7380595
GPCR,pK,11192,8.745,7.956348
GPCR,pK,11193,8.553,7.711425
GPCR,pK,11194,8.62,8.327783
GPCR,pK,11195,8.31,8.015855
GPCR,pK,11196,8.42,8.030302
GPCR,pK,11197,8.444,8.24961
GPCR,pK,11198,7.455,8.19661
GPCR,pK,11199,7.717,6.9467278
GPCR,pK,11200,6.239,5.883663
GPCR,pK,11201,6.228,6.118564
GPCR,pK,11202,5.765,5.7938323
GPCR,pK,11203,5.54,5.8914146
GPCR,pK,11204,5.098,5.3455925
GPCR,pK,11205,6.137,6.5035353
GPCR,pK,11206,6.263,6.3451514
GPCR,pK,11207,5.126,5.977654
GPCR,pK,11208,8.046,7.5705914
GPCR,pK,11209,5.867,7.081858
GPCR,pK,11210,5.904,5.6579494
GPCR,pK,11211,8.105,7.4957805
GPCR,pK,11212,8.074,8.048903
GPCR,pK,11213,5.538,4.6922917
GPCR,pK,11214,5.375,5.073537
GPCR,pK,11215,5.025,4.1318493
GPCR,pK,11216,8.271,8.271363
GPCR,pK,11217,10.83,10.1220045
GPCR,pK,11218,5.665,6.752415
GPCR,pK,11219,7.285,7.327522
GPCR,pK,11220,6.685,6.3092465
GPCR,pK,11221,5.4,6.3188524
GPCR,pK,11222,6.077,5.603067
GPCR,pK,11223,8.947,8.890234
GPCR,pK,11224,6.119,5.698301
GPCR,pK,11225,6.886,7.1260085
GPCR,pK,11226,7.854,7.923928
GPCR,pK,11227,5.569,5.62289
GPCR,pK,11228,6.24,6.192679
GPCR,pK,11229,5.19,5.6979938
GPCR,pK,11230,4.59,5.120302
GPCR,pK,11231,5.14,5.128798
GPCR,pK,11232,4.89,5.318914
GPCR,pK,11233,4.66,4.645041
GPCR,pK,11234,4.5,5.071518
GPCR,pK,11235,5.72,5.4870033
GPCR,pK,11236,4.64,5.299484
GPCR,pK,11237,5.44,5.466867
GPCR,pK,11238,5.69,5.731769
GPCR,pK,11239,4.89,4.8939195
GPCR,pK,11240,4.94,5.2580647
GPCR,pK,11241,7.112,7.4075804
GPCR,pK,11242,7.444,7.560145
GPCR,pK,11243,7.014,7.461037
GPCR,pK,11244,8.143,8.255343
GPCR,pK,11245,6.994,8.219123
GPCR,pK,11246,7.086,7.0462756
GPCR,pK,11247,7.622,7.616624
GPCR,pK,11248,7.027,7.4959674
GPCR,pK,11249,6.344,6.149119
GPCR,pK,11250,8.26,8.236228
GPCR,pK,11251,9.301,8.027817
GPCR,pK,11252,8.122,8.056923
GPCR,pK,11253,6.4,6.314421
GPCR,pK,11254,5.573,6.1864395
GPCR,pK,11255,6.492,6.3559093
GPCR,pK,11256,6.037,6.5408792
GPCR,pK,11257,9.155,8.531026
GPCR,pK,11258,5.62,6.369372
GPCR,pK,11259,6.538,6.3707914
GPCR,pK,11260,5.7,6.0587554
GPCR,pK,11261,5.5,5.2975225
GPCR,pK,11262,8.523,8.310942
GPCR,pK,11263,6.638,6.493006
GPCR,pK,11264,7.523,8.184053
GPCR,pK,11265,10.78,10.179086
GPCR,pK,11266,8.41,9.066815
GPCR,pK,11267,9.42,10.630837
GPCR,pK,11268,6.47,6.552592
GPCR,pK,11269,7.34,8.859862
GPCR,pK,11270,8.523,8.39383
GPCR,pK,11271,7.77,8.100636
GPCR,pK,11272,6.124,6.3880644
GPCR,pK,11273,5.511,5.5124965
GPCR,pK,11274,6.13,5.8151016
GPCR,pK,11275,5.796,4.7394896
GPCR,pK,11276,5.398,5.141519
GPCR,pK,11277,6.357,4.666713
GPCR,pK,11278,4.996,5.6491246
GPCR,pK,11279,4.82,4.841803
GPCR,pK,11280,7.07,7.207375
GPCR,pK,11281,8.37,7.984615
GPCR,pK,11282,7.15,6.6771526
GPCR,pK,11283,8.719,8.078812
GPCR,pK,11284,5.723,6.1895194
GPCR,pK,11285,6.284,6.545481
GPCR,pK,11286,7.0,6.8102665
GPCR,pK,11287,7.599,7.617639
GPCR,pK,11288,6.4,6.7715244
GPCR,pK,11289,7.399,7.007729
GPCR,pK,11290,9.461,8.445556
GPCR,pK,11291,7.292,7.6779695
GPCR,pK,11292,6.925,8.154665
GPCR,pK,11293,7.28,8.328301
GPCR,pK,11294,6.432,6.5187516
GPCR,pK,11295,7.155,6.346536
GPCR,pK,11296,8.222,8.533177
GPCR,pK,11297,8.387,7.498837
GPCR,pK,11298,8.699,8.1406555
GPCR,pK,11299,6.662,6.178057
GPCR,pK,11300,7.625,7.8453894
GPCR,pK,11301,10.097,8.505983
GPCR,pK,11302,5.857,6.3536315
GPCR,pK,11303,5.631,5.9787035
GPCR,pK,11304,5.503,6.7672353
GPCR,pK,11305,5.366,6.013597
GPCR,pK,11306,6.066,6.5880113
GPCR,pK,11307,6.497,4.78635
GPCR,pK,11308,4.823,5.723576
GPCR,pK,11309,4.812,3.6765652
GPCR,pK,11310,4.238,4.260555
GPCR,pK,11311,5.15,5.3822002
GPCR,pK,11312,5.31,5.6827173
GPCR,pK,11313,6.104,6.757633
GPCR,pK,11314,7.22,7.692757
GPCR,pK,11315,6.83,7.1565976
GPCR,pK,11316,5.35,4.9994802
GPCR,pK,11317,4.118,4.1224566
GPCR,pK,11318,5.64,5.0068283
GPCR,pK,11319,5.1,4.6582127
GPCR,pK,11320,4.414,4.9237485
GPCR,pK,11321,6.11,5.3570232
GPCR,pK,11322,5.58,5.776598
GPCR,pK,11323,4.87,4.2447743
GPCR,pK,11324,6.23,6.4501343
GPCR,pK,11325,7.25,7.387131
GPCR,pK,11326,5.35,5.512284
GPCR,pK,11327,5.572,6.167021
GPCR,pK,11328,5.909,6.656401
GPCR,pK,11329,6.209,6.6382203
GPCR,pK,11330,6.609,6.4104733
GPCR,pK,11331,6.302,6.5344377
GPCR,pK,11332,7.358,7.621297
GPCR,pK,11333,7.706,6.7886424
GPCR,pK,11334,8.212,8.094154
GPCR,pK,11335,6.518,5.780905
GPCR,pK,11336,6.959,6.832061
GPCR,pK,11337,5.922,5.346802
GPCR,pK,11338,5.562,6.0277286
GPCR,pK,11339,6.728,6.7644014
GPCR,pK,11340,7.341,7.0199003
GPCR,pK,11341,6.187,5.2470403
GPCR,pK,11342,5.658,5.1419625
GPCR,pK,11343,5.854,5.9799447
GPCR,pK,11344,5.959,5.841084
GPCR,pK,11345,5.678,6.098043
GPCR,pK,11346,5.328,5.7818413
GPCR,pK,11347,5.174,5.6725807
GPCR,pK,11348,4.904,5.064813
GPCR,pK,11349,6.64,6.7057858
GPCR,pK,11350,7.538,8.171291
GPCR,pK,11351,8.523,8.191234
GPCR,pK,11352,6.996,6.8350434
GPCR,pK,11353,6.827,6.8197427
GPCR,pK,11354,6.719,6.670793
GPCR,pK,11355,6.706,6.292747
GPCR,pK,11356,6.153,6.4123044
GPCR,pK,11357,7.77,7.849568
GPCR,pK,11358,6.595,7.0657897
GPCR,pK,11359,6.9,6.125201
GPCR,pK,11360,6.857,6.524532
GPCR,pK,11361,6.377,6.717153
GPCR,pK,11362,7.081,6.126788
GPCR,pK,11363,7.409,7.1632233
GPCR,pK,11364,6.268,6.8821645
GPCR,pK,11365,7.553,6.233868
GPCR,pK,11366,7.585,7.286914
GPCR,pK,11367,6.056,6.2127147
GPCR,pK,11368,5.474,6.1621366
GPCR,pK,11369,7.409,7.9909434
GPCR,pK,11370,6.162,6.091519
GPCR,pK,11371,7.474,8.032155
GPCR,pK,11372,7.726,7.269569
GPCR,pK,11373,7.584,7.6767774
GPCR,pK,11374,6.46,6.7686124
GPCR,pK,11375,7.31,7.458197
GPCR,pK,11376,7.096,6.976332
GPCR,pK,11377,7.119,6.8442607
GPCR,pK,11378,6.928,6.6179304
GPCR,pK,11379,6.9,6.4623237
GPCR,pK,11380,6.329,6.235216
GPCR,pK,11381,5.861,5.946458
GPCR,pK,11382,5.992,5.569857
GPCR,pK,11383,6.079,6.0171237
GPCR,pK,11384,7.215,6.7081504
GPCR,pK,11385,6.35,6.630757
GPCR,pK,11386,5.904,6.340084
GPCR,pK,11387,5.875,6.3629823
GPCR,pK,11388,5.672,6.5391364
GPCR,pK,11389,7.796,6.991628
GPCR,pK,11390,5.635,6.1479263
GPCR,pK,11391,5.913,6.239556
GPCR,pK,11392,6.963,7.0502462
GPCR,pK,11393,6.185,6.4471393
GPCR,pK,11394,6.554,6.3790784
GPCR,pK,11395,6.147,6.4044538
GPCR,pK,11396,8.721,8.9667635
GPCR,pK,11397,7.128,7.16814
GPCR,pK,11398,9.089,9.300959
GPCR,pK,11399,7.298,8.303735
GPCR,pK,11400,8.301,8.282158
GPCR,pK,11401,6.533,6.651997
GPCR,pK,11402,8.569,8.99708
GPCR,pK,11403,7.569,8.132814
GPCR,pK,11404,7.26,7.293963
GPCR,pK,11405,9.377,8.991744
GPCR,pK,11406,9.032,8.974396
GPCR,pK,11407,10.569,10.659095
GPCR,pK,11408,10.237,10.299142
GPCR,pK,11409,10.854,10.319615
GPCR,pK,11410,10.824,9.606924
GPCR,pK,11411,10.796,9.571947
GPCR,pK,11412,7.028,6.9405613
GPCR,pK,11413,8.097,7.895091
GPCR,pK,11414,7.25,7.6122212
GPCR,pK,11415,6.88,7.207162
GPCR,pK,11416,6.342,6.9386487
GPCR,pK,11417,5.66,6.3823156
GPCR,pK,11418,7.427,6.7675323
GPCR,pK,11419,7.648,7.072743
GPCR,pK,11420,7.519,7.6835713
GPCR,pK,11421,7.721,7.7743564
GPCR,pK,11422,5.68,7.0740023
GPCR,pK,11423,6.282,6.1973867
GPCR,pK,11424,6.429,7.2235494
GPCR,pK,11425,6.518,6.742898
GPCR,pK,11426,6.429,5.7551656
GPCR,pK,11427,6.518,6.5578303
GPCR,pK,11428,6.0,6.652396
GPCR,pK,11429,6.0,7.106909
GPCR,pK,11430,7.862,7.4616046
GPCR,pK,11431,7.409,7.3323574
GPCR,pK,11432,7.886,8.360609
GPCR,pK,11433,5.131,6.6893015
GPCR,pK,11434,5.086,6.246059
GPCR,pK,11435,5.143,7.277766
GPCR,pK,11436,5.921,8.265253
GPCR,pK,11437,7.959,7.881921
GPCR,pK,11438,7.727,8.189058
GPCR,pK,11439,7.998,7.869249
GPCR,pK,11440,8.409,8.133508
GPCR,pK,11441,8.377,8.38582
GPCR,pK,11442,7.081,7.3705316
GPCR,pK,11443,7.951,6.994292
GPCR,pK,11444,8.397,7.4451613
GPCR,pK,11445,7.362,7.0122857
GPCR,pK,11446,6.824,6.1700006
GPCR,pK,11447,7.284,7.8381743
GPCR,pK,11448,5.8,6.2451577
GPCR,pK,11449,6.439,6.6950436
GPCR,pK,11450,7.854,7.322043
GPCR,pK,11451,8.097,7.3168793
GPCR,pK,11452,6.345,7.3955564
GPCR,pK,11453,8.301,7.2723575
GPCR,pK,11454,6.804,7.1774473
GPCR,pK,11455,6.775,6.9059606
GPCR,pK,11456,6.36,6.7623935
GPCR,pK,11457,6.658,6.891883
GPCR,pK,11458,7.022,7.2789598
GPCR,pK,11459,9.1,9.627489
GPCR,pK,11460,9.04,8.38123
GPCR,pK,11461,6.71,6.684232
GPCR,pK,11462,8.55,9.073967
GPCR,pK,11463,7.07,6.17805
GPCR,pK,11464,5.4,4.900787
GPCR,pK,11465,7.3,6.1354413
GPCR,pK,11466,6.41,6.6339355
GPCR,pK,11467,7.87,7.0861964
GPCR,pK,11468,6.46,5.9057074
GPCR,pK,11469,8.09,7.4016194
GPCR,pK,11470,7.97,7.267674
GPCR,pK,11471,9.14,7.957828
GPCR,pK,11472,4.447,4.842135
GPCR,pK,11473,9.523,9.153514
GPCR,pK,11474,8.502,8.842955
GPCR,pK,11475,8.556,7.7279963
GPCR,pK,11476,7.601,7.910314
GPCR,pK,11477,7.018,6.55592
GPCR,pK,11478,7.076,6.7797847
GPCR,pK,11479,6.387,6.864405
GPCR,pK,11480,6.796,6.439444
GPCR,pK,11481,6.469,6.2335706
GPCR,pK,11482,6.167,6.4507895
GPCR,pK,11483,7.301,7.257711
GPCR,pK,11484,6.495,7.4291387
GPCR,pK,11485,6.013,6.7419586
GPCR,pK,11486,5.678,6.3655667
GPCR,pK,11487,6.398,6.750936
GPCR,pK,11488,7.481,6.899093
GPCR,pK,11489,7.066,7.4744515
GPCR,pK,11490,7.092,8.385751
GPCR,pK,11491,7.954,7.9936366
GPCR,pK,11492,7.928,7.392478
GPCR,pK,11493,7.44,7.2279954
GPCR,pK,11494,8.524,8.359461
GPCR,pK,11495,7.8,7.6360016
GPCR,pK,11496,6.475,6.106903
GPCR,pK,11497,7.105,6.749658
GPCR,pK,11498,7.285,6.8008237
GPCR,pK,11499,7.458,7.3981433
GPCR,pK,11500,6.0,5.155125
GPCR,pK,11501,5.854,5.6870704
GPCR,pK,11502,6.033,6.4121184
GPCR,pK,11503,5.986,6.5219684
GPCR,pK,11504,5.712,6.1977787
GPCR,pK,11505,5.58,6.5108495
GPCR,pK,11506,6.77,5.8850865
GPCR,pK,11507,6.006,6.2207203
GPCR,pK,11508,7.216,6.6318626
GPCR,pK,11509,6.575,7.057204
GPCR,pK,11510,5.411,6.2583103
GPCR,pK,11511,6.31,6.642676
GPCR,pK,11512,6.672,6.507115
GPCR,pK,11513,5.866,6.191009
GPCR,pK,11514,5.65,6.2153783
GPCR,pK,11515,7.028,6.4822874
GPCR,pK,11516,7.0,6.473127
GPCR,pK,11517,6.604,7.1534834
GPCR,pK,11518,5.406,6.3334765
GPCR,pK,11519,5.071,7.030516
GPCR,pK,11520,7.199,6.655418
GPCR,pK,11521,7.587,6.1104994
GPCR,pK,11522,6.375,5.850117
GPCR,pK,11523,8.41,7.920283
GPCR,pK,11524,7.87,8.278914
GPCR,pK,11525,7.4,8.40135
GPCR,pK,11526,8.77,8.302734
GPCR,pK,11527,7.26,7.0656085
GPCR,pK,11528,7.35,7.8233933
GPCR,pK,11529,6.82,7.997486
GPCR,pK,11530,8.08,8.325893
GPCR,pK,11531,6.99,7.166615
GPCR,pK,11532,7.2,7.9195747
GPCR,pK,11533,6.99,7.7991557
GPCR,pK,11534,6.69,8.403122
GPCR,pK,11535,6.81,6.760424
GPCR,pK,11536,6.59,7.007089
GPCR,pK,11537,6.19,6.896655
GPCR,pK,11538,7.7,7.165852
GPCR,pK,11539,8.959,7.776795
GPCR,pK,11540,8.409,7.6854753
GPCR,pK,11541,7.638,7.4461317
GPCR,pK,11542,8.194,7.640016
GPCR,pK,11543,7.444,7.261875
GPCR,pK,11544,8.509,8.473965
GPCR,pK,11545,8.398,8.68189
GPCR,pK,11546,7.423,7.7061386
GPCR,pK,11547,7.438,7.563476
GPCR,pK,11548,6.58,6.4457726
GPCR,pK,11549,8.959,9.019429
GPCR,pK,11550,8.921,8.626698
GPCR,pK,11551,9.495,9.139186
GPCR,pK,11552,7.328,7.120328
GPCR,pK,11553,7.553,7.7867103
GPCR,pK,11554,9.886,8.428674
GPCR,pK,11555,5.914,6.0864778
GPCR,pK,11556,6.077,5.978212
GPCR,pK,11557,7.724,7.6090918
GPCR,pK,11558,8.481,7.236155
GPCR,pK,11559,6.343,5.7510076
GPCR,pK,11560,6.645,5.7530694
GPCR,pK,11561,7.47,7.4452853
GPCR,pK,11562,6.225,6.468621
GPCR,pK,11563,5.866,5.174431
GPCR,pK,11564,5.268,4.8280296
GPCR,pK,11565,5.29,5.4581065
GPCR,pK,11566,5.6,5.534179
GPCR,pK,11567,5.56,5.808729
GPCR,pK,11568,5.95,6.2406716
GPCR,pK,11569,5.77,5.720992
GPCR,pK,11570,5.9,6.186822
GPCR,pK,11571,5.59,5.464791
GPCR,pK,11572,7.09,6.7668777
GPCR,pK,11573,9.01,8.84815
GPCR,pK,11574,8.453,8.508756
GPCR,pK,11575,8.65,8.392684
GPCR,pK,11576,8.368,8.150296
GPCR,pK,11577,8.88,9.099042
GPCR,pK,11578,8.67,8.6388445
GPCR,pK,11579,8.01,8.533057
GPCR,pK,11580,7.31,7.4713154
GPCR,pK,11581,8.8,8.7342005
GPCR,pK,11582,9.61,9.09512
GPCR,pK,11583,7.71,8.299617
GPCR,pK,11584,7.29,7.438449
GPCR,pK,11585,6.53,7.1866174
GPCR,pK,11586,5.08,5.2235007
GPCR,pK,11587,7.58,7.9761696
GPCR,pK,11588,7.86,8.186103
GPCR,pK,11589,7.35,7.6742725
GPCR,pK,11590,6.77,6.6331153
GPCR,pK,11591,6.52,7.0593996
GPCR,pK,11592,6.34,6.215777
GPCR,pK,11593,7.48,7.723715
GPCR,pK,11594,7.65,8.129141
GPCR,pK,11595,7.912,7.881768
GPCR,pK,11596,7.11,7.397118
GPCR,pK,11597,7.886,7.8220744
GPCR,pK,11598,7.886,7.72131
GPCR,pK,11599,6.767,6.567513
GPCR,pK,11600,5.824,6.558939
GPCR,pK,11601,9.222,7.172094
GPCR,pK,11602,8.569,8.600829
GPCR,pK,11603,8.77,7.9211597
GPCR,pK,11604,9.301,8.513389
GPCR,pK,11605,7.821,7.343499
GPCR,pK,11606,6.425,7.480962
GPCR,pK,11607,7.231,7.1067924
GPCR,pK,11608,6.649,6.9726977
GPCR,pK,11609,6.6,8.366433
GPCR,pK,11610,7.968,7.4444737
GPCR,pK,11611,7.19,6.7369003
GPCR,pK,11612,6.46,6.333072
GPCR,pK,11613,8.233,7.637732
GPCR,pK,11614,6.0,6.7965627
GPCR,pK,11615,9.481,9.461768
GPCR,pK,11616,9.194,9.515189
GPCR,pK,11617,6.61,6.595517
GPCR,pK,11618,4.418,4.945184
GPCR,pK,11619,5.498,5.4095883
GPCR,pK,11620,7.921,7.002576
GPCR,pK,11621,4.957,5.6671014
GPCR,pK,11622,4.892,5.177782
GPCR,pK,11623,6.463,6.3220162
GPCR,pK,11624,5.325,5.9707417
GPCR,pK,11625,5.927,6.007877
GPCR,pK,11626,5.768,6.0925555
GPCR,pK,11627,7.745,6.6019473
GPCR,pK,11628,6.369,6.5615973
GPCR,pK,11629,6.807,7.468288
GPCR,pK,11630,5.058,5.3657117
GPCR,pK,11631,5.356,5.7278047
GPCR,pK,11632,7.886,7.040181
GPCR,pK,11633,6.456,8.361482
GPCR,pK,11634,8.244,8.32937
GPCR,pK,11635,7.367,8.089277
GPCR,pK,11636,6.745,8.043038
GPCR,pK,11637,8.143,6.563343
GPCR,pK,11638,9.009,8.649581
GPCR,pK,11639,7.056,7.2291675
GPCR,pK,11640,7.59,8.101348
GPCR,pK,11641,9.7,9.886408
GPCR,pK,11642,10.6,10.51146
GPCR,pK,11643,6.662,6.5468116
GPCR,pK,11644,9.801,9.096303
GPCR,pK,11645,10.565,9.754988
GPCR,pK,11646,8.011,7.712773
GPCR,pK,11647,7.091,6.1830974
GPCR,pK,11648,7.565,7.204128
GPCR,pK,11649,5.401,5.5785913
GPCR,pK,11650,7.959,7.6653714
GPCR,pK,11651,9.046,8.969441
GPCR,pK,11652,7.79,8.08546
GPCR,pK,11653,5.651,5.232906
GPCR,pK,11654,6.33,6.149891
GPCR,pK,11655,7.086,7.1692023
GPCR,pK,11656,9.268,8.729909
GPCR,pK,11657,6.756,7.990248
GPCR,pK,11658,7.086,7.710215
GPCR,pK,11659,6.996,6.442978
GPCR,pK,11660,6.81,6.530694
GPCR,pK,11661,6.613,6.399486
GPCR,pK,11662,8.0,7.6947474
GPCR,pK,11663,7.796,7.528621
GPCR,pK,11664,7.602,7.6822476
GPCR,pK,11665,6.66,6.9833794
GPCR,pK,11666,7.301,7.002209
GPCR,pK,11667,7.143,6.940885
GPCR,pK,11668,7.432,6.994462
GPCR,pK,11669,6.491,6.7092032
GPCR,pK,11670,6.237,5.945946
GPCR,pK,11671,6.356,6.9860272
GPCR,pK,11672,6.254,5.9154058
GPCR,pK,11673,5.627,5.7312474
GPCR,pK,11674,8.0,7.616491
GPCR,pK,11675,5.824,6.0233803
GPCR,pK,11676,6.678,7.4474435
GPCR,pK,11677,6.328,5.974058
GPCR,pK,11678,4.398,5.4908543
GPCR,pK,11679,5.886,6.00024
GPCR,pK,11680,7.721,7.868966
GPCR,pK,11681,6.244,6.8755713
GPCR,pK,11682,8.09,7.3437247
GPCR,pK,11683,6.55,6.536423
GPCR,pK,11684,6.22,5.9125805
GPCR,pK,11685,8.954,8.890615
GPCR,pK,11686,6.409,5.749189
GPCR,pK,11687,6.398,6.154542
GPCR,pK,11688,8.398,7.5275583
GPCR,pK,11689,7.921,7.4623876
GPCR,pK,11690,7.921,8.294049
GPCR,pK,11691,7.834,8.408437
GPCR,pK,11692,7.398,8.538168
GPCR,pK,11693,7.051,6.9769616
GPCR,pK,11694,6.471,6.9457326
GPCR,pK,11695,8.824,6.742154
GPCR,pK,11696,5.658,5.881809
GPCR,pK,11697,4.88,5.26332
GPCR,pK,11698,5.45,6.110419
GPCR,pK,11699,5.25,4.337759
GPCR,pK,11700,5.84,5.59148
GPCR,pK,11701,5.02,5.1024704
GPCR,pK,11702,6.63,7.1049485
GPCR,pK,11703,8.059,8.329097
GPCR,pK,11704,7.709,6.8821063
GPCR,pK,11705,6.42,6.811463
GPCR,pK,11706,7.756,7.608516
GPCR,pK,11707,4.97,5.594497
GPCR,pK,11708,5.0,6.1743693
GPCR,pK,11709,8.523,6.2153716
GPCR,pK,11710,6.15,6.2014627
GPCR,pK,11711,8.523,6.1950593
GPCR,pK,11712,5.15,5.8870416
GPCR,pK,11713,7.796,7.216307
GPCR,pK,11714,7.796,5.1970134
GPCR,pK,11715,5.63,6.1664453
GPCR,pK,11716,7.796,5.46794
GPCR,pK,11717,6.02,8.748024
GPCR,pK,11718,5.34,6.075105
GPCR,pK,11719,5.46,6.622026
GPCR,pK,11720,7.22,6.9041047
GPCR,pK,11721,7.13,6.740954
GPCR,pK,11722,7.5,6.634808
GPCR,pK,11723,5.313,5.576116
GPCR,pK,11724,4.991,5.244353
GPCR,pK,11725,8.478,8.82892
GPCR,pK,11726,8.542,8.064689
GPCR,pK,11727,8.41,8.600814
GPCR,pK,11728,7.745,7.038724
GPCR,pK,11729,7.131,7.5680914
GPCR,pK,11730,7.18,7.0774193
GPCR,pK,11731,5.943,6.632291
GPCR,pK,11732,7.215,6.610876
GPCR,pK,11733,7.446,6.7242494
GPCR,pK,11734,7.167,7.183673
GPCR,pK,11735,7.137,7.3042555
GPCR,pK,11736,7.602,7.288043
GPCR,pK,11737,6.109,6.1338716
GPCR,pK,11738,6.832,6.435323
GPCR,pK,11739,5.874,5.4148192
GPCR,pK,11740,6.077,5.863405
GPCR,pK,11741,5.759,5.41449
GPCR,pK,11742,7.358,7.0114217
GPCR,pK,11743,8.285,8.327487
GPCR,pK,11744,8.211,8.109942
GPCR,pK,11745,6.29,6.0745845
GPCR,pK,11746,7.035,6.5819097
GPCR,pK,11747,5.43,6.5577626
GPCR,pK,11748,6.763,6.574815
GPCR,pK,11749,8.046,8.053335
GPCR,pK,11750,8.301,7.486449
GPCR,pK,11751,8.745,8.100603
GPCR,pK,11752,8.092,7.8278203
GPCR,pK,11753,9.085,8.101443
GPCR,pK,11754,7.824,6.637216
GPCR,pK,11755,8.959,7.3983655
GPCR,pK,11756,9.301,9.463275
GPCR,pK,11757,8.701,7.9015374
GPCR,pK,11758,8.0,7.867978
GPCR,pK,11759,8.45,6.6604476
GPCR,pK,11760,6.635,6.288959
GPCR,pK,11761,6.1,6.844194
GPCR,pK,11762,6.854,8.861014
GPCR,pK,11763,5.616,5.5984063
GPCR,pK,11764,5.74,5.6217413
GPCR,pK,11765,5.05,4.455255
GPCR,pK,11766,6.001,6.940336
GPCR,pK,11767,7.319,8.093833
GPCR,pK,11768,9.77,8.081112
GPCR,pK,11769,6.022,5.547504
GPCR,pK,11770,8.921,7.347465
GPCR,pK,11771,9.699,8.667268
GPCR,pK,11772,6.947,6.467608
GPCR,pK,11773,5.89,7.3169703
GPCR,pK,11774,6.886,9.713476
GPCR,pK,11775,5.346,6.4134984
GPCR,pK,11776,6.449,7.3428082
GPCR,pK,11777,6.0,8.188315
GPCR,pK,11778,7.301,7.0367064
GPCR,pK,11779,5.955,8.037327
GPCR,pK,11780,4.948,4.369619
GPCR,pK,11781,9.585,9.543453
GPCR,pK,11782,7.45,7.1091313
GPCR,pK,11783,6.0,7.451617
GPCR,pK,11784,8.409,9.614585
GPCR,pK,11785,8.21,6.744161
GPCR,pK,11786,9.066,8.240868
GPCR,pK,11787,6.824,5.9659886
GPCR,pK,11788,6.921,6.575311
GPCR,pK,11789,6.599,5.2038693
GPCR,pK,11790,6.0,5.5257325
GPCR,pK,11791,8.203,7.6471906
GPCR,pK,11792,6.59,6.74792
GPCR,pK,11793,5.336,7.6256456
GPCR,pK,11794,10.155,7.3059573
GPCR,pK,11795,5.334,7.1329536
GPCR,pK,11796,6.72,6.7171845
GPCR,pK,11797,7.6,6.642225
GPCR,pK,11798,8.585,9.192242
GPCR,pK,11799,5.54,6.1356997
GPCR,pK,11800,6.82,6.4748726
GPCR,pK,11801,5.697,7.3038974
GPCR,pK,11802,7.06,5.9622355
GPCR,pK,11803,7.553,8.157197
GPCR,pK,11804,7.377,7.3241224
GPCR,pK,11805,8.824,7.901972
GPCR,pK,11806,7.4,6.8494563
GPCR,pK,11807,6.301,6.210888
GPCR,pK,11808,6.642,6.7022195
GPCR,pK,11809,8.05,6.674228
GPCR,pK,11810,8.3,7.289588
GPCR,pK,11811,8.561,6.323273
GPCR,pK,11812,6.253,6.843565
GPCR,pK,11813,8.678,6.919907
GPCR,pK,11814,8.815,7.5953245
GPCR,pK,11815,9.292,7.5224223
GPCR,pK,11816,9.845,9.405099
GPCR,pK,11817,7.569,7.6032176
GPCR,pK,11818,7.801,6.5615573
GPCR,pK,11819,5.854,5.485636
GPCR,pK,11820,8.523,9.032884
GPCR,pK,11821,5.031,5.580058
GPCR,pK,11822,5.0,6.1568265
GPCR,pK,11823,8.602,8.484044
GPCR,pK,11824,8.2,7.4876494
GPCR,pK,11825,7.143,7.00103
GPCR,pK,11826,6.0,7.852918
GPCR,pK,11827,6.845,7.2068896
GPCR,pK,11828,7.777,7.618386
GPCR,pK,11829,7.016,6.729431
GPCR,pK,11830,8.243,9.314197
GPCR,pK,11831,6.14,6.0993085
GPCR,pK,11832,7.143,6.692914
GPCR,pK,11833,7.367,7.4654775
GPCR,pK,11834,6.873,7.0538154
GPCR,pK,11835,5.81,5.666246
GPCR,pK,11836,7.519,7.3929577
GPCR,pK,11837,8.298,8.009646
GPCR,pK,11838,7.011,7.9613566
GPCR,pK,11839,7.269,7.3433223
GPCR,pK,11840,6.572,6.676243
GPCR,pK,11841,4.954,4.1220484
GPCR,pK,11842,4.356,4.1805778
GPCR,pK,11843,4.362,4.1353254
GPCR,pK,11844,4.556,5.0157847
GPCR,pK,11845,4.411,4.0556717
GPCR,pK,11846,4.992,4.952295
GPCR,pK,11847,4.417,4.3220763
GPCR,pK,11848,4.637,4.6187625
GPCR,pK,11849,4.173,4.3426204
GPCR,pK,11850,5.52,6.4271502
GPCR,pK,11851,7.481,7.4158654
GPCR,pK,11852,7.638,7.5031223
GPCR,pK,11853,7.921,7.6520076
GPCR,pK,11854,7.0,6.904903
GPCR,pK,11855,7.222,7.554031
GPCR,pK,11856,7.367,7.190532
GPCR,pK,11857,6.777,7.0837474
GPCR,pK,11858,8.097,8.175206
GPCR,pK,11859,8.398,8.046056
GPCR,pK,11860,8.276,7.7503505
GPCR,pK,11861,8.796,8.552622
GPCR,pK,11862,7.553,6.7944674
GPCR,pK,11863,7.523,7.8993697
GPCR,pK,11864,7.538,6.740519
GPCR,pK,11865,7.108,6.6985326
GPCR,pK,11866,8.921,9.1588955
GPCR,pK,11867,7.099,7.1860623
GPCR,pK,11868,8.517,7.185845
GPCR,pK,11869,8.959,8.856798
GPCR,pK,11870,8.569,8.974099
GPCR,pK,11871,8.602,8.80766
GPCR,pK,11872,9.022,9.180724
GPCR,pK,11873,7.724,7.6359
GPCR,pK,11874,6.752,8.203704
GPCR,pK,11875,5.854,6.4909816
GPCR,pK,11876,9.824,8.947656
GPCR,pK,11877,9.176,9.185406
GPCR,pK,11878,7.319,9.0582
GPCR,pK,11879,5.0,6.028631
GPCR,pK,11880,6.585,6.3870344
GPCR,pK,11881,9.301,8.064294
GPCR,pK,11882,8.398,7.9846845
GPCR,pK,11883,5.0,5.392693
GPCR,pK,11884,7.032,6.560695
GPCR,pK,11885,7.228,7.808586
GPCR,pK,11886,7.889,7.5961127
GPCR,pK,11887,7.051,6.9391227
GPCR,pK,11888,7.059,6.535785
GPCR,pK,11889,6.963,6.69385
GPCR,pK,11890,6.462,7.457805
GPCR,pK,11891,7.772,7.7060723
GPCR,pK,11892,6.472,7.1736326
GPCR,pK,11893,7.491,7.2327666
GPCR,pK,11894,7.102,6.7689285
GPCR,pK,11895,4.699,4.77592
GPCR,pK,11896,4.699,4.527696
GPCR,pK,11897,8.034,7.0377474
GPCR,pK,11898,8.387,8.324607
GPCR,pK,11899,7.237,8.215906
GPCR,pK,11900,7.721,8.403514
GPCR,pK,11901,8.1,8.057314
GPCR,pK,11902,8.077,8.288753
GPCR,pK,11903,7.868,7.831414
GPCR,pK,11904,7.987,7.093718
GPCR,pK,11905,7.469,6.3031473
GPCR,pK,11906,8.208,7.1431813
GPCR,pK,11907,8.284,7.197788
GPCR,pK,11908,6.772,7.886873
GPCR,pK,11909,7.432,6.8648615
GPCR,pK,11910,7.347,7.916441
GPCR,pK,11911,9.523,8.333603
GPCR,pK,11912,8.509,8.897525
GPCR,pK,11913,7.854,7.9851303
GPCR,pK,11914,7.229,6.5576406
GPCR,pK,11915,7.456,7.1827836
GPCR,pK,11916,7.495,7.462383
GPCR,pK,11917,8.268,7.4268565
GPCR,pK,11918,7.564,7.3062663
GPCR,pK,11919,5.998,6.1066785
GPCR,pK,11920,6.085,6.5116796
GPCR,pK,11921,5.027,5.81835
GPCR,pK,11922,7.133,7.1421156
GPCR,pK,11923,9.367,9.37639
GPCR,pK,11924,6.503,6.685531
GPCR,pK,11925,6.947,6.6504803
GPCR,pK,11926,8.699,8.405833
GPCR,pK,11927,8.0,7.798134
GPCR,pK,11928,7.051,8.33387
GPCR,pK,11929,7.187,8.41068
GPCR,pK,11930,8.097,7.878572
GPCR,pK,11931,7.328,7.55969
GPCR,pK,11932,7.301,7.4881935
GPCR,pK,11933,7.284,7.701596
GPCR,pK,11934,8.523,8.60974
GPCR,pK,11935,9.301,9.192756
GPCR,pK,11936,7.633,7.825741
GPCR,pK,11937,8.481,8.321856
GPCR,pK,11938,8.469,8.761123
GPCR,pK,11939,7.157,7.3660965
GPCR,pK,11940,6.424,6.741069
GPCR,pK,11941,7.392,6.657266
GPCR,pK,11942,6.609,6.6391816
GPCR,pK,11943,7.936,7.383381
GPCR,pK,11944,7.425,7.3161774
GPCR,pK,11945,9.0,8.425485
GPCR,pK,11946,5.576,7.392919
GPCR,pK,11947,8.046,7.501765
GPCR,pK,11948,7.284,6.937466
GPCR,pK,11949,6.122,7.0338783
GPCR,pK,11950,5.284,6.5328507
GPCR,pK,11951,5.977,7.4159193
GPCR,pK,11952,7.77,6.1121297
GPCR,pK,11953,6.201,6.686003
GPCR,pK,11954,6.087,6.1564374
GPCR,pK,11955,7.538,6.265162
GPCR,pK,11956,7.124,6.743481
GPCR,pK,11957,7.364,5.7906632
GPCR,pK,11958,6.609,7.377408
GPCR,pK,11959,5.971,6.553069
GPCR,pK,11960,6.629,6.6848454
GPCR,pK,11961,6.807,7.022298
GPCR,pK,11962,4.638,4.4531164
GPCR,pK,11963,8.77,8.65649
GPCR,pK,11964,7.155,7.0115104
GPCR,pK,11965,7.495,8.038545
GPCR,pK,11966,7.167,7.47294
GPCR,pK,11967,7.481,7.4626956
GPCR,pK,11968,9.0,8.358956
GPCR,pK,11969,8.301,7.095336
GPCR,pK,11970,7.354,6.666332
GPCR,pK,11971,7.26,7.687346
GPCR,pK,11972,8.77,9.207965
GPCR,pK,11973,8.495,9.488147
GPCR,pK,11974,6.979,6.6523232
GPCR,pK,11975,6.924,7.2130685
GPCR,pK,11976,6.73,7.7617536
GPCR,pK,11977,5.173,6.1695304
GPCR,pK,11978,8.523,7.082683
GPCR,pK,11979,8.222,7.9715867
GPCR,pK,11980,6.6,7.567349
GPCR,pK,11981,6.62,5.4070835
GPCR,pK,11982,9.056,8.898889
GPCR,pK,11983,8.678,8.359888
GPCR,pK,11984,8.708,8.771847
GPCR,pK,11985,7.167,9.121253
GPCR,pK,11986,5.006,5.2558475
GPCR,pK,11987,6.78,6.5948715
GPCR,pK,11988,9.2,8.927818
GPCR,pK,11989,7.5,8.177902
GPCR,pK,11990,8.4,8.050683
GPCR,pK,11991,8.3,7.5099807
GPCR,pK,11992,8.0,7.968758
GPCR,pK,11993,8.9,9.182889
GPCR,pK,11994,7.3,8.704112
GPCR,pK,11995,8.9,8.418851
GPCR,pK,11996,7.9,7.3683496
GPCR,pK,11997,8.5,8.702035
GPCR,pK,11998,9.0,8.202641
GPCR,pK,11999,9.0,8.927818
GPCR,pK,12000,7.801,8.858323
GPCR,pK,12001,6.9,6.991037
GPCR,pK,12002,7.1,7.396518
GPCR,pK,12003,5.0,4.9206624
GPCR,pK,12004,6.088,5.988914
GPCR,pK,12005,5.994,6.0754724
GPCR,pK,12006,5.228,6.4473405
GPCR,pK,12007,5.544,5.646725
GPCR,pK,12008,5.5,5.528794
GPCR,pK,12009,5.509,6.4510365
GPCR,pK,12010,5.614,5.893627
GPCR,pK,12011,5.978,6.681245
GPCR,pK,12012,5.0,6.4983377
GPCR,pK,12013,6.039,7.056602
GPCR,pK,12014,6.532,7.4110465
GPCR,pK,12015,4.89,5.830754
GPCR,pK,12016,6.132,6.326781
GPCR,pK,12017,6.415,6.258759
GPCR,pK,12018,6.342,6.148789
GPCR,pK,12019,6.276,6.479056
GPCR,pK,12020,5.955,6.2666354
GPCR,pK,12021,6.207,6.345945
GPCR,pK,12022,6.203,6.4969983
GPCR,pK,12023,5.81,6.016934
GPCR,pK,12024,5.448,6.0566397
GPCR,pK,12025,7.854,8.420974
GPCR,pK,12026,8.377,8.680225
GPCR,pK,12027,8.301,8.482431
GPCR,pK,12028,7.187,7.4045005
GPCR,pK,12029,8.585,8.872804
GPCR,pK,12030,9.301,9.399978
GPCR,pK,12031,8.721,9.600066
GPCR,pK,12032,8.42,8.396826
GPCR,pK,12033,6.334,6.268225
GPCR,pK,12034,6.325,6.401193
GPCR,pK,12035,5.252,5.5433526
GPCR,pK,12036,6.27,6.3617864
GPCR,pK,12037,6.022,5.838942
GPCR,pK,12038,5.086,5.3842816
GPCR,pK,12039,5.824,5.4443617
GPCR,pK,12040,6.427,6.1955085
GPCR,pK,12041,5.092,5.8367057
GPCR,pK,12042,6.197,6.16158
GPCR,pK,12043,5.723,5.7104745
GPCR,pK,12044,5.699,5.8820205
GPCR,pK,12045,6.1,6.4436216
GPCR,pK,12046,6.318,6.2753882
GPCR,pK,12047,6.682,6.1885867
GPCR,pK,12048,6.742,6.280054
GPCR,pK,12049,6.578,6.3940463
GPCR,pK,12050,6.213,6.038316
GPCR,pK,12051,5.796,5.9933276
GPCR,pK,12052,5.387,6.0177503
GPCR,pK,12053,5.42,5.608831
GPCR,pK,12054,5.377,5.7163024
GPCR,pK,12055,6.876,6.602211
GPCR,pK,12056,6.824,6.6370482
GPCR,pK,12057,6.562,6.853394
GPCR,pK,12058,6.416,6.6666684
GPCR,pK,12059,6.672,6.834538
GPCR,pK,12060,6.123,6.0325165
GPCR,pK,12061,6.362,6.5846734
GPCR,pK,12062,6.409,6.3672805
GPCR,pK,12063,5.959,5.7719417
GPCR,pK,12064,5.678,5.498619
GPCR,pK,12065,6.532,6.313027
GPCR,pK,12066,5.959,6.343857
GPCR,pK,12067,6.752,6.607624
GPCR,pK,12068,7.854,7.9728956
GPCR,pK,12069,7.538,7.5075173
GPCR,pK,12070,6.876,6.832832
GPCR,pK,12071,6.144,6.202625
GPCR,pK,12072,7.469,6.9872174
GPCR,pK,12073,6.487,6.02317
GPCR,pK,12074,7.347,7.0083594
GPCR,pK,12075,8.26,7.7257886
GPCR,pK,12076,7.26,7.7294755
GPCR,pK,12077,8.26,7.872696
GPCR,pK,12078,7.26,7.810512
GPCR,pK,12079,8.114,7.2567286
GPCR,pK,12080,7.658,8.333177
GPCR,pK,12081,6.762,6.4135056
GPCR,pK,12082,6.959,6.176642
GPCR,pK,12083,6.115,6.2805758
GPCR,pK,12084,5.959,6.4061913
GPCR,pK,12085,6.012,6.1392093
GPCR,pK,12086,6.983,6.3772416
GPCR,pK,12087,6.0,6.2247663
GPCR,pK,12088,5.319,5.5641513
GPCR,pK,12089,6.054,5.668245
GPCR,pK,12090,5.456,5.612257
GPCR,pK,12091,6.47,6.2132277
GPCR,pK,12092,6.807,6.610607
GPCR,pK,12093,6.695,6.602315
GPCR,pK,12094,7.096,6.5959325
GPCR,pK,12095,6.588,6.629821
GPCR,pK,12096,7.001,6.824424
GPCR,pK,12097,8.614,8.064059
GPCR,pK,12098,8.706,8.06406
GPCR,pK,12099,7.335,8.157285
GPCR,pK,12100,7.889,7.5957913
GPCR,pK,12101,8.273,8.528309
GPCR,pK,12102,8.424,7.7601614
GPCR,pK,12103,8.616,8.52484
GPCR,pK,12104,7.057,7.232499
GPCR,pK,12105,8.164,8.648646
GPCR,pK,12106,7.793,7.919266
GPCR,pK,12107,7.724,7.939543
GPCR,pK,12108,7.511,7.3276453
GPCR,pK,12109,9.108,8.528308
GPCR,pK,12110,7.873,8.190679
GPCR,pK,12111,7.548,7.4215245
GPCR,pK,12112,8.721,7.9377112
GPCR,pK,12113,4.824,5.1915293
GPCR,pK,12114,5.824,5.108854
GPCR,pK,12115,7.249,7.265327
GPCR,pK,12116,7.229,6.9006305
GPCR,pK,12117,10.284,8.727508
GPCR,pK,12118,9.222,9.661801
GPCR,pK,12119,9.481,9.166647
GPCR,pK,12120,6.62,6.284801
GPCR,pK,12121,8.17,7.3877645
GPCR,pK,12122,4.71,7.518678
GPCR,pK,12123,5.556,8.00509
GPCR,pK,12124,6.33,6.261887
GPCR,pK,12125,7.24,6.483663
GPCR,pK,12126,6.78,6.6852155
GPCR,pK,12127,6.37,6.3475394
GPCR,pK,12128,7.429,7.034818
GPCR,pK,12129,5.68,6.1566863
GPCR,pK,12130,8.032,8.790023
GPCR,pK,12131,8.721,8.76274
GPCR,pK,12132,8.824,8.901942
GPCR,pK,12133,7.959,8.087615
GPCR,pK,12134,8.046,6.968152
GPCR,pK,12135,7.092,7.126371
GPCR,pK,12136,6.42,6.9119797
GPCR,pK,12137,7.907,7.891528
GPCR,pK,12138,9.509,8.762248
GPCR,pK,12139,6.493,6.7002788
GPCR,pK,12140,6.097,6.0213914
GPCR,pK,12141,5.483,5.9020095
GPCR,pK,12142,6.234,6.4021373
GPCR,pK,12143,6.873,7.4817133
GPCR,pK,12144,8.161,8.6501465
GPCR,pK,12145,5.523,5.837211
GPCR,pK,12146,6.125,5.8086076
GPCR,pK,12147,5.523,5.4401736
GPCR,pK,12148,6.523,6.1999316
GPCR,pK,12149,9.071,9.236748
GPCR,pK,12150,9.201,9.458222
GPCR,pK,12151,9.041,9.348523
GPCR,pK,12152,9.244,9.302795
GPCR,pK,12153,7.932,8.889003
GPCR,pK,12154,8.719,9.310597
GPCR,pK,12155,8.523,8.942515
GPCR,pK,12156,8.523,8.494626
GPCR,pK,12157,8.523,7.8225083
GPCR,pK,12158,8.523,7.9288697
GPCR,pK,12159,8.523,8.564059
GPCR,pK,12160,8.523,8.258769
GPCR,pK,12161,7.495,7.717788
GPCR,pK,12162,5.602,5.403929
GPCR,pK,12163,7.319,6.9758344
GPCR,pK,12164,8.523,6.754249
GPCR,pK,12165,7.886,6.621858
GPCR,pK,12166,6.903,7.1737523
GPCR,pK,12167,4.468,6.0078363
GPCR,pK,12168,5.774,6.2078204
GPCR,pK,12169,6.306,6.401004
GPCR,pK,12170,6.585,6.403714
GPCR,pK,12171,6.873,6.55189
GPCR,pK,12172,6.326,6.9441
GPCR,pK,12173,6.627,6.07855
GPCR,pK,12174,6.506,6.302503
GPCR,pK,12175,6.07,6.2556796
GPCR,pK,12176,6.712,6.7783785
GPCR,pK,12177,6.221,5.87994
GPCR,pK,12178,5.433,6.07484
GPCR,pK,12179,7.553,7.8481393
GPCR,pK,12180,7.31,7.476326
GPCR,pK,12181,6.256,6.267146
GPCR,pK,12182,6.602,6.515449
GPCR,pK,12183,5.583,5.3046513
GPCR,pK,12184,6.102,5.2959437
GPCR,pK,12185,6.196,6.133043
GPCR,pK,12186,6.447,5.728109
GPCR,pK,12187,6.921,6.888188
GPCR,pK,12188,6.456,6.7298093
GPCR,pK,12189,7.523,6.9889426
GPCR,pK,12190,8.137,6.6136794
GPCR,pK,12191,7.229,7.060904
GPCR,pK,12192,6.971,5.6014733
GPCR,pK,12193,6.475,6.2204127
GPCR,pK,12194,6.866,7.6133647
GPCR,pK,12195,7.53,6.1687927
GPCR,pK,12196,7.187,6.6957545
GPCR,pK,12197,7.002,6.478864
GPCR,pK,12198,8.523,7.5502763
GPCR,pK,12199,5.963,6.165232
GPCR,pK,12200,5.344,5.486754
GPCR,pK,12201,5.186,5.5290895
GPCR,pK,12202,5.426,4.904466
GPCR,pK,12203,5.161,5.547108
GPCR,pK,12204,7.886,7.7319427
GPCR,pK,12205,5.656,5.8197227
GPCR,pK,12206,5.608,5.1322246
GPCR,pK,12207,5.612,6.0823007
GPCR,pK,12208,5.211,5.6533065
GPCR,pK,12209,8.398,8.465362
GPCR,pK,12210,7.387,7.14347
GPCR,pK,12211,6.62,6.8887267
GPCR,pK,12212,5.789,5.927856
GPCR,pK,12213,7.432,6.4896693
GPCR,pK,12214,6.523,6.6680264
GPCR,pK,12215,5.987,6.390022
GPCR,pK,12216,6.248,5.2372413
GPCR,pK,12217,5.738,5.379843
GPCR,pK,12218,5.822,6.172272
GPCR,pK,12219,5.801,5.2390285
GPCR,pK,12220,5.415,5.699968
GPCR,pK,12221,5.32,5.300417
GPCR,pK,12222,8.398,7.3985186
GPCR,pK,12223,6.456,7.911408
GPCR,pK,12224,7.721,7.229045
GPCR,pK,12225,8.0,6.953052
GPCR,pK,12226,5.706,5.1693816
GPCR,pK,12227,7.056,7.2066875
GPCR,pK,12228,8.301,6.9142528
GPCR,pK,12229,6.197,7.0627217
GPCR,pK,12230,6.034,6.4103465
GPCR,pK,12231,7.959,7.367553
GPCR,pK,12232,7.076,6.944535
GPCR,pK,12233,6.824,7.1586304
GPCR,pK,12234,6.928,6.611007
GPCR,pK,12235,7.438,7.273748
GPCR,pK,12236,7.158,7.207207
GPCR,pK,12237,7.347,7.320741
GPCR,pK,12238,7.602,7.364393
GPCR,pK,12239,7.357,7.375222
GPCR,pK,12240,7.983,7.9202256
GPCR,pK,12241,7.246,7.755072
GPCR,pK,12242,6.071,6.7804055
GPCR,pK,12243,7.428,7.073033
GPCR,pK,12244,6.991,6.7913375
GPCR,pK,12245,6.745,6.371801
GPCR,pK,12246,6.45,6.8294606
GPCR,pK,12247,6.921,6.840341
GPCR,pK,12248,7.824,7.737157
GPCR,pK,12249,6.886,7.419353
GPCR,pK,12250,6.745,6.940313
GPCR,pK,12251,6.333,5.829099
GPCR,pK,12252,6.523,6.356152
GPCR,pK,12253,9.222,8.712152
GPCR,pK,12254,7.796,8.404319
GPCR,pK,12255,7.678,8.467248
GPCR,pK,12256,8.004,8.467248
GPCR,pK,12257,8.824,9.101167
GPCR,pK,12258,9.222,8.245252
GPCR,pK,12259,8.42,8.093042
GPCR,pK,12260,7.469,8.80777
GPCR,pK,12261,8.721,8.5508585
GPCR,pK,12262,6.015,6.569445
GPCR,pK,12263,5.336,6.76335
GPCR,pK,12264,6.469,6.37292
GPCR,pK,12265,5.465,5.7326174
GPCR,pK,12266,5.231,6.4051886
GPCR,pK,12267,7.073,7.1420746
GPCR,pK,12268,5.463,5.7692943
GPCR,pK,12269,7.347,6.319466
GPCR,pK,12270,6.319,6.2628636
GPCR,pK,12271,5.28,5.4133177
GPCR,pK,12272,5.865,5.9758286
GPCR,pK,12273,6.959,6.706567
GPCR,pK,12274,5.416,5.483672
GPCR,pK,12275,7.009,6.880016
GPCR,pK,12276,6.102,6.3675027
GPCR,pK,12277,6.441,7.1751795
GPCR,pK,12278,5.28,5.7333646
GPCR,pK,12279,7.385,7.823936
GPCR,pK,12280,5.967,6.160277
GPCR,pK,12281,6.33,6.441609
GPCR,pK,12282,6.889,4.9573393
GPCR,pK,12283,7.398,7.6686335
GPCR,pK,12284,9.137,9.878875
GPCR,pK,12285,9.092,9.587026
GPCR,pK,12286,9.252,9.249737
GPCR,pK,12287,9.658,9.620257
GPCR,pK,12288,9.222,9.802613
GPCR,pK,12289,9.921,9.626264
GPCR,pK,12290,9.337,9.355734
GPCR,pK,12291,9.301,8.614583
GPCR,pK,12292,9.284,9.379214
GPCR,pK,12293,9.194,9.453023
GPCR,pK,12294,9.886,9.419681
GPCR,pK,12295,8.328,8.173417
GPCR,pK,12296,10.237,10.120664
GPCR,pK,12297,8.06,8.700366
GPCR,pK,12298,8.208,7.8163185
GPCR,pK,12299,7.312,6.8868203
GPCR,pK,12300,3.462,1.8819889
GPCR,pK,12301,1.503,1.5773267
GPCR,pK,12302,7.36,6.5583963
GPCR,pK,12303,8.74,6.567394
GPCR,pK,12304,7.68,7.671545
GPCR,pK,12305,7.12,8.255287
GPCR,pK,12306,5.96,7.430762
GPCR,pK,12307,8.46,6.782334
GPCR,pK,12308,8.05,7.140927
GPCR,pK,12309,9.721,8.837403
GPCR,pK,12310,8.62,8.183999
GPCR,pK,12311,10.301,9.251773
GPCR,pK,12312,9.959,9.967263
GPCR,pK,12313,8.284,8.87576
GPCR,pK,12314,6.26,6.6924257
GPCR,pK,12315,6.26,6.067619
GPCR,pK,12316,7.26,6.646348
GPCR,pK,12317,7.26,6.9121156
GPCR,pK,12318,7.26,7.248078
GPCR,pK,12319,7.26,7.15295
GPCR,pK,12320,7.26,7.126979
GPCR,pK,12321,7.26,7.5262733
GPCR,pK,12322,7.26,7.0886836
GPCR,pK,12323,7.26,6.723605
GPCR,pK,12324,6.26,6.7023864
GPCR,pK,12325,6.26,6.6153994
GPCR,pK,12326,6.26,7.185255
GPCR,pK,12327,6.26,6.596193
GPCR,pK,12328,6.26,6.726456
GPCR,pK,12329,7.26,6.545132
GPCR,pK,12330,7.26,7.322001
GPCR,pK,12331,7.26,7.0691805
GPCR,pK,12332,7.26,7.055317
GPCR,pK,12333,7.26,6.6602774
GPCR,pK,12334,6.26,6.422301
GPCR,pK,12335,6.26,6.7965097
GPCR,pK,12336,7.26,6.5670347
GPCR,pK,12337,7.26,6.577538
GPCR,pK,12338,6.26,6.336681
GPCR,pK,12339,7.26,6.807215
GPCR,pK,12340,6.26,7.063606
GPCR,pK,12341,6.26,6.462686
GPCR,pK,12342,7.26,6.8616877
GPCR,pK,12343,7.26,7.082666
GPCR,pK,12344,6.26,6.563777
GPCR,pK,12345,7.26,6.3074265
GPCR,pK,12346,7.886,8.395988
GPCR,pK,12347,7.886,7.554216
GPCR,pK,12348,7.886,7.8990026
GPCR,pK,12349,8.658,8.783181
GPCR,pK,12350,8.745,8.242239
GPCR,pK,12351,8.114,8.258556
GPCR,pK,12352,8.187,8.722339
GPCR,pK,12353,6.959,8.702693
GPCR,pK,12354,8.31,8.444149
GPCR,pK,12355,7.495,8.107115
GPCR,pK,12356,8.301,7.2287145
GPCR,pK,12357,7.284,7.4869556
GPCR,pK,12358,7.523,6.837814
GPCR,pK,12359,6.087,6.365148
GPCR,pK,12360,9.699,10.179688
GPCR,pK,12361,8.569,10.13758
GPCR,pK,12362,8.638,9.66287
GPCR,pK,12363,9.6,8.60093
GPCR,pK,12364,8.0,8.212834
GPCR,pK,12365,7.4,8.217722
GPCR,pK,12366,6.9,7.4696918
GPCR,pK,12367,8.1,8.151056
GPCR,pK,12368,8.4,8.435739
GPCR,pK,12369,8.4,8.984254
GPCR,pK,12370,10.0,9.16905
GPCR,pK,12371,7.57,8.144478
GPCR,pK,12372,7.056,6.983774
GPCR,pK,12373,7.347,7.016476
GPCR,pK,12374,5.886,6.6104817
GPCR,pK,12375,6.0,6.2856336
GPCR,pK,12376,6.102,6.1757846
GPCR,pK,12377,6.42,6.3002534
GPCR,pK,12378,5.894,6.275757
GPCR,pK,12379,9.1,8.009206
GPCR,pK,12380,4.824,6.3135877
GPCR,pK,12381,5.77,5.666613
GPCR,pK,12382,5.509,6.0572715
GPCR,pK,12383,6.444,7.2660837
GPCR,pK,12384,6.155,5.87284
GPCR,pK,12385,6.602,6.6456943
GPCR,pK,12386,6.26,6.6725082
GPCR,pK,12387,8.06,7.3822694
GPCR,pK,12388,8.939,6.5785003
GPCR,pK,12389,6.201,7.774414
GPCR,pK,12390,7.824,7.6046433
GPCR,pK,12391,7.1,8.2654085
GPCR,pK,12392,6.4,7.23483
GPCR,pK,12393,10.201,8.936223
GPCR,pK,12394,5.77,5.790494
GPCR,pK,12395,6.509,6.4302006
GPCR,pK,12396,7.201,6.5027623
GPCR,pK,12397,6.174,5.8053555
GPCR,pK,12398,5.921,5.795072
GPCR,pK,12399,6.745,6.1890826
GPCR,pK,12400,5.824,5.718933
GPCR,pK,12401,5.886,5.8554006
GPCR,pK,12402,5.745,6.145649
GPCR,pK,12403,6.131,5.8610187
GPCR,pK,12404,5.796,5.96925
GPCR,pK,12405,5.796,5.8717365
GPCR,pK,12406,6.131,6.338144
GPCR,pK,12407,8.086,8.537028
GPCR,pK,12408,7.45,6.3496165
GPCR,pK,12409,6.75,6.174579
GPCR,pK,12410,6.18,5.9258637
GPCR,pK,12411,6.39,6.8170695
GPCR,pK,12412,6.37,6.4759912
GPCR,pK,12413,5.7,5.4495826
GPCR,pK,12414,4.95,4.9754004
GPCR,pK,12415,4.89,5.1311545
GPCR,pK,12416,5.575,6.231665
GPCR,pK,12417,6.222,6.25179
GPCR,pK,12418,6.979,6.419397
GPCR,pK,12419,9.2,8.917928
GPCR,pK,12420,8.4,8.758387
GPCR,pK,12421,4.061,4.061336
GPCR,pK,12422,10.0,9.671266
GPCR,pK,12423,9.0,9.270985
GPCR,pK,12424,8.9,9.59759
GPCR,pK,12425,6.9,7.948386
GPCR,pK,12426,6.573,6.310882
GPCR,pK,12427,6.032,6.1849537
GPCR,pK,12428,6.269,6.4382777
GPCR,pK,12429,6.0,6.6809087
GPCR,pK,12430,6.246,6.514851
GPCR,pK,12431,6.572,6.2619724
GPCR,pK,12432,6.248,6.613583
GPCR,pK,12433,6.971,6.863078
GPCR,pK,12434,6.405,6.966309
GPCR,pK,12435,6.65,6.166393
GPCR,pK,12436,6.197,6.6181827
GPCR,pK,12437,6.78,6.0766597
GPCR,pK,12438,6.333,6.483475
GPCR,pK,12439,6.611,6.597386
GPCR,pK,12440,6.489,6.6260433
GPCR,pK,12441,6.66,6.8622594
GPCR,pK,12442,6.493,6.658508
GPCR,pK,12443,7.432,7.2536006
GPCR,pK,12444,7.432,6.3384023
GPCR,pK,12445,6.975,6.9925923
GPCR,pK,12446,6.551,6.4681535
GPCR,pK,12447,5.694,5.7421994
GPCR,pK,12448,6.156,6.592179
GPCR,pK,12449,6.211,6.2513824
GPCR,pK,12450,6.548,6.1538763
GPCR,pK,12451,6.06,6.599941
GPCR,pK,12452,7.328,7.526256
GPCR,pK,12453,6.284,6.330815
GPCR,pK,12454,7.215,7.1645923
GPCR,pK,12455,6.476,6.603658
GPCR,pK,12456,5.807,6.0171103
GPCR,pK,12457,6.863,7.2529025
GPCR,pK,12458,7.569,8.110453
GPCR,pK,12459,5.26,6.143701
GPCR,pK,12460,6.9,8.336628
GPCR,pK,12461,8.321,9.457196
GPCR,pK,12462,8.481,8.278244
GPCR,pK,12463,6.845,7.0903387
GPCR,pK,12464,6.551,6.119406
GPCR,pK,12465,6.0,5.5637364
GPCR,pK,12466,9.155,8.853998
GPCR,pK,12467,6.854,7.159143
GPCR,pK,12468,7.268,7.2897267
GPCR,pK,12469,5.155,5.5886035
GPCR,pK,12470,6.678,7.043553
GPCR,pK,12471,4.0,4.450212
GPCR,pK,12472,5.77,5.9577327
GPCR,pK,12473,6.6,6.777551
GPCR,pK,12474,7.161,8.03774
GPCR,pK,12475,8.509,7.681077
GPCR,pK,12476,7.42,6.946411
GPCR,pK,12477,9.051,9.47963
GPCR,pK,12478,8.42,9.186492
GPCR,pK,12479,4.765,4.8183284
GPCR,pK,12480,7.602,7.18096
GPCR,pK,12481,5.585,5.4899783
GPCR,pK,12482,7.187,6.9035187
GPCR,pK,12483,6.719,7.778957
GPCR,pK,12484,6.818,7.0481105
GPCR,pK,12485,6.538,6.2549343
GPCR,pK,12486,4.444,4.105405
GPCR,pK,12487,3.857,3.8891997
GPCR,pK,12488,5.208,5.479704
GPCR,pK,12489,7.208,7.7175956
GPCR,pK,12490,7.745,8.467935
GPCR,pK,12491,7.959,8.172653
GPCR,pK,12492,7.699,6.3206687
GPCR,pK,12493,7.585,8.088062
GPCR,pK,12494,5.886,5.9536204
GPCR,pK,12495,5.959,6.1052394
GPCR,pK,12496,4.886,4.4358473
GPCR,pK,12497,5.481,4.7647395
GPCR,pK,12498,6.407,6.27793
GPCR,pK,12499,6.393,6.285018
GPCR,pK,12500,5.469,5.6466293
GPCR,pK,12501,4.959,5.62747
GPCR,pK,12502,8.041,7.966224
GPCR,pK,12503,7.959,7.7912564
GPCR,pK,12504,6.492,5.742559
GPCR,pK,12505,6.788,5.9782567
GPCR,pK,12506,3.398,2.9964256
GPCR,pK,12507,6.55,6.6991415
GPCR,pK,12508,8.18,7.5375285
GPCR,pK,12509,7.959,7.7046986
GPCR,pK,12510,8.62,9.565057
GPCR,pK,12511,6.238,5.1278663
GPCR,pK,12512,6.604,6.4518547
GPCR,pK,12513,6.9,6.5776153
GPCR,pK,12514,6.106,5.624206
GPCR,pK,12515,6.577,7.165075
GPCR,pK,12516,8.854,9.089478
GPCR,pK,12517,5.721,5.8528266
GPCR,pK,12518,4.724,4.7866397
GPCR,pK,12519,5.332,5.2676787
GPCR,pK,12520,4.73,5.0429134
GPCR,pK,12521,7.027,7.609717
GPCR,pK,12522,5.301,5.732978
GPCR,pK,12523,8.301,8.569431
GPCR,pK,12524,7.261,7.7659383
GPCR,pK,12525,6.74,6.7023015
GPCR,pK,12526,6.455,5.979983
GPCR,pK,12527,7.018,6.320056
GPCR,pK,12528,8.907,6.809299
GPCR,pK,12529,8.155,7.488643
GPCR,pK,12530,7.921,7.975651
GPCR,pK,12531,8.367,9.158292
GPCR,pK,12532,8.409,8.484015
GPCR,pK,12533,7.866,7.9703827
GPCR,pK,12534,5.618,5.9658055
GPCR,pK,12535,9.155,7.989673
GPCR,pK,12536,5.387,5.211898
GPCR,pK,12537,5.886,6.7585654
GPCR,pK,12538,7.854,9.569128
GPCR,pK,12539,9.699,9.100509
GPCR,pK,12540,9.301,8.472135
GPCR,pK,12541,8.377,8.99342
GPCR,pK,12542,5.708,6.1115994
GPCR,pK,12543,6.848,6.2477527
GPCR,pK,12544,9.276,6.341983
GPCR,pK,12545,8.267,8.796319
GPCR,pK,12546,8.437,8.698091
GPCR,pK,12547,5.233,5.518195
GPCR,pK,12548,8.495,7.7225733
GPCR,pK,12549,5.42,5.942411
GPCR,pK,12550,9.155,8.820069
GPCR,pK,12551,7.114,7.5856214
GPCR,pK,12552,9.0,8.013662
GPCR,pK,12553,5.745,5.7872777
GPCR,pK,12554,6.25,7.1754394
GPCR,pK,12555,5.25,6.039397
GPCR,pK,12556,5.69,5.813425
GPCR,pK,12557,4.95,4.940982
GPCR,pK,12558,6.316,6.073935
GPCR,pK,12559,7.319,7.2790184
GPCR,pK,12560,7.538,7.662476
GPCR,pK,12561,7.745,7.251804
GPCR,pK,12562,7.538,7.2838354
GPCR,pK,12563,7.222,7.3746834
GPCR,pK,12564,7.77,6.6444006
GPCR,pK,12565,6.221,5.7399077
GPCR,pK,12566,6.39,5.9581037
GPCR,pK,12567,6.873,6.984992
GPCR,pK,12568,7.921,7.7732573
GPCR,pK,12569,7.658,6.9516826
GPCR,pK,12570,7.222,7.4094825
GPCR,pK,12571,8.027,7.8971076
GPCR,pK,12572,8.187,7.991634
GPCR,pK,12573,5.6,5.287852
GPCR,pK,12574,6.469,7.0931454
GPCR,pK,12575,4.638,4.928884
GPCR,pK,12576,6.386,6.3486867
GPCR,pK,12577,5.352,5.8283734
GPCR,pK,12578,5.058,5.7937183
GPCR,pK,12579,6.242,6.104529
GPCR,pK,12580,7.921,7.8556485
GPCR,pK,12581,5.764,6.260162
GPCR,pK,12582,6.529,6.465687
GPCR,pK,12583,7.602,6.6816945
GPCR,pK,12584,6.229,6.696448
GPCR,pK,12585,8.301,9.478044
GPCR,pK,12586,7.387,7.810096
GPCR,pK,12587,5.569,5.7466826
GPCR,pK,12588,6.222,7.2138877
GPCR,pK,12589,7.367,6.178561
GPCR,pK,12590,5.194,6.9636664
GPCR,pK,12591,10.387,9.1711035
GPCR,pK,12592,10.257,9.517442
GPCR,pK,12593,6.77,6.4207253
GPCR,pK,12594,7.921,6.225208
GPCR,pK,12595,7.0,6.666365
GPCR,pK,12596,6.745,7.373316
GPCR,pK,12597,9.051,8.888704
GPCR,pK,12598,7.699,7.8925047
GPCR,pK,12599,5.036,5.351522
GPCR,pK,12600,6.225,6.5096164
GPCR,pK,12601,7.149,7.0220184
GPCR,pK,12602,6.179,6.3048124
GPCR,pK,12603,6.048,5.9686685
GPCR,pK,12604,6.012,5.895229
GPCR,pK,12605,7.004,7.543262
GPCR,pK,12606,7.187,7.633822
GPCR,pK,12607,6.2,5.9953475
GPCR,pK,12608,6.371,6.117785
GPCR,pK,12609,7.672,7.1173134
GPCR,pK,12610,5.921,5.9572163
GPCR,pK,12611,5.398,5.425071
GPCR,pK,12612,8.174,7.840316
GPCR,pK,12613,8.097,8.967078
GPCR,pK,12614,9.658,10.330889
GPCR,pK,12615,7.602,7.2379303
GPCR,pK,12616,9.602,9.517979
GPCR,pK,12617,9.886,10.049959
GPCR,pK,12618,8.319,7.8911996
GPCR,pK,12619,9.377,9.542748
GPCR,pK,12620,9.155,9.419232
GPCR,pK,12621,6.893,6.848098
GPCR,pK,12622,7.658,7.3166046
GPCR,pK,12623,10.523,9.350341
GPCR,pK,12624,7.745,7.664479
GPCR,pK,12625,7.638,7.5302815
GPCR,pK,12626,7.444,7.6686015
GPCR,pK,12627,8.046,8.551421
GPCR,pK,12628,8.538,8.691471
GPCR,pK,12629,7.854,7.8437877
GPCR,pK,12630,8.097,7.3819966
GPCR,pK,12631,7.444,7.9032454
GPCR,pK,12632,7.721,8.068106
GPCR,pK,12633,7.745,7.591786
GPCR,pK,12634,6.662,7.101347
GPCR,pK,12635,9.071,8.9461
GPCR,pK,12636,9.409,9.353153
GPCR,pK,12637,6.372,6.757584
GPCR,pK,12638,9.569,9.290616
GPCR,pK,12639,6.658,9.639464
GPCR,pK,12640,9.076,7.839478
GPCR,pK,12641,8.478,8.943713
GPCR,pK,12642,8.936,8.939134
GPCR,pK,12643,6.119,6.416597
GPCR,pK,12644,7.347,7.9961762
GPCR,pK,12645,8.959,8.97948
GPCR,pK,12646,7.523,7.5804987
GPCR,pK,12647,7.161,7.8330092
GPCR,pK,12648,7.824,7.837799
GPCR,pK,12649,7.886,8.100658
GPCR,pK,12650,7.553,7.460203
GPCR,pK,12651,7.377,7.49023
GPCR,pK,12652,6.393,6.548548
GPCR,pK,12653,6.281,6.941381
GPCR,pK,12654,6.002,6.8595905
GPCR,pK,12655,4.511,4.5823913
GPCR,pK,12656,7.77,7.658544
GPCR,pK,12657,7.301,7.7542796
GPCR,pK,12658,8.796,8.752805
GPCR,pK,12659,9.824,8.940236
GPCR,pK,12660,9.0,9.84896
GPCR,pK,12661,9.602,9.747126
GPCR,pK,12662,6.967,7.4303007
GPCR,pK,12663,8.0,7.479984
GPCR,pK,12664,7.42,7.645681
GPCR,pK,12665,7.959,8.026153
GPCR,pK,12666,5.737,5.9762053
GPCR,pK,12667,6.186,6.1312947
GPCR,pK,12668,7.886,7.6586394
GPCR,pK,12669,8.62,8.826331
GPCR,pK,12670,7.523,7.6677103
GPCR,pK,12671,9.538,9.367582
GPCR,pK,12672,9.62,9.8222885
GPCR,pK,12673,8.796,8.433526
GPCR,pK,12674,8.481,8.590033
GPCR,pK,12675,9.495,9.082266
GPCR,pK,12676,6.075,6.113743
GPCR,pK,12677,6.812,6.411222
GPCR,pK,12678,4.887,4.97219
GPCR,pK,12679,6.102,6.6311665
GPCR,pK,12680,6.398,6.3548164
GPCR,pK,12681,8.319,8.897851
GPCR,pK,12682,9.398,9.673278
GPCR,pK,12683,6.636,6.7100677
GPCR,pK,12684,6.602,7.710137
GPCR,pK,12685,7.62,7.5929413
GPCR,pK,12686,8.009,7.9636283
GPCR,pK,12687,7.495,5.9824557
GPCR,pK,12688,6.921,6.72838
GPCR,pK,12689,5.87,6.210813
GPCR,pK,12690,4.0,4.592836
GPCR,pK,12691,5.456,4.997279
GPCR,pK,12692,4.658,4.696509
GPCR,pK,12693,6.0,6.0738263
GPCR,pK,12694,7.921,8.274106
GPCR,pK,12695,5.226,6.2200055
GPCR,pK,12696,6.66,8.349311
GPCR,pK,12697,7.886,7.5371394
GPCR,pK,12698,8.886,8.898616
GPCR,pK,12699,7.959,8.053483
GPCR,pK,12700,6.367,5.985314
GPCR,pK,12701,6.31,5.783568
GPCR,pK,12702,7.276,7.0337744
GPCR,pK,12703,7.149,7.033775
GPCR,pK,12704,8.114,7.9914317
GPCR,pK,12705,8.0,8.086051
GPCR,pK,12706,8.215,8.503043
GPCR,pK,12707,8.854,8.849694
GPCR,pK,12708,6.509,7.1604743
GPCR,pK,12709,6.131,6.1990337
GPCR,pK,12710,8.444,9.312692
GPCR,pK,12711,9.42,9.285038
GPCR,pK,12712,7.201,7.813626
GPCR,pK,12713,8.022,7.9858975
GPCR,pK,12714,6.328,7.566991
GPCR,pK,12715,6.495,6.9023623
GPCR,pK,12716,5.921,5.921483
GPCR,pK,12717,5.155,5.5602994
GPCR,pK,12718,7.638,7.851964
GPCR,pK,12719,6.921,6.2632384
GPCR,pK,12720,6.979,7.5036397
GPCR,pK,12721,7.678,7.9172726
GPCR,pK,12722,5.851,6.452235
GPCR,pK,12723,7.481,8.045889
GPCR,pK,12724,7.149,7.4398956
GPCR,pK,12725,6.533,7.7970777
GPCR,pK,12726,5.454,5.8122444
GPCR,pK,12727,5.1,5.5457497
GPCR,pK,12728,7.0,6.9680996
GPCR,pK,12729,7.377,7.1374316
GPCR,pK,12730,6.638,7.2123065
GPCR,pK,12731,7.071,6.433373
GPCR,pK,12732,7.678,7.94822
GPCR,pK,12733,7.824,7.3230314
GPCR,pK,12734,7.036,7.3803363
GPCR,pK,12735,8.125,7.73269
GPCR,pK,12736,7.31,6.9624867
GPCR,pK,12737,7.036,7.437301
GPCR,pK,12738,8.066,7.785112
GPCR,pK,12739,7.398,7.560781
GPCR,pK,12740,7.745,8.162574
GPCR,pK,12741,5.745,6.099544
GPCR,pK,12742,5.602,6.3611784
GPCR,pK,12743,6.155,6.011634
GPCR,pK,12744,8.796,8.509965
GPCR,pK,12745,6.364,6.589233
GPCR,pK,12746,8.222,8.869738
GPCR,pK,12747,8.77,9.4530945
GPCR,pK,12748,9.398,10.146595
GPCR,pK,12749,6.337,6.2192035
GPCR,pK,12750,5.229,6.225029
GPCR,pK,12751,6.201,7.00738
GPCR,pK,12752,7.77,7.604187
GPCR,pK,12753,7.215,7.036295
GPCR,pK,12754,6.015,6.642443
GPCR,pK,12755,6.764,6.7071652
GPCR,pK,12756,9.7,8.581843
GPCR,pK,12757,7.921,8.500967
GPCR,pK,12758,7.77,8.278198
GPCR,pK,12759,6.662,7.106788
GPCR,pK,12760,8.215,6.9672437
GPCR,pK,12761,5.38,6.4064326
GPCR,pK,12762,6.75,6.0119386
GPCR,pK,12763,6.848,7.0406566
GPCR,pK,12764,7.67,7.5136323
GPCR,pK,12765,7.921,7.871987
GPCR,pK,12766,9.854,9.884191
GPCR,pK,12767,6.284,5.7290845
GPCR,pK,12768,6.845,6.989474
GPCR,pK,12769,6.693,6.754997
GPCR,pK,12770,8.0,8.212774
GPCR,pK,12771,8.398,8.31981
GPCR,pK,12772,6.959,7.2074037
GPCR,pK,12773,8.301,7.864974
GPCR,pK,12774,6.167,6.0017943
GPCR,pK,12775,5.444,6.0332713
GPCR,pK,12776,6.889,6.482879
GPCR,pK,12777,9.49,9.258329
GPCR,pK,12778,6.12,6.5586195
GPCR,pK,12779,7.022,6.982941
GPCR,pK,12780,8.409,8.63105
GPCR,pK,12781,7.244,7.810679
GPCR,pK,12782,8.125,7.831801
GPCR,pK,12783,8.481,8.014544
GPCR,pK,12784,7.328,7.2619166
GPCR,pK,12785,5.7,6.7655597
GPCR,pK,12786,6.03,6.7697897
GPCR,pK,12787,4.602,4.7088866
GPCR,pK,12788,5.0,6.6003737
GPCR,pK,12789,7.921,8.460501
GPCR,pK,12790,7.71,7.1489663
GPCR,pK,12791,7.138,7.4262643
GPCR,pK,12792,6.171,6.1374116
GPCR,pK,12793,5.677,5.9482365
GPCR,pK,12794,6.936,6.843033
GPCR,pK,12795,6.762,7.1651206
GPCR,pK,12796,7.77,7.9013414
GPCR,pK,12797,7.569,8.348494
GPCR,pK,12798,7.481,8.334147
GPCR,pK,12799,7.848,8.29046
GPCR,pK,12800,5.886,5.6004453
GPCR,pK,12801,5.896,6.15644
GPCR,pK,12802,7.099,6.8107944
GPCR,pK,12803,8.742,8.078783
GPCR,pK,12804,5.991,6.436784
GPCR,pK,12805,7.071,7.1359086
GPCR,pK,12806,6.024,6.69956
GPCR,pK,12807,6.319,7.2039104
GPCR,pK,12808,7.222,6.707
GPCR,pK,12809,7.444,7.139938
GPCR,pK,12810,9.051,8.720189
GPCR,pK,12811,7.456,7.9487762
GPCR,pK,12812,8.155,7.38258
GPCR,pK,12813,7.319,10.102191
GPCR,pK,12814,7.959,7.808874
GPCR,pK,12815,6.839,7.904779
GPCR,pK,12816,6.493,6.585239
GPCR,pK,12817,5.824,6.097297
GPCR,pK,12818,4.174,3.754722
GPCR,pK,12819,8.155,6.223958
GPCR,pK,12820,6.209,5.8241615
GPCR,pK,12821,6.301,6.3653426
GPCR,pK,12822,5.296,5.2379246
GPCR,pK,12823,4.824,4.881172
GPCR,pK,12824,6.2,4.7305713
GPCR,pK,12825,6.561,7.250331
GPCR,pK,12826,6.658,5.9088025
GPCR,pK,12827,4.244,5.249811
GPCR,pK,12828,5.399,5.675521
GPCR,pK,12829,5.975,5.8604093
GPCR,pK,12830,7.161,6.1833925
GPCR,pK,12831,6.757,6.4044614
GPCR,pK,12832,7.276,6.9230385
GPCR,pK,12833,5.292,5.418765
GPCR,pK,12834,9.097,8.967605
GPCR,pK,12835,3.971,4.0510116
GPCR,pK,12836,2.688,2.5478806
GPCR,pK,12837,4.208,4.326029
GPCR,pK,12838,7.699,7.8258004
GPCR,pK,12839,7.854,7.384224
GPCR,pK,12840,6.2,7.5113783
GPCR,pK,12841,5.367,5.35366
GPCR,pK,12842,6.046,5.9701447
GPCR,pK,12843,8.699,8.595159
GPCR,pK,12844,6.3,6.4113355
GPCR,pK,12845,6.0,6.202497
GPCR,pK,12846,7.959,6.785394
GPCR,pK,12847,7.013,8.28118
GPCR,pK,12848,3.597,6.7165704
GPCR,pK,12849,7.62,6.5129066
GPCR,pK,12850,5.82,5.855166
GPCR,pK,12851,5.26,5.3641734
GPCR,pK,12852,4.24,4.229056
GPCR,pK,12853,7.523,6.6852183
GPCR,pK,12854,7.328,7.389945
GPCR,pK,12855,6.585,8.077532
GPCR,pK,12856,6.886,7.429954
GPCR,pK,12857,8.208,8.043893
GPCR,pK,12858,8.092,8.46038
GPCR,pK,12859,9.07,9.103192
GPCR,pK,12860,6.635,6.580982
GPCR,pK,12861,6.471,7.9234643
GPCR,pK,12862,7.699,7.494926
GPCR,pK,12863,5.996,5.63082
GPCR,pK,12864,6.611,6.4005666
GPCR,pK,12865,5.538,7.3489366
GPCR,pK,12866,5.42,5.149832
GPCR,pK,12867,5.328,6.1750383
GPCR,pK,12868,7.456,7.8609324
GPCR,pK,12869,4.276,4.91429
GPCR,pK,12870,5.268,5.0233145
GPCR,pK,12871,5.276,5.2188005
GPCR,pK,12872,5.523,5.4336457
GPCR,pK,12873,5.347,5.3810177
GPCR,pK,12874,8.252,8.4788065
GPCR,pK,12875,7.699,7.922901
GPCR,pK,12876,8.174,8.043004
GPCR,pK,12877,7.857,8.118907
GPCR,pK,12878,5.857,6.085095
GPCR,pK,12879,4.983,5.7246814
GPCR,pK,12880,4.896,5.020928
GPCR,pK,12881,6.695,6.871741
GPCR,pK,12882,4.602,5.9324393
GPCR,pK,12883,4.886,5.243244
GPCR,pK,12884,4.585,6.2882643
GPCR,pK,12885,6.06,6.47141
GPCR,pK,12886,8.301,7.9187026
GPCR,pK,12887,6.724,7.4513106
GPCR,pK,12888,4.117,5.016207
GPCR,pK,12889,7.367,6.772643
GPCR,pK,12890,7.071,6.765823
GPCR,pK,12891,7.77,7.901835
GPCR,pK,12892,6.319,6.647449
GPCR,pK,12893,9.523,9.651383
GPCR,pK,12894,9.602,10.103256
GPCR,pK,12895,7.076,6.8710775
GPCR,pK,12896,5.071,5.6467214
GPCR,pK,12897,5.947,7.5812707
GPCR,pK,12898,7.0,7.405539
GPCR,pK,12899,5.658,6.47792
GPCR,pK,12900,5.921,6.054152
GPCR,pK,12901,5.34,4.90558
GPCR,pK,12902,4.904,5.386001
GPCR,pK,12903,4.316,5.1987
GPCR,pK,12904,5.74,7.3320394
GPCR,pK,12905,5.45,5.271869
GPCR,pK,12906,5.126,5.5712667
GPCR,pK,12907,6.64,6.2363963
GPCR,pK,12908,6.131,6.1105475
GPCR,pK,12909,6.351,6.7516427
GPCR,pK,12910,7.328,7.023071
GPCR,pK,12911,6.866,6.272291
GPCR,pK,12912,5.996,6.4768558
GPCR,pK,12913,7.051,7.079572
GPCR,pK,12914,6.604,6.456078
GPCR,pK,12915,5.071,4.8169956
GPCR,pK,12916,4.102,5.0390005
GPCR,pK,12917,6.876,6.6049256
GPCR,pK,12918,7.921,8.564946
GPCR,pK,12919,8.638,8.471941
GPCR,pK,12920,6.444,6.4843397
GPCR,pK,12921,7.328,6.644076
GPCR,pK,12922,7.032,6.7969995
GPCR,pK,12923,6.432,5.5146976
GPCR,pK,12924,7.056,7.532587
GPCR,pK,12925,7.959,7.796862
GPCR,pK,12926,5.921,5.9489326
GPCR,pK,12927,5.222,5.95087
GPCR,pK,12928,6.0,5.4153404
GPCR,pK,12929,5.638,7.277858
GPCR,pK,12930,5.921,6.702974
GPCR,pK,12931,6.57,7.851866
GPCR,pK,12932,6.106,7.0560555
GPCR,pK,12933,6.287,6.417478
GPCR,pK,12934,6.452,6.4095373
GPCR,pK,12935,6.666,7.05651
GPCR,pK,12936,4.64,4.419365
GPCR,pK,12937,4.163,4.3618402
GPCR,pK,12938,4.658,4.4347467
GPCR,pK,12939,4.18,4.444065
GPCR,pK,12940,8.658,8.820069
GPCR,pK,12941,5.481,5.804004
GPCR,pK,12942,5.087,5.070378
GPCR,pK,12943,7.62,7.454806
GPCR,pK,12944,5.276,5.5700107
GPCR,pK,12945,5.987,6.111086
GPCR,pK,12946,5.886,5.934012
GPCR,pK,12947,8.854,8.957044
GPCR,pK,12948,9.086,8.800112
GPCR,pK,12949,6.503,6.5216103
GPCR,pK,12950,6.896,6.960523
GPCR,pK,12951,7.444,6.788282
GPCR,pK,12952,7.553,7.30533
GPCR,pK,12953,8.208,8.966983
GPCR,pK,12954,5.237,5.2103944
GPCR,pK,12955,6.22,5.862432
GPCR,pK,12956,9.523,9.903871
GPCR,pK,12957,5.456,6.732776
GPCR,pK,12958,5.853,5.859363
GPCR,pK,12959,5.665,6.3107576
GPCR,pK,12960,8.155,7.484591
GPCR,pK,12961,5.387,6.029964
GPCR,pK,12962,6.836,7.0359607
GPCR,pK,12963,6.047,7.6832266
GPCR,pK,12964,5.31,6.5801587
GPCR,pK,12965,6.585,5.093695
GPCR,pK,12966,7.081,6.2488346
GPCR,pK,12967,5.062,5.4864893
GPCR,pK,12968,5.346,5.264181
GPCR,pK,12969,6.188,6.3619213
GPCR,pK,12970,6.476,5.9605412
GPCR,pK,12971,6.848,6.6017084
GPCR,pK,12972,7.523,7.300242
GPCR,pK,12973,6.658,6.7781835
GPCR,pK,12974,4.824,4.601093
GPCR,pK,12975,7.444,8.465505
GPCR,pK,12976,9.155,8.540235
GPCR,pK,12977,5.807,5.953282
GPCR,pK,12978,8.585,8.327567
GPCR,pK,12979,6.328,6.6076703
GPCR,pK,12980,7.745,7.704408
GPCR,pK,12981,7.886,8.040802
GPCR,pK,12982,7.066,8.539283
GPCR,pK,12983,9.155,8.895631
GPCR,pK,12984,6.284,5.3246436
GPCR,pK,12985,4.73,5.3577123
GPCR,pK,12986,5.782,5.768794
GPCR,pK,12987,6.796,6.7065635
GPCR,pK,12988,5.509,5.8291535
GPCR,pK,12989,5.036,5.075707
GPCR,pK,12990,7.77,8.182663
GPCR,pK,12991,7.174,6.965936
GPCR,pK,12992,5.456,5.5706367
GPCR,pK,12993,8.013,7.294101
GPCR,pK,12994,7.149,7.7295694
GPCR,pK,12995,7.409,7.1437745
GPCR,pK,12996,8.699,9.844071
GPCR,pK,12997,6.19,7.0493655
GPCR,pK,12998,4.292,4.9695325
GPCR,pK,12999,4.44,4.9378858
GPCR,pK,13000,8.824,8.814937
GPCR,pK,13001,5.0,5.9595757
GPCR,pK,13002,8.638,8.811819
GPCR,pK,13003,8.276,8.490586
GPCR,pK,13004,8.046,8.322215
GPCR,pK,13005,8.347,8.165825
GPCR,pK,13006,6.119,6.337932
GPCR,pK,13007,4.893,4.762277
GPCR,pK,13008,6.328,5.9421487
GPCR,pK,13009,4.269,4.853636
GPCR,pK,13010,9.208,9.090522
GPCR,pK,13011,7.215,7.1556463
GPCR,pK,13012,7.199,7.7115655
GPCR,pK,13013,8.824,7.3097167
GPCR,pK,13014,9.367,9.097587
GPCR,pK,13015,7.194,6.9065967
GPCR,pK,13016,6.81,7.0501375
GPCR,pK,13017,8.102,7.6740513
GPCR,pK,13018,7.121,6.717878
GPCR,pK,13019,7.221,7.477699
GPCR,pK,13020,6.438,6.378918
GPCR,pK,13021,9.0,8.090554
GPCR,pK,13022,6.77,5.822224
GPCR,pK,13023,4.796,4.524001
GPCR,pK,13024,6.509,5.9296775
GPCR,pK,13025,6.117,6.9822626
GPCR,pK,13026,6.334,7.346865
GPCR,pK,13027,9.155,9.503934
GPCR,pK,13028,5.395,5.2777753
GPCR,pK,13029,6.55,6.797746
GPCR,pK,13030,7.275,7.3480563
GPCR,pK,13031,8.301,8.371121
GPCR,pK,13032,8.097,7.4986095
GPCR,pK,13033,8.523,7.9234924
GPCR,pK,13034,5.663,5.190823
GPCR,pK,13035,7.857,7.8189206
GPCR,pK,13036,6.721,7.5777745
GPCR,pK,13037,6.169,6.194068
GPCR,pK,13038,5.655,5.900725
GPCR,pK,13039,11.301,12.632
GPCR,pK,13040,5.391,5.877381
GPCR,pK,13041,7.208,8.593781
GPCR,pK,13042,10.222,10.396492
GPCR,pK,13043,5.362,5.066337
GPCR,pK,13044,7.2,7.1397443
GPCR,pK,13045,6.699,6.770786
GPCR,pK,13046,7.5,7.3294344
GPCR,pK,13047,6.119,6.9766603
GPCR,pK,13048,5.432,6.9766603
GPCR,pK,13049,7.8,7.954227
GPCR,pK,13050,7.9,7.908375
GPCR,pK,13051,8.328,8.728676
GPCR,pK,13052,8.244,8.68563
GPCR,pK,13053,7.24,7.42786
GPCR,pK,13054,8.801,8.999143
GPCR,pK,13055,9.1,8.165411
GPCR,pK,13056,8.78,8.136097
GPCR,pK,13057,7.6,7.877862
GPCR,pK,13058,6.9,7.2103744
GPCR,pK,13059,7.3,7.4863853
GPCR,pK,13060,5.8,7.4082522
GPCR,pK,13061,5.9,6.355125
GPCR,pK,13062,9.0,8.827814
GPCR,pK,13063,7.1,7.0165954
GPCR,pK,13064,5.638,5.699448
GPCR,pK,13065,8.022,8.376067
GPCR,pK,13066,6.971,6.874826
GPCR,pK,13067,8.387,8.400336
GPCR,pK,13068,7.0,6.383723
GPCR,pK,13069,8.921,8.991899
GPCR,pK,13070,7.538,7.186044
GPCR,pK,13071,6.886,8.055408
GPCR,pK,13072,6.036,6.312032
GPCR,pK,13073,5.745,6.162012
GPCR,pK,13074,7.854,8.072496
GPCR,pK,13075,9.086,9.17723
GPCR,pK,13076,9.051,8.979264
GPCR,pK,13077,10.097,9.838012
GPCR,pK,13078,7.398,7.83935
GPCR,pK,13079,6.699,7.740873
GPCR,pK,13080,7.301,7.6296935
GPCR,pK,13081,5.8,7.3541965
GPCR,pK,13082,10.1,10.163108
GPCR,pK,13083,9.3,10.021103
GPCR,pK,13084,5.638,5.720238
GPCR,pK,13085,5.538,6.256665
GPCR,pK,13086,6.056,7.731073
GPCR,pK,13087,8.469,7.829213
GPCR,pK,13088,6.854,7.182278
GPCR,pK,13089,7.921,6.8515306
GPCR,pK,13090,7.796,8.770015
GPCR,pK,13091,5.886,6.8183064
GPCR,pK,13092,9.022,7.993137
GPCR,pK,13093,6.886,8.110454
GPCR,pK,13094,6.04,6.1878867
GPCR,pK,13095,6.13,6.398049
GPCR,pK,13096,9.01,9.010297
GPCR,pK,13097,8.42,8.621573
GPCR,pK,13098,5.9,7.342898
GPCR,pK,13099,7.102,7.0331173
GPCR,pK,13100,8.36,8.760983
GPCR,pK,13101,8.31,8.364495
GPCR,pK,13102,8.796,8.64541
GPCR,pK,13103,10.1,8.5782175
GPCR,pK,13104,9.3,8.530265
GPCR,pK,13105,6.5,6.378802
GPCR,pK,13106,6.699,6.614839
GPCR,pK,13107,6.9,6.815798
GPCR,pK,13108,7.495,7.400949
GPCR,pK,13109,8.886,8.830579
GPCR,pK,13110,6.9,5.6425276
GPCR,pK,13111,7.495,7.664426
GPCR,pK,13112,8.126,7.7561784
GPCR,pK,13113,8.107,8.373358
GPCR,pK,13114,5.03,4.425312
GPCR,pK,13115,6.592,7.2767997
GPCR,pK,13116,9.652,7.2133684
GPCR,pK,13117,9.0,8.446225
GPCR,pK,13118,9.553,8.263513
GPCR,pK,13119,6.5,6.2787604
GPCR,pK,13120,7.62,8.072189
GPCR,pK,13121,5.6,5.786821
GPCR,pK,13122,8.602,8.650115
GPCR,pK,13123,8.301,8.119449
GPCR,pK,13124,8.301,8.445114
GPCR,pK,13125,9.046,8.901042
GPCR,pK,13126,8.398,8.422967
GPCR,pK,13127,8.678,8.588229
GPCR,pK,13128,7.921,7.626287
GPCR,pK,13129,8.076,7.499946
GPCR,pK,13130,6.876,7.397661
GPCR,pK,13131,8.032,7.614119
GPCR,pK,13132,7.854,7.5753455
GPCR,pK,13133,8.387,7.930227
GPCR,pK,13134,6.65,7.0452943
GPCR,pK,13135,6.666,6.7132463
GPCR,pK,13136,8.602,8.491765
GPCR,pK,13137,6.975,5.2525773
GPCR,pK,13138,6.213,6.223877
GPCR,pK,13139,4.879,4.885589
GPCR,pK,13140,5.345,5.741637
GPCR,pK,13141,7.081,7.7071323
GPCR,pK,13142,6.277,6.269356
GPCR,pK,13143,5.81,6.3345876
GPCR,pK,13144,6.432,6.067386
GPCR,pK,13145,6.1,6.8081436
GPCR,pK,13146,5.5,5.5605493
GPCR,pK,13147,6.67,7.3854156
GPCR,pK,13148,10.2,10.097613
GPCR,pK,13149,7.131,6.5576763
GPCR,pK,13150,6.804,6.9501343
GPCR,pK,13151,6.585,7.1770983
GPCR,pK,13152,8.367,7.212539
GPCR,pK,13153,7.292,7.0184474
GPCR,pK,13154,6.533,6.968633
GPCR,pK,13155,8.092,8.564053
GPCR,pK,13156,9.8,9.09659
GPCR,pK,13157,8.699,8.354194
GPCR,pK,13158,8.237,8.174572
GPCR,pK,13159,7.77,7.782447
GPCR,pK,13160,9.678,9.114394
GPCR,pK,13161,6.298,6.385114
GPCR,pK,13162,6.277,6.3757405
GPCR,pK,13163,7.018,6.1206203
GPCR,pK,13164,5.481,5.5034127
GPCR,pK,13165,5.585,6.543346
GPCR,pK,13166,7.0,7.0912905
GPCR,pK,13167,6.796,7.0899568
GPCR,pK,13168,6.125,6.1473975
GPCR,pK,13169,7.357,7.5452394
GPCR,pK,13170,9.854,7.9654646
GPCR,pK,13171,9.745,9.801965
GPCR,pK,13172,9.638,9.810496
GPCR,pK,13173,6.699,6.5702443
GPCR,pK,13174,10.398,10.460317
GPCR,pK,13175,5.74,5.339635
GPCR,pK,13176,5.53,5.705682
GPCR,pK,13177,7.481,6.671164
GPCR,pK,13178,7.076,7.106461
GPCR,pK,13179,9.125,8.196315
GPCR,pK,13180,6.398,6.29328
GPCR,pK,13181,8.046,8.521482
GPCR,pK,13182,6.398,6.427347
GPCR,pK,13183,8.62,9.2046385
GPCR,pK,13184,8.523,8.359458
GPCR,pK,13185,6.78,8.599476
GPCR,pK,13186,6.914,8.074464
GPCR,pK,13187,7.018,6.3837543
GPCR,pK,13188,8.699,8.385609
GPCR,pK,13189,7.658,7.265817
GPCR,pK,13190,8.222,8.325308
GPCR,pK,13191,6.719,7.0815444
GPCR,pK,13192,8.921,8.604642
GPCR,pK,13193,8.921,8.266511
GPCR,pK,13194,6.991,6.9071712
GPCR,pK,13195,7.62,7.84539
GPCR,pK,13196,6.258,6.533424
GPCR,pK,13197,6.77,6.605169
GPCR,pK,13198,6.275,6.2854657
GPCR,pK,13199,4.907,4.8437867
GPCR,pK,13200,6.635,5.9099174
GPCR,pK,13201,8.398,8.447656
GPCR,pK,13202,10.553,10.31865
GPCR,pK,13203,6.192,6.2303257
GPCR,pK,13204,6.73,6.7959504
GPCR,pK,13205,6.257,7.2320585
GPCR,pK,13206,4.95,4.992791
GPCR,pK,13207,4.86,4.948243
GPCR,pK,13208,6.4,6.628976
GPCR,pK,13209,7.796,7.179891
GPCR,pK,13210,9.06,9.732902
GPCR,pK,13211,5.03,5.283315
GPCR,pK,13212,5.04,4.75297
GPCR,pK,13213,5.9,6.041156
GPCR,pK,13214,5.29,5.370587
GPCR,pK,13215,5.29,4.7639937
GPCR,pK,13216,6.15,5.9973154
GPCR,pK,13217,5.21,5.3362236
GPCR,pK,13218,7.469,7.4854403
GPCR,pK,13219,7.886,7.692756
GPCR,pK,13220,8.921,8.845386
GPCR,pK,13221,8.036,7.223409
GPCR,pK,13222,4.92,3.2249322
GPCR,pK,13223,3.76,3.61379
GPCR,pK,13224,6.733,6.6919622
GPCR,pK,13225,9.361,9.795447
GPCR,pK,13226,9.307,9.594922
GPCR,pK,13227,5.701,5.623761
GPCR,pK,13228,8.097,7.9310966
GPCR,pK,13229,5.66,6.1263084
GPCR,pK,13230,9.3,9.24202
GPCR,pK,13231,9.5,9.854629
GPCR,pK,13232,9.3,8.62189
GPCR,pK,13233,9.8,10.577011
GPCR,pK,13234,8.377,8.417577
GPCR,pK,13235,9.398,9.157695
GPCR,pK,13236,9.523,9.210105
GPCR,pK,13237,6.963,7.3611803
GPCR,pK,13238,8.229,6.9668136
GPCR,pK,13239,5.249,5.280607
GPCR,pK,13240,7.26,7.5288596
GPCR,pK,13241,8.174,8.835549
GPCR,pK,13242,7.658,7.173038
GPCR,pK,13243,7.444,7.173038
GPCR,pK,13244,8.119,7.5104804
GPCR,pK,13245,7.398,6.8532968
GPCR,pK,13246,7.409,7.6543407
GPCR,pK,13247,7.699,7.6543407
GPCR,pK,13248,6.66,7.1493278
GPCR,pK,13249,8.42,8.641133
GPCR,pK,13250,5.277,4.9469695
GPCR,pK,13251,9.046,8.845214
GPCR,pK,13252,9.301,7.056519
GPCR,pK,13253,8.387,8.18545
GPCR,pK,13254,9.523,9.228868
GPCR,pK,13255,7.824,8.145142
GPCR,pK,13256,6.141,6.602651
GPCR,pK,13257,6.611,6.7415323
GPCR,pK,13258,7.125,7.009215
GPCR,pK,13259,7.26,6.972917
GPCR,pK,13260,6.541,6.9735804
GPCR,pK,13261,5.657,6.955481
GPCR,pK,13262,8.097,6.590919
GPCR,pK,13263,7.569,7.614203
GPCR,pK,13264,8.921,9.15141
GPCR,pK,13265,9.301,9.218635
GPCR,pK,13266,9.357,8.207955
GPCR,pK,13267,9.602,9.531859
GPCR,pK,13268,7.481,7.205896
GPCR,pK,13269,5.389,5.2285357
GPCR,pK,13270,8.481,8.741359
GPCR,pK,13271,6.39,6.0444098
GPCR,pK,13272,6.36,5.9682593
GPCR,pK,13273,4.0,4.524689
GPCR,pK,13274,9.174,9.204962
GPCR,pK,13275,9.553,7.854649
GPCR,pK,13276,9.367,8.025488
GPCR,pK,13277,8.167,7.3285856
GPCR,pK,13278,9.42,8.776282
GPCR,pK,13279,4.824,5.0216017
GPCR,pK,13280,10.301,8.488454
GPCR,pK,13281,4.481,5.3203206
GPCR,pK,13282,6.155,4.809389
GPCR,pK,13283,6.357,5.7769656
GPCR,pK,13284,5.491,5.8367257
GPCR,pK,13285,5.105,6.460836
GPCR,pK,13286,7.013,6.0803814
GPCR,pK,13287,6.301,6.2036023
GPCR,pK,13288,7.0,6.3582916
GPCR,pK,13289,6.229,6.481342
GPCR,pK,13290,9.0,8.977
GPCR,pK,13291,8.801,9.065626
GPCR,pK,13292,6.78,6.49728
GPCR,pK,13293,10.387,8.037211
GPCR,pK,13294,6.757,7.1672835
GPCR,pK,13295,5.366,6.2388124
GPCR,pK,13296,5.917,6.0032887
GPCR,pK,13297,8.357,7.835836
GPCR,pK,13298,7.585,8.623223
GPCR,pK,13299,7.187,7.6743956
GPCR,pK,13300,7.824,7.7016296
GPCR,pK,13301,6.77,7.356821
GPCR,pK,13302,8.699,8.078811
GPCR,pK,13303,6.13,6.0867844
GPCR,pK,13304,7.229,7.625312
GPCR,pK,13305,6.71,7.3343406
GPCR,pK,13306,7.796,6.147426
GPCR,pK,13307,7.796,7.50738
GPCR,pK,13308,7.796,7.7600985
GPCR,pK,13309,7.796,6.7292876
GPCR,pK,13310,7.796,8.456898
GPCR,pK,13311,8.125,6.829986
GPCR,pK,13312,8.301,8.100659
GPCR,pK,13313,8.222,8.045388
GPCR,pK,13314,6.14,6.238695
