target_family,endpoint,row_id,observed,predicted
GPCR,pAC50,0,7.625,9.471911
GPCR,pAC50,1,5.959,6.6893034
GPCR,pAC50,2,6.983,7.2846975
GPCR,pAC50,3,7.62,7.114748
GPCR,pAC50,4,9.046,8.30875
GPCR,pAC50,5,6.0,7.108144
GPCR,pAC50,6,7.032,6.8347836
GPCR,pAC50,7,7.796,7.4531326
GPCR,pAC50,8,7.268,8.081419
GPCR,pAC50,9,9.28,8.592094
GPCR,pAC50,10,6.0,5.6275225
GPCR,pAC50,11,7.2,7.3140707
GPCR,pAC50,12,7.3,7.77557
GPCR,pAC50,13,7.6,7.412833
GPCR,pAC50,14,4.374,6.6781015
GPCR,pAC50,15,4.6,6.9650326
GPCR,pAC50,16,5.1,6.4465504
GPCR,pAC50,17,4.92,5.3361244
GPCR,pAC50,18,6.132,7.058984
GPCR,pAC50,19,5.928,6.693776
GPCR,pAC50,20,6.893,6.742587
GPCR,pAC50,21,5.328,6.4566584
GPCR,pAC50,22,6.562,6.9922714
GPCR,pAC50,23,8.004,7.755224
GPCR,pAC50,24,5.983,7.523449
GPCR,pAC50,25,5.2,4.7992535
GPCR,pAC50,26,6.983,7.284563
GPCR,pAC50,27,7.013,6.9315815
GPCR,pAC50,28,7.553,7.397539
GPCR,pAC50,29,7.658,7.4677877
GPCR,pAC50,30,6.538,6.482238
GPCR,pAC50,31,7.215,7.6744556
GPCR,pAC50,32,7.553,7.0440035
GPCR,pAC50,33,8.387,8.457022
GPCR,pAC50,34,7.638,7.0522337
GPCR,pAC50,35,7.77,7.006406
GPCR,pAC50,36,9.824,10.108043
GPCR,pAC50,37,8.699,8.482484
GPCR,pAC50,38,8.268,8.286322
GPCR,pAC50,39,5.93,8.237304
GPCR,pAC50,40,6.337,6.06816
GPCR,pAC50,41,6.02,5.930291
GPCR,pAC50,42,7.569,8.724316
GPCR,pAC50,43,7.497,7.0401144
GPCR,pAC50,44,7.2,7.4221563
GPCR,pAC50,45,4.54,7.072423
GPCR,pAC50,46,8.06,5.9240875
GPCR,pAC50,47,8.222,5.01385
GPCR,pAC50,48,6.526,8.354083
GPCR,pAC50,49,8.014,7.4487934
GPCR,pAC50,50,8.3,8.47641
GPCR,pAC50,51,8.6,9.254332
GPCR,pAC50,52,8.77,8.939705
GPCR,pAC50,53,6.6,6.6453075
GPCR,pAC50,54,9.0,9.508766
GPCR,pAC50,55,7.745,7.169035
GPCR,pAC50,56,6.0,7.016758
GPCR,pAC50,57,7.0,4.571851
GPCR,pAC50,58,7.5,6.955679
GPCR,pAC50,59,8.5,8.703032
GPCR,pAC50,60,6.706,7.0429773
GPCR,pAC50,61,4.301,4.2738285
GPCR,pAC50,62,6.465,6.3002176
GPCR,pAC50,63,7.26,7.759549
GPCR,pAC50,64,5.331,5.433489
GPCR,pAC50,65,10.046,9.226369
GPCR,pAC50,66,7.071,7.149091
GPCR,pAC50,67,6.733,7.320628
GPCR,pAC50,68,5.39,4.4705772
GPCR,pAC50,69,6.07,6.1289454
GPCR,pAC50,70,7.0,6.54743
GPCR,pAC50,71,6.7,7.1764803
GPCR,pAC50,72,6.5,8.507206
GPCR,pAC50,73,6.95,7.1862736
GPCR,pAC50,74,8.18,6.2984285
GPCR,pAC50,75,5.46,5.431573
GPCR,pAC50,76,6.08,6.509014
GPCR,pAC50,77,6.3,6.091357
GPCR,pAC50,78,7.26,7.5935802
GPCR,pAC50,79,9.319,6.104806
GPCR,pAC50,80,8.156,7.5471334
GPCR,pAC50,81,6.5,6.0173244
GPCR,pAC50,82,6.53,5.8102903
GPCR,pAC50,83,5.4,5.9111176
GPCR,pAC50,84,4.0,6.2211876
GPCR,pAC50,85,7.664,7.512637
GPCR,pAC50,86,8.292,8.381222
GPCR,pAC50,87,7.623,6.239065
GPCR,pAC50,88,9.046,8.753853
GPCR,pAC50,89,6.092,6.9903994
GPCR,pAC50,90,5.98,7.3245974
GPCR,pAC50,91,7.71,8.558008
GPCR,pAC50,92,9.046,8.53025
GPCR,pAC50,93,7.056,6.6422596
GPCR,pAC50,94,8.854,9.189167
GPCR,pAC50,95,9.167,7.990424
GPCR,pAC50,96,7.6,9.0124855
GPCR,pAC50,97,8.9,8.254671
GPCR,pAC50,98,9.699,8.7527075
GPCR,pAC50,99,8.886,8.49477
GPCR,pAC50,100,8.284,7.7620735
GPCR,pAC50,101,6.644,7.2291155
GPCR,pAC50,102,7.658,6.799841
GPCR,pAC50,103,4.565,5.6638317
GPCR,pAC50,104,6.932,7.133068
GPCR,pAC50,105,7.085,7.7253666
GPCR,pAC50,106,6.896,7.0637255
GPCR,pAC50,107,7.024,7.7226486
GPCR,pAC50,108,7.046,6.645793
GPCR,pAC50,109,6.361,6.6216545
GPCR,pAC50,110,7.06,6.129614
GPCR,pAC50,111,7.721,7.5131245
GPCR,pAC50,112,7.06,7.1153545
GPCR,pAC50,113,6.908,7.3939657
GPCR,pAC50,114,6.78,6.5168447
GPCR,pAC50,115,7.114,6.949854
GPCR,pAC50,116,7.77,7.323739
GPCR,pAC50,117,6.446,6.8016624
GPCR,pAC50,118,7.377,7.096203
GPCR,pAC50,119,6.801,7.202918
GPCR,pAC50,120,8.347,8.518394
GPCR,pAC50,121,8.886,8.554822
GPCR,pAC50,122,7.301,6.8979797
GPCR,pAC50,123,7.699,7.6723814
GPCR,pAC50,124,7.229,7.676504
GPCR,pAC50,125,7.041,7.19215
GPCR,pAC50,126,6.063,6.748106
GPCR,pAC50,127,5.31,6.530508
GPCR,pAC50,128,7.883,7.7855234
GPCR,pAC50,129,5.943,6.273347
GPCR,pAC50,130,6.32,7.118121
GPCR,pAC50,131,5.648,6.71093
GPCR,pAC50,132,8.481,8.556021
GPCR,pAC50,133,6.066,5.907794
GPCR,pAC50,134,8.569,8.304023
GPCR,pAC50,135,5.0,5.377244
GPCR,pAC50,136,8.0,8.114187
GPCR,pAC50,137,5.745,6.9189205
GPCR,pAC50,138,6.171,9.239048
GPCR,pAC50,139,4.415,6.822629
GPCR,pAC50,140,8.1,7.4873543
GPCR,pAC50,141,5.5,7.6712666
GPCR,pAC50,142,7.569,5.7085533
GPCR,pAC50,143,6.658,5.4487257
GPCR,pAC50,144,5.458,6.706585
GPCR,pAC50,145,9.83,9.901434
GPCR,pAC50,146,8.456,7.8476963
GPCR,pAC50,147,8.298,8.52184
GPCR,pAC50,148,5.885,6.799241
GPCR,pAC50,149,5.638,5.232051
GPCR,pAC50,150,6.218,6.5907984
GPCR,pAC50,151,8.921,7.4356794
GPCR,pAC50,152,9.097,9.092272
GPCR,pAC50,153,7.029,7.1516943
GPCR,pAC50,154,6.81,6.934538
GPCR,pAC50,155,7.246,6.994257
GPCR,pAC50,156,6.361,6.17019
GPCR,pAC50,157,8.398,7.616582
GPCR,pAC50,158,5.715,7.2231064
GPCR,pAC50,159,6.1,6.1357994
GPCR,pAC50,160,6.75,7.287201
GPCR,pAC50,161,5.319,6.461485
GPCR,pAC50,162,6.132,5.8113832
GPCR,pAC50,163,6.357,7.900876
GPCR,pAC50,164,5.109,5.430829
GPCR,pAC50,165,7.699,7.38196
GPCR,pAC50,166,6.5,6.4605207
GPCR,pAC50,167,7.796,7.718498
GPCR,pAC50,168,6.173,6.647462
GPCR,pAC50,169,5.602,5.2617245
GPCR,pAC50,170,6.78,7.12889
GPCR,pAC50,171,6.747,6.899252
GPCR,pAC50,172,7.904,8.107929
GPCR,pAC50,173,10.3,10.346414
GPCR,pAC50,174,6.606,6.0425186
GPCR,pAC50,175,6.379,6.6513205
GPCR,pAC50,176,6.955,6.9922104
GPCR,pAC50,177,6.585,7.2391815
GPCR,pAC50,178,6.666,5.9133024
GPCR,pAC50,179,6.222,7.066017
GPCR,pAC50,180,8.284,8.437042
GPCR,pAC50,181,8.585,8.541558
GPCR,pAC50,182,7.167,6.597082
GPCR,pAC50,183,6.06,7.044133
GPCR,pAC50,184,7.086,7.2340193
GPCR,pAC50,185,7.868,8.184544
GPCR,pAC50,186,6.4,6.602454
GPCR,pAC50,187,7.6,6.829154
GPCR,pAC50,188,8.0,6.760168
GPCR,pAC50,189,7.65,8.252128
GPCR,pAC50,190,8.0,6.633128
GPCR,pAC50,191,7.3,6.8689775
GPCR,pAC50,192,7.193,6.793236
GPCR,pAC50,193,7.585,7.588894
GPCR,pAC50,194,6.001,6.2674885
GPCR,pAC50,195,7.252,6.1167173
GPCR,pAC50,196,6.217,6.0571184
GPCR,pAC50,197,6.347,6.2837687
GPCR,pAC50,198,6.553,6.7829056
GPCR,pAC50,199,6.036,6.5317335
GPCR,pAC50,200,7.301,6.975627
GPCR,pAC50,201,5.301,5.9931755
GPCR,pAC50,202,7.25,7.4647074
GPCR,pAC50,203,6.2,6.467922
GPCR,pAC50,204,6.859,7.017482
GPCR,pAC50,205,8.0,6.8443356
GPCR,pAC50,206,8.771,9.055851
GPCR,pAC50,207,5.301,5.4300385
GPCR,pAC50,208,9.19,9.104925
GPCR,pAC50,209,8.919,8.966593
GPCR,pAC50,210,7.722,7.128725
GPCR,pAC50,211,6.181,6.2763796
GPCR,pAC50,212,5.553,5.606511
GPCR,pAC50,213,6.538,5.6779375
GPCR,pAC50,214,7.0,7.9406195
GPCR,pAC50,215,5.921,6.9746227
GPCR,pAC50,216,4.793,4.4876566
GPCR,pAC50,217,7.008,5.398979
GPCR,pAC50,218,7.495,7.3288727
GPCR,pAC50,219,7.796,6.9845734
GPCR,pAC50,220,6.83,7.145855
GPCR,pAC50,221,7.42,7.51865
GPCR,pAC50,222,7.194,7.1146584
GPCR,pAC50,223,7.187,7.108506
GPCR,pAC50,224,7.119,7.3397045
GPCR,pAC50,225,7.42,7.457919
GPCR,pAC50,226,9.8,6.864723
GPCR,pAC50,227,7.351,7.8918705
GPCR,pAC50,228,7.646,7.4790554
GPCR,pAC50,229,7.258,7.3631907
GPCR,pAC50,230,7.763,7.103116
GPCR,pAC50,231,5.764,6.171462
GPCR,pAC50,232,6.023,7.2769003
GPCR,pAC50,233,5.484,6.0039864
GPCR,pAC50,234,5.987,6.206586
GPCR,pAC50,235,7.98,7.6228304
GPCR,pAC50,236,5.27,7.101165
GPCR,pAC50,237,6.059,6.293911
GPCR,pAC50,238,4.74,5.8225384
GPCR,pAC50,239,7.041,6.8239965
GPCR,pAC50,240,8.088,7.6118746
GPCR,pAC50,241,6.021,7.149187
GPCR,pAC50,242,7.155,7.136651
GPCR,pAC50,243,8.9,9.532852
GPCR,pAC50,244,8.8,8.708189
GPCR,pAC50,245,9.3,8.889567
GPCR,pAC50,246,9.1,9.603598
GPCR,pAC50,247,5.098,6.601302
GPCR,pAC50,248,7.244,6.735854
GPCR,pAC50,249,8.2,9.247814
GPCR,pAC50,250,7.119,7.051038
GPCR,pAC50,251,9.146,7.9433584
GPCR,pAC50,252,7.004,7.725522
GPCR,pAC50,253,6.458,6.1005754
GPCR,pAC50,254,6.609,7.4406567
GPCR,pAC50,255,7.337,7.897955
GPCR,pAC50,256,6.782,5.351778
GPCR,pAC50,257,8.824,7.7312574
GPCR,pAC50,258,7.086,7.264
GPCR,pAC50,259,7.921,7.588498
GPCR,pAC50,260,4.06,5.95304
GPCR,pAC50,261,6.699,6.7800283
GPCR,pAC50,262,7.921,7.7891083
GPCR,pAC50,263,8.916,8.846682
GPCR,pAC50,264,7.268,7.557207
GPCR,pAC50,265,8.569,7.143037
GPCR,pAC50,266,6.2,6.1484594
GPCR,pAC50,267,8.046,7.4030333
GPCR,pAC50,268,6.863,5.9842157
GPCR,pAC50,269,8.699,8.105505
GPCR,pAC50,270,8.577,9.233957
GPCR,pAC50,271,8.174,8.214525
GPCR,pAC50,272,4.767,5.446966
GPCR,pAC50,273,7.39,7.5278473
GPCR,pAC50,274,7.92,7.640788
GPCR,pAC50,275,7.08,7.1157913
GPCR,pAC50,276,7.57,7.6687717
GPCR,pAC50,277,7.13,7.4438133
GPCR,pAC50,278,6.393,7.0693636
GPCR,pAC50,279,8.409,7.828536
GPCR,pAC50,280,8.337,8.553989
GPCR,pAC50,281,7.991,8.05562
GPCR,pAC50,282,7.991,7.782607
GPCR,pAC50,283,7.565,7.534486
GPCR,pAC50,284,8.112,8.000288
GPCR,pAC50,285,6.936,7.0242195
GPCR,pAC50,286,7.854,7.9158764
GPCR,pAC50,287,5.149,5.3556585
GPCR,pAC50,288,5.367,5.40145
GPCR,pAC50,289,5.143,5.1787996
GPCR,pAC50,290,8.209,8.688254
GPCR,pAC50,291,6.256,8.112015
GPCR,pAC50,292,8.959,7.6938534
GPCR,pAC50,293,7.981,6.839878
GPCR,pAC50,294,7.398,5.836053
GPCR,pAC50,295,6.638,6.843318
GPCR,pAC50,296,6.198,7.7112036
GPCR,pAC50,297,8.174,8.61864
GPCR,pAC50,298,7.796,7.518897
GPCR,pAC50,299,6.463,6.478155
GPCR,pAC50,300,6.256,6.681404
GPCR,pAC50,301,7.409,7.503744
GPCR,pAC50,302,8.659,8.463577
GPCR,pAC50,303,9.076,9.258428
GPCR,pAC50,304,7.971,8.752689
GPCR,pAC50,305,8.022,7.8958807
GPCR,pAC50,306,8.174,7.567196
GPCR,pAC50,307,7.658,7.726369
GPCR,pAC50,308,8.347,8.332218
GPCR,pAC50,309,7.347,7.530672
GPCR,pAC50,310,7.886,8.060106
GPCR,pAC50,311,6.602,6.883544
GPCR,pAC50,312,7.553,6.7631598
GPCR,pAC50,313,7.167,6.6561203
GPCR,pAC50,314,7.237,7.6054487
GPCR,pAC50,315,8.523,8.988679
GPCR,pAC50,316,7.553,7.9298897
GPCR,pAC50,317,7.367,7.41415
GPCR,pAC50,318,5.311,5.8722153
GPCR,pAC50,319,8.917,8.926411
GPCR,pAC50,320,5.714,5.8012867
GPCR,pAC50,321,5.423,5.680373
GPCR,pAC50,322,9.284,9.019303
GPCR,pAC50,323,5.299,5.348028
GPCR,pAC50,324,7.745,7.337816
GPCR,pAC50,325,5.658,6.631159
GPCR,pAC50,326,7.403,7.135953
GPCR,pAC50,327,7.023,7.226124
GPCR,pAC50,328,9.201,8.970554
GPCR,pAC50,329,8.824,8.483385
GPCR,pAC50,330,7.097,7.18857
GPCR,pAC50,331,7.013,7.480506
GPCR,pAC50,332,8.143,8.51342
GPCR,pAC50,333,6.959,8.191176
GPCR,pAC50,334,8.206,8.317945
GPCR,pAC50,335,7.016,6.7482967
GPCR,pAC50,336,8.43,9.09285
GPCR,pAC50,337,8.863,8.800046
GPCR,pAC50,338,7.301,6.97805
GPCR,pAC50,339,6.469,5.8583384
GPCR,pAC50,340,7.268,7.464471
GPCR,pAC50,341,6.264,4.8005657
GPCR,pAC50,342,8.398,8.62076
GPCR,pAC50,343,6.78,9.180675
GPCR,pAC50,344,8.387,6.0419655
GPCR,pAC50,345,8.711,8.191399
GPCR,pAC50,346,8.963,8.150769
GPCR,pAC50,347,8.821,8.467189
GPCR,pAC50,348,7.951,7.9081087
GPCR,pAC50,349,6.264,6.9857616
GPCR,pAC50,350,6.06,6.4125443
GPCR,pAC50,351,5.685,6.851492
GPCR,pAC50,352,8.469,8.431519
GPCR,pAC50,353,7.845,7.7721453
GPCR,pAC50,354,7.893,8.414544
GPCR,pAC50,355,6.18,8.26754
GPCR,pAC50,356,7.519,7.9149904
GPCR,pAC50,357,8.602,8.074785
GPCR,pAC50,358,5.02,7.007084
GPCR,pAC50,359,6.171,6.1164227
GPCR,pAC50,360,8.252,8.206027
GPCR,pAC50,361,8.42,8.028463
GPCR,pAC50,362,9.492,8.501839
GPCR,pAC50,363,7.251,7.547415
GPCR,pAC50,364,7.208,8.058188
GPCR,pAC50,365,6.377,5.62761
GPCR,pAC50,366,7.62,8.351502
GPCR,pAC50,367,8.378,7.730072
GPCR,pAC50,368,5.86,7.2942057
GPCR,pAC50,369,7.009,7.210023
GPCR,pAC50,370,9.509,9.375839
GPCR,pAC50,371,8.125,8.06452
GPCR,pAC50,372,7.745,8.7137985
GPCR,pAC50,373,7.13,7.0859814
GPCR,pAC50,374,7.456,7.634347
GPCR,pAC50,375,7.975,8.655803
GPCR,pAC50,376,7.921,7.38492
GPCR,pAC50,377,4.91,4.450486
GPCR,pAC50,378,6.16,5.9155245
GPCR,pAC50,379,5.8,5.6961527
GPCR,pAC50,380,6.469,6.5352364
GPCR,pAC50,381,6.959,7.036788
GPCR,pAC50,382,8.475,8.239185
GPCR,pAC50,383,4.92,4.4404182
GPCR,pAC50,384,4.72,4.889559
GPCR,pAC50,385,5.41,5.3304806
GPCR,pAC50,386,8.967,8.939372
GPCR,pAC50,387,6.0,6.0456314
GPCR,pAC50,388,7.201,7.691783
GPCR,pAC50,389,6.86,7.726907
GPCR,pAC50,390,9.38,9.176004
GPCR,pAC50,391,6.658,6.788433
GPCR,pAC50,392,7.051,6.6084995
GPCR,pAC50,393,7.721,7.2828846
GPCR,pAC50,394,8.101,7.5464716
GPCR,pAC50,395,6.62,6.906905
GPCR,pAC50,396,7.027,7.428691
GPCR,pAC50,397,8.851,9.180048
GPCR,pAC50,398,6.903,8.060705
GPCR,pAC50,399,8.384,8.501835
GPCR,pAC50,400,8.159,7.512842
GPCR,pAC50,401,8.101,7.34721
GPCR,pAC50,402,6.558,6.412422
GPCR,pAC50,403,6.55,8.39795
GPCR,pAC50,404,6.81,8.053677
GPCR,pAC50,405,7.757,7.718812
GPCR,pAC50,406,7.06,6.9555435
GPCR,pAC50,407,6.172,6.3972263
GPCR,pAC50,408,6.188,6.376299
GPCR,pAC50,409,9.071,8.561104
GPCR,pAC50,410,8.36,8.588703
GPCR,pAC50,411,7.092,7.694648
GPCR,pAC50,412,7.495,8.077551
GPCR,pAC50,413,7.658,7.6515427
GPCR,pAC50,414,8.022,8.186856
GPCR,pAC50,415,9.0,8.733268
GPCR,pAC50,416,9.097,9.114264
GPCR,pAC50,417,6.545,6.6151905
GPCR,pAC50,418,8.126,7.7769823
GPCR,pAC50,419,8.403,8.482879
GPCR,pAC50,420,6.353,6.166786
GPCR,pAC50,421,6.47,6.750551
GPCR,pAC50,422,7.063,7.619672
GPCR,pAC50,423,7.335,7.530757
GPCR,pAC50,424,8.495,8.257767
GPCR,pAC50,425,9.585,9.694742
GPCR,pAC50,426,8.886,8.514931
GPCR,pAC50,427,8.268,9.06175
GPCR,pAC50,428,10.081,9.326191
GPCR,pAC50,429,10.244,10.593265
GPCR,pAC50,430,8.108,7.8892
GPCR,pAC50,431,6.059,6.7044363
GPCR,pAC50,432,9.921,10.098817
GPCR,pAC50,433,6.495,7.3484955
GPCR,pAC50,434,8.481,8.778956
GPCR,pAC50,435,5.824,6.207762
GPCR,pAC50,436,6.533,7.051937
GPCR,pAC50,437,6.156,7.103883
GPCR,pAC50,438,7.678,7.204916
GPCR,pAC50,439,7.481,7.3281126
GPCR,pAC50,440,7.699,7.4882803
GPCR,pAC50,441,8.18,8.158194
GPCR,pAC50,442,8.638,8.493137
GPCR,pAC50,443,8.222,8.472596
GPCR,pAC50,444,5.319,5.446335
GPCR,pAC50,445,8.496,8.650377
GPCR,pAC50,446,6.42,6.2670507
GPCR,pAC50,447,9.456,9.250527
GPCR,pAC50,448,6.387,5.8275757
GPCR,pAC50,449,7.363,7.9223547
GPCR,pAC50,450,7.175,6.627699
GPCR,pAC50,451,9.658,8.953767
GPCR,pAC50,452,6.125,6.279501
GPCR,pAC50,453,8.009,7.8965454
GPCR,pAC50,454,6.812,6.9778433
GPCR,pAC50,455,7.114,7.4528646
GPCR,pAC50,456,6.854,7.0491495
GPCR,pAC50,457,8.344,8.43917
GPCR,pAC50,458,8.62,8.708231
GPCR,pAC50,459,7.893,7.9999638
GPCR,pAC50,460,8.399,8.709928
GPCR,pAC50,461,7.678,7.4850683
GPCR,pAC50,462,4.28,6.105715
GPCR,pAC50,463,5.432,7.1164436
GPCR,pAC50,464,5.634,5.9280815
GPCR,pAC50,465,9.83,9.101004
GPCR,pAC50,466,7.26,7.6860704
GPCR,pAC50,467,7.013,9.304342
GPCR,pAC50,468,10.699,9.496591
GPCR,pAC50,469,7.62,7.8974447
GPCR,pAC50,470,7.387,8.006793
GPCR,pAC50,471,6.79,7.5363016
GPCR,pAC50,472,8.699,8.657193
GPCR,pAC50,473,9.509,8.733818
GPCR,pAC50,474,5.0,5.2991924
GPCR,pAC50,475,6.62,6.3761415
GPCR,pAC50,476,8.37,8.737896
GPCR,pAC50,477,8.444,8.505724
GPCR,pAC50,478,7.569,7.032323
GPCR,pAC50,479,5.469,5.3085365
GPCR,pAC50,480,9.602,9.515886
GPCR,pAC50,481,9.75,9.829369
GPCR,pAC50,482,7.601,6.841238
GPCR,pAC50,483,4.455,6.4158783
GPCR,pAC50,484,4.689,4.7306643
GPCR,pAC50,485,4.697,4.9566765
GPCR,pAC50,486,6.932,7.198885
GPCR,pAC50,487,6.648,7.2952538
GPCR,pAC50,488,5.866,7.3218975
GPCR,pAC50,489,7.893,8.098099
GPCR,pAC50,490,8.076,7.919923
GPCR,pAC50,491,7.131,6.962796
GPCR,pAC50,492,8.018,7.86732
GPCR,pAC50,493,6.987,7.124362
GPCR,pAC50,494,8.542,8.624245
GPCR,pAC50,495,7.78,7.654811
GPCR,pAC50,496,7.796,7.712226
GPCR,pAC50,497,7.77,8.508907
GPCR,pAC50,498,6.602,6.407159
GPCR,pAC50,499,7.745,7.150572
GPCR,pAC50,500,7.252,7.355341
GPCR,pAC50,501,7.208,7.3666506
GPCR,pAC50,502,8.155,8.111211
GPCR,pAC50,503,8.026,7.672578
GPCR,pAC50,504,7.963,8.48616
GPCR,pAC50,505,7.638,7.387871
GPCR,pAC50,506,8.1,7.048395
GPCR,pAC50,507,7.62,7.3630056
GPCR,pAC50,508,8.2,8.142937
GPCR,pAC50,509,6.745,6.868725
GPCR,pAC50,510,8.056,8.085751
GPCR,pAC50,511,6.527,6.648835
GPCR,pAC50,512,6.719,6.223913
GPCR,pAC50,513,7.818,6.5664463
GPCR,pAC50,514,7.399,7.697818
GPCR,pAC50,515,7.762,7.105031
GPCR,pAC50,516,7.075,7.819356
GPCR,pAC50,517,7.275,8.134192
GPCR,pAC50,518,7.854,7.243743
GPCR,pAC50,519,7.824,8.001567
GPCR,pAC50,520,8.523,8.351468
GPCR,pAC50,521,7.509,7.540203
GPCR,pAC50,522,6.71,7.3299828
GPCR,pAC50,523,8.538,8.543102
GPCR,pAC50,524,7.87,7.3186073
GPCR,pAC50,525,8.174,9.562899
GPCR,pAC50,526,9.046,8.8699875
GPCR,pAC50,527,8.18,8.683845
GPCR,pAC50,528,7.678,7.597869
GPCR,pAC50,529,7.432,6.912776
GPCR,pAC50,530,7.851,7.7168217
GPCR,pAC50,531,7.35,8.327676
GPCR,pAC50,532,7.268,7.1021013
GPCR,pAC50,533,5.401,6.7948666
GPCR,pAC50,534,6.571,7.1865377
GPCR,pAC50,535,7.102,7.017091
GPCR,pAC50,536,5.495,5.152277
GPCR,pAC50,537,5.959,5.6135798
GPCR,pAC50,538,5.553,5.467991
GPCR,pAC50,539,5.1,5.9773493
GPCR,pAC50,540,6.7,5.526949
GPCR,pAC50,541,6.529,6.6661167
GPCR,pAC50,542,5.523,6.3895473
GPCR,pAC50,543,8.783,8.547547
GPCR,pAC50,544,8.039,8.203268
GPCR,pAC50,545,7.384,7.8314486
GPCR,pAC50,546,7.921,8.447954
GPCR,pAC50,547,5.703,6.1050425
GPCR,pAC50,548,8.032,7.100377
GPCR,pAC50,549,7.198,6.607337
GPCR,pAC50,550,6.658,5.5954714
GPCR,pAC50,551,8.678,8.952921
GPCR,pAC50,552,7.108,7.1794195
GPCR,pAC50,553,7.886,7.5141764
GPCR,pAC50,554,9.229,8.257007
GPCR,pAC50,555,7.367,7.87272
GPCR,pAC50,556,5.791,7.740925
GPCR,pAC50,557,6.79,7.4446936
GPCR,pAC50,558,7.824,7.5760384
GPCR,pAC50,559,7.854,7.6548615
GPCR,pAC50,560,7.377,7.216655
GPCR,pAC50,561,9.1,7.7116117
GPCR,pAC50,562,7.553,8.075213
GPCR,pAC50,563,6.658,6.8779507
GPCR,pAC50,564,7.007,6.6455164
GPCR,pAC50,565,6.654,7.089411
GPCR,pAC50,566,8.439,8.840208
GPCR,pAC50,567,6.678,5.7134237
GPCR,pAC50,568,6.593,6.374112
GPCR,pAC50,569,4.597,4.8277254
GPCR,pAC50,570,8.084,7.230567
GPCR,pAC50,571,7.979,7.7664204
GPCR,pAC50,572,5.863,8.041345
GPCR,pAC50,573,7.469,7.4349947
GPCR,pAC50,574,7.469,7.496866
GPCR,pAC50,575,6.903,6.6370754
GPCR,pAC50,576,6.854,7.0333643
GPCR,pAC50,577,8.83,8.802744
GPCR,pAC50,578,6.142,7.758113
GPCR,pAC50,579,7.47,7.518838
GPCR,pAC50,580,6.656,6.490305
GPCR,pAC50,581,7.409,7.8745356
GPCR,pAC50,582,8.37,7.5822372
GPCR,pAC50,583,8.073,7.464695
GPCR,pAC50,584,8.623,8.760017
GPCR,pAC50,585,8.452,8.3452215
GPCR,pAC50,586,8.119,8.103978
GPCR,pAC50,587,6.678,6.790229
GPCR,pAC50,588,6.816,7.054531
GPCR,pAC50,589,7.44,7.848755
GPCR,pAC50,590,4.921,7.4295835
GPCR,pAC50,591,7.377,7.181505
GPCR,pAC50,592,6.9,6.570204
GPCR,pAC50,593,7.215,7.059985
GPCR,pAC50,594,7.678,7.6166096
GPCR,pAC50,595,6.569,6.445838
GPCR,pAC50,596,7.699,7.0514593
GPCR,pAC50,597,5.921,5.972932
GPCR,pAC50,598,9.0,9.226442
GPCR,pAC50,599,8.328,7.462085
GPCR,pAC50,600,5.347,6.230612
GPCR,pAC50,601,5.071,5.5914764
GPCR,pAC50,602,6.854,6.591919
GPCR,pAC50,603,5.137,4.9090347
GPCR,pAC50,604,7.041,6.971264
GPCR,pAC50,605,6.347,6.8457184
GPCR,pAC50,606,6.495,6.5015173
GPCR,pAC50,607,6.387,6.175769
GPCR,pAC50,608,8.222,8.421068
GPCR,pAC50,609,5.921,7.021243
GPCR,pAC50,610,6.836,6.934002
GPCR,pAC50,611,6.785,7.321782
GPCR,pAC50,612,5.538,5.6183643
GPCR,pAC50,613,8.638,7.2385387
GPCR,pAC50,614,6.599,6.7877274
GPCR,pAC50,615,8.097,7.2267866
GPCR,pAC50,616,6.658,6.90536
GPCR,pAC50,617,7.357,6.79391
GPCR,pAC50,618,7.301,7.3298016
GPCR,pAC50,619,6.337,6.222973
GPCR,pAC50,620,5.62,6.187047
GPCR,pAC50,621,6.77,7.389035
GPCR,pAC50,622,7.569,7.29198
GPCR,pAC50,623,7.553,7.859025
GPCR,pAC50,624,7.081,7.2015133
GPCR,pAC50,625,6.538,6.4661884
GPCR,pAC50,626,6.319,6.6158504
GPCR,pAC50,627,6.125,5.767226
GPCR,pAC50,628,8.699,8.44594
GPCR,pAC50,629,7.745,7.886755
GPCR,pAC50,630,7.854,7.779379
GPCR,pAC50,631,7.42,7.3328896
GPCR,pAC50,632,5.8,5.6081953
GPCR,pAC50,633,8.1,7.8243446
GPCR,pAC50,634,7.101,7.2227583
GPCR,pAC50,635,5.5,6.002776
GPCR,pAC50,636,6.0,6.653864
GPCR,pAC50,637,8.699,8.61013
GPCR,pAC50,638,7.5,7.63433
GPCR,pAC50,639,7.3,7.603554
GPCR,pAC50,640,9.109,9.136418
GPCR,pAC50,641,9.699,9.039514
GPCR,pAC50,642,9.222,8.552057
GPCR,pAC50,643,8.2,8.303146
GPCR,pAC50,644,8.638,8.629503
GPCR,pAC50,645,8.056,7.677639
GPCR,pAC50,646,8.7,7.359046
GPCR,pAC50,647,8.8,8.636629
GPCR,pAC50,648,8.8,8.428629
GPCR,pAC50,649,6.785,7.2849407
GPCR,pAC50,650,9.699,7.819708
GPCR,pAC50,651,7.5,7.2148495
GPCR,pAC50,652,9.155,9.771671
GPCR,pAC50,653,8.959,8.612849
GPCR,pAC50,654,8.222,7.493243
GPCR,pAC50,655,9.161,8.505252
GPCR,pAC50,656,8.456,8.742147
GPCR,pAC50,657,9.06,9.164978
GPCR,pAC50,658,4.517,4.9539223
GPCR,pAC50,659,6.347,6.199399
GPCR,pAC50,660,6.42,6.2325735
GPCR,pAC50,661,9.076,8.46512
GPCR,pAC50,662,5.535,5.8654594
GPCR,pAC50,663,9.086,9.76601
GPCR,pAC50,664,5.4,5.3430824
GPCR,pAC50,665,6.25,5.600215
GPCR,pAC50,666,4.368,5.14013
GPCR,pAC50,667,4.701,5.396061
GPCR,pAC50,668,5.497,5.2216663
GPCR,pAC50,669,6.414,5.661022
GPCR,pAC50,670,5.735,5.3599596
GPCR,pAC50,671,5.591,5.155634
GPCR,pAC50,672,7.523,7.2055225
GPCR,pAC50,673,7.658,7.2833433
GPCR,pAC50,674,7.569,6.1450615
GPCR,pAC50,675,7.921,7.241006
GPCR,pAC50,676,7.886,7.1163883
GPCR,pAC50,677,7.076,7.4441605
GPCR,pAC50,678,6.409,6.866705
GPCR,pAC50,679,7.553,7.2722797
GPCR,pAC50,680,6.173,6.223817
GPCR,pAC50,681,7.14,6.0954504
GPCR,pAC50,682,6.575,6.3526974
GPCR,pAC50,683,6.419,6.562216
GPCR,pAC50,684,7.959,6.9335003
GPCR,pAC50,685,6.851,6.159047
GPCR,pAC50,686,8.328,8.39945
GPCR,pAC50,687,7.481,7.838251
GPCR,pAC50,688,7.456,7.1835737
GPCR,pAC50,689,7.18,7.5198307
GPCR,pAC50,690,6.481,6.619279
GPCR,pAC50,691,7.611,6.959916
GPCR,pAC50,692,7.167,6.850731
GPCR,pAC50,693,7.119,6.518134
GPCR,pAC50,694,6.693,7.491064
GPCR,pAC50,695,7.097,7.0976744
GPCR,pAC50,696,7.244,7.1150713
GPCR,pAC50,697,7.42,7.055813
GPCR,pAC50,698,7.886,8.165079
GPCR,pAC50,699,8.538,8.845676
GPCR,pAC50,700,7.721,6.9843435
GPCR,pAC50,701,6.341,7.1350384
GPCR,pAC50,702,6.903,7.2092705
GPCR,pAC50,703,7.357,7.2139025
GPCR,pAC50,704,6.347,6.1549454
GPCR,pAC50,705,6.638,7.032256
GPCR,pAC50,706,7.502,7.0816784
GPCR,pAC50,707,7.301,7.33963
GPCR,pAC50,708,8.569,7.9509745
GPCR,pAC50,709,7.328,6.6984215
GPCR,pAC50,710,7.585,8.34473
GPCR,pAC50,711,7.361,6.5110626
GPCR,pAC50,712,6.87,6.7554626
GPCR,pAC50,713,6.551,6.830041
GPCR,pAC50,714,7.089,7.568571
GPCR,pAC50,715,7.015,8.604282
GPCR,pAC50,716,8.137,7.935276
GPCR,pAC50,717,7.328,6.6672935
GPCR,pAC50,718,7.18,7.222026
GPCR,pAC50,719,7.602,7.444104
GPCR,pAC50,720,6.672,6.374755
GPCR,pAC50,721,7.611,7.9738464
GPCR,pAC50,722,7.301,7.0582666
GPCR,pAC50,723,7.285,7.938671
GPCR,pAC50,724,6.979,6.824588
GPCR,pAC50,725,6.812,7.281226
GPCR,pAC50,726,6.53,7.303357
GPCR,pAC50,727,7.699,7.0515423
GPCR,pAC50,728,7.328,6.969226
GPCR,pAC50,729,7.602,6.920436
GPCR,pAC50,730,6.959,6.7711554
GPCR,pAC50,731,8.538,7.5799723
GPCR,pAC50,732,8.886,8.603708
GPCR,pAC50,733,8.959,9.089734
GPCR,pAC50,734,4.564,4.6139746
GPCR,pAC50,735,6.752,7.002186
GPCR,pAC50,736,9.073,8.75655
GPCR,pAC50,737,5.636,5.9640684
GPCR,pAC50,738,5.62,5.608653
GPCR,pAC50,739,9.697,8.39561
GPCR,pAC50,740,5.73,4.736699
GPCR,pAC50,741,8.699,7.5805206
GPCR,pAC50,742,7.6,8.011606
GPCR,pAC50,743,5.4,7.312952
GPCR,pAC50,744,7.796,7.531493
GPCR,pAC50,745,7.921,6.8426886
GPCR,pAC50,746,7.9,7.88181
GPCR,pAC50,747,7.328,6.9743204
GPCR,pAC50,748,6.2,6.498081
GPCR,pAC50,749,5.5,5.9844275
GPCR,pAC50,750,6.301,6.9128866
GPCR,pAC50,751,7.48,7.755069
GPCR,pAC50,752,6.32,7.496067
GPCR,pAC50,753,7.432,7.384865
GPCR,pAC50,754,7.328,7.3118677
GPCR,pAC50,755,6.602,6.5165157
GPCR,pAC50,756,4.664,4.7229433
GPCR,pAC50,757,10.347,8.406527
GPCR,pAC50,758,5.741,6.443878
GPCR,pAC50,759,8.39,8.546799
GPCR,pAC50,760,9.28,8.405613
GPCR,pAC50,761,5.822,6.065815
GPCR,pAC50,762,5.817,5.8865147
GPCR,pAC50,763,7.585,7.424244
GPCR,pAC50,764,7.921,7.898284
GPCR,pAC50,765,8.77,8.705608
GPCR,pAC50,766,7.071,7.2049875
GPCR,pAC50,767,7.301,6.6267786
GPCR,pAC50,768,8.0,8.130434
GPCR,pAC50,769,6.455,5.820362
GPCR,pAC50,770,5.312,6.448062
GPCR,pAC50,771,6.602,5.983426
GPCR,pAC50,772,6.351,6.3925858
GPCR,pAC50,773,6.629,6.572463
GPCR,pAC50,774,8.602,8.425597
GPCR,pAC50,775,6.246,7.0571537
GPCR,pAC50,776,9.208,9.120153
GPCR,pAC50,777,8.409,7.787527
GPCR,pAC50,778,6.812,6.907998
GPCR,pAC50,779,8.921,9.209466
GPCR,pAC50,780,6.866,7.2698154
GPCR,pAC50,781,8.398,8.151543
GPCR,pAC50,782,7.921,8.1839695
GPCR,pAC50,783,9.553,7.8616104
GPCR,pAC50,784,9.187,9.142111
GPCR,pAC50,785,6.52,6.7530603
GPCR,pAC50,786,5.699,6.0951824
GPCR,pAC50,787,9.347,8.765926
GPCR,pAC50,788,8.406,8.339476
GPCR,pAC50,789,8.177,8.137931
GPCR,pAC50,790,8.721,9.244076
GPCR,pAC50,791,7.324,6.944891
GPCR,pAC50,792,7.083,6.976307
GPCR,pAC50,793,8.347,8.055476
GPCR,pAC50,794,9.398,9.699396
GPCR,pAC50,795,9.523,9.691691
GPCR,pAC50,796,8.252,7.0926933
GPCR,pAC50,797,6.593,7.0777454
GPCR,pAC50,798,9.066,8.513236
GPCR,pAC50,799,6.553,6.3905687
GPCR,pAC50,800,5.0,6.1010284
GPCR,pAC50,801,5.1,5.96846
GPCR,pAC50,802,7.6,7.5713596
GPCR,pAC50,803,5.9,5.6966047
GPCR,pAC50,804,7.5,8.08675
GPCR,pAC50,805,8.288,9.064165
GPCR,pAC50,806,8.996,7.6367254
GPCR,pAC50,807,6.276,6.390609
GPCR,pAC50,808,8.086,8.433648
GPCR,pAC50,809,6.636,6.140044
GPCR,pAC50,810,7.046,6.295841
GPCR,pAC50,811,8.125,7.5214396
GPCR,pAC50,812,6.959,6.8012276
GPCR,pAC50,813,6.971,6.1085987
GPCR,pAC50,814,7.721,8.833912
GPCR,pAC50,815,8.398,7.6674957
GPCR,pAC50,816,9.097,8.119304
GPCR,pAC50,817,8.456,8.311518
GPCR,pAC50,818,8.699,8.324022
GPCR,pAC50,819,9.0,8.660952
GPCR,pAC50,820,7.0,7.1060734
GPCR,pAC50,821,7.77,7.4793034
GPCR,pAC50,822,9.0,8.651344
GPCR,pAC50,823,7.42,7.247093
GPCR,pAC50,824,7.0,7.6597366
GPCR,pAC50,825,9.0,8.830661
GPCR,pAC50,826,4.699,4.8617277
GPCR,pAC50,827,8.886,6.4903812
GPCR,pAC50,828,5.931,6.1718426
GPCR,pAC50,829,6.69,5.914942
GPCR,pAC50,830,6.12,6.2677364
GPCR,pAC50,831,6.827,6.6970778
GPCR,pAC50,832,6.567,6.248661
GPCR,pAC50,833,8.398,8.520846
GPCR,pAC50,834,9.616,9.913932
GPCR,pAC50,835,7.495,7.202319
GPCR,pAC50,836,7.244,7.5771685
GPCR,pAC50,837,7.921,6.7654448
GPCR,pAC50,838,6.377,7.5352077
GPCR,pAC50,839,7.444,7.3972464
GPCR,pAC50,840,6.777,6.960375
GPCR,pAC50,841,7.357,7.3639774
GPCR,pAC50,842,7.187,7.256895
GPCR,pAC50,843,7.886,8.027826
GPCR,pAC50,844,8.097,8.207924
GPCR,pAC50,845,7.553,6.740512
GPCR,pAC50,846,7.62,8.054758
GPCR,pAC50,847,6.535,5.665413
GPCR,pAC50,848,5.333,5.038042
GPCR,pAC50,849,5.0,5.647724
GPCR,pAC50,850,5.213,5.2533226
GPCR,pAC50,851,6.002,6.1472063
GPCR,pAC50,852,8.043,7.076458
GPCR,pAC50,853,8.393,7.572299
GPCR,pAC50,854,5.84,6.3737
GPCR,pAC50,855,8.328,7.694744
GPCR,pAC50,856,8.143,8.215544
GPCR,pAC50,857,8.921,7.3449316
GPCR,pAC50,858,5.829,6.5268555
GPCR,pAC50,859,8.6,7.2290344
GPCR,pAC50,860,7.21,6.7524004
GPCR,pAC50,861,6.143,6.2646065
GPCR,pAC50,862,8.559,8.434895
GPCR,pAC50,863,7.959,7.910349
GPCR,pAC50,864,8.151,7.949355
GPCR,pAC50,865,7.357,7.187887
GPCR,pAC50,866,8.701,6.9419985
GPCR,pAC50,867,7.041,6.94905
GPCR,pAC50,868,7.5,7.53329
GPCR,pAC50,869,6.097,6.397608
GPCR,pAC50,870,6.996,7.0076933
GPCR,pAC50,871,7.604,7.4119425
GPCR,pAC50,872,9.339,8.964873
GPCR,pAC50,873,5.824,6.25204
GPCR,pAC50,874,6.18,5.687092
GPCR,pAC50,875,6.921,7.5584307
GPCR,pAC50,876,6.967,7.6778164
GPCR,pAC50,877,9.0,8.410528
GPCR,pAC50,878,7.1,7.2114754
GPCR,pAC50,879,7.721,8.238472
GPCR,pAC50,880,5.174,5.482155
GPCR,pAC50,881,9.222,9.102478
GPCR,pAC50,882,9.377,8.968973
GPCR,pAC50,883,9.04,8.569483
GPCR,pAC50,884,5.502,4.831091
GPCR,pAC50,885,7.6,8.633438
GPCR,pAC50,886,8.79,6.947915
GPCR,pAC50,887,3.903,6.027219
GPCR,pAC50,888,7.96,7.1782446
GPCR,pAC50,889,9.96,8.980359
GPCR,pAC50,890,8.03,6.926626
GPCR,pAC50,891,6.25,6.63863
GPCR,pAC50,892,8.05,8.612667
GPCR,pAC50,893,8.39,7.0990067
GPCR,pAC50,894,7.67,7.1207867
GPCR,pAC50,895,9.38,8.724521
GPCR,pAC50,896,6.577,6.63095
GPCR,pAC50,897,7.699,6.743805
GPCR,pAC50,898,8.316,8.732206
GPCR,pAC50,899,7.495,7.9427614
GPCR,pAC50,900,5.495,5.5524645
GPCR,pAC50,901,6.398,5.8694286
GPCR,pAC50,902,5.081,5.523343
GPCR,pAC50,903,5.523,4.869899
GPCR,pAC50,904,5.046,4.6018515
GPCR,pAC50,905,8.553,8.030589
GPCR,pAC50,906,7.966,7.6378584
GPCR,pAC50,907,7.602,7.082384
GPCR,pAC50,908,6.959,7.016102
GPCR,pAC50,909,6.89,6.7738237
GPCR,pAC50,910,6.77,7.66327
GPCR,pAC50,911,6.682,7.195632
GPCR,pAC50,912,7.469,6.5147867
GPCR,pAC50,913,8.602,7.797984
GPCR,pAC50,914,6.959,7.6448393
GPCR,pAC50,915,10.244,7.7445946
GPCR,pAC50,916,8.553,8.731998
GPCR,pAC50,917,7.009,7.7144756
GPCR,pAC50,918,7.495,8.447786
GPCR,pAC50,919,8.959,9.018997
GPCR,pAC50,920,8.0,7.5656404
GPCR,pAC50,921,7.796,5.7589693
GPCR,pAC50,922,8.444,8.367371
GPCR,pAC50,923,9.77,9.888367
GPCR,pAC50,924,9.097,8.852512
GPCR,pAC50,925,7.328,6.538082
GPCR,pAC50,926,6.222,6.070219
GPCR,pAC50,927,8.215,8.6207075
GPCR,pAC50,928,8.092,8.67508
GPCR,pAC50,929,8.125,7.911064
GPCR,pAC50,930,7.478,6.9902945
GPCR,pAC50,931,6.347,6.191453
GPCR,pAC50,932,6.409,6.664666
GPCR,pAC50,933,7.415,7.0801334
GPCR,pAC50,934,7.959,7.004793
GPCR,pAC50,935,7.385,7.7964573
GPCR,pAC50,936,4.98,4.4675903
GPCR,pAC50,937,7.155,7.0686064
GPCR,pAC50,938,8.921,8.945045
GPCR,pAC50,939,9.292,8.379417
GPCR,pAC50,940,6.854,6.72871
GPCR,pAC50,941,7.409,6.2988987
GPCR,pAC50,942,6.839,7.171563
GPCR,pAC50,943,7.886,7.3916492
GPCR,pAC50,944,6.959,7.9678392
GPCR,pAC50,945,7.917,8.409017
GPCR,pAC50,946,6.119,6.463891
GPCR,pAC50,947,4.886,6.1747885
GPCR,pAC50,948,6.456,6.657036
GPCR,pAC50,949,7.715,7.4190893
GPCR,pAC50,950,6.292,6.4176664
GPCR,pAC50,951,7.245,6.3541927
GPCR,pAC50,952,7.084,6.6130486
GPCR,pAC50,953,9.638,9.564064
GPCR,pAC50,954,8.046,7.9854918
GPCR,pAC50,955,7.367,7.732854
GPCR,pAC50,956,6.434,6.994401
GPCR,pAC50,957,8.481,8.27132
GPCR,pAC50,958,7.137,7.2675333
GPCR,pAC50,959,7.071,6.90326
GPCR,pAC50,960,6.857,6.8108454
GPCR,pAC50,961,6.827,6.691865
GPCR,pAC50,962,8.678,8.36394
GPCR,pAC50,963,9.137,7.9367
GPCR,pAC50,964,9.328,9.559874
GPCR,pAC50,965,7.979,7.4395227
GPCR,pAC50,966,8.62,8.579393
GPCR,pAC50,967,7.538,8.161243
GPCR,pAC50,968,6.275,6.22248
GPCR,pAC50,969,7.194,6.589447
GPCR,pAC50,970,5.432,7.004101
GPCR,pAC50,971,7.886,8.151674
GPCR,pAC50,972,6.588,7.306611
GPCR,pAC50,973,6.062,6.551923
GPCR,pAC50,974,6.793,6.6094313
GPCR,pAC50,975,7.0,8.094079
GPCR,pAC50,976,7.9,7.608547
GPCR,pAC50,977,8.2,8.513798
GPCR,pAC50,978,6.97,6.2012625
GPCR,pAC50,979,7.301,8.245079
GPCR,pAC50,980,8.854,8.774015
GPCR,pAC50,981,8.824,8.906072
GPCR,pAC50,982,8.244,8.604155
GPCR,pAC50,983,9.0,8.699774
GPCR,pAC50,984,7.444,7.0969563
GPCR,pAC50,985,7.745,7.221483
GPCR,pAC50,986,8.77,9.175467
GPCR,pAC50,987,6.032,5.791301
GPCR,pAC50,988,8.796,8.078225
GPCR,pAC50,989,8.703,8.401781
GPCR,pAC50,990,8.941,8.098689
GPCR,pAC50,991,9.569,9.634568
GPCR,pAC50,992,8.377,7.826274
GPCR,pAC50,993,7.676,8.138325
GPCR,pAC50,994,9.745,9.676771
GPCR,pAC50,995,7.5,7.8530273
GPCR,pAC50,996,7.8,8.016404
GPCR,pAC50,997,9.19,8.433821
GPCR,pAC50,998,7.949,7.8857603
GPCR,pAC50,999,6.357,6.6736975
GPCR,pAC50,1000,6.654,6.8861494
GPCR,pAC50,1001,7.569,7.583497
GPCR,pAC50,1002,7.284,7.0478888
GPCR,pAC50,1003,9.377,10.287725
GPCR,pAC50,1004,8.638,8.907103
GPCR,pAC50,1005,7.301,7.397279
GPCR,pAC50,1006,7.339,6.423606
GPCR,pAC50,1007,4.699,4.922264
GPCR,pAC50,1008,4.699,5.0847263
GPCR,pAC50,1009,7.357,6.881521
GPCR,pAC50,1010,5.851,6.5823
GPCR,pAC50,1011,5.928,7.4003496
GPCR,pAC50,1012,6.585,6.346134
GPCR,pAC50,1013,5.347,6.3430004
GPCR,pAC50,1014,6.174,6.2288094
GPCR,pAC50,1015,6.77,6.394006
GPCR,pAC50,1016,7.854,6.63303
GPCR,pAC50,1017,7.62,6.7764025
GPCR,pAC50,1018,6.821,5.7961617
GPCR,pAC50,1019,6.267,5.655381
GPCR,pAC50,1020,6.575,6.373068
GPCR,pAC50,1021,6.06,5.9283466
GPCR,pAC50,1022,8.244,7.7930145
GPCR,pAC50,1023,6.604,6.530738
GPCR,pAC50,1024,6.536,6.260168
GPCR,pAC50,1025,6.338,6.988283
GPCR,pAC50,1026,7.002,7.310027
GPCR,pAC50,1027,9.301,9.49197
GPCR,pAC50,1028,10.398,10.686472
GPCR,pAC50,1029,8.337,8.53036
GPCR,pAC50,1030,9.398,9.918983
GPCR,pAC50,1031,8.252,8.332706
GPCR,pAC50,1032,9.699,9.8659
GPCR,pAC50,1033,8.77,8.546272
GPCR,pAC50,1034,8.222,8.404329
GPCR,pAC50,1035,8.699,9.028475
GPCR,pAC50,1036,7.921,8.162126
GPCR,pAC50,1037,7.854,7.5027866
GPCR,pAC50,1038,7.071,6.919483
GPCR,pAC50,1039,6.807,6.5869293
GPCR,pAC50,1040,6.102,6.328533
GPCR,pAC50,1041,8.886,8.320868
GPCR,pAC50,1042,8.143,8.684286
GPCR,pAC50,1043,6.854,7.0319405
GPCR,pAC50,1044,8.959,8.275465
GPCR,pAC50,1045,8.921,8.622009
GPCR,pAC50,1046,7.444,7.6606293
GPCR,pAC50,1047,7.553,7.6407223
GPCR,pAC50,1048,7.071,6.9233913
GPCR,pAC50,1049,6.718,8.819257
GPCR,pAC50,1050,6.678,6.2553053
GPCR,pAC50,1051,6.745,6.818593
GPCR,pAC50,1052,6.52,6.498316
GPCR,pAC50,1053,8.29,8.824841
GPCR,pAC50,1054,6.29,6.076605
GPCR,pAC50,1055,5.526,5.864873
GPCR,pAC50,1056,7.854,7.5967617
GPCR,pAC50,1057,7.31,7.201908
GPCR,pAC50,1058,6.886,7.307907
GPCR,pAC50,1059,9.108,9.519794
GPCR,pAC50,1060,6.757,6.646038
GPCR,pAC50,1061,6.883,7.0166616
GPCR,pAC50,1062,7.921,7.2409134
GPCR,pAC50,1063,5.332,5.4887543
GPCR,pAC50,1064,6.896,7.166127
GPCR,pAC50,1065,7.759,7.9020414
GPCR,pAC50,1066,7.335,7.6655455
GPCR,pAC50,1067,7.77,7.1255417
GPCR,pAC50,1068,7.921,7.786027
GPCR,pAC50,1069,6.959,7.162428
GPCR,pAC50,1070,7.585,7.748828
GPCR,pAC50,1071,8.921,9.728203
GPCR,pAC50,1072,9.155,9.3231945
GPCR,pAC50,1073,8.602,8.973189
GPCR,pAC50,1074,7.77,8.041856
GPCR,pAC50,1075,6.721,7.2040834
GPCR,pAC50,1076,7.032,8.165934
GPCR,pAC50,1077,10.55,9.184029
GPCR,pAC50,1078,9.319,5.5067015
GPCR,pAC50,1079,7.387,7.6145477
GPCR,pAC50,1080,6.434,6.864893
GPCR,pAC50,1081,9.0,9.319348
GPCR,pAC50,1082,7.592,8.061879
GPCR,pAC50,1083,6.538,6.2517195
GPCR,pAC50,1084,7.799,8.119356
GPCR,pAC50,1085,8.005,8.188031
GPCR,pAC50,1086,8.478,8.476567
GPCR,pAC50,1087,8.75,8.304519
GPCR,pAC50,1088,7.022,6.894909
GPCR,pAC50,1089,6.337,6.2472124
GPCR,pAC50,1090,7.456,7.2375584
GPCR,pAC50,1091,7.377,7.292926
GPCR,pAC50,1092,5.951,5.7821655
GPCR,pAC50,1093,7.174,6.9149914
GPCR,pAC50,1094,7.538,7.2971134
GPCR,pAC50,1095,8.18,7.422759
GPCR,pAC50,1096,8.602,8.1843
GPCR,pAC50,1097,8.456,7.940898
GPCR,pAC50,1098,6.347,6.0532
GPCR,pAC50,1099,7.959,7.2971306
GPCR,pAC50,1100,6.62,7.1792736
GPCR,pAC50,1101,6.854,6.741766
GPCR,pAC50,1102,8.284,8.567489
GPCR,pAC50,1103,6.495,6.546835
GPCR,pAC50,1104,6.409,6.8360043
GPCR,pAC50,1105,8.337,7.299938
GPCR,pAC50,1106,8.167,7.2638006
GPCR,pAC50,1107,6.638,7.078578
GPCR,pAC50,1108,7.745,7.968893
GPCR,pAC50,1109,7.854,7.697052
GPCR,pAC50,1110,7.921,8.364973
GPCR,pAC50,1111,8.337,8.207073
GPCR,pAC50,1112,6.658,6.568408
GPCR,pAC50,1113,7.377,8.648926
GPCR,pAC50,1114,8.149,8.705517
GPCR,pAC50,1115,7.721,7.688342
GPCR,pAC50,1116,8.523,9.222573
GPCR,pAC50,1117,7.143,6.7443457
GPCR,pAC50,1118,7.585,8.001491
GPCR,pAC50,1119,8.276,7.9953794
GPCR,pAC50,1120,7.796,7.895797
GPCR,pAC50,1121,6.337,6.0455217
GPCR,pAC50,1122,6.975,7.7097197
GPCR,pAC50,1123,7.745,8.193776
GPCR,pAC50,1124,7.538,6.6419954
GPCR,pAC50,1125,7.397,6.7917814
GPCR,pAC50,1126,9.0,8.901618
GPCR,pAC50,1127,9.066,8.417789
GPCR,pAC50,1128,9.319,9.3585615
GPCR,pAC50,1129,7.126,7.652673
GPCR,pAC50,1130,7.075,7.0214167
GPCR,pAC50,1131,9.469,10.307035
GPCR,pAC50,1132,7.509,7.848299
GPCR,pAC50,1133,6.071,6.804205
GPCR,pAC50,1134,7.824,8.017992
GPCR,pAC50,1135,7.222,7.3396587
GPCR,pAC50,1136,7.91,7.679884
GPCR,pAC50,1137,7.237,7.664872
GPCR,pAC50,1138,9.921,9.753141
GPCR,pAC50,1139,8.699,8.466227
GPCR,pAC50,1140,9.367,10.103033
GPCR,pAC50,1141,8.7,8.443215
GPCR,pAC50,1142,7.1,7.13505
GPCR,pAC50,1143,7.638,7.493129
GPCR,pAC50,1144,6.553,7.0038166
GPCR,pAC50,1145,8.658,8.861364
GPCR,pAC50,1146,8.65,8.559075
GPCR,pAC50,1147,8.645,9.228268
GPCR,pAC50,1148,8.07,8.209707
GPCR,pAC50,1149,6.742,6.756875
GPCR,pAC50,1150,8.137,7.9401054
GPCR,pAC50,1151,6.09,5.50344
GPCR,pAC50,1152,6.837,6.2570267
GPCR,pAC50,1153,6.09,5.940956
GPCR,pAC50,1154,7.796,8.084871
GPCR,pAC50,1155,7.041,6.8179893
GPCR,pAC50,1156,7.658,7.548682
GPCR,pAC50,1157,8.523,8.139327
GPCR,pAC50,1158,8.0,7.2605505
GPCR,pAC50,1159,8.83,8.537786
GPCR,pAC50,1160,9.93,9.924736
GPCR,pAC50,1161,8.6,8.7991085
GPCR,pAC50,1162,7.5,6.990471
GPCR,pAC50,1163,8.8,8.831448
GPCR,pAC50,1164,9.4,9.203186
GPCR,pAC50,1165,8.0,8.80007
GPCR,pAC50,1166,6.721,6.968361
GPCR,pAC50,1167,6.236,6.5934153
GPCR,pAC50,1168,6.623,6.3696127
GPCR,pAC50,1169,8.097,7.717927
GPCR,pAC50,1170,9.277,9.528936
GPCR,pAC50,1171,7.87,8.142601
GPCR,pAC50,1172,7.602,7.2025747
GPCR,pAC50,1173,7.252,7.3601665
GPCR,pAC50,1174,8.347,8.60934
GPCR,pAC50,1175,7.26,7.8731365
GPCR,pAC50,1176,9.0,7.610317
GPCR,pAC50,1177,6.886,6.798169
GPCR,pAC50,1178,9.119,9.634768
GPCR,pAC50,1179,7.569,7.267474
GPCR,pAC50,1180,7.9,7.7422314
GPCR,pAC50,1181,5.6,7.811165
GPCR,pAC50,1182,7.5,7.1088305
GPCR,pAC50,1183,7.2,6.938159
GPCR,pAC50,1184,6.854,7.4106627
GPCR,pAC50,1185,7.62,7.791218
GPCR,pAC50,1186,7.079,7.2254496
GPCR,pAC50,1187,5.096,5.862961
GPCR,pAC50,1188,7.1,6.7337065
GPCR,pAC50,1189,8.081,8.707521
GPCR,pAC50,1190,8.328,8.766651
GPCR,pAC50,1191,6.943,8.027564
GPCR,pAC50,1192,7.796,7.6346226
GPCR,pAC50,1193,7.032,7.5376844
GPCR,pAC50,1194,7.06,7.261284
GPCR,pAC50,1195,7.721,6.9892273
GPCR,pAC50,1196,7.886,7.3727894
GPCR,pAC50,1197,9.635,9.548972
GPCR,pAC50,1198,8.97,9.120576
GPCR,pAC50,1199,8.252,8.030305
GPCR,pAC50,1200,7.886,7.417533
GPCR,pAC50,1201,8.77,9.123724
GPCR,pAC50,1202,5.509,5.9531155
GPCR,pAC50,1203,7.62,8.989496
GPCR,pAC50,1204,9.78,9.656421
GPCR,pAC50,1205,7.959,7.7990017
GPCR,pAC50,1206,8.24,7.995428
GPCR,pAC50,1207,8.19,8.23222
GPCR,pAC50,1208,6.585,7.805396
GPCR,pAC50,1209,7.658,8.382764
GPCR,pAC50,1210,7.77,8.1202345
GPCR,pAC50,1211,5.67,5.6711206
GPCR,pAC50,1212,7.145,6.86489
GPCR,pAC50,1213,9.222,9.153831
GPCR,pAC50,1214,8.921,9.55501
GPCR,pAC50,1215,4.268,5.212369
GPCR,pAC50,1216,7.519,7.571144
GPCR,pAC50,1217,7.597,8.0659075
GPCR,pAC50,1218,8.635,8.077123
GPCR,pAC50,1219,8.886,9.1658
GPCR,pAC50,1220,5.261,5.2458067
GPCR,pAC50,1221,4.751,5.979493
GPCR,pAC50,1222,4.479,5.368311
GPCR,pAC50,1223,4.543,5.89682
GPCR,pAC50,1224,5.409,5.0944815
GPCR,pAC50,1225,4.819,5.808895
GPCR,pAC50,1226,5.163,6.32872
GPCR,pAC50,1227,6.573,6.3055077
GPCR,pAC50,1228,5.243,5.166624
GPCR,pAC50,1229,4.814,6.9353857
GPCR,pAC50,1230,4.676,6.691764
GPCR,pAC50,1231,4.838,5.6582375
GPCR,pAC50,1232,6.105,5.6505594
GPCR,pAC50,1233,6.971,6.0841637
GPCR,pAC50,1234,4.889,4.8091335
GPCR,pAC50,1235,4.734,5.947919
GPCR,pAC50,1236,4.825,7.0272865
GPCR,pAC50,1237,5.003,6.1478167
GPCR,pAC50,1238,6.189,6.7800446
GPCR,pAC50,1239,6.351,5.671653
GPCR,pAC50,1240,4.838,4.861967
GPCR,pAC50,1241,4.79,6.8078575
GPCR,pAC50,1242,4.93,6.192788
GPCR,pAC50,1243,6.082,6.278426
GPCR,pAC50,1244,6.47,5.9002256
GPCR,pAC50,1245,4.863,5.207844
GPCR,pAC50,1246,6.471,6.6154604
GPCR,pAC50,1247,6.535,5.773141
GPCR,pAC50,1248,5.36,4.5780363
GPCR,pAC50,1249,5.566,4.7915487
GPCR,pAC50,1250,4.57,6.1599197
GPCR,pAC50,1251,5.178,5.9778147
GPCR,pAC50,1252,5.303,4.888935
GPCR,pAC50,1253,5.341,6.044348
GPCR,pAC50,1254,5.795,4.573312
GPCR,pAC50,1255,5.2,5.916462
GPCR,pAC50,1256,5.906,5.5118494
GPCR,pAC50,1257,5.238,4.8495426
GPCR,pAC50,1258,5.93,4.7336473
GPCR,pAC50,1259,5.744,5.3872385
GPCR,pAC50,1260,5.507,5.5485773
GPCR,pAC50,1261,4.046,4.408532
GPCR,pAC50,1262,9.697,8.492754
GPCR,pAC50,1263,4.463,4.565152
GPCR,pAC50,1264,5.32,5.712796
GPCR,pAC50,1265,4.98,6.612262
GPCR,pAC50,1266,5.839,6.1370745
GPCR,pAC50,1267,4.953,5.5043697
GPCR,pAC50,1268,6.445,7.209179
GPCR,pAC50,1269,7.044,5.772354
GPCR,pAC50,1270,7.481,7.783209
GPCR,pAC50,1271,5.088,4.943077
GPCR,pAC50,1272,8.188,7.8659706
GPCR,pAC50,1273,5.544,5.931326
GPCR,pAC50,1274,4.701,5.5065536
GPCR,pAC50,1275,4.872,5.973324
GPCR,pAC50,1276,5.045,4.9575825
GPCR,pAC50,1277,4.758,5.6710777
GPCR,pAC50,1278,5.676,5.7632732
GPCR,pAC50,1279,4.896,5.3938913
GPCR,pAC50,1280,5.392,5.7715054
GPCR,pAC50,1281,5.656,5.1208076
GPCR,pAC50,1282,5.516,6.2324944
GPCR,pAC50,1283,5.323,5.5146666
GPCR,pAC50,1284,4.662,5.709405
GPCR,pAC50,1285,5.495,5.5122232
GPCR,pAC50,1286,6.46,6.7760878
GPCR,pAC50,1287,5.148,5.5747995
GPCR,pAC50,1288,4.966,6.2720613
GPCR,pAC50,1289,6.012,5.9396706
GPCR,pAC50,1290,8.0,6.2381964
GPCR,pAC50,1291,4.824,5.257393
GPCR,pAC50,1292,5.752,6.6321325
GPCR,pAC50,1293,4.842,5.5335712
GPCR,pAC50,1294,7.31,7.889289
GPCR,pAC50,1295,4.85,5.3006306
GPCR,pAC50,1296,4.781,6.6973476
GPCR,pAC50,1297,5.779,5.8075743
GPCR,pAC50,1298,4.925,4.7463617
GPCR,pAC50,1299,6.08,5.5658283
GPCR,pAC50,1300,6.007,4.4336557
GPCR,pAC50,1301,6.046,4.902465
GPCR,pAC50,1302,8.673,8.643236
GPCR,pAC50,1303,4.932,5.4817743
GPCR,pAC50,1304,4.878,6.731187
GPCR,pAC50,1305,5.432,6.1659145
GPCR,pAC50,1306,5.088,4.9500637
GPCR,pAC50,1307,6.131,6.246482
GPCR,pAC50,1308,5.668,6.571869
GPCR,pAC50,1309,5.564,4.363391
GPCR,pAC50,1310,6.79,5.6943073
GPCR,pAC50,1311,8.415,8.2229
GPCR,pAC50,1312,4.82,4.7278643
GPCR,pAC50,1313,6.132,6.409569
GPCR,pAC50,1314,4.608,6.041894
GPCR,pAC50,1315,6.56,6.215619
GPCR,pAC50,1316,6.379,5.0208826
GPCR,pAC50,1317,5.78,5.369461
GPCR,pAC50,1318,7.921,8.237776
GPCR,pAC50,1319,4.656,5.090784
GPCR,pAC50,1320,4.948,4.713771
GPCR,pAC50,1321,5.383,5.7521286
GPCR,pAC50,1322,5.559,6.458906
GPCR,pAC50,1323,4.748,6.682725
GPCR,pAC50,1324,5.142,4.55142
GPCR,pAC50,1325,5.594,5.871708
GPCR,pAC50,1326,5.503,5.1726713
GPCR,pAC50,1327,4.935,5.425516
GPCR,pAC50,1328,5.419,6.1145296
GPCR,pAC50,1329,4.937,5.7807636
GPCR,pAC50,1330,6.611,6.6147947
GPCR,pAC50,1331,6.505,6.1025724
GPCR,pAC50,1332,7.367,7.385517
GPCR,pAC50,1333,8.461,8.595085
GPCR,pAC50,1334,4.294,5.3363895
GPCR,pAC50,1335,4.827,6.0943727
GPCR,pAC50,1336,5.929,5.4591265
GPCR,pAC50,1337,4.839,5.548254
GPCR,pAC50,1338,6.402,6.4420156
GPCR,pAC50,1339,6.624,5.18637
GPCR,pAC50,1340,7.523,8.357737
GPCR,pAC50,1341,5.157,5.284376
GPCR,pAC50,1342,4.89,4.802099
GPCR,pAC50,1343,4.902,4.5402136
GPCR,pAC50,1344,5.873,5.8199663
GPCR,pAC50,1345,5.658,5.3491316
GPCR,pAC50,1346,5.663,6.8502407
GPCR,pAC50,1347,5.278,5.1929836
GPCR,pAC50,1348,8.69,7.9391937
GPCR,pAC50,1349,4.795,4.436902
GPCR,pAC50,1350,5.02,4.6622763
GPCR,pAC50,1351,4.9,5.3286924
GPCR,pAC50,1352,5.399,5.611436
GPCR,pAC50,1353,4.994,5.2532377
GPCR,pAC50,1354,5.714,6.417677
GPCR,pAC50,1355,4.586,5.4802084
GPCR,pAC50,1356,5.619,6.06246
GPCR,pAC50,1357,5.11,6.3176394
GPCR,pAC50,1358,4.704,9.212836
GPCR,pAC50,1359,5.413,7.779168
GPCR,pAC50,1360,5.045,9.027397
GPCR,pAC50,1361,5.923,5.6710386
GPCR,pAC50,1362,4.594,5.0192614
GPCR,pAC50,1363,5.925,7.879262
GPCR,pAC50,1364,5.762,6.3269415
GPCR,pAC50,1365,4.875,6.1993694
GPCR,pAC50,1366,5.93,6.597707
GPCR,pAC50,1367,4.914,5.131709
GPCR,pAC50,1368,5.232,5.0711393
GPCR,pAC50,1369,8.367,8.7199
GPCR,pAC50,1370,5.056,7.116826
GPCR,pAC50,1371,4.573,5.705719
GPCR,pAC50,1372,5.805,6.7762127
GPCR,pAC50,1373,5.577,5.787075
GPCR,pAC50,1374,6.915,6.729616
GPCR,pAC50,1375,5.72,7.364335
GPCR,pAC50,1376,5.327,5.622987
GPCR,pAC50,1377,6.07,5.7767305
GPCR,pAC50,1378,8.365,8.751667
GPCR,pAC50,1379,4.701,4.709873
GPCR,pAC50,1380,5.886,6.202532
GPCR,pAC50,1381,4.532,6.287689
GPCR,pAC50,1382,7.548,5.601453
GPCR,pAC50,1383,5.829,6.3793545
GPCR,pAC50,1384,5.287,4.541135
GPCR,pAC50,1385,7.377,6.954854
GPCR,pAC50,1386,5.535,5.6952906
GPCR,pAC50,1387,5.959,6.155999
GPCR,pAC50,1388,9.155,8.985833
GPCR,pAC50,1389,6.73,7.2834034
GPCR,pAC50,1390,7.18,7.3728714
GPCR,pAC50,1391,7.108,6.850789
GPCR,pAC50,1392,9.553,7.964432
GPCR,pAC50,1393,6.611,6.772456
GPCR,pAC50,1394,6.745,7.9743986
GPCR,pAC50,1395,5.9,6.645055
GPCR,pAC50,1396,7.232,7.47983
GPCR,pAC50,1397,6.208,5.880275
GPCR,pAC50,1398,8.319,8.461821
GPCR,pAC50,1399,6.678,6.5757675
GPCR,pAC50,1400,6.26,6.685857
GPCR,pAC50,1401,8.119,8.276284
GPCR,pAC50,1402,8.745,8.412699
GPCR,pAC50,1403,8.7,8.923243
GPCR,pAC50,1404,8.6,9.243395
GPCR,pAC50,1405,8.6,8.600784
GPCR,pAC50,1406,7.249,7.1493645
GPCR,pAC50,1407,6.341,6.211837
GPCR,pAC50,1408,6.886,6.728119
GPCR,pAC50,1409,8.125,8.016619
GPCR,pAC50,1410,8.484,8.686243
GPCR,pAC50,1411,10.08,9.799664
GPCR,pAC50,1412,9.77,9.736183
GPCR,pAC50,1413,7.921,8.28192
GPCR,pAC50,1414,6.668,6.6812725
GPCR,pAC50,1415,6.521,7.1366863
GPCR,pAC50,1416,7.959,8.216375
GPCR,pAC50,1417,7.26,6.901989
GPCR,pAC50,1418,5.866,7.354931
GPCR,pAC50,1419,6.523,6.4654274
GPCR,pAC50,1420,7.311,7.023987
GPCR,pAC50,1421,12.287,12.633955
GPCR,pAC50,1422,6.907,6.7975035
GPCR,pAC50,1423,7.678,6.959223
GPCR,pAC50,1424,7.051,7.0885515
GPCR,pAC50,1425,6.896,6.978653
GPCR,pAC50,1426,6.893,7.0892954
GPCR,pAC50,1427,7.509,7.0738535
GPCR,pAC50,1428,7.495,7.4861765
GPCR,pAC50,1429,7.027,7.152171
GPCR,pAC50,1430,6.383,6.7992086
GPCR,pAC50,1431,8.585,8.494459
GPCR,pAC50,1432,6.662,7.0399733
GPCR,pAC50,1433,8.658,8.5754175
GPCR,pAC50,1434,8.481,8.37069
GPCR,pAC50,1435,8.959,8.601962
GPCR,pAC50,1436,8.481,8.512457
GPCR,pAC50,1437,10.569,10.585703
GPCR,pAC50,1438,7.155,7.1518164
GPCR,pAC50,1439,8.553,8.866735
GPCR,pAC50,1440,7.921,7.885968
GPCR,pAC50,1441,7.276,7.287916
GPCR,pAC50,1442,5.477,6.811804
GPCR,pAC50,1443,8.097,8.283008
GPCR,pAC50,1444,8.959,7.91537
GPCR,pAC50,1445,8.274,7.646266
GPCR,pAC50,1446,8.7,8.994052
GPCR,pAC50,1447,7.42,7.438528
GPCR,pAC50,1448,8.187,7.792075
GPCR,pAC50,1449,7.481,7.274663
GPCR,pAC50,1450,5.824,6.3138103
GPCR,pAC50,1451,7.936,7.35839
GPCR,pAC50,1452,9.2,9.747826
GPCR,pAC50,1453,8.8,9.548637
GPCR,pAC50,1454,9.8,10.131947
GPCR,pAC50,1455,7.824,8.109635
GPCR,pAC50,1456,7.377,7.57718
GPCR,pAC50,1457,7.796,7.760497
GPCR,pAC50,1458,7.0,6.795292
GPCR,pAC50,1459,6.71,7.0075893
GPCR,pAC50,1460,7.328,7.812026
GPCR,pAC50,1461,7.509,7.712308
GPCR,pAC50,1462,6.796,7.1216087
GPCR,pAC50,1463,7.456,7.5137215
GPCR,pAC50,1464,7.469,7.519271
GPCR,pAC50,1465,8.344,8.6102295
GPCR,pAC50,1466,9.287,8.5304165
GPCR,pAC50,1467,7.041,7.398156
GPCR,pAC50,1468,6.321,6.223672
GPCR,pAC50,1469,7.301,7.125472
GPCR,pAC50,1470,6.7,7.849472
GPCR,pAC50,1471,8.208,5.389084
GPCR,pAC50,1472,7.674,7.9021044
GPCR,pAC50,1473,4.367,4.692153
GPCR,pAC50,1474,4.699,4.4782677
GPCR,pAC50,1475,4.921,4.9771185
GPCR,pAC50,1476,4.292,4.0360565
GPCR,pAC50,1477,8.886,8.584043
GPCR,pAC50,1478,8.824,7.8742323
GPCR,pAC50,1479,8.058,8.232657
GPCR,pAC50,1480,8.13,7.9004526
GPCR,pAC50,1481,7.6,7.3412743
GPCR,pAC50,1482,7.479,7.393713
GPCR,pAC50,1483,7.208,7.3408413
GPCR,pAC50,1484,6.983,7.085786
GPCR,pAC50,1485,7.801,7.8212767
GPCR,pAC50,1486,7.444,7.3699093
GPCR,pAC50,1487,7.387,7.8119593
GPCR,pAC50,1488,7.42,7.782444
GPCR,pAC50,1489,8.367,7.77785
GPCR,pAC50,1490,7.2,7.2984753
GPCR,pAC50,1491,8.4,8.552241
GPCR,pAC50,1492,7.6,7.5301256
GPCR,pAC50,1493,8.137,7.689781
GPCR,pAC50,1494,6.638,6.830351
GPCR,pAC50,1495,5.318,5.4693317
GPCR,pAC50,1496,7.041,7.6537323
GPCR,pAC50,1497,6.658,7.2216434
GPCR,pAC50,1498,7.764,7.5493345
GPCR,pAC50,1499,8.092,7.759939
GPCR,pAC50,1500,7.824,7.167925
GPCR,pAC50,1501,5.432,5.4986124
GPCR,pAC50,1502,5.377,5.505663
GPCR,pAC50,1503,7.7,7.3064775
GPCR,pAC50,1504,7.041,6.753046
GPCR,pAC50,1505,4.71,4.630047
GPCR,pAC50,1506,7.03,7.4812927
GPCR,pAC50,1507,7.004,7.491494
GPCR,pAC50,1508,6.218,6.471463
GPCR,pAC50,1509,6.745,7.102454
GPCR,pAC50,1510,5.2,4.7992516
GPCR,pAC50,1511,7.05,7.9483852
GPCR,pAC50,1512,8.33,8.363096
GPCR,pAC50,1513,6.35,6.5563526
GPCR,pAC50,1514,8.02,8.296015
GPCR,pAC50,1515,4.87,4.8049393
GPCR,pAC50,1516,9.17,9.826998
GPCR,pAC50,1517,8.76,8.90155
GPCR,pAC50,1518,7.924,7.805582
GPCR,pAC50,1519,7.724,7.6882477
GPCR,pAC50,1520,8.222,8.188344
GPCR,pAC50,1521,8.456,8.430861
GPCR,pAC50,1522,8.0,7.4610367
GPCR,pAC50,1523,6.354,6.254302
GPCR,pAC50,1524,6.022,6.3411617
GPCR,pAC50,1525,5.027,5.1642103
GPCR,pAC50,1526,7.509,7.541707
GPCR,pAC50,1527,6.788,6.4222383
GPCR,pAC50,1528,9.0,8.069008
GPCR,pAC50,1529,6.114,5.699915
GPCR,pAC50,1530,5.541,5.8335266
GPCR,pAC50,1531,5.244,5.6150055
GPCR,pAC50,1532,5.686,5.686592
GPCR,pAC50,1533,7.798,6.6324463
GPCR,pAC50,1534,9.0,8.225488
GPCR,pAC50,1535,5.724,5.510988
GPCR,pAC50,1536,7.495,7.9591074
GPCR,pAC50,1537,7.42,7.578373
GPCR,pAC50,1538,8.222,8.495983
GPCR,pAC50,1539,7.131,6.770072
GPCR,pAC50,1540,5.677,5.4845114
GPCR,pAC50,1541,6.129,6.713258
GPCR,pAC50,1542,7.157,7.5960226
GPCR,pAC50,1543,5.426,5.7754164
GPCR,pAC50,1544,6.936,6.8898773
GPCR,pAC50,1545,9.456,9.843605
GPCR,pAC50,1546,9.377,8.880926
GPCR,pAC50,1547,8.886,9.026249
GPCR,pAC50,1548,8.347,8.099539
GPCR,pAC50,1549,8.602,8.646444
GPCR,pAC50,1550,7.242,7.4576454
GPCR,pAC50,1551,9.58,8.884863
GPCR,pAC50,1552,9.16,8.4918995
GPCR,pAC50,1553,8.78,8.638418
GPCR,pAC50,1554,7.456,6.448475
GPCR,pAC50,1555,7.06,7.4219027
GPCR,pAC50,1556,7.57,8.857464
GPCR,pAC50,1557,6.87,7.3356752
GPCR,pAC50,1558,7.066,7.9451027
GPCR,pAC50,1559,7.143,7.7174997
GPCR,pAC50,1560,8.187,8.456614
GPCR,pAC50,1561,7.589,6.981764
GPCR,pAC50,1562,5.058,5.0976496
GPCR,pAC50,1563,4.96,4.767376
GPCR,pAC50,1564,5.729,5.560421
GPCR,pAC50,1565,6.886,5.957651
GPCR,pAC50,1566,6.026,6.4152784
GPCR,pAC50,1567,6.51,6.701893
GPCR,pAC50,1568,6.498,6.8938837
GPCR,pAC50,1569,8.3,9.0744095
GPCR,pAC50,1570,7.495,7.0035696
GPCR,pAC50,1571,6.73,6.799138
GPCR,pAC50,1572,6.604,6.930048
GPCR,pAC50,1573,5.807,5.9774847
GPCR,pAC50,1574,5.754,6.055791
GPCR,pAC50,1575,7.816,7.5175247
GPCR,pAC50,1576,7.495,5.848282
GPCR,pAC50,1577,7.409,6.3997326
GPCR,pAC50,1578,6.789,5.7651443
GPCR,pAC50,1579,6.58,5.559779
GPCR,pAC50,1580,6.226,6.479019
GPCR,pAC50,1581,6.523,5.8440294
GPCR,pAC50,1582,6.585,5.689024
GPCR,pAC50,1583,6.602,6.5944023
GPCR,pAC50,1584,7.205,7.721327
GPCR,pAC50,1585,7.517,7.4348354
GPCR,pAC50,1586,8.304,7.8637094
GPCR,pAC50,1587,7.119,7.279685
GPCR,pAC50,1588,7.658,7.0535336
GPCR,pAC50,1589,7.164,7.4643984
GPCR,pAC50,1590,8.301,7.6978054
GPCR,pAC50,1591,8.097,7.846097
GPCR,pAC50,1592,8.602,8.124615
GPCR,pAC50,1593,7.357,7.6540165
GPCR,pAC50,1594,6.699,6.6000376
GPCR,pAC50,1595,6.668,6.155864
GPCR,pAC50,1596,6.488,6.304223
GPCR,pAC50,1597,5.469,6.696783
GPCR,pAC50,1598,6.188,6.109473
GPCR,pAC50,1599,5.914,6.0382185
GPCR,pAC50,1600,5.398,6.667738
GPCR,pAC50,1601,5.928,6.442712
GPCR,pAC50,1602,6.521,6.7105083
GPCR,pAC50,1603,6.881,7.2677975
GPCR,pAC50,1604,7.027,7.5715523
GPCR,pAC50,1605,8.824,7.594102
GPCR,pAC50,1606,7.195,7.8975353
GPCR,pAC50,1607,8.425,8.615707
GPCR,pAC50,1608,7.967,8.882463
GPCR,pAC50,1609,8.896,9.49166
GPCR,pAC50,1610,5.31,5.344674
GPCR,pAC50,1611,7.109,7.1471834
GPCR,pAC50,1612,6.569,7.6925287
GPCR,pAC50,1613,6.461,7.087858
GPCR,pAC50,1614,6.231,7.294504
GPCR,pAC50,1615,7.189,7.106723
GPCR,pAC50,1616,7.409,7.2858334
GPCR,pAC50,1617,7.278,7.1183205
GPCR,pAC50,1618,7.481,7.5299187
GPCR,pAC50,1619,7.217,7.663952
GPCR,pAC50,1620,6.868,6.878152
GPCR,pAC50,1621,7.893,7.7259073
GPCR,pAC50,1622,7.26,7.0520115
GPCR,pAC50,1623,6.444,6.83119
GPCR,pAC50,1624,7.347,7.482856
GPCR,pAC50,1625,6.495,7.433362
GPCR,pAC50,1626,6.32,6.2453556
GPCR,pAC50,1627,7.327,8.780017
GPCR,pAC50,1628,7.719,7.4965277
GPCR,pAC50,1629,5.7,6.9582357
GPCR,pAC50,1630,5.83,5.4188385
GPCR,pAC50,1631,7.274,6.82889
GPCR,pAC50,1632,8.155,5.8897934
GPCR,pAC50,1633,5.86,5.7185535
GPCR,pAC50,1634,4.73,6.186451
GPCR,pAC50,1635,4.97,5.272435
GPCR,pAC50,1636,7.886,8.165998
GPCR,pAC50,1637,8.854,8.242243
GPCR,pAC50,1638,7.84,9.5963335
GPCR,pAC50,1639,7.975,8.480301
GPCR,pAC50,1640,5.553,5.552761
GPCR,pAC50,1641,7.301,7.3489065
GPCR,pAC50,1642,7.097,6.0068064
GPCR,pAC50,1643,6.347,6.482067
GPCR,pAC50,1644,5.6,7.186019
GPCR,pAC50,1645,5.53,4.9515266
GPCR,pAC50,1646,6.38,6.3229065
GPCR,pAC50,1647,7.018,7.085827
GPCR,pAC50,1648,6.041,5.5961456
GPCR,pAC50,1649,5.79,5.368596
GPCR,pAC50,1650,5.391,5.1695576
GPCR,pAC50,1651,5.4,5.5235634
GPCR,pAC50,1652,5.261,5.7146206
GPCR,pAC50,1653,9.585,9.835852
GPCR,pAC50,1654,10.046,10.383298
GPCR,pAC50,1655,10.222,9.916859
GPCR,pAC50,1656,8.217,7.921773
GPCR,pAC50,1657,7.378,7.1100616
GPCR,pAC50,1658,7.171,6.07652
GPCR,pAC50,1659,7.341,6.8920765
GPCR,pAC50,1660,7.282,7.3561535
GPCR,pAC50,1661,7.745,7.9792604
GPCR,pAC50,1662,7.036,7.3028135
GPCR,pAC50,1663,7.585,6.5848093
GPCR,pAC50,1664,7.409,6.8516893
GPCR,pAC50,1665,6.132,7.517894
GPCR,pAC50,1666,8.046,7.3462915
GPCR,pAC50,1667,6.503,7.6806593
GPCR,pAC50,1668,6.678,7.0141573
GPCR,pAC50,1669,6.745,6.3743973
GPCR,pAC50,1670,6.524,6.1896067
GPCR,pAC50,1671,10.25,9.071892
GPCR,pAC50,1672,8.06,7.3886223
GPCR,pAC50,1673,9.1,9.783915
GPCR,pAC50,1674,8.84,8.020814
GPCR,pAC50,1675,7.4,6.1018696
GPCR,pAC50,1676,8.66,8.0269985
GPCR,pAC50,1677,8.18,8.278606
GPCR,pAC50,1678,8.26,8.794668
GPCR,pAC50,1679,7.078,6.23244
GPCR,pAC50,1680,5.726,6.4930496
GPCR,pAC50,1681,4.98,6.606941
GPCR,pAC50,1682,6.78,7.023675
GPCR,pAC50,1683,8.721,8.656889
GPCR,pAC50,1684,6.564,8.706572
GPCR,pAC50,1685,6.889,7.110153
GPCR,pAC50,1686,8.398,7.2237396
GPCR,pAC50,1687,0.29,-0.27762067
GPCR,pAC50,1688,0.34,0.5727149
GPCR,pAC50,1689,7.188,7.9030285
GPCR,pAC50,1690,5.99,5.8910894
GPCR,pAC50,1691,8.63,8.947256
GPCR,pAC50,1692,8.58,7.883092
GPCR,pAC50,1693,9.16,8.876918
GPCR,pAC50,1694,6.72,7.386203
GPCR,pAC50,1695,7.01,7.108432
GPCR,pAC50,1696,9.27,7.6791477
GPCR,pAC50,1697,6.046,6.0779343
GPCR,pAC50,1698,10.0,9.216421
GPCR,pAC50,1699,8.19,7.939372
GPCR,pAC50,1700,7.793,7.129611
GPCR,pAC50,1701,7.17,7.229063
GPCR,pAC50,1702,9.85,10.025025
GPCR,pAC50,1703,9.32,9.123993
GPCR,pAC50,1704,8.79,9.0132885
GPCR,pAC50,1705,9.71,9.506081
GPCR,pAC50,1706,10.05,9.650339
GPCR,pAC50,1707,9.52,9.16432
GPCR,pAC50,1708,8.59,9.360228
GPCR,pAC50,1709,6.42,6.5229845
GPCR,pAC50,1710,9.46,9.569642
GPCR,pAC50,1711,9.48,9.329231
GPCR,pAC50,1712,8.54,8.543823
GPCR,pAC50,1713,7.95,7.8946486
GPCR,pAC50,1714,6.72,6.2856827
GPCR,pAC50,1715,8.86,8.439504
GPCR,pAC50,1716,8.76,8.363903
GPCR,pAC50,1717,6.636,8.00465
GPCR,pAC50,1718,7.91,8.756148
GPCR,pAC50,1719,7.12,8.675606
GPCR,pAC50,1720,8.37,5.7584524
GPCR,pAC50,1721,8.58,9.212092
GPCR,pAC50,1722,6.7,8.927138
GPCR,pAC50,1723,8.85,8.39962
GPCR,pAC50,1724,7.503,7.584428
GPCR,pAC50,1725,7.971,7.9771185
GPCR,pAC50,1726,8.495,8.629144
GPCR,pAC50,1727,8.056,8.147623
GPCR,pAC50,1728,6.49,6.979149
GPCR,pAC50,1729,6.24,5.9984035
GPCR,pAC50,1730,6.36,6.634102
GPCR,pAC50,1731,5.95,6.8836184
GPCR,pAC50,1732,5.47,5.5976686
GPCR,pAC50,1733,5.85,5.758662
GPCR,pAC50,1734,6.53,6.715808
GPCR,pAC50,1735,7.17,7.1053963
GPCR,pAC50,1736,7.4,7.4640465
GPCR,pAC50,1737,7.227,7.2297163
GPCR,pAC50,1738,7.353,7.6855984
GPCR,pAC50,1739,8.018,7.649434
GPCR,pAC50,1740,8.398,8.173107
GPCR,pAC50,1741,5.721,6.7619467
GPCR,pAC50,1742,8.553,8.056849
GPCR,pAC50,1743,8.018,6.9400854
GPCR,pAC50,1744,7.445,6.2426414
GPCR,pAC50,1745,7.484,6.706455
GPCR,pAC50,1746,7.182,6.994136
GPCR,pAC50,1747,7.46,6.816539
GPCR,pAC50,1748,7.587,6.451002
GPCR,pAC50,1749,6.117,5.943309
GPCR,pAC50,1750,7.288,6.2241583
GPCR,pAC50,1751,7.523,5.657427
GPCR,pAC50,1752,5.786,6.577551
GPCR,pAC50,1753,5.712,6.4248667
GPCR,pAC50,1754,7.299,5.928508
GPCR,pAC50,1755,6.861,6.143732
GPCR,pAC50,1756,7.02,5.539035
GPCR,pAC50,1757,6.36,7.0847263
GPCR,pAC50,1758,5.723,6.8521624
GPCR,pAC50,1759,6.394,6.2297897
GPCR,pAC50,1760,6.578,6.686509
GPCR,pAC50,1761,8.143,7.335082
GPCR,pAC50,1762,7.387,7.367094
GPCR,pAC50,1763,6.25,6.656028
GPCR,pAC50,1764,6.658,5.5272818
GPCR,pAC50,1765,7.663,7.312275
GPCR,pAC50,1766,6.243,5.2374363
GPCR,pAC50,1767,5.838,5.159664
GPCR,pAC50,1768,6.475,5.4108715
GPCR,pAC50,1769,6.162,6.226738
GPCR,pAC50,1770,6.638,5.0407066
GPCR,pAC50,1771,8.26,8.577272
GPCR,pAC50,1772,8.398,7.4796734
GPCR,pAC50,1773,8.921,9.184447
GPCR,pAC50,1774,6.156,5.851452
GPCR,pAC50,1775,5.342,5.3491488
GPCR,pAC50,1776,7.678,7.839528
GPCR,pAC50,1777,6.367,7.280464
GPCR,pAC50,1778,6.721,6.7699194
GPCR,pAC50,1779,5.521,5.740965
GPCR,pAC50,1780,6.903,6.963046
GPCR,pAC50,1781,7.116,6.7720337
GPCR,pAC50,1782,6.137,6.4788074
GPCR,pAC50,1783,8.398,7.856202
GPCR,pAC50,1784,7.0,6.3348703
GPCR,pAC50,1785,7.076,7.0132055
GPCR,pAC50,1786,7.066,7.2344236
GPCR,pAC50,1787,5.523,6.1036987
GPCR,pAC50,1788,7.357,7.8697767
GPCR,pAC50,1789,7.523,6.956231
GPCR,pAC50,1790,6.384,6.1439943
GPCR,pAC50,1791,8.495,8.045224
GPCR,pAC50,1792,7.143,7.6948156
GPCR,pAC50,1793,6.886,7.1524286
GPCR,pAC50,1794,7.086,7.906149
GPCR,pAC50,1795,8.495,8.299213
GPCR,pAC50,1796,5.77,6.101653
GPCR,pAC50,1797,6.921,6.88241
GPCR,pAC50,1798,8.0,7.9247084
GPCR,pAC50,1799,8.0,7.691929
GPCR,pAC50,1800,8.328,7.9358377
GPCR,pAC50,1801,9.244,7.783743
GPCR,pAC50,1802,6.796,7.190091
GPCR,pAC50,1803,8.339,9.000015
GPCR,pAC50,1804,8.312,8.7785015
GPCR,pAC50,1805,8.646,8.690168
GPCR,pAC50,1806,9.376,8.879123
GPCR,pAC50,1807,6.293,7.0041285
GPCR,pAC50,1808,9.101,9.383053
GPCR,pAC50,1809,9.566,9.659194
GPCR,pAC50,1810,9.404,9.195757
GPCR,pAC50,1811,7.344,7.8426943
GPCR,pAC50,1812,8.973,8.776535
GPCR,pAC50,1813,8.874,8.374157
GPCR,pAC50,1814,6.816,7.3319845
GPCR,pAC50,1815,8.018,7.190346
GPCR,pAC50,1816,7.523,6.626298
GPCR,pAC50,1817,7.022,7.9747057
GPCR,pAC50,1818,9.26,8.444218
GPCR,pAC50,1819,9.523,9.093699
GPCR,pAC50,1820,7.108,7.7588396
GPCR,pAC50,1821,7.577,7.952606
GPCR,pAC50,1822,8.854,9.106495
GPCR,pAC50,1823,9.523,8.917627
GPCR,pAC50,1824,6.355,6.657219
GPCR,pAC50,1825,7.854,7.7609262
GPCR,pAC50,1826,7.42,6.491625
GPCR,pAC50,1827,6.775,6.5064898
GPCR,pAC50,1828,8.301,8.578386
GPCR,pAC50,1829,7.357,6.8455963
GPCR,pAC50,1830,6.569,6.707368
GPCR,pAC50,1831,7.921,8.157908
GPCR,pAC50,1832,7.854,7.019126
GPCR,pAC50,1833,7.357,7.2269115
GPCR,pAC50,1834,6.538,6.4036636
GPCR,pAC50,1835,6.602,6.513688
GPCR,pAC50,1836,9.658,9.290806
GPCR,pAC50,1837,8.0,8.740412
GPCR,pAC50,1838,8.824,8.258457
GPCR,pAC50,1839,7.602,8.125748
GPCR,pAC50,1840,7.796,8.28249
GPCR,pAC50,1841,8.131,8.665365
GPCR,pAC50,1842,7.77,7.837574
GPCR,pAC50,1843,8.229,8.145101
GPCR,pAC50,1844,5.845,7.352311
GPCR,pAC50,1845,6.842,6.930009
GPCR,pAC50,1846,5.509,5.811328
GPCR,pAC50,1847,7.26,7.0549755
GPCR,pAC50,1848,7.244,7.051893
GPCR,pAC50,1849,8.194,7.3265934
GPCR,pAC50,1850,7.796,8.0293
GPCR,pAC50,1851,7.481,7.696933
GPCR,pAC50,1852,8.495,8.304369
GPCR,pAC50,1853,8.53,8.107399
GPCR,pAC50,1854,8.201,7.7239075
GPCR,pAC50,1855,7.936,7.4483128
GPCR,pAC50,1856,7.994,8.009156
GPCR,pAC50,1857,8.372,8.410761
GPCR,pAC50,1858,8.177,7.6866264
GPCR,pAC50,1859,6.883,7.0023317
GPCR,pAC50,1860,8.056,8.09595
GPCR,pAC50,1861,7.102,6.8139477
GPCR,pAC50,1862,6.822,6.327224
GPCR,pAC50,1863,6.13,6.8768425
GPCR,pAC50,1864,6.881,6.925682
GPCR,pAC50,1865,7.046,7.2333994
GPCR,pAC50,1866,7.071,7.2450075
GPCR,pAC50,1867,7.011,7.3431005
GPCR,pAC50,1868,7.015,7.2341375
GPCR,pAC50,1869,7.187,7.095483
GPCR,pAC50,1870,7.0,7.399994
GPCR,pAC50,1871,7.444,7.3167315
GPCR,pAC50,1872,7.222,7.2837257
GPCR,pAC50,1873,6.759,6.3668423
GPCR,pAC50,1874,6.863,6.5985384
GPCR,pAC50,1875,5.657,7.1637526
GPCR,pAC50,1876,7.509,7.328455
GPCR,pAC50,1877,7.495,7.1297073
GPCR,pAC50,1878,6.928,6.982732
GPCR,pAC50,1879,7.469,7.491823
GPCR,pAC50,1880,6.943,6.6831007
GPCR,pAC50,1881,6.947,6.8816347
GPCR,pAC50,1882,6.527,6.6218424
GPCR,pAC50,1883,7.036,7.4943075
GPCR,pAC50,1884,7.244,7.4864388
GPCR,pAC50,1885,7.215,7.361397
GPCR,pAC50,1886,7.18,7.8409004
GPCR,pAC50,1887,7.481,7.5806303
GPCR,pAC50,1888,7.097,7.2896776
GPCR,pAC50,1889,6.77,7.7132053
GPCR,pAC50,1890,8.119,7.5174923
GPCR,pAC50,1891,6.77,6.704485
GPCR,pAC50,1892,7.301,7.3217287
GPCR,pAC50,1893,6.44,6.539851
GPCR,pAC50,1894,5.71,6.1995068
GPCR,pAC50,1895,6.5,6.967044
GPCR,pAC50,1896,8.469,8.186995
GPCR,pAC50,1897,7.46,7.0674095
GPCR,pAC50,1898,8.678,8.861343
GPCR,pAC50,1899,8.62,8.356346
GPCR,pAC50,1900,7.77,7.1076307
GPCR,pAC50,1901,5.569,5.4226837
GPCR,pAC50,1902,6.5,6.4536924
GPCR,pAC50,1903,7.8,7.9193935
GPCR,pAC50,1904,8.3,7.8241587
GPCR,pAC50,1905,8.0,8.363663
GPCR,pAC50,1906,7.7,7.5603857
GPCR,pAC50,1907,8.7,8.823425
GPCR,pAC50,1908,7.2,7.2969456
GPCR,pAC50,1909,7.6,7.6613464
GPCR,pAC50,1910,7.2,7.3468018
GPCR,pAC50,1911,8.399,8.207748
GPCR,pAC50,1912,8.497,8.685892
GPCR,pAC50,1913,6.0,7.616703
GPCR,pAC50,1914,7.4,7.6331415
GPCR,pAC50,1915,7.721,7.336835
GPCR,pAC50,1916,7.495,7.314314
GPCR,pAC50,1917,6.921,7.3236494
GPCR,pAC50,1918,6.0,7.6808987
GPCR,pAC50,1919,6.6,6.966382
GPCR,pAC50,1920,7.5,7.2477903
GPCR,pAC50,1921,8.399,8.034853
GPCR,pAC50,1922,7.399,7.457427
GPCR,pAC50,1923,8.2,8.343858
GPCR,pAC50,1924,7.0,7.7552443
GPCR,pAC50,1925,6.5,8.047977
GPCR,pAC50,1926,7.4,7.652586
GPCR,pAC50,1927,7.2,7.641451
GPCR,pAC50,1928,7.3,6.9895277
GPCR,pAC50,1929,6.699,6.9466515
GPCR,pAC50,1930,7.9,6.9305
GPCR,pAC50,1931,5.8,6.390952
GPCR,pAC50,1932,6.3,6.3026066
GPCR,pAC50,1933,6.1,5.947874
GPCR,pAC50,1934,6.094,5.899192
GPCR,pAC50,1935,6.879,6.3750525
GPCR,pAC50,1936,6.648,6.644827
GPCR,pAC50,1937,4.523,6.8303337
GPCR,pAC50,1938,6.803,6.583623
GPCR,pAC50,1939,6.882,6.4743805
GPCR,pAC50,1940,7.886,7.9702473
GPCR,pAC50,1941,5.727,6.61609
GPCR,pAC50,1942,5.62,5.760665
GPCR,pAC50,1943,5.946,5.834202
GPCR,pAC50,1944,5.639,6.37796
GPCR,pAC50,1945,6.165,6.275223
GPCR,pAC50,1946,6.071,6.775052
GPCR,pAC50,1947,5.399,5.7875633
GPCR,pAC50,1948,7.402,7.2121067
GPCR,pAC50,1949,5.228,5.7834377
GPCR,pAC50,1950,7.77,7.0029945
GPCR,pAC50,1951,6.514,6.350625
GPCR,pAC50,1952,6.84,6.996539
GPCR,pAC50,1953,6.389,6.7746735
GPCR,pAC50,1954,5.898,5.8814077
GPCR,pAC50,1955,7.298,7.1053295
GPCR,pAC50,1956,6.053,6.5307703
GPCR,pAC50,1957,6.249,6.9556465
GPCR,pAC50,1958,7.531,7.150671
GPCR,pAC50,1959,5.85,5.738367
GPCR,pAC50,1960,5.665,6.216858
GPCR,pAC50,1961,7.803,6.935499
GPCR,pAC50,1962,7.854,7.557808
GPCR,pAC50,1963,6.35,6.3035803
GPCR,pAC50,1964,5.64,6.719062
GPCR,pAC50,1965,5.821,6.252429
GPCR,pAC50,1966,7.699,6.904846
GPCR,pAC50,1967,7.602,7.145398
GPCR,pAC50,1968,6.303,6.325322
GPCR,pAC50,1969,9.7,9.933147
GPCR,pAC50,1970,6.788,7.2532854
GPCR,pAC50,1971,6.421,6.9112434
GPCR,pAC50,1972,6.785,6.4915066
GPCR,pAC50,1973,7.193,6.767478
GPCR,pAC50,1974,6.886,6.803425
GPCR,pAC50,1975,6.398,6.7950754
GPCR,pAC50,1976,5.301,6.387598
GPCR,pAC50,1977,6.1,6.322769
GPCR,pAC50,1978,5.824,6.659754
GPCR,pAC50,1979,7.066,5.837861
GPCR,pAC50,1980,5.247,5.7526226
GPCR,pAC50,1981,7.658,7.7455225
GPCR,pAC50,1982,7.523,6.801634
GPCR,pAC50,1983,6.745,6.566163
GPCR,pAC50,1984,6.342,6.3686743
GPCR,pAC50,1985,5.976,6.375738
GPCR,pAC50,1986,6.275,7.217103
GPCR,pAC50,1987,6.068,5.6851177
GPCR,pAC50,1988,6.638,5.4049063
GPCR,pAC50,1989,7.213,6.6765337
GPCR,pAC50,1990,5.889,6.9701014
GPCR,pAC50,1991,7.921,7.9761553
GPCR,pAC50,1992,7.114,7.000452
GPCR,pAC50,1993,6.321,7.2167587
GPCR,pAC50,1994,5.563,6.0764065
GPCR,pAC50,1995,6.987,7.2148647
GPCR,pAC50,1996,7.745,7.217904
GPCR,pAC50,1997,8.971,7.5670815
GPCR,pAC50,1998,6.45,6.000639
GPCR,pAC50,1999,5.337,5.4805098
GPCR,pAC50,2000,7.137,6.5112286
GPCR,pAC50,2001,4.883,4.828599
GPCR,pAC50,2002,5.917,7.222149
GPCR,pAC50,2003,7.041,6.6026316
GPCR,pAC50,2004,5.471,5.4616423
GPCR,pAC50,2005,5.095,4.7994013
GPCR,pAC50,2006,8.161,8.331499
GPCR,pAC50,2007,5.699,5.8446903
GPCR,pAC50,2008,9.62,9.860298
GPCR,pAC50,2009,9.77,9.372601
GPCR,pAC50,2010,7.328,7.831482
GPCR,pAC50,2011,6.921,6.6842527
GPCR,pAC50,2012,5.201,6.0414925
GPCR,pAC50,2013,7.706,8.138037
GPCR,pAC50,2014,8.208,7.5862074
GPCR,pAC50,2015,9.301,8.508591
GPCR,pAC50,2016,6.915,6.7634783
GPCR,pAC50,2017,6.495,6.4966373
GPCR,pAC50,2018,7.569,7.0188255
GPCR,pAC50,2019,6.26,6.5134354
GPCR,pAC50,2020,6.745,6.900461
GPCR,pAC50,2021,9.06,9.08166
GPCR,pAC50,2022,7.208,7.2541866
GPCR,pAC50,2023,6.688,6.9749784
GPCR,pAC50,2024,5.092,5.1454983
GPCR,pAC50,2025,7.456,7.7333536
GPCR,pAC50,2026,8.779,9.488314
GPCR,pAC50,2027,7.695,8.531831
GPCR,pAC50,2028,9.42,8.99515
GPCR,pAC50,2029,7.337,8.254896
GPCR,pAC50,2030,7.136,8.443261
GPCR,pAC50,2031,5.201,6.3580008
GPCR,pAC50,2032,5.0,4.736315
GPCR,pAC50,2033,9.301,9.519573
GPCR,pAC50,2034,7.979,7.856945
GPCR,pAC50,2035,7.432,7.3081856
GPCR,pAC50,2036,7.167,7.14604
GPCR,pAC50,2037,8.0,7.330456
GPCR,pAC50,2038,7.137,7.1620607
GPCR,pAC50,2039,6.921,7.4478245
GPCR,pAC50,2040,7.244,6.800891
GPCR,pAC50,2041,6.485,6.7881107
GPCR,pAC50,2042,6.0,6.087961
GPCR,pAC50,2043,8.939,5.868189
GPCR,pAC50,2044,7.245,7.14118
GPCR,pAC50,2045,7.741,7.744916
GPCR,pAC50,2046,6.424,6.3982754
GPCR,pAC50,2047,6.252,6.127326
GPCR,pAC50,2048,7.857,8.441386
GPCR,pAC50,2049,6.943,8.532625
GPCR,pAC50,2050,5.963,8.465749
GPCR,pAC50,2051,8.137,7.847831
GPCR,pAC50,2052,8.647,8.34957
GPCR,pAC50,2053,6.547,5.797184
GPCR,pAC50,2054,4.523,5.1537104
GPCR,pAC50,2055,5.577,5.2591543
GPCR,pAC50,2056,8.538,8.631776
GPCR,pAC50,2057,9.167,8.9913645
GPCR,pAC50,2058,5.678,5.603441
GPCR,pAC50,2059,5.048,4.518799
GPCR,pAC50,2060,6.263,5.9029446
GPCR,pAC50,2061,6.991,6.3401537
GPCR,pAC50,2062,5.284,5.171522
GPCR,pAC50,2063,9.319,9.584524
GPCR,pAC50,2064,8.678,7.9530554
GPCR,pAC50,2065,5.38,5.2421656
GPCR,pAC50,2066,5.921,6.3329716
GPCR,pAC50,2067,7.679,8.035426
GPCR,pAC50,2068,6.462,6.493454
GPCR,pAC50,2069,5.269,7.8286476
GPCR,pAC50,2070,4.936,7.0022554
GPCR,pAC50,2071,7.022,7.087038
GPCR,pAC50,2072,8.201,7.0430098
GPCR,pAC50,2073,7.921,7.7477264
GPCR,pAC50,2074,5.854,6.0549765
GPCR,pAC50,2075,6.553,6.522274
GPCR,pAC50,2076,6.481,6.2163258
GPCR,pAC50,2077,6.893,6.957608
GPCR,pAC50,2078,7.824,6.775799
GPCR,pAC50,2079,7.229,7.539543
GPCR,pAC50,2080,8.562,7.123904
GPCR,pAC50,2081,7.536,7.559655
GPCR,pAC50,2082,6.5,7.017825
GPCR,pAC50,2083,5.721,6.019536
GPCR,pAC50,2084,5.534,7.173565
GPCR,pAC50,2085,7.481,6.932106
GPCR,pAC50,2086,8.977,8.028274
GPCR,pAC50,2087,9.658,9.653566
GPCR,pAC50,2088,6.725,6.4024076
GPCR,pAC50,2089,7.433,6.960841
GPCR,pAC50,2090,6.606,7.0924196
GPCR,pAC50,2091,7.096,7.2823706
GPCR,pAC50,2092,7.7,7.787836
GPCR,pAC50,2093,9.229,9.1892185
GPCR,pAC50,2094,8.268,8.213143
GPCR,pAC50,2095,9.409,9.56507
GPCR,pAC50,2096,10.272,11.093813
GPCR,pAC50,2097,8.301,8.006551
GPCR,pAC50,2098,6.94,6.8529654
GPCR,pAC50,2099,6.959,5.2854996
GPCR,pAC50,2100,8.02,7.1359673
GPCR,pAC50,2101,6.587,7.471772
GPCR,pAC50,2102,7.796,6.9449196
GPCR,pAC50,2103,7.051,6.935478
GPCR,pAC50,2104,7.013,8.743687
GPCR,pAC50,2105,6.699,7.3891726
GPCR,pAC50,2106,8.3,8.261507
GPCR,pAC50,2107,7.0,8.199314
GPCR,pAC50,2108,8.4,7.6771193
GPCR,pAC50,2109,5.77,4.963952
GPCR,pAC50,2110,6.509,6.073965
GPCR,pAC50,2111,6.921,5.429305
GPCR,pAC50,2112,5.292,5.359275
GPCR,pAC50,2113,5.678,6.878112
GPCR,pAC50,2114,6.903,7.036642
GPCR,pAC50,2115,6.947,7.1264296
GPCR,pAC50,2116,6.268,6.6193476
GPCR,pAC50,2117,5.981,6.38762
GPCR,pAC50,2118,6.827,7.436386
GPCR,pAC50,2119,6.328,6.298417
GPCR,pAC50,2120,6.699,6.8286047
GPCR,pAC50,2121,6.222,6.1177588
GPCR,pAC50,2122,5.824,6.0037594
GPCR,pAC50,2123,7.3,7.254966
GPCR,pAC50,2124,5.0,5.795391
GPCR,pAC50,2125,5.668,5.586751
GPCR,pAC50,2126,6.301,5.704095
GPCR,pAC50,2127,7.08,7.222844
GPCR,pAC50,2128,6.0,6.1209307
GPCR,pAC50,2129,5.34,5.6906576
GPCR,pAC50,2130,4.8,5.0690556
GPCR,pAC50,2131,7.745,4.893734
GPCR,pAC50,2132,5.98,6.730569
GPCR,pAC50,2133,7.585,7.4832993
GPCR,pAC50,2134,7.959,10.359631
GPCR,pAC50,2135,7.721,10.464669
GPCR,pAC50,2136,9.602,9.671678
GPCR,pAC50,2137,7.11,6.8787537
GPCR,pAC50,2138,6.509,5.849656
GPCR,pAC50,2139,5.272,5.426429
GPCR,pAC50,2140,6.854,7.354539
GPCR,pAC50,2141,7.222,7.63163
GPCR,pAC50,2142,7.119,7.514495
GPCR,pAC50,2143,7.081,7.8199234
GPCR,pAC50,2144,8.208,10.1514435
GPCR,pAC50,2145,8.071,10.134634
GPCR,pAC50,2146,9.114,9.4775305
GPCR,pAC50,2147,6.561,7.109001
GPCR,pAC50,2148,7.013,6.9956665
GPCR,pAC50,2149,6.431,5.9666367
GPCR,pAC50,2150,5.339,5.944003
GPCR,pAC50,2151,6.495,7.4233055
GPCR,pAC50,2152,6.678,6.841097
GPCR,pAC50,2153,7.137,6.22663
GPCR,pAC50,2154,7.921,7.8698244
GPCR,pAC50,2155,5.616,5.842514
GPCR,pAC50,2156,7.144,7.267062
GPCR,pAC50,2157,6.848,6.637616
GPCR,pAC50,2158,6.834,6.644623
GPCR,pAC50,2159,5.914,6.361145
GPCR,pAC50,2160,6.097,6.4564867
GPCR,pAC50,2161,8.215,6.7921343
GPCR,pAC50,2162,4.319,6.5522814
GPCR,pAC50,2163,6.854,5.408144
GPCR,pAC50,2164,8.246,7.921809
GPCR,pAC50,2165,8.855,8.185429
GPCR,pAC50,2166,8.377,7.1097536
GPCR,pAC50,2167,8.097,6.8896666
GPCR,pAC50,2168,7.352,9.394742
GPCR,pAC50,2169,4.983,5.4126196
GPCR,pAC50,2170,5.883,6.395508
GPCR,pAC50,2171,6.046,6.4588385
GPCR,pAC50,2172,5.222,6.2275314
GPCR,pAC50,2173,5.086,6.5604
GPCR,pAC50,2174,7.449,7.801676
GPCR,pAC50,2175,10.095,9.632442
GPCR,pAC50,2176,8.77,9.278048
GPCR,pAC50,2177,8.362,8.066985
GPCR,pAC50,2178,6.071,6.2628202
GPCR,pAC50,2179,7.426,6.9145966
GPCR,pAC50,2180,6.046,6.2338543
GPCR,pAC50,2181,9.143,9.218328
GPCR,pAC50,2182,8.092,8.186967
GPCR,pAC50,2183,7.229,8.543837
GPCR,pAC50,2184,7.801,8.275725
GPCR,pAC50,2185,8.545,8.854605
GPCR,pAC50,2186,8.77,8.118576
GPCR,pAC50,2187,8.81,8.977845
GPCR,pAC50,2188,5.319,5.298914
GPCR,pAC50,2189,7.77,7.0994635
GPCR,pAC50,2190,6.638,7.9042807
GPCR,pAC50,2191,6.924,7.20354
GPCR,pAC50,2192,8.081,7.1892796
GPCR,pAC50,2193,6.082,6.765749
GPCR,pAC50,2194,6.222,5.7531443
GPCR,pAC50,2195,6.081,5.405246
GPCR,pAC50,2196,7.9,7.11075
GPCR,pAC50,2197,5.9,6.2906275
GPCR,pAC50,2198,6.5,6.415041
GPCR,pAC50,2199,6.0,6.0940084
GPCR,pAC50,2200,6.398,7.372856
GPCR,pAC50,2201,5.634,5.6003876
GPCR,pAC50,2202,5.509,5.6150875
GPCR,pAC50,2203,5.583,5.553446
GPCR,pAC50,2204,6.716,6.3006344
GPCR,pAC50,2205,5.26,5.7303724
GPCR,pAC50,2206,6.07,5.7054415
GPCR,pAC50,2207,5.198,5.4378166
GPCR,pAC50,2208,5.458,5.507414
GPCR,pAC50,2209,5.914,6.459099
GPCR,pAC50,2210,9.8,9.500262
GPCR,pAC50,2211,5.444,5.3820276
GPCR,pAC50,2212,6.481,6.6026783
GPCR,pAC50,2213,7.131,6.5243053
GPCR,pAC50,2214,5.222,5.398554
GPCR,pAC50,2215,7.602,7.7539043
GPCR,pAC50,2216,7.222,7.473092
GPCR,pAC50,2217,6.222,6.429202
GPCR,pAC50,2218,5.328,5.6369295
GPCR,pAC50,2219,4.796,5.0863647
GPCR,pAC50,2220,8.8,9.466761
GPCR,pAC50,2221,4.824,5.2975845
GPCR,pAC50,2222,8.0,7.8061333
GPCR,pAC50,2223,7.301,7.125087
GPCR,pAC50,2224,9.62,9.440048
GPCR,pAC50,2225,10.638,10.534824
GPCR,pAC50,2226,10.387,10.50691
GPCR,pAC50,2227,6.4,6.879427
GPCR,pAC50,2228,8.62,8.202055
GPCR,pAC50,2229,9.2,9.39663
GPCR,pAC50,2230,8.6,8.8563
GPCR,pAC50,2231,7.399,8.323341
GPCR,pAC50,2232,5.9,7.218773
GPCR,pAC50,2233,6.2,6.319519
GPCR,pAC50,2234,7.886,7.4832954
GPCR,pAC50,2235,8.071,8.365426
GPCR,pAC50,2236,10.42,10.894262
GPCR,pAC50,2237,9.595,9.665192
GPCR,pAC50,2238,9.163,8.877304
GPCR,pAC50,2239,3.11,3.1951964
GPCR,pAC50,2240,6.71,7.5967426
GPCR,pAC50,2241,8.2,8.499857
GPCR,pAC50,2242,6.8,7.218993
GPCR,pAC50,2243,9.5,9.650644
GPCR,pAC50,2244,8.8,9.336613
GPCR,pAC50,2245,6.0,6.062393
GPCR,pAC50,2246,5.848,5.8576775
GPCR,pAC50,2247,6.531,6.4800425
GPCR,pAC50,2248,7.873,7.603099
GPCR,pAC50,2249,8.538,8.526398
GPCR,pAC50,2250,8.959,8.685048
GPCR,pAC50,2251,7.812,7.6040087
GPCR,pAC50,2252,6.523,5.3307314
GPCR,pAC50,2253,7.758,6.9100018
GPCR,pAC50,2254,7.06,7.412359
GPCR,pAC50,2255,6.924,6.693428
GPCR,pAC50,2256,6.921,4.9909554
GPCR,pAC50,2257,6.889,7.4071417
GPCR,pAC50,2258,7.102,7.7149944
GPCR,pAC50,2259,9.097,6.3980856
GPCR,pAC50,2260,7.854,8.273143
GPCR,pAC50,2261,5.222,6.6000834
GPCR,pAC50,2262,7.086,6.946248
GPCR,pAC50,2263,7.442,7.4472017
GPCR,pAC50,2264,7.468,6.4894
GPCR,pAC50,2265,7.803,7.773367
GPCR,pAC50,2266,6.444,5.727063
GPCR,pAC50,2267,7.435,7.580284
GPCR,pAC50,2268,6.801,6.476199
GPCR,pAC50,2269,6.845,7.0025167
GPCR,pAC50,2270,7.535,7.654748
GPCR,pAC50,2271,6.08,5.9774637
GPCR,pAC50,2272,6.678,6.768627
GPCR,pAC50,2273,5.745,7.066635
GPCR,pAC50,2274,7.959,6.1290827
GPCR,pAC50,2275,8.445,8.244041
GPCR,pAC50,2276,7.47,7.781253
GPCR,pAC50,2277,7.161,7.214509
GPCR,pAC50,2278,5.921,5.983412
GPCR,pAC50,2279,6.71,7.1079617
GPCR,pAC50,2280,7.097,6.0549755
GPCR,pAC50,2281,7.357,6.6659927
GPCR,pAC50,2282,6.721,6.6250906
GPCR,pAC50,2283,6.745,6.715214
GPCR,pAC50,2284,6.222,6.5419874
GPCR,pAC50,2285,6.699,5.822092
GPCR,pAC50,2286,6.097,6.663041
GPCR,pAC50,2287,5.343,5.758505
GPCR,pAC50,2288,7.7,6.5297775
GPCR,pAC50,2289,5.6,5.9123793
GPCR,pAC50,2290,6.1,5.8622236
GPCR,pAC50,2291,5.6,5.525462
GPCR,pAC50,2292,7.8,7.544958
GPCR,pAC50,2293,7.1,7.1198874
GPCR,pAC50,2294,7.64,7.424922
GPCR,pAC50,2295,7.009,6.848366
GPCR,pAC50,2296,7.231,7.1157665
GPCR,pAC50,2297,7.084,6.907235
GPCR,pAC50,2298,6.473,6.87729
GPCR,pAC50,2299,6.824,6.9063406
GPCR,pAC50,2300,5.155,5.0876904
GPCR,pAC50,2301,5.272,5.492585
GPCR,pAC50,2302,6.62,6.5560875
GPCR,pAC50,2303,6.0,6.159525
GPCR,pAC50,2304,7.042,7.3463936
GPCR,pAC50,2305,5.865,6.1156816
GPCR,pAC50,2306,6.853,6.6737766
GPCR,pAC50,2307,4.989,6.344289
GPCR,pAC50,2308,5.699,5.2002335
GPCR,pAC50,2309,8.678,8.872616
GPCR,pAC50,2310,9.745,9.601294
GPCR,pAC50,2311,7.301,7.109393
GPCR,pAC50,2312,4.796,5.0630445
GPCR,pAC50,2313,5.009,5.385846
GPCR,pAC50,2314,4.721,4.7019854
GPCR,pAC50,2315,7.7,8.254804
GPCR,pAC50,2316,4.721,5.145257
GPCR,pAC50,2317,5.445,5.644554
GPCR,pAC50,2318,7.523,7.399194
GPCR,pAC50,2319,6.495,6.7693825
GPCR,pAC50,2320,6.6,6.821541
GPCR,pAC50,2321,6.7,6.5036316
GPCR,pAC50,2322,6.1,6.402836
GPCR,pAC50,2323,7.721,7.209607
GPCR,pAC50,2324,8.52,8.138968
GPCR,pAC50,2325,6.699,7.3717785
GPCR,pAC50,2326,6.456,6.512351
GPCR,pAC50,2327,7.441,7.5077496
GPCR,pAC50,2328,6.2,6.5941772
GPCR,pAC50,2329,6.523,6.6464357
GPCR,pAC50,2330,6.37,6.898391
GPCR,pAC50,2331,6.908,7.3131456
GPCR,pAC50,2332,6.959,7.0749006
GPCR,pAC50,2333,7.097,6.8659325
GPCR,pAC50,2334,6.161,5.972045
GPCR,pAC50,2335,6.097,6.4486294
GPCR,pAC50,2336,7.959,6.4267807
GPCR,pAC50,2337,6.745,4.897641
GPCR,pAC50,2338,6.26,6.69643
GPCR,pAC50,2339,6.208,6.355851
GPCR,pAC50,2340,6.174,6.074333
GPCR,pAC50,2341,6.77,6.8845806
GPCR,pAC50,2342,6.084,6.372143
GPCR,pAC50,2343,6.119,6.831171
GPCR,pAC50,2344,6.143,6.9863167
GPCR,pAC50,2345,7.573,7.859043
GPCR,pAC50,2346,6.597,7.947832
GPCR,pAC50,2347,5.998,6.4544125
GPCR,pAC50,2348,8.469,8.322941
GPCR,pAC50,2349,6.699,6.511986
GPCR,pAC50,2350,6.538,6.34962
GPCR,pAC50,2351,5.469,6.3417587
GPCR,pAC50,2352,7.523,7.874564
GPCR,pAC50,2353,8.0,7.43816
GPCR,pAC50,2354,7.439,8.4111595
GPCR,pAC50,2355,7.256,7.051813
GPCR,pAC50,2356,7.018,7.5614195
GPCR,pAC50,2357,7.19,7.0758295
GPCR,pAC50,2358,8.886,7.9584885
GPCR,pAC50,2359,8.284,8.499733
GPCR,pAC50,2360,8.119,7.7403746
GPCR,pAC50,2361,7.87,7.866705
GPCR,pAC50,2362,8.377,8.130979
GPCR,pAC50,2363,10.5,8.4956875
GPCR,pAC50,2364,7.724,7.936678
GPCR,pAC50,2365,7.701,7.6085854
GPCR,pAC50,2366,7.587,7.9325314
GPCR,pAC50,2367,6.35,6.617543
GPCR,pAC50,2368,6.333,6.6780005
GPCR,pAC50,2369,7.347,7.4375076
GPCR,pAC50,2370,7.796,5.605605
GPCR,pAC50,2371,7.398,8.556923
GPCR,pAC50,2372,6.521,7.6882668
GPCR,pAC50,2373,7.131,7.0396624
GPCR,pAC50,2374,6.442,7.4015894
GPCR,pAC50,2375,7.886,8.022669
GPCR,pAC50,2376,8.367,8.236619
GPCR,pAC50,2377,6.64,6.404785
GPCR,pAC50,2378,7.51,6.824215
GPCR,pAC50,2379,8.339,8.011782
GPCR,pAC50,2380,7.456,7.3954754
GPCR,pAC50,2381,9.444,8.373161
GPCR,pAC50,2382,9.143,8.628735
GPCR,pAC50,2383,8.208,7.849101
GPCR,pAC50,2384,6.932,7.75891
GPCR,pAC50,2385,9.114,8.498308
GPCR,pAC50,2386,8.959,8.280788
GPCR,pAC50,2387,7.04,7.316704
GPCR,pAC50,2388,6.971,7.6908913
GPCR,pAC50,2389,7.721,7.655733
GPCR,pAC50,2390,7.3,6.8981037
GPCR,pAC50,2391,6.8,7.800234
GPCR,pAC50,2392,6.169,5.9440403
GPCR,pAC50,2393,6.456,6.0377235
GPCR,pAC50,2394,9.4,9.422933
GPCR,pAC50,2395,7.9,7.9246197
GPCR,pAC50,2396,8.6,8.3469715
GPCR,pAC50,2397,8.0,8.081071
GPCR,pAC50,2398,6.921,6.8873606
GPCR,pAC50,2399,5.0,5.128147
GPCR,pAC50,2400,8.959,8.920952
GPCR,pAC50,2401,5.846,5.887536
GPCR,pAC50,2402,5.961,6.1744757
GPCR,pAC50,2403,5.387,5.776742
GPCR,pAC50,2404,5.824,5.7725773
GPCR,pAC50,2405,5.601,5.989932
GPCR,pAC50,2406,6.431,6.555317
GPCR,pAC50,2407,6.893,6.220647
GPCR,pAC50,2408,6.99,6.354987
GPCR,pAC50,2409,6.058,6.6280594
GPCR,pAC50,2410,7.55,6.740754
GPCR,pAC50,2411,6.147,5.9221754
GPCR,pAC50,2412,6.049,6.295249
GPCR,pAC50,2413,6.851,6.702059
GPCR,pAC50,2414,6.702,6.439289
GPCR,pAC50,2415,5.2,5.5643225
GPCR,pAC50,2416,7.301,7.8436537
GPCR,pAC50,2417,6.77,6.4874554
GPCR,pAC50,2418,5.417,5.5463314
GPCR,pAC50,2419,6.558,6.714899
GPCR,pAC50,2420,6.213,6.850813
GPCR,pAC50,2421,7.132,7.493413
GPCR,pAC50,2422,6.134,6.365774
GPCR,pAC50,2423,5.268,6.1016665
GPCR,pAC50,2424,5.998,5.6771603
GPCR,pAC50,2425,6.551,7.045624
GPCR,pAC50,2426,4.761,6.4227905
GPCR,pAC50,2427,5.656,6.7763453
GPCR,pAC50,2428,5.35,5.0993443
GPCR,pAC50,2429,7.541,7.483693
GPCR,pAC50,2430,6.928,6.79951
GPCR,pAC50,2431,6.985,7.000598
GPCR,pAC50,2432,6.321,6.5585318
GPCR,pAC50,2433,7.26,7.1685553
GPCR,pAC50,2434,6.564,6.5386066
GPCR,pAC50,2435,6.51,5.2030716
GPCR,pAC50,2436,5.895,6.164006
GPCR,pAC50,2437,6.078,5.950547
GPCR,pAC50,2438,5.139,5.585881
GPCR,pAC50,2439,6.178,6.4392576
GPCR,pAC50,2440,6.135,6.4590673
GPCR,pAC50,2441,6.165,5.946368
GPCR,pAC50,2442,8.222,7.682164
GPCR,pAC50,2443,6.11,6.234171
GPCR,pAC50,2444,5.688,5.3899813
GPCR,pAC50,2445,6.635,6.511654
GPCR,pAC50,2446,7.149,7.0938177
GPCR,pAC50,2447,5.606,5.7879276
GPCR,pAC50,2448,5.556,5.1958885
GPCR,pAC50,2449,6.499,6.2449884
GPCR,pAC50,2450,6.735,6.7350693
GPCR,pAC50,2451,6.914,6.6894417
GPCR,pAC50,2452,6.297,6.638623
GPCR,pAC50,2453,5.301,4.724759
GPCR,pAC50,2454,5.4,8.23908
GPCR,pAC50,2455,9.921,9.613732
GPCR,pAC50,2456,8.9,9.34886
GPCR,pAC50,2457,9.854,9.487529
GPCR,pAC50,2458,6.269,5.857752
GPCR,pAC50,2459,7.279,8.067758
GPCR,pAC50,2460,6.022,6.4679823
GPCR,pAC50,2461,5.686,5.607271
GPCR,pAC50,2462,5.58,6.261697
GPCR,pAC50,2463,7.151,7.483905
GPCR,pAC50,2464,8.959,8.541363
GPCR,pAC50,2465,8.678,8.909762
GPCR,pAC50,2466,6.509,6.14878
GPCR,pAC50,2467,6.13,6.1272945
GPCR,pAC50,2468,5.409,6.53088
GPCR,pAC50,2469,7.246,7.059267
GPCR,pAC50,2470,6.767,7.9463406
GPCR,pAC50,2471,8.009,6.4301214
GPCR,pAC50,2472,5.801,7.5054893
GPCR,pAC50,2473,7.638,7.9442844
GPCR,pAC50,2474,8.0,7.9399233
GPCR,pAC50,2475,9.187,9.637821
GPCR,pAC50,2476,6.804,8.001361
GPCR,pAC50,2477,8.583,8.106101
GPCR,pAC50,2478,7.186,7.6909122
GPCR,pAC50,2479,8.032,7.8083544
GPCR,pAC50,2480,6.385,6.9443417
GPCR,pAC50,2481,7.419,7.887559
GPCR,pAC50,2482,7.096,7.0548983
GPCR,pAC50,2483,7.489,7.4264927
GPCR,pAC50,2484,7.793,8.276613
GPCR,pAC50,2485,8.367,8.301409
GPCR,pAC50,2486,7.721,7.3210735
GPCR,pAC50,2487,6.959,7.4228144
GPCR,pAC50,2488,8.886,7.863782
GPCR,pAC50,2489,9.523,8.2472515
GPCR,pAC50,2490,9.699,9.360697
GPCR,pAC50,2491,8.678,8.357461
GPCR,pAC50,2492,8.116,8.554208
GPCR,pAC50,2493,8.2,8.556022
GPCR,pAC50,2494,7.678,7.52763
GPCR,pAC50,2495,7.347,8.349781
GPCR,pAC50,2496,7.2,7.420208
GPCR,pAC50,2497,4.609,5.4214983
GPCR,pAC50,2498,5.473,5.559003
GPCR,pAC50,2499,4.991,5.4356804
GPCR,pAC50,2500,5.457,4.9939604
GPCR,pAC50,2501,6.177,6.5066423
GPCR,pAC50,2502,6.854,6.9765615
GPCR,pAC50,2503,7.1,7.2156525
GPCR,pAC50,2504,5.474,5.287835
GPCR,pAC50,2505,5.587,5.729328
GPCR,pAC50,2506,4.801,4.7479944
GPCR,pAC50,2507,8.83,8.2381525
GPCR,pAC50,2508,8.58,7.8521223
GPCR,pAC50,2509,6.46,6.1329613
GPCR,pAC50,2510,6.152,5.8196545
GPCR,pAC50,2511,7.1,7.268119
GPCR,pAC50,2512,7.2,7.4770517
GPCR,pAC50,2513,5.299,5.6828737
GPCR,pAC50,2514,6.301,6.2930355
GPCR,pAC50,2515,8.398,7.5984087
GPCR,pAC50,2516,7.745,7.0787926
GPCR,pAC50,2517,5.509,6.362113
GPCR,pAC50,2518,7.387,7.7763424
GPCR,pAC50,2519,7.155,6.7374773
GPCR,pAC50,2520,6.02,4.9709806
GPCR,pAC50,2521,5.573,5.5876646
GPCR,pAC50,2522,5.465,5.7068624
GPCR,pAC50,2523,8.638,8.300795
GPCR,pAC50,2524,7.151,7.9718723
GPCR,pAC50,2525,8.208,7.414459
GPCR,pAC50,2526,7.77,7.718461
GPCR,pAC50,2527,6.523,6.715932
GPCR,pAC50,2528,7.0,7.5446863
GPCR,pAC50,2529,6.947,6.409374
GPCR,pAC50,2530,5.225,5.061945
GPCR,pAC50,2531,5.72,5.580245
GPCR,pAC50,2532,6.285,6.170788
GPCR,pAC50,2533,6.6,5.870557
GPCR,pAC50,2534,5.334,5.6635447
GPCR,pAC50,2535,8.0,7.007822
GPCR,pAC50,2536,6.578,5.6465397
GPCR,pAC50,2537,7.75,7.926029
GPCR,pAC50,2538,5.773,6.716775
GPCR,pAC50,2539,7.638,7.819969
GPCR,pAC50,2540,7.585,6.8317404
GPCR,pAC50,2541,8.046,5.89182
GPCR,pAC50,2542,5.959,5.8463774
GPCR,pAC50,2543,7.276,6.6990013
GPCR,pAC50,2544,5.9,5.5546484
GPCR,pAC50,2545,7.0,7.209756
GPCR,pAC50,2546,4.75,6.7253675
GPCR,pAC50,2547,5.426,6.115242
GPCR,pAC50,2548,6.024,5.765277
GPCR,pAC50,2549,5.854,6.535757
GPCR,pAC50,2550,4.62,4.528716
GPCR,pAC50,2551,4.59,5.1923246
GPCR,pAC50,2552,5.5,4.9341564
GPCR,pAC50,2553,4.79,6.018465
GPCR,pAC50,2554,5.959,7.1203594
GPCR,pAC50,2555,7.032,6.2537346
GPCR,pAC50,2556,6.983,7.1885386
GPCR,pAC50,2557,6.145,6.6309185
GPCR,pAC50,2558,6.8,6.8091536
GPCR,pAC50,2559,6.3,6.394659
GPCR,pAC50,2560,6.013,5.633868
GPCR,pAC50,2561,6.664,6.2146387
GPCR,pAC50,2562,8.131,8.516087
GPCR,pAC50,2563,6.419,7.102166
GPCR,pAC50,2564,6.467,6.4426413
GPCR,pAC50,2565,5.444,5.651721
GPCR,pAC50,2566,5.0,5.708291
GPCR,pAC50,2567,6.0,6.4128284
GPCR,pAC50,2568,6.442,6.5513296
GPCR,pAC50,2569,7.367,7.1162643
GPCR,pAC50,2570,7.456,7.7313004
GPCR,pAC50,2571,8.854,8.256982
GPCR,pAC50,2572,8.284,7.779683
GPCR,pAC50,2573,6.745,6.4876175
GPCR,pAC50,2574,8.256,7.261485
GPCR,pAC50,2575,5.58,5.802944
GPCR,pAC50,2576,6.66,6.1708965
GPCR,pAC50,2577,7.699,7.3812265
GPCR,pAC50,2578,6.057,6.7699394
GPCR,pAC50,2579,5.81,7.2155704
GPCR,pAC50,2580,6.658,6.0120134
GPCR,pAC50,2581,7.301,8.282551
GPCR,pAC50,2582,7.699,8.337321
GPCR,pAC50,2583,8.097,7.8428173
GPCR,pAC50,2584,5.5,4.878297
GPCR,pAC50,2585,7.658,7.9926863
GPCR,pAC50,2586,7.664,7.7469063
GPCR,pAC50,2587,7.921,8.174657
GPCR,pAC50,2588,7.456,7.8731546
GPCR,pAC50,2589,6.228,6.9782724
GPCR,pAC50,2590,7.488,5.2644434
GPCR,pAC50,2591,8.211,8.17642
GPCR,pAC50,2592,8.77,8.201971
GPCR,pAC50,2593,7.319,7.2837973
GPCR,pAC50,2594,6.34,7.686366
GPCR,pAC50,2595,6.062,6.4049034
GPCR,pAC50,2596,7.446,6.621992
GPCR,pAC50,2597,7.666,7.395953
GPCR,pAC50,2598,7.175,7.8747425
GPCR,pAC50,2599,7.306,7.1033297
GPCR,pAC50,2600,6.098,6.290244
GPCR,pAC50,2601,5.602,5.7386923
GPCR,pAC50,2602,7.398,7.2629824
GPCR,pAC50,2603,8.495,8.666168
GPCR,pAC50,2604,6.824,6.600787
GPCR,pAC50,2605,7.188,6.915411
GPCR,pAC50,2606,7.517,7.2004156
GPCR,pAC50,2607,8.699,8.690231
GPCR,pAC50,2608,6.137,7.586067
GPCR,pAC50,2609,6.788,6.950715
GPCR,pAC50,2610,7.585,6.834319
GPCR,pAC50,2611,8.161,8.299675
GPCR,pAC50,2612,5.328,6.2244062
GPCR,pAC50,2613,7.213,7.2411385
GPCR,pAC50,2614,6.092,6.519953
GPCR,pAC50,2615,7.372,7.0346518
GPCR,pAC50,2616,6.409,5.9350643
GPCR,pAC50,2617,6.149,6.0872345
GPCR,pAC50,2618,8.21,7.7922964
GPCR,pAC50,2619,8.125,8.30957
GPCR,pAC50,2620,5.652,5.8417606
GPCR,pAC50,2621,5.886,5.451462
GPCR,pAC50,2622,7.652,7.7408533
GPCR,pAC50,2623,8.488,8.40011
GPCR,pAC50,2624,6.476,6.415022
GPCR,pAC50,2625,5.125,6.337657
GPCR,pAC50,2626,5.0,5.100606
GPCR,pAC50,2627,7.996,8.101137
GPCR,pAC50,2628,7.71,7.749692
GPCR,pAC50,2629,5.726,6.0245886
GPCR,pAC50,2630,8.108,8.440132
GPCR,pAC50,2631,5.2,5.2215986
GPCR,pAC50,2632,9.177,8.450031
GPCR,pAC50,2633,8.42,8.776512
GPCR,pAC50,2634,7.745,8.244538
GPCR,pAC50,2635,7.244,7.3935814
GPCR,pAC50,2636,8.721,8.395584
GPCR,pAC50,2637,7.509,7.834528
GPCR,pAC50,2638,4.7,5.0203295
GPCR,pAC50,2639,7.125,6.4924173
GPCR,pAC50,2640,6.221,6.3620443
GPCR,pAC50,2641,7.349,7.8718615
GPCR,pAC50,2642,7.022,7.145855
GPCR,pAC50,2643,7.247,7.227578
GPCR,pAC50,2644,6.71,6.4847593
GPCR,pAC50,2645,7.757,7.649296
GPCR,pAC50,2646,7.62,7.724082
GPCR,pAC50,2647,6.87,6.9693594
GPCR,pAC50,2648,6.77,6.92338
GPCR,pAC50,2649,6.955,7.1434164
GPCR,pAC50,2650,7.0,7.441883
GPCR,pAC50,2651,7.155,7.200096
GPCR,pAC50,2652,6.873,7.0933743
GPCR,pAC50,2653,7.31,7.424304
GPCR,pAC50,2654,7.77,7.9822426
GPCR,pAC50,2655,7.745,7.329221
GPCR,pAC50,2656,6.461,6.414465
GPCR,pAC50,2657,6.785,6.878131
GPCR,pAC50,2658,6.738,7.1726637
GPCR,pAC50,2659,8.3,7.400811
GPCR,pAC50,2660,7.284,7.059492
GPCR,pAC50,2661,8.7,8.261884
GPCR,pAC50,2662,7.3,7.350274
GPCR,pAC50,2663,7.2,7.6830063
GPCR,pAC50,2664,7.8,7.6184435
GPCR,pAC50,2665,8.0,7.7941074
GPCR,pAC50,2666,7.3,7.366229
GPCR,pAC50,2667,6.4,5.8593235
GPCR,pAC50,2668,7.7,8.009289
GPCR,pAC50,2669,5.73,6.9026194
GPCR,pAC50,2670,7.967,8.945217
GPCR,pAC50,2671,6.747,7.3732767
GPCR,pAC50,2672,6.425,6.9277544
GPCR,pAC50,2673,6.672,7.1146383
GPCR,pAC50,2674,7.409,7.100463
GPCR,pAC50,2675,7.301,6.9824314
GPCR,pAC50,2676,6.764,6.336446
GPCR,pAC50,2677,6.562,7.107973
GPCR,pAC50,2678,8.523,6.969221
GPCR,pAC50,2679,5.573,6.50255
GPCR,pAC50,2680,7.745,7.0930796
GPCR,pAC50,2681,7.658,6.6027365
GPCR,pAC50,2682,7.377,7.537407
GPCR,pAC50,2683,7.0,7.01116
GPCR,pAC50,2684,7.489,7.1193037
GPCR,pAC50,2685,7.721,7.7552166
GPCR,pAC50,2686,7.987,7.9147854
GPCR,pAC50,2687,8.287,7.7458124
GPCR,pAC50,2688,7.495,7.030983
GPCR,pAC50,2689,6.551,6.534396
GPCR,pAC50,2690,7.678,7.298459
GPCR,pAC50,2691,6.022,6.509901
GPCR,pAC50,2692,6.0,6.365576
GPCR,pAC50,2693,6.0,6.260702
GPCR,pAC50,2694,7.0,7.0211124
GPCR,pAC50,2695,7.022,7.4602404
GPCR,pAC50,2696,6.689,6.5489674
GPCR,pAC50,2697,7.91,7.1867704
GPCR,pAC50,2698,7.62,7.9708176
GPCR,pAC50,2699,6.625,6.823203
GPCR,pAC50,2700,7.046,7.248909
GPCR,pAC50,2701,6.833,6.758216
GPCR,pAC50,2702,6.597,6.7908907
GPCR,pAC50,2703,5.222,5.338686
GPCR,pAC50,2704,5.915,5.7573814
GPCR,pAC50,2705,5.868,5.761092
GPCR,pAC50,2706,6.147,6.130719
GPCR,pAC50,2707,6.959,6.927269
GPCR,pAC50,2708,7.796,7.052452
GPCR,pAC50,2709,5.969,6.4514284
GPCR,pAC50,2710,6.441,5.8450794
GPCR,pAC50,2711,7.521,5.8605003
GPCR,pAC50,2712,6.337,6.0676193
GPCR,pAC50,2713,5.879,5.7078104
GPCR,pAC50,2714,7.824,7.4322166
GPCR,pAC50,2715,6.745,7.304145
GPCR,pAC50,2716,7.552,8.118501
GPCR,pAC50,2717,8.444,8.535267
GPCR,pAC50,2718,6.186,8.103149
GPCR,pAC50,2719,6.187,5.7228107
GPCR,pAC50,2720,8.924,8.71024
GPCR,pAC50,2721,5.208,6.138546
GPCR,pAC50,2722,6.489,7.496731
GPCR,pAC50,2723,6.873,7.562951
GPCR,pAC50,2724,4.0,4.483629
GPCR,pAC50,2725,5.893,6.0658865
GPCR,pAC50,2726,6.498,6.656599
GPCR,pAC50,2727,6.886,6.923568
GPCR,pAC50,2728,6.947,7.3555346
GPCR,pAC50,2729,8.854,9.201422
GPCR,pAC50,2730,5.621,6.301817
GPCR,pAC50,2731,5.828,5.804818
GPCR,pAC50,2732,5.855,5.677126
GPCR,pAC50,2733,7.337,6.6346674
GPCR,pAC50,2734,7.879,8.57905
GPCR,pAC50,2735,7.445,7.888365
GPCR,pAC50,2736,7.883,8.054192
GPCR,pAC50,2737,7.067,7.326441
GPCR,pAC50,2738,8.377,8.083732
GPCR,pAC50,2739,8.079,7.820195
GPCR,pAC50,2740,5.843,6.6594057
GPCR,pAC50,2741,7.18,7.196595
GPCR,pAC50,2742,6.889,7.3178625
GPCR,pAC50,2743,6.757,6.858179
GPCR,pAC50,2744,6.963,6.7560663
GPCR,pAC50,2745,7.959,8.396052
GPCR,pAC50,2746,7.678,6.0390806
GPCR,pAC50,2747,5.571,5.938987
GPCR,pAC50,2748,7.638,7.688958
GPCR,pAC50,2749,7.076,7.7408295
GPCR,pAC50,2750,7.0,6.159128
GPCR,pAC50,2751,8.275,8.413129
GPCR,pAC50,2752,7.252,7.473749
GPCR,pAC50,2753,8.398,8.045855
GPCR,pAC50,2754,8.097,7.093604
GPCR,pAC50,2755,7.421,6.7176886
GPCR,pAC50,2756,6.989,7.2537575
GPCR,pAC50,2757,7.593,7.6994143
GPCR,pAC50,2758,6.836,7.1392
GPCR,pAC50,2759,6.799,6.306782
GPCR,pAC50,2760,6.281,6.4231234
GPCR,pAC50,2761,4.745,4.703844
GPCR,pAC50,2762,5.699,6.3262386
GPCR,pAC50,2763,5.917,5.925598
GPCR,pAC50,2764,6.196,5.7762394
GPCR,pAC50,2765,6.155,5.7865753
GPCR,pAC50,2766,6.004,6.9205484
GPCR,pAC50,2767,8.399,7.644888
GPCR,pAC50,2768,8.0,8.008511
GPCR,pAC50,2769,8.097,7.5588646
GPCR,pAC50,2770,6.32,6.255103
GPCR,pAC50,2771,5.927,6.2472534
GPCR,pAC50,2772,5.864,6.457803
GPCR,pAC50,2773,7.018,7.2972994
GPCR,pAC50,2774,6.547,6.2013645
GPCR,pAC50,2775,6.629,6.8724146
GPCR,pAC50,2776,6.18,6.486459
GPCR,pAC50,2777,6.548,6.594455
GPCR,pAC50,2778,5.836,6.9090567
GPCR,pAC50,2779,7.292,7.0869493
GPCR,pAC50,2780,7.409,7.7532997
GPCR,pAC50,2781,7.886,6.5363436
GPCR,pAC50,2782,5.605,6.6838837
GPCR,pAC50,2783,6.66,6.446826
GPCR,pAC50,2784,7.553,8.053378
GPCR,pAC50,2785,6.088,7.0324335
GPCR,pAC50,2786,7.229,6.9414663
GPCR,pAC50,2787,6.852,6.7991905
GPCR,pAC50,2788,6.569,7.1260424
GPCR,pAC50,2789,7.7,8.147383
GPCR,pAC50,2790,9.1,8.512917
GPCR,pAC50,2791,7.7,8.270303
GPCR,pAC50,2792,5.896,6.1262503
GPCR,pAC50,2793,7.387,6.3731747
GPCR,pAC50,2794,5.73,6.4505663
GPCR,pAC50,2795,5.77,7.285845
GPCR,pAC50,2796,5.986,6.680789
GPCR,pAC50,2797,6.389,7.0310755
GPCR,pAC50,2798,7.022,6.9906588
GPCR,pAC50,2799,6.278,6.4505663
GPCR,pAC50,2800,7.015,7.6211205
GPCR,pAC50,2801,8.523,8.051847
GPCR,pAC50,2802,7.456,7.463825
GPCR,pAC50,2803,6.266,8.123814
GPCR,pAC50,2804,7.523,7.147028
GPCR,pAC50,2805,6.564,7.294195
GPCR,pAC50,2806,6.198,6.607808
GPCR,pAC50,2807,6.86,6.84342
GPCR,pAC50,2808,6.777,7.1302147
GPCR,pAC50,2809,6.307,6.7103405
GPCR,pAC50,2810,5.564,5.791152
GPCR,pAC50,2811,5.071,5.972828
GPCR,pAC50,2812,5.699,5.7873116
GPCR,pAC50,2813,6.306,6.3835773
GPCR,pAC50,2814,7.585,7.8616133
GPCR,pAC50,2815,5.049,7.0824013
GPCR,pAC50,2816,6.532,7.1585236
GPCR,pAC50,2817,6.32,6.5828114
GPCR,pAC50,2818,7.18,7.3983145
GPCR,pAC50,2819,6.26,6.2591667
GPCR,pAC50,2820,7.34,7.0381613
GPCR,pAC50,2821,8.108,7.9764194
GPCR,pAC50,2822,4.74,4.8654785
GPCR,pAC50,2823,6.9,6.5666094
GPCR,pAC50,2824,7.268,7.07353
GPCR,pAC50,2825,6.688,5.9655457
GPCR,pAC50,2826,6.991,6.6030874
GPCR,pAC50,2827,6.276,6.3867846
GPCR,pAC50,2828,7.347,6.471136
GPCR,pAC50,2829,6.57,6.576068
GPCR,pAC50,2830,6.5,6.226962
GPCR,pAC50,2831,7.721,8.003509
GPCR,pAC50,2832,6.77,6.99255
GPCR,pAC50,2833,4.928,5.3884125
GPCR,pAC50,2834,5.569,5.236929
GPCR,pAC50,2835,5.097,4.493888
GPCR,pAC50,2836,6.81,6.2025175
GPCR,pAC50,2837,7.727,7.8094416
GPCR,pAC50,2838,8.004,8.118337
GPCR,pAC50,2839,8.62,8.972567
GPCR,pAC50,2840,9.155,9.242954
GPCR,pAC50,2841,6.611,7.804612
GPCR,pAC50,2842,4.982,5.1054115
GPCR,pAC50,2843,4.452,5.3334455
GPCR,pAC50,2844,4.885,4.978711
GPCR,pAC50,2845,5.271,6.090906
GPCR,pAC50,2846,5.232,5.155195
GPCR,pAC50,2847,5.229,5.3832903
GPCR,pAC50,2848,4.583,4.9457006
GPCR,pAC50,2849,5.411,4.6292334
GPCR,pAC50,2850,4.654,4.549821
GPCR,pAC50,2851,5.105,5.104495
GPCR,pAC50,2852,4.824,4.5200386
GPCR,pAC50,2853,4.854,4.6644487
GPCR,pAC50,2854,4.461,4.653263
GPCR,pAC50,2855,4.888,4.6629915
GPCR,pAC50,2856,4.399,4.76805
GPCR,pAC50,2857,5.11,4.7880507
GPCR,pAC50,2858,4.404,4.838339
GPCR,pAC50,2859,4.633,5.5279913
GPCR,pAC50,2860,7.979,8.544697
GPCR,pAC50,2861,8.347,8.494169
GPCR,pAC50,2862,7.425,7.2110767
GPCR,pAC50,2863,7.521,7.847886
GPCR,pAC50,2864,5.344,5.411515
GPCR,pAC50,2865,8.018,7.968364
GPCR,pAC50,2866,7.027,6.985791
GPCR,pAC50,2867,10.0,9.248713
GPCR,pAC50,2868,8.097,7.5609283
GPCR,pAC50,2869,8.398,7.9934673
GPCR,pAC50,2870,7.638,8.356054
GPCR,pAC50,2871,7.222,7.1841516
GPCR,pAC50,2872,4.933,5.217081
GPCR,pAC50,2873,7.509,7.881096
GPCR,pAC50,2874,7.797,8.118337
GPCR,pAC50,2875,4.73,4.442915
GPCR,pAC50,2876,9.0,8.824628
GPCR,pAC50,2877,9.114,8.872005
GPCR,pAC50,2878,8.77,8.750724
GPCR,pAC50,2879,8.854,8.526581
GPCR,pAC50,2880,8.796,8.880832
GPCR,pAC50,2881,8.796,8.779261
GPCR,pAC50,2882,8.921,8.829537
GPCR,pAC50,2883,8.824,8.820179
GPCR,pAC50,2884,8.824,8.830847
GPCR,pAC50,2885,8.721,5.678931
GPCR,pAC50,2886,5.952,5.7873707
GPCR,pAC50,2887,7.396,7.376728
GPCR,pAC50,2888,7.042,6.87438
GPCR,pAC50,2889,6.409,5.780349
GPCR,pAC50,2890,8.824,9.352858
GPCR,pAC50,2891,8.699,8.039497
GPCR,pAC50,2892,8.328,8.57771
GPCR,pAC50,2893,4.821,5.2271767
GPCR,pAC50,2894,6.777,6.688097
GPCR,pAC50,2895,7.602,7.763689
GPCR,pAC50,2896,6.325,6.3928156
GPCR,pAC50,2897,6.301,6.418989
GPCR,pAC50,2898,6.053,7.4054976
GPCR,pAC50,2899,6.921,7.286871
GPCR,pAC50,2900,8.097,9.256327
GPCR,pAC50,2901,6.647,6.174941
GPCR,pAC50,2902,7.036,8.500673
GPCR,pAC50,2903,7.886,8.205872
GPCR,pAC50,2904,5.187,5.409339
GPCR,pAC50,2905,6.056,6.4472237
GPCR,pAC50,2906,5.886,5.4798813
GPCR,pAC50,2907,6.456,6.78564
GPCR,pAC50,2908,7.0,6.8875303
GPCR,pAC50,2909,6.1,4.908242
GPCR,pAC50,2910,6.593,7.179076
GPCR,pAC50,2911,6.824,7.1477833
GPCR,pAC50,2912,6.276,7.521144
GPCR,pAC50,2913,7.268,7.240547
GPCR,pAC50,2914,6.012,5.7369814
GPCR,pAC50,2915,7.094,7.3315897
GPCR,pAC50,2916,3.5,6.785289
GPCR,pAC50,2917,6.391,6.8786697
GPCR,pAC50,2918,6.028,6.883115
GPCR,pAC50,2919,6.668,6.649925
GPCR,pAC50,2920,7.967,7.051461
GPCR,pAC50,2921,7.125,7.1385803
GPCR,pAC50,2922,7.77,7.402645
GPCR,pAC50,2923,7.301,6.249506
GPCR,pAC50,2924,7.62,7.1677456
GPCR,pAC50,2925,5.369,5.4470835
GPCR,pAC50,2926,8.101,8.734468
GPCR,pAC50,2927,8.699,8.795435
GPCR,pAC50,2928,9.102,8.731992
GPCR,pAC50,2929,9.602,8.802377
GPCR,pAC50,2930,7.229,6.939251
GPCR,pAC50,2931,9.0,8.947213
GPCR,pAC50,2932,6.378,5.444927
GPCR,pAC50,2933,6.141,5.59387
GPCR,pAC50,2934,6.317,5.340623
GPCR,pAC50,2935,4.721,4.630456
GPCR,pAC50,2936,4.676,4.7017984
GPCR,pAC50,2937,7.62,7.931802
GPCR,pAC50,2938,7.796,7.277816
GPCR,pAC50,2939,6.429,6.25626
GPCR,pAC50,2940,4.409,5.39198
GPCR,pAC50,2941,5.411,5.7706814
GPCR,pAC50,2942,6.329,4.956608
GPCR,pAC50,2943,5.857,5.901243
GPCR,pAC50,2944,5.586,5.2651834
GPCR,pAC50,2945,5.273,5.1938467
GPCR,pAC50,2946,5.658,5.8802977
GPCR,pAC50,2947,4.978,4.818446
GPCR,pAC50,2948,8.222,8.249561
GPCR,pAC50,2949,7.824,7.8774414
GPCR,pAC50,2950,6.2,6.0621824
GPCR,pAC50,2951,8.373,8.528942
GPCR,pAC50,2952,4.66,4.482066
GPCR,pAC50,2953,4.866,5.223465
GPCR,pAC50,2954,5.326,4.6513557
GPCR,pAC50,2955,4.721,5.102208
GPCR,pAC50,2956,4.735,4.728138
GPCR,pAC50,2957,6.432,4.834999
GPCR,pAC50,2958,5.108,4.927067
GPCR,pAC50,2959,6.959,7.4570723
GPCR,pAC50,2960,7.097,7.603922
GPCR,pAC50,2961,6.0,5.973218
GPCR,pAC50,2962,5.62,5.335721
GPCR,pAC50,2963,6.0,6.0827875
GPCR,pAC50,2964,6.824,6.8365498
GPCR,pAC50,2965,5.48,5.2339916
GPCR,pAC50,2966,6.044,5.836128
GPCR,pAC50,2967,5.541,5.058364
GPCR,pAC50,2968,7.311,6.703121
GPCR,pAC50,2969,5.093,4.673257
GPCR,pAC50,2970,5.632,5.6673794
GPCR,pAC50,2971,5.914,5.2495613
GPCR,pAC50,2972,5.0,5.337122
GPCR,pAC50,2973,5.876,6.17381
GPCR,pAC50,2974,4.848,5.56371
GPCR,pAC50,2975,4.738,4.6613274
GPCR,pAC50,2976,6.103,5.981407
GPCR,pAC50,2977,6.45,6.434287
GPCR,pAC50,2978,10.0,10.02902
GPCR,pAC50,2979,6.937,7.1024227
GPCR,pAC50,2980,6.801,7.2708054
GPCR,pAC50,2981,5.585,5.825267
GPCR,pAC50,2982,5.553,6.725171
GPCR,pAC50,2983,5.292,5.877269
GPCR,pAC50,2984,6.827,6.4878674
GPCR,pAC50,2985,5.539,5.832344
GPCR,pAC50,2986,9.602,9.143071
GPCR,pAC50,2987,9.252,9.188668
GPCR,pAC50,2988,7.728,8.190391
GPCR,pAC50,2989,7.623,7.719178
GPCR,pAC50,2990,7.462,7.677245
GPCR,pAC50,2991,6.47,7.403393
GPCR,pAC50,2992,6.176,6.602968
GPCR,pAC50,2993,6.518,7.715722
GPCR,pAC50,2994,8.921,7.992504
GPCR,pAC50,2995,8.113,8.306569
GPCR,pAC50,2996,4.337,4.531749
GPCR,pAC50,2997,5.081,4.9254503
GPCR,pAC50,2998,4.962,4.566353
GPCR,pAC50,2999,4.506,6.42437
GPCR,pAC50,3000,5.425,5.2878456
GPCR,pAC50,3001,5.108,5.7839155
GPCR,pAC50,3002,8.748,9.155072
GPCR,pAC50,3003,8.387,8.321573
GPCR,pAC50,3004,4.746,4.9892445
GPCR,pAC50,3005,7.678,7.210148
GPCR,pAC50,3006,8.244,9.805427
GPCR,pAC50,3007,8.975,8.949066
GPCR,pAC50,3008,5.26,5.4759016
GPCR,pAC50,3009,0.793,4.5273075
GPCR,pAC50,3010,9.347,9.241111
GPCR,pAC50,3011,4.961,5.574766
GPCR,pAC50,3012,8.854,9.137993
GPCR,pAC50,3013,7.398,5.7206116
GPCR,pAC50,3014,8.853,8.997017
GPCR,pAC50,3015,8.637,8.702712
GPCR,pAC50,3016,5.261,5.5388575
GPCR,pAC50,3017,7.62,8.072203
GPCR,pAC50,3018,8.569,8.452279
GPCR,pAC50,3019,4.969,5.60546
GPCR,pAC50,3020,6.335,5.551915
GPCR,pAC50,3021,7.699,7.25889
GPCR,pAC50,3022,7.31,7.0179205
GPCR,pAC50,3023,5.5,6.140706
GPCR,pAC50,3024,5.467,5.6765366
GPCR,pAC50,3025,5.638,6.0257273
GPCR,pAC50,3026,6.928,6.184784
GPCR,pAC50,3027,6.961,6.0691357
GPCR,pAC50,3028,4.967,4.7952967
GPCR,pAC50,3029,4.913,6.669626
GPCR,pAC50,3030,4.953,4.75331
GPCR,pAC50,3031,6.132,5.417347
GPCR,pAC50,3032,5.301,5.964985
GPCR,pAC50,3033,4.871,6.0552044
GPCR,pAC50,3034,5.658,6.444686
GPCR,pAC50,3035,5.016,6.054549
GPCR,pAC50,3036,7.409,7.24129
GPCR,pAC50,3037,5.101,4.817981
GPCR,pAC50,3038,5.279,4.8179483
GPCR,pAC50,3039,5.313,4.589223
GPCR,pAC50,3040,5.256,5.4398165
GPCR,pAC50,3041,4.793,6.522339
GPCR,pAC50,3042,5.389,5.3449507
GPCR,pAC50,3043,4.975,5.022151
GPCR,pAC50,3044,4.924,5.629736
GPCR,pAC50,3045,5.15,5.3691883
GPCR,pAC50,3046,5.022,4.5645027
GPCR,pAC50,3047,5.871,5.747304
GPCR,pAC50,3048,5.937,5.397726
GPCR,pAC50,3049,5.371,5.426919
GPCR,pAC50,3050,5.299,5.6095104
GPCR,pAC50,3051,5.077,5.4309273
GPCR,pAC50,3052,5.024,4.8609056
GPCR,pAC50,3053,5.018,6.3797693
GPCR,pAC50,3054,4.647,4.603386
GPCR,pAC50,3055,7.699,7.6966352
GPCR,pAC50,3056,6.678,6.3803463
GPCR,pAC50,3057,9.518,9.413013
GPCR,pAC50,3058,4.987,5.2609243
GPCR,pAC50,3059,7.959,8.676891
GPCR,pAC50,3060,6.77,8.042884
GPCR,pAC50,3061,8.066,8.2953
GPCR,pAC50,3062,8.174,8.224909
GPCR,pAC50,3063,7.699,8.216444
GPCR,pAC50,3064,10.721,7.7251024
GPCR,pAC50,3065,8.137,7.911969
GPCR,pAC50,3066,6.057,7.166952
GPCR,pAC50,3067,7.143,6.3070526
GPCR,pAC50,3068,6.116,5.5242233
GPCR,pAC50,3069,5.102,5.896899
GPCR,pAC50,3070,5.014,4.865281
GPCR,pAC50,3071,6.029,5.992572
GPCR,pAC50,3072,10.097,9.787094
GPCR,pAC50,3073,8.77,8.144716
GPCR,pAC50,3074,7.523,7.460602
GPCR,pAC50,3075,10.548,10.721216
GPCR,pAC50,3076,10.541,10.710032
GPCR,pAC50,3077,6.585,5.1410494
GPCR,pAC50,3078,9.222,8.686361
GPCR,pAC50,3079,5.802,6.0637665
GPCR,pAC50,3080,6.357,6.8354025
GPCR,pAC50,3081,6.108,6.188486
GPCR,pAC50,3082,9.914,10.6977
GPCR,pAC50,3083,8.161,8.839789
GPCR,pAC50,3084,8.983,8.47037
GPCR,pAC50,3085,5.854,6.3289146
GPCR,pAC50,3086,6.102,6.9759455
GPCR,pAC50,3087,6.398,6.8101416
GPCR,pAC50,3088,10.516,9.062592
GPCR,pAC50,3089,7.569,7.0035086
GPCR,pAC50,3090,6.824,7.326316
GPCR,pAC50,3091,6.854,7.150016
GPCR,pAC50,3092,7.426,7.2090454
GPCR,pAC50,3093,6.577,5.509506
GPCR,pAC50,3094,5.968,5.771947
GPCR,pAC50,3095,6.28,5.3835964
GPCR,pAC50,3096,5.91,4.600933
GPCR,pAC50,3097,6.456,5.187455
GPCR,pAC50,3098,6.569,7.242202
GPCR,pAC50,3099,6.131,6.58099
GPCR,pAC50,3100,8.0,7.1112976
GPCR,pAC50,3101,8.203,7.5902805
GPCR,pAC50,3102,7.921,7.169918
GPCR,pAC50,3103,9.444,9.195202
GPCR,pAC50,3104,7.143,7.064829
GPCR,pAC50,3105,8.602,8.101301
GPCR,pAC50,3106,7.051,7.4224176
GPCR,pAC50,3107,9.0,9.067421
GPCR,pAC50,3108,6.712,6.0187416
GPCR,pAC50,3109,8.569,8.164942
GPCR,pAC50,3110,5.712,6.121237
GPCR,pAC50,3111,5.975,5.6097946
GPCR,pAC50,3112,6.002,6.019519
GPCR,pAC50,3113,6.078,5.7895956
GPCR,pAC50,3114,6.854,6.67513
GPCR,pAC50,3115,5.0,4.914961
GPCR,pAC50,3116,5.973,7.0162306
GPCR,pAC50,3117,7.764,7.8661585
GPCR,pAC50,3118,7.804,8.346226
GPCR,pAC50,3119,6.067,6.698122
GPCR,pAC50,3120,6.699,6.668191
GPCR,pAC50,3121,5.535,5.2900333
GPCR,pAC50,3122,5.431,5.228877
GPCR,pAC50,3123,5.244,6.3094063
GPCR,pAC50,3124,7.648,6.93643
GPCR,pAC50,3125,6.155,6.2304525
GPCR,pAC50,3126,5.699,6.0169716
GPCR,pAC50,3127,5.854,6.446579
GPCR,pAC50,3128,6.319,6.270609
GPCR,pAC50,3129,8.699,7.1461544
GPCR,pAC50,3130,8.301,7.6427317
GPCR,pAC50,3131,8.444,8.30381
GPCR,pAC50,3132,6.951,8.558658
GPCR,pAC50,3133,8.301,8.162416
GPCR,pAC50,3134,8.046,7.9617863
GPCR,pAC50,3135,8.046,7.8507013
GPCR,pAC50,3136,7.538,7.9832754
GPCR,pAC50,3137,8.222,8.05049
GPCR,pAC50,3138,7.921,8.205696
GPCR,pAC50,3139,6.409,5.8013687
GPCR,pAC50,3140,8.1,7.7083473
GPCR,pAC50,3141,6.824,6.7996674
GPCR,pAC50,3142,6.77,6.904725
GPCR,pAC50,3143,8.699,8.692396
GPCR,pAC50,3144,4.857,6.183342
GPCR,pAC50,3145,6.06,6.0414133
GPCR,pAC50,3146,5.77,5.861347
GPCR,pAC50,3147,4.699,5.672106
GPCR,pAC50,3148,5.31,5.66461
GPCR,pAC50,3149,8.0,8.3248825
GPCR,pAC50,3150,5.854,6.162511
GPCR,pAC50,3151,5.409,6.3298063
GPCR,pAC50,3152,5.917,5.374542
GPCR,pAC50,3153,6.766,6.1726294
GPCR,pAC50,3154,6.6,6.2885647
GPCR,pAC50,3155,6.699,6.4122553
GPCR,pAC50,3156,7.798,7.6291456
GPCR,pAC50,3157,6.9,6.6356573
GPCR,pAC50,3158,8.101,8.281649
GPCR,pAC50,3159,5.706,6.558573
GPCR,pAC50,3160,8.155,8.146073
GPCR,pAC50,3161,5.0,4.8693657
GPCR,pAC50,3162,7.092,6.653614
GPCR,pAC50,3163,5.91,5.829565
GPCR,pAC50,3164,6.565,6.9939823
GPCR,pAC50,3165,6.203,6.4029274
GPCR,pAC50,3166,7.585,7.128587
GPCR,pAC50,3167,7.1,7.591345
GPCR,pAC50,3168,8.301,8.466196
GPCR,pAC50,3169,8.301,8.444444
GPCR,pAC50,3170,6.131,5.7753143
GPCR,pAC50,3171,8.301,8.111432
GPCR,pAC50,3172,8.301,8.3937435
GPCR,pAC50,3173,6.585,6.297659
GPCR,pAC50,3174,5.959,6.880684
GPCR,pAC50,3175,7.601,7.6943054
GPCR,pAC50,3176,7.0,7.556945
GPCR,pAC50,3177,5.0,4.8452196
GPCR,pAC50,3178,5.432,5.6528797
GPCR,pAC50,3179,7.1,6.0176487
GPCR,pAC50,3180,5.9,5.7239428
GPCR,pAC50,3181,5.5,5.597604
GPCR,pAC50,3182,5.4,5.4116135
GPCR,pAC50,3183,8.4,7.2717695
GPCR,pAC50,3184,8.367,8.516072
GPCR,pAC50,3185,9.6,10.025057
GPCR,pAC50,3186,9.0,9.47333
GPCR,pAC50,3187,10.5,9.81495
GPCR,pAC50,3188,7.561,7.5745745
GPCR,pAC50,3189,7.476,7.375395
GPCR,pAC50,3190,6.625,7.4143314
GPCR,pAC50,3191,6.824,7.094368
GPCR,pAC50,3192,7.638,7.7954445
GPCR,pAC50,3193,5.194,4.9974165
GPCR,pAC50,3194,6.163,6.3667336
GPCR,pAC50,3195,6.012,6.453803
GPCR,pAC50,3196,7.561,7.7351875
GPCR,pAC50,3197,6.11,6.088664
GPCR,pAC50,3198,9.0,9.47434
GPCR,pAC50,3199,10.2,9.615501
GPCR,pAC50,3200,5.678,6.343259
GPCR,pAC50,3201,7.221,7.081044
GPCR,pAC50,3202,5.018,5.379154
GPCR,pAC50,3203,5.056,5.5064354
GPCR,pAC50,3204,2.181,4.2233343
GPCR,pAC50,3205,6.9,6.4988337
GPCR,pAC50,3206,2.267,4.776268
GPCR,pAC50,3207,3.983,2.9243982
GPCR,pAC50,3208,5.3,6.6991434
GPCR,pAC50,3209,7.0,6.6482487
GPCR,pAC50,3210,5.7,7.355953
GPCR,pAC50,3211,5.8,6.0978527
GPCR,pAC50,3212,6.5,6.795001
GPCR,pAC50,3213,4.959,5.310459
GPCR,pAC50,3214,9.018,8.812979
GPCR,pAC50,3215,9.699,8.909957
GPCR,pAC50,3216,8.046,8.124945
GPCR,pAC50,3217,6.527,6.4612436
GPCR,pAC50,3218,6.583,6.6850786
GPCR,pAC50,3219,7.328,7.701847
GPCR,pAC50,3220,7.119,7.3226023
GPCR,pAC50,3221,7.678,7.815566
GPCR,pAC50,3222,6.5,8.03297
GPCR,pAC50,3223,5.853,5.8849154
GPCR,pAC50,3224,7.319,7.788989
GPCR,pAC50,3225,6.372,6.068637
GPCR,pAC50,3226,7.6,7.3919563
GPCR,pAC50,3227,6.658,6.4159136
GPCR,pAC50,3228,6.5,6.9344625
GPCR,pAC50,3229,7.444,7.5664415
GPCR,pAC50,3230,8.076,8.664595
GPCR,pAC50,3231,8.8,9.159647
GPCR,pAC50,3232,9.268,9.108734
GPCR,pAC50,3233,6.237,6.4906263
GPCR,pAC50,3234,8.284,8.372938
GPCR,pAC50,3235,8.569,8.524687
GPCR,pAC50,3236,6.77,7.038809
GPCR,pAC50,3237,6.629,7.52808
GPCR,pAC50,3238,8.523,8.681725
GPCR,pAC50,3239,8.125,8.009769
GPCR,pAC50,3240,9.229,9.107179
GPCR,pAC50,3241,7.907,8.67308
GPCR,pAC50,3242,9.056,9.186884
GPCR,pAC50,3243,7.355,10.050643
GPCR,pAC50,3244,7.721,8.023947
GPCR,pAC50,3245,7.678,8.022129
GPCR,pAC50,3246,9.6,9.418741
GPCR,pAC50,3247,7.495,7.2568493
GPCR,pAC50,3248,9.092,9.29842
GPCR,pAC50,3249,7.409,7.4516077
GPCR,pAC50,3250,9.268,9.214552
GPCR,pAC50,3251,8.825,8.20842
GPCR,pAC50,3252,7.99,8.537482
GPCR,pAC50,3253,7.256,7.37144
GPCR,pAC50,3254,8.114,7.995614
GPCR,pAC50,3255,9.495,9.5399685
GPCR,pAC50,3256,10.004,10.087706
GPCR,pAC50,3257,9.367,9.308197
GPCR,pAC50,3258,9.102,8.823965
GPCR,pAC50,3259,8.699,8.81649
GPCR,pAC50,3260,9.678,8.440291
GPCR,pAC50,3261,8.092,8.628686
GPCR,pAC50,3262,9.495,9.416573
GPCR,pAC50,3263,7.886,7.886903
GPCR,pAC50,3264,8.337,8.423304
GPCR,pAC50,3265,8.244,8.302967
GPCR,pAC50,3266,6.921,6.8716507
GPCR,pAC50,3267,8.745,9.044352
GPCR,pAC50,3268,7.854,7.8447475
GPCR,pAC50,3269,5.77,6.5036545
GPCR,pAC50,3270,6.131,6.333475
GPCR,pAC50,3271,7.398,7.535371
GPCR,pAC50,3272,9.046,9.0073185
GPCR,pAC50,3273,10.046,10.214707
GPCR,pAC50,3274,6.185,5.918334
GPCR,pAC50,3275,7.745,7.686985
GPCR,pAC50,3276,9.377,8.566605
GPCR,pAC50,3277,7.824,9.0074415
GPCR,pAC50,3278,10.066,10.289055
GPCR,pAC50,3279,10.032,10.249479
GPCR,pAC50,3280,9.699,10.580194
GPCR,pAC50,3281,10.495,10.192315
GPCR,pAC50,3282,10.319,10.053856
GPCR,pAC50,3283,8.699,8.709844
GPCR,pAC50,3284,10.097,9.914525
GPCR,pAC50,3285,8.276,8.466016
GPCR,pAC50,3286,9.367,9.442836
GPCR,pAC50,3287,8.669,8.470327
GPCR,pAC50,3288,6.119,7.675392
GPCR,pAC50,3289,9.013,9.036717
GPCR,pAC50,3290,9.569,9.817451
GPCR,pAC50,3291,7.301,7.7480707
GPCR,pAC50,3292,8.319,7.766425
GPCR,pAC50,3293,7.058,7.605446
GPCR,pAC50,3294,6.481,6.3303328
GPCR,pAC50,3295,7.959,7.701419
GPCR,pAC50,3296,7.699,8.13847
GPCR,pAC50,3297,7.854,7.4571476
GPCR,pAC50,3298,8.328,7.130851
GPCR,pAC50,3299,9.783,9.92444
GPCR,pAC50,3300,8.229,8.715722
GPCR,pAC50,3301,8.187,7.008423
GPCR,pAC50,3302,6.585,6.3080807
GPCR,pAC50,3303,10.036,8.119753
GPCR,pAC50,3304,7.208,6.694997
GPCR,pAC50,3305,10.409,10.0646715
GPCR,pAC50,3306,7.398,7.4178734
GPCR,pAC50,3307,9.699,9.960175
GPCR,pAC50,3308,10.155,10.305647
GPCR,pAC50,3309,9.0,9.36219
GPCR,pAC50,3310,8.886,9.446119
GPCR,pAC50,3311,8.367,7.6441345
GPCR,pAC50,3312,9.301,8.980467
GPCR,pAC50,3313,7.31,7.6391544
GPCR,pAC50,3314,7.523,7.5624056
GPCR,pAC50,3315,6.14,5.5421724
GPCR,pAC50,3316,6.545,8.86697
GPCR,pAC50,3317,3.87,5.163583
GPCR,pAC50,3318,5.105,5.512228
GPCR,pAC50,3319,6.015,5.7519255
GPCR,pAC50,3320,6.73,6.4749813
GPCR,pAC50,3321,7.004,6.397605
GPCR,pAC50,3322,8.301,8.066009
GPCR,pAC50,3323,5.585,5.0716496
GPCR,pAC50,3324,9.59,8.092492
GPCR,pAC50,3325,5.04,5.307522
GPCR,pAC50,3326,6.92,7.1474934
GPCR,pAC50,3327,5.76,6.0703487
GPCR,pAC50,3328,6.19,6.035364
GPCR,pAC50,3329,6.983,7.193306
GPCR,pAC50,3330,7.658,7.8843546
GPCR,pAC50,3331,7.42,5.6102715
GPCR,pAC50,3332,7.658,7.299303
GPCR,pAC50,3333,8.208,8.177232
GPCR,pAC50,3334,7.745,8.381157
GPCR,pAC50,3335,5.421,5.1315317
GPCR,pAC50,3336,5.11,6.1502047
GPCR,pAC50,3337,5.409,5.589898
GPCR,pAC50,3338,5.377,5.373168
GPCR,pAC50,3339,5.638,5.7685013
GPCR,pAC50,3340,6.301,5.841222
GPCR,pAC50,3341,4.562,4.286087
GPCR,pAC50,3342,7.678,7.794343
GPCR,pAC50,3343,7.215,7.2731886
GPCR,pAC50,3344,8.301,8.040342
GPCR,pAC50,3345,8.398,7.7765865
GPCR,pAC50,3346,4.616,6.3478365
GPCR,pAC50,3347,5.633,5.700897
GPCR,pAC50,3348,5.066,6.008913
GPCR,pAC50,3349,8.77,8.546792
GPCR,pAC50,3350,7.678,7.6700764
GPCR,pAC50,3351,7.161,7.308587
GPCR,pAC50,3352,7.222,7.482113
GPCR,pAC50,3353,6.87,6.9734564
GPCR,pAC50,3354,5.772,5.2798223
GPCR,pAC50,3355,5.867,6.418481
GPCR,pAC50,3356,6.907,7.3913755
GPCR,pAC50,3357,7.973,8.419649
GPCR,pAC50,3358,8.018,8.172236
GPCR,pAC50,3359,8.495,8.805124
GPCR,pAC50,3360,8.301,8.5628395
GPCR,pAC50,3361,6.745,7.9686728
GPCR,pAC50,3362,6.699,7.787283
GPCR,pAC50,3363,8.222,8.664434
GPCR,pAC50,3364,8.0,8.851097
GPCR,pAC50,3365,8.6,8.743006
GPCR,pAC50,3366,9.097,8.499355
GPCR,pAC50,3367,7.886,7.6499434
GPCR,pAC50,3368,8.076,8.3285055
GPCR,pAC50,3369,8.114,8.192608
GPCR,pAC50,3370,5.292,5.492174
GPCR,pAC50,3371,5.36,5.507347
GPCR,pAC50,3372,5.921,6.7603636
GPCR,pAC50,3373,6.818,6.1257544
GPCR,pAC50,3374,8.328,7.899705
GPCR,pAC50,3375,7.387,7.270094
GPCR,pAC50,3376,7.638,7.61543
GPCR,pAC50,3377,6.311,7.161021
GPCR,pAC50,3378,5.103,7.009056
GPCR,pAC50,3379,7.456,7.5144615
GPCR,pAC50,3380,8.0,6.958171
GPCR,pAC50,3381,6.158,6.87679
GPCR,pAC50,3382,6.903,6.9112015
GPCR,pAC50,3383,6.398,6.2769794
GPCR,pAC50,3384,6.509,6.6395473
GPCR,pAC50,3385,7.097,6.74483
GPCR,pAC50,3386,6.391,6.306488
GPCR,pAC50,3387,6.883,6.6101904
GPCR,pAC50,3388,8.177,8.227893
GPCR,pAC50,3389,8.921,7.974225
GPCR,pAC50,3390,6.178,5.9777765
GPCR,pAC50,3391,5.298,6.2506466
GPCR,pAC50,3392,9.041,9.869507
GPCR,pAC50,3393,6.53,5.3222723
GPCR,pAC50,3394,4.71,4.052085
GPCR,pAC50,3395,4.78,4.7798586
GPCR,pAC50,3396,5.45,6.489743
GPCR,pAC50,3397,5.754,6.5700426
GPCR,pAC50,3398,7.229,7.175254
GPCR,pAC50,3399,7.469,8.346916
GPCR,pAC50,3400,7.42,7.8692923
GPCR,pAC50,3401,8.523,9.034792
GPCR,pAC50,3402,8.215,7.9856987
GPCR,pAC50,3403,7.387,7.249957
GPCR,pAC50,3404,6.087,6.463567
GPCR,pAC50,3405,6.78,6.9575405
GPCR,pAC50,3406,9.301,8.867555
GPCR,pAC50,3407,8.377,8.434345
GPCR,pAC50,3408,7.66,7.724785
GPCR,pAC50,3409,7.674,7.7151117
GPCR,pAC50,3410,7.606,8.175822
GPCR,pAC50,3411,9.046,8.123598
GPCR,pAC50,3412,7.373,6.7995396
GPCR,pAC50,3413,9.004,8.068928
GPCR,pAC50,3414,7.252,8.069902
GPCR,pAC50,3415,7.678,8.158808
GPCR,pAC50,3416,7.854,7.618063
GPCR,pAC50,3417,8.854,8.337847
GPCR,pAC50,3418,6.493,7.100789
GPCR,pAC50,3419,4.747,6.063513
GPCR,pAC50,3420,6.896,7.0001364
GPCR,pAC50,3421,6.658,7.354394
GPCR,pAC50,3422,6.322,6.3506355
GPCR,pAC50,3423,8.155,7.8119154
GPCR,pAC50,3424,7.42,7.8120136
GPCR,pAC50,3425,7.678,7.7185946
GPCR,pAC50,3426,7.921,8.246451
GPCR,pAC50,3427,7.638,8.684196
GPCR,pAC50,3428,5.74,6.8758354
GPCR,pAC50,3429,5.0,5.4642153
GPCR,pAC50,3430,8.071,6.930895
GPCR,pAC50,3431,6.398,6.7430563
GPCR,pAC50,3432,8.502,7.7265034
GPCR,pAC50,3433,5.187,5.153263
GPCR,pAC50,3434,6.343,6.084711
GPCR,pAC50,3435,5.418,4.901166
GPCR,pAC50,3436,6.141,6.8893986
GPCR,pAC50,3437,6.946,6.8626328
GPCR,pAC50,3438,6.796,6.32049
GPCR,pAC50,3439,7.418,7.151989
GPCR,pAC50,3440,7.001,6.661462
GPCR,pAC50,3441,6.403,7.745929
GPCR,pAC50,3442,6.387,7.7199106
GPCR,pAC50,3443,7.086,7.005617
GPCR,pAC50,3444,6.33,7.144375
GPCR,pAC50,3445,6.701,7.1237535
GPCR,pAC50,3446,7.744,6.547964
GPCR,pAC50,3447,6.013,6.4455004
GPCR,pAC50,3448,6.252,7.5021553
GPCR,pAC50,3449,6.398,6.835602
GPCR,pAC50,3450,6.089,6.0486298
GPCR,pAC50,3451,5.229,5.5915604
GPCR,pAC50,3452,7.187,7.0680866
GPCR,pAC50,3453,6.67,5.8223476
GPCR,pAC50,3454,6.048,5.1893578
GPCR,pAC50,3455,5.416,5.4378424
GPCR,pAC50,3456,5.197,5.8246374
GPCR,pAC50,3457,6.983,7.684304
GPCR,pAC50,3458,5.31,5.482065
GPCR,pAC50,3459,5.62,4.2324667
GPCR,pAC50,3460,7.2,6.8720293
GPCR,pAC50,3461,6.8,6.937957
GPCR,pAC50,3462,5.777,5.839113
GPCR,pAC50,3463,5.633,6.172735
GPCR,pAC50,3464,6.023,6.0465145
GPCR,pAC50,3465,6.133,5.8669615
GPCR,pAC50,3466,6.699,7.3663273
GPCR,pAC50,3467,7.602,7.8629847
GPCR,pAC50,3468,7.745,7.3533974
GPCR,pAC50,3469,7.145,7.4516506
GPCR,pAC50,3470,5.804,5.5220585
GPCR,pAC50,3471,8.71,8.406071
GPCR,pAC50,3472,5.076,5.3762255
GPCR,pAC50,3473,6.333,7.1688375
GPCR,pAC50,3474,7.288,7.8657284
GPCR,pAC50,3475,6.249,6.193022
GPCR,pAC50,3476,6.174,7.145174
GPCR,pAC50,3477,7.573,6.7973433
GPCR,pAC50,3478,6.495,7.1931267
GPCR,pAC50,3479,8.292,7.4916
GPCR,pAC50,3480,6.358,6.7442017
GPCR,pAC50,3481,7.1,7.727298
GPCR,pAC50,3482,6.932,6.8309
GPCR,pAC50,3483,5.288,5.7781734
GPCR,pAC50,3484,6.0,6.079999
GPCR,pAC50,3485,6.3,6.3053102
GPCR,pAC50,3486,6.383,6.6287346
GPCR,pAC50,3487,9.2,8.682039
GPCR,pAC50,3488,7.4,7.5779724
GPCR,pAC50,3489,6.0,5.6757574
GPCR,pAC50,3490,8.456,7.269229
GPCR,pAC50,3491,7.367,6.4797344
GPCR,pAC50,3492,7.77,6.9104548
GPCR,pAC50,3493,5.052,5.480768
GPCR,pAC50,3494,4.373,4.7576933
GPCR,pAC50,3495,4.775,4.882416
GPCR,pAC50,3496,5.466,5.311756
GPCR,pAC50,3497,7.678,7.524726
GPCR,pAC50,3498,7.585,7.977783
GPCR,pAC50,3499,5.151,5.5987597
GPCR,pAC50,3500,6.496,7.4558573
GPCR,pAC50,3501,6.225,7.0887775
GPCR,pAC50,3502,5.489,5.7612915
GPCR,pAC50,3503,8.155,7.772747
GPCR,pAC50,3504,7.745,7.1534595
GPCR,pAC50,3505,7.921,7.022255
GPCR,pAC50,3506,8.398,7.838706
GPCR,pAC50,3507,6.005,7.10219
GPCR,pAC50,3508,5.3,5.704011
GPCR,pAC50,3509,6.276,6.27724
GPCR,pAC50,3510,7.264,5.779003
GPCR,pAC50,3511,7.45,7.7847586
GPCR,pAC50,3512,6.629,6.816901
GPCR,pAC50,3513,6.196,6.2540493
GPCR,pAC50,3514,7.04,7.2057505
GPCR,pAC50,3515,5.622,5.887598
GPCR,pAC50,3516,5.359,5.874279
GPCR,pAC50,3517,5.957,5.987279
GPCR,pAC50,3518,5.3,6.3034678
GPCR,pAC50,3519,7.481,7.2980824
GPCR,pAC50,3520,7.624,9.497941
GPCR,pAC50,3521,4.863,5.733283
GPCR,pAC50,3522,5.27,4.8460007
GPCR,pAC50,3523,7.815,7.2398834
GPCR,pAC50,3524,6.31,7.066432
GPCR,pAC50,3525,5.817,5.538583
GPCR,pAC50,3526,5.365,5.2857466
GPCR,pAC50,3527,5.28,5.299926
GPCR,pAC50,3528,7.706,7.6624002
GPCR,pAC50,3529,8.0,8.054473
GPCR,pAC50,3530,6.796,7.666172
GPCR,pAC50,3531,8.319,8.479179
GPCR,pAC50,3532,6.764,7.2734795
GPCR,pAC50,3533,6.46,6.5566196
GPCR,pAC50,3534,6.348,6.94674
GPCR,pAC50,3535,6.11,6.3651867
GPCR,pAC50,3536,6.955,7.5847206
GPCR,pAC50,3537,6.541,6.5305614
GPCR,pAC50,3538,7.039,7.786065
GPCR,pAC50,3539,6.967,6.9873524
GPCR,pAC50,3540,7.161,6.9965544
GPCR,pAC50,3541,5.721,5.98164
GPCR,pAC50,3542,7.481,7.029422
GPCR,pAC50,3543,6.783,6.877696
GPCR,pAC50,3544,7.824,7.921364
GPCR,pAC50,3545,7.643,7.9816227
GPCR,pAC50,3546,7.232,7.461055
GPCR,pAC50,3547,9.367,9.218316
GPCR,pAC50,3548,7.328,8.247391
GPCR,pAC50,3549,7.921,8.404348
GPCR,pAC50,3550,8.62,8.798729
GPCR,pAC50,3551,9.211,8.905824
GPCR,pAC50,3552,8.757,8.69453
GPCR,pAC50,3553,6.387,7.1176825
GPCR,pAC50,3554,7.056,7.61837
GPCR,pAC50,3555,6.509,6.5042343
GPCR,pAC50,3556,8.721,8.838989
GPCR,pAC50,3557,7.553,6.0945835
GPCR,pAC50,3558,6.0,6.0945835
GPCR,pAC50,3559,7.538,8.45147
GPCR,pAC50,3560,7.745,7.80548
GPCR,pAC50,3561,7.951,7.2108526
GPCR,pAC50,3562,7.567,7.465311
GPCR,pAC50,3563,7.627,7.4447327
GPCR,pAC50,3564,7.0,7.2199726
GPCR,pAC50,3565,6.538,6.9559803
GPCR,pAC50,3566,6.367,6.2742567
GPCR,pAC50,3567,7.747,7.7569056
GPCR,pAC50,3568,6.22,7.23123
GPCR,pAC50,3569,8.699,8.063459
GPCR,pAC50,3570,8.77,8.68516
GPCR,pAC50,3571,8.538,7.1392727
GPCR,pAC50,3572,5.724,6.5194473
GPCR,pAC50,3573,8.4,6.3847914
GPCR,pAC50,3574,9.301,6.3322487
GPCR,pAC50,3575,8.495,7.5426083
GPCR,pAC50,3576,7.0,7.011079
GPCR,pAC50,3577,8.42,7.19005
GPCR,pAC50,3578,9.252,9.021299
GPCR,pAC50,3579,7.406,7.200304
GPCR,pAC50,3580,8.328,7.377178
GPCR,pAC50,3581,7.163,7.217613
GPCR,pAC50,3582,8.699,8.268281
GPCR,pAC50,3583,8.337,8.902958
GPCR,pAC50,3584,6.246,6.610306
GPCR,pAC50,3585,6.284,6.804451
GPCR,pAC50,3586,8.42,8.228159
GPCR,pAC50,3587,6.796,6.8533497
GPCR,pAC50,3588,7.641,7.400996
GPCR,pAC50,3589,8.194,7.670089
GPCR,pAC50,3590,6.143,6.849927
GPCR,pAC50,3591,9.432,9.042849
GPCR,pAC50,3592,7.507,7.529889
GPCR,pAC50,3593,7.006,7.630801
GPCR,pAC50,3594,7.35,6.6923866
GPCR,pAC50,3595,5.97,5.1680365
GPCR,pAC50,3596,4.5,5.0769186
GPCR,pAC50,3597,4.5,5.0891066
GPCR,pAC50,3598,7.233,7.4856634
GPCR,pAC50,3599,8.921,8.597109
GPCR,pAC50,3600,9.398,7.506155
GPCR,pAC50,3601,9.046,7.8037796
GPCR,pAC50,3602,4.699,4.8563356
GPCR,pAC50,3603,7.509,7.011217
GPCR,pAC50,3604,8.658,8.040493
GPCR,pAC50,3605,8.469,7.973797
GPCR,pAC50,3606,5.442,5.7650948
GPCR,pAC50,3607,8.796,8.443286
GPCR,pAC50,3608,7.721,7.9221334
GPCR,pAC50,3609,7.699,7.699913
GPCR,pAC50,3610,10.3,10.148889
GPCR,pAC50,3611,4.983,4.067743
GPCR,pAC50,3612,5.151,5.348401
GPCR,pAC50,3613,6.602,6.43659
GPCR,pAC50,3614,10.0,9.291647
GPCR,pAC50,3615,5.609,5.8874655
GPCR,pAC50,3616,8.796,8.0789385
GPCR,pAC50,3617,8.26,8.701792
GPCR,pAC50,3618,9.032,9.315131
GPCR,pAC50,3619,8.509,8.200264
GPCR,pAC50,3620,9.108,9.225459
GPCR,pAC50,3621,6.032,6.1853065
GPCR,pAC50,3622,5.381,7.936899
GPCR,pAC50,3623,7.854,8.077152
GPCR,pAC50,3624,8.208,7.952326
GPCR,pAC50,3625,6.398,5.9503508
GPCR,pAC50,3626,8.177,7.253912
GPCR,pAC50,3627,8.367,8.460472
GPCR,pAC50,3628,8.0,8.136421
GPCR,pAC50,3629,8.509,8.558512
GPCR,pAC50,3630,6.796,6.2209787
GPCR,pAC50,3631,9.041,9.170448
GPCR,pAC50,3632,5.633,6.670828
GPCR,pAC50,3633,8.222,8.249348
GPCR,pAC50,3634,9.699,9.899375
GPCR,pAC50,3635,7.745,7.328253
GPCR,pAC50,3636,7.167,7.1507454
GPCR,pAC50,3637,7.921,7.741493
GPCR,pAC50,3638,7.244,6.6407986
GPCR,pAC50,3639,6.886,7.0674267
GPCR,pAC50,3640,7.066,7.5373898
GPCR,pAC50,3641,7.092,7.088867
GPCR,pAC50,3642,7.417,7.73818
GPCR,pAC50,3643,7.845,7.94814
GPCR,pAC50,3644,8.347,7.803301
GPCR,pAC50,3645,7.222,7.3297157
GPCR,pAC50,3646,8.071,7.825433
GPCR,pAC50,3647,6.023,4.067922
GPCR,pAC50,3648,6.243,6.75694
GPCR,pAC50,3649,8.393,8.333357
GPCR,pAC50,3650,5.538,5.8129625
GPCR,pAC50,3651,8.046,8.284786
GPCR,pAC50,3652,7.638,7.924876
GPCR,pAC50,3653,8.3,8.099571
GPCR,pAC50,3654,5.658,5.504753
GPCR,pAC50,3655,4.409,4.274973
GPCR,pAC50,3656,4.469,4.277416
GPCR,pAC50,3657,3.569,3.528108
GPCR,pAC50,3658,6.509,6.768156
GPCR,pAC50,3659,8.201,8.756306
GPCR,pAC50,3660,7.046,7.1003494
GPCR,pAC50,3661,6.936,6.9865704
GPCR,pAC50,3662,6.412,8.175295
GPCR,pAC50,3663,7.963,7.895568
GPCR,pAC50,3664,8.155,8.268083
GPCR,pAC50,3665,9.076,8.891688
GPCR,pAC50,3666,8.051,7.3748026
GPCR,pAC50,3667,6.509,7.607871
GPCR,pAC50,3668,5.036,5.071824
GPCR,pAC50,3669,10.222,9.6171
GPCR,pAC50,3670,6.602,7.7100277
GPCR,pAC50,3671,5.237,7.1803827
GPCR,pAC50,3672,5.096,4.281226
GPCR,pAC50,3673,9.12,8.193855
GPCR,pAC50,3674,6.456,5.5661955
GPCR,pAC50,3675,5.071,6.36532
GPCR,pAC50,3676,5.959,6.599848
GPCR,pAC50,3677,5.538,6.0985804
GPCR,pAC50,3678,6.222,6.581173
GPCR,pAC50,3679,5.699,6.1062984
GPCR,pAC50,3680,5.77,6.0236187
GPCR,pAC50,3681,5.886,6.292556
GPCR,pAC50,3682,7.149,7.2261553
GPCR,pAC50,3683,7.451,8.182852
GPCR,pAC50,3684,7.878,8.261393
GPCR,pAC50,3685,8.128,8.418976
GPCR,pAC50,3686,7.0,6.719467
GPCR,pAC50,3687,7.699,7.212988
GPCR,pAC50,3688,7.523,6.878314
GPCR,pAC50,3689,9.523,9.108929
GPCR,pAC50,3690,7.921,8.241618
GPCR,pAC50,3691,5.786,5.7944107
GPCR,pAC50,3692,4.987,4.332323
GPCR,pAC50,3693,4.775,5.0117683
GPCR,pAC50,3694,5.009,4.255047
GPCR,pAC50,3695,8.081,7.4695263
GPCR,pAC50,3696,7.48,7.6619368
GPCR,pAC50,3697,7.301,7.8686886
GPCR,pAC50,3698,6.62,6.772662
GPCR,pAC50,3699,8.0,8.343486
GPCR,pAC50,3700,4.896,3.9632044
GPCR,pAC50,3701,3.76,4.2561655
GPCR,pAC50,3702,4.714,4.7524776
GPCR,pAC50,3703,4.622,4.9613953
GPCR,pAC50,3704,6.0,6.239996
GPCR,pAC50,3705,8.638,8.025861
GPCR,pAC50,3706,6.979,7.4620028
GPCR,pAC50,3707,6.879,7.6886015
GPCR,pAC50,3708,7.337,8.084741
GPCR,pAC50,3709,4.257,5.5742292
GPCR,pAC50,3710,4.528,4.966632
GPCR,pAC50,3711,5.314,4.7150736
GPCR,pAC50,3712,4.372,4.759528
GPCR,pAC50,3713,7.409,7.9037085
GPCR,pAC50,3714,8.523,8.393516
GPCR,pAC50,3715,5.15,5.8482676
GPCR,pAC50,3716,5.99,5.356268
GPCR,pAC50,3717,10.155,9.434005
GPCR,pAC50,3718,6.268,5.8127213
GPCR,pAC50,3719,7.024,7.3704185
GPCR,pAC50,3720,7.252,6.0817823
GPCR,pAC50,3721,4.398,4.597269
GPCR,pAC50,3722,9.046,9.17387
GPCR,pAC50,3723,9.097,9.604884
GPCR,pAC50,3724,8.456,8.497307
GPCR,pAC50,3725,7.069,8.183445
GPCR,pAC50,3726,8.213,8.07049
GPCR,pAC50,3727,7.62,7.1866865
GPCR,pAC50,3728,7.898,8.029102
GPCR,pAC50,3729,7.027,7.067415
GPCR,pAC50,3730,7.18,6.878704
GPCR,pAC50,3731,7.248,7.18445
GPCR,pAC50,3732,8.7,8.3571205
GPCR,pAC50,3733,6.0,6.8149414
GPCR,pAC50,3734,5.824,6.482856
GPCR,pAC50,3735,6.222,6.7039623
GPCR,pAC50,3736,5.602,6.6254425
GPCR,pAC50,3737,6.456,6.3622904
GPCR,pAC50,3738,6.347,6.088643
GPCR,pAC50,3739,5.071,5.793585
GPCR,pAC50,3740,6.873,5.1119776
GPCR,pAC50,3741,5.3,5.2542324
GPCR,pAC50,3742,6.0,5.2317104
GPCR,pAC50,3743,7.121,7.8109055
GPCR,pAC50,3744,7.377,7.707178
GPCR,pAC50,3745,5.208,5.400056
GPCR,pAC50,3746,5.997,5.4404135
GPCR,pAC50,3747,8.658,7.1769276
GPCR,pAC50,3748,5.009,6.051565
GPCR,pAC50,3749,5.509,5.9153366
GPCR,pAC50,3750,5.745,6.377945
GPCR,pAC50,3751,6.161,5.691869
GPCR,pAC50,3752,6.301,5.7971163
GPCR,pAC50,3753,6.301,5.9047947
GPCR,pAC50,3754,7.796,7.4194546
GPCR,pAC50,3755,7.538,7.669978
GPCR,pAC50,3756,5.602,5.9975576
GPCR,pAC50,3757,7.102,6.785142
GPCR,pAC50,3758,6.194,6.220562
GPCR,pAC50,3759,6.47,6.7021513
GPCR,pAC50,3760,5.031,6.679162
GPCR,pAC50,3761,6.959,6.2308903
GPCR,pAC50,3762,6.932,6.789007
GPCR,pAC50,3763,6.052,6.379367
GPCR,pAC50,3764,6.726,7.0213594
GPCR,pAC50,3765,7.06,5.954314
GPCR,pAC50,3766,6.481,5.9778013
GPCR,pAC50,3767,5.174,6.4107666
GPCR,pAC50,3768,5.959,6.162422
GPCR,pAC50,3769,6.308,5.899658
GPCR,pAC50,3770,6.627,6.6490126
GPCR,pAC50,3771,5.5,6.6868668
GPCR,pAC50,3772,6.886,6.7168016
GPCR,pAC50,3773,7.52,7.6108246
GPCR,pAC50,3774,6.241,6.622546
GPCR,pAC50,3775,6.338,6.5728416
GPCR,pAC50,3776,6.11,7.092806
GPCR,pAC50,3777,6.406,6.614976
GPCR,pAC50,3778,6.332,6.80742
GPCR,pAC50,3779,8.155,7.1329947
GPCR,pAC50,3780,7.638,7.0041485
GPCR,pAC50,3781,7.678,5.525255
GPCR,pAC50,3782,7.538,7.7984
GPCR,pAC50,3783,5.92,5.2547874
GPCR,pAC50,3784,6.288,5.7488728
GPCR,pAC50,3785,5.208,6.7276945
GPCR,pAC50,3786,8.585,7.0094213
GPCR,pAC50,3787,8.658,7.2765017
GPCR,pAC50,3788,6.924,7.130007
GPCR,pAC50,3789,6.0,6.5825853
GPCR,pAC50,3790,6.79,7.9282713
GPCR,pAC50,3791,5.961,7.306547
GPCR,pAC50,3792,6.602,6.111614
GPCR,pAC50,3793,5.06,5.3543005
GPCR,pAC50,3794,7.597,7.544305
GPCR,pAC50,3795,6.602,6.3409233
GPCR,pAC50,3796,6.26,6.0680275
GPCR,pAC50,3797,6.26,6.2128725
GPCR,pAC50,3798,6.149,6.8376856
GPCR,pAC50,3799,5.172,7.2202606
GPCR,pAC50,3800,5.604,6.4413548
GPCR,pAC50,3801,5.602,5.497896
GPCR,pAC50,3802,6.0,5.681492
GPCR,pAC50,3803,5.745,5.564705
GPCR,pAC50,3804,5.824,6.0262003
GPCR,pAC50,3805,6.0,5.6893826
GPCR,pAC50,3806,6.167,6.105707
GPCR,pAC50,3807,6.432,6.918543
GPCR,pAC50,3808,6.398,7.0856733
GPCR,pAC50,3809,7.602,6.888488
GPCR,pAC50,3810,7.638,6.887416
GPCR,pAC50,3811,5.0,5.103036
GPCR,pAC50,3812,6.833,6.078661
GPCR,pAC50,3813,5.724,6.1744537
GPCR,pAC50,3814,7.523,7.96821
GPCR,pAC50,3815,7.347,7.4964466
GPCR,pAC50,3816,5.301,5.7241077
GPCR,pAC50,3817,6.325,5.9758263
GPCR,pAC50,3818,6.0,5.837844
GPCR,pAC50,3819,6.71,7.961466
GPCR,pAC50,3820,6.735,7.7051306
GPCR,pAC50,3821,7.699,6.9121637
GPCR,pAC50,3822,8.959,8.210358
GPCR,pAC50,3823,8.432,8.05227
GPCR,pAC50,3824,6.19,7.7466125
GPCR,pAC50,3825,7.155,7.8181953
GPCR,pAC50,3826,7.469,6.4022655
GPCR,pAC50,3827,7.42,6.9433594
GPCR,pAC50,3828,6.432,7.055868
GPCR,pAC50,3829,7.77,7.7839727
GPCR,pAC50,3830,6.194,7.161707
GPCR,pAC50,3831,6.935,6.32666
GPCR,pAC50,3832,5.21,7.3402834
GPCR,pAC50,3833,5.947,5.8917894
GPCR,pAC50,3834,5.59,5.3201513
GPCR,pAC50,3835,6.601,5.5454845
GPCR,pAC50,3836,7.276,6.875806
GPCR,pAC50,3837,6.65,6.6861305
GPCR,pAC50,3838,7.387,7.1791553
GPCR,pAC50,3839,6.4,6.6516314
GPCR,pAC50,3840,6.3,6.4776325
GPCR,pAC50,3841,7.8,7.6837244
GPCR,pAC50,3842,7.401,6.6905155
GPCR,pAC50,3843,6.514,6.3984423
GPCR,pAC50,3844,6.526,6.4937277
GPCR,pAC50,3845,7.214,6.4718704
GPCR,pAC50,3846,7.565,7.3339157
GPCR,pAC50,3847,6.775,6.8180676
GPCR,pAC50,3848,7.188,7.668643
GPCR,pAC50,3849,8.125,6.8555775
GPCR,pAC50,3850,7.775,7.8465567
GPCR,pAC50,3851,6.62,6.3234377
GPCR,pAC50,3852,6.18,6.318556
GPCR,pAC50,3853,6.853,6.5731287
GPCR,pAC50,3854,6.822,6.574932
GPCR,pAC50,3855,7.046,7.279705
GPCR,pAC50,3856,6.721,6.224472
GPCR,pAC50,3857,7.959,7.4917507
GPCR,pAC50,3858,5.949,6.1356
GPCR,pAC50,3859,5.469,5.5694237
GPCR,pAC50,3860,6.078,6.644924
GPCR,pAC50,3861,7.041,7.2698126
GPCR,pAC50,3862,7.319,7.3708773
GPCR,pAC50,3863,6.876,6.2598705
GPCR,pAC50,3864,5.883,6.3171396
GPCR,pAC50,3865,6.79,6.2026844
GPCR,pAC50,3866,6.996,6.4679766
GPCR,pAC50,3867,6.439,6.8926144
GPCR,pAC50,3868,6.611,7.3764324
GPCR,pAC50,3869,6.801,6.7848034
GPCR,pAC50,3870,7.18,6.8577747
GPCR,pAC50,3871,6.22,7.0736265
GPCR,pAC50,3872,6.529,6.818098
GPCR,pAC50,3873,6.222,6.549674
GPCR,pAC50,3874,5.658,5.905183
GPCR,pAC50,3875,5.42,6.949238
GPCR,pAC50,3876,5.886,6.86065
GPCR,pAC50,3877,7.854,7.194049
GPCR,pAC50,3878,5.77,7.372452
GPCR,pAC50,3879,7.699,8.474202
GPCR,pAC50,3880,7.553,7.4094334
GPCR,pAC50,3881,7.553,6.986126
GPCR,pAC50,3882,8.155,8.476673
GPCR,pAC50,3883,6.854,7.5977707
GPCR,pAC50,3884,7.798,7.2738733
GPCR,pAC50,3885,6.521,6.443825
GPCR,pAC50,3886,6.726,6.4860525
GPCR,pAC50,3887,6.551,7.7996235
GPCR,pAC50,3888,5.717,6.6764164
GPCR,pAC50,3889,6.279,6.784108
GPCR,pAC50,3890,7.029,7.47149
GPCR,pAC50,3891,8.377,7.457141
GPCR,pAC50,3892,6.921,6.444561
GPCR,pAC50,3893,7.3,7.5376835
GPCR,pAC50,3894,6.5,6.9516573
GPCR,pAC50,3895,6.625,5.9576797
GPCR,pAC50,3896,7.456,7.5341177
GPCR,pAC50,3897,6.77,6.039733
GPCR,pAC50,3898,6.313,7.196864
GPCR,pAC50,3899,7.1,6.6685905
GPCR,pAC50,3900,5.155,5.31866
GPCR,pAC50,3901,5.18,5.6015415
GPCR,pAC50,3902,6.276,6.160058
GPCR,pAC50,3903,7.071,5.9501715
GPCR,pAC50,3904,6.237,6.086318
GPCR,pAC50,3905,5.301,6.424062
GPCR,pAC50,3906,5.827,6.016964
GPCR,pAC50,3907,6.0,6.2993965
GPCR,pAC50,3908,5.623,6.3489685
GPCR,pAC50,3909,6.237,5.7361135
GPCR,pAC50,3910,5.664,6.448845
GPCR,pAC50,3911,6.191,7.555563
GPCR,pAC50,3912,6.889,6.957738
GPCR,pAC50,3913,8.155,7.010234
GPCR,pAC50,3914,7.237,6.9152584
GPCR,pAC50,3915,6.321,6.063327
GPCR,pAC50,3916,8.009,7.7411633
GPCR,pAC50,3917,7.097,6.3355055
GPCR,pAC50,3918,6.523,6.5297737
GPCR,pAC50,3919,7.523,7.2087574
GPCR,pAC50,3920,7.523,7.154481
GPCR,pAC50,3921,7.387,7.543148
GPCR,pAC50,3922,8.0,5.9255457
GPCR,pAC50,3923,6.155,7.2444334
GPCR,pAC50,3924,5.745,5.87547
GPCR,pAC50,3925,7.658,7.458585
GPCR,pAC50,3926,7.387,8.253278
GPCR,pAC50,3927,6.155,7.184227
GPCR,pAC50,3928,5.446,7.70341
GPCR,pAC50,3929,6.289,6.9179926
GPCR,pAC50,3930,8.678,9.527906
GPCR,pAC50,3931,9.553,9.44614
GPCR,pAC50,3932,6.509,7.0392036
GPCR,pAC50,3933,6.699,6.6557865
GPCR,pAC50,3934,7.538,7.0609884
GPCR,pAC50,3935,6.244,7.188629
GPCR,pAC50,3936,7.921,7.8925915
GPCR,pAC50,3937,7.409,7.4614725
GPCR,pAC50,3938,6.975,7.7069874
GPCR,pAC50,3939,6.31,7.561325
GPCR,pAC50,3940,5.59,5.5584707
GPCR,pAC50,3941,5.991,6.7337093
GPCR,pAC50,3942,8.42,8.224943
GPCR,pAC50,3943,7.046,6.8198814
GPCR,pAC50,3944,8.409,8.232479
GPCR,pAC50,3945,7.886,5.7738943
GPCR,pAC50,3946,5.066,5.655452
GPCR,pAC50,3947,5.506,5.499666
GPCR,pAC50,3948,4.709,4.735778
GPCR,pAC50,3949,5.47,5.6430225
GPCR,pAC50,3950,8.569,8.575383
GPCR,pAC50,3951,8.481,8.160749
GPCR,pAC50,3952,7.054,7.0808496
GPCR,pAC50,3953,7.726,7.697608
GPCR,pAC50,3954,7.733,7.624563
GPCR,pAC50,3955,7.022,7.2613926
GPCR,pAC50,3956,8.292,8.225681
GPCR,pAC50,3957,8.276,8.112234
GPCR,pAC50,3958,7.056,6.9013004
GPCR,pAC50,3959,5.547,5.096177
GPCR,pAC50,3960,6.54,7.120826
GPCR,pAC50,3961,5.54,6.3657084
GPCR,pAC50,3962,6.824,5.8020105
GPCR,pAC50,3963,4.94,7.9237127
GPCR,pAC50,3964,5.31,7.4086723
GPCR,pAC50,3965,7.48,7.7324677
GPCR,pAC50,3966,5.62,5.94036
GPCR,pAC50,3967,5.301,5.227524
GPCR,pAC50,3968,6.28,5.950321
GPCR,pAC50,3969,5.44,5.472925
GPCR,pAC50,3970,6.28,6.220312
GPCR,pAC50,3971,5.67,5.6669827
GPCR,pAC50,3972,5.95,5.473897
GPCR,pAC50,3973,6.06,6.1812534
GPCR,pAC50,3974,5.95,5.644228
GPCR,pAC50,3975,6.34,6.0308924
GPCR,pAC50,3976,5.871,5.9917765
GPCR,pAC50,3977,5.26,7.3905945
GPCR,pAC50,3978,7.222,6.835121
GPCR,pAC50,3979,7.699,7.545307
GPCR,pAC50,3980,6.013,6.3323774
GPCR,pAC50,3981,6.921,6.0388603
GPCR,pAC50,3982,6.886,6.5074873
GPCR,pAC50,3983,6.09,5.853011
GPCR,pAC50,3984,7.12,7.0710716
GPCR,pAC50,3985,7.13,7.079295
GPCR,pAC50,3986,6.19,6.086237
GPCR,pAC50,3987,5.42,5.836627
GPCR,pAC50,3988,6.46,6.5345182
GPCR,pAC50,3989,6.27,6.333205
GPCR,pAC50,3990,6.5,6.94925
GPCR,pAC50,3991,5.442,5.481062
GPCR,pAC50,3992,5.409,5.3880587
GPCR,pAC50,3993,5.301,5.8030043
GPCR,pAC50,3994,9.721,8.653725
GPCR,pAC50,3995,6.398,6.918165
GPCR,pAC50,3996,5.854,6.1536255
GPCR,pAC50,3997,5.357,6.0556564
GPCR,pAC50,3998,6.387,6.0012903
GPCR,pAC50,3999,6.161,5.8874598
GPCR,pAC50,4000,9.456,8.556749
GPCR,pAC50,4001,8.42,8.297313
GPCR,pAC50,4002,5.507,6.7382
GPCR,pAC50,4003,7.702,6.391816
GPCR,pAC50,4004,7.792,6.3405657
GPCR,pAC50,4005,6.027,6.672451
GPCR,pAC50,4006,6.423,6.138338
GPCR,pAC50,4007,6.299,6.1276083
GPCR,pAC50,4008,11.046,10.9639845
GPCR,pAC50,4009,7.222,6.7407703
GPCR,pAC50,4010,8.611,7.0800514
GPCR,pAC50,4011,6.276,6.1985836
GPCR,pAC50,4012,6.457,6.1227474
GPCR,pAC50,4013,8.824,6.918165
GPCR,pAC50,4014,5.53,6.028226
GPCR,pAC50,4015,6.53,5.601714
GPCR,pAC50,4016,4.5,4.854846
GPCR,pAC50,4017,4.5,6.0554943
GPCR,pAC50,4018,5.347,5.579774
GPCR,pAC50,4019,7.097,6.8097353
GPCR,pAC50,4020,7.921,9.044378
GPCR,pAC50,4021,8.18,8.883075
GPCR,pAC50,4022,7.824,8.108545
GPCR,pAC50,4023,8.81,8.701199
GPCR,pAC50,4024,9.081,9.108956
GPCR,pAC50,4025,9.886,9.180429
GPCR,pAC50,4026,8.796,8.7920885
GPCR,pAC50,4027,9.056,8.098791
GPCR,pAC50,4028,4.77,4.6527233
GPCR,pAC50,4029,5.284,4.9070387
GPCR,pAC50,4030,6.42,5.967066
GPCR,pAC50,4031,9.886,9.970869
GPCR,pAC50,4032,4.432,4.187194
GPCR,pAC50,4033,6.556,6.218026
GPCR,pAC50,4034,5.18,5.5551386
GPCR,pAC50,4035,5.959,4.7441435
GPCR,pAC50,4036,8.733,8.93836
GPCR,pAC50,4037,6.757,7.949233
GPCR,pAC50,4038,7.333,7.4821987
GPCR,pAC50,4039,6.656,7.3876514
GPCR,pAC50,4040,6.532,7.03819
GPCR,pAC50,4041,7.495,7.7521296
GPCR,pAC50,4042,6.155,6.284687
GPCR,pAC50,4043,4.921,5.2082453
GPCR,pAC50,4044,5.921,7.088969
GPCR,pAC50,4045,6.934,6.9485455
GPCR,pAC50,4046,6.036,6.5119305
GPCR,pAC50,4047,5.824,5.9673243
GPCR,pAC50,4048,5.102,4.8281946
GPCR,pAC50,4049,4.387,5.2582626
GPCR,pAC50,4050,5.377,5.6131067
GPCR,pAC50,4051,4.959,5.061672
GPCR,pAC50,4052,4.678,5.907874
GPCR,pAC50,4053,5.092,6.286231
GPCR,pAC50,4054,5.658,6.92375
GPCR,pAC50,4055,5.019,5.817663
GPCR,pAC50,4056,7.194,7.14336
GPCR,pAC50,4057,5.724,6.227642
GPCR,pAC50,4058,8.284,7.6992455
GPCR,pAC50,4059,8.009,8.07192
GPCR,pAC50,4060,8.372,8.374519
GPCR,pAC50,4061,7.31,7.2770443
GPCR,pAC50,4062,6.066,6.934269
GPCR,pAC50,4063,7.022,7.1119995
GPCR,pAC50,4064,7.204,6.9457836
GPCR,pAC50,4065,6.149,5.922308
GPCR,pAC50,4066,5.26,6.6370525
GPCR,pAC50,4067,6.0,6.5084677
GPCR,pAC50,4068,8.347,7.7141533
GPCR,pAC50,4069,5.0,5.4086924
GPCR,pAC50,4070,4.638,4.4382153
GPCR,pAC50,4071,7.81,7.9078884
GPCR,pAC50,4072,7.131,7.4638853
GPCR,pAC50,4073,7.699,7.449128
GPCR,pAC50,4074,5.357,6.6665554
GPCR,pAC50,4075,6.903,6.0343885
GPCR,pAC50,4076,6.18,6.719864
GPCR,pAC50,4077,6.143,7.6732454
GPCR,pAC50,4078,7.301,7.877758
GPCR,pAC50,4079,5.189,6.45562
GPCR,pAC50,4080,6.355,6.751914
GPCR,pAC50,4081,6.125,6.063076
GPCR,pAC50,4082,7.328,6.4503565
GPCR,pAC50,4083,6.174,6.0894785
GPCR,pAC50,4084,6.921,6.8607254
GPCR,pAC50,4085,5.77,6.049074
GPCR,pAC50,4086,6.959,6.732464
GPCR,pAC50,4087,5.42,5.325858
GPCR,pAC50,4088,7.81,7.263254
GPCR,pAC50,4089,7.097,6.4874134
GPCR,pAC50,4090,8.187,8.073494
GPCR,pAC50,4091,6.268,5.569132
GPCR,pAC50,4092,7.097,6.6056433
GPCR,pAC50,4093,7.211,7.213605
GPCR,pAC50,4094,8.658,8.62939
GPCR,pAC50,4095,4.793,6.0166063
GPCR,pAC50,4096,8.699,8.455811
GPCR,pAC50,4097,7.039,6.387889
GPCR,pAC50,4098,7.824,7.88461
GPCR,pAC50,4099,8.585,7.994094
GPCR,pAC50,4100,9.398,9.044465
GPCR,pAC50,4101,6.788,6.4865255
GPCR,pAC50,4102,4.77,5.3900604
GPCR,pAC50,4103,5.0,5.305292
GPCR,pAC50,4104,4.06,4.873048
GPCR,pAC50,4105,5.458,5.9788485
GPCR,pAC50,4106,6.547,6.1612167
GPCR,pAC50,4107,5.086,5.6576653
GPCR,pAC50,4108,6.155,5.724432
GPCR,pAC50,4109,6.604,6.5788155
GPCR,pAC50,4110,8.569,8.818858
GPCR,pAC50,4111,4.873,6.0749826
GPCR,pAC50,4112,6.242,6.1276474
GPCR,pAC50,4113,6.371,6.3978643
GPCR,pAC50,4114,5.0,5.088619
GPCR,pAC50,4115,8.496,8.366884
GPCR,pAC50,4116,5.155,5.7743587
GPCR,pAC50,4117,6.678,8.564297
GPCR,pAC50,4118,8.131,8.117086
GPCR,pAC50,4119,6.523,6.011614
GPCR,pAC50,4120,6.3,6.433956
GPCR,pAC50,4121,6.42,6.8847637
GPCR,pAC50,4122,5.664,5.569132
GPCR,pAC50,4123,6.579,5.367632
GPCR,pAC50,4124,6.256,5.2013483
GPCR,pAC50,4125,5.762,6.1687737
GPCR,pAC50,4126,6.195,6.3099527
GPCR,pAC50,4127,5.792,6.3968306
GPCR,pAC50,4128,6.738,6.9768534
GPCR,pAC50,4129,5.324,6.0756407
GPCR,pAC50,4130,7.854,8.894503
GPCR,pAC50,4131,6.776,7.766881
GPCR,pAC50,4132,6.81,6.48151
GPCR,pAC50,4133,7.194,7.060157
GPCR,pAC50,4134,5.795,8.223737
GPCR,pAC50,4135,5.099,5.279436
GPCR,pAC50,4136,4.687,5.0395927
GPCR,pAC50,4137,5.072,4.574664
GPCR,pAC50,4138,4.918,4.9632397
GPCR,pAC50,4139,4.933,6.356494
GPCR,pAC50,4140,5.259,5.0277996
GPCR,pAC50,4141,5.096,5.6199884
GPCR,pAC50,4142,4.849,5.7747717
GPCR,pAC50,4143,5.258,5.045079
GPCR,pAC50,4144,4.996,5.0134974
GPCR,pAC50,4145,5.157,5.106839
GPCR,pAC50,4146,5.465,4.9648323
GPCR,pAC50,4147,4.529,4.511441
GPCR,pAC50,4148,5.337,5.069189
GPCR,pAC50,4149,4.497,4.1417894
GPCR,pAC50,4150,4.893,5.190568
GPCR,pAC50,4151,5.156,5.29399
GPCR,pAC50,4152,4.999,4.952697
GPCR,pAC50,4153,6.783,6.570304
GPCR,pAC50,4154,6.824,7.2670593
GPCR,pAC50,4155,4.921,4.9453707
GPCR,pAC50,4156,5.495,5.1976976
GPCR,pAC50,4157,8.155,7.5953712
GPCR,pAC50,4158,6.097,5.9250307
GPCR,pAC50,4159,4.523,4.7994223
GPCR,pAC50,4160,7.071,6.2091255
GPCR,pAC50,4161,6.469,6.2121067
GPCR,pAC50,4162,7.0,7.022316
GPCR,pAC50,4163,6.523,6.4923487
GPCR,pAC50,4164,4.579,5.0263233
GPCR,pAC50,4165,5.003,4.981677
GPCR,pAC50,4166,8.184,8.475712
GPCR,pAC50,4167,8.131,8.589096
GPCR,pAC50,4168,8.721,8.090615
GPCR,pAC50,4169,5.398,4.7946186
GPCR,pAC50,4170,5.169,4.5048084
GPCR,pAC50,4171,4.939,5.3362675
GPCR,pAC50,4172,7.26,7.1812973
GPCR,pAC50,4173,5.137,7.025818
GPCR,pAC50,4174,7.26,6.714937
GPCR,pAC50,4175,6.668,6.336932
GPCR,pAC50,4176,5.81,5.69592
GPCR,pAC50,4177,5.207,5.922223
GPCR,pAC50,4178,6.983,6.4855633
GPCR,pAC50,4179,6.386,6.402278
GPCR,pAC50,4180,5.865,5.657935
GPCR,pAC50,4181,5.0,4.8615274
GPCR,pAC50,4182,6.845,6.414303
GPCR,pAC50,4183,5.23,5.0927124
GPCR,pAC50,4184,5.359,5.1845255
GPCR,pAC50,4185,8.0,7.7336664
GPCR,pAC50,4186,5.763,5.8111706
GPCR,pAC50,4187,6.084,6.098916
GPCR,pAC50,4188,7.409,6.9957905
GPCR,pAC50,4189,5.559,5.529524
GPCR,pAC50,4190,7.119,7.5276117
GPCR,pAC50,4191,5.0,4.8735924
GPCR,pAC50,4192,5.0,5.795005
GPCR,pAC50,4193,5.169,4.8648233
GPCR,pAC50,4194,5.5,5.999997
GPCR,pAC50,4195,6.192,6.0831995
GPCR,pAC50,4196,8.301,8.208847
GPCR,pAC50,4197,5.125,4.79387
GPCR,pAC50,4198,8.495,8.96162
GPCR,pAC50,4199,8.658,8.368204
GPCR,pAC50,4200,8.276,8.3081045
GPCR,pAC50,4201,6.038,5.8201704
GPCR,pAC50,4202,5.081,5.6360598
GPCR,pAC50,4203,5.222,4.600033
GPCR,pAC50,4204,5.207,5.216178
GPCR,pAC50,4205,4.801,4.671583
GPCR,pAC50,4206,5.027,4.78644
GPCR,pAC50,4207,4.821,5.8205776
GPCR,pAC50,4208,4.745,5.1597815
GPCR,pAC50,4209,4.585,4.446062
GPCR,pAC50,4210,4.799,4.601101
GPCR,pAC50,4211,4.668,5.855358
GPCR,pAC50,4212,4.818,4.4315243
GPCR,pAC50,4213,5.006,4.193429
GPCR,pAC50,4214,4.775,5.515787
GPCR,pAC50,4215,4.857,4.920804
GPCR,pAC50,4216,5.223,4.6799097
GPCR,pAC50,4217,4.561,5.090123
GPCR,pAC50,4218,5.181,4.6428175
GPCR,pAC50,4219,5.07,5.3237743
GPCR,pAC50,4220,5.559,5.200341
GPCR,pAC50,4221,5.0,4.715002
GPCR,pAC50,4222,5.387,5.157318
GPCR,pAC50,4223,4.699,5.036339
GPCR,pAC50,4224,4.745,4.8761234
GPCR,pAC50,4225,8.421,5.9311695
GPCR,pAC50,4226,5.284,5.115202
GPCR,pAC50,4227,4.252,4.7865734
GPCR,pAC50,4228,4.565,4.367338
GPCR,pAC50,4229,5.177,5.2796516
GPCR,pAC50,4230,5.0,4.9389944
GPCR,pAC50,4231,4.616,4.6315393
GPCR,pAC50,4232,5.127,5.4214907
GPCR,pAC50,4233,6.398,7.063113
GPCR,pAC50,4234,4.987,5.3233385
GPCR,pAC50,4235,9.131,9.460294
GPCR,pAC50,4236,8.323,8.443136
GPCR,pAC50,4237,6.955,6.8744946
GPCR,pAC50,4238,8.284,8.040279
GPCR,pAC50,4239,5.495,5.2554913
GPCR,pAC50,4240,7.015,6.7141523
GPCR,pAC50,4241,7.733,7.678334
GPCR,pAC50,4242,5.959,5.824317
GPCR,pAC50,4243,8.488,8.589092
GPCR,pAC50,4244,6.783,6.744115
GPCR,pAC50,4245,8.114,8.882771
GPCR,pAC50,4246,7.509,8.119451
GPCR,pAC50,4247,6.301,6.4708433
GPCR,pAC50,4248,8.409,9.043436
GPCR,pAC50,4249,4.377,5.5899305
GPCR,pAC50,4250,9.0,8.853445
GPCR,pAC50,4251,8.854,8.111698
GPCR,pAC50,4252,9.222,9.194999
GPCR,pAC50,4253,9.721,9.173585
GPCR,pAC50,4254,8.824,8.7400875
GPCR,pAC50,4255,7.824,8.665812
GPCR,pAC50,4256,8.357,8.806704
GPCR,pAC50,4257,9.886,9.966253
GPCR,pAC50,4258,8.357,7.974839
GPCR,pAC50,4259,6.051,6.35913
GPCR,pAC50,4260,8.62,8.314098
GPCR,pAC50,4261,6.77,8.679209
GPCR,pAC50,4262,7.796,7.5567904
GPCR,pAC50,4263,6.432,6.609215
GPCR,pAC50,4264,7.108,7.5733747
GPCR,pAC50,4265,8.26,7.6976223
GPCR,pAC50,4266,7.222,7.5584183
GPCR,pAC50,4267,7.509,7.7418585
GPCR,pAC50,4268,7.886,8.801451
GPCR,pAC50,4269,4.824,4.448292
GPCR,pAC50,4270,8.481,8.814748
GPCR,pAC50,4271,7.092,7.3945208
GPCR,pAC50,4272,5.602,5.830326
GPCR,pAC50,4273,8.237,8.481514
GPCR,pAC50,4274,8.456,8.581043
GPCR,pAC50,4275,6.187,6.206566
GPCR,pAC50,4276,9.367,8.871883
GPCR,pAC50,4277,7.553,7.2795935
GPCR,pAC50,4278,8.0,8.121007
GPCR,pAC50,4279,8.796,9.08782
GPCR,pAC50,4280,7.62,7.661931
GPCR,pAC50,4281,5.0,5.279251
GPCR,pAC50,4282,5.876,5.1873245
GPCR,pAC50,4283,6.827,7.5745115
GPCR,pAC50,4284,5.193,5.2193136
GPCR,pAC50,4285,5.553,5.798934
GPCR,pAC50,4286,7.469,7.212476
GPCR,pAC50,4287,6.0,6.5680914
GPCR,pAC50,4288,6.027,5.53016
GPCR,pAC50,4289,6.678,7.075721
GPCR,pAC50,4290,7.022,7.6625385
GPCR,pAC50,4291,8.55,7.2797747
GPCR,pAC50,4292,8.092,6.545171
GPCR,pAC50,4293,7.398,6.9494324
GPCR,pAC50,4294,6.921,7.9160767
GPCR,pAC50,4295,6.602,6.138797
GPCR,pAC50,4296,6.102,6.733444
GPCR,pAC50,4297,6.038,6.3632936
GPCR,pAC50,4298,6.426,6.2524242
GPCR,pAC50,4299,6.55,6.3074007
GPCR,pAC50,4300,5.95,6.0666227
GPCR,pAC50,4301,7.194,7.3578386
GPCR,pAC50,4302,5.367,5.4440374
GPCR,pAC50,4303,7.013,7.13723
GPCR,pAC50,4304,7.523,6.6132345
GPCR,pAC50,4305,6.509,6.607233
GPCR,pAC50,4306,8.959,9.125361
GPCR,pAC50,4307,8.469,8.235609
GPCR,pAC50,4308,7.842,8.263845
GPCR,pAC50,4309,9.0,7.9491806
GPCR,pAC50,4310,7.0,7.8321333
GPCR,pAC50,4311,6.503,6.885627
GPCR,pAC50,4312,6.504,7.103818
GPCR,pAC50,4313,6.863,7.5193033
GPCR,pAC50,4314,6.921,7.3374386
GPCR,pAC50,4315,6.716,6.769802
GPCR,pAC50,4316,7.244,7.662653
GPCR,pAC50,4317,8.0,7.207717
GPCR,pAC50,4318,7.886,7.798462
GPCR,pAC50,4319,6.521,6.5364733
GPCR,pAC50,4320,8.229,8.105389
GPCR,pAC50,4321,6.093,5.7545547
GPCR,pAC50,4322,5.427,5.57808
GPCR,pAC50,4323,6.284,6.4359303
GPCR,pAC50,4324,6.903,7.442395
GPCR,pAC50,4325,8.102,9.4296465
GPCR,pAC50,4326,6.795,6.5153103
GPCR,pAC50,4327,8.959,8.3475685
GPCR,pAC50,4328,6.593,6.3993406
GPCR,pAC50,4329,8.721,8.593159
GPCR,pAC50,4330,8.155,8.531463
GPCR,pAC50,4331,9.699,8.691395
GPCR,pAC50,4332,6.979,7.818821
GPCR,pAC50,4333,9.347,8.531463
GPCR,pAC50,4334,9.3,8.192591
GPCR,pAC50,4335,9.921,8.5677595
GPCR,pAC50,4336,7.921,8.373124
GPCR,pAC50,4337,8.137,9.097007
GPCR,pAC50,4338,7.357,7.7631006
GPCR,pAC50,4339,6.432,6.590536
GPCR,pAC50,4340,8.244,8.493836
GPCR,pAC50,4341,7.886,8.309117
GPCR,pAC50,4342,9.509,8.610931
GPCR,pAC50,4343,9.538,9.374112
GPCR,pAC50,4344,8.409,9.00157
GPCR,pAC50,4345,8.538,8.350176
GPCR,pAC50,4346,7.207,7.72941
GPCR,pAC50,4347,7.377,7.780176
GPCR,pAC50,4348,9.357,7.6719217
GPCR,pAC50,4349,7.68,7.5423794
GPCR,pAC50,4350,7.357,7.2124214
GPCR,pAC50,4351,9.098,8.958639
GPCR,pAC50,4352,6.465,6.6246614
GPCR,pAC50,4353,6.371,6.0322227
GPCR,pAC50,4354,6.936,6.7644653
GPCR,pAC50,4355,6.967,7.336853
GPCR,pAC50,4356,8.523,8.017017
GPCR,pAC50,4357,6.569,6.985256
GPCR,pAC50,4358,9.155,8.303712
GPCR,pAC50,4359,6.801,7.8995275
GPCR,pAC50,4360,8.102,8.152489
GPCR,pAC50,4361,6.523,7.007848
GPCR,pAC50,4362,7.692,7.8886433
GPCR,pAC50,4363,6.015,7.470194
GPCR,pAC50,4364,5.854,7.470194
GPCR,pAC50,4365,6.668,6.463154
GPCR,pAC50,4366,7.893,7.3506594
GPCR,pAC50,4367,6.236,8.0181465
GPCR,pAC50,4368,6.543,6.971136
GPCR,pAC50,4369,6.244,6.5080166
GPCR,pAC50,4370,6.35,6.815198
GPCR,pAC50,4371,5.542,5.598138
GPCR,pAC50,4372,9.347,9.433343
GPCR,pAC50,4373,5.947,6.7274313
GPCR,pAC50,4374,6.62,6.721694
GPCR,pAC50,4375,8.187,8.16143
GPCR,pAC50,4376,6.824,7.4068604
GPCR,pAC50,4377,6.319,6.59367
GPCR,pAC50,4378,6.3,6.8005657
GPCR,pAC50,4379,9.6,9.094111
GPCR,pAC50,4380,9.5,8.7529125
GPCR,pAC50,4381,6.377,9.564882
GPCR,pAC50,4382,5.854,6.129389
GPCR,pAC50,4383,6.469,6.771435
GPCR,pAC50,4384,7.174,6.4154387
GPCR,pAC50,4385,7.112,6.8474417
GPCR,pAC50,4386,5.126,5.667264
GPCR,pAC50,4387,5.432,5.2843018
GPCR,pAC50,4388,7.081,7.086461
GPCR,pAC50,4389,6.208,5.7998857
GPCR,pAC50,4390,7.495,7.6908684
GPCR,pAC50,4391,5.826,5.3900146
GPCR,pAC50,4392,6.124,7.8343
GPCR,pAC50,4393,8.602,7.6676455
GPCR,pAC50,4394,7.699,6.4879885
GPCR,pAC50,4395,7.319,7.1147738
GPCR,pAC50,4396,5.993,5.8437834
GPCR,pAC50,4397,6.017,5.657799
GPCR,pAC50,4398,8.328,8.59996
GPCR,pAC50,4399,7.699,7.820445
GPCR,pAC50,4400,6.58,6.1669245
GPCR,pAC50,4401,7.0,6.4206514
GPCR,pAC50,4402,6.796,7.26425
GPCR,pAC50,4403,6.199,6.5280657
GPCR,pAC50,4404,6.559,7.3252172
GPCR,pAC50,4405,6.921,7.291398
GPCR,pAC50,4406,6.785,6.3868456
GPCR,pAC50,4407,4.88,5.0374393
GPCR,pAC50,4408,5.145,4.6111927
GPCR,pAC50,4409,5.065,4.6021996
GPCR,pAC50,4410,5.013,4.49366
GPCR,pAC50,4411,4.92,5.07893
GPCR,pAC50,4412,5.396,5.5748663
GPCR,pAC50,4413,5.256,6.910391
GPCR,pAC50,4414,5.044,5.1721478
GPCR,pAC50,4415,5.37,4.8533487
GPCR,pAC50,4416,5.158,4.9605885
GPCR,pAC50,4417,4.539,4.7357216
GPCR,pAC50,4418,5.242,4.2285614
GPCR,pAC50,4419,5.513,4.8325224
GPCR,pAC50,4420,5.156,5.422432
GPCR,pAC50,4421,5.246,4.733177
GPCR,pAC50,4422,4.452,4.390666
GPCR,pAC50,4423,4.868,4.909252
GPCR,pAC50,4424,5.267,5.640918
GPCR,pAC50,4425,5.002,4.905349
GPCR,pAC50,4426,4.493,4.2444897
GPCR,pAC50,4427,8.699,8.693484
GPCR,pAC50,4428,7.854,7.7852
GPCR,pAC50,4429,7.009,7.4497747
GPCR,pAC50,4430,6.331,5.831051
GPCR,pAC50,4431,7.292,6.9617805
GPCR,pAC50,4432,4.783,5.0078783
GPCR,pAC50,4433,5.028,5.29123
GPCR,pAC50,4434,6.73,7.178344
GPCR,pAC50,4435,7.301,7.1527586
GPCR,pAC50,4436,9.337,8.70896
GPCR,pAC50,4437,8.367,8.199625
GPCR,pAC50,4438,8.745,8.624954
GPCR,pAC50,4439,4.495,4.3191853
GPCR,pAC50,4440,8.0,8.154289
GPCR,pAC50,4441,6.66,7.5857477
GPCR,pAC50,4442,7.523,7.327076
GPCR,pAC50,4443,7.569,7.1358967
GPCR,pAC50,4444,7.377,7.1967077
GPCR,pAC50,4445,5.688,5.223627
GPCR,pAC50,4446,6.74,6.398633
GPCR,pAC50,4447,7.569,7.344612
GPCR,pAC50,4448,8.699,8.4183235
GPCR,pAC50,4449,7.721,7.2055492
GPCR,pAC50,4450,7.585,6.8019943
GPCR,pAC50,4451,7.495,7.1290684
GPCR,pAC50,4452,6.991,8.749405
GPCR,pAC50,4453,8.076,8.277852
GPCR,pAC50,4454,7.187,8.346703
GPCR,pAC50,4455,7.409,7.099888
GPCR,pAC50,4456,7.854,7.8231134
GPCR,pAC50,4457,5.555,6.2721186
GPCR,pAC50,4458,6.111,6.0499296
GPCR,pAC50,4459,6.294,5.986886
GPCR,pAC50,4460,5.773,6.613204
GPCR,pAC50,4461,6.97,7.6109133
GPCR,pAC50,4462,6.25,7.078084
GPCR,pAC50,4463,6.49,6.4642105
GPCR,pAC50,4464,5.926,6.0252495
GPCR,pAC50,4465,6.396,6.6846523
GPCR,pAC50,4466,5.0,6.1463194
GPCR,pAC50,4467,5.609,5.7919626
GPCR,pAC50,4468,5.614,7.0326796
GPCR,pAC50,4469,5.194,5.268793
GPCR,pAC50,4470,5.613,5.030163
GPCR,pAC50,4471,5.638,5.2342157
GPCR,pAC50,4472,5.189,5.199786
GPCR,pAC50,4473,5.252,5.3092957
GPCR,pAC50,4474,4.952,5.0462847
GPCR,pAC50,4475,4.889,5.0407963
GPCR,pAC50,4476,4.699,5.5566893
GPCR,pAC50,4477,4.951,4.6728745
GPCR,pAC50,4478,5.667,5.2213364
GPCR,pAC50,4479,5.663,5.818365
GPCR,pAC50,4480,5.121,4.477474
GPCR,pAC50,4481,5.137,5.825555
GPCR,pAC50,4482,6.648,6.252182
GPCR,pAC50,4483,5.703,5.4660444
GPCR,pAC50,4484,6.893,7.196088
GPCR,pAC50,4485,8.155,8.168741
GPCR,pAC50,4486,6.631,6.8428974
GPCR,pAC50,4487,6.517,6.1227274
GPCR,pAC50,4488,7.456,6.5879583
GPCR,pAC50,4489,7.553,8.18342
GPCR,pAC50,4490,8.071,7.944042
GPCR,pAC50,4491,7.347,7.9448805
GPCR,pAC50,4492,7.456,7.6147194
GPCR,pAC50,4493,7.921,7.7229156
GPCR,pAC50,4494,5.996,6.36102
GPCR,pAC50,4495,5.786,5.7694693
GPCR,pAC50,4496,5.751,6.095973
GPCR,pAC50,4497,5.558,5.7647133
GPCR,pAC50,4498,5.26,5.5669565
GPCR,pAC50,4499,6.31,6.145998
GPCR,pAC50,4500,4.26,6.2874823
GPCR,pAC50,4501,5.305,4.532852
GPCR,pAC50,4502,5.678,7.079195
GPCR,pAC50,4503,6.854,6.660001
GPCR,pAC50,4504,5.627,5.980915
GPCR,pAC50,4505,5.536,4.7371864
GPCR,pAC50,4506,7.481,7.2749567
GPCR,pAC50,4507,4.863,4.9395657
GPCR,pAC50,4508,8.638,6.263693
GPCR,pAC50,4509,7.398,7.800062
GPCR,pAC50,4510,7.194,7.0715055
GPCR,pAC50,4511,9.553,9.24726
GPCR,pAC50,4512,7.602,7.963812
GPCR,pAC50,4513,5.979,4.950162
GPCR,pAC50,4514,6.137,6.7431755
GPCR,pAC50,4515,5.04,5.541888
GPCR,pAC50,4516,4.699,4.4699764
GPCR,pAC50,4517,7.772,7.9886103
GPCR,pAC50,4518,4.779,4.962529
GPCR,pAC50,4519,6.538,6.2196503
GPCR,pAC50,4520,6.125,6.512043
GPCR,pAC50,4521,4.529,4.643587
GPCR,pAC50,4522,7.114,6.9714794
GPCR,pAC50,4523,7.456,6.5952663
GPCR,pAC50,4524,5.876,4.7371864
GPCR,pAC50,4525,5.367,6.609807
GPCR,pAC50,4526,7.169,7.267084
GPCR,pAC50,4527,7.0,7.1540823
GPCR,pAC50,4528,6.4,6.4680767
GPCR,pAC50,4529,7.497,7.2741385
GPCR,pAC50,4530,6.1,6.912156
GPCR,pAC50,4531,5.9,6.121891
GPCR,pAC50,4532,5.5,5.886674
GPCR,pAC50,4533,7.7,7.225624
GPCR,pAC50,4534,7.5,7.2252474
GPCR,pAC50,4535,6.5,5.994775
GPCR,pAC50,4536,5.206,5.410511
GPCR,pAC50,4537,6.046,6.194665
GPCR,pAC50,4538,6.155,6.498658
GPCR,pAC50,4539,4.21,5.4341774
GPCR,pAC50,4540,4.39,4.4912186
GPCR,pAC50,4541,6.93,6.2576246
GPCR,pAC50,4542,4.89,4.552889
GPCR,pAC50,4543,5.98,5.720866
GPCR,pAC50,4544,4.81,5.2949123
GPCR,pAC50,4545,6.46,5.3551884
GPCR,pAC50,4546,9.155,8.857521
GPCR,pAC50,4547,7.328,6.6240826
GPCR,pAC50,4548,9.886,6.6299477
GPCR,pAC50,4549,7.194,7.3810234
GPCR,pAC50,4550,6.79,7.2064114
GPCR,pAC50,4551,5.45,6.1027975
GPCR,pAC50,4552,6.5,6.7561436
GPCR,pAC50,4553,6.2,6.902013
GPCR,pAC50,4554,6.1,6.891444
GPCR,pAC50,4555,6.699,6.917207
GPCR,pAC50,4556,7.9,7.937893
GPCR,pAC50,4557,7.798,6.598181
GPCR,pAC50,4558,8.02,7.9681892
GPCR,pAC50,4559,5.95,6.182994
GPCR,pAC50,4560,4.11,4.490576
GPCR,pAC50,4561,6.69,6.108734
GPCR,pAC50,4562,5.0,4.187752
GPCR,pAC50,4563,5.15,5.0917625
GPCR,pAC50,4564,4.84,4.232545
GPCR,pAC50,4565,6.29,8.89545
GPCR,pAC50,4566,4.8,7.9373646
GPCR,pAC50,4567,7.208,5.8225327
GPCR,pAC50,4568,7.523,6.965849
GPCR,pAC50,4569,7.328,6.994628
GPCR,pAC50,4570,7.071,7.0081873
GPCR,pAC50,4571,5.187,5.771738
GPCR,pAC50,4572,7.0,6.6849546
GPCR,pAC50,4573,7.201,7.5480385
GPCR,pAC50,4574,7.222,7.711096
GPCR,pAC50,4575,6.921,6.929558
GPCR,pAC50,4576,7.24,7.4755154
GPCR,pAC50,4577,7.959,6.158757
GPCR,pAC50,4578,8.022,7.3073635
GPCR,pAC50,4579,7.886,8.032475
GPCR,pAC50,4580,7.886,7.861944
GPCR,pAC50,4581,7.31,7.97239
GPCR,pAC50,4582,5.796,6.2884808
GPCR,pAC50,4583,6.04,7.4815235
GPCR,pAC50,4584,4.301,5.027625
GPCR,pAC50,4585,6.0,4.788314
GPCR,pAC50,4586,6.337,6.70753
GPCR,pAC50,4587,3.609,4.70804
GPCR,pAC50,4588,4.951,4.7544537
GPCR,pAC50,4589,6.155,5.422777
GPCR,pAC50,4590,5.57,6.6980352
GPCR,pAC50,4591,5.13,5.2907343
GPCR,pAC50,4592,5.8,5.481385
GPCR,pAC50,4593,6.824,8.217718
GPCR,pAC50,4594,5.4,6.9372787
GPCR,pAC50,4595,6.1,6.82586
GPCR,pAC50,4596,6.276,6.7746096
GPCR,pAC50,4597,5.11,5.6978025
GPCR,pAC50,4598,4.95,5.810443
GPCR,pAC50,4599,5.18,5.0843744
GPCR,pAC50,4600,8.41,7.1674767
GPCR,pAC50,4601,7.32,7.490629
GPCR,pAC50,4602,7.17,6.439085
GPCR,pAC50,4603,7.726,7.6294613
GPCR,pAC50,4604,7.52,8.29245
GPCR,pAC50,4605,8.12,6.7348204
GPCR,pAC50,4606,6.43,6.257722
GPCR,pAC50,4607,5.59,5.7359333
GPCR,pAC50,4608,5.66,5.0293436
GPCR,pAC50,4609,5.13,4.4109783
GPCR,pAC50,4610,6.444,7.0897827
GPCR,pAC50,4611,6.222,6.3519154
GPCR,pAC50,4612,5.6,5.8501663
GPCR,pAC50,4613,7.854,7.67992
GPCR,pAC50,4614,6.071,6.413081
GPCR,pAC50,4615,7.046,6.9417686
GPCR,pAC50,4616,7.2,8.646246
GPCR,pAC50,4617,6.3,7.9233932
GPCR,pAC50,4618,7.4,7.879362
GPCR,pAC50,4619,7.0,6.4958115
GPCR,pAC50,4620,7.9,8.604833
GPCR,pAC50,4621,6.801,7.234832
GPCR,pAC50,4622,7.2,7.440914
GPCR,pAC50,4623,3.542,6.584692
GPCR,pAC50,4624,4.886,4.437601
GPCR,pAC50,4625,4.0,4.5904646
GPCR,pAC50,4626,4.0,4.6569586
GPCR,pAC50,4627,6.854,6.968816
GPCR,pAC50,4628,11.097,5.726466
GPCR,pAC50,4629,5.268,7.3783894
GPCR,pAC50,4630,5.569,5.362418
GPCR,pAC50,4631,6.0,7.668193
GPCR,pAC50,4632,7.33,7.935789
GPCR,pAC50,4633,8.2,7.175967
GPCR,pAC50,4634,7.893,7.7696686
GPCR,pAC50,4635,7.0,6.589196
GPCR,pAC50,4636,7.0,6.8802214
GPCR,pAC50,4637,6.36,7.234273
GPCR,pAC50,4638,8.81,8.577963
GPCR,pAC50,4639,7.8,8.778515
GPCR,pAC50,4640,6.6,7.2799454
GPCR,pAC50,4641,7.389,6.9716845
GPCR,pAC50,4642,9.46,9.5474415
GPCR,pAC50,4643,8.888,9.015861
GPCR,pAC50,4644,8.3,7.410202
GPCR,pAC50,4645,9.0,9.442829
GPCR,pAC50,4646,7.6,7.5711203
GPCR,pAC50,4647,8.6,6.6355
GPCR,pAC50,4648,5.9,5.9233856
GPCR,pAC50,4649,7.7,8.187259
GPCR,pAC50,4650,6.4,8.205881
GPCR,pAC50,4651,7.301,7.5503197
GPCR,pAC50,4652,6.5,6.5528336
GPCR,pAC50,4653,7.68,7.5441875
GPCR,pAC50,4654,7.34,7.1633806
GPCR,pAC50,4655,7.41,7.3253927
GPCR,pAC50,4656,6.54,6.2690372
GPCR,pAC50,4657,7.1,6.4770355
GPCR,pAC50,4658,8.4,8.38532
GPCR,pAC50,4659,6.2,5.756283
GPCR,pAC50,4660,6.35,6.4447727
GPCR,pAC50,4661,7.021,6.8568277
GPCR,pAC50,4662,9.699,9.581807
GPCR,pAC50,4663,9.398,10.128047
GPCR,pAC50,4664,9.222,9.464872
GPCR,pAC50,4665,8.523,8.327879
GPCR,pAC50,4666,7.699,8.509323
GPCR,pAC50,4667,7.699,7.718362
GPCR,pAC50,4668,5.066,6.9662695
GPCR,pAC50,4669,5.344,6.0022354
GPCR,pAC50,4670,6.569,6.7787743
GPCR,pAC50,4671,6.222,6.231905
GPCR,pAC50,4672,7.523,7.23999
GPCR,pAC50,4673,8.824,8.693598
GPCR,pAC50,4674,8.745,8.741988
GPCR,pAC50,4675,8.444,8.390093
GPCR,pAC50,4676,6.26,6.47351
GPCR,pAC50,4677,7.18,8.123434
GPCR,pAC50,4678,7.921,7.789567
GPCR,pAC50,4679,6.699,7.180748
GPCR,pAC50,4680,6.523,7.382146
GPCR,pAC50,4681,8.108,8.094538
GPCR,pAC50,4682,7.187,8.366677
GPCR,pAC50,4683,8.086,7.4809504
GPCR,pAC50,4684,9.046,8.619172
GPCR,pAC50,4685,7.229,7.5191565
GPCR,pAC50,4686,6.125,8.459787
GPCR,pAC50,4687,8.155,9.02075
GPCR,pAC50,4688,7.699,8.580833
GPCR,pAC50,4689,9.046,8.800167
GPCR,pAC50,4690,7.097,6.990814
GPCR,pAC50,4691,6.097,6.464676
GPCR,pAC50,4692,6.398,6.525343
GPCR,pAC50,4693,9.854,8.986517
GPCR,pAC50,4694,8.699,8.2240505
GPCR,pAC50,4695,8.921,8.587197
GPCR,pAC50,4696,7.745,8.061602
GPCR,pAC50,4697,4.398,5.2679005
GPCR,pAC50,4698,5.301,5.4644403
GPCR,pAC50,4699,5.0,5.2242556
GPCR,pAC50,4700,5.699,5.2677755
GPCR,pAC50,4701,5.699,5.542862
GPCR,pAC50,4702,5.678,5.8343325
GPCR,pAC50,4703,5.959,5.797393
GPCR,pAC50,4704,5.721,5.4858294
GPCR,pAC50,4705,5.097,5.699996
GPCR,pAC50,4706,4.222,4.4937496
GPCR,pAC50,4707,4.222,4.607854
GPCR,pAC50,4708,6.824,6.6319
GPCR,pAC50,4709,6.131,6.1762314
GPCR,pAC50,4710,6.0,5.628969
GPCR,pAC50,4711,5.745,5.302103
GPCR,pAC50,4712,6.0,5.843177
GPCR,pAC50,4713,5.046,5.2776804
GPCR,pAC50,4714,6.0,5.1768703
GPCR,pAC50,4715,6.0,6.790061
GPCR,pAC50,4716,5.678,5.6003275
GPCR,pAC50,4717,4.432,5.1080008
GPCR,pAC50,4718,5.585,6.3005
GPCR,pAC50,4719,5.032,5.50278
GPCR,pAC50,4720,5.638,5.4685698
GPCR,pAC50,4721,5.301,5.2227955
GPCR,pAC50,4722,5.699,5.6652384
GPCR,pAC50,4723,5.849,5.791874
GPCR,pAC50,4724,5.347,5.6564674
GPCR,pAC50,4725,5.921,5.742035
GPCR,pAC50,4726,5.745,5.4024916
GPCR,pAC50,4727,5.523,5.681839
GPCR,pAC50,4728,5.046,4.886201
GPCR,pAC50,4729,5.0,5.193493
GPCR,pAC50,4730,7.553,6.6532507
GPCR,pAC50,4731,6.268,6.1251326
GPCR,pAC50,4732,6.367,6.427456
GPCR,pAC50,4733,6.041,5.6021814
GPCR,pAC50,4734,6.155,6.203495
GPCR,pAC50,4735,6.538,6.574933
GPCR,pAC50,4736,6.301,6.5846195
GPCR,pAC50,4737,5.854,5.570656
GPCR,pAC50,4738,4.523,5.5104895
GPCR,pAC50,4739,5.886,6.7083673
GPCR,pAC50,4740,7.678,7.6018677
GPCR,pAC50,4741,8.357,7.78088
GPCR,pAC50,4742,7.409,7.5776167
GPCR,pAC50,4743,7.155,7.375722
GPCR,pAC50,4744,7.553,7.4725027
GPCR,pAC50,4745,6.086,5.8788023
GPCR,pAC50,4746,5.699,6.3162346
GPCR,pAC50,4747,9.146,8.58823
GPCR,pAC50,4748,8.201,7.989291
GPCR,pAC50,4749,7.658,6.816514
GPCR,pAC50,4750,7.174,7.398424
GPCR,pAC50,4751,6.824,6.93843
GPCR,pAC50,4752,8.108,7.815731
GPCR,pAC50,4753,7.886,7.639879
GPCR,pAC50,4754,7.137,7.7253265
GPCR,pAC50,4755,8.155,6.9362793
GPCR,pAC50,4756,8.921,8.828744
GPCR,pAC50,4757,8.18,8.37522
GPCR,pAC50,4758,6.0,7.199645
GPCR,pAC50,4759,6.357,6.4063272
GPCR,pAC50,4760,7.26,7.773427
GPCR,pAC50,4761,9.032,9.362989
GPCR,pAC50,4762,7.481,7.3594313
GPCR,pAC50,4763,7.658,7.981311
GPCR,pAC50,4764,7.119,6.8336945
GPCR,pAC50,4765,8.699,8.338086
GPCR,pAC50,4766,4.585,5.0577955
GPCR,pAC50,4767,4.717,4.3899
GPCR,pAC50,4768,7.102,7.5610313
GPCR,pAC50,4769,6.509,7.97186
GPCR,pAC50,4770,6.411,7.6539783
GPCR,pAC50,4771,7.456,6.365182
GPCR,pAC50,4772,6.951,6.779067
GPCR,pAC50,4773,8.222,8.063093
GPCR,pAC50,4774,8.523,9.655159
GPCR,pAC50,4775,8.222,8.600508
GPCR,pAC50,4776,8.222,8.393534
GPCR,pAC50,4777,9.638,9.887438
GPCR,pAC50,4778,8.42,8.795847
GPCR,pAC50,4779,7.638,8.597444
GPCR,pAC50,4780,9.119,9.519536
GPCR,pAC50,4781,9.222,9.700954
GPCR,pAC50,4782,6.818,6.806757
GPCR,pAC50,4783,7.721,7.6509695
GPCR,pAC50,4784,8.699,8.575047
GPCR,pAC50,4785,6.854,6.8398094
GPCR,pAC50,4786,6.409,6.403556
GPCR,pAC50,4787,8.824,8.590267
GPCR,pAC50,4788,6.62,6.8248234
GPCR,pAC50,4789,5.143,4.9788284
GPCR,pAC50,4790,8.102,8.4718075
GPCR,pAC50,4791,8.745,8.097957
GPCR,pAC50,4792,7.959,7.775714
GPCR,pAC50,4793,7.77,7.2823124
GPCR,pAC50,4794,8.745,8.695397
GPCR,pAC50,4795,6.456,5.8944607
GPCR,pAC50,4796,6.174,6.180544
GPCR,pAC50,4797,8.041,8.338373
GPCR,pAC50,4798,9.041,8.516533
GPCR,pAC50,4799,8.092,7.9298143
GPCR,pAC50,4800,9.0,7.737541
GPCR,pAC50,4801,8.959,8.123136
GPCR,pAC50,4802,8.959,7.317336
GPCR,pAC50,4803,8.237,8.333092
GPCR,pAC50,4804,6.678,7.6611633
GPCR,pAC50,4805,6.585,6.5397205
GPCR,pAC50,4806,4.896,4.678423
GPCR,pAC50,4807,6.785,6.7115507
GPCR,pAC50,4808,6.595,6.40963
GPCR,pAC50,4809,6.282,6.623208
GPCR,pAC50,4810,6.456,6.2135887
GPCR,pAC50,4811,7.444,7.2933617
GPCR,pAC50,4812,6.602,7.45208
GPCR,pAC50,4813,7.638,7.6411924
GPCR,pAC50,4814,7.328,7.11555
GPCR,pAC50,4815,7.62,7.925255
GPCR,pAC50,4816,6.174,6.0099983
GPCR,pAC50,4817,4.777,4.7831163
GPCR,pAC50,4818,8.187,8.039796
GPCR,pAC50,4819,5.215,5.963393
GPCR,pAC50,4820,5.987,6.949484
GPCR,pAC50,4821,5.991,6.434084
GPCR,pAC50,4822,4.91,5.887329
GPCR,pAC50,4823,7.252,6.165821
GPCR,pAC50,4824,5.638,6.2763023
GPCR,pAC50,4825,5.068,5.0530243
GPCR,pAC50,4826,5.301,4.9880514
GPCR,pAC50,4827,4.62,5.114191
GPCR,pAC50,4828,7.538,6.3320312
GPCR,pAC50,4829,6.081,5.866888
GPCR,pAC50,4830,5.921,6.566038
GPCR,pAC50,4831,7.481,7.9373407
GPCR,pAC50,4832,7.119,7.8817225
GPCR,pAC50,4833,8.638,8.028086
GPCR,pAC50,4834,8.377,8.767369
GPCR,pAC50,4835,9.523,9.694629
GPCR,pAC50,4836,9.046,9.407297
GPCR,pAC50,4837,9.046,9.363914
GPCR,pAC50,4838,9.097,9.556891
GPCR,pAC50,4839,9.301,9.189023
GPCR,pAC50,4840,9.222,9.366059
GPCR,pAC50,4841,9.523,9.483074
GPCR,pAC50,4842,9.523,9.110651
GPCR,pAC50,4843,9.398,9.603157
GPCR,pAC50,4844,5.699,5.305197
GPCR,pAC50,4845,8.854,8.897836
GPCR,pAC50,4846,6.137,6.362625
GPCR,pAC50,4847,5.347,5.892638
GPCR,pAC50,4848,5.42,5.5941534
GPCR,pAC50,4849,9.18,9.5247135
GPCR,pAC50,4850,9.018,9.99216
GPCR,pAC50,4851,9.046,8.5305195
GPCR,pAC50,4852,7.025,7.3052397
GPCR,pAC50,4853,6.369,6.061427
GPCR,pAC50,4854,5.319,5.029622
GPCR,pAC50,4855,5.284,5.2545176
GPCR,pAC50,4856,5.119,5.148444
GPCR,pAC50,4857,5.429,4.145293
GPCR,pAC50,4858,4.644,5.205036
GPCR,pAC50,4859,6.919,6.4895134
GPCR,pAC50,4860,5.648,5.1677933
GPCR,pAC50,4861,7.319,7.756048
GPCR,pAC50,4862,7.18,7.7634296
GPCR,pAC50,4863,8.222,7.7710266
GPCR,pAC50,4864,9.222,8.454931
GPCR,pAC50,4865,7.569,6.966281
GPCR,pAC50,4866,7.658,8.222933
GPCR,pAC50,4867,7.456,8.136452
GPCR,pAC50,4868,7.833,7.965719
GPCR,pAC50,4869,5.921,6.4348726
GPCR,pAC50,4870,7.456,7.706459
GPCR,pAC50,4871,8.174,8.182014
GPCR,pAC50,4872,6.081,5.523383
GPCR,pAC50,4873,6.0,6.3191996
GPCR,pAC50,4874,7.06,6.5156574
GPCR,pAC50,4875,5.678,5.556158
GPCR,pAC50,4876,6.244,6.653104
GPCR,pAC50,4877,5.229,5.549553
GPCR,pAC50,4878,5.053,5.241336
GPCR,pAC50,4879,4.62,4.073036
GPCR,pAC50,4880,5.481,5.6557446
GPCR,pAC50,4881,7.415,7.5813437
GPCR,pAC50,4882,5.347,5.061304
GPCR,pAC50,4883,5.398,5.7633505
GPCR,pAC50,4884,6.5,6.772237
GPCR,pAC50,4885,5.4,5.5079374
GPCR,pAC50,4886,7.6,6.8590612
GPCR,pAC50,4887,4.95,5.8157043
GPCR,pAC50,4888,6.097,5.219057
GPCR,pAC50,4889,6.721,6.664695
GPCR,pAC50,4890,5.699,6.266267
GPCR,pAC50,4891,6.387,6.3058176
GPCR,pAC50,4892,5.824,6.108839
GPCR,pAC50,4893,6.409,6.275568
GPCR,pAC50,4894,9.097,9.466616
GPCR,pAC50,4895,9.523,9.151125
GPCR,pAC50,4896,9.398,8.612036
GPCR,pAC50,4897,4.444,4.2416544
GPCR,pAC50,4898,7.456,6.9726324
GPCR,pAC50,4899,9.097,8.787359
GPCR,pAC50,4900,8.0,8.173263
GPCR,pAC50,4901,8.221,7.6729584
GPCR,pAC50,4902,6.244,7.021249
GPCR,pAC50,4903,6.523,6.893444
GPCR,pAC50,4904,6.553,6.8720665
GPCR,pAC50,4905,6.301,6.7093124
GPCR,pAC50,4906,7.798,7.5068073
GPCR,pAC50,4907,7.089,7.172414
GPCR,pAC50,4908,6.28,6.8549843
GPCR,pAC50,4909,6.95,7.09851
GPCR,pAC50,4910,7.921,6.857254
GPCR,pAC50,4911,8.256,8.239738
GPCR,pAC50,4912,6.311,6.5832424
GPCR,pAC50,4913,5.958,6.0819283
GPCR,pAC50,4914,8.613,8.224239
GPCR,pAC50,4915,7.553,5.2340174
GPCR,pAC50,4916,8.301,6.342286
GPCR,pAC50,4917,7.097,8.145557
GPCR,pAC50,4918,7.602,7.5335207
GPCR,pAC50,4919,6.602,7.871619
GPCR,pAC50,4920,9.222,8.984114
GPCR,pAC50,4921,6.252,6.8257275
GPCR,pAC50,4922,8.155,8.10334
GPCR,pAC50,4923,8.046,8.503389
GPCR,pAC50,4924,4.86,4.5184355
GPCR,pAC50,4925,9.301,8.563993
GPCR,pAC50,4926,9.432,9.192393
GPCR,pAC50,4927,6.319,6.788501
GPCR,pAC50,4928,7.602,8.394408
GPCR,pAC50,4929,6.893,7.0349827
GPCR,pAC50,4930,6.187,7.0151157
GPCR,pAC50,4931,5.562,5.8109446
GPCR,pAC50,4932,7.337,7.772949
GPCR,pAC50,4933,5.75,7.4990587
GPCR,pAC50,4934,5.772,6.360815
GPCR,pAC50,4935,6.959,8.530944
GPCR,pAC50,4936,6.762,7.765156
GPCR,pAC50,4937,6.812,7.0290203
GPCR,pAC50,4938,8.097,7.899659
GPCR,pAC50,4939,6.921,6.8003025
GPCR,pAC50,4940,8.301,8.523928
GPCR,pAC50,4941,7.509,7.5532227
GPCR,pAC50,4942,6.745,6.6428223
GPCR,pAC50,4943,5.585,6.2439957
GPCR,pAC50,4944,5.301,5.4877663
GPCR,pAC50,4945,5.301,5.8225737
GPCR,pAC50,4946,5.469,4.720195
GPCR,pAC50,4947,9.469,9.307674
GPCR,pAC50,4948,6.903,6.813198
GPCR,pAC50,4949,10.398,10.450795
GPCR,pAC50,4950,9.854,10.188774
GPCR,pAC50,4951,9.959,9.812569
GPCR,pAC50,4952,8.582,9.958112
GPCR,pAC50,4953,10.222,10.755465
GPCR,pAC50,4954,6.398,6.2756653
GPCR,pAC50,4955,5.367,5.0082026
GPCR,pAC50,4956,4.229,4.315357
GPCR,pAC50,4957,4.237,4.122801
GPCR,pAC50,4958,4.585,5.087714
GPCR,pAC50,4959,5.102,4.7760572
GPCR,pAC50,4960,5.284,5.374278
GPCR,pAC50,4961,5.027,5.304615
GPCR,pAC50,4962,6.352,5.5807257
GPCR,pAC50,4963,5.276,5.505679
GPCR,pAC50,4964,6.046,6.35835
GPCR,pAC50,4965,6.523,6.1482763
GPCR,pAC50,4966,5.62,5.4955044
GPCR,pAC50,4967,5.959,6.253793
GPCR,pAC50,4968,7.745,8.228531
GPCR,pAC50,4969,7.699,8.465315
GPCR,pAC50,4970,6.081,6.076234
GPCR,pAC50,4971,7.585,7.803334
GPCR,pAC50,4972,4.87,5.7701645
GPCR,pAC50,4973,4.549,5.610936
GPCR,pAC50,4974,6.222,5.9408913
GPCR,pAC50,4975,7.318,7.607094
GPCR,pAC50,4976,7.399,6.788123
GPCR,pAC50,4977,7.167,7.128849
GPCR,pAC50,4978,7.668,7.4801626
GPCR,pAC50,4979,5.109,5.148718
GPCR,pAC50,4980,5.252,5.4717245
GPCR,pAC50,4981,7.078,7.6204433
GPCR,pAC50,4982,7.807,7.622238
GPCR,pAC50,4983,7.153,7.1394997
GPCR,pAC50,4984,7.618,7.9229946
GPCR,pAC50,4985,7.65,7.2805433
GPCR,pAC50,4986,7.304,7.8994484
GPCR,pAC50,4987,7.81,7.929532
GPCR,pAC50,4988,6.735,6.6788406
GPCR,pAC50,4989,6.148,6.4770346
GPCR,pAC50,4990,8.42,7.6962605
GPCR,pAC50,4991,4.996,4.4603252
GPCR,pAC50,4992,5.084,4.413021
GPCR,pAC50,4993,4.914,4.7318687
GPCR,pAC50,4994,4.775,4.5782356
GPCR,pAC50,4995,4.812,4.585717
GPCR,pAC50,4996,7.495,6.896558
GPCR,pAC50,4997,6.53,5.98629
GPCR,pAC50,4998,6.044,5.699416
GPCR,pAC50,4999,6.23,6.706707
GPCR,pAC50,5000,5.854,6.4793167
GPCR,pAC50,5001,6.738,6.4117126
GPCR,pAC50,5002,5.292,6.8069153
GPCR,pAC50,5003,6.319,6.5248404
GPCR,pAC50,5004,7.638,7.488924
GPCR,pAC50,5005,6.276,6.3504944
GPCR,pAC50,5006,7.678,7.5706625
GPCR,pAC50,5007,7.377,7.316389
GPCR,pAC50,5008,5.252,5.6021204
GPCR,pAC50,5009,5.247,4.9380636
GPCR,pAC50,5010,6.987,7.7526293
GPCR,pAC50,5011,7.092,7.4938726
GPCR,pAC50,5012,6.059,6.816839
GPCR,pAC50,5013,6.237,6.394762
GPCR,pAC50,5014,5.553,6.504472
GPCR,pAC50,5015,4.619,4.0748253
GPCR,pAC50,5016,4.932,5.2824306
GPCR,pAC50,5017,5.029,4.928568
GPCR,pAC50,5018,5.167,6.2444534
GPCR,pAC50,5019,5.983,5.8657665
GPCR,pAC50,5020,6.699,6.281003
GPCR,pAC50,5021,5.886,6.0108423
GPCR,pAC50,5022,4.527,4.75842
GPCR,pAC50,5023,4.319,4.444316
GPCR,pAC50,5024,4.479,4.2617083
GPCR,pAC50,5025,6.076,6.3743544
GPCR,pAC50,5026,6.569,6.1602182
GPCR,pAC50,5027,6.009,6.359091
GPCR,pAC50,5028,6.208,6.4137697
GPCR,pAC50,5029,7.801,7.1106157
GPCR,pAC50,5030,8.208,7.928982
GPCR,pAC50,5031,6.638,6.448949
GPCR,pAC50,5032,9.921,9.149074
GPCR,pAC50,5033,5.721,5.8423653
GPCR,pAC50,5034,6.678,7.285756
GPCR,pAC50,5035,5.119,5.565876
GPCR,pAC50,5036,4.319,6.0957804
GPCR,pAC50,5037,5.409,6.7014523
GPCR,pAC50,5038,7.796,8.038882
GPCR,pAC50,5039,7.0,7.38076
GPCR,pAC50,5040,7.301,7.039586
GPCR,pAC50,5041,6.036,6.8502684
GPCR,pAC50,5042,5.47,5.4297647
GPCR,pAC50,5043,6.663,6.9985075
GPCR,pAC50,5044,9.699,8.835054
GPCR,pAC50,5045,6.569,6.346879
GPCR,pAC50,5046,7.991,8.1991825
GPCR,pAC50,5047,7.625,8.00096
GPCR,pAC50,5048,8.509,8.204695
GPCR,pAC50,5049,8.409,7.7011433
GPCR,pAC50,5050,5.403,6.300229
GPCR,pAC50,5051,5.416,6.743945
GPCR,pAC50,5052,8.602,8.607582
GPCR,pAC50,5053,8.041,7.994463
GPCR,pAC50,5054,8.131,8.1122265
GPCR,pAC50,5055,7.767,7.2820435
GPCR,pAC50,5056,8.337,8.017826
GPCR,pAC50,5057,8.187,8.429239
GPCR,pAC50,5058,8.174,7.763397
GPCR,pAC50,5059,7.724,7.4791565
GPCR,pAC50,5060,6.219,6.2848063
GPCR,pAC50,5061,7.721,7.2903814
GPCR,pAC50,5062,8.18,8.245459
GPCR,pAC50,5063,8.409,7.926029
GPCR,pAC50,5064,8.252,8.283007
GPCR,pAC50,5065,5.699,6.721814
GPCR,pAC50,5066,7.456,7.6062136
GPCR,pAC50,5067,6.754,6.437107
GPCR,pAC50,5068,6.73,6.81594
GPCR,pAC50,5069,7.745,7.9455156
GPCR,pAC50,5070,6.69,7.601225
GPCR,pAC50,5071,6.78,6.580064
GPCR,pAC50,5072,9.097,9.759659
GPCR,pAC50,5073,10.187,12.151005
GPCR,pAC50,5074,6.824,7.8990126
GPCR,pAC50,5075,8.658,9.260769
GPCR,pAC50,5076,10.0,10.985952
GPCR,pAC50,5077,7.658,7.665039
GPCR,pAC50,5078,5.824,5.686611
GPCR,pAC50,5079,5.131,5.0329094
GPCR,pAC50,5080,5.456,5.339114
GPCR,pAC50,5081,6.235,6.480749
GPCR,pAC50,5082,6.854,7.493355
GPCR,pAC50,5083,5.979,6.53189
GPCR,pAC50,5084,6.312,5.8683157
GPCR,pAC50,5085,9.77,9.107225
GPCR,pAC50,5086,9.921,9.761149
GPCR,pAC50,5087,7.523,7.689494
GPCR,pAC50,5088,7.344,7.7574673
GPCR,pAC50,5089,5.721,6.467654
GPCR,pAC50,5090,9.538,9.919014
GPCR,pAC50,5091,9.538,9.960604
GPCR,pAC50,5092,7.011,7.335491
GPCR,pAC50,5093,6.975,6.2801456
GPCR,pAC50,5094,6.46,6.2138863
GPCR,pAC50,5095,9.0,8.514683
GPCR,pAC50,5096,8.601,6.8560095
GPCR,pAC50,5097,5.1,5.2596025
GPCR,pAC50,5098,6.2,6.351798
GPCR,pAC50,5099,5.553,6.457121
GPCR,pAC50,5100,5.444,5.424982
GPCR,pAC50,5101,6.032,5.4914274
GPCR,pAC50,5102,5.745,5.3722334
GPCR,pAC50,5103,5.42,5.243412
GPCR,pAC50,5104,4.16,4.6330023
GPCR,pAC50,5105,4.81,5.1316233
GPCR,pAC50,5106,8.403,8.561047
GPCR,pAC50,5107,8.215,8.43799
GPCR,pAC50,5108,8.086,8.489967
GPCR,pAC50,5109,8.092,8.846461
GPCR,pAC50,5110,7.208,7.6708508
GPCR,pAC50,5111,7.42,7.5311794
GPCR,pAC50,5112,6.81,6.8603477
GPCR,pAC50,5113,7.959,7.6926527
GPCR,pAC50,5114,8.046,8.4056015
GPCR,pAC50,5115,8.553,8.075574
GPCR,pAC50,5116,7.638,8.238463
GPCR,pAC50,5117,7.511,7.6217403
GPCR,pAC50,5118,9.796,9.72288
GPCR,pAC50,5119,7.319,8.9729
GPCR,pAC50,5120,5.523,5.8358097
GPCR,pAC50,5121,4.222,4.241417
GPCR,pAC50,5122,5.097,5.269972
GPCR,pAC50,5123,4.721,5.007538
GPCR,pAC50,5124,4.854,5.309022
GPCR,pAC50,5125,4.602,4.512718
GPCR,pAC50,5126,4.119,3.8847697
GPCR,pAC50,5127,5.959,5.55816
GPCR,pAC50,5128,6.022,6.2110386
GPCR,pAC50,5129,8.208,8.653294
GPCR,pAC50,5130,8.202,8.644829
GPCR,pAC50,5131,6.305,6.2943144
GPCR,pAC50,5132,6.17,7.686453
GPCR,pAC50,5133,7.925,8.356412
GPCR,pAC50,5134,7.319,7.733157
GPCR,pAC50,5135,7.775,7.7584753
GPCR,pAC50,5136,5.854,5.1705
GPCR,pAC50,5137,6.174,5.5899296
GPCR,pAC50,5138,6.685,7.4954033
GPCR,pAC50,5139,8.979,9.412263
GPCR,pAC50,5140,7.301,5.898384
GPCR,pAC50,5141,5.998,6.387746
GPCR,pAC50,5142,8.18,7.99034
GPCR,pAC50,5143,8.553,7.7317877
GPCR,pAC50,5144,9.0,7.5169334
GPCR,pAC50,5145,8.218,7.255081
GPCR,pAC50,5146,6.8,6.678114
GPCR,pAC50,5147,6.0,7.2014017
GPCR,pAC50,5148,4.8,5.643853
GPCR,pAC50,5149,5.7,5.94963
GPCR,pAC50,5150,5.2,6.127323
GPCR,pAC50,5151,6.3,6.512658
GPCR,pAC50,5152,7.7,8.221225
GPCR,pAC50,5153,5.8,6.766468
GPCR,pAC50,5154,8.5,8.425474
GPCR,pAC50,5155,6.2,9.443516
GPCR,pAC50,5156,7.1,7.5863047
GPCR,pAC50,5157,4.0,6.038433
GPCR,pAC50,5158,7.7,6.910267
GPCR,pAC50,5159,8.638,8.056891
GPCR,pAC50,5160,7.222,7.1597643
GPCR,pAC50,5161,10.0,9.038675
GPCR,pAC50,5162,7.0,6.9256487
GPCR,pAC50,5163,5.0,6.03318
GPCR,pAC50,5164,6.456,6.0243597
GPCR,pAC50,5165,6.238,7.0052195
GPCR,pAC50,5166,6.523,6.9515123
GPCR,pAC50,5167,5.541,6.5154476
GPCR,pAC50,5168,4.856,5.223564
GPCR,pAC50,5169,7.509,7.3017473
GPCR,pAC50,5170,5.484,5.71152
GPCR,pAC50,5171,6.959,6.6771803
GPCR,pAC50,5172,5.357,5.499919
GPCR,pAC50,5173,6.161,6.452306
GPCR,pAC50,5174,5.721,6.0454636
GPCR,pAC50,5175,6.266,7.6279964
GPCR,pAC50,5176,6.91,6.697361
GPCR,pAC50,5177,6.824,6.6934614
GPCR,pAC50,5178,7.097,7.886634
GPCR,pAC50,5179,6.0,6.9382067
GPCR,pAC50,5180,6.842,7.3722954
GPCR,pAC50,5181,7.127,8.897533
GPCR,pAC50,5182,7.745,7.8381453
GPCR,pAC50,5183,7.523,7.6925745
GPCR,pAC50,5184,7.796,7.649247
GPCR,pAC50,5185,6.213,6.564747
GPCR,pAC50,5186,6.886,6.60569
GPCR,pAC50,5187,8.854,8.638502
GPCR,pAC50,5188,4.77,5.989002
GPCR,pAC50,5189,7.516,8.110712
GPCR,pAC50,5190,4.013,5.8492546
GPCR,pAC50,5191,5.83,5.7100697
GPCR,pAC50,5192,6.53,5.7780733
GPCR,pAC50,5193,5.398,6.1238604
GPCR,pAC50,5194,7.046,7.102599
GPCR,pAC50,5195,7.886,7.9508724
GPCR,pAC50,5196,4.881,5.469556
GPCR,pAC50,5197,7.481,7.386677
GPCR,pAC50,5198,5.75,6.502981
GPCR,pAC50,5199,4.78,5.160675
GPCR,pAC50,5200,5.395,5.7406263
GPCR,pAC50,5201,4.373,4.8413353
GPCR,pAC50,5202,5.654,5.508213
GPCR,pAC50,5203,7.658,7.459836
GPCR,pAC50,5204,6.974,7.503418
GPCR,pAC50,5205,7.184,7.1773596
GPCR,pAC50,5206,5.03,5.279358
GPCR,pAC50,5207,4.699,5.1186514
GPCR,pAC50,5208,7.152,7.9299583
GPCR,pAC50,5209,6.959,7.430691
GPCR,pAC50,5210,5.163,4.778879
GPCR,pAC50,5211,7.063,6.653867
GPCR,pAC50,5212,6.398,6.757745
GPCR,pAC50,5213,6.675,6.3097105
GPCR,pAC50,5214,8.328,7.399149
GPCR,pAC50,5215,9.0,8.862179
GPCR,pAC50,5216,4.984,5.376996
GPCR,pAC50,5217,6.587,6.4262724
GPCR,pAC50,5218,6.247,6.398115
GPCR,pAC50,5219,6.325,6.5683813
GPCR,pAC50,5220,5.35,4.6030207
GPCR,pAC50,5221,5.38,5.364669
GPCR,pAC50,5222,7.237,6.955325
GPCR,pAC50,5223,6.628,7.0633526
GPCR,pAC50,5224,6.564,6.842202
GPCR,pAC50,5225,4.889,4.9088106
GPCR,pAC50,5226,7.776,5.33031
GPCR,pAC50,5227,5.83,5.647358
GPCR,pAC50,5228,6.108,5.9236135
GPCR,pAC50,5229,5.804,6.0027704
GPCR,pAC50,5230,4.159,4.6310225
GPCR,pAC50,5231,4.682,4.7696257
GPCR,pAC50,5232,4.227,5.138133
GPCR,pAC50,5233,5.559,5.288826
GPCR,pAC50,5234,7.28,7.1641636
GPCR,pAC50,5235,7.683,7.4466953
GPCR,pAC50,5236,6.346,6.6519794
GPCR,pAC50,5237,5.791,4.9972944
GPCR,pAC50,5238,6.521,5.8143663
GPCR,pAC50,5239,4.574,4.952879
GPCR,pAC50,5240,7.222,7.8078003
GPCR,pAC50,5241,6.818,6.8429184
GPCR,pAC50,5242,7.403,7.518059
GPCR,pAC50,5243,8.26,8.688845
GPCR,pAC50,5244,9.102,9.299906
GPCR,pAC50,5245,9.658,9.693426
GPCR,pAC50,5246,9.222,8.747111
GPCR,pAC50,5247,9.854,9.519227
GPCR,pAC50,5248,9.854,9.1901455
GPCR,pAC50,5249,7.018,8.3555975
GPCR,pAC50,5250,6.967,6.411294
GPCR,pAC50,5251,7.686,7.5362034
GPCR,pAC50,5252,6.779,7.662401
GPCR,pAC50,5253,7.301,6.742485
GPCR,pAC50,5254,8.167,8.280646
GPCR,pAC50,5255,6.991,6.693984
GPCR,pAC50,5256,5.183,5.7215824
GPCR,pAC50,5257,7.252,6.955909
GPCR,pAC50,5258,9.377,8.944716
GPCR,pAC50,5259,6.775,7.44083
GPCR,pAC50,5260,5.658,5.722641
GPCR,pAC50,5261,7.387,7.757207
GPCR,pAC50,5262,5.456,5.5731764
GPCR,pAC50,5263,8.569,8.021523
GPCR,pAC50,5264,7.26,6.943695
GPCR,pAC50,5265,8.046,7.845111
GPCR,pAC50,5266,8.159,8.25429
GPCR,pAC50,5267,5.077,5.1837616
GPCR,pAC50,5268,5.962,5.8115683
GPCR,pAC50,5269,6.799,6.5148096
GPCR,pAC50,5270,6.738,5.9674673
GPCR,pAC50,5271,7.284,7.33782
GPCR,pAC50,5272,8.963,8.519308
GPCR,pAC50,5273,8.428,7.762535
GPCR,pAC50,5274,8.879,7.6702576
GPCR,pAC50,5275,7.796,7.7196093
GPCR,pAC50,5276,8.26,7.511551
GPCR,pAC50,5277,7.77,7.926835
GPCR,pAC50,5278,5.071,4.852397
GPCR,pAC50,5279,5.724,6.2632236
GPCR,pAC50,5280,9.854,9.11629
GPCR,pAC50,5281,4.523,4.7096357
GPCR,pAC50,5282,6.0,6.029645
GPCR,pAC50,5283,5.319,5.1359577
GPCR,pAC50,5284,5.444,5.444376
GPCR,pAC50,5285,5.276,4.963976
GPCR,pAC50,5286,5.602,5.1400375
GPCR,pAC50,5287,6.301,6.4888783
GPCR,pAC50,5288,7.833,8.094849
GPCR,pAC50,5289,7.926,8.0538025
GPCR,pAC50,5290,8.469,9.281149
GPCR,pAC50,5291,9.602,9.669563
GPCR,pAC50,5292,9.523,9.459591
GPCR,pAC50,5293,8.464,8.446032
GPCR,pAC50,5294,9.57,8.542113
GPCR,pAC50,5295,6.87,7.8951883
GPCR,pAC50,5296,7.959,8.142421
GPCR,pAC50,5297,8.046,7.196355
GPCR,pAC50,5298,7.824,7.2628193
GPCR,pAC50,5299,5.032,4.9208403
GPCR,pAC50,5300,8.304,7.9732294
GPCR,pAC50,5301,5.719,6.2678013
GPCR,pAC50,5302,6.996,6.8992968
GPCR,pAC50,5303,5.45,5.2212486
GPCR,pAC50,5304,6.569,7.0183907
GPCR,pAC50,5305,6.004,5.3604345
GPCR,pAC50,5306,7.699,6.5599737
GPCR,pAC50,5307,5.309,5.347993
GPCR,pAC50,5308,6.291,6.4093056
GPCR,pAC50,5309,6.569,6.73479
GPCR,pAC50,5310,5.839,5.9619436
GPCR,pAC50,5311,8.824,6.4340343
GPCR,pAC50,5312,6.493,7.520323
GPCR,pAC50,5313,5.729,5.9970827
GPCR,pAC50,5314,8.26,7.8115997
GPCR,pAC50,5315,5.16,4.4943266
GPCR,pAC50,5316,6.481,7.3832617
GPCR,pAC50,5317,6.33,7.3727026
GPCR,pAC50,5318,6.377,6.327738
GPCR,pAC50,5319,5.511,5.518675
GPCR,pAC50,5320,5.565,5.3163757
GPCR,pAC50,5321,9.177,9.096808
GPCR,pAC50,5322,9.004,10.068763
GPCR,pAC50,5323,8.627,8.015363
GPCR,pAC50,5324,8.386,7.628705
GPCR,pAC50,5325,8.545,8.885126
GPCR,pAC50,5326,7.038,6.909789
GPCR,pAC50,5327,5.735,6.2900743
GPCR,pAC50,5328,5.851,5.603671
GPCR,pAC50,5329,5.147,5.058195
GPCR,pAC50,5330,5.963,5.3011913
GPCR,pAC50,5331,5.851,5.752733
GPCR,pAC50,5332,9.009,8.65068
GPCR,pAC50,5333,8.125,8.396618
GPCR,pAC50,5334,7.575,7.379035
GPCR,pAC50,5335,5.72,6.653804
GPCR,pAC50,5336,5.763,5.9308662
GPCR,pAC50,5337,5.538,5.794983
GPCR,pAC50,5338,5.054,4.294919
GPCR,pAC50,5339,5.252,5.3532295
GPCR,pAC50,5340,6.3,6.2274694
GPCR,pAC50,5341,7.967,9.324363
GPCR,pAC50,5342,8.886,7.542407
GPCR,pAC50,5343,7.824,7.9871626
GPCR,pAC50,5344,5.553,5.215536
GPCR,pAC50,5345,5.157,6.1763096
GPCR,pAC50,5346,6.11,5.626459
GPCR,pAC50,5347,5.831,5.77188
GPCR,pAC50,5348,5.528,5.377699
GPCR,pAC50,5349,5.315,5.3584576
GPCR,pAC50,5350,5.264,5.2235537
GPCR,pAC50,5351,9.469,9.036933
GPCR,pAC50,5352,8.721,8.992023
GPCR,pAC50,5353,9.699,7.162219
GPCR,pAC50,5354,5.564,5.7651224
GPCR,pAC50,5355,5.712,5.4304304
GPCR,pAC50,5356,6.752,8.047062
GPCR,pAC50,5357,6.975,7.556988
GPCR,pAC50,5358,7.745,7.2969713
GPCR,pAC50,5359,3.222,3.6663725
GPCR,pAC50,5360,5.569,5.8460684
GPCR,pAC50,5361,6.506,6.4104795
GPCR,pAC50,5362,5.703,6.5876894
GPCR,pAC50,5363,8.886,9.013529
GPCR,pAC50,5364,8.218,8.233381
GPCR,pAC50,5365,8.42,8.335005
GPCR,pAC50,5366,7.87,7.7944946
GPCR,pAC50,5367,6.638,6.7267227
GPCR,pAC50,5368,5.022,7.3737335
GPCR,pAC50,5369,5.785,5.280692
GPCR,pAC50,5370,6.092,6.3126535
GPCR,pAC50,5371,5.77,5.3867836
GPCR,pAC50,5372,6.032,6.4428196
GPCR,pAC50,5373,6.137,5.1836185
GPCR,pAC50,5374,6.62,6.211547
GPCR,pAC50,5375,6.102,6.97709
GPCR,pAC50,5376,5.025,5.852045
GPCR,pAC50,5377,7.222,5.764721
GPCR,pAC50,5378,6.886,6.78485
GPCR,pAC50,5379,6.886,5.9130955
GPCR,pAC50,5380,5.216,5.0555525
GPCR,pAC50,5381,5.209,4.9306
GPCR,pAC50,5382,6.187,5.7268076
GPCR,pAC50,5383,6.658,7.362259
GPCR,pAC50,5384,6.444,5.642766
GPCR,pAC50,5385,6.848,6.632269
GPCR,pAC50,5386,4.77,5.1408176
GPCR,pAC50,5387,9.187,9.368373
GPCR,pAC50,5388,7.078,6.4880886
GPCR,pAC50,5389,7.796,6.733775
GPCR,pAC50,5390,5.539,5.6057863
GPCR,pAC50,5391,7.796,6.457884
GPCR,pAC50,5392,6.967,6.6448574
GPCR,pAC50,5393,6.772,8.860042
GPCR,pAC50,5394,6.658,6.752266
GPCR,pAC50,5395,6.699,6.5478334
GPCR,pAC50,5396,8.301,8.192139
GPCR,pAC50,5397,7.301,7.9724503
GPCR,pAC50,5398,7.097,7.52046
GPCR,pAC50,5399,8.699,7.9480476
GPCR,pAC50,5400,7.301,7.706337
GPCR,pAC50,5401,6.26,6.8121395
GPCR,pAC50,5402,8.523,8.14735
GPCR,pAC50,5403,7.602,7.9079437
GPCR,pAC50,5404,8.046,7.8191996
GPCR,pAC50,5405,6.155,7.32267
GPCR,pAC50,5406,7.0,6.7140684
GPCR,pAC50,5407,8.0,6.8849545
GPCR,pAC50,5408,7.523,7.9995775
GPCR,pAC50,5409,6.0,6.686099
GPCR,pAC50,5410,6.959,6.749913
GPCR,pAC50,5411,6.921,6.806638
GPCR,pAC50,5412,4.429,4.855278
GPCR,pAC50,5413,5.398,5.134405
GPCR,pAC50,5414,5.036,6.3003016
GPCR,pAC50,5415,6.721,7.176487
GPCR,pAC50,5416,6.602,6.669009
GPCR,pAC50,5417,6.456,6.7307014
GPCR,pAC50,5418,5.301,5.406953
GPCR,pAC50,5419,7.409,7.648246
GPCR,pAC50,5420,7.347,7.862383
GPCR,pAC50,5421,6.545,8.909557
GPCR,pAC50,5422,7.699,8.003427
GPCR,pAC50,5423,4.377,5.0635605
GPCR,pAC50,5424,5.846,6.487754
GPCR,pAC50,5425,7.046,6.799755
GPCR,pAC50,5426,6.155,6.150387
GPCR,pAC50,5427,5.745,5.7996397
GPCR,pAC50,5428,8.523,8.352615
GPCR,pAC50,5429,8.046,6.795001
GPCR,pAC50,5430,6.5,6.618842
GPCR,pAC50,5431,6.0,5.9075346
GPCR,pAC50,5432,6.0,5.9852734
GPCR,pAC50,5433,6.0,5.8043423
GPCR,pAC50,5434,6.368,7.173912
GPCR,pAC50,5435,6.706,7.805462
GPCR,pAC50,5436,6.117,6.521185
GPCR,pAC50,5437,5.94,5.951845
GPCR,pAC50,5438,6.28,6.6393547
GPCR,pAC50,5439,5.953,6.1160507
GPCR,pAC50,5440,6.0,5.916622
GPCR,pAC50,5441,6.0,6.327688
GPCR,pAC50,5442,6.0,5.960148
GPCR,pAC50,5443,6.0,5.783265
GPCR,pAC50,5444,5.775,6.852435
GPCR,pAC50,5445,5.975,7.100456
GPCR,pAC50,5446,7.961,8.294945
GPCR,pAC50,5447,6.321,6.8951902
GPCR,pAC50,5448,7.004,7.109996
GPCR,pAC50,5449,7.46,7.9506655
GPCR,pAC50,5450,6.304,6.4479246
GPCR,pAC50,5451,7.4,7.2924175
GPCR,pAC50,5452,6.251,7.0146217
GPCR,pAC50,5453,6.387,6.9251356
GPCR,pAC50,5454,7.54,7.432391
GPCR,pAC50,5455,6.538,5.890568
GPCR,pAC50,5456,7.258,6.9184895
GPCR,pAC50,5457,8.7,8.837656
GPCR,pAC50,5458,8.81,8.999933
GPCR,pAC50,5459,8.678,8.927477
GPCR,pAC50,5460,6.212,6.192334
GPCR,pAC50,5461,6.686,6.9812603
GPCR,pAC50,5462,6.339,7.8426123
GPCR,pAC50,5463,7.399,7.9975367
GPCR,pAC50,5464,6.9,7.5823736
GPCR,pAC50,5465,6.5,7.4997787
GPCR,pAC50,5466,7.854,7.5642643
GPCR,pAC50,5467,7.523,8.781723
GPCR,pAC50,5468,9.886,9.704096
GPCR,pAC50,5469,9.854,9.885859
GPCR,pAC50,5470,5.221,5.3320303
GPCR,pAC50,5471,5.369,5.9151134
GPCR,pAC50,5472,6.573,7.1745567
GPCR,pAC50,5473,5.986,6.7990227
GPCR,pAC50,5474,9.221,8.798283
GPCR,pAC50,5475,8.301,8.440298
GPCR,pAC50,5476,7.06,6.9974213
GPCR,pAC50,5477,7.122,7.0936356
GPCR,pAC50,5478,7.959,9.839225
GPCR,pAC50,5479,7.114,8.271217
GPCR,pAC50,5480,7.26,7.3136673
GPCR,pAC50,5481,11.77,8.81298
GPCR,pAC50,5482,8.77,8.508003
GPCR,pAC50,5483,8.538,8.721582
GPCR,pAC50,5484,8.137,8.873114
GPCR,pAC50,5485,8.62,7.5936337
GPCR,pAC50,5486,6.783,7.008156
GPCR,pAC50,5487,5.722,5.61578
GPCR,pAC50,5488,7.169,7.6054945
GPCR,pAC50,5489,6.738,7.048253
GPCR,pAC50,5490,7.62,7.4526224
GPCR,pAC50,5491,7.523,7.277643
GPCR,pAC50,5492,9.288,9.482409
GPCR,pAC50,5493,6.086,6.097204
GPCR,pAC50,5494,9.721,9.841536
GPCR,pAC50,5495,9.678,9.772024
GPCR,pAC50,5496,7.469,7.8258553
GPCR,pAC50,5497,8.222,8.699305
GPCR,pAC50,5498,6.959,5.861682
GPCR,pAC50,5499,8.076,8.189102
GPCR,pAC50,5500,8.699,8.186628
GPCR,pAC50,5501,7.66,7.342664
GPCR,pAC50,5502,9.208,9.119935
GPCR,pAC50,5503,9.538,9.238142
GPCR,pAC50,5504,5.43,5.139353
GPCR,pAC50,5505,7.497,6.4705906
GPCR,pAC50,5506,5.9,6.538534
GPCR,pAC50,5507,6.9,6.6875334
GPCR,pAC50,5508,6.5,6.5838594
GPCR,pAC50,5509,5.9,6.1241255
GPCR,pAC50,5510,8.699,7.8718834
GPCR,pAC50,5511,8.886,8.524612
GPCR,pAC50,5512,6.071,5.8768167
GPCR,pAC50,5513,8.367,7.0669518
GPCR,pAC50,5514,8.745,8.4316845
GPCR,pAC50,5515,8.538,8.695017
GPCR,pAC50,5516,6.955,7.638774
GPCR,pAC50,5517,8.18,8.524881
GPCR,pAC50,5518,7.796,7.8140507
GPCR,pAC50,5519,7.553,7.237547
GPCR,pAC50,5520,5.754,5.5326567
GPCR,pAC50,5521,5.284,5.82829
GPCR,pAC50,5522,5.155,5.410328
GPCR,pAC50,5523,8.569,7.5275993
GPCR,pAC50,5524,7.367,7.0148096
GPCR,pAC50,5525,7.721,8.331182
GPCR,pAC50,5526,8.0,7.5645924
GPCR,pAC50,5527,7.959,8.025249
GPCR,pAC50,5528,8.046,7.122959
GPCR,pAC50,5529,6.854,6.650487
GPCR,pAC50,5530,7.745,8.113176
GPCR,pAC50,5531,7.469,7.612425
GPCR,pAC50,5532,7.721,6.892086
GPCR,pAC50,5533,7.097,6.949333
GPCR,pAC50,5534,9.0,8.403323
GPCR,pAC50,5535,8.097,7.3013563
GPCR,pAC50,5536,9.699,7.87304
GPCR,pAC50,5537,7.155,6.493799
GPCR,pAC50,5538,5.932,5.5552044
GPCR,pAC50,5539,7.276,7.572551
GPCR,pAC50,5540,8.523,8.055499
GPCR,pAC50,5541,5.523,5.534032
GPCR,pAC50,5542,5.921,5.4819508
GPCR,pAC50,5543,6.569,6.255394
GPCR,pAC50,5544,7.699,6.8097506
GPCR,pAC50,5545,8.222,8.647098
GPCR,pAC50,5546,8.0,8.011001
GPCR,pAC50,5547,7.699,8.3239
GPCR,pAC50,5548,7.721,8.270166
GPCR,pAC50,5549,3.979,4.0496197
GPCR,pAC50,5550,6.108,5.9603205
GPCR,pAC50,5551,7.064,7.053252
GPCR,pAC50,5552,7.209,7.4816856
GPCR,pAC50,5553,8.32,8.623465
GPCR,pAC50,5554,7.31,8.331437
GPCR,pAC50,5555,5.377,5.606798
GPCR,pAC50,5556,7.475,7.783145
GPCR,pAC50,5557,8.658,8.6692705
GPCR,pAC50,5558,8.812,8.999512
GPCR,pAC50,5559,8.824,8.910458
GPCR,pAC50,5560,8.523,8.532238
GPCR,pAC50,5561,8.699,8.566117
GPCR,pAC50,5562,8.097,8.331657
GPCR,pAC50,5563,9.076,8.931876
GPCR,pAC50,5564,9.301,9.204261
GPCR,pAC50,5565,9.377,8.899332
GPCR,pAC50,5566,6.328,6.7283154
GPCR,pAC50,5567,8.62,7.4486523
GPCR,pAC50,5568,6.287,5.9860353
GPCR,pAC50,5569,6.0,5.899227
GPCR,pAC50,5570,8.155,7.677845
GPCR,pAC50,5571,6.122,6.156355
GPCR,pAC50,5572,9.244,8.974554
GPCR,pAC50,5573,7.357,7.1580944
GPCR,pAC50,5574,6.682,6.8628654
GPCR,pAC50,5575,6.777,6.7223387
GPCR,pAC50,5576,7.161,6.6325026
GPCR,pAC50,5577,7.796,7.5525455
GPCR,pAC50,5578,7.658,7.684888
GPCR,pAC50,5579,6.611,6.473957
GPCR,pAC50,5580,7.013,7.0924377
GPCR,pAC50,5581,7.081,8.333115
GPCR,pAC50,5582,6.796,6.884692
GPCR,pAC50,5583,8.824,9.26692
GPCR,pAC50,5584,6.784,7.0636578
GPCR,pAC50,5585,8.824,8.357737
GPCR,pAC50,5586,6.344,6.574506
GPCR,pAC50,5587,6.262,6.7659245
GPCR,pAC50,5588,7.1,7.8669024
GPCR,pAC50,5589,5.1,6.1425343
GPCR,pAC50,5590,5.2,5.224472
GPCR,pAC50,5591,6.5,6.7442617
GPCR,pAC50,5592,6.189,5.7109976
GPCR,pAC50,5593,5.589,5.7464695
GPCR,pAC50,5594,5.1,5.357441
GPCR,pAC50,5595,6.272,5.828088
GPCR,pAC50,5596,5.174,5.631814
GPCR,pAC50,5597,6.378,7.033782
GPCR,pAC50,5598,7.357,7.8509054
GPCR,pAC50,5599,6.056,5.7816153
GPCR,pAC50,5600,8.721,8.526724
GPCR,pAC50,5601,8.538,7.1496296
GPCR,pAC50,5602,6.921,7.230728
GPCR,pAC50,5603,7.161,7.3405457
GPCR,pAC50,5604,6.796,6.9959526
GPCR,pAC50,5605,8.699,8.552374
GPCR,pAC50,5606,7.585,7.8346844
GPCR,pAC50,5607,8.149,8.020829
GPCR,pAC50,5608,8.174,8.487745
GPCR,pAC50,5609,7.125,6.9306965
GPCR,pAC50,5610,5.811,5.4437876
GPCR,pAC50,5611,7.553,6.8321753
GPCR,pAC50,5612,6.697,6.5261526
GPCR,pAC50,5613,6.697,6.614483
GPCR,pAC50,5614,5.523,5.438881
GPCR,pAC50,5615,10.301,10.679993
GPCR,pAC50,5616,9.387,8.265501
GPCR,pAC50,5617,8.222,8.38813
GPCR,pAC50,5618,10.041,9.110367
GPCR,pAC50,5619,8.796,9.328704
GPCR,pAC50,5620,6.535,6.816432
GPCR,pAC50,5621,7.553,6.46733
GPCR,pAC50,5622,5.796,6.626608
GPCR,pAC50,5623,7.143,6.8282833
GPCR,pAC50,5624,7.301,7.1694403
GPCR,pAC50,5625,7.824,7.933099
GPCR,pAC50,5626,8.699,9.003791
GPCR,pAC50,5627,5.237,4.913146
GPCR,pAC50,5628,5.664,5.5445566
GPCR,pAC50,5629,5.602,5.441719
GPCR,pAC50,5630,8.272,8.605989
GPCR,pAC50,5631,6.131,6.258462
GPCR,pAC50,5632,6.77,6.559288
GPCR,pAC50,5633,6.097,6.169839
GPCR,pAC50,5634,6.26,6.136654
GPCR,pAC50,5635,8.208,7.9089975
GPCR,pAC50,5636,7.921,7.963339
GPCR,pAC50,5637,7.0,7.185485
GPCR,pAC50,5638,8.638,8.38587
GPCR,pAC50,5639,8.229,7.454953
GPCR,pAC50,5640,5.73,5.9273615
GPCR,pAC50,5641,5.14,5.143059
GPCR,pAC50,5642,8.09,8.175736
GPCR,pAC50,5643,5.99,5.5538282
GPCR,pAC50,5644,9.0,8.892661
GPCR,pAC50,5645,8.679,8.824813
GPCR,pAC50,5646,8.521,8.568609
GPCR,pAC50,5647,9.553,9.686157
GPCR,pAC50,5648,9.921,9.522242
GPCR,pAC50,5649,9.367,9.330582
GPCR,pAC50,5650,9.357,9.3843565
GPCR,pAC50,5651,10.046,9.508245
GPCR,pAC50,5652,9.152,9.272432
GPCR,pAC50,5653,8.95,8.873378
GPCR,pAC50,5654,8.022,8.345183
GPCR,pAC50,5655,6.496,7.1781635
GPCR,pAC50,5656,6.967,7.140951
GPCR,pAC50,5657,5.951,5.7526674
GPCR,pAC50,5658,6.423,6.954673
GPCR,pAC50,5659,7.602,7.6568003
GPCR,pAC50,5660,7.699,7.4476595
GPCR,pAC50,5661,9.0,8.258772
GPCR,pAC50,5662,8.967,8.992493
GPCR,pAC50,5663,9.53,9.579577
GPCR,pAC50,5664,4.965,4.5097885
GPCR,pAC50,5665,4.992,5.140088
GPCR,pAC50,5666,4.969,5.075638
GPCR,pAC50,5667,5.383,5.293023
GPCR,pAC50,5668,7.377,7.623227
GPCR,pAC50,5669,7.186,7.14419
GPCR,pAC50,5670,6.878,7.1726637
GPCR,pAC50,5671,7.267,7.212722
GPCR,pAC50,5672,5.322,5.7235575
GPCR,pAC50,5673,7.658,7.2101917
GPCR,pAC50,5674,7.187,7.635627
GPCR,pAC50,5675,5.971,6.2902937
GPCR,pAC50,5676,9.319,8.834211
GPCR,pAC50,5677,7.022,9.187794
GPCR,pAC50,5678,7.699,7.507183
GPCR,pAC50,5679,9.155,8.302555
GPCR,pAC50,5680,6.796,6.706808
GPCR,pAC50,5681,9.103,9.119715
GPCR,pAC50,5682,8.475,8.605921
GPCR,pAC50,5683,8.62,9.245807
GPCR,pAC50,5684,7.174,7.2667227
GPCR,pAC50,5685,4.77,4.5731
GPCR,pAC50,5686,8.301,7.9791555
GPCR,pAC50,5687,6.839,6.3155165
GPCR,pAC50,5688,8.818,8.664984
GPCR,pAC50,5689,6.951,8.45665
GPCR,pAC50,5690,5.137,6.9289303
GPCR,pAC50,5691,8.47,9.054956
GPCR,pAC50,5692,6.76,6.77174
GPCR,pAC50,5693,5.69,5.7406807
GPCR,pAC50,5694,8.57,8.450154
GPCR,pAC50,5695,5.24,5.6579285
GPCR,pAC50,5696,6.252,6.594844
GPCR,pAC50,5697,6.357,6.377512
GPCR,pAC50,5698,6.377,6.6867933
GPCR,pAC50,5699,6.824,8.020775
GPCR,pAC50,5700,6.076,6.797367
GPCR,pAC50,5701,7.26,7.2768755
GPCR,pAC50,5702,5.562,5.3040667
GPCR,pAC50,5703,5.818,6.283391
GPCR,pAC50,5704,6.034,5.5303297
GPCR,pAC50,5705,5.961,5.8096256
GPCR,pAC50,5706,6.495,5.975524
GPCR,pAC50,5707,6.29,5.9969788
GPCR,pAC50,5708,7.52,6.888439
GPCR,pAC50,5709,6.62,7.260271
GPCR,pAC50,5710,6.502,6.7245865
GPCR,pAC50,5711,8.337,8.670863
GPCR,pAC50,5712,7.86,7.8671885
GPCR,pAC50,5713,6.64,7.075797
GPCR,pAC50,5714,7.721,7.62971
GPCR,pAC50,5715,7.638,7.8372765
GPCR,pAC50,5716,7.886,7.8506413
GPCR,pAC50,5717,7.131,7.4830713
GPCR,pAC50,5718,6.303,6.0550632
GPCR,pAC50,5719,6.001,6.171241
GPCR,pAC50,5720,5.952,5.9782743
GPCR,pAC50,5721,6.743,5.841463
GPCR,pAC50,5722,8.131,8.121695
GPCR,pAC50,5723,7.943,8.300051
GPCR,pAC50,5724,7.676,7.802126
GPCR,pAC50,5725,6.549,7.1065063
GPCR,pAC50,5726,8.399,8.625397
GPCR,pAC50,5727,10.018,10.385514
GPCR,pAC50,5728,5.629,6.0484037
GPCR,pAC50,5729,9.097,9.122362
GPCR,pAC50,5730,7.143,7.02345
GPCR,pAC50,5731,7.194,7.1935453
GPCR,pAC50,5732,6.658,6.692766
GPCR,pAC50,5733,7.886,8.134061
GPCR,pAC50,5734,7.638,8.129019
GPCR,pAC50,5735,4.495,6.4760056
GPCR,pAC50,5736,4.62,5.1200647
GPCR,pAC50,5737,7.066,7.0601463
GPCR,pAC50,5738,8.77,8.532144
GPCR,pAC50,5739,7.495,6.6171675
GPCR,pAC50,5740,9.102,8.478813
GPCR,pAC50,5741,9.076,8.942608
GPCR,pAC50,5742,7.125,7.1272297
GPCR,pAC50,5743,10.42,10.041127
GPCR,pAC50,5744,6.86,7.4707394
GPCR,pAC50,5745,7.229,7.3957148
GPCR,pAC50,5746,6.31,6.5325317
GPCR,pAC50,5747,6.762,7.3435183
GPCR,pAC50,5748,7.387,7.5739975
GPCR,pAC50,5749,9.046,8.695375
GPCR,pAC50,5750,7.495,7.757678
GPCR,pAC50,5751,6.795,6.540823
GPCR,pAC50,5752,8.229,8.19951
GPCR,pAC50,5753,7.824,8.627807
GPCR,pAC50,5754,2.0,1.6677961
GPCR,pAC50,5755,7.836,8.790312
GPCR,pAC50,5756,6.222,6.3384476
GPCR,pAC50,5757,5.73,5.7807856
GPCR,pAC50,5758,5.951,5.741481
GPCR,pAC50,5759,7.854,7.846656
GPCR,pAC50,5760,8.409,8.008655
GPCR,pAC50,5761,8.42,8.469598
GPCR,pAC50,5762,7.357,7.104498
GPCR,pAC50,5763,5.357,5.494362
GPCR,pAC50,5764,5.252,5.824955
GPCR,pAC50,5765,5.854,6.3460503
GPCR,pAC50,5766,5.745,4.810438
GPCR,pAC50,5767,7.742,7.5458355
GPCR,pAC50,5768,8.7,8.757498
GPCR,pAC50,5769,7.0,6.8547096
GPCR,pAC50,5770,7.0,7.0433245
GPCR,pAC50,5771,5.593,5.9191313
GPCR,pAC50,5772,4.945,6.11884
GPCR,pAC50,5773,6.538,7.705187
GPCR,pAC50,5774,7.569,7.10511
GPCR,pAC50,5775,6.77,6.981448
GPCR,pAC50,5776,6.699,7.0922365
GPCR,pAC50,5777,6.658,7.2048273
GPCR,pAC50,5778,6.218,6.5457964
GPCR,pAC50,5779,10.155,9.809853
GPCR,pAC50,5780,5.903,6.0515404
GPCR,pAC50,5781,4.658,5.7541676
GPCR,pAC50,5782,6.886,6.61878
GPCR,pAC50,5783,6.42,6.8927164
GPCR,pAC50,5784,6.276,6.2155533
GPCR,pAC50,5785,6.367,6.3683405
GPCR,pAC50,5786,6.174,6.0914392
GPCR,pAC50,5787,6.921,6.8660746
GPCR,pAC50,5788,6.509,6.741949
GPCR,pAC50,5789,5.827,5.9419613
GPCR,pAC50,5790,7.201,6.8765984
GPCR,pAC50,5791,6.79,7.112237
GPCR,pAC50,5792,6.618,6.446599
GPCR,pAC50,5793,5.959,6.091156
GPCR,pAC50,5794,5.952,5.801323
GPCR,pAC50,5795,5.42,5.325858
GPCR,pAC50,5796,5.398,5.7194567
GPCR,pAC50,5797,8.177,8.227893
GPCR,pAC50,5798,6.658,6.8425694
GPCR,pAC50,5799,6.638,8.167297
GPCR,pAC50,5800,5.959,5.8463774
GPCR,pAC50,5801,6.957,7.3141975
GPCR,pAC50,5802,6.9,7.1556454
GPCR,pAC50,5803,7.31,7.427143
GPCR,pAC50,5804,7.469,8.265348
GPCR,pAC50,5805,8.523,8.158736
GPCR,pAC50,5806,7.215,7.3582916
GPCR,pAC50,5807,6.319,6.6978283
GPCR,pAC50,5808,6.752,7.0166254
GPCR,pAC50,5809,7.31,7.6604652
GPCR,pAC50,5810,6.67,6.8685503
GPCR,pAC50,5811,6.693,7.0916595
GPCR,pAC50,5812,8.328,8.188246
GPCR,pAC50,5813,8.022,8.084775
GPCR,pAC50,5814,8.062,8.692077
GPCR,pAC50,5815,6.089,8.028976
GPCR,pAC50,5816,8.409,7.9754276
GPCR,pAC50,5817,6.334,6.274625
GPCR,pAC50,5818,6.279,5.961422
GPCR,pAC50,5819,6.704,6.7959175
GPCR,pAC50,5820,6.83,6.0279016
GPCR,pAC50,5821,6.071,6.945385
GPCR,pAC50,5822,6.201,5.9942207
GPCR,pAC50,5823,9.201,8.637163
GPCR,pAC50,5824,9.056,9.506173
GPCR,pAC50,5825,8.367,8.890823
GPCR,pAC50,5826,9.268,9.208826
GPCR,pAC50,5827,7.77,8.050554
GPCR,pAC50,5828,8.125,7.9985256
GPCR,pAC50,5829,6.585,6.5303173
GPCR,pAC50,5830,6.699,7.3022757
GPCR,pAC50,5831,8.167,8.317606
GPCR,pAC50,5832,5.086,6.5335093
GPCR,pAC50,5833,6.62,6.3009024
GPCR,pAC50,5834,6.808,7.7804375
GPCR,pAC50,5835,5.367,5.5903378
GPCR,pAC50,5836,6.61,6.516513
GPCR,pAC50,5837,5.4,5.4216576
GPCR,pAC50,5838,6.2,7.601369
GPCR,pAC50,5839,7.101,7.536854
GPCR,pAC50,5840,7.319,6.936652
GPCR,pAC50,5841,7.018,7.447565
GPCR,pAC50,5842,7.699,7.2878942
GPCR,pAC50,5843,9.398,8.735571
GPCR,pAC50,5844,6.406,6.0250607
GPCR,pAC50,5845,9.009,8.544056
GPCR,pAC50,5846,8.114,8.023387
GPCR,pAC50,5847,5.886,5.4671564
GPCR,pAC50,5848,5.403,5.469447
GPCR,pAC50,5849,6.0,5.322755
GPCR,pAC50,5850,5.627,6.1230297
GPCR,pAC50,5851,6.06,5.141
GPCR,pAC50,5852,5.0,5.5463953
GPCR,pAC50,5853,8.152,8.107527
GPCR,pAC50,5854,5.62,5.820594
GPCR,pAC50,5855,7.61,6.9591618
GPCR,pAC50,5856,6.192,6.7816725
GPCR,pAC50,5857,6.256,5.157713
GPCR,pAC50,5858,6.195,5.6557674
GPCR,pAC50,5859,5.0,5.2886667
GPCR,pAC50,5860,9.3,8.128839
GPCR,pAC50,5861,8.201,8.255129
GPCR,pAC50,5862,9.155,8.493307
GPCR,pAC50,5863,6.854,7.4446545
GPCR,pAC50,5864,6.539,6.6520348
GPCR,pAC50,5865,8.222,8.177711
GPCR,pAC50,5866,7.097,6.4874134
GPCR,pAC50,5867,7.85,8.3234825
GPCR,pAC50,5868,6.495,6.377486
GPCR,pAC50,5869,7.081,7.49905
GPCR,pAC50,5870,7.553,7.5741463
GPCR,pAC50,5871,6.553,6.5223227
GPCR,pAC50,5872,6.921,7.1485777
GPCR,pAC50,5873,8.678,8.759156
GPCR,pAC50,5874,9.102,9.688483
GPCR,pAC50,5875,10.377,10.473875
GPCR,pAC50,5876,9.041,9.165273
GPCR,pAC50,5877,9.678,9.587352
GPCR,pAC50,5878,5.678,8.019327
GPCR,pAC50,5879,7.924,6.91302
GPCR,pAC50,5880,6.947,5.3644886
GPCR,pAC50,5881,8.041,7.112689
GPCR,pAC50,5882,7.465,6.5382767
GPCR,pAC50,5883,5.412,5.8465633
GPCR,pAC50,5884,7.0,6.5104294
GPCR,pAC50,5885,8.4,8.162512
GPCR,pAC50,5886,7.5,7.826474
GPCR,pAC50,5887,5.074,5.272053
GPCR,pAC50,5888,5.023,6.4135313
GPCR,pAC50,5889,7.745,6.4486094
GPCR,pAC50,5890,6.161,6.9603453
GPCR,pAC50,5891,5.954,6.524167
GPCR,pAC50,5892,5.927,5.77382
GPCR,pAC50,5893,5.836,7.3824224
GPCR,pAC50,5894,5.935,5.6499977
GPCR,pAC50,5895,5.0,5.304179
GPCR,pAC50,5896,5.247,5.8210726
GPCR,pAC50,5897,5.409,5.4246445
GPCR,pAC50,5898,7.6,7.409977
GPCR,pAC50,5899,7.6,7.4284573
GPCR,pAC50,5900,6.0,5.371376
GPCR,pAC50,5901,7.4,6.8588867
GPCR,pAC50,5902,6.5,6.262041
GPCR,pAC50,5903,7.9,7.6192827
GPCR,pAC50,5904,6.699,6.9398203
GPCR,pAC50,5905,9.876,9.712332
GPCR,pAC50,5906,8.854,8.873646
GPCR,pAC50,5907,5.886,6.4065857
GPCR,pAC50,5908,6.745,4.876092
GPCR,pAC50,5909,5.602,5.949093
GPCR,pAC50,5910,6.301,6.6664743
GPCR,pAC50,5911,6.699,6.9328403
GPCR,pAC50,5912,5.854,6.405033
GPCR,pAC50,5913,5.161,7.104851
GPCR,pAC50,5914,6.836,7.052582
GPCR,pAC50,5915,9.097,9.179319
GPCR,pAC50,5916,8.678,8.580363
GPCR,pAC50,5917,9.523,9.979221
GPCR,pAC50,5918,9.979,10.188315
GPCR,pAC50,5919,10.342,10.540994
GPCR,pAC50,5920,11.0,11.111835
GPCR,pAC50,5921,6.947,7.303525
GPCR,pAC50,5922,5.83,5.74876
GPCR,pAC50,5923,9.796,10.29792
GPCR,pAC50,5924,7.658,7.901472
GPCR,pAC50,5925,8.149,8.0147085
GPCR,pAC50,5926,8.62,8.557001
GPCR,pAC50,5927,7.524,8.184304
GPCR,pAC50,5928,8.42,8.440734
GPCR,pAC50,5929,9.4,9.547745
GPCR,pAC50,5930,5.244,6.378521
GPCR,pAC50,5931,10.244,10.92609
GPCR,pAC50,5932,10.201,10.332125
GPCR,pAC50,5933,7.384,7.461608
GPCR,pAC50,5934,7.491,7.540372
GPCR,pAC50,5935,6.7,7.421734
GPCR,pAC50,5936,5.004,5.1045275
GPCR,pAC50,5937,5.26,4.972805
GPCR,pAC50,5938,5.046,5.2249193
GPCR,pAC50,5939,6.701,6.215953
GPCR,pAC50,5940,6.573,7.8889704
GPCR,pAC50,5941,6.117,5.438236
GPCR,pAC50,5942,6.445,6.64859
GPCR,pAC50,5943,6.759,6.852271
GPCR,pAC50,5944,6.52,7.018753
GPCR,pAC50,5945,7.638,7.736821
GPCR,pAC50,5946,7.629,7.8725348
GPCR,pAC50,5947,7.678,7.6592646
GPCR,pAC50,5948,7.441,7.7280293
GPCR,pAC50,5949,8.444,8.3727255
GPCR,pAC50,5950,8.643,8.51217
GPCR,pAC50,5951,7.233,7.8218546
GPCR,pAC50,5952,7.046,6.684778
GPCR,pAC50,5953,7.301,6.829486
GPCR,pAC50,5954,6.921,6.288872
GPCR,pAC50,5955,5.699,5.630493
GPCR,pAC50,5956,8.022,7.9324656
GPCR,pAC50,5957,8.187,8.191226
GPCR,pAC50,5958,8.143,8.5369005
GPCR,pAC50,5959,7.509,7.841695
GPCR,pAC50,5960,7.194,6.924926
GPCR,pAC50,5961,6.62,6.5792856
GPCR,pAC50,5962,6.42,6.7787924
GPCR,pAC50,5963,6.076,6.316843
GPCR,pAC50,5964,7.745,8.773332
GPCR,pAC50,5965,8.975,8.33021
GPCR,pAC50,5966,7.316,7.7663727
GPCR,pAC50,5967,7.2,7.8295193
GPCR,pAC50,5968,5.9,6.44594
GPCR,pAC50,5969,8.14,8.392035
GPCR,pAC50,5970,8.3,8.092342
GPCR,pAC50,5971,8.406,8.93115
GPCR,pAC50,5972,8.854,8.844166
GPCR,pAC50,5973,7.3,7.871601
GPCR,pAC50,5974,7.215,7.4675703
GPCR,pAC50,5975,5.979,6.9093027
GPCR,pAC50,5976,6.441,6.9349947
GPCR,pAC50,5977,6.305,7.0304346
GPCR,pAC50,5978,6.686,7.191245
GPCR,pAC50,5979,5.254,6.976861
GPCR,pAC50,5980,7.77,8.611902
GPCR,pAC50,5981,7.542,7.340377
GPCR,pAC50,5982,8.4,8.490735
GPCR,pAC50,5983,6.0,6.540991
GPCR,pAC50,5984,7.2,7.2973185
GPCR,pAC50,5985,6.421,6.3269567
GPCR,pAC50,5986,8.678,8.980505
GPCR,pAC50,5987,6.214,6.2835655
GPCR,pAC50,5988,8.041,8.273113
GPCR,pAC50,5989,6.454,6.2284384
GPCR,pAC50,5990,7.456,7.644079
GPCR,pAC50,5991,8.538,9.112106
GPCR,pAC50,5992,7.222,7.8644447
GPCR,pAC50,5993,7.959,7.789524
GPCR,pAC50,5994,7.523,7.7036514
GPCR,pAC50,5995,6.658,6.93239
GPCR,pAC50,5996,6.8,6.9697456
GPCR,pAC50,5997,6.3,6.8547935
GPCR,pAC50,5998,4.89,5.3187714
GPCR,pAC50,5999,6.14,6.4613047
GPCR,pAC50,6000,8.44,8.71242
GPCR,pAC50,6001,8.31,8.172304
GPCR,pAC50,6002,7.699,9.059742
GPCR,pAC50,6003,3.051,3.8889875
GPCR,pAC50,6004,9.301,9.673498
GPCR,pAC50,6005,5.5,5.4840136
GPCR,pAC50,6006,8.301,7.0612326
GPCR,pAC50,6007,7.229,7.97033
GPCR,pAC50,6008,7.229,7.706236
GPCR,pAC50,6009,7.886,7.1158075
GPCR,pAC50,6010,7.678,7.7496758
GPCR,pAC50,6011,7.638,8.3077
GPCR,pAC50,6012,8.398,8.140428
GPCR,pAC50,6013,7.638,8.299155
GPCR,pAC50,6014,7.886,8.621081
GPCR,pAC50,6015,6.378,7.151348
GPCR,pAC50,6016,6.457,7.137417
GPCR,pAC50,6017,6.139,6.6833057
GPCR,pAC50,6018,6.29,6.1403227
GPCR,pAC50,6019,7.854,7.9567957
GPCR,pAC50,6020,8.155,7.7571945
GPCR,pAC50,6021,6.308,6.94812
GPCR,pAC50,6022,5.476,6.1389027
GPCR,pAC50,6023,7.959,8.543927
GPCR,pAC50,6024,8.456,8.411049
GPCR,pAC50,6025,6.158,6.268319
GPCR,pAC50,6026,6.793,6.996855
GPCR,pAC50,6027,7.06,7.265914
GPCR,pAC50,6028,5.824,6.3817854
GPCR,pAC50,6029,6.131,6.41755
GPCR,pAC50,6030,6.041,5.9178905
GPCR,pAC50,6031,6.143,6.9839497
GPCR,pAC50,6032,5.208,5.254385
GPCR,pAC50,6033,4.959,4.9242134
GPCR,pAC50,6034,9.174,9.402928
GPCR,pAC50,6035,6.284,6.2930775
GPCR,pAC50,6036,7.523,7.5950336
GPCR,pAC50,6037,8.0,7.6892967
GPCR,pAC50,6038,7.097,7.2054596
GPCR,pAC50,6039,7.155,7.197695
GPCR,pAC50,6040,9.086,9.305592
GPCR,pAC50,6041,8.222,8.735153
GPCR,pAC50,6042,8.921,9.520458
GPCR,pAC50,6043,9.796,10.007065
GPCR,pAC50,6044,6.538,6.5314693
GPCR,pAC50,6045,5.194,5.033415
GPCR,pAC50,6046,5.417,5.5759926
GPCR,pAC50,6047,5.272,5.4700136
GPCR,pAC50,6048,9.585,9.195904
GPCR,pAC50,6049,9.668,9.827264
GPCR,pAC50,6050,8.943,9.034862
GPCR,pAC50,6051,9.629,9.682819
GPCR,pAC50,6052,9.036,9.164659
GPCR,pAC50,6053,9.438,9.441499
GPCR,pAC50,6054,8.488,8.4015465
GPCR,pAC50,6055,5.529,5.7832365
GPCR,pAC50,6056,6.921,7.1566143
GPCR,pAC50,6057,5.509,5.8542128
GPCR,pAC50,6058,5.752,6.216234
GPCR,pAC50,6059,6.509,6.833173
GPCR,pAC50,6060,6.699,6.7904797
GPCR,pAC50,6061,5.495,5.7487926
GPCR,pAC50,6062,5.879,5.8629026
GPCR,pAC50,6063,6.77,6.2124023
GPCR,pAC50,6064,5.917,5.8885574
GPCR,pAC50,6065,5.319,6.752719
GPCR,pAC50,6066,5.845,6.099471
GPCR,pAC50,6067,5.438,5.35497
GPCR,pAC50,6068,6.6,7.1501904
GPCR,pAC50,6069,7.585,7.911236
GPCR,pAC50,6070,7.31,7.3849993
GPCR,pAC50,6071,7.71,7.715128
GPCR,pAC50,6072,5.738,5.3050623
GPCR,pAC50,6073,5.288,5.822917
GPCR,pAC50,6074,6.943,7.072694
GPCR,pAC50,6075,7.056,7.1054564
GPCR,pAC50,6076,5.703,5.9000425
GPCR,pAC50,6077,7.027,7.098777
GPCR,pAC50,6078,7.184,7.4941435
GPCR,pAC50,6079,7.577,7.7713814
GPCR,pAC50,6080,7.687,7.5996437
GPCR,pAC50,6081,9.097,8.202684
GPCR,pAC50,6082,6.348,6.848673
GPCR,pAC50,6083,7.544,7.6176653
GPCR,pAC50,6084,7.066,6.3360167
GPCR,pAC50,6085,7.553,8.225568
GPCR,pAC50,6086,4.5,5.0807104
GPCR,pAC50,6087,6.1,6.3669195
GPCR,pAC50,6088,7.347,7.273634
GPCR,pAC50,6089,7.357,7.965147
GPCR,pAC50,6090,7.854,7.581218
GPCR,pAC50,6091,7.066,6.961404
GPCR,pAC50,6092,6.343,5.1997614
GPCR,pAC50,6093,7.432,6.9611244
GPCR,pAC50,6094,6.728,6.6863966
GPCR,pAC50,6095,7.62,7.2931557
GPCR,pAC50,6096,7.456,7.5037823
GPCR,pAC50,6097,5.77,5.682068
GPCR,pAC50,6098,7.222,6.674864
GPCR,pAC50,6099,5.161,5.4559536
GPCR,pAC50,6100,5.509,5.1343794
GPCR,pAC50,6101,5.959,6.071376
GPCR,pAC50,6102,6.076,6.247979
GPCR,pAC50,6103,4.959,5.2658777
GPCR,pAC50,6104,5.721,5.9310665
GPCR,pAC50,6105,4.921,4.8890495
GPCR,pAC50,6106,5.77,5.73833
GPCR,pAC50,6107,7.886,7.764474
GPCR,pAC50,6108,7.472,7.516637
GPCR,pAC50,6109,6.845,7.0850487
GPCR,pAC50,6110,9.434,9.410953
GPCR,pAC50,6111,7.097,7.527769
GPCR,pAC50,6112,5.05,4.925749
GPCR,pAC50,6113,4.92,4.8122454
GPCR,pAC50,6114,5.92,6.198165
GPCR,pAC50,6115,6.92,6.9774895
GPCR,pAC50,6116,8.5,7.971779
GPCR,pAC50,6117,8.4,8.444685
GPCR,pAC50,6118,5.959,4.7813272
GPCR,pAC50,6119,9.097,8.697395
GPCR,pAC50,6120,7.347,7.4517193
GPCR,pAC50,6121,7.225,7.459895
GPCR,pAC50,6122,5.55,6.9622726
GPCR,pAC50,6123,8.301,8.723753
GPCR,pAC50,6124,7.959,8.1202755
GPCR,pAC50,6125,8.046,7.9056444
GPCR,pAC50,6126,6.155,5.739683
GPCR,pAC50,6127,5.0,5.0499916
GPCR,pAC50,6128,5.0,5.650277
GPCR,pAC50,6129,7.569,7.7086897
GPCR,pAC50,6130,7.62,8.068747
GPCR,pAC50,6131,8.6,8.633862
GPCR,pAC50,6132,8.8,9.480668
GPCR,pAC50,6133,9.6,9.5295315
GPCR,pAC50,6134,7.5,7.2956038
GPCR,pAC50,6135,7.7,8.196306
GPCR,pAC50,6136,7.9,7.678377
GPCR,pAC50,6137,7.4,6.8966465
GPCR,pAC50,6138,6.5,8.01918
GPCR,pAC50,6139,7.1,7.091136
GPCR,pAC50,6140,5.893,6.8549643
GPCR,pAC50,6141,6.914,6.8826046
GPCR,pAC50,6142,8.963,8.201931
GPCR,pAC50,6143,8.398,8.333826
GPCR,pAC50,6144,6.597,6.742524
GPCR,pAC50,6145,8.018,7.100442
GPCR,pAC50,6146,6.699,6.714916
GPCR,pAC50,6147,8.71,8.820725
GPCR,pAC50,6148,9.097,8.95418
GPCR,pAC50,6149,6.3,6.0694723
GPCR,pAC50,6150,5.547,5.407605
GPCR,pAC50,6151,5.744,5.608823
GPCR,pAC50,6152,8.886,8.389353
GPCR,pAC50,6153,7.509,7.2144194
GPCR,pAC50,6154,7.347,7.322255
GPCR,pAC50,6155,6.278,6.4467955
GPCR,pAC50,6156,8.053,7.2572536
GPCR,pAC50,6157,8.86,8.108274
GPCR,pAC50,6158,6.69,6.328953
GPCR,pAC50,6159,6.507,6.3572273
GPCR,pAC50,6160,5.064,4.767829
GPCR,pAC50,6161,5.738,5.5368185
GPCR,pAC50,6162,4.755,4.551594
GPCR,pAC50,6163,9.4,9.463713
GPCR,pAC50,6164,7.9,7.9080706
GPCR,pAC50,6165,6.7,7.3869133
GPCR,pAC50,6166,7.7,6.627039
GPCR,pAC50,6167,5.6,5.904744
GPCR,pAC50,6168,7.1,6.066987
GPCR,pAC50,6169,5.9,5.7566137
GPCR,pAC50,6170,6.4,5.8338013
GPCR,pAC50,6171,7.9,7.090352
GPCR,pAC50,6172,5.8,6.467393
GPCR,pAC50,6173,5.8,5.8527527
GPCR,pAC50,6174,7.9,7.1482725
GPCR,pAC50,6175,5.9,6.337475
GPCR,pAC50,6176,5.3,5.7572155
GPCR,pAC50,6177,10.398,10.363337
GPCR,pAC50,6178,10.398,10.379883
GPCR,pAC50,6179,9.222,7.3484516
GPCR,pAC50,6180,8.046,7.5963707
GPCR,pAC50,6181,4.721,5.6840467
GPCR,pAC50,6182,8.939,8.862179
GPCR,pAC50,6183,5.553,5.6305113
GPCR,pAC50,6184,6.569,6.95673
GPCR,pAC50,6185,7.314,7.3507442
GPCR,pAC50,6186,7.523,6.921591
GPCR,pAC50,6187,8.004,8.030366
GPCR,pAC50,6188,9.161,7.181835
GPCR,pAC50,6189,6.546,8.075828
GPCR,pAC50,6190,7.796,7.997937
GPCR,pAC50,6191,8.54,8.370137
GPCR,pAC50,6192,8.26,7.549487
GPCR,pAC50,6193,7.77,7.906949
GPCR,pAC50,6194,8.64,8.530164
GPCR,pAC50,6195,5.52,5.481756
GPCR,pAC50,6196,9.3,8.539604
GPCR,pAC50,6197,7.25,7.152773
GPCR,pAC50,6198,6.44,7.0657196
GPCR,pAC50,6199,6.188,6.811261
GPCR,pAC50,6200,7.06,6.640833
GPCR,pAC50,6201,6.947,6.820841
GPCR,pAC50,6202,7.854,7.822502
GPCR,pAC50,6203,8.301,8.823211
GPCR,pAC50,6204,9.523,9.845453
GPCR,pAC50,6205,8.046,8.882082
GPCR,pAC50,6206,8.745,8.6557045
GPCR,pAC50,6207,8.0,8.192565
GPCR,pAC50,6208,7.903,7.9452057
GPCR,pAC50,6209,7.194,6.730706
GPCR,pAC50,6210,6.77,7.3465347
GPCR,pAC50,6211,5.31,6.5863295
GPCR,pAC50,6212,7.18,7.5752916
GPCR,pAC50,6213,6.77,7.5249834
GPCR,pAC50,6214,6.886,7.6301994
GPCR,pAC50,6215,5.721,6.221019
GPCR,pAC50,6216,7.921,7.942518
GPCR,pAC50,6217,7.385,7.4302635
GPCR,pAC50,6218,8.284,8.00543
GPCR,pAC50,6219,6.413,6.657878
GPCR,pAC50,6220,8.011,7.931123
GPCR,pAC50,6221,6.921,7.0899878
GPCR,pAC50,6222,6.658,6.512808
GPCR,pAC50,6223,6.854,6.0319357
GPCR,pAC50,6224,7.301,6.7860794
GPCR,pAC50,6225,7.523,6.9988146
GPCR,pAC50,6226,6.319,5.7022305
GPCR,pAC50,6227,5.086,4.7809887
GPCR,pAC50,6228,6.945,7.275447
GPCR,pAC50,6229,6.734,6.618819
GPCR,pAC50,6230,7.293,7.322954
GPCR,pAC50,6231,5.108,4.9483843
GPCR,pAC50,6232,6.119,6.5737333
GPCR,pAC50,6233,7.796,7.563527
GPCR,pAC50,6234,5.854,6.279583
GPCR,pAC50,6235,6.857,7.333931
GPCR,pAC50,6236,4.26,6.3366966
GPCR,pAC50,6237,7.959,7.9158907
GPCR,pAC50,6238,6.907,7.3550224
GPCR,pAC50,6239,6.028,6.750681
GPCR,pAC50,6240,6.714,6.8322964
GPCR,pAC50,6241,6.854,6.9228077
GPCR,pAC50,6242,7.097,6.164462
GPCR,pAC50,6243,4.638,5.5399284
GPCR,pAC50,6244,5.432,5.457032
GPCR,pAC50,6245,5.002,4.877095
GPCR,pAC50,6246,6.762,6.9686785
GPCR,pAC50,6247,7.42,7.3072157
GPCR,pAC50,6248,7.585,6.940284
GPCR,pAC50,6249,6.347,6.588462
GPCR,pAC50,6250,6.288,7.4864273
GPCR,pAC50,6251,9.097,8.834026
GPCR,pAC50,6252,8.051,7.8619547
GPCR,pAC50,6253,8.854,8.94828
GPCR,pAC50,6254,5.928,5.942136
GPCR,pAC50,6255,7.868,7.8995304
GPCR,pAC50,6256,8.928,8.894274
GPCR,pAC50,6257,8.18,8.397393
GPCR,pAC50,6258,8.733,8.637761
GPCR,pAC50,6259,9.1,9.07326
GPCR,pAC50,6260,6.0,5.943779
GPCR,pAC50,6261,9.4,9.3646965
GPCR,pAC50,6262,7.4,7.1142206
GPCR,pAC50,6263,6.4,6.5464315
GPCR,pAC50,6264,6.6,6.5820103
GPCR,pAC50,6265,9.1,8.9195595
GPCR,pAC50,6266,8.959,9.3611
GPCR,pAC50,6267,4.342,4.083241
GPCR,pAC50,6268,3.194,3.1663716
GPCR,pAC50,6269,8.569,8.28616
GPCR,pAC50,6270,8.409,8.774996
GPCR,pAC50,6271,9.161,8.453819
GPCR,pAC50,6272,7.526,8.73322
GPCR,pAC50,6273,8.098,8.770259
GPCR,pAC50,6274,7.817,8.271225
GPCR,pAC50,6275,7.915,8.536763
GPCR,pAC50,6276,9.583,9.084543
GPCR,pAC50,6277,8.13,8.429459
GPCR,pAC50,6278,9.601,8.746304
GPCR,pAC50,6279,7.679,7.516432
GPCR,pAC50,6280,8.06,7.6742544
GPCR,pAC50,6281,6.436,6.250864
GPCR,pAC50,6282,6.679,7.0809145
GPCR,pAC50,6283,7.588,7.5428896
GPCR,pAC50,6284,5.747,6.235281
GPCR,pAC50,6285,6.925,7.259302
GPCR,pAC50,6286,7.13,7.0624714
GPCR,pAC50,6287,6.42,6.872142
GPCR,pAC50,6288,8.098,7.445709
GPCR,pAC50,6289,5.793,5.791114
GPCR,pAC50,6290,5.278,5.9828777
GPCR,pAC50,6291,6.409,6.2033873
GPCR,pAC50,6292,6.141,7.0592623
GPCR,pAC50,6293,6.883,6.7809305
GPCR,pAC50,6294,6.12,6.0844545
GPCR,pAC50,6295,5.086,5.295907
GPCR,pAC50,6296,5.796,5.7355986
GPCR,pAC50,6297,6.756,7.2023363
GPCR,pAC50,6298,6.229,7.7446346
GPCR,pAC50,6299,7.409,7.251148
GPCR,pAC50,6300,6.678,7.0915756
GPCR,pAC50,6301,6.699,6.733286
GPCR,pAC50,6302,7.056,7.6076984
GPCR,pAC50,6303,7.668,8.181054
GPCR,pAC50,6304,7.432,7.739464
GPCR,pAC50,6305,6.538,6.7732916
GPCR,pAC50,6306,7.252,7.6246367
GPCR,pAC50,6307,6.149,5.8887787
GPCR,pAC50,6308,5.201,5.0358315
GPCR,pAC50,6309,7.28,7.647846
GPCR,pAC50,6310,6.367,6.192998
GPCR,pAC50,6311,6.569,6.5057726
GPCR,pAC50,6312,9.886,10.13496
GPCR,pAC50,6313,10.268,10.630499
GPCR,pAC50,6314,10.602,10.764437
GPCR,pAC50,6315,10.357,10.534215
GPCR,pAC50,6316,9.4,9.367833
GPCR,pAC50,6317,10.3,9.809442
GPCR,pAC50,6318,10.2,9.947727
GPCR,pAC50,6319,9.5,9.708462
GPCR,pAC50,6320,9.7,9.4917345
GPCR,pAC50,6321,6.6,6.7527037
GPCR,pAC50,6322,5.222,5.564684
GPCR,pAC50,6323,9.523,8.99954
GPCR,pAC50,6324,9.523,9.6459675
GPCR,pAC50,6325,5.8,7.2275248
GPCR,pAC50,6326,10.046,9.698122
GPCR,pAC50,6327,6.47,7.5434732
GPCR,pAC50,6328,5.824,7.1928606
GPCR,pAC50,6329,4.0,6.4472265
GPCR,pAC50,6330,10.149,9.733759
GPCR,pAC50,6331,8.284,8.600466
GPCR,pAC50,6332,7.599,7.8212337
GPCR,pAC50,6333,7.666,7.4614267
GPCR,pAC50,6334,7.141,6.9656973
GPCR,pAC50,6335,8.048,7.7066126
GPCR,pAC50,6336,5.69,5.9634876
GPCR,pAC50,6337,7.268,7.1239405
GPCR,pAC50,6338,9.108,8.1784315
GPCR,pAC50,6339,9.585,9.154747
GPCR,pAC50,6340,9.658,9.984411
GPCR,pAC50,6341,5.633,5.728882
GPCR,pAC50,6342,6.377,5.7552996
GPCR,pAC50,6343,7.201,6.8798876
GPCR,pAC50,6344,7.24,7.750679
GPCR,pAC50,6345,5.921,5.379245
GPCR,pAC50,6346,8.116,7.783428
GPCR,pAC50,6347,8.456,8.719712
GPCR,pAC50,6348,7.222,6.7068233
GPCR,pAC50,6349,7.854,8.186956
GPCR,pAC50,6350,9.699,9.331718
GPCR,pAC50,6351,7.664,7.4753103
GPCR,pAC50,6352,8.377,8.600084
GPCR,pAC50,6353,6.511,7.149645
GPCR,pAC50,6354,6.607,6.4968014
GPCR,pAC50,6355,6.357,6.216811
GPCR,pAC50,6356,7.301,7.9434414
GPCR,pAC50,6357,8.523,8.656083
GPCR,pAC50,6358,7.921,7.695262
GPCR,pAC50,6359,7.5,7.2626133
GPCR,pAC50,6360,6.2,7.137828
GPCR,pAC50,6361,7.013,6.852499
GPCR,pAC50,6362,6.155,5.801347
GPCR,pAC50,6363,7.77,7.656625
GPCR,pAC50,6364,7.084,6.998374
GPCR,pAC50,6365,6.796,7.708069
GPCR,pAC50,6366,5.77,7.3485146
GPCR,pAC50,6367,6.602,6.199625
GPCR,pAC50,6368,8.886,8.9376335
GPCR,pAC50,6369,5.658,5.444618
GPCR,pAC50,6370,5.721,6.272623
GPCR,pAC50,6371,6.092,6.085408
GPCR,pAC50,6372,6.839,7.461748
GPCR,pAC50,6373,7.921,8.012857
GPCR,pAC50,6374,8.523,8.647814
GPCR,pAC50,6375,7.721,6.6933527
GPCR,pAC50,6376,6.431,5.350692
GPCR,pAC50,6377,5.848,5.9952707
GPCR,pAC50,6378,5.216,5.729804
GPCR,pAC50,6379,7.62,7.435833
GPCR,pAC50,6380,7.658,7.685582
GPCR,pAC50,6381,8.18,7.7524033
GPCR,pAC50,6382,6.131,6.10116
GPCR,pAC50,6383,5.67,6.5052776
GPCR,pAC50,6384,6.917,6.613407
GPCR,pAC50,6385,7.425,7.223119
GPCR,pAC50,6386,6.77,6.880862
GPCR,pAC50,6387,7.426,6.9774094
GPCR,pAC50,6388,7.42,7.780058
GPCR,pAC50,6389,6.865,8.222344
GPCR,pAC50,6390,6.018,4.707201
GPCR,pAC50,6391,8.0,7.9228144
GPCR,pAC50,6392,6.745,6.696926
GPCR,pAC50,6393,7.155,7.0752935
GPCR,pAC50,6394,5.585,5.4214067
GPCR,pAC50,6395,4.221,4.511507
GPCR,pAC50,6396,4.292,4.8529224
GPCR,pAC50,6397,7.658,8.757417
GPCR,pAC50,6398,6.793,7.248723
GPCR,pAC50,6399,7.215,8.175352
GPCR,pAC50,6400,9.523,9.397984
GPCR,pAC50,6401,10.0,9.800491
GPCR,pAC50,6402,9.398,9.145153
GPCR,pAC50,6403,7.086,6.744113
GPCR,pAC50,6404,6.854,6.758875
GPCR,pAC50,6405,6.615,6.576048
GPCR,pAC50,6406,6.47,7.3928328
GPCR,pAC50,6407,8.07,7.7377806
GPCR,pAC50,6408,7.61,7.4970675
GPCR,pAC50,6409,7.78,7.862487
GPCR,pAC50,6410,7.67,7.916009
GPCR,pAC50,6411,8.21,7.8279467
GPCR,pAC50,6412,8.75,8.706764
GPCR,pAC50,6413,6.247,6.1025534
GPCR,pAC50,6414,6.09,5.9129286
GPCR,pAC50,6415,6.251,6.3937798
GPCR,pAC50,6416,5.607,6.940281
GPCR,pAC50,6417,5.824,6.8102303
GPCR,pAC50,6418,5.459,6.424738
GPCR,pAC50,6419,8.027,8.161697
GPCR,pAC50,6420,5.321,9.273431
GPCR,pAC50,6421,8.77,8.827285
GPCR,pAC50,6422,8.469,8.563255
GPCR,pAC50,6423,8.444,8.32692
GPCR,pAC50,6424,7.75,9.026455
GPCR,pAC50,6425,7.137,8.607708
GPCR,pAC50,6426,6.773,7.172241
GPCR,pAC50,6427,7.014,7.449458
GPCR,pAC50,6428,8.301,6.1088066
GPCR,pAC50,6429,6.745,6.884245
GPCR,pAC50,6430,7.237,7.616955
GPCR,pAC50,6431,8.097,8.631309
GPCR,pAC50,6432,6.854,7.3377533
GPCR,pAC50,6433,7.658,7.6457186
GPCR,pAC50,6434,7.264,7.5144835
GPCR,pAC50,6435,6.658,6.937587
GPCR,pAC50,6436,3.292,4.937608
GPCR,pAC50,6437,6.233,6.3366795
GPCR,pAC50,6438,6.335,6.453925
GPCR,pAC50,6439,5.845,5.831544
GPCR,pAC50,6440,6.507,6.4175034
GPCR,pAC50,6441,6.473,6.888319
GPCR,pAC50,6442,7.385,7.0517626
GPCR,pAC50,6443,6.261,6.1805754
GPCR,pAC50,6444,6.651,6.726184
GPCR,pAC50,6445,6.625,7.419797
GPCR,pAC50,6446,6.846,6.6169844
GPCR,pAC50,6447,5.481,5.853571
GPCR,pAC50,6448,5.252,5.97423
GPCR,pAC50,6449,7.658,7.998968
GPCR,pAC50,6450,8.0,7.642845
GPCR,pAC50,6451,7.252,7.8682613
GPCR,pAC50,6452,8.167,8.063328
GPCR,pAC50,6453,6.268,6.0600777
GPCR,pAC50,6454,6.227,6.1761847
GPCR,pAC50,6455,7.268,7.874058
GPCR,pAC50,6456,7.347,8.749601
GPCR,pAC50,6457,7.509,7.2950506
GPCR,pAC50,6458,7.569,7.506958
GPCR,pAC50,6459,8.398,9.083957
GPCR,pAC50,6460,7.222,7.3346395
GPCR,pAC50,6461,6.712,6.9966736
GPCR,pAC50,6462,6.338,5.8769226
GPCR,pAC50,6463,5.0,5.617732
GPCR,pAC50,6464,6.523,6.193615
GPCR,pAC50,6465,6.959,7.9155846
GPCR,pAC50,6466,5.996,6.0292034
GPCR,pAC50,6467,6.69,6.3137207
GPCR,pAC50,6468,8.8,8.7683735
GPCR,pAC50,6469,7.9,8.38445
GPCR,pAC50,6470,8.7,8.098598
GPCR,pAC50,6471,8.6,9.187008
GPCR,pAC50,6472,8.8,9.089947
GPCR,pAC50,6473,8.2,8.7586975
GPCR,pAC50,6474,7.5,7.8286314
GPCR,pAC50,6475,9.0,8.268635
GPCR,pAC50,6476,8.3,8.095157
GPCR,pAC50,6477,7.6,7.235819
GPCR,pAC50,6478,8.5,8.066815
GPCR,pAC50,6479,7.5,7.377969
GPCR,pAC50,6480,7.4,7.2888193
GPCR,pAC50,6481,9.1,8.687538
GPCR,pAC50,6482,7.7,7.665346
GPCR,pAC50,6483,8.5,8.569335
GPCR,pAC50,6484,9.5,8.904085
GPCR,pAC50,6485,3.824,4.287328
GPCR,pAC50,6486,4.523,4.7463617
GPCR,pAC50,6487,8.745,8.624943
GPCR,pAC50,6488,8.149,8.422453
GPCR,pAC50,6489,8.745,8.865107
GPCR,pAC50,6490,8.119,7.951088
GPCR,pAC50,6491,5.65,5.8365107
GPCR,pAC50,6492,8.77,8.551508
GPCR,pAC50,6493,6.64,6.908515
GPCR,pAC50,6494,6.57,6.6425343
GPCR,pAC50,6495,5.301,5.0534286
GPCR,pAC50,6496,5.495,5.0266905
GPCR,pAC50,6497,5.495,4.8689175
GPCR,pAC50,6498,7.539,7.3384123
GPCR,pAC50,6499,9.046,8.899686
GPCR,pAC50,6500,6.879,7.328868
GPCR,pAC50,6501,6.879,6.9046555
GPCR,pAC50,6502,5.066,5.6323338
GPCR,pAC50,6503,7.141,7.2244797
GPCR,pAC50,6504,8.6,9.198453
GPCR,pAC50,6505,9.7,9.542847
GPCR,pAC50,6506,10.0,10.122271
GPCR,pAC50,6507,9.0,9.212433
GPCR,pAC50,6508,10.0,10.059742
GPCR,pAC50,6509,8.6,8.897366
GPCR,pAC50,6510,6.237,6.4949265
GPCR,pAC50,6511,6.775,6.635517
GPCR,pAC50,6512,7.387,7.3285875
GPCR,pAC50,6513,7.018,7.0648785
GPCR,pAC50,6514,6.523,6.541092
GPCR,pAC50,6515,4.252,4.7830954
GPCR,pAC50,6516,8.495,8.654466
GPCR,pAC50,6517,9.051,9.018271
GPCR,pAC50,6518,8.347,8.163726
GPCR,pAC50,6519,9.721,9.330051
GPCR,pAC50,6520,9.678,9.32056
GPCR,pAC50,6521,6.011,6.578435
GPCR,pAC50,6522,6.024,5.8717346
GPCR,pAC50,6523,5.662,5.8270845
GPCR,pAC50,6524,5.724,5.427128
GPCR,pAC50,6525,5.86,5.8601255
GPCR,pAC50,6526,5.606,6.137457
GPCR,pAC50,6527,6.674,5.687105
GPCR,pAC50,6528,7.499,7.797387
GPCR,pAC50,6529,5.108,5.111985
GPCR,pAC50,6530,4.337,4.615757
GPCR,pAC50,6531,8.62,8.401046
GPCR,pAC50,6532,6.921,7.037771
GPCR,pAC50,6533,5.915,6.7616005
GPCR,pAC50,6534,8.77,8.569193
GPCR,pAC50,6535,8.77,8.51491
GPCR,pAC50,6536,7.237,7.667611
GPCR,pAC50,6537,8.921,8.384893
GPCR,pAC50,6538,7.745,8.230299
GPCR,pAC50,6539,9.0,9.030465
GPCR,pAC50,6540,6.1,6.8149004
GPCR,pAC50,6541,5.607,5.6384315
GPCR,pAC50,6542,5.073,4.8995895
GPCR,pAC50,6543,4.875,4.52754
GPCR,pAC50,6544,9.081,8.891003
GPCR,pAC50,6545,8.057,7.56859
GPCR,pAC50,6546,10.398,10.056111
GPCR,pAC50,6547,9.824,9.496101
GPCR,pAC50,6548,10.0,9.161756
GPCR,pAC50,6549,7.799,8.015724
GPCR,pAC50,6550,7.955,8.010873
GPCR,pAC50,6551,8.456,8.453621
GPCR,pAC50,6552,9.187,9.242954
GPCR,pAC50,6553,7.772,7.768076
GPCR,pAC50,6554,8.097,8.585848
GPCR,pAC50,6555,7.595,7.7313166
GPCR,pAC50,6556,8.215,7.956646
GPCR,pAC50,6557,8.481,8.033686
GPCR,pAC50,6558,8.018,7.968364
GPCR,pAC50,6559,7.444,7.531513
GPCR,pAC50,6560,6.71,7.6236315
GPCR,pAC50,6561,8.959,8.831076
GPCR,pAC50,6562,8.796,8.056776
GPCR,pAC50,6563,8.319,8.424246
GPCR,pAC50,6564,6.26,5.878721
GPCR,pAC50,6565,6.33,6.7647905
GPCR,pAC50,6566,6.052,6.059849
GPCR,pAC50,6567,6.851,6.556528
GPCR,pAC50,6568,6.052,6.4031954
GPCR,pAC50,6569,6.652,5.7328234
GPCR,pAC50,6570,7.481,7.3427773
GPCR,pAC50,6571,6.032,5.771063
GPCR,pAC50,6572,6.658,6.651024
GPCR,pAC50,6573,6.357,7.3872433
GPCR,pAC50,6574,9.0,9.459872
GPCR,pAC50,6575,9.18,8.234912
GPCR,pAC50,6576,9.301,9.5889225
GPCR,pAC50,6577,7.73,7.8978634
GPCR,pAC50,6578,5.0,5.0120335
GPCR,pAC50,6579,4.793,5.9828396
GPCR,pAC50,6580,6.745,7.105403
GPCR,pAC50,6581,8.658,8.340525
GPCR,pAC50,6582,7.481,8.168383
GPCR,pAC50,6583,7.08,8.39127
GPCR,pAC50,6584,7.431,7.810025
GPCR,pAC50,6585,8.424,8.409412
GPCR,pAC50,6586,7.975,8.212373
GPCR,pAC50,6587,6.12,6.2212753
GPCR,pAC50,6588,5.585,5.57137
GPCR,pAC50,6589,8.569,7.5043945
GPCR,pAC50,6590,6.347,6.6580315
GPCR,pAC50,6591,8.187,8.211081
GPCR,pAC50,6592,8.367,8.317018
GPCR,pAC50,6593,10.721,7.7085333
GPCR,pAC50,6594,8.399,8.590561
GPCR,pAC50,6595,6.5,6.007963
GPCR,pAC50,6596,7.0,7.1572742
GPCR,pAC50,6597,5.45,6.0988665
GPCR,pAC50,6598,4.638,6.132678
GPCR,pAC50,6599,6.377,7.056675
GPCR,pAC50,6600,8.469,8.390648
GPCR,pAC50,6601,7.229,7.1262074
GPCR,pAC50,6602,5.301,6.615329
GPCR,pAC50,6603,6.409,7.1041193
GPCR,pAC50,6604,7.387,7.2180653
GPCR,pAC50,6605,7.745,7.8717155
GPCR,pAC50,6606,6.381,6.577425
GPCR,pAC50,6607,5.156,5.411005
GPCR,pAC50,6608,8.377,8.033756
GPCR,pAC50,6609,8.745,8.216866
GPCR,pAC50,6610,7.469,6.9648514
GPCR,pAC50,6611,7.066,7.218257
GPCR,pAC50,6612,6.301,6.694598
GPCR,pAC50,6613,7.071,6.380537
GPCR,pAC50,6614,6.155,5.8018026
GPCR,pAC50,6615,6.301,5.9852943
GPCR,pAC50,6616,6.585,6.347356
GPCR,pAC50,6617,6.222,6.075964
GPCR,pAC50,6618,6.553,6.448797
GPCR,pAC50,6619,5.854,5.6510477
GPCR,pAC50,6620,5.337,5.3608246
GPCR,pAC50,6621,5.367,5.429141
GPCR,pAC50,6622,8.284,8.1146
GPCR,pAC50,6623,4.813,4.775421
GPCR,pAC50,6624,5.484,5.5922613
GPCR,pAC50,6625,5.04,4.9737167
GPCR,pAC50,6626,8.301,8.599563
GPCR,pAC50,6627,9.699,6.2963343
GPCR,pAC50,6628,8.056,7.80276
GPCR,pAC50,6629,7.745,7.689149
GPCR,pAC50,6630,6.004,5.6983547
GPCR,pAC50,6631,6.086,6.0723486
GPCR,pAC50,6632,6.699,6.7196913
GPCR,pAC50,6633,6.607,6.708987
GPCR,pAC50,6634,5.198,5.3257294
GPCR,pAC50,6635,7.824,8.492897
GPCR,pAC50,6636,9.538,9.936756
GPCR,pAC50,6637,8.31,8.229909
GPCR,pAC50,6638,7.526,7.545706
GPCR,pAC50,6639,9.097,8.275719
GPCR,pAC50,6640,7.903,7.868188
GPCR,pAC50,6641,7.585,7.4422207
GPCR,pAC50,6642,5.873,5.8135023
GPCR,pAC50,6643,5.502,5.516836
GPCR,pAC50,6644,6.301,6.294877
GPCR,pAC50,6645,7.0,6.409153
GPCR,pAC50,6646,6.699,7.0487795
GPCR,pAC50,6647,7.153,7.1414995
GPCR,pAC50,6648,3.423,3.7206328
GPCR,pAC50,6649,7.432,7.9424715
GPCR,pAC50,6650,9.4,9.629412
GPCR,pAC50,6651,8.8,9.331859
GPCR,pAC50,6652,8.42,8.344903
GPCR,pAC50,6653,8.092,8.241055
GPCR,pAC50,6654,8.602,8.448734
GPCR,pAC50,6655,8.509,8.094382
GPCR,pAC50,6656,9.022,8.151321
GPCR,pAC50,6657,8.678,8.524931
GPCR,pAC50,6658,8.2,8.226883
GPCR,pAC50,6659,8.7,8.061568
GPCR,pAC50,6660,7.4,7.3445463
GPCR,pAC50,6661,7.9,7.6702986
GPCR,pAC50,6662,9.211,8.852212
GPCR,pAC50,6663,8.265,8.581641
GPCR,pAC50,6664,7.027,7.6137524
GPCR,pAC50,6665,8.349,8.309295
GPCR,pAC50,6666,8.77,8.471524
GPCR,pAC50,6667,9.125,8.867375
GPCR,pAC50,6668,8.352,7.6926136
GPCR,pAC50,6669,8.87,8.783562
GPCR,pAC50,6670,8.17,8.19047
GPCR,pAC50,6671,8.59,8.62719
GPCR,pAC50,6672,6.34,7.1589375
GPCR,pAC50,6673,8.44,8.062342
GPCR,pAC50,6674,8.0,8.601424
GPCR,pAC50,6675,5.785,5.9789944
GPCR,pAC50,6676,4.747,6.1042976
GPCR,pAC50,6677,6.658,7.070161
GPCR,pAC50,6678,7.355,7.194586
GPCR,pAC50,6679,7.123,6.6394634
GPCR,pAC50,6680,7.088,6.4886904
GPCR,pAC50,6681,8.796,8.933388
GPCR,pAC50,6682,8.658,9.080377
GPCR,pAC50,6683,7.146,7.869689
GPCR,pAC50,6684,7.358,7.7054367
GPCR,pAC50,6685,8.62,9.137107
GPCR,pAC50,6686,7.702,6.501153
GPCR,pAC50,6687,8.602,7.5635834
GPCR,pAC50,6688,8.402,6.459299
GPCR,pAC50,6689,8.55,7.253685
GPCR,pAC50,6690,7.928,8.14054
GPCR,pAC50,6691,7.444,7.2637167
GPCR,pAC50,6692,7.292,7.331483
GPCR,pAC50,6693,7.06,6.7429876
GPCR,pAC50,6694,6.764,6.827836
GPCR,pAC50,6695,6.126,6.513397
GPCR,pAC50,6696,6.928,6.4520216
GPCR,pAC50,6697,6.406,6.630666
GPCR,pAC50,6698,5.955,6.341696
GPCR,pAC50,6699,6.644,6.2030573
GPCR,pAC50,6700,7.818,7.811841
GPCR,pAC50,6701,7.745,7.6860886
GPCR,pAC50,6702,7.432,7.201255
GPCR,pAC50,6703,6.928,7.3157387
GPCR,pAC50,6704,7.745,7.376048
GPCR,pAC50,6705,6.91,6.539425
GPCR,pAC50,6706,6.874,7.227912
GPCR,pAC50,6707,6.676,6.6933546
GPCR,pAC50,6708,7.194,7.0909595
GPCR,pAC50,6709,8.456,8.090423
GPCR,pAC50,6710,8.076,8.275926
GPCR,pAC50,6711,7.409,6.999487
GPCR,pAC50,6712,7.796,7.9093714
GPCR,pAC50,6713,8.071,7.961958
GPCR,pAC50,6714,7.456,7.5464764
GPCR,pAC50,6715,7.678,7.6637726
GPCR,pAC50,6716,7.509,7.609231
GPCR,pAC50,6717,4.873,4.8134546
GPCR,pAC50,6718,7.046,6.919796
GPCR,pAC50,6719,7.135,7.121151
GPCR,pAC50,6720,7.268,6.9392138
GPCR,pAC50,6721,4.959,5.812908
GPCR,pAC50,6722,5.143,6.3394814
GPCR,pAC50,6723,6.204,6.4616976
GPCR,pAC50,6724,7.377,7.037245
GPCR,pAC50,6725,6.229,6.828454
GPCR,pAC50,6726,6.205,6.6288214
GPCR,pAC50,6727,5.886,7.450238
GPCR,pAC50,6728,6.237,7.3359833
GPCR,pAC50,6729,6.066,6.479905
GPCR,pAC50,6730,5.458,6.002928
GPCR,pAC50,6731,7.538,7.95638
GPCR,pAC50,6732,5.584,6.6879416
GPCR,pAC50,6733,6.128,5.99539
GPCR,pAC50,6734,7.108,6.806651
GPCR,pAC50,6735,7.137,7.027771
GPCR,pAC50,6736,6.928,6.737385
GPCR,pAC50,6737,5.934,6.3048697
GPCR,pAC50,6738,6.169,6.6994343
GPCR,pAC50,6739,8.921,9.103735
GPCR,pAC50,6740,8.959,8.759187
GPCR,pAC50,6741,8.77,8.838345
GPCR,pAC50,6742,8.54,8.818275
GPCR,pAC50,6743,8.337,7.9847965
GPCR,pAC50,6744,8.699,8.716112
GPCR,pAC50,6745,8.092,7.281904
GPCR,pAC50,6746,6.638,7.9309244
GPCR,pAC50,6747,6.242,6.814575
GPCR,pAC50,6748,7.77,7.6015654
GPCR,pAC50,6749,5.638,5.2651463
GPCR,pAC50,6750,5.495,5.534727
GPCR,pAC50,6751,5.0,5.4715557
GPCR,pAC50,6752,8.921,8.396392
GPCR,pAC50,6753,7.155,7.9511204
GPCR,pAC50,6754,6.699,6.930193
GPCR,pAC50,6755,8.42,8.224721
GPCR,pAC50,6756,6.155,6.620906
GPCR,pAC50,6757,5.119,6.462656
GPCR,pAC50,6758,5.815,6.102931
GPCR,pAC50,6759,6.624,6.422944
GPCR,pAC50,6760,6.592,6.532013
GPCR,pAC50,6761,7.256,6.832819
GPCR,pAC50,6762,7.131,6.641445
GPCR,pAC50,6763,7.022,6.207675
GPCR,pAC50,6764,7.086,6.8650675
GPCR,pAC50,6765,7.921,7.832779
GPCR,pAC50,6766,8.097,7.841317
GPCR,pAC50,6767,8.699,7.775076
GPCR,pAC50,6768,8.398,7.861146
GPCR,pAC50,6769,5.026,4.809026
GPCR,pAC50,6770,7.523,8.034172
GPCR,pAC50,6771,7.77,8.264085
GPCR,pAC50,6772,6.276,6.4234886
GPCR,pAC50,6773,5.569,5.997511
GPCR,pAC50,6774,8.0,8.266337
GPCR,pAC50,6775,8.6,8.302481
GPCR,pAC50,6776,7.1,7.1438713
GPCR,pAC50,6777,7.2,6.8556623
GPCR,pAC50,6778,7.5,7.5657406
GPCR,pAC50,6779,6.2,6.538265
GPCR,pAC50,6780,5.9,7.1790113
GPCR,pAC50,6781,9.959,9.464169
GPCR,pAC50,6782,5.398,5.4027386
GPCR,pAC50,6783,4.876,5.468793
GPCR,pAC50,6784,5.22,6.069972
GPCR,pAC50,6785,5.947,5.3618183
GPCR,pAC50,6786,6.371,5.6266336
GPCR,pAC50,6787,6.287,6.533409
GPCR,pAC50,6788,5.85,5.7750225
GPCR,pAC50,6789,8.301,8.093633
GPCR,pAC50,6790,8.301,7.9047174
GPCR,pAC50,6791,5.77,6.21649
GPCR,pAC50,6792,5.936,5.930829
GPCR,pAC50,6793,5.611,5.592413
GPCR,pAC50,6794,5.727,5.893614
GPCR,pAC50,6795,5.505,5.8372355
GPCR,pAC50,6796,6.29,6.1728325
GPCR,pAC50,6797,5.429,5.9549065
GPCR,pAC50,6798,6.129,5.558749
GPCR,pAC50,6799,6.578,6.354558
GPCR,pAC50,6800,6.377,6.3064175
GPCR,pAC50,6801,6.315,6.3502617
GPCR,pAC50,6802,5.495,5.5299025
GPCR,pAC50,6803,5.506,5.5899677
GPCR,pAC50,6804,5.432,5.290779
GPCR,pAC50,6805,4.825,4.6172295
GPCR,pAC50,6806,8.42,9.25728
GPCR,pAC50,6807,9.546,9.262131
GPCR,pAC50,6808,6.439,7.0953207
GPCR,pAC50,6809,6.303,7.6499453
GPCR,pAC50,6810,5.755,6.0077963
GPCR,pAC50,6811,9.036,9.181958
GPCR,pAC50,6812,8.347,8.940992
GPCR,pAC50,6813,9.009,9.032383
GPCR,pAC50,6814,8.638,8.905489
GPCR,pAC50,6815,6.783,6.8359537
GPCR,pAC50,6816,6.764,6.473881
GPCR,pAC50,6817,7.398,7.0299196
GPCR,pAC50,6818,7.26,7.356139
GPCR,pAC50,6819,6.824,6.4334583
GPCR,pAC50,6820,6.42,6.1007996
GPCR,pAC50,6821,10.167,9.787785
GPCR,pAC50,6822,9.097,8.525463
GPCR,pAC50,6823,7.585,6.493808
GPCR,pAC50,6824,7.3,7.0027533
GPCR,pAC50,6825,7.0,6.6984215
GPCR,pAC50,6826,7.474,8.093536
GPCR,pAC50,6827,6.491,7.4041967
GPCR,pAC50,6828,6.311,6.930414
GPCR,pAC50,6829,6.104,6.4093666
GPCR,pAC50,6830,4.0,4.02388
GPCR,pAC50,6831,8.119,8.064392
GPCR,pAC50,6832,8.604,8.633451
GPCR,pAC50,6833,8.539,8.703442
GPCR,pAC50,6834,8.538,8.296942
GPCR,pAC50,6835,8.585,8.318517
GPCR,pAC50,6836,8.013,7.88008
GPCR,pAC50,6837,8.699,8.647848
GPCR,pAC50,6838,8.215,8.703806
GPCR,pAC50,6839,5.547,5.452283
GPCR,pAC50,6840,4.816,4.6517696
GPCR,pAC50,6841,6.037,6.213664
GPCR,pAC50,6842,5.933,6.195095
GPCR,pAC50,6843,7.155,7.341236
GPCR,pAC50,6844,6.812,6.8880186
GPCR,pAC50,6845,8.611,7.09321
GPCR,pAC50,6846,6.65,6.83978
GPCR,pAC50,6847,7.352,7.461546
GPCR,pAC50,6848,5.747,6.740304
GPCR,pAC50,6849,5.722,5.845792
GPCR,pAC50,6850,6.485,6.349992
GPCR,pAC50,6851,6.299,5.4207373
GPCR,pAC50,6852,5.751,6.0793715
GPCR,pAC50,6853,5.223,5.756359
GPCR,pAC50,6854,5.926,5.9822226
GPCR,pAC50,6855,5.817,5.4423857
GPCR,pAC50,6856,6.294,5.801833
GPCR,pAC50,6857,5.468,5.4389315
GPCR,pAC50,6858,7.991,8.002603
GPCR,pAC50,6859,8.77,7.966758
GPCR,pAC50,6860,7.814,8.263733
GPCR,pAC50,6861,9.368,9.490479
GPCR,pAC50,6862,6.477,7.0437136
GPCR,pAC50,6863,5.881,6.539858
GPCR,pAC50,6864,8.229,8.588297
GPCR,pAC50,6865,8.523,8.776689
GPCR,pAC50,6866,9.367,9.709265
GPCR,pAC50,6867,9.367,9.491659
GPCR,pAC50,6868,7.009,7.504141
GPCR,pAC50,6869,7.301,7.51348
GPCR,pAC50,6870,9.6,9.1443405
GPCR,pAC50,6871,6.6,5.968158
GPCR,pAC50,6872,5.737,6.672333
GPCR,pAC50,6873,6.807,7.510083
GPCR,pAC50,6874,6.896,6.6629305
GPCR,pAC50,6875,7.38,7.4040537
GPCR,pAC50,6876,6.611,6.7366266
GPCR,pAC50,6877,8.714,9.067145
GPCR,pAC50,6878,6.076,6.1113844
GPCR,pAC50,6879,7.642,7.651595
GPCR,pAC50,6880,7.106,6.675727
GPCR,pAC50,6881,7.535,7.644534
GPCR,pAC50,6882,6.12,5.820635
GPCR,pAC50,6883,8.921,9.292274
GPCR,pAC50,6884,4.79,5.108864
GPCR,pAC50,6885,7.712,7.3076077
GPCR,pAC50,6886,8.77,7.7214203
GPCR,pAC50,6887,6.863,6.6995726
GPCR,pAC50,6888,11.0,10.531017
GPCR,pAC50,6889,8.921,7.1431665
GPCR,pAC50,6890,8.481,8.682477
GPCR,pAC50,6891,7.398,7.2103367
GPCR,pAC50,6892,9.523,9.156015
GPCR,pAC50,6893,7.26,6.4081125
GPCR,pAC50,6894,8.796,8.658779
GPCR,pAC50,6895,6.444,6.4200907
GPCR,pAC50,6896,8.222,7.417033
GPCR,pAC50,6897,6.502,5.921502
GPCR,pAC50,6898,5.88,6.852597
GPCR,pAC50,6899,7.044,7.1630383
GPCR,pAC50,6900,6.54,7.216425
GPCR,pAC50,6901,6.55,6.8823547
GPCR,pAC50,6902,6.013,6.6708174
GPCR,pAC50,6903,5.72,5.751875
GPCR,pAC50,6904,7.523,7.6524057
GPCR,pAC50,6905,5.719,5.3790903
GPCR,pAC50,6906,7.032,7.6136866
GPCR,pAC50,6907,7.262,7.4257536
GPCR,pAC50,6908,6.544,6.823209
GPCR,pAC50,6909,7.198,7.6981087
GPCR,pAC50,6910,7.044,7.1034727
GPCR,pAC50,6911,7.234,7.5690336
GPCR,pAC50,6912,7.294,7.4479103
GPCR,pAC50,6913,5.081,5.276499
GPCR,pAC50,6914,4.968,4.8350315
GPCR,pAC50,6915,5.504,6.3331423
GPCR,pAC50,6916,6.128,6.3869076
GPCR,pAC50,6917,4.721,4.9620533
GPCR,pAC50,6918,7.174,7.049057
GPCR,pAC50,6919,6.609,6.75449
GPCR,pAC50,6920,8.399,7.6057243
GPCR,pAC50,6921,7.688,5.823386
GPCR,pAC50,6922,6.602,5.983676
GPCR,pAC50,6923,6.347,7.6771736
GPCR,pAC50,6924,5.959,6.8148355
GPCR,pAC50,6925,5.678,7.521241
GPCR,pAC50,6926,6.77,8.755581
GPCR,pAC50,6927,6.49,9.2790575
GPCR,pAC50,6928,6.89,8.427479
GPCR,pAC50,6929,5.658,5.431098
GPCR,pAC50,6930,7.42,5.5705194
GPCR,pAC50,6931,5.886,6.3945875
GPCR,pAC50,6932,6.039,6.951726
GPCR,pAC50,6933,9.155,8.745706
GPCR,pAC50,6934,8.62,9.3497925
GPCR,pAC50,6935,9.0,9.433107
GPCR,pAC50,6936,6.481,6.1766596
GPCR,pAC50,6937,6.287,6.4543552
GPCR,pAC50,6938,7.0,7.168192
GPCR,pAC50,6939,8.301,6.335226
GPCR,pAC50,6940,7.222,6.39027
GPCR,pAC50,6941,7.097,7.7320147
GPCR,pAC50,6942,4.854,4.918256
GPCR,pAC50,6943,5.215,5.20595
GPCR,pAC50,6944,5.481,4.700197
GPCR,pAC50,6945,5.6,6.5691357
GPCR,pAC50,6946,9.672,9.523657
GPCR,pAC50,6947,7.812,9.406516
GPCR,pAC50,6948,9.1,8.885876
GPCR,pAC50,6949,9.21,9.44085
GPCR,pAC50,6950,7.79,9.702705
GPCR,pAC50,6951,8.57,9.147024
GPCR,pAC50,6952,8.99,8.440944
GPCR,pAC50,6953,6.51,9.202425
GPCR,pAC50,6954,8.67,9.38769
GPCR,pAC50,6955,5.13,5.7687063
GPCR,pAC50,6956,5.31,4.996153
GPCR,pAC50,6957,6.06,5.4436474
GPCR,pAC50,6958,8.0,8.495571
GPCR,pAC50,6959,5.77,6.535054
GPCR,pAC50,6960,6.357,6.5921946
GPCR,pAC50,6961,6.585,6.2833815
GPCR,pAC50,6962,7.137,6.737752
GPCR,pAC50,6963,7.857,8.219444
GPCR,pAC50,6964,5.712,6.0590515
GPCR,pAC50,6965,6.444,5.9431467
GPCR,pAC50,6966,7.248,6.790062
GPCR,pAC50,6967,6.05,6.8540773
GPCR,pAC50,6968,6.32,6.2387934
GPCR,pAC50,6969,7.105,6.0674887
GPCR,pAC50,6970,6.043,6.1539764
GPCR,pAC50,6971,8.301,8.46944
GPCR,pAC50,6972,8.387,7.4697456
GPCR,pAC50,6973,7.83,8.014966
GPCR,pAC50,6974,7.602,7.6501703
GPCR,pAC50,6975,6.959,7.028349
GPCR,pAC50,6976,7.595,8.005117
GPCR,pAC50,6977,7.659,7.617488
GPCR,pAC50,6978,7.639,6.9758854
GPCR,pAC50,6979,6.409,7.3212204
GPCR,pAC50,6980,7.119,6.9451895
GPCR,pAC50,6981,5.357,5.826151
GPCR,pAC50,6982,6.201,7.3825397
GPCR,pAC50,6983,7.387,6.8214226
GPCR,pAC50,6984,7.097,7.592494
GPCR,pAC50,6985,6.261,6.6643314
GPCR,pAC50,6986,8.357,8.197008
GPCR,pAC50,6987,6.149,6.417282
GPCR,pAC50,6988,5.553,6.339239
GPCR,pAC50,6989,6.097,5.124031
GPCR,pAC50,6990,6.664,6.270153
GPCR,pAC50,6991,8.23,8.213398
GPCR,pAC50,6992,7.85,7.656543
GPCR,pAC50,6993,9.288,8.763575
GPCR,pAC50,6994,10.076,9.58231
GPCR,pAC50,6995,9.098,9.503664
GPCR,pAC50,6996,9.079,9.563425
GPCR,pAC50,6997,10.357,9.668082
GPCR,pAC50,6998,10.225,9.548044
GPCR,pAC50,6999,10.105,9.460642
GPCR,pAC50,7000,7.689,9.575581
GPCR,pAC50,7001,9.018,10.573677
GPCR,pAC50,7002,9.025,9.495155
GPCR,pAC50,7003,8.979,9.187058
GPCR,pAC50,7004,8.586,9.422658
GPCR,pAC50,7005,6.111,7.1553736
GPCR,pAC50,7006,6.57,7.825177
GPCR,pAC50,7007,7.803,7.4753675
GPCR,pAC50,7008,5.553,4.9873114
GPCR,pAC50,7009,8.114,5.646119
GPCR,pAC50,7010,7.699,7.3682356
GPCR,pAC50,7011,6.585,5.8459187
GPCR,pAC50,7012,6.569,6.293702
GPCR,pAC50,7013,5.678,5.86234
GPCR,pAC50,7014,7.125,6.867445
GPCR,pAC50,7015,6.824,6.907213
GPCR,pAC50,7016,5.658,4.982971
GPCR,pAC50,7017,6.377,6.9475994
GPCR,pAC50,7018,9.456,9.629092
GPCR,pAC50,7019,9.721,10.31576
GPCR,pAC50,7020,9.585,10.31506
GPCR,pAC50,7021,6.824,6.9711065
GPCR,pAC50,7022,6.721,7.0600348
GPCR,pAC50,7023,6.63,7.538519
GPCR,pAC50,7024,7.721,7.7663317
GPCR,pAC50,7025,6.1,6.050062
GPCR,pAC50,7026,6.2,6.1177673
GPCR,pAC50,7027,5.797,6.004511
GPCR,pAC50,7028,6.585,6.308429
GPCR,pAC50,7029,7.434,7.0209417
GPCR,pAC50,7030,5.347,5.7563906
GPCR,pAC50,7031,5.928,5.603533
GPCR,pAC50,7032,6.187,6.997569
GPCR,pAC50,7033,4.96,5.8968153
GPCR,pAC50,7034,8.201,8.098211
GPCR,pAC50,7035,6.003,6.718463
GPCR,pAC50,7036,5.039,5.20654
GPCR,pAC50,7037,5.252,5.1916428
GPCR,pAC50,7038,5.409,5.4474173
GPCR,pAC50,7039,5.456,5.0724735
GPCR,pAC50,7040,7.553,7.555849
GPCR,pAC50,7041,8.004,8.124924
GPCR,pAC50,7042,6.268,7.1875067
GPCR,pAC50,7043,5.411,5.5455875
GPCR,pAC50,7044,5.419,5.641321
GPCR,pAC50,7045,5.374,5.097624
GPCR,pAC50,7046,6.092,5.5527353
GPCR,pAC50,7047,6.149,5.391037
GPCR,pAC50,7048,7.201,7.25457
GPCR,pAC50,7049,7.82,8.131484
GPCR,pAC50,7050,7.201,7.7810287
GPCR,pAC50,7051,7.358,7.876606
GPCR,pAC50,7052,7.286,6.952428
GPCR,pAC50,7053,5.506,7.1115837
GPCR,pAC50,7054,5.475,5.4874344
GPCR,pAC50,7055,6.827,6.4138575
GPCR,pAC50,7056,5.807,6.645319
GPCR,pAC50,7057,6.74,6.21566
GPCR,pAC50,7058,8.886,7.757716
GPCR,pAC50,7059,6.754,5.765517
GPCR,pAC50,7060,7.398,7.6140337
GPCR,pAC50,7061,8.398,8.515018
GPCR,pAC50,7062,6.699,6.2311096
GPCR,pAC50,7063,8.097,8.059658
GPCR,pAC50,7064,7.155,6.2355375
GPCR,pAC50,7065,8.125,6.423424
GPCR,pAC50,7066,5.369,5.346733
GPCR,pAC50,7067,8.469,7.3158655
GPCR,pAC50,7068,5.174,5.799471
GPCR,pAC50,7069,5.678,6.108569
GPCR,pAC50,7070,7.125,5.939331
GPCR,pAC50,7071,6.167,5.0535097
GPCR,pAC50,7072,7.509,6.9283905
GPCR,pAC50,7073,5.796,6.761362
GPCR,pAC50,7074,5.921,7.2219296
GPCR,pAC50,7075,6.218,7.129964
GPCR,pAC50,7076,6.953,6.6323757
GPCR,pAC50,7077,5.796,6.3550167
GPCR,pAC50,7078,5.874,6.6676702
GPCR,pAC50,7079,7.678,8.7443495
GPCR,pAC50,7080,8.301,8.373854
GPCR,pAC50,7081,5.973,6.954239
GPCR,pAC50,7082,7.728,8.051269
GPCR,pAC50,7083,7.456,7.9602537
GPCR,pAC50,7084,8.252,8.249279
GPCR,pAC50,7085,6.548,8.110317
GPCR,pAC50,7086,6.444,8.357401
GPCR,pAC50,7087,7.143,6.949786
GPCR,pAC50,7088,5.658,5.975401
GPCR,pAC50,7089,6.818,6.6545687
GPCR,pAC50,7090,8.079,7.670965
GPCR,pAC50,7091,6.377,5.913373
GPCR,pAC50,7092,5.347,5.7104607
GPCR,pAC50,7093,6.355,5.976632
GPCR,pAC50,7094,5.592,6.0576305
GPCR,pAC50,7095,7.46,7.6260633
GPCR,pAC50,7096,9.06,8.56056
GPCR,pAC50,7097,5.602,6.1265554
GPCR,pAC50,7098,5.879,6.7644405
GPCR,pAC50,7099,8.474,8.200949
GPCR,pAC50,7100,8.467,7.5991325
GPCR,pAC50,7101,7.39,8.15943
GPCR,pAC50,7102,9.465,9.072775
GPCR,pAC50,7103,9.377,8.67841
GPCR,pAC50,7104,9.507,9.539694
GPCR,pAC50,7105,9.614,9.096691
GPCR,pAC50,7106,6.4,6.1401052
GPCR,pAC50,7107,6.1,5.285371
GPCR,pAC50,7108,7.1,6.318591
GPCR,pAC50,7109,6.6,6.2167425
GPCR,pAC50,7110,5.764,6.3652287
GPCR,pAC50,7111,5.662,6.0849276
GPCR,pAC50,7112,6.785,7.1713095
GPCR,pAC50,7113,6.796,7.253909
GPCR,pAC50,7114,8.0,7.4750414
GPCR,pAC50,7115,7.602,7.831256
GPCR,pAC50,7116,7.569,6.816495
GPCR,pAC50,7117,7.164,6.9002705
GPCR,pAC50,7118,6.876,6.789757
GPCR,pAC50,7119,6.979,7.4234104
GPCR,pAC50,7120,7.389,7.57742
GPCR,pAC50,7121,8.022,7.2645464
GPCR,pAC50,7122,6.41,6.3010044
GPCR,pAC50,7123,7.711,7.5944443
GPCR,pAC50,7124,7.092,7.8772364
GPCR,pAC50,7125,7.221,6.862816
GPCR,pAC50,7126,6.029,6.2249613
GPCR,pAC50,7127,5.721,5.930133
GPCR,pAC50,7128,4.573,5.4620237
GPCR,pAC50,7129,5.222,5.3549213
GPCR,pAC50,7130,8.855,8.545437
GPCR,pAC50,7131,6.455,6.4949265
GPCR,pAC50,7132,8.762,8.431569
GPCR,pAC50,7133,6.073,5.9249334
GPCR,pAC50,7134,8.701,8.791719
GPCR,pAC50,7135,6.851,6.9301147
GPCR,pAC50,7136,6.747,6.321459
GPCR,pAC50,7137,4.98,6.1516895
GPCR,pAC50,7138,5.173,5.817609
GPCR,pAC50,7139,5.526,7.5637426
GPCR,pAC50,7140,4.426,8.352547
GPCR,pAC50,7141,5.063,6.3502903
GPCR,pAC50,7142,5.217,6.1026936
GPCR,pAC50,7143,4.971,6.4532537
GPCR,pAC50,7144,5.119,5.9986563
GPCR,pAC50,7145,4.546,6.745635
GPCR,pAC50,7146,6.7,7.718753
GPCR,pAC50,7147,7.17,7.332116
GPCR,pAC50,7148,6.65,7.5678596
GPCR,pAC50,7149,7.35,7.3764515
GPCR,pAC50,7150,6.796,9.075859
GPCR,pAC50,7151,6.745,6.492854
GPCR,pAC50,7152,5.967,5.922435
GPCR,pAC50,7153,7.745,7.8631506
GPCR,pAC50,7154,7.478,7.438855
GPCR,pAC50,7155,5.3,5.022435
GPCR,pAC50,7156,5.4,5.7016068
GPCR,pAC50,7157,5.539,6.786212
GPCR,pAC50,7158,7.757,7.7717037
GPCR,pAC50,7159,6.821,7.2523623
GPCR,pAC50,7160,6.032,6.811863
GPCR,pAC50,7161,7.372,7.609133
GPCR,pAC50,7162,7.239,7.1599617
GPCR,pAC50,7163,6.641,6.774889
GPCR,pAC50,7164,6.43,6.457488
GPCR,pAC50,7165,8.886,8.741432
GPCR,pAC50,7166,11.022,11.146563
GPCR,pAC50,7167,7.495,7.3395824
GPCR,pAC50,7168,5.887,6.426153
GPCR,pAC50,7169,6.886,6.857667
GPCR,pAC50,7170,8.292,8.066288
GPCR,pAC50,7171,6.693,6.065317
GPCR,pAC50,7172,8.629,8.274733
GPCR,pAC50,7173,6.901,5.962492
GPCR,pAC50,7174,8.318,9.111679
GPCR,pAC50,7175,9.421,9.486322
GPCR,pAC50,7176,8.255,7.8121033
GPCR,pAC50,7177,7.504,6.9300413
GPCR,pAC50,7178,8.432,8.909042
GPCR,pAC50,7179,7.161,7.7281456
GPCR,pAC50,7180,8.097,7.8498764
GPCR,pAC50,7181,7.4,7.6725283
GPCR,pAC50,7182,8.21,7.8885508
GPCR,pAC50,7183,5.398,5.195385
GPCR,pAC50,7184,8.678,8.426393
GPCR,pAC50,7185,9.046,8.391581
GPCR,pAC50,7186,7.699,7.058754
GPCR,pAC50,7187,6.268,6.616831
GPCR,pAC50,7188,5.959,5.8514996
GPCR,pAC50,7189,8.119,8.728498
GPCR,pAC50,7190,7.469,6.7707005
GPCR,pAC50,7191,6.997,6.0039873
GPCR,pAC50,7192,6.709,7.424618
GPCR,pAC50,7193,7.998,7.0533924
GPCR,pAC50,7194,8.26,8.14543
GPCR,pAC50,7195,7.895,7.461364
GPCR,pAC50,7196,7.612,7.861183
GPCR,pAC50,7197,6.481,6.658764
GPCR,pAC50,7198,6.868,5.686513
GPCR,pAC50,7199,7.796,6.528779
GPCR,pAC50,7200,7.488,7.34993
GPCR,pAC50,7201,6.542,6.6695986
GPCR,pAC50,7202,4.745,5.289259
GPCR,pAC50,7203,8.678,7.294344
GPCR,pAC50,7204,7.662,7.909214
GPCR,pAC50,7205,5.617,6.0303097
GPCR,pAC50,7206,6.284,7.050046
GPCR,pAC50,7207,7.208,7.121377
GPCR,pAC50,7208,4.137,4.117073
GPCR,pAC50,7209,4.921,5.793645
GPCR,pAC50,7210,9.699,8.757906
GPCR,pAC50,7211,5.699,5.571352
GPCR,pAC50,7212,7.612,7.8195105
GPCR,pAC50,7213,6.131,5.788477
GPCR,pAC50,7214,5.253,5.784561
GPCR,pAC50,7215,8.721,9.342899
GPCR,pAC50,7216,7.143,7.328188
GPCR,pAC50,7217,8.066,8.005483
GPCR,pAC50,7218,5.027,5.002735
GPCR,pAC50,7219,6.714,7.1045904
GPCR,pAC50,7220,10.699,10.120579
GPCR,pAC50,7221,5.526,8.158917
GPCR,pAC50,7222,7.312,6.8790636
GPCR,pAC50,7223,9.495,9.493297
GPCR,pAC50,7224,7.574,7.481433
GPCR,pAC50,7225,7.535,7.367399
GPCR,pAC50,7226,5.387,5.9026556
GPCR,pAC50,7227,5.585,5.5538006
GPCR,pAC50,7228,8.368,9.376836
GPCR,pAC50,7229,8.109,8.456459
GPCR,pAC50,7230,8.109,8.624973
GPCR,pAC50,7231,5.959,7.1592455
GPCR,pAC50,7232,10.824,11.462044
GPCR,pAC50,7233,10.108,10.481092
GPCR,pAC50,7234,8.084,7.499467
GPCR,pAC50,7235,8.06,9.994944
GPCR,pAC50,7236,7.62,7.89791
GPCR,pAC50,7237,7.35,8.1852255
GPCR,pAC50,7238,8.35,7.5566034
GPCR,pAC50,7239,7.79,7.794403
GPCR,pAC50,7240,10.74,9.957566
GPCR,pAC50,7241,10.97,9.745119
GPCR,pAC50,7242,10.33,10.264729
GPCR,pAC50,7243,6.553,6.6885815
GPCR,pAC50,7244,5.672,5.860873
GPCR,pAC50,7245,6.824,6.2044773
GPCR,pAC50,7246,6.631,6.135668
GPCR,pAC50,7247,5.184,6.2315454
GPCR,pAC50,7248,5.397,6.170949
GPCR,pAC50,7249,5.807,6.4169235
GPCR,pAC50,7250,6.041,6.116189
GPCR,pAC50,7251,7.866,7.66101
GPCR,pAC50,7252,5.952,6.1185675
GPCR,pAC50,7253,7.72,7.887084
GPCR,pAC50,7254,7.39,7.2679844
GPCR,pAC50,7255,6.41,6.462454
GPCR,pAC50,7256,5.796,6.095254
GPCR,pAC50,7257,6.678,6.575927
GPCR,pAC50,7258,6.7,6.3440285
GPCR,pAC50,7259,4.95,5.058567
GPCR,pAC50,7260,7.05,6.8721037
GPCR,pAC50,7261,6.17,6.0968866
GPCR,pAC50,7262,8.237,9.466953
GPCR,pAC50,7263,7.936,8.609201
GPCR,pAC50,7264,8.387,8.604134
GPCR,pAC50,7265,6.77,6.119789
GPCR,pAC50,7266,7.548,6.704977
GPCR,pAC50,7267,7.184,6.789892
GPCR,pAC50,7268,7.65,6.8355904
GPCR,pAC50,7269,5.886,5.3067513
GPCR,pAC50,7270,6.092,5.3758745
GPCR,pAC50,7271,4.638,4.7651215
GPCR,pAC50,7272,4.523,4.8927517
GPCR,pAC50,7273,4.921,4.556946
GPCR,pAC50,7274,5.796,5.560707
GPCR,pAC50,7275,5.398,5.9704075
GPCR,pAC50,7276,5.387,5.6040106
GPCR,pAC50,7277,5.244,4.899171
GPCR,pAC50,7278,5.0,4.9528103
GPCR,pAC50,7279,5.125,5.1951437
GPCR,pAC50,7280,5.119,5.313095
GPCR,pAC50,7281,4.523,5.455868
GPCR,pAC50,7282,7.195,7.3999186
GPCR,pAC50,7283,6.145,7.1273823
GPCR,pAC50,7284,7.926,7.907649
GPCR,pAC50,7285,7.455,7.831847
GPCR,pAC50,7286,7.569,7.9941483
GPCR,pAC50,7287,7.959,7.2092113
GPCR,pAC50,7288,6.013,7.5250263
GPCR,pAC50,7289,6.726,6.276515
GPCR,pAC50,7290,8.569,7.336712
GPCR,pAC50,7291,6.685,7.080514
GPCR,pAC50,7292,7.5,7.187684
GPCR,pAC50,7293,8.745,10.026306
GPCR,pAC50,7294,10.398,10.741634
GPCR,pAC50,7295,10.699,10.249296
GPCR,pAC50,7296,4.95,4.9511576
GPCR,pAC50,7297,4.86,5.3094854
GPCR,pAC50,7298,4.63,5.7474566
GPCR,pAC50,7299,6.88,6.2950554
GPCR,pAC50,7300,5.553,5.656678
GPCR,pAC50,7301,5.553,5.579178
GPCR,pAC50,7302,5.602,5.741893
GPCR,pAC50,7303,7.071,5.124364
GPCR,pAC50,7304,7.678,7.936488
GPCR,pAC50,7305,7.886,8.672924
GPCR,pAC50,7306,7.796,7.581176
GPCR,pAC50,7307,6.59,6.989393
GPCR,pAC50,7308,6.5,6.526453
GPCR,pAC50,7309,5.87,6.3468857
GPCR,pAC50,7310,4.78,4.891139
GPCR,pAC50,7311,6.69,6.773656
GPCR,pAC50,7312,6.94,7.050699
GPCR,pAC50,7313,9.275,9.451913
GPCR,pAC50,7314,9.007,9.454821
GPCR,pAC50,7315,6.28,6.9673567
GPCR,pAC50,7316,5.51,5.6383
GPCR,pAC50,7317,6.038,6.2320538
GPCR,pAC50,7318,5.679,6.152194
GPCR,pAC50,7319,9.523,9.864405
GPCR,pAC50,7320,5.016,6.0550575
GPCR,pAC50,7321,7.0,6.913355
GPCR,pAC50,7322,7.711,6.751401
GPCR,pAC50,7323,5.261,6.056284
GPCR,pAC50,7324,7.051,7.0282354
GPCR,pAC50,7325,6.542,6.2754564
GPCR,pAC50,7326,7.108,7.0913715
GPCR,pAC50,7327,8.252,8.524294
GPCR,pAC50,7328,8.483,7.3025026
GPCR,pAC50,7329,7.293,8.126927
GPCR,pAC50,7330,8.517,8.247255
GPCR,pAC50,7331,5.48,6.9311504
GPCR,pAC50,7332,6.52,6.884095
GPCR,pAC50,7333,6.9,6.7276716
GPCR,pAC50,7334,6.161,6.7766743
GPCR,pAC50,7335,5.999,6.4007797
GPCR,pAC50,7336,7.121,6.3648806
GPCR,pAC50,7337,7.745,8.058201
GPCR,pAC50,7338,8.125,8.617664
GPCR,pAC50,7339,8.337,8.533682
GPCR,pAC50,7340,5.658,5.4553566
GPCR,pAC50,7341,8.796,8.465044
GPCR,pAC50,7342,5.294,5.982527
GPCR,pAC50,7343,5.416,6.1726484
GPCR,pAC50,7344,6.041,6.2028503
GPCR,pAC50,7345,6.498,6.623336
GPCR,pAC50,7346,5.331,5.7712946
GPCR,pAC50,7347,8.361,8.017929
GPCR,pAC50,7348,6.347,6.4292603
GPCR,pAC50,7349,6.347,6.5651712
GPCR,pAC50,7350,6.764,6.6573
GPCR,pAC50,7351,6.268,6.2852783
GPCR,pAC50,7352,5.524,6.238592
GPCR,pAC50,7353,6.462,6.3916817
GPCR,pAC50,7354,6.922,6.325964
GPCR,pAC50,7355,5.542,5.728635
GPCR,pAC50,7356,7.126,6.8779936
GPCR,pAC50,7357,7.886,7.3700247
GPCR,pAC50,7358,8.0,6.807519
GPCR,pAC50,7359,6.873,7.317605
GPCR,pAC50,7360,7.564,7.3315287
GPCR,pAC50,7361,7.745,6.960086
GPCR,pAC50,7362,4.398,5.0580444
GPCR,pAC50,7363,6.268,5.7834597
GPCR,pAC50,7364,7.347,7.2591486
GPCR,pAC50,7365,8.155,7.327566
GPCR,pAC50,7366,4.72,4.918542
GPCR,pAC50,7367,5.19,5.1566477
GPCR,pAC50,7368,5.15,4.920518
GPCR,pAC50,7369,5.299,4.951124
GPCR,pAC50,7370,5.649,5.539674
GPCR,pAC50,7371,4.502,5.5387917
GPCR,pAC50,7372,4.502,5.261526
GPCR,pAC50,7373,5.548,5.998891
GPCR,pAC50,7374,5.073,5.422262
GPCR,pAC50,7375,5.546,5.7661457
GPCR,pAC50,7376,5.092,4.918804
GPCR,pAC50,7377,5.188,5.614995
GPCR,pAC50,7378,4.646,4.6017275
GPCR,pAC50,7379,4.924,4.7081547
GPCR,pAC50,7380,4.569,4.7006865
GPCR,pAC50,7381,4.882,4.6301107
GPCR,pAC50,7382,4.866,4.7131767
GPCR,pAC50,7383,4.613,5.3648596
GPCR,pAC50,7384,5.395,5.5943327
GPCR,pAC50,7385,6.141,5.920925
GPCR,pAC50,7386,6.76,6.0912666
GPCR,pAC50,7387,5.67,5.6137056
GPCR,pAC50,7388,5.69,5.5805483
GPCR,pAC50,7389,5.231,4.477474
GPCR,pAC50,7390,5.799,5.818365
GPCR,pAC50,7391,5.791,5.529151
GPCR,pAC50,7392,11.959,8.652615
GPCR,pAC50,7393,4.365,5.4108562
GPCR,pAC50,7394,6.218,6.567685
GPCR,pAC50,7395,6.008,6.8381777
GPCR,pAC50,7396,5.829,6.241188
GPCR,pAC50,7397,6.449,6.532113
GPCR,pAC50,7398,6.243,6.648815
GPCR,pAC50,7399,6.53,6.107004
GPCR,pAC50,7400,7.046,6.9072247
GPCR,pAC50,7401,8.699,8.665943
GPCR,pAC50,7402,8.796,7.022356
GPCR,pAC50,7403,4.602,5.934018
GPCR,pAC50,7404,7.237,6.3144283
GPCR,pAC50,7405,5.142,5.222329
GPCR,pAC50,7406,7.848,6.1019297
GPCR,pAC50,7407,7.071,7.8442984
GPCR,pAC50,7408,7.854,7.3341436
GPCR,pAC50,7409,6.095,5.9132414
GPCR,pAC50,7410,6.118,5.5014353
GPCR,pAC50,7411,5.788,5.4441853
GPCR,pAC50,7412,5.563,5.54587
GPCR,pAC50,7413,6.394,5.955717
GPCR,pAC50,7414,6.049,5.965232
GPCR,pAC50,7415,5.921,5.8600807
GPCR,pAC50,7416,5.913,6.032072
GPCR,pAC50,7417,7.328,7.0893354
GPCR,pAC50,7418,6.754,6.3844566
GPCR,pAC50,7419,6.971,6.5734243
GPCR,pAC50,7420,6.027,5.7227907
GPCR,pAC50,7421,6.474,6.57148
GPCR,pAC50,7422,6.767,6.767025
GPCR,pAC50,7423,6.087,6.1318445
GPCR,pAC50,7424,5.587,5.4777822
GPCR,pAC50,7425,6.184,5.726491
GPCR,pAC50,7426,5.855,5.228284
GPCR,pAC50,7427,5.623,5.630455
GPCR,pAC50,7428,5.054,5.38846
GPCR,pAC50,7429,8.301,8.510264
GPCR,pAC50,7430,7.886,7.8954763
GPCR,pAC50,7431,5.456,6.372568
GPCR,pAC50,7432,8.398,7.8314724
GPCR,pAC50,7433,7.495,7.4712095
GPCR,pAC50,7434,8.237,8.357217
GPCR,pAC50,7435,8.796,8.465254
GPCR,pAC50,7436,8.42,7.045685
GPCR,pAC50,7437,9.646,10.113867
GPCR,pAC50,7438,11.699,8.771829
GPCR,pAC50,7439,8.854,8.602392
GPCR,pAC50,7440,7.108,6.3314466
GPCR,pAC50,7441,6.244,7.438938
GPCR,pAC50,7442,9.097,9.640017
GPCR,pAC50,7443,8.444,8.555332
GPCR,pAC50,7444,6.045,6.5548105
GPCR,pAC50,7445,6.157,6.835989
GPCR,pAC50,7446,5.208,7.427331
GPCR,pAC50,7447,8.155,7.5504303
GPCR,pAC50,7448,7.658,7.6690397
GPCR,pAC50,7449,6.866,5.98341
GPCR,pAC50,7450,7.237,6.5137815
GPCR,pAC50,7451,7.155,6.549842
GPCR,pAC50,7452,7.036,6.592228
GPCR,pAC50,7453,7.301,6.5791883
GPCR,pAC50,7454,5.613,5.888337
GPCR,pAC50,7455,7.569,6.4530363
GPCR,pAC50,7456,5.446,6.763283
GPCR,pAC50,7457,6.225,6.7247124
GPCR,pAC50,7458,5.575,5.502018
GPCR,pAC50,7459,6.672,6.469614
GPCR,pAC50,7460,6.845,6.166582
GPCR,pAC50,7461,6.13,5.829109
GPCR,pAC50,7462,5.668,5.8564663
GPCR,pAC50,7463,5.917,6.8466616
GPCR,pAC50,7464,6.277,6.029934
GPCR,pAC50,7465,7.481,6.763632
GPCR,pAC50,7466,8.097,7.4144497
GPCR,pAC50,7467,7.292,6.76192
GPCR,pAC50,7468,7.721,8.494747
GPCR,pAC50,7469,6.987,7.008235
GPCR,pAC50,7470,5.9,6.4136972
GPCR,pAC50,7471,6.476,6.2984085
GPCR,pAC50,7472,7.959,8.055425
GPCR,pAC50,7473,7.721,7.225546
GPCR,pAC50,7474,8.699,8.040399
GPCR,pAC50,7475,6.879,6.551791
GPCR,pAC50,7476,6.81,6.670532
GPCR,pAC50,7477,6.536,6.3526125
GPCR,pAC50,7478,7.229,6.2542086
GPCR,pAC50,7479,7.125,6.639574
GPCR,pAC50,7480,7.432,6.8788137
GPCR,pAC50,7481,7.886,7.9776564
GPCR,pAC50,7482,7.229,7.2754993
GPCR,pAC50,7483,6.145,6.3213224
GPCR,pAC50,7484,5.0,5.730611
GPCR,pAC50,7485,6.6,7.549344
GPCR,pAC50,7486,8.678,8.439169
GPCR,pAC50,7487,5.983,5.8838015
GPCR,pAC50,7488,6.289,6.431814
GPCR,pAC50,7489,6.607,6.463683
GPCR,pAC50,7490,5.045,6.7689676
GPCR,pAC50,7491,7.523,7.27246
GPCR,pAC50,7492,6.224,6.614664
GPCR,pAC50,7493,5.42,5.4302235
GPCR,pAC50,7494,7.824,7.288885
GPCR,pAC50,7495,6.261,7.000635
GPCR,pAC50,7496,6.425,6.924101
GPCR,pAC50,7497,6.738,6.3505487
GPCR,pAC50,7498,7.721,7.1250744
GPCR,pAC50,7499,6.889,6.1965475
GPCR,pAC50,7500,6.015,5.9318905
GPCR,pAC50,7501,5.714,6.088952
GPCR,pAC50,7502,6.063,7.355775
GPCR,pAC50,7503,5.428,6.261524
GPCR,pAC50,7504,6.754,7.6020536
GPCR,pAC50,7505,6.202,7.668396
GPCR,pAC50,7506,7.523,7.7186623
GPCR,pAC50,7507,8.244,7.9233627
GPCR,pAC50,7508,8.114,7.906211
GPCR,pAC50,7509,7.921,7.5296307
GPCR,pAC50,7510,8.086,8.7296715
GPCR,pAC50,7511,9.018,8.797844
GPCR,pAC50,7512,6.504,5.7189064
GPCR,pAC50,7513,7.161,7.377716
GPCR,pAC50,7514,7.041,7.1032295
GPCR,pAC50,7515,5.924,6.358306
GPCR,pAC50,7516,8.155,7.3245544
GPCR,pAC50,7517,6.435,6.0373096
GPCR,pAC50,7518,7.921,7.8645983
GPCR,pAC50,7519,7.959,7.650237
GPCR,pAC50,7520,8.046,7.8795786
GPCR,pAC50,7521,6.623,7.449435
GPCR,pAC50,7522,8.046,8.194967
GPCR,pAC50,7523,5.222,6.085767
GPCR,pAC50,7524,5.728,5.281989
GPCR,pAC50,7525,5.432,5.303437
GPCR,pAC50,7526,5.678,4.61944
GPCR,pAC50,7527,5.328,5.63116
GPCR,pAC50,7528,6.356,5.285019
GPCR,pAC50,7529,7.569,7.4469604
GPCR,pAC50,7530,7.959,7.69866
GPCR,pAC50,7531,8.097,7.712927
GPCR,pAC50,7532,7.481,6.3324795
GPCR,pAC50,7533,6.438,6.3771906
GPCR,pAC50,7534,6.02,6.6549826
GPCR,pAC50,7535,7.013,6.642009
GPCR,pAC50,7536,8.155,8.062793
GPCR,pAC50,7537,5.971,7.1786604
GPCR,pAC50,7538,7.041,6.9056854
GPCR,pAC50,7539,7.102,6.6159706
GPCR,pAC50,7540,6.799,7.338866
GPCR,pAC50,7541,7.432,7.3855915
GPCR,pAC50,7542,7.523,7.328354
GPCR,pAC50,7543,7.469,7.4689016
GPCR,pAC50,7544,7.081,6.971794
GPCR,pAC50,7545,7.824,7.0409155
GPCR,pAC50,7546,6.545,6.5516872
GPCR,pAC50,7547,6.767,6.725499
GPCR,pAC50,7548,7.046,7.3704567
GPCR,pAC50,7549,6.879,6.47147
GPCR,pAC50,7550,8.046,7.5514565
GPCR,pAC50,7551,8.699,8.412319
GPCR,pAC50,7552,8.0,7.7085714
GPCR,pAC50,7553,6.248,6.7913275
GPCR,pAC50,7554,6.77,6.6890917
GPCR,pAC50,7555,6.833,6.8415728
GPCR,pAC50,7556,6.095,6.348027
GPCR,pAC50,7557,6.793,6.781625
GPCR,pAC50,7558,6.527,7.0819397
GPCR,pAC50,7559,6.701,7.1451187
GPCR,pAC50,7560,7.432,7.913903
GPCR,pAC50,7561,6.565,6.4962387
GPCR,pAC50,7562,8.699,8.777298
GPCR,pAC50,7563,7.051,7.063203
GPCR,pAC50,7564,8.699,8.768094
GPCR,pAC50,7565,8.398,8.059846
GPCR,pAC50,7566,7.538,8.161347
GPCR,pAC50,7567,8.398,7.9895163
GPCR,pAC50,7568,8.097,7.848317
GPCR,pAC50,7569,8.523,8.388775
GPCR,pAC50,7570,7.824,7.9840755
GPCR,pAC50,7571,7.31,7.437292
GPCR,pAC50,7572,6.876,6.6754313
GPCR,pAC50,7573,9.0,8.512919
GPCR,pAC50,7574,5.851,5.939105
GPCR,pAC50,7575,6.896,6.7954035
GPCR,pAC50,7576,7.824,7.5477676
GPCR,pAC50,7577,5.504,6.530509
GPCR,pAC50,7578,7.538,7.4667454
GPCR,pAC50,7579,7.569,7.3927937
GPCR,pAC50,7580,8.301,7.5744915
GPCR,pAC50,7581,5.75,5.696617
GPCR,pAC50,7582,6.943,7.2926874
GPCR,pAC50,7583,7.26,6.7506466
GPCR,pAC50,7584,6.26,6.505064
GPCR,pAC50,7585,7.26,7.368744
GPCR,pAC50,7586,6.26,7.345806
GPCR,pAC50,7587,9.0,9.169865
GPCR,pAC50,7588,7.26,7.1660633
GPCR,pAC50,7589,8.161,8.908037
GPCR,pAC50,7590,6.26,5.7718334
GPCR,pAC50,7591,7.26,7.17867
GPCR,pAC50,7592,7.886,7.875824
GPCR,pAC50,7593,7.796,6.8866825
GPCR,pAC50,7594,7.854,7.292321
GPCR,pAC50,7595,6.26,7.207238
GPCR,pAC50,7596,7.854,7.4233217
GPCR,pAC50,7597,7.26,8.082244
GPCR,pAC50,7598,7.26,7.970584
GPCR,pAC50,7599,8.409,8.174561
GPCR,pAC50,7600,7.699,8.427733
GPCR,pAC50,7601,8.481,7.842412
GPCR,pAC50,7602,9.215,9.351493
GPCR,pAC50,7603,6.26,6.6708584
GPCR,pAC50,7604,5.577,5.9485607
GPCR,pAC50,7605,5.114,5.866975
GPCR,pAC50,7606,6.412,5.547714
GPCR,pAC50,7607,6.631,6.185047
GPCR,pAC50,7608,6.896,6.739868
GPCR,pAC50,7609,5.347,6.151246
GPCR,pAC50,7610,7.959,7.391615
GPCR,pAC50,7611,6.686,7.3600283
GPCR,pAC50,7612,6.836,7.2282724
GPCR,pAC50,7613,6.553,6.9027395
GPCR,pAC50,7614,6.728,7.1530304
GPCR,pAC50,7615,6.573,7.905137
GPCR,pAC50,7616,7.886,7.368684
GPCR,pAC50,7617,6.971,6.914233
GPCR,pAC50,7618,7.854,8.0316515
GPCR,pAC50,7619,7.292,7.8835154
GPCR,pAC50,7620,8.097,7.405239
GPCR,pAC50,7621,4.328,7.65687
GPCR,pAC50,7622,7.745,8.463289
GPCR,pAC50,7623,9.155,8.143227
GPCR,pAC50,7624,9.301,8.673967
GPCR,pAC50,7625,8.456,8.187786
GPCR,pAC50,7626,7.387,7.9495926
GPCR,pAC50,7627,9.301,8.25773
GPCR,pAC50,7628,8.398,8.365845
GPCR,pAC50,7629,5.873,7.278412
GPCR,pAC50,7630,8.097,7.6782856
GPCR,pAC50,7631,9.143,7.9820957
GPCR,pAC50,7632,5.361,6.6052275
GPCR,pAC50,7633,8.523,7.8999424
GPCR,pAC50,7634,8.097,7.2834015
GPCR,pAC50,7635,8.097,7.93384
GPCR,pAC50,7636,6.592,6.4327545
GPCR,pAC50,7637,5.935,7.2364683
GPCR,pAC50,7638,7.509,7.04467
GPCR,pAC50,7639,6.979,6.568246
GPCR,pAC50,7640,5.645,6.114416
GPCR,pAC50,7641,7.244,7.1321955
GPCR,pAC50,7642,8.097,6.957814
GPCR,pAC50,7643,6.939,6.8123064
GPCR,pAC50,7644,8.155,8.807821
GPCR,pAC50,7645,5.432,7.592635
GPCR,pAC50,7646,7.854,7.796034
GPCR,pAC50,7647,7.638,8.148518
GPCR,pAC50,7648,8.201,7.9239073
GPCR,pAC50,7649,5.151,5.5261517
GPCR,pAC50,7650,6.668,6.045706
GPCR,pAC50,7651,6.295,5.788413
GPCR,pAC50,7652,5.693,6.045767
GPCR,pAC50,7653,5.305,5.5013323
GPCR,pAC50,7654,5.628,6.3617907
GPCR,pAC50,7655,5.238,5.735462
GPCR,pAC50,7656,5.673,5.7111664
GPCR,pAC50,7657,5.075,4.9598045
GPCR,pAC50,7658,5.456,5.432866
GPCR,pAC50,7659,8.554,8.806158
GPCR,pAC50,7660,8.656,8.744789
GPCR,pAC50,7661,7.395,6.241228
GPCR,pAC50,7662,8.253,7.1819277
GPCR,pAC50,7663,6.394,6.546051
GPCR,pAC50,7664,5.845,7.3123264
GPCR,pAC50,7665,8.197,7.9123783
GPCR,pAC50,7666,6.754,7.99164
GPCR,pAC50,7667,6.914,6.824464
GPCR,pAC50,7668,7.883,7.7041254
GPCR,pAC50,7669,5.423,5.9657316
GPCR,pAC50,7670,6.932,7.21661
GPCR,pAC50,7671,7.793,5.8664494
GPCR,pAC50,7672,7.308,7.1626663
GPCR,pAC50,7673,5.928,7.120699
GPCR,pAC50,7674,7.936,8.433488
GPCR,pAC50,7675,7.288,7.2167883
GPCR,pAC50,7676,7.799,6.806782
GPCR,pAC50,7677,6.366,6.22892
GPCR,pAC50,7678,7.017,7.9699535
GPCR,pAC50,7679,8.0,6.912671
GPCR,pAC50,7680,5.567,5.267479
GPCR,pAC50,7681,5.0,4.763337
GPCR,pAC50,7682,5.0,5.2352877
GPCR,pAC50,7683,5.0,5.4746227
GPCR,pAC50,7684,5.0,5.0443087
GPCR,pAC50,7685,8.602,8.286787
GPCR,pAC50,7686,8.108,8.311512
GPCR,pAC50,7687,8.347,9.103902
GPCR,pAC50,7688,8.268,8.913677
GPCR,pAC50,7689,8.469,8.781963
GPCR,pAC50,7690,8.143,8.534529
GPCR,pAC50,7691,8.444,9.091489
GPCR,pAC50,7692,8.244,8.272821
GPCR,pAC50,7693,8.347,8.134859
GPCR,pAC50,7694,8.244,7.886387
GPCR,pAC50,7695,6.125,8.314139
GPCR,pAC50,7696,5.701,6.6507845
GPCR,pAC50,7697,6.068,6.2039795
GPCR,pAC50,7698,6.148,5.8306684
GPCR,pAC50,7699,6.42,6.293995
GPCR,pAC50,7700,4.06,4.603607
GPCR,pAC50,7701,6.742,6.5597734
GPCR,pAC50,7702,7.131,6.8334637
GPCR,pAC50,7703,6.638,6.883194
GPCR,pAC50,7704,6.83,6.460226
GPCR,pAC50,7705,5.06,7.0565414
GPCR,pAC50,7706,8.523,7.719369
GPCR,pAC50,7707,7.975,7.5853224
GPCR,pAC50,7708,7.83,7.8281937
GPCR,pAC50,7709,5.566,5.126402
GPCR,pAC50,7710,5.0,5.3288136
GPCR,pAC50,7711,8.0,7.7365017
GPCR,pAC50,7712,8.0,7.7851706
GPCR,pAC50,7713,5.678,5.5611525
GPCR,pAC50,7714,5.367,6.303323
GPCR,pAC50,7715,5.0,4.903759
GPCR,pAC50,7716,6.457,6.8847294
GPCR,pAC50,7717,6.514,6.403555
GPCR,pAC50,7718,6.365,6.304349
GPCR,pAC50,7719,7.564,8.12356
GPCR,pAC50,7720,8.03,8.158485
GPCR,pAC50,7721,8.334,8.764238
GPCR,pAC50,7722,7.733,7.9902287
GPCR,pAC50,7723,8.182,8.492499
GPCR,pAC50,7724,7.654,8.27408
GPCR,pAC50,7725,8.747,8.862956
GPCR,pAC50,7726,8.873,8.019606
GPCR,pAC50,7727,6.198,6.62296
GPCR,pAC50,7728,5.2,6.4404316
GPCR,pAC50,7729,7.276,7.8309956
GPCR,pAC50,7730,7.959,7.4099073
GPCR,pAC50,7731,7.886,7.88449
GPCR,pAC50,7732,7.569,8.0287
GPCR,pAC50,7733,7.721,7.7794943
GPCR,pAC50,7734,6.996,6.131735
GPCR,pAC50,7735,7.264,6.2455072
GPCR,pAC50,7736,6.416,6.537589
GPCR,pAC50,7737,6.593,7.1854277
GPCR,pAC50,7738,5.873,7.358178
GPCR,pAC50,7739,5.417,5.9484253
GPCR,pAC50,7740,5.604,6.292775
GPCR,pAC50,7741,6.336,6.624959
GPCR,pAC50,7742,7.051,7.164216
GPCR,pAC50,7743,6.762,6.5353756
GPCR,pAC50,7744,6.003,6.233082
GPCR,pAC50,7745,10.097,9.384486
GPCR,pAC50,7746,6.544,6.2548237
GPCR,pAC50,7747,8.921,9.106895
GPCR,pAC50,7748,7.757,7.389435
GPCR,pAC50,7749,7.056,7.027976
GPCR,pAC50,7750,6.179,6.573041
GPCR,pAC50,7751,7.465,7.5119095
GPCR,pAC50,7752,6.148,6.7709484
GPCR,pAC50,7753,6.824,7.5174503
GPCR,pAC50,7754,6.187,6.0918674
GPCR,pAC50,7755,7.013,6.673319
GPCR,pAC50,7756,6.252,6.851384
GPCR,pAC50,7757,7.26,7.8555593
GPCR,pAC50,7758,8.26,7.9604263
GPCR,pAC50,7759,7.26,7.564129
GPCR,pAC50,7760,7.027,6.684333
GPCR,pAC50,7761,6.851,6.5889215
GPCR,pAC50,7762,6.714,6.636812
GPCR,pAC50,7763,6.309,6.9301214
GPCR,pAC50,7764,5.452,7.0242233
GPCR,pAC50,7765,6.278,5.7209005
GPCR,pAC50,7766,7.796,7.249713
GPCR,pAC50,7767,6.588,6.970216
GPCR,pAC50,7768,7.658,6.8979397
GPCR,pAC50,7769,5.002,6.2475224
GPCR,pAC50,7770,7.252,6.9613123
GPCR,pAC50,7771,6.385,6.5931273
GPCR,pAC50,7772,5.963,6.256048
GPCR,pAC50,7773,7.658,7.3314342
GPCR,pAC50,7774,6.073,6.2580986
GPCR,pAC50,7775,6.799,7.0696173
GPCR,pAC50,7776,8.824,8.999524
GPCR,pAC50,7777,7.796,8.14564
GPCR,pAC50,7778,8.77,8.643772
GPCR,pAC50,7779,9.018,8.329504
GPCR,pAC50,7780,8.699,8.949763
GPCR,pAC50,7781,8.959,9.226486
GPCR,pAC50,7782,10.18,9.645392
GPCR,pAC50,7783,9.854,9.512957
GPCR,pAC50,7784,5.684,5.652006
GPCR,pAC50,7785,6.26,7.0874653
GPCR,pAC50,7786,6.26,6.692827
GPCR,pAC50,7787,7.26,6.6951427
GPCR,pAC50,7788,7.26,6.8477373
GPCR,pAC50,7789,7.26,6.118331
GPCR,pAC50,7790,7.26,7.0148535
GPCR,pAC50,7791,7.26,7.1412973
GPCR,pAC50,7792,7.252,6.389595
GPCR,pAC50,7793,6.907,7.2834406
GPCR,pAC50,7794,7.959,7.8311615
GPCR,pAC50,7795,7.569,7.501337
GPCR,pAC50,7796,7.268,7.141981
GPCR,pAC50,7797,6.959,7.5905323
GPCR,pAC50,7798,6.599,7.6331224
GPCR,pAC50,7799,6.79,7.118348
GPCR,pAC50,7800,6.55,7.09723
GPCR,pAC50,7801,7.77,7.5342236
GPCR,pAC50,7802,6.745,7.570442
GPCR,pAC50,7803,6.412,6.789261
GPCR,pAC50,7804,7.276,7.3776236
GPCR,pAC50,7805,6.499,7.7585297
GPCR,pAC50,7806,7.215,7.7585297
GPCR,pAC50,7807,9.0,7.890424
GPCR,pAC50,7808,8.155,7.6164074
GPCR,pAC50,7809,8.398,7.732953
GPCR,pAC50,7810,8.699,8.435937
GPCR,pAC50,7811,8.222,7.614008
GPCR,pAC50,7812,7.18,7.467985
GPCR,pAC50,7813,6.593,7.550083
GPCR,pAC50,7814,8.097,8.331245
GPCR,pAC50,7815,6.599,7.276787
GPCR,pAC50,7816,7.357,7.2448244
GPCR,pAC50,7817,7.569,7.5469418
GPCR,pAC50,7818,5.969,6.189127
GPCR,pAC50,7819,5.87,5.563959
GPCR,pAC50,7820,6.807,7.0723305
GPCR,pAC50,7821,6.714,6.515622
GPCR,pAC50,7822,6.169,5.689349
GPCR,pAC50,7823,7.174,6.398287
GPCR,pAC50,7824,6.947,6.9016895
GPCR,pAC50,7825,5.634,6.219698
GPCR,pAC50,7826,5.683,6.186119
GPCR,pAC50,7827,5.664,6.3422403
GPCR,pAC50,7828,6.002,6.205433
GPCR,pAC50,7829,6.889,6.854621
GPCR,pAC50,7830,5.78,5.834858
GPCR,pAC50,7831,5.688,5.5000105
GPCR,pAC50,7832,6.733,6.576522
GPCR,pAC50,7833,6.014,6.168784
GPCR,pAC50,7834,7.161,6.220482
GPCR,pAC50,7835,6.384,7.190879
GPCR,pAC50,7836,7.456,7.6034775
GPCR,pAC50,7837,7.086,6.91346
GPCR,pAC50,7838,6.799,6.6601477
GPCR,pAC50,7839,8.222,7.673605
GPCR,pAC50,7840,8.301,8.005891
GPCR,pAC50,7841,6.695,7.0946074
GPCR,pAC50,7842,7.585,6.9919043
GPCR,pAC50,7843,6.886,7.1017284
GPCR,pAC50,7844,5.921,6.7535486
GPCR,pAC50,7845,7.658,7.070073
GPCR,pAC50,7846,5.687,6.043682
GPCR,pAC50,7847,7.097,6.8093386
GPCR,pAC50,7848,6.979,7.5536833
GPCR,pAC50,7849,8.046,8.26118
GPCR,pAC50,7850,8.097,8.185492
GPCR,pAC50,7851,5.338,5.7655125
GPCR,pAC50,7852,6.274,6.1720095
GPCR,pAC50,7853,7.161,6.7117043
GPCR,pAC50,7854,9.155,8.684056
GPCR,pAC50,7855,9.155,9.220922
GPCR,pAC50,7856,8.398,8.390083
GPCR,pAC50,7857,8.699,8.315609
GPCR,pAC50,7858,7.046,7.704522
GPCR,pAC50,7859,8.398,8.341356
GPCR,pAC50,7860,7.602,8.361904
GPCR,pAC50,7861,7.174,7.6900873
GPCR,pAC50,7862,8.222,8.313967
GPCR,pAC50,7863,7.77,7.673915
GPCR,pAC50,7864,7.658,7.8905582
GPCR,pAC50,7865,8.398,8.389325
GPCR,pAC50,7866,8.0,8.05851
GPCR,pAC50,7867,7.292,8.225662
GPCR,pAC50,7868,8.699,8.901827
GPCR,pAC50,7869,8.699,8.874559
GPCR,pAC50,7870,7.377,7.5892506
GPCR,pAC50,7871,7.268,7.1897736
GPCR,pAC50,7872,7.409,7.9167795
GPCR,pAC50,7873,7.222,7.4357758
GPCR,pAC50,7874,6.127,5.985507
GPCR,pAC50,7875,5.0,6.165141
GPCR,pAC50,7876,6.011,5.723029
GPCR,pAC50,7877,5.283,5.6101875
GPCR,pAC50,7878,6.095,6.158433
GPCR,pAC50,7879,5.481,6.0348196
GPCR,pAC50,7880,6.26,5.9076214
GPCR,pAC50,7881,7.222,6.097892
GPCR,pAC50,7882,7.62,8.089793
GPCR,pAC50,7883,5.0,5.578782
GPCR,pAC50,7884,6.86,6.6772003
GPCR,pAC50,7885,7.523,7.6136446
GPCR,pAC50,7886,6.824,6.780634
GPCR,pAC50,7887,7.377,7.4875765
GPCR,pAC50,7888,7.851,7.705303
GPCR,pAC50,7889,7.097,7.6179485
GPCR,pAC50,7890,7.53,8.189085
GPCR,pAC50,7891,5.799,6.387022
GPCR,pAC50,7892,7.796,7.468691
GPCR,pAC50,7893,7.495,6.5560055
GPCR,pAC50,7894,5.0,5.2049303
GPCR,pAC50,7895,5.0,5.0324306
GPCR,pAC50,7896,5.0,5.1861467
GPCR,pAC50,7897,5.158,5.302432
GPCR,pAC50,7898,5.0,4.8742323
GPCR,pAC50,7899,5.0,4.8078403
GPCR,pAC50,7900,5.0,4.694173
GPCR,pAC50,7901,5.983,6.6528044
GPCR,pAC50,7902,7.079,7.6513214
GPCR,pAC50,7903,5.676,6.113946
GPCR,pAC50,7904,7.764,6.947646
GPCR,pAC50,7905,5.642,6.4136257
GPCR,pAC50,7906,5.932,5.037508
GPCR,pAC50,7907,5.086,5.7830086
GPCR,pAC50,7908,7.184,6.8825083
GPCR,pAC50,7909,7.478,6.9547653
GPCR,pAC50,7910,6.66,6.69413
GPCR,pAC50,7911,5.783,6.5498714
GPCR,pAC50,7912,7.742,7.617217
GPCR,pAC50,7913,7.155,6.222191
GPCR,pAC50,7914,7.398,7.402645
GPCR,pAC50,7915,7.301,6.7400208
GPCR,pAC50,7916,6.432,7.840376
GPCR,pAC50,7917,7.319,7.12868
GPCR,pAC50,7918,5.398,6.0481586
GPCR,pAC50,7919,6.229,6.0011234
GPCR,pAC50,7920,5.398,5.5291204
GPCR,pAC50,7921,5.585,5.6761875
GPCR,pAC50,7922,6.316,5.841672
GPCR,pAC50,7923,7.602,7.6260166
GPCR,pAC50,7924,7.009,7.5733356
GPCR,pAC50,7925,7.42,7.0562677
GPCR,pAC50,7926,5.0,4.965928
GPCR,pAC50,7927,5.0,4.9032927
GPCR,pAC50,7928,5.0,4.8440647
GPCR,pAC50,7929,5.0,5.2502975
GPCR,pAC50,7930,5.0,4.7157297
GPCR,pAC50,7931,5.0,5.5496902
GPCR,pAC50,7932,5.0,4.9979343
GPCR,pAC50,7933,5.0,4.9202566
GPCR,pAC50,7934,5.0,4.8435364
GPCR,pAC50,7935,5.0,4.7761
GPCR,pAC50,7936,5.836,5.6527824
GPCR,pAC50,7937,6.031,5.477478
GPCR,pAC50,7938,5.498,5.307927
GPCR,pAC50,7939,5.0,5.0616846
GPCR,pAC50,7940,5.0,4.921545
GPCR,pAC50,7941,7.086,7.189535
GPCR,pAC50,7942,7.167,8.102757
GPCR,pAC50,7943,7.268,6.1637897
GPCR,pAC50,7944,5.473,6.23223
GPCR,pAC50,7945,5.783,5.5746956
GPCR,pAC50,7946,5.0,4.877408
GPCR,pAC50,7947,5.0,4.9296656
GPCR,pAC50,7948,5.0,4.817671
GPCR,pAC50,7949,5.0,4.997177
GPCR,pAC50,7950,5.0,5.072008
GPCR,pAC50,7951,5.0,5.2799644
GPCR,pAC50,7952,5.0,5.047537
GPCR,pAC50,7953,5.661,5.343275
GPCR,pAC50,7954,5.443,6.6037607
GPCR,pAC50,7955,5.0,4.8462696
GPCR,pAC50,7956,5.0,5.0282507
GPCR,pAC50,7957,6.321,5.6925507
GPCR,pAC50,7958,6.15,5.6833477
GPCR,pAC50,7959,5.775,5.600704
GPCR,pAC50,7960,6.658,6.721073
GPCR,pAC50,7961,5.0,5.13078
GPCR,pAC50,7962,5.504,5.4527607
GPCR,pAC50,7963,6.0,5.913086
GPCR,pAC50,7964,6.0,5.913086
GPCR,pAC50,7965,6.0,6.342661
GPCR,pAC50,7966,7.921,7.203931
GPCR,pAC50,7967,8.328,7.222991
GPCR,pAC50,7968,8.319,6.9990025
GPCR,pAC50,7969,4.553,4.0581603
GPCR,pAC50,7970,4.693,4.3156643
GPCR,pAC50,7971,3.965,4.2211637
GPCR,pAC50,7972,4.062,3.5935047
GPCR,pAC50,7973,4.848,4.0773683
GPCR,pAC50,7974,9.959,9.198953
GPCR,pAC50,7975,6.26,6.4121914
GPCR,pAC50,7976,6.26,7.051854
GPCR,pAC50,7977,6.26,6.223896
GPCR,pAC50,7978,6.26,6.0377703
GPCR,pAC50,7979,6.26,6.901005
GPCR,pAC50,7980,6.26,6.022585
GPCR,pAC50,7981,8.26,7.8286753
GPCR,pAC50,7982,6.26,6.0438633
GPCR,pAC50,7983,6.26,6.165924
GPCR,pAC50,7984,7.26,6.8061733
GPCR,pAC50,7985,6.26,6.8426666
GPCR,pAC50,7986,8.208,8.0333605
GPCR,pAC50,7987,8.174,7.9041996
GPCR,pAC50,7988,7.367,7.418398
GPCR,pAC50,7989,7.337,7.7949553
GPCR,pAC50,7990,7.569,7.2624054
GPCR,pAC50,7991,7.347,7.538419
GPCR,pAC50,7992,7.824,7.907198
GPCR,pAC50,7993,7.469,8.345579
GPCR,pAC50,7994,7.569,7.8694534
GPCR,pAC50,7995,7.721,8.835627
GPCR,pAC50,7996,7.928,8.14275
GPCR,pAC50,7997,7.274,7.272438
GPCR,pAC50,7998,6.991,7.1304474
GPCR,pAC50,7999,6.721,7.0597897
GPCR,pAC50,8000,6.824,6.652608
GPCR,pAC50,8001,6.959,6.7957697
GPCR,pAC50,8002,6.076,6.3129406
GPCR,pAC50,8003,6.071,6.2676497
GPCR,pAC50,8004,6.62,6.2784004
GPCR,pAC50,8005,7.0,7.126292
GPCR,pAC50,8006,7.0,7.052474
GPCR,pAC50,8007,7.046,7.014265
GPCR,pAC50,8008,6.569,6.5969296
GPCR,pAC50,8009,6.387,6.572773
GPCR,pAC50,8010,7.097,7.1322374
GPCR,pAC50,8011,6.328,6.380827
GPCR,pAC50,8012,7.222,6.9047575
GPCR,pAC50,8013,7.097,7.127301
GPCR,pAC50,8014,6.699,6.953515
GPCR,pAC50,8015,6.569,6.4350586
GPCR,pAC50,8016,7.155,6.8807135
GPCR,pAC50,8017,6.886,6.970196
GPCR,pAC50,8018,7.0,6.6688766
GPCR,pAC50,8019,6.252,6.766279
GPCR,pAC50,8020,6.745,6.9046354
GPCR,pAC50,8021,6.553,7.219061
GPCR,pAC50,8022,6.509,6.5954456
GPCR,pAC50,8023,6.337,6.128007
GPCR,pAC50,8024,5.347,5.5421133
GPCR,pAC50,8025,5.041,5.2175646
GPCR,pAC50,8026,8.699,8.18588
GPCR,pAC50,8027,8.398,8.513669
GPCR,pAC50,8028,8.523,8.244978
GPCR,pAC50,8029,7.638,8.149733
GPCR,pAC50,8030,8.398,8.52322
GPCR,pAC50,8031,8.398,7.951133
GPCR,pAC50,8032,6.602,7.7902412
GPCR,pAC50,8033,6.0,7.18336
GPCR,pAC50,8034,8.097,8.069249
GPCR,pAC50,8035,8.284,9.179626
GPCR,pAC50,8036,7.523,6.7447386
GPCR,pAC50,8037,4.649,4.525531
GPCR,pAC50,8038,10.398,10.490829
GPCR,pAC50,8039,10.523,10.498869
GPCR,pAC50,8040,10.699,10.474506
GPCR,pAC50,8041,10.523,10.235619
GPCR,pAC50,8042,9.959,10.167687
GPCR,pAC50,8043,10.0,9.728427
GPCR,pAC50,8044,9.721,10.116008
GPCR,pAC50,8045,10.398,10.594729
GPCR,pAC50,8046,10.222,9.7405205
GPCR,pAC50,8047,10.0,10.059225
GPCR,pAC50,8048,8.027,8.807774
GPCR,pAC50,8049,7.097,7.0621567
GPCR,pAC50,8050,7.886,7.5739565
GPCR,pAC50,8051,7.481,7.143651
GPCR,pAC50,8052,6.604,6.7384844
GPCR,pAC50,8053,7.133,7.76451
GPCR,pAC50,8054,7.678,7.559558
GPCR,pAC50,8055,7.027,7.4838305
GPCR,pAC50,8056,7.362,7.408738
GPCR,pAC50,8057,8.444,8.825859
GPCR,pAC50,8058,7.25,7.842107
GPCR,pAC50,8059,4.7,5.1535788
GPCR,pAC50,8060,6.2,5.3536243
GPCR,pAC50,8061,4.8,4.5424356
GPCR,pAC50,8062,7.818,6.4873085
GPCR,pAC50,8063,7.752,7.4338493
GPCR,pAC50,8064,8.498,6.0198183
GPCR,pAC50,8065,9.301,6.5964375
GPCR,pAC50,8066,9.301,8.7695055
GPCR,pAC50,8067,9.036,9.455612
GPCR,pAC50,8068,9.569,9.5042515
GPCR,pAC50,8069,8.44,8.267706
GPCR,pAC50,8070,7.134,7.4155416
GPCR,pAC50,8071,9.222,9.808477
GPCR,pAC50,8072,8.678,9.009534
GPCR,pAC50,8073,7.319,7.475646
GPCR,pAC50,8074,7.854,8.483888
GPCR,pAC50,8075,8.149,8.043413
GPCR,pAC50,8076,8.004,8.042394
GPCR,pAC50,8077,7.824,6.630539
GPCR,pAC50,8078,6.276,6.860244
GPCR,pAC50,8079,6.301,7.2138615
GPCR,pAC50,8080,6.347,6.9744844
GPCR,pAC50,8081,6.602,6.7829103
GPCR,pAC50,8082,6.387,6.4684925
GPCR,pAC50,8083,8.174,8.373123
GPCR,pAC50,8084,7.886,8.024887
GPCR,pAC50,8085,8.523,8.312177
GPCR,pAC50,8086,7.387,8.223456
GPCR,pAC50,8087,8.658,8.223455
GPCR,pAC50,8088,6.796,8.005307
GPCR,pAC50,8089,8.18,8.703609
GPCR,pAC50,8090,8.569,8.520178
GPCR,pAC50,8091,7.301,8.297535
GPCR,pAC50,8092,8.523,7.8210363
GPCR,pAC50,8093,7.432,7.9810314
GPCR,pAC50,8094,6.481,6.3467712
GPCR,pAC50,8095,8.0,7.522086
GPCR,pAC50,8096,6.678,6.117858
GPCR,pAC50,8097,5.719,5.763112
GPCR,pAC50,8098,6.611,6.4089937
GPCR,pAC50,8099,5.252,7.016612
GPCR,pAC50,8100,7.475,7.016612
GPCR,pAC50,8101,7.274,6.2856474
GPCR,pAC50,8102,5.988,6.898493
GPCR,pAC50,8103,7.107,6.4355593
GPCR,pAC50,8104,6.276,6.3868456
GPCR,pAC50,8105,6.561,6.564315
GPCR,pAC50,8106,6.796,6.8212786
GPCR,pAC50,8107,7.013,6.6660004
GPCR,pAC50,8108,7.469,6.935014
GPCR,pAC50,8109,6.638,7.0106535
GPCR,pAC50,8110,7.367,7.0106535
GPCR,pAC50,8111,6.432,6.693017
GPCR,pAC50,8112,6.553,6.697028
GPCR,pAC50,8113,7.796,6.934677
GPCR,pAC50,8114,6.495,6.547248
GPCR,pAC50,8115,6.959,7.775572
GPCR,pAC50,8116,7.208,7.372307
GPCR,pAC50,8117,8.328,7.997426
GPCR,pAC50,8118,7.509,7.260007
GPCR,pAC50,8119,8.143,7.5303373
GPCR,pAC50,8120,6.876,7.527586
GPCR,pAC50,8121,6.523,6.416829
GPCR,pAC50,8122,6.523,6.281128
GPCR,pAC50,8123,6.523,5.7411757
GPCR,pAC50,8124,6.125,6.5041904
GPCR,pAC50,8125,6.747,6.9956064
GPCR,pAC50,8126,6.983,5.71731
GPCR,pAC50,8127,6.796,6.737958
GPCR,pAC50,8128,8.456,6.777231
GPCR,pAC50,8129,8.268,7.4103737
GPCR,pAC50,8130,6.523,6.4777975
GPCR,pAC50,8131,7.125,6.75982
GPCR,pAC50,8132,6.523,6.805722
GPCR,pAC50,8133,6.523,6.23092
GPCR,pAC50,8134,7.125,6.709339
GPCR,pAC50,8135,6.523,6.354249
GPCR,pAC50,8136,6.523,6.235531
GPCR,pAC50,8137,6.523,6.104972
GPCR,pAC50,8138,6.523,6.992071
GPCR,pAC50,8139,6.523,6.56831
GPCR,pAC50,8140,6.523,6.6293926
GPCR,pAC50,8141,7.125,6.987363
GPCR,pAC50,8142,7.125,7.041436
GPCR,pAC50,8143,6.523,6.0099096
GPCR,pAC50,8144,7.125,7.3227205
GPCR,pAC50,8145,7.125,7.3787575
GPCR,pAC50,8146,7.125,7.3571024
GPCR,pAC50,8147,7.125,6.9199247
GPCR,pAC50,8148,7.523,7.1507444
GPCR,pAC50,8149,6.523,7.270728
GPCR,pAC50,8150,7.125,6.850772
GPCR,pAC50,8151,6.523,7.0800915
GPCR,pAC50,8152,6.523,6.8061132
GPCR,pAC50,8153,6.523,6.5786076
GPCR,pAC50,8154,6.523,7.243556
GPCR,pAC50,8155,9.0,9.744219
GPCR,pAC50,8156,9.699,8.089261
GPCR,pAC50,8157,8.796,6.8576107
GPCR,pAC50,8158,6.288,6.546791
GPCR,pAC50,8159,7.559,7.2888803
GPCR,pAC50,8160,7.009,7.0412188
GPCR,pAC50,8161,6.74,6.580858
GPCR,pAC50,8162,7.063,6.394661
GPCR,pAC50,8163,8.569,7.614339
GPCR,pAC50,8164,6.301,5.7649174
GPCR,pAC50,8165,5.324,6.371847
GPCR,pAC50,8166,6.947,6.842067
GPCR,pAC50,8167,6.502,5.9943104
GPCR,pAC50,8168,6.409,6.327876
GPCR,pAC50,8169,5.602,7.096981
GPCR,pAC50,8170,6.328,6.8722153
GPCR,pAC50,8171,5.326,7.20222
GPCR,pAC50,8172,8.076,6.985566
GPCR,pAC50,8173,6.412,7.370018
GPCR,pAC50,8174,7.26,8.477289
GPCR,pAC50,8175,8.041,7.8274126
GPCR,pAC50,8176,8.523,8.209991
GPCR,pAC50,8177,8.201,8.411154
GPCR,pAC50,8178,6.65,7.3755894
GPCR,pAC50,8179,8.26,7.594681
GPCR,pAC50,8180,8.26,7.8531075
GPCR,pAC50,8181,8.26,7.9546213
GPCR,pAC50,8182,7.26,6.9742165
GPCR,pAC50,8183,7.26,7.6650686
GPCR,pAC50,8184,7.26,7.280594
GPCR,pAC50,8185,7.26,7.7869473
GPCR,pAC50,8186,7.26,7.1525097
GPCR,pAC50,8187,6.26,6.5673847
GPCR,pAC50,8188,6.26,6.4513645
GPCR,pAC50,8189,6.26,6.2670994
GPCR,pAC50,8190,6.26,5.7815723
GPCR,pAC50,8191,8.742,8.958511
GPCR,pAC50,8192,8.886,8.693902
GPCR,pAC50,8193,9.854,10.137592
GPCR,pAC50,8194,9.854,9.984024
GPCR,pAC50,8195,9.004,8.3541355
GPCR,pAC50,8196,8.469,8.489708
GPCR,pAC50,8197,7.668,7.646222
GPCR,pAC50,8198,8.139,8.290267
GPCR,pAC50,8199,6.646,7.005104
GPCR,pAC50,8200,6.365,6.54198
GPCR,pAC50,8201,8.148,7.6472883
GPCR,pAC50,8202,6.889,7.37951
GPCR,pAC50,8203,7.996,8.093274
GPCR,pAC50,8204,7.305,7.4701843
GPCR,pAC50,8205,8.04,7.72009
GPCR,pAC50,8206,7.166,7.3417606
GPCR,pAC50,8207,8.745,8.541073
GPCR,pAC50,8208,8.432,8.422783
GPCR,pAC50,8209,8.796,8.917122
GPCR,pAC50,8210,6.26,6.6198664
GPCR,pAC50,8211,5.339,6.7992983
GPCR,pAC50,8212,6.458,6.7992983
GPCR,pAC50,8213,6.048,5.743329
GPCR,pAC50,8214,7.686,6.873581
GPCR,pAC50,8215,6.556,6.2826624
GPCR,pAC50,8216,8.523,8.333366
GPCR,pAC50,8217,7.463,7.3549643
GPCR,pAC50,8218,8.638,9.206917
GPCR,pAC50,8219,8.678,8.88982
GPCR,pAC50,8220,8.959,9.753249
GPCR,pAC50,8221,6.71,7.730998
GPCR,pAC50,8222,7.063,8.054546
GPCR,pAC50,8223,8.409,8.775162
GPCR,pAC50,8224,8.824,8.451871
GPCR,pAC50,8225,6.26,5.756007
GPCR,pAC50,8226,7.26,5.983184
GPCR,pAC50,8227,7.26,7.0352707
GPCR,pAC50,8228,7.26,6.753997
GPCR,pAC50,8229,7.26,7.288645
GPCR,pAC50,8230,6.26,6.953559
GPCR,pAC50,8231,7.26,6.7968626
GPCR,pAC50,8232,6.26,6.5580006
GPCR,pAC50,8233,6.26,6.494006
GPCR,pAC50,8234,7.26,7.034683
GPCR,pAC50,8235,7.26,7.4509916
GPCR,pAC50,8236,7.26,6.7245836
GPCR,pAC50,8237,7.602,6.9950705
GPCR,pAC50,8238,6.509,6.013958
GPCR,pAC50,8239,6.149,5.9790144
GPCR,pAC50,8240,5.62,6.272849
GPCR,pAC50,8241,6.538,6.533598
GPCR,pAC50,8242,6.337,6.1953773
GPCR,pAC50,8243,7.26,7.731408
GPCR,pAC50,8244,6.167,6.631357
GPCR,pAC50,8245,7.699,6.6697855
GPCR,pAC50,8246,7.658,7.538517
GPCR,pAC50,8247,7.854,7.8161297
GPCR,pAC50,8248,7.553,7.894891
GPCR,pAC50,8249,7.678,7.5882597
GPCR,pAC50,8250,8.495,7.994876
GPCR,pAC50,8251,8.092,7.7230015
GPCR,pAC50,8252,8.06,7.5051346
GPCR,pAC50,8253,8.469,7.945265
GPCR,pAC50,8254,6.26,6.138648
GPCR,pAC50,8255,8.413,8.040456
GPCR,pAC50,8256,8.815,7.9729166
GPCR,pAC50,8257,10.854,10.376804
GPCR,pAC50,8258,9.642,9.511137
GPCR,pAC50,8259,4.354,5.0367346
GPCR,pAC50,8260,8.664,7.4817486
GPCR,pAC50,8261,7.682,7.9331617
GPCR,pAC50,8262,5.022,5.792633
GPCR,pAC50,8263,5.126,5.688018
GPCR,pAC50,8264,6.26,6.473301
GPCR,pAC50,8265,6.26,5.513896
GPCR,pAC50,8266,6.26,5.808692
GPCR,pAC50,8267,8.222,7.896475
GPCR,pAC50,8268,8.097,8.089139
GPCR,pAC50,8269,8.0,6.984049
GPCR,pAC50,8270,7.796,7.9347267
GPCR,pAC50,8271,7.658,7.7297497
GPCR,pAC50,8272,7.553,7.088875
GPCR,pAC50,8273,7.523,7.360837
GPCR,pAC50,8274,7.42,6.8547134
GPCR,pAC50,8275,7.387,7.7880754
GPCR,pAC50,8276,7.155,7.454282
GPCR,pAC50,8277,7.149,7.4192686
GPCR,pAC50,8278,7.071,7.3770857
GPCR,pAC50,8279,7.032,7.1709986
GPCR,pAC50,8280,7.013,6.120572
GPCR,pAC50,8281,6.996,6.7233524
GPCR,pAC50,8282,6.921,6.7452526
GPCR,pAC50,8283,6.917,6.660035
GPCR,pAC50,8284,6.788,7.2329636
GPCR,pAC50,8285,6.695,6.879896
GPCR,pAC50,8286,6.664,6.429453
GPCR,pAC50,8287,6.565,6.789319
GPCR,pAC50,8288,6.889,6.311038
GPCR,pAC50,8289,6.419,6.6365967
GPCR,pAC50,8290,6.284,6.542862
GPCR,pAC50,8291,6.228,6.4155073
GPCR,pAC50,8292,6.171,6.102891
GPCR,pAC50,8293,6.112,6.4720325
GPCR,pAC50,8294,7.721,7.994584
GPCR,pAC50,8295,7.854,7.339301
GPCR,pAC50,8296,6.959,8.14326
GPCR,pAC50,8297,8.097,7.755989
GPCR,pAC50,8298,6.082,6.004449
GPCR,pAC50,8299,7.167,7.4151535
GPCR,pAC50,8300,7.208,6.7879066
GPCR,pAC50,8301,6.857,6.837801
GPCR,pAC50,8302,7.585,7.328038
GPCR,pAC50,8303,5.854,7.2382708
GPCR,pAC50,8304,7.921,7.5929546
GPCR,pAC50,8305,7.699,7.295103
GPCR,pAC50,8306,4.174,4.6095552
GPCR,pAC50,8307,6.278,7.2174416
GPCR,pAC50,8308,7.167,7.5608034
GPCR,pAC50,8309,8.62,8.16509
GPCR,pAC50,8310,8.328,8.82148
GPCR,pAC50,8311,6.735,6.7415075
GPCR,pAC50,8312,5.481,5.138194
GPCR,pAC50,8313,5.0,5.426009
GPCR,pAC50,8314,6.854,7.823078
GPCR,pAC50,8315,8.509,8.682435
GPCR,pAC50,8316,8.114,7.7828407
GPCR,pAC50,8317,6.0,6.2723904
GPCR,pAC50,8318,6.824,6.7934256
GPCR,pAC50,8319,6.268,6.2122946
GPCR,pAC50,8320,8.796,9.037367
GPCR,pAC50,8321,5.0,4.7337914
GPCR,pAC50,8322,5.0,4.886958
GPCR,pAC50,8323,7.036,7.8298864
GPCR,pAC50,8324,8.131,8.754978
GPCR,pAC50,8325,4.26,5.0891466
GPCR,pAC50,8326,5.638,5.3830624
GPCR,pAC50,8327,4.796,5.2587957
GPCR,pAC50,8328,5.889,5.90736
GPCR,pAC50,8329,5.699,5.7364397
GPCR,pAC50,8330,5.854,5.463996
GPCR,pAC50,8331,4.509,5.341444
GPCR,pAC50,8332,5.699,5.7735577
GPCR,pAC50,8333,5.097,5.76301
GPCR,pAC50,8334,3.752,3.3695657
GPCR,pAC50,8335,5.046,5.3223715
GPCR,pAC50,8336,5.523,5.3919754
GPCR,pAC50,8337,5.084,5.901944
GPCR,pAC50,8338,4.569,4.705842
GPCR,pAC50,8339,5.013,4.9378166
GPCR,pAC50,8340,5.509,5.21587
GPCR,pAC50,8341,9.046,8.891568
GPCR,pAC50,8342,7.886,8.746212
GPCR,pAC50,8343,8.638,8.709614
GPCR,pAC50,8344,5.678,6.578121
GPCR,pAC50,8345,9.456,8.933924
GPCR,pAC50,8346,7.824,7.168438
GPCR,pAC50,8347,8.0,6.8849545
GPCR,pAC50,8348,8.229,9.2172165
GPCR,pAC50,8349,9.398,9.211561
GPCR,pAC50,8350,9.523,9.364519
GPCR,pAC50,8351,8.119,8.92129
GPCR,pAC50,8352,7.398,7.655773
GPCR,pAC50,8353,7.62,7.9830904
GPCR,pAC50,8354,7.26,7.1687403
GPCR,pAC50,8355,6.553,5.707741
GPCR,pAC50,8356,8.921,8.1420555
GPCR,pAC50,8357,5.664,5.482048
GPCR,pAC50,8358,7.796,7.225832
GPCR,pAC50,8359,8.398,8.167764
GPCR,pAC50,8360,6.745,7.1882753
GPCR,pAC50,8361,7.26,7.3984804
GPCR,pAC50,8362,8.046,7.7914248
GPCR,pAC50,8363,7.398,8.008796
GPCR,pAC50,8364,7.602,7.9904547
GPCR,pAC50,8365,6.131,7.186905
GPCR,pAC50,8366,6.886,7.5686913
GPCR,pAC50,8367,7.886,8.047312
GPCR,pAC50,8368,5.699,4.9670553
GPCR,pAC50,8369,4.699,5.4055805
GPCR,pAC50,8370,5.824,5.5043592
GPCR,pAC50,8371,5.0,4.980071
GPCR,pAC50,8372,4.824,5.489319
GPCR,pAC50,8373,6.357,6.2088385
GPCR,pAC50,8374,6.824,6.4846687
GPCR,pAC50,8375,7.509,7.0158863
GPCR,pAC50,8376,7.721,7.798667
GPCR,pAC50,8377,7.959,7.9404593
GPCR,pAC50,8378,5.79,6.6882763
GPCR,pAC50,8379,6.222,6.246745
GPCR,pAC50,8380,6.745,5.979903
GPCR,pAC50,8381,4.824,4.3230762
GPCR,pAC50,8382,7.602,7.876642
GPCR,pAC50,8383,8.174,8.094169
GPCR,pAC50,8384,6.377,6.9153843
GPCR,pAC50,8385,6.42,6.722188
GPCR,pAC50,8386,7.237,6.880062
GPCR,pAC50,8387,7.523,7.566019
GPCR,pAC50,8388,8.187,8.16477
GPCR,pAC50,8389,5.854,6.1456347
GPCR,pAC50,8390,6.513,6.6912346
GPCR,pAC50,8391,7.553,7.240307
GPCR,pAC50,8392,7.022,6.2813025
GPCR,pAC50,8393,6.086,6.4006577
GPCR,pAC50,8394,8.921,8.6647
GPCR,pAC50,8395,5.319,5.814624
GPCR,pAC50,8396,7.409,7.260045
GPCR,pAC50,8397,5.706,5.7247295
GPCR,pAC50,8398,7.301,6.5223923
GPCR,pAC50,8399,8.42,9.008809
GPCR,pAC50,8400,8.745,8.912159
GPCR,pAC50,8401,7.538,7.826522
GPCR,pAC50,8402,7.678,8.186485
GPCR,pAC50,8403,4.022,4.7161436
GPCR,pAC50,8404,6.523,6.5722256
GPCR,pAC50,8405,4.62,5.0875845
GPCR,pAC50,8406,4.155,4.9647274
GPCR,pAC50,8407,9.538,9.88101
GPCR,pAC50,8408,5.959,6.6385813
GPCR,pAC50,8409,7.301,5.488982
GPCR,pAC50,8410,6.222,5.3333836
GPCR,pAC50,8411,6.77,6.7344856
GPCR,pAC50,8412,5.845,7.0287466
GPCR,pAC50,8413,6.252,6.3481684
GPCR,pAC50,8414,7.301,8.4609165
GPCR,pAC50,8415,7.456,7.728628
GPCR,pAC50,8416,7.77,7.837329
GPCR,pAC50,8417,6.553,6.8476543
GPCR,pAC50,8418,8.018,8.52485
GPCR,pAC50,8419,8.886,8.005738
GPCR,pAC50,8420,7.623,7.6904345
GPCR,pAC50,8421,7.569,7.863679
GPCR,pAC50,8422,7.638,7.839987
GPCR,pAC50,8423,7.097,7.481758
GPCR,pAC50,8424,9.071,8.930728
GPCR,pAC50,8425,5.34,5.586425
GPCR,pAC50,8426,9.0,8.811039
GPCR,pAC50,8427,8.0,7.772273
GPCR,pAC50,8428,6.824,6.6659536
GPCR,pAC50,8429,6.086,6.228279
GPCR,pAC50,8430,8.62,8.639803
GPCR,pAC50,8431,7.921,7.691758
GPCR,pAC50,8432,5.007,5.3846893
GPCR,pAC50,8433,4.174,4.498417
GPCR,pAC50,8434,4.533,4.757473
GPCR,pAC50,8435,4.143,4.716687
GPCR,pAC50,8436,9.569,9.471929
GPCR,pAC50,8437,5.602,5.52658
GPCR,pAC50,8438,6.772,8.836763
GPCR,pAC50,8439,6.947,7.2673893
GPCR,pAC50,8440,7.638,7.570697
GPCR,pAC50,8441,9.092,9.33973
GPCR,pAC50,8442,7.886,7.703108
GPCR,pAC50,8443,7.114,7.0686817
GPCR,pAC50,8444,6.227,6.2271338
GPCR,pAC50,8445,7.131,7.4030027
GPCR,pAC50,8446,7.796,7.1916533
GPCR,pAC50,8447,6.658,7.0537367
GPCR,pAC50,8448,8.658,7.9506674
GPCR,pAC50,8449,7.824,7.1104374
GPCR,pAC50,8450,8.959,8.916142
GPCR,pAC50,8451,7.796,7.6508465
GPCR,pAC50,8452,6.699,6.934182
GPCR,pAC50,8453,8.215,8.224925
GPCR,pAC50,8454,4.569,4.996401
GPCR,pAC50,8455,5.31,6.03382
GPCR,pAC50,8456,4.921,5.1284113
GPCR,pAC50,8457,7.886,8.378319
GPCR,pAC50,8458,6.244,6.3518677
GPCR,pAC50,8459,8.959,8.835667
GPCR,pAC50,8460,8.68,8.307524
GPCR,pAC50,8461,6.959,6.8245344
GPCR,pAC50,8462,8.936,8.093936
GPCR,pAC50,8463,8.046,7.828264
GPCR,pAC50,8464,5.398,5.0020943
GPCR,pAC50,8465,6.638,6.829462
GPCR,pAC50,8466,6.155,6.423229
GPCR,pAC50,8467,8.222,8.146639
GPCR,pAC50,8468,6.62,6.698021
GPCR,pAC50,8469,7.564,7.069269
GPCR,pAC50,8470,5.481,6.542383
GPCR,pAC50,8471,6.509,7.0131874
GPCR,pAC50,8472,7.125,7.722208
GPCR,pAC50,8473,8.398,8.707658
GPCR,pAC50,8474,8.301,8.155431
GPCR,pAC50,8475,8.523,8.7466545
GPCR,pAC50,8476,8.495,6.500988
GPCR,pAC50,8477,9.699,9.493435
GPCR,pAC50,8478,7.921,8.168873
GPCR,pAC50,8479,7.523,7.0364246
GPCR,pAC50,8480,8.06,8.024742
GPCR,pAC50,8481,9.301,9.131924
GPCR,pAC50,8482,7.387,7.770644
GPCR,pAC50,8483,6.256,6.381057
GPCR,pAC50,8484,6.754,7.282119
GPCR,pAC50,8485,7.921,8.088603
GPCR,pAC50,8486,8.921,8.670331
GPCR,pAC50,8487,5.184,4.8735476
GPCR,pAC50,8488,5.301,4.689228
GPCR,pAC50,8489,7.921,7.161519
GPCR,pAC50,8490,8.229,8.386
GPCR,pAC50,8491,6.924,7.718932
GPCR,pAC50,8492,5.16,5.9401646
GPCR,pAC50,8493,5.688,6.5859537
GPCR,pAC50,8494,8.155,7.5270042
GPCR,pAC50,8495,6.161,7.2285137
GPCR,pAC50,8496,6.796,6.3088436
GPCR,pAC50,8497,7.252,6.3936357
GPCR,pAC50,8498,8.222,7.643076
GPCR,pAC50,8499,7.347,7.2917185
GPCR,pAC50,8500,9.125,8.782658
GPCR,pAC50,8501,9.469,8.528005
GPCR,pAC50,8502,7.237,7.3111706
GPCR,pAC50,8503,6.035,6.470537
GPCR,pAC50,8504,8.886,8.697383
GPCR,pAC50,8505,7.62,8.726101
GPCR,pAC50,8506,5.516,8.102415
GPCR,pAC50,8507,7.854,7.562414
GPCR,pAC50,8508,7.201,7.074893
GPCR,pAC50,8509,8.796,8.5858345
GPCR,pAC50,8510,6.801,6.333149
GPCR,pAC50,8511,5.8,5.9271936
GPCR,pAC50,8512,7.036,6.3639603
GPCR,pAC50,8513,6.051,6.1965923
GPCR,pAC50,8514,6.137,6.0782957
GPCR,pAC50,8515,6.081,5.7117004
GPCR,pAC50,8516,5.357,5.1695547
GPCR,pAC50,8517,7.678,7.668318
GPCR,pAC50,8518,7.921,7.919382
GPCR,pAC50,8519,6.178,6.597863
GPCR,pAC50,8520,7.523,7.3495827
GPCR,pAC50,8521,7.268,7.472845
GPCR,pAC50,8522,8.959,9.027109
GPCR,pAC50,8523,7.367,7.472845
GPCR,pAC50,8524,8.301,7.714612
GPCR,pAC50,8525,7.301,8.130371
GPCR,pAC50,8526,6.398,6.3781557
GPCR,pAC50,8527,4.824,5.2219276
GPCR,pAC50,8528,7.367,7.0399027
GPCR,pAC50,8529,9.097,8.851162
GPCR,pAC50,8530,8.553,8.734948
GPCR,pAC50,8531,9.699,9.636962
GPCR,pAC50,8532,8.638,8.706697
GPCR,pAC50,8533,9.398,9.600995
GPCR,pAC50,8534,9.301,9.443595
GPCR,pAC50,8535,9.0,9.539581
GPCR,pAC50,8536,9.097,8.882035
GPCR,pAC50,8537,8.638,8.824395
GPCR,pAC50,8538,9.097,9.316126
GPCR,pAC50,8539,9.523,9.781885
GPCR,pAC50,8540,8.509,8.862998
GPCR,pAC50,8541,9.301,9.474001
GPCR,pAC50,8542,8.921,9.241579
GPCR,pAC50,8543,9.046,9.29273
GPCR,pAC50,8544,9.0,9.27621
GPCR,pAC50,8545,9.301,9.084177
GPCR,pAC50,8546,9.155,9.208742
GPCR,pAC50,8547,9.0,9.091176
GPCR,pAC50,8548,8.886,9.279576
GPCR,pAC50,8549,5.097,6.559224
GPCR,pAC50,8550,5.642,5.017417
GPCR,pAC50,8551,6.292,6.2221756
GPCR,pAC50,8552,7.194,7.1056986
GPCR,pAC50,8553,6.357,8.213205
GPCR,pAC50,8554,7.886,7.8270245
GPCR,pAC50,8555,7.304,7.5075912
GPCR,pAC50,8556,6.416,6.141263
GPCR,pAC50,8557,7.338,7.9510393
GPCR,pAC50,8558,7.991,7.4682503
GPCR,pAC50,8559,8.745,8.482211
GPCR,pAC50,8560,7.047,6.9213915
GPCR,pAC50,8561,8.167,8.642245
GPCR,pAC50,8562,8.174,8.250025
GPCR,pAC50,8563,6.507,6.3181305
GPCR,pAC50,8564,6.31,5.7626114
GPCR,pAC50,8565,7.268,6.9461126
GPCR,pAC50,8566,8.886,8.651699
GPCR,pAC50,8567,7.745,7.4813128
GPCR,pAC50,8568,6.42,6.341301
GPCR,pAC50,8569,5.936,6.7927685
GPCR,pAC50,8570,6.019,6.715785
GPCR,pAC50,8571,9.387,9.876905
GPCR,pAC50,8572,6.658,6.6677656
GPCR,pAC50,8573,7.0,7.109271
GPCR,pAC50,8574,8.222,7.9743013
GPCR,pAC50,8575,5.137,6.931139
GPCR,pAC50,8576,7.222,6.5850563
GPCR,pAC50,8577,7.886,7.416359
GPCR,pAC50,8578,7.796,8.136429
GPCR,pAC50,8579,4.699,4.597904
GPCR,pAC50,8580,5.19,4.1445465
GPCR,pAC50,8581,5.674,6.871436
GPCR,pAC50,8582,7.796,7.0807104
GPCR,pAC50,8583,7.745,7.9086914
GPCR,pAC50,8584,8.886,8.596601
GPCR,pAC50,8585,8.222,8.272388
GPCR,pAC50,8586,7.62,8.084814
GPCR,pAC50,8587,7.886,7.3004827
GPCR,pAC50,8588,8.301,8.693292
GPCR,pAC50,8589,9.523,8.60202
GPCR,pAC50,8590,7.495,7.5248547
GPCR,pAC50,8591,6.585,6.4093485
GPCR,pAC50,8592,5.951,6.489645
GPCR,pAC50,8593,5.319,5.8082724
GPCR,pAC50,8594,9.699,9.670066
GPCR,pAC50,8595,6.854,6.7307997
GPCR,pAC50,8596,5.347,5.9005184
GPCR,pAC50,8597,6.745,8.46824
GPCR,pAC50,8598,8.222,7.577423
GPCR,pAC50,8599,7.699,7.1920347
GPCR,pAC50,8600,8.301,8.198006
GPCR,pAC50,8601,6.222,6.784566
GPCR,pAC50,8602,7.699,7.707513
GPCR,pAC50,8603,5.523,5.7806587
GPCR,pAC50,8604,8.77,8.968977
GPCR,pAC50,8605,5.032,4.9237423
GPCR,pAC50,8606,6.252,6.908678
GPCR,pAC50,8607,5.745,5.37061
GPCR,pAC50,8608,7.914,8.00277
GPCR,pAC50,8609,7.485,8.2040415
GPCR,pAC50,8610,6.0,6.205367
GPCR,pAC50,8611,5.678,6.0871296
GPCR,pAC50,8612,4.319,6.1076174
GPCR,pAC50,8613,8.975,9.045191
GPCR,pAC50,8614,9.26,9.071355
GPCR,pAC50,8615,6.046,6.2472277
GPCR,pAC50,8616,6.357,6.2909374
GPCR,pAC50,8617,6.387,6.236211
GPCR,pAC50,8618,7.31,8.239385
GPCR,pAC50,8619,4.319,4.106189
GPCR,pAC50,8620,7.699,7.3697987
GPCR,pAC50,8621,7.8,8.532499
GPCR,pAC50,8622,6.42,6.6390953
GPCR,pAC50,8623,6.886,7.018895
GPCR,pAC50,8624,8.155,8.084805
GPCR,pAC50,8625,7.854,7.5230494
GPCR,pAC50,8626,10.097,9.478071
GPCR,pAC50,8627,7.092,6.8242636
GPCR,pAC50,8628,5.764,5.3363094
GPCR,pAC50,8629,8.398,8.522362
GPCR,pAC50,8630,6.163,6.355194
GPCR,pAC50,8631,7.398,6.155491
GPCR,pAC50,8632,6.863,6.816225
GPCR,pAC50,8633,9.174,11.23881
GPCR,pAC50,8634,5.481,6.4379168
GPCR,pAC50,8635,7.013,7.1615143
GPCR,pAC50,8636,8.237,7.6333065
GPCR,pAC50,8637,6.435,6.471863
GPCR,pAC50,8638,8.208,8.263926
GPCR,pAC50,8639,9.097,8.301079
GPCR,pAC50,8640,9.699,8.529489
GPCR,pAC50,8641,8.222,8.09156
GPCR,pAC50,8642,9.398,8.084135
GPCR,pAC50,8643,7.921,7.9656296
GPCR,pAC50,8644,7.585,7.5214834
GPCR,pAC50,8645,6.658,5.9734163
GPCR,pAC50,8646,4.903,6.2738113
GPCR,pAC50,8647,7.081,6.6876707
GPCR,pAC50,8648,5.905,5.708268
GPCR,pAC50,8649,5.0,4.561516
GPCR,pAC50,8650,7.959,7.6887293
GPCR,pAC50,8651,5.548,6.5442963
GPCR,pAC50,8652,7.523,6.949548
GPCR,pAC50,8653,7.143,7.6965017
GPCR,pAC50,8654,6.523,5.580348
GPCR,pAC50,8655,6.0,6.051709
GPCR,pAC50,8656,6.301,5.458952
GPCR,pAC50,8657,7.886,7.649542
GPCR,pAC50,8658,6.018,5.715041
GPCR,pAC50,8659,5.0,7.310897
GPCR,pAC50,8660,9.301,7.4905863
GPCR,pAC50,8661,4.0,5.199768
GPCR,pAC50,8662,4.0,4.83502
GPCR,pAC50,8663,4.0,4.7098455
GPCR,pAC50,8664,6.745,7.987028
GPCR,pAC50,8665,6.523,5.833787
GPCR,pAC50,8666,8.046,7.680334
GPCR,pAC50,8667,7.699,7.360303
GPCR,pAC50,8668,9.301,8.456445
GPCR,pAC50,8669,5.027,6.1230383
GPCR,pAC50,8670,5.824,5.1046886
GPCR,pAC50,8671,6.276,5.8561487
GPCR,pAC50,8672,5.046,5.06067
GPCR,pAC50,8673,4.585,4.685652
GPCR,pAC50,8674,6.801,6.8466215
GPCR,pAC50,8675,7.252,6.7152395
GPCR,pAC50,8676,8.854,8.917536
GPCR,pAC50,8677,5.538,7.8211603
GPCR,pAC50,8678,5.409,5.8950377
GPCR,pAC50,8679,8.62,8.1198635
GPCR,pAC50,8680,5.481,5.3454256
GPCR,pAC50,8681,7.538,7.076252
GPCR,pAC50,8682,7.481,7.33461
GPCR,pAC50,8683,6.155,6.2042456
GPCR,pAC50,8684,8.237,8.475193
GPCR,pAC50,8685,6.22,6.9576073
GPCR,pAC50,8686,6.1,7.375746
GPCR,pAC50,8687,7.131,7.2791815
GPCR,pAC50,8688,5.62,6.533798
GPCR,pAC50,8689,6.762,6.8823404
GPCR,pAC50,8690,7.222,7.341733
GPCR,pAC50,8691,7.222,7.2389946
GPCR,pAC50,8692,7.056,7.6924467
GPCR,pAC50,8693,9.921,5.8068476
GPCR,pAC50,8694,5.745,5.4082623
GPCR,pAC50,8695,8.398,8.121172
GPCR,pAC50,8696,6.367,7.6973495
GPCR,pAC50,8697,7.137,7.034767
GPCR,pAC50,8698,5.523,5.4212704
GPCR,pAC50,8699,5.237,5.1290503
GPCR,pAC50,8700,7.174,7.322461
GPCR,pAC50,8701,7.721,8.121939
GPCR,pAC50,8702,7.409,7.434429
GPCR,pAC50,8703,7.013,7.2761564
GPCR,pAC50,8704,10.824,9.896246
GPCR,pAC50,8705,5.42,5.2785435
GPCR,pAC50,8706,5.398,6.1317253
GPCR,pAC50,8707,4.42,4.5428267
GPCR,pAC50,8708,4.886,4.9840183
GPCR,pAC50,8709,4.638,4.5402
GPCR,pAC50,8710,4.553,4.650696
GPCR,pAC50,8711,4.097,4.0337315
GPCR,pAC50,8712,4.301,4.2037125
GPCR,pAC50,8713,6.066,6.3628874
GPCR,pAC50,8714,6.509,5.0012503
GPCR,pAC50,8715,5.745,5.905442
GPCR,pAC50,8716,6.125,6.2779703
GPCR,pAC50,8717,5.301,5.227702
GPCR,pAC50,8718,5.398,5.413205
GPCR,pAC50,8719,5.155,5.492135
GPCR,pAC50,8720,5.444,5.3304825
GPCR,pAC50,8721,7.886,8.071023
GPCR,pAC50,8722,5.456,5.017646
GPCR,pAC50,8723,5.523,5.128664
GPCR,pAC50,8724,5.284,5.2232475
GPCR,pAC50,8725,6.111,5.991559
GPCR,pAC50,8726,6.509,6.9054327
GPCR,pAC50,8727,5.22,4.688054
GPCR,pAC50,8728,7.201,7.4858665
GPCR,pAC50,8729,6.658,6.7358656
GPCR,pAC50,8730,5.388,5.844261
GPCR,pAC50,8731,7.824,7.756462
GPCR,pAC50,8732,5.366,5.868044
GPCR,pAC50,8733,7.409,7.412649
GPCR,pAC50,8734,6.602,6.2270756
GPCR,pAC50,8735,5.149,5.4485474
GPCR,pAC50,8736,5.0,5.4184294
GPCR,pAC50,8737,4.532,5.247138
GPCR,pAC50,8738,5.432,5.454939
GPCR,pAC50,8739,9.42,8.328018
GPCR,pAC50,8740,7.824,6.89972
GPCR,pAC50,8741,7.959,7.598919
GPCR,pAC50,8742,9.161,6.526866
GPCR,pAC50,8743,7.854,8.078467
GPCR,pAC50,8744,8.292,7.7468004
GPCR,pAC50,8745,5.432,5.6820726
GPCR,pAC50,8746,5.989,5.5344057
GPCR,pAC50,8747,6.0,5.574712
GPCR,pAC50,8748,7.119,6.923319
GPCR,pAC50,8749,5.265,5.030777
GPCR,pAC50,8750,5.632,6.4281445
GPCR,pAC50,8751,6.623,5.1624355
GPCR,pAC50,8752,5.354,5.4208584
GPCR,pAC50,8753,5.854,5.196411
GPCR,pAC50,8754,7.319,7.4480143
GPCR,pAC50,8755,6.785,6.900943
GPCR,pAC50,8756,6.609,6.51721
GPCR,pAC50,8757,9.301,9.297673
GPCR,pAC50,8758,6.143,5.4492407
GPCR,pAC50,8759,7.64,7.6153984
GPCR,pAC50,8760,8.678,8.464217
GPCR,pAC50,8761,7.432,8.880642
GPCR,pAC50,8762,8.959,8.123136
GPCR,pAC50,8763,8.921,8.3233795
GPCR,pAC50,8764,8.337,8.162882
GPCR,pAC50,8765,7.602,8.574364
GPCR,pAC50,8766,8.569,9.710245
GPCR,pAC50,8767,5.433,6.3153305
GPCR,pAC50,8768,5.347,5.4604416
GPCR,pAC50,8769,7.131,7.953166
GPCR,pAC50,8770,8.5,8.994366
GPCR,pAC50,8771,7.222,7.6677694
GPCR,pAC50,8772,8.046,7.637043
GPCR,pAC50,8773,7.553,7.0910225
GPCR,pAC50,8774,8.246,7.764207
GPCR,pAC50,8775,7.833,7.5408764
GPCR,pAC50,8776,7.0,7.2158194
GPCR,pAC50,8777,7.824,7.95957
GPCR,pAC50,8778,7.347,7.499324
GPCR,pAC50,8779,6.012,6.856206
GPCR,pAC50,8780,8.312,8.192646
GPCR,pAC50,8781,8.854,8.905401
GPCR,pAC50,8782,7.523,7.870407
GPCR,pAC50,8783,8.222,8.15575
GPCR,pAC50,8784,8.208,7.6811333
GPCR,pAC50,8785,8.469,8.576698
GPCR,pAC50,8786,7.721,7.3635445
GPCR,pAC50,8787,7.432,7.8362236
GPCR,pAC50,8788,9.699,9.385981
GPCR,pAC50,8789,8.824,9.061094
GPCR,pAC50,8790,8.807,8.591725
GPCR,pAC50,8791,8.246,7.5723476
GPCR,pAC50,8792,6.301,6.548461
GPCR,pAC50,8793,8.222,8.377146
GPCR,pAC50,8794,6.863,6.458193
GPCR,pAC50,8795,7.959,7.2394953
GPCR,pAC50,8796,8.027,7.5079823
GPCR,pAC50,8797,7.959,8.024854
GPCR,pAC50,8798,7.845,8.254173
GPCR,pAC50,8799,8.222,8.806803
GPCR,pAC50,8800,6.071,5.8711023
GPCR,pAC50,8801,8.301,8.602813
GPCR,pAC50,8802,8.102,8.444145
GPCR,pAC50,8803,9.051,9.102234
GPCR,pAC50,8804,9.42,9.30858
GPCR,pAC50,8805,5.09,5.8157034
GPCR,pAC50,8806,7.82,7.224683
GPCR,pAC50,8807,9.4,8.687766
GPCR,pAC50,8808,7.495,7.132365
GPCR,pAC50,8809,6.745,6.9633455
GPCR,pAC50,8810,4.509,5.3894205
GPCR,pAC50,8811,6.11,6.721487
GPCR,pAC50,8812,8.3,8.013615
GPCR,pAC50,8813,6.96,7.467103
GPCR,pAC50,8814,6.73,6.6156473
GPCR,pAC50,8815,8.11,7.9813776
GPCR,pAC50,8816,7.34,7.3589926
GPCR,pAC50,8817,8.52,8.629803
GPCR,pAC50,8818,7.17,7.2497606
GPCR,pAC50,8819,5.13,5.151656
GPCR,pAC50,8820,9.009,8.693539
GPCR,pAC50,8821,6.24,6.102578
GPCR,pAC50,8822,5.95,5.7692385
GPCR,pAC50,8823,6.15,6.5941
GPCR,pAC50,8824,6.23,6.140236
GPCR,pAC50,8825,8.481,8.296765
GPCR,pAC50,8826,6.42,6.894538
GPCR,pAC50,8827,8.824,9.080509
GPCR,pAC50,8828,7.0,7.400239
GPCR,pAC50,8829,8.194,7.958929
GPCR,pAC50,8830,8.921,8.77985
GPCR,pAC50,8831,9.569,9.468856
GPCR,pAC50,8832,8.119,8.527305
GPCR,pAC50,8833,8.097,7.4155674
GPCR,pAC50,8834,8.585,8.400795
GPCR,pAC50,8835,6.359,5.7896776
GPCR,pAC50,8836,6.91,5.809289
GPCR,pAC50,8837,4.845,4.0386505
GPCR,pAC50,8838,5.42,5.597211
GPCR,pAC50,8839,5.2,5.601077
GPCR,pAC50,8840,6.767,6.88748
GPCR,pAC50,8841,7.854,8.481821
GPCR,pAC50,8842,6.165,6.654416
GPCR,pAC50,8843,7.143,7.3873644
GPCR,pAC50,8844,5.602,6.5791054
GPCR,pAC50,8845,5.523,5.0907917
GPCR,pAC50,8846,6.697,6.704422
GPCR,pAC50,8847,4.658,5.707201
GPCR,pAC50,8848,4.425,4.3951387
GPCR,pAC50,8849,5.729,5.7571573
GPCR,pAC50,8850,5.538,5.472719
GPCR,pAC50,8851,8.149,7.649008
GPCR,pAC50,8852,8.229,8.23974
GPCR,pAC50,8853,6.74,7.3287125
GPCR,pAC50,8854,5.635,5.8861485
GPCR,pAC50,8855,6.924,7.2448196
GPCR,pAC50,8856,4.928,5.198534
GPCR,pAC50,8857,6.833,7.0076485
GPCR,pAC50,8858,4.793,5.4268703
GPCR,pAC50,8859,7.959,7.858536
GPCR,pAC50,8860,5.928,8.134176
GPCR,pAC50,8861,9.409,8.1969185
GPCR,pAC50,8862,8.387,7.4897356
GPCR,pAC50,8863,8.051,7.3816805
GPCR,pAC50,8864,5.658,6.0193405
GPCR,pAC50,8865,6.127,6.257821
GPCR,pAC50,8866,11.0,7.4959736
GPCR,pAC50,8867,8.796,7.610691
GPCR,pAC50,8868,5.638,6.6134243
GPCR,pAC50,8869,9.106,8.759872
GPCR,pAC50,8870,7.553,7.9327364
GPCR,pAC50,8871,8.444,8.0878
GPCR,pAC50,8872,9.409,9.418208
GPCR,pAC50,8873,7.959,8.814923
GPCR,pAC50,8874,6.197,6.606741
GPCR,pAC50,8875,8.284,5.6812963
GPCR,pAC50,8876,7.721,8.33445
GPCR,pAC50,8877,9.55,9.553608
GPCR,pAC50,8878,9.73,10.537804
GPCR,pAC50,8879,9.39,9.449095
GPCR,pAC50,8880,7.155,7.4469223
GPCR,pAC50,8881,4.833,4.3213577
GPCR,pAC50,8882,8.796,8.50728
GPCR,pAC50,8883,8.284,8.4172
GPCR,pAC50,8884,5.515,5.480755
GPCR,pAC50,8885,4.546,6.8090315
GPCR,pAC50,8886,6.125,6.070986
GPCR,pAC50,8887,7.319,7.09908
GPCR,pAC50,8888,8.398,9.178479
GPCR,pAC50,8889,6.924,7.123125
GPCR,pAC50,8890,7.229,7.416685
GPCR,pAC50,8891,6.502,7.1919737
GPCR,pAC50,8892,8.328,8.684329
GPCR,pAC50,8893,6.452,6.8717585
GPCR,pAC50,8894,7.42,7.3255615
GPCR,pAC50,8895,8.092,8.293518
GPCR,pAC50,8896,7.444,7.508135
GPCR,pAC50,8897,6.456,7.102292
GPCR,pAC50,8898,7.602,7.102989
GPCR,pAC50,8899,8.108,8.582556
GPCR,pAC50,8900,5.777,7.361291
GPCR,pAC50,8901,8.018,7.764105
GPCR,pAC50,8902,8.301,8.117395
GPCR,pAC50,8903,7.886,7.7388887
GPCR,pAC50,8904,7.699,7.3206234
GPCR,pAC50,8905,5.629,6.344516
GPCR,pAC50,8906,6.015,6.5681524
GPCR,pAC50,8907,6.896,7.1716137
GPCR,pAC50,8908,8.495,7.7483664
GPCR,pAC50,8909,6.564,8.706572
GPCR,pAC50,8910,6.411,6.8905306
GPCR,pAC50,8911,5.046,5.6776533
GPCR,pAC50,8912,5.26,6.114517
GPCR,pAC50,8913,5.553,5.5165997
GPCR,pAC50,8914,4.82,4.5805426
GPCR,pAC50,8915,7.201,7.0549603
GPCR,pAC50,8916,7.638,7.385808
GPCR,pAC50,8917,6.263,6.119586
GPCR,pAC50,8918,5.328,5.47865
GPCR,pAC50,8919,7.268,7.0934353
GPCR,pAC50,8920,8.097,8.6263485
GPCR,pAC50,8921,7.886,7.4157257
GPCR,pAC50,8922,8.569,8.9326315
GPCR,pAC50,8923,5.815,6.8080254
GPCR,pAC50,8924,8.0,6.741988
GPCR,pAC50,8925,8.796,8.395683
GPCR,pAC50,8926,8.398,8.80704
GPCR,pAC50,8927,4.004,5.5557985
GPCR,pAC50,8928,4.123,4.001547
GPCR,pAC50,8929,4.004,5.5847893
GPCR,pAC50,8930,4.004,4.359494
GPCR,pAC50,8931,4.004,4.480111
GPCR,pAC50,8932,4.004,5.448203
GPCR,pAC50,8933,4.004,6.5144672
GPCR,pAC50,8934,4.959,4.447913
GPCR,pAC50,8935,4.963,4.525552
GPCR,pAC50,8936,4.004,4.5781374
GPCR,pAC50,8937,4.004,4.646516
GPCR,pAC50,8938,4.004,5.906315
GPCR,pAC50,8939,4.004,7.8538113
GPCR,pAC50,8940,4.668,4.4671097
GPCR,pAC50,8941,4.004,2.8881757
GPCR,pAC50,8942,4.004,6.7269297
GPCR,pAC50,8943,4.513,4.441848
GPCR,pAC50,8944,4.004,4.123436
GPCR,pAC50,8945,4.004,4.6355543
GPCR,pAC50,8946,4.521,4.4046516
GPCR,pAC50,8947,4.004,4.231262
GPCR,pAC50,8948,4.301,4.525199
GPCR,pAC50,8949,4.004,3.667897
GPCR,pAC50,8950,4.004,5.4561443
GPCR,pAC50,8951,4.004,5.2048445
GPCR,pAC50,8952,4.004,4.482291
GPCR,pAC50,8953,4.004,5.6319437
GPCR,pAC50,8954,4.004,4.5230627
GPCR,pAC50,8955,4.004,4.361994
GPCR,pAC50,8956,4.301,4.4529743
GPCR,pAC50,8957,4.301,5.1305475
GPCR,pAC50,8958,4.301,5.918125
GPCR,pAC50,8959,4.301,5.2496767
GPCR,pAC50,8960,4.301,4.603838
GPCR,pAC50,8961,10.523,10.237433
GPCR,pAC50,8962,10.554,9.933243
GPCR,pAC50,8963,11.308,10.988338
GPCR,pAC50,8964,11.342,10.819701
GPCR,pAC50,8965,10.87,9.5005045
GPCR,pAC50,8966,11.072,11.185215
GPCR,pAC50,8967,9.541,9.667437
GPCR,pAC50,8968,10.754,9.438057
GPCR,pAC50,8969,10.623,9.101371
GPCR,pAC50,8970,10.807,9.880499
GPCR,pAC50,8971,10.345,11.860558
GPCR,pAC50,8972,11.185,11.32927
GPCR,pAC50,8973,11.453,11.741486
GPCR,pAC50,8974,11.06,9.593006
GPCR,pAC50,8975,10.733,11.77109
GPCR,pAC50,8976,11.503,13.514358
GPCR,pAC50,8977,11.084,9.37801
GPCR,pAC50,8978,10.955,8.800764
GPCR,pAC50,8979,10.548,11.315268
GPCR,pAC50,8980,10.244,10.221117
GPCR,pAC50,8981,10.618,9.677821
GPCR,pAC50,8982,11.156,10.944817
GPCR,pAC50,8983,10.959,12.10838
GPCR,pAC50,8984,11.369,10.269653
GPCR,pAC50,8985,11.33,11.634538
GPCR,pAC50,8986,10.833,10.532152
GPCR,pAC50,8987,10.857,11.280689
GPCR,pAC50,8988,4.854,5.289673
GPCR,pAC50,8989,4.451,4.435153
GPCR,pAC50,8990,8.161,5.699095
GPCR,pAC50,8991,5.003,4.8942604
GPCR,pAC50,8992,4.822,4.227133
GPCR,pAC50,8993,4.73,4.5333157
GPCR,pAC50,8994,4.799,4.587372
GPCR,pAC50,8995,4.417,4.379915
GPCR,pAC50,8996,4.29,4.6654224
GPCR,pAC50,8997,4.063,6.5892744
GPCR,pAC50,8998,6.879,7.217263
GPCR,pAC50,8999,5.506,5.840126
GPCR,pAC50,9000,6.801,4.4036617
GPCR,pAC50,9001,5.065,4.8550787
GPCR,pAC50,9002,5.481,6.55237
GPCR,pAC50,9003,8.261,8.659386
GPCR,pAC50,9004,6.801,5.778907
GPCR,pAC50,9005,7.623,6.658845
GPCR,pAC50,9006,4.079,5.791421
GPCR,pAC50,9007,4.772,6.126897
GPCR,pAC50,9008,5.057,6.5582333
GPCR,pAC50,9009,6.247,5.1195993
GPCR,pAC50,9010,6.006,7.2372665
GPCR,pAC50,9011,4.034,4.4931955
GPCR,pAC50,9012,4.034,4.3909273
GPCR,pAC50,9013,4.034,3.332927
GPCR,pAC50,9014,4.034,6.088914
GPCR,pAC50,9015,4.034,3.5606682
GPCR,pAC50,9016,4.034,4.306204
GPCR,pAC50,9017,4.034,4.807914
GPCR,pAC50,9018,9.523,8.240209
GPCR,pAC50,9019,7.585,7.1842594
GPCR,pAC50,9020,9.398,8.4051075
GPCR,pAC50,9021,6.83,6.0901766
GPCR,pAC50,9022,6.487,6.5495567
GPCR,pAC50,9023,5.523,5.308444
GPCR,pAC50,9024,7.337,6.4887466
GPCR,pAC50,9025,6.614,6.078867
GPCR,pAC50,9026,5.523,5.1487484
GPCR,pAC50,9027,6.406,5.467063
GPCR,pAC50,9028,7.222,7.5693293
GPCR,pAC50,9029,7.018,7.435156
GPCR,pAC50,9030,6.577,7.501216
GPCR,pAC50,9031,7.284,7.6896048
GPCR,pAC50,9032,6.996,7.298808
GPCR,pAC50,9033,7.658,7.3164167
GPCR,pAC50,9034,5.25,6.131872
GPCR,pAC50,9035,6.279,6.376198
GPCR,pAC50,9036,6.82,7.941742
GPCR,pAC50,9037,6.088,5.7981825
GPCR,pAC50,9038,7.242,7.0252256
GPCR,pAC50,9039,7.835,7.1953125
GPCR,pAC50,9040,6.864,7.110075
GPCR,pAC50,9041,6.287,5.670644
GPCR,pAC50,9042,8.587,8.215824
GPCR,pAC50,9043,8.0,7.896023
GPCR,pAC50,9044,6.793,6.6511793
GPCR,pAC50,9045,6.564,6.23468
GPCR,pAC50,9046,6.48,6.6312323
GPCR,pAC50,9047,5.53,5.963312
GPCR,pAC50,9048,5.347,5.616848
GPCR,pAC50,9049,5.377,5.1737356
GPCR,pAC50,9050,5.268,5.00387
GPCR,pAC50,9051,6.041,6.583127
GPCR,pAC50,9052,6.174,5.519806
GPCR,pAC50,9053,5.406,5.8336678
GPCR,pAC50,9054,7.446,6.1290493
GPCR,pAC50,9055,6.268,6.879572
GPCR,pAC50,9056,5.355,5.4106083
GPCR,pAC50,9057,5.298,4.942746
GPCR,pAC50,9058,4.349,4.3965635
GPCR,pAC50,9059,6.425,6.887809
GPCR,pAC50,9060,5.84,6.4632044
GPCR,pAC50,9061,6.912,6.652356
GPCR,pAC50,9062,6.505,7.105981
GPCR,pAC50,9063,6.637,6.8175087
GPCR,pAC50,9064,6.184,6.590831
GPCR,pAC50,9065,6.189,5.6930466
GPCR,pAC50,9066,6.619,6.209306
GPCR,pAC50,9067,7.328,7.3058643
GPCR,pAC50,9068,7.569,7.861862
GPCR,pAC50,9069,7.161,7.614297
GPCR,pAC50,9070,7.824,8.225126
GPCR,pAC50,9071,7.62,7.866931
GPCR,pAC50,9072,7.444,8.0920725
GPCR,pAC50,9073,7.745,8.043983
GPCR,pAC50,9074,7.409,7.781577
GPCR,pAC50,9075,7.167,7.433839
GPCR,pAC50,9076,7.292,8.035979
GPCR,pAC50,9077,7.959,8.237032
GPCR,pAC50,9078,8.155,7.4888573
GPCR,pAC50,9079,7.244,7.3351383
GPCR,pAC50,9080,7.161,7.519333
GPCR,pAC50,9081,8.26,8.738365
GPCR,pAC50,9082,8.367,8.286345
GPCR,pAC50,9083,8.357,8.520109
GPCR,pAC50,9084,8.796,7.9543905
GPCR,pAC50,9085,6.496,6.308751
GPCR,pAC50,9086,9.824,10.359465
GPCR,pAC50,9087,11.569,10.29347
GPCR,pAC50,9088,6.733,6.448353
GPCR,pAC50,9089,6.697,7.4288607
GPCR,pAC50,9090,6.648,5.5472937
GPCR,pAC50,9091,8.317,7.3702908
GPCR,pAC50,9092,8.793,8.53286
GPCR,pAC50,9093,6.016,5.799014
GPCR,pAC50,9094,5.513,5.9476337
GPCR,pAC50,9095,5.429,6.16302
GPCR,pAC50,9096,9.0,8.844521
GPCR,pAC50,9097,6.552,7.5293016
GPCR,pAC50,9098,5.747,6.6777925
GPCR,pAC50,9099,9.971,10.136928
GPCR,pAC50,9100,11.699,10.979662
GPCR,pAC50,9101,9.0,9.431126
GPCR,pAC50,9102,8.699,9.303194
GPCR,pAC50,9103,5.395,5.8873405
GPCR,pAC50,9104,5.149,5.5271425
GPCR,pAC50,9105,5.159,5.2618647
GPCR,pAC50,9106,5.516,5.9848833
GPCR,pAC50,9107,6.662,5.9959126
GPCR,pAC50,9108,6.363,6.143959
GPCR,pAC50,9109,5.439,5.314287
GPCR,pAC50,9110,5.655,5.5570316
GPCR,pAC50,9111,7.886,7.9636745
GPCR,pAC50,9112,7.77,7.0109816
GPCR,pAC50,9113,7.071,6.7362995
GPCR,pAC50,9114,6.873,7.242676
GPCR,pAC50,9115,7.959,7.6290693
GPCR,pAC50,9116,7.824,7.1564846
GPCR,pAC50,9117,8.495,7.818532
GPCR,pAC50,9118,6.886,7.518936
GPCR,pAC50,9119,7.495,7.3260984
GPCR,pAC50,9120,7.886,5.263378
GPCR,pAC50,9121,7.187,8.144442
GPCR,pAC50,9122,7.125,7.419424
GPCR,pAC50,9123,7.921,7.647296
GPCR,pAC50,9124,6.678,7.9107113
GPCR,pAC50,9125,7.959,9.3258505
GPCR,pAC50,9126,9.244,8.436638
GPCR,pAC50,9127,8.155,8.53482
GPCR,pAC50,9128,8.959,8.59839
GPCR,pAC50,9129,7.523,7.8187227
GPCR,pAC50,9130,9.638,8.886103
GPCR,pAC50,9131,10.187,9.276775
GPCR,pAC50,9132,7.222,9.160317
GPCR,pAC50,9133,7.812,7.612174
GPCR,pAC50,9134,8.377,7.563612
GPCR,pAC50,9135,10.036,8.8679085
GPCR,pAC50,9136,9.432,8.880882
GPCR,pAC50,9137,9.149,9.060295
GPCR,pAC50,9138,9.18,8.759018
GPCR,pAC50,9139,9.523,8.756687
GPCR,pAC50,9140,9.004,8.669933
GPCR,pAC50,9141,8.796,8.669933
GPCR,pAC50,9142,8.347,8.653591
GPCR,pAC50,9143,8.319,8.59839
GPCR,pAC50,9144,7.081,8.069969
GPCR,pAC50,9145,7.495,8.726561
GPCR,pAC50,9146,9.959,8.77499
GPCR,pAC50,9147,7.538,8.774991
GPCR,pAC50,9148,8.174,7.8039207
GPCR,pAC50,9149,8.921,8.381806
GPCR,pAC50,9150,7.796,8.034929
GPCR,pAC50,9151,10.137,8.9445
GPCR,pAC50,9152,9.585,9.04064
GPCR,pAC50,9153,8.77,8.441202
GPCR,pAC50,9154,7.187,8.441202
GPCR,pAC50,9155,7.959,8.250332
GPCR,pAC50,9156,6.886,9.149937
GPCR,pAC50,9157,8.161,8.084545
GPCR,pAC50,9158,10.495,8.953398
GPCR,pAC50,9159,7.658,7.705758
GPCR,pAC50,9160,7.456,8.180167
GPCR,pAC50,9161,9.398,8.431121
GPCR,pAC50,9162,7.854,8.097408
GPCR,pAC50,9163,7.292,8.909719
GPCR,pAC50,9164,7.824,8.441729
GPCR,pAC50,9165,7.886,8.030166
GPCR,pAC50,9166,7.045,7.218397
GPCR,pAC50,9167,6.099,6.5761757
GPCR,pAC50,9168,8.0,7.3053923
GPCR,pAC50,9169,5.0,7.248395
GPCR,pAC50,9170,6.801,6.5696726
GPCR,pAC50,9171,6.9,7.244035
GPCR,pAC50,9172,6.1,6.393012
GPCR,pAC50,9173,6.5,6.0958366
GPCR,pAC50,9174,6.699,6.4780045
GPCR,pAC50,9175,6.9,7.0764685
GPCR,pAC50,9176,7.699,7.103837
GPCR,pAC50,9177,6.6,7.049659
GPCR,pAC50,9178,7.801,6.9179897
GPCR,pAC50,9179,8.0,7.292445
GPCR,pAC50,9180,7.6,6.885668
GPCR,pAC50,9181,5.646,6.8322725
GPCR,pAC50,9182,5.646,5.559326
GPCR,pAC50,9183,7.046,6.5753336
GPCR,pAC50,9184,7.523,6.991026
GPCR,pAC50,9185,5.476,7.2353525
GPCR,pAC50,9186,6.854,6.8505344
GPCR,pAC50,9187,6.745,6.707155
GPCR,pAC50,9188,6.432,6.4477816
GPCR,pAC50,9189,6.252,6.766241
GPCR,pAC50,9190,5.979,6.637372
GPCR,pAC50,9191,7.585,6.9474354
GPCR,pAC50,9192,6.523,6.448718
GPCR,pAC50,9193,6.523,6.2025003
GPCR,pAC50,9194,6.523,6.4165945
GPCR,pAC50,9195,6.523,6.411806
GPCR,pAC50,9196,6.523,6.582966
GPCR,pAC50,9197,6.523,6.5877323
GPCR,pAC50,9198,6.523,6.5212574
GPCR,pAC50,9199,6.523,6.5302477
GPCR,pAC50,9200,6.523,6.7567387
GPCR,pAC50,9201,6.523,6.0895844
GPCR,pAC50,9202,6.523,6.4194565
GPCR,pAC50,9203,6.523,6.463933
GPCR,pAC50,9204,6.523,6.4758368
GPCR,pAC50,9205,6.523,6.4103804
GPCR,pAC50,9206,6.125,6.387558
GPCR,pAC50,9207,6.523,6.6714783
GPCR,pAC50,9208,6.125,6.465411
GPCR,pAC50,9209,6.523,6.1730375
GPCR,pAC50,9210,6.523,6.3831654
GPCR,pAC50,9211,6.523,6.594285
GPCR,pAC50,9212,6.523,6.681697
GPCR,pAC50,9213,3.983,4.4288216
GPCR,pAC50,9214,5.903,5.6168547
GPCR,pAC50,9215,5.222,5.2860117
GPCR,pAC50,9216,5.222,5.6792326
GPCR,pAC50,9217,5.222,5.906828
GPCR,pAC50,9218,5.222,5.4459743
GPCR,pAC50,9219,5.222,5.4868774
GPCR,pAC50,9220,5.903,5.9390783
GPCR,pAC50,9221,6.092,5.9453382
GPCR,pAC50,9222,5.903,5.349471
GPCR,pAC50,9223,5.903,5.531127
GPCR,pAC50,9224,5.903,5.3135567
GPCR,pAC50,9225,5.222,5.288574
GPCR,pAC50,9226,5.222,5.288574
GPCR,pAC50,9227,5.903,5.5751333
GPCR,pAC50,9228,3.285,6.050541
GPCR,pAC50,9229,8.53,8.561649
GPCR,pAC50,9230,8.818,7.9822626
GPCR,pAC50,9231,6.511,7.8756523
GPCR,pAC50,9232,6.678,6.5331497
GPCR,pAC50,9233,6.292,7.1925077
GPCR,pAC50,9234,6.796,7.261279
GPCR,pAC50,9235,6.658,7.152709
GPCR,pAC50,9236,8.125,8.5991
GPCR,pAC50,9237,8.796,8.066843
GPCR,pAC50,9238,5.854,6.483076
GPCR,pAC50,9239,5.77,7.0411615
GPCR,pAC50,9240,7.237,7.7210627
GPCR,pAC50,9241,8.62,7.5252247
GPCR,pAC50,9242,9.0,7.311055
GPCR,pAC50,9243,6.79,6.86178
GPCR,pAC50,9244,6.441,7.6156588
GPCR,pAC50,9245,9.301,9.1153555
GPCR,pAC50,9246,9.523,9.52616
GPCR,pAC50,9247,8.721,8.580855
GPCR,pAC50,9248,5.874,7.500248
GPCR,pAC50,9249,7.812,8.362667
GPCR,pAC50,9250,7.141,8.136617
GPCR,pAC50,9251,9.046,8.89484
GPCR,pAC50,9252,7.373,7.3333864
GPCR,pAC50,9253,8.31,8.072784
GPCR,pAC50,9254,7.325,6.9148417
GPCR,pAC50,9255,6.506,6.593506
GPCR,pAC50,9256,8.921,7.4762077
GPCR,pAC50,9257,6.398,7.3529453
GPCR,pAC50,9258,6.125,5.9314747
GPCR,pAC50,9259,6.374,7.155012
GPCR,pAC50,9260,8.357,7.9203253
GPCR,pAC50,9261,8.036,7.76124
GPCR,pAC50,9262,8.367,8.163128
GPCR,pAC50,9263,7.652,7.287874
GPCR,pAC50,9264,7.421,8.284512
GPCR,pAC50,9265,6.975,7.299303
GPCR,pAC50,9266,6.0,5.533641
GPCR,pAC50,9267,5.398,5.2600737
GPCR,pAC50,9268,6.301,5.5888567
GPCR,pAC50,9269,6.602,7.3216143
GPCR,pAC50,9270,6.0,5.6126614
GPCR,pAC50,9271,5.097,5.445183
GPCR,pAC50,9272,5.699,5.127651
GPCR,pAC50,9273,8.0,8.561787
GPCR,pAC50,9274,8.137,8.132374
GPCR,pAC50,9275,6.845,7.0111847
GPCR,pAC50,9276,5.252,5.434393
GPCR,pAC50,9277,5.092,6.035074
GPCR,pAC50,9278,5.446,5.4471445
GPCR,pAC50,9279,7.509,7.500599
GPCR,pAC50,9280,9.854,9.893896
GPCR,pAC50,9281,9.31,8.555515
GPCR,pAC50,9282,8.201,7.965246
GPCR,pAC50,9283,8.699,9.053407
GPCR,pAC50,9284,7.569,8.034929
GPCR,pAC50,9285,7.699,8.982375
GPCR,pAC50,9286,7.796,7.9863653
GPCR,pAC50,9287,7.481,7.156399
GPCR,pAC50,9288,7.523,7.7944193
GPCR,pAC50,9289,9.824,9.202318
GPCR,pAC50,9290,6.021,6.2167253
GPCR,pAC50,9291,6.209,6.267894
GPCR,pAC50,9292,5.678,5.924571
GPCR,pAC50,9293,5.646,5.4767313
GPCR,pAC50,9294,5.0,5.3156414
GPCR,pAC50,9295,7.62,7.831599
GPCR,pAC50,9296,9.056,9.196022
GPCR,pAC50,9297,7.921,8.726561
GPCR,pAC50,9298,8.18,8.804849
GPCR,pAC50,9299,6.195,5.7115173
GPCR,pAC50,9300,6.455,6.815115
GPCR,pAC50,9301,6.341,6.5417624
GPCR,pAC50,9302,6.391,6.6370316
GPCR,pAC50,9303,6.227,6.116976
GPCR,pAC50,9304,5.815,5.5559816
GPCR,pAC50,9305,5.472,6.2159853
GPCR,pAC50,9306,5.676,5.400488
GPCR,pAC50,9307,5.815,5.7926073
GPCR,pAC50,9308,6.087,5.757642
GPCR,pAC50,9309,5.315,6.26688
GPCR,pAC50,9310,6.854,6.7681465
GPCR,pAC50,9311,5.42,6.321827
GPCR,pAC50,9312,7.409,6.6230307
GPCR,pAC50,9313,5.319,6.007365
GPCR,pAC50,9314,5.456,4.8449507
GPCR,pAC50,9315,7.523,7.335496
GPCR,pAC50,9316,7.215,6.2223644
GPCR,pAC50,9317,8.602,9.634108
GPCR,pAC50,9318,8.0,7.3374777
GPCR,pAC50,9319,5.77,7.61078
GPCR,pAC50,9320,5.42,6.0217333
GPCR,pAC50,9321,5.62,5.760577
GPCR,pAC50,9322,9.509,8.7794695
GPCR,pAC50,9323,7.398,7.8184986
GPCR,pAC50,9324,8.032,7.8184977
GPCR,pAC50,9325,5.481,6.356921
GPCR,pAC50,9326,6.824,7.3088255
GPCR,pAC50,9327,8.658,8.186346
GPCR,pAC50,9328,5.699,5.8099203
GPCR,pAC50,9329,8.824,8.731342
GPCR,pAC50,9330,5.959,5.7034492
GPCR,pAC50,9331,5.585,5.606374
GPCR,pAC50,9332,7.585,6.9715166
GPCR,pAC50,9333,8.377,8.577652
GPCR,pAC50,9334,7.022,7.2689695
GPCR,pAC50,9335,7.959,7.3719587
GPCR,pAC50,9336,7.678,7.6841335
GPCR,pAC50,9337,5.861,5.8058863
GPCR,pAC50,9338,5.862,5.8479643
GPCR,pAC50,9339,6.745,5.473564
GPCR,pAC50,9340,6.036,5.786501
GPCR,pAC50,9341,6.0,7.512208
GPCR,pAC50,9342,5.959,6.172858
GPCR,pAC50,9343,5.821,5.8865156
GPCR,pAC50,9344,5.802,5.904518
GPCR,pAC50,9345,6.582,6.6568546
GPCR,pAC50,9346,5.965,5.8013735
GPCR,pAC50,9347,5.435,6.0909834
GPCR,pAC50,9348,6.629,5.2735558
GPCR,pAC50,9349,7.836,7.6831064
GPCR,pAC50,9350,7.26,7.6254654
GPCR,pAC50,9351,7.26,6.8705635
GPCR,pAC50,9352,7.26,7.4241447
GPCR,pAC50,9353,6.26,6.5659447
GPCR,pAC50,9354,6.699,6.5952005
GPCR,pAC50,9355,8.26,8.041788
GPCR,pAC50,9356,8.26,8.032789
GPCR,pAC50,9357,7.26,7.1701202
GPCR,pAC50,9358,8.26,8.068458
GPCR,pAC50,9359,8.26,7.5341845
GPCR,pAC50,9360,7.26,7.615205
GPCR,pAC50,9361,7.26,7.3908834
GPCR,pAC50,9362,8.26,8.432304
GPCR,pAC50,9363,8.26,8.388961
GPCR,pAC50,9364,8.26,8.088563
GPCR,pAC50,9365,8.26,7.9259825
GPCR,pAC50,9366,8.26,8.318843
GPCR,pAC50,9367,8.26,8.675973
GPCR,pAC50,9368,7.26,7.8254633
GPCR,pAC50,9369,8.26,8.465901
GPCR,pAC50,9370,5.911,6.4299707
GPCR,pAC50,9371,6.071,7.1261225
GPCR,pAC50,9372,7.854,6.960866
GPCR,pAC50,9373,6.201,6.818653
GPCR,pAC50,9374,7.143,7.2294874
GPCR,pAC50,9375,7.678,6.6394386
GPCR,pAC50,9376,7.42,6.9074593
GPCR,pAC50,9377,6.325,6.7667522
GPCR,pAC50,9378,6.208,6.542429
GPCR,pAC50,9379,7.119,7.064166
GPCR,pAC50,9380,5.875,6.5105906
GPCR,pAC50,9381,6.678,6.484576
GPCR,pAC50,9382,6.996,7.017482
GPCR,pAC50,9383,6.341,5.5169954
GPCR,pAC50,9384,7.036,7.2646475
GPCR,pAC50,9385,7.77,7.067359
GPCR,pAC50,9386,5.529,6.358527
GPCR,pAC50,9387,7.569,7.506833
GPCR,pAC50,9388,6.77,6.907774
GPCR,pAC50,9389,7.268,6.874446
GPCR,pAC50,9390,6.873,6.898656
GPCR,pAC50,9391,7.194,6.4630117
GPCR,pAC50,9392,6.241,6.330906
GPCR,pAC50,9393,6.379,6.3564243
GPCR,pAC50,9394,5.565,6.3091125
GPCR,pAC50,9395,8.301,8.283051
GPCR,pAC50,9396,11.699,8.992232
GPCR,pAC50,9397,8.301,8.260477
GPCR,pAC50,9398,7.26,8.316027
GPCR,pAC50,9399,6.699,7.124733
GPCR,pAC50,9400,11.0,9.533215
GPCR,pAC50,9401,8.301,8.8640585
GPCR,pAC50,9402,8.301,9.009775
GPCR,pAC50,9403,8.301,8.410973
GPCR,pAC50,9404,8.301,7.3479147
GPCR,pAC50,9405,8.301,9.80683
GPCR,pAC50,9406,8.301,8.127167
GPCR,pAC50,9407,8.301,9.511935
GPCR,pAC50,9408,8.301,8.544039
GPCR,pAC50,9409,8.301,8.393093
GPCR,pAC50,9410,6.699,8.360004
GPCR,pAC50,9411,6.699,8.2816305
GPCR,pAC50,9412,6.699,7.5766993
GPCR,pAC50,9413,7.26,7.899082
GPCR,pAC50,9414,8.301,8.526582
GPCR,pAC50,9415,8.301,7.745618
GPCR,pAC50,9416,8.301,8.099836
GPCR,pAC50,9417,8.301,8.334597
GPCR,pAC50,9418,8.301,8.389242
GPCR,pAC50,9419,8.301,7.987626
GPCR,pAC50,9420,8.301,8.27034
GPCR,pAC50,9421,7.26,8.394731
GPCR,pAC50,9422,8.301,8.144667
GPCR,pAC50,9423,8.301,8.378803
GPCR,pAC50,9424,8.301,7.9669847
GPCR,pAC50,9425,8.301,8.266719
GPCR,pAC50,9426,8.301,8.15353
GPCR,pAC50,9427,8.301,8.319256
GPCR,pAC50,9428,8.301,8.345356
GPCR,pAC50,9429,8.301,8.312853
GPCR,pAC50,9430,8.301,8.2823515
GPCR,pAC50,9431,8.301,8.146618
GPCR,pAC50,9432,8.301,8.072952
GPCR,pAC50,9433,8.301,7.973627
GPCR,pAC50,9434,8.301,8.290455
GPCR,pAC50,9435,8.301,8.360308
GPCR,pAC50,9436,8.301,8.42363
GPCR,pAC50,9437,8.301,8.0606365
GPCR,pAC50,9438,8.301,8.381031
GPCR,pAC50,9439,8.301,8.130653
GPCR,pAC50,9440,8.301,8.113005
GPCR,pAC50,9441,8.301,8.075742
GPCR,pAC50,9442,8.301,7.9763813
GPCR,pAC50,9443,7.26,7.5469513
GPCR,pAC50,9444,5.373,5.1749706
GPCR,pAC50,9445,5.409,4.872264
GPCR,pAC50,9446,5.076,5.5885525
GPCR,pAC50,9447,5.143,5.4207106
GPCR,pAC50,9448,5.432,5.1952486
GPCR,pAC50,9449,5.699,5.357853
GPCR,pAC50,9450,5.721,5.897093
GPCR,pAC50,9451,6.699,6.1607265
GPCR,pAC50,9452,6.155,6.1791143
GPCR,pAC50,9453,5.027,4.949607
GPCR,pAC50,9454,4.951,5.3474827
GPCR,pAC50,9455,5.194,5.0330305
GPCR,pAC50,9456,5.194,5.0370264
GPCR,pAC50,9457,5.292,4.7639647
GPCR,pAC50,9458,5.0,5.4421597
GPCR,pAC50,9459,5.0,5.6362333
GPCR,pAC50,9460,5.42,5.698371
GPCR,pAC50,9461,5.086,6.0324
GPCR,pAC50,9462,5.086,5.573927
GPCR,pAC50,9463,5.18,5.502405
GPCR,pAC50,9464,5.398,5.6567316
GPCR,pAC50,9465,4.896,4.9495277
GPCR,pAC50,9466,5.951,5.3962126
GPCR,pAC50,9467,5.78,5.826105
GPCR,pAC50,9468,6.654,6.072792
GPCR,pAC50,9469,5.554,5.529271
GPCR,pAC50,9470,5.987,5.756503
GPCR,pAC50,9471,6.176,5.8533936
GPCR,pAC50,9472,5.431,5.7417116
GPCR,pAC50,9473,6.588,6.9419804
GPCR,pAC50,9474,8.076,7.0295753
GPCR,pAC50,9475,7.553,7.4239283
GPCR,pAC50,9476,6.268,7.0721674
GPCR,pAC50,9477,7.301,7.847316
GPCR,pAC50,9478,8.194,7.6471815
GPCR,pAC50,9479,9.18,8.071969
GPCR,pAC50,9480,8.432,7.848181
GPCR,pAC50,9481,8.745,8.352858
GPCR,pAC50,9482,9.051,8.430962
GPCR,pAC50,9483,8.523,8.607311
GPCR,pAC50,9484,8.481,8.10208
GPCR,pAC50,9485,9.886,9.163176
GPCR,pAC50,9486,7.602,8.263546
GPCR,pAC50,9487,6.678,6.684823
GPCR,pAC50,9488,7.495,7.239362
GPCR,pAC50,9489,8.276,8.325445
GPCR,pAC50,9490,8.569,8.720192
GPCR,pAC50,9491,8.292,8.931081
GPCR,pAC50,9492,8.481,8.295435
GPCR,pAC50,9493,8.62,8.6712
GPCR,pAC50,9494,7.276,8.388067
GPCR,pAC50,9495,7.854,7.4798737
GPCR,pAC50,9496,9.26,9.2926
GPCR,pAC50,9497,9.854,9.318572
GPCR,pAC50,9498,9.721,10.428138
GPCR,pAC50,9499,8.444,9.210195
GPCR,pAC50,9500,6.523,7.1965857
GPCR,pAC50,9501,9.538,8.501673
GPCR,pAC50,9502,9.31,8.604307
GPCR,pAC50,9503,8.959,9.747658
GPCR,pAC50,9504,7.523,8.356312
GPCR,pAC50,9505,8.167,9.430459
GPCR,pAC50,9506,7.796,9.683013
GPCR,pAC50,9507,10.046,9.544539
GPCR,pAC50,9508,9.602,9.07609
GPCR,pAC50,9509,7.292,8.297997
GPCR,pAC50,9510,8.495,7.590335
GPCR,pAC50,9511,9.658,9.399549
GPCR,pAC50,9512,9.569,9.642401
GPCR,pAC50,9513,9.523,9.180579
GPCR,pAC50,9514,9.092,9.356693
GPCR,pAC50,9515,9.357,9.39811
GPCR,pAC50,9516,8.602,8.692333
GPCR,pAC50,9517,10.155,9.382664
GPCR,pAC50,9518,9.187,8.322836
GPCR,pAC50,9519,9.06,8.497732
GPCR,pAC50,9520,7.553,8.24411
GPCR,pAC50,9521,7.886,8.32285
GPCR,pAC50,9522,8.26,8.37969
GPCR,pAC50,9523,7.959,8.282138
GPCR,pAC50,9524,7.796,8.244109
GPCR,pAC50,9525,6.638,6.7358265
GPCR,pAC50,9526,6.215,6.798628
GPCR,pAC50,9527,9.77,9.557243
GPCR,pAC50,9528,9.602,9.364144
GPCR,pAC50,9529,7.432,7.9902086
GPCR,pAC50,9530,7.886,8.004121
GPCR,pAC50,9531,10.0,9.7328615
GPCR,pAC50,9532,7.444,7.225828
GPCR,pAC50,9533,7.194,7.225828
GPCR,pAC50,9534,7.174,7.239111
GPCR,pAC50,9535,7.469,6.864233
GPCR,pAC50,9536,8.276,8.440583
GPCR,pAC50,9537,6.409,7.0399694
GPCR,pAC50,9538,7.26,7.403899
GPCR,pAC50,9539,7.975,8.0642
GPCR,pAC50,9540,6.26,7.6684113
GPCR,pAC50,9541,7.252,7.4632874
GPCR,pAC50,9542,7.523,7.969886
GPCR,pAC50,9543,7.553,8.450099
GPCR,pAC50,9544,7.509,7.90464
GPCR,pAC50,9545,7.337,8.46056
GPCR,pAC50,9546,7.854,8.959759
GPCR,pAC50,9547,8.432,8.685774
GPCR,pAC50,9548,7.824,7.9280367
GPCR,pAC50,9549,7.18,7.9280357
GPCR,pAC50,9550,7.745,7.3723955
GPCR,pAC50,9551,7.377,8.299433
GPCR,pAC50,9552,6.3,6.060546
GPCR,pAC50,9553,6.1,5.65242
GPCR,pAC50,9554,6.699,6.763685
GPCR,pAC50,9555,6.699,7.174803
GPCR,pAC50,9556,8.387,8.513449
GPCR,pAC50,9557,8.027,8.080924
GPCR,pAC50,9558,8.538,8.499825
GPCR,pAC50,9559,7.585,7.606494
GPCR,pAC50,9560,6.928,7.032671
GPCR,pAC50,9561,7.611,7.325779
GPCR,pAC50,9562,6.481,7.237832
GPCR,pAC50,9563,7.959,7.4871435
GPCR,pAC50,9564,7.076,7.073291
GPCR,pAC50,9565,9.201,9.231338
GPCR,pAC50,9566,8.62,9.207782
GPCR,pAC50,9567,7.284,7.970747
GPCR,pAC50,9568,9.398,8.914727
GPCR,pAC50,9569,8.77,9.037534
GPCR,pAC50,9570,9.959,9.780447
GPCR,pAC50,9571,8.509,8.241863
GPCR,pAC50,9572,7.77,7.983596
GPCR,pAC50,9573,5.883,7.180584
GPCR,pAC50,9574,7.854,6.3635607
GPCR,pAC50,9575,7.678,7.3157578
GPCR,pAC50,9576,7.076,8.645945
GPCR,pAC50,9577,9.398,9.20495
GPCR,pAC50,9578,8.569,9.305159
GPCR,pAC50,9579,7.959,8.959186
GPCR,pAC50,9580,7.921,9.330317
GPCR,pAC50,9581,8.886,9.254536
GPCR,pAC50,9582,8.229,8.649509
GPCR,pAC50,9583,8.553,8.511511
GPCR,pAC50,9584,9.092,7.3113804
GPCR,pAC50,9585,8.387,8.454266
GPCR,pAC50,9586,7.959,7.6533556
GPCR,pAC50,9587,9.538,9.204764
GPCR,pAC50,9588,9.699,9.862394
GPCR,pAC50,9589,7.469,8.187233
GPCR,pAC50,9590,8.509,7.9313984
GPCR,pAC50,9591,7.745,7.991618
GPCR,pAC50,9592,7.301,7.644004
GPCR,pAC50,9593,9.699,9.698293
GPCR,pAC50,9594,8.377,8.932
GPCR,pAC50,9595,8.347,8.839453
GPCR,pAC50,9596,8.658,8.839815
GPCR,pAC50,9597,9.097,8.472055
GPCR,pAC50,9598,6.745,5.6630898
GPCR,pAC50,9599,5.948,6.9771967
GPCR,pAC50,9600,8.319,8.34252
GPCR,pAC50,9601,6.921,7.398938
GPCR,pAC50,9602,7.678,8.638529
GPCR,pAC50,9603,6.481,8.129627
GPCR,pAC50,9604,7.155,6.716691
GPCR,pAC50,9605,6.284,7.039606
GPCR,pAC50,9606,7.658,7.6268206
GPCR,pAC50,9607,7.222,7.8365383
GPCR,pAC50,9608,7.62,7.3289394
GPCR,pAC50,9609,7.398,7.3671684
GPCR,pAC50,9610,8.77,8.160417
GPCR,pAC50,9611,8.357,8.61911
GPCR,pAC50,9612,5.301,4.813051
GPCR,pAC50,9613,5.301,5.318118
GPCR,pAC50,9614,5.301,5.396302
GPCR,pAC50,9615,5.301,5.3824244
GPCR,pAC50,9616,5.301,5.3632545
GPCR,pAC50,9617,5.301,5.242202
GPCR,pAC50,9618,5.301,5.192729
GPCR,pAC50,9619,5.301,5.4098635
GPCR,pAC50,9620,5.824,6.109581
GPCR,pAC50,9621,5.301,5.601302
GPCR,pAC50,9622,5.301,5.318017
GPCR,pAC50,9623,5.824,5.560788
GPCR,pAC50,9624,5.301,4.9207077
GPCR,pAC50,9625,5.783,5.517002
GPCR,pAC50,9626,5.559,5.436428
GPCR,pAC50,9627,8.432,8.624538
GPCR,pAC50,9628,7.301,7.206189
GPCR,pAC50,9629,7.367,7.201025
GPCR,pAC50,9630,5.699,7.250329
GPCR,pAC50,9631,5.222,7.250329
GPCR,pAC50,9632,7.854,7.97151
GPCR,pAC50,9633,7.886,6.9889736
GPCR,pAC50,9634,7.854,4.8624907
GPCR,pAC50,9635,7.886,8.431199
GPCR,pAC50,9636,2.11,6.6012926
GPCR,pAC50,9637,8.0,7.977868
GPCR,pAC50,9638,7.432,7.8291273
GPCR,pAC50,9639,8.041,8.2634945
GPCR,pAC50,9640,7.0,7.165908
GPCR,pAC50,9641,7.886,7.6636314
GPCR,pAC50,9642,7.523,5.1755466
GPCR,pAC50,9643,7.081,7.8100567
GPCR,pAC50,9644,11.097,5.7311506
GPCR,pAC50,9645,6.652,6.6876802
GPCR,pAC50,9646,6.0,5.750416
GPCR,pAC50,9647,7.538,8.057964
GPCR,pAC50,9648,9.699,9.653391
GPCR,pAC50,9649,5.703,5.7395487
GPCR,pAC50,9650,3.959,3.1686654
GPCR,pAC50,9651,2.982,3.8216918
GPCR,pAC50,9652,5.0,4.6439314
GPCR,pAC50,9653,6.495,7.1546383
GPCR,pAC50,9654,7.638,7.9322643
GPCR,pAC50,9655,7.721,7.9062834
GPCR,pAC50,9656,6.0,7.144416
GPCR,pAC50,9657,8.0,7.069252
GPCR,pAC50,9658,8.432,7.1290417
GPCR,pAC50,9659,6.268,6.4707203
GPCR,pAC50,9660,5.815,6.387083
GPCR,pAC50,9661,6.638,7.3618164
GPCR,pAC50,9662,6.337,6.55007
GPCR,pAC50,9663,6.602,7.4206734
GPCR,pAC50,9664,6.538,6.63276
GPCR,pAC50,9665,7.432,7.464285
GPCR,pAC50,9666,7.086,6.0683584
GPCR,pAC50,9667,8.046,8.861796
GPCR,pAC50,9668,8.268,8.27042
GPCR,pAC50,9669,5.996,5.6342278
GPCR,pAC50,9670,7.347,7.6357136
GPCR,pAC50,9671,5.994,6.3379784
GPCR,pAC50,9672,8.398,8.196838
GPCR,pAC50,9673,9.387,9.150326
GPCR,pAC50,9674,9.357,9.150326
GPCR,pAC50,9675,9.114,9.061544
GPCR,pAC50,9676,8.102,7.0513134
GPCR,pAC50,9677,5.2,5.811759
GPCR,pAC50,9678,6.801,5.781576
GPCR,pAC50,9679,7.222,6.9728804
GPCR,pAC50,9680,8.155,7.8235216
GPCR,pAC50,9681,6.444,6.7182646
GPCR,pAC50,9682,8.824,9.544944
GPCR,pAC50,9683,8.155,7.987175
GPCR,pAC50,9684,6.179,6.729725
GPCR,pAC50,9685,7.62,7.6953526
GPCR,pAC50,9686,6.167,5.5556564
GPCR,pAC50,9687,6.125,5.7571363
GPCR,pAC50,9688,5.023,5.2670374
GPCR,pAC50,9689,5.785,5.417368
GPCR,pAC50,9690,11.398,10.534732
GPCR,pAC50,9691,6.678,7.082033
GPCR,pAC50,9692,8.377,8.045173
GPCR,pAC50,9693,9.0,8.8962345
GPCR,pAC50,9694,9.3,8.656622
GPCR,pAC50,9695,7.469,7.4538107
GPCR,pAC50,9696,8.032,7.071666
GPCR,pAC50,9697,4.07,5.088464
GPCR,pAC50,9698,7.0,7.707552
GPCR,pAC50,9699,10.0,8.617697
GPCR,pAC50,9700,7.398,6.989765
GPCR,pAC50,9701,7.523,7.0819836
GPCR,pAC50,9702,6.481,6.00692
GPCR,pAC50,9703,5.398,5.5624866
GPCR,pAC50,9704,7.398,6.794503
GPCR,pAC50,9705,6.886,7.2574673
GPCR,pAC50,9706,7.194,7.031204
GPCR,pAC50,9707,8.699,8.70773
GPCR,pAC50,9708,8.252,8.443626
GPCR,pAC50,9709,8.018,7.97414
GPCR,pAC50,9710,7.62,7.8453693
GPCR,pAC50,9711,6.523,6.0653343
GPCR,pAC50,9712,7.097,7.02468
GPCR,pAC50,9713,5.252,6.7356424
GPCR,pAC50,9714,8.357,8.078884
GPCR,pAC50,9715,8.0,5.926279
GPCR,pAC50,9716,6.125,5.8063126
GPCR,pAC50,9717,6.167,7.562211
GPCR,pAC50,9718,5.444,5.5546417
GPCR,pAC50,9719,7.037,6.366003
GPCR,pAC50,9720,8.31,8.176742
GPCR,pAC50,9721,6.42,6.0811987
GPCR,pAC50,9722,5.456,6.076437
GPCR,pAC50,9723,5.824,5.704054
GPCR,pAC50,9724,8.854,8.187046
GPCR,pAC50,9725,8.585,8.635294
GPCR,pAC50,9726,8.469,8.810634
GPCR,pAC50,9727,8.658,8.056545
GPCR,pAC50,9728,7.347,7.0063705
GPCR,pAC50,9729,8.699,7.4719524
GPCR,pAC50,9730,8.538,8.645261
GPCR,pAC50,9731,7.876,7.667741
GPCR,pAC50,9732,7.724,7.947448
GPCR,pAC50,9733,6.456,6.075575
GPCR,pAC50,9734,7.699,6.671692
GPCR,pAC50,9735,6.53,5.78347
GPCR,pAC50,9736,7.004,5.994342
GPCR,pAC50,9737,7.638,7.337742
GPCR,pAC50,9738,5.524,5.924618
GPCR,pAC50,9739,5.452,5.924618
GPCR,pAC50,9740,7.194,7.437953
GPCR,pAC50,9741,6.381,6.3084707
GPCR,pAC50,9742,7.523,6.55247
GPCR,pAC50,9743,8.0,7.0555887
GPCR,pAC50,9744,6.41,6.8821783
GPCR,pAC50,9745,8.921,7.8636484
GPCR,pAC50,9746,8.699,8.682337
GPCR,pAC50,9747,7.717,7.82228
GPCR,pAC50,9748,8.385,7.9362926
GPCR,pAC50,9749,6.048,6.3828325
GPCR,pAC50,9750,5.507,5.4711485
GPCR,pAC50,9751,5.327,5.7023306
GPCR,pAC50,9752,5.301,5.073698
GPCR,pAC50,9753,7.879,7.7115545
GPCR,pAC50,9754,6.77,6.657304
GPCR,pAC50,9755,7.67,7.6850233
GPCR,pAC50,9756,6.303,7.2195807
GPCR,pAC50,9757,6.205,6.229121
GPCR,pAC50,9758,6.618,6.5010796
GPCR,pAC50,9759,6.736,6.950815
GPCR,pAC50,9760,6.773,7.0918036
GPCR,pAC50,9761,6.11,7.0432787
GPCR,pAC50,9762,8.398,8.103545
GPCR,pAC50,9763,6.056,7.958988
GPCR,pAC50,9764,6.242,6.2178564
GPCR,pAC50,9765,7.244,6.2406664
GPCR,pAC50,9766,7.398,7.835451
GPCR,pAC50,9767,8.301,8.261762
GPCR,pAC50,9768,7.658,7.7831087
GPCR,pAC50,9769,8.137,8.318523
GPCR,pAC50,9770,5.7,5.540283
GPCR,pAC50,9771,5.4,6.2253895
GPCR,pAC50,9772,6.24,6.1219797
GPCR,pAC50,9773,6.02,6.0630245
GPCR,pAC50,9774,6.92,6.960025
GPCR,pAC50,9775,5.86,6.2292156
GPCR,pAC50,9776,9.4,9.745052
GPCR,pAC50,9777,6.395,6.980033
GPCR,pAC50,9778,10.367,9.109273
GPCR,pAC50,9779,6.155,6.3344145
GPCR,pAC50,9780,8.18,9.420933
GPCR,pAC50,9781,9.854,9.530057
GPCR,pAC50,9782,9.409,9.542162
GPCR,pAC50,9783,9.959,9.6885805
GPCR,pAC50,9784,6.845,6.529002
GPCR,pAC50,9785,5.244,6.09628
GPCR,pAC50,9786,5.513,6.09628
GPCR,pAC50,9787,6.272,6.09628
GPCR,pAC50,9788,9.77,9.436972
GPCR,pAC50,9789,6.5,7.2650423
GPCR,pAC50,9790,7.553,5.9126806
GPCR,pAC50,9791,7.495,8.107442
GPCR,pAC50,9792,3.39,4.586152
GPCR,pAC50,9793,3.932,6.1250734
GPCR,pAC50,9794,5.359,4.6922693
GPCR,pAC50,9795,8.602,9.243319
GPCR,pAC50,9796,5.721,8.2155905
GPCR,pAC50,9797,5.824,7.8155746
GPCR,pAC50,9798,8.854,8.607296
GPCR,pAC50,9799,8.244,8.441978
GPCR,pAC50,9800,7.292,9.013165
GPCR,pAC50,9801,8.229,9.201611
GPCR,pAC50,9802,8.071,8.341249
GPCR,pAC50,9803,6.857,6.9179993
GPCR,pAC50,9804,7.721,7.718773
GPCR,pAC50,9805,8.64,8.285915
GPCR,pAC50,9806,6.1,5.870282
GPCR,pAC50,9807,6.79,6.950674
GPCR,pAC50,9808,5.28,7.5158243
GPCR,pAC50,9809,8.569,8.142422
GPCR,pAC50,9810,7.658,7.885337
GPCR,pAC50,9811,8.481,8.444331
GPCR,pAC50,9812,8.721,7.898962
GPCR,pAC50,9813,8.076,7.8351593
GPCR,pAC50,9814,8.721,8.342275
GPCR,pAC50,9815,9.721,9.763455
GPCR,pAC50,9816,8.585,8.008372
GPCR,pAC50,9817,5.1,5.1171303
GPCR,pAC50,9818,7.284,7.232439
GPCR,pAC50,9819,4.071,4.3795424
GPCR,pAC50,9820,7.569,7.930318
GPCR,pAC50,9821,9.398,9.592222
GPCR,pAC50,9822,8.252,7.9985523
GPCR,pAC50,9823,8.268,8.143195
GPCR,pAC50,9824,6.244,5.5845594
GPCR,pAC50,9825,5.77,6.225672
GPCR,pAC50,9826,9.102,7.503603
GPCR,pAC50,9827,8.367,8.52763
GPCR,pAC50,9828,7.921,8.59237
GPCR,pAC50,9829,6.463,6.261407
GPCR,pAC50,9830,6.656,6.912608
GPCR,pAC50,9831,6.467,6.7090664
GPCR,pAC50,9832,8.699,8.462402
GPCR,pAC50,9833,7.456,7.9429073
GPCR,pAC50,9834,7.509,6.9618464
GPCR,pAC50,9835,9.187,8.852798
GPCR,pAC50,9836,8.432,8.917907
GPCR,pAC50,9837,9.041,8.901823
GPCR,pAC50,9838,8.097,7.9478874
GPCR,pAC50,9839,7.0,7.7453346
GPCR,pAC50,9840,8.301,8.10616
GPCR,pAC50,9841,6.131,7.587743
GPCR,pAC50,9842,8.367,8.379401
GPCR,pAC50,9843,8.538,7.7969933
GPCR,pAC50,9844,7.886,9.395233
GPCR,pAC50,9845,8.432,6.8325787
GPCR,pAC50,9846,8.229,6.8795767
GPCR,pAC50,9847,7.658,7.3500576
GPCR,pAC50,9848,6.026,5.9634457
GPCR,pAC50,9849,5.654,5.8922834
GPCR,pAC50,9850,6.595,5.975608
GPCR,pAC50,9851,7.155,5.961975
GPCR,pAC50,9852,6.697,5.621091
GPCR,pAC50,9853,7.886,8.078684
GPCR,pAC50,9854,6.233,6.487873
GPCR,pAC50,9855,6.281,6.4887285
GPCR,pAC50,9856,6.135,7.0484686
GPCR,pAC50,9857,7.092,7.004574
GPCR,pAC50,9858,9.62,8.980516
GPCR,pAC50,9859,8.495,8.344792
GPCR,pAC50,9860,7.018,6.9047747
GPCR,pAC50,9861,10.097,9.80933
GPCR,pAC50,9862,10.244,10.584858
GPCR,pAC50,9863,6.246,7.3647366
GPCR,pAC50,9864,3.712,3.6274908
GPCR,pAC50,9865,7.161,7.710826
GPCR,pAC50,9866,7.523,7.223813
GPCR,pAC50,9867,7.469,6.9950237
GPCR,pAC50,9868,10.097,8.1811695
GPCR,pAC50,9869,10.398,9.041012
GPCR,pAC50,9870,7.638,7.7638464
GPCR,pAC50,9871,8.409,8.610136
GPCR,pAC50,9872,5.254,6.1029663
GPCR,pAC50,9873,6.338,6.339018
GPCR,pAC50,9874,5.744,5.620863
GPCR,pAC50,9875,7.602,7.611676
GPCR,pAC50,9876,7.538,7.4113045
GPCR,pAC50,9877,6.514,6.7159643
GPCR,pAC50,9878,7.886,7.604949
GPCR,pAC50,9879,10.495,9.981257
GPCR,pAC50,9880,6.924,7.8148317
GPCR,pAC50,9881,7.222,7.1100616
GPCR,pAC50,9882,8.022,7.407548
GPCR,pAC50,9883,7.284,7.3706827
GPCR,pAC50,9884,8.149,7.677656
GPCR,pAC50,9885,7.367,7.5688143
GPCR,pAC50,9886,7.796,7.791814
GPCR,pAC50,9887,8.0,8.589914
GPCR,pAC50,9888,7.229,7.575988
GPCR,pAC50,9889,8.921,9.284488
GPCR,pAC50,9890,9.0,8.964561
GPCR,pAC50,9891,6.263,6.4449873
GPCR,pAC50,9892,9.137,7.1140747
GPCR,pAC50,9893,7.481,6.8725386
GPCR,pAC50,9894,8.77,8.747584
GPCR,pAC50,9895,7.569,7.766408
GPCR,pAC50,9896,8.208,7.4972296
GPCR,pAC50,9897,10.167,8.587704
GPCR,pAC50,9898,10.699,9.983804
GPCR,pAC50,9899,9.699,9.631751
GPCR,pAC50,9900,10.699,10.713589
GPCR,pAC50,9901,9.523,9.523887
GPCR,pAC50,9902,6.116,5.9126825
GPCR,pAC50,9903,8.699,9.090962
GPCR,pAC50,9904,9.2,9.149425
GPCR,pAC50,9905,4.664,4.992956
GPCR,pAC50,9906,6.701,6.440913
GPCR,pAC50,9907,6.682,6.4422054
GPCR,pAC50,9908,6.611,6.9150724
GPCR,pAC50,9909,6.714,6.72736
GPCR,pAC50,9910,9.222,9.034252
GPCR,pAC50,9911,7.337,6.8071327
GPCR,pAC50,9912,6.577,6.6784344
GPCR,pAC50,9913,6.631,6.493166
GPCR,pAC50,9914,7.62,7.5386972
GPCR,pAC50,9915,8.125,7.9886694
Ion channel,pAC50,0,6.097,5.3719535
Ion channel,pAC50,1,4.0,5.2123985
Ion channel,pAC50,2,6.499,6.0341697
Ion channel,pAC50,3,5.699,5.5844274
Ion channel,pAC50,4,4.754,4.175099
Ion channel,pAC50,5,4.398,4.5677123
Ion channel,pAC50,6,5.699,5.4450574
Ion channel,pAC50,7,5.319,5.1944137
Ion channel,pAC50,8,6.0,5.6741977
Ion channel,pAC50,9,5.076,5.11218
Ion channel,pAC50,10,5.824,5.94309
Ion channel,pAC50,11,5.859,5.785575
Ion channel,pAC50,12,4.365,4.29157
Ion channel,pAC50,13,5.377,5.650123
Ion channel,pAC50,14,5.189,5.748879
Ion channel,pAC50,15,6.801,7.2009497
Ion channel,pAC50,16,7.824,6.971806
Ion channel,pAC50,17,6.131,5.5793014
Ion channel,pAC50,18,4.928,5.1765327
Ion channel,pAC50,19,4.511,4.921942
Ion channel,pAC50,20,5.601,5.629827
Ion channel,pAC50,21,4.511,5.163876
Ion channel,pAC50,22,4.511,4.7822046
Ion channel,pAC50,23,5.377,5.629997
Ion channel,pAC50,24,5.056,4.8071837
Ion channel,pAC50,25,5.866,5.910815
Ion channel,pAC50,26,4.578,4.677284
Ion channel,pAC50,27,3.666,4.1993523
Ion channel,pAC50,28,4.768,5.4611015
Ion channel,pAC50,29,4.697,5.7361546
Ion channel,pAC50,30,6.424,6.937085
Ion channel,pAC50,31,4.083,4.6470757
Ion channel,pAC50,32,4.365,4.227957
Ion channel,pAC50,33,5.801,5.7114134
Ion channel,pAC50,34,6.585,5.7101164
Ion channel,pAC50,35,5.213,5.2384686
Ion channel,pAC50,36,4.889,5.48667
Ion channel,pAC50,37,7.258,7.334637
Ion channel,pAC50,38,7.188,7.498153
Ion channel,pAC50,39,7.807,7.267811
Ion channel,pAC50,40,5.42,6.795582
Ion channel,pAC50,41,6.161,6.2371736
Ion channel,pAC50,42,4.921,5.2078342
Ion channel,pAC50,43,4.495,6.257789
Ion channel,pAC50,44,4.886,6.277443
Ion channel,pAC50,45,4.495,5.6242785
Ion channel,pAC50,46,7.585,6.732448
Ion channel,pAC50,47,5.553,6.1427884
Ion channel,pAC50,48,5.854,3.975206
Ion channel,pAC50,49,5.77,6.0111628
Ion channel,pAC50,50,4.631,4.899552
Ion channel,pAC50,51,3.6,3.7857435
Ion channel,pAC50,52,3.903,4.2736993
Ion channel,pAC50,53,5.0,4.926086
Ion channel,pAC50,54,6.854,6.397597
Ion channel,pAC50,55,6.342,6.7139907
Ion channel,pAC50,56,5.319,5.3215156
Ion channel,pAC50,57,4.721,4.7105093
Ion channel,pAC50,58,4.824,4.8598704
Ion channel,pAC50,59,5.347,5.0325637
Ion channel,pAC50,60,5.616,5.9528375
Ion channel,pAC50,61,4.8,5.5447907
Ion channel,pAC50,62,7.77,4.9949527
Ion channel,pAC50,63,3.921,5.2610283
Ion channel,pAC50,64,6.481,6.387417
Ion channel,pAC50,65,8.921,7.1976237
Ion channel,pAC50,66,8.125,7.3547635
Ion channel,pAC50,67,5.432,5.2553463
Ion channel,pAC50,68,5.757,5.277995
Ion channel,pAC50,69,5.248,4.9101887
Ion channel,pAC50,70,4.979,5.077223
Ion channel,pAC50,71,5.629,5.4691215
Ion channel,pAC50,72,5.387,5.3864093
Ion channel,pAC50,73,5.328,5.6794457
Ion channel,pAC50,74,3.7,3.439394
Ion channel,pAC50,75,4.31,4.03532
Ion channel,pAC50,76,3.9,5.025607
Ion channel,pAC50,77,5.854,5.132172
Ion channel,pAC50,78,6.143,6.304211
Ion channel,pAC50,79,5.77,6.4816885
Ion channel,pAC50,80,6.357,6.321161
Ion channel,pAC50,81,5.5,5.3390784
Ion channel,pAC50,82,4.9,5.096403
Ion channel,pAC50,83,4.7,4.912384
Ion channel,pAC50,84,6.1,5.4638276
Ion channel,pAC50,85,5.6,5.4709506
Ion channel,pAC50,86,5.347,5.9000688
Ion channel,pAC50,87,4.602,5.0357895
Ion channel,pAC50,88,5.481,4.7445655
Ion channel,pAC50,89,5.046,5.4551325
Ion channel,pAC50,90,5.284,5.384537
Ion channel,pAC50,91,5.654,6.2717786
Ion channel,pAC50,92,5.513,6.36488
Ion channel,pAC50,93,4.523,5.8266945
Ion channel,pAC50,94,5.86,5.4313064
Ion channel,pAC50,95,7.301,7.4947467
Ion channel,pAC50,96,5.959,7.1837134
Ion channel,pAC50,97,5.824,5.1201935
Ion channel,pAC50,98,5.699,5.3004746
Ion channel,pAC50,99,5.553,5.3242383
Ion channel,pAC50,100,5.102,6.0072675
Ion channel,pAC50,101,3.131,3.1824956
Ion channel,pAC50,102,5.792,5.5262666
Ion channel,pAC50,103,5.653,5.6345925
Ion channel,pAC50,104,6.215,5.9705796
Ion channel,pAC50,105,4.481,4.4135203
Ion channel,pAC50,106,4.481,5.0694633
Ion channel,pAC50,107,4.481,4.487584
Ion channel,pAC50,108,4.481,5.3977304
Ion channel,pAC50,109,8.658,5.5050855
Ion channel,pAC50,110,6.575,5.914327
Ion channel,pAC50,111,4.398,5.092007
Ion channel,pAC50,112,5.398,5.5006256
Ion channel,pAC50,113,4.745,4.669825
Ion channel,pAC50,114,5.419,5.536369
Ion channel,pAC50,115,5.046,4.660319
Ion channel,pAC50,116,5.147,5.756989
Ion channel,pAC50,117,6.678,6.6373916
Ion channel,pAC50,118,5.796,4.731024
Ion channel,pAC50,119,9.0,8.494189
Ion channel,pAC50,120,7.131,7.3277993
Ion channel,pAC50,121,4.764,4.8152356
Ion channel,pAC50,122,6.4,6.1459174
Ion channel,pAC50,123,6.17,6.104333
Ion channel,pAC50,124,6.4,6.146582
Ion channel,pAC50,125,5.111,5.0051723
Ion channel,pAC50,126,5.977,5.881248
Ion channel,pAC50,127,6.854,6.111387
Ion channel,pAC50,128,4.921,5.077833
Ion channel,pAC50,129,4.854,4.5590243
Ion channel,pAC50,130,5.42,5.6056414
Ion channel,pAC50,131,5.523,5.6093106
Ion channel,pAC50,132,4.815,4.6820364
Ion channel,pAC50,133,5.745,5.9108396
Ion channel,pAC50,134,6.523,6.0059104
Ion channel,pAC50,135,5.523,4.9245014
Ion channel,pAC50,136,5.143,5.6082625
Ion channel,pAC50,137,6.222,6.168987
Ion channel,pAC50,138,6.658,5.8294425
Ion channel,pAC50,139,6.125,5.065618
Ion channel,pAC50,140,8.77,7.497086
Ion channel,pAC50,141,5.7,4.1482654
Ion channel,pAC50,142,5.7,6.071773
Ion channel,pAC50,143,5.699,8.705911
Ion channel,pAC50,144,6.602,5.497149
Ion channel,pAC50,145,5.9,6.3540435
Ion channel,pAC50,146,3.38,3.8298016
Ion channel,pAC50,147,5.022,5.1201124
Ion channel,pAC50,148,6.0,6.3748937
Ion channel,pAC50,149,5.1,5.3964353
Ion channel,pAC50,150,5.7,6.129356
Ion channel,pAC50,151,9.585,8.648846
Ion channel,pAC50,152,8.18,6.642706
Ion channel,pAC50,153,6.5,6.051127
Ion channel,pAC50,154,6.1,6.0635643
Ion channel,pAC50,155,5.6,5.7489924
Ion channel,pAC50,156,4.812,5.0081873
Ion channel,pAC50,157,4.721,4.856154
Ion channel,pAC50,158,5.6,5.577835
Ion channel,pAC50,159,5.201,5.450009
Ion channel,pAC50,160,6.097,6.4947233
Ion channel,pAC50,161,3.688,3.0570052
Ion channel,pAC50,162,8.092,8.800059
Ion channel,pAC50,163,6.009,6.3101335
Ion channel,pAC50,164,5.824,6.0930614
Ion channel,pAC50,165,4.796,5.1561766
Ion channel,pAC50,166,5.221,5.616977
Ion channel,pAC50,167,4.585,4.8379245
Ion channel,pAC50,168,3.875,5.8645406
Ion channel,pAC50,169,7.469,7.4309635
Ion channel,pAC50,170,7.553,7.687108
Ion channel,pAC50,171,5.77,6.08245
Ion channel,pAC50,172,5.921,6.0778728
Ion channel,pAC50,173,4.721,4.9519
Ion channel,pAC50,174,3.672,3.955995
Ion channel,pAC50,175,5.638,5.8363957
Ion channel,pAC50,176,5.668,6.080178
Ion channel,pAC50,177,3.9,4.4634976
Ion channel,pAC50,178,4.38,4.6221232
Ion channel,pAC50,179,4.92,4.819157
Ion channel,pAC50,180,4.72,4.645963
Ion channel,pAC50,181,5.276,5.586127
Ion channel,pAC50,182,4.854,5.0137424
Ion channel,pAC50,183,5.277,5.187882
Ion channel,pAC50,184,6.409,6.095267
Ion channel,pAC50,185,5.265,5.4449496
Ion channel,pAC50,186,4.523,4.8713
Ion channel,pAC50,187,5.175,5.276555
Ion channel,pAC50,188,4.102,3.8934402
Ion channel,pAC50,189,5.087,5.472815
Ion channel,pAC50,190,5.854,5.4544544
Ion channel,pAC50,191,4.888,5.062448
Ion channel,pAC50,192,4.357,4.7244353
Ion channel,pAC50,193,5.086,5.2147584
Ion channel,pAC50,194,4.921,5.240833
Ion channel,pAC50,195,6.444,6.575917
Ion channel,pAC50,196,5.553,5.9208956
Ion channel,pAC50,197,5.889,4.471433
Ion channel,pAC50,198,4.75,5.217512
Ion channel,pAC50,199,6.097,5.088981
Ion channel,pAC50,200,4.509,4.7608733
Ion channel,pAC50,201,5.315,5.8000507
Ion channel,pAC50,202,4.638,5.2415357
Ion channel,pAC50,203,4.092,4.6797833
Ion channel,pAC50,204,5.638,5.51376
Ion channel,pAC50,205,6.0,5.633596
Ion channel,pAC50,206,5.444,5.2492795
Ion channel,pAC50,207,5.648,7.8602004
Ion channel,pAC50,208,5.886,5.5083447
Ion channel,pAC50,209,4.886,4.650501
Ion channel,pAC50,210,5.886,5.711479
Ion channel,pAC50,211,5.699,5.707359
Ion channel,pAC50,212,4.879,5.2715487
Ion channel,pAC50,213,4.854,5.037793
Ion channel,pAC50,214,5.398,5.201504
Ion channel,pAC50,215,5.102,5.030645
Ion channel,pAC50,216,6.4,5.5374084
Ion channel,pAC50,217,5.788,6.250957
Ion channel,pAC50,218,5.023,5.56667
Ion channel,pAC50,219,5.237,5.2262497
Ion channel,pAC50,220,5.553,5.343455
Ion channel,pAC50,221,5.377,5.5271506
Ion channel,pAC50,222,5.377,5.227046
Ion channel,pAC50,223,5.432,5.910724
Ion channel,pAC50,224,6.201,6.0562787
Ion channel,pAC50,225,4.309,5.0128126
Ion channel,pAC50,226,5.1,4.6279416
Ion channel,pAC50,227,5.2,4.866553
Ion channel,pAC50,228,4.9,4.7726474
Ion channel,pAC50,229,4.7,4.7804594
Ion channel,pAC50,230,4.6,5.119414
Ion channel,pAC50,231,4.534,5.050512
Ion channel,pAC50,232,4.8,4.7136264
Ion channel,pAC50,233,5.2,4.7860374
Ion channel,pAC50,234,5.0,5.103117
Ion channel,pAC50,235,4.64,3.9516683
Ion channel,pAC50,236,4.959,5.0498796
Ion channel,pAC50,237,5.131,5.353245
Ion channel,pAC50,238,5.018,5.1721444
Ion channel,pAC50,239,6.602,6.137181
Ion channel,pAC50,240,6.886,5.8929768
Ion channel,pAC50,241,5.301,5.4953322
Ion channel,pAC50,242,6.125,6.729083
Ion channel,pAC50,243,5.699,5.390219
Ion channel,pAC50,244,5.201,5.601246
Ion channel,pAC50,245,5.201,4.969823
Ion channel,pAC50,246,5.301,4.5879807
Ion channel,pAC50,247,5.824,5.469126
Ion channel,pAC50,248,6.658,6.0046883
Ion channel,pAC50,249,6.218,6.6792417
Ion channel,pAC50,250,4.873,4.660902
Ion channel,pAC50,251,5.276,5.268865
Ion channel,pAC50,252,5.721,5.583181
Ion channel,pAC50,253,6.62,6.4812016
Ion channel,pAC50,254,4.523,4.475881
Ion channel,pAC50,255,4.616,5.0355067
Ion channel,pAC50,256,5.745,5.5472326
Ion channel,pAC50,257,5.337,4.8328495
Ion channel,pAC50,258,8.4,6.998345
Ion channel,pAC50,259,7.2,6.0744166
Ion channel,pAC50,260,5.721,5.766628
Ion channel,pAC50,261,5.0,5.3273892
Ion channel,pAC50,262,4.7,4.709791
Ion channel,pAC50,263,4.9,5.133578
Ion channel,pAC50,264,5.071,5.6859527
Ion channel,pAC50,265,4.5,4.4936295
Ion channel,pAC50,266,5.3,4.9709525
Ion channel,pAC50,267,4.5,4.8969073
Ion channel,pAC50,268,5.2,5.001385
Ion channel,pAC50,269,4.691,4.7888136
Ion channel,pAC50,270,4.854,5.3947377
Ion channel,pAC50,271,3.818,4.379479
Ion channel,pAC50,272,6.301,5.447144
Ion channel,pAC50,273,5.237,6.5432806
Ion channel,pAC50,274,8.252,6.1737914
Ion channel,pAC50,275,5.102,5.473768
Ion channel,pAC50,276,5.658,5.884344
Ion channel,pAC50,277,4.824,4.6626897
Ion channel,pAC50,278,7.699,7.328014
Ion channel,pAC50,279,8.0,6.403593
Ion channel,pAC50,280,4.541,5.20855
Ion channel,pAC50,281,4.678,5.193042
Ion channel,pAC50,282,4.801,5.0219407
Ion channel,pAC50,283,5.523,4.9574804
Ion channel,pAC50,284,4.983,5.7722816
Ion channel,pAC50,285,5.292,5.198792
Ion channel,pAC50,286,5.097,5.2023797
Ion channel,pAC50,287,4.678,4.5459905
Ion channel,pAC50,288,5.745,6.000527
Ion channel,pAC50,289,6.102,5.5567527
Ion channel,pAC50,290,4.699,5.70363
Ion channel,pAC50,291,4.472,4.469096
Ion channel,pAC50,292,5.131,4.8062115
Ion channel,pAC50,293,4.311,4.4887652
Ion channel,pAC50,294,4.559,4.6338754
Ion channel,pAC50,295,4.41,4.5454383
Ion channel,pAC50,296,5.081,4.764506
Ion channel,pAC50,297,4.442,4.807693
Ion channel,pAC50,298,4.455,4.758279
Ion channel,pAC50,299,4.951,4.845563
Ion channel,pAC50,300,6.461,6.9494953
Ion channel,pAC50,301,4.126,4.8054037
Ion channel,pAC50,302,4.678,4.621446
Ion channel,pAC50,303,4.538,4.6524057
Ion channel,pAC50,304,4.824,4.7137322
Ion channel,pAC50,305,5.0,4.8990664
Ion channel,pAC50,306,5.337,5.859759
Ion channel,pAC50,307,4.569,4.8012037
Ion channel,pAC50,308,5.046,5.1912518
Ion channel,pAC50,309,4.921,4.85567
Ion channel,pAC50,310,5.143,4.945922
Ion channel,pAC50,311,4.553,4.7505035
Ion channel,pAC50,312,4.886,4.875256
Ion channel,pAC50,313,4.602,4.956843
Ion channel,pAC50,314,5.036,5.907128
Ion channel,pAC50,315,4.561,5.215565
Ion channel,pAC50,316,4.759,5.238992
Ion channel,pAC50,317,4.53,4.594869
Ion channel,pAC50,318,6.533,5.6682477
Ion channel,pAC50,319,5.959,4.9897313
Ion channel,pAC50,320,5.036,5.0362363
Ion channel,pAC50,321,4.133,5.0303626
Ion channel,pAC50,322,6.523,6.283779
Ion channel,pAC50,323,5.921,5.943378
Ion channel,pAC50,324,4.77,5.0400634
Ion channel,pAC50,325,4.611,5.005676
Ion channel,pAC50,326,6.036,6.322685
Ion channel,pAC50,327,4.796,4.4499907
Ion channel,pAC50,328,4.854,5.344794
Ion channel,pAC50,329,3.561,3.7686844
Ion channel,pAC50,330,6.3,6.205413
Ion channel,pAC50,331,6.921,6.519366
Ion channel,pAC50,332,5.498,5.809814
Ion channel,pAC50,333,5.149,5.0352545
Ion channel,pAC50,334,4.783,4.837461
Ion channel,pAC50,335,5.886,5.9822288
Ion channel,pAC50,336,6.796,6.82863
Ion channel,pAC50,337,5.569,6.272715
Ion channel,pAC50,338,7.4,5.93153
Ion channel,pAC50,339,6.3,5.4062123
Ion channel,pAC50,340,5.7,5.9878316
Ion channel,pAC50,341,5.18,4.5928955
Ion channel,pAC50,342,4.943,4.9590683
Ion channel,pAC50,343,4.9,5.1038985
Ion channel,pAC50,344,5.9,5.538382
Ion channel,pAC50,345,5.2,5.2005315
Ion channel,pAC50,346,5.0,4.8858786
Ion channel,pAC50,347,5.6,5.864161
Ion channel,pAC50,348,5.8,5.836259
Ion channel,pAC50,349,6.6,6.5110793
Ion channel,pAC50,350,5.3,5.6939225
Ion channel,pAC50,351,5.5,5.670954
Ion channel,pAC50,352,5.6,4.768227
Ion channel,pAC50,353,0.12,1.4163705
Ion channel,pAC50,354,5.9,6.047673
Ion channel,pAC50,355,7.409,7.3231893
Ion channel,pAC50,356,6.161,6.2485476
Ion channel,pAC50,357,6.0,5.8904757
Ion channel,pAC50,358,5.22,4.3009315
Ion channel,pAC50,359,4.678,4.584352
Ion channel,pAC50,360,5.252,5.2510133
Ion channel,pAC50,361,5.495,5.6385937
Ion channel,pAC50,362,4.488,4.9022512
Ion channel,pAC50,363,6.046,5.8481374
Ion channel,pAC50,364,4.959,4.9359097
Ion channel,pAC50,365,4.42,4.618646
Ion channel,pAC50,366,4.745,4.784271
Ion channel,pAC50,367,4.886,5.070834
Ion channel,pAC50,368,4.064,4.937895
Ion channel,pAC50,369,4.088,4.779759
Ion channel,pAC50,370,4.3,4.777626
Ion channel,pAC50,371,4.8,4.7064347
Ion channel,pAC50,372,4.3,4.2244816
Ion channel,pAC50,373,4.208,4.510198
Ion channel,pAC50,374,6.0,5.51841
Ion channel,pAC50,375,4.8,4.8832097
Ion channel,pAC50,376,5.2,5.2406764
Ion channel,pAC50,377,4.725,5.4989944
Ion channel,pAC50,378,5.721,5.538708
Ion channel,pAC50,379,4.222,5.9391036
Ion channel,pAC50,380,5.347,5.37589
Ion channel,pAC50,381,4.914,5.7231
Ion channel,pAC50,382,5.276,5.22961
Ion channel,pAC50,383,4.796,5.1725974
Ion channel,pAC50,384,6.87,4.690614
Ion channel,pAC50,385,4.071,4.5286694
Ion channel,pAC50,386,5.319,5.334668
Ion channel,pAC50,387,5.26,5.012831
Ion channel,pAC50,388,5.252,5.102384
Ion channel,pAC50,389,5.398,5.437527
Ion channel,pAC50,390,5.081,5.5223985
Ion channel,pAC50,391,5.027,5.0800266
Ion channel,pAC50,392,5.444,5.3123713
Ion channel,pAC50,393,5.131,5.176025
Ion channel,pAC50,394,4.699,5.1715884
Ion channel,pAC50,395,5.583,5.831095
Ion channel,pAC50,396,5.812,5.281936
Ion channel,pAC50,397,5.523,5.5577335
Ion channel,pAC50,398,4.398,5.3471036
Ion channel,pAC50,399,4.886,4.6760755
Ion channel,pAC50,400,4.801,4.480575
Ion channel,pAC50,401,5.187,5.2848225
Ion channel,pAC50,402,5.432,5.0386696
Ion channel,pAC50,403,5.4,5.618745
Ion channel,pAC50,404,5.097,5.048946
Ion channel,pAC50,405,5.854,5.4378724
Ion channel,pAC50,406,4.62,5.046943
Ion channel,pAC50,407,7.95,6.8508196
Ion channel,pAC50,408,7.74,8.246146
Ion channel,pAC50,409,8.483,7.7231317
Ion channel,pAC50,410,8.283,8.926997
Ion channel,pAC50,411,9.004,8.705615
Ion channel,pAC50,412,3.478,4.453979
Ion channel,pAC50,413,8.097,8.204946
Ion channel,pAC50,414,7.796,7.8255277
Ion channel,pAC50,415,7.194,7.6533923
Ion channel,pAC50,416,7.194,7.302145
Ion channel,pAC50,417,4.495,5.174442
Ion channel,pAC50,418,5.377,5.364894
Ion channel,pAC50,419,5.137,5.4049983
Ion channel,pAC50,420,5.495,5.435263
Ion channel,pAC50,421,4.451,4.8487086
Ion channel,pAC50,422,5.26,5.0368943
Ion channel,pAC50,423,4.668,4.765285
Ion channel,pAC50,424,5.921,5.9226117
Ion channel,pAC50,425,5.036,5.2965627
Ion channel,pAC50,426,6.046,5.429004
Ion channel,pAC50,427,4.086,4.7532105
Ion channel,pAC50,428,5.996,5.837955
Ion channel,pAC50,429,5.046,5.781106
Ion channel,pAC50,430,5.959,5.8596845
Ion channel,pAC50,431,4.602,4.8220634
Ion channel,pAC50,432,4.99,4.9518723
Ion channel,pAC50,433,5.745,5.7656665
Ion channel,pAC50,434,4.1,4.987079
Ion channel,pAC50,435,4.77,4.3547244
Ion channel,pAC50,436,4.495,5.569431
Ion channel,pAC50,437,6.071,6.7526965
Ion channel,pAC50,438,4.572,5.3616986
Ion channel,pAC50,439,4.585,4.2641435
Ion channel,pAC50,440,5.309,5.699679
Ion channel,pAC50,441,4.685,5.103537
Ion channel,pAC50,442,4.921,5.0277343
Ion channel,pAC50,443,5.959,6.7534366
Ion channel,pAC50,444,4.921,4.415472
Ion channel,pAC50,445,4.638,4.78379
Ion channel,pAC50,446,5.886,5.622146
Ion channel,pAC50,447,4.302,5.180759
Ion channel,pAC50,448,5.631,5.7523665
Ion channel,pAC50,449,4.678,4.7307677
Ion channel,pAC50,450,7.446,6.779204
Ion channel,pAC50,451,5.543,6.4364643
Ion channel,pAC50,452,6.7,6.689186
Ion channel,pAC50,453,6.0,6.051104
Ion channel,pAC50,454,5.2,5.1206946
Ion channel,pAC50,455,7.77,7.599585
Ion channel,pAC50,456,6.8,6.32188
Ion channel,pAC50,457,6.9,6.48949
Ion channel,pAC50,458,7.0,6.474606
Ion channel,pAC50,459,4.854,5.2541833
Ion channel,pAC50,460,5.762,5.8467374
Ion channel,pAC50,461,4.553,4.8809867
Ion channel,pAC50,462,5.157,5.9190955
Ion channel,pAC50,463,4.602,4.714878
Ion channel,pAC50,464,5.523,4.9722896
Ion channel,pAC50,465,4.337,4.67265
Ion channel,pAC50,466,5.745,5.433703
Ion channel,pAC50,467,6.009,5.611881
Ion channel,pAC50,468,5.244,4.9244223
Ion channel,pAC50,469,4.921,4.892389
Ion channel,pAC50,470,4.77,4.9867215
Ion channel,pAC50,471,4.538,5.2630363
Ion channel,pAC50,472,8.495,7.8060136
Ion channel,pAC50,473,4.699,5.1294866
Ion channel,pAC50,474,4.836,5.242046
Ion channel,pAC50,475,4.292,5.564895
Ion channel,pAC50,476,5.134,5.249721
Ion channel,pAC50,477,6.081,5.928578
Ion channel,pAC50,478,5.886,6.210236
Ion channel,pAC50,479,4.939,5.1948752
Ion channel,pAC50,480,4.5,4.7382355
Ion channel,pAC50,481,8.046,6.002456
Ion channel,pAC50,482,5.16,5.694405
Ion channel,pAC50,483,5.943,5.764028
Ion channel,pAC50,484,5.398,5.206084
Ion channel,pAC50,485,5.344,6.059696
Ion channel,pAC50,486,5.1,5.8241086
Ion channel,pAC50,487,5.004,5.0770345
Ion channel,pAC50,488,6.87,6.314691
Ion channel,pAC50,489,6.839,6.152118
Ion channel,pAC50,490,5.347,5.073854
Ion channel,pAC50,491,5.102,5.125908
Ion channel,pAC50,492,5.12,5.8104663
Ion channel,pAC50,493,5.921,6.411053
Ion channel,pAC50,494,5.149,4.4533296
Ion channel,pAC50,495,6.2,6.0340624
Ion channel,pAC50,496,4.921,4.9796185
Ion channel,pAC50,497,4.801,4.9896207
Ion channel,pAC50,498,5.585,5.6300874
Ion channel,pAC50,499,5.6,5.7747273
Ion channel,pAC50,500,5.523,5.27344
Ion channel,pAC50,501,4.268,4.7852874
Ion channel,pAC50,502,5.699,5.8785906
Ion channel,pAC50,503,5.471,5.606794
Ion channel,pAC50,504,5.886,5.4925323
Ion channel,pAC50,505,6.155,5.0475354
Ion channel,pAC50,506,5.921,6.278754
Ion channel,pAC50,507,4.699,4.634191
Ion channel,pAC50,508,5.78,7.1076493
Ion channel,pAC50,509,6.398,5.4223104
Ion channel,pAC50,510,4.468,4.54767
Ion channel,pAC50,511,5.585,5.0000105
Ion channel,pAC50,512,4.405,4.990172
Ion channel,pAC50,513,5.102,5.003913
Ion channel,pAC50,514,4.93,4.912887
Ion channel,pAC50,515,5.569,5.4484344
Ion channel,pAC50,516,5.276,4.8667254
Ion channel,pAC50,517,5.393,5.576281
Ion channel,pAC50,518,5.538,5.967036
Ion channel,pAC50,519,5.061,4.942082
Ion channel,pAC50,520,0.29,1.1547909
Ion channel,pAC50,521,5.46,5.5107474
Ion channel,pAC50,522,1.43,0.5121164
Ion channel,pAC50,523,5.114,4.8469234
Ion channel,pAC50,524,5.347,5.5176134
Ion channel,pAC50,525,5.046,4.910827
Ion channel,pAC50,526,5.796,5.315792
Ion channel,pAC50,527,4.638,4.6933565
Ion channel,pAC50,528,4.678,5.2273107
Ion channel,pAC50,529,4.62,4.894231
Ion channel,pAC50,530,5.585,4.807863
Ion channel,pAC50,531,5.222,5.3809714
Ion channel,pAC50,532,4.921,4.6606393
Ion channel,pAC50,533,6.056,6.0507827
Ion channel,pAC50,534,6.456,6.4323144
Ion channel,pAC50,535,6.161,6.058052
Ion channel,pAC50,536,4.678,4.7633305
Ion channel,pAC50,537,5.0,4.9701104
Ion channel,pAC50,538,7.523,6.635245
Ion channel,pAC50,539,5.42,5.455837
Ion channel,pAC50,540,5.523,5.4296155
Ion channel,pAC50,541,4.921,5.280671
Ion channel,pAC50,542,5.686,5.811355
Ion channel,pAC50,543,5.9,5.552469
Ion channel,pAC50,544,5.456,5.542621
Ion channel,pAC50,545,5.046,6.3657117
Ion channel,pAC50,546,5.347,5.686808
Ion channel,pAC50,547,5.301,5.0201344
Ion channel,pAC50,548,3.921,4.31176
Ion channel,pAC50,549,4.807,5.2124095
Ion channel,pAC50,550,5.155,4.8175163
Ion channel,pAC50,551,5.0,4.650875
Ion channel,pAC50,552,1.07,1.1078848
Ion channel,pAC50,553,4.553,4.642257
Ion channel,pAC50,554,4.672,4.708289
Ion channel,pAC50,555,5.4,5.820421
Ion channel,pAC50,556,3.77,4.0574136
Ion channel,pAC50,557,5.975,5.770161
Ion channel,pAC50,558,5.071,5.20029
Ion channel,pAC50,559,5.0,5.084465
Ion channel,pAC50,560,6.456,5.6893735
Ion channel,pAC50,561,5.222,5.3414726
Ion channel,pAC50,562,5.0,5.476692
Ion channel,pAC50,563,5.481,5.3524585
Ion channel,pAC50,564,5.155,5.0862427
Ion channel,pAC50,565,8.328,7.7088327
Ion channel,pAC50,566,4.367,4.7091804
Ion channel,pAC50,567,5.041,5.8390775
Ion channel,pAC50,568,4.187,5.766131
Ion channel,pAC50,569,5.523,5.2716856
Ion channel,pAC50,570,4.678,4.513225
Ion channel,pAC50,571,4.6,4.96728
Ion channel,pAC50,572,5.797,6.25481
Ion channel,pAC50,573,5.0,5.7292066
Ion channel,pAC50,574,5.092,5.475717
Ion channel,pAC50,575,5.585,5.526676
Ion channel,pAC50,576,5.174,5.2436533
Ion channel,pAC50,577,5.959,6.2627726
Ion channel,pAC50,578,6.0,6.3453913
Ion channel,pAC50,579,4.86,4.772202
Ion channel,pAC50,580,4.866,4.855743
Ion channel,pAC50,581,6.0,5.151305
Ion channel,pAC50,582,6.0,4.674634
Ion channel,pAC50,583,5.907,6.1235924
Ion channel,pAC50,584,5.79,6.0956054
Ion channel,pAC50,585,5.476,5.367416
Ion channel,pAC50,586,5.98,5.165091
Ion channel,pAC50,587,4.108,4.699664
Ion channel,pAC50,588,4.772,5.179437
Ion channel,pAC50,589,5.569,6.0543823
Ion channel,pAC50,590,4.848,5.220422
Ion channel,pAC50,591,5.167,5.217715
Ion channel,pAC50,592,5.0,5.225502
Ion channel,pAC50,593,5.456,6.904264
Ion channel,pAC50,594,5.77,5.9317193
Ion channel,pAC50,595,5.523,4.9882264
Ion channel,pAC50,596,5.509,4.8508105
Ion channel,pAC50,597,5.108,4.853225
Ion channel,pAC50,598,5.86,6.0440755
Ion channel,pAC50,599,5.076,5.349439
Ion channel,pAC50,600,5.0,5.378387
Ion channel,pAC50,601,4.959,5.6862035
Ion channel,pAC50,602,4.777,5.0202603
Ion channel,pAC50,603,6.054,5.5760264
Ion channel,pAC50,604,4.921,4.8670926
Ion channel,pAC50,605,5.585,5.6079097
Ion channel,pAC50,606,5.31,5.7842174
Ion channel,pAC50,607,5.3,5.819969
Ion channel,pAC50,608,4.4,5.073919
Ion channel,pAC50,609,6.0,5.687762
Ion channel,pAC50,610,5.742,5.870032
Ion channel,pAC50,611,4.721,5.2153506
Ion channel,pAC50,612,5.192,5.395394
Ion channel,pAC50,613,4.355,5.124006
Ion channel,pAC50,614,4.622,4.837209
Ion channel,pAC50,615,6.268,6.0340347
Ion channel,pAC50,616,5.42,5.480162
Ion channel,pAC50,617,5.092,6.110641
Ion channel,pAC50,618,6.108,6.2277613
Ion channel,pAC50,619,6.1,5.4095116
Ion channel,pAC50,620,5.4,5.4331107
Ion channel,pAC50,621,5.4,5.720021
Ion channel,pAC50,622,5.5,5.6194744
Ion channel,pAC50,623,6.1,5.4278226
Ion channel,pAC50,624,5.2,5.1326594
Ion channel,pAC50,625,5.933,5.663245
Ion channel,pAC50,626,4.796,5.0595098
Ion channel,pAC50,627,5.602,5.1436043
Ion channel,pAC50,628,5.461,5.653147
Ion channel,pAC50,629,6.125,5.66153
Ion channel,pAC50,630,5.2,5.31321
Ion channel,pAC50,631,4.5,5.0180774
Ion channel,pAC50,632,4.824,4.751932
Ion channel,pAC50,633,5.764,6.0217566
Ion channel,pAC50,634,4.779,5.8275733
Ion channel,pAC50,635,5.041,4.97791
Ion channel,pAC50,636,4.398,4.251954
Ion channel,pAC50,637,5.122,5.168218
Ion channel,pAC50,638,6.51,5.584526
Ion channel,pAC50,639,4.405,4.026797
Ion channel,pAC50,640,3.708,4.1688237
Ion channel,pAC50,641,5.076,5.1910744
Ion channel,pAC50,642,4.174,4.106274
Ion channel,pAC50,643,8.046,8.678081
Ion channel,pAC50,644,5.409,5.8818727
Ion channel,pAC50,645,4.721,4.9416327
Ion channel,pAC50,646,3.87,5.9639564
Ion channel,pAC50,647,5.62,3.1586971
Ion channel,pAC50,648,3.018,2.7928157
Ion channel,pAC50,649,5.0,4.9777436
Ion channel,pAC50,650,5.796,5.5053816
Ion channel,pAC50,651,5.896,6.573415
Ion channel,pAC50,652,6.674,6.9739175
Ion channel,pAC50,653,7.62,7.433287
Ion channel,pAC50,654,5.0,5.171683
Ion channel,pAC50,655,6.71,5.7034454
Ion channel,pAC50,656,6.975,6.5138535
Ion channel,pAC50,657,6.122,6.95723
Ion channel,pAC50,658,6.339,6.596234
Ion channel,pAC50,659,5.979,6.3390985
Ion channel,pAC50,660,5.098,4.5740085
Ion channel,pAC50,661,7.301,7.4577565
Ion channel,pAC50,662,6.801,7.239325
Ion channel,pAC50,663,7.553,7.7008777
Ion channel,pAC50,664,6.225,6.468824
Ion channel,pAC50,665,6.569,6.5988874
Ion channel,pAC50,666,6.237,6.742144
Ion channel,pAC50,667,6.799,6.554134
Ion channel,pAC50,668,6.585,6.848849
Ion channel,pAC50,669,6.155,6.428522
Ion channel,pAC50,670,6.959,6.8683634
Ion channel,pAC50,671,6.6,7.741759
Ion channel,pAC50,672,7.131,6.982734
Ion channel,pAC50,673,6.554,6.6993423
Ion channel,pAC50,674,6.003,6.811815
Ion channel,pAC50,675,7.721,7.2484117
Ion channel,pAC50,676,8.097,7.5121574
Ion channel,pAC50,677,7.036,7.0615287
Ion channel,pAC50,678,6.168,7.097974
Ion channel,pAC50,679,8.301,7.9161267
Ion channel,pAC50,680,8.222,8.00979
Ion channel,pAC50,681,7.456,7.0368533
Ion channel,pAC50,682,7.432,7.170915
Ion channel,pAC50,683,6.46,6.97817
Ion channel,pAC50,684,6.266,6.6072836
Ion channel,pAC50,685,7.469,7.5760193
Ion channel,pAC50,686,6.801,6.686417
Ion channel,pAC50,687,6.917,6.8312044
Ion channel,pAC50,688,6.886,6.903792
Ion channel,pAC50,689,7.745,7.3137145
Ion channel,pAC50,690,6.474,7.1191497
Ion channel,pAC50,691,7.796,7.7899365
Ion channel,pAC50,692,6.024,6.833972
Ion channel,pAC50,693,7.959,7.7403245
Ion channel,pAC50,694,8.222,7.3644986
Ion channel,pAC50,695,7.854,8.019646
Ion channel,pAC50,696,7.097,7.6686997
Ion channel,pAC50,697,6.893,6.8969145
Ion channel,pAC50,698,7.886,8.32835
Ion channel,pAC50,699,7.444,7.2368937
Ion channel,pAC50,700,7.585,7.3882027
Ion channel,pAC50,701,7.721,7.7640452
Ion channel,pAC50,702,8.155,7.396788
Ion channel,pAC50,703,6.742,7.1364408
Ion channel,pAC50,704,6.423,6.637841
Ion channel,pAC50,705,7.77,7.9537673
Ion channel,pAC50,706,7.432,7.2057233
Ion channel,pAC50,707,7.495,7.615462
Ion channel,pAC50,708,7.886,7.476515
Ion channel,pAC50,709,6.767,6.976583
Ion channel,pAC50,710,7.495,7.4225965
Ion channel,pAC50,711,7.06,7.050406
Ion channel,pAC50,712,7.678,7.3430543
Ion channel,pAC50,713,7.208,7.033007
Ion channel,pAC50,714,7.638,7.5554833
Ion channel,pAC50,715,8.097,7.898603
Ion channel,pAC50,716,6.893,6.961596
Ion channel,pAC50,717,8.222,8.164245
Ion channel,pAC50,718,8.301,7.9246545
Ion channel,pAC50,719,7.796,7.7225633
Ion channel,pAC50,720,8.301,8.334861
Ion channel,pAC50,721,7.119,6.9008403
Ion channel,pAC50,722,6.368,6.7616124
Ion channel,pAC50,723,6.83,6.8983054
Ion channel,pAC50,724,6.385,6.629666
Ion channel,pAC50,725,8.155,8.002623
Ion channel,pAC50,726,7.06,6.982121
Ion channel,pAC50,727,6.818,7.3355956
Ion channel,pAC50,728,7.886,8.019635
Ion channel,pAC50,729,6.815,7.201036
Ion channel,pAC50,730,7.886,7.734994
Ion channel,pAC50,731,7.796,7.5544815
Ion channel,pAC50,732,7.745,7.580815
Ion channel,pAC50,733,7.959,7.509206
Ion channel,pAC50,734,7.914,7.803607
Ion channel,pAC50,735,6.444,6.6826615
Ion channel,pAC50,736,7.699,7.4191375
Ion channel,pAC50,737,7.201,7.393405
Ion channel,pAC50,738,4.509,4.545394
Ion channel,pAC50,739,5.268,5.593839
Ion channel,pAC50,740,5.0,4.934818
Ion channel,pAC50,741,5.476,5.096792
Ion channel,pAC50,742,6.658,5.8965135
Ion channel,pAC50,743,6.824,6.703638
Ion channel,pAC50,744,4.42,4.9622655
Ion channel,pAC50,745,5.481,4.626844
Ion channel,pAC50,746,4.417,4.3273025
Ion channel,pAC50,747,3.347,4.997078
Ion channel,pAC50,748,5.553,6.141492
Ion channel,pAC50,749,6.0,5.8581424
Ion channel,pAC50,750,6.328,6.359554
Ion channel,pAC50,751,8.377,8.3404
Ion channel,pAC50,752,8.699,8.1008005
Ion channel,pAC50,753,5.585,4.9493136
Ion channel,pAC50,754,5.211,5.694857
Ion channel,pAC50,755,8.688,7.90687
Ion channel,pAC50,756,7.102,8.049987
Ion channel,pAC50,757,8.559,7.067587
Ion channel,pAC50,758,7.854,7.6628165
Ion channel,pAC50,759,9.0,9.119543
Ion channel,pAC50,760,5.509,5.3656373
Ion channel,pAC50,761,7.658,7.348465
Ion channel,pAC50,762,6.8,6.4909806
Ion channel,pAC50,763,6.672,6.9705334
Ion channel,pAC50,764,7.2,7.0938272
Ion channel,pAC50,765,7.5,7.043423
Ion channel,pAC50,766,6.8,7.043423
Ion channel,pAC50,767,7.51,8.4417095
Ion channel,pAC50,768,7.5,7.676472
Ion channel,pAC50,769,8.4,8.0993185
Ion channel,pAC50,770,7.194,7.2576337
Ion channel,pAC50,771,5.902,5.749596
Ion channel,pAC50,772,7.398,7.0440145
Ion channel,pAC50,773,7.78,7.739439
Ion channel,pAC50,774,7.5,7.607338
Ion channel,pAC50,775,6.606,6.2885785
Ion channel,pAC50,776,7.7,7.75799
Ion channel,pAC50,777,7.68,7.723993
Ion channel,pAC50,778,5.25,6.9701653
Ion channel,pAC50,779,6.868,8.148714
Ion channel,pAC50,780,7.3,7.387835
Ion channel,pAC50,781,7.4,7.1261477
Ion channel,pAC50,782,6.625,6.5297923
Ion channel,pAC50,783,6.06,6.487432
Ion channel,pAC50,784,6.559,6.6544
Ion channel,pAC50,785,7.347,7.202391
Ion channel,pAC50,786,6.137,6.608273
Ion channel,pAC50,787,6.6,7.0250006
Ion channel,pAC50,788,6.8,6.839028
Ion channel,pAC50,789,6.8,6.393128
Ion channel,pAC50,790,7.5,7.1577506
Ion channel,pAC50,791,7.4,7.5920167
Ion channel,pAC50,792,5.4,6.3705416
Ion channel,pAC50,793,4.5,4.49769
Ion channel,pAC50,794,6.2,6.8905187
Ion channel,pAC50,795,6.1,6.140292
Ion channel,pAC50,796,7.3,7.342209
Ion channel,pAC50,797,7.9,7.9941363
Ion channel,pAC50,798,6.6,6.9679494
Ion channel,pAC50,799,7.1,7.5580754
Ion channel,pAC50,800,7.6,8.022524
Ion channel,pAC50,801,7.5,7.765617
Ion channel,pAC50,802,8.2,7.553061
Ion channel,pAC50,803,7.0,7.745686
Ion channel,pAC50,804,6.3,7.0781026
Ion channel,pAC50,805,6.7,7.119595
Ion channel,pAC50,806,7.5,6.918896
Ion channel,pAC50,807,7.8,7.351375
Ion channel,pAC50,808,7.7,7.3268943
Ion channel,pAC50,809,7.4,7.7258797
Ion channel,pAC50,810,7.8,8.44171
Ion channel,pAC50,811,6.1,7.2771635
Ion channel,pAC50,812,6.7,7.417393
Ion channel,pAC50,813,8.6,8.221327
Ion channel,pAC50,814,7.5,7.4659038
Ion channel,pAC50,815,7.7,6.797913
Ion channel,pAC50,816,7.2,7.844347
Ion channel,pAC50,817,7.0,7.209967
Ion channel,pAC50,818,6.5,7.131676
Ion channel,pAC50,819,8.5,8.223398
Ion channel,pAC50,820,8.5,8.2042265
Ion channel,pAC50,821,7.2,6.569225
Ion channel,pAC50,822,6.7,7.922418
Ion channel,pAC50,823,7.8,8.499965
Ion channel,pAC50,824,6.1,6.7826943
Ion channel,pAC50,825,8.9,8.891653
Ion channel,pAC50,826,6.6,6.9467263
Ion channel,pAC50,827,6.5,6.8141
Ion channel,pAC50,828,7.0,6.343127
Ion channel,pAC50,829,6.6,6.917584
Ion channel,pAC50,830,6.9,6.395158
Ion channel,pAC50,831,6.3,6.688572
Ion channel,pAC50,832,6.6,6.593303
Ion channel,pAC50,833,6.0,6.95033
Ion channel,pAC50,834,8.1,7.286119
Ion channel,pAC50,835,6.6,7.271794
Ion channel,pAC50,836,6.7,7.294209
Ion channel,pAC50,837,6.9,6.6722946
Ion channel,pAC50,838,8.1,7.968826
Ion channel,pAC50,839,7.6,7.641725
Ion channel,pAC50,840,7.1,7.400811
Ion channel,pAC50,841,7.0,7.0652742
Ion channel,pAC50,842,7.0,7.6084404
Ion channel,pAC50,843,7.4,6.8588853
Ion channel,pAC50,844,8.1,7.6994414
Ion channel,pAC50,845,7.0,7.1064596
Ion channel,pAC50,846,7.2,7.6625404
Ion channel,pAC50,847,5.9,6.7111053
Ion channel,pAC50,848,5.9,6.791697
Ion channel,pAC50,849,7.9,7.397516
Ion channel,pAC50,850,8.0,7.3265643
Ion channel,pAC50,851,7.3,7.865538
Ion channel,pAC50,852,6.6,8.182217
Ion channel,pAC50,853,7.0,7.795323
Ion channel,pAC50,854,7.9,8.542405
Ion channel,pAC50,855,7.4,7.586058
Ion channel,pAC50,856,6.6,6.3227134
Ion channel,pAC50,857,7.2,7.6178255
Ion channel,pAC50,858,6.8,6.843121
Ion channel,pAC50,859,7.0,7.078102
Ion channel,pAC50,860,6.099,6.2070947
Ion channel,pAC50,861,6.88,6.591815
Ion channel,pAC50,862,6.32,6.9110785
Ion channel,pAC50,863,5.95,7.4702387
Ion channel,pAC50,864,6.3,6.981888
Ion channel,pAC50,865,5.242,5.6011815
Ion channel,pAC50,866,7.046,6.0115585
Ion channel,pAC50,867,8.0,7.446568
Ion channel,pAC50,868,8.367,7.865315
Ion channel,pAC50,869,8.444,6.89821
Ion channel,pAC50,870,6.149,7.027827
Ion channel,pAC50,871,7.979,7.4202294
Ion channel,pAC50,872,7.409,7.093554
Ion channel,pAC50,873,7.569,7.356976
Ion channel,pAC50,874,8.046,7.9514766
Ion channel,pAC50,875,8.721,7.415749
Ion channel,pAC50,876,7.569,7.333134
Ion channel,pAC50,877,6.45,7.2743025
Ion channel,pAC50,878,5.52,5.9268613
Ion channel,pAC50,879,5.79,6.9151783
Ion channel,pAC50,880,6.25,6.469543
Ion channel,pAC50,881,6.092,6.221853
Ion channel,pAC50,882,7.208,6.382211
Ion channel,pAC50,883,6.383,7.3568873
Ion channel,pAC50,884,8.893,7.718373
Ion channel,pAC50,885,6.502,6.3851485
Ion channel,pAC50,886,5.876,6.2946386
Ion channel,pAC50,887,7.1,6.9098263
Ion channel,pAC50,888,6.4,6.5619125
Ion channel,pAC50,889,7.3,7.442777
Ion channel,pAC50,890,6.77,6.1588044
Ion channel,pAC50,891,5.9,5.7513356
Ion channel,pAC50,892,7.174,7.0503497
Ion channel,pAC50,893,7.7,7.7718463
Ion channel,pAC50,894,7.93,7.2190323
Ion channel,pAC50,895,7.1,7.0828066
Ion channel,pAC50,896,6.3,6.737887
Ion channel,pAC50,897,4.886,5.4264045
Ion channel,pAC50,898,6.745,6.427362
Ion channel,pAC50,899,4.092,4.342471
Ion channel,pAC50,900,7.389,7.441986
Ion channel,pAC50,901,6.071,5.557471
Ion channel,pAC50,902,5.0,5.1455297
Ion channel,pAC50,903,5.314,5.3035855
Ion channel,pAC50,904,6.577,6.553512
Ion channel,pAC50,905,6.586,6.3706784
Ion channel,pAC50,906,6.207,6.8357387
Ion channel,pAC50,907,5.511,5.779092
Ion channel,pAC50,908,4.678,4.687861
Ion channel,pAC50,909,4.114,4.28143
Ion channel,pAC50,910,6.398,6.8607373
Ion channel,pAC50,911,6.545,6.725638
Ion channel,pAC50,912,8.032,6.4070363
Ion channel,pAC50,913,5.268,5.453567
Ion channel,pAC50,914,6.252,6.031189
Ion channel,pAC50,915,6.569,6.800711
Ion channel,pAC50,916,4.475,4.8585086
Ion channel,pAC50,917,5.824,5.421676
Ion channel,pAC50,918,7.77,7.883224
Ion channel,pAC50,919,5.959,6.0800776
Ion channel,pAC50,920,4.234,5.2158914
Ion channel,pAC50,921,7.101,6.8999796
Ion channel,pAC50,922,6.801,6.966246
Ion channel,pAC50,923,7.01,7.586458
Ion channel,pAC50,924,7.541,7.605729
Ion channel,pAC50,925,7.875,7.391672
Ion channel,pAC50,926,3.9,5.0062985
Ion channel,pAC50,927,5.693,6.0448527
Ion channel,pAC50,928,7.276,7.0286775
Ion channel,pAC50,929,6.575,7.013203
Ion channel,pAC50,930,7.036,7.1173873
Ion channel,pAC50,931,7.77,7.2238073
Ion channel,pAC50,932,3.386,5.6114335
Ion channel,pAC50,933,5.298,5.4391675
Ion channel,pAC50,934,5.025,5.735101
Ion channel,pAC50,935,5.412,5.046471
Ion channel,pAC50,936,6.201,6.277765
Ion channel,pAC50,937,6.102,5.615506
Ion channel,pAC50,938,6.06,5.4031615
Ion channel,pAC50,939,4.804,4.9373145
Ion channel,pAC50,940,8.097,7.159314
Ion channel,pAC50,941,5.215,6.7838793
Ion channel,pAC50,942,4.854,5.3892493
Ion channel,pAC50,943,4.796,5.0489545
Ion channel,pAC50,944,4.638,5.4510365
Ion channel,pAC50,945,5.74,5.982907
Ion channel,pAC50,946,6.82,5.79831
Ion channel,pAC50,947,5.081,4.888101
Ion channel,pAC50,948,5.824,5.785366
Ion channel,pAC50,949,5.699,5.269302
Ion channel,pAC50,950,5.585,5.489062
Ion channel,pAC50,951,4.936,5.8333673
Ion channel,pAC50,952,4.602,5.839934
Ion channel,pAC50,953,5.149,4.988533
Ion channel,pAC50,954,5.337,5.079272
Ion channel,pAC50,955,6.223,6.112403
Ion channel,pAC50,956,5.697,6.5854506
Ion channel,pAC50,957,5.609,5.962396
Ion channel,pAC50,958,5.642,6.166391
Ion channel,pAC50,959,6.337,6.482614
Ion channel,pAC50,960,7.244,7.155484
Ion channel,pAC50,961,6.91,6.57595
Ion channel,pAC50,962,4.432,4.491446
Ion channel,pAC50,963,5.149,4.403372
Ion channel,pAC50,964,4.939,4.8812075
Ion channel,pAC50,965,5.194,5.9070945
Ion channel,pAC50,966,6.328,6.2540298
Ion channel,pAC50,967,5.824,5.5128074
Ion channel,pAC50,968,4.959,5.5091643
Ion channel,pAC50,969,5.602,5.4499917
Ion channel,pAC50,970,5.319,5.7424216
Ion channel,pAC50,971,5.167,5.3752346
Ion channel,pAC50,972,4.719,5.2857747
Ion channel,pAC50,973,5.0,5.2711186
Ion channel,pAC50,974,7.0,7.097936
Ion channel,pAC50,975,7.4,7.645769
Ion channel,pAC50,976,7.1,6.9142327
Ion channel,pAC50,977,6.6,7.0422373
Ion channel,pAC50,978,6.5,6.2009835
Ion channel,pAC50,979,6.31,6.021732
Ion channel,pAC50,980,5.159,5.2915287
Ion channel,pAC50,981,5.602,5.8868656
Ion channel,pAC50,982,5.788,5.8030686
Ion channel,pAC50,983,5.62,5.8919697
Ion channel,pAC50,984,7.155,6.735105
Ion channel,pAC50,985,5.921,5.9276223
Ion channel,pAC50,986,4.187,5.795569
Ion channel,pAC50,987,5.638,5.7181363
Ion channel,pAC50,988,5.027,5.7003875
Ion channel,pAC50,989,6.319,5.854915
Ion channel,pAC50,990,6.301,6.8915334
Ion channel,pAC50,991,6.276,6.1049433
Ion channel,pAC50,992,5.071,4.899376
Ion channel,pAC50,993,7.1,7.006602
Ion channel,pAC50,994,7.5,7.296718
Ion channel,pAC50,995,6.699,6.734491
Ion channel,pAC50,996,5.854,5.793263
Ion channel,pAC50,997,4.244,4.874504
Ion channel,pAC50,998,5.658,5.2740026
Ion channel,pAC50,999,5.886,4.7783527
Ion channel,pAC50,1000,4.936,5.349069
Ion channel,pAC50,1001,7.921,7.8556867
Ion channel,pAC50,1002,5.086,5.9623456
Ion channel,pAC50,1003,4.921,5.4364333
Ion channel,pAC50,1004,5.0,4.0139484
Ion channel,pAC50,1005,4.796,4.810372
Ion channel,pAC50,1006,8.77,7.5274158
Ion channel,pAC50,1007,4.398,4.064308
Ion channel,pAC50,1008,3.854,3.6794555
Ion channel,pAC50,1009,5.971,6.3201623
Ion channel,pAC50,1010,6.602,6.943075
Ion channel,pAC50,1011,5.747,6.868108
Ion channel,pAC50,1012,5.12,5.1146636
Ion channel,pAC50,1013,5.658,5.3796134
Ion channel,pAC50,1014,7.268,6.9604425
Ion channel,pAC50,1015,4.699,4.7901826
Ion channel,pAC50,1016,5.5,5.592857
Ion channel,pAC50,1017,5.523,5.616527
Ion channel,pAC50,1018,5.432,5.526398
Ion channel,pAC50,1019,6.208,5.855058
Ion channel,pAC50,1020,4.714,4.919672
Ion channel,pAC50,1021,6.308,6.459733
Ion channel,pAC50,1022,6.633,6.4525704
Ion channel,pAC50,1023,6.638,6.5509353
Ion channel,pAC50,1024,5.7,4.1949887
Ion channel,pAC50,1025,6.8,6.8551736
Ion channel,pAC50,1026,6.2,6.549763
Ion channel,pAC50,1027,5.5,5.5742164
Ion channel,pAC50,1028,7.0,6.437332
Ion channel,pAC50,1029,5.9,5.923269
Ion channel,pAC50,1030,4.699,5.1280475
Ion channel,pAC50,1031,6.167,6.2022767
Ion channel,pAC50,1032,6.469,6.155149
Ion channel,pAC50,1033,8.824,8.206456
Ion channel,pAC50,1034,8.18,6.5916786
Ion channel,pAC50,1035,8.3,8.247326
Ion channel,pAC50,1036,7.601,7.8526797
Ion channel,pAC50,1037,8.0,7.984389
Ion channel,pAC50,1038,6.097,6.554509
Ion channel,pAC50,1039,5.102,5.2981315
Ion channel,pAC50,1040,4.9,5.14679
Ion channel,pAC50,1041,5.301,5.3788905
Ion channel,pAC50,1042,6.0,7.069468
Ion channel,pAC50,1043,3.99,4.195534
Ion channel,pAC50,1044,7.131,6.9103246
Ion channel,pAC50,1045,3.389,3.026101
Ion channel,pAC50,1046,7.553,7.2063594
Ion channel,pAC50,1047,4.721,5.20109
Ion channel,pAC50,1048,7.644,7.849329
Ion channel,pAC50,1049,7.086,7.322387
Ion channel,pAC50,1050,5.494,5.8819876
Ion channel,pAC50,1051,5.908,6.238912
Ion channel,pAC50,1052,4.099,4.0264435
Ion channel,pAC50,1053,5.409,5.0511665
Ion channel,pAC50,1054,5.119,5.3664384
Ion channel,pAC50,1055,5.959,5.7888503
Ion channel,pAC50,1056,4.5,4.289433
Ion channel,pAC50,1057,4.658,4.922095
Ion channel,pAC50,1058,5.234,5.0683045
Ion channel,pAC50,1059,4.886,4.7814283
Ion channel,pAC50,1060,5.337,6.199472
Ion channel,pAC50,1061,6.243,6.198296
Ion channel,pAC50,1062,4.893,5.1389356
Ion channel,pAC50,1063,4.775,4.849265
Ion channel,pAC50,1064,5.051,5.2016892
Ion channel,pAC50,1065,5.638,5.51675
Ion channel,pAC50,1066,5.689,5.6819634
Ion channel,pAC50,1067,5.328,5.5507236
Ion channel,pAC50,1068,5.387,5.5974793
Ion channel,pAC50,1069,5.119,5.2066073
Ion channel,pAC50,1070,7.959,7.027374
Ion channel,pAC50,1071,5.432,5.6712575
Ion channel,pAC50,1072,4.495,4.801239
Ion channel,pAC50,1073,5.921,6.075648
Ion channel,pAC50,1074,5.023,5.567634
Ion channel,pAC50,1075,4.886,5.070844
Ion channel,pAC50,1076,5.328,5.528509
Ion channel,pAC50,1077,5.009,4.8430886
Ion channel,pAC50,1078,4.889,5.492789
Ion channel,pAC50,1079,5.495,5.4527774
Ion channel,pAC50,1080,5.377,5.5726657
Ion channel,pAC50,1081,5.0,5.428324
Ion channel,pAC50,1082,5.268,5.018248
Ion channel,pAC50,1083,5.2,5.9463744
Ion channel,pAC50,1084,4.77,5.424975
Ion channel,pAC50,1085,5.886,5.7293773
Ion channel,pAC50,1086,6.824,7.559045
Ion channel,pAC50,1087,5.1,4.875432
Ion channel,pAC50,1088,4.8,4.7947297
Ion channel,pAC50,1089,5.2,4.7539215
Ion channel,pAC50,1090,4.8,4.4782844
Ion channel,pAC50,1091,5.2,5.331696
Ion channel,pAC50,1092,5.0,5.160998
Ion channel,pAC50,1093,4.796,5.124731
Ion channel,pAC50,1094,5.076,5.6886034
Ion channel,pAC50,1095,5.131,4.79991
Ion channel,pAC50,1096,5.553,5.5691457
Ion channel,pAC50,1097,5.336,5.253229
Ion channel,pAC50,1098,5.889,5.4847035
Ion channel,pAC50,1099,4.801,5.0707383
Ion channel,pAC50,1100,4.268,4.5435166
Ion channel,pAC50,1101,4.553,4.5556397
Ion channel,pAC50,1102,5.009,5.1852727
Ion channel,pAC50,1103,4.939,5.259218
Ion channel,pAC50,1104,4.959,5.114578
Ion channel,pAC50,1105,5.602,5.6569295
Ion channel,pAC50,1106,5.7,5.710613
Ion channel,pAC50,1107,5.7,5.5870357
Ion channel,pAC50,1108,5.2,5.595388
Ion channel,pAC50,1109,5.6,5.789532
Ion channel,pAC50,1110,4.585,4.7297063
Ion channel,pAC50,1111,6.6,6.3028283
Ion channel,pAC50,1112,5.7,5.180451
Ion channel,pAC50,1113,5.2,5.266307
Ion channel,pAC50,1114,6.0,5.7181973
Ion channel,pAC50,1115,9.0,8.876986
Ion channel,pAC50,1116,7.9,7.995786
Ion channel,pAC50,1117,6.2,6.281936
Ion channel,pAC50,1118,8.7,8.294109
Ion channel,pAC50,1119,7.7,8.067248
Ion channel,pAC50,1120,7.8,7.7714787
Ion channel,pAC50,1121,8.1,7.7457967
Ion channel,pAC50,1122,6.9,6.613092
Ion channel,pAC50,1123,6.3,6.0246167
Ion channel,pAC50,1124,6.8,6.9530225
Ion channel,pAC50,1125,8.9,8.620994
Ion channel,pAC50,1126,7.9,7.7494855
Ion channel,pAC50,1127,8.3,8.474242
Ion channel,pAC50,1128,8.3,7.9768634
Ion channel,pAC50,1129,7.1,6.2394915
Ion channel,pAC50,1130,7.8,7.5909553
Ion channel,pAC50,1131,8.3,8.348598
Ion channel,pAC50,1132,6.7,6.49838
Ion channel,pAC50,1133,7.2,7.0517435
Ion channel,pAC50,1134,7.5,7.74357
Ion channel,pAC50,1135,4.472,4.447548
Ion channel,pAC50,1136,4.388,4.2225127
Ion channel,pAC50,1137,5.276,4.9181046
Ion channel,pAC50,1138,5.556,5.0718536
Ion channel,pAC50,1139,4.736,5.023496
Ion channel,pAC50,1140,5.097,4.8031616
Ion channel,pAC50,1141,7.097,7.019243
Ion channel,pAC50,1142,5.144,4.721725
Ion channel,pAC50,1143,4.432,5.247065
Ion channel,pAC50,1144,5.796,5.0161767
Ion channel,pAC50,1145,7.222,6.7875524
Ion channel,pAC50,1146,4.796,4.2036214
Ion channel,pAC50,1147,5.004,5.1352334
Ion channel,pAC50,1148,6.108,5.874437
Ion channel,pAC50,1149,6.538,6.7564645
Ion channel,pAC50,1150,6.77,6.403317
Ion channel,pAC50,1151,6.036,5.891174
Ion channel,pAC50,1152,6.398,5.387073
Ion channel,pAC50,1153,5.252,4.9765353
Ion channel,pAC50,1154,4.896,5.065168
Ion channel,pAC50,1155,5.06,5.3703513
Ion channel,pAC50,1156,4.367,4.847689
Ion channel,pAC50,1157,4.3,4.6459904
Ion channel,pAC50,1158,4.71,4.7044444
Ion channel,pAC50,1159,5.0,5.15301
Ion channel,pAC50,1160,4.509,4.2443895
Ion channel,pAC50,1161,4.493,4.544446
Ion channel,pAC50,1162,5.06,5.0342937
Ion channel,pAC50,1163,6.0,5.5810094
Ion channel,pAC50,1164,5.144,5.42572
Ion channel,pAC50,1165,5.311,5.492034
Ion channel,pAC50,1166,5.158,5.3984942
Ion channel,pAC50,1167,5.699,5.9633837
Ion channel,pAC50,1168,5.046,4.716801
Ion channel,pAC50,1169,5.119,5.3584666
Ion channel,pAC50,1170,4.342,4.3582244
Ion channel,pAC50,1171,5.092,5.2117496
Ion channel,pAC50,1172,5.432,5.1503296
Ion channel,pAC50,1173,4.602,4.703462
Ion channel,pAC50,1174,6.222,5.986233
Ion channel,pAC50,1175,5.319,4.8703275
Ion channel,pAC50,1176,2.947,3.5990338
Ion channel,pAC50,1177,3.7,2.7052007
Ion channel,pAC50,1178,2.6,3.5318103
Ion channel,pAC50,1179,3.332,3.0737634
Ion channel,pAC50,1180,8.523,8.5780735
Ion channel,pAC50,1181,5.276,5.7313685
Ion channel,pAC50,1182,5.809,5.0107856
Ion channel,pAC50,1183,4.66,4.8419604
Ion channel,pAC50,1184,4.328,4.640715
Ion channel,pAC50,1185,4.399,4.970549
Ion channel,pAC50,1186,6.29,6.5773034
Ion channel,pAC50,1187,4.99,4.9494357
Ion channel,pAC50,1188,3.327,4.972774
Ion channel,pAC50,1189,5.959,6.1369767
Ion channel,pAC50,1190,7.143,7.2064424
Ion channel,pAC50,1191,5.602,5.372043
Ion channel,pAC50,1192,5.543,6.214787
Ion channel,pAC50,1193,5.122,4.982002
Ion channel,pAC50,1194,5.77,6.012009
Ion channel,pAC50,1195,6.658,5.799429
Ion channel,pAC50,1196,5.201,5.037045
Ion channel,pAC50,1197,6.333,6.3258243
Ion channel,pAC50,1198,5.748,5.62592
Ion channel,pAC50,1199,6.996,7.069485
Ion channel,pAC50,1200,5.568,6.0208306
Ion channel,pAC50,1201,7.06,6.8853984
Ion channel,pAC50,1202,5.252,5.1626496
Ion channel,pAC50,1203,4.638,4.7808514
Ion channel,pAC50,1204,6.222,5.7900643
Ion channel,pAC50,1205,6.09,6.2641616
Ion channel,pAC50,1206,6.491,6.394868
Ion channel,pAC50,1207,6.59,5.989884
Ion channel,pAC50,1208,5.26,5.332946
Ion channel,pAC50,1209,5.553,5.485063
Ion channel,pAC50,1210,5.051,5.008855
Ion channel,pAC50,1211,4.149,4.747211
Ion channel,pAC50,1212,4.553,4.7967
Ion channel,pAC50,1213,6.319,5.8750014
Ion channel,pAC50,1214,6.602,7.1221833
Ion channel,pAC50,1215,4.569,4.6115837
Ion channel,pAC50,1216,4.553,4.474591
Ion channel,pAC50,1217,4.194,5.155027
Ion channel,pAC50,1218,7.886,6.1510863
Ion channel,pAC50,1219,8.097,6.9226837
Ion channel,pAC50,1220,5.493,5.7734075
Ion channel,pAC50,1221,5.928,5.904257
Ion channel,pAC50,1222,4.824,4.773212
Ion channel,pAC50,1223,4.658,4.879025
Ion channel,pAC50,1224,4.62,4.8863797
Ion channel,pAC50,1225,6.585,5.766693
Ion channel,pAC50,1226,5.756,5.550479
Ion channel,pAC50,1227,5.678,5.4621415
Ion channel,pAC50,1228,7.886,8.081446
Ion channel,pAC50,1229,6.301,4.6187153
Ion channel,pAC50,1230,4.81,5.1335607
Ion channel,pAC50,1231,4.44,4.8494015
Ion channel,pAC50,1232,5.152,5.504185
Ion channel,pAC50,1233,4.6,4.192484
Ion channel,pAC50,1234,6.0,6.12312
Ion channel,pAC50,1235,4.921,5.3067584
Ion channel,pAC50,1236,5.211,5.5120974
Ion channel,pAC50,1237,5.509,5.426315
Ion channel,pAC50,1238,4.655,4.557224
Ion channel,pAC50,1239,6.1,5.167787
Ion channel,pAC50,1240,6.022,5.67368
Ion channel,pAC50,1241,4.959,5.407044
Ion channel,pAC50,1242,4.257,4.80545
Ion channel,pAC50,1243,5.409,5.720159
Ion channel,pAC50,1244,6.577,6.3596997
Ion channel,pAC50,1245,6.046,5.9639616
Ion channel,pAC50,1246,5.481,6.0640244
Ion channel,pAC50,1247,5.081,5.0524025
Ion channel,pAC50,1248,4.824,4.4039946
Ion channel,pAC50,1249,5.62,3.3991926
Ion channel,pAC50,1250,5.523,5.31284
Ion channel,pAC50,1251,4.801,5.0105557
Ion channel,pAC50,1252,4.529,5.126739
Ion channel,pAC50,1253,4.523,4.533793
Ion channel,pAC50,1254,5.652,5.635625
Ion channel,pAC50,1255,4.616,5.3404574
Ion channel,pAC50,1256,5.721,5.8361635
Ion channel,pAC50,1257,4.947,4.586467
Ion channel,pAC50,1258,5.42,5.3901143
Ion channel,pAC50,1259,5.611,5.1109953
Ion channel,pAC50,1260,4.822,4.67088
Ion channel,pAC50,1261,6.827,6.8158355
Ion channel,pAC50,1262,5.69,7.451283
Ion channel,pAC50,1263,4.308,4.356907
Ion channel,pAC50,1264,5.585,5.014725
Ion channel,pAC50,1265,5.42,5.4774594
Ion channel,pAC50,1266,4.87,5.0298934
Ion channel,pAC50,1267,4.569,4.6507215
Ion channel,pAC50,1268,5.215,5.4978547
Ion channel,pAC50,1269,4.398,4.6483936
Ion channel,pAC50,1270,4.456,4.2822266
Ion channel,pAC50,1271,7.959,8.420192
Ion channel,pAC50,1272,8.699,8.060527
Ion channel,pAC50,1273,4.777,5.123379
Ion channel,pAC50,1274,5.387,5.242668
Ion channel,pAC50,1275,5.347,5.739963
Ion channel,pAC50,1276,5.032,4.975304
Ion channel,pAC50,1277,6.886,7.3073697
Ion channel,pAC50,1278,5.456,5.582868
Ion channel,pAC50,1279,5.8,5.0954556
Ion channel,pAC50,1280,5.032,4.894352
Ion channel,pAC50,1281,5.041,5.001285
Ion channel,pAC50,1282,7.065,6.0972
Ion channel,pAC50,1283,4.609,4.525172
Ion channel,pAC50,1284,5.222,5.25489
Ion channel,pAC50,1285,5.398,5.534518
Ion channel,pAC50,1286,4.77,5.0733056
Ion channel,pAC50,1287,6.032,6.64632
Ion channel,pAC50,1288,5.964,6.316661
Ion channel,pAC50,1289,4.959,4.936547
Ion channel,pAC50,1290,7.971,7.530035
Ion channel,pAC50,1291,7.134,7.3717694
Ion channel,pAC50,1292,7.276,4.238437
Ion channel,pAC50,1293,6.896,7.011077
Ion channel,pAC50,1294,4.824,4.5972857
Ion channel,pAC50,1295,6.799,6.6497836
Ion channel,pAC50,1296,4.3,4.7225904
Ion channel,pAC50,1297,5.602,5.5421443
Ion channel,pAC50,1298,5.0,4.9552865
Ion channel,pAC50,1299,6.398,6.8724704
Ion channel,pAC50,1300,3.044,4.2656713
Ion channel,pAC50,1301,4.664,4.627787
Ion channel,pAC50,1302,7.071,7.1217017
Ion channel,pAC50,1303,7.301,6.9272885
Ion channel,pAC50,1304,6.187,6.8649087
Ion channel,pAC50,1305,4.971,6.0960236
Ion channel,pAC50,1306,6.409,6.211794
Ion channel,pAC50,1307,5.796,5.7710314
Ion channel,pAC50,1308,5.854,6.556338
Ion channel,pAC50,1309,6.854,6.127169
Ion channel,pAC50,1310,8.301,7.0703526
Ion channel,pAC50,1311,8.222,7.3493133
Ion channel,pAC50,1312,7.097,6.2104697
Ion channel,pAC50,1313,7.347,6.617457
Ion channel,pAC50,1314,7.898,7.6883492
Ion channel,pAC50,1315,8.06,8.23059
Ion channel,pAC50,1316,8.469,8.409627
Ion channel,pAC50,1317,7.658,7.0095325
Ion channel,pAC50,1318,4.959,5.042259
Ion channel,pAC50,1319,5.114,5.8655567
Ion channel,pAC50,1320,4.77,5.992007
Ion channel,pAC50,1321,4.585,4.8946934
Ion channel,pAC50,1322,4.4,4.2472577
Ion channel,pAC50,1323,5.229,5.5753694
Ion channel,pAC50,1324,5.569,6.0460677
Ion channel,pAC50,1325,7.0,5.380034
Ion channel,pAC50,1326,5.959,5.9475827
Ion channel,pAC50,1327,5.481,5.32812
Ion channel,pAC50,1328,6.0,6.3636193
Ion channel,pAC50,1329,4.201,4.5349317
Ion channel,pAC50,1330,5.538,5.473552
Ion channel,pAC50,1331,4.779,4.845473
Ion channel,pAC50,1332,5.538,5.886252
Ion channel,pAC50,1333,6.921,6.361573
Ion channel,pAC50,1334,6.097,5.796796
Ion channel,pAC50,1335,4.77,4.6170607
Ion channel,pAC50,1336,6.167,6.0853915
Ion channel,pAC50,1337,4.523,5.6633162
Ion channel,pAC50,1338,6.301,6.197225
Ion channel,pAC50,1339,5.398,5.28616
Ion channel,pAC50,1340,6.337,5.7326217
Ion channel,pAC50,1341,4.167,5.0785613
Ion channel,pAC50,1342,5.629,6.0013514
Ion channel,pAC50,1343,8.125,8.660523
Ion channel,pAC50,1344,5.585,4.9997277
Ion channel,pAC50,1345,7.523,6.883806
Ion channel,pAC50,1346,5.022,4.8484397
Ion channel,pAC50,1347,4.842,5.024259
Ion channel,pAC50,1348,6.886,5.9728827
Ion channel,pAC50,1349,5.745,5.718332
Ion channel,pAC50,1350,5.137,6.032362
Ion channel,pAC50,1351,4.648,4.8061976
Ion channel,pAC50,1352,5.469,5.5751376
Ion channel,pAC50,1353,5.347,5.4460163
Ion channel,pAC50,1354,5.081,5.4202724
Ion channel,pAC50,1355,5.469,5.463503
Ion channel,pAC50,1356,5.4,5.1880617
Ion channel,pAC50,1357,5.1,4.4054065
Ion channel,pAC50,1358,4.6,4.732444
Ion channel,pAC50,1359,5.3,5.143565
Ion channel,pAC50,1360,6.201,6.151618
Ion channel,pAC50,1361,5.599,5.903217
Ion channel,pAC50,1362,5.959,5.566817
Ion channel,pAC50,1363,6.031,5.481693
Ion channel,pAC50,1364,5.602,5.929262
Ion channel,pAC50,1365,4.222,4.2332873
Ion channel,pAC50,1366,4.658,4.6719813
Ion channel,pAC50,1367,5.222,4.9615936
Ion channel,pAC50,1368,4.745,4.764994
Ion channel,pAC50,1369,5.301,5.50974
Ion channel,pAC50,1370,5.046,5.7019105
Ion channel,pAC50,1371,5.62,5.136396
Ion channel,pAC50,1372,4.0,4.5709634
Ion channel,pAC50,1373,5.523,5.4851823
Ion channel,pAC50,1374,4.86,4.674042
Ion channel,pAC50,1375,7.022,6.7085214
Ion channel,pAC50,1376,5.874,6.225681
Ion channel,pAC50,1377,4.721,5.072501
Ion channel,pAC50,1378,5.959,5.8581114
Ion channel,pAC50,1379,5.824,5.85827
Ion channel,pAC50,1380,4.553,4.8472786
Ion channel,pAC50,1381,4.943,5.724936
Ion channel,pAC50,1382,4.924,6.02558
Ion channel,pAC50,1383,9.42,8.908849
Ion channel,pAC50,1384,5.648,5.374887
Ion channel,pAC50,1385,5.086,4.82291
Ion channel,pAC50,1386,4.678,4.228655
Ion channel,pAC50,1387,4.854,5.051989
Ion channel,pAC50,1388,5.041,5.004625
Ion channel,pAC50,1389,5.398,5.273751
Ion channel,pAC50,1390,5.602,5.8516846
Ion channel,pAC50,1391,5.347,5.2421126
Ion channel,pAC50,1392,5.13,4.591411
Ion channel,pAC50,1393,4.745,4.763736
Ion channel,pAC50,1394,5.29,5.357529
Ion channel,pAC50,1395,4.745,4.8090396
Ion channel,pAC50,1396,4.959,5.6187015
Ion channel,pAC50,1397,6.018,5.687185
Ion channel,pAC50,1398,6.155,5.655356
Ion channel,pAC50,1399,4.796,4.8271976
Ion channel,pAC50,1400,4.69,4.652493
Ion channel,pAC50,1401,6.256,5.569102
Ion channel,pAC50,1402,5.889,5.4290614
Ion channel,pAC50,1403,5.018,4.972737
Ion channel,pAC50,1404,5.976,4.9447827
Ion channel,pAC50,1405,5.807,4.970604
Ion channel,pAC50,1406,5.186,5.253348
Ion channel,pAC50,1407,5.26,5.7049413
Ion channel,pAC50,1408,5.77,5.993955
Ion channel,pAC50,1409,6.046,5.783467
Ion channel,pAC50,1410,5.244,5.1036363
Ion channel,pAC50,1411,5.903,5.7215056
Ion channel,pAC50,1412,5.01,5.902288
Ion channel,pAC50,1413,6.745,6.111627
Ion channel,pAC50,1414,6.357,5.7108936
Ion channel,pAC50,1415,4.602,4.7520285
Ion channel,pAC50,1416,5.398,5.904591
Ion channel,pAC50,1417,8.237,8.0623045
Ion channel,pAC50,1418,5.495,5.206494
Ion channel,pAC50,1419,5.06,5.414695
Ion channel,pAC50,1420,5.959,6.7560973
Ion channel,pAC50,1421,5.174,4.8316913
Ion channel,pAC50,1422,5.558,5.619431
Ion channel,pAC50,1423,5.161,4.9684577
Ion channel,pAC50,1424,5.439,5.251947
Ion channel,pAC50,1425,4.699,5.045261
Ion channel,pAC50,1426,4.081,4.2738204
Ion channel,pAC50,1427,4.046,4.480232
Ion channel,pAC50,1428,6.721,5.9287376
Ion channel,pAC50,1429,5.18,5.675048
Ion channel,pAC50,1430,4.456,5.3289437
Ion channel,pAC50,1431,5.208,5.0641565
Ion channel,pAC50,1432,5.854,5.833235
Ion channel,pAC50,1433,7.854,4.9739337
Ion channel,pAC50,1434,6.699,6.329187
Ion channel,pAC50,1435,4.983,6.025392
Ion channel,pAC50,1436,5.251,5.2217665
Ion channel,pAC50,1437,8.523,6.819865
Ion channel,pAC50,1438,4.721,6.233709
Ion channel,pAC50,1439,5.876,6.397972
Ion channel,pAC50,1440,5.668,4.6816916
Ion channel,pAC50,1441,5.119,4.8215175
Ion channel,pAC50,1442,4.98,6.693749
Ion channel,pAC50,1443,4.96,6.2704077
Ion channel,pAC50,1444,5.553,5.1876597
Ion channel,pAC50,1445,5.0,4.728702
Ion channel,pAC50,1446,4.114,4.5465107
Ion channel,pAC50,1447,5.109,4.876914
Ion channel,pAC50,1448,5.395,5.5527782
Ion channel,pAC50,1449,6.387,6.7530055
Ion channel,pAC50,1450,3.903,3.9323678
Ion channel,pAC50,1451,4.81,4.9604316
Ion channel,pAC50,1452,5.824,5.988563
Ion channel,pAC50,1453,7.62,6.6799054
Ion channel,pAC50,1454,4.699,4.858001
Ion channel,pAC50,1455,4.699,4.8459597
Ion channel,pAC50,1456,4.523,5.217753
Ion channel,pAC50,1457,4.523,5.342298
Ion channel,pAC50,1458,5.056,4.796932
Ion channel,pAC50,1459,4.724,5.4649053
Ion channel,pAC50,1460,4.523,4.5654693
Ion channel,pAC50,1461,5.347,5.455476
Ion channel,pAC50,1462,5.409,5.3462224
Ion channel,pAC50,1463,5.638,5.2627897
Ion channel,pAC50,1464,4.523,4.875734
Ion channel,pAC50,1465,7.611,6.8612776
Ion channel,pAC50,1466,5.125,6.4405904
Ion channel,pAC50,1467,5.62,6.0900893
Ion channel,pAC50,1468,6.022,6.4483085
Ion channel,pAC50,1469,4.548,4.669333
Ion channel,pAC50,1470,1.671,2.3829668
Ion channel,pAC50,1471,5.658,5.183926
Ion channel,pAC50,1472,4.807,5.138926
Ion channel,pAC50,1473,5.131,5.3708878
Ion channel,pAC50,1474,4.553,4.8552365
Ion channel,pAC50,1475,4.377,4.707433
Ion channel,pAC50,1476,4.602,4.7659874
Ion channel,pAC50,1477,5.699,5.6554694
Ion channel,pAC50,1478,4.3,5.177123
Ion channel,pAC50,1479,5.1,5.0006356
Ion channel,pAC50,1480,7.26,6.1406665
Ion channel,pAC50,1481,6.174,6.3561397
Ion channel,pAC50,1482,6.854,6.554683
Ion channel,pAC50,1483,6.201,6.4116054
Ion channel,pAC50,1484,6.456,7.190912
Ion channel,pAC50,1485,6.754,5.6994853
Ion channel,pAC50,1486,5.602,5.2208166
Ion channel,pAC50,1487,6.359,7.6609607
Ion channel,pAC50,1488,8.032,7.790956
Ion channel,pAC50,1489,6.963,5.8339753
Ion channel,pAC50,1490,7.438,6.697976
Ion channel,pAC50,1491,7.924,7.7728014
Ion channel,pAC50,1492,7.728,7.532754
Ion channel,pAC50,1493,7.593,7.4072924
Ion channel,pAC50,1494,7.529,6.792171
Ion channel,pAC50,1495,5.748,7.0478597
Ion channel,pAC50,1496,5.444,6.326234
Ion channel,pAC50,1497,7.387,6.951958
Ion channel,pAC50,1498,9.268,8.542209
Ion channel,pAC50,1499,8.796,8.426899
Ion channel,pAC50,1500,6.886,7.066529
Ion channel,pAC50,1501,5.921,6.387925
Ion channel,pAC50,1502,8.137,8.145734
Ion channel,pAC50,1503,8.149,8.444886
Ion channel,pAC50,1504,7.469,7.022942
Ion channel,pAC50,1505,7.824,7.9701695
Ion channel,pAC50,1506,7.081,7.1626186
Ion channel,pAC50,1507,7.959,7.9648967
Ion channel,pAC50,1508,7.602,7.675548
Ion channel,pAC50,1509,8.699,8.139626
Ion channel,pAC50,1510,6.018,7.6293797
Ion channel,pAC50,1511,8.721,8.7142515
Ion channel,pAC50,1512,8.114,8.047393
Ion channel,pAC50,1513,7.876,7.777945
Ion channel,pAC50,1514,7.9,7.1739955
Ion channel,pAC50,1515,7.883,8.04379
Ion channel,pAC50,1516,7.708,8.141947
Ion channel,pAC50,1517,5.72,7.6215777
Ion channel,pAC50,1518,6.609,6.4926972
Ion channel,pAC50,1519,6.421,6.442931
Ion channel,pAC50,1520,7.398,7.36404
Ion channel,pAC50,1521,7.347,7.1605897
Ion channel,pAC50,1522,6.848,6.553366
Ion channel,pAC50,1523,7.481,6.913893
Ion channel,pAC50,1524,6.575,6.1857505
Ion channel,pAC50,1525,8.155,8.031829
Ion channel,pAC50,1526,6.474,6.8401284
Ion channel,pAC50,1527,7.678,7.7177415
Ion channel,pAC50,1528,7.444,7.640999
Ion channel,pAC50,1529,7.201,7.532641
Ion channel,pAC50,1530,7.097,7.6374803
Ion channel,pAC50,1531,7.432,7.4763064
Ion channel,pAC50,1532,7.824,7.81303
Ion channel,pAC50,1533,7.921,7.8871856
Ion channel,pAC50,1534,6.932,7.3313518
Ion channel,pAC50,1535,8.398,7.6202083
Ion channel,pAC50,1536,7.328,7.182408
Ion channel,pAC50,1537,8.155,7.4538746
Ion channel,pAC50,1538,7.0,7.2355947
Ion channel,pAC50,1539,7.469,7.1773057
Ion channel,pAC50,1540,7.469,7.8053803
Ion channel,pAC50,1541,7.721,7.7338614
Ion channel,pAC50,1542,6.833,6.0033956
Ion channel,pAC50,1543,6.197,5.2097135
Ion channel,pAC50,1544,6.299,5.5916257
Ion channel,pAC50,1545,7.796,7.783815
Ion channel,pAC50,1546,6.393,5.7375493
Ion channel,pAC50,1547,6.818,6.3063684
Ion channel,pAC50,1548,6.31,6.9238877
Ion channel,pAC50,1549,6.921,7.3689885
Ion channel,pAC50,1550,7.009,7.4173446
Ion channel,pAC50,1551,7.432,7.776838
Ion channel,pAC50,1552,6.344,6.692324
Ion channel,pAC50,1553,7.456,7.0605054
Ion channel,pAC50,1554,7.268,7.0608554
Ion channel,pAC50,1555,8.398,8.163772
Ion channel,pAC50,1556,7.06,7.3926597
Ion channel,pAC50,1557,6.879,6.4778905
Ion channel,pAC50,1558,8.046,7.143384
Ion channel,pAC50,1559,6.684,6.7289786
Ion channel,pAC50,1560,6.159,6.787893
Ion channel,pAC50,1561,7.027,7.339132
Ion channel,pAC50,1562,8.0,7.9930263
Ion channel,pAC50,1563,8.456,7.5436664
Ion channel,pAC50,1564,5.461,6.879103
Ion channel,pAC50,1565,6.616,6.0719247
Ion channel,pAC50,1566,5.698,5.8726616
Ion channel,pAC50,1567,6.108,5.7261996
Ion channel,pAC50,1568,7.678,6.8574047
Ion channel,pAC50,1569,5.706,5.6693435
Ion channel,pAC50,1570,8.046,7.499706
Ion channel,pAC50,1571,7.004,7.528692
Ion channel,pAC50,1572,5.634,7.1039267
Ion channel,pAC50,1573,6.585,6.431315
Ion channel,pAC50,1574,8.112,8.548106
Ion channel,pAC50,1575,9.26,9.133468
Ion channel,pAC50,1576,9.337,9.289394
Ion channel,pAC50,1577,7.62,8.459499
Ion channel,pAC50,1578,9.222,8.974598
Ion channel,pAC50,1579,9.051,8.952747
Ion channel,pAC50,1580,9.155,9.047038
Ion channel,pAC50,1581,9.0,8.871074
Ion channel,pAC50,1582,9.523,9.836013
Ion channel,pAC50,1583,8.514,9.271281
Ion channel,pAC50,1584,5.273,5.3271565
Ion channel,pAC50,1585,5.633,5.226617
Ion channel,pAC50,1586,5.159,5.4589934
Ion channel,pAC50,1587,6.069,5.8745837
Ion channel,pAC50,1588,6.048,5.971686
Ion channel,pAC50,1589,9.208,9.235929
Ion channel,pAC50,1590,9.167,9.134772
Ion channel,pAC50,1591,8.873,9.386508
Ion channel,pAC50,1592,8.857,8.749036
Ion channel,pAC50,1593,7.071,7.946014
Ion channel,pAC50,1594,8.523,8.274602
Ion channel,pAC50,1595,8.161,8.050243
Ion channel,pAC50,1596,5.421,6.114678
Ion channel,pAC50,1597,6.845,6.8897696
Ion channel,pAC50,1598,7.921,7.761059
Ion channel,pAC50,1599,8.367,8.5542965
Ion channel,pAC50,1600,6.479,6.703839
Ion channel,pAC50,1601,7.928,7.3208323
Ion channel,pAC50,1602,7.329,7.582084
Ion channel,pAC50,1603,7.429,7.426414
Ion channel,pAC50,1604,6.398,6.406751
Ion channel,pAC50,1605,7.438,6.840698
Ion channel,pAC50,1606,6.668,7.439008
Ion channel,pAC50,1607,7.451,7.920009
Ion channel,pAC50,1608,6.456,6.5442276
Ion channel,pAC50,1609,7.328,7.552201
Ion channel,pAC50,1610,7.161,7.1325717
Ion channel,pAC50,1611,8.319,8.466317
Ion channel,pAC50,1612,7.62,8.0848
Ion channel,pAC50,1613,7.495,7.864932
Ion channel,pAC50,1614,7.62,6.887125
Ion channel,pAC50,1615,7.678,7.6949615
Ion channel,pAC50,1616,8.086,8.333919
Ion channel,pAC50,1617,6.167,6.098198
Ion channel,pAC50,1618,7.796,8.191762
Ion channel,pAC50,1619,6.0,7.1087966
Ion channel,pAC50,1620,7.824,8.26679
Ion channel,pAC50,1621,7.347,6.8816137
Ion channel,pAC50,1622,7.469,8.010314
Ion channel,pAC50,1623,7.921,7.397878
Ion channel,pAC50,1624,8.585,8.079953
Ion channel,pAC50,1625,7.678,7.601994
Ion channel,pAC50,1626,8.244,7.6133137
Ion channel,pAC50,1627,8.26,8.901439
Ion channel,pAC50,1628,8.721,8.645023
Ion channel,pAC50,1629,6.423,7.1935287
Ion channel,pAC50,1630,7.2,7.7812247
Ion channel,pAC50,1631,8.208,7.114366
Ion channel,pAC50,1632,8.032,8.053767
Ion channel,pAC50,1633,8.699,6.943116
Ion channel,pAC50,1634,8.569,7.790109
Ion channel,pAC50,1635,8.066,7.617052
Ion channel,pAC50,1636,6.206,6.4115753
Ion channel,pAC50,1637,8.066,6.9072275
Ion channel,pAC50,1638,6.62,6.427063
Ion channel,pAC50,1639,8.155,5.7980337
Ion channel,pAC50,1640,7.141,6.8781066
Ion channel,pAC50,1641,6.664,7.0585985
Ion channel,pAC50,1642,7.842,6.50131
Ion channel,pAC50,1643,8.292,6.767097
Ion channel,pAC50,1644,5.044,7.3383613
Ion channel,pAC50,1645,6.173,6.4270625
Ion channel,pAC50,1646,5.449,4.9904494
Ion channel,pAC50,1647,5.194,5.7917895
Ion channel,pAC50,1648,5.333,5.2283444
Ion channel,pAC50,1649,8.544,9.303395
Ion channel,pAC50,1650,9.222,9.257034
Ion channel,pAC50,1651,8.921,9.15673
Ion channel,pAC50,1652,8.434,9.301791
Ion channel,pAC50,1653,7.754,7.398227
Ion channel,pAC50,1654,6.821,7.89323
Ion channel,pAC50,1655,8.699,8.000599
Ion channel,pAC50,1656,6.648,6.7768774
Ion channel,pAC50,1657,7.187,7.746816
Ion channel,pAC50,1658,7.469,7.452132
Ion channel,pAC50,1659,7.167,7.4600325
Ion channel,pAC50,1660,8.222,8.505878
Ion channel,pAC50,1661,9.0,8.491059
Ion channel,pAC50,1662,8.699,8.443574
Ion channel,pAC50,1663,7.796,7.638326
Ion channel,pAC50,1664,6.951,7.122027
Ion channel,pAC50,1665,6.536,6.7597833
Ion channel,pAC50,1666,7.77,7.7273207
Ion channel,pAC50,1667,7.678,7.6117682
Ion channel,pAC50,1668,6.799,7.320265
Ion channel,pAC50,1669,7.854,7.146581
Ion channel,pAC50,1670,7.854,7.4347124
Ion channel,pAC50,1671,7.143,7.261871
Ion channel,pAC50,1672,7.921,7.7825775
Ion channel,pAC50,1673,8.222,7.792851
Ion channel,pAC50,1674,8.0,8.39884
Ion channel,pAC50,1675,7.319,7.077894
Ion channel,pAC50,1676,7.824,7.8270626
Ion channel,pAC50,1677,6.75,7.612457
Ion channel,pAC50,1678,7.328,7.4781938
Ion channel,pAC50,1679,6.66,6.689775
Ion channel,pAC50,1680,6.061,7.5636573
Ion channel,pAC50,1681,7.071,7.5114055
Ion channel,pAC50,1682,7.886,8.15569
Ion channel,pAC50,1683,7.569,7.4147687
Ion channel,pAC50,1684,6.437,7.640002
Ion channel,pAC50,1685,6.747,7.313958
Ion channel,pAC50,1686,7.387,7.5328927
Ion channel,pAC50,1687,7.119,7.654053
Ion channel,pAC50,1688,8.046,8.025037
Ion channel,pAC50,1689,8.097,7.146284
Ion channel,pAC50,1690,8.0,7.719241
Ion channel,pAC50,1691,8.222,8.041133
Ion channel,pAC50,1692,7.495,7.8800406
Ion channel,pAC50,1693,8.398,7.8362584
Ion channel,pAC50,1694,7.886,7.681669
Ion channel,pAC50,1695,7.229,7.8937864
Ion channel,pAC50,1696,6.614,7.5503488
Ion channel,pAC50,1697,8.523,6.589457
Ion channel,pAC50,1698,6.224,7.423622
Ion channel,pAC50,1699,8.155,7.3896484
Ion channel,pAC50,1700,5.468,6.1773186
Ion channel,pAC50,1701,8.585,8.393641
Ion channel,pAC50,1702,8.409,7.7944565
Ion channel,pAC50,1703,8.222,7.36248
Ion channel,pAC50,1704,8.301,8.156955
Ion channel,pAC50,1705,5.796,7.2898645
Ion channel,pAC50,1706,7.328,7.8912396
Ion channel,pAC50,1707,7.111,6.524757
Ion channel,pAC50,1708,6.238,7.1150184
Ion channel,pAC50,1709,5.863,5.8515916
Ion channel,pAC50,1710,8.456,8.35233
Ion channel,pAC50,1711,8.119,8.120555
Ion channel,pAC50,1712,5.027,6.6194463
Ion channel,pAC50,1713,8.509,8.210041
Ion channel,pAC50,1714,8.796,8.209714
Ion channel,pAC50,1715,8.538,8.209714
Ion channel,pAC50,1716,7.959,6.933109
Ion channel,pAC50,1717,8.42,7.912163
Ion channel,pAC50,1718,8.092,8.166211
Ion channel,pAC50,1719,7.967,8.569337
Ion channel,pAC50,1720,8.432,7.943895
Ion channel,pAC50,1721,8.268,8.0109215
Ion channel,pAC50,1722,8.149,7.8945026
Ion channel,pAC50,1723,8.161,8.258264
Ion channel,pAC50,1724,8.398,7.3567157
Ion channel,pAC50,1725,8.699,8.747085
Ion channel,pAC50,1726,7.886,7.2569437
Ion channel,pAC50,1727,8.699,8.393777
Ion channel,pAC50,1728,7.308,7.2617826
Ion channel,pAC50,1729,7.764,7.5305815
Ion channel,pAC50,1730,7.788,7.216374
Ion channel,pAC50,1731,7.83,8.545603
Ion channel,pAC50,1732,7.963,6.189312
Ion channel,pAC50,1733,8.824,8.479852
Ion channel,pAC50,1734,8.481,7.872111
Ion channel,pAC50,1735,7.248,7.1862245
Ion channel,pAC50,1736,8.222,8.302313
Ion channel,pAC50,1737,8.509,7.9770236
Ion channel,pAC50,1738,8.036,7.743917
Ion channel,pAC50,1739,8.658,7.3113413
Ion channel,pAC50,1740,7.058,8.247472
Ion channel,pAC50,1741,8.167,8.349862
Ion channel,pAC50,1742,7.357,7.9869285
Ion channel,pAC50,1743,7.569,7.877868
Ion channel,pAC50,1744,7.724,7.811307
Ion channel,pAC50,1745,8.004,7.9718385
Ion channel,pAC50,1746,8.097,8.729223
Ion channel,pAC50,1747,7.745,7.572946
Ion channel,pAC50,1748,8.0,8.332034
Ion channel,pAC50,1749,8.097,8.071313
Ion channel,pAC50,1750,8.398,8.050235
Ion channel,pAC50,1751,8.046,7.852978
Ion channel,pAC50,1752,7.125,7.4880385
Ion channel,pAC50,1753,8.155,8.0886135
Ion channel,pAC50,1754,7.921,8.033997
Ion channel,pAC50,1755,7.086,7.462504
Ion channel,pAC50,1756,7.658,7.353194
Ion channel,pAC50,1757,7.456,7.837959
Ion channel,pAC50,1758,8.301,8.151389
Ion channel,pAC50,1759,6.762,7.272457
Ion channel,pAC50,1760,6.179,6.4764643
Ion channel,pAC50,1761,7.678,7.699454
Ion channel,pAC50,1762,8.398,9.0260935
Ion channel,pAC50,1763,7.854,7.4029717
Ion channel,pAC50,1764,6.796,6.969659
Ion channel,pAC50,1765,8.046,7.7125096
Ion channel,pAC50,1766,7.509,7.649408
Ion channel,pAC50,1767,6.936,6.7618713
Ion channel,pAC50,1768,6.64,7.1191945
Ion channel,pAC50,1769,7.509,7.6280923
Ion channel,pAC50,1770,6.928,7.197599
Ion channel,pAC50,1771,7.824,7.892444
Ion channel,pAC50,1772,8.155,8.017331
Ion channel,pAC50,1773,6.235,5.8404317
Ion channel,pAC50,1774,6.26,7.3181615
Ion channel,pAC50,1775,6.873,7.7436395
Ion channel,pAC50,1776,7.194,7.2528396
Ion channel,pAC50,1777,8.301,8.548202
Ion channel,pAC50,1778,7.721,7.6232443
Ion channel,pAC50,1779,7.921,7.9807544
Ion channel,pAC50,1780,8.301,8.153848
Ion channel,pAC50,1781,7.194,7.0742736
Ion channel,pAC50,1782,6.662,7.023004
Ion channel,pAC50,1783,6.059,6.4370694
Ion channel,pAC50,1784,7.276,7.276808
Ion channel,pAC50,1785,8.097,8.680873
Ion channel,pAC50,1786,8.222,8.194114
Ion channel,pAC50,1787,6.979,7.2771125
Ion channel,pAC50,1788,7.284,7.1790485
Ion channel,pAC50,1789,8.222,7.5499873
Ion channel,pAC50,1790,7.921,7.688067
Ion channel,pAC50,1791,8.155,8.312974
Ion channel,pAC50,1792,7.569,7.4446254
Ion channel,pAC50,1793,7.959,8.275247
Ion channel,pAC50,1794,7.77,7.281598
Ion channel,pAC50,1795,8.222,8.25142
Ion channel,pAC50,1796,7.886,7.5724425
Ion channel,pAC50,1797,7.959,7.798083
Ion channel,pAC50,1798,7.268,7.371125
Ion channel,pAC50,1799,7.77,7.7510476
Ion channel,pAC50,1800,7.959,7.9736876
Ion channel,pAC50,1801,7.921,7.779929
Ion channel,pAC50,1802,6.292,6.466515
Ion channel,pAC50,1803,7.745,7.662295
Ion channel,pAC50,1804,7.77,7.655947
Ion channel,pAC50,1805,6.5,7.310825
Ion channel,pAC50,1806,6.644,6.696806
Ion channel,pAC50,1807,7.678,7.5931697
Ion channel,pAC50,1808,7.208,7.5124617
Ion channel,pAC50,1809,7.0,7.144191
Ion channel,pAC50,1810,7.229,7.699454
Ion channel,pAC50,1811,7.959,8.0237665
Ion channel,pAC50,1812,8.155,7.2405405
Ion channel,pAC50,1813,7.481,7.6996565
Ion channel,pAC50,1814,8.097,8.04588
Ion channel,pAC50,1815,7.638,7.686684
Ion channel,pAC50,1816,7.921,8.035399
Ion channel,pAC50,1817,7.553,7.329602
Ion channel,pAC50,1818,7.42,8.07352
Ion channel,pAC50,1819,6.079,6.8421655
Ion channel,pAC50,1820,6.631,6.492677
Ion channel,pAC50,1821,7.824,7.7807655
Ion channel,pAC50,1822,7.824,7.8128467
Ion channel,pAC50,1823,8.155,8.067553
Ion channel,pAC50,1824,7.796,7.766892
Ion channel,pAC50,1825,7.959,7.3408885
Ion channel,pAC50,1826,7.824,8.399301
Ion channel,pAC50,1827,6.59,7.1469016
Ion channel,pAC50,1828,7.854,8.436106
Ion channel,pAC50,1829,6.102,7.374282
Ion channel,pAC50,1830,6.53,6.712896
Ion channel,pAC50,1831,7.796,7.7799883
Ion channel,pAC50,1832,8.523,8.29879
Ion channel,pAC50,1833,6.274,6.6342425
Ion channel,pAC50,1834,6.684,6.231842
Ion channel,pAC50,1835,7.268,7.1479897
Ion channel,pAC50,1836,6.684,6.8449616
Ion channel,pAC50,1837,7.301,7.19612
Ion channel,pAC50,1838,8.097,7.5460277
Ion channel,pAC50,1839,6.033,6.619999
Ion channel,pAC50,1840,8.222,8.409635
Ion channel,pAC50,1841,7.268,7.6642966
Ion channel,pAC50,1842,7.481,7.6206846
Ion channel,pAC50,1843,6.551,7.213572
Ion channel,pAC50,1844,7.77,7.365042
Ion channel,pAC50,1845,7.854,7.737804
Ion channel,pAC50,1846,7.432,7.349178
Ion channel,pAC50,1847,8.398,8.272563
Ion channel,pAC50,1848,7.585,7.254561
Ion channel,pAC50,1849,6.629,7.4091496
Ion channel,pAC50,1850,7.051,7.043423
Ion channel,pAC50,1851,8.523,8.068124
Ion channel,pAC50,1852,7.114,7.707678
Ion channel,pAC50,1853,7.886,7.366682
Ion channel,pAC50,1854,8.699,8.940109
Ion channel,pAC50,1855,6.114,7.09386
Ion channel,pAC50,1856,7.108,6.639941
Ion channel,pAC50,1857,7.721,7.8549466
Ion channel,pAC50,1858,7.357,8.1939
Ion channel,pAC50,1859,7.456,7.108962
Ion channel,pAC50,1860,8.222,8.107736
Ion channel,pAC50,1861,7.444,8.034799
Ion channel,pAC50,1862,8.523,8.524519
Ion channel,pAC50,1863,9.0,8.709616
Ion channel,pAC50,1864,8.398,8.416623
Ion channel,pAC50,1865,8.046,7.7983255
Ion channel,pAC50,1866,8.699,8.462209
Ion channel,pAC50,1867,8.097,7.834025
Ion channel,pAC50,1868,7.796,8.013782
Ion channel,pAC50,1869,8.222,7.8863497
Ion channel,pAC50,1870,8.097,7.9170737
Ion channel,pAC50,1871,7.886,7.7973094
Ion channel,pAC50,1872,7.268,7.836385
Ion channel,pAC50,1873,7.444,7.5712123
Ion channel,pAC50,1874,7.444,7.9341607
Ion channel,pAC50,1875,8.301,8.217798
Ion channel,pAC50,1876,8.222,8.274068
Ion channel,pAC50,1877,8.155,7.7931943
Ion channel,pAC50,1878,7.959,8.30069
Ion channel,pAC50,1879,8.301,8.444227
Ion channel,pAC50,1880,7.959,8.393419
Ion channel,pAC50,1881,8.097,8.307563
Ion channel,pAC50,1882,6.979,7.6190114
Ion channel,pAC50,1883,8.155,8.251641
Ion channel,pAC50,1884,7.721,7.229073
Ion channel,pAC50,1885,7.42,7.8201904
Ion channel,pAC50,1886,8.097,8.261401
Ion channel,pAC50,1887,7.292,8.288777
Ion channel,pAC50,1888,7.125,7.5972958
Ion channel,pAC50,1889,8.398,8.108069
Ion channel,pAC50,1890,8.398,8.404733
Ion channel,pAC50,1891,6.577,7.685744
Ion channel,pAC50,1892,8.301,7.9766192
Ion channel,pAC50,1893,7.959,8.112559
Ion channel,pAC50,1894,7.745,7.954885
Ion channel,pAC50,1895,8.046,7.673055
Ion channel,pAC50,1896,8.699,8.615703
Ion channel,pAC50,1897,8.301,8.101957
Ion channel,pAC50,1898,8.523,8.037467
Ion channel,pAC50,1899,8.523,8.635642
Ion channel,pAC50,1900,7.222,6.983825
Ion channel,pAC50,1901,7.06,7.3149576
Ion channel,pAC50,1902,5.755,7.0421834
Ion channel,pAC50,1903,6.305,6.681433
Ion channel,pAC50,1904,7.377,6.883774
Ion channel,pAC50,1905,7.086,7.632348
Ion channel,pAC50,1906,6.52,6.587089
Ion channel,pAC50,1907,6.801,7.0315757
Ion channel,pAC50,1908,7.114,7.176468
Ion channel,pAC50,1909,6.129,6.664392
Ion channel,pAC50,1910,6.368,7.655436
Ion channel,pAC50,1911,6.554,6.7038226
Ion channel,pAC50,1912,8.155,7.8837676
Ion channel,pAC50,1913,7.481,8.161868
Ion channel,pAC50,1914,7.824,7.8329215
Ion channel,pAC50,1915,7.143,7.9787374
Ion channel,pAC50,1916,8.0,8.146616
Ion channel,pAC50,1917,8.155,8.325585
Ion channel,pAC50,1918,8.222,8.269366
Ion channel,pAC50,1919,8.301,8.231919
Ion channel,pAC50,1920,8.155,8.201762
Ion channel,pAC50,1921,8.0,8.305303
Ion channel,pAC50,1922,8.301,8.234361
Ion channel,pAC50,1923,6.44,6.9951477
Ion channel,pAC50,1924,6.521,6.899015
Ion channel,pAC50,1925,8.301,8.181863
Ion channel,pAC50,1926,7.31,7.8177643
Ion channel,pAC50,1927,8.097,7.95956
Ion channel,pAC50,1928,8.301,8.234496
Ion channel,pAC50,1929,8.155,8.277852
Ion channel,pAC50,1930,8.222,8.180273
Ion channel,pAC50,1931,8.155,8.236636
Ion channel,pAC50,1932,7.921,7.857944
Ion channel,pAC50,1933,8.046,8.229817
Ion channel,pAC50,1934,8.222,8.442187
Ion channel,pAC50,1935,8.0,8.069876
Ion channel,pAC50,1936,8.301,8.147903
Ion channel,pAC50,1937,8.222,8.231694
Ion channel,pAC50,1938,8.222,8.638528
Ion channel,pAC50,1939,8.155,8.125964
Ion channel,pAC50,1940,8.097,8.333693
Ion channel,pAC50,1941,8.155,8.010606
Ion channel,pAC50,1942,8.046,8.049668
Ion channel,pAC50,1943,8.301,8.601259
Ion channel,pAC50,1944,7.959,8.004399
Ion channel,pAC50,1945,7.921,8.300786
Ion channel,pAC50,1946,8.097,7.964195
Ion channel,pAC50,1947,8.097,8.324128
Ion channel,pAC50,1948,8.0,7.853813
Ion channel,pAC50,1949,8.284,8.197059
Ion channel,pAC50,1950,8.155,8.431548
Ion channel,pAC50,1951,7.456,7.046869
Ion channel,pAC50,1952,8.301,8.035588
Ion channel,pAC50,1953,8.0,8.268246
Ion channel,pAC50,1954,8.155,8.134515
Ion channel,pAC50,1955,7.377,7.9584017
Ion channel,pAC50,1956,7.638,7.7164054
Ion channel,pAC50,1957,7.921,8.290139
Ion channel,pAC50,1958,7.638,7.9141393
Ion channel,pAC50,1959,7.921,8.279193
Ion channel,pAC50,1960,8.222,8.611956
Ion channel,pAC50,1961,7.921,8.103269
Ion channel,pAC50,1962,8.222,8.387298
Ion channel,pAC50,1963,8.301,8.550773
Ion channel,pAC50,1964,8.301,8.309392
Ion channel,pAC50,1965,7.796,7.8427954
Ion channel,pAC50,1966,8.097,7.8438277
Ion channel,pAC50,1967,8.398,8.455883
Ion channel,pAC50,1968,8.222,8.036828
Ion channel,pAC50,1969,7.456,6.872444
Ion channel,pAC50,1970,7.377,7.055008
Ion channel,pAC50,1971,7.943,6.6592517
Ion channel,pAC50,1972,8.143,7.234589
Ion channel,pAC50,1973,8.268,7.982824
Ion channel,pAC50,1974,5.662,5.4556646
Ion channel,pAC50,1975,6.478,6.600202
Ion channel,pAC50,1976,5.921,6.6946607
Ion channel,pAC50,1977,6.056,5.695069
Ion channel,pAC50,1978,8.699,8.265329
Ion channel,pAC50,1979,8.155,8.037656
Ion channel,pAC50,1980,7.553,7.3656287
Ion channel,pAC50,1981,7.284,8.260541
Ion channel,pAC50,1982,8.398,8.981783
Ion channel,pAC50,1983,7.42,7.3392634
Ion channel,pAC50,1984,7.678,7.2072487
Ion channel,pAC50,1985,5.517,6.0230546
Ion channel,pAC50,1986,6.842,7.33978
Ion channel,pAC50,1987,7.013,7.5287743
Ion channel,pAC50,1988,6.78,6.689961
Ion channel,pAC50,1989,6.186,6.266582
Ion channel,pAC50,1990,7.194,7.310248
Ion channel,pAC50,1991,5.248,5.4198833
Ion channel,pAC50,1992,8.222,7.747723
Ion channel,pAC50,1993,6.772,7.0739675
Ion channel,pAC50,1994,8.301,8.310692
Ion channel,pAC50,1995,7.409,8.656503
Ion channel,pAC50,1996,6.801,7.21663
Ion channel,pAC50,1997,7.292,7.309345
Ion channel,pAC50,1998,7.137,7.2396374
Ion channel,pAC50,1999,6.943,6.65056
Ion channel,pAC50,2000,8.097,8.9924555
Ion channel,pAC50,2001,8.0,7.452006
Ion channel,pAC50,2002,4.971,7.0174747
Ion channel,pAC50,2003,8.699,8.987342
Ion channel,pAC50,2004,6.851,7.024423
Ion channel,pAC50,2005,6.099,6.499207
Ion channel,pAC50,2006,7.149,7.5142155
Ion channel,pAC50,2007,8.398,8.226056
Ion channel,pAC50,2008,9.0,8.325361
Ion channel,pAC50,2009,6.943,7.057958
Ion channel,pAC50,2010,6.124,6.400184
Ion channel,pAC50,2011,7.62,8.064407
Ion channel,pAC50,2012,7.009,7.0030866
Ion channel,pAC50,2013,6.322,6.4237776
Ion channel,pAC50,2014,8.097,7.1798453
Ion channel,pAC50,2015,6.151,6.662008
Ion channel,pAC50,2016,4.098,4.79649
Ion channel,pAC50,2017,4.757,4.3923993
Ion channel,pAC50,2018,5.465,4.4284043
Ion channel,pAC50,2019,5.841,6.2180367
Ion channel,pAC50,2020,7.18,7.4467044
Ion channel,pAC50,2021,7.377,7.5358415
Ion channel,pAC50,2022,6.818,7.1099935
Ion channel,pAC50,2023,6.295,6.804274
Ion channel,pAC50,2024,6.373,6.285585
Ion channel,pAC50,2025,6.175,6.460563
Ion channel,pAC50,2026,5.155,5.1175694
Ion channel,pAC50,2027,5.022,5.004248
Ion channel,pAC50,2028,5.041,7.8219085
Ion channel,pAC50,2029,7.118,6.4799447
Ion channel,pAC50,2030,7.052,7.049169
Ion channel,pAC50,2031,5.789,7.4464035
Ion channel,pAC50,2032,7.613,6.5338387
Ion channel,pAC50,2033,6.361,6.8781686
Ion channel,pAC50,2034,7.036,7.0489287
Ion channel,pAC50,2035,4.449,7.7448564
Ion channel,pAC50,2036,7.15,7.859752
Ion channel,pAC50,2037,8.697,9.064664
Ion channel,pAC50,2038,4.898,4.8998256
Ion channel,pAC50,2039,4.706,4.559587
Ion channel,pAC50,2040,4.145,4.4720135
Ion channel,pAC50,2041,4.427,4.7922835
Ion channel,pAC50,2042,5.138,4.632114
Ion channel,pAC50,2043,5.695,4.9556007
Ion channel,pAC50,2044,5.893,5.731507
Ion channel,pAC50,2045,6.357,6.1513224
Ion channel,pAC50,2046,7.046,6.9071774
Ion channel,pAC50,2047,5.958,6.3947473
Ion channel,pAC50,2048,6.527,6.4955354
Ion channel,pAC50,2049,6.314,6.3773456
Ion channel,pAC50,2050,6.514,6.2548685
Ion channel,pAC50,2051,6.295,6.1743054
Ion channel,pAC50,2052,6.369,6.1743054
Ion channel,pAC50,2053,7.268,6.593283
Ion channel,pAC50,2054,6.481,6.298839
Ion channel,pAC50,2055,6.384,6.298839
Ion channel,pAC50,2056,6.924,6.6653466
Ion channel,pAC50,2057,6.112,5.9376593
Ion channel,pAC50,2058,6.721,6.631374
Ion channel,pAC50,2059,5.933,6.0555673
Ion channel,pAC50,2060,7.081,7.160093
Ion channel,pAC50,2061,5.997,5.7390633
Ion channel,pAC50,2062,6.217,6.1285453
Ion channel,pAC50,2063,6.785,7.164144
Ion channel,pAC50,2064,5.767,5.749597
Ion channel,pAC50,2065,7.086,6.6569333
Ion channel,pAC50,2066,7.337,6.3374066
Ion channel,pAC50,2067,7.092,6.0125885
Ion channel,pAC50,2068,6.008,6.144498
Ion channel,pAC50,2069,6.223,6.26049
Ion channel,pAC50,2070,6.77,6.721829
Ion channel,pAC50,2071,6.435,6.5129275
Ion channel,pAC50,2072,7.018,6.577397
Ion channel,pAC50,2073,6.006,5.916763
Ion channel,pAC50,2074,6.264,5.667859
Ion channel,pAC50,2075,6.509,6.166228
Ion channel,pAC50,2076,5.986,5.8072176
Ion channel,pAC50,2077,5.746,5.742705
Ion channel,pAC50,2078,5.774,6.0274816
Ion channel,pAC50,2079,6.488,6.745545
Ion channel,pAC50,2080,5.776,6.412338
Ion channel,pAC50,2081,6.484,6.6497173
Ion channel,pAC50,2082,5.174,5.491016
Ion channel,pAC50,2083,5.921,5.0976205
Ion channel,pAC50,2084,4.357,5.381598
Ion channel,pAC50,2085,5.292,4.986943
Ion channel,pAC50,2086,6.244,5.7911763
Ion channel,pAC50,2087,5.42,5.197772
Ion channel,pAC50,2088,5.538,5.620408
Ion channel,pAC50,2089,5.252,5.524138
Ion channel,pAC50,2090,5.699,5.497049
Ion channel,pAC50,2091,5.569,5.2407413
Ion channel,pAC50,2092,5.237,5.5733223
Ion channel,pAC50,2093,5.268,4.879929
Ion channel,pAC50,2094,5.301,5.1350045
Ion channel,pAC50,2095,4.638,4.9558
Ion channel,pAC50,2096,4.745,5.058306
Ion channel,pAC50,2097,4.699,4.9165154
Ion channel,pAC50,2098,5.456,5.69964
Ion channel,pAC50,2099,5.9,5.7162
Ion channel,pAC50,2100,7.089,6.432942
Ion channel,pAC50,2101,7.272,7.747628
Ion channel,pAC50,2102,7.242,7.0389943
Ion channel,pAC50,2103,7.13,6.9937763
Ion channel,pAC50,2104,7.386,7.571405
Ion channel,pAC50,2105,5.0,5.309391
Ion channel,pAC50,2106,6.2,6.7904496
Ion channel,pAC50,2107,5.423,5.2769585
Ion channel,pAC50,2108,6.932,6.549898
Ion channel,pAC50,2109,7.11,6.7800136
Ion channel,pAC50,2110,5.971,6.0374827
Ion channel,pAC50,2111,5.845,5.8504786
Ion channel,pAC50,2112,6.519,6.0923834
Ion channel,pAC50,2113,6.618,6.3374057
Ion channel,pAC50,2114,7.975,8.353483
Ion channel,pAC50,2115,5.329,5.113197
Ion channel,pAC50,2116,4.529,4.9412665
Ion channel,pAC50,2117,5.211,5.2261558
Ion channel,pAC50,2118,4.776,4.7454944
Ion channel,pAC50,2119,5.088,5.1125264
Ion channel,pAC50,2120,4.885,4.5698304
Ion channel,pAC50,2121,5.053,5.1131916
Ion channel,pAC50,2122,5.006,5.0430655
Ion channel,pAC50,2123,5.084,5.186849
Ion channel,pAC50,2124,4.722,4.980918
Ion channel,pAC50,2125,5.174,5.262316
Ion channel,pAC50,2126,4.637,4.747044
Ion channel,pAC50,2127,4.783,4.857288
Ion channel,pAC50,2128,4.822,5.222385
Ion channel,pAC50,2129,5.002,5.0461383
Ion channel,pAC50,2130,4.591,5.0461373
Ion channel,pAC50,2131,5.173,5.26436
Ion channel,pAC50,2132,4.55,4.763372
Ion channel,pAC50,2133,5.088,4.8733134
Ion channel,pAC50,2134,4.885,4.739466
Ion channel,pAC50,2135,4.611,4.8489547
Ion channel,pAC50,2136,6.2,5.918329
Ion channel,pAC50,2137,5.6,5.970047
Ion channel,pAC50,2138,6.0,5.3446217
Ion channel,pAC50,2139,6.6,5.8554826
Ion channel,pAC50,2140,5.5,5.386553
Ion channel,pAC50,2141,6.2,5.894913
Ion channel,pAC50,2142,6.0,5.7270985
Ion channel,pAC50,2143,5.7,5.857229
Ion channel,pAC50,2144,4.481,4.855354
Ion channel,pAC50,2145,4.638,5.09171
Ion channel,pAC50,2146,4.481,4.5579057
Ion channel,pAC50,2147,4.658,5.0856056
Ion channel,pAC50,2148,4.481,4.3539696
Ion channel,pAC50,2149,5.009,4.747329
Ion channel,pAC50,2150,5.523,5.627004
Ion channel,pAC50,2151,5.18,4.88917
Ion channel,pAC50,2152,4.62,4.372104
Ion channel,pAC50,2153,5.387,5.382864
Ion channel,pAC50,2154,4.845,6.6371636
Ion channel,pAC50,2155,8.142,7.742918
Ion channel,pAC50,2156,7.337,7.6165433
Ion channel,pAC50,2157,5.79,6.187593
Ion channel,pAC50,2158,7.907,7.9208093
Ion channel,pAC50,2159,7.42,7.915946
Ion channel,pAC50,2160,7.038,7.4060826
Ion channel,pAC50,2161,6.211,6.775227
Ion channel,pAC50,2162,5.365,7.248591
Ion channel,pAC50,2163,7.26,7.529816
Ion channel,pAC50,2164,7.26,7.539985
Ion channel,pAC50,2165,6.125,6.5215335
Ion channel,pAC50,2166,6.125,7.0526633
Ion channel,pAC50,2167,6.523,6.818175
Ion channel,pAC50,2168,6.523,6.8604918
Ion channel,pAC50,2169,7.26,6.7412305
Ion channel,pAC50,2170,6.523,6.6222625
Ion channel,pAC50,2171,6.523,7.0816793
Ion channel,pAC50,2172,6.523,6.4071546
Ion channel,pAC50,2173,7.26,7.4097314
Ion channel,pAC50,2174,7.26,6.995766
Ion channel,pAC50,2175,7.26,7.535345
Ion channel,pAC50,2176,7.26,7.240293
Ion channel,pAC50,2177,7.26,7.0602446
Ion channel,pAC50,2178,6.523,7.0547557
Ion channel,pAC50,2179,7.26,7.296779
Ion channel,pAC50,2180,5.585,6.080508
Ion channel,pAC50,2181,5.26,5.624758
Ion channel,pAC50,2182,5.678,5.3842635
Ion channel,pAC50,2183,5.215,5.6577044
Ion channel,pAC50,2184,5.921,5.2044826
Ion channel,pAC50,2185,6.009,5.9756303
Ion channel,pAC50,2186,7.368,7.2746487
Ion channel,pAC50,2187,7.622,7.289422
Ion channel,pAC50,2188,7.26,6.622731
Ion channel,pAC50,2189,4.523,4.396304
Ion channel,pAC50,2190,4.523,4.4448743
Ion channel,pAC50,2191,4.523,4.7501626
Ion channel,pAC50,2192,4.523,4.1337214
Ion channel,pAC50,2193,4.523,4.456501
Ion channel,pAC50,2194,5.233,5.0024743
Ion channel,pAC50,2195,7.678,7.6233535
Ion channel,pAC50,2196,7.149,6.853907
Ion channel,pAC50,2197,7.745,7.1202946
Ion channel,pAC50,2198,7.745,7.1592956
Ion channel,pAC50,2199,8.398,7.3909125
Ion channel,pAC50,2200,8.301,7.4927773
Ion channel,pAC50,2201,8.523,7.3913584
Ion channel,pAC50,2202,6.77,6.7770534
Ion channel,pAC50,2203,8.398,7.4973035
Ion channel,pAC50,2204,8.398,6.9836864
Ion channel,pAC50,2205,7.26,6.9908905
Ion channel,pAC50,2206,6.125,7.266398
Ion channel,pAC50,2207,6.125,6.6006064
Ion channel,pAC50,2208,6.699,6.794679
Ion channel,pAC50,2209,6.699,6.9910707
Ion channel,pAC50,2210,6.699,6.9868383
Ion channel,pAC50,2211,6.699,7.115232
Ion channel,pAC50,2212,6.699,7.071397
Ion channel,pAC50,2213,6.125,7.288033
Ion channel,pAC50,2214,7.26,7.356674
Ion channel,pAC50,2215,7.26,7.335383
Ion channel,pAC50,2216,6.699,6.4910936
Ion channel,pAC50,2217,6.699,6.750884
Ion channel,pAC50,2218,6.699,6.907483
Ion channel,pAC50,2219,7.26,7.230787
Ion channel,pAC50,2220,7.26,7.379782
Ion channel,pAC50,2221,7.26,6.922821
Ion channel,pAC50,2222,7.26,7.377048
Ion channel,pAC50,2223,7.26,7.187072
Ion channel,pAC50,2224,7.26,7.3486266
Ion channel,pAC50,2225,6.699,6.8870864
Ion channel,pAC50,2226,7.26,7.659571
Ion channel,pAC50,2227,7.26,7.477025
Ion channel,pAC50,2228,7.26,7.4932323
Ion channel,pAC50,2229,6.699,7.1878457
Ion channel,pAC50,2230,7.26,7.5109606
Ion channel,pAC50,2231,7.26,7.2191873
Ion channel,pAC50,2232,6.699,7.092191
Ion channel,pAC50,2233,7.26,7.4068522
Ion channel,pAC50,2234,7.26,7.320564
Ion channel,pAC50,2235,6.125,7.4796867
Ion channel,pAC50,2236,6.699,7.054226
Ion channel,pAC50,2237,7.26,7.338229
Ion channel,pAC50,2238,7.26,7.2190013
Ion channel,pAC50,2239,7.26,7.4719276
Ion channel,pAC50,2240,7.26,7.3865156
Ion channel,pAC50,2241,7.26,7.440474
Ion channel,pAC50,2242,6.699,6.913112
Ion channel,pAC50,2243,7.26,7.117418
Ion channel,pAC50,2244,7.26,7.46128
Ion channel,pAC50,2245,7.26,7.3390126
Ion channel,pAC50,2246,7.26,7.697788
Ion channel,pAC50,2247,7.26,7.539575
Ion channel,pAC50,2248,7.26,7.3101254
Ion channel,pAC50,2249,7.26,7.456601
Ion channel,pAC50,2250,7.26,6.8599896
Ion channel,pAC50,2251,7.26,7.471222
Ion channel,pAC50,2252,7.26,7.5360575
Ion channel,pAC50,2253,6.699,7.035456
Ion channel,pAC50,2254,6.699,6.9896417
Ion channel,pAC50,2255,7.26,7.616835
Ion channel,pAC50,2256,7.26,7.474787
Ion channel,pAC50,2257,7.26,7.6725693
Ion channel,pAC50,2258,7.26,7.5315948
Ion channel,pAC50,2259,7.26,7.9443326
Ion channel,pAC50,2260,7.26,7.4699054
Ion channel,pAC50,2261,7.26,7.312161
Ion channel,pAC50,2262,7.26,6.7617545
Ion channel,pAC50,2263,7.26,7.5083394
Ion channel,pAC50,2264,7.26,7.7770696
Ion channel,pAC50,2265,7.26,7.7355337
Ion channel,pAC50,2266,7.26,7.2888913
Ion channel,pAC50,2267,6.699,7.0903506
Ion channel,pAC50,2268,5.886,5.5243955
Ion channel,pAC50,2269,5.959,5.83112
Ion channel,pAC50,2270,5.854,5.767957
Ion channel,pAC50,2271,5.854,5.9554887
Ion channel,pAC50,2272,5.062,5.0249095
Ion channel,pAC50,2273,4.674,5.048742
Ion channel,pAC50,2274,4.155,3.8939352
Ion channel,pAC50,2275,5.268,5.120285
Ion channel,pAC50,2276,4.523,4.8066854
Ion channel,pAC50,2277,4.576,4.6874714
Ion channel,pAC50,2278,4.665,4.693045
Ion channel,pAC50,2279,4.523,4.404488
Ion channel,pAC50,2280,4.523,4.501437
Ion channel,pAC50,2281,4.988,4.7200174
Ion channel,pAC50,2282,4.523,4.1464405
Ion channel,pAC50,2283,5.125,4.9250016
Ion channel,pAC50,2284,7.796,7.441374
Ion channel,pAC50,2285,7.721,7.081146
Ion channel,pAC50,2286,7.553,7.527394
Ion channel,pAC50,2287,7.638,7.488637
Ion channel,pAC50,2288,7.699,7.6662126
Ion channel,pAC50,2289,7.26,7.3509874
Ion channel,pAC50,2290,7.26,7.1397424
Ion channel,pAC50,2291,7.26,6.941679
Ion channel,pAC50,2292,6.523,7.1227612
Ion channel,pAC50,2293,7.26,7.27697
Ion channel,pAC50,2294,7.26,7.546851
Ion channel,pAC50,2295,7.26,7.4954042
Ion channel,pAC50,2296,7.26,7.4277577
Ion channel,pAC50,2297,7.26,7.7862153
Ion channel,pAC50,2298,7.26,7.4215455
Ion channel,pAC50,2299,7.26,7.5722117
Ion channel,pAC50,2300,6.187,6.1988173
Ion channel,pAC50,2301,6.187,6.5298257
Ion channel,pAC50,2302,7.125,6.5866437
Ion channel,pAC50,2303,6.699,6.449479
Ion channel,pAC50,2304,6.699,6.095574
Ion channel,pAC50,2305,6.187,6.8418856
Ion channel,pAC50,2306,6.187,6.3992314
Ion channel,pAC50,2307,6.187,6.395141
Ion channel,pAC50,2308,5.699,6.66423
Ion channel,pAC50,2309,4.726,4.565043
Ion channel,pAC50,2310,5.0,5.0353284
Ion channel,pAC50,2311,5.374,5.1628695
Ion channel,pAC50,2312,4.925,5.04851
Ion channel,pAC50,2313,5.083,5.020012
Ion channel,pAC50,2314,4.908,4.999615
Ion channel,pAC50,2315,5.167,4.9599204
Ion channel,pAC50,2316,4.954,5.100181
Ion channel,pAC50,2317,5.186,5.1471295
Ion channel,pAC50,2318,4.98,5.048887
Ion channel,pAC50,2319,5.0,4.8278055
Ion channel,pAC50,2320,4.523,4.552759
Ion channel,pAC50,2321,4.523,4.454852
Ion channel,pAC50,2322,4.664,4.895658
Ion channel,pAC50,2323,4.988,5.0624957
Ion channel,pAC50,2324,4.796,4.6748104
Ion channel,pAC50,2325,4.845,5.313277
Ion channel,pAC50,2326,5.668,5.3834906
Ion channel,pAC50,2327,4.941,5.2948074
Ion channel,pAC50,2328,4.722,4.813042
Ion channel,pAC50,2329,4.523,4.6714587
Ion channel,pAC50,2330,4.523,4.754906
Ion channel,pAC50,2331,4.523,4.6413827
Ion channel,pAC50,2332,4.571,4.7355566
Ion channel,pAC50,2333,4.523,4.881397
Ion channel,pAC50,2334,4.542,4.72827
Ion channel,pAC50,2335,5.475,4.5755525
Ion channel,pAC50,2336,4.58,4.7724586
Ion channel,pAC50,2337,5.157,5.333442
Ion channel,pAC50,2338,4.575,4.772231
Ion channel,pAC50,2339,4.523,5.1637955
Ion channel,pAC50,2340,4.621,4.645152
Ion channel,pAC50,2341,4.523,4.5169873
Ion channel,pAC50,2342,4.523,4.6263747
Ion channel,pAC50,2343,4.673,4.810006
Ion channel,pAC50,2344,8.301,7.417152
Ion channel,pAC50,2345,5.67,6.5655236
Ion channel,pAC50,2346,5.568,6.7904654
Ion channel,pAC50,2347,6.317,6.702597
Ion channel,pAC50,2348,6.34,6.599917
Ion channel,pAC50,2349,6.812,7.308019
Ion channel,pAC50,2350,7.018,6.97448
Ion channel,pAC50,2351,7.886,7.926971
Ion channel,pAC50,2352,7.409,7.441467
Ion channel,pAC50,2353,4.932,5.7481413
Ion channel,pAC50,2354,6.507,6.2097197
Ion channel,pAC50,2355,6.268,6.232573
Ion channel,pAC50,2356,5.672,5.352411
Ion channel,pAC50,2357,5.873,6.275646
Ion channel,pAC50,2358,5.924,6.081244
Ion channel,pAC50,2359,5.59,5.4698253
Ion channel,pAC50,2360,7.155,6.8314624
Ion channel,pAC50,2361,6.688,7.375541
Ion channel,pAC50,2362,6.759,6.9687533
Ion channel,pAC50,2363,5.79,5.963906
Ion channel,pAC50,2364,5.06,6.0183997
Ion channel,pAC50,2365,7.027,5.887279
Ion channel,pAC50,2366,6.457,6.4135394
Ion channel,pAC50,2367,6.084,5.4460588
Ion channel,pAC50,2368,5.987,6.2608924
Ion channel,pAC50,2369,5.544,6.3062644
Ion channel,pAC50,2370,5.298,6.2049356
Ion channel,pAC50,2371,7.569,7.4287457
Ion channel,pAC50,2372,7.523,7.227214
Ion channel,pAC50,2373,7.824,7.650392
Ion channel,pAC50,2374,5.987,6.022699
Ion channel,pAC50,2375,6.449,6.643763
Ion channel,pAC50,2376,7.301,7.2396264
Ion channel,pAC50,2377,5.547,6.3053975
Ion channel,pAC50,2378,8.097,7.7438607
Ion channel,pAC50,2379,7.721,7.934671
Ion channel,pAC50,2380,7.721,7.4908853
Ion channel,pAC50,2381,6.234,6.9152155
Ion channel,pAC50,2382,5.379,5.7546268
Ion channel,pAC50,2383,6.293,6.114208
Ion channel,pAC50,2384,5.305,5.709614
Ion channel,pAC50,2385,5.213,5.8344626
Ion channel,pAC50,2386,5.711,5.9792867
Ion channel,pAC50,2387,5.216,5.863857
Ion channel,pAC50,2388,6.733,7.077607
Ion channel,pAC50,2389,6.331,6.6983466
Ion channel,pAC50,2390,6.457,6.575985
Ion channel,pAC50,2391,6.836,6.5937696
Ion channel,pAC50,2392,6.824,6.8957534
Ion channel,pAC50,2393,7.824,7.9588857
Ion channel,pAC50,2394,7.553,8.035957
Ion channel,pAC50,2395,7.276,7.608142
Ion channel,pAC50,2396,5.538,5.385319
Ion channel,pAC50,2397,5.387,4.4282703
Ion channel,pAC50,2398,5.244,5.0579233
Ion channel,pAC50,2399,5.143,5.496771
Ion channel,pAC50,2400,5.131,6.0050077
Ion channel,pAC50,2401,5.42,5.198905
Ion channel,pAC50,2402,7.721,7.5230403
Ion channel,pAC50,2403,7.699,7.3589997
Ion channel,pAC50,2404,7.699,7.3589993
Ion channel,pAC50,2405,7.745,7.421351
Ion channel,pAC50,2406,5.856,6.3238215
Ion channel,pAC50,2407,5.26,5.216868
Ion channel,pAC50,2408,7.108,7.2195134
Ion channel,pAC50,2409,6.405,7.4124866
Ion channel,pAC50,2410,6.271,6.952243
Ion channel,pAC50,2411,6.41,6.696694
Ion channel,pAC50,2412,6.374,6.0325904
Ion channel,pAC50,2413,6.796,7.1613626
Ion channel,pAC50,2414,6.695,6.371736
Ion channel,pAC50,2415,6.435,6.9978614
Ion channel,pAC50,2416,6.939,7.257463
Ion channel,pAC50,2417,6.738,6.3232265
Ion channel,pAC50,2418,6.184,6.6741037
Ion channel,pAC50,2419,6.611,7.1959586
Ion channel,pAC50,2420,7.18,7.362721
Ion channel,pAC50,2421,6.876,6.712522
Ion channel,pAC50,2422,6.799,7.1640353
Ion channel,pAC50,2423,6.77,6.6672764
Ion channel,pAC50,2424,6.387,6.143703
Ion channel,pAC50,2425,6.947,7.467911
Ion channel,pAC50,2426,7.347,6.7481804
Ion channel,pAC50,2427,6.886,6.8514895
Ion channel,pAC50,2428,7.125,7.1417565
Ion channel,pAC50,2429,6.597,6.8780947
Ion channel,pAC50,2430,6.821,6.615417
Ion channel,pAC50,2431,6.836,6.5071864
Ion channel,pAC50,2432,6.509,6.2261605
Ion channel,pAC50,2433,6.495,6.7189603
Ion channel,pAC50,2434,6.007,6.5683417
Ion channel,pAC50,2435,4.658,5.1626143
Ion channel,pAC50,2436,4.204,4.5538206
Ion channel,pAC50,2437,4.204,4.0578623
Ion channel,pAC50,2438,4.757,4.66196
Ion channel,pAC50,2439,5.222,5.634191
Ion channel,pAC50,2440,5.337,5.255423
Ion channel,pAC50,2441,5.733,5.865666
Ion channel,pAC50,2442,5.26,5.2975707
Ion channel,pAC50,2443,4.983,5.007599
Ion channel,pAC50,2444,5.24,4.4186406
Ion channel,pAC50,2445,6.244,5.2396955
Ion channel,pAC50,2446,9.155,5.182333
Ion channel,pAC50,2447,3.244,6.5591826
Ion channel,pAC50,2448,3.383,5.2823157
Ion channel,pAC50,2449,4.638,5.014872
Ion channel,pAC50,2450,7.076,7.270099
Ion channel,pAC50,2451,7.509,7.1434298
Ion channel,pAC50,2452,7.921,7.7536225
Ion channel,pAC50,2453,5.759,5.8323226
Ion channel,pAC50,2454,6.155,6.3289227
Ion channel,pAC50,2455,8.699,8.81761
Ion channel,pAC50,2456,8.0,7.796352
Ion channel,pAC50,2457,7.284,7.3978724
Ion channel,pAC50,2458,7.114,6.6864767
Ion channel,pAC50,2459,8.097,8.314277
Ion channel,pAC50,2460,8.097,8.615537
Ion channel,pAC50,2461,5.469,5.429689
Ion channel,pAC50,2462,4.1,6.189871
Ion channel,pAC50,2463,5.481,5.356108
Ion channel,pAC50,2464,5.018,4.8152213
Ion channel,pAC50,2465,6.699,7.589641
Ion channel,pAC50,2466,5.239,5.1547017
Ion channel,pAC50,2467,4.519,5.0269294
Ion channel,pAC50,2468,5.398,6.469335
Ion channel,pAC50,2469,6.678,6.3495154
Ion channel,pAC50,2470,4.051,4.038876
Ion channel,pAC50,2471,8.036,8.207391
Ion channel,pAC50,2472,7.495,7.51542
Ion channel,pAC50,2473,7.678,7.6422467
Ion channel,pAC50,2474,5.137,7.2105155
Ion channel,pAC50,2475,4.971,5.434206
Ion channel,pAC50,2476,5.229,5.3188605
Ion channel,pAC50,2477,5.194,5.308784
Ion channel,pAC50,2478,6.553,8.271882
Ion channel,pAC50,2479,8.509,8.37909
Ion channel,pAC50,2480,5.244,5.298821
Ion channel,pAC50,2481,4.42,5.011947
Ion channel,pAC50,2482,4.9,5.223084
Ion channel,pAC50,2483,7.489,8.514154
Ion channel,pAC50,2484,5.569,5.87102
Ion channel,pAC50,2485,6.102,6.194548
Ion channel,pAC50,2486,5.1,6.0214014
Ion channel,pAC50,2487,7.74,7.136192
Ion channel,pAC50,2488,7.719,6.562842
Ion channel,pAC50,2489,7.2,7.4681754
Ion channel,pAC50,2490,4.48,4.7255664
Ion channel,pAC50,2491,4.907,5.1692653
Ion channel,pAC50,2492,4.91,5.0039663
Ion channel,pAC50,2493,5.08,5.1178474
Ion channel,pAC50,2494,4.95,4.471697
Ion channel,pAC50,2495,5.187,4.7873406
Ion channel,pAC50,2496,4.94,4.891543
Ion channel,pAC50,2497,6.801,7.1572413
Ion channel,pAC50,2498,6.222,6.124138
Ion channel,pAC50,2499,4.635,4.150755
Ion channel,pAC50,2500,7.886,8.081446
Ion channel,pAC50,2501,4.983,5.605909
Ion channel,pAC50,2502,3.821,4.6897798
Ion channel,pAC50,2503,5.18,7.4987283
Ion channel,pAC50,2504,6.967,7.0886016
Ion channel,pAC50,2505,4.2,3.880546
Ion channel,pAC50,2506,4.5,5.8346305
Ion channel,pAC50,2507,4.8,5.9509344
Ion channel,pAC50,2508,7.046,6.4752154
Ion channel,pAC50,2509,5.796,5.678812
Ion channel,pAC50,2510,5.357,4.98854
Ion channel,pAC50,2511,5.215,4.918681
Ion channel,pAC50,2512,6.81,7.5031304
Ion channel,pAC50,2513,6.983,7.7191944
Ion channel,pAC50,2514,7.444,7.6636252
Ion channel,pAC50,2515,7.569,7.1845183
Ion channel,pAC50,2516,8.585,8.208886
Ion channel,pAC50,2517,7.921,8.767691
Ion channel,pAC50,2518,8.301,8.767864
Ion channel,pAC50,2519,8.398,8.879764
Ion channel,pAC50,2520,6.187,6.651822
Ion channel,pAC50,2521,5.721,6.312777
Ion channel,pAC50,2522,4.824,4.9316306
Ion channel,pAC50,2523,4.721,4.998841
Ion channel,pAC50,2524,6.032,6.6257434
Ion channel,pAC50,2525,7.796,7.8724093
Ion channel,pAC50,2526,8.62,8.26351
Ion channel,pAC50,2527,8.161,7.947337
Ion channel,pAC50,2528,6.155,6.092915
Ion channel,pAC50,2529,5.854,6.036948
Ion channel,pAC50,2530,5.886,5.925262
Ion channel,pAC50,2531,4.777,4.9543357
Ion channel,pAC50,2532,4.772,4.955891
Ion channel,pAC50,2533,5.2,4.803312
Ion channel,pAC50,2534,5.3,4.803312
Ion channel,pAC50,2535,4.3,4.612167
Ion channel,pAC50,2536,5.1,5.3293786
Ion channel,pAC50,2537,4.2,4.890531
Ion channel,pAC50,2538,4.6,4.746592
Ion channel,pAC50,2539,6.907,6.569614
Ion channel,pAC50,2540,5.697,6.1847906
Ion channel,pAC50,2541,5.551,5.205893
Ion channel,pAC50,2542,8.409,9.540269
Ion channel,pAC50,2543,7.022,6.5808754
Ion channel,pAC50,2544,7.585,6.6220937
Ion channel,pAC50,2545,4.796,5.17215
Ion channel,pAC50,2546,5.319,5.5147214
Ion channel,pAC50,2547,6.244,6.392441
Ion channel,pAC50,2548,4.796,5.1381454
Ion channel,pAC50,2549,6.137,5.655468
Ion channel,pAC50,2550,4.924,4.7472897
Ion channel,pAC50,2551,4.097,4.3323236
Ion channel,pAC50,2552,5.071,4.6774325
Ion channel,pAC50,2553,5.824,5.787993
Ion channel,pAC50,2554,4.252,5.1342187
Ion channel,pAC50,2555,4.796,5.272839
Ion channel,pAC50,2556,5.086,4.82291
Ion channel,pAC50,2557,5.42,5.7310157
Ion channel,pAC50,2558,3.527,3.7266755
Ion channel,pAC50,2559,3.824,3.9381146
Ion channel,pAC50,2560,4.538,5.012075
Ion channel,pAC50,2561,4.594,4.960896
Ion channel,pAC50,2562,5.959,5.6947308
Ion channel,pAC50,2563,5.298,5.5642304
Ion channel,pAC50,2564,6.328,6.595994
Ion channel,pAC50,2565,7.509,6.428484
Ion channel,pAC50,2566,5.102,4.8594303
Ion channel,pAC50,2567,6.824,6.046595
Ion channel,pAC50,2568,5.268,5.5298924
Ion channel,pAC50,2569,5.018,5.3700676
Ion channel,pAC50,2570,5.284,5.7221875
Ion channel,pAC50,2571,5.678,5.740108
Ion channel,pAC50,2572,6.252,5.6000047
Ion channel,pAC50,2573,5.301,5.000374
Ion channel,pAC50,2574,5.167,4.8141766
Ion channel,pAC50,2575,8.252,8.250558
Ion channel,pAC50,2576,4.046,4.536205
Ion channel,pAC50,2577,5.18,5.6750474
Ion channel,pAC50,2578,4.292,4.7300572
Ion channel,pAC50,2579,6.699,6.470497
Ion channel,pAC50,2580,5.703,5.989987
Ion channel,pAC50,2581,6.553,6.0968523
Ion channel,pAC50,2582,5.302,5.352139
Ion channel,pAC50,2583,6.201,5.739697
Ion channel,pAC50,2584,5.229,5.465614
Ion channel,pAC50,2585,4.745,5.149633
Ion channel,pAC50,2586,4.337,4.1813045
Ion channel,pAC50,2587,4.799,4.7882304
Ion channel,pAC50,2588,4.458,5.6644287
Ion channel,pAC50,2589,4.0,4.129662
Ion channel,pAC50,2590,4.745,4.844585
Ion channel,pAC50,2591,7.602,6.936766
Ion channel,pAC50,2592,5.08,4.8578234
Ion channel,pAC50,2593,5.056,4.9563575
Ion channel,pAC50,2594,4.553,4.8944945
Ion channel,pAC50,2595,4.959,4.6464725
Ion channel,pAC50,2596,4.959,5.040033
Ion channel,pAC50,2597,4.678,5.078416
Ion channel,pAC50,2598,5.481,5.3017936
Ion channel,pAC50,2599,4.602,6.0485206
Ion channel,pAC50,2600,6.409,7.1239324
Ion channel,pAC50,2601,8.398,8.924363
Ion channel,pAC50,2602,4.854,3.6029735
Ion channel,pAC50,2603,4.5,6.273573
Ion channel,pAC50,2604,5.225,5.7184396
Ion channel,pAC50,2605,7.921,7.892745
Ion channel,pAC50,2606,6.48,5.494807
Ion channel,pAC50,2607,4.479,4.813496
Ion channel,pAC50,2608,6.638,6.7390647
Ion channel,pAC50,2609,5.201,8.810162
Ion channel,pAC50,2610,4.602,4.698421
Ion channel,pAC50,2611,7.42,7.471973
Ion channel,pAC50,2612,1.0,5.1399126
Ion channel,pAC50,2613,8.11,7.2990127
Ion channel,pAC50,2614,5.96,5.348045
Ion channel,pAC50,2615,6.39,5.6512074
Ion channel,pAC50,2616,6.89,5.777017
Ion channel,pAC50,2617,5.87,6.061947
Ion channel,pAC50,2618,6.47,6.4489803
Ion channel,pAC50,2619,7.12,7.2990127
Ion channel,pAC50,2620,5.77,5.5026035
Ion channel,pAC50,2621,6.398,6.6342096
Ion channel,pAC50,2622,5.409,6.475852
Ion channel,pAC50,2623,5.143,5.9388075
Ion channel,pAC50,2624,6.398,6.6510577
Ion channel,pAC50,2625,5.092,5.147411
Ion channel,pAC50,2626,6.32,5.737136
Ion channel,pAC50,2627,4.89,5.7419453
Ion channel,pAC50,2628,5.699,5.3580194
Ion channel,pAC50,2629,7.0,5.7819448
Ion channel,pAC50,2630,6.155,6.2552314
Ion channel,pAC50,2631,6.0,5.473514
Ion channel,pAC50,2632,6.102,5.395966
Ion channel,pAC50,2633,4.721,5.6581903
Ion channel,pAC50,2634,5.553,6.0486155
Ion channel,pAC50,2635,5.032,5.1958966
Ion channel,pAC50,2636,6.0,6.8230996
Ion channel,pAC50,2637,4.91,5.805617
Ion channel,pAC50,2638,7.076,6.948484
Ion channel,pAC50,2639,6.921,6.9161115
Ion channel,pAC50,2640,5.347,6.474186
Ion channel,pAC50,2641,8.42,9.035651
Ion channel,pAC50,2642,5.959,5.511596
Ion channel,pAC50,2643,6.827,6.528393
Ion channel,pAC50,2644,6.807,6.6697087
Ion channel,pAC50,2645,4.602,3.8969
Ion channel,pAC50,2646,6.959,6.5799756
Enzyme,pAC50,0,4.533,4.5198574
Enzyme,pAC50,1,7.187,4.4710283
Enzyme,pAC50,2,6.818,6.037261
Enzyme,pAC50,3,6.08,6.3309274
Enzyme,pAC50,4,4.775,4.789431
Enzyme,pAC50,5,7.291,5.2684603
Enzyme,pAC50,6,5.587,7.2468414
Enzyme,pAC50,7,6.167,5.9040136
Enzyme,pAC50,8,6.022,6.109164
Enzyme,pAC50,9,5.429,6.2919054
Enzyme,pAC50,10,6.699,4.403106
Enzyme,pAC50,11,6.523,5.7144175
Enzyme,pAC50,12,7.301,5.986643
Enzyme,pAC50,13,6.721,6.787904
Enzyme,pAC50,14,4.134,4.044466
Enzyme,pAC50,15,7.921,4.5972586
Enzyme,pAC50,16,6.857,6.7477055
Enzyme,pAC50,17,2.597,2.694195
Enzyme,pAC50,18,9.021,9.537823
Enzyme,pAC50,19,9.523,8.539947
Enzyme,pAC50,20,2.78,2.9125051
Enzyme,pAC50,21,6.469,7.260417
Enzyme,pAC50,22,8.222,8.497706
Enzyme,pAC50,23,7.798,8.084886
Enzyme,pAC50,24,7.51,7.1989417
Enzyme,pAC50,25,5.812,5.7870398
Enzyme,pAC50,26,4.915,5.0065584
Enzyme,pAC50,27,2.807,2.6820807
Enzyme,pAC50,28,7.538,6.5884576
Enzyme,pAC50,29,4.314,4.9175253
Enzyme,pAC50,30,6.493,6.518218
Enzyme,pAC50,31,8.058,6.781367
Enzyme,pAC50,32,5.051,5.4649286
Enzyme,pAC50,33,4.827,7.5338373
Enzyme,pAC50,34,5.553,5.956134
Enzyme,pAC50,35,7.509,6.355534
Enzyme,pAC50,36,4.939,5.571148
Enzyme,pAC50,37,5.987,6.208723
Enzyme,pAC50,38,8.301,8.0404215
Enzyme,pAC50,39,6.531,6.3307714
Enzyme,pAC50,40,7.796,7.285228
Enzyme,pAC50,41,7.721,7.4281874
Enzyme,pAC50,42,4.261,4.331956
Enzyme,pAC50,43,5.745,5.8684597
Enzyme,pAC50,44,7.553,6.943456
Enzyme,pAC50,45,6.194,6.105729
Enzyme,pAC50,46,5.638,5.8920536
Enzyme,pAC50,47,6.42,6.290884
Enzyme,pAC50,48,6.62,6.7664185
Enzyme,pAC50,49,5.796,6.219102
Enzyme,pAC50,50,7.046,7.024125
Enzyme,pAC50,51,6.854,6.7281833
Enzyme,pAC50,52,5.481,5.30573
Enzyme,pAC50,53,4.847,4.7812457
Enzyme,pAC50,54,6.932,7.2969704
Enzyme,pAC50,55,6.535,6.944461
Enzyme,pAC50,56,7.678,7.3310037
Enzyme,pAC50,57,6.498,6.5049477
Enzyme,pAC50,58,6.963,6.9694138
Enzyme,pAC50,59,7.237,3.6925282
Enzyme,pAC50,60,6.907,7.050951
Enzyme,pAC50,61,6.9,6.910986
Enzyme,pAC50,62,6.863,6.944315
Enzyme,pAC50,63,4.427,4.767055
Enzyme,pAC50,64,5.066,5.1666145
Enzyme,pAC50,65,5.28,5.3894644
Enzyme,pAC50,66,7.678,7.4889517
Enzyme,pAC50,67,8.16,8.641273
Enzyme,pAC50,68,6.81,7.5836377
Enzyme,pAC50,69,6.86,8.037971
Enzyme,pAC50,70,7.679,8.06507
Enzyme,pAC50,71,5.255,5.4827995
Enzyme,pAC50,72,5.252,5.6470995
Enzyme,pAC50,73,5.241,5.238312
Enzyme,pAC50,74,3.623,5.624671
Enzyme,pAC50,75,5.076,5.1216946
Enzyme,pAC50,76,8.009,7.9359827
Enzyme,pAC50,77,8.523,8.486225
Enzyme,pAC50,78,5.538,6.727229
Enzyme,pAC50,79,5.967,6.37991
Enzyme,pAC50,80,6.577,6.4297714
Enzyme,pAC50,81,5.337,5.4875293
Enzyme,pAC50,82,5.022,5.477419
Enzyme,pAC50,83,4.959,5.405857
Enzyme,pAC50,84,6.027,5.94103
Enzyme,pAC50,85,4.496,4.30359
Enzyme,pAC50,86,7.886,7.6889753
Enzyme,pAC50,87,6.921,6.7821007
Enzyme,pAC50,88,6.509,6.295068
Enzyme,pAC50,89,6.678,6.368998
Enzyme,pAC50,90,6.102,5.724825
Enzyme,pAC50,91,7.046,6.8461514
Enzyme,pAC50,92,2.959,3.7117293
Enzyme,pAC50,93,4.961,5.0236187
Enzyme,pAC50,94,2.975,2.8820238
Enzyme,pAC50,95,2.678,2.6343594
Enzyme,pAC50,96,5.854,5.97593
Enzyme,pAC50,97,7.051,7.24558
Enzyme,pAC50,98,6.26,6.198865
Enzyme,pAC50,99,5.821,5.8669324
Enzyme,pAC50,100,6.466,6.344137
Enzyme,pAC50,101,5.666,6.5089293
Enzyme,pAC50,102,4.676,4.301202
Enzyme,pAC50,103,8.553,8.095148
Enzyme,pAC50,104,6.917,7.1562424
Enzyme,pAC50,105,8.5,7.876501
Enzyme,pAC50,106,7.268,6.4332447
Enzyme,pAC50,107,8.658,8.300593
Enzyme,pAC50,108,8.086,6.653398
Enzyme,pAC50,109,6.26,5.7132163
Enzyme,pAC50,110,8.824,8.551637
Enzyme,pAC50,111,5.873,3.7847652
Enzyme,pAC50,112,7.745,7.6052933
Enzyme,pAC50,113,8.377,8.027419
Enzyme,pAC50,114,8.208,9.024977
Enzyme,pAC50,115,4.502,4.20201
Enzyme,pAC50,116,4.495,5.301524
Enzyme,pAC50,117,8.549,7.96023
Enzyme,pAC50,118,4.262,4.6881523
Enzyme,pAC50,119,5.719,6.029879
Enzyme,pAC50,120,4.82,5.469069
Enzyme,pAC50,121,6.409,6.167536
Enzyme,pAC50,122,4.996,4.6057234
Enzyme,pAC50,123,4.261,4.5490437
Enzyme,pAC50,124,5.209,4.9869976
Enzyme,pAC50,125,4.619,5.672276
Enzyme,pAC50,126,7.7,7.3832817
Enzyme,pAC50,127,5.06,5.182165
Enzyme,pAC50,128,4.951,5.385886
Enzyme,pAC50,129,5.381,5.847141
Enzyme,pAC50,130,5.967,5.9716234
Enzyme,pAC50,131,6.284,5.8245955
Enzyme,pAC50,132,4.287,4.804468
Enzyme,pAC50,133,4.403,3.7588816
Enzyme,pAC50,134,4.455,4.459305
Enzyme,pAC50,135,7.155,6.299032
Enzyme,pAC50,136,4.81,4.1077986
Enzyme,pAC50,137,5.027,4.876561
Enzyme,pAC50,138,3.955,4.134674
Enzyme,pAC50,139,3.804,4.207548
Enzyme,pAC50,140,6.319,5.9200397
Enzyme,pAC50,141,6.572,6.468566
Enzyme,pAC50,142,4.69,5.170639
Enzyme,pAC50,143,5.231,5.613378
Enzyme,pAC50,144,5.14,4.476756
Enzyme,pAC50,145,6.553,5.701784
Enzyme,pAC50,146,6.169,6.3020515
Enzyme,pAC50,147,5.147,5.73971
Enzyme,pAC50,148,6.203,6.266356
Enzyme,pAC50,149,5.19,6.362146
Enzyme,pAC50,150,4.726,4.812934
Enzyme,pAC50,151,5.085,4.8830233
Enzyme,pAC50,152,4.3,4.6208625
Enzyme,pAC50,153,5.047,4.819231
Enzyme,pAC50,154,5.263,5.065413
Enzyme,pAC50,155,5.517,4.732927
Enzyme,pAC50,156,5.045,5.710623
Enzyme,pAC50,157,4.833,4.587279
Enzyme,pAC50,158,3.693,4.075493
Enzyme,pAC50,159,3.602,3.7353187
Enzyme,pAC50,160,3.967,5.136361
Enzyme,pAC50,161,5.908,5.673812
Enzyme,pAC50,162,5.313,5.0017414
Enzyme,pAC50,163,5.9,5.6716013
Enzyme,pAC50,164,6.463,6.4469624
Enzyme,pAC50,165,4.86,4.382697
Enzyme,pAC50,166,5.959,6.1268635
Enzyme,pAC50,167,4.388,4.3061147
Enzyme,pAC50,168,5.71,5.3189344
Enzyme,pAC50,169,5.169,6.358448
Enzyme,pAC50,170,5.887,6.1062775
Enzyme,pAC50,171,5.073,5.5043035
Enzyme,pAC50,172,5.373,5.1214757
Enzyme,pAC50,173,6.021,7.376086
Enzyme,pAC50,174,5.804,6.1496115
Enzyme,pAC50,175,3.967,4.581274
Enzyme,pAC50,176,4.051,4.2044673
Enzyme,pAC50,177,5.022,4.9365454
Enzyme,pAC50,178,4.8,5.306978
Enzyme,pAC50,179,5.783,5.8789463
Enzyme,pAC50,180,5.62,5.37665
Enzyme,pAC50,181,5.585,5.875242
Enzyme,pAC50,182,5.151,5.432867
Enzyme,pAC50,183,4.338,4.972045
Enzyme,pAC50,184,6.567,6.7207503
Enzyme,pAC50,185,3.785,3.89108
Enzyme,pAC50,186,5.003,4.9321737
Enzyme,pAC50,187,5.056,6.407177
Enzyme,pAC50,188,5.845,5.9960146
Enzyme,pAC50,189,4.067,3.7350612
Enzyme,pAC50,190,4.883,5.1109824
Enzyme,pAC50,191,6.889,6.6638618
Enzyme,pAC50,192,4.286,4.9815626
Enzyme,pAC50,193,5.041,5.0610294
Enzyme,pAC50,194,8.273,8.246901
Enzyme,pAC50,195,8.18,7.8795223
Enzyme,pAC50,196,6.432,7.6674604
Enzyme,pAC50,197,9.143,8.118631
Enzyme,pAC50,198,5.812,6.5798326
Enzyme,pAC50,199,6.187,6.579832
Enzyme,pAC50,200,4.275,4.565109
Enzyme,pAC50,201,5.22,5.233226
Enzyme,pAC50,202,6.921,6.5362988
Enzyme,pAC50,203,5.137,5.106869
Enzyme,pAC50,204,5.521,5.08066
Enzyme,pAC50,205,5.495,5.0931826
Enzyme,pAC50,206,4.674,4.9500046
Enzyme,pAC50,207,5.854,5.6448817
Enzyme,pAC50,208,4.921,4.6343317
Enzyme,pAC50,209,5.77,4.868836
Enzyme,pAC50,210,5.419,4.3255377
Enzyme,pAC50,211,4.33,4.2887816
Enzyme,pAC50,212,7.398,7.5661573
Enzyme,pAC50,213,6.939,7.2251744
Enzyme,pAC50,214,5.16,5.933712
Enzyme,pAC50,215,5.302,5.647973
Enzyme,pAC50,216,5.229,5.026843
Enzyme,pAC50,217,4.483,4.457368
Enzyme,pAC50,218,5.12,5.088737
Enzyme,pAC50,219,5.088,5.5543413
Enzyme,pAC50,220,5.086,4.9011326
Enzyme,pAC50,221,5.469,5.8245096
Enzyme,pAC50,222,6.721,6.939988
Enzyme,pAC50,223,6.244,5.5087814
Enzyme,pAC50,224,5.377,5.346822
Enzyme,pAC50,225,5.476,5.477209
Enzyme,pAC50,226,5.475,5.203121
Enzyme,pAC50,227,5.991,5.8975644
Enzyme,pAC50,228,4.708,5.1166625
Enzyme,pAC50,229,5.752,6.0536175
Enzyme,pAC50,230,4.07,5.3965273
Enzyme,pAC50,231,4.188,3.7833073
Enzyme,pAC50,232,4.592,4.4391165
Enzyme,pAC50,233,4.345,4.251237
Enzyme,pAC50,234,4.287,4.2605143
Enzyme,pAC50,235,4.433,4.4298134
Enzyme,pAC50,236,5.337,5.3296185
Enzyme,pAC50,237,5.004,4.9518013
Enzyme,pAC50,238,4.383,3.8369634
Enzyme,pAC50,239,4.0,4.4752736
Enzyme,pAC50,240,4.767,4.6621313
Enzyme,pAC50,241,5.489,6.566017
Enzyme,pAC50,242,5.444,4.00148
Enzyme,pAC50,243,5.13,4.9892864
Enzyme,pAC50,244,4.82,4.9132676
Enzyme,pAC50,245,4.727,4.9620953
Enzyme,pAC50,246,4.45,3.9012623
Enzyme,pAC50,247,5.592,6.11392
Enzyme,pAC50,248,4.882,4.720029
Enzyme,pAC50,249,5.512,5.452302
Enzyme,pAC50,250,4.711,4.8351808
Enzyme,pAC50,251,5.001,4.816663
Enzyme,pAC50,252,5.452,5.202075
Enzyme,pAC50,253,5.886,8.956014
Enzyme,pAC50,254,6.149,5.824382
Enzyme,pAC50,255,4.493,5.830366
Enzyme,pAC50,256,8.066,7.730315
Enzyme,pAC50,257,4.488,4.2818046
Enzyme,pAC50,258,8.97,9.46041
Enzyme,pAC50,259,7.497,6.776553
Enzyme,pAC50,260,7.76,6.401338
Enzyme,pAC50,261,8.229,7.9407215
Enzyme,pAC50,262,6.585,7.6408863
Enzyme,pAC50,263,4.147,4.7630463
Enzyme,pAC50,264,6.573,5.853635
Enzyme,pAC50,265,6.321,6.6354594
Enzyme,pAC50,266,6.692,5.853936
Enzyme,pAC50,267,7.068,8.032526
Enzyme,pAC50,268,6.96,8.027392
Enzyme,pAC50,269,5.244,5.3473196
Enzyme,pAC50,270,7.58,7.6940417
Enzyme,pAC50,271,8.95,7.1707587
Enzyme,pAC50,272,5.699,4.7173023
Enzyme,pAC50,273,5.697,4.8290005
Enzyme,pAC50,274,3.959,4.8495045
Enzyme,pAC50,275,5.717,5.598973
Enzyme,pAC50,276,7.253,6.1832643
Enzyme,pAC50,277,6.631,6.2127333
Enzyme,pAC50,278,7.497,7.2982736
Enzyme,pAC50,279,8.87,6.827799
Enzyme,pAC50,280,8.047,6.791476
Enzyme,pAC50,281,6.101,6.161128
Enzyme,pAC50,282,6.469,5.6112523
Enzyme,pAC50,283,3.564,3.9217277
Enzyme,pAC50,284,5.021,5.8813806
Enzyme,pAC50,285,4.978,4.870521
Enzyme,pAC50,286,4.193,5.4704456
Enzyme,pAC50,287,4.745,4.9033155
Enzyme,pAC50,288,7.768,8.365264
Enzyme,pAC50,289,5.258,7.438047
Enzyme,pAC50,290,6.187,7.31972
Enzyme,pAC50,291,5.36,6.3380814
Enzyme,pAC50,292,6.479,6.675692
Enzyme,pAC50,293,4.68,4.792649
Enzyme,pAC50,294,2.866,4.416726
Enzyme,pAC50,295,2.185,3.200519
Enzyme,pAC50,296,7.569,7.1751533
Enzyme,pAC50,297,7.004,7.0138717
Enzyme,pAC50,298,5.812,5.7952175
Enzyme,pAC50,299,6.523,5.524557
Enzyme,pAC50,300,5.194,5.2929173
Enzyme,pAC50,301,6.208,6.1738257
Enzyme,pAC50,302,5.428,5.093561
Enzyme,pAC50,303,5.058,5.135783
Enzyme,pAC50,304,5.614,4.831842
Enzyme,pAC50,305,7.111,8.251288
Enzyme,pAC50,306,6.476,5.9977684
Enzyme,pAC50,307,5.91,5.902587
Enzyme,pAC50,308,6.084,5.8393383
Enzyme,pAC50,309,4.652,4.747549
Enzyme,pAC50,310,6.436,6.3301215
Enzyme,pAC50,311,8.77,8.680455
Enzyme,pAC50,312,8.521,8.028971
Enzyme,pAC50,313,7.887,7.4532537
Enzyme,pAC50,314,4.732,4.7901115
Enzyme,pAC50,315,6.777,7.316701
Enzyme,pAC50,316,7.149,7.374281
Enzyme,pAC50,317,6.107,6.4767838
Enzyme,pAC50,318,3.883,4.715354
Enzyme,pAC50,319,7.721,7.5634384
Enzyme,pAC50,320,6.432,6.194992
Enzyme,pAC50,321,5.936,6.5616703
Enzyme,pAC50,322,6.88,6.780899
Enzyme,pAC50,323,6.178,6.5866566
Enzyme,pAC50,324,6.159,5.6608477
Enzyme,pAC50,325,5.62,5.895735
Enzyme,pAC50,326,4.477,4.9878197
Enzyme,pAC50,327,5.178,5.482147
Enzyme,pAC50,328,7.951,7.9750266
Enzyme,pAC50,329,7.457,6.923397
Enzyme,pAC50,330,8.745,9.128841
Enzyme,pAC50,331,6.205,5.6868362
Enzyme,pAC50,332,4.778,4.2845764
Enzyme,pAC50,333,8.098,8.063623
Enzyme,pAC50,334,6.523,5.4761
Enzyme,pAC50,335,5.862,6.2229214
Enzyme,pAC50,336,6.573,6.1403475
Enzyme,pAC50,337,6.21,6.164487
Enzyme,pAC50,338,6.699,6.8236938
Enzyme,pAC50,339,7.0,5.998601
Enzyme,pAC50,340,6.846,6.724035
Enzyme,pAC50,341,4.431,5.0221996
Enzyme,pAC50,342,4.396,5.1289215
Enzyme,pAC50,343,5.936,5.9721932
Enzyme,pAC50,344,5.465,5.9064693
Enzyme,pAC50,345,5.0,5.389287
Enzyme,pAC50,346,5.0,5.0483074
Enzyme,pAC50,347,5.0,5.318012
Enzyme,pAC50,348,6.033,6.3050604
Enzyme,pAC50,349,7.084,8.059161
Enzyme,pAC50,350,5.747,6.6998897
Enzyme,pAC50,351,4.461,4.801653
Enzyme,pAC50,352,5.611,5.7440243
Enzyme,pAC50,353,5.556,5.6819086
Enzyme,pAC50,354,5.541,5.8306193
Enzyme,pAC50,355,5.636,5.7758555
Enzyme,pAC50,356,6.77,6.539278
Enzyme,pAC50,357,4.516,5.3260083
Enzyme,pAC50,358,5.33,4.8044996
Enzyme,pAC50,359,4.531,4.9096375
Enzyme,pAC50,360,6.406,6.339944
Enzyme,pAC50,361,3.955,4.6657877
Enzyme,pAC50,362,7.0,6.910018
Enzyme,pAC50,363,8.359,7.5319786
Enzyme,pAC50,364,6.5,6.874629
Enzyme,pAC50,365,5.206,5.7291794
Enzyme,pAC50,366,7.056,5.776667
Enzyme,pAC50,367,8.222,7.733116
Enzyme,pAC50,368,4.379,4.3636484
Enzyme,pAC50,369,4.444,5.373608
Enzyme,pAC50,370,6.606,6.957099
Enzyme,pAC50,371,5.772,5.500234
Enzyme,pAC50,372,4.87,4.696429
Enzyme,pAC50,373,7.54,5.4580164
Enzyme,pAC50,374,6.229,6.0053825
Enzyme,pAC50,375,7.252,6.363284
Enzyme,pAC50,376,5.721,5.800436
Enzyme,pAC50,377,4.072,4.5280414
Enzyme,pAC50,378,6.155,6.0710793
Enzyme,pAC50,379,5.277,5.695177
Enzyme,pAC50,380,6.022,6.101555
Enzyme,pAC50,381,7.292,7.5675144
Enzyme,pAC50,382,5.538,5.7236853
Enzyme,pAC50,383,4.257,5.00685
Enzyme,pAC50,384,4.45,4.954134
Enzyme,pAC50,385,5.155,5.657401
Enzyme,pAC50,386,4.553,4.617424
Enzyme,pAC50,387,5.097,5.077429
Enzyme,pAC50,388,5.638,4.054083
Enzyme,pAC50,389,6.081,6.2594557
Enzyme,pAC50,390,6.662,6.1968203
Enzyme,pAC50,391,6.976,6.4802046
Enzyme,pAC50,392,7.011,6.6856327
Enzyme,pAC50,393,4.159,5.9843397
Enzyme,pAC50,394,7.245,6.495058
Enzyme,pAC50,395,7.466,6.984915
Enzyme,pAC50,396,7.113,6.640093
Enzyme,pAC50,397,7.06,6.6178827
Enzyme,pAC50,398,4.602,4.496058
Enzyme,pAC50,399,6.476,6.2893076
Enzyme,pAC50,400,4.102,5.23247
Enzyme,pAC50,401,4.987,5.5884867
Enzyme,pAC50,402,4.08,4.796216
Enzyme,pAC50,403,4.983,5.487512
Enzyme,pAC50,404,6.108,6.1496286
Enzyme,pAC50,405,5.456,5.757434
Enzyme,pAC50,406,5.987,6.2132206
Enzyme,pAC50,407,5.801,6.213272
Enzyme,pAC50,408,6.762,6.9573145
Enzyme,pAC50,409,5.036,5.6350307
Enzyme,pAC50,410,5.745,5.4716644
Enzyme,pAC50,411,6.842,7.0766244
Enzyme,pAC50,412,5.726,5.958974
Enzyme,pAC50,413,5.092,4.688349
Enzyme,pAC50,414,5.027,5.0309377
Enzyme,pAC50,415,7.375,5.820711
Enzyme,pAC50,416,5.374,5.8710775
Enzyme,pAC50,417,5.851,6.1326284
Enzyme,pAC50,418,5.357,5.309161
Enzyme,pAC50,419,5.539,6.2463098
Enzyme,pAC50,420,6.432,6.3693733
Enzyme,pAC50,421,6.987,7.0137377
Enzyme,pAC50,422,9.046,8.4687605
Enzyme,pAC50,423,5.947,5.172106
Enzyme,pAC50,424,5.192,4.948205
Enzyme,pAC50,425,6.056,6.281808
Enzyme,pAC50,426,5.81,6.0265813
Enzyme,pAC50,427,7.658,7.535639
Enzyme,pAC50,428,6.387,5.8969917
Enzyme,pAC50,429,5.536,5.8267217
Enzyme,pAC50,430,5.597,6.080491
Enzyme,pAC50,431,5.231,5.553062
Enzyme,pAC50,432,3.119,3.4147801
Enzyme,pAC50,433,5.199,5.822247
Enzyme,pAC50,434,5.536,6.0762157
Enzyme,pAC50,435,4.963,4.955598
Enzyme,pAC50,436,4.991,4.8001375
Enzyme,pAC50,437,5.703,6.2718997
Enzyme,pAC50,438,5.542,5.6282153
Enzyme,pAC50,439,5.272,4.4069967
Enzyme,pAC50,440,5.809,5.578223
Enzyme,pAC50,441,5.977,6.0107384
Enzyme,pAC50,442,5.666,6.071188
Enzyme,pAC50,443,5.24,5.950963
Enzyme,pAC50,444,5.947,5.732042
Enzyme,pAC50,445,5.301,5.919791
Enzyme,pAC50,446,5.0,5.442954
Enzyme,pAC50,447,5.066,5.132511
Enzyme,pAC50,448,6.662,6.384
Enzyme,pAC50,449,4.07,3.534092
Enzyme,pAC50,450,5.014,5.1199393
Enzyme,pAC50,451,5.368,5.5921755
Enzyme,pAC50,452,5.345,5.908743
Enzyme,pAC50,453,5.31,4.790805
Enzyme,pAC50,454,5.652,5.4693985
Enzyme,pAC50,455,6.187,5.775429
Enzyme,pAC50,456,4.747,4.791712
Enzyme,pAC50,457,4.551,5.6160464
Enzyme,pAC50,458,6.119,6.369382
Enzyme,pAC50,459,7.819,7.042942
Enzyme,pAC50,460,4.471,4.481971
Enzyme,pAC50,461,6.149,6.7923803
Enzyme,pAC50,462,5.943,6.3159785
Enzyme,pAC50,463,7.657,7.3369393
Enzyme,pAC50,464,4.149,10.677756
Enzyme,pAC50,465,6.808,6.7557898
Enzyme,pAC50,466,6.516,6.7960596
Enzyme,pAC50,467,5.623,5.2955184
Enzyme,pAC50,468,6.26,6.0510225
Enzyme,pAC50,469,4.051,4.6269584
Enzyme,pAC50,470,2.752,3.933132
Enzyme,pAC50,471,2.697,3.5862586
Enzyme,pAC50,472,4.604,4.7469454
Enzyme,pAC50,473,2.896,3.248101
Enzyme,pAC50,474,4.864,6.0089273
Enzyme,pAC50,475,3.56,5.182132
Enzyme,pAC50,476,6.149,6.0810604
Enzyme,pAC50,477,6.352,5.5075884
Enzyme,pAC50,478,7.495,7.517915
Enzyme,pAC50,479,7.569,5.0925465
Enzyme,pAC50,480,6.081,6.9596243
Enzyme,pAC50,481,6.481,6.303233
Enzyme,pAC50,482,5.367,5.0602016
Enzyme,pAC50,483,7.762,7.5142784
Enzyme,pAC50,484,9.252,8.7242775
Enzyme,pAC50,485,8.553,6.279807
Enzyme,pAC50,486,5.432,4.298646
Enzyme,pAC50,487,5.377,4.472185
Enzyme,pAC50,488,8.398,8.534135
Enzyme,pAC50,489,6.21,6.4770236
Enzyme,pAC50,490,5.046,4.976866
Enzyme,pAC50,491,4.065,5.5434465
Enzyme,pAC50,492,4.657,4.8225346
Enzyme,pAC50,493,4.921,5.571383
Enzyme,pAC50,494,6.155,5.7862463
Enzyme,pAC50,495,7.6,6.973427
Enzyme,pAC50,496,6.82,7.852325
Enzyme,pAC50,497,7.85,8.448976
Enzyme,pAC50,498,9.1,8.34735
Enzyme,pAC50,499,4.089,4.144945
Enzyme,pAC50,500,3.184,4.431871
Enzyme,pAC50,501,3.351,3.943953
Enzyme,pAC50,502,3.379,4.7902184
Enzyme,pAC50,503,4.456,4.4908113
Enzyme,pAC50,504,6.097,6.076206
Enzyme,pAC50,505,4.662,4.68113
Enzyme,pAC50,506,4.658,5.9720864
Enzyme,pAC50,507,4.503,5.4105253
Enzyme,pAC50,508,6.678,6.180478
Enzyme,pAC50,509,6.26,7.076832
Enzyme,pAC50,510,7.301,7.580672
Enzyme,pAC50,511,5.229,5.6252537
Enzyme,pAC50,512,7.776,7.7403374
Enzyme,pAC50,513,4.372,4.5812287
Enzyme,pAC50,514,4.407,4.5721626
Enzyme,pAC50,515,7.222,6.844865
Enzyme,pAC50,516,5.14,5.5649276
Enzyme,pAC50,517,4.102,5.8454986
Enzyme,pAC50,518,4.614,5.4255333
Enzyme,pAC50,519,4.361,4.733034
Enzyme,pAC50,520,5.733,6.197448
Enzyme,pAC50,521,9.489,8.287921
Enzyme,pAC50,522,4.268,4.2503853
Enzyme,pAC50,523,4.886,4.4945593
Enzyme,pAC50,524,4.357,4.4927063
Enzyme,pAC50,525,14.602,14.42739
Enzyme,pAC50,526,8.745,8.836762
Enzyme,pAC50,527,5.114,5.268121
Enzyme,pAC50,528,8.348,9.045491
Enzyme,pAC50,529,8.959,9.3745985
Enzyme,pAC50,530,5.494,6.8208866
Enzyme,pAC50,531,4.276,4.582651
Enzyme,pAC50,532,4.431,3.714087
Enzyme,pAC50,533,3.991,4.2258525
Enzyme,pAC50,534,6.97,7.255453
Enzyme,pAC50,535,7.229,7.463024
Enzyme,pAC50,536,6.843,7.0714865
Enzyme,pAC50,537,6.87,7.1477613
Enzyme,pAC50,538,5.58,6.2497883
Enzyme,pAC50,539,5.41,5.174348
Enzyme,pAC50,540,7.209,7.335214
Enzyme,pAC50,541,4.77,4.961006
Enzyme,pAC50,542,5.18,5.1637373
Enzyme,pAC50,543,9.495,5.0094733
Enzyme,pAC50,544,7.523,5.8123446
Enzyme,pAC50,545,7.032,5.034073
Enzyme,pAC50,546,8.627,8.164165
Enzyme,pAC50,547,6.463,5.6519203
Enzyme,pAC50,548,5.36,5.295516
Enzyme,pAC50,549,4.804,4.8972464
Enzyme,pAC50,550,5.201,5.5383043
Enzyme,pAC50,551,6.717,6.5516663
Enzyme,pAC50,552,4.936,6.087228
Enzyme,pAC50,553,5.89,6.1350555
Enzyme,pAC50,554,6.029,5.598064
Enzyme,pAC50,555,4.046,4.798032
Enzyme,pAC50,556,6.551,6.689554
Enzyme,pAC50,557,4.519,6.0094867
Enzyme,pAC50,558,6.15,5.597354
Enzyme,pAC50,559,4.358,4.645136
Enzyme,pAC50,560,7.976,7.018369
Enzyme,pAC50,561,4.538,4.7497215
Enzyme,pAC50,562,7.009,6.890729
Enzyme,pAC50,563,7.77,8.115853
Enzyme,pAC50,564,5.126,5.2070456
Enzyme,pAC50,565,6.026,5.6848707
Enzyme,pAC50,566,8.378,9.042894
Enzyme,pAC50,567,4.383,5.406871
Enzyme,pAC50,568,4.158,4.8675346
Enzyme,pAC50,569,3.824,4.331986
Enzyme,pAC50,570,4.523,4.3324566
Enzyme,pAC50,571,4.212,4.207161
Enzyme,pAC50,572,7.74,8.420451
Enzyme,pAC50,573,3.513,3.7611995
Enzyme,pAC50,574,5.215,5.3926487
Enzyme,pAC50,575,6.036,4.49706
Enzyme,pAC50,576,6.469,6.348682
Enzyme,pAC50,577,6.983,6.935883
Enzyme,pAC50,578,4.821,4.8124924
Enzyme,pAC50,579,5.553,5.732326
Enzyme,pAC50,580,4.943,5.3227816
Enzyme,pAC50,581,4.467,4.560693
Enzyme,pAC50,582,6.521,6.4270015
Enzyme,pAC50,583,4.201,4.806904
Enzyme,pAC50,584,7.677,7.980626
Enzyme,pAC50,585,5.211,6.39272
Enzyme,pAC50,586,8.268,8.436871
Enzyme,pAC50,587,3.032,3.1992574
Enzyme,pAC50,588,8.161,7.756812
Enzyme,pAC50,589,4.866,5.8910036
Enzyme,pAC50,590,6.36,6.067855
Enzyme,pAC50,591,6.796,5.9066744
Enzyme,pAC50,592,6.654,7.6537094
Enzyme,pAC50,593,7.616,7.6193876
Enzyme,pAC50,594,8.348,6.7996182
Enzyme,pAC50,595,6.367,6.53022
Enzyme,pAC50,596,4.595,4.934065
Enzyme,pAC50,597,4.876,5.2726192
Enzyme,pAC50,598,6.575,6.1916046
Enzyme,pAC50,599,3.292,3.61005
Enzyme,pAC50,600,5.021,3.9468539
Enzyme,pAC50,601,3.727,3.279021
Enzyme,pAC50,602,3.599,3.6075726
Enzyme,pAC50,603,6.078,6.682005
Enzyme,pAC50,604,7.481,6.6234035
Enzyme,pAC50,605,4.983,6.424906
Enzyme,pAC50,606,4.68,4.793528
Enzyme,pAC50,607,5.409,5.467697
Enzyme,pAC50,608,5.292,5.3567038
Enzyme,pAC50,609,6.824,6.9874935
Enzyme,pAC50,610,7.434,6.2602553
Enzyme,pAC50,611,5.728,5.842057
Enzyme,pAC50,612,4.929,5.416076
Enzyme,pAC50,613,7.356,6.990494
Enzyme,pAC50,614,6.932,6.7504883
Enzyme,pAC50,615,5.208,4.6383495
Enzyme,pAC50,616,5.222,4.9171762
Enzyme,pAC50,617,5.102,4.952313
Enzyme,pAC50,618,4.913,5.5372734
Enzyme,pAC50,619,3.585,4.411308
Enzyme,pAC50,620,7.093,7.0033913
Enzyme,pAC50,621,6.154,4.8683624
Enzyme,pAC50,622,7.009,6.4048266
Enzyme,pAC50,623,5.721,4.6131225
Enzyme,pAC50,624,5.0,5.9717183
Enzyme,pAC50,625,5.544,6.7104063
Enzyme,pAC50,626,6.553,6.0968156
Enzyme,pAC50,627,5.119,4.630287
Enzyme,pAC50,628,4.614,4.711514
Enzyme,pAC50,629,6.553,5.7913337
Enzyme,pAC50,630,3.721,4.6474686
Enzyme,pAC50,631,4.3,4.602888
Enzyme,pAC50,632,5.175,5.2364826
Enzyme,pAC50,633,8.387,8.555272
Enzyme,pAC50,634,4.491,4.969311
Enzyme,pAC50,635,5.081,5.1851707
Enzyme,pAC50,636,5.721,5.178769
Enzyme,pAC50,637,4.854,4.7337613
Enzyme,pAC50,638,5.385,4.7598906
Enzyme,pAC50,639,5.066,5.4570055
Enzyme,pAC50,640,5.863,6.802754
Enzyme,pAC50,641,4.913,4.527837
Enzyme,pAC50,642,7.854,7.993965
Enzyme,pAC50,643,4.493,5.630722
Enzyme,pAC50,644,8.469,8.261711
Enzyme,pAC50,645,4.708,4.9059935
Enzyme,pAC50,646,7.488,7.242772
Enzyme,pAC50,647,8.0,7.2200956
Enzyme,pAC50,648,5.033,6.821393
Enzyme,pAC50,649,7.114,7.4707785
Enzyme,pAC50,650,7.523,7.0910816
Enzyme,pAC50,651,6.049,6.2139974
Enzyme,pAC50,652,5.117,5.290859
Enzyme,pAC50,653,5.914,5.4484644
Enzyme,pAC50,654,7.772,7.549755
Enzyme,pAC50,655,7.379,7.2219925
Enzyme,pAC50,656,7.676,7.3869405
Enzyme,pAC50,657,6.254,6.86878
Enzyme,pAC50,658,6.309,6.874753
Enzyme,pAC50,659,10.848,11.544375
Enzyme,pAC50,660,7.432,7.055556
Enzyme,pAC50,661,9.0,7.483099
Enzyme,pAC50,662,7.453,8.051633
Enzyme,pAC50,663,5.046,5.191389
Enzyme,pAC50,664,5.45,5.13188
Enzyme,pAC50,665,4.652,4.5380473
Enzyme,pAC50,666,6.509,7.1032805
Enzyme,pAC50,667,4.994,5.268161
Enzyme,pAC50,668,5.943,5.722949
Enzyme,pAC50,669,8.444,8.495233
Enzyme,pAC50,670,5.115,5.152355
Enzyme,pAC50,671,5.836,5.8666735
Enzyme,pAC50,672,4.013,3.8970232
Enzyme,pAC50,673,3.469,5.1295094
Enzyme,pAC50,674,5.068,4.8662214
Enzyme,pAC50,675,3.752,3.9255095
Enzyme,pAC50,676,8.114,8.7292185
Enzyme,pAC50,677,4.39,3.9568923
Enzyme,pAC50,678,4.759,4.341507
Enzyme,pAC50,679,6.903,7.331236
Enzyme,pAC50,680,4.523,5.0192657
Enzyme,pAC50,681,3.656,3.5432973
Enzyme,pAC50,682,4.328,4.930478
Enzyme,pAC50,683,6.959,6.761737
Enzyme,pAC50,684,5.6,6.2868104
Enzyme,pAC50,685,6.178,6.6352925
Enzyme,pAC50,686,6.733,6.800523
Enzyme,pAC50,687,5.19,5.891798
Enzyme,pAC50,688,7.553,7.268564
Enzyme,pAC50,689,7.602,7.7566776
Enzyme,pAC50,690,5.62,5.8416033
Enzyme,pAC50,691,7.602,7.850428
Enzyme,pAC50,692,4.51,6.3701534
Enzyme,pAC50,693,5.283,6.5483866
Enzyme,pAC50,694,4.678,5.224777
Enzyme,pAC50,695,3.585,3.4716287
Enzyme,pAC50,696,4.95,6.0396624
Enzyme,pAC50,697,6.252,5.744327
Enzyme,pAC50,698,5.955,6.4506464
Enzyme,pAC50,699,4.74,4.8763285
Enzyme,pAC50,700,5.108,5.0155377
Enzyme,pAC50,701,6.027,6.0978436
Enzyme,pAC50,702,4.431,4.332378
Enzyme,pAC50,703,6.222,5.192591
Enzyme,pAC50,704,4.0,4.8081083
Enzyme,pAC50,705,5.634,5.4822903
Enzyme,pAC50,706,5.699,4.9288826
Enzyme,pAC50,707,4.165,5.893323
Enzyme,pAC50,708,4.0,4.528987
Enzyme,pAC50,709,4.0,4.208611
Enzyme,pAC50,710,3.866,5.4960623
Enzyme,pAC50,711,6.357,5.254484
Enzyme,pAC50,712,5.437,4.8684444
Enzyme,pAC50,713,6.616,5.4515934
Enzyme,pAC50,714,6.992,5.5077934
Enzyme,pAC50,715,3.288,3.3142376
Enzyme,pAC50,716,5.398,4.7014384
Enzyme,pAC50,717,3.509,3.6684434
Enzyme,pAC50,718,7.373,5.402486
Enzyme,pAC50,719,5.602,6.3167562
Enzyme,pAC50,720,6.046,6.980392
Enzyme,pAC50,721,4.83,4.958696
Enzyme,pAC50,722,4.701,4.5445995
Enzyme,pAC50,723,5.441,5.9743886
Enzyme,pAC50,724,4.592,4.6768255
Enzyme,pAC50,725,4.408,4.2519174
Enzyme,pAC50,726,4.491,4.438928
Enzyme,pAC50,727,6.398,6.6254253
Enzyme,pAC50,728,5.523,5.5784807
Enzyme,pAC50,729,3.206,3.5988274
Enzyme,pAC50,730,5.611,5.674567
Enzyme,pAC50,731,5.866,5.26219
Enzyme,pAC50,732,3.523,3.5480518
Enzyme,pAC50,733,5.833,5.8373165
Enzyme,pAC50,734,5.759,5.5843897
Enzyme,pAC50,735,6.569,6.6105223
Enzyme,pAC50,736,3.985,3.66958
Enzyme,pAC50,737,5.357,5.186881
Enzyme,pAC50,738,4.188,4.335778
Enzyme,pAC50,739,4.754,4.1859503
Enzyme,pAC50,740,4.85,4.7563834
Enzyme,pAC50,741,4.016,4.086561
Enzyme,pAC50,742,4.397,4.736977
Enzyme,pAC50,743,5.411,5.0725613
Enzyme,pAC50,744,4.914,6.279722
Enzyme,pAC50,745,4.272,4.1677732
Enzyme,pAC50,746,4.317,4.203963
Enzyme,pAC50,747,4.222,4.320581
Enzyme,pAC50,748,3.667,4.6186705
Enzyme,pAC50,749,5.921,6.313243
Enzyme,pAC50,750,3.946,4.046612
Enzyme,pAC50,751,4.191,3.7554188
Enzyme,pAC50,752,4.252,3.8747485
Enzyme,pAC50,753,4.921,4.949398
Enzyme,pAC50,754,6.569,6.4588876
Enzyme,pAC50,755,4.726,4.6186724
Enzyme,pAC50,756,4.06,3.9976234
Enzyme,pAC50,757,4.672,4.18303
Enzyme,pAC50,758,4.066,4.376712
Enzyme,pAC50,759,4.122,4.683108
Enzyme,pAC50,760,6.377,5.2663956
Enzyme,pAC50,761,5.716,5.353826
Enzyme,pAC50,762,6.921,4.9468927
Enzyme,pAC50,763,5.149,4.7840614
Enzyme,pAC50,764,6.119,6.7115126
Enzyme,pAC50,765,4.665,5.151302
Enzyme,pAC50,766,5.597,6.1423435
Enzyme,pAC50,767,4.02,4.820364
Enzyme,pAC50,768,5.229,6.1702156
Enzyme,pAC50,769,3.992,4.3590302
Enzyme,pAC50,770,3.447,3.8500502
Enzyme,pAC50,771,4.869,5.763319
Enzyme,pAC50,772,5.721,5.265232
Enzyme,pAC50,773,6.0,6.0743165
Enzyme,pAC50,774,6.167,4.956007
Enzyme,pAC50,775,5.509,4.710354
Enzyme,pAC50,776,4.0,7.0417128
Enzyme,pAC50,777,7.201,6.771792
Enzyme,pAC50,778,6.827,6.5125713
Enzyme,pAC50,779,6.523,6.404375
Enzyme,pAC50,780,5.333,5.3498516
Enzyme,pAC50,781,4.672,4.4881063
Enzyme,pAC50,782,4.018,4.791815
Enzyme,pAC50,783,5.288,6.981484
Enzyme,pAC50,784,8.301,6.980727
Enzyme,pAC50,785,8.097,7.087779
Enzyme,pAC50,786,7.677,6.202187
Enzyme,pAC50,787,5.284,5.149331
Enzyme,pAC50,788,5.553,6.274882
Enzyme,pAC50,789,5.699,4.1723294
Enzyme,pAC50,790,4.155,3.7883973
Enzyme,pAC50,791,6.807,5.679641
Enzyme,pAC50,792,8.301,8.846969
Enzyme,pAC50,793,7.888,7.4909077
Enzyme,pAC50,794,7.62,8.092989
Enzyme,pAC50,795,6.569,6.2724934
Enzyme,pAC50,796,3.347,2.925098
Enzyme,pAC50,797,6.367,5.936134
Enzyme,pAC50,798,6.42,5.6178274
Enzyme,pAC50,799,5.678,5.600263
Enzyme,pAC50,800,4.967,5.9381185
Enzyme,pAC50,801,4.886,5.3131814
Enzyme,pAC50,802,4.699,4.50473
Enzyme,pAC50,803,4.125,5.11151
Enzyme,pAC50,804,5.924,4.621993
Enzyme,pAC50,805,7.523,5.707796
Enzyme,pAC50,806,6.495,6.283699
Enzyme,pAC50,807,7.071,7.048772
Enzyme,pAC50,808,5.996,7.477479
Enzyme,pAC50,809,5.238,5.137535
Enzyme,pAC50,810,5.866,5.962721
Enzyme,pAC50,811,5.042,5.8100653
Enzyme,pAC50,812,6.509,6.305141
Enzyme,pAC50,813,5.0,5.608108
Enzyme,pAC50,814,5.824,5.5640965
Enzyme,pAC50,815,6.432,6.8048368
Enzyme,pAC50,816,2.863,5.5663853
Enzyme,pAC50,817,2.478,3.4452164
Enzyme,pAC50,818,1.255,1.7107202
Enzyme,pAC50,819,7.301,7.789706
Enzyme,pAC50,820,6.585,5.9760528
Enzyme,pAC50,821,7.481,8.175457
Enzyme,pAC50,822,7.398,6.125852
Enzyme,pAC50,823,4.863,5.734604
Enzyme,pAC50,824,5.708,6.2340813
Enzyme,pAC50,825,5.804,6.139845
Enzyme,pAC50,826,6.523,6.895962
Enzyme,pAC50,827,5.04,5.9081287
Enzyme,pAC50,828,5.533,5.3668385
Enzyme,pAC50,829,4.166,5.0170565
Enzyme,pAC50,830,4.717,5.059194
Enzyme,pAC50,831,4.801,5.1000414
Enzyme,pAC50,832,5.019,5.635308
Enzyme,pAC50,833,6.959,6.1784334
Enzyme,pAC50,834,4.558,5.2560635
Enzyme,pAC50,835,4.213,4.2216682
Enzyme,pAC50,836,6.051,5.8390455
Enzyme,pAC50,837,6.18,6.1706963
Enzyme,pAC50,838,6.62,7.3504453
Enzyme,pAC50,839,4.173,3.8889544
Enzyme,pAC50,840,5.248,5.399948
Enzyme,pAC50,841,8.237,7.7645946
Enzyme,pAC50,842,7.921,7.1782866
Enzyme,pAC50,843,5.022,5.3505144
Enzyme,pAC50,844,6.301,6.3710704
Enzyme,pAC50,845,7.116,7.68619
Enzyme,pAC50,846,5.762,5.723749
Enzyme,pAC50,847,5.238,6.1402917
Enzyme,pAC50,848,5.562,5.1227713
Enzyme,pAC50,849,5.22,5.0350275
Enzyme,pAC50,850,5.387,5.8610373
Enzyme,pAC50,851,7.679,7.817651
Enzyme,pAC50,852,5.097,5.60054
Enzyme,pAC50,853,5.327,5.2419424
Enzyme,pAC50,854,5.4,5.7768464
Enzyme,pAC50,855,5.331,5.562012
Enzyme,pAC50,856,4.638,5.580753
Enzyme,pAC50,857,5.735,4.7454934
Enzyme,pAC50,858,5.364,5.5816884
Enzyme,pAC50,859,4.129,4.9715195
Enzyme,pAC50,860,6.161,6.0000296
Enzyme,pAC50,861,6.137,5.8485336
Enzyme,pAC50,862,6.699,5.0971494
Enzyme,pAC50,863,4.917,5.976493
Enzyme,pAC50,864,5.121,5.3490605
Enzyme,pAC50,865,6.77,6.3350763
Enzyme,pAC50,866,5.32,5.3399515
Enzyme,pAC50,867,4.906,4.899455
Enzyme,pAC50,868,3.596,3.9008958
Enzyme,pAC50,869,4.954,5.5975475
Enzyme,pAC50,870,5.738,5.3595834
Enzyme,pAC50,871,5.159,5.1596956
Enzyme,pAC50,872,5.73,6.0387044
Enzyme,pAC50,873,7.222,8.459145
Enzyme,pAC50,874,5.947,6.323664
Enzyme,pAC50,875,6.398,6.0677996
Enzyme,pAC50,876,5.0,3.5401065
Enzyme,pAC50,877,6.31,6.0385923
Enzyme,pAC50,878,1.383,0.14035445
Enzyme,pAC50,879,6.721,7.2954836
Enzyme,pAC50,880,5.71,5.8795743
Enzyme,pAC50,881,6.161,6.081418
Enzyme,pAC50,882,6.796,6.006365
Enzyme,pAC50,883,5.759,5.574525
Enzyme,pAC50,884,5.772,5.919467
Enzyme,pAC50,885,6.509,6.612315
Enzyme,pAC50,886,6.648,5.760693
Enzyme,pAC50,887,6.0,4.5621953
Enzyme,pAC50,888,5.509,5.518358
Enzyme,pAC50,889,7.0,6.095992
Enzyme,pAC50,890,6.041,6.2418966
Enzyme,pAC50,891,5.274,5.2599716
Enzyme,pAC50,892,4.249,3.7805028
Enzyme,pAC50,893,6.301,4.954164
Enzyme,pAC50,894,4.753,4.766122
Enzyme,pAC50,895,5.131,6.093745
Enzyme,pAC50,896,7.398,5.727868
Enzyme,pAC50,897,4.342,5.5160465
Enzyme,pAC50,898,6.357,5.6095543
Enzyme,pAC50,899,5.65,5.7778363
Enzyme,pAC50,900,6.032,6.366311
Enzyme,pAC50,901,6.076,6.6634054
Enzyme,pAC50,902,6.432,5.8284836
Enzyme,pAC50,903,6.252,6.467807
Enzyme,pAC50,904,5.728,4.7739396
Enzyme,pAC50,905,6.252,6.4173074
Enzyme,pAC50,906,5.991,5.8320446
Enzyme,pAC50,907,6.62,6.718419
Enzyme,pAC50,908,5.873,6.261015
Enzyme,pAC50,909,6.122,5.8113365
Enzyme,pAC50,910,6.699,6.294388
Enzyme,pAC50,911,4.733,5.345752
Enzyme,pAC50,912,4.87,6.0020943
Enzyme,pAC50,913,4.854,5.689356
Enzyme,pAC50,914,6.337,6.3509803
Enzyme,pAC50,915,5.936,6.056731
Enzyme,pAC50,916,5.42,5.2597404
Enzyme,pAC50,917,5.886,6.3978586
Enzyme,pAC50,918,3.904,6.5827675
Enzyme,pAC50,919,7.538,8.849074
Enzyme,pAC50,920,6.558,7.380554
Enzyme,pAC50,921,5.456,5.500598
Enzyme,pAC50,922,5.585,5.8390226
Enzyme,pAC50,923,5.921,5.653805
Enzyme,pAC50,924,6.357,6.2993536
Enzyme,pAC50,925,8.658,7.4927416
Enzyme,pAC50,926,5.878,6.792203
Enzyme,pAC50,927,6.852,7.8764763
Enzyme,pAC50,928,7.119,6.1599264
Enzyme,pAC50,929,8.066,8.303971
Enzyme,pAC50,930,8.252,8.561179
Enzyme,pAC50,931,10.143,10.675755
Enzyme,pAC50,932,7.155,7.0902805
Enzyme,pAC50,933,7.921,7.0645494
Enzyme,pAC50,934,10.886,11.2857895
Enzyme,pAC50,935,10.585,10.963257
Enzyme,pAC50,936,7.796,8.094929
Enzyme,pAC50,937,6.19,5.640702
Enzyme,pAC50,938,4.814,6.5299697
Enzyme,pAC50,939,7.69,7.6178355
Enzyme,pAC50,940,8.078,8.296573
Enzyme,pAC50,941,7.92,8.126079
Enzyme,pAC50,942,6.201,5.873762
Enzyme,pAC50,943,6.36,7.1319084
Enzyme,pAC50,944,7.276,7.3277493
Enzyme,pAC50,945,4.55,4.844575
Enzyme,pAC50,946,7.004,6.571607
Enzyme,pAC50,947,7.149,7.375895
Enzyme,pAC50,948,1.796,1.1537374
Enzyme,pAC50,949,0.444,0.75312066
Enzyme,pAC50,950,1.678,1.312898
Enzyme,pAC50,951,8.409,8.43999
Enzyme,pAC50,952,5.161,4.6245556
Enzyme,pAC50,953,6.735,6.6431847
Enzyme,pAC50,954,7.329,7.6608267
Enzyme,pAC50,955,5.38,5.2654753
Enzyme,pAC50,956,5.016,5.9729633
Enzyme,pAC50,957,7.717,8.014243
Enzyme,pAC50,958,7.379,7.6445494
Enzyme,pAC50,959,6.106,7.043648
Enzyme,pAC50,960,5.896,5.779379
Enzyme,pAC50,961,8.585,8.101274
Enzyme,pAC50,962,6.046,5.9908066
Enzyme,pAC50,963,6.487,5.9371824
Enzyme,pAC50,964,6.577,7.199318
Enzyme,pAC50,965,10.959,11.307369
Enzyme,pAC50,966,10.149,9.904696
Enzyme,pAC50,967,6.372,6.6116323
Enzyme,pAC50,968,10.319,10.6528425
Enzyme,pAC50,969,11.222,12.5317955
Enzyme,pAC50,970,9.854,8.780756
Enzyme,pAC50,971,6.184,5.9170256
Enzyme,pAC50,972,4.963,6.1266227
Enzyme,pAC50,973,7.523,6.755739
Enzyme,pAC50,974,7.523,7.2350516
Enzyme,pAC50,975,8.008,8.251841
Enzyme,pAC50,976,6.565,6.5028343
Enzyme,pAC50,977,6.714,6.805792
Enzyme,pAC50,978,4.281,4.1966157
Enzyme,pAC50,979,3.262,3.01528
Enzyme,pAC50,980,3.312,3.3575335
Enzyme,pAC50,981,4.456,3.9528427
Enzyme,pAC50,982,7.602,7.5981135
Enzyme,pAC50,983,8.0,8.38469
Enzyme,pAC50,984,6.672,6.8543377
Enzyme,pAC50,985,8.046,8.115102
Enzyme,pAC50,986,7.638,7.919114
Enzyme,pAC50,987,6.697,7.483006
Enzyme,pAC50,988,7.553,7.6117935
Enzyme,pAC50,989,7.102,7.184141
Enzyme,pAC50,990,5.886,5.678348
Enzyme,pAC50,991,6.561,7.0859528
Enzyme,pAC50,992,6.672,6.843279
Enzyme,pAC50,993,7.131,7.218341
Enzyme,pAC50,994,8.032,7.9654837
Enzyme,pAC50,995,7.829,8.282686
Enzyme,pAC50,996,7.866,8.033069
Enzyme,pAC50,997,6.77,6.1838827
Enzyme,pAC50,998,4.96,5.905084
Enzyme,pAC50,999,4.382,4.3981075
Enzyme,pAC50,1000,4.513,4.5275292
Enzyme,pAC50,1001,5.253,4.610757
Enzyme,pAC50,1002,5.161,5.2402606
Enzyme,pAC50,1003,5.572,5.223595
Enzyme,pAC50,1004,4.703,5.7962265
Enzyme,pAC50,1005,5.745,5.6702714
Enzyme,pAC50,1006,4.85,4.927971
Enzyme,pAC50,1007,7.398,7.9159985
Enzyme,pAC50,1008,5.745,5.5439625
Enzyme,pAC50,1009,7.768,5.7307043
Enzyme,pAC50,1010,5.441,5.2994714
Enzyme,pAC50,1011,5.424,4.27896
Enzyme,pAC50,1012,4.206,3.9795156
Enzyme,pAC50,1013,3.955,4.699256
Enzyme,pAC50,1014,5.207,5.8599515
Enzyme,pAC50,1015,5.638,5.8995857
Enzyme,pAC50,1016,5.328,5.3481975
Enzyme,pAC50,1017,4.848,4.4248304
Enzyme,pAC50,1018,6.222,5.915635
Enzyme,pAC50,1019,5.943,6.1311893
Enzyme,pAC50,1020,5.654,6.0885534
Enzyme,pAC50,1021,5.939,5.844597
Enzyme,pAC50,1022,6.602,6.2025695
Enzyme,pAC50,1023,5.879,6.074949
Enzyme,pAC50,1024,5.597,5.79048
Enzyme,pAC50,1025,5.013,5.449604
Enzyme,pAC50,1026,8.347,7.765012
Enzyme,pAC50,1027,4.53,4.666603
Enzyme,pAC50,1028,5.965,5.9684997
Enzyme,pAC50,1029,6.35,6.3223357
Enzyme,pAC50,1030,7.921,7.208292
Enzyme,pAC50,1031,6.441,6.365488
Enzyme,pAC50,1032,6.125,6.2834396
Enzyme,pAC50,1033,5.447,5.3549027
Enzyme,pAC50,1034,4.377,4.417905
Enzyme,pAC50,1035,6.31,5.7259617
Enzyme,pAC50,1036,4.959,5.042409
Enzyme,pAC50,1037,6.921,6.8179502
Enzyme,pAC50,1038,5.081,5.859124
Enzyme,pAC50,1039,4.936,5.9362135
Enzyme,pAC50,1040,4.6,4.0225563
Enzyme,pAC50,1041,3.44,3.1794262
Enzyme,pAC50,1042,3.947,3.359987
Enzyme,pAC50,1043,2.788,3.3599865
Enzyme,pAC50,1044,3.478,3.7371325
Enzyme,pAC50,1045,3.084,3.0700321
Enzyme,pAC50,1046,3.322,3.48972
Enzyme,pAC50,1047,3.549,3.171373
Enzyme,pAC50,1048,3.165,3.045376
Enzyme,pAC50,1049,3.026,3.3996086
Enzyme,pAC50,1050,3.585,3.1493802
Enzyme,pAC50,1051,2.933,3.0005026
Enzyme,pAC50,1052,3.427,3.0622072
Enzyme,pAC50,1053,4.246,3.0527358
Enzyme,pAC50,1054,3.123,3.2661915
Enzyme,pAC50,1055,3.799,3.2636707
Enzyme,pAC50,1056,3.153,3.0391579
Enzyme,pAC50,1057,3.288,2.9874835
Enzyme,pAC50,1058,3.019,3.0733695
Enzyme,pAC50,1059,3.983,3.4432268
Enzyme,pAC50,1060,3.353,2.8648522
Enzyme,pAC50,1061,3.091,3.2938008
Enzyme,pAC50,1062,3.352,3.1820545
Enzyme,pAC50,1063,2.881,3.3516803
Enzyme,pAC50,1064,3.225,3.6595175
Enzyme,pAC50,1065,3.398,3.3262873
Enzyme,pAC50,1066,3.301,2.8370628
Enzyme,pAC50,1067,3.772,3.4584877
Enzyme,pAC50,1068,4.277,3.5299604
Enzyme,pAC50,1069,3.355,3.0922515
Enzyme,pAC50,1070,3.256,3.5552812
Enzyme,pAC50,1071,3.773,3.6050014
Enzyme,pAC50,1072,3.05,3.4948876
Enzyme,pAC50,1073,3.75,3.4157996
Enzyme,pAC50,1074,7.959,7.5469093
Enzyme,pAC50,1075,5.721,7.4449463
Enzyme,pAC50,1076,8.046,4.651507
Enzyme,pAC50,1077,6.42,7.3042197
Enzyme,pAC50,1078,5.354,4.8396873
Enzyme,pAC50,1079,5.284,4.876929
Enzyme,pAC50,1080,5.036,4.0585575
Enzyme,pAC50,1081,4.783,4.8130918
Enzyme,pAC50,1082,4.843,4.707344
Enzyme,pAC50,1083,6.678,6.425333
Enzyme,pAC50,1084,4.523,4.4107084
Enzyme,pAC50,1085,5.314,6.2632155
Enzyme,pAC50,1086,7.208,7.7044563
Enzyme,pAC50,1087,7.569,7.4168158
Enzyme,pAC50,1088,7.42,7.5328255
Enzyme,pAC50,1089,7.389,7.8095865
Enzyme,pAC50,1090,7.828,7.914028
Enzyme,pAC50,1091,6.815,6.5988235
Enzyme,pAC50,1092,6.3,7.802897
Enzyme,pAC50,1093,7.149,7.2005243
Enzyme,pAC50,1094,6.951,6.9969707
Enzyme,pAC50,1095,6.386,7.057588
Enzyme,pAC50,1096,7.15,7.3614683
Enzyme,pAC50,1097,7.521,7.064894
Enzyme,pAC50,1098,6.848,7.0202723
Enzyme,pAC50,1099,5.687,6.0286226
Enzyme,pAC50,1100,7.298,7.5530734
Enzyme,pAC50,1101,5.914,5.8680525
Enzyme,pAC50,1102,5.466,6.2242856
Enzyme,pAC50,1103,5.47,6.595683
Enzyme,pAC50,1104,6.58,8.28392
Enzyme,pAC50,1105,8.658,8.517013
Enzyme,pAC50,1106,6.484,6.66074
Enzyme,pAC50,1107,7.991,8.81151
Enzyme,pAC50,1108,7.919,8.124254
Enzyme,pAC50,1109,6.394,7.318863
Enzyme,pAC50,1110,5.611,6.439554
Enzyme,pAC50,1111,5.23,5.4435377
Enzyme,pAC50,1112,8.903,8.842788
Enzyme,pAC50,1113,6.492,8.266195
Enzyme,pAC50,1114,8.633,8.550753
Enzyme,pAC50,1115,9.0,8.734175
Enzyme,pAC50,1116,7.697,7.845574
Enzyme,pAC50,1117,9.018,9.487443
Enzyme,pAC50,1118,7.048,7.699205
Enzyme,pAC50,1119,5.0,5.0844183
Enzyme,pAC50,1120,8.024,6.350914
Enzyme,pAC50,1121,8.005,8.903661
Enzyme,pAC50,1122,8.372,8.458993
Enzyme,pAC50,1123,8.607,9.06062
Enzyme,pAC50,1124,8.249,8.158511
Enzyme,pAC50,1125,8.468,8.620228
Enzyme,pAC50,1126,8.699,8.273196
Enzyme,pAC50,1127,7.105,7.2270155
Enzyme,pAC50,1128,6.854,6.759695
Enzyme,pAC50,1129,9.0,9.208837
Enzyme,pAC50,1130,6.701,6.8549137
Enzyme,pAC50,1131,7.066,7.121125
Enzyme,pAC50,1132,7.105,7.6317616
Enzyme,pAC50,1133,7.006,6.6986046
Enzyme,pAC50,1134,7.963,8.0156765
Enzyme,pAC50,1135,9.699,9.255787
Enzyme,pAC50,1136,5.994,7.8407764
Enzyme,pAC50,1137,7.398,7.074795
Enzyme,pAC50,1138,8.444,7.6763515
Enzyme,pAC50,1139,8.161,8.184576
Enzyme,pAC50,1140,5.215,5.9421525
Enzyme,pAC50,1141,4.155,4.8478384
Enzyme,pAC50,1142,9.398,8.264633
Enzyme,pAC50,1143,5.848,5.790102
Enzyme,pAC50,1144,10.0,9.371123
Enzyme,pAC50,1145,5.152,4.895144
Enzyme,pAC50,1146,5.234,4.7144313
Enzyme,pAC50,1147,4.804,5.444094
Enzyme,pAC50,1148,5.854,5.860447
Enzyme,pAC50,1149,7.658,7.2699604
Enzyme,pAC50,1150,8.638,9.0260105
Enzyme,pAC50,1151,9.301,9.131267
Enzyme,pAC50,1152,8.0,8.174584
Enzyme,pAC50,1153,5.538,4.1876183
Enzyme,pAC50,1154,7.495,7.6216364
Enzyme,pAC50,1155,7.387,7.564994
Enzyme,pAC50,1156,7.886,7.7694664
Enzyme,pAC50,1157,6.658,6.003733
Enzyme,pAC50,1158,5.686,5.959468
Enzyme,pAC50,1159,5.959,5.934287
Enzyme,pAC50,1160,7.569,6.795107
Enzyme,pAC50,1161,5.883,6.828543
Enzyme,pAC50,1162,5.815,5.383255
Enzyme,pAC50,1163,6.063,5.8924375
Enzyme,pAC50,1164,6.672,7.339201
Enzyme,pAC50,1165,7.886,7.133239
Enzyme,pAC50,1166,6.796,7.4771357
Enzyme,pAC50,1167,6.222,6.712495
Enzyme,pAC50,1168,5.229,5.539385
Enzyme,pAC50,1169,5.328,5.568675
Enzyme,pAC50,1170,5.118,5.5414934
Enzyme,pAC50,1171,4.398,4.4716554
Enzyme,pAC50,1172,4.589,4.7476387
Enzyme,pAC50,1173,6.967,7.0283146
Enzyme,pAC50,1174,4.465,4.2038283
Enzyme,pAC50,1175,4.491,4.3770275
Enzyme,pAC50,1176,5.435,5.402152
Enzyme,pAC50,1177,10.0,9.307435
Enzyme,pAC50,1178,10.0,9.9463625
Enzyme,pAC50,1179,5.286,5.8070464
Enzyme,pAC50,1180,4.456,5.9635572
Enzyme,pAC50,1181,6.602,6.6562285
Enzyme,pAC50,1182,4.73,4.596773
Enzyme,pAC50,1183,7.824,8.233939
Enzyme,pAC50,1184,7.056,7.500123
Enzyme,pAC50,1185,4.03,4.859476
Enzyme,pAC50,1186,4.539,4.684973
Enzyme,pAC50,1187,5.96,6.267954
Enzyme,pAC50,1188,6.199,6.009868
Enzyme,pAC50,1189,5.728,5.8459864
Enzyme,pAC50,1190,5.588,5.9717693
Enzyme,pAC50,1191,5.222,5.109425
Enzyme,pAC50,1192,5.458,5.2510405
Enzyme,pAC50,1193,8.013,8.5500145
Enzyme,pAC50,1194,7.495,7.510438
Enzyme,pAC50,1195,7.569,6.80097
Enzyme,pAC50,1196,8.824,6.8362646
Enzyme,pAC50,1197,4.858,7.0369654
Enzyme,pAC50,1198,7.056,7.2263093
Enzyme,pAC50,1199,5.228,5.2203484
Enzyme,pAC50,1200,5.251,4.8934846
Enzyme,pAC50,1201,4.286,4.889812
Enzyme,pAC50,1202,3.821,4.894402
Enzyme,pAC50,1203,8.444,8.827641
Enzyme,pAC50,1204,5.728,5.796578
Enzyme,pAC50,1205,5.857,8.942275
Enzyme,pAC50,1206,9.301,9.0281
Enzyme,pAC50,1207,7.921,8.12342
Enzyme,pAC50,1208,9.854,9.823782
Enzyme,pAC50,1209,4.854,6.5235605
Enzyme,pAC50,1210,7.301,6.9752645
Enzyme,pAC50,1211,7.883,7.8020086
Enzyme,pAC50,1212,8.301,8.460251
Enzyme,pAC50,1213,7.372,8.424533
Enzyme,pAC50,1214,8.42,9.113172
Enzyme,pAC50,1215,8.824,8.995172
Enzyme,pAC50,1216,9.658,9.708304
Enzyme,pAC50,1217,9.824,10.151402
Enzyme,pAC50,1218,7.796,8.545929
Enzyme,pAC50,1219,6.425,7.1219387
Enzyme,pAC50,1220,7.06,7.2372475
Enzyme,pAC50,1221,7.721,7.903079
Enzyme,pAC50,1222,5.293,5.6160383
Enzyme,pAC50,1223,9.0,8.996144
Enzyme,pAC50,1224,9.658,9.589135
Enzyme,pAC50,1225,9.699,9.801615
Enzyme,pAC50,1226,6.342,6.563059
Enzyme,pAC50,1227,8.398,8.550976
Enzyme,pAC50,1228,5.821,5.2408247
Enzyme,pAC50,1229,5.699,5.845176
Enzyme,pAC50,1230,4.673,4.8218093
Enzyme,pAC50,1231,5.004,5.2600436
Enzyme,pAC50,1232,7.323,6.457988
Enzyme,pAC50,1233,6.674,7.1257224
Enzyme,pAC50,1234,7.585,7.910535
Enzyme,pAC50,1235,8.092,8.22741
Enzyme,pAC50,1236,7.921,7.878146
Enzyme,pAC50,1237,7.013,7.955019
Enzyme,pAC50,1238,8.155,9.4119215
Enzyme,pAC50,1239,10.301,9.974402
Enzyme,pAC50,1240,8.013,8.307788
Enzyme,pAC50,1241,4.529,4.641443
Enzyme,pAC50,1242,5.149,5.260323
Enzyme,pAC50,1243,9.252,8.372955
Enzyme,pAC50,1244,6.971,6.159936
Enzyme,pAC50,1245,8.049,8.245899
Enzyme,pAC50,1246,5.704,5.73406
Enzyme,pAC50,1247,8.117,8.186007
Enzyme,pAC50,1248,8.472,8.379859
Enzyme,pAC50,1249,8.08,8.023446
Enzyme,pAC50,1250,8.398,8.370197
Enzyme,pAC50,1251,4.06,4.65065
Enzyme,pAC50,1252,4.699,5.285879
Enzyme,pAC50,1253,7.42,6.8595123
Enzyme,pAC50,1254,4.658,4.577461
Enzyme,pAC50,1255,8.481,8.519884
Enzyme,pAC50,1256,7.678,7.222531
Enzyme,pAC50,1257,6.625,6.840376
Enzyme,pAC50,1258,9.523,9.4716835
Enzyme,pAC50,1259,5.027,5.075371
Enzyme,pAC50,1260,4.796,4.606906
Enzyme,pAC50,1261,6.656,7.6319947
Enzyme,pAC50,1262,5.937,6.287889
Enzyme,pAC50,1263,7.637,7.665435
Enzyme,pAC50,1264,5.056,3.6455185
Enzyme,pAC50,1265,8.337,6.447468
Enzyme,pAC50,1266,4.0,5.2637706
Enzyme,pAC50,1267,9.268,7.856608
Enzyme,pAC50,1268,8.194,7.8566084
Enzyme,pAC50,1269,4.0,3.7549343
Enzyme,pAC50,1270,5.305,5.1337886
Enzyme,pAC50,1271,7.721,7.5637474
Enzyme,pAC50,1272,4.585,7.7320614
Enzyme,pAC50,1273,7.678,7.3671083
Enzyme,pAC50,1274,5.673,7.1876907
Enzyme,pAC50,1275,6.228,6.440442
Enzyme,pAC50,1276,6.921,8.11252
Enzyme,pAC50,1277,5.247,5.2325706
Enzyme,pAC50,1278,5.196,5.3889275
Enzyme,pAC50,1279,5.921,8.11252
Enzyme,pAC50,1280,4.083,4.101445
Enzyme,pAC50,1281,5.951,5.3679094
Enzyme,pAC50,1282,4.018,4.1521673
Enzyme,pAC50,1283,4.534,4.500981
Enzyme,pAC50,1284,4.428,4.1869874
Enzyme,pAC50,1285,7.824,8.620988
Enzyme,pAC50,1286,6.051,5.6744976
Enzyme,pAC50,1287,5.658,5.553312
Enzyme,pAC50,1288,7.585,8.24567
Enzyme,pAC50,1289,8.097,8.158333
Enzyme,pAC50,1290,6.166,5.6077414
Enzyme,pAC50,1291,9.097,8.219048
Enzyme,pAC50,1292,6.387,6.6559463
Enzyme,pAC50,1293,4.495,4.559286
Enzyme,pAC50,1294,6.521,6.7216563
Enzyme,pAC50,1295,5.366,5.2260156
Enzyme,pAC50,1296,8.0,7.692892
Enzyme,pAC50,1297,4.432,4.639056
Enzyme,pAC50,1298,5.444,5.974804
Enzyme,pAC50,1299,6.523,6.0790057
Enzyme,pAC50,1300,5.602,6.0954304
Enzyme,pAC50,1301,5.0,5.6524763
Enzyme,pAC50,1302,5.699,5.597769
Enzyme,pAC50,1303,5.357,5.8368692
Enzyme,pAC50,1304,5.0,5.517827
Enzyme,pAC50,1305,5.398,5.621148
Enzyme,pAC50,1306,6.09,6.282419
Enzyme,pAC50,1307,3.444,3.5393853
Enzyme,pAC50,1308,7.658,6.445283
Enzyme,pAC50,1309,5.658,5.812749
Enzyme,pAC50,1310,8.699,8.975208
Enzyme,pAC50,1311,4.733,4.9465637
Enzyme,pAC50,1312,4.27,4.6137094
Enzyme,pAC50,1313,5.602,6.752263
Enzyme,pAC50,1314,5.373,5.1690736
Enzyme,pAC50,1315,5.279,5.3605595
Enzyme,pAC50,1316,5.444,5.5972757
Enzyme,pAC50,1317,5.283,5.2540693
Enzyme,pAC50,1318,5.487,5.5171485
Enzyme,pAC50,1319,5.284,6.197132
Enzyme,pAC50,1320,6.333,6.714638
Enzyme,pAC50,1321,5.604,6.2463837
Enzyme,pAC50,1322,8.161,8.081159
Enzyme,pAC50,1323,5.824,5.387783
Enzyme,pAC50,1324,6.959,8.725921
Enzyme,pAC50,1325,5.946,6.2165203
Enzyme,pAC50,1326,7.301,7.5444756
Enzyme,pAC50,1327,5.674,5.92819
Enzyme,pAC50,1328,6.86,7.120464
Enzyme,pAC50,1329,5.901,6.2714977
Enzyme,pAC50,1330,5.331,5.5805435
Enzyme,pAC50,1331,7.678,8.105187
Enzyme,pAC50,1332,6.996,7.339528
Enzyme,pAC50,1333,6.699,6.378821
Enzyme,pAC50,1334,5.337,5.4679127
Enzyme,pAC50,1335,5.911,7.355443
Enzyme,pAC50,1336,4.431,4.525739
Enzyme,pAC50,1337,7.721,7.570001
Enzyme,pAC50,1338,7.959,8.798736
Enzyme,pAC50,1339,5.74,6.3785334
Enzyme,pAC50,1340,5.42,5.8080482
Enzyme,pAC50,1341,4.523,3.4920087
Enzyme,pAC50,1342,5.398,5.2941456
Enzyme,pAC50,1343,7.032,6.939469
Enzyme,pAC50,1344,5.456,5.5900135
Enzyme,pAC50,1345,5.3,5.2942076
Enzyme,pAC50,1346,8.569,8.441961
Enzyme,pAC50,1347,7.032,6.179571
Enzyme,pAC50,1348,7.268,6.7604804
Enzyme,pAC50,1349,6.738,6.6634803
Enzyme,pAC50,1350,6.721,6.5936136
Enzyme,pAC50,1351,7.793,8.502379
Enzyme,pAC50,1352,5.74,5.916476
Enzyme,pAC50,1353,4.469,4.616065
Enzyme,pAC50,1354,4.119,4.154357
Enzyme,pAC50,1355,4.967,5.75584
Enzyme,pAC50,1356,4.585,4.4686933
Enzyme,pAC50,1357,5.046,5.8347044
Enzyme,pAC50,1358,8.398,8.041265
Enzyme,pAC50,1359,8.886,8.004965
Enzyme,pAC50,1360,9.456,9.20795
Enzyme,pAC50,1361,9.097,9.067084
Enzyme,pAC50,1362,10.0,9.926957
Enzyme,pAC50,1363,9.523,10.45309
Enzyme,pAC50,1364,9.398,9.438539
Enzyme,pAC50,1365,9.699,9.576085
Enzyme,pAC50,1366,8.027,8.113116
Enzyme,pAC50,1367,6.483,6.8649817
Enzyme,pAC50,1368,7.638,7.6969976
Enzyme,pAC50,1369,7.921,7.117585
Enzyme,pAC50,1370,5.635,5.119999
Enzyme,pAC50,1371,8.699,8.846856
Enzyme,pAC50,1372,9.409,9.417293
Enzyme,pAC50,1373,9.31,9.343277
Enzyme,pAC50,1374,3.921,3.9381306
Enzyme,pAC50,1375,8.046,8.158755
Enzyme,pAC50,1376,6.26,5.6813765
Enzyme,pAC50,1377,5.699,5.8463793
Enzyme,pAC50,1378,4.633,4.706133
Enzyme,pAC50,1379,7.276,5.8131223
Enzyme,pAC50,1380,6.66,6.8409986
Enzyme,pAC50,1381,8.42,7.898175
Enzyme,pAC50,1382,8.137,8.2790785
Enzyme,pAC50,1383,8.0,7.9973707
Enzyme,pAC50,1384,7.18,7.9413066
Enzyme,pAC50,1385,6.971,7.847189
Enzyme,pAC50,1386,10.0,9.661763
Enzyme,pAC50,1387,8.959,8.689702
Enzyme,pAC50,1388,5.0,5.3336897
Enzyme,pAC50,1389,5.155,5.3029194
Enzyme,pAC50,1390,7.194,7.4411106
Enzyme,pAC50,1391,6.684,5.980709
Enzyme,pAC50,1392,6.009,5.6534004
Enzyme,pAC50,1393,9.409,8.877336
Enzyme,pAC50,1394,8.045,8.142049
Enzyme,pAC50,1395,5.732,5.821464
Enzyme,pAC50,1396,8.073,8.350671
Enzyme,pAC50,1397,8.379,8.428117
Enzyme,pAC50,1398,8.026,8.1107855
Enzyme,pAC50,1399,8.398,8.525163
Enzyme,pAC50,1400,5.553,5.443943
Enzyme,pAC50,1401,5.18,5.1954937
Enzyme,pAC50,1402,4.699,5.3235836
Enzyme,pAC50,1403,7.699,8.079332
Enzyme,pAC50,1404,4.187,4.188433
Enzyme,pAC50,1405,9.152,9.087407
Enzyme,pAC50,1406,7.638,7.793274
Enzyme,pAC50,1407,6.638,8.614501
Enzyme,pAC50,1408,6.6,7.096574
Enzyme,pAC50,1409,6.488,6.4017982
Enzyme,pAC50,1410,9.357,8.90473
Enzyme,pAC50,1411,7.086,7.8256116
Enzyme,pAC50,1412,5.933,6.329632
Enzyme,pAC50,1413,8.208,8.139087
Enzyme,pAC50,1414,5.684,5.645632
Enzyme,pAC50,1415,5.361,5.364832
Enzyme,pAC50,1416,5.378,5.5495844
Enzyme,pAC50,1417,4.987,4.2383523
Enzyme,pAC50,1418,8.699,7.5069313
Enzyme,pAC50,1419,8.409,8.426516
Enzyme,pAC50,1420,8.201,8.426516
Enzyme,pAC50,1421,4.447,3.9311588
Enzyme,pAC50,1422,5.55,5.0344267
Enzyme,pAC50,1423,8.142,7.7955503
Enzyme,pAC50,1424,5.979,5.9079022
Enzyme,pAC50,1425,8.187,7.672832
Enzyme,pAC50,1426,6.102,7.6728325
Enzyme,pAC50,1427,5.62,7.968522
Enzyme,pAC50,1428,8.06,8.077071
Enzyme,pAC50,1429,3.247,4.1143723
Enzyme,pAC50,1430,4.192,4.2772126
Enzyme,pAC50,1431,4.009,2.2696307
Enzyme,pAC50,1432,6.839,7.4618864
Enzyme,pAC50,1433,6.467,7.174079
Enzyme,pAC50,1434,7.921,7.8866124
Enzyme,pAC50,1435,8.888,8.562816
Enzyme,pAC50,1436,5.799,6.510806
Enzyme,pAC50,1437,8.398,8.29668
Enzyme,pAC50,1438,6.229,5.847952
Enzyme,pAC50,1439,5.523,5.5106936
Enzyme,pAC50,1440,6.678,6.362232
Enzyme,pAC50,1441,6.029,5.7347336
Enzyme,pAC50,1442,6.745,8.29668
Enzyme,pAC50,1443,7.302,7.085163
Enzyme,pAC50,1444,7.081,7.2419133
Enzyme,pAC50,1445,6.602,6.471265
Enzyme,pAC50,1446,4.339,4.043311
Enzyme,pAC50,1447,5.793,5.9016666
Enzyme,pAC50,1448,8.745,7.7964406
Enzyme,pAC50,1449,9.0,8.7522
Enzyme,pAC50,1450,7.523,8.171496
Enzyme,pAC50,1451,4.81,5.163779
Enzyme,pAC50,1452,7.31,7.8687506
Enzyme,pAC50,1453,8.222,7.7865667
Enzyme,pAC50,1454,4.721,4.495282
Enzyme,pAC50,1455,7.0,6.4660144
Enzyme,pAC50,1456,5.442,6.563485
Enzyme,pAC50,1457,7.0,6.540162
Enzyme,pAC50,1458,7.036,7.6927395
Enzyme,pAC50,1459,8.456,8.685727
Enzyme,pAC50,1460,5.886,6.8481674
Enzyme,pAC50,1461,4.646,4.9923325
Enzyme,pAC50,1462,8.42,8.60947
Enzyme,pAC50,1463,5.638,5.733553
Enzyme,pAC50,1464,5.509,5.4957657
Enzyme,pAC50,1465,6.398,5.100563
Enzyme,pAC50,1466,4.827,5.2879114
Enzyme,pAC50,1467,5.268,5.703748
Enzyme,pAC50,1468,4.588,4.815589
Enzyme,pAC50,1469,5.036,5.0608892
Enzyme,pAC50,1470,5.046,5.648881
Enzyme,pAC50,1471,5.424,6.2819805
Enzyme,pAC50,1472,4.894,5.908759
Enzyme,pAC50,1473,7.814,8.099037
Enzyme,pAC50,1474,4.1,3.703876
Enzyme,pAC50,1475,3.932,3.9465826
Enzyme,pAC50,1476,4.124,4.116124
Enzyme,pAC50,1477,4.119,4.0642614
Enzyme,pAC50,1478,4.439,4.262923
Enzyme,pAC50,1479,4.883,4.532077
Enzyme,pAC50,1480,4.572,4.4138393
Enzyme,pAC50,1481,4.236,4.250207
Enzyme,pAC50,1482,4.357,4.125533
Enzyme,pAC50,1483,5.611,4.5595293
Enzyme,pAC50,1484,4.375,4.2690163
Enzyme,pAC50,1485,4.357,4.362995
Enzyme,pAC50,1486,4.365,4.236441
Enzyme,pAC50,1487,4.703,4.2795215
Enzyme,pAC50,1488,4.664,3.9069169
Enzyme,pAC50,1489,4.212,3.9832022
Enzyme,pAC50,1490,3.578,3.830353
Enzyme,pAC50,1491,3.756,3.685652
Enzyme,pAC50,1492,5.347,4.6093903
Enzyme,pAC50,1493,5.292,4.868899
Enzyme,pAC50,1494,5.367,5.1744986
Enzyme,pAC50,1495,5.921,5.8223476
Enzyme,pAC50,1496,3.71,3.5698025
Enzyme,pAC50,1497,3.736,3.5975373
Enzyme,pAC50,1498,3.783,3.7256727
Enzyme,pAC50,1499,7.721,8.142613
Enzyme,pAC50,1500,4.724,5.806603
Enzyme,pAC50,1501,5.162,6.0335646
Enzyme,pAC50,1502,3.744,3.3943677
Enzyme,pAC50,1503,4.699,6.7723446
Enzyme,pAC50,1504,4.824,7.0037613
Enzyme,pAC50,1505,8.041,8.198249
Enzyme,pAC50,1506,7.8,8.239278
Enzyme,pAC50,1507,5.306,5.577469
Enzyme,pAC50,1508,6.79,7.3552256
Enzyme,pAC50,1509,5.808,6.624112
Enzyme,pAC50,1510,8.337,8.231139
Enzyme,pAC50,1511,8.319,7.106663
Enzyme,pAC50,1512,4.535,6.148776
Enzyme,pAC50,1513,7.62,7.7142076
Enzyme,pAC50,1514,8.149,7.2107844
Enzyme,pAC50,1515,8.337,8.216834
Enzyme,pAC50,1516,8.222,8.259401
Enzyme,pAC50,1517,8.301,8.303166
Enzyme,pAC50,1518,6.593,6.733653
Enzyme,pAC50,1519,7.198,7.2519827
Enzyme,pAC50,1520,8.301,8.279592
Enzyme,pAC50,1521,7.971,8.496812
Enzyme,pAC50,1522,8.444,7.8936257
Enzyme,pAC50,1523,8.143,7.771596
Enzyme,pAC50,1524,7.886,7.9264097
Enzyme,pAC50,1525,8.638,8.03375
Enzyme,pAC50,1526,8.409,8.809609
Enzyme,pAC50,1527,8.143,8.041122
Enzyme,pAC50,1528,7.807,8.123013
Enzyme,pAC50,1529,8.284,7.782934
Enzyme,pAC50,1530,8.102,7.980523
Enzyme,pAC50,1531,8.161,7.9244666
Enzyme,pAC50,1532,7.77,7.6757436
Enzyme,pAC50,1533,7.963,8.458049
Enzyme,pAC50,1534,7.883,8.129539
Enzyme,pAC50,1535,7.65,7.405953
Enzyme,pAC50,1536,7.801,7.9164877
Enzyme,pAC50,1537,7.721,7.5338116
Enzyme,pAC50,1538,7.783,7.957832
Enzyme,pAC50,1539,7.963,7.7490907
Enzyme,pAC50,1540,7.308,7.578217
Enzyme,pAC50,1541,7.559,7.885963
Enzyme,pAC50,1542,8.143,8.402123
Enzyme,pAC50,1543,8.292,8.358963
Enzyme,pAC50,1544,8.143,8.02748
Enzyme,pAC50,1545,7.848,7.826356
Enzyme,pAC50,1546,7.9,7.843004
Enzyme,pAC50,1547,3.876,3.7122421
Enzyme,pAC50,1548,5.833,5.7777834
Enzyme,pAC50,1549,4.301,4.2768135
Enzyme,pAC50,1550,4.523,4.584578
Enzyme,pAC50,1551,4.194,4.3218484
Enzyme,pAC50,1552,5.475,6.0484543
Enzyme,pAC50,1553,5.745,5.771599
Enzyme,pAC50,1554,4.097,4.5089836
Enzyme,pAC50,1555,5.17,4.8619347
Enzyme,pAC50,1556,4.63,4.710737
Enzyme,pAC50,1557,5.171,4.7991014
Enzyme,pAC50,1558,4.79,4.654327
Enzyme,pAC50,1559,4.29,4.165101
Enzyme,pAC50,1560,4.905,5.246909
Enzyme,pAC50,1561,4.585,4.9118023
Enzyme,pAC50,1562,4.795,5.827962
Enzyme,pAC50,1563,3.761,3.8888743
Enzyme,pAC50,1564,4.26,4.0664787
Enzyme,pAC50,1565,4.553,4.680934
Enzyme,pAC50,1566,3.83,6.9449177
Enzyme,pAC50,1567,5.959,5.809041
Enzyme,pAC50,1568,6.237,5.5273924
Enzyme,pAC50,1569,6.658,7.029971
Enzyme,pAC50,1570,5.783,6.3919
Enzyme,pAC50,1571,7.523,6.836332
Enzyme,pAC50,1572,6.229,5.2092524
Enzyme,pAC50,1573,5.767,4.23572
Enzyme,pAC50,1574,5.921,5.632655
Enzyme,pAC50,1575,5.611,5.7813673
Enzyme,pAC50,1576,6.009,6.0972633
Enzyme,pAC50,1577,6.959,7.0633574
Enzyme,pAC50,1578,5.373,5.040966
Enzyme,pAC50,1579,4.55,4.355381
Enzyme,pAC50,1580,4.301,5.0240374
Enzyme,pAC50,1581,6.959,6.7393
Enzyme,pAC50,1582,7.046,6.8319616
Enzyme,pAC50,1583,7.387,7.3334255
Enzyme,pAC50,1584,5.548,5.36608
Enzyme,pAC50,1585,6.481,7.348874
Enzyme,pAC50,1586,5.595,2.8636408
Enzyme,pAC50,1587,3.867,4.1687403
Enzyme,pAC50,1588,6.119,5.7956243
Enzyme,pAC50,1589,5.495,5.595611
Enzyme,pAC50,1590,4.18,4.5851955
Enzyme,pAC50,1591,5.377,5.4782524
Enzyme,pAC50,1592,5.047,4.8832283
Enzyme,pAC50,1593,4.987,4.70158
Enzyme,pAC50,1594,5.041,5.2877274
Enzyme,pAC50,1595,3.995,3.844737
Enzyme,pAC50,1596,7.695,7.535878
Enzyme,pAC50,1597,8.602,7.1942406
Enzyme,pAC50,1598,8.409,8.423901
Enzyme,pAC50,1599,6.357,6.438175
Enzyme,pAC50,1600,6.561,6.41169
Enzyme,pAC50,1601,7.204,7.0338354
Enzyme,pAC50,1602,6.658,6.6925764
Enzyme,pAC50,1603,6.444,6.462801
Enzyme,pAC50,1604,7.699,7.4462285
Enzyme,pAC50,1605,5.62,5.789714
Enzyme,pAC50,1606,5.523,5.271779
Enzyme,pAC50,1607,8.143,7.614166
Enzyme,pAC50,1608,6.86,6.61944
Enzyme,pAC50,1609,6.788,6.537119
Enzyme,pAC50,1610,7.886,7.941453
Enzyme,pAC50,1611,5.947,6.1597056
Enzyme,pAC50,1612,6.149,5.739523
Enzyme,pAC50,1613,4.979,4.956601
Enzyme,pAC50,1614,4.442,5.055234
Enzyme,pAC50,1615,5.215,4.9557366
Enzyme,pAC50,1616,4.866,4.962962
Enzyme,pAC50,1617,5.018,4.7852526
Enzyme,pAC50,1618,5.301,5.8877354
Enzyme,pAC50,1619,5.77,5.5501447
Enzyme,pAC50,1620,6.201,6.2442946
Enzyme,pAC50,1621,6.523,6.167016
Enzyme,pAC50,1622,8.347,8.265332
Enzyme,pAC50,1623,8.796,8.021913
Enzyme,pAC50,1624,4.223,4.3980207
Enzyme,pAC50,1625,4.703,4.2055135
Enzyme,pAC50,1626,2.953,3.3201776
Enzyme,pAC50,1627,3.924,4.478978
Enzyme,pAC50,1628,4.229,4.153289
Enzyme,pAC50,1629,5.25,5.1457934
Enzyme,pAC50,1630,5.77,5.7387285
Enzyme,pAC50,1631,7.699,7.626191
Enzyme,pAC50,1632,8.097,7.902939
Enzyme,pAC50,1633,7.886,7.609992
Enzyme,pAC50,1634,7.745,7.3570166
Enzyme,pAC50,1635,7.854,7.8104267
Enzyme,pAC50,1636,4.495,5.027209
Enzyme,pAC50,1637,5.796,5.5511394
Enzyme,pAC50,1638,6.871,7.1729107
Enzyme,pAC50,1639,7.257,7.3900414
Enzyme,pAC50,1640,8.122,8.088426
Enzyme,pAC50,1641,5.018,5.1070147
Enzyme,pAC50,1642,5.252,5.0733986
Enzyme,pAC50,1643,4.089,4.096943
Enzyme,pAC50,1644,4.194,3.1455631
Enzyme,pAC50,1645,4.23,3.4757915
Enzyme,pAC50,1646,4.133,4.745556
Enzyme,pAC50,1647,8.163,8.315736
Enzyme,pAC50,1648,6.298,5.9134007
Enzyme,pAC50,1649,7.009,6.905714
Enzyme,pAC50,1650,4.578,4.9817324
Enzyme,pAC50,1651,5.719,6.1470375
Enzyme,pAC50,1652,7.155,6.9603624
Enzyme,pAC50,1653,6.195,6.8541145
Enzyme,pAC50,1654,6.509,6.167183
Enzyme,pAC50,1655,6.149,5.3456845
Enzyme,pAC50,1656,4.071,4.2776985
Enzyme,pAC50,1657,7.367,7.2944927
Enzyme,pAC50,1658,7.337,6.355192
Enzyme,pAC50,1659,7.377,6.690716
Enzyme,pAC50,1660,6.489,7.6393266
Enzyme,pAC50,1661,4.682,4.7313414
Enzyme,pAC50,1662,7.585,7.360028
Enzyme,pAC50,1663,5.384,5.086301
Enzyme,pAC50,1664,5.19,5.1852064
Enzyme,pAC50,1665,5.602,5.9763947
Enzyme,pAC50,1666,6.398,6.2651258
Enzyme,pAC50,1667,4.415,4.0344925
Enzyme,pAC50,1668,3.462,3.6977758
Enzyme,pAC50,1669,4.845,4.7461977
Enzyme,pAC50,1670,5.036,5.0294504
Enzyme,pAC50,1671,6.807,6.5942698
Enzyme,pAC50,1672,7.409,6.8431644
Enzyme,pAC50,1673,5.137,5.50607
Enzyme,pAC50,1674,5.695,6.035437
Enzyme,pAC50,1675,8.398,7.803701
Enzyme,pAC50,1676,6.289,6.469881
Enzyme,pAC50,1677,7.699,8.187728
Enzyme,pAC50,1678,7.602,7.047654
Enzyme,pAC50,1679,5.114,5.8610144
Enzyme,pAC50,1680,7.886,7.7355833
Enzyme,pAC50,1681,7.164,6.932499
Enzyme,pAC50,1682,4.426,4.8419485
Enzyme,pAC50,1683,3.06,4.1129
Enzyme,pAC50,1684,6.753,7.666379
Enzyme,pAC50,1685,5.314,8.175055
Enzyme,pAC50,1686,5.071,5.417186
Enzyme,pAC50,1687,6.41,5.311927
Enzyme,pAC50,1688,6.15,6.223852
Enzyme,pAC50,1689,5.674,6.1508865
Enzyme,pAC50,1690,5.636,5.640913
Enzyme,pAC50,1691,5.309,5.15407
Enzyme,pAC50,1692,4.754,4.632659
Enzyme,pAC50,1693,4.395,4.09437
Enzyme,pAC50,1694,8.585,8.093168
Enzyme,pAC50,1695,5.469,5.589796
Enzyme,pAC50,1696,5.041,5.5109987
Enzyme,pAC50,1697,5.036,5.5675335
Enzyme,pAC50,1698,6.377,5.9121475
Enzyme,pAC50,1699,4.222,5.5972686
Enzyme,pAC50,1700,7.252,6.5142546
Enzyme,pAC50,1701,6.26,6.173661
Enzyme,pAC50,1702,6.745,7.076227
Enzyme,pAC50,1703,6.357,6.1105175
Enzyme,pAC50,1704,7.076,7.372381
Enzyme,pAC50,1705,7.102,7.7776394
Enzyme,pAC50,1706,7.824,7.5528154
Enzyme,pAC50,1707,8.222,7.227195
Enzyme,pAC50,1708,6.886,7.1718664
Enzyme,pAC50,1709,6.086,6.0136423
Enzyme,pAC50,1710,5.921,6.4804535
Enzyme,pAC50,1711,5.284,6.343692
Enzyme,pAC50,1712,6.886,6.9068613
Enzyme,pAC50,1713,7.796,6.78683
Enzyme,pAC50,1714,8.398,7.9826393
Enzyme,pAC50,1715,5.886,6.3518777
Enzyme,pAC50,1716,6.252,6.517833
Enzyme,pAC50,1717,5.112,8.715838
Enzyme,pAC50,1718,6.839,6.963893
Enzyme,pAC50,1719,6.786,6.8253922
Enzyme,pAC50,1720,5.318,6.9655085
Enzyme,pAC50,1721,8.886,8.453799
Enzyme,pAC50,1722,4.788,5.2526846
Enzyme,pAC50,1723,5.109,6.775139
Enzyme,pAC50,1724,6.007,6.0207787
Enzyme,pAC50,1725,7.051,7.10073
Enzyme,pAC50,1726,6.296,7.0686636
Enzyme,pAC50,1727,5.808,6.645854
Enzyme,pAC50,1728,5.296,6.565916
Enzyme,pAC50,1729,7.032,6.796633
Enzyme,pAC50,1730,7.526,7.114333
Enzyme,pAC50,1731,6.764,7.4345894
Enzyme,pAC50,1732,6.991,7.548951
Enzyme,pAC50,1733,7.678,8.365039
Enzyme,pAC50,1734,6.614,6.1046505
Enzyme,pAC50,1735,6.529,6.501217
Enzyme,pAC50,1736,5.119,7.8041086
Enzyme,pAC50,1737,6.854,7.043892
Enzyme,pAC50,1738,5.921,6.425757
Enzyme,pAC50,1739,6.387,7.758071
Enzyme,pAC50,1740,8.0,8.118766
Enzyme,pAC50,1741,6.237,6.237355
Enzyme,pAC50,1742,6.495,6.6772556
Enzyme,pAC50,1743,5.721,7.03535
Enzyme,pAC50,1744,6.432,5.6610174
Enzyme,pAC50,1745,6.357,5.482522
Enzyme,pAC50,1746,7.796,7.6672583
Enzyme,pAC50,1747,5.921,5.53786
Enzyme,pAC50,1748,5.959,5.702467
Enzyme,pAC50,1749,5.398,5.2341022
Enzyme,pAC50,1750,6.287,6.6182175
Enzyme,pAC50,1751,7.347,7.4221573
Enzyme,pAC50,1752,7.839,8.010369
Enzyme,pAC50,1753,5.658,5.305048
Enzyme,pAC50,1754,5.854,6.190742
Enzyme,pAC50,1755,6.071,5.511996
Enzyme,pAC50,1756,6.056,5.6811323
Enzyme,pAC50,1757,6.31,5.3804803
Enzyme,pAC50,1758,9.523,8.455173
Enzyme,pAC50,1759,7.638,8.986056
Enzyme,pAC50,1760,9.398,8.158471
Enzyme,pAC50,1761,8.097,6.485334
Enzyme,pAC50,1762,7.77,7.92617
Enzyme,pAC50,1763,7.046,6.9837613
Enzyme,pAC50,1764,7.434,6.5152445
Enzyme,pAC50,1765,7.203,7.076851
Enzyme,pAC50,1766,5.648,7.887773
Enzyme,pAC50,1767,7.815,7.558513
Enzyme,pAC50,1768,7.187,6.5806856
Enzyme,pAC50,1769,7.607,6.829467
Enzyme,pAC50,1770,7.575,6.493817
Enzyme,pAC50,1771,5.517,6.341937
Enzyme,pAC50,1772,7.296,7.09555
Enzyme,pAC50,1773,7.524,6.5070567
Enzyme,pAC50,1774,7.059,6.6508627
Enzyme,pAC50,1775,7.936,7.1417747
Enzyme,pAC50,1776,6.972,6.9058523
Enzyme,pAC50,1777,7.398,7.1491365
Enzyme,pAC50,1778,7.489,7.1143208
Enzyme,pAC50,1779,7.195,7.0739546
Enzyme,pAC50,1780,7.467,6.8195553
Enzyme,pAC50,1781,5.287,5.1074905
Enzyme,pAC50,1782,7.432,6.3104463
Enzyme,pAC50,1783,7.502,7.0567513
Enzyme,pAC50,1784,7.599,7.5092764
Enzyme,pAC50,1785,5.671,6.207779
Enzyme,pAC50,1786,3.367,6.5120845
Enzyme,pAC50,1787,7.475,7.0581083
Enzyme,pAC50,1788,6.857,6.0825787
Enzyme,pAC50,1789,6.931,6.728256
Enzyme,pAC50,1790,5.678,4.5736046
Enzyme,pAC50,1791,7.602,6.8635798
Enzyme,pAC50,1792,6.966,6.3502064
Enzyme,pAC50,1793,6.011,6.608693
Enzyme,pAC50,1794,7.137,6.993677
Enzyme,pAC50,1795,4.886,5.982218
Enzyme,pAC50,1796,5.693,5.050954
Enzyme,pAC50,1797,6.839,7.3826427
Enzyme,pAC50,1798,7.583,7.6174564
Enzyme,pAC50,1799,4.48,6.785696
Enzyme,pAC50,1800,4.471,4.343211
Enzyme,pAC50,1801,4.401,4.5233946
Enzyme,pAC50,1802,6.116,6.379725
Enzyme,pAC50,1803,5.738,5.573315
Enzyme,pAC50,1804,6.618,6.0724206
Enzyme,pAC50,1805,6.357,6.9037523
Enzyme,pAC50,1806,6.367,5.3819933
Enzyme,pAC50,1807,6.208,5.635502
Enzyme,pAC50,1808,6.807,5.845478
Enzyme,pAC50,1809,5.613,6.19007
Enzyme,pAC50,1810,5.66,5.836271
Enzyme,pAC50,1811,7.292,7.972453
Enzyme,pAC50,1812,8.319,8.558478
Enzyme,pAC50,1813,5.78,6.496968
Enzyme,pAC50,1814,8.26,7.7667217
Enzyme,pAC50,1815,7.658,8.4507475
Enzyme,pAC50,1816,5.674,6.2505293
Enzyme,pAC50,1817,8.553,7.580393
Enzyme,pAC50,1818,8.046,8.528809
Enzyme,pAC50,1819,6.342,7.2417297
Enzyme,pAC50,1820,6.917,7.3229637
Enzyme,pAC50,1821,8.409,7.3830376
Enzyme,pAC50,1822,4.921,4.871529
Enzyme,pAC50,1823,7.824,7.4137487
Enzyme,pAC50,1824,6.602,7.2423353
Enzyme,pAC50,1825,5.745,5.1697464
Enzyme,pAC50,1826,7.071,8.115964
Enzyme,pAC50,1827,6.456,6.863444
Enzyme,pAC50,1828,7.256,7.2189503
Enzyme,pAC50,1829,7.975,7.503727
Enzyme,pAC50,1830,8.041,7.0085735
Enzyme,pAC50,1831,5.721,4.295573
Enzyme,pAC50,1832,5.444,6.494656
Enzyme,pAC50,1833,4.499,4.536796
Enzyme,pAC50,1834,5.721,5.7485166
Enzyme,pAC50,1835,7.061,7.521086
Enzyme,pAC50,1836,5.387,5.3954883
Enzyme,pAC50,1837,5.456,4.995776
Enzyme,pAC50,1838,8.996,8.521348
Enzyme,pAC50,1839,7.886,7.9148655
Enzyme,pAC50,1840,7.785,7.45658
Enzyme,pAC50,1841,6.928,7.286455
Enzyme,pAC50,1842,6.046,6.4941416
Enzyme,pAC50,1843,7.301,7.2578287
Enzyme,pAC50,1844,5.194,5.5485115
Enzyme,pAC50,1845,5.329,5.3946867
Enzyme,pAC50,1846,7.155,6.8292704
Enzyme,pAC50,1847,7.155,5.7282147
Enzyme,pAC50,1848,7.377,7.1704874
Enzyme,pAC50,1849,5.866,6.7945924
Enzyme,pAC50,1850,8.046,7.4035826
Enzyme,pAC50,1851,6.022,5.447331
Enzyme,pAC50,1852,6.231,4.91668
Enzyme,pAC50,1853,5.319,6.63601
Enzyme,pAC50,1854,3.143,3.0704513
Enzyme,pAC50,1855,3.284,3.6436782
Enzyme,pAC50,1856,7.083,7.8357506
Enzyme,pAC50,1857,7.451,7.6003814
Enzyme,pAC50,1858,5.77,6.869397
Enzyme,pAC50,1859,4.046,4.106041
Enzyme,pAC50,1860,3.516,3.4634237
Enzyme,pAC50,1861,4.115,3.4926472
Enzyme,pAC50,1862,4.616,4.6848526
Enzyme,pAC50,1863,6.284,6.4519815
Enzyme,pAC50,1864,7.523,7.1972837
Enzyme,pAC50,1865,5.42,5.3730044
Enzyme,pAC50,1866,5.523,3.6621041
Enzyme,pAC50,1867,6.119,6.118173
Enzyme,pAC50,1868,4.47,4.2311587
Enzyme,pAC50,1869,4.45,4.3785176
Enzyme,pAC50,1870,5.206,4.950942
Enzyme,pAC50,1871,4.804,5.474077
Enzyme,pAC50,1872,4.48,4.241637
Enzyme,pAC50,1873,5.745,5.8117094
Enzyme,pAC50,1874,3.996,4.25879
Enzyme,pAC50,1875,5.102,4.962631
Enzyme,pAC50,1876,4.155,4.234028
Enzyme,pAC50,1877,4.79,5.580331
Enzyme,pAC50,1878,5.47,5.0884376
Enzyme,pAC50,1879,7.78,8.606139
Enzyme,pAC50,1880,6.553,5.9680905
Enzyme,pAC50,1881,5.481,6.4406824
Enzyme,pAC50,1882,5.31,5.137483
Enzyme,pAC50,1883,6.796,5.4495935
Enzyme,pAC50,1884,7.252,6.6552486
Enzyme,pAC50,1885,8.276,7.2496943
Enzyme,pAC50,1886,8.187,8.396879
Enzyme,pAC50,1887,5.21,4.887469
Enzyme,pAC50,1888,4.37,4.287451
Enzyme,pAC50,1889,4.15,4.386546
Enzyme,pAC50,1890,3.272,3.5218227
Enzyme,pAC50,1891,4.072,3.1973598
Enzyme,pAC50,1892,3.717,3.9892094
Enzyme,pAC50,1893,7.0,6.481744
Enzyme,pAC50,1894,4.658,7.067168
Enzyme,pAC50,1895,8.678,8.876697
Enzyme,pAC50,1896,8.629,8.671698
Enzyme,pAC50,1897,7.699,7.9616117
Enzyme,pAC50,1898,6.62,7.0062623
Enzyme,pAC50,1899,7.187,7.086313
Enzyme,pAC50,1900,5.757,5.419852
Enzyme,pAC50,1901,8.3,6.550109
Enzyme,pAC50,1902,7.007,7.240082
Enzyme,pAC50,1903,6.91,7.4107933
Enzyme,pAC50,1904,7.545,7.5207415
Enzyme,pAC50,1905,8.409,8.828718
Enzyme,pAC50,1906,3.481,5.2905545
Enzyme,pAC50,1907,7.347,7.711524
Enzyme,pAC50,1908,8.187,7.8930106
Enzyme,pAC50,1909,1.77,1.8549697
Enzyme,pAC50,1910,3.42,3.0510845
Enzyme,pAC50,1911,2.6,2.2241075
Enzyme,pAC50,1912,2.85,2.9005027
Enzyme,pAC50,1913,2.0,1.695806
Enzyme,pAC50,1914,4.51,4.7258987
Enzyme,pAC50,1915,7.92,7.048521
Enzyme,pAC50,1916,6.798,7.1108646
Enzyme,pAC50,1917,3.21,3.0957954
Enzyme,pAC50,1918,2.96,2.953895
Enzyme,pAC50,1919,5.59,6.1781645
Enzyme,pAC50,1920,6.36,6.5030637
Enzyme,pAC50,1921,3.03,5.762513
Enzyme,pAC50,1922,5.398,4.6493206
Enzyme,pAC50,1923,3.456,4.6209793
Enzyme,pAC50,1924,8.0,7.689537
Enzyme,pAC50,1925,8.77,6.7341332
Enzyme,pAC50,1926,6.0,5.97367
Enzyme,pAC50,1927,7.699,7.571989
Enzyme,pAC50,1928,5.398,5.821935
Enzyme,pAC50,1929,5.523,5.4131474
Enzyme,pAC50,1930,4.523,4.6319013
Enzyme,pAC50,1931,6.585,6.827878
Enzyme,pAC50,1932,5.947,6.364686
Enzyme,pAC50,1933,5.886,5.283124
Enzyme,pAC50,1934,4.678,5.12338
Enzyme,pAC50,1935,5.495,5.2494698
Enzyme,pAC50,1936,4.092,5.0711837
Enzyme,pAC50,1937,4.77,4.7397194
Enzyme,pAC50,1938,4.292,6.503182
Enzyme,pAC50,1939,5.551,6.120625
Enzyme,pAC50,1940,6.358,5.0098033
Enzyme,pAC50,1941,5.019,5.5522246
Enzyme,pAC50,1942,6.358,6.681825
Enzyme,pAC50,1943,6.2,6.2666497
Enzyme,pAC50,1944,5.238,5.4530525
Enzyme,pAC50,1945,5.921,6.000329
Enzyme,pAC50,1946,5.553,5.5996466
Enzyme,pAC50,1947,5.495,5.5058913
Enzyme,pAC50,1948,5.824,5.590425
Enzyme,pAC50,1949,6.222,6.40059
Enzyme,pAC50,1950,5.699,5.9651
Enzyme,pAC50,1951,5.011,5.3449078
Enzyme,pAC50,1952,5.143,5.6222525
Enzyme,pAC50,1953,4.699,5.679925
Enzyme,pAC50,1954,6.721,7.3777237
Enzyme,pAC50,1955,5.032,4.34921
Enzyme,pAC50,1956,4.638,4.5933485
Enzyme,pAC50,1957,4.745,4.7515535
Enzyme,pAC50,1958,6.359,5.8106513
Enzyme,pAC50,1959,4.824,4.007583
Enzyme,pAC50,1960,8.098,7.9621696
Enzyme,pAC50,1961,6.886,6.9223056
Enzyme,pAC50,1962,7.201,7.055766
Enzyme,pAC50,1963,4.196,4.491192
Enzyme,pAC50,1964,6.602,6.655014
Enzyme,pAC50,1965,6.706,6.691539
Enzyme,pAC50,1966,6.244,6.4913244
Enzyme,pAC50,1967,6.654,6.59665
Enzyme,pAC50,1968,5.857,5.656027
Enzyme,pAC50,1969,8.509,8.556312
Enzyme,pAC50,1970,6.839,7.572389
Enzyme,pAC50,1971,7.77,7.8171954
Enzyme,pAC50,1972,5.125,4.9882517
Enzyme,pAC50,1973,4.721,5.4921904
Enzyme,pAC50,1974,5.241,5.915847
Enzyme,pAC50,1975,5.569,5.6908693
Enzyme,pAC50,1976,4.77,6.736491
Enzyme,pAC50,1977,5.523,5.4717607
Enzyme,pAC50,1978,7.678,6.6888704
Enzyme,pAC50,1979,6.215,5.5612206
Enzyme,pAC50,1980,7.638,6.772765
Enzyme,pAC50,1981,6.284,7.7311487
Enzyme,pAC50,1982,6.668,6.678195
Enzyme,pAC50,1983,7.699,8.24727
Enzyme,pAC50,1984,6.155,6.599451
Enzyme,pAC50,1985,6.174,7.3802967
Enzyme,pAC50,1986,6.409,6.931279
Enzyme,pAC50,1987,6.305,6.4349613
Enzyme,pAC50,1988,4.699,5.2135444
Enzyme,pAC50,1989,5.721,5.675455
Enzyme,pAC50,1990,7.678,7.7967844
Enzyme,pAC50,1991,4.399,5.15007
Enzyme,pAC50,1992,5.793,5.5663586
Enzyme,pAC50,1993,7.921,7.739188
Enzyme,pAC50,1994,7.31,7.787236
Enzyme,pAC50,1995,6.569,6.652068
Enzyme,pAC50,1996,6.967,6.7929535
Enzyme,pAC50,1997,7.066,6.981036
Enzyme,pAC50,1998,8.658,8.691483
Enzyme,pAC50,1999,8.18,8.165049
Enzyme,pAC50,2000,8.215,8.5777235
Enzyme,pAC50,2001,4.523,5.2264376
Enzyme,pAC50,2002,7.357,7.164066
Enzyme,pAC50,2003,6.114,5.298108
Enzyme,pAC50,2004,4.757,5.0627146
Enzyme,pAC50,2005,5.155,4.8280067
Enzyme,pAC50,2006,5.398,5.382615
Enzyme,pAC50,2007,6.319,6.3903074
Enzyme,pAC50,2008,6.561,6.629842
Enzyme,pAC50,2009,8.222,8.71062
Enzyme,pAC50,2010,6.0,7.957044
Enzyme,pAC50,2011,7.699,8.056637
Enzyme,pAC50,2012,8.222,8.620262
Enzyme,pAC50,2013,7.081,7.0484743
Enzyme,pAC50,2014,8.229,8.656954
Enzyme,pAC50,2015,8.187,8.088688
Enzyme,pAC50,2016,9.097,9.337346
Enzyme,pAC50,2017,7.098,7.311357
Enzyme,pAC50,2018,5.699,5.928253
Enzyme,pAC50,2019,5.521,5.77785
Enzyme,pAC50,2020,6.521,6.71605
Enzyme,pAC50,2021,3.638,4.4272246
Enzyme,pAC50,2022,3.903,5.477122
Enzyme,pAC50,2023,4.222,4.7981386
Enzyme,pAC50,2024,8.301,8.363132
Enzyme,pAC50,2025,7.959,7.6949043
Enzyme,pAC50,2026,7.523,7.1768503
Enzyme,pAC50,2027,7.125,7.1708183
Enzyme,pAC50,2028,7.161,7.4307804
Enzyme,pAC50,2029,7.509,7.9182343
Enzyme,pAC50,2030,6.569,7.1258745
Enzyme,pAC50,2031,7.658,7.9698534
Enzyme,pAC50,2032,7.041,7.1686597
Enzyme,pAC50,2033,6.268,7.280237
Enzyme,pAC50,2034,8.495,8.305009
Enzyme,pAC50,2035,8.387,7.9074535
Enzyme,pAC50,2036,8.921,9.251614
Enzyme,pAC50,2037,7.959,8.518076
Enzyme,pAC50,2038,7.886,7.663792
Enzyme,pAC50,2039,8.222,8.21333
Enzyme,pAC50,2040,8.699,8.589978
Enzyme,pAC50,2041,9.222,8.115474
Enzyme,pAC50,2042,9.0,7.6316595
Enzyme,pAC50,2043,7.236,7.96738
Enzyme,pAC50,2044,7.328,8.281191
Enzyme,pAC50,2045,7.387,8.195031
Enzyme,pAC50,2046,8.301,7.989305
Enzyme,pAC50,2047,8.174,7.921118
Enzyme,pAC50,2048,7.18,7.413535
Enzyme,pAC50,2049,7.638,8.429261
Enzyme,pAC50,2050,6.356,6.3675604
Enzyme,pAC50,2051,8.785,8.320048
Enzyme,pAC50,2052,7.06,7.0260057
Enzyme,pAC50,2053,7.337,8.527703
Enzyme,pAC50,2054,8.222,8.028391
Enzyme,pAC50,2055,8.469,8.661364
Enzyme,pAC50,2056,6.0,7.0044127
Enzyme,pAC50,2057,6.83,7.0249257
Enzyme,pAC50,2058,5.456,7.0958447
Enzyme,pAC50,2059,7.319,8.19162
Enzyme,pAC50,2060,7.699,7.2466135
Enzyme,pAC50,2061,7.215,7.5006003
Enzyme,pAC50,2062,3.796,3.3842473
Enzyme,pAC50,2063,6.243,6.437558
Enzyme,pAC50,2064,6.754,6.708563
Enzyme,pAC50,2065,6.886,6.541202
Enzyme,pAC50,2066,6.301,7.031314
Enzyme,pAC50,2067,8.585,8.623491
Enzyme,pAC50,2068,8.432,7.4389467
Enzyme,pAC50,2069,5.149,5.689993
Enzyme,pAC50,2070,8.357,8.131186
Enzyme,pAC50,2071,7.745,8.035247
Enzyme,pAC50,2072,7.481,7.4799433
Enzyme,pAC50,2073,7.19,7.6301427
Enzyme,pAC50,2074,8.444,8.443896
Enzyme,pAC50,2075,7.553,7.868701
Enzyme,pAC50,2076,9.222,8.304628
Enzyme,pAC50,2077,8.387,9.11246
Enzyme,pAC50,2078,8.42,8.265758
Enzyme,pAC50,2079,7.886,7.5715895
Enzyme,pAC50,2080,8.041,7.5215273
Enzyme,pAC50,2081,7.728,6.6705136
Enzyme,pAC50,2082,6.224,6.944149
Enzyme,pAC50,2083,9.0,8.96856
Enzyme,pAC50,2084,8.602,8.575348
Enzyme,pAC50,2085,9.699,9.117867
Enzyme,pAC50,2086,6.86,7.0563235
Enzyme,pAC50,2087,9.046,8.679837
Enzyme,pAC50,2088,4.569,5.10007
Enzyme,pAC50,2089,4.699,4.420806
Enzyme,pAC50,2090,8.097,7.973197
Enzyme,pAC50,2091,7.222,7.1293006
Enzyme,pAC50,2092,7.796,7.24984
Enzyme,pAC50,2093,7.143,6.2579646
Enzyme,pAC50,2094,7.398,5.987344
Enzyme,pAC50,2095,6.167,6.956805
Enzyme,pAC50,2096,9.638,9.472733
Enzyme,pAC50,2097,7.28,7.8576517
Enzyme,pAC50,2098,8.481,6.1015205
Enzyme,pAC50,2099,6.467,6.684606
Enzyme,pAC50,2100,6.192,6.5056944
Enzyme,pAC50,2101,6.432,6.50986
Enzyme,pAC50,2102,7.796,7.892377
Enzyme,pAC50,2103,7.638,7.5017157
Enzyme,pAC50,2104,7.149,7.4736533
Enzyme,pAC50,2105,5.533,6.833518
Enzyme,pAC50,2106,8.699,8.060826
Enzyme,pAC50,2107,9.0,8.806086
Enzyme,pAC50,2108,7.446,7.5461354
Enzyme,pAC50,2109,8.046,8.048625
Enzyme,pAC50,2110,7.921,8.011973
Enzyme,pAC50,2111,9.0,9.684666
Enzyme,pAC50,2112,6.603,6.868244
Enzyme,pAC50,2113,7.155,7.136031
Enzyme,pAC50,2114,8.699,8.375386
Enzyme,pAC50,2115,6.921,7.409264
Enzyme,pAC50,2116,6.22,7.296657
Enzyme,pAC50,2117,7.921,6.5842323
Enzyme,pAC50,2118,6.585,6.8862686
Enzyme,pAC50,2119,6.886,6.8767805
Enzyme,pAC50,2120,9.0,8.608261
Enzyme,pAC50,2121,8.097,8.30311
Enzyme,pAC50,2122,7.0,7.2999187
Enzyme,pAC50,2123,8.523,8.812164
Enzyme,pAC50,2124,8.699,8.2205515
Enzyme,pAC50,2125,7.62,8.1254425
Enzyme,pAC50,2126,8.301,8.425229
Enzyme,pAC50,2127,5.462,5.1479335
Enzyme,pAC50,2128,8.097,8.937541
Enzyme,pAC50,2129,6.842,7.034412
Enzyme,pAC50,2130,8.721,8.682216
Enzyme,pAC50,2131,6.488,6.8567243
Enzyme,pAC50,2132,8.097,7.233363
Enzyme,pAC50,2133,6.801,7.0256166
Enzyme,pAC50,2134,7.097,7.6969614
Enzyme,pAC50,2135,7.004,6.752475
Enzyme,pAC50,2136,7.06,6.9861054
Enzyme,pAC50,2137,6.066,6.6323633
Enzyme,pAC50,2138,6.726,6.7383575
Enzyme,pAC50,2139,7.699,7.518773
Enzyme,pAC50,2140,4.599,5.3054028
Enzyme,pAC50,2141,6.703,6.2908287
Enzyme,pAC50,2142,7.886,7.825343
Enzyme,pAC50,2143,6.896,7.095924
Enzyme,pAC50,2144,5.373,5.6252313
Enzyme,pAC50,2145,5.913,6.3084297
Enzyme,pAC50,2146,6.085,6.1263056
Enzyme,pAC50,2147,6.175,6.2271194
Enzyme,pAC50,2148,4.252,4.8929563
Enzyme,pAC50,2149,5.377,5.145384
Enzyme,pAC50,2150,7.678,6.7592244
Enzyme,pAC50,2151,7.77,7.834694
Enzyme,pAC50,2152,6.347,6.116454
Enzyme,pAC50,2153,6.237,6.4584446
Enzyme,pAC50,2154,5.699,6.084672
Enzyme,pAC50,2155,6.553,6.7597556
Enzyme,pAC50,2156,5.538,5.9666653
Enzyme,pAC50,2157,5.914,5.6307735
Enzyme,pAC50,2158,5.48,5.504342
Enzyme,pAC50,2159,7.959,7.6770406
Enzyme,pAC50,2160,5.048,5.1974607
Enzyme,pAC50,2161,4.64,5.603903
Enzyme,pAC50,2162,5.66,4.9146624
Enzyme,pAC50,2163,8.824,8.970229
Enzyme,pAC50,2164,6.157,5.9863067
Enzyme,pAC50,2165,4.796,4.6717463
Enzyme,pAC50,2166,4.638,4.1983447
Enzyme,pAC50,2167,4.62,4.95109
Enzyme,pAC50,2168,3.523,3.4949644
Enzyme,pAC50,2169,5.31,6.481497
Enzyme,pAC50,2170,5.796,5.5005646
Enzyme,pAC50,2171,2.387,1.6457952
Enzyme,pAC50,2172,4.155,4.2622123
Enzyme,pAC50,2173,5.18,4.7106047
Enzyme,pAC50,2174,6.573,6.7942657
Enzyme,pAC50,2175,5.814,6.8639793
Enzyme,pAC50,2176,6.658,6.335198
Enzyme,pAC50,2177,7.699,7.339377
Enzyme,pAC50,2178,5.796,5.7411823
Enzyme,pAC50,2179,4.921,4.424508
Enzyme,pAC50,2180,5.721,5.9792485
Enzyme,pAC50,2181,8.0,7.0296574
Enzyme,pAC50,2182,6.524,6.9101896
Enzyme,pAC50,2183,8.0,6.0605774
Enzyme,pAC50,2184,7.108,5.842561
Enzyme,pAC50,2185,6.189,6.064382
Enzyme,pAC50,2186,5.943,5.2727313
Enzyme,pAC50,2187,7.347,7.477443
Enzyme,pAC50,2188,6.783,6.513979
Enzyme,pAC50,2189,6.285,6.3278503
Enzyme,pAC50,2190,6.192,6.1621113
Enzyme,pAC50,2191,6.31,6.113885
Enzyme,pAC50,2192,4.301,4.2193804
Enzyme,pAC50,2193,5.337,4.9548187
Enzyme,pAC50,2194,6.187,6.3136177
Enzyme,pAC50,2195,5.409,5.447854
Enzyme,pAC50,2196,6.959,5.681031
Enzyme,pAC50,2197,6.335,5.9531736
Enzyme,pAC50,2198,5.992,6.4016123
Enzyme,pAC50,2199,6.969,6.812343
Enzyme,pAC50,2200,6.0,5.9636335
Enzyme,pAC50,2201,7.121,6.911616
Enzyme,pAC50,2202,7.086,6.5319366
Enzyme,pAC50,2203,7.456,6.680381
Enzyme,pAC50,2204,6.907,6.9998093
Enzyme,pAC50,2205,5.979,6.91901
Enzyme,pAC50,2206,7.745,7.3115387
Enzyme,pAC50,2207,8.108,8.160014
Enzyme,pAC50,2208,6.77,6.5486712
Enzyme,pAC50,2209,4.004,3.306242
Enzyme,pAC50,2210,3.382,3.3726068
Enzyme,pAC50,2211,6.638,6.437542
Enzyme,pAC50,2212,8.398,8.042604
Enzyme,pAC50,2213,8.097,8.054148
Enzyme,pAC50,2214,3.284,5.2564726
Enzyme,pAC50,2215,4.357,5.131332
Enzyme,pAC50,2216,6.886,7.021474
Enzyme,pAC50,2217,8.432,7.9164305
Enzyme,pAC50,2218,7.824,7.4157248
Enzyme,pAC50,2219,9.409,8.643422
Enzyme,pAC50,2220,8.0,8.586349
Enzyme,pAC50,2221,9.215,9.207963
Enzyme,pAC50,2222,8.301,8.231628
Enzyme,pAC50,2223,9.886,9.78703
Enzyme,pAC50,2224,5.328,5.689619
Enzyme,pAC50,2225,6.08,5.507448
Enzyme,pAC50,2226,6.05,7.4056454
Enzyme,pAC50,2227,7.221,6.56692
Enzyme,pAC50,2228,7.221,5.3821936
Enzyme,pAC50,2229,6.048,7.0972824
Enzyme,pAC50,2230,6.238,5.4872093
Enzyme,pAC50,2231,7.399,7.5443363
Enzyme,pAC50,2232,6.798,7.0150733
Enzyme,pAC50,2233,5.242,5.982028
Enzyme,pAC50,2234,5.079,4.9732437
Enzyme,pAC50,2235,6.62,6.70146
Enzyme,pAC50,2236,8.22,8.392692
Enzyme,pAC50,2237,8.3,8.283898
Enzyme,pAC50,2238,8.521,8.570594
Enzyme,pAC50,2239,8.822,9.137748
Enzyme,pAC50,2240,6.87,6.2824636
Enzyme,pAC50,2241,6.92,7.4501038
Enzyme,pAC50,2242,7.172,7.6409903
Enzyme,pAC50,2243,8.7,7.8748965
Enzyme,pAC50,2244,8.7,8.386928
Enzyme,pAC50,2245,6.444,5.476531
Enzyme,pAC50,2246,6.469,6.310108
Enzyme,pAC50,2247,5.602,5.207427
Enzyme,pAC50,2248,6.699,5.9279675
Enzyme,pAC50,2249,5.721,5.3639803
Enzyme,pAC50,2250,5.036,4.800766
Enzyme,pAC50,2251,6.149,5.7507715
Enzyme,pAC50,2252,6.0,5.556455
Enzyme,pAC50,2253,5.337,5.2514834
Enzyme,pAC50,2254,5.678,5.29567
Enzyme,pAC50,2255,6.602,7.0410185
Enzyme,pAC50,2256,5.444,6.14931
Enzyme,pAC50,2257,5.553,6.233883
Enzyme,pAC50,2258,5.824,7.2512975
Enzyme,pAC50,2259,6.222,6.061261
Enzyme,pAC50,2260,6.046,6.6936617
Enzyme,pAC50,2261,3.577,4.5595226
Enzyme,pAC50,2262,4.963,4.7242937
Enzyme,pAC50,2263,7.276,6.7487955
Enzyme,pAC50,2264,4.903,4.0052595
Enzyme,pAC50,2265,4.538,4.2414
Enzyme,pAC50,2266,5.717,4.7764716
Enzyme,pAC50,2267,5.757,6.705798
Enzyme,pAC50,2268,4.347,4.616804
Enzyme,pAC50,2269,3.588,5.189083
Enzyme,pAC50,2270,4.076,4.1266384
Enzyme,pAC50,2271,4.086,4.1534634
Enzyme,pAC50,2272,4.431,4.2452083
Enzyme,pAC50,2273,7.456,6.2949533
Enzyme,pAC50,2274,4.824,6.349743
Enzyme,pAC50,2275,6.699,7.791918
Enzyme,pAC50,2276,5.0,4.924384
Enzyme,pAC50,2277,6.509,6.291892
Enzyme,pAC50,2278,6.0,5.941558
Enzyme,pAC50,2279,4.42,5.327389
Enzyme,pAC50,2280,4.735,5.941723
Enzyme,pAC50,2281,4.735,4.6492105
Enzyme,pAC50,2282,4.252,4.390545
Enzyme,pAC50,2283,5.553,4.881097
Enzyme,pAC50,2284,6.538,7.2542768
Enzyme,pAC50,2285,7.0,6.6155834
Enzyme,pAC50,2286,7.301,6.9322844
Enzyme,pAC50,2287,6.495,5.9795933
Enzyme,pAC50,2288,4.066,4.7294445
Enzyme,pAC50,2289,3.699,3.4418342
Enzyme,pAC50,2290,7.301,6.880495
Enzyme,pAC50,2291,5.707,6.259433
Enzyme,pAC50,2292,4.87,7.0842557
Enzyme,pAC50,2293,4.0,5.513881
Enzyme,pAC50,2294,5.125,5.340056
Enzyme,pAC50,2295,7.523,7.4151564
Enzyme,pAC50,2296,5.398,6.50385
Enzyme,pAC50,2297,7.0,6.415928
Enzyme,pAC50,2298,7.046,7.231758
Enzyme,pAC50,2299,7.222,7.418158
Enzyme,pAC50,2300,7.854,7.9104137
Enzyme,pAC50,2301,8.699,7.9312553
Enzyme,pAC50,2302,7.959,8.092785
Enzyme,pAC50,2303,7.854,7.919835
Enzyme,pAC50,2304,6.547,6.3141494
Enzyme,pAC50,2305,7.292,6.9502416
Enzyme,pAC50,2306,6.638,6.2838316
Enzyme,pAC50,2307,6.114,6.283661
Enzyme,pAC50,2308,7.155,5.732105
Enzyme,pAC50,2309,6.082,5.7560477
Enzyme,pAC50,2310,7.523,6.543845
Enzyme,pAC50,2311,4.481,5.729496
Enzyme,pAC50,2312,4.319,5.090392
Enzyme,pAC50,2313,6.854,5.7597117
Enzyme,pAC50,2314,7.252,6.103792
Enzyme,pAC50,2315,4.155,6.287513
Enzyme,pAC50,2316,4.18,4.209664
Enzyme,pAC50,2317,7.347,6.2575626
Enzyme,pAC50,2318,5.046,6.4381866
Enzyme,pAC50,2319,7.155,8.223193
Enzyme,pAC50,2320,6.481,6.257411
Enzyme,pAC50,2321,6.481,6.66389
Enzyme,pAC50,2322,5.495,5.969037
Enzyme,pAC50,2323,5.462,5.1118712
Enzyme,pAC50,2324,6.629,6.4101686
Enzyme,pAC50,2325,5.701,5.5701866
Enzyme,pAC50,2326,5.301,5.637006
Enzyme,pAC50,2327,8.377,6.1349144
Enzyme,pAC50,2328,8.155,7.8277473
Enzyme,pAC50,2329,8.155,8.483962
Enzyme,pAC50,2330,4.187,7.5379276
Enzyme,pAC50,2331,4.035,4.8387966
Enzyme,pAC50,2332,4.462,4.7365255
Enzyme,pAC50,2333,6.31,5.5377316
Enzyme,pAC50,2334,5.695,5.758107
Enzyme,pAC50,2335,7.152,7.06833
Enzyme,pAC50,2336,5.91,6.6998672
Enzyme,pAC50,2337,6.453,6.2436767
Enzyme,pAC50,2338,5.569,5.6053905
Enzyme,pAC50,2339,6.672,6.9249268
Enzyme,pAC50,2340,7.721,8.000663
Enzyme,pAC50,2341,7.208,7.4283705
Enzyme,pAC50,2342,6.562,6.8381824
Enzyme,pAC50,2343,6.65,6.690379
Enzyme,pAC50,2344,7.523,7.7504773
Enzyme,pAC50,2345,8.301,8.36424
Enzyme,pAC50,2346,7.155,7.042737
Enzyme,pAC50,2347,4.721,4.7526197
Enzyme,pAC50,2348,6.046,4.9337463
Enzyme,pAC50,2349,4.638,4.5583105
Enzyme,pAC50,2350,7.398,5.831712
Enzyme,pAC50,2351,4.695,4.8384895
Enzyme,pAC50,2352,4.62,4.149498
Enzyme,pAC50,2353,4.509,3.630725
Enzyme,pAC50,2354,5.432,5.571022
Enzyme,pAC50,2355,5.824,5.735592
Enzyme,pAC50,2356,3.979,5.6835594
Enzyme,pAC50,2357,5.971,6.1175694
Enzyme,pAC50,2358,4.699,4.9556227
Enzyme,pAC50,2359,5.854,5.6419983
Enzyme,pAC50,2360,6.036,5.165047
Enzyme,pAC50,2361,8.276,6.870042
Enzyme,pAC50,2362,5.463,5.6242943
Enzyme,pAC50,2363,7.26,7.5014114
Enzyme,pAC50,2364,8.409,8.434108
Enzyme,pAC50,2365,10.886,10.879513
Enzyme,pAC50,2366,11.222,12.17545
Enzyme,pAC50,2367,5.413,5.7956247
Enzyme,pAC50,2368,3.893,4.54766
Enzyme,pAC50,2369,3.889,4.553872
Enzyme,pAC50,2370,5.724,5.6192703
Enzyme,pAC50,2371,5.067,5.0618114
Enzyme,pAC50,2372,5.249,5.442086
Enzyme,pAC50,2373,4.638,4.4608345
Enzyme,pAC50,2374,4.102,5.1836147
Enzyme,pAC50,2375,4.244,4.2680526
Enzyme,pAC50,2376,4.149,4.209348
Enzyme,pAC50,2377,4.96,4.8020124
Enzyme,pAC50,2378,5.234,4.714431
Enzyme,pAC50,2379,6.541,6.2153807
Enzyme,pAC50,2380,7.92,8.011882
Enzyme,pAC50,2381,9.041,8.923467
Enzyme,pAC50,2382,5.921,6.1840954
Enzyme,pAC50,2383,5.0,5.197051
Enzyme,pAC50,2384,7.232,7.3406315
Enzyme,pAC50,2385,5.487,4.9259896
Enzyme,pAC50,2386,5.308,5.769886
Enzyme,pAC50,2387,6.545,6.533183
Enzyme,pAC50,2388,5.721,5.102362
Enzyme,pAC50,2389,7.523,7.402352
Enzyme,pAC50,2390,7.699,7.8369775
Enzyme,pAC50,2391,4.706,4.943724
Enzyme,pAC50,2392,5.377,5.2318172
Enzyme,pAC50,2393,7.959,8.671405
Enzyme,pAC50,2394,8.921,10.017243
Enzyme,pAC50,2395,5.903,5.8568044
Enzyme,pAC50,2396,5.229,5.0188885
Enzyme,pAC50,2397,8.252,8.419338
Enzyme,pAC50,2398,3.975,4.02742
Enzyme,pAC50,2399,4.21,4.0794563
Enzyme,pAC50,2400,4.866,4.540598
Enzyme,pAC50,2401,4.773,4.8109846
Enzyme,pAC50,2402,5.369,5.2834644
Enzyme,pAC50,2403,5.327,5.3916326
Enzyme,pAC50,2404,5.602,5.675395
Enzyme,pAC50,2405,7.886,7.6582584
Enzyme,pAC50,2406,7.114,6.8564234
Enzyme,pAC50,2407,6.886,7.3430758
Enzyme,pAC50,2408,5.041,5.0754933
Enzyme,pAC50,2409,6.161,5.3762817
Enzyme,pAC50,2410,5.854,5.511363
Enzyme,pAC50,2411,4.59,4.705766
Enzyme,pAC50,2412,4.353,4.3318834
Enzyme,pAC50,2413,7.0,5.779487
Enzyme,pAC50,2414,6.509,6.040001
Enzyme,pAC50,2415,4.131,3.9503284
Enzyme,pAC50,2416,8.699,8.079121
Enzyme,pAC50,2417,6.879,6.458986
Enzyme,pAC50,2418,6.824,7.062468
Enzyme,pAC50,2419,6.062,6.163649
Enzyme,pAC50,2420,7.556,7.9438753
Enzyme,pAC50,2421,8.108,8.257379
Enzyme,pAC50,2422,8.398,8.425144
Enzyme,pAC50,2423,6.155,5.8226
Enzyme,pAC50,2424,9.523,9.06708
Enzyme,pAC50,2425,6.178,7.579535
Enzyme,pAC50,2426,7.237,7.1811457
Enzyme,pAC50,2427,8.046,8.551701
Enzyme,pAC50,2428,5.114,5.371951
Enzyme,pAC50,2429,5.161,5.105777
Enzyme,pAC50,2430,5.222,4.6436253
Enzyme,pAC50,2431,5.508,5.427409
Enzyme,pAC50,2432,5.362,4.86973
Enzyme,pAC50,2433,7.523,7.3673778
Enzyme,pAC50,2434,5.04,4.637446
Enzyme,pAC50,2435,6.086,5.2000484
Enzyme,pAC50,2436,6.987,7.314302
Enzyme,pAC50,2437,4.456,4.4097657
Enzyme,pAC50,2438,4.046,4.0372066
Enzyme,pAC50,2439,6.796,6.723234
Enzyme,pAC50,2440,7.409,7.618086
Enzyme,pAC50,2441,5.42,5.464119
Enzyme,pAC50,2442,5.367,5.516554
Enzyme,pAC50,2443,5.87,5.8219156
Enzyme,pAC50,2444,4.658,4.648284
Enzyme,pAC50,2445,6.569,6.7111664
Enzyme,pAC50,2446,7.337,7.2697563
Enzyme,pAC50,2447,6.284,5.7196302
Enzyme,pAC50,2448,6.076,6.3990855
Enzyme,pAC50,2449,6.119,6.098278
Enzyme,pAC50,2450,6.027,6.4545345
Enzyme,pAC50,2451,5.59,6.6667395
Enzyme,pAC50,2452,6.342,6.1648517
Enzyme,pAC50,2453,5.015,5.4353604
Enzyme,pAC50,2454,7.1,6.262838
Enzyme,pAC50,2455,7.51,6.4548674
Enzyme,pAC50,2456,5.635,5.348777
Enzyme,pAC50,2457,3.947,4.1969852
Enzyme,pAC50,2458,4.187,4.5078316
Enzyme,pAC50,2459,4.387,4.504241
Enzyme,pAC50,2460,3.893,4.3650084
Enzyme,pAC50,2461,3.996,4.135899
Enzyme,pAC50,2462,4.137,4.4619045
Enzyme,pAC50,2463,4.161,4.329783
Enzyme,pAC50,2464,3.971,4.9950757
Enzyme,pAC50,2465,4.071,3.9129498
Enzyme,pAC50,2466,4.167,4.6103954
Enzyme,pAC50,2467,4.149,4.1284223
Enzyme,pAC50,2468,3.943,4.881995
Enzyme,pAC50,2469,4.056,3.8301868
Enzyme,pAC50,2470,6.408,7.206618
Enzyme,pAC50,2471,7.301,7.1389046
Enzyme,pAC50,2472,6.326,6.1741943
Enzyme,pAC50,2473,6.219,6.745393
Enzyme,pAC50,2474,6.796,6.5924726
Enzyme,pAC50,2475,6.87,6.9501743
Enzyme,pAC50,2476,6.263,6.082365
Enzyme,pAC50,2477,7.0,6.916213
Enzyme,pAC50,2478,8.036,8.08125
Enzyme,pAC50,2479,8.022,7.870271
Enzyme,pAC50,2480,6.695,7.5505385
Enzyme,pAC50,2481,8.319,8.324544
Enzyme,pAC50,2482,8.244,8.963998
Enzyme,pAC50,2483,6.924,7.583823
Enzyme,pAC50,2484,8.62,8.911487
Enzyme,pAC50,2485,5.324,5.2153797
Enzyme,pAC50,2486,8.745,8.28361
Enzyme,pAC50,2487,8.149,8.731635
Enzyme,pAC50,2488,8.77,8.518425
Enzyme,pAC50,2489,8.721,9.186667
Enzyme,pAC50,2490,6.592,8.823853
Enzyme,pAC50,2491,5.337,5.3955173
Enzyme,pAC50,2492,5.886,5.5306845
Enzyme,pAC50,2493,5.921,5.8837547
Enzyme,pAC50,2494,5.745,5.8814883
Enzyme,pAC50,2495,5.611,6.1472263
Enzyme,pAC50,2496,5.77,6.406934
Enzyme,pAC50,2497,7.854,6.88099
Enzyme,pAC50,2498,4.96,5.4263773
Enzyme,pAC50,2499,5.33,5.514215
Enzyme,pAC50,2500,5.111,5.195986
Enzyme,pAC50,2501,6.42,6.060909
Enzyme,pAC50,2502,7.827,7.8091006
Enzyme,pAC50,2503,9.0,8.966528
Enzyme,pAC50,2504,3.523,5.7464604
Enzyme,pAC50,2505,4.192,5.985647
Enzyme,pAC50,2506,7.523,5.7274795
Enzyme,pAC50,2507,7.742,8.587425
Enzyme,pAC50,2508,7.646,7.5837736
Enzyme,pAC50,2509,7.295,7.43676
Enzyme,pAC50,2510,3.85,4.0583057
Enzyme,pAC50,2511,4.096,3.8140287
Enzyme,pAC50,2512,5.523,5.198493
Enzyme,pAC50,2513,5.359,5.497113
Enzyme,pAC50,2514,6.493,6.8783655
Enzyme,pAC50,2515,6.556,6.530027
Enzyme,pAC50,2516,6.903,7.198292
Enzyme,pAC50,2517,6.509,6.6033797
Enzyme,pAC50,2518,6.693,6.504481
Enzyme,pAC50,2519,4.914,4.9780846
Enzyme,pAC50,2520,6.527,6.248534
Enzyme,pAC50,2521,7.268,7.228016
Enzyme,pAC50,2522,4.979,5.18488
Enzyme,pAC50,2523,4.965,4.776367
Enzyme,pAC50,2524,4.78,5.026494
Enzyme,pAC50,2525,6.987,7.2331123
Enzyme,pAC50,2526,5.912,5.7275634
Enzyme,pAC50,2527,4.327,5.1116505
Enzyme,pAC50,2528,6.424,6.633627
Enzyme,pAC50,2529,7.9,7.4508486
Enzyme,pAC50,2530,6.073,6.10596
Enzyme,pAC50,2531,8.398,8.082124
Enzyme,pAC50,2532,6.244,6.8053355
Enzyme,pAC50,2533,6.648,6.466953
Enzyme,pAC50,2534,6.071,6.450322
Enzyme,pAC50,2535,8.31,7.653657
Enzyme,pAC50,2536,8.319,7.758793
Enzyme,pAC50,2537,4.921,5.459616
Enzyme,pAC50,2538,4.173,4.373073
Enzyme,pAC50,2539,6.215,5.5934668
Enzyme,pAC50,2540,5.022,4.868973
Enzyme,pAC50,2541,3.527,3.5278072
Enzyme,pAC50,2542,5.367,5.574353
Enzyme,pAC50,2543,5.475,5.7718134
Enzyme,pAC50,2544,5.759,4.765087
Enzyme,pAC50,2545,7.824,7.9793444
Enzyme,pAC50,2546,7.62,7.854647
Enzyme,pAC50,2547,8.0,8.186088
Enzyme,pAC50,2548,5.921,6.137244
Enzyme,pAC50,2549,4.385,4.791032
Enzyme,pAC50,2550,4.453,4.62426
Enzyme,pAC50,2551,6.148,6.2419243
Enzyme,pAC50,2552,4.882,5.124689
Enzyme,pAC50,2553,8.62,9.185886
Enzyme,pAC50,2554,10.538,9.875165
Enzyme,pAC50,2555,8.387,8.551521
Enzyme,pAC50,2556,4.553,4.67997
Enzyme,pAC50,2557,8.553,9.095952
Enzyme,pAC50,2558,7.475,9.190249
Enzyme,pAC50,2559,8.301,9.93761
Enzyme,pAC50,2560,10.046,9.664398
Enzyme,pAC50,2561,8.078,9.746831
Enzyme,pAC50,2562,6.699,6.8557854
Enzyme,pAC50,2563,7.699,7.2917557
Enzyme,pAC50,2564,4.151,5.1770554
Enzyme,pAC50,2565,4.754,4.8369284
Enzyme,pAC50,2566,4.975,5.107854
Enzyme,pAC50,2567,6.004,4.8629
Enzyme,pAC50,2568,4.893,5.194557
Enzyme,pAC50,2569,4.126,3.9215965
Enzyme,pAC50,2570,5.726,6.221113
Enzyme,pAC50,2571,8.0,8.095344
Enzyme,pAC50,2572,7.77,7.5900707
Enzyme,pAC50,2573,4.222,6.8058634
Enzyme,pAC50,2574,3.695,3.702548
Enzyme,pAC50,2575,6.921,6.7802067
Enzyme,pAC50,2576,6.585,7.2886143
Enzyme,pAC50,2577,4.839,5.163786
Enzyme,pAC50,2578,5.26,5.287753
Enzyme,pAC50,2579,5.42,5.3139496
Enzyme,pAC50,2580,6.113,5.9959707
Enzyme,pAC50,2581,5.621,5.8022738
Enzyme,pAC50,2582,6.886,6.6194363
Enzyme,pAC50,2583,6.377,5.777028
Enzyme,pAC50,2584,5.444,5.2489147
Enzyme,pAC50,2585,5.097,3.9226263
Enzyme,pAC50,2586,6.398,6.091429
Enzyme,pAC50,2587,5.796,5.62047
Enzyme,pAC50,2588,5.959,6.3039465
Enzyme,pAC50,2589,5.523,4.2873774
Enzyme,pAC50,2590,4.444,4.419142
Enzyme,pAC50,2591,4.896,4.8227196
Enzyme,pAC50,2592,6.081,5.9624977
Enzyme,pAC50,2593,6.538,6.783957
Enzyme,pAC50,2594,5.252,5.854496
Enzyme,pAC50,2595,7.523,7.2746935
Enzyme,pAC50,2596,5.0,5.076682
Enzyme,pAC50,2597,7.745,7.735631
Enzyme,pAC50,2598,6.131,7.0750675
Enzyme,pAC50,2599,5.742,5.7465954
Enzyme,pAC50,2600,5.591,5.5915136
Enzyme,pAC50,2601,7.51,5.2449255
Enzyme,pAC50,2602,4.222,5.074496
Enzyme,pAC50,2603,3.66,4.7276134
Enzyme,pAC50,2604,3.499,4.6014733
Enzyme,pAC50,2605,6.281,6.053425
Enzyme,pAC50,2606,6.582,6.5845156
Enzyme,pAC50,2607,6.738,6.953432
Enzyme,pAC50,2608,7.252,7.217985
Enzyme,pAC50,2609,5.291,6.8845468
Enzyme,pAC50,2610,3.934,3.9566338
Enzyme,pAC50,2611,3.327,3.6844177
Enzyme,pAC50,2612,6.229,5.903185
Enzyme,pAC50,2613,5.602,6.6597433
Enzyme,pAC50,2614,4.959,4.8085055
Enzyme,pAC50,2615,5.252,5.1315413
Enzyme,pAC50,2616,8.26,8.135735
Enzyme,pAC50,2617,7.131,7.0001144
Enzyme,pAC50,2618,7.357,6.2363176
Enzyme,pAC50,2619,5.638,6.871458
Enzyme,pAC50,2620,6.108,6.248475
Enzyme,pAC50,2621,4.839,4.7745533
Enzyme,pAC50,2622,5.327,8.652655
Enzyme,pAC50,2623,5.046,5.143569
Enzyme,pAC50,2624,5.668,5.8834796
Enzyme,pAC50,2625,5.438,5.559272
Enzyme,pAC50,2626,4.921,5.371357
Enzyme,pAC50,2627,4.518,4.287198
Enzyme,pAC50,2628,4.187,4.817834
Enzyme,pAC50,2629,3.205,3.0296063
Enzyme,pAC50,2630,4.435,3.8932438
Enzyme,pAC50,2631,6.174,6.4002457
Enzyme,pAC50,2632,6.398,6.596229
Enzyme,pAC50,2633,7.854,7.7368135
Enzyme,pAC50,2634,5.633,6.1517715
Enzyme,pAC50,2635,6.678,6.856026
Enzyme,pAC50,2636,6.991,7.2756147
Enzyme,pAC50,2637,6.074,6.473228
Enzyme,pAC50,2638,5.831,6.44165
Enzyme,pAC50,2639,6.629,6.610516
Enzyme,pAC50,2640,6.303,6.2756314
Enzyme,pAC50,2641,5.301,5.3930874
Enzyme,pAC50,2642,5.301,5.3344803
Enzyme,pAC50,2643,5.2,6.2644916
Enzyme,pAC50,2644,8.284,8.532264
Enzyme,pAC50,2645,8.886,9.493373
Enzyme,pAC50,2646,8.886,9.12253
Enzyme,pAC50,2647,8.013,8.602572
Enzyme,pAC50,2648,9.0,8.745742
Enzyme,pAC50,2649,7.301,7.3119907
Enzyme,pAC50,2650,7.301,7.304206
Enzyme,pAC50,2651,3.226,3.4323978
Enzyme,pAC50,2652,3.0,5.083708
Enzyme,pAC50,2653,3.489,3.455984
Enzyme,pAC50,2654,3.707,3.6261897
Enzyme,pAC50,2655,2.102,2.0497227
Enzyme,pAC50,2656,2.12,1.8073381
Enzyme,pAC50,2657,2.09,2.9793324
Enzyme,pAC50,2658,2.866,4.3689475
Enzyme,pAC50,2659,3.978,3.5925694
Enzyme,pAC50,2660,4.932,5.0448246
Enzyme,pAC50,2661,6.051,6.0421705
Enzyme,pAC50,2662,6.051,6.042057
Enzyme,pAC50,2663,6.745,6.1068697
Enzyme,pAC50,2664,5.398,6.2243147
Enzyme,pAC50,2665,7.456,7.1026125
Enzyme,pAC50,2666,4.967,4.858738
Enzyme,pAC50,2667,6.034,5.7269187
Enzyme,pAC50,2668,7.0,7.2238264
Enzyme,pAC50,2669,6.301,6.161468
Enzyme,pAC50,2670,6.328,5.3961987
Enzyme,pAC50,2671,4.361,4.4991026
Enzyme,pAC50,2672,4.914,4.7871485
Enzyme,pAC50,2673,5.093,4.690376
Enzyme,pAC50,2674,5.373,5.103512
Enzyme,pAC50,2675,5.939,7.018238
Enzyme,pAC50,2676,6.31,6.404661
Enzyme,pAC50,2677,8.886,8.329237
Enzyme,pAC50,2678,6.409,6.31261
Enzyme,pAC50,2679,4.553,6.180419
Enzyme,pAC50,2680,5.745,5.905711
Enzyme,pAC50,2681,7.114,7.4839315
Enzyme,pAC50,2682,5.523,6.156014
Enzyme,pAC50,2683,4.418,4.9159546
Enzyme,pAC50,2684,9.086,8.529706
Enzyme,pAC50,2685,8.553,7.9061093
Enzyme,pAC50,2686,7.187,6.8330355
Enzyme,pAC50,2687,8.377,8.519952
Enzyme,pAC50,2688,7.745,6.9437323
Enzyme,pAC50,2689,4.0,3.4435613
Enzyme,pAC50,2690,5.585,5.731108
Enzyme,pAC50,2691,5.071,6.09478
Enzyme,pAC50,2692,8.524,7.7073536
Enzyme,pAC50,2693,4.208,4.7049923
Enzyme,pAC50,2694,4.886,4.4508815
Enzyme,pAC50,2695,10.699,8.6527605
Enzyme,pAC50,2696,5.347,6.424136
Enzyme,pAC50,2697,6.602,7.2121477
Enzyme,pAC50,2698,6.481,6.956155
Enzyme,pAC50,2699,8.357,7.3336134
Enzyme,pAC50,2700,5.268,6.964099
Enzyme,pAC50,2701,6.577,6.46385
Enzyme,pAC50,2702,5.137,5.7353506
Enzyme,pAC50,2703,5.602,5.730075
Enzyme,pAC50,2704,4.046,4.278025
Enzyme,pAC50,2705,5.046,4.944763
Enzyme,pAC50,2706,4.793,4.6158175
Enzyme,pAC50,2707,4.0,4.793856
Enzyme,pAC50,2708,4.924,3.9323611
Enzyme,pAC50,2709,4.554,4.2897735
Enzyme,pAC50,2710,3.301,5.3430386
Enzyme,pAC50,2711,6.0,5.1822085
Enzyme,pAC50,2712,4.886,5.334029
Enzyme,pAC50,2713,3.301,2.922219
Enzyme,pAC50,2714,4.0,4.523631
Enzyme,pAC50,2715,3.597,5.0432925
Enzyme,pAC50,2716,5.056,5.366037
Enzyme,pAC50,2717,5.119,5.1761885
Enzyme,pAC50,2718,6.456,6.0548725
Enzyme,pAC50,2719,4.842,5.291502
Enzyme,pAC50,2720,7.638,6.886878
Enzyme,pAC50,2721,6.9,7.2712164
Enzyme,pAC50,2722,7.638,6.577309
Enzyme,pAC50,2723,6.347,6.317891
Enzyme,pAC50,2724,6.393,6.387862
Enzyme,pAC50,2725,6.362,5.783331
Enzyme,pAC50,2726,6.886,6.699464
Enzyme,pAC50,2727,7.0,6.234316
Enzyme,pAC50,2728,3.565,3.447226
Enzyme,pAC50,2729,4.644,4.1964564
Enzyme,pAC50,2730,6.132,6.095787
Enzyme,pAC50,2731,7.913,7.5110025
Enzyme,pAC50,2732,4.556,4.365137
Enzyme,pAC50,2733,3.136,3.3195934
Enzyme,pAC50,2734,3.629,3.7014098
Enzyme,pAC50,2735,3.714,2.5773435
Enzyme,pAC50,2736,2.545,3.535798
Enzyme,pAC50,2737,6.714,7.3007092
Enzyme,pAC50,2738,4.702,4.934689
Enzyme,pAC50,2739,7.066,7.4904585
Enzyme,pAC50,2740,8.569,7.6210933
Enzyme,pAC50,2741,7.081,7.4843273
Enzyme,pAC50,2742,8.569,7.2759614
Enzyme,pAC50,2743,7.131,7.825695
Enzyme,pAC50,2744,3.131,3.5712218
Enzyme,pAC50,2745,2.137,4.584526
Enzyme,pAC50,2746,3.102,3.519473
Enzyme,pAC50,2747,3.62,2.7968159
Enzyme,pAC50,2748,3.066,4.1082244
Enzyme,pAC50,2749,7.854,7.2325954
Enzyme,pAC50,2750,5.511,5.7657566
Enzyme,pAC50,2751,6.857,6.006318
Enzyme,pAC50,2752,6.06,6.1117067
Enzyme,pAC50,2753,7.495,7.753097
Enzyme,pAC50,2754,6.119,5.841009
Enzyme,pAC50,2755,6.319,6.1105423
Enzyme,pAC50,2756,7.222,6.76152
Enzyme,pAC50,2757,5.734,5.9894686
Enzyme,pAC50,2758,7.301,7.0642557
Enzyme,pAC50,2759,3.933,4.0250335
Enzyme,pAC50,2760,5.469,5.565858
Enzyme,pAC50,2761,5.222,5.37656
Enzyme,pAC50,2762,5.284,5.993845
Enzyme,pAC50,2763,6.366,6.4764395
Enzyme,pAC50,2764,5.996,5.719039
Enzyme,pAC50,2765,3.979,3.7958622
Enzyme,pAC50,2766,4.64,4.551781
Enzyme,pAC50,2767,5.398,5.048985
Enzyme,pAC50,2768,5.959,5.643835
Enzyme,pAC50,2769,5.721,5.8288107
Enzyme,pAC50,2770,4.9,4.6726
Enzyme,pAC50,2771,6.128,6.214117
Enzyme,pAC50,2772,4.544,4.5397882
Enzyme,pAC50,2773,4.301,5.597479
Enzyme,pAC50,2774,4.991,5.079607
Enzyme,pAC50,2775,4.432,4.6482434
Enzyme,pAC50,2776,8.398,8.04902
Enzyme,pAC50,2777,7.301,7.016687
Enzyme,pAC50,2778,8.056,8.941953
Enzyme,pAC50,2779,8.022,7.663285
Enzyme,pAC50,2780,5.991,5.7018266
Enzyme,pAC50,2781,4.399,4.2921305
Enzyme,pAC50,2782,3.963,4.2254615
Enzyme,pAC50,2783,3.874,4.198144
Enzyme,pAC50,2784,5.712,5.7470446
Enzyme,pAC50,2785,5.6,5.8383064
Enzyme,pAC50,2786,7.523,7.571094
Enzyme,pAC50,2787,7.097,7.1970453
Enzyme,pAC50,2788,7.398,7.4830656
Enzyme,pAC50,2789,6.854,6.888047
Enzyme,pAC50,2790,5.131,4.9976554
Enzyme,pAC50,2791,4.623,4.565261
Enzyme,pAC50,2792,4.545,4.6742277
Enzyme,pAC50,2793,4.516,4.652212
Enzyme,pAC50,2794,4.777,4.503187
Enzyme,pAC50,2795,4.126,4.042141
Enzyme,pAC50,2796,3.527,3.7667365
Enzyme,pAC50,2797,6.35,6.3371067
Enzyme,pAC50,2798,4.318,4.4476886
Enzyme,pAC50,2799,4.479,4.8047695
Enzyme,pAC50,2800,3.603,3.9220865
Enzyme,pAC50,2801,3.287,3.7281234
Enzyme,pAC50,2802,3.698,4.067376
Enzyme,pAC50,2803,4.232,4.8657856
Enzyme,pAC50,2804,5.77,5.7885456
Enzyme,pAC50,2805,4.618,6.141159
Enzyme,pAC50,2806,5.368,5.335793
Enzyme,pAC50,2807,5.578,5.272538
Enzyme,pAC50,2808,4.631,4.7759943
Enzyme,pAC50,2809,5.126,4.813102
Enzyme,pAC50,2810,4.666,4.9697556
Enzyme,pAC50,2811,8.854,8.443992
Enzyme,pAC50,2812,7.509,7.567375
Enzyme,pAC50,2813,5.071,4.6434536
Enzyme,pAC50,2814,5.222,5.625802
Enzyme,pAC50,2815,5.108,5.4056597
Enzyme,pAC50,2816,4.401,4.4078016
Enzyme,pAC50,2817,4.42,4.320624
Enzyme,pAC50,2818,6.06,7.4605036
Enzyme,pAC50,2819,5.027,4.8366957
Enzyme,pAC50,2820,6.699,7.162442
Enzyme,pAC50,2821,7.268,6.9667444
Enzyme,pAC50,2822,6.699,6.158363
Enzyme,pAC50,2823,5.483,5.979087
Enzyme,pAC50,2824,6.75,6.323742
Enzyme,pAC50,2825,6.893,6.3110485
Enzyme,pAC50,2826,4.349,5.2647247
Enzyme,pAC50,2827,3.445,3.2841406
Enzyme,pAC50,2828,3.658,3.34582
Enzyme,pAC50,2829,5.004,4.6919107
Enzyme,pAC50,2830,6.3,6.3538194
Enzyme,pAC50,2831,5.706,5.79484
Enzyme,pAC50,2832,4.721,4.5797987
Enzyme,pAC50,2833,5.2,4.9997935
Enzyme,pAC50,2834,5.9,4.601304
Enzyme,pAC50,2835,4.678,4.0685754
Enzyme,pAC50,2836,6.149,5.714693
Enzyme,pAC50,2837,6.201,6.409766
Enzyme,pAC50,2838,6.032,5.777536
Enzyme,pAC50,2839,8.125,8.099481
Enzyme,pAC50,2840,6.158,6.5817595
Enzyme,pAC50,2841,7.959,7.765179
Enzyme,pAC50,2842,7.097,6.5983934
Enzyme,pAC50,2843,5.623,5.329439
Enzyme,pAC50,2844,5.81,5.527066
Enzyme,pAC50,2845,5.284,5.615512
Enzyme,pAC50,2846,5.257,5.427004
Enzyme,pAC50,2847,5.551,5.621414
Enzyme,pAC50,2848,5.426,5.801032
Enzyme,pAC50,2849,6.268,5.774596
Enzyme,pAC50,2850,5.987,5.745946
Enzyme,pAC50,2851,6.851,6.9723024
Enzyme,pAC50,2852,4.787,4.706459
Enzyme,pAC50,2853,5.048,5.0962515
Enzyme,pAC50,2854,5.411,5.3320007
Enzyme,pAC50,2855,4.845,4.9731297
Enzyme,pAC50,2856,4.935,6.1006474
Enzyme,pAC50,2857,6.222,6.0920887
Enzyme,pAC50,2858,7.009,6.441017
Enzyme,pAC50,2859,5.097,5.581558
Enzyme,pAC50,2860,7.284,5.683573
Enzyme,pAC50,2861,5.409,5.8672123
Enzyme,pAC50,2862,5.147,6.3945327
Enzyme,pAC50,2863,5.045,5.09776
Enzyme,pAC50,2864,4.611,4.7564793
Enzyme,pAC50,2865,5.506,4.8169904
Enzyme,pAC50,2866,4.585,5.133897
Enzyme,pAC50,2867,5.058,5.532147
Enzyme,pAC50,2868,5.046,5.2094903
Enzyme,pAC50,2869,4.854,5.061965
Enzyme,pAC50,2870,8.523,4.8307834
Enzyme,pAC50,2871,4.068,4.1676707
Enzyme,pAC50,2872,4.971,5.2576213
Enzyme,pAC50,2873,7.921,8.151555
Enzyme,pAC50,2874,8.218,8.333308
Enzyme,pAC50,2875,6.917,7.021244
Enzyme,pAC50,2876,6.521,6.734105
Enzyme,pAC50,2877,6.851,6.6727943
Enzyme,pAC50,2878,6.987,6.2523174
Enzyme,pAC50,2879,5.517,4.732927
Enzyme,pAC50,2880,4.712,4.7936773
Enzyme,pAC50,2881,5.194,5.217392
Enzyme,pAC50,2882,5.328,5.304421
Enzyme,pAC50,2883,4.465,4.249919
Enzyme,pAC50,2884,4.389,4.1468124
Enzyme,pAC50,2885,4.354,4.1764154
Enzyme,pAC50,2886,7.939,7.8657045
Enzyme,pAC50,2887,7.481,7.846588
Enzyme,pAC50,2888,7.62,7.769122
Enzyme,pAC50,2889,6.854,6.911729
Enzyme,pAC50,2890,9.0,8.918689
Enzyme,pAC50,2891,7.23,7.4969425
Enzyme,pAC50,2892,7.137,8.006713
Enzyme,pAC50,2893,4.51,5.1574793
Enzyme,pAC50,2894,4.447,4.8406124
Enzyme,pAC50,2895,4.863,4.8287373
Enzyme,pAC50,2896,3.242,3.3408003
Enzyme,pAC50,2897,5.194,4.986718
Enzyme,pAC50,2898,7.301,8.351499
Enzyme,pAC50,2899,6.854,8.560429
Enzyme,pAC50,2900,5.212,6.778391
Enzyme,pAC50,2901,5.83,6.4836392
Enzyme,pAC50,2902,6.365,6.53249
Enzyme,pAC50,2903,7.886,7.8470316
Enzyme,pAC50,2904,4.657,4.8225346
Enzyme,pAC50,2905,4.575,4.741954
Enzyme,pAC50,2906,4.686,5.1361666
Enzyme,pAC50,2907,5.101,5.004497
Enzyme,pAC50,2908,5.157,5.3647466
Enzyme,pAC50,2909,4.702,4.8339105
Enzyme,pAC50,2910,5.62,5.916588
Enzyme,pAC50,2911,5.9,5.722434
Enzyme,pAC50,2912,6.0,5.7325706
Enzyme,pAC50,2913,7.577,6.3875065
Enzyme,pAC50,2914,5.836,6.4427075
Enzyme,pAC50,2915,5.967,5.9275875
Enzyme,pAC50,2916,8.346,7.3419266
Enzyme,pAC50,2917,6.139,6.427756
Enzyme,pAC50,2918,5.818,5.9398894
Enzyme,pAC50,2919,4.971,4.6166162
Enzyme,pAC50,2920,4.415,4.4289203
Enzyme,pAC50,2921,5.066,4.9603996
Enzyme,pAC50,2922,4.863,4.748699
Enzyme,pAC50,2923,8.107,8.272759
Enzyme,pAC50,2924,8.246,8.319048
Enzyme,pAC50,2925,8.228,8.4956455
Enzyme,pAC50,2926,8.472,8.379857
Enzyme,pAC50,2927,5.8,5.9027524
Enzyme,pAC50,2928,8.207,8.601264
Enzyme,pAC50,2929,5.755,5.7700186
Enzyme,pAC50,2930,8.096,8.164813
Enzyme,pAC50,2931,8.372,8.367003
Enzyme,pAC50,2932,8.05,8.323676
Enzyme,pAC50,2933,8.278,8.375373
Enzyme,pAC50,2934,8.257,8.396881
Enzyme,pAC50,2935,8.379,8.428117
Enzyme,pAC50,2936,5.776,5.8852663
Enzyme,pAC50,2937,8.27,8.630998
Enzyme,pAC50,2938,5.763,5.7840443
Enzyme,pAC50,2939,8.041,8.254284
Enzyme,pAC50,2940,8.401,8.366149
Enzyme,pAC50,2941,5.372,5.243706
Enzyme,pAC50,2942,5.28,5.3435736
Enzyme,pAC50,2943,5.291,5.0409746
Enzyme,pAC50,2944,5.283,5.2540693
Enzyme,pAC50,2945,5.272,5.255
Enzyme,pAC50,2946,5.276,5.3308964
Enzyme,pAC50,2947,5.322,5.2985435
Enzyme,pAC50,2948,5.385,5.286971
Enzyme,pAC50,2949,5.258,5.242093
Enzyme,pAC50,2950,5.141,5.787505
Enzyme,pAC50,2951,5.267,4.807115
Enzyme,pAC50,2952,7.796,7.2592573
Enzyme,pAC50,2953,6.298,5.9134007
Enzyme,pAC50,2954,5.033,5.4397373
Enzyme,pAC50,2955,6.238,5.346389
Enzyme,pAC50,2956,7.592,7.755557
Enzyme,pAC50,2957,5.022,5.367098
Enzyme,pAC50,2958,5.9,6.309808
Enzyme,pAC50,2959,5.733,6.42058
Enzyme,pAC50,2960,7.4,7.348142
Enzyme,pAC50,2961,7.854,8.10661
Enzyme,pAC50,2962,7.108,7.597541
Enzyme,pAC50,2963,4.762,4.5503426
Enzyme,pAC50,2964,4.42,4.079415
Enzyme,pAC50,2965,7.141,7.0460606
Enzyme,pAC50,2966,5.182,5.288132
Enzyme,pAC50,2967,7.167,6.9419107
Enzyme,pAC50,2968,6.368,6.300312
Enzyme,pAC50,2969,8.301,7.7255306
Enzyme,pAC50,2970,8.097,7.6697965
Enzyme,pAC50,2971,7.921,7.1809354
Enzyme,pAC50,2972,4.648,5.8610425
Enzyme,pAC50,2973,6.192,6.1859384
Enzyme,pAC50,2974,6.383,5.5802355
Enzyme,pAC50,2975,8.046,7.60093
Enzyme,pAC50,2976,7.347,6.552399
Enzyme,pAC50,2977,7.337,6.4049277
Enzyme,pAC50,2978,4.567,6.2580423
Enzyme,pAC50,2979,5.115,5.7040415
Enzyme,pAC50,2980,6.151,6.017487
Enzyme,pAC50,2981,6.463,6.185882
Enzyme,pAC50,2982,4.379,4.4390774
Enzyme,pAC50,2983,4.067,4.0831833
Enzyme,pAC50,2984,4.225,4.424699
Enzyme,pAC50,2985,9.046,8.837703
Enzyme,pAC50,2986,8.222,8.479735
Enzyme,pAC50,2987,6.489,7.8387303
Enzyme,pAC50,2988,5.102,5.203854
Enzyme,pAC50,2989,5.921,5.7715178
Enzyme,pAC50,2990,6.538,6.144421
Enzyme,pAC50,2991,4.173,4.254887
Enzyme,pAC50,2992,5.357,4.972932
Enzyme,pAC50,2993,5.842,5.283409
Enzyme,pAC50,2994,3.432,3.3641467
Enzyme,pAC50,2995,5.194,4.580824
Enzyme,pAC50,2996,5.936,5.9721932
Enzyme,pAC50,2997,7.009,6.89073
Enzyme,pAC50,2998,6.168,6.109304
Enzyme,pAC50,2999,2.854,3.6429415
Enzyme,pAC50,3000,6.347,4.9241037
Enzyme,pAC50,3001,5.12,5.592821
Enzyme,pAC50,3002,5.58,5.599502
Enzyme,pAC50,3003,7.097,7.4852657
Enzyme,pAC50,3004,7.611,7.324972
Enzyme,pAC50,3005,7.409,7.020452
Enzyme,pAC50,3006,6.222,6.3800797
Enzyme,pAC50,3007,3.854,4.29967
Enzyme,pAC50,3008,5.208,5.0007353
Enzyme,pAC50,3009,4.959,5.028393
Enzyme,pAC50,3010,5.3,4.852807
Enzyme,pAC50,3011,4.62,4.956905
Enzyme,pAC50,3012,5.46,5.4973516
Enzyme,pAC50,3013,4.89,5.008285
Enzyme,pAC50,3014,4.444,5.6080184
Enzyme,pAC50,3015,5.444,5.5691276
Enzyme,pAC50,3016,5.585,5.8752418
Enzyme,pAC50,3017,5.719,5.683271
Enzyme,pAC50,3018,5.567,5.661341
Enzyme,pAC50,3019,5.428,5.50379
Enzyme,pAC50,3020,5.062,5.4778266
Enzyme,pAC50,3021,5.775,5.7876005
Enzyme,pAC50,3022,5.541,5.83062
Enzyme,pAC50,3023,5.457,5.1109076
Enzyme,pAC50,3024,5.334,5.679199
Enzyme,pAC50,3025,4.838,5.678734
Enzyme,pAC50,3026,5.126,5.1972303
Enzyme,pAC50,3027,5.678,5.753691
Enzyme,pAC50,3028,5.946,6.2481375
Enzyme,pAC50,3029,5.933,6.3243313
Enzyme,pAC50,3030,5.937,6.2694435
Enzyme,pAC50,3031,6.393,7.559554
Enzyme,pAC50,3032,6.301,6.3379145
Enzyme,pAC50,3033,4.955,5.02057
Enzyme,pAC50,3034,6.643,6.829322
Enzyme,pAC50,3035,5.283,5.561242
Enzyme,pAC50,3036,4.71,4.3957853
Enzyme,pAC50,3037,3.879,3.6925135
Enzyme,pAC50,3038,3.65,3.5266478
Enzyme,pAC50,3039,3.775,4.6394935
Enzyme,pAC50,3040,7.738,7.7776957
Enzyme,pAC50,3041,6.959,6.5342903
Enzyme,pAC50,3042,4.917,5.4763784
Enzyme,pAC50,3043,6.521,6.427002
Enzyme,pAC50,3044,6.371,6.591961
Enzyme,pAC50,3045,6.02,6.283959
Enzyme,pAC50,3046,7.089,7.8410196
Enzyme,pAC50,3047,3.301,3.5187736
Enzyme,pAC50,3048,7.824,8.354745
Enzyme,pAC50,3049,8.523,8.799178
Enzyme,pAC50,3050,7.164,7.0512214
Enzyme,pAC50,3051,4.62,5.6310167
Enzyme,pAC50,3052,5.854,5.7061625
Enzyme,pAC50,3053,5.119,7.127486
Enzyme,pAC50,3054,4.213,4.2216682
Enzyme,pAC50,3055,8.066,7.905546
Enzyme,pAC50,3056,6.187,5.7479887
Enzyme,pAC50,3057,6.399,6.285391
Enzyme,pAC50,3058,6.192,6.6347413
Enzyme,pAC50,3059,4.609,4.893371
Enzyme,pAC50,3060,5.996,6.678314
Enzyme,pAC50,3061,4.084,4.6931806
Enzyme,pAC50,3062,5.097,5.0634794
Enzyme,pAC50,3063,5.569,5.4979405
Enzyme,pAC50,3064,6.87,6.872553
Enzyme,pAC50,3065,6.523,7.0244207
Enzyme,pAC50,3066,5.009,4.9072685
Enzyme,pAC50,3067,4.447,4.017301
Enzyme,pAC50,3068,4.0,3.9143147
Enzyme,pAC50,3069,5.27,5.3132563
Enzyme,pAC50,3070,6.678,6.181389
Enzyme,pAC50,3071,5.827,5.8864293
Enzyme,pAC50,3072,5.106,5.5767183
Enzyme,pAC50,3073,2.627,2.4836564
Enzyme,pAC50,3074,3.875,4.1470814
Enzyme,pAC50,3075,5.674,6.4576144
Enzyme,pAC50,3076,7.161,6.909436
Enzyme,pAC50,3077,5.886,5.6835876
Enzyme,pAC50,3078,8.854,8.950474
Enzyme,pAC50,3079,8.194,8.435967
Enzyme,pAC50,3080,4.517,4.4820566
Enzyme,pAC50,3081,5.151,4.8788157
Enzyme,pAC50,3082,5.293,5.0304356
Enzyme,pAC50,3083,4.318,4.8246613
Enzyme,pAC50,3084,8.108,7.773302
Enzyme,pAC50,3085,6.337,6.7709675
Enzyme,pAC50,3086,6.081,6.2594557
Enzyme,pAC50,3087,6.733,6.7168245
Enzyme,pAC50,3088,5.419,4.3255377
Enzyme,pAC50,3089,5.0,4.8383064
Enzyme,pAC50,3090,7.969,7.973695
Enzyme,pAC50,3091,7.678,7.9021883
Enzyme,pAC50,3092,5.056,4.7195563
Enzyme,pAC50,3093,7.155,7.128271
Enzyme,pAC50,3094,5.87,6.550865
Enzyme,pAC50,3095,5.523,5.602454
Enzyme,pAC50,3096,5.149,5.184885
Enzyme,pAC50,3097,4.272,4.6544027
Enzyme,pAC50,3098,3.658,4.4669924
Enzyme,pAC50,3099,5.595,2.8636405
Enzyme,pAC50,3100,8.292,8.356173
Enzyme,pAC50,3101,4.62,4.4242105
Enzyme,pAC50,3102,8.678,8.56581
Enzyme,pAC50,3103,5.268,5.2405577
Enzyme,pAC50,3104,6.903,7.095332
Enzyme,pAC50,3105,3.461,3.5103264
Enzyme,pAC50,3106,4.443,4.4917164
Enzyme,pAC50,3107,6.714,6.723783
Enzyme,pAC50,3108,6.463,6.801482
Enzyme,pAC50,3109,4.201,4.274084
Enzyme,pAC50,3110,4.556,4.6239915
Enzyme,pAC50,3111,5.967,5.9716234
Enzyme,pAC50,3112,6.567,6.7207503
Enzyme,pAC50,3113,6.34,6.66751
Enzyme,pAC50,3114,7.554,7.1776752
Enzyme,pAC50,3115,6.469,5.611253
Enzyme,pAC50,3116,6.406,6.339944
Enzyme,pAC50,3117,6.408,6.1459894
Enzyme,pAC50,3118,6.093,5.8503213
Enzyme,pAC50,3119,9.721,8.642276
Enzyme,pAC50,3120,7.662,8.261456
Enzyme,pAC50,3121,5.802,6.7422066
Enzyme,pAC50,3122,7.564,7.251762
Enzyme,pAC50,3123,6.538,6.5317373
Enzyme,pAC50,3124,6.745,6.4435067
Enzyme,pAC50,3125,4.737,4.614262
Enzyme,pAC50,3126,4.281,4.1258807
Enzyme,pAC50,3127,5.097,5.765666
Enzyme,pAC50,3128,6.631,6.6687765
Enzyme,pAC50,3129,6.366,6.2572794
Enzyme,pAC50,3130,4.983,4.8546553
Enzyme,pAC50,3131,6.77,6.3350763
Enzyme,pAC50,3132,4.16,4.11231
Enzyme,pAC50,3133,4.272,4.1677737
Enzyme,pAC50,3134,6.714,7.32656
Enzyme,pAC50,3135,5.739,5.7510805
Enzyme,pAC50,3136,6.804,6.7155304
Enzyme,pAC50,3137,8.036,7.1170335
Enzyme,pAC50,3138,7.523,7.9613595
Enzyme,pAC50,3139,5.331,5.276293
Enzyme,pAC50,3140,5.46,5.559187
Enzyme,pAC50,3141,5.287,5.236946
Enzyme,pAC50,3142,6.137,6.331094
Enzyme,pAC50,3143,5.644,5.837738
Enzyme,pAC50,3144,5.759,5.914161
Enzyme,pAC50,3145,7.886,7.5858006
Enzyme,pAC50,3146,5.688,5.2186637
Enzyme,pAC50,3147,9.796,9.030534
Enzyme,pAC50,3148,6.959,7.027654
Enzyme,pAC50,3149,8.602,8.883901
Enzyme,pAC50,3150,7.469,7.6352863
Enzyme,pAC50,3151,6.699,6.598021
Enzyme,pAC50,3152,4.328,6.761623
Enzyme,pAC50,3153,4.268,5.1609373
Enzyme,pAC50,3154,4.882,4.9583387
Enzyme,pAC50,3155,4.367,4.4733458
Enzyme,pAC50,3156,3.371,3.502808
Enzyme,pAC50,3157,6.229,6.283626
Enzyme,pAC50,3158,4.971,5.415724
Enzyme,pAC50,3159,6.42,7.426303
Enzyme,pAC50,3160,6.569,7.0658903
Enzyme,pAC50,3161,6.029,5.746973
Enzyme,pAC50,3162,4.237,4.6928625
Enzyme,pAC50,3163,4.97,4.9875393
Enzyme,pAC50,3164,4.6,4.84192
Enzyme,pAC50,3165,4.965,5.015266
Enzyme,pAC50,3166,5.169,4.9419637
Enzyme,pAC50,3167,4.77,4.8144894
Enzyme,pAC50,3168,4.458,4.095346
Enzyme,pAC50,3169,4.264,4.168547
Enzyme,pAC50,3170,4.16,4.451192
Enzyme,pAC50,3171,4.241,4.4321423
Enzyme,pAC50,3172,4.44,4.260023
Enzyme,pAC50,3173,4.031,4.2934856
Enzyme,pAC50,3174,4.018,4.1280975
Enzyme,pAC50,3175,4.083,4.0875235
Enzyme,pAC50,3176,7.061,7.5210857
Enzyme,pAC50,3177,4.607,4.778304
Enzyme,pAC50,3178,5.699,4.8951974
Enzyme,pAC50,3179,4.951,5.604355
Enzyme,pAC50,3180,5.745,5.595732
Enzyme,pAC50,3181,5.233,5.4908066
Enzyme,pAC50,3182,3.86,3.993235
Enzyme,pAC50,3183,4.699,4.602303
Enzyme,pAC50,3184,7.62,7.894888
Enzyme,pAC50,3185,7.796,8.110208
Enzyme,pAC50,3186,8.0,8.350699
Enzyme,pAC50,3187,3.02,3.072338
Enzyme,pAC50,3188,6.793,6.2904377
Enzyme,pAC50,3189,4.383,3.9779515
Enzyme,pAC50,3190,6.04,6.084678
Enzyme,pAC50,3191,4.847,4.7462373
Enzyme,pAC50,3192,6.693,6.5405064
Enzyme,pAC50,3193,8.301,7.9909306
Enzyme,pAC50,3194,6.274,5.5128813
Enzyme,pAC50,3195,5.86,5.7743225
Enzyme,pAC50,3196,6.662,6.291636
Enzyme,pAC50,3197,6.991,7.018973
Enzyme,pAC50,3198,6.79,7.014109
Enzyme,pAC50,3199,5.75,6.047514
Enzyme,pAC50,3200,4.151,4.1597347
Enzyme,pAC50,3201,4.903,5.2801657
Enzyme,pAC50,3202,6.121,6.3846755
Enzyme,pAC50,3203,5.658,5.561933
Enzyme,pAC50,3204,5.332,5.7249174
Enzyme,pAC50,3205,5.345,5.908743
Enzyme,pAC50,3206,6.678,6.616455
Enzyme,pAC50,3207,5.034,5.198257
Enzyme,pAC50,3208,4.958,4.6635714
Enzyme,pAC50,3209,4.975,5.3156013
Enzyme,pAC50,3210,5.712,5.8718333
Enzyme,pAC50,3211,5.738,5.1463766
Enzyme,pAC50,3212,5.444,5.574289
Enzyme,pAC50,3213,7.854,7.3995514
Enzyme,pAC50,3214,5.658,4.560492
Enzyme,pAC50,3215,6.292,5.728979
Enzyme,pAC50,3216,4.493,5.630722
Enzyme,pAC50,3217,5.777,5.489766
Enzyme,pAC50,3218,5.503,5.4057693
Enzyme,pAC50,3219,5.772,5.479174
Enzyme,pAC50,3220,4.326,4.4513493
Enzyme,pAC50,3221,6.59,6.323675
Enzyme,pAC50,3222,3.676,3.6299686
Enzyme,pAC50,3223,5.523,5.617444
Enzyme,pAC50,3224,5.509,5.943521
Enzyme,pAC50,3225,3.734,4.127902
Enzyme,pAC50,3226,7.337,7.603612
Enzyme,pAC50,3227,5.804,5.94828
Enzyme,pAC50,3228,4.899,5.5199933
Enzyme,pAC50,3229,4.827,4.608594
Enzyme,pAC50,3230,7.301,6.5754814
Enzyme,pAC50,3231,3.096,3.2689552
Enzyme,pAC50,3232,3.042,3.2003083
Enzyme,pAC50,3233,3.204,3.2742364
Enzyme,pAC50,3234,4.892,3.7339938
Enzyme,pAC50,3235,4.858,4.7257605
Enzyme,pAC50,3236,5.29,4.6710396
Enzyme,pAC50,3237,6.554,6.9542866
Enzyme,pAC50,3238,5.327,5.30528
Enzyme,pAC50,3239,6.273,6.2521744
Enzyme,pAC50,3240,5.754,5.5664506
Enzyme,pAC50,3241,7.658,7.31623
Enzyme,pAC50,3242,5.207,5.962099
Enzyme,pAC50,3243,7.157,7.481419
Enzyme,pAC50,3244,9.097,8.817708
Enzyme,pAC50,3245,5.367,5.4698257
Enzyme,pAC50,3246,6.171,5.9063435
Enzyme,pAC50,3247,5.721,5.1413374
Enzyme,pAC50,3248,4.682,5.0279255
Enzyme,pAC50,3249,5.167,5.095955
Enzyme,pAC50,3250,4.67,5.4484444
Enzyme,pAC50,3251,4.502,4.527754
Enzyme,pAC50,3252,4.963,4.937218
Enzyme,pAC50,3253,8.137,7.321612
Enzyme,pAC50,3254,7.301,6.333897
Enzyme,pAC50,3255,3.75,6.1095304
Enzyme,pAC50,3256,8.546,7.960236
Enzyme,pAC50,3257,7.928,8.028062
Enzyme,pAC50,3258,7.652,8.054017
Enzyme,pAC50,3259,7.821,8.012749
Enzyme,pAC50,3260,6.268,5.269825
Enzyme,pAC50,3261,5.686,4.91914
Enzyme,pAC50,3262,5.087,5.360675
Enzyme,pAC50,3263,5.485,6.0022426
Enzyme,pAC50,3264,7.699,6.6368756
Enzyme,pAC50,3265,8.194,7.851204
Enzyme,pAC50,3266,7.996,8.1723585
Enzyme,pAC50,3267,7.69,7.6407466
Enzyme,pAC50,3268,6.561,5.921317
Enzyme,pAC50,3269,7.075,6.7376275
Enzyme,pAC50,3270,4.996,4.9612064
Enzyme,pAC50,3271,3.897,3.6603563
Enzyme,pAC50,3272,3.896,4.2051296
Enzyme,pAC50,3273,5.119,5.4076195
Enzyme,pAC50,3274,5.509,5.624937
Enzyme,pAC50,3275,6.83,6.520789
Enzyme,pAC50,3276,6.646,6.8808355
Enzyme,pAC50,3277,5.764,5.8799243
Enzyme,pAC50,3278,7.046,6.769827
Enzyme,pAC50,3279,5.036,5.7151356
Enzyme,pAC50,3280,4.025,3.740996
Enzyme,pAC50,3281,3.905,3.8515985
Enzyme,pAC50,3282,3.848,3.7256627
Enzyme,pAC50,3283,4.352,4.2572784
Enzyme,pAC50,3284,4.359,4.4116287
Enzyme,pAC50,3285,4.333,4.6562095
Enzyme,pAC50,3286,6.42,6.5419064
Enzyme,pAC50,3287,6.387,6.519372
Enzyme,pAC50,3288,3.372,3.350437
Enzyme,pAC50,3289,8.733,8.371671
Enzyme,pAC50,3290,7.636,7.6478333
Enzyme,pAC50,3291,7.635,7.678824
Enzyme,pAC50,3292,5.117,5.3338833
Enzyme,pAC50,3293,5.504,5.7875185
Enzyme,pAC50,3294,5.169,5.271823
Enzyme,pAC50,3295,6.745,5.415454
Enzyme,pAC50,3296,6.721,6.8176503
Enzyme,pAC50,3297,6.046,5.4640493
Enzyme,pAC50,3298,5.538,5.8504105
Enzyme,pAC50,3299,5.585,5.3337355
Enzyme,pAC50,3300,5.398,5.591099
Enzyme,pAC50,3301,5.886,6.079285
Enzyme,pAC50,3302,4.854,4.8635817
Enzyme,pAC50,3303,6.137,5.7412834
Enzyme,pAC50,3304,5.824,5.6993437
Enzyme,pAC50,3305,5.0,5.2016563
Enzyme,pAC50,3306,5.004,5.816595
Enzyme,pAC50,3307,5.456,5.4165835
Enzyme,pAC50,3308,5.481,5.3601856
Enzyme,pAC50,3309,4.013,4.2435865
Enzyme,pAC50,3310,5.456,3.606244
Enzyme,pAC50,3311,5.959,5.7644863
Enzyme,pAC50,3312,5.848,5.6508865
Enzyme,pAC50,3313,5.31,5.538802
Enzyme,pAC50,3314,6.125,6.5347347
Enzyme,pAC50,3315,7.174,6.3792143
Enzyme,pAC50,3316,5.0,5.3081627
Enzyme,pAC50,3317,5.0,5.0558596
Enzyme,pAC50,3318,5.936,6.0215044
Enzyme,pAC50,3319,6.372,5.6229463
Enzyme,pAC50,3320,4.467,3.5420861
Enzyme,pAC50,3321,4.851,4.349454
Enzyme,pAC50,3322,5.437,4.3341293
Enzyme,pAC50,3323,5.239,5.970346
Enzyme,pAC50,3324,3.268,3.2670407
Enzyme,pAC50,3325,3.18,3.140455
Enzyme,pAC50,3326,6.067,5.6384087
Enzyme,pAC50,3327,6.665,5.870686
Enzyme,pAC50,3328,7.42,6.6394224
Enzyme,pAC50,3329,4.18,4.175602
Enzyme,pAC50,3330,5.827,6.232485
Enzyme,pAC50,3331,6.208,5.6868515
Enzyme,pAC50,3332,5.497,5.5858774
Enzyme,pAC50,3333,7.509,6.1126585
Enzyme,pAC50,3334,5.569,5.4951706
Enzyme,pAC50,3335,6.745,6.659152
Enzyme,pAC50,3336,5.921,7.367635
Enzyme,pAC50,3337,6.319,5.713291
Enzyme,pAC50,3338,6.26,6.9873238
Enzyme,pAC50,3339,6.051,6.048838
Enzyme,pAC50,3340,6.319,6.0493646
Enzyme,pAC50,3341,4.684,4.333899
Enzyme,pAC50,3342,3.955,5.5023584
Enzyme,pAC50,3343,5.22,5.0671453
Enzyme,pAC50,3344,5.097,5.2704864
Enzyme,pAC50,3345,4.801,5.1439323
Enzyme,pAC50,3346,4.799,4.9020567
Enzyme,pAC50,3347,5.77,4.528138
Enzyme,pAC50,3348,6.161,6.2246723
Enzyme,pAC50,3349,5.524,6.193779
Enzyme,pAC50,3350,5.648,6.0630054
Enzyme,pAC50,3351,8.893,7.7507877
Enzyme,pAC50,3352,7.101,8.070077
Enzyme,pAC50,3353,7.357,7.615335
Enzyme,pAC50,3354,6.783,6.986825
Enzyme,pAC50,3355,6.26,5.7345476
Enzyme,pAC50,3356,4.951,6.6018047
Enzyme,pAC50,3357,5.201,5.226095
Enzyme,pAC50,3358,5.481,5.6231117
Enzyme,pAC50,3359,8.831,8.709668
Enzyme,pAC50,3360,8.062,8.382499
Enzyme,pAC50,3361,9.155,6.7883415
Enzyme,pAC50,3362,6.284,5.2410707
Enzyme,pAC50,3363,8.097,4.6050634
Enzyme,pAC50,3364,7.398,4.7172136
Enzyme,pAC50,3365,6.31,4.5234146
Enzyme,pAC50,3366,4.959,4.8293333
Enzyme,pAC50,3367,6.521,7.502351
Enzyme,pAC50,3368,6.246,7.1461215
Enzyme,pAC50,3369,7.567,7.5132084
Enzyme,pAC50,3370,4.202,4.354348
Enzyme,pAC50,3371,4.676,4.850605
Enzyme,pAC50,3372,4.698,5.0560117
Enzyme,pAC50,3373,4.656,5.6802073
Enzyme,pAC50,3374,5.481,5.581944
Enzyme,pAC50,3375,4.602,4.4686184
Enzyme,pAC50,3376,4.494,4.6912537
Enzyme,pAC50,3377,4.609,5.938315
Enzyme,pAC50,3378,5.045,6.15539
Enzyme,pAC50,3379,8.063,7.8340106
Enzyme,pAC50,3380,7.642,6.9943295
Enzyme,pAC50,3381,7.582,7.693873
Enzyme,pAC50,3382,7.218,7.4505568
Enzyme,pAC50,3383,4.065,5.6881285
Enzyme,pAC50,3384,4.682,4.4438953
Enzyme,pAC50,3385,4.708,4.711841
Enzyme,pAC50,3386,4.603,5.437954
Enzyme,pAC50,3387,6.246,5.271222
Enzyme,pAC50,3388,6.133,6.263217
Enzyme,pAC50,3389,6.37,7.62327
Enzyme,pAC50,3390,4.026,4.418038
Enzyme,pAC50,3391,5.611,6.442361
Enzyme,pAC50,3392,6.432,5.588971
Enzyme,pAC50,3393,5.893,5.1618834
Enzyme,pAC50,3394,5.907,6.1411858
Enzyme,pAC50,3395,6.432,6.277192
Enzyme,pAC50,3396,5.884,6.1154184
Enzyme,pAC50,3397,7.125,7.397294
Enzyme,pAC50,3398,5.155,5.0880823
Enzyme,pAC50,3399,4.258,4.744053
Enzyme,pAC50,3400,4.833,4.6174192
Enzyme,pAC50,3401,7.495,8.230517
Enzyme,pAC50,3402,7.959,8.200347
Enzyme,pAC50,3403,5.602,5.495761
Enzyme,pAC50,3404,7.167,7.2662864
Enzyme,pAC50,3405,7.398,7.844654
Enzyme,pAC50,3406,4.232,4.666321
Enzyme,pAC50,3407,4.95,4.9258137
Enzyme,pAC50,3408,5.131,5.100493
Enzyme,pAC50,3409,5.907,5.5131006
Enzyme,pAC50,3410,7.092,6.2578354
Enzyme,pAC50,3411,6.056,5.93659
Enzyme,pAC50,3412,7.347,7.4160223
Enzyme,pAC50,3413,7.167,7.0777493
Enzyme,pAC50,3414,7.161,7.1321754
Enzyme,pAC50,3415,7.231,7.115143
Enzyme,pAC50,3416,7.294,7.1152368
Enzyme,pAC50,3417,5.539,5.376109
Enzyme,pAC50,3418,7.0,6.1580234
Enzyme,pAC50,3419,6.652,7.293007
Enzyme,pAC50,3420,4.509,4.108239
Enzyme,pAC50,3421,4.319,4.388667
Enzyme,pAC50,3422,4.575,4.1395054
Enzyme,pAC50,3423,3.177,5.74242
Enzyme,pAC50,3424,6.805,7.2692223
Enzyme,pAC50,3425,6.967,7.4350166
Enzyme,pAC50,3426,6.87,6.9328966
Enzyme,pAC50,3427,6.931,6.608388
Enzyme,pAC50,3428,4.821,5.229534
Enzyme,pAC50,3429,4.78,6.324073
Enzyme,pAC50,3430,6.721,6.8000045
Enzyme,pAC50,3431,4.0,4.5686316
Enzyme,pAC50,3432,4.115,3.6621256
Enzyme,pAC50,3433,3.305,3.5135565
Enzyme,pAC50,3434,7.668,7.4540944
Enzyme,pAC50,3435,6.876,7.070471
Enzyme,pAC50,3436,6.258,5.6361437
Enzyme,pAC50,3437,6.375,7.449324
Enzyme,pAC50,3438,7.023,7.283268
Enzyme,pAC50,3439,5.991,5.6512423
Enzyme,pAC50,3440,5.267,4.594285
Enzyme,pAC50,3441,6.174,5.9846745
Enzyme,pAC50,3442,5.686,5.5513725
Enzyme,pAC50,3443,7.301,7.6144533
Enzyme,pAC50,3444,4.006,3.9721637
Enzyme,pAC50,3445,4.804,4.6806507
Enzyme,pAC50,3446,3.957,4.0166545
Enzyme,pAC50,3447,4.053,3.9459617
Enzyme,pAC50,3448,7.513,7.066502
Enzyme,pAC50,3449,5.244,6.370493
Enzyme,pAC50,3450,4.335,4.6748343
Enzyme,pAC50,3451,5.889,6.8975086
Enzyme,pAC50,3452,4.073,4.4500704
Enzyme,pAC50,3453,4.426,4.0874786
Enzyme,pAC50,3454,5.569,5.5904617
Enzyme,pAC50,3455,6.102,5.4213023
Enzyme,pAC50,3456,6.997,7.4785323
Enzyme,pAC50,3457,5.256,6.9436917
Enzyme,pAC50,3458,3.083,3.2220893
Enzyme,pAC50,3459,2.379,2.2121558
Enzyme,pAC50,3460,5.134,5.40526
Enzyme,pAC50,3461,4.991,5.4258194
Enzyme,pAC50,3462,5.559,6.4357457
Enzyme,pAC50,3463,4.413,5.8206587
Enzyme,pAC50,3464,4.409,5.189589
Enzyme,pAC50,3465,4.328,5.0449333
Enzyme,pAC50,3466,6.183,6.223976
Enzyme,pAC50,3467,6.509,6.2748137
Enzyme,pAC50,3468,6.52,7.2890816
Enzyme,pAC50,3469,5.879,6.6398277
Enzyme,pAC50,3470,7.276,7.4846845
Enzyme,pAC50,3471,5.466,7.3941364
Enzyme,pAC50,3472,4.883,5.019951
Enzyme,pAC50,3473,6.161,6.05767
Enzyme,pAC50,3474,7.161,6.591928
Enzyme,pAC50,3475,5.948,6.043041
Enzyme,pAC50,3476,7.013,5.9878407
Enzyme,pAC50,3477,5.616,5.645282
Enzyme,pAC50,3478,7.26,6.370892
Enzyme,pAC50,3479,5.703,5.0344124
Enzyme,pAC50,3480,7.456,7.734848
Enzyme,pAC50,3481,7.481,6.304122
Enzyme,pAC50,3482,7.161,7.647521
Enzyme,pAC50,3483,7.745,7.3422065
Enzyme,pAC50,3484,5.578,5.4057646
Enzyme,pAC50,3485,5.75,6.0229025
Enzyme,pAC50,3486,5.873,6.357505
Enzyme,pAC50,3487,7.009,6.1632624
Enzyme,pAC50,3488,5.907,5.8807964
Enzyme,pAC50,3489,6.085,6.3898697
Enzyme,pAC50,3490,5.936,5.880723
Enzyme,pAC50,3491,5.928,6.648821
Enzyme,pAC50,3492,6.66,6.90974
Enzyme,pAC50,3493,5.728,6.026371
Enzyme,pAC50,3494,7.051,6.890734
Enzyme,pAC50,3495,4.884,5.17455
Enzyme,pAC50,3496,5.031,4.7582064
Enzyme,pAC50,3497,5.241,4.987548
Enzyme,pAC50,3498,5.616,4.933365
Enzyme,pAC50,3499,5.544,5.481533
Enzyme,pAC50,3500,5.648,5.101614
Enzyme,pAC50,3501,4.6,4.723233
Enzyme,pAC50,3502,4.405,4.8065124
Enzyme,pAC50,3503,6.172,5.7736607
Enzyme,pAC50,3504,6.027,6.005863
Enzyme,pAC50,3505,7.131,7.360367
Enzyme,pAC50,3506,6.703,7.1695094
Enzyme,pAC50,3507,5.578,6.055091
Enzyme,pAC50,3508,6.143,6.559845
Enzyme,pAC50,3509,6.32,6.578019
Enzyme,pAC50,3510,5.22,5.9629464
Enzyme,pAC50,3511,5.94,7.5305986
Enzyme,pAC50,3512,8.0,7.274203
Enzyme,pAC50,3513,7.161,6.8487396
Enzyme,pAC50,3514,5.85,6.7500434
Enzyme,pAC50,3515,9.071,9.698566
Enzyme,pAC50,3516,7.18,6.80407
Enzyme,pAC50,3517,5.31,5.6197863
Enzyme,pAC50,3518,7.42,6.7884445
Enzyme,pAC50,3519,5.46,5.2991652
Enzyme,pAC50,3520,7.051,6.6563773
Enzyme,pAC50,3521,5.753,6.5927086
Enzyme,pAC50,3522,8.31,8.088717
Enzyme,pAC50,3523,5.046,5.266733
Enzyme,pAC50,3524,7.796,7.7692957
Enzyme,pAC50,3525,7.796,7.0384874
Enzyme,pAC50,3526,9.569,9.711254
Enzyme,pAC50,3527,3.996,4.815301
Enzyme,pAC50,3528,4.61,4.651833
Enzyme,pAC50,3529,5.063,4.6882663
Enzyme,pAC50,3530,4.466,4.614464
Enzyme,pAC50,3531,4.239,4.6481557
Enzyme,pAC50,3532,6.588,7.10725
Enzyme,pAC50,3533,6.69,7.0282564
Enzyme,pAC50,3534,5.542,5.4200497
Enzyme,pAC50,3535,6.277,6.527695
Enzyme,pAC50,3536,6.91,6.960291
Enzyme,pAC50,3537,7.215,6.898609
Enzyme,pAC50,3538,6.426,6.41045
Enzyme,pAC50,3539,6.37,7.3645453
Enzyme,pAC50,3540,5.631,6.5058403
Enzyme,pAC50,3541,5.114,4.8530955
Enzyme,pAC50,3542,7.0,6.8447194
Enzyme,pAC50,3543,5.848,6.018065
Enzyme,pAC50,3544,5.71,5.6758637
Enzyme,pAC50,3545,7.469,7.9563656
Enzyme,pAC50,3546,7.538,7.558591
Enzyme,pAC50,3547,7.796,7.982991
Enzyme,pAC50,3548,7.602,7.2871323
Enzyme,pAC50,3549,6.42,6.616615
Enzyme,pAC50,3550,6.921,7.108934
Enzyme,pAC50,3551,4.06,4.001045
Enzyme,pAC50,3552,6.292,5.409895
Enzyme,pAC50,3553,5.555,5.6621094
Enzyme,pAC50,3554,5.229,4.7854376
Enzyme,pAC50,3555,5.602,4.522027
Enzyme,pAC50,3556,4.921,5.867218
Enzyme,pAC50,3557,4.495,5.957651
Enzyme,pAC50,3558,5.495,5.403596
Enzyme,pAC50,3559,4.876,5.7944517
Enzyme,pAC50,3560,4.627,4.486195
Enzyme,pAC50,3561,4.372,4.329241
Enzyme,pAC50,3562,8.252,7.770094
Enzyme,pAC50,3563,8.377,8.224513
Enzyme,pAC50,3564,8.041,7.8494987
Enzyme,pAC50,3565,5.363,5.4514084
Enzyme,pAC50,3566,5.085,5.122669
Enzyme,pAC50,3567,6.444,6.3852453
Enzyme,pAC50,3568,6.237,6.362317
Enzyme,pAC50,3569,2.759,5.2746286
Enzyme,pAC50,3570,4.955,7.151002
Enzyme,pAC50,3571,7.222,7.2727985
Enzyme,pAC50,3572,7.102,7.175002
Enzyme,pAC50,3573,7.071,7.52587
Enzyme,pAC50,3574,5.658,5.6068354
Enzyme,pAC50,3575,5.638,5.8429513
Enzyme,pAC50,3576,5.041,5.2955627
Enzyme,pAC50,3577,4.708,5.795624
Enzyme,pAC50,3578,5.917,5.65246
Enzyme,pAC50,3579,4.013,4.370544
Enzyme,pAC50,3580,4.213,4.129363
Enzyme,pAC50,3581,4.168,4.687155
Enzyme,pAC50,3582,6.161,6.675995
Enzyme,pAC50,3583,5.357,5.952802
Enzyme,pAC50,3584,5.388,4.4189644
Enzyme,pAC50,3585,8.409,7.849679
Enzyme,pAC50,3586,7.523,7.0764794
Enzyme,pAC50,3587,5.046,5.465459
Enzyme,pAC50,3588,4.399,3.5887046
Enzyme,pAC50,3589,6.921,7.636668
Enzyme,pAC50,3590,4.655,5.400713
Enzyme,pAC50,3591,6.229,5.9026155
Enzyme,pAC50,3592,5.357,4.8131046
Enzyme,pAC50,3593,6.143,5.7879915
Enzyme,pAC50,3594,4.967,5.7840347
Enzyme,pAC50,3595,8.62,7.1205425
Enzyme,pAC50,3596,8.621,7.670291
Enzyme,pAC50,3597,4.523,4.126397
Enzyme,pAC50,3598,4.936,5.5723715
Enzyme,pAC50,3599,5.292,5.0856533
Enzyme,pAC50,3600,4.792,5.0447845
Enzyme,pAC50,3601,5.495,5.3439035
Enzyme,pAC50,3602,5.215,5.0931735
Enzyme,pAC50,3603,4.92,6.6999903
Enzyme,pAC50,3604,9.22,9.101515
Enzyme,pAC50,3605,4.097,4.0008464
Enzyme,pAC50,3606,5.377,5.7048225
Enzyme,pAC50,3607,6.252,7.393545
Enzyme,pAC50,3608,5.77,5.997674
Enzyme,pAC50,3609,5.975,5.4631844
Enzyme,pAC50,3610,2.796,2.7640183
Enzyme,pAC50,3611,7.469,7.168248
Enzyme,pAC50,3612,4.268,4.3048925
Enzyme,pAC50,3613,5.796,6.018338
Enzyme,pAC50,3614,7.719,7.2976685
Enzyme,pAC50,3615,7.796,8.314116
Enzyme,pAC50,3616,7.036,5.544015
Enzyme,pAC50,3617,6.678,6.527016
Enzyme,pAC50,3618,5.153,4.962927
Enzyme,pAC50,3619,4.617,4.694261
Enzyme,pAC50,3620,4.531,5.927332
Enzyme,pAC50,3621,6.155,6.1647205
Enzyme,pAC50,3622,8.398,7.246419
Enzyme,pAC50,3623,4.854,6.6572285
Enzyme,pAC50,3624,4.137,5.343219
Enzyme,pAC50,3625,6.044,4.584278
Enzyme,pAC50,3626,5.301,5.215847
Enzyme,pAC50,3627,6.063,5.5206194
Enzyme,pAC50,3628,6.867,6.266308
Enzyme,pAC50,3629,6.778,6.1755466
Enzyme,pAC50,3630,6.173,5.225345
Enzyme,pAC50,3631,7.31,8.486644
Enzyme,pAC50,3632,5.466,5.814616
Enzyme,pAC50,3633,4.593,4.6336703
Enzyme,pAC50,3634,5.46,5.5956106
Enzyme,pAC50,3635,5.315,5.5354247
Enzyme,pAC50,3636,5.86,6.1173506
Enzyme,pAC50,3637,7.301,7.898672
Enzyme,pAC50,3638,6.046,6.5737166
Enzyme,pAC50,3639,5.745,5.484728
Enzyme,pAC50,3640,4.398,4.975769
Enzyme,pAC50,3641,4.398,5.099887
Enzyme,pAC50,3642,5.418,5.4344454
Enzyme,pAC50,3643,5.561,5.008398
Enzyme,pAC50,3644,4.978,5.6688037
Enzyme,pAC50,3645,6.62,4.9709835
Enzyme,pAC50,3646,5.102,4.8358765
Enzyme,pAC50,3647,9.097,8.377338
Enzyme,pAC50,3648,5.73,5.6986456
Enzyme,pAC50,3649,4.513,4.394436
Enzyme,pAC50,3650,4.892,4.916091
Enzyme,pAC50,3651,5.243,5.217883
Enzyme,pAC50,3652,4.926,6.7435884
Enzyme,pAC50,3653,4.795,4.5640182
Enzyme,pAC50,3654,5.839,5.826355
Enzyme,pAC50,3655,4.523,3.577851
Enzyme,pAC50,3656,5.747,6.336293
Enzyme,pAC50,3657,8.194,8.422729
Enzyme,pAC50,3658,4.509,4.5878425
Enzyme,pAC50,3659,5.301,5.6872716
Enzyme,pAC50,3660,4.638,5.21606
Enzyme,pAC50,3661,5.143,5.9711947
Enzyme,pAC50,3662,5.914,4.902324
Enzyme,pAC50,3663,6.24,4.538705
Enzyme,pAC50,3664,8.959,8.1496
Enzyme,pAC50,3665,7.328,6.8068943
Enzyme,pAC50,3666,4.523,4.546458
Enzyme,pAC50,3667,5.538,5.954397
Enzyme,pAC50,3668,6.398,6.5031195
Enzyme,pAC50,3669,4.014,4.587649
Enzyme,pAC50,3670,7.699,7.0016856
Enzyme,pAC50,3671,7.229,6.870167
Enzyme,pAC50,3672,7.523,7.315507
Enzyme,pAC50,3673,8.398,8.756463
Enzyme,pAC50,3674,6.745,5.929242
Enzyme,pAC50,3675,5.955,5.7795305
Enzyme,pAC50,3676,7.469,7.418374
Enzyme,pAC50,3677,5.725,6.704163
Enzyme,pAC50,3678,7.252,5.519733
Enzyme,pAC50,3679,7.658,8.36486
Enzyme,pAC50,3680,6.082,6.4676847
Enzyme,pAC50,3681,6.456,5.909371
Enzyme,pAC50,3682,5.167,5.539975
Enzyme,pAC50,3683,3.43,4.8961773
Enzyme,pAC50,3684,5.77,5.184453
Enzyme,pAC50,3685,5.276,4.971693
Enzyme,pAC50,3686,4.165,3.969152
Enzyme,pAC50,3687,4.791,4.29187
Enzyme,pAC50,3688,5.035,4.736364
Enzyme,pAC50,3689,7.888,8.538037
Enzyme,pAC50,3690,7.319,6.2721195
Enzyme,pAC50,3691,4.151,5.9022484
Enzyme,pAC50,3692,4.47,5.1014776
Enzyme,pAC50,3693,8.337,8.225554
Enzyme,pAC50,3694,7.051,7.280807
Enzyme,pAC50,3695,7.432,7.40059
Enzyme,pAC50,3696,7.26,8.429887
Enzyme,pAC50,3697,10.26,10.115896
Enzyme,pAC50,3698,10.292,10.173688
Enzyme,pAC50,3699,6.742,6.790543
Enzyme,pAC50,3700,4.824,4.8737707
Enzyme,pAC50,3701,4.204,6.5667133
Enzyme,pAC50,3702,5.382,7.8582983
Enzyme,pAC50,3703,6.602,5.3554974
Enzyme,pAC50,3704,4.997,4.720647
Enzyme,pAC50,3705,7.155,7.19455
Enzyme,pAC50,3706,5.025,5.5769124
Enzyme,pAC50,3707,6.491,7.3118277
Enzyme,pAC50,3708,5.959,5.4250813
Enzyme,pAC50,3709,6.569,6.9626513
Enzyme,pAC50,3710,6.409,6.332429
Enzyme,pAC50,3711,6.189,6.999669
Enzyme,pAC50,3712,7.081,7.138276
Enzyme,pAC50,3713,6.678,6.672124
Enzyme,pAC50,3714,8.745,9.303869
Enzyme,pAC50,3715,5.071,4.7722726
Enzyme,pAC50,3716,4.936,5.055697
Enzyme,pAC50,3717,7.301,7.4920683
Enzyme,pAC50,3718,8.294,8.297109
Enzyme,pAC50,3719,4.854,5.9268284
Enzyme,pAC50,3720,7.62,7.89345
Enzyme,pAC50,3721,9.027,9.339461
Enzyme,pAC50,3722,6.714,5.9474106
Enzyme,pAC50,3723,7.959,7.8880672
Enzyme,pAC50,3724,6.652,5.9688115
Enzyme,pAC50,3725,7.585,6.398727
Enzyme,pAC50,3726,7.699,7.3060374
Enzyme,pAC50,3727,6.524,6.3717422
Enzyme,pAC50,3728,7.284,7.676704
Enzyme,pAC50,3729,8.377,7.5843887
Enzyme,pAC50,3730,6.959,5.5477448
Enzyme,pAC50,3731,5.101,4.965832
Enzyme,pAC50,3732,5.59,5.187683
Enzyme,pAC50,3733,4.301,4.286413
Enzyme,pAC50,3734,5.37,5.8028364
Enzyme,pAC50,3735,6.222,5.8892
Enzyme,pAC50,3736,4.95,4.9684258
Enzyme,pAC50,3737,5.804,5.445035
Enzyme,pAC50,3738,4.122,4.377165
Enzyme,pAC50,3739,5.759,4.7541294
Enzyme,pAC50,3740,4.575,4.8087454
Enzyme,pAC50,3741,7.99,7.8956056
Enzyme,pAC50,3742,7.901,8.101562
Enzyme,pAC50,3743,4.682,5.706786
Enzyme,pAC50,3744,5.028,5.2586493
Enzyme,pAC50,3745,5.414,5.9797907
Enzyme,pAC50,3746,5.393,5.6471863
Enzyme,pAC50,3747,4.364,4.613707
Enzyme,pAC50,3748,5.833,4.854949
Enzyme,pAC50,3749,4.73,4.9742794
Enzyme,pAC50,3750,5.749,5.2529902
Enzyme,pAC50,3751,4.968,5.357828
Enzyme,pAC50,3752,5.598,6.067086
Enzyme,pAC50,3753,8.06,7.9507627
Enzyme,pAC50,3754,4.65,4.32815
Enzyme,pAC50,3755,4.495,4.476793
Enzyme,pAC50,3756,4.721,4.5630655
Enzyme,pAC50,3757,4.387,4.437159
Enzyme,pAC50,3758,4.842,4.832108
Enzyme,pAC50,3759,4.419,4.5983
Enzyme,pAC50,3760,4.648,5.3479195
Enzyme,pAC50,3761,5.252,5.3315983
Enzyme,pAC50,3762,4.481,4.8781285
Enzyme,pAC50,3763,4.597,5.386692
Enzyme,pAC50,3764,4.495,5.0553637
Enzyme,pAC50,3765,4.664,4.216489
Enzyme,pAC50,3766,4.184,4.788018
Enzyme,pAC50,3767,4.688,5.1694508
Enzyme,pAC50,3768,4.539,5.330741
Enzyme,pAC50,3769,4.896,4.5870113
Enzyme,pAC50,3770,4.391,5.278559
Enzyme,pAC50,3771,4.182,5.062809
Enzyme,pAC50,3772,4.592,3.89723
Enzyme,pAC50,3773,4.523,5.350978
Enzyme,pAC50,3774,4.564,4.606351
Enzyme,pAC50,3775,4.703,4.7545357
Enzyme,pAC50,3776,4.153,3.8230085
Enzyme,pAC50,3777,4.578,4.0468893
Enzyme,pAC50,3778,4.451,4.6138287
Enzyme,pAC50,3779,4.735,4.4229913
Enzyme,pAC50,3780,4.62,4.5708256
Enzyme,pAC50,3781,4.747,4.1919446
Enzyme,pAC50,3782,5.136,4.3656464
Enzyme,pAC50,3783,4.963,5.3855042
Enzyme,pAC50,3784,4.742,4.5748396
Enzyme,pAC50,3785,4.717,5.2027197
Enzyme,pAC50,3786,4.442,5.511835
Enzyme,pAC50,3787,4.355,4.178584
Enzyme,pAC50,3788,5.489,5.4856405
Enzyme,pAC50,3789,4.983,4.7547717
Enzyme,pAC50,3790,4.575,4.3188496
Enzyme,pAC50,3791,5.347,5.3601584
Enzyme,pAC50,3792,4.889,4.2027836
Enzyme,pAC50,3793,4.767,5.2829823
Enzyme,pAC50,3794,4.423,4.7014456
Enzyme,pAC50,3795,4.609,4.4487267
Enzyme,pAC50,3796,4.492,4.737567
Enzyme,pAC50,3797,4.526,5.4441576
Enzyme,pAC50,3798,5.082,5.932665
Enzyme,pAC50,3799,4.397,4.8369255
Enzyme,pAC50,3800,5.201,4.947455
Enzyme,pAC50,3801,5.011,6.1024103
Enzyme,pAC50,3802,4.772,5.108319
Enzyme,pAC50,3803,4.662,4.4199266
Enzyme,pAC50,3804,5.072,4.2461457
Enzyme,pAC50,3805,4.538,4.117711
Enzyme,pAC50,3806,4.73,5.206938
Enzyme,pAC50,3807,5.166,5.1180353
Enzyme,pAC50,3808,4.551,4.7830753
Enzyme,pAC50,3809,4.493,4.666622
Enzyme,pAC50,3810,5.793,5.3176136
Enzyme,pAC50,3811,4.668,4.568143
Enzyme,pAC50,3812,4.66,4.7962427
Enzyme,pAC50,3813,4.772,4.280855
Enzyme,pAC50,3814,4.532,5.232649
Enzyme,pAC50,3815,4.359,4.5143795
Enzyme,pAC50,3816,4.087,4.4450006
Enzyme,pAC50,3817,4.614,4.0396957
Enzyme,pAC50,3818,4.801,5.2984505
Enzyme,pAC50,3819,4.0,4.3711042
Enzyme,pAC50,3820,4.0,4.623016
Enzyme,pAC50,3821,3.699,4.4453793
Enzyme,pAC50,3822,4.398,4.6488905
Enzyme,pAC50,3823,4.903,4.7230325
Enzyme,pAC50,3824,5.839,5.0366216
Enzyme,pAC50,3825,4.398,4.9111967
Enzyme,pAC50,3826,4.699,4.214983
Enzyme,pAC50,3827,4.0,4.3187485
Enzyme,pAC50,3828,4.0,4.06589
Enzyme,pAC50,3829,4.097,4.0541835
Enzyme,pAC50,3830,2.762,3.3121839
Enzyme,pAC50,3831,6.917,6.611172
Enzyme,pAC50,3832,7.538,8.030868
Enzyme,pAC50,3833,4.222,8.4781475
Enzyme,pAC50,3834,4.495,4.2601852
Enzyme,pAC50,3835,4.511,4.510756
Enzyme,pAC50,3836,4.332,5.4079447
Enzyme,pAC50,3837,5.033,4.1346316
Enzyme,pAC50,3838,5.092,5.2863646
Enzyme,pAC50,3839,8.086,8.335551
Enzyme,pAC50,3840,8.013,7.9850826
Enzyme,pAC50,3841,8.238,8.609485
Enzyme,pAC50,3842,8.097,7.892578
Enzyme,pAC50,3843,8.68,8.19115
Enzyme,pAC50,3844,6.686,6.9039273
Enzyme,pAC50,3845,8.282,8.1591015
Enzyme,pAC50,3846,4.071,7.1145153
Enzyme,pAC50,3847,4.523,4.327718
Enzyme,pAC50,3848,5.0,4.9643106
Enzyme,pAC50,3849,4.921,4.8978477
Enzyme,pAC50,3850,5.222,4.956366
Enzyme,pAC50,3851,4.824,4.4771843
Enzyme,pAC50,3852,7.658,7.8826046
Enzyme,pAC50,3853,8.939,8.892215
Enzyme,pAC50,3854,8.763,8.352136
Enzyme,pAC50,3855,8.135,8.40741
Enzyme,pAC50,3856,8.092,8.175236
Enzyme,pAC50,3857,8.69,5.265896
Enzyme,pAC50,3858,6.131,5.2055264
Enzyme,pAC50,3859,6.0,5.217949
Enzyme,pAC50,3860,7.066,7.0254707
Enzyme,pAC50,3861,4.319,4.217333
Enzyme,pAC50,3862,8.216,7.877133
Enzyme,pAC50,3863,5.886,6.452383
Enzyme,pAC50,3864,6.481,6.208585
Enzyme,pAC50,3865,6.533,6.0558767
Enzyme,pAC50,3866,7.38,6.8066607
Enzyme,pAC50,3867,8.076,7.366065
Enzyme,pAC50,3868,7.836,7.574298
Enzyme,pAC50,3869,7.609,7.825105
Enzyme,pAC50,3870,7.759,7.451877
Enzyme,pAC50,3871,7.842,6.69616
Enzyme,pAC50,3872,7.807,8.084706
Enzyme,pAC50,3873,7.307,6.6066236
Enzyme,pAC50,3874,7.437,7.4038534
Enzyme,pAC50,3875,6.703,7.5680914
Enzyme,pAC50,3876,9.0,8.093349
Enzyme,pAC50,3877,9.097,8.278084
Enzyme,pAC50,3878,7.491,7.3612585
Enzyme,pAC50,3879,6.188,7.207416
Enzyme,pAC50,3880,7.62,7.1036854
Enzyme,pAC50,3881,6.083,6.699747
Enzyme,pAC50,3882,5.801,6.443676
Enzyme,pAC50,3883,7.74,6.865239
Enzyme,pAC50,3884,5.867,6.4174685
Enzyme,pAC50,3885,7.453,7.553567
Enzyme,pAC50,3886,7.807,8.236207
Enzyme,pAC50,3887,7.77,8.018995
Enzyme,pAC50,3888,7.71,7.9510565
Enzyme,pAC50,3889,7.851,7.375678
Enzyme,pAC50,3890,8.056,7.9927583
Enzyme,pAC50,3891,6.452,6.998687
Enzyme,pAC50,3892,8.06,8.064042
Enzyme,pAC50,3893,6.73,6.6161456
Enzyme,pAC50,3894,5.71,6.9503803
Enzyme,pAC50,3895,6.057,6.2279224
Enzyme,pAC50,3896,5.431,6.3169775
Enzyme,pAC50,3897,5.288,6.6360383
Enzyme,pAC50,3898,6.159,7.803406
Enzyme,pAC50,3899,5.508,7.0138626
Enzyme,pAC50,3900,7.879,8.158055
Enzyme,pAC50,3901,6.333,7.388886
Enzyme,pAC50,3902,7.796,7.5144873
Enzyme,pAC50,3903,6.509,6.0401793
Enzyme,pAC50,3904,6.921,6.344637
Enzyme,pAC50,3905,5.917,6.3337936
Enzyme,pAC50,3906,6.215,6.333794
Enzyme,pAC50,3907,6.886,6.1469593
Enzyme,pAC50,3908,5.431,6.2550287
Enzyme,pAC50,3909,7.018,6.592231
Enzyme,pAC50,3910,8.424,8.435845
Enzyme,pAC50,3911,8.492,8.919752
Enzyme,pAC50,3912,8.147,8.314717
Enzyme,pAC50,3913,11.244,9.24665
Enzyme,pAC50,3914,6.114,6.0044127
Enzyme,pAC50,3915,6.298,6.4392557
Enzyme,pAC50,3916,6.347,6.158432
Enzyme,pAC50,3917,7.492,7.388735
Enzyme,pAC50,3918,7.04,7.4187403
Enzyme,pAC50,3919,7.424,7.303507
Enzyme,pAC50,3920,5.314,5.0330276
Enzyme,pAC50,3921,7.018,6.796919
Enzyme,pAC50,3922,8.292,7.8441706
Enzyme,pAC50,3923,5.991,6.477787
Enzyme,pAC50,3924,7.678,7.7144156
Enzyme,pAC50,3925,8.284,7.885613
Enzyme,pAC50,3926,5.609,6.2588396
Enzyme,pAC50,3927,8.155,7.3883877
Enzyme,pAC50,3928,7.854,7.637421
Enzyme,pAC50,3929,7.886,7.883915
Enzyme,pAC50,3930,8.222,7.570204
Enzyme,pAC50,3931,3.398,3.1532273
Enzyme,pAC50,3932,3.664,3.5193133
Enzyme,pAC50,3933,3.398,3.0980978
Enzyme,pAC50,3934,3.017,3.2493603
Enzyme,pAC50,3935,3.345,3.3515556
Enzyme,pAC50,3936,3.676,3.70293
Enzyme,pAC50,3937,8.271,8.661657
Enzyme,pAC50,3938,8.863,8.26216
Enzyme,pAC50,3939,6.066,7.29216
Enzyme,pAC50,3940,7.509,6.645155
Enzyme,pAC50,3941,7.721,8.052186
Enzyme,pAC50,3942,7.959,7.54764
Enzyme,pAC50,3943,7.092,5.6664376
Enzyme,pAC50,3944,5.883,5.535447
Enzyme,pAC50,3945,6.433,5.300015
Enzyme,pAC50,3946,4.551,5.0765123
Enzyme,pAC50,3947,6.173,6.6018667
Enzyme,pAC50,3948,6.425,6.086726
Enzyme,pAC50,3949,6.752,6.6824512
Enzyme,pAC50,3950,7.481,7.703629
Enzyme,pAC50,3951,8.699,7.85846
Enzyme,pAC50,3952,5.921,5.9198503
Enzyme,pAC50,3953,6.699,7.6809034
Enzyme,pAC50,3954,8.244,7.170906
Enzyme,pAC50,3955,9.0,7.9718285
Enzyme,pAC50,3956,6.921,6.8257976
Enzyme,pAC50,3957,8.495,7.5318465
Enzyme,pAC50,3958,8.004,6.8681026
Enzyme,pAC50,3959,4.662,3.581444
Enzyme,pAC50,3960,4.539,4.8017225
Enzyme,pAC50,3961,8.046,7.917218
Enzyme,pAC50,3962,5.883,6.2502317
Enzyme,pAC50,3963,6.403,5.672537
Enzyme,pAC50,3964,5.294,3.6139908
Enzyme,pAC50,3965,5.006,4.787851
Enzyme,pAC50,3966,5.735,5.4777584
Enzyme,pAC50,3967,4.228,4.656842
Enzyme,pAC50,3968,2.057,3.3905292
Enzyme,pAC50,3969,2.057,5.078634
Enzyme,pAC50,3970,5.441,4.8626146
Enzyme,pAC50,3971,4.959,5.4964356
Enzyme,pAC50,3972,3.488,3.5461407
Enzyme,pAC50,3973,4.046,4.600364
Enzyme,pAC50,3974,4.097,4.4944816
Enzyme,pAC50,3975,2.057,4.4034095
Enzyme,pAC50,3976,2.057,4.0484085
Enzyme,pAC50,3977,4.771,4.730587
Enzyme,pAC50,3978,4.032,4.001487
Enzyme,pAC50,3979,5.222,5.19538
Enzyme,pAC50,3980,7.027,7.879651
Enzyme,pAC50,3981,6.87,7.4849977
Enzyme,pAC50,3982,7.167,8.078492
Enzyme,pAC50,3983,6.0,7.195838
Enzyme,pAC50,3984,7.678,7.680538
Enzyme,pAC50,3985,6.836,6.948766
Enzyme,pAC50,3986,7.77,8.234917
Enzyme,pAC50,3987,8.523,8.212567
Enzyme,pAC50,3988,7.638,6.933051
Enzyme,pAC50,3989,7.481,7.547378
Enzyme,pAC50,3990,7.886,7.545462
Enzyme,pAC50,3991,7.854,7.6498528
Enzyme,pAC50,3992,3.401,3.8618398
Enzyme,pAC50,3993,3.796,3.784315
Enzyme,pAC50,3994,4.472,4.911179
Enzyme,pAC50,3995,4.444,3.989618
Enzyme,pAC50,3996,3.656,3.1954713
Enzyme,pAC50,3997,3.79,4.072441
Enzyme,pAC50,3998,4.12,3.9375556
Enzyme,pAC50,3999,2.836,4.423004
Enzyme,pAC50,4000,2.391,3.5518343
Enzyme,pAC50,4001,3.446,3.8451195
Enzyme,pAC50,4002,3.672,4.632738
Enzyme,pAC50,4003,3.516,3.2107651
Enzyme,pAC50,4004,4.364,4.5479183
Enzyme,pAC50,4005,3.804,3.5366518
Enzyme,pAC50,4006,4.018,4.3689685
Enzyme,pAC50,4007,6.721,6.433257
Enzyme,pAC50,4008,6.022,6.3420296
Enzyme,pAC50,4009,6.921,6.608969
Enzyme,pAC50,4010,6.432,6.3424487
Enzyme,pAC50,4011,5.745,6.1134872
Enzyme,pAC50,4012,5.886,6.09781
Enzyme,pAC50,4013,6.678,6.9032164
Enzyme,pAC50,4014,6.046,6.097754
Enzyme,pAC50,4015,6.553,6.452466
Enzyme,pAC50,4016,6.509,6.8880644
Enzyme,pAC50,4017,7.252,6.846339
Enzyme,pAC50,4018,7.046,6.896632
Enzyme,pAC50,4019,7.62,7.076028
Enzyme,pAC50,4020,6.699,6.9400015
Enzyme,pAC50,4021,6.469,6.737239
Enzyme,pAC50,4022,6.889,6.9831
Enzyme,pAC50,4023,6.123,6.151115
Enzyme,pAC50,4024,7.174,7.2483115
Enzyme,pAC50,4025,7.569,7.4811525
Enzyme,pAC50,4026,7.509,7.199585
Enzyme,pAC50,4027,6.48,6.639321
Enzyme,pAC50,4028,6.886,6.37731
Enzyme,pAC50,4029,5.618,5.5654335
Enzyme,pAC50,4030,6.406,6.2530313
Enzyme,pAC50,4031,4.959,4.755058
Enzyme,pAC50,4032,7.025,6.368781
Enzyme,pAC50,4033,6.116,5.6336102
Enzyme,pAC50,4034,7.022,6.1992717
Enzyme,pAC50,4035,8.398,8.516075
Enzyme,pAC50,4036,3.64,3.2294555
Enzyme,pAC50,4037,3.353,2.8811946
Enzyme,pAC50,4038,4.079,3.6782715
Enzyme,pAC50,4039,3.619,3.5664942
Enzyme,pAC50,4040,4.038,3.5279832
Enzyme,pAC50,4041,6.1,7.220513
Enzyme,pAC50,4042,5.5,6.59929
Enzyme,pAC50,4043,6.237,5.9515476
Enzyme,pAC50,4044,8.523,7.815176
Enzyme,pAC50,4045,7.492,6.9749813
Enzyme,pAC50,4046,7.268,7.4756465
Enzyme,pAC50,4047,6.928,6.72071
Enzyme,pAC50,4048,6.364,6.9262915
Enzyme,pAC50,4049,6.967,7.6645746
Enzyme,pAC50,4050,7.693,7.7635
Enzyme,pAC50,4051,6.353,6.1765523
Enzyme,pAC50,4052,7.752,7.3281956
Enzyme,pAC50,4053,6.484,7.007873
Enzyme,pAC50,4054,6.126,6.8407393
Enzyme,pAC50,4055,6.517,7.0629587
Enzyme,pAC50,4056,7.561,7.0803485
Enzyme,pAC50,4057,6.24,6.0458364
Enzyme,pAC50,4058,4.983,4.893257
Enzyme,pAC50,4059,5.341,5.6897974
Enzyme,pAC50,4060,5.78,5.8337364
Enzyme,pAC50,4061,8.75,8.168475
Enzyme,pAC50,4062,7.071,7.071097
Enzyme,pAC50,4063,6.323,6.7339964
Enzyme,pAC50,4064,5.157,6.905281
Enzyme,pAC50,4065,5.645,5.9883623
Enzyme,pAC50,4066,6.367,7.5606713
Enzyme,pAC50,4067,6.042,5.6441717
Enzyme,pAC50,4068,5.26,5.1063285
Enzyme,pAC50,4069,5.253,5.5099306
Enzyme,pAC50,4070,6.478,5.5324507
Enzyme,pAC50,4071,4.991,5.2534
Enzyme,pAC50,4072,4.971,5.0420837
Enzyme,pAC50,4073,4.83,5.0801964
Enzyme,pAC50,4074,5.194,5.0926514
Enzyme,pAC50,4075,4.879,4.8645296
Enzyme,pAC50,4076,4.827,4.9199095
Enzyme,pAC50,4077,4.757,4.6479745
Enzyme,pAC50,4078,11.699,10.324506
Enzyme,pAC50,4079,11.301,11.159344
Enzyme,pAC50,4080,11.523,10.440029
Enzyme,pAC50,4081,10.854,9.775513
Enzyme,pAC50,4082,11.222,11.5335455
Enzyme,pAC50,4083,11.222,10.978589
Enzyme,pAC50,4084,10.721,10.372542
Enzyme,pAC50,4085,10.097,10.19145
Enzyme,pAC50,4086,11.0,9.934802
Enzyme,pAC50,4087,10.678,10.492852
Enzyme,pAC50,4088,11.046,9.174644
Enzyme,pAC50,4089,10.921,10.524578
Enzyme,pAC50,4090,6.26,6.4718227
Enzyme,pAC50,4091,6.26,6.540675
Enzyme,pAC50,4092,6.26,6.4489813
Enzyme,pAC50,4093,6.26,5.379016
Enzyme,pAC50,4094,5.26,6.4341726
Enzyme,pAC50,4095,5.796,6.3178463
Enzyme,pAC50,4096,4.893,4.4303646
Enzyme,pAC50,4097,3.971,3.558623
Enzyme,pAC50,4098,2.768,3.4117289
Enzyme,pAC50,4099,3.648,3.5116153
Enzyme,pAC50,4100,4.419,3.8254685
Enzyme,pAC50,4101,4.836,4.1262207
Enzyme,pAC50,4102,4.252,3.8964942
Enzyme,pAC50,4103,4.321,4.1140466
Enzyme,pAC50,4104,3.904,3.7131934
Enzyme,pAC50,4105,3.398,3.5882246
Enzyme,pAC50,4106,3.764,3.8453774
Enzyme,pAC50,4107,8.155,8.207404
Enzyme,pAC50,4108,3.385,3.847189
Enzyme,pAC50,4109,3.44,3.3712277
Enzyme,pAC50,4110,3.483,3.408813
Enzyme,pAC50,4111,3.701,3.579599
Enzyme,pAC50,4112,3.5,4.046376
Enzyme,pAC50,4113,3.398,3.4490833
Enzyme,pAC50,4114,3.752,3.5895238
Enzyme,pAC50,4115,5.071,4.551084
Enzyme,pAC50,4116,3.146,3.8843455
Enzyme,pAC50,4117,3.77,3.8152454
Enzyme,pAC50,4118,3.829,3.9294214
Enzyme,pAC50,4119,3.525,3.9200907
Enzyme,pAC50,4120,4.214,4.016882
Enzyme,pAC50,4121,7.678,7.8283224
Enzyme,pAC50,4122,6.602,6.3502617
Enzyme,pAC50,4123,6.587,6.405667
Enzyme,pAC50,4124,6.1,6.052734
Enzyme,pAC50,4125,6.345,5.8098364
Enzyme,pAC50,4126,6.194,6.333729
Enzyme,pAC50,4127,5.52,6.6243963
Enzyme,pAC50,4128,6.345,6.170098
Enzyme,pAC50,4129,6.674,6.1067886
Enzyme,pAC50,4130,6.345,6.294966
Enzyme,pAC50,4131,6.674,6.4450245
Enzyme,pAC50,4132,6.717,6.39461
Enzyme,pAC50,4133,6.39,6.2737226
Enzyme,pAC50,4134,5.959,5.775275
Enzyme,pAC50,4135,6.024,5.827416
Enzyme,pAC50,4136,8.301,8.340597
Enzyme,pAC50,4137,5.201,5.2720056
Enzyme,pAC50,4138,4.728,5.4286118
Enzyme,pAC50,4139,5.67,6.013222
Enzyme,pAC50,4140,5.084,5.455167
Enzyme,pAC50,4141,6.866,5.38966
Enzyme,pAC50,4142,6.578,6.591198
Enzyme,pAC50,4143,6.57,7.648388
Enzyme,pAC50,4144,7.936,8.106146
Enzyme,pAC50,4145,7.951,8.08134
Enzyme,pAC50,4146,7.206,8.172447
Enzyme,pAC50,4147,5.632,5.9530373
Enzyme,pAC50,4148,6.137,6.1498246
Enzyme,pAC50,4149,5.431,6.827737
Enzyme,pAC50,4150,8.921,8.746411
Enzyme,pAC50,4151,7.854,7.9933953
Enzyme,pAC50,4152,6.161,7.993396
Enzyme,pAC50,4153,1.607,2.0364542
Enzyme,pAC50,4154,11.046,11.590405
Enzyme,pAC50,4155,5.82,6.5482616
Enzyme,pAC50,4156,6.854,6.52327
Enzyme,pAC50,4157,6.625,6.2632856
Enzyme,pAC50,4158,6.478,6.3692436
Enzyme,pAC50,4159,6.943,6.310699
Enzyme,pAC50,4160,6.389,6.1581817
Enzyme,pAC50,4161,5.945,5.927287
Enzyme,pAC50,4162,6.428,6.216075
Enzyme,pAC50,4163,7.143,6.2807493
Enzyme,pAC50,4164,4.155,4.550391
Enzyme,pAC50,4165,7.509,6.6808076
Enzyme,pAC50,4166,5.921,6.6754284
Enzyme,pAC50,4167,8.0,7.770071
Enzyme,pAC50,4168,7.018,6.9855385
Enzyme,pAC50,4169,4.983,4.9946413
Enzyme,pAC50,4170,8.469,7.427819
Enzyme,pAC50,4171,6.575,6.0835733
Enzyme,pAC50,4172,6.886,7.9390345
Enzyme,pAC50,4173,8.409,7.9390345
Enzyme,pAC50,4174,5.593,7.9390345
Enzyme,pAC50,4175,7.495,6.721014
Enzyme,pAC50,4176,7.092,6.2988763
Enzyme,pAC50,4177,7.585,5.9996843
Enzyme,pAC50,4178,5.66,6.672699
Enzyme,pAC50,4179,5.5,6.712264
Enzyme,pAC50,4180,4.133,3.7236395
Enzyme,pAC50,4181,4.164,3.4213157
Enzyme,pAC50,4182,3.301,3.438134
Enzyme,pAC50,4183,3.152,3.4912972
Enzyme,pAC50,4184,3.726,3.3468146
Enzyme,pAC50,4185,3.034,3.80049
Enzyme,pAC50,4186,4.084,3.8587315
Enzyme,pAC50,4187,3.917,3.7345514
Enzyme,pAC50,4188,6.67,6.0409875
Enzyme,pAC50,4189,6.01,5.913595
Enzyme,pAC50,4190,7.229,6.8688455
Enzyme,pAC50,4191,5.69,7.851182
Enzyme,pAC50,4192,7.432,7.4891167
Enzyme,pAC50,4193,7.796,7.821636
Enzyme,pAC50,4194,7.745,7.3437057
Enzyme,pAC50,4195,7.721,7.573324
Enzyme,pAC50,4196,7.638,7.310678
Enzyme,pAC50,4197,6.979,7.338176
Enzyme,pAC50,4198,7.229,7.00722
Enzyme,pAC50,4199,6.77,7.306966
Enzyme,pAC50,4200,6.489,7.0881615
Enzyme,pAC50,4201,7.398,7.2925186
Enzyme,pAC50,4202,5.76,6.130279
Enzyme,pAC50,4203,6.48,6.7072606
Enzyme,pAC50,4204,5.94,7.3819137
Enzyme,pAC50,4205,6.69,6.838277
Enzyme,pAC50,4206,6.78,7.68355
Enzyme,pAC50,4207,6.81,7.4489007
Enzyme,pAC50,4208,6.86,6.602353
Enzyme,pAC50,4209,6.879,6.919334
Enzyme,pAC50,4210,6.921,7.4209213
Enzyme,pAC50,4211,6.951,7.5085726
Enzyme,pAC50,4212,7.237,6.8945317
Enzyme,pAC50,4213,7.432,7.145658
Enzyme,pAC50,4214,6.932,6.9695325
Enzyme,pAC50,4215,5.59,7.0719757
Enzyme,pAC50,4216,6.18,7.4137845
Enzyme,pAC50,4217,6.19,6.92807
Enzyme,pAC50,4218,6.38,6.870776
Enzyme,pAC50,4219,7.699,7.6509657
Enzyme,pAC50,4220,6.91,6.7566223
Enzyme,pAC50,4221,6.951,7.7251706
Enzyme,pAC50,4222,5.64,7.6066656
Enzyme,pAC50,4223,5.88,6.2656503
Enzyme,pAC50,4224,7.149,6.6806417
Enzyme,pAC50,4225,7.208,7.323264
Enzyme,pAC50,4226,6.26,4.9457464
Enzyme,pAC50,4227,5.26,5.0967555
Enzyme,pAC50,4228,4.022,4.268428
Enzyme,pAC50,4229,4.446,4.2315583
Enzyme,pAC50,4230,3.939,3.8587134
Enzyme,pAC50,4231,4.359,4.19506
Enzyme,pAC50,4232,3.662,3.9065247
Enzyme,pAC50,4233,3.788,3.8204575
Enzyme,pAC50,4234,4.77,5.750055
Enzyme,pAC50,4235,4.597,3.8341212
Enzyme,pAC50,4236,4.212,4.0220466
Enzyme,pAC50,4237,3.475,5.8025484
Enzyme,pAC50,4238,4.085,4.224929
Enzyme,pAC50,4239,4.333,4.334956
Enzyme,pAC50,4240,3.764,3.7299266
Enzyme,pAC50,4241,3.519,3.7299268
Enzyme,pAC50,4242,4.04,4.0623713
Enzyme,pAC50,4243,4.572,4.187087
Enzyme,pAC50,4244,4.548,4.341305
Enzyme,pAC50,4245,3.671,3.621444
Enzyme,pAC50,4246,5.398,5.2051315
Enzyme,pAC50,4247,5.19,5.9187574
Enzyme,pAC50,4248,5.585,5.967758
Enzyme,pAC50,4249,6.26,5.7857304
Enzyme,pAC50,4250,6.26,5.716564
Enzyme,pAC50,4251,6.26,5.4340506
Enzyme,pAC50,4252,6.26,5.485443
Enzyme,pAC50,4253,6.26,6.254478
Enzyme,pAC50,4254,6.26,6.6043463
Enzyme,pAC50,4255,6.26,5.9904532
Enzyme,pAC50,4256,6.26,5.942107
Enzyme,pAC50,4257,6.26,5.751813
Enzyme,pAC50,4258,6.26,6.4015102
Enzyme,pAC50,4259,6.26,5.8989887
Enzyme,pAC50,4260,6.26,6.1422825
Enzyme,pAC50,4261,6.26,5.668043
Enzyme,pAC50,4262,6.26,6.6867666
Enzyme,pAC50,4263,5.26,5.9941926
Enzyme,pAC50,4264,5.26,5.79654
Enzyme,pAC50,4265,5.26,5.5875225
Enzyme,pAC50,4266,5.26,5.5265417
Enzyme,pAC50,4267,5.26,6.516654
Enzyme,pAC50,4268,5.26,5.7567377
Enzyme,pAC50,4269,5.26,5.353874
Enzyme,pAC50,4270,5.26,6.271199
Enzyme,pAC50,4271,5.26,5.9244814
Enzyme,pAC50,4272,5.26,6.3854237
Enzyme,pAC50,4273,5.26,5.4932117
Enzyme,pAC50,4274,5.26,6.603242
Enzyme,pAC50,4275,5.26,5.3377314
Enzyme,pAC50,4276,5.26,5.4690356
Enzyme,pAC50,4277,5.26,5.457362
Enzyme,pAC50,4278,5.26,5.365015
Enzyme,pAC50,4279,5.26,6.0307083
Enzyme,pAC50,4280,7.523,7.7898474
Enzyme,pAC50,4281,7.523,7.2673674
Enzyme,pAC50,4282,7.523,6.845971
Enzyme,pAC50,4283,7.523,7.619546
Enzyme,pAC50,4284,7.523,7.2982244
Enzyme,pAC50,4285,8.268,7.905834
Enzyme,pAC50,4286,6.959,7.1374445
Enzyme,pAC50,4287,7.357,6.87569
Enzyme,pAC50,4288,7.0,7.2296724
Enzyme,pAC50,4289,7.149,7.3877735
Enzyme,pAC50,4290,6.495,6.894532
Enzyme,pAC50,4291,6.602,7.2120547
Enzyme,pAC50,4292,7.18,6.773573
Enzyme,pAC50,4293,6.854,7.025182
Enzyme,pAC50,4294,7.092,7.00445
Enzyme,pAC50,4295,7.119,6.7107058
Enzyme,pAC50,4296,6.187,6.5788665
Enzyme,pAC50,4297,6.143,6.504852
Enzyme,pAC50,4298,6.886,6.818806
Enzyme,pAC50,4299,7.62,6.63022
Enzyme,pAC50,4300,7.137,6.7104483
Enzyme,pAC50,4301,6.777,7.012251
Enzyme,pAC50,4302,7.013,6.6640916
Enzyme,pAC50,4303,6.728,6.9896336
Enzyme,pAC50,4304,6.959,6.8073306
Enzyme,pAC50,4305,6.824,6.824497
Enzyme,pAC50,4306,6.854,7.074959
Enzyme,pAC50,4307,7.066,6.40201
Enzyme,pAC50,4308,6.62,6.236084
Enzyme,pAC50,4309,7.0,6.4695005
Enzyme,pAC50,4310,7.398,7.07726
Enzyme,pAC50,4311,7.77,7.109422
Enzyme,pAC50,4312,7.509,6.8817377
Enzyme,pAC50,4313,4.509,4.366609
Enzyme,pAC50,4314,4.699,4.6199465
Enzyme,pAC50,4315,5.796,6.1619606
Enzyme,pAC50,4316,5.75,6.3464317
Enzyme,pAC50,4317,7.764,6.771429
Enzyme,pAC50,4318,6.863,6.017719
Enzyme,pAC50,4319,7.319,4.972288
Enzyme,pAC50,4320,7.796,6.222233
Enzyme,pAC50,4321,5.081,6.1560626
Enzyme,pAC50,4322,8.046,8.279411
Enzyme,pAC50,4323,7.276,7.1454277
Enzyme,pAC50,4324,5.229,6.5909376
Enzyme,pAC50,4325,5.959,6.3776813
Enzyme,pAC50,4326,7.051,6.9035416
Enzyme,pAC50,4327,5.26,7.087273
Enzyme,pAC50,4328,7.328,6.657765
Enzyme,pAC50,4329,7.796,7.4397902
Enzyme,pAC50,4330,7.602,8.051637
Enzyme,pAC50,4331,7.854,7.395048
Enzyme,pAC50,4332,4.432,7.0914907
Enzyme,pAC50,4333,7.387,7.3729115
Enzyme,pAC50,4334,6.337,6.5100584
Enzyme,pAC50,4335,6.886,6.594551
Enzyme,pAC50,4336,5.398,6.100984
Enzyme,pAC50,4337,8.301,6.5104814
Enzyme,pAC50,4338,7.569,6.5104814
Enzyme,pAC50,4339,3.264,4.2577806
Enzyme,pAC50,4340,3.184,3.5136814
Enzyme,pAC50,4341,4.438,4.2061567
Enzyme,pAC50,4342,4.623,4.4740815
Enzyme,pAC50,4343,7.971,7.768057
Enzyme,pAC50,4344,7.932,7.447925
Enzyme,pAC50,4345,7.585,8.119827
Enzyme,pAC50,4346,4.886,4.5483913
Enzyme,pAC50,4347,5.593,7.9390345
Enzyme,pAC50,4348,6.0,6.8140383
Enzyme,pAC50,4349,6.26,6.7021594
Enzyme,pAC50,4350,5.26,5.6936407
Enzyme,pAC50,4351,6.26,6.3079596
Enzyme,pAC50,4352,6.26,6.34629
Enzyme,pAC50,4353,6.26,6.036956
Enzyme,pAC50,4354,6.26,6.033809
Enzyme,pAC50,4355,6.26,6.1182337
Enzyme,pAC50,4356,6.0,6.632856
Enzyme,pAC50,4357,4.921,4.943179
Enzyme,pAC50,4358,6.027,6.682706
Enzyme,pAC50,4359,4.208,4.6509585
Enzyme,pAC50,4360,6.979,6.818263
Enzyme,pAC50,4361,7.051,7.6410694
Enzyme,pAC50,4362,7.824,7.328396
Enzyme,pAC50,4363,5.824,5.5148373
Enzyme,pAC50,4364,4.341,4.3401947
Enzyme,pAC50,4365,7.041,7.3522716
Enzyme,pAC50,4366,6.602,6.9219875
Enzyme,pAC50,4367,7.222,7.3524675
Enzyme,pAC50,4368,6.456,6.036528
Enzyme,pAC50,4369,7.174,7.3717523
Enzyme,pAC50,4370,7.222,6.8269453
Enzyme,pAC50,4371,6.886,6.3378406
Enzyme,pAC50,4372,5.498,7.1886897
Enzyme,pAC50,4373,5.62,5.4250298
Enzyme,pAC50,4374,4.658,5.4368277
Enzyme,pAC50,4375,6.161,5.833129
Enzyme,pAC50,4376,4.896,5.2260957
Enzyme,pAC50,4377,4.693,4.5619397
Enzyme,pAC50,4378,3.47,4.016229
Enzyme,pAC50,4379,7.824,7.6089883
Enzyme,pAC50,4380,8.357,7.392001
Enzyme,pAC50,4381,8.0,7.890153
Enzyme,pAC50,4382,6.0,6.9840775
Enzyme,pAC50,4383,7.398,5.3102016
Enzyme,pAC50,4384,5.638,2.7302651
Enzyme,pAC50,4385,4.796,4.2635317
Enzyme,pAC50,4386,5.807,6.004436
Enzyme,pAC50,4387,6.328,5.3965235
Enzyme,pAC50,4388,6.14,5.3965235
Enzyme,pAC50,4389,3.893,5.3575397
Enzyme,pAC50,4390,4.26,5.783291
Enzyme,pAC50,4391,4.102,5.0272784
Enzyme,pAC50,4392,6.056,6.1796722
Enzyme,pAC50,4393,7.328,7.363539
Enzyme,pAC50,4394,6.726,6.9303894
Enzyme,pAC50,4395,7.018,7.270744
Enzyme,pAC50,4396,5.337,6.639099
Enzyme,pAC50,4397,5.721,5.7366676
Enzyme,pAC50,4398,4.77,5.0884805
Enzyme,pAC50,4399,5.398,4.9274235
Enzyme,pAC50,4400,4.328,4.61933
Enzyme,pAC50,4401,4.553,4.902415
Enzyme,pAC50,4402,6.921,6.6141806
Enzyme,pAC50,4403,5.457,5.019
Enzyme,pAC50,4404,6.367,6.6512747
Enzyme,pAC50,4405,9.42,9.336642
Enzyme,pAC50,4406,8.959,8.5303
Enzyme,pAC50,4407,7.041,7.1007624
Enzyme,pAC50,4408,6.125,6.111088
Enzyme,pAC50,4409,5.667,5.707425
Enzyme,pAC50,4410,6.174,6.371698
Enzyme,pAC50,4411,5.754,5.3328485
Enzyme,pAC50,4412,6.347,6.3784447
Enzyme,pAC50,4413,7.114,6.7078705
Enzyme,pAC50,4414,6.538,6.621875
Enzyme,pAC50,4415,7.796,8.04782
Enzyme,pAC50,4416,7.071,6.7662673
Enzyme,pAC50,4417,7.102,7.2953115
Enzyme,pAC50,4418,6.553,6.8102107
Enzyme,pAC50,4419,5.155,5.615623
Enzyme,pAC50,4420,7.886,8.216511
Enzyme,pAC50,4421,9.056,8.903842
Enzyme,pAC50,4422,7.886,7.7401943
Enzyme,pAC50,4423,8.032,7.925994
Enzyme,pAC50,4424,5.854,6.138339
Enzyme,pAC50,4425,5.721,5.628811
Enzyme,pAC50,4426,5.921,5.961138
Enzyme,pAC50,4427,6.046,5.9565578
Enzyme,pAC50,4428,5.569,5.305401
Enzyme,pAC50,4429,4.72,4.967618
Enzyme,pAC50,4430,6.854,6.7641096
Enzyme,pAC50,4431,4.963,5.023471
Enzyme,pAC50,4432,5.481,4.9492445
Enzyme,pAC50,4433,6.004,4.8628993
Enzyme,pAC50,4434,7.066,7.2558765
Enzyme,pAC50,4435,7.495,7.509897
Enzyme,pAC50,4436,8.0,8.297669
Enzyme,pAC50,4437,7.658,7.7174473
Enzyme,pAC50,4438,8.046,7.2829027
Enzyme,pAC50,4439,6.616,6.929098
Enzyme,pAC50,4440,6.236,6.017341
Enzyme,pAC50,4441,6.456,5.9898534
Enzyme,pAC50,4442,7.201,6.167371
Enzyme,pAC50,4443,8.523,8.286113
Enzyme,pAC50,4444,6.807,7.588979
Enzyme,pAC50,4445,4.524,4.9074535
Enzyme,pAC50,4446,6.921,6.718281
Enzyme,pAC50,4447,7.77,7.768125
Enzyme,pAC50,4448,4.0,4.6528826
Enzyme,pAC50,4449,4.602,4.456208
Enzyme,pAC50,4450,4.686,4.6096234
Enzyme,pAC50,4451,5.108,5.5393443
Enzyme,pAC50,4452,3.629,3.9273782
Enzyme,pAC50,4453,5.921,6.4250054
Enzyme,pAC50,4454,7.377,7.488085
Enzyme,pAC50,4455,5.355,5.689099
Enzyme,pAC50,4456,7.658,7.0311623
Enzyme,pAC50,4457,5.215,5.413136
Enzyme,pAC50,4458,8.699,8.474139
Enzyme,pAC50,4459,6.456,6.3810153
Enzyme,pAC50,4460,7.481,7.4070396
Enzyme,pAC50,4461,8.222,8.008065
Enzyme,pAC50,4462,6.31,6.4951196
Enzyme,pAC50,4463,6.036,6.273961
Enzyme,pAC50,4464,7.824,7.11049
Enzyme,pAC50,4465,8.237,8.53696
Enzyme,pAC50,4466,8.187,8.186093
Enzyme,pAC50,4467,6.38,6.4784694
Enzyme,pAC50,4468,5.8,6.9413414
Enzyme,pAC50,4469,9.699,9.448676
Enzyme,pAC50,4470,7.208,7.6507354
Enzyme,pAC50,4471,9.0,8.743655
Enzyme,pAC50,4472,6.735,7.5464296
Enzyme,pAC50,4473,5.175,4.977529
Enzyme,pAC50,4474,5.602,4.7034454
Enzyme,pAC50,4475,5.32,5.437422
Enzyme,pAC50,4476,8.155,8.330123
Enzyme,pAC50,4477,5.007,5.086197
Enzyme,pAC50,4478,3.301,2.6082578
Enzyme,pAC50,4479,3.046,2.9628832
Enzyme,pAC50,4480,9.1,9.579709
Enzyme,pAC50,4481,7.018,7.4994116
Enzyme,pAC50,4482,6.854,7.5612965
Enzyme,pAC50,4483,6.824,6.6992083
Enzyme,pAC50,4484,7.155,6.811844
Enzyme,pAC50,4485,5.398,4.9106116
Enzyme,pAC50,4486,4.7,4.875503
Enzyme,pAC50,4487,5.398,5.2822948
Enzyme,pAC50,4488,5.046,4.9881015
Enzyme,pAC50,4489,6.398,6.714556
Enzyme,pAC50,4490,5.699,6.1110272
Enzyme,pAC50,4491,5.071,5.7770576
Enzyme,pAC50,4492,6.523,6.133615
Enzyme,pAC50,4493,7.699,7.5891876
Enzyme,pAC50,4494,4.398,4.365248
Enzyme,pAC50,4495,6.301,5.8419924
Enzyme,pAC50,4496,6.886,6.884203
Enzyme,pAC50,4497,7.328,6.5934033
Enzyme,pAC50,4498,4.638,4.312494
Enzyme,pAC50,4499,5.201,5.1256723
Enzyme,pAC50,4500,7.721,7.6776195
Enzyme,pAC50,4501,5.21,5.1861935
Enzyme,pAC50,4502,6.471,6.207306
Enzyme,pAC50,4503,6.244,6.5556383
Enzyme,pAC50,4504,4.337,5.842927
Enzyme,pAC50,4505,6.648,6.306032
Enzyme,pAC50,4506,5.31,6.259972
Enzyme,pAC50,4507,5.204,5.4587803
Enzyme,pAC50,4508,4.986,5.0171747
Enzyme,pAC50,4509,5.208,5.5778584
Enzyme,pAC50,4510,6.143,5.865598
Enzyme,pAC50,4511,6.161,5.9976387
Enzyme,pAC50,4512,5.0,5.244811
Enzyme,pAC50,4513,4.77,4.6607985
Enzyme,pAC50,4514,2.11,1.106224
Enzyme,pAC50,4515,0.541,1.5309685
Enzyme,pAC50,4516,1.701,1.9497777
Enzyme,pAC50,4517,1.921,2.1615272
Enzyme,pAC50,4518,3.64,3.499803
Enzyme,pAC50,4519,2.0,1.4926296
Enzyme,pAC50,4520,1.13,1.2506294
Enzyme,pAC50,4521,1.44,0.26309758
Enzyme,pAC50,4522,2.22,2.7187624
Enzyme,pAC50,4523,0.231,2.8304281
Enzyme,pAC50,4524,4.66,4.4502316
Enzyme,pAC50,4525,4.721,5.2816515
Enzyme,pAC50,4526,5.553,5.117568
Enzyme,pAC50,4527,5.292,5.5544014
Enzyme,pAC50,4528,5.59,5.9757423
Enzyme,pAC50,4529,6.47,6.066827
Enzyme,pAC50,4530,8.409,8.251901
Enzyme,pAC50,4531,6.097,6.0530257
Enzyme,pAC50,4532,5.921,6.0181527
Enzyme,pAC50,4533,5.854,5.821212
Enzyme,pAC50,4534,7.62,7.812592
Enzyme,pAC50,4535,5.569,5.7720885
Enzyme,pAC50,4536,5.215,5.3675976
Enzyme,pAC50,4537,7.0,6.6579337
Enzyme,pAC50,4538,5.658,5.565526
Enzyme,pAC50,4539,5.658,5.7695637
Enzyme,pAC50,4540,9.0,8.796281
Enzyme,pAC50,4541,7.796,7.399999
Enzyme,pAC50,4542,5.824,6.0279603
Enzyme,pAC50,4543,5.533,5.3805227
Enzyme,pAC50,4544,5.318,4.806649
Enzyme,pAC50,4545,8.638,8.904667
Enzyme,pAC50,4546,6.155,6.072217
Enzyme,pAC50,4547,6.699,6.7541714
Enzyme,pAC50,4548,3.769,3.474868
Enzyme,pAC50,4549,4.951,4.7839937
Enzyme,pAC50,4550,6.495,6.42066
Enzyme,pAC50,4551,7.469,6.984106
Enzyme,pAC50,4552,8.444,8.5406885
Enzyme,pAC50,4553,5.027,6.853219
Enzyme,pAC50,4554,6.495,6.611926
Enzyme,pAC50,4555,6.64,6.9596357
Enzyme,pAC50,4556,6.244,6.48083
Enzyme,pAC50,4557,5.155,4.8286247
Enzyme,pAC50,4558,4.754,5.1048083
Enzyme,pAC50,4559,4.851,4.840307
Enzyme,pAC50,4560,7.301,7.071786
Enzyme,pAC50,4561,4.903,5.0563784
Enzyme,pAC50,4562,9.22,8.7428465
Enzyme,pAC50,4563,6.3,6.522079
Enzyme,pAC50,4564,4.252,4.799671
Enzyme,pAC50,4565,5.356,5.4210415
Enzyme,pAC50,4566,6.225,6.108597
Enzyme,pAC50,4567,4.187,4.3455143
Enzyme,pAC50,4568,3.0,4.9700823
Enzyme,pAC50,4569,2.026,2.3261995
Enzyme,pAC50,4570,2.5,2.8095508
Enzyme,pAC50,4571,2.12,2.497223
Enzyme,pAC50,4572,2.047,2.864776
Enzyme,pAC50,4573,2.756,2.6005578
Enzyme,pAC50,4574,7.523,8.364934
Enzyme,pAC50,4575,8.31,7.359818
Enzyme,pAC50,4576,7.201,7.4539213
Enzyme,pAC50,4577,7.658,7.845328
Enzyme,pAC50,4578,7.187,7.533024
Enzyme,pAC50,4579,5.444,5.480074
Enzyme,pAC50,4580,5.456,4.7743464
Enzyme,pAC50,4581,5.678,4.0761185
Enzyme,pAC50,4582,5.268,4.979033
Enzyme,pAC50,4583,3.824,4.1432085
Enzyme,pAC50,4584,6.419,6.460867
Enzyme,pAC50,4585,6.682,6.452934
Enzyme,pAC50,4586,5.659,5.9354258
Enzyme,pAC50,4587,7.824,6.1797647
Enzyme,pAC50,4588,4.569,4.9839535
Enzyme,pAC50,4589,4.757,4.8263693
Enzyme,pAC50,4590,3.955,4.537744
Enzyme,pAC50,4591,5.276,6.261143
Enzyme,pAC50,4592,5.173,5.862481
Enzyme,pAC50,4593,5.439,5.3547945
Enzyme,pAC50,4594,3.362,2.969808
Enzyme,pAC50,4595,3.465,2.9385045
Enzyme,pAC50,4596,5.506,5.394316
Enzyme,pAC50,4597,7.086,7.3324065
Enzyme,pAC50,4598,7.137,6.7635994
Enzyme,pAC50,4599,8.699,8.154586
Enzyme,pAC50,4600,8.222,8.13148
Enzyme,pAC50,4601,5.357,5.722039
Enzyme,pAC50,4602,3.523,5.205335
Enzyme,pAC50,4603,4.745,3.244732
Enzyme,pAC50,4604,6.824,6.051691
Enzyme,pAC50,4605,4.432,5.1135616
Enzyme,pAC50,4606,5.699,5.371337
Enzyme,pAC50,4607,4.398,4.724967
Enzyme,pAC50,4608,5.155,4.455258
Enzyme,pAC50,4609,7.114,5.2915506
Enzyme,pAC50,4610,5.398,4.4130054
Enzyme,pAC50,4611,4.444,4.9919395
Enzyme,pAC50,4612,4.638,4.613825
Enzyme,pAC50,4613,4.509,4.1721225
Enzyme,pAC50,4614,6.0,6.3883133
Enzyme,pAC50,4615,6.229,5.5364113
Enzyme,pAC50,4616,5.509,6.0620213
Enzyme,pAC50,4617,6.959,6.008138
Enzyme,pAC50,4618,6.0,6.8045692
Enzyme,pAC50,4619,6.137,5.993041
Enzyme,pAC50,4620,9.0,9.29067
Enzyme,pAC50,4621,5.699,6.74392
Enzyme,pAC50,4622,6.824,6.8317738
Enzyme,pAC50,4623,5.523,5.1001625
Enzyme,pAC50,4624,6.523,7.7746215
Enzyme,pAC50,4625,6.523,6.817573
Enzyme,pAC50,4626,7.0,7.5308657
Enzyme,pAC50,4627,9.046,9.532727
Enzyme,pAC50,4628,9.155,9.267814
Enzyme,pAC50,4629,7.523,6.890168
Enzyme,pAC50,4630,6.523,7.531888
Enzyme,pAC50,4631,8.046,9.320954
Enzyme,pAC50,4632,8.699,9.352906
Enzyme,pAC50,4633,7.699,7.5781145
Enzyme,pAC50,4634,8.155,8.663955
Enzyme,pAC50,4635,5.699,6.79885
Enzyme,pAC50,4636,3.334,3.47453
Enzyme,pAC50,4637,5.257,4.152666
Enzyme,pAC50,4638,5.032,4.7067385
Enzyme,pAC50,4639,8.301,8.394269
Enzyme,pAC50,4640,7.081,7.174222
Enzyme,pAC50,4641,4.587,4.3517823
Enzyme,pAC50,4642,4.766,5.041131
Enzyme,pAC50,4643,6.893,6.3478208
Enzyme,pAC50,4644,7.347,7.073935
Enzyme,pAC50,4645,5.638,5.8521137
Enzyme,pAC50,4646,6.921,5.8750176
Enzyme,pAC50,4647,7.886,8.49303
Enzyme,pAC50,4648,8.0,7.7677994
Enzyme,pAC50,4649,8.149,6.8445253
Enzyme,pAC50,4650,5.0,5.0013733
Enzyme,pAC50,4651,5.102,5.9013042
Enzyme,pAC50,4652,5.108,5.8160534
Enzyme,pAC50,4653,4.488,4.9377565
Enzyme,pAC50,4654,3.703,3.575451
Enzyme,pAC50,4655,6.602,6.8780375
Enzyme,pAC50,4656,7.0,7.045886
Enzyme,pAC50,4657,4.975,4.579756
Enzyme,pAC50,4658,6.432,5.8097258
Enzyme,pAC50,4659,4.77,5.1047115
Enzyme,pAC50,4660,5.523,5.2248335
Enzyme,pAC50,4661,6.296,6.1516213
Enzyme,pAC50,4662,6.419,6.425775
Enzyme,pAC50,4663,6.943,7.442591
Enzyme,pAC50,4664,7.523,7.011739
Enzyme,pAC50,4665,7.097,6.918379
Enzyme,pAC50,4666,6.367,6.4642982
Enzyme,pAC50,4667,4.398,4.2866497
Enzyme,pAC50,4668,8.244,8.3281
Enzyme,pAC50,4669,9.0,9.091046
Enzyme,pAC50,4670,8.62,8.239152
Enzyme,pAC50,4671,8.886,8.759762
Enzyme,pAC50,4672,7.569,7.07367
Enzyme,pAC50,4673,4.387,4.3957396
Enzyme,pAC50,4674,5.155,4.813479
Enzyme,pAC50,4675,4.0,7.07367
Enzyme,pAC50,4676,6.959,6.5087337
Enzyme,pAC50,4677,8.77,6.7719283
Enzyme,pAC50,4678,8.301,8.318349
Enzyme,pAC50,4679,2.898,2.9561462
Enzyme,pAC50,4680,2.976,2.8557148
Enzyme,pAC50,4681,3.16,2.7619157
Enzyme,pAC50,4682,3.165,3.0413582
Enzyme,pAC50,4683,2.805,2.5997825
Enzyme,pAC50,4684,6.717,6.8037453
Enzyme,pAC50,4685,6.212,6.01433
Enzyme,pAC50,4686,5.845,6.2687254
Enzyme,pAC50,4687,4.495,4.648694
Enzyme,pAC50,4688,4.545,4.8952737
Enzyme,pAC50,4689,5.024,4.6258483
Enzyme,pAC50,4690,5.703,8.011107
Enzyme,pAC50,4691,7.237,7.465543
Enzyme,pAC50,4692,3.57,4.209032
Enzyme,pAC50,4693,5.959,6.392679
Enzyme,pAC50,4694,4.137,4.232708
Enzyme,pAC50,4695,5.538,5.546832
Enzyme,pAC50,4696,4.435,4.743663
Enzyme,pAC50,4697,7.638,7.9677286
Enzyme,pAC50,4698,4.064,4.4423757
Enzyme,pAC50,4699,4.116,4.1109734
Enzyme,pAC50,4700,4.115,4.233507
Enzyme,pAC50,4701,4.099,4.1664515
Enzyme,pAC50,4702,3.675,3.5957634
Enzyme,pAC50,4703,3.592,3.5682342
Enzyme,pAC50,4704,7.959,8.037381
Enzyme,pAC50,4705,7.678,7.546246
Enzyme,pAC50,4706,3.42,3.820312
Enzyme,pAC50,4707,4.297,5.2073965
Enzyme,pAC50,4708,4.548,4.603807
Enzyme,pAC50,4709,6.485,6.270042
Enzyme,pAC50,4710,7.538,7.546196
Enzyme,pAC50,4711,7.174,7.2716665
Enzyme,pAC50,4712,5.77,6.0139484
Enzyme,pAC50,4713,5.347,5.1461377
Enzyme,pAC50,4714,4.971,5.221038
Enzyme,pAC50,4715,5.171,5.6277037
Enzyme,pAC50,4716,6.118,6.469873
Enzyme,pAC50,4717,6.949,5.985406
Enzyme,pAC50,4718,6.238,6.056058
Enzyme,pAC50,4719,7.778,7.9658747
Enzyme,pAC50,4720,5.347,5.4940195
Enzyme,pAC50,4721,5.119,4.973456
Enzyme,pAC50,4722,4.932,5.0445685
Enzyme,pAC50,4723,5.569,5.4881845
Enzyme,pAC50,4724,9.0,5.7008924
Enzyme,pAC50,4725,7.921,6.82034
Enzyme,pAC50,4726,7.658,7.6245403
Enzyme,pAC50,4727,7.658,7.218082
Enzyme,pAC50,4728,8.921,7.8288274
Enzyme,pAC50,4729,6.489,6.355285
Enzyme,pAC50,4730,9.6,8.805645
Enzyme,pAC50,4731,-0.0,3.6000674
Enzyme,pAC50,4732,9.88,6.9856834
Enzyme,pAC50,4733,8.658,8.005214
Enzyme,pAC50,4734,2.14,1.9085513
Enzyme,pAC50,4735,9.11,9.462771
Enzyme,pAC50,4736,3.03,5.576436
Enzyme,pAC50,4737,9.1,8.366937
Enzyme,pAC50,4738,6.11,5.9535713
Enzyme,pAC50,4739,5.8,5.638387
Enzyme,pAC50,4740,7.301,7.3713055
Enzyme,pAC50,4741,2.96,2.9580064
Enzyme,pAC50,4742,3.42,2.4739237
Enzyme,pAC50,4743,2.2,2.6689985
Enzyme,pAC50,4744,6.23,6.5420647
Enzyme,pAC50,4745,4.15,4.4219294
Enzyme,pAC50,4746,4.86,5.2079167
Enzyme,pAC50,4747,4.71,5.3272467
Enzyme,pAC50,4748,5.24,4.8966823
Enzyme,pAC50,4749,6.3,6.399231
Enzyme,pAC50,4750,5.74,6.356368
Enzyme,pAC50,4751,4.72,4.9721904
Enzyme,pAC50,4752,5.29,5.0216007
Enzyme,pAC50,4753,5.13,5.262482
Enzyme,pAC50,4754,6.6,6.847003
Enzyme,pAC50,4755,8.347,8.551894
Enzyme,pAC50,4756,5.796,6.648674
Enzyme,pAC50,4757,7.0,6.804991
Enzyme,pAC50,4758,5.137,5.206801
Enzyme,pAC50,4759,5.215,7.1293907
Enzyme,pAC50,4760,4.538,6.179122
Enzyme,pAC50,4761,4.921,5.0145283
Enzyme,pAC50,4762,4.194,5.795932
Enzyme,pAC50,4763,5.6,5.0237384
Enzyme,pAC50,4764,3.17,4.974442
Enzyme,pAC50,4765,4.588,5.371908
Enzyme,pAC50,4766,1.82,1.3366765
Enzyme,pAC50,4767,1.0,0.7135008
Enzyme,pAC50,4768,2.46,2.9581645
Enzyme,pAC50,4769,0.05,3.0406091
Enzyme,pAC50,4770,7.745,8.414542
Enzyme,pAC50,4771,6.523,6.83711
Enzyme,pAC50,4772,7.092,6.938962
Enzyme,pAC50,4773,4.87,4.9351673
Enzyme,pAC50,4774,5.827,6.232485
Enzyme,pAC50,4775,6.668,6.830492
Enzyme,pAC50,4776,6.067,5.638409
Enzyme,pAC50,4777,4.687,5.8494587
Enzyme,pAC50,4778,4.927,5.1448936
Enzyme,pAC50,4779,8.377,8.671048
Enzyme,pAC50,4780,8.328,8.077567
Enzyme,pAC50,4781,8.42,8.291609
Enzyme,pAC50,4782,8.602,8.774252
Enzyme,pAC50,4783,9.222,8.803222
Enzyme,pAC50,4784,5.848,5.6564636
Enzyme,pAC50,4785,7.174,6.4111915
Enzyme,pAC50,4786,6.0,6.5231504
Enzyme,pAC50,4787,7.0,7.130043
Enzyme,pAC50,4788,6.155,6.1177015
Enzyme,pAC50,4789,6.252,6.521282
Enzyme,pAC50,4790,5.979,5.792804
Enzyme,pAC50,4791,8.699,8.896337
Enzyme,pAC50,4792,10.046,10.133094
Enzyme,pAC50,4793,7.678,7.877222
Enzyme,pAC50,4794,9.0,7.6331463
Enzyme,pAC50,4795,8.076,8.382307
Enzyme,pAC50,4796,7.284,7.4351015
Enzyme,pAC50,4797,7.155,6.530369
Enzyme,pAC50,4798,6.745,6.5303698
Enzyme,pAC50,4799,5.585,5.625489
Enzyme,pAC50,4800,5.745,5.9122934
Enzyme,pAC50,4801,5.284,5.4974747
Enzyme,pAC50,4802,4.942,5.272911
Enzyme,pAC50,4803,7.745,7.763425
Enzyme,pAC50,4804,4.395,5.037328
Enzyme,pAC50,4805,4.658,5.463312
Enzyme,pAC50,4806,6.42,6.541906
Enzyme,pAC50,4807,5.886,6.2709417
Enzyme,pAC50,4808,9.796,9.860345
Enzyme,pAC50,4809,6.854,7.209767
Enzyme,pAC50,4810,6.821,7.319733
Enzyme,pAC50,4811,7.387,7.314283
Enzyme,pAC50,4812,5.584,5.157533
Enzyme,pAC50,4813,5.62,5.451997
Enzyme,pAC50,4814,6.523,6.2944584
Enzyme,pAC50,4815,6.377,6.6053667
Enzyme,pAC50,4816,5.77,5.8427896
Enzyme,pAC50,4817,5.222,5.0549526
Enzyme,pAC50,4818,5.097,5.0417657
Enzyme,pAC50,4819,8.523,7.8545
Enzyme,pAC50,4820,4.179,4.2970834
Enzyme,pAC50,4821,7.347,7.565707
Enzyme,pAC50,4822,5.33,5.277322
Enzyme,pAC50,4823,5.879,5.712002
Enzyme,pAC50,4824,7.77,7.7659187
Enzyme,pAC50,4825,8.222,7.4851217
Enzyme,pAC50,4826,7.77,9.332774
Enzyme,pAC50,4827,6.292,6.0449023
Enzyme,pAC50,4828,4.493,4.2731543
Enzyme,pAC50,4829,4.706,4.389925
Enzyme,pAC50,4830,5.339,4.983735
Enzyme,pAC50,4831,6.991,7.1259837
Enzyme,pAC50,4832,8.0,7.5230656
Enzyme,pAC50,4833,6.169,6.972404
Enzyme,pAC50,4834,8.046,7.61927
Enzyme,pAC50,4835,7.076,7.184124
Enzyme,pAC50,4836,4.367,4.603412
Enzyme,pAC50,4837,4.428,4.3146944
Enzyme,pAC50,4838,6.301,5.274435
Enzyme,pAC50,4839,4.48,4.631423
Enzyme,pAC50,4840,8.62,8.438568
Enzyme,pAC50,4841,2.382,2.586779
Enzyme,pAC50,4842,2.497,2.238061
Enzyme,pAC50,4843,2.901,2.7620087
Enzyme,pAC50,4844,2.601,2.575338
Enzyme,pAC50,4845,4.166,4.400923
Enzyme,pAC50,4846,6.268,5.9078913
Enzyme,pAC50,4847,4.899,4.6133704
Enzyme,pAC50,4848,5.616,4.9333653
Enzyme,pAC50,4849,5.243,4.7756896
Enzyme,pAC50,4850,4.82,4.694991
Enzyme,pAC50,4851,5.311,5.224062
Enzyme,pAC50,4852,6.569,6.6020985
Enzyme,pAC50,4853,3.915,3.7479656
Enzyme,pAC50,4854,4.338,4.4125013
Enzyme,pAC50,4855,4.819,4.751221
Enzyme,pAC50,4856,6.018,6.364599
Enzyme,pAC50,4857,6.208,6.5461783
Enzyme,pAC50,4858,4.764,4.474527
Enzyme,pAC50,4859,4.5,4.251625
Enzyme,pAC50,4860,4.372,4.329241
Enzyme,pAC50,4861,5.678,5.8109293
Enzyme,pAC50,4862,7.377,6.5245047
Enzyme,pAC50,4863,5.851,6.2697787
Enzyme,pAC50,4864,5.492,5.7531404
Enzyme,pAC50,4865,5.421,6.2679405
Enzyme,pAC50,4866,4.697,4.948677
Enzyme,pAC50,4867,5.18,5.314913
Enzyme,pAC50,4868,4.631,4.393547
Enzyme,pAC50,4869,6.83,6.807724
Enzyme,pAC50,4870,6.55,6.2521806
Enzyme,pAC50,4871,6.553,7.1410227
Enzyme,pAC50,4872,7.167,7.2936773
Enzyme,pAC50,4873,7.921,7.8014755
Enzyme,pAC50,4874,4.257,4.175707
Enzyme,pAC50,4875,4.666,4.1577234
Enzyme,pAC50,4876,8.301,8.237077
Enzyme,pAC50,4877,8.155,8.089152
Enzyme,pAC50,4878,7.699,7.640336
Enzyme,pAC50,4879,6.921,7.7345333
Enzyme,pAC50,4880,6.796,5.5635715
Enzyme,pAC50,4881,3.09,4.307647
Enzyme,pAC50,4882,5.62,5.3158393
Enzyme,pAC50,4883,5.036,4.850745
Enzyme,pAC50,4884,5.793,5.3560643
Enzyme,pAC50,4885,6.301,6.209038
Enzyme,pAC50,4886,4.398,4.077546
Enzyme,pAC50,4887,6.086,6.09628
Enzyme,pAC50,4888,7.523,6.110009
Enzyme,pAC50,4889,2.854,2.4071677
Enzyme,pAC50,4890,5.796,5.715242
Enzyme,pAC50,4891,7.357,7.404319
Enzyme,pAC50,4892,4.523,4.600251
Enzyme,pAC50,4893,5.712,6.7781487
Enzyme,pAC50,4894,4.096,4.27561
Enzyme,pAC50,4895,6.668,6.768354
Enzyme,pAC50,4896,7.108,7.7640896
Enzyme,pAC50,4897,9.824,9.266206
Enzyme,pAC50,4898,9.0,8.539385
Enzyme,pAC50,4899,4.254,4.60763
Enzyme,pAC50,4900,3.742,3.908381
Enzyme,pAC50,4901,4.642,4.5383816
Enzyme,pAC50,4902,4.732,4.581377
Enzyme,pAC50,4903,4.815,5.2580447
Enzyme,pAC50,4904,5.745,5.7954173
Enzyme,pAC50,4905,5.745,5.6272326
Enzyme,pAC50,4906,3.355,3.494268
Enzyme,pAC50,4907,4.371,4.6924915
Enzyme,pAC50,4908,7.886,8.012055
Enzyme,pAC50,4909,5.215,5.6103497
Enzyme,pAC50,4910,6.301,6.1021924
Enzyme,pAC50,4911,5.377,5.182269
Enzyme,pAC50,4912,5.987,6.6097236
Enzyme,pAC50,4913,6.745,6.6864443
Enzyme,pAC50,4914,6.863,6.949186
Enzyme,pAC50,4915,5.714,5.5752063
Enzyme,pAC50,4916,6.26,6.181748
Enzyme,pAC50,4917,5.921,5.4259596
Enzyme,pAC50,4918,7.036,6.8280087
Enzyme,pAC50,4919,6.857,6.4454737
Enzyme,pAC50,4920,6.406,6.9300146
Enzyme,pAC50,4921,7.086,7.0560474
Enzyme,pAC50,4922,7.319,7.037297
Enzyme,pAC50,4923,7.229,8.171779
Enzyme,pAC50,4924,8.699,8.33782
Enzyme,pAC50,4925,7.62,7.1963396
Enzyme,pAC50,4926,7.398,7.06611
Kinases,pAC50,0,7.0,6.260313
Kinases,pAC50,1,4.249,5.3904066
Kinases,pAC50,2,5.77,5.533903
Kinases,pAC50,3,6.867,6.3289375
Kinases,pAC50,4,6.125,6.553276
Kinases,pAC50,5,4.786,6.536685
Kinases,pAC50,6,8.602,8.1010475
Kinases,pAC50,7,7.545,7.9673805
Kinases,pAC50,8,7.224,7.2662654
Kinases,pAC50,9,8.102,8.265153
Kinases,pAC50,10,7.26,6.2591953
Kinases,pAC50,11,8.002,6.3208323
Kinases,pAC50,12,8.77,7.457756
Kinases,pAC50,13,7.201,7.7588706
Kinases,pAC50,14,5.983,6.148393
Kinases,pAC50,15,5.745,6.147084
Kinases,pAC50,16,6.071,5.6483536
Kinases,pAC50,17,6.134,4.811862
Kinases,pAC50,18,7.222,6.0743403
Kinases,pAC50,19,5.854,5.677593
Kinases,pAC50,20,8.398,7.242239
Kinases,pAC50,21,7.174,6.8265586
Kinases,pAC50,22,6.537,6.303581
Kinases,pAC50,23,6.87,6.909222
Kinases,pAC50,24,6.232,5.8913727
Kinases,pAC50,25,8.301,8.629285
Kinases,pAC50,26,8.886,8.949039
Kinases,pAC50,27,6.638,6.524757
Kinases,pAC50,28,5.638,5.94674
Kinases,pAC50,29,6.824,6.786735
Kinases,pAC50,30,5.538,6.3298364
Kinases,pAC50,31,6.432,6.093695
Kinases,pAC50,32,5.229,6.579422
Kinases,pAC50,33,6.903,7.180461
Kinases,pAC50,34,6.801,6.888501
Kinases,pAC50,35,5.3,6.2145123
Kinases,pAC50,36,6.903,7.5780244
Kinases,pAC50,37,8.0,7.460246
Kinases,pAC50,38,8.0,7.9230185
Kinases,pAC50,39,8.0,7.1079426
Kinases,pAC50,40,6.635,5.9794917
Kinases,pAC50,41,4.249,5.4519563
Kinases,pAC50,42,6.187,6.640057
Kinases,pAC50,43,6.42,5.716771
Kinases,pAC50,44,7.941,7.707875
Kinases,pAC50,45,6.471,7.705761
Kinases,pAC50,46,6.294,6.4731197
Kinases,pAC50,47,8.804,9.115448
Kinases,pAC50,48,7.326,7.609099
Kinases,pAC50,49,6.886,6.5076528
Kinases,pAC50,50,5.409,6.4126377
Kinases,pAC50,51,6.511,6.6144943
Kinases,pAC50,52,5.526,6.35697
Kinases,pAC50,53,7.678,7.284584
Kinases,pAC50,54,7.174,7.4502306
Kinases,pAC50,55,6.799,7.2521415
Kinases,pAC50,56,7.384,7.8699846
Kinases,pAC50,57,3.793,3.212527
Kinases,pAC50,58,8.56,8.393294
Kinases,pAC50,59,6.903,6.9792466
Kinases,pAC50,60,6.82,7.2506094
Kinases,pAC50,61,6.123,6.7301826
Kinases,pAC50,62,8.523,8.528757
Kinases,pAC50,63,8.7,8.967921
Kinases,pAC50,64,6.831,7.575479
Kinases,pAC50,65,6.903,7.8752813
Kinases,pAC50,66,7.602,7.787072
Kinases,pAC50,67,5.81,5.65846
Kinases,pAC50,68,7.602,7.9832535
Kinases,pAC50,69,6.721,6.611354
Kinases,pAC50,70,5.873,5.8682327
Kinases,pAC50,71,6.523,5.9459333
Kinases,pAC50,72,3.252,3.257596
Kinases,pAC50,73,3.739,3.0959854
Kinases,pAC50,74,7.31,7.321073
Kinases,pAC50,75,5.409,6.6921897
Kinases,pAC50,76,9.0,8.687892
Kinases,pAC50,77,5.796,6.336589
Kinases,pAC50,78,7.127,8.068324
Kinases,pAC50,79,5.495,6.493456
Kinases,pAC50,80,6.558,5.944785
Kinases,pAC50,81,7.516,6.9787836
Kinases,pAC50,82,6.81,6.8349023
Kinases,pAC50,83,5.988,6.45223
Kinases,pAC50,84,7.745,7.724357
Kinases,pAC50,85,5.588,5.761938
Kinases,pAC50,86,5.279,6.0253143
Kinases,pAC50,87,4.854,5.403683
Kinases,pAC50,88,5.149,6.028385
Kinases,pAC50,89,7.834,7.5259075
Kinases,pAC50,90,6.507,6.5715938
Kinases,pAC50,91,8.155,7.82108
Kinases,pAC50,92,7.824,6.8219604
Kinases,pAC50,93,6.237,7.028192
Kinases,pAC50,94,9.0,7.2073846
Kinases,pAC50,95,8.0,7.262792
Kinases,pAC50,96,7.102,6.4545736
Kinases,pAC50,97,7.292,7.6328354
Kinases,pAC50,98,7.638,8.054889
Kinases,pAC50,99,5.747,6.914835
Kinases,pAC50,100,6.167,5.7828383
Kinases,pAC50,101,8.678,7.7366714
Kinases,pAC50,102,7.509,7.9188986
Kinases,pAC50,103,6.134,4.8118625
Kinases,pAC50,104,5.873,5.8682327
Kinases,pAC50,105,5.549,7.631469
Kinases,pAC50,106,5.597,5.7913427
Kinases,pAC50,107,5.222,8.230258
Kinases,pAC50,108,5.613,7.552948
Kinases,pAC50,109,6.357,5.5835066
Kinases,pAC50,110,5.745,7.29284
Kinases,pAC50,111,9.0,9.239901
Kinases,pAC50,112,6.036,6.408777
Kinases,pAC50,113,7.712,7.5759034
Kinases,pAC50,114,7.712,7.686494
Kinases,pAC50,115,7.816,5.424308
Kinases,pAC50,116,7.416,7.3627567
Kinases,pAC50,117,5.854,6.22189
Kinases,pAC50,118,7.288,7.941353
Kinases,pAC50,119,7.155,6.3144655
Kinases,pAC50,120,5.921,5.510333
Kinases,pAC50,121,6.333,7.044092
Kinases,pAC50,122,7.0,7.8189573
Kinases,pAC50,123,6.699,6.883799
Kinases,pAC50,124,8.648,8.245688
Kinases,pAC50,125,8.779,8.921832
Kinases,pAC50,126,8.544,8.430881
Kinases,pAC50,127,5.892,6.778322
Kinases,pAC50,128,7.82,9.831752
Kinases,pAC50,129,9.292,8.483375
Kinases,pAC50,130,9.051,10.079719
Kinases,pAC50,131,7.674,7.5729856
Kinases,pAC50,132,8.208,7.8869104
Kinases,pAC50,133,7.636,7.654006
Kinases,pAC50,134,7.097,6.3396792
Kinases,pAC50,135,7.638,6.2550097
Kinases,pAC50,136,6.092,5.7876067
Kinases,pAC50,137,3.9,3.9931118
Kinases,pAC50,138,7.602,7.4256477
Kinases,pAC50,139,8.585,8.539993
Kinases,pAC50,140,5.494,6.69765
Kinases,pAC50,141,5.98,6.605
Kinases,pAC50,142,6.42,6.0656576
Kinases,pAC50,143,8.201,7.778557
Kinases,pAC50,144,7.921,7.588336
Kinases,pAC50,145,5.837,6.658704
Kinases,pAC50,146,5.644,5.670456
Kinases,pAC50,147,4.511,5.242964
Kinases,pAC50,148,6.77,6.868262
Kinases,pAC50,149,4.301,5.1716413
Kinases,pAC50,150,7.745,7.8457255
Kinases,pAC50,151,7.456,8.583937
Kinases,pAC50,152,6.695,7.68147
Kinases,pAC50,153,7.658,8.031022
Kinases,pAC50,154,4.222,3.9884007
Kinases,pAC50,155,7.319,6.8490295
Kinases,pAC50,156,8.319,8.023751
Kinases,pAC50,157,8.854,6.8880515
Kinases,pAC50,158,4.824,4.509037
Kinases,pAC50,159,3.86,3.736766
Kinases,pAC50,160,8.721,8.635785
Kinases,pAC50,161,6.357,5.728781
Kinases,pAC50,162,6.022,6.349781
Kinases,pAC50,163,6.119,6.800516
Kinases,pAC50,164,6.292,6.3359118
Kinases,pAC50,165,6.523,5.979701
Kinases,pAC50,166,6.328,6.0510073
Kinases,pAC50,167,7.959,8.13201
Kinases,pAC50,168,5.778,5.9067974
Kinases,pAC50,169,3.722,4.0726957
Kinases,pAC50,170,8.194,7.9217386
Kinases,pAC50,171,3.917,4.5955935
Kinases,pAC50,172,8.0,7.1727257
Kinases,pAC50,173,5.432,5.3107233
Kinases,pAC50,174,5.146,5.789996
Kinases,pAC50,175,8.699,8.242814
Kinases,pAC50,176,7.699,8.405658
Kinases,pAC50,177,7.796,7.7375965
Kinases,pAC50,178,8.398,8.139075
Kinases,pAC50,179,8.699,7.993289
Kinases,pAC50,180,7.481,6.942376
Kinases,pAC50,181,7.678,7.976463
Kinases,pAC50,182,5.52,5.3872404
Kinases,pAC50,183,6.0,6.3343806
Kinases,pAC50,184,8.699,6.964465
Kinases,pAC50,185,7.301,6.322441
Kinases,pAC50,186,6.0,6.0450807
Kinases,pAC50,187,6.937,6.3819637
Kinases,pAC50,188,7.301,7.122418
Kinases,pAC50,189,6.0,5.7276673
Kinases,pAC50,190,6.0,5.961378
Kinases,pAC50,191,3.79,3.4227884
Kinases,pAC50,192,7.456,7.2890334
Kinases,pAC50,193,7.215,7.042982
Kinases,pAC50,194,6.762,6.8525276
Kinases,pAC50,195,6.461,7.251148
Kinases,pAC50,196,4.328,4.936893
Kinases,pAC50,197,4.0,4.420648
Kinases,pAC50,198,5.854,5.431842
Kinases,pAC50,199,7.569,7.5545206
Kinases,pAC50,200,8.369,7.8153515
Kinases,pAC50,201,6.196,6.0039444
Kinases,pAC50,202,7.658,8.046222
Kinases,pAC50,203,7.569,7.928701
Kinases,pAC50,204,7.699,7.2955256
Kinases,pAC50,205,7.469,6.7599173
Kinases,pAC50,206,6.384,6.8014107
Kinases,pAC50,207,5.824,5.981124
Kinases,pAC50,208,6.59,7.399341
Kinases,pAC50,209,7.174,6.2953806
Kinases,pAC50,210,8.584,7.4230623
Kinases,pAC50,211,7.526,7.285931
Kinases,pAC50,212,6.498,6.9309664
Kinases,pAC50,213,6.866,7.177514
Kinases,pAC50,214,8.577,7.9984274
Kinases,pAC50,215,7.521,7.370616
Kinases,pAC50,216,7.678,6.922631
Kinases,pAC50,217,6.401,6.4032
Kinases,pAC50,218,8.155,7.2136784
Kinases,pAC50,219,5.523,6.70171
Kinases,pAC50,220,6.143,6.3734508
Kinases,pAC50,221,5.796,6.5781546
Kinases,pAC50,222,6.602,6.31057
Kinases,pAC50,223,6.309,6.354805
Kinases,pAC50,224,6.185,6.9762144
Kinases,pAC50,225,6.105,6.392908
Kinases,pAC50,226,5.876,6.852482
Kinases,pAC50,227,6.371,6.433754
Kinases,pAC50,228,7.137,6.4833193
Kinases,pAC50,229,7.149,7.3397655
Kinases,pAC50,230,6.31,6.869691
Kinases,pAC50,231,9.0,7.352052
Kinases,pAC50,232,8.222,7.1364236
Kinases,pAC50,233,6.858,6.568909
Kinases,pAC50,234,7.606,7.249879
Kinases,pAC50,235,7.585,7.3432074
Kinases,pAC50,236,7.495,7.44918
Kinases,pAC50,237,7.721,7.659308
Kinases,pAC50,238,7.77,7.5235443
Kinases,pAC50,239,7.377,7.494614
Kinases,pAC50,240,6.489,6.7580795
Kinases,pAC50,241,7.602,7.1456585
Kinases,pAC50,242,7.585,6.8290796
Kinases,pAC50,243,4.301,5.5587015
Kinases,pAC50,244,4.963,6.0725746
Kinases,pAC50,245,8.032,7.486348
Kinases,pAC50,246,5.983,6.304849
Kinases,pAC50,247,8.481,7.777611
Kinases,pAC50,248,7.081,7.2971525
Kinases,pAC50,249,6.495,5.3943005
Kinases,pAC50,250,4.656,7.979224
Kinases,pAC50,251,7.721,6.527975
Kinases,pAC50,252,5.658,7.3905797
Kinases,pAC50,253,6.788,7.000426
Kinases,pAC50,254,6.602,5.95753
Kinases,pAC50,255,4.726,5.1315217
Kinases,pAC50,256,5.456,6.314683
Kinases,pAC50,257,5.569,5.7729454
Kinases,pAC50,258,5.796,7.0425467
Kinases,pAC50,259,5.772,5.7765656
Kinases,pAC50,260,5.959,5.7508345
Kinases,pAC50,261,6.462,6.454926
Kinases,pAC50,262,5.926,6.3293653
Kinases,pAC50,263,5.312,6.389834
Kinases,pAC50,264,6.705,6.8084087
Kinases,pAC50,265,7.62,6.778862
Kinases,pAC50,266,5.104,5.7482615
Kinases,pAC50,267,5.155,5.1339355
Kinases,pAC50,268,5.754,5.998922
Kinases,pAC50,269,5.006,5.481308
Kinases,pAC50,270,5.971,6.3042393
Kinases,pAC50,271,6.335,5.9898744
Kinases,pAC50,272,5.827,6.1807165
Kinases,pAC50,273,8.292,7.4090614
Kinases,pAC50,274,5.774,6.4374924
Kinases,pAC50,275,8.004,7.646411
Kinases,pAC50,276,7.0,6.870671
Kinases,pAC50,277,7.0,7.437064
Kinases,pAC50,278,7.0,7.2636647
Kinases,pAC50,279,6.039,6.3068204
Kinases,pAC50,280,8.553,8.21058
Kinases,pAC50,281,5.879,5.923019
Kinases,pAC50,282,6.618,5.5792007
Kinases,pAC50,283,6.5,5.7389293
Kinases,pAC50,284,4.516,4.8047304
Kinases,pAC50,285,6.469,5.138759
Kinases,pAC50,286,6.585,5.901027
Kinases,pAC50,287,5.96,6.7255406
Kinases,pAC50,288,6.45,6.6833763
Kinases,pAC50,289,5.066,5.346031
Kinases,pAC50,290,5.411,5.0657606
Kinases,pAC50,291,6.511,5.9751883
Kinases,pAC50,292,6.208,5.3534136
Kinases,pAC50,293,5.06,7.3471737
Kinases,pAC50,294,6.02,5.2264824
Kinases,pAC50,295,6.411,5.356331
Kinases,pAC50,296,8.523,7.30888
Kinases,pAC50,297,8.699,6.9262285
Kinases,pAC50,298,5.319,6.4077954
Kinases,pAC50,299,6.409,7.1237016
Kinases,pAC50,300,7.233,5.826346
Kinases,pAC50,301,8.523,6.840355
Kinases,pAC50,302,7.043,7.7404594
Kinases,pAC50,303,8.194,8.6188
Kinases,pAC50,304,7.658,8.99191
Kinases,pAC50,305,5.866,5.7196455
Kinases,pAC50,306,7.167,6.8563538
Kinases,pAC50,307,5.0,4.8558016
Kinases,pAC50,308,6.955,6.9218073
Kinases,pAC50,309,7.62,6.7078705
Kinases,pAC50,310,6.397,7.2151346
Kinases,pAC50,311,6.352,6.8744802
Kinases,pAC50,312,6.248,6.799002
Kinases,pAC50,313,5.664,6.139229
Kinases,pAC50,314,4.862,4.9447193
Kinases,pAC50,315,4.838,4.758478
Kinases,pAC50,316,4.798,4.695717
Kinases,pAC50,317,4.763,4.566331
Kinases,pAC50,318,4.03,4.7425814
Kinases,pAC50,319,7.469,7.3138046
Kinases,pAC50,320,7.187,6.195288
Kinases,pAC50,321,6.357,7.02188
Kinases,pAC50,322,5.313,5.3430586
Kinases,pAC50,323,7.046,6.9114676
Kinases,pAC50,324,5.152,5.3781433
Kinases,pAC50,325,6.097,5.260068
Kinases,pAC50,326,5.143,5.0334516
Kinases,pAC50,327,5.301,5.046093
Kinases,pAC50,328,9.211,8.354766
Kinases,pAC50,329,5.959,6.163948
Kinases,pAC50,330,3.559,4.879713
Kinases,pAC50,331,4.932,4.30946
Kinases,pAC50,332,8.056,7.948929
Kinases,pAC50,333,7.444,7.605527
Kinases,pAC50,334,7.041,7.117031
Kinases,pAC50,335,5.194,5.874023
Kinases,pAC50,336,6.42,5.795485
Kinases,pAC50,337,5.523,5.5272293
Kinases,pAC50,338,5.432,5.1778474
Kinases,pAC50,339,6.155,5.331048
Kinases,pAC50,340,7.757,7.1058273
Kinases,pAC50,341,7.071,7.5315504
Kinases,pAC50,342,4.338,5.143435
Kinases,pAC50,343,7.824,7.610135
Kinases,pAC50,344,7.585,7.0885816
Kinases,pAC50,345,8.155,7.913435
Kinases,pAC50,346,3.602,5.6911983
Kinases,pAC50,347,5.388,5.2111306
Kinases,pAC50,348,5.097,5.466876
Kinases,pAC50,349,5.215,5.4996405
Kinases,pAC50,350,6.796,5.966934
Kinases,pAC50,351,7.585,6.848996
Kinases,pAC50,352,7.86,7.8686395
Kinases,pAC50,353,4.807,4.589038
Kinases,pAC50,354,5.268,4.4674673
Kinases,pAC50,355,4.57,5.003015
Kinases,pAC50,356,5.287,4.9287686
Kinases,pAC50,357,3.94,4.270069
Kinases,pAC50,358,6.658,6.8709316
Kinases,pAC50,359,7.538,7.0061316
Kinases,pAC50,360,5.364,6.8534107
Kinases,pAC50,361,6.453,6.5734367
Kinases,pAC50,362,7.444,7.8181896
Kinases,pAC50,363,5.824,6.0212164
Kinases,pAC50,364,6.347,5.840533
Kinases,pAC50,365,6.387,7.7860727
Kinases,pAC50,366,5.481,6.132749
Kinases,pAC50,367,6.801,7.834036
Kinases,pAC50,368,7.602,7.5920763
Kinases,pAC50,369,5.638,5.3814144
Kinases,pAC50,370,7.45,7.441893
Kinases,pAC50,371,6.427,6.6632996
Kinases,pAC50,372,7.845,7.432472
Kinases,pAC50,373,8.135,7.1960382
Kinases,pAC50,374,4.235,6.565323
Kinases,pAC50,375,5.26,4.6810865
Kinases,pAC50,376,5.928,5.4132013
Kinases,pAC50,377,6.959,6.3371124
Kinases,pAC50,378,6.721,6.807415
Kinases,pAC50,379,7.854,6.978833
Kinases,pAC50,380,6.854,7.498975
Kinases,pAC50,381,8.0,7.511465
Kinases,pAC50,382,3.648,4.4755077
Kinases,pAC50,383,6.854,6.698735
Kinases,pAC50,384,5.893,6.3278522
Kinases,pAC50,385,7.79,7.4392147
Kinases,pAC50,386,5.724,5.9153852
Kinases,pAC50,387,6.197,7.389793
Kinases,pAC50,388,6.015,6.604851
Kinases,pAC50,389,5.79,4.596957
Kinases,pAC50,390,6.783,6.956832
Kinases,pAC50,391,5.658,7.4090366
Kinases,pAC50,392,7.796,7.828659
Kinases,pAC50,393,6.24,5.9389343
Kinases,pAC50,394,5.717,6.642974
Kinases,pAC50,395,8.222,7.534253
Kinases,pAC50,396,7.004,6.478557
Kinases,pAC50,397,6.372,5.4955025
Kinases,pAC50,398,5.987,5.8171654
Kinases,pAC50,399,5.11,5.116472
Kinases,pAC50,400,5.488,6.0170975
Kinases,pAC50,401,7.376,6.457038
Kinases,pAC50,402,7.138,7.811265
Kinases,pAC50,403,8.222,7.3635263
Kinases,pAC50,404,4.115,4.166412
Kinases,pAC50,405,7.047,7.355932
Kinases,pAC50,406,7.032,7.0702796
Kinases,pAC50,407,9.108,9.114011
Kinases,pAC50,408,6.218,6.5216036
Kinases,pAC50,409,9.301,9.50981
Kinases,pAC50,410,8.589,8.063065
Kinases,pAC50,411,9.509,9.016292
Kinases,pAC50,412,4.0,5.0443707
Kinases,pAC50,413,8.269,7.7440023
Kinases,pAC50,414,6.79,7.6535254
Kinases,pAC50,415,7.77,6.7097993
Kinases,pAC50,416,6.967,6.6551533
Kinases,pAC50,417,7.42,6.7768016
Kinases,pAC50,418,6.738,6.708529
Kinases,pAC50,419,5.682,6.127742
Kinases,pAC50,420,7.26,7.202298
Kinases,pAC50,421,7.745,8.045743
Kinases,pAC50,422,5.77,5.448978
Kinases,pAC50,423,5.051,5.197192
Kinases,pAC50,424,8.0,7.324971
Kinases,pAC50,425,6.388,7.0330544
Kinases,pAC50,426,5.668,5.3902874
Kinases,pAC50,427,5.31,5.5393095
Kinases,pAC50,428,5.87,6.9512463
Kinases,pAC50,429,7.0,7.017764
Kinases,pAC50,430,7.493,7.2610645
Kinases,pAC50,431,6.991,7.763706
Kinases,pAC50,432,7.041,7.373686
Kinases,pAC50,433,8.0,7.4578257
Kinases,pAC50,434,6.292,7.8341618
Kinases,pAC50,435,8.569,8.621668
Kinases,pAC50,436,8.377,8.30851
Kinases,pAC50,437,8.638,8.792993
Kinases,pAC50,438,5.403,5.379224
Kinases,pAC50,439,5.9,5.1925926
Kinases,pAC50,440,6.858,7.5468597
Kinases,pAC50,441,8.398,6.50911
Kinases,pAC50,442,8.523,7.4419394
Kinases,pAC50,443,7.538,6.8950105
Kinases,pAC50,444,9.0,8.37298
Kinases,pAC50,445,8.996,8.001302
Kinases,pAC50,446,8.783,7.760421
Kinases,pAC50,447,8.301,7.60717
Kinases,pAC50,448,7.854,7.1220007
Kinases,pAC50,449,7.409,7.0545306
Kinases,pAC50,450,6.893,7.0846224
Kinases,pAC50,451,6.488,7.429903
Kinases,pAC50,452,6.893,7.085561
Kinases,pAC50,453,7.444,7.2681875
Kinases,pAC50,454,7.119,7.130334
Kinases,pAC50,455,7.886,7.4416485
Kinases,pAC50,456,6.434,6.698091
Kinases,pAC50,457,7.854,7.5159597
Kinases,pAC50,458,6.757,7.146385
Kinases,pAC50,459,7.824,7.5081367
Kinases,pAC50,460,7.886,7.704644
Kinases,pAC50,461,7.699,7.6339145
Kinases,pAC50,462,7.854,7.788994
Kinases,pAC50,463,7.387,7.6447754
Kinases,pAC50,464,7.167,7.605009
Kinases,pAC50,465,7.523,8.021005
Kinases,pAC50,466,6.593,6.604338
Kinases,pAC50,467,6.462,6.2322416
Kinases,pAC50,468,8.098,8.443174
Kinases,pAC50,469,6.31,6.605628
Kinases,pAC50,470,5.699,6.192978
Kinases,pAC50,471,6.0,6.0906606
Kinases,pAC50,472,7.569,9.06248
Kinases,pAC50,473,8.076,7.263101
Kinases,pAC50,474,5.292,5.495117
Kinases,pAC50,475,5.348,5.62889
Kinases,pAC50,476,8.387,6.9370933
Kinases,pAC50,477,5.623,5.397558
Kinases,pAC50,478,5.495,5.2303495
Kinases,pAC50,479,5.384,5.081312
Kinases,pAC50,480,5.068,4.9817
Kinases,pAC50,481,4.819,5.0427375
Kinases,pAC50,482,6.322,7.0426598
Kinases,pAC50,483,7.012,6.6394587
Kinases,pAC50,484,7.143,7.179652
Kinases,pAC50,485,7.629,7.3913326
Kinases,pAC50,486,7.699,8.063302
Kinases,pAC50,487,5.87,6.161055
Kinases,pAC50,488,6.235,5.57267
Kinases,pAC50,489,6.084,6.498927
Kinases,pAC50,490,6.86,7.403224
Kinases,pAC50,491,6.285,6.368122
Kinases,pAC50,492,6.341,6.521159
Kinases,pAC50,493,5.018,7.227772
Kinases,pAC50,494,5.051,4.9952316
Kinases,pAC50,495,7.745,8.171368
Kinases,pAC50,496,6.939,7.2927523
Kinases,pAC50,497,6.711,7.6088376
Kinases,pAC50,498,8.119,8.094631
Kinases,pAC50,499,8.445,8.946398
Kinases,pAC50,500,6.155,7.184819
Kinases,pAC50,501,5.0,4.984658
Kinases,pAC50,502,5.328,6.551775
Kinases,pAC50,503,6.221,6.388468
Kinases,pAC50,504,6.0,6.5908546
Kinases,pAC50,505,7.0,7.3240204
Kinases,pAC50,506,7.201,6.3535104
Kinases,pAC50,507,9.187,9.392964
Kinases,pAC50,508,7.854,8.401966
Kinases,pAC50,509,6.0,6.2269516
Kinases,pAC50,510,7.979,7.751498
Kinases,pAC50,511,8.276,7.9555583
Kinases,pAC50,512,6.337,6.2286625
Kinases,pAC50,513,7.114,6.52929
Kinases,pAC50,514,6.0,6.0311875
Kinases,pAC50,515,7.229,6.4380693
Kinases,pAC50,516,7.553,7.273467
Kinases,pAC50,517,5.538,6.575635
Kinases,pAC50,518,8.222,7.935437
Kinases,pAC50,519,8.699,8.407374
Kinases,pAC50,520,8.523,7.0395184
Kinases,pAC50,521,8.161,8.82893
Kinases,pAC50,522,8.222,6.606225
Kinases,pAC50,523,7.056,6.6951113
Kinases,pAC50,524,7.854,7.154967
Kinases,pAC50,525,6.0,6.566597
Kinases,pAC50,526,8.301,7.7574267
Kinases,pAC50,527,7.921,7.1042013
Kinases,pAC50,528,5.192,6.6085186
Kinases,pAC50,529,6.542,6.92447
Kinases,pAC50,530,6.876,7.5347614
Kinases,pAC50,531,5.602,6.581474
Kinases,pAC50,532,4.401,4.267735
Kinases,pAC50,533,8.051,7.7937937
Kinases,pAC50,534,6.058,6.389073
Kinases,pAC50,535,6.222,6.7694063
Kinases,pAC50,536,7.567,7.400692
Kinases,pAC50,537,5.538,5.739366
Kinases,pAC50,538,6.529,7.015722
Kinases,pAC50,539,7.718,5.432407
Kinases,pAC50,540,5.906,5.7131424
Kinases,pAC50,541,7.775,7.342438
Kinases,pAC50,542,5.31,5.9340053
Kinases,pAC50,543,8.301,7.4965477
Kinases,pAC50,544,8.06,8.251092
Kinases,pAC50,545,7.752,7.3427362
Kinases,pAC50,546,7.799,7.4029255
Kinases,pAC50,547,7.658,8.0011
Kinases,pAC50,548,8.585,8.39202
Kinases,pAC50,549,7.096,6.4176226
Kinases,pAC50,550,7.149,6.864768
Kinases,pAC50,551,5.5,5.9191008
Kinases,pAC50,552,5.202,5.4045095
Kinases,pAC50,553,5.405,6.7557545
Kinases,pAC50,554,6.218,7.1093345
Kinases,pAC50,555,7.197,7.4108257
Kinases,pAC50,556,6.05,6.584693
Kinases,pAC50,557,8.398,7.497308
Kinases,pAC50,558,8.194,7.655114
Kinases,pAC50,559,6.921,6.836528
Kinases,pAC50,560,7.015,6.6603966
Kinases,pAC50,561,8.839,7.8333917
Kinases,pAC50,562,5.77,5.698836
Kinases,pAC50,563,8.29,7.600645
Kinases,pAC50,564,4.32,5.4185696
Kinases,pAC50,565,9.348,8.666959
Kinases,pAC50,566,5.0,5.2374105
Kinases,pAC50,567,8.62,9.08255
Kinases,pAC50,568,4.986,5.4286404
Kinases,pAC50,569,9.14,9.424508
Kinases,pAC50,570,3.886,4.931984
Kinases,pAC50,571,8.82,8.480868
Kinases,pAC50,572,9.11,8.300109
Kinases,pAC50,573,5.523,5.8674746
Kinases,pAC50,574,5.252,5.8399715
Kinases,pAC50,575,17.601,15.167068
Kinases,pAC50,576,8.8,8.152747
Kinases,pAC50,577,7.635,6.3856554
Kinases,pAC50,578,8.098,7.3951054
Kinases,pAC50,579,7.458,7.351154
Kinases,pAC50,580,8.48,8.072525
Kinases,pAC50,581,7.523,8.323832
Kinases,pAC50,582,7.31,7.0259166
Kinases,pAC50,583,3.648,3.230432
Kinases,pAC50,584,7.638,8.081478
Kinases,pAC50,585,7.678,7.7177114
Kinases,pAC50,586,7.347,7.6404634
Kinases,pAC50,587,2.886,2.9007132
Kinases,pAC50,588,6.955,7.707971
Kinases,pAC50,589,7.638,7.881258
Kinases,pAC50,590,9.444,7.1112013
Kinases,pAC50,591,7.075,7.7265596
Kinases,pAC50,592,5.658,4.506787
Kinases,pAC50,593,6.161,5.2472997
Kinases,pAC50,594,4.523,4.4323263
Kinases,pAC50,595,5.699,5.6380754
Kinases,pAC50,596,6.523,7.01143
Kinases,pAC50,597,6.071,6.8282695
Kinases,pAC50,598,7.602,8.157918
Kinases,pAC50,599,7.585,8.124611
Kinases,pAC50,600,7.194,7.8527694
Kinases,pAC50,601,8.678,8.360163
Kinases,pAC50,602,8.523,7.800978
Kinases,pAC50,603,7.357,8.100681
Kinases,pAC50,604,7.086,7.08276
Kinases,pAC50,605,7.119,7.0383816
Kinases,pAC50,606,7.201,7.2173915
Kinases,pAC50,607,5.5,5.3394575
Kinases,pAC50,608,6.747,6.7101574
Kinases,pAC50,609,7.553,7.5752096
Kinases,pAC50,610,7.292,7.602451
Kinases,pAC50,611,6.1,5.664249
Kinases,pAC50,612,8.085,7.3230243
Kinases,pAC50,613,7.237,7.1009874
Kinases,pAC50,614,7.387,6.6582284
Kinases,pAC50,615,7.745,7.6759005
Kinases,pAC50,616,7.553,7.0442853
Kinases,pAC50,617,6.87,7.34456
Kinases,pAC50,618,7.363,7.6894093
Kinases,pAC50,619,6.167,7.2700043
Kinases,pAC50,620,5.917,7.236827
Kinases,pAC50,621,9.097,9.0661
Kinases,pAC50,622,7.037,6.950712
Kinases,pAC50,623,5.77,5.8307323
Kinases,pAC50,624,5.77,5.650275
Kinases,pAC50,625,8.097,8.049551
Kinases,pAC50,626,5.347,5.535543
Kinases,pAC50,627,5.801,6.551246
Kinases,pAC50,628,7.066,7.090554
Kinases,pAC50,629,7.965,8.25577
Kinases,pAC50,630,7.849,8.330083
Kinases,pAC50,631,7.824,7.8304415
Kinases,pAC50,632,8.721,9.111094
Kinases,pAC50,633,5.124,6.2461066
Kinases,pAC50,634,5.752,5.9992223
Kinases,pAC50,635,5.208,5.830264
Kinases,pAC50,636,6.231,6.3045053
Kinases,pAC50,637,6.301,8.354518
Kinases,pAC50,638,8.0,8.046395
Kinases,pAC50,639,7.921,8.03802
Kinases,pAC50,640,8.523,8.674786
Kinases,pAC50,641,6.991,7.394767
Kinases,pAC50,642,5.767,6.735834
Kinases,pAC50,643,6.006,6.7465134
Kinases,pAC50,644,8.387,7.799779
Kinases,pAC50,645,8.523,9.062343
Kinases,pAC50,646,9.62,6.4890633
Kinases,pAC50,647,6.246,6.488695
Kinases,pAC50,648,8.824,7.6705046
Kinases,pAC50,649,7.921,7.7248325
Kinases,pAC50,650,9.398,8.577505
Kinases,pAC50,651,9.328,8.551932
Kinases,pAC50,652,8.62,9.096171
Kinases,pAC50,653,6.432,7.887166
Kinases,pAC50,654,8.036,9.088852
Kinases,pAC50,655,8.959,9.805311
Kinases,pAC50,656,9.086,8.8513
Kinases,pAC50,657,8.444,9.102683
Kinases,pAC50,658,9.0,8.773525
Kinases,pAC50,659,7.824,8.51701
Kinases,pAC50,660,6.77,8.227215
Kinases,pAC50,661,8.301,8.892309
Kinases,pAC50,662,8.721,8.673085
Kinases,pAC50,663,9.284,8.756509
Kinases,pAC50,664,8.481,8.526786
Kinases,pAC50,665,6.804,6.8925962
Kinases,pAC50,666,4.306,5.8043394
Kinases,pAC50,667,6.155,6.3162622
Kinases,pAC50,668,7.495,7.372712
Kinases,pAC50,669,7.523,7.1033683
Kinases,pAC50,670,5.208,5.772769
Kinases,pAC50,671,6.444,7.276437
Kinases,pAC50,672,6.046,5.852002
Kinases,pAC50,673,7.124,7.0032244
Kinases,pAC50,674,6.313,6.6858006
Kinases,pAC50,675,6.577,6.874309
Kinases,pAC50,676,6.735,6.881662
Kinases,pAC50,677,6.493,6.9388447
Kinases,pAC50,678,7.456,7.6484118
Kinases,pAC50,679,7.638,8.268619
Kinases,pAC50,680,6.513,5.9375954
Kinases,pAC50,681,5.678,4.94085
Kinases,pAC50,682,5.602,9.624607
Kinases,pAC50,683,6.444,6.2582664
Kinases,pAC50,684,4.903,5.717918
Kinases,pAC50,685,6.945,6.7653966
Kinases,pAC50,686,7.284,6.397747
Kinases,pAC50,687,5.62,6.345277
Kinases,pAC50,688,8.222,6.630184
Kinases,pAC50,689,9.0,9.130787
Kinases,pAC50,690,9.545,9.623786
Kinases,pAC50,691,6.527,7.0854096
Kinases,pAC50,692,8.886,8.94356
Kinases,pAC50,693,7.367,7.190567
Kinases,pAC50,694,7.62,5.8046684
Kinases,pAC50,695,8.167,5.7129807
Kinases,pAC50,696,5.839,4.8850865
Kinases,pAC50,697,4.957,5.2086897
Kinases,pAC50,698,6.21,7.3697014
Kinases,pAC50,699,5.495,6.3340054
Kinases,pAC50,700,8.155,7.764493
Kinases,pAC50,701,5.959,5.57339
Kinases,pAC50,702,6.444,5.5801306
Kinases,pAC50,703,3.947,3.937268
Kinases,pAC50,704,6.658,6.882627
Kinases,pAC50,705,7.979,6.842119
Kinases,pAC50,706,7.745,7.858003
Kinases,pAC50,707,5.914,5.06097
Kinases,pAC50,708,5.432,5.25665
Kinases,pAC50,709,6.532,6.6400723
Kinases,pAC50,710,9.0,9.64449
Kinases,pAC50,711,7.292,7.2039833
Kinases,pAC50,712,6.886,6.1623373
Kinases,pAC50,713,8.0,9.019876
Kinases,pAC50,714,6.372,7.1680756
Kinases,pAC50,715,7.886,7.9777145
Kinases,pAC50,716,5.099,5.159005
Kinases,pAC50,717,7.721,7.339306
Kinases,pAC50,718,4.234,6.9279847
Kinases,pAC50,719,4.758,7.588277
Kinases,pAC50,720,8.0,8.603902
Kinases,pAC50,721,8.097,8.081172
Kinases,pAC50,722,9.523,8.433375
Kinases,pAC50,723,5.237,5.217019
Kinases,pAC50,724,7.77,7.60579
Kinases,pAC50,725,7.398,7.9802303
Kinases,pAC50,726,7.26,7.542163
Kinases,pAC50,727,7.301,7.7723045
Kinases,pAC50,728,5.194,6.8895254
Kinases,pAC50,729,6.0,6.2992806
Kinases,pAC50,730,5.0,4.2343187
Kinases,pAC50,731,8.824,9.211136
Kinases,pAC50,732,8.699,9.404318
Kinases,pAC50,733,8.523,8.373149
Kinases,pAC50,734,6.462,6.900057
Kinases,pAC50,735,7.409,7.2354646
Kinases,pAC50,736,7.046,7.0222445
Kinases,pAC50,737,7.041,7.3643703
Kinases,pAC50,738,7.62,6.1034355
Kinases,pAC50,739,7.854,7.9540534
Kinases,pAC50,740,8.398,8.113484
Kinases,pAC50,741,7.174,7.162288
Kinases,pAC50,742,7.602,7.231138
Kinases,pAC50,743,6.801,7.830593
Kinases,pAC50,744,6.395,6.661149
Kinases,pAC50,745,6.775,6.5890217
Kinases,pAC50,746,8.2,7.4049025
Kinases,pAC50,747,8.854,8.370333
Kinases,pAC50,748,7.444,7.245229
Kinases,pAC50,749,7.284,8.299779
Kinases,pAC50,750,6.658,6.6477304
Kinases,pAC50,751,8.0,7.861944
Kinases,pAC50,752,5.18,6.4927917
Kinases,pAC50,753,5.914,7.007168
Kinases,pAC50,754,7.0,6.930174
Kinases,pAC50,755,6.553,6.1510315
Kinases,pAC50,756,5.721,6.3652797
Kinases,pAC50,757,6.553,6.7672024
Kinases,pAC50,758,7.745,7.9005938
Kinases,pAC50,759,8.328,8.049472
Kinases,pAC50,760,8.328,8.250143
Kinases,pAC50,761,9.046,9.107528
Kinases,pAC50,762,7.42,9.084555
Kinases,pAC50,763,6.375,6.9985275
Kinases,pAC50,764,8.292,8.186488
Kinases,pAC50,765,5.0,5.4654427
Kinases,pAC50,766,6.6,6.689288
Kinases,pAC50,767,5.615,5.8646255
Kinases,pAC50,768,5.188,6.636033
Kinases,pAC50,769,5.699,5.3192225
Kinases,pAC50,770,5.857,5.359115
Kinases,pAC50,771,4.824,4.9130383
Kinases,pAC50,772,5.456,5.3456573
Kinases,pAC50,773,4.0,5.2702694
Kinases,pAC50,774,9.398,8.217163
Kinases,pAC50,775,8.081,7.9824038
Kinases,pAC50,776,8.268,7.730879
Kinases,pAC50,777,5.523,5.9667134
Kinases,pAC50,778,8.561,8.130662
Kinases,pAC50,779,6.558,7.3961835
Kinases,pAC50,780,5.931,6.5203533
Kinases,pAC50,781,8.301,7.703742
Kinases,pAC50,782,7.0,7.669139
Kinases,pAC50,783,7.886,8.097881
Kinases,pAC50,784,7.62,7.249365
Kinases,pAC50,785,5.77,7.2197685
Kinases,pAC50,786,8.367,7.9952593
Kinases,pAC50,787,8.387,8.3160715
Kinases,pAC50,788,8.268,8.440134
Kinases,pAC50,789,7.886,7.6863866
Kinases,pAC50,790,7.276,7.2318974
Kinases,pAC50,791,6.569,6.3419085
Kinases,pAC50,792,7.951,7.5260763
Kinases,pAC50,793,7.174,7.6650023
Kinases,pAC50,794,7.699,7.197415
Kinases,pAC50,795,9.222,9.646785
Kinases,pAC50,796,6.318,6.330859
Kinases,pAC50,797,7.77,8.25561
Kinases,pAC50,798,8.0,7.760334
Kinases,pAC50,799,6.254,7.1971397
Kinases,pAC50,800,5.728,5.3598638
Kinases,pAC50,801,6.602,6.7675934
Kinases,pAC50,802,5.62,5.8135247
Kinases,pAC50,803,5.42,5.52932
Kinases,pAC50,804,5.377,5.777959
Kinases,pAC50,805,6.815,6.2223444
Kinases,pAC50,806,5.186,5.894408
Kinases,pAC50,807,5.799,6.587024
Kinases,pAC50,808,6.728,7.1879883
Kinases,pAC50,809,6.509,7.1376424
Kinases,pAC50,810,6.939,6.953494
Kinases,pAC50,811,6.303,6.851156
Kinases,pAC50,812,5.311,5.5588393
Kinases,pAC50,813,5.815,6.0794125
Kinases,pAC50,814,5.788,5.9347005
Kinases,pAC50,815,5.644,6.020314
Kinases,pAC50,816,5.615,6.4321275
Kinases,pAC50,817,9.022,6.9908853
Kinases,pAC50,818,7.339,7.0449653
Kinases,pAC50,819,6.532,7.323765
Kinases,pAC50,820,8.26,7.92266
Kinases,pAC50,821,6.921,6.5094633
Kinases,pAC50,822,5.441,7.182104
Kinases,pAC50,823,5.432,6.088856
Kinases,pAC50,824,6.305,6.621771
Kinases,pAC50,825,6.192,5.5901756
Kinases,pAC50,826,5.778,6.4206142
Kinases,pAC50,827,6.381,6.2731023
Kinases,pAC50,828,6.117,6.188223
Kinases,pAC50,829,8.187,8.01336
Kinases,pAC50,830,8.337,8.065565
Kinases,pAC50,831,7.252,7.647979
Kinases,pAC50,832,7.155,7.097407
Kinases,pAC50,833,6.68,6.027286
Kinases,pAC50,834,9.301,10.0191965
Kinases,pAC50,835,8.149,8.188983
Kinases,pAC50,836,8.523,6.5306735
Kinases,pAC50,837,8.155,8.031367
Kinases,pAC50,838,8.523,8.752196
Kinases,pAC50,839,7.678,8.56902
Kinases,pAC50,840,8.252,8.517332
Kinases,pAC50,841,8.26,8.627305
Kinases,pAC50,842,7.509,6.985608
Kinases,pAC50,843,6.252,6.0385866
Kinases,pAC50,844,6.824,5.8067675
Kinases,pAC50,845,8.036,7.6142645
Kinases,pAC50,846,7.745,7.6933584
Kinases,pAC50,847,8.097,8.413316
Kinases,pAC50,848,9.0,8.023946
Kinases,pAC50,849,7.222,7.55138
Kinases,pAC50,850,8.222,8.18159
Kinases,pAC50,851,5.638,6.108773
Kinases,pAC50,852,8.959,9.057068
Kinases,pAC50,853,7.854,8.5754385
Kinases,pAC50,854,7.71,7.3120546
Kinases,pAC50,855,7.812,7.2285385
Kinases,pAC50,856,5.987,6.533868
Kinases,pAC50,857,7.538,7.534261
Kinases,pAC50,858,7.886,7.752587
Kinases,pAC50,859,6.648,6.8882027
Kinases,pAC50,860,7.37,7.3432493
Kinases,pAC50,861,9.097,7.7726464
Kinases,pAC50,862,5.374,5.7146845
Kinases,pAC50,863,8.398,8.450103
Kinases,pAC50,864,6.597,6.101896
Kinases,pAC50,865,7.75,7.9123073
Kinases,pAC50,866,7.444,7.3240647
Kinases,pAC50,867,8.276,8.233257
Kinases,pAC50,868,6.014,6.185432
Kinases,pAC50,869,6.9,7.3479257
Kinases,pAC50,870,5.903,5.9777145
Kinases,pAC50,871,8.398,8.393511
Kinases,pAC50,872,5.136,6.253205
Kinases,pAC50,873,8.0,8.017073
Kinases,pAC50,874,8.301,8.417531
Kinases,pAC50,875,7.553,6.798716
Kinases,pAC50,876,7.301,7.894727
Kinases,pAC50,877,7.678,7.8316073
Kinases,pAC50,878,7.886,7.0243483
Kinases,pAC50,879,8.602,8.512311
Kinases,pAC50,880,7.046,7.7120886
Kinases,pAC50,881,7.202,7.653629
Kinases,pAC50,882,6.648,6.529426
Kinases,pAC50,883,7.403,6.009638
Kinases,pAC50,884,8.495,8.606431
Kinases,pAC50,885,8.481,8.31062
Kinases,pAC50,886,8.959,8.650842
Kinases,pAC50,887,8.854,8.431649
Kinases,pAC50,888,6.967,6.850294
Kinases,pAC50,889,6.876,6.8769374
Kinases,pAC50,890,7.824,7.3505197
Kinases,pAC50,891,6.018,5.8900127
Kinases,pAC50,892,7.367,7.6810727
Kinases,pAC50,893,5.991,5.1469197
Kinases,pAC50,894,6.519,5.232937
Kinases,pAC50,895,6.959,8.239769
Kinases,pAC50,896,6.928,7.1774917
Kinases,pAC50,897,6.08,6.438403
Kinases,pAC50,898,6.9,6.3132935
Kinases,pAC50,899,9.1,9.018554
Kinases,pAC50,900,5.06,5.141185
Kinases,pAC50,901,5.002,5.927285
Kinases,pAC50,902,5.71,6.171159
Kinases,pAC50,903,7.509,6.411702
Kinases,pAC50,904,6.21,6.729677
Kinases,pAC50,905,6.27,6.8010416
Kinases,pAC50,906,8.398,7.6958647
Kinases,pAC50,907,7.668,6.746728
Kinases,pAC50,908,7.347,7.048579
Kinases,pAC50,909,6.602,7.441723
Kinases,pAC50,910,8.155,7.774643
Kinases,pAC50,911,8.097,8.028693
Kinases,pAC50,912,6.523,6.269264
Kinases,pAC50,913,6.222,4.754423
Kinases,pAC50,914,5.699,5.720662
Kinases,pAC50,915,7.569,7.8372974
Kinases,pAC50,916,8.648,8.412475
Kinases,pAC50,917,6.5,7.0917907
Kinases,pAC50,918,7.409,7.7331886
Kinases,pAC50,919,7.387,6.873269
Kinases,pAC50,920,6.12,7.152938
Kinases,pAC50,921,4.616,5.5846825
Kinases,pAC50,922,4.444,5.4529734
Kinases,pAC50,923,5.212,5.1522746
Kinases,pAC50,924,4.323,4.2847366
Kinases,pAC50,925,9.699,9.319416
Kinases,pAC50,926,8.276,8.372735
Kinases,pAC50,927,6.943,8.286487
Kinases,pAC50,928,7.125,6.876794
Kinases,pAC50,929,7.538,7.5961723
Kinases,pAC50,930,7.569,7.5818615
Kinases,pAC50,931,3.86,4.3615327
Kinases,pAC50,932,5.851,5.815263
Kinases,pAC50,933,7.569,6.361657
Kinases,pAC50,934,4.602,4.714242
Kinases,pAC50,935,4.699,4.491234
Kinases,pAC50,936,8.824,7.8135395
Kinases,pAC50,937,7.658,8.053849
Kinases,pAC50,938,7.292,8.035338
Kinases,pAC50,939,7.284,7.4769964
Kinases,pAC50,940,6.886,6.9675655
Kinases,pAC50,941,7.602,7.8437524
Kinases,pAC50,942,7.398,7.7719417
Kinases,pAC50,943,7.0,6.3723
Kinases,pAC50,944,5.58,5.152729
Kinases,pAC50,945,6.026,6.7739925
Kinases,pAC50,946,6.699,6.7180395
Kinases,pAC50,947,7.174,7.260211
Kinases,pAC50,948,8.31,8.050254
Kinases,pAC50,949,8.377,8.23797
Kinases,pAC50,950,7.456,8.23797
Kinases,pAC50,951,7.77,7.091198
Kinases,pAC50,952,8.62,8.016653
Kinases,pAC50,953,6.36,6.5051956
Kinases,pAC50,954,6.5,6.7735453
Kinases,pAC50,955,8.745,9.030962
Kinases,pAC50,956,8.523,7.132287
Kinases,pAC50,957,6.699,6.2413926
Kinases,pAC50,958,7.602,6.726378
Kinases,pAC50,959,6.699,7.101555
Kinases,pAC50,960,6.044,5.9781933
Kinases,pAC50,961,6.067,6.2238693
Kinases,pAC50,962,7.276,8.924783
Kinases,pAC50,963,5.678,6.0485973
Kinases,pAC50,964,5.854,6.690831
Kinases,pAC50,965,7.516,7.381112
Kinases,pAC50,966,6.252,6.5945406
Kinases,pAC50,967,6.252,6.679044
Kinases,pAC50,968,7.119,6.551342
Kinases,pAC50,969,6.762,6.4654303
Kinases,pAC50,970,7.355,7.7263393
Kinases,pAC50,971,6.449,6.7105384
Kinases,pAC50,972,9.699,9.449114
Kinases,pAC50,973,7.585,8.704211
Kinases,pAC50,974,5.77,7.184435
Kinases,pAC50,975,6.658,7.4537263
Kinases,pAC50,976,7.337,7.764886
Kinases,pAC50,977,7.367,7.4863353
Kinases,pAC50,978,8.086,8.688264
Kinases,pAC50,979,10.0,9.481477
Kinases,pAC50,980,8.367,8.289056
Kinases,pAC50,981,5.824,7.300717
Kinases,pAC50,982,5.419,5.220461
Kinases,pAC50,983,8.066,8.473076
Kinases,pAC50,984,5.347,5.723884
Kinases,pAC50,985,4.896,5.3803644
Kinases,pAC50,986,7.119,7.432047
Kinases,pAC50,987,6.538,7.093075
Kinases,pAC50,988,5.395,5.0883036
Kinases,pAC50,989,7.497,7.439643
Kinases,pAC50,990,4.8,5.981341
Kinases,pAC50,991,8.284,8.731778
Kinases,pAC50,992,6.2,5.906693
Kinases,pAC50,993,5.8,5.233321
Kinases,pAC50,994,5.609,5.9045897
Kinases,pAC50,995,5.629,5.311453
Kinases,pAC50,996,5.092,4.8387375
Kinases,pAC50,997,4.553,4.5150948
Kinases,pAC50,998,5.824,5.3081913
Kinases,pAC50,999,4.745,4.687139
Kinases,pAC50,1000,7.06,6.4728
Kinases,pAC50,1001,4.699,4.1148605
Kinases,pAC50,1002,4.0,5.0177765
Kinases,pAC50,1003,8.444,7.8481226
Kinases,pAC50,1004,7.602,8.035699
Kinases,pAC50,1005,8.456,7.784533
Kinases,pAC50,1006,8.921,8.661783
Kinases,pAC50,1007,7.764,7.177619
Kinases,pAC50,1008,9.854,7.1569543
Kinases,pAC50,1009,7.42,7.4329786
Kinases,pAC50,1010,6.313,7.311306
Kinases,pAC50,1011,6.678,6.3724766
Kinases,pAC50,1012,5.125,6.511693
Kinases,pAC50,1013,7.114,7.6404552
Kinases,pAC50,1014,7.854,7.1420126
Kinases,pAC50,1015,5.093,5.2764378
Kinases,pAC50,1016,7.824,7.265109
Kinases,pAC50,1017,5.959,5.838575
Kinases,pAC50,1018,6.161,7.347488
Kinases,pAC50,1019,4.125,4.741847
Kinases,pAC50,1020,6.131,6.903804
Kinases,pAC50,1021,6.398,6.9555254
Kinases,pAC50,1022,5.043,5.990263
Kinases,pAC50,1023,7.523,7.0157905
Kinases,pAC50,1024,6.108,6.237425
Kinases,pAC50,1025,7.387,6.651409
Kinases,pAC50,1026,6.569,6.3806486
Kinases,pAC50,1027,5.721,5.051197
Kinases,pAC50,1028,6.319,5.9856443
Kinases,pAC50,1029,5.569,7.58459
Kinases,pAC50,1030,8.222,8.417054
Kinases,pAC50,1031,6.893,6.9876604
Kinases,pAC50,1032,8.007,7.498272
Kinases,pAC50,1033,5.602,6.9202566
Kinases,pAC50,1034,7.886,6.588337
Kinases,pAC50,1035,7.886,7.809963
Kinases,pAC50,1036,7.745,7.3596783
Kinases,pAC50,1037,6.959,8.152918
Kinases,pAC50,1038,3.824,4.527936
Kinases,pAC50,1039,8.523,7.9269123
Kinases,pAC50,1040,6.658,7.316659
Kinases,pAC50,1041,7.0,6.9527397
Kinases,pAC50,1042,7.62,7.6543293
Kinases,pAC50,1043,7.753,6.4514275
Kinases,pAC50,1044,6.824,6.9390807
Kinases,pAC50,1045,8.377,8.48224
Kinases,pAC50,1046,7.319,6.4749465
Kinases,pAC50,1047,4.706,4.8409495
Kinases,pAC50,1048,7.367,7.5365925
Kinases,pAC50,1049,8.553,8.423934
Kinases,pAC50,1050,6.12,6.320821
Kinases,pAC50,1051,8.699,8.302188
Kinases,pAC50,1052,8.155,7.9688363
Kinases,pAC50,1053,6.456,5.791688
Kinases,pAC50,1054,6.509,5.825944
Kinases,pAC50,1055,5.117,5.2713413
Kinases,pAC50,1056,7.143,7.3376083
Kinases,pAC50,1057,7.569,6.8453197
Kinases,pAC50,1058,8.051,7.609753
Kinases,pAC50,1059,6.215,6.4586697
Kinases,pAC50,1060,7.383,7.451643
Kinases,pAC50,1061,7.593,8.033404
Kinases,pAC50,1062,6.932,7.0991096
Kinases,pAC50,1063,5.097,6.313574
Kinases,pAC50,1064,7.644,7.719896
Kinases,pAC50,1065,7.666,7.911249
Kinases,pAC50,1066,8.469,8.249538
Kinases,pAC50,1067,8.432,8.490842
Kinases,pAC50,1068,8.921,8.344278
Kinases,pAC50,1069,6.523,6.285406
Kinases,pAC50,1070,5.155,5.9170055
Kinases,pAC50,1071,5.658,4.647403
Kinases,pAC50,1072,6.967,6.490863
Kinases,pAC50,1073,8.699,8.752172
Kinases,pAC50,1074,4.921,4.2905912
Kinases,pAC50,1075,4.517,4.865568
Kinases,pAC50,1076,5.229,5.9197984
Kinases,pAC50,1077,7.915,7.7115693
Kinases,pAC50,1078,7.971,7.492027
Kinases,pAC50,1079,7.161,7.200482
Kinases,pAC50,1080,7.569,7.504201
Kinases,pAC50,1081,7.398,6.539578
Kinases,pAC50,1082,8.523,7.756815
Kinases,pAC50,1083,7.301,7.1410007
Kinases,pAC50,1084,7.456,7.370036
Kinases,pAC50,1085,7.167,7.0753536
Kinases,pAC50,1086,6.279,7.0524073
Kinases,pAC50,1087,7.7,7.329857
Kinases,pAC50,1088,8.101,8.366586
Kinases,pAC50,1089,8.08,7.677845
Kinases,pAC50,1090,8.45,7.857051
Kinases,pAC50,1091,6.73,7.4892783
Kinases,pAC50,1092,6.2,6.6711617
Kinases,pAC50,1093,4.387,4.3924704
Kinases,pAC50,1094,5.119,5.640359
Kinases,pAC50,1095,4.337,4.636186
Kinases,pAC50,1096,7.076,6.748577
Kinases,pAC50,1097,7.367,7.0048094
Kinases,pAC50,1098,7.42,7.0295744
Kinases,pAC50,1099,5.215,4.8097825
Kinases,pAC50,1100,7.523,6.0099626
Kinases,pAC50,1101,6.26,4.790825
Kinases,pAC50,1102,5.097,5.794609
Kinases,pAC50,1103,6.699,5.990349
Kinases,pAC50,1104,6.0,5.386984
Kinases,pAC50,1105,6.635,6.6435814
Kinases,pAC50,1106,7.456,6.878149
Kinases,pAC50,1107,5.567,6.175609
Kinases,pAC50,1108,5.135,6.304821
Kinases,pAC50,1109,6.295,5.950403
Kinases,pAC50,1110,6.74,6.3610473
Kinases,pAC50,1111,4.76,4.8031273
Kinases,pAC50,1112,4.866,4.926778
Kinases,pAC50,1113,5.036,4.803454
Kinases,pAC50,1114,4.801,4.9398537
Kinases,pAC50,1115,6.0,6.1979694
Kinases,pAC50,1116,5.036,4.8007555
Kinases,pAC50,1117,5.109,5.2215257
Kinases,pAC50,1118,5.096,4.733025
Kinases,pAC50,1119,6.553,6.218159
Kinases,pAC50,1120,5.951,6.5767927
Kinases,pAC50,1121,6.281,5.638413
Kinases,pAC50,1122,5.523,5.5176935
Kinases,pAC50,1123,6.467,5.87799
Kinases,pAC50,1124,6.173,6.1004148
Kinases,pAC50,1125,6.976,6.928691
Kinases,pAC50,1126,6.421,7.0791016
Kinases,pAC50,1127,7.751,6.8894815
Kinases,pAC50,1128,5.187,6.679602
Kinases,pAC50,1129,6.283,5.69935
Kinases,pAC50,1130,7.38,6.351224
Kinases,pAC50,1131,7.74,6.5424805
Kinases,pAC50,1132,5.0,5.4478264
Kinases,pAC50,1133,5.523,5.4808865
Kinases,pAC50,1134,5.0,4.9263906
Kinases,pAC50,1135,5.608,5.562066
Kinases,pAC50,1136,5.523,5.858654
Kinases,pAC50,1137,5.0,6.0294647
Kinases,pAC50,1138,5.0,5.769529
Kinases,pAC50,1139,6.354,5.757575
Kinases,pAC50,1140,5.0,5.7073193
Kinases,pAC50,1141,5.0,5.472891
Kinases,pAC50,1142,5.0,5.3989744
Kinases,pAC50,1143,5.0,4.948477
Kinases,pAC50,1144,5.0,5.262335
Kinases,pAC50,1145,8.398,8.454242
Kinases,pAC50,1146,8.155,8.454242
Kinases,pAC50,1147,8.398,8.52074
Kinases,pAC50,1148,8.699,8.782057
Kinases,pAC50,1149,8.155,8.346016
Kinases,pAC50,1150,7.292,7.7455993
Kinases,pAC50,1151,8.699,8.860348
Kinases,pAC50,1152,7.222,6.9464254
Kinases,pAC50,1153,8.699,8.010818
Kinases,pAC50,1154,8.301,9.02144
Kinases,pAC50,1155,8.699,8.96361
Kinases,pAC50,1156,9.0,9.1498575
Kinases,pAC50,1157,6.991,8.04045
Kinases,pAC50,1158,8.699,8.237856
Kinases,pAC50,1159,7.42,7.6284657
Kinases,pAC50,1160,7.174,7.359301
Kinases,pAC50,1161,7.444,7.3632636
Kinases,pAC50,1162,7.237,7.9228144
Kinases,pAC50,1163,7.699,7.467189
Kinases,pAC50,1164,7.161,7.6268234
Kinases,pAC50,1165,7.194,6.4877253
Kinases,pAC50,1166,5.482,7.065952
Kinases,pAC50,1167,7.398,7.4745307
Kinases,pAC50,1168,6.398,8.149859
Kinases,pAC50,1169,7.569,8.234645
Kinases,pAC50,1170,7.921,8.528106
Kinases,pAC50,1171,5.42,5.371741
Kinases,pAC50,1172,5.959,5.8903484
Kinases,pAC50,1173,5.495,5.7567806
Kinases,pAC50,1174,7.42,6.682934
Kinases,pAC50,1175,6.503,5.864526
Kinases,pAC50,1176,8.066,7.13787
Kinases,pAC50,1177,8.481,8.837618
Kinases,pAC50,1178,7.377,8.402603
Kinases,pAC50,1179,6.963,7.760627
Kinases,pAC50,1180,7.082,7.4417152
Kinases,pAC50,1181,5.108,5.407216
Kinases,pAC50,1182,7.061,7.540204
Kinases,pAC50,1183,5.745,5.7377205
Kinases,pAC50,1184,5.507,5.989026
Kinases,pAC50,1185,6.827,7.3581724
Kinases,pAC50,1186,8.0,7.4615
Kinases,pAC50,1187,8.42,8.531409
Kinases,pAC50,1188,8.046,7.4070683
Kinases,pAC50,1189,7.854,7.4808016
Kinases,pAC50,1190,8.149,6.476388
Kinases,pAC50,1191,6.027,5.838666
Kinases,pAC50,1192,6.022,6.8928437
Kinases,pAC50,1193,8.097,7.7321444
Kinases,pAC50,1194,7.222,6.4234624
Kinases,pAC50,1195,8.456,7.5168777
Kinases,pAC50,1196,4.032,5.156698
Kinases,pAC50,1197,4.086,4.3152633
Kinases,pAC50,1198,5.638,5.5027523
Kinases,pAC50,1199,5.208,6.510639
Kinases,pAC50,1200,7.046,7.5711565
Kinases,pAC50,1201,6.77,6.399561
Kinases,pAC50,1202,7.078,6.4298134
Kinases,pAC50,1203,4.721,5.9648204
Kinases,pAC50,1204,7.538,6.534895
Kinases,pAC50,1205,6.745,7.196134
Kinases,pAC50,1206,7.187,7.9584217
Kinases,pAC50,1207,7.959,6.914405
Kinases,pAC50,1208,4.886,6.147809
Kinases,pAC50,1209,8.301,7.9799275
Kinases,pAC50,1210,7.076,5.9971237
Kinases,pAC50,1211,7.959,7.9510517
Kinases,pAC50,1212,5.182,6.241164
Kinases,pAC50,1213,5.921,6.895623
Kinases,pAC50,1214,6.625,6.521147
Kinases,pAC50,1215,6.458,6.1506844
Kinases,pAC50,1216,6.301,6.20387
Kinases,pAC50,1217,7.209,7.8098745
Kinases,pAC50,1218,6.73,7.6780705
Kinases,pAC50,1219,7.886,7.205844
Kinases,pAC50,1220,5.699,5.690681
Kinases,pAC50,1221,5.95,6.325226
Kinases,pAC50,1222,7.264,7.1254506
Kinases,pAC50,1223,7.097,6.7065263
Kinases,pAC50,1224,6.555,7.3237076
Kinases,pAC50,1225,5.149,6.3106976
Kinases,pAC50,1226,5.721,5.7711887
Kinases,pAC50,1227,6.674,7.5413
Kinases,pAC50,1228,5.301,5.2200594
Kinases,pAC50,1229,5.167,5.2537355
Kinases,pAC50,1230,5.108,5.7052917
Kinases,pAC50,1231,5.187,5.544377
Kinases,pAC50,1232,5.208,6.2279377
Kinases,pAC50,1233,5.158,4.870138
Kinases,pAC50,1234,5.131,5.2251873
Kinases,pAC50,1235,7.398,7.953027
Kinases,pAC50,1236,6.688,5.5416813
Kinases,pAC50,1237,6.569,7.097449
Kinases,pAC50,1238,6.357,6.4811497
Kinases,pAC50,1239,7.284,7.101026
Kinases,pAC50,1240,4.049,4.5405583
Kinases,pAC50,1241,3.705,4.0180883
Kinases,pAC50,1242,7.638,7.6280913
Kinases,pAC50,1243,7.146,6.537016
Kinases,pAC50,1244,6.678,6.448489
Kinases,pAC50,1245,7.629,6.747734
Kinases,pAC50,1246,6.772,7.1319814
Kinases,pAC50,1247,6.362,6.3766184
Kinases,pAC50,1248,7.194,7.716487
Kinases,pAC50,1249,6.3,6.3002586
Kinases,pAC50,1250,5.8,6.193741
Kinases,pAC50,1251,7.201,6.807223
Kinases,pAC50,1252,5.854,6.3277626
Kinases,pAC50,1253,6.244,6.500369
Kinases,pAC50,1254,9.0,8.287694
Kinases,pAC50,1255,5.842,6.3460836
Kinases,pAC50,1256,5.699,5.4014616
Kinases,pAC50,1257,5.921,5.214327
Kinases,pAC50,1258,5.585,6.224646
Kinases,pAC50,1259,8.155,7.7707005
Kinases,pAC50,1260,6.222,6.3042316
Kinases,pAC50,1261,7.174,8.002318
Kinases,pAC50,1262,7.097,6.604603
Kinases,pAC50,1263,7.086,7.2875433
Kinases,pAC50,1264,7.886,8.354405
Kinases,pAC50,1265,7.545,7.811597
Kinases,pAC50,1266,5.31,4.4758415
Kinases,pAC50,1267,4.797,4.760559
Kinases,pAC50,1268,7.194,7.3243895
Kinases,pAC50,1269,6.699,6.6616726
Kinases,pAC50,1270,6.222,6.3421235
Kinases,pAC50,1271,5.387,5.739483
Kinases,pAC50,1272,3.905,4.3658943
Kinases,pAC50,1273,3.821,4.7181234
Kinases,pAC50,1274,6.42,5.990738
Kinases,pAC50,1275,4.065,4.2082987
Kinases,pAC50,1276,3.717,4.3778043
Kinases,pAC50,1277,5.796,6.332989
Kinases,pAC50,1278,8.432,8.773292
Kinases,pAC50,1279,4.792,5.088533
Kinases,pAC50,1280,7.886,8.122241
Kinases,pAC50,1281,7.137,7.1087217
Kinases,pAC50,1282,8.523,7.6496763
Kinases,pAC50,1283,6.046,6.555714
Kinases,pAC50,1284,6.495,6.5676622
Kinases,pAC50,1285,6.119,5.6659822
Kinases,pAC50,1286,8.959,8.260707
Kinases,pAC50,1287,7.09,7.8370905
Kinases,pAC50,1288,6.481,6.7105565
Kinases,pAC50,1289,7.796,8.2091055
Kinases,pAC50,1290,8.481,8.0636015
Kinases,pAC50,1291,7.796,6.922432
Kinases,pAC50,1292,7.022,6.9841976
Kinases,pAC50,1293,7.509,7.7821417
Kinases,pAC50,1294,8.415,8.368425
Kinases,pAC50,1295,8.26,8.377495
Kinases,pAC50,1296,8.161,8.65511
Kinases,pAC50,1297,7.398,6.699217
Kinases,pAC50,1298,7.839,6.871833
Kinases,pAC50,1299,7.588,6.6873546
Kinases,pAC50,1300,7.7,7.55161
Kinases,pAC50,1301,6.773,7.0306954
Kinases,pAC50,1302,5.572,5.7267213
Kinases,pAC50,1303,6.367,5.722199
Kinases,pAC50,1304,7.796,6.9732304
Kinases,pAC50,1305,5.437,5.2242613
Kinases,pAC50,1306,7.658,6.6541023
Kinases,pAC50,1307,6.416,6.910243
Kinases,pAC50,1308,5.067,5.241664
Kinases,pAC50,1309,5.27,5.6786137
Kinases,pAC50,1310,7.022,6.0647345
Kinases,pAC50,1311,6.564,6.962263
Kinases,pAC50,1312,6.409,6.9544864
Kinases,pAC50,1313,8.424,8.041634
Kinases,pAC50,1314,5.004,5.6229634
Kinases,pAC50,1315,6.74,7.616373
Kinases,pAC50,1316,7.521,7.239041
Kinases,pAC50,1317,7.606,7.3204846
Kinases,pAC50,1318,7.366,6.993779
Kinases,pAC50,1319,7.707,7.976508
Kinases,pAC50,1320,5.735,6.021408
Kinases,pAC50,1321,5.167,5.9763546
Kinases,pAC50,1322,5.021,5.9990654
Kinases,pAC50,1323,5.453,6.0060654
Kinases,pAC50,1324,5.107,5.946965
Kinases,pAC50,1325,6.66,6.306805
Kinases,pAC50,1326,5.701,5.458003
Kinases,pAC50,1327,6.963,6.409988
Kinases,pAC50,1328,5.225,5.62573
Kinases,pAC50,1329,7.823,7.398091
Kinases,pAC50,1330,7.202,7.4952354
Kinases,pAC50,1331,6.462,6.8680563
Kinases,pAC50,1332,7.491,7.7122784
Kinases,pAC50,1333,5.921,6.2911882
Kinases,pAC50,1334,7.77,6.964966
Kinases,pAC50,1335,8.036,7.990123
Kinases,pAC50,1336,5.409,6.0391645
Kinases,pAC50,1337,6.141,7.9314737
Kinases,pAC50,1338,9.824,7.100661
Kinases,pAC50,1339,5.588,5.291228
Kinases,pAC50,1340,6.678,6.2682915
Kinases,pAC50,1341,5.921,5.8054376
Kinases,pAC50,1342,7.046,5.407336
Kinases,pAC50,1343,7.824,7.9243793
Kinases,pAC50,1344,6.432,6.9168134
Kinases,pAC50,1345,6.456,7.009039
Kinases,pAC50,1346,8.301,7.6138477
Kinases,pAC50,1347,6.005,7.3751144
Kinases,pAC50,1348,6.851,7.012829
Kinases,pAC50,1349,5.06,7.3768587
Kinases,pAC50,1350,6.717,5.30458
Kinases,pAC50,1351,6.0,5.298786
Kinases,pAC50,1352,6.185,5.2115135
Kinases,pAC50,1353,5.936,6.24537
Kinases,pAC50,1354,6.509,6.315996
Kinases,pAC50,1355,8.097,8.112956
Kinases,pAC50,1356,7.824,7.33526
Kinases,pAC50,1357,5.18,4.7881656
Kinases,pAC50,1358,7.228,7.6034617
Kinases,pAC50,1359,9.301,7.493952
Kinases,pAC50,1360,6.398,6.149285
Kinases,pAC50,1361,6.886,6.7702103
Kinases,pAC50,1362,7.036,7.066143
Kinases,pAC50,1363,6.569,7.1952724
Kinases,pAC50,1364,6.9,6.8388863
Kinases,pAC50,1365,7.678,7.416023
Kinases,pAC50,1366,7.432,7.6944766
Kinases,pAC50,1367,7.337,7.230979
Kinases,pAC50,1368,7.155,6.3116436
Kinases,pAC50,1369,5.583,6.076487
Kinases,pAC50,1370,7.553,7.653036
Kinases,pAC50,1371,7.444,7.7671895
Kinases,pAC50,1372,7.824,7.742092
Kinases,pAC50,1373,7.77,7.6969695
Kinases,pAC50,1374,7.854,7.372873
Kinases,pAC50,1375,7.367,7.2181673
Kinases,pAC50,1376,7.824,7.618048
Kinases,pAC50,1377,7.509,7.581312
Kinases,pAC50,1378,6.281,6.5051737
Kinases,pAC50,1379,6.793,6.3808947
Kinases,pAC50,1380,6.197,6.504875
Kinases,pAC50,1381,6.156,6.472269
Kinases,pAC50,1382,6.182,6.254831
Kinases,pAC50,1383,5.0,6.2768345
Kinases,pAC50,1384,6.706,6.5343747
Kinases,pAC50,1385,6.107,6.2896905
Kinases,pAC50,1386,6.446,6.349681
Kinases,pAC50,1387,6.001,6.2736406
Kinases,pAC50,1388,6.311,6.268478
Kinases,pAC50,1389,6.572,6.3070364
Kinases,pAC50,1390,6.378,6.312394
Kinases,pAC50,1391,6.764,6.2266035
Kinases,pAC50,1392,6.085,6.2396116
Kinases,pAC50,1393,6.975,6.5476723
Kinases,pAC50,1394,7.056,6.8750563
Kinases,pAC50,1395,6.724,6.9604316
Kinases,pAC50,1396,7.678,7.703945
Kinases,pAC50,1397,6.921,6.601411
Kinases,pAC50,1398,6.0,6.4710684
Kinases,pAC50,1399,7.876,7.5669346
Kinases,pAC50,1400,7.223,6.4093866
Kinases,pAC50,1401,6.456,6.0537267
Kinases,pAC50,1402,6.638,7.638132
Kinases,pAC50,1403,7.538,7.086612
Kinases,pAC50,1404,6.886,6.6540904
Kinases,pAC50,1405,7.31,6.8350487
Kinases,pAC50,1406,6.504,6.1137505
Kinases,pAC50,1407,5.873,6.0427084
Kinases,pAC50,1408,6.481,6.659976
Kinases,pAC50,1409,6.455,6.2304926
Kinases,pAC50,1410,7.854,7.1462927
Kinases,pAC50,1411,6.166,6.715591
Kinases,pAC50,1412,6.854,6.162829
Kinases,pAC50,1413,6.585,6.7617407
Kinases,pAC50,1414,6.921,6.359914
Kinases,pAC50,1415,5.484,5.404825
Kinases,pAC50,1416,5.785,5.6873207
Kinases,pAC50,1417,8.155,7.5373955
Kinases,pAC50,1418,7.92,7.319151
Kinases,pAC50,1419,6.403,7.5198393
Kinases,pAC50,1420,6.551,6.6632404
Kinases,pAC50,1421,5.341,4.971178
Kinases,pAC50,1422,5.364,5.110964
Kinases,pAC50,1423,6.248,6.677736
Kinases,pAC50,1424,5.542,5.2599287
Kinases,pAC50,1425,8.432,9.045369
Kinases,pAC50,1426,7.921,7.6241784
Kinases,pAC50,1427,8.155,7.668475
Kinases,pAC50,1428,7.796,7.361064
Kinases,pAC50,1429,5.33,5.5968666
Kinases,pAC50,1430,6.398,5.175769
Kinases,pAC50,1431,5.403,5.135575
Kinases,pAC50,1432,6.893,7.2882023
Kinases,pAC50,1433,7.062,7.146315
Kinases,pAC50,1434,6.342,6.4128113
Kinases,pAC50,1435,6.504,6.67813
Kinases,pAC50,1436,6.439,6.048173
Kinases,pAC50,1437,5.582,5.890342
Kinases,pAC50,1438,6.08,5.9130244
Kinases,pAC50,1439,7.824,7.7164645
Kinases,pAC50,1440,7.064,6.4457746
Kinases,pAC50,1441,5.688,5.693265
Kinases,pAC50,1442,6.516,7.276559
Kinases,pAC50,1443,6.678,6.3902454
Kinases,pAC50,1444,7.319,6.6316648
Kinases,pAC50,1445,6.367,6.104399
Kinases,pAC50,1446,5.668,5.0499506
Kinases,pAC50,1447,6.921,7.3054433
Kinases,pAC50,1448,6.625,7.2665443
Kinases,pAC50,1449,6.775,6.7109017
Kinases,pAC50,1450,5.222,5.0026007
Kinases,pAC50,1451,5.657,5.8623734
Kinases,pAC50,1452,7.77,7.697258
Kinases,pAC50,1453,8.268,7.749728
Kinases,pAC50,1454,6.24,6.419333
Kinases,pAC50,1455,6.0,7.092613
Kinases,pAC50,1456,6.31,6.231595
Kinases,pAC50,1457,6.15,5.7593946
Kinases,pAC50,1458,7.15,6.3766932
Kinases,pAC50,1459,7.301,6.51641
Kinases,pAC50,1460,7.301,6.724911
Kinases,pAC50,1461,7.11,6.4727616
Kinases,pAC50,1462,7.301,6.9185805
Kinases,pAC50,1463,7.301,7.1758895
Kinases,pAC50,1464,5.678,6.1217375
Kinases,pAC50,1465,6.0,6.361897
Kinases,pAC50,1466,7.301,7.088196
Kinases,pAC50,1467,7.301,6.996863
Kinases,pAC50,1468,7.301,6.580814
Kinases,pAC50,1469,6.0,5.812498
Kinases,pAC50,1470,7.0,7.0352488
Kinases,pAC50,1471,6.23,6.7196836
Kinases,pAC50,1472,7.301,6.6535234
Kinases,pAC50,1473,7.301,6.898204
Kinases,pAC50,1474,6.392,6.0991096
Kinases,pAC50,1475,7.0,6.94144
Kinases,pAC50,1476,7.301,7.034939
Kinases,pAC50,1477,6.48,6.446025
Kinases,pAC50,1478,7.301,7.2736726
Kinases,pAC50,1479,7.679,6.78349
Kinases,pAC50,1480,6.0,6.068038
Kinases,pAC50,1481,6.0,6.354306
Kinases,pAC50,1482,5.62,7.3008423
Kinases,pAC50,1483,5.495,7.1510553
Kinases,pAC50,1484,7.301,7.173165
Kinases,pAC50,1485,7.15,6.8133545
Kinases,pAC50,1486,7.0,7.262895
Kinases,pAC50,1487,6.0,6.2881875
Kinases,pAC50,1488,7.301,7.645767
Kinases,pAC50,1489,7.301,7.247941
Kinases,pAC50,1490,9.056,9.963161
Kinases,pAC50,1491,5.82,5.840584
Kinases,pAC50,1492,6.04,6.751627
Kinases,pAC50,1493,6.0,5.9034586
Kinases,pAC50,1494,6.02,6.5354495
Kinases,pAC50,1495,4.509,6.27892
Kinases,pAC50,1496,8.066,8.745116
Kinases,pAC50,1497,6.59,6.728152
Kinases,pAC50,1498,7.0,6.9723835
Kinases,pAC50,1499,5.91,5.995616
Kinases,pAC50,1500,6.583,5.9862013
Kinases,pAC50,1501,6.953,6.6508384
Kinases,pAC50,1502,5.3,5.634807
Kinases,pAC50,1503,7.0,7.258607
Kinases,pAC50,1504,7.432,7.5898304
Kinases,pAC50,1505,7.301,7.5487337
Kinases,pAC50,1506,7.252,6.8488035
Kinases,pAC50,1507,6.863,7.378555
Kinases,pAC50,1508,7.721,7.5482526
Kinases,pAC50,1509,9.0,8.935203
Kinases,pAC50,1510,9.155,9.126711
Kinases,pAC50,1511,6.861,6.571352
Kinases,pAC50,1512,7.328,7.8770323
Kinases,pAC50,1513,5.364,4.79202
Kinases,pAC50,1514,9.152,9.332877
Kinases,pAC50,1515,8.886,8.136363
Kinases,pAC50,1516,9.099,8.275467
Kinases,pAC50,1517,5.044,5.323942
Kinases,pAC50,1518,7.458,7.6498013
Kinases,pAC50,1519,7.854,8.424734
Kinases,pAC50,1520,9.7,9.47381
Kinases,pAC50,1521,5.064,4.0296445
Kinases,pAC50,1522,6.42,6.782107
Kinases,pAC50,1523,4.798,5.19631
Kinases,pAC50,1524,7.889,7.18036
Kinases,pAC50,1525,5.205,4.553261
Kinases,pAC50,1526,9.0,9.372228
Kinases,pAC50,1527,7.923,7.5628815
Kinases,pAC50,1528,5.62,6.030019
Kinases,pAC50,1529,7.187,6.6944885
Kinases,pAC50,1530,6.487,8.4529085
Kinases,pAC50,1531,6.854,7.4596586
Kinases,pAC50,1532,7.955,7.2485895
Kinases,pAC50,1533,6.91,7.717387
Kinases,pAC50,1534,8.678,8.124717
Kinases,pAC50,1535,6.0,6.1173077
Kinases,pAC50,1536,7.926,7.8808208
Kinases,pAC50,1537,7.337,7.052827
Kinases,pAC50,1538,5.16,7.036145
Kinases,pAC50,1539,6.013,5.797325
Kinases,pAC50,1540,4.75,4.757363
Kinases,pAC50,1541,8.108,8.24099
Kinases,pAC50,1542,6.979,6.795763
Kinases,pAC50,1543,7.284,8.1158495
Kinases,pAC50,1544,7.896,7.8160124
Kinases,pAC50,1545,8.097,7.551834
Kinases,pAC50,1546,7.319,7.9565535
Kinases,pAC50,1547,8.081,6.985206
Kinases,pAC50,1548,5.051,5.6557403
Kinases,pAC50,1549,6.688,5.9622974
Kinases,pAC50,1550,7.018,6.6652
Kinases,pAC50,1551,6.73,5.7395997
Kinases,pAC50,1552,7.387,7.0971613
Kinases,pAC50,1553,7.569,8.272363
Kinases,pAC50,1554,5.274,5.427101
Kinases,pAC50,1555,6.362,5.4922724
Kinases,pAC50,1556,5.187,7.4164314
Kinases,pAC50,1557,5.352,6.5281105
Kinases,pAC50,1558,7.629,7.506673
Kinases,pAC50,1559,6.77,6.562918
Kinases,pAC50,1560,5.84,6.314351
Kinases,pAC50,1561,8.097,7.54698
Kinases,pAC50,1562,7.194,6.9319324
Kinases,pAC50,1563,4.959,5.4062166
Kinases,pAC50,1564,5.237,5.248439
Kinases,pAC50,1565,6.027,6.3252454
Kinases,pAC50,1566,7.301,7.2385054
Kinases,pAC50,1567,6.102,5.9497776
Kinases,pAC50,1568,6.854,6.340452
Kinases,pAC50,1569,6.523,6.1757016
Kinases,pAC50,1570,6.947,6.796631
Kinases,pAC50,1571,5.155,5.2345347
Kinases,pAC50,1572,4.208,4.595603
Kinases,pAC50,1573,4.269,4.707603
Kinases,pAC50,1574,4.134,4.7447824
Kinases,pAC50,1575,3.002,4.657914
Kinases,pAC50,1576,7.357,7.7352867
Kinases,pAC50,1577,7.62,6.697443
Kinases,pAC50,1578,8.097,7.0427847
Kinases,pAC50,1579,6.535,7.735428
Kinases,pAC50,1580,6.489,7.169346
Kinases,pAC50,1581,7.125,7.162692
Kinases,pAC50,1582,6.319,6.162852
Kinases,pAC50,1583,6.036,5.9512978
Kinases,pAC50,1584,4.951,4.7524023
Kinases,pAC50,1585,6.387,5.726798
Kinases,pAC50,1586,5.076,5.238136
Kinases,pAC50,1587,4.585,6.4788117
Kinases,pAC50,1588,6.553,5.901779
Kinases,pAC50,1589,6.276,6.1205835
Kinases,pAC50,1590,6.519,6.2776594
Kinases,pAC50,1591,7.076,7.1558437
Kinases,pAC50,1592,7.056,6.680293
Kinases,pAC50,1593,5.113,5.9025393
Kinases,pAC50,1594,6.889,7.4807315
Kinases,pAC50,1595,7.456,6.3713484
Kinases,pAC50,1596,6.001,5.257547
Kinases,pAC50,1597,8.222,7.735638
Kinases,pAC50,1598,9.071,7.8757286
Kinases,pAC50,1599,4.053,4.6124587
Kinases,pAC50,1600,4.135,4.030546
Kinases,pAC50,1601,4.326,4.641139
Kinases,pAC50,1602,7.215,7.316091
Kinases,pAC50,1603,7.328,7.463935
Kinases,pAC50,1604,5.429,4.957856
Kinases,pAC50,1605,7.469,6.6123075
Kinases,pAC50,1606,8.398,8.028068
Kinases,pAC50,1607,7.387,7.080019
Kinases,pAC50,1608,7.301,5.3397317
Kinases,pAC50,1609,7.886,7.402281
Kinases,pAC50,1610,7.509,6.8570523
Kinases,pAC50,1611,4.854,4.907217
Kinases,pAC50,1612,6.217,4.9876003
Kinases,pAC50,1613,4.001,5.1532865
Kinases,pAC50,1614,8.0,7.4738
Kinases,pAC50,1615,4.215,4.663458
Kinases,pAC50,1616,6.187,6.871812
Kinases,pAC50,1617,8.523,8.270143
Kinases,pAC50,1618,5.896,6.81958
Kinases,pAC50,1619,6.444,6.279173
Kinases,pAC50,1620,7.0,6.871812
Kinases,pAC50,1621,6.125,6.085477
Kinases,pAC50,1622,5.721,6.484796
Kinases,pAC50,1623,6.921,6.4847965
Kinases,pAC50,1624,7.886,7.608928
Kinases,pAC50,1625,8.155,7.8141127
Kinases,pAC50,1626,8.222,7.8247004
Kinases,pAC50,1627,7.721,7.1137085
Kinases,pAC50,1628,6.71,8.148479
Kinases,pAC50,1629,8.155,8.032413
Kinases,pAC50,1630,8.398,8.409492
Kinases,pAC50,1631,8.523,8.282202
Kinases,pAC50,1632,5.873,5.353141
Kinases,pAC50,1633,7.523,7.943857
Kinases,pAC50,1634,8.699,8.753657
Kinases,pAC50,1635,8.0,8.236735
Kinases,pAC50,1636,6.796,5.793829
Kinases,pAC50,1637,7.004,5.8267136
Kinases,pAC50,1638,6.793,5.2044
Kinases,pAC50,1639,7.347,6.090221
Kinases,pAC50,1640,7.046,6.2135496
Kinases,pAC50,1641,7.77,8.417216
Kinases,pAC50,1642,8.155,7.303178
Kinases,pAC50,1643,6.597,6.1704063
Kinases,pAC50,1644,8.046,7.6046143
Kinases,pAC50,1645,8.398,8.183272
Kinases,pAC50,1646,7.409,7.735358
Kinases,pAC50,1647,8.155,8.012665
Kinases,pAC50,1648,7.638,8.4205475
Kinases,pAC50,1649,6.409,6.3203588
Kinases,pAC50,1650,8.569,7.9663863
Kinases,pAC50,1651,8.538,7.6672773
Kinases,pAC50,1652,6.328,6.4091964
Kinases,pAC50,1653,7.155,6.7212033
Kinases,pAC50,1654,8.155,7.9419494
Kinases,pAC50,1655,7.469,8.142692
Kinases,pAC50,1656,5.795,5.3857555
Kinases,pAC50,1657,8.102,8.165209
Kinases,pAC50,1658,5.686,6.4512544
Kinases,pAC50,1659,6.186,8.110148
Kinases,pAC50,1660,7.845,8.645217
Kinases,pAC50,1661,9.602,7.8197317
Kinases,pAC50,1662,7.34,8.115274
Kinases,pAC50,1663,7.81,8.791401
Kinases,pAC50,1664,9.745,9.08088
Kinases,pAC50,1665,7.62,7.9370317
Kinases,pAC50,1666,9.481,9.228354
Kinases,pAC50,1667,9.284,9.102006
Kinases,pAC50,1668,9.387,9.463737
Kinases,pAC50,1669,9.06,8.778277
Kinases,pAC50,1670,7.745,7.7137613
Kinases,pAC50,1671,9.699,9.442577
Kinases,pAC50,1672,5.91,5.873036
Kinases,pAC50,1673,5.437,6.069667
Kinases,pAC50,1674,6.231,5.8192797
Kinases,pAC50,1675,4.932,6.0903406
Kinases,pAC50,1676,5.218,6.0565863
Kinases,pAC50,1677,6.553,6.841407
Kinases,pAC50,1678,7.532,6.8144846
Kinases,pAC50,1679,6.764,6.945385
Kinases,pAC50,1680,5.693,6.006223
Kinases,pAC50,1681,5.827,6.7667303
Kinases,pAC50,1682,5.438,5.8882923
Kinases,pAC50,1683,6.434,6.7283115
Kinases,pAC50,1684,5.388,5.6124015
Kinases,pAC50,1685,6.492,6.684023
Kinases,pAC50,1686,5.503,6.55884
Kinases,pAC50,1687,5.397,6.392002
Kinases,pAC50,1688,5.489,6.419977
Kinases,pAC50,1689,6.996,6.2134433
Kinases,pAC50,1690,6.775,6.6165237
Kinases,pAC50,1691,7.674,8.833787
Kinases,pAC50,1692,7.42,7.9725237
Kinases,pAC50,1693,9.222,8.857846
Kinases,pAC50,1694,7.75,7.306363
Kinases,pAC50,1695,7.68,7.8697357
Kinases,pAC50,1696,8.268,7.904661
Kinases,pAC50,1697,7.728,7.731786
Kinases,pAC50,1698,7.854,8.21079
Kinases,pAC50,1699,7.593,8.1186075
Kinases,pAC50,1700,7.34,7.803958
Kinases,pAC50,1701,7.208,6.5645404
Kinases,pAC50,1702,5.131,5.6974125
Kinases,pAC50,1703,9.523,8.8205
Kinases,pAC50,1704,5.244,5.6809497
Kinases,pAC50,1705,6.495,6.6275806
Kinases,pAC50,1706,7.131,6.6174183
Kinases,pAC50,1707,6.796,6.611562
Kinases,pAC50,1708,5.432,5.708515
Kinases,pAC50,1709,7.284,7.4675364
Kinases,pAC50,1710,9.0,8.478912
Kinases,pAC50,1711,7.015,4.1373134
Kinases,pAC50,1712,7.208,7.072657
Kinases,pAC50,1713,6.014,6.2927647
Kinases,pAC50,1714,4.284,4.851138
Kinases,pAC50,1715,4.602,4.6430025
Kinases,pAC50,1716,5.553,6.073072
Kinases,pAC50,1717,5.222,5.7630095
Kinases,pAC50,1718,5.222,5.4985504
Kinases,pAC50,1719,5.201,5.6258774
Kinases,pAC50,1720,5.595,5.732302
Kinases,pAC50,1721,5.391,4.8779697
Kinases,pAC50,1722,5.523,5.340713
Kinases,pAC50,1723,4.572,3.448494
Kinases,pAC50,1724,6.172,6.9248304
Kinases,pAC50,1725,4.426,4.271434
Kinases,pAC50,1726,6.319,6.838101
Kinases,pAC50,1727,7.699,8.114751
Kinases,pAC50,1728,5.119,5.9398904
Kinases,pAC50,1729,5.081,4.868413
Kinases,pAC50,1730,6.866,7.4031763
Kinases,pAC50,1731,8.469,8.055145
Kinases,pAC50,1732,7.201,8.041427
Kinases,pAC50,1733,6.469,6.394514
Kinases,pAC50,1734,6.959,7.0532646
Kinases,pAC50,1735,6.215,6.9325657
Kinases,pAC50,1736,4.959,5.392795
Kinases,pAC50,1737,5.509,5.463522
Kinases,pAC50,1738,6.886,6.3904247
Kinases,pAC50,1739,6.0,5.9429026
Kinases,pAC50,1740,6.81,5.5747557
Kinases,pAC50,1741,8.699,8.23532
Kinases,pAC50,1742,7.215,6.9320974
Kinases,pAC50,1743,7.155,6.6233153
Kinases,pAC50,1744,5.131,5.9044585
Kinases,pAC50,1745,4.538,6.163712
Kinases,pAC50,1746,6.569,7.0102763
Kinases,pAC50,1747,5.8,5.4738817
Kinases,pAC50,1748,7.222,6.227355
Kinases,pAC50,1749,6.796,5.9647317
Kinases,pAC50,1750,4.347,4.4114547
Kinases,pAC50,1751,7.495,7.503081
Kinases,pAC50,1752,7.959,8.1258955
Kinases,pAC50,1753,8.301,7.1804547
Kinases,pAC50,1754,7.097,6.5485444
Kinases,pAC50,1755,5.613,5.978562
Kinases,pAC50,1756,4.852,4.7307396
Kinases,pAC50,1757,4.773,6.683915
Kinases,pAC50,1758,5.268,5.4512625
Kinases,pAC50,1759,5.469,5.349926
Kinases,pAC50,1760,7.377,7.017829
Kinases,pAC50,1761,7.921,7.2829847
Kinases,pAC50,1762,6.886,7.06456
Kinases,pAC50,1763,7.959,7.875335
Kinases,pAC50,1764,8.398,7.8360624
Kinases,pAC50,1765,6.883,5.41343
Kinases,pAC50,1766,6.04,5.7653685
Kinases,pAC50,1767,7.208,6.7421536
Kinases,pAC50,1768,6.328,5.5112734
Kinases,pAC50,1769,6.797,6.462144
Kinases,pAC50,1770,5.983,5.5864754
Kinases,pAC50,1771,5.114,5.0610504
Kinases,pAC50,1772,5.0,5.5660796
Kinases,pAC50,1773,3.582,3.143875
Kinases,pAC50,1774,3.064,3.6498616
Kinases,pAC50,1775,3.699,2.5457647
Kinases,pAC50,1776,3.149,3.2812693
Kinases,pAC50,1777,3.022,2.8523188
Kinases,pAC50,1778,6.699,6.489389
Kinases,pAC50,1779,6.854,7.2662163
Kinases,pAC50,1780,5.31,6.127844
Kinases,pAC50,1781,5.1,5.4719067
Kinases,pAC50,1782,4.14,4.020293
Kinases,pAC50,1783,7.796,8.180209
Kinases,pAC50,1784,6.244,5.818334
Kinases,pAC50,1785,5.854,6.221998
Kinases,pAC50,1786,6.959,6.1708245
Kinases,pAC50,1787,7.959,7.139068
Kinases,pAC50,1788,7.161,7.547529
Kinases,pAC50,1789,9.046,8.677358
Kinases,pAC50,1790,6.444,5.9176035
Kinases,pAC50,1791,7.398,7.0902233
Kinases,pAC50,1792,8.222,8.381545
Kinases,pAC50,1793,7.456,7.809197
Kinases,pAC50,1794,5.538,6.8947988
Kinases,pAC50,1795,7.0,7.276956
Kinases,pAC50,1796,6.25,7.2255087
Kinases,pAC50,1797,6.5,5.874739
Kinases,pAC50,1798,6.824,6.6607103
Kinases,pAC50,1799,8.699,8.557222
Kinases,pAC50,1800,7.699,7.15592
Kinases,pAC50,1801,6.538,6.9688654
Kinases,pAC50,1802,5.959,7.056588
Kinases,pAC50,1803,5.824,5.4359293
Kinases,pAC50,1804,6.244,4.6707296
Kinases,pAC50,1805,5.578,4.8420625
Kinases,pAC50,1806,5.288,5.122786
Kinases,pAC50,1807,5.041,4.8100038
Kinases,pAC50,1808,6.983,6.0785494
Kinases,pAC50,1809,7.688,7.746035
Kinases,pAC50,1810,8.222,8.07788
Kinases,pAC50,1811,2.217,3.9051242
Kinases,pAC50,1812,7.252,8.09435
Kinases,pAC50,1813,2.824,2.6216726
Kinases,pAC50,1814,5.873,4.6892266
Kinases,pAC50,1815,6.699,6.7658415
Kinases,pAC50,1816,6.3,6.637491
Kinases,pAC50,1817,5.924,5.903288
Kinases,pAC50,1818,4.699,5.269615
Kinases,pAC50,1819,7.699,7.5277433
Kinases,pAC50,1820,8.602,7.0065994
Kinases,pAC50,1821,8.222,7.081712
Kinases,pAC50,1822,7.921,7.61596
Kinases,pAC50,1823,5.318,5.137203
Kinases,pAC50,1824,6.4,5.9154615
Kinases,pAC50,1825,7.72,8.0919075
Kinases,pAC50,1826,7.097,8.649116
Kinases,pAC50,1827,8.432,8.573165
Kinases,pAC50,1828,6.387,6.3060846
Kinases,pAC50,1829,7.698,7.457322
Kinases,pAC50,1830,8.004,7.192113
Kinases,pAC50,1831,7.745,7.500348
Kinases,pAC50,1832,7.744,7.3930016
Kinases,pAC50,1833,4.513,6.437686
Kinases,pAC50,1834,7.092,6.172077
Kinases,pAC50,1835,5.815,5.261432
Kinases,pAC50,1836,5.609,5.7382154
Kinases,pAC50,1837,5.0,5.7305236
Kinases,pAC50,1838,6.4,7.2093716
Kinases,pAC50,1839,7.301,6.6450934
Kinases,pAC50,1840,6.2,7.85478
Kinases,pAC50,1841,6.71,6.5324407
Kinases,pAC50,1842,6.52,6.469684
Kinases,pAC50,1843,3.003,4.4335647
Kinases,pAC50,1844,3.86,4.583351
Kinases,pAC50,1845,5.284,7.1092334
Kinases,pAC50,1846,6.854,7.0590744
Kinases,pAC50,1847,4.355,4.9450727
Kinases,pAC50,1848,4.886,5.354555
Kinases,pAC50,1849,5.796,5.543784
Kinases,pAC50,1850,6.456,6.146326
Kinases,pAC50,1851,6.0,6.0929947
Kinases,pAC50,1852,5.7,4.989487
Kinases,pAC50,1853,6.0,5.5596895
Kinases,pAC50,1854,5.7,6.1336517
Kinases,pAC50,1855,6.638,6.5466337
Kinases,pAC50,1856,6.213,6.641862
Kinases,pAC50,1857,7.194,8.009063
Kinases,pAC50,1858,7.076,7.197158
Kinases,pAC50,1859,7.229,7.3043447
Kinases,pAC50,1860,6.721,6.8020287
Kinases,pAC50,1861,7.066,7.6330166
Kinases,pAC50,1862,6.456,6.018467
Kinases,pAC50,1863,7.143,7.1760926
Kinases,pAC50,1864,6.733,7.1239395
Kinases,pAC50,1865,6.587,6.226395
Kinases,pAC50,1866,7.538,6.743309
Kinases,pAC50,1867,5.98,3.901374
Kinases,pAC50,1868,5.721,6.3281646
Kinases,pAC50,1869,5.16,6.935482
Kinases,pAC50,1870,7.143,7.1104107
Kinases,pAC50,1871,7.31,7.3400903
Kinases,pAC50,1872,7.013,7.4108725
Kinases,pAC50,1873,7.74,7.5098395
Kinases,pAC50,1874,6.959,6.2417574
Kinases,pAC50,1875,6.712,6.1848087
Kinases,pAC50,1876,8.0,7.8568335
Kinases,pAC50,1877,6.0,5.804071
Kinases,pAC50,1878,5.886,5.8116617
Kinases,pAC50,1879,6.252,6.3199797
Kinases,pAC50,1880,6.903,7.260741
Kinases,pAC50,1881,8.886,8.102039
Kinases,pAC50,1882,6.6,6.2437515
Kinases,pAC50,1883,7.699,7.4730935
Kinases,pAC50,1884,6.3,6.6494484
Kinases,pAC50,1885,6.481,5.76889
Kinases,pAC50,1886,7.0,6.31425
Kinases,pAC50,1887,5.8,5.2758884
Kinases,pAC50,1888,6.049,6.2228985
Kinases,pAC50,1889,7.092,8.301967
Kinases,pAC50,1890,7.194,7.364643
Kinases,pAC50,1891,6.124,7.070895
Kinases,pAC50,1892,5.1,5.557425
Kinases,pAC50,1893,5.7,5.4430313
Kinases,pAC50,1894,6.69,6.194932
Kinases,pAC50,1895,7.398,7.3183403
Kinases,pAC50,1896,7.314,7.556905
Kinases,pAC50,1897,6.0,5.9166217
Kinases,pAC50,1898,8.222,8.433702
Kinases,pAC50,1899,5.569,5.6004734
Kinases,pAC50,1900,5.921,5.463337
Kinases,pAC50,1901,4.9,5.484516
Kinases,pAC50,1902,6.097,6.224848
Kinases,pAC50,1903,5.796,4.600847
Kinases,pAC50,1904,7.208,6.5108285
Kinases,pAC50,1905,6.432,6.7207184
Kinases,pAC50,1906,6.796,6.4974527
Kinases,pAC50,1907,5.928,6.175272
Kinases,pAC50,1908,5.452,4.5835876
Kinases,pAC50,1909,4.82,4.864887
Kinases,pAC50,1910,3.75,4.2442803
Kinases,pAC50,1911,7.965,7.975115
Kinases,pAC50,1912,7.102,7.5532365
Kinases,pAC50,1913,6.961,5.421797
Kinases,pAC50,1914,4.456,3.9208078
Kinases,pAC50,1915,4.565,4.897577
Kinases,pAC50,1916,5.921,6.0640326
Kinases,pAC50,1917,4.797,5.8998084
Kinases,pAC50,1918,9.544,9.302076
Kinases,pAC50,1919,4.328,4.3377013
Kinases,pAC50,1920,7.051,6.422314
Kinases,pAC50,1921,6.015,5.884735
Kinases,pAC50,1922,4.0,6.7414646
Kinases,pAC50,1923,6.495,6.4067945
Kinases,pAC50,1924,8.268,8.554698
Kinases,pAC50,1925,8.337,8.569707
Kinases,pAC50,1926,7.638,7.651687
Kinases,pAC50,1927,6.007,5.468622
Kinases,pAC50,1928,9.398,9.031487
Kinases,pAC50,1929,5.658,6.4644585
Kinases,pAC50,1930,8.44,8.272086
Kinases,pAC50,1931,9.499,9.2086115
Kinases,pAC50,1932,8.776,7.516646
Kinases,pAC50,1933,7.487,7.139349
Kinases,pAC50,1934,6.118,7.6186275
Kinases,pAC50,1935,9.149,8.9177
Kinases,pAC50,1936,8.72,8.814344
Kinases,pAC50,1937,6.342,8.037257
Kinases,pAC50,1938,8.875,9.117772
Kinases,pAC50,1939,9.417,8.70668
Kinases,pAC50,1940,7.922,8.976095
Kinases,pAC50,1941,8.262,8.930612
Kinases,pAC50,1942,6.3,7.498599
Kinases,pAC50,1943,5.706,7.1855087
Kinases,pAC50,1944,7.874,8.157237
Kinases,pAC50,1945,6.988,7.3072467
Kinases,pAC50,1946,8.278,8.396064
Kinases,pAC50,1947,7.629,7.8431616
Kinases,pAC50,1948,9.278,8.591854
Kinases,pAC50,1949,9.767,9.421432
Kinases,pAC50,1950,7.281,7.85351
Kinases,pAC50,1951,8.093,8.241898
Kinases,pAC50,1952,9.002,8.85233
Kinases,pAC50,1953,9.053,8.591604
Kinases,pAC50,1954,7.615,7.9190116
Kinases,pAC50,1955,8.611,9.082794
Kinases,pAC50,1956,9.127,8.220078
Kinases,pAC50,1957,9.436,9.069078
Kinases,pAC50,1958,9.221,8.922364
Kinases,pAC50,1959,8.451,8.881178
Kinases,pAC50,1960,8.502,8.558617
Kinases,pAC50,1961,8.183,8.531258
Kinases,pAC50,1962,6.887,7.5824294
Kinases,pAC50,1963,6.863,7.6918564
Kinases,pAC50,1964,8.033,7.7273793
Kinases,pAC50,1965,8.779,8.545172
Kinases,pAC50,1966,8.85,8.961795
Kinases,pAC50,1967,9.235,8.755826
Kinases,pAC50,1968,7.607,8.744369
Kinases,pAC50,1969,7.647,8.629724
Kinases,pAC50,1970,8.947,8.563106
Kinases,pAC50,1971,9.108,8.028653
Kinases,pAC50,1972,8.428,8.645514
Kinases,pAC50,1973,8.814,8.334239
Kinases,pAC50,1974,8.549,8.639819
Kinases,pAC50,1975,8.872,8.713929
Kinases,pAC50,1976,8.921,9.204986
Kinases,pAC50,1977,8.532,8.249648
Kinases,pAC50,1978,8.542,8.158428
Kinases,pAC50,1979,9.138,9.045751
Kinases,pAC50,1980,9.628,8.958039
Kinases,pAC50,1981,9.37,8.974387
Kinases,pAC50,1982,8.919,8.613418
Kinases,pAC50,1983,8.506,8.464402
Kinases,pAC50,1984,9.215,8.821249
Kinases,pAC50,1985,8.822,8.488936
Kinases,pAC50,1986,9.059,8.612933
Kinases,pAC50,1987,9.142,9.1628685
Kinases,pAC50,1988,7.155,6.793646
Kinases,pAC50,1989,7.879,7.8675327
Kinases,pAC50,1990,8.435,8.560371
Kinases,pAC50,1991,9.655,8.991647
Kinases,pAC50,1992,8.169,8.578208
Kinases,pAC50,1993,7.629,8.784922
Kinases,pAC50,1994,9.0,8.894904
Kinases,pAC50,1995,8.523,8.257819
Kinases,pAC50,1996,8.222,8.949478
Kinases,pAC50,1997,7.387,8.917029
Kinases,pAC50,1998,8.42,8.380666
Kinases,pAC50,1999,8.481,8.860894
Kinases,pAC50,2000,7.403,8.015393
Kinases,pAC50,2001,8.06,8.91368
Kinases,pAC50,2002,8.357,8.232392
Kinases,pAC50,2003,7.801,7.7702374
Kinases,pAC50,2004,4.086,5.552535
Kinases,pAC50,2005,5.504,4.7785015
Kinases,pAC50,2006,7.294,7.609343
Kinases,pAC50,2007,6.646,7.7645254
Kinases,pAC50,2008,7.47,7.053335
Kinases,pAC50,2009,6.855,7.249864
Kinases,pAC50,2010,7.893,7.6499643
Kinases,pAC50,2011,5.335,6.5974627
Kinases,pAC50,2012,6.133,6.802401
Kinases,pAC50,2013,6.121,8.04128
Kinases,pAC50,2014,7.995,7.430308
Kinases,pAC50,2015,8.229,8.144379
Kinases,pAC50,2016,7.444,7.3521047
Kinases,pAC50,2017,7.62,7.7050495
Kinases,pAC50,2018,5.337,5.237159
Kinases,pAC50,2019,7.602,7.835945
Kinases,pAC50,2020,7.538,7.66722
Kinases,pAC50,2021,6.268,6.341627
Kinases,pAC50,2022,8.0,8.2100725
Kinases,pAC50,2023,8.097,8.081416
Kinases,pAC50,2024,6.75,6.946128
Kinases,pAC50,2025,7.276,7.4301395
Kinases,pAC50,2026,6.287,6.124674
Kinases,pAC50,2027,7.125,6.9720545
Kinases,pAC50,2028,7.824,7.999711
Kinases,pAC50,2029,5.246,5.4110966
Kinases,pAC50,2030,6.437,6.3134885
Kinases,pAC50,2031,6.101,5.6701407
Kinases,pAC50,2032,6.9,7.266469
Kinases,pAC50,2033,5.256,4.888277
Kinases,pAC50,2034,6.682,6.0865164
Kinases,pAC50,2035,5.879,5.339821
Kinases,pAC50,2036,5.42,5.279633
Kinases,pAC50,2037,4.065,5.6694827
Kinases,pAC50,2038,6.447,5.6524634
Kinases,pAC50,2039,6.481,6.6971173
Kinases,pAC50,2040,5.14,5.7154818
Kinases,pAC50,2041,6.076,5.4903674
Kinases,pAC50,2042,7.77,7.028413
Kinases,pAC50,2043,5.421,5.8170505
Kinases,pAC50,2044,4.523,4.2556973
Kinases,pAC50,2045,6.347,6.387391
Kinases,pAC50,2046,6.345,7.7707396
Kinases,pAC50,2047,7.167,7.2204704
Kinases,pAC50,2048,6.244,6.1423335
Kinases,pAC50,2049,7.523,5.7447615
Kinases,pAC50,2050,8.155,8.231122
Kinases,pAC50,2051,6.215,6.524603
Kinases,pAC50,2052,4.398,5.23001
Kinases,pAC50,2053,7.164,7.208783
Kinases,pAC50,2054,6.697,6.5883007
Kinases,pAC50,2055,6.07,6.290357
Kinases,pAC50,2056,6.907,7.272873
Kinases,pAC50,2057,6.77,6.4678407
Kinases,pAC50,2058,5.108,4.75247
Kinases,pAC50,2059,6.577,6.2367973
Kinases,pAC50,2060,7.155,7.547749
Kinases,pAC50,2061,8.301,8.315427
Kinases,pAC50,2062,5.092,5.4763126
Kinases,pAC50,2063,7.237,6.9205995
Kinases,pAC50,2064,7.602,7.035968
Kinases,pAC50,2065,6.642,6.6061473
Kinases,pAC50,2066,6.833,7.632305
Kinases,pAC50,2067,6.928,7.3936853
Kinases,pAC50,2068,6.16,5.984214
Kinases,pAC50,2069,6.305,6.019481
Kinases,pAC50,2070,5.978,6.170276
Kinases,pAC50,2071,5.562,5.645454
Kinases,pAC50,2072,7.469,7.816063
Kinases,pAC50,2073,7.509,7.6313252
Kinases,pAC50,2074,7.678,7.9443626
Kinases,pAC50,2075,7.337,6.3200226
Kinases,pAC50,2076,6.854,7.0482225
Kinases,pAC50,2077,5.678,6.507006
Kinases,pAC50,2078,5.886,6.6547832
Kinases,pAC50,2079,7.444,7.0430803
Kinases,pAC50,2080,6.854,6.4360847
Kinases,pAC50,2081,7.602,7.200389
Kinases,pAC50,2082,8.222,7.6004906
Kinases,pAC50,2083,7.658,7.657918
Kinases,pAC50,2084,5.119,7.3099384
Kinases,pAC50,2085,5.041,8.017737
Kinases,pAC50,2086,7.886,6.036386
Kinases,pAC50,2087,6.678,7.625328
Kinases,pAC50,2088,5.456,6.8420243
Kinases,pAC50,2089,5.013,6.341443
Kinases,pAC50,2090,8.959,9.029956
Kinases,pAC50,2091,6.699,8.498021
Kinases,pAC50,2092,9.495,5.948612
Kinases,pAC50,2093,6.553,6.0395837
Kinases,pAC50,2094,6.119,6.16746
Kinases,pAC50,2095,7.0,6.186062
Kinases,pAC50,2096,6.0,6.03664
Kinases,pAC50,2097,8.409,6.106718
Kinases,pAC50,2098,5.469,5.477531
Kinases,pAC50,2099,9.77,9.3409815
Kinases,pAC50,2100,9.131,8.874974
Kinases,pAC50,2101,6.319,6.442051
Kinases,pAC50,2102,9.174,8.844383
Kinases,pAC50,2103,6.509,6.526747
Kinases,pAC50,2104,9.013,9.112883
Kinases,pAC50,2105,9.959,9.713877
Kinases,pAC50,2106,8.409,9.263038
Kinases,pAC50,2107,9.456,8.831431
Kinases,pAC50,2108,6.481,6.9328127
Kinases,pAC50,2109,9.824,8.767264
Kinases,pAC50,2110,9.041,9.271142
Kinases,pAC50,2111,9.027,9.174198
Kinases,pAC50,2112,9.745,9.393292
Kinases,pAC50,2113,7.398,6.8516207
Kinases,pAC50,2114,8.26,9.117833
Kinases,pAC50,2115,9.357,9.360301
Kinases,pAC50,2116,6.086,6.7835474
Kinases,pAC50,2117,8.081,8.909854
Kinases,pAC50,2118,5.824,6.366534
Kinases,pAC50,2119,9.377,9.1523695
Kinases,pAC50,2120,9.114,9.473386
Kinases,pAC50,2121,6.0,6.1252127
Kinases,pAC50,2122,6.523,5.8965993
Kinases,pAC50,2123,6.0,6.7914605
Kinases,pAC50,2124,6.328,5.799939
Kinases,pAC50,2125,9.509,9.101938
Kinases,pAC50,2126,9.658,7.8292522
Kinases,pAC50,2127,9.538,9.150553
Kinases,pAC50,2128,9.066,8.8228445
Kinases,pAC50,2129,8.745,8.787166
Kinases,pAC50,2130,8.602,9.830762
Kinases,pAC50,2131,8.377,8.516956
Kinases,pAC50,2132,8.066,8.407885
Kinases,pAC50,2133,7.959,7.3583183
Kinases,pAC50,2134,7.538,8.248446
Kinases,pAC50,2135,8.018,9.372524
Kinases,pAC50,2136,9.745,8.713328
Kinases,pAC50,2137,8.046,8.313029
Kinases,pAC50,2138,10.097,8.610621
Kinases,pAC50,2139,8.398,8.77022
Kinases,pAC50,2140,9.481,8.818557
Kinases,pAC50,2141,6.188,7.6548886
Kinases,pAC50,2142,7.18,7.1540995
Kinases,pAC50,2143,6.775,7.143505
Kinases,pAC50,2144,6.439,7.0879374
Kinases,pAC50,2145,6.939,7.271221
Kinases,pAC50,2146,7.444,6.835896
Kinases,pAC50,2147,9.886,10.252437
Kinases,pAC50,2148,5.78,6.1934958
Kinases,pAC50,2149,10.097,9.999189
Kinases,pAC50,2150,6.658,7.3471074
Kinases,pAC50,2151,6.367,6.5443053
Kinases,pAC50,2152,5.328,5.6881504
Kinases,pAC50,2153,8.387,9.082278
Kinases,pAC50,2154,6.509,6.521132
Kinases,pAC50,2155,5.456,5.1836576
Kinases,pAC50,2156,8.745,9.255208
Kinases,pAC50,2157,7.222,6.508211
Kinases,pAC50,2158,7.921,6.857979
Kinases,pAC50,2159,6.222,5.619207
Kinases,pAC50,2160,7.638,7.292715
Kinases,pAC50,2161,6.234,7.720872
Kinases,pAC50,2162,6.571,7.091175
Kinases,pAC50,2163,7.432,7.5662317
Kinases,pAC50,2164,8.046,7.8631115
Kinases,pAC50,2165,6.893,6.5691957
Kinases,pAC50,2166,6.328,5.552783
Kinases,pAC50,2167,6.481,7.6004314
Kinases,pAC50,2168,6.896,7.2726583
Kinases,pAC50,2169,5.495,4.6146493
Kinases,pAC50,2170,5.606,8.976195
Kinases,pAC50,2171,8.602,6.637557
Kinases,pAC50,2172,5.849,5.74309
Kinases,pAC50,2173,6.377,6.0372944
Kinases,pAC50,2174,5.367,5.4269037
Kinases,pAC50,2175,5.187,5.142955
Kinases,pAC50,2176,8.0,7.76141
Kinases,pAC50,2177,7.0,7.2182064
Kinases,pAC50,2178,5.0,6.2824802
Kinases,pAC50,2179,7.0,7.1178293
Kinases,pAC50,2180,6.0,5.560479
Kinases,pAC50,2181,7.0,7.2484393
Kinases,pAC50,2182,6.0,6.4644413
Kinases,pAC50,2183,5.0,5.1690807
Kinases,pAC50,2184,6.0,6.97863
Kinases,pAC50,2185,7.0,7.124238
Kinases,pAC50,2186,8.0,8.318041
Kinases,pAC50,2187,7.0,7.3017273
Kinases,pAC50,2188,6.0,7.0665045
Kinases,pAC50,2189,7.0,6.633103
Kinases,pAC50,2190,6.0,5.9314713
Kinases,pAC50,2191,6.0,6.3970876
Kinases,pAC50,2192,7.0,7.9428573
Kinases,pAC50,2193,6.0,5.7486906
Kinases,pAC50,2194,6.0,7.4287033
Kinases,pAC50,2195,6.0,6.4334397
Kinases,pAC50,2196,7.0,6.7417874
Kinases,pAC50,2197,7.0,6.900524
Kinases,pAC50,2198,7.0,6.8080196
Kinases,pAC50,2199,6.0,5.0554643
Kinases,pAC50,2200,7.0,6.615116
Kinases,pAC50,2201,7.0,7.203263
Kinases,pAC50,2202,7.0,7.2636547
Kinases,pAC50,2203,7.0,6.639717
Kinases,pAC50,2204,7.0,6.720799
Kinases,pAC50,2205,6.0,6.89079
Kinases,pAC50,2206,7.0,7.363983
Kinases,pAC50,2207,8.0,7.929063
Kinases,pAC50,2208,6.0,5.8840666
Kinases,pAC50,2209,6.0,6.847374
Kinases,pAC50,2210,7.0,6.592351
Kinases,pAC50,2211,6.0,6.1373854
Kinases,pAC50,2212,8.0,7.727821
Kinases,pAC50,2213,7.0,7.2056313
Kinases,pAC50,2214,7.0,6.550658
Kinases,pAC50,2215,7.0,6.621114
Kinases,pAC50,2216,8.0,7.269061
Kinases,pAC50,2217,8.0,7.890833
Kinases,pAC50,2218,7.0,6.877713
Kinases,pAC50,2219,5.0,5.8488235
Kinases,pAC50,2220,6.0,6.490048
Kinases,pAC50,2221,7.0,7.277458
Kinases,pAC50,2222,7.0,7.0782337
Kinases,pAC50,2223,8.0,6.1771297
Kinases,pAC50,2224,6.0,6.0333085
Kinases,pAC50,2225,8.0,7.5794506
Kinases,pAC50,2226,8.0,6.4965453
Kinases,pAC50,2227,5.824,6.1823997
Kinases,pAC50,2228,7.921,8.412073
Kinases,pAC50,2229,7.367,7.5479174
Kinases,pAC50,2230,8.638,8.370313
Kinases,pAC50,2231,7.222,7.3501606
Kinases,pAC50,2232,7.469,7.1766024
Kinases,pAC50,2233,7.125,8.342694
Kinases,pAC50,2234,6.509,6.5640373
Kinases,pAC50,2235,6.161,6.9262123
Kinases,pAC50,2236,8.367,7.960982
Kinases,pAC50,2237,7.886,8.672809
Kinases,pAC50,2238,7.553,7.675719
Kinases,pAC50,2239,7.585,8.147885
Kinases,pAC50,2240,8.481,8.430149
Kinases,pAC50,2241,8.959,7.288052
Kinases,pAC50,2242,6.921,6.7060056
Kinases,pAC50,2243,7.139,7.1848154
Kinases,pAC50,2244,4.229,5.846957
Kinases,pAC50,2245,7.208,7.998685
Kinases,pAC50,2246,7.886,7.938043
Kinases,pAC50,2247,8.301,7.589822
Kinases,pAC50,2248,7.971,7.61029
Kinases,pAC50,2249,7.611,7.113681
Kinases,pAC50,2250,7.208,7.432439
Kinases,pAC50,2251,7.921,7.3244653
Kinases,pAC50,2252,7.921,8.198144
Kinases,pAC50,2253,8.398,7.765315
Kinases,pAC50,2254,4.021,4.596575
Kinases,pAC50,2255,4.658,4.4577246
Kinases,pAC50,2256,5.45,5.5432944
Kinases,pAC50,2257,4.357,4.4311237
Kinases,pAC50,2258,8.53,8.700778
Kinases,pAC50,2259,5.155,4.9031305
Kinases,pAC50,2260,6.174,6.1696157
Kinases,pAC50,2261,5.959,6.491403
Kinases,pAC50,2262,5.824,5.260295
Kinases,pAC50,2263,5.824,5.889591
Kinases,pAC50,2264,5.959,6.507687
Kinases,pAC50,2265,7.31,7.619058
Kinases,pAC50,2266,7.06,7.7379427
Kinases,pAC50,2267,5.004,5.17363
Kinases,pAC50,2268,5.187,4.826783
Kinases,pAC50,2269,4.0,4.319502
Kinases,pAC50,2270,4.811,5.104026
Kinases,pAC50,2271,5.699,5.1838503
Kinases,pAC50,2272,4.921,6.1546044
Kinases,pAC50,2273,5.174,5.2236376
Kinases,pAC50,2274,6.097,5.911359
Kinases,pAC50,2275,5.114,5.542325
Kinases,pAC50,2276,3.78,4.396195
Kinases,pAC50,2277,6.475,5.7722745
Kinases,pAC50,2278,4.875,5.4370303
Kinases,pAC50,2279,5.076,5.617751
Kinases,pAC50,2280,5.602,5.2272873
Kinases,pAC50,2281,5.301,5.227592
Kinases,pAC50,2282,8.046,7.740299
Kinases,pAC50,2283,7.071,7.3822427
Kinases,pAC50,2284,5.886,6.2286143
Kinases,pAC50,2285,6.824,6.8812017
Kinases,pAC50,2286,8.634,6.6022415
Kinases,pAC50,2287,6.902,7.9074125
Kinases,pAC50,2288,6.22,5.7333317
Kinases,pAC50,2289,7.538,8.160161
Kinases,pAC50,2290,9.347,8.007049
Kinases,pAC50,2291,2.187,3.567469
Kinases,pAC50,2292,8.745,8.1162
Kinases,pAC50,2293,8.509,6.505242
Kinases,pAC50,2294,9.721,8.505625
Kinases,pAC50,2295,4.72,4.657779
Kinases,pAC50,2296,4.27,3.8516152
Kinases,pAC50,2297,6.215,5.455003
Kinases,pAC50,2298,5.155,6.332932
Kinases,pAC50,2299,4.022,3.9070303
Kinases,pAC50,2300,4.187,5.1818733
Kinases,pAC50,2301,5.149,5.736372
Kinases,pAC50,2302,5.573,5.4965305
Kinases,pAC50,2303,5.896,5.079626
Kinases,pAC50,2304,5.959,5.9242735
Kinases,pAC50,2305,5.087,5.2082634
Kinases,pAC50,2306,4.903,4.9975348
Kinases,pAC50,2307,5.62,5.688182
Kinases,pAC50,2308,6.481,6.4639173
Kinases,pAC50,2309,7.367,7.4274936
Kinases,pAC50,2310,4.357,4.473071
Kinases,pAC50,2311,6.337,6.521314
Kinases,pAC50,2312,5.769,5.8734193
Kinases,pAC50,2313,5.18,5.6804953
Kinases,pAC50,2314,5.18,5.8408723
Kinases,pAC50,2315,6.886,6.4191017
Kinases,pAC50,2316,5.155,4.5265694
Kinases,pAC50,2317,4.187,7.2475214
Kinases,pAC50,2318,5.42,4.741334
Kinases,pAC50,2319,4.237,6.721649
Kinases,pAC50,2320,6.699,5.6751747
Kinases,pAC50,2321,7.222,6.3119044
Kinases,pAC50,2322,6.222,6.222664
Kinases,pAC50,2323,6.585,6.5903063
Kinases,pAC50,2324,6.699,6.1275024
Kinases,pAC50,2325,6.0,5.4454193
Kinases,pAC50,2326,8.155,7.961062
Kinases,pAC50,2327,6.449,7.2651434
Kinases,pAC50,2328,7.367,7.0563765
Kinases,pAC50,2329,5.569,6.35714
Kinases,pAC50,2330,7.921,7.2965903
Kinases,pAC50,2331,8.097,7.6349792
Kinases,pAC50,2332,9.0,8.797198
Kinases,pAC50,2333,8.222,7.964449
Kinases,pAC50,2334,7.377,6.3723764
Kinases,pAC50,2335,6.082,6.873672
Kinases,pAC50,2336,7.824,7.2625537
Kinases,pAC50,2337,7.004,7.36355
Kinases,pAC50,2338,4.032,4.177338
Kinases,pAC50,2339,3.587,3.5027266
Kinases,pAC50,2340,5.16,5.9843855
Kinases,pAC50,2341,7.0,6.2689705
Kinases,pAC50,2342,7.5,6.799283
Kinases,pAC50,2343,7.2,6.777323
Kinases,pAC50,2344,7.5,7.2643223
Kinases,pAC50,2345,8.0,8.1477785
Kinases,pAC50,2346,8.1,8.067665
Kinases,pAC50,2347,5.4,6.999853
Kinases,pAC50,2348,6.222,5.9832945
Kinases,pAC50,2349,6.398,6.1998377
Kinases,pAC50,2350,7.745,6.625698
Kinases,pAC50,2351,5.77,5.591775
Kinases,pAC50,2352,5.742,6.038327
Kinases,pAC50,2353,6.097,5.8851013
Kinases,pAC50,2354,5.143,5.008388
Kinases,pAC50,2355,4.699,5.5819607
Kinases,pAC50,2356,5.601,6.050756
Kinases,pAC50,2357,3.903,4.5784316
Kinases,pAC50,2358,6.959,7.1536536
Kinases,pAC50,2359,6.37,6.7742763
Kinases,pAC50,2360,5.796,6.276133
Kinases,pAC50,2361,5.0,5.6462526
Kinases,pAC50,2362,6.222,6.3299646
Kinases,pAC50,2363,6.155,6.515315
Kinases,pAC50,2364,5.678,5.0549326
Kinases,pAC50,2365,6.137,7.491645
Kinases,pAC50,2366,6.585,6.910535
Kinases,pAC50,2367,5.903,7.8289185
Kinases,pAC50,2368,6.714,5.5674973
Kinases,pAC50,2369,7.201,7.5339174
Kinases,pAC50,2370,6.398,6.921048
Kinases,pAC50,2371,6.959,6.642523
Kinases,pAC50,2372,6.764,7.1581736
Kinases,pAC50,2373,8.301,8.1433
Kinases,pAC50,2374,5.509,6.9401073
Kinases,pAC50,2375,7.167,6.4294667
Kinases,pAC50,2376,6.125,5.583069
Kinases,pAC50,2377,5.796,6.2355013
Kinases,pAC50,2378,5.337,5.5792055
Kinases,pAC50,2379,5.886,6.2260075
Kinases,pAC50,2380,6.68,7.144286
Kinases,pAC50,2381,6.658,5.8213873
Kinases,pAC50,2382,6.344,6.8763695
Kinases,pAC50,2383,7.021,7.5770407
Kinases,pAC50,2384,7.921,8.027345
Kinases,pAC50,2385,6.638,6.6730676
Kinases,pAC50,2386,4.695,8.130275
Kinases,pAC50,2387,7.319,7.4859557
Kinases,pAC50,2388,6.959,7.2594166
Kinases,pAC50,2389,5.301,6.737415
Kinases,pAC50,2390,7.137,6.542132
Kinases,pAC50,2391,7.377,7.309495
Kinases,pAC50,2392,6.509,6.8936987
Kinases,pAC50,2393,7.357,7.3233576
Kinases,pAC50,2394,6.488,8.062124
Kinases,pAC50,2395,6.432,6.755073
Kinases,pAC50,2396,6.036,6.582509
Kinases,pAC50,2397,3.652,3.7656934
Kinases,pAC50,2398,4.143,4.8904476
Kinases,pAC50,2399,5.721,5.5772076
Kinases,pAC50,2400,4.896,4.8138027
Kinases,pAC50,2401,2.745,2.2154596
Kinases,pAC50,2402,6.066,5.4348516
Kinases,pAC50,2403,5.444,5.6843786
Kinases,pAC50,2404,5.481,5.5938315
Kinases,pAC50,2405,4.663,4.6646113
Kinases,pAC50,2406,4.347,4.829481
Kinases,pAC50,2407,5.699,5.9059505
Kinases,pAC50,2408,5.602,5.6053143
Kinases,pAC50,2409,5.824,5.8606052
Kinases,pAC50,2410,6.337,7.0637026
Kinases,pAC50,2411,6.77,6.4464526
Kinases,pAC50,2412,4.658,5.3596053
Kinases,pAC50,2413,6.357,6.91745
Kinases,pAC50,2414,6.538,6.8777323
Kinases,pAC50,2415,4.796,4.8481483
Kinases,pAC50,2416,3.631,3.928036
Kinases,pAC50,2417,4.131,4.7824926
Kinases,pAC50,2418,4.362,4.636139
Kinases,pAC50,2419,5.167,4.7163463
Kinases,pAC50,2420,5.398,5.772653
Kinases,pAC50,2421,6.62,6.593689
Kinases,pAC50,2422,5.456,5.9430504
Kinases,pAC50,2423,6.456,5.7278166
Kinases,pAC50,2424,5.102,5.7722387
Kinases,pAC50,2425,4.18,3.9632251
Kinases,pAC50,2426,3.55,3.8280108
Kinases,pAC50,2427,3.311,3.899873
Kinases,pAC50,2428,4.456,4.114856
Kinases,pAC50,2429,4.585,4.0638046
Kinases,pAC50,2430,3.114,4.490731
Kinases,pAC50,2431,3.423,4.3268995
Kinases,pAC50,2432,5.137,4.417452
Kinases,pAC50,2433,2.556,3.2993586
Kinases,pAC50,2434,4.62,3.905022
Kinases,pAC50,2435,5.796,6.2079167
Kinases,pAC50,2436,7.125,7.1319323
Kinases,pAC50,2437,7.921,8.030089
Kinases,pAC50,2438,7.222,7.392249
Kinases,pAC50,2439,4.092,4.366789
Kinases,pAC50,2440,7.745,7.305276
Kinases,pAC50,2441,6.658,6.603442
Kinases,pAC50,2442,7.071,7.031165
Kinases,pAC50,2443,6.301,6.4092216
Kinases,pAC50,2444,4.886,5.7767525
Kinases,pAC50,2445,4.959,6.4333076
Kinases,pAC50,2446,8.523,8.534257
Kinases,pAC50,2447,2.301,1.4565876
Kinases,pAC50,2448,4.854,5.282094
Kinases,pAC50,2449,2.357,2.5538523
Kinases,pAC50,2450,3.0,2.4665356
Kinases,pAC50,2451,7.053,6.889324
Kinases,pAC50,2452,3.336,3.7972977
Kinases,pAC50,2453,8.602,8.037608
Kinases,pAC50,2454,3.644,3.3232014
Kinases,pAC50,2455,3.453,3.3213406
Kinases,pAC50,2456,6.328,6.6219997
Kinases,pAC50,2457,5.824,5.722844
Kinases,pAC50,2458,6.05,6.9569187
Kinases,pAC50,2459,6.407,6.9832397
Kinases,pAC50,2460,7.602,6.966879
Kinases,pAC50,2461,4.721,7.249754
Kinases,pAC50,2462,5.743,6.7041135
Kinases,pAC50,2463,6.824,6.6974764
Kinases,pAC50,2464,7.854,7.2991915
Kinases,pAC50,2465,8.523,7.796792
Kinases,pAC50,2466,7.222,6.9310336
Kinases,pAC50,2467,5.088,5.021164
Kinases,pAC50,2468,7.0,6.427269
Kinases,pAC50,2469,6.886,6.887569
Kinases,pAC50,2470,7.678,7.622363
Kinases,pAC50,2471,7.959,7.4653664
Kinases,pAC50,2472,7.398,7.0361567
Kinases,pAC50,2473,6.444,6.044941
Kinases,pAC50,2474,5.235,5.8269944
Kinases,pAC50,2475,6.046,6.2241373
Kinases,pAC50,2476,5.495,5.724864
Kinases,pAC50,2477,7.301,6.835699
Kinases,pAC50,2478,7.161,7.358437
Kinases,pAC50,2479,8.301,8.3875265
Kinases,pAC50,2480,8.301,8.435306
Kinases,pAC50,2481,6.301,6.282219
Kinases,pAC50,2482,6.523,6.3216124
Kinases,pAC50,2483,7.301,6.0965014
Kinases,pAC50,2484,7.602,6.8361955
Kinases,pAC50,2485,7.346,6.517375
Kinases,pAC50,2486,8.638,9.3125
Kinases,pAC50,2487,8.921,8.761768
Kinases,pAC50,2488,8.538,8.219109
Kinases,pAC50,2489,6.409,7.196584
Kinases,pAC50,2490,5.357,4.968631
Kinases,pAC50,2491,6.585,6.3476286
Kinases,pAC50,2492,8.046,7.6590023
Kinases,pAC50,2493,6.276,6.646134
Kinases,pAC50,2494,8.0,7.5953336
Kinases,pAC50,2495,6.959,7.959566
Kinases,pAC50,2496,7.854,7.299758
Kinases,pAC50,2497,7.553,7.6383862
Kinases,pAC50,2498,6.0,6.593606
Kinases,pAC50,2499,6.268,6.5210524
Kinases,pAC50,2500,4.301,3.901671
Kinases,pAC50,2501,5.31,5.265502
Kinases,pAC50,2502,5.699,5.435773
Kinases,pAC50,2503,4.842,5.0676875
Kinases,pAC50,2504,4.699,5.396215
Kinases,pAC50,2505,4.959,5.0541425
Kinases,pAC50,2506,5.046,5.805119
Kinases,pAC50,2507,6.959,5.7596884
Kinases,pAC50,2508,7.638,7.281914
Kinases,pAC50,2509,5.658,7.6547966
Kinases,pAC50,2510,3.9,4.171889
Kinases,pAC50,2511,5.432,4.8873672
Kinases,pAC50,2512,5.31,5.015391
Kinases,pAC50,2513,4.301,4.844452
Kinases,pAC50,2514,4.301,5.760347
Kinases,pAC50,2515,4.387,4.4055
Kinases,pAC50,2516,6.678,5.899638
Kinases,pAC50,2517,4.982,5.1765475
Kinases,pAC50,2518,4.796,4.436537
Kinases,pAC50,2519,5.097,5.355954
Kinases,pAC50,2520,4.59,4.6333456
Kinases,pAC50,2521,4.117,5.0126467
Kinases,pAC50,2522,4.854,4.4168615
Kinases,pAC50,2523,5.398,5.1431274
Kinases,pAC50,2524,3.893,4.493551
Kinases,pAC50,2525,3.642,4.7267256
Kinases,pAC50,2526,5.699,5.2658687
Kinases,pAC50,2527,7.268,7.5057125
Kinases,pAC50,2528,4.523,4.529665
Kinases,pAC50,2529,6.377,6.651244
Kinases,pAC50,2530,6.395,6.4735203
Kinases,pAC50,2531,7.569,7.5047436
Kinases,pAC50,2532,5.0,5.0988274
Kinases,pAC50,2533,5.772,7.049654
Kinases,pAC50,2534,8.398,8.25672
Kinases,pAC50,2535,8.155,7.673478
Kinases,pAC50,2536,8.523,7.818025
Kinases,pAC50,2537,7.824,7.574854
Kinases,pAC50,2538,8.155,7.789919
Kinases,pAC50,2539,5.697,7.7509723
Kinases,pAC50,2540,6.108,6.5614796
Kinases,pAC50,2541,6.745,7.6850142
Kinases,pAC50,2542,5.602,5.778427
Kinases,pAC50,2543,6.222,6.620325
Kinases,pAC50,2544,6.42,5.7876816
Kinases,pAC50,2545,7.721,8.093169
Kinases,pAC50,2546,6.509,5.6739674
Kinases,pAC50,2547,6.959,5.936349
Kinases,pAC50,2548,6.991,6.5806437
Kinases,pAC50,2549,5.301,5.3508034
Kinases,pAC50,2550,3.79,3.9673858
Kinases,pAC50,2551,4.403,5.0509744
Kinases,pAC50,2552,4.77,4.5852165
Kinases,pAC50,2553,5.0,5.307065
Kinases,pAC50,2554,5.959,5.886091
Kinases,pAC50,2555,5.481,6.278037
Kinases,pAC50,2556,6.476,6.485513
Kinases,pAC50,2557,6.36,6.764764
Kinases,pAC50,2558,7.432,7.578458
Kinases,pAC50,2559,6.076,5.8911905
Kinases,pAC50,2560,5.161,5.177842
Kinases,pAC50,2561,5.081,4.86197
Kinases,pAC50,2562,4.955,5.761558
Kinases,pAC50,2563,5.444,4.711872
Kinases,pAC50,2564,4.0,5.0203757
Kinases,pAC50,2565,4.523,5.2968745
Kinases,pAC50,2566,5.469,5.4893208
Kinases,pAC50,2567,5.444,5.605666
Kinases,pAC50,2568,5.098,5.1597433
Kinases,pAC50,2569,6.699,6.363214
Kinases,pAC50,2570,6.699,6.060007
Kinases,pAC50,2571,5.92,5.0217266
Kinases,pAC50,2572,6.0,5.875637
Kinases,pAC50,2573,6.0,6.1543407
Kinases,pAC50,2574,7.721,6.971302
Kinases,pAC50,2575,7.167,6.2091837
Kinases,pAC50,2576,6.67,6.5680575
Kinases,pAC50,2577,8.252,8.37161
Kinases,pAC50,2578,9.301,9.098283
Kinases,pAC50,2579,9.398,9.173263
Kinases,pAC50,2580,9.155,9.015353
Kinases,pAC50,2581,4.91,5.994421
Kinases,pAC50,2582,6.201,5.991455
Kinases,pAC50,2583,5.45,6.019799
Kinases,pAC50,2584,5.991,6.3346515
Kinases,pAC50,2585,5.602,5.4177437
Kinases,pAC50,2586,5.319,6.0480776
Kinases,pAC50,2587,6.26,5.5639753
Kinases,pAC50,2588,5.972,5.1657586
Kinases,pAC50,2589,7.796,8.343417
Kinases,pAC50,2590,6.839,6.08937
Kinases,pAC50,2591,5.276,5.1270823
Kinases,pAC50,2592,8.328,8.074023
Kinases,pAC50,2593,6.821,6.7041225
Kinases,pAC50,2594,7.347,6.68425
Kinases,pAC50,2595,7.62,6.7078705
Kinases,pAC50,2596,6.854,6.631488
Kinases,pAC50,2597,7.523,6.696334
Kinases,pAC50,2598,7.0,6.949641
Kinases,pAC50,2599,6.187,6.7211103
Kinases,pAC50,2600,7.377,7.120348
Kinases,pAC50,2601,7.62,6.6472635
Kinases,pAC50,2602,6.004,6.2823606
Kinases,pAC50,2603,6.602,6.2058372
Kinases,pAC50,2604,5.736,6.643736
Kinases,pAC50,2605,8.051,6.096444
Kinases,pAC50,2606,5.636,5.5028963
Kinases,pAC50,2607,7.921,7.200683
Kinases,pAC50,2608,7.398,7.007226
Kinases,pAC50,2609,4.891,5.345807
Kinases,pAC50,2610,7.77,7.111457
Kinases,pAC50,2611,6.0,5.2290053
Kinases,pAC50,2612,6.108,5.3224154
Kinases,pAC50,2613,6.886,7.550145
Kinases,pAC50,2614,4.87,5.612878
Kinases,pAC50,2615,6.538,6.9265747
Kinases,pAC50,2616,8.097,7.3501463
Kinases,pAC50,2617,6.824,7.078187
Kinases,pAC50,2618,8.398,7.910968
Kinases,pAC50,2619,6.338,6.5050216
Kinases,pAC50,2620,5.54,5.9628325
Kinases,pAC50,2621,4.623,6.2075315
Kinases,pAC50,2622,6.335,6.459096
Kinases,pAC50,2623,6.39,6.1957974
Kinases,pAC50,2624,6.365,6.028638
Kinases,pAC50,2625,6.932,7.1213694
Kinases,pAC50,2626,5.8,5.334362
Kinases,pAC50,2627,5.303,5.765586
Kinases,pAC50,2628,5.651,5.9499097
Kinases,pAC50,2629,7.523,7.2531586
Kinases,pAC50,2630,7.585,7.489086
Kinases,pAC50,2631,7.119,7.9138217
Kinases,pAC50,2632,6.799,7.3161206
Kinases,pAC50,2633,8.155,7.0994062
Kinases,pAC50,2634,7.77,8.101618
Kinases,pAC50,2635,6.301,6.1838827
Kinases,pAC50,2636,4.699,4.953876
Kinases,pAC50,2637,4.714,4.8428526
Kinases,pAC50,2638,5.357,6.005482
Kinases,pAC50,2639,7.06,6.474099
Kinases,pAC50,2640,5.53,5.9740496
Kinases,pAC50,2641,5.836,5.65625
Kinases,pAC50,2642,5.341,5.8816557
Kinases,pAC50,2643,6.051,5.3751173
Kinases,pAC50,2644,6.745,6.457001
Kinases,pAC50,2645,6.602,7.503668
Kinases,pAC50,2646,4.174,4.477455
Kinases,pAC50,2647,4.602,4.8173246
Kinases,pAC50,2648,5.018,5.1353664
Kinases,pAC50,2649,5.367,4.5284066
Kinases,pAC50,2650,7.553,8.01597
Kinases,pAC50,2651,5.644,5.7646337
Kinases,pAC50,2652,5.703,6.1819515
Kinases,pAC50,2653,6.538,6.210265
Kinases,pAC50,2654,6.481,6.152952
Kinases,pAC50,2655,5.506,5.9094353
Kinases,pAC50,2656,5.108,5.7858763
Kinases,pAC50,2657,6.818,6.843278
Kinases,pAC50,2658,6.759,7.2244124
Kinases,pAC50,2659,7.456,7.3764873
Kinases,pAC50,2660,7.143,6.5265055
Kinases,pAC50,2661,7.959,7.6632986
Kinases,pAC50,2662,6.51,6.368487
Kinases,pAC50,2663,5.315,4.9660187
Kinases,pAC50,2664,6.959,6.8998528
Kinases,pAC50,2665,5.511,5.401221
Kinases,pAC50,2666,7.046,6.7506485
Kinases,pAC50,2667,5.959,6.3910694
Kinases,pAC50,2668,5.0,4.662355
Kinases,pAC50,2669,6.213,6.7036076
Kinases,pAC50,2670,6.259,5.686287
Kinases,pAC50,2671,6.796,6.910489
Kinases,pAC50,2672,6.086,5.8722196
Kinases,pAC50,2673,6.229,6.1530905
Kinases,pAC50,2674,7.602,8.322222
Kinases,pAC50,2675,6.06,6.560398
Kinases,pAC50,2676,8.398,7.7531633
Kinases,pAC50,2677,5.137,6.459829
Kinases,pAC50,2678,5.921,6.3554983
Kinases,pAC50,2679,6.48,6.94621
Kinases,pAC50,2680,5.143,4.8488064
Kinases,pAC50,2681,5.268,5.2852516
Kinases,pAC50,2682,6.638,7.1418457
Kinases,pAC50,2683,4.975,5.070774
Kinases,pAC50,2684,7.523,7.0866747
Kinases,pAC50,2685,5.959,6.6632576
Kinases,pAC50,2686,7.187,6.0785108
Kinases,pAC50,2687,6.495,6.169778
Kinases,pAC50,2688,7.678,7.3137255
Kinases,pAC50,2689,6.757,7.7038484
Kinases,pAC50,2690,7.481,7.682943
Kinases,pAC50,2691,8.19,8.232072
Kinases,pAC50,2692,7.328,7.3597517
Kinases,pAC50,2693,9.0,8.821238
Kinases,pAC50,2694,8.398,8.123927
Kinases,pAC50,2695,7.854,7.552759
Kinases,pAC50,2696,7.699,8.15661
Kinases,pAC50,2697,7.62,7.493011
Kinases,pAC50,2698,7.523,8.461006
Kinases,pAC50,2699,6.939,7.0900755
Kinases,pAC50,2700,8.155,7.598775
Kinases,pAC50,2701,7.076,8.869055
Kinases,pAC50,2702,5.175,6.7194653
Kinases,pAC50,2703,6.595,5.9454803
Kinases,pAC50,2704,8.62,6.795711
Kinases,pAC50,2705,6.532,6.7515826
Kinases,pAC50,2706,7.62,8.011093
Kinases,pAC50,2707,7.444,7.436805
Kinases,pAC50,2708,6.793,6.701066
Kinases,pAC50,2709,7.032,7.228864
Kinases,pAC50,2710,6.587,6.540555
Kinases,pAC50,2711,8.0,7.2971354
Kinases,pAC50,2712,8.097,7.429744
Kinases,pAC50,2713,7.377,6.4356213
Kinases,pAC50,2714,6.082,6.110186
Kinases,pAC50,2715,5.569,6.4040575
Kinases,pAC50,2716,9.0,8.745246
Kinases,pAC50,2717,8.222,7.699815
Kinases,pAC50,2718,8.155,7.661608
Kinases,pAC50,2719,6.449,6.724805
Kinases,pAC50,2720,7.367,7.107313
Kinases,pAC50,2721,7.004,7.5703487
Kinases,pAC50,2722,8.523,8.235967
Kinases,pAC50,2723,5.845,7.3028164
Kinases,pAC50,2724,7.886,8.119814
Kinases,pAC50,2725,7.839,8.147847
Kinases,pAC50,2726,5.43,5.857274
Kinases,pAC50,2727,7.588,7.250915
Kinases,pAC50,2728,9.29,8.723151
Kinases,pAC50,2729,8.492,8.424824
Kinases,pAC50,2730,7.852,8.068213
Kinases,pAC50,2731,8.097,7.5705585
Kinases,pAC50,2732,8.222,8.070329
Kinases,pAC50,2733,7.638,7.0821805
Kinases,pAC50,2734,5.337,6.9545546
Kinases,pAC50,2735,7.456,6.774637
Kinases,pAC50,2736,7.114,6.979332
Kinases,pAC50,2737,5.854,6.050049
Kinases,pAC50,2738,5.081,5.8105693
Kinases,pAC50,2739,6.319,5.802863
Kinases,pAC50,2740,5.481,5.129897
Kinases,pAC50,2741,6.824,7.290166
Kinases,pAC50,2742,7.167,7.301654
Kinases,pAC50,2743,6.319,6.345545
Kinases,pAC50,2744,5.115,6.0487976
Kinases,pAC50,2745,6.108,3.7553887
Kinases,pAC50,2746,6.161,7.6856155
Kinases,pAC50,2747,6.222,5.5945644
Kinases,pAC50,2748,7.097,5.9483256
Kinases,pAC50,2749,6.097,5.5720267
Kinases,pAC50,2750,6.699,5.052961
Kinases,pAC50,2751,4.733,4.411726
Kinases,pAC50,2752,9.222,9.170768
Kinases,pAC50,2753,7.678,7.20803
Kinases,pAC50,2754,8.155,7.524136
Kinases,pAC50,2755,9.301,8.964565
Kinases,pAC50,2756,6.772,8.256356
Kinases,pAC50,2757,8.301,6.6652527
Kinases,pAC50,2758,7.553,8.216712
Kinases,pAC50,2759,8.0,8.3130455
Kinases,pAC50,2760,5.886,6.0798197
Kinases,pAC50,2761,3.726,6.5652056
Kinases,pAC50,2762,6.9,6.594207
Kinases,pAC50,2763,8.222,7.7103577
Kinases,pAC50,2764,7.31,7.438033
Kinases,pAC50,2765,8.523,7.094871
Kinases,pAC50,2766,7.041,6.745525
Kinases,pAC50,2767,7.301,8.084273
Kinases,pAC50,2768,7.553,7.2007527
Kinases,pAC50,2769,8.222,7.3445544
Kinases,pAC50,2770,7.638,7.686948
Kinases,pAC50,2771,5.672,5.7226315
Kinases,pAC50,2772,6.638,6.3055205
Kinases,pAC50,2773,5.602,5.7973127
Kinases,pAC50,2774,7.31,7.5488477
Kinases,pAC50,2775,6.268,6.1819677
Kinases,pAC50,2776,5.77,5.107529
Kinases,pAC50,2777,6.979,7.4360156
Kinases,pAC50,2778,8.523,7.3238397
Kinases,pAC50,2779,7.495,7.547612
Kinases,pAC50,2780,5.728,6.4164867
Kinases,pAC50,2781,7.42,7.9541717
Kinases,pAC50,2782,8.347,7.7692213
Kinases,pAC50,2783,6.535,6.760274
Kinases,pAC50,2784,6.807,7.8213444
Kinases,pAC50,2785,7.357,7.430871
Kinases,pAC50,2786,6.699,6.9279346
Kinases,pAC50,2787,6.539,7.1226206
Kinases,pAC50,2788,7.027,7.4608126
Kinases,pAC50,2789,7.602,7.4871936
Kinases,pAC50,2790,6.648,7.4733987
Kinases,pAC50,2791,6.367,6.3486176
Kinases,pAC50,2792,6.55,6.9674883
Kinases,pAC50,2793,7.032,7.1321206
Kinases,pAC50,2794,6.373,6.7553377
Kinases,pAC50,2795,6.182,6.380931
Kinases,pAC50,2796,6.481,6.2865057
Kinases,pAC50,2797,4.585,6.5048285
Kinases,pAC50,2798,6.959,6.844327
Kinases,pAC50,2799,6.229,6.756317
Kinases,pAC50,2800,7.77,8.149615
Kinases,pAC50,2801,8.222,8.306487
Kinases,pAC50,2802,7.237,7.621889
Kinases,pAC50,2803,6.921,7.3861523
Kinases,pAC50,2804,5.762,8.038961
Kinases,pAC50,2805,6.126,6.49226
Kinases,pAC50,2806,7.0,7.1739464
Kinases,pAC50,2807,6.301,6.8702707
Kinases,pAC50,2808,4.625,4.6625834
Kinases,pAC50,2809,7.091,7.137376
Kinases,pAC50,2810,8.92,9.045211
Kinases,pAC50,2811,8.96,9.205338
Kinases,pAC50,2812,4.939,4.701077
Kinases,pAC50,2813,5.87,5.631213
Kinases,pAC50,2814,5.712,5.791308
Kinases,pAC50,2815,5.79,5.628603
Kinases,pAC50,2816,7.481,6.648781
Kinases,pAC50,2817,6.921,6.5257683
Kinases,pAC50,2818,6.824,6.5665164
Kinases,pAC50,2819,7.155,6.6640377
Kinases,pAC50,2820,6.115,6.787887
Kinases,pAC50,2821,6.697,6.653523
Kinases,pAC50,2822,6.59,6.979804
Kinases,pAC50,2823,6.155,5.600913
Kinases,pAC50,2824,5.0,5.724064
Kinases,pAC50,2825,7.155,6.0719085
Kinases,pAC50,2826,6.097,7.0684705
Kinases,pAC50,2827,5.658,5.379122
Kinases,pAC50,2828,5.201,5.9568515
Kinases,pAC50,2829,7.202,6.976717
Kinases,pAC50,2830,7.097,6.7622023
Kinases,pAC50,2831,4.959,7.067507
Kinases,pAC50,2832,7.108,7.102399
Kinases,pAC50,2833,7.301,7.058977
Kinases,pAC50,2834,7.229,7.4838047
Kinases,pAC50,2835,8.7,7.2944202
Kinases,pAC50,2836,6.699,7.055795
Kinases,pAC50,2837,4.747,6.5092697
Kinases,pAC50,2838,7.959,7.367485
Kinases,pAC50,2839,7.244,6.904317
Kinases,pAC50,2840,6.921,6.6713123
Kinases,pAC50,2841,7.26,6.3885145
Kinases,pAC50,2842,6.398,6.786418
Kinases,pAC50,2843,4.337,5.98004
Kinases,pAC50,2844,6.018,6.200154
Kinases,pAC50,2845,5.504,5.9044104
Kinases,pAC50,2846,6.839,6.7924204
Kinases,pAC50,2847,7.284,7.614645
Kinases,pAC50,2848,8.0,7.5842447
Kinases,pAC50,2849,7.092,7.0134835
Kinases,pAC50,2850,5.824,5.831522
Kinases,pAC50,2851,7.796,8.056797
Kinases,pAC50,2852,4.886,4.6888723
Kinases,pAC50,2853,8.398,7.2456846
Kinases,pAC50,2854,7.762,7.922456
Kinases,pAC50,2855,7.481,7.4405527
Kinases,pAC50,2856,6.371,7.1616416
Kinases,pAC50,2857,7.119,7.0953455
Kinases,pAC50,2858,7.301,7.62407
Kinases,pAC50,2859,7.959,7.4242716
Kinases,pAC50,2860,7.292,7.547477
Kinases,pAC50,2861,6.463,7.6054525
Kinases,pAC50,2862,9.0,8.470364
Kinases,pAC50,2863,7.347,6.1108675
Kinases,pAC50,2864,6.117,5.9659004
Kinases,pAC50,2865,5.783,6.6442423
Kinases,pAC50,2866,7.959,8.303811
Kinases,pAC50,2867,7.432,7.896781
Kinases,pAC50,2868,5.65,6.018605
Kinases,pAC50,2869,6.801,6.269767
Kinases,pAC50,2870,7.844,8.28219
Kinases,pAC50,2871,6.81,6.042882
Kinases,pAC50,2872,6.078,6.090626
Kinases,pAC50,2873,4.577,4.9986644
Kinases,pAC50,2874,5.699,6.4587646
Kinases,pAC50,2875,6.62,6.287175
Kinases,pAC50,2876,6.387,6.281331
Kinases,pAC50,2877,5.77,6.5933323
Kinases,pAC50,2878,4.238,4.98106
Kinases,pAC50,2879,7.699,7.413723
Kinases,pAC50,2880,8.222,7.7926836
Kinases,pAC50,2881,6.77,7.3190155
Kinases,pAC50,2882,4.703,6.0745287
Kinases,pAC50,2883,5.229,6.4537516
Kinases,pAC50,2884,5.824,6.2105975
Kinases,pAC50,2885,8.301,6.9019375
Kinases,pAC50,2886,6.321,6.4829693
Kinases,pAC50,2887,6.65,6.74192
Kinases,pAC50,2888,4.602,4.654134
Kinases,pAC50,2889,5.562,5.6411476
Kinases,pAC50,2890,6.842,6.2201924
Kinases,pAC50,2891,7.0,6.116717
Kinases,pAC50,2892,8.155,7.9817724
Kinases,pAC50,2893,8.398,7.811924
Kinases,pAC50,2894,6.854,6.1709604
Kinases,pAC50,2895,5.387,6.087163
Kinases,pAC50,2896,7.824,8.083633
Kinases,pAC50,2897,8.481,8.235768
Kinases,pAC50,2898,6.602,6.4925175
Kinases,pAC50,2899,8.699,9.582231
Kinases,pAC50,2900,5.201,6.470669
Kinases,pAC50,2901,5.875,6.2614374
Kinases,pAC50,2902,6.827,6.32259
Kinases,pAC50,2903,5.222,6.2778044
Kinases,pAC50,2904,5.995,5.359187
Kinases,pAC50,2905,4.316,5.2687054
Kinases,pAC50,2906,5.713,6.3824754
Kinases,pAC50,2907,7.305,6.4043465
Kinases,pAC50,2908,5.6,6.495534
Kinases,pAC50,2909,6.602,6.43291
Kinases,pAC50,2910,6.215,6.9163957
Kinases,pAC50,2911,6.721,6.6027617
Kinases,pAC50,2912,6.886,7.5683804
Kinases,pAC50,2913,6.357,6.2387633
Kinases,pAC50,2914,6.745,5.727705
Kinases,pAC50,2915,7.62,7.499539
Kinases,pAC50,2916,6.611,7.1927233
Kinases,pAC50,2917,6.606,6.9536295
Kinases,pAC50,2918,6.488,7.188015
Kinases,pAC50,2919,5.076,5.1466517
Kinases,pAC50,2920,7.796,7.2818236
Kinases,pAC50,2921,5.367,6.1569366
Kinases,pAC50,2922,6.131,5.817156
Kinases,pAC50,2923,7.367,5.8966274
Kinases,pAC50,2924,5.658,4.8769054
Kinases,pAC50,2925,4.498,4.118086
Kinases,pAC50,2926,5.292,5.1977344
Kinases,pAC50,2927,5.022,5.0754795
Kinases,pAC50,2928,5.367,6.4218507
Kinases,pAC50,2929,6.206,5.439313
Kinases,pAC50,2930,7.337,6.935272
Kinases,pAC50,2931,5.481,5.6816783
Kinases,pAC50,2932,7.699,7.3530006
Kinases,pAC50,2933,7.377,7.226069
Kinases,pAC50,2934,8.699,7.2962894
Kinases,pAC50,2935,8.222,8.77724
Kinases,pAC50,2936,7.854,7.2437696
Kinases,pAC50,2937,7.301,7.287918
Kinases,pAC50,2938,6.041,5.703445
Kinases,pAC50,2939,8.553,7.9943495
Kinases,pAC50,2940,5.187,4.9201593
Kinases,pAC50,2941,8.0,7.640321
Kinases,pAC50,2942,6.638,6.502468
Kinases,pAC50,2943,8.0,6.3859034
Kinases,pAC50,2944,8.0,6.231691
Kinases,pAC50,2945,8.0,6.7850695
Kinases,pAC50,2946,6.155,6.115098
Kinases,pAC50,2947,6.495,6.3331757
Kinases,pAC50,2948,6.377,6.08319
Kinases,pAC50,2949,4.62,4.8721504
Kinases,pAC50,2950,5.053,6.505446
Kinases,pAC50,2951,5.538,5.8782225
Kinases,pAC50,2952,4.337,4.4402514
Kinases,pAC50,2953,4.854,5.018126
Kinases,pAC50,2954,5.066,5.0849314
Kinases,pAC50,2955,7.051,7.0896974
Kinases,pAC50,2956,5.147,6.250704
Kinases,pAC50,2957,4.342,4.9309936
Kinases,pAC50,2958,8.301,7.441084
Kinases,pAC50,2959,7.122,6.401822
Kinases,pAC50,2960,5.947,6.6203613
Kinases,pAC50,2961,7.143,6.563038
Kinases,pAC50,2962,6.398,6.378166
Kinases,pAC50,2963,7.523,7.049179
Kinases,pAC50,2964,6.62,5.497191
Kinases,pAC50,2965,5.469,6.0675745
Kinases,pAC50,2966,5.357,5.4159575
Kinases,pAC50,2967,5.432,5.3823366
Kinases,pAC50,2968,6.097,7.044374
Kinases,pAC50,2969,8.0,8.271201
Kinases,pAC50,2970,7.244,7.758486
Kinases,pAC50,2971,7.602,7.5715137
Kinases,pAC50,2972,4.585,4.4959335
Kinases,pAC50,2973,5.328,4.902852
Kinases,pAC50,2974,6.513,6.4789486
Kinases,pAC50,2975,5.004,4.640346
Kinases,pAC50,2976,7.42,6.9040327
Kinases,pAC50,2977,6.398,5.0485687
Kinases,pAC50,2978,6.699,6.7342257
Kinases,pAC50,2979,4.649,5.3094997
Kinases,pAC50,2980,5.943,7.3657656
Kinases,pAC50,2981,4.867,5.36261
Kinases,pAC50,2982,5.824,7.0507636
Kinases,pAC50,2983,5.081,6.1534534
Kinases,pAC50,2984,6.989,7.444188
Kinases,pAC50,2985,7.638,8.068233
Kinases,pAC50,2986,6.102,6.774025
Kinases,pAC50,2987,6.155,6.2731743
Kinases,pAC50,2988,8.301,7.350508
Kinases,pAC50,2989,7.886,7.9482746
Kinases,pAC50,2990,6.006,6.238652
Kinases,pAC50,2991,5.496,6.4035053
Kinases,pAC50,2992,5.815,6.3548627
Kinases,pAC50,2993,6.478,6.9095654
Kinases,pAC50,2994,8.658,7.7576056
Kinases,pAC50,2995,6.337,6.5019526
Kinases,pAC50,2996,6.569,5.5561533
Kinases,pAC50,2997,6.237,6.390567
Kinases,pAC50,2998,6.137,6.3613563
Kinases,pAC50,2999,6.585,6.8601246
Kinases,pAC50,3000,6.051,6.583516
Kinases,pAC50,3001,8.585,9.148234
Kinases,pAC50,3002,8.824,8.016068
Kinases,pAC50,3003,6.693,7.2885065
Kinases,pAC50,3004,7.648,6.1575136
Kinases,pAC50,3005,6.939,8.518149
Kinases,pAC50,3006,7.237,6.4804583
Kinases,pAC50,3007,4.602,4.538706
Kinases,pAC50,3008,6.166,7.099987
Kinases,pAC50,3009,5.861,6.934802
Kinases,pAC50,3010,6.11,6.0165358
Kinases,pAC50,3011,5.097,5.1926146
Kinases,pAC50,3012,7.688,7.5005407
Kinases,pAC50,3013,6.435,6.3814144
Kinases,pAC50,3014,7.216,7.5603356
Kinases,pAC50,3015,8.046,6.818614
Kinases,pAC50,3016,7.222,6.8241835
Kinases,pAC50,3017,6.097,6.8138704
Kinases,pAC50,3018,6.658,6.9022465
Kinases,pAC50,3019,7.569,6.8187337
Kinases,pAC50,3020,6.921,6.507452
Kinases,pAC50,3021,6.097,6.535101
Kinases,pAC50,3022,6.886,7.284688
Kinases,pAC50,3023,6.367,6.8787193
Kinases,pAC50,3024,6.638,6.407548
Kinases,pAC50,3025,7.357,6.193842
Kinases,pAC50,3026,6.377,6.567014
Kinases,pAC50,3027,5.889,5.3065634
Kinases,pAC50,3028,5.971,5.7534547
Kinases,pAC50,3029,4.608,5.429476
Kinases,pAC50,3030,4.496,5.0186205
Kinases,pAC50,3031,7.959,7.4706063
Kinases,pAC50,3032,7.83,8.101386
Kinases,pAC50,3033,5.996,5.6953735
Kinases,pAC50,3034,6.333,5.9010334
Kinases,pAC50,3035,5.668,5.9552765
Kinases,pAC50,3036,4.733,5.3694763
Kinases,pAC50,3037,4.854,5.126159
Kinases,pAC50,3038,5.0,5.0331707
Kinases,pAC50,3039,5.194,5.694523
Kinases,pAC50,3040,4.832,4.648161
Kinases,pAC50,3041,5.636,6.1578827
Kinases,pAC50,3042,5.89,6.068961
Kinases,pAC50,3043,8.108,7.8411374
Kinases,pAC50,3044,8.086,7.9043837
Kinases,pAC50,3045,5.815,6.42904
Kinases,pAC50,3046,5.315,5.8384333
Kinases,pAC50,3047,6.708,7.0751657
Kinases,pAC50,3048,6.699,5.8870587
Kinases,pAC50,3049,5.873,6.7650156
Kinases,pAC50,3050,6.666,5.645406
Kinases,pAC50,3051,6.234,5.736068
Kinases,pAC50,3052,5.299,4.284231
Kinases,pAC50,3053,6.818,7.673805
Kinases,pAC50,3054,6.216,5.144854
Kinases,pAC50,3055,6.398,5.9197435
Kinases,pAC50,3056,5.569,6.5253735
Kinases,pAC50,3057,4.215,4.6403265
Kinases,pAC50,3058,7.288,7.147868
Kinases,pAC50,3059,7.131,7.48334
Kinases,pAC50,3060,6.217,7.2207036
Kinases,pAC50,3061,7.907,7.1168013
Kinases,pAC50,3062,5.334,6.018857
Kinases,pAC50,3063,6.86,6.515148
Kinases,pAC50,3064,6.119,5.2526493
Kinases,pAC50,3065,6.503,7.984417
Kinases,pAC50,3066,6.0,6.5258684
Kinases,pAC50,3067,7.187,6.728525
Kinases,pAC50,3068,7.229,6.90419
Kinases,pAC50,3069,8.125,8.1706
Kinases,pAC50,3070,6.456,7.2487144
Kinases,pAC50,3071,7.403,7.2872963
Kinases,pAC50,3072,7.194,7.4459047
Kinases,pAC50,3073,8.046,7.974828
Kinases,pAC50,3074,5.832,6.419348
Kinases,pAC50,3075,7.824,6.849802
Kinases,pAC50,3076,5.106,6.4594107
Kinases,pAC50,3077,5.89,5.796488
Kinases,pAC50,3078,5.118,5.827031
Kinases,pAC50,3079,8.301,6.538077
Kinases,pAC50,3080,5.757,6.174558
Kinases,pAC50,3081,7.26,6.2510757
Kinases,pAC50,3082,4.976,6.6030235
Kinases,pAC50,3083,6.231,6.3723125
Kinases,pAC50,3084,5.803,5.793445
Kinases,pAC50,3085,5.244,6.0025063
Kinases,pAC50,3086,5.0,4.798487
Kinases,pAC50,3087,4.658,5.084298
Kinases,pAC50,3088,6.249,6.7544107
Kinases,pAC50,3089,4.593,6.631504
Kinases,pAC50,3090,4.578,6.6852717
Kinases,pAC50,3091,5.754,7.3250933
Kinases,pAC50,3092,5.609,6.4082813
Kinases,pAC50,3093,4.754,7.934831
Kinases,pAC50,3094,6.171,6.444194
Kinases,pAC50,3095,7.161,7.374384
Kinases,pAC50,3096,7.194,7.1096644
Kinases,pAC50,3097,7.77,6.7452497
Kinases,pAC50,3098,7.699,6.7858205
Kinases,pAC50,3099,7.678,6.9806414
Kinases,pAC50,3100,8.301,6.217178
Kinases,pAC50,3101,8.0,6.420127
Kinases,pAC50,3102,8.77,6.426258
Kinases,pAC50,3103,5.901,6.7567334
Kinases,pAC50,3104,7.174,6.5313854
Kinases,pAC50,3105,8.046,6.7263575
Kinases,pAC50,3106,6.208,6.8148093
Kinases,pAC50,3107,7.041,6.954611
Kinases,pAC50,3108,7.456,6.0869937
Kinases,pAC50,3109,6.886,6.631027
Kinases,pAC50,3110,6.959,6.792231
Kinases,pAC50,3111,7.585,6.6582417
Kinases,pAC50,3112,6.975,7.205952
Kinases,pAC50,3113,7.056,7.509799
Kinases,pAC50,3114,7.027,7.3788824
Kinases,pAC50,3115,7.244,7.709354
Kinases,pAC50,3116,6.783,6.9022117
Kinases,pAC50,3117,6.714,6.9046783
Kinases,pAC50,3118,5.158,5.6645336
Kinases,pAC50,3119,5.789,5.791168
Kinases,pAC50,3120,7.268,7.1354885
Kinases,pAC50,3121,5.206,5.627777
Kinases,pAC50,3122,4.539,6.3031645
Kinases,pAC50,3123,6.456,7.3306026
Kinases,pAC50,3124,5.879,5.910941
Kinases,pAC50,3125,6.569,6.9253798
Kinases,pAC50,3126,6.754,6.87055
Kinases,pAC50,3127,6.893,6.5501194
Kinases,pAC50,3128,5.538,6.3206153
Kinases,pAC50,3129,5.523,6.0584755
Kinases,pAC50,3130,6.0,6.129321
Kinases,pAC50,3131,5.699,6.2610235
Kinases,pAC50,3132,5.684,4.344167
Kinases,pAC50,3133,5.694,6.14286
Kinases,pAC50,3134,7.611,7.691747
Kinases,pAC50,3135,7.092,7.9645405
Kinases,pAC50,3136,7.328,6.7053914
Kinases,pAC50,3137,6.485,6.590594
Kinases,pAC50,3138,5.686,6.156246
Kinases,pAC50,3139,6.57,6.3942504
Kinases,pAC50,3140,6.495,6.7112393
Kinases,pAC50,3141,5.886,5.908045
Kinases,pAC50,3142,6.678,6.7153215
Kinases,pAC50,3143,6.959,6.4260936
Kinases,pAC50,3144,6.745,6.3453298
Kinases,pAC50,3145,7.276,6.387353
Kinases,pAC50,3146,7.824,7.902876
Kinases,pAC50,3147,7.553,7.061543
Kinases,pAC50,3148,8.155,6.8835945
Kinases,pAC50,3149,6.848,6.432866
Kinases,pAC50,3150,6.118,5.5609083
Kinases,pAC50,3151,5.994,6.5996494
Kinases,pAC50,3152,5.721,5.2285976
Kinases,pAC50,3153,4.42,7.1832623
Kinases,pAC50,3154,5.824,5.315691
Kinases,pAC50,3155,6.237,5.8256598
Kinases,pAC50,3156,7.921,7.828979
Kinases,pAC50,3157,8.469,8.378421
Kinases,pAC50,3158,8.481,8.81928
Kinases,pAC50,3159,6.469,5.8257027
Kinases,pAC50,3160,5.697,6.0308294
Kinases,pAC50,3161,6.125,6.417735
Kinases,pAC50,3162,4.705,5.0323706
Kinases,pAC50,3163,4.686,4.895938
Kinases,pAC50,3164,5.138,5.396599
Kinases,pAC50,3165,4.668,4.8420773
Kinases,pAC50,3166,4.765,4.84529
Kinases,pAC50,3167,6.529,6.363409
Kinases,pAC50,3168,6.194,6.1088066
Kinases,pAC50,3169,6.517,6.776532
Kinases,pAC50,3170,6.082,6.694129
Kinases,pAC50,3171,5.48,6.2186184
Kinases,pAC50,3172,4.602,4.6983013
Kinases,pAC50,3173,4.495,4.6941786
Kinases,pAC50,3174,6.635,6.0278106
Kinases,pAC50,3175,6.416,7.053816
Kinases,pAC50,3176,6.107,6.5579925
Kinases,pAC50,3177,7.292,6.9529977
Kinases,pAC50,3178,8.678,8.065393
Kinases,pAC50,3179,7.18,7.6096334
Kinases,pAC50,3180,5.75,5.9479074
Kinases,pAC50,3181,6.678,6.7832575
Kinases,pAC50,3182,7.921,7.0298004
Kinases,pAC50,3183,6.807,6.961417
Kinases,pAC50,3184,4.585,5.7735605
Kinases,pAC50,3185,4.886,5.8709116
Kinases,pAC50,3186,5.398,5.060334
Kinases,pAC50,3187,6.68,6.279658
Kinases,pAC50,3188,5.74,6.223931
Kinases,pAC50,3189,6.349,6.634832
Kinases,pAC50,3190,4.0,6.033014
Kinases,pAC50,3191,6.46,5.8757687
Kinases,pAC50,3192,6.569,6.518141
Kinases,pAC50,3193,5.161,6.4641533
Kinases,pAC50,3194,6.642,6.286061
Kinases,pAC50,3195,7.854,6.650069
Kinases,pAC50,3196,5.981,5.8996086
Kinases,pAC50,3197,6.364,6.1484423
Kinases,pAC50,3198,4.456,4.711748
Kinases,pAC50,3199,6.269,6.1836615
Kinases,pAC50,3200,7.585,7.6677284
Kinases,pAC50,3201,5.194,6.3872156
Kinases,pAC50,3202,5.367,5.1889906
Kinases,pAC50,3203,6.409,6.0994053
Kinases,pAC50,3204,8.161,7.483007
Kinases,pAC50,3205,7.018,7.0083475
Kinases,pAC50,3206,7.745,7.0977626
Kinases,pAC50,3207,5.143,5.2932625
Kinases,pAC50,3208,6.623,6.7638946
Kinases,pAC50,3209,7.509,7.6036386
Kinases,pAC50,3210,5.569,6.761422
Kinases,pAC50,3211,6.26,5.0126143
Kinases,pAC50,3212,6.672,5.73904
Kinases,pAC50,3213,5.959,5.4194946
Kinases,pAC50,3214,7.167,6.033806
Kinases,pAC50,3215,5.506,5.923819
Kinases,pAC50,3216,5.538,5.8694096
Kinases,pAC50,3217,4.0,5.027991
Kinases,pAC50,3218,5.538,5.658062
Kinases,pAC50,3219,7.357,6.919373
Kinases,pAC50,3220,5.155,5.1542025
Kinases,pAC50,3221,4.0,5.2530794
Kinases,pAC50,3222,5.854,5.3647423
Kinases,pAC50,3223,5.028,5.472019
Kinases,pAC50,3224,4.959,5.214017
Kinases,pAC50,3225,5.174,5.061838
Kinases,pAC50,3226,6.016,5.27724
Kinases,pAC50,3227,6.604,6.385682
Kinases,pAC50,3228,4.0,5.474516
Kinases,pAC50,3229,4.745,5.3354626
Kinases,pAC50,3230,5.276,6.214879
Kinases,pAC50,3231,7.18,6.917764
Kinases,pAC50,3232,6.415,7.02847
Kinases,pAC50,3233,6.298,7.060285
Kinases,pAC50,3234,5.87,6.9043465
Kinases,pAC50,3235,5.485,7.2376785
Kinases,pAC50,3236,5.24,6.08372
Kinases,pAC50,3237,5.097,6.464743
Kinases,pAC50,3238,4.26,4.9692793
Kinases,pAC50,3239,8.046,4.91905
Kinases,pAC50,3240,7.495,6.718869
Kinases,pAC50,3241,3.596,6.3675675
Kinases,pAC50,3242,3.843,5.7364244
Kinases,pAC50,3243,8.585,9.154886
Kinases,pAC50,3244,6.654,7.4572706
Kinases,pAC50,3245,7.387,8.137474
Kinases,pAC50,3246,7.301,7.4899397
Kinases,pAC50,3247,6.979,7.369051
Kinases,pAC50,3248,5.921,6.5454283
Kinases,pAC50,3249,5.268,6.133383
Kinases,pAC50,3250,7.409,6.8587084
Kinases,pAC50,3251,4.963,6.1202407
Kinases,pAC50,3252,5.857,5.63281
Kinases,pAC50,3253,8.699,6.941558
Kinases,pAC50,3254,7.959,7.623629
Kinases,pAC50,3255,7.796,7.1731405
Kinases,pAC50,3256,7.569,7.1130576
Kinases,pAC50,3257,6.553,6.046824
Kinases,pAC50,3258,7.495,8.027185
Kinases,pAC50,3259,7.0,7.652022
Kinases,pAC50,3260,6.77,7.614879
Kinases,pAC50,3261,7.0,7.1718535
Kinases,pAC50,3262,7.125,7.5789967
Kinases,pAC50,3263,7.547,6.2805347
Kinases,pAC50,3264,6.904,7.068446
Kinases,pAC50,3265,7.051,7.2269945
Kinases,pAC50,3266,8.155,6.7084603
Kinases,pAC50,3267,6.173,6.1104116
Kinases,pAC50,3268,6.724,6.3394194
Kinases,pAC50,3269,4.255,5.9050093
Kinases,pAC50,3270,5.161,6.17861
Kinases,pAC50,3271,4.553,5.822507
Kinases,pAC50,3272,6.432,6.230935
Kinases,pAC50,3273,6.252,6.15494
Kinases,pAC50,3274,5.37,6.373602
Kinases,pAC50,3275,6.815,6.392214
Kinases,pAC50,3276,6.394,6.337538
Kinases,pAC50,3277,6.143,7.133442
Kinases,pAC50,3278,7.638,7.295688
Kinases,pAC50,3279,7.5,7.142933
Kinases,pAC50,3280,7.32,6.614372
Kinases,pAC50,3281,4.959,4.8786526
Kinases,pAC50,3282,5.367,5.2142553
Kinases,pAC50,3283,7.658,7.9463515
Kinases,pAC50,3284,8.301,7.778351
Kinases,pAC50,3285,4.405,4.3984385
Kinases,pAC50,3286,8.481,8.471803
Kinases,pAC50,3287,6.807,7.4672947
Kinases,pAC50,3288,7.187,7.235799
Kinases,pAC50,3289,6.404,4.6759233
Kinases,pAC50,3290,5.479,4.705373
Kinases,pAC50,3291,6.553,6.047614
Kinases,pAC50,3292,6.076,4.6448445
Kinases,pAC50,3293,6.495,6.9038935
Kinases,pAC50,3294,7.886,7.639723
Kinases,pAC50,3295,6.215,6.133031
Kinases,pAC50,3296,5.2,4.964687
Kinases,pAC50,3297,5.3,5.627469
Kinases,pAC50,3298,5.1,4.648377
Kinases,pAC50,3299,5.7,5.486806
Kinases,pAC50,3300,6.0,5.326952
Kinases,pAC50,3301,5.8,5.172556
Kinases,pAC50,3302,5.3,5.149496
Kinases,pAC50,3303,5.5,6.5329275
Kinases,pAC50,3304,6.2,5.700958
Kinases,pAC50,3305,3.699,4.9091454
Kinases,pAC50,3306,5.18,5.4690304
Kinases,pAC50,3307,6.42,6.0557804
Kinases,pAC50,3308,5.328,5.5223265
Kinases,pAC50,3309,4.983,5.875348
Kinases,pAC50,3310,6.0,6.317828
Kinases,pAC50,3311,8.097,8.174419
Kinases,pAC50,3312,6.914,7.1785197
Kinases,pAC50,3313,5.553,5.983684
Kinases,pAC50,3314,4.018,5.8016243
Kinases,pAC50,3315,6.268,6.037979
Kinases,pAC50,3316,6.032,6.326634
Kinases,pAC50,3317,4.0,5.1153965
Kinases,pAC50,3318,5.699,5.14739
Kinases,pAC50,3319,4.301,4.9535894
Kinases,pAC50,3320,6.301,5.7805734
Kinases,pAC50,3321,5.602,4.7189918
Kinases,pAC50,3322,8.398,8.0921755
Kinases,pAC50,3323,5.933,6.89837
Kinases,pAC50,3324,6.167,6.5854964
Kinases,pAC50,3325,6.77,6.5175223
Kinases,pAC50,3326,6.367,5.8958564
Kinases,pAC50,3327,6.854,6.707732
Kinases,pAC50,3328,7.155,6.7127028
Kinases,pAC50,3329,6.854,6.66195
Kinases,pAC50,3330,5.2,5.4880466
Kinases,pAC50,3331,5.442,5.840516
Kinases,pAC50,3332,5.917,5.0041876
Kinases,pAC50,3333,6.721,6.384012
Kinases,pAC50,3334,5.33,5.4482846
Kinases,pAC50,3335,5.255,4.830141
Kinases,pAC50,3336,6.086,6.083271
Kinases,pAC50,3337,4.749,5.2074294
Kinases,pAC50,3338,7.854,7.8418455
Kinases,pAC50,3339,8.301,7.7780437
Kinases,pAC50,3340,6.585,6.9100122
Kinases,pAC50,3341,6.91,6.687172
Kinases,pAC50,3342,6.996,7.057207
Kinases,pAC50,3343,5.01,5.1194954
Kinases,pAC50,3344,5.664,5.255543
Kinases,pAC50,3345,4.585,4.941267
Kinases,pAC50,3346,5.062,5.3813868
Kinases,pAC50,3347,5.599,5.840671
Kinases,pAC50,3348,7.367,6.2472267
Kinases,pAC50,3349,5.911,6.26851
Kinases,pAC50,3350,6.251,6.282835
Kinases,pAC50,3351,6.438,5.955197
Kinases,pAC50,3352,5.699,6.293315
Kinases,pAC50,3353,5.646,6.233349
Kinases,pAC50,3354,5.431,6.1234837
Kinases,pAC50,3355,4.9,5.0045114
Kinases,pAC50,3356,6.325,5.9850483
Kinases,pAC50,3357,5.66,4.0295944
Kinases,pAC50,3358,5.493,6.0332274
Kinases,pAC50,3359,5.824,7.650958
Kinases,pAC50,3360,8.119,7.5188403
Kinases,pAC50,3361,5.114,5.373474
Kinases,pAC50,3362,5.777,6.437413
Kinases,pAC50,3363,8.81,7.6820726
Kinases,pAC50,3364,6.658,6.809025
Kinases,pAC50,3365,6.0,6.138221
Kinases,pAC50,3366,4.6,4.5316906
Kinases,pAC50,3367,4.419,4.5837374
Kinases,pAC50,3368,4.879,4.9247932
Kinases,pAC50,3369,4.772,4.7841625
Kinases,pAC50,3370,5.719,5.5275984
Kinases,pAC50,3371,5.62,5.425496
Kinases,pAC50,3372,5.362,5.650742
Kinases,pAC50,3373,5.305,5.657786
Kinases,pAC50,3374,4.044,4.15477
Kinases,pAC50,3375,4.417,4.5241146
Kinases,pAC50,3376,4.367,6.141165
Kinases,pAC50,3377,7.658,7.997714
Kinases,pAC50,3378,4.538,6.8599157
Kinases,pAC50,3379,8.699,7.610468
Kinases,pAC50,3380,7.509,7.6504765
Kinases,pAC50,3381,6.046,6.055913
Kinases,pAC50,3382,7.658,7.6802144
Kinases,pAC50,3383,7.602,7.550167
Kinases,pAC50,3384,8.046,7.2747865
Kinases,pAC50,3385,7.26,7.7799244
Kinases,pAC50,3386,5.579,6.0363207
Kinases,pAC50,3387,5.376,6.141717
Kinases,pAC50,3388,6.251,6.675301
Kinases,pAC50,3389,6.745,7.2095785
Kinases,pAC50,3390,5.585,6.283424
Kinases,pAC50,3391,5.824,6.049507
Kinases,pAC50,3392,5.796,5.996383
Kinases,pAC50,3393,5.553,5.677711
Kinases,pAC50,3394,6.658,6.4263544
Kinases,pAC50,3395,4.528,5.325715
Kinases,pAC50,3396,4.246,4.482552
Kinases,pAC50,3397,4.18,6.129903
Kinases,pAC50,3398,4.509,4.9229746
Kinases,pAC50,3399,4.68,5.4371357
Kinases,pAC50,3400,7.292,7.3677926
Kinases,pAC50,3401,7.959,7.3454833
Kinases,pAC50,3402,7.699,6.9413614
Kinases,pAC50,3403,7.523,6.2997937
Kinases,pAC50,3404,4.805,4.790795
Kinases,pAC50,3405,7.046,5.145178
Kinases,pAC50,3406,7.097,7.4645214
Kinases,pAC50,3407,7.328,7.3394337
Kinases,pAC50,3408,7.284,7.1389146
Kinases,pAC50,3409,7.097,7.314965
Kinases,pAC50,3410,6.375,6.229463
Kinases,pAC50,3411,5.796,5.9196076
Kinases,pAC50,3412,5.398,4.870797
Kinases,pAC50,3413,5.796,5.538382
Kinases,pAC50,3414,5.886,5.92951
Kinases,pAC50,3415,2.493,4.795451
Kinases,pAC50,3416,1.149,5.625889
Kinases,pAC50,3417,5.6,6.075307
Kinases,pAC50,3418,5.854,5.76396
Kinases,pAC50,3419,7.469,5.4108725
Kinases,pAC50,3420,6.678,5.7672873
Kinases,pAC50,3421,4.086,4.664629
Kinases,pAC50,3422,6.399,4.380316
Kinases,pAC50,3423,5.699,4.514899
Kinases,pAC50,3424,7.092,7.7023215
Kinases,pAC50,3425,8.155,7.383375
Kinases,pAC50,3426,7.509,7.1264143
Kinases,pAC50,3427,6.728,5.492364
Kinases,pAC50,3428,6.876,6.3587914
Kinases,pAC50,3429,6.398,6.814382
Kinases,pAC50,3430,5.301,6.508746
Kinases,pAC50,3431,5.222,6.6464744
Kinases,pAC50,3432,9.301,8.286569
Kinases,pAC50,3433,9.0,8.072263
Kinases,pAC50,3434,6.79,6.9598055
Kinases,pAC50,3435,5.796,6.075966
Kinases,pAC50,3436,6.301,5.6640058
Kinases,pAC50,3437,5.805,6.7389035
Kinases,pAC50,3438,6.914,6.8636804
Kinases,pAC50,3439,5.744,6.8830986
Kinases,pAC50,3440,7.244,6.6813517
Kinases,pAC50,3441,7.553,7.293254
Kinases,pAC50,3442,7.357,6.928881
Kinases,pAC50,3443,6.318,6.7713914
Kinases,pAC50,3444,7.602,8.117059
Kinases,pAC50,3445,8.523,7.6307178
Kinases,pAC50,3446,8.699,7.8277016
Kinases,pAC50,3447,6.277,7.8973413
Kinases,pAC50,3448,6.747,6.9272575
Kinases,pAC50,3449,7.167,7.4923005
Kinases,pAC50,3450,7.745,7.717764
Kinases,pAC50,3451,8.097,7.6434984
Kinases,pAC50,3452,8.61,8.103497
Kinases,pAC50,3453,5.678,6.0370564
Kinases,pAC50,3454,3.655,4.481312
Kinases,pAC50,3455,5.391,6.0854893
Kinases,pAC50,3456,7.699,6.5972767
Kinases,pAC50,3457,6.149,5.986519
Kinases,pAC50,3458,5.167,5.502219
Kinases,pAC50,3459,8.699,8.024053
Kinases,pAC50,3460,8.523,8.356414
Kinases,pAC50,3461,7.456,8.1865
Kinases,pAC50,3462,8.523,8.369602
Kinases,pAC50,3463,7.77,8.029033
Kinases,pAC50,3464,4.444,4.5178003
Kinases,pAC50,3465,6.495,6.8635273
Kinases,pAC50,3466,6.745,6.6724734
Kinases,pAC50,3467,6.745,6.4795914
Kinases,pAC50,3468,6.62,6.8844376
Kinases,pAC50,3469,8.03,7.348348
Kinases,pAC50,3470,7.377,7.342824
Kinases,pAC50,3471,8.523,7.95683
Kinases,pAC50,3472,7.469,6.590455
Kinases,pAC50,3473,8.155,7.9635496
Kinases,pAC50,3474,6.796,5.1094427
Kinases,pAC50,3475,6.102,5.76035
Kinases,pAC50,3476,7.071,7.7739844
Kinases,pAC50,3477,6.209,5.584731
Kinases,pAC50,3478,7.18,7.401259
Kinases,pAC50,3479,5.71,5.3383584
Kinases,pAC50,3480,7.013,5.8694277
Kinases,pAC50,3481,8.398,8.224695
Kinases,pAC50,3482,4.153,4.9895644
Kinases,pAC50,3483,8.194,7.6721735
Kinases,pAC50,3484,9.398,7.6402693
Kinases,pAC50,3485,7.328,7.5987988
Kinases,pAC50,3486,7.479,6.9372125
Kinases,pAC50,3487,5.173,4.7545414
Kinases,pAC50,3488,5.638,7.488818
Kinases,pAC50,3489,5.528,6.874241
Kinases,pAC50,3490,7.721,6.3504367
Kinases,pAC50,3491,7.796,6.5872526
Kinases,pAC50,3492,7.0,7.469648
Kinases,pAC50,3493,6.854,7.296831
Kinases,pAC50,3494,7.086,6.8686223
Kinases,pAC50,3495,7.592,6.5986776
Kinases,pAC50,3496,6.646,6.458086
Kinases,pAC50,3497,7.947,7.4999247
Kinases,pAC50,3498,7.332,6.254149
Kinases,pAC50,3499,7.67,7.707159
Kinases,pAC50,3500,8.509,7.9181128
Kinases,pAC50,3501,7.824,7.552578
Kinases,pAC50,3502,6.796,6.869584
Kinases,pAC50,3503,6.071,6.8825927
Kinases,pAC50,3504,5.208,6.3019676
Kinases,pAC50,3505,5.42,6.8907175
Kinases,pAC50,3506,8.523,8.1186
Kinases,pAC50,3507,7.432,6.607588
Kinases,pAC50,3508,4.658,5.7314987
Kinases,pAC50,3509,4.419,5.436233
Kinases,pAC50,3510,7.601,7.2940073
Kinases,pAC50,3511,7.398,7.378819
Kinases,pAC50,3512,5.824,5.188545
Kinases,pAC50,3513,4.75,5.606927
Kinases,pAC50,3514,3.903,4.246806
Kinases,pAC50,3515,3.843,3.4264686
Kinases,pAC50,3516,5.097,5.4668765
Kinases,pAC50,3517,5.409,5.285166
Kinases,pAC50,3518,4.815,5.1435375
Kinases,pAC50,3519,5.796,5.5673957
Kinases,pAC50,3520,8.779,8.756229
Kinases,pAC50,3521,6.5,6.08399
Kinases,pAC50,3522,6.2,5.8499784
Kinases,pAC50,3523,6.5,5.8718767
Kinases,pAC50,3524,7.886,8.669149
Kinases,pAC50,3525,7.174,6.9235096
Kinases,pAC50,3526,7.886,8.013104
Kinases,pAC50,3527,8.301,8.504699
Kinases,pAC50,3528,6.18,5.694119
Kinases,pAC50,3529,4.456,4.6488953
Kinases,pAC50,3530,5.398,5.2954235
Kinases,pAC50,3531,6.26,6.7126856
Kinases,pAC50,3532,6.194,6.117069
Kinases,pAC50,3533,6.363,6.3843927
Kinases,pAC50,3534,4.504,5.3921328
Kinases,pAC50,3535,5.347,5.4783497
Kinases,pAC50,3536,7.009,6.918017
Kinases,pAC50,3537,6.796,7.042465
Kinases,pAC50,3538,6.027,6.081122
Kinases,pAC50,3539,6.31,6.484006
Kinases,pAC50,3540,6.796,7.1030765
Kinases,pAC50,3541,6.921,6.6735353
Kinases,pAC50,3542,7.921,7.6794004
Kinases,pAC50,3543,7.0,6.552397
Kinases,pAC50,3544,7.301,7.0398955
Kinases,pAC50,3545,7.301,7.467181
Kinases,pAC50,3546,7.658,7.809368
Kinases,pAC50,3547,6.793,6.4274836
Kinases,pAC50,3548,5.337,5.6786885
Kinases,pAC50,3549,6.481,6.5980334
Kinases,pAC50,3550,6.409,6.2621512
Kinases,pAC50,3551,8.155,8.057196
Kinases,pAC50,3552,7.796,7.800597
Kinases,pAC50,3553,6.187,5.5029554
Kinases,pAC50,3554,6.796,5.584667
Kinases,pAC50,3555,8.071,8.341607
Kinases,pAC50,3556,8.237,8.129294
Kinases,pAC50,3557,7.971,8.330842
Kinases,pAC50,3558,7.928,8.424487
Kinases,pAC50,3559,8.367,8.28593
Kinases,pAC50,3560,8.42,8.436543
Kinases,pAC50,3561,6.287,6.4984093
Kinases,pAC50,3562,5.588,5.491091
Kinases,pAC50,3563,5.408,6.1359596
Kinases,pAC50,3564,6.69,6.770175
Kinases,pAC50,3565,9.638,8.05964
Kinases,pAC50,3566,5.608,7.040693
Kinases,pAC50,3567,6.197,7.191249
Kinases,pAC50,3568,4.854,4.5661736
Kinases,pAC50,3569,4.943,5.633484
Kinases,pAC50,3570,5.932,5.8412056
Kinases,pAC50,3571,6.757,6.948853
Kinases,pAC50,3572,5.924,5.5537314
Kinases,pAC50,3573,4.28,6.005679
Kinases,pAC50,3574,4.706,5.272238
Kinases,pAC50,3575,4.836,4.919087
Kinases,pAC50,3576,4.34,4.758132
Kinases,pAC50,3577,7.523,7.7671947
Kinases,pAC50,3578,7.721,7.5019245
Kinases,pAC50,3579,5.717,6.2781672
Kinases,pAC50,3580,7.155,8.068062
Kinases,pAC50,3581,8.409,7.7207975
Kinases,pAC50,3582,7.796,7.828659
Kinases,pAC50,3583,4.892,4.741393
Kinases,pAC50,3584,5.614,5.653798
Kinases,pAC50,3585,5.039,5.410429
Kinases,pAC50,3586,7.161,6.721537
Kinases,pAC50,3587,5.745,6.405276
Kinases,pAC50,3588,7.131,7.4397154
Kinases,pAC50,3589,7.328,6.7518225
Kinases,pAC50,3590,6.456,6.4996057
Kinases,pAC50,3591,5.757,4.77689
Kinases,pAC50,3592,4.79,4.744679
Kinases,pAC50,3593,4.576,4.6315565
Kinases,pAC50,3594,5.996,5.303823
Kinases,pAC50,3595,5.678,6.0271044
Kinases,pAC50,3596,5.812,5.7904053
Kinases,pAC50,3597,3.502,3.3819473
Kinases,pAC50,3598,6.893,6.740835
Kinases,pAC50,3599,5.657,5.918023
Kinases,pAC50,3600,5.58,5.152729
Kinases,pAC50,3601,5.432,5.3107233
Kinases,pAC50,3602,5.225,5.62573
Kinases,pAC50,3603,4.572,3.4484942
Kinases,pAC50,3604,4.0,5.044371
Kinases,pAC50,3605,4.0,6.741465
Kinases,pAC50,3606,5.284,7.03428
Kinases,pAC50,3607,6.638,6.65607
Kinases,pAC50,3608,7.783,7.6363688
Kinases,pAC50,3609,6.258,6.155585
Kinases,pAC50,3610,5.752,6.9098454
Kinases,pAC50,3611,7.602,6.933209
Kinases,pAC50,3612,6.102,6.6713767
Kinases,pAC50,3613,6.0,5.4704328
Kinases,pAC50,3614,7.256,7.9836273
Kinases,pAC50,3615,6.346,6.608943
Kinases,pAC50,3616,6.184,6.622472
Kinases,pAC50,3617,6.836,6.8349767
Kinases,pAC50,3618,8.509,8.023704
Kinases,pAC50,3619,7.721,7.4077682
Kinases,pAC50,3620,6.456,6.0236044
Kinases,pAC50,3621,5.921,5.7795258
Kinases,pAC50,3622,6.0,5.488921
Kinases,pAC50,3623,5.372,5.1188383
Kinases,pAC50,3624,7.149,6.892894
Kinases,pAC50,3625,7.268,7.573272
Kinases,pAC50,3626,8.337,8.065564
Kinases,pAC50,3627,8.328,7.9572945
Kinases,pAC50,3628,8.328,8.063755
Kinases,pAC50,3629,8.337,8.569707
Kinases,pAC50,3630,8.456,7.9439716
Kinases,pAC50,3631,8.936,8.882422
Kinases,pAC50,3632,6.125,6.8098984
Kinases,pAC50,3633,5.119,4.8163548
Kinases,pAC50,3634,5.251,5.3274884
Kinases,pAC50,3635,7.469,7.2343626
Kinases,pAC50,3636,8.398,8.426901
Kinases,pAC50,3637,5.301,5.5842457
Kinases,pAC50,3638,10.301,9.539229
Kinases,pAC50,3639,6.99,7.763707
Kinases,pAC50,3640,8.268,8.065335
Kinases,pAC50,3641,6.873,7.342535
Kinases,pAC50,3642,6.0,6.505221
Kinases,pAC50,3643,5.678,5.982672
Kinases,pAC50,3644,5.492,5.5374665
Kinases,pAC50,3645,5.462,5.9811754
Kinases,pAC50,3646,6.092,6.4097805
Kinases,pAC50,3647,6.032,5.807362
Kinases,pAC50,3648,5.623,5.397558
Kinases,pAC50,3649,7.509,7.765979
Kinases,pAC50,3650,7.377,7.538021
Kinases,pAC50,3651,4.908,5.4095736
Kinases,pAC50,3652,8.398,8.229821
Kinases,pAC50,3653,6.559,7.5569806
Kinases,pAC50,3654,8.301,8.188952
Kinases,pAC50,3655,6.046,5.6677504
Kinases,pAC50,3656,8.638,7.0612097
Kinases,pAC50,3657,5.398,5.631214
Kinases,pAC50,3658,6.602,6.5509367
Kinases,pAC50,3659,6.155,5.834916
Kinases,pAC50,3660,6.222,6.517412
Kinases,pAC50,3661,8.194,7.26331
Kinases,pAC50,3662,8.301,7.814713
Kinases,pAC50,3663,7.382,7.362729
Kinases,pAC50,3664,6.456,6.6633506
Kinases,pAC50,3665,7.301,6.8175716
Kinases,pAC50,3666,8.409,7.952727
Kinases,pAC50,3667,7.553,7.3729954
Kinases,pAC50,3668,8.398,7.833438
Kinases,pAC50,3669,8.959,8.38358
Kinases,pAC50,3670,7.287,7.025421
Kinases,pAC50,3671,6.854,6.691284
Kinases,pAC50,3672,5.796,5.57959
Kinases,pAC50,3673,8.3,8.098971
Kinases,pAC50,3674,7.339,7.58859
Kinases,pAC50,3675,7.31,7.443856
Kinases,pAC50,3676,6.606,6.9775453
Kinases,pAC50,3677,6.156,5.8414483
Kinases,pAC50,3678,6.231,6.3195057
Kinases,pAC50,3679,9.387,9.218278
Kinases,pAC50,3680,8.921,8.540153
Kinases,pAC50,3681,8.268,8.225577
Kinases,pAC50,3682,7.638,7.691567
Kinases,pAC50,3683,6.585,6.878125
Kinases,pAC50,3684,6.319,6.499015
Kinases,pAC50,3685,6.509,6.5211325
Kinases,pAC50,3686,6.102,6.159635
Kinases,pAC50,3687,7.222,6.508211
Kinases,pAC50,3688,7.585,7.7078156
Kinases,pAC50,3689,7.495,7.372713
Kinases,pAC50,3690,7.523,7.1033688
Kinases,pAC50,3691,6.788,6.0712986
Kinases,pAC50,3692,7.119,6.6286077
Kinases,pAC50,3693,6.866,6.9057245
Kinases,pAC50,3694,6.306,6.400608
Kinases,pAC50,3695,6.218,6.2264338
Kinases,pAC50,3696,6.175,5.706949
Kinases,pAC50,3697,6.087,5.8066406
Kinases,pAC50,3698,5.938,6.108955
Kinases,pAC50,3699,5.924,6.6364927
Kinases,pAC50,3700,5.84,5.8098683
Kinases,pAC50,3701,5.0,6.259036
Kinases,pAC50,3702,5.738,5.4154644
Kinases,pAC50,3703,5.525,6.1040115
Kinases,pAC50,3704,5.48,6.2302814
Kinases,pAC50,3705,5.0,5.3604345
Kinases,pAC50,3706,5.0,5.1200457
Kinases,pAC50,3707,5.0,5.289048
Kinases,pAC50,3708,5.0,5.1897683
Kinases,pAC50,3709,7.15,6.7515073
Kinases,pAC50,3710,6.0,5.8885965
Kinases,pAC50,3711,8.516,8.711245
Kinases,pAC50,3712,9.046,8.822501
Kinases,pAC50,3713,7.0,7.0419264
Kinases,pAC50,3714,6.0,6.0021462
Kinases,pAC50,3715,7.301,7.4552784
Kinases,pAC50,3716,7.301,7.67727
Kinases,pAC50,3717,7.301,7.022048
Kinases,pAC50,3718,7.301,7.1575737
Kinases,pAC50,3719,6.0,5.8815703
Kinases,pAC50,3720,6.0,6.3409414
Kinases,pAC50,3721,7.301,6.001295
Kinases,pAC50,3722,7.301,7.195731
Kinases,pAC50,3723,6.0,6.110661
Kinases,pAC50,3724,7.301,7.54335
Kinases,pAC50,3725,4.569,3.9038868
Kinases,pAC50,3726,5.155,4.4328732
Kinases,pAC50,3727,7.658,6.1934004
Kinases,pAC50,3728,7.268,7.3400774
Kinases,pAC50,3729,8.921,8.353547
Kinases,pAC50,3730,5.097,5.1253986
Kinases,pAC50,3731,5.15,5.072747
Kinases,pAC50,3732,9.538,8.732578
Kinases,pAC50,3733,9.699,9.626674
Kinases,pAC50,3734,6.886,7.6739216
Kinases,pAC50,3735,6.22,6.054987
Kinases,pAC50,3736,6.627,5.760856
Kinases,pAC50,3737,6.377,7.7540183
Kinases,pAC50,3738,8.509,8.940746
Kinases,pAC50,3739,6.796,7.777417
Kinases,pAC50,3740,7.398,8.008452
Kinases,pAC50,3741,5.699,7.324285
Kinases,pAC50,3742,5.402,5.6600285
Kinases,pAC50,3743,5.058,6.0367413
Kinases,pAC50,3744,5.381,6.929714
Kinases,pAC50,3745,5.092,4.9705963
Kinases,pAC50,3746,4.888,5.2490587
Kinases,pAC50,3747,7.886,7.9113336
Kinases,pAC50,3748,7.444,7.3521047
Kinases,pAC50,3749,9.301,9.152728
Kinases,pAC50,3750,8.959,8.741435
Kinases,pAC50,3751,9.046,8.781247
Kinases,pAC50,3752,8.0,7.8687315
Kinases,pAC50,3753,8.959,8.48918
Kinases,pAC50,3754,7.481,6.747889
Kinases,pAC50,3755,7.432,7.1851225
Kinases,pAC50,3756,8.678,8.103761
Kinases,pAC50,3757,7.387,7.817176
Kinases,pAC50,3758,5.225,6.668894
Kinases,pAC50,3759,4.843,6.1344695
Kinases,pAC50,3760,6.337,6.3515015
Kinases,pAC50,3761,7.102,6.4896374
Kinases,pAC50,3762,7.398,6.4400516
Kinases,pAC50,3763,6.824,7.2170687
Kinases,pAC50,3764,6.538,6.2164717
Kinases,pAC50,3765,5.921,5.4966154
Kinases,pAC50,3766,7.046,6.819663
Kinases,pAC50,3767,6.812,6.696167
Kinases,pAC50,3768,6.004,6.3753486
Kinases,pAC50,3769,6.004,6.1495724
Kinases,pAC50,3770,4.944,4.3730793
Kinases,pAC50,3771,4.377,4.57331
Kinases,pAC50,3772,5.621,4.975753
Kinases,pAC50,3773,5.849,5.71226
Kinases,pAC50,3774,7.921,7.257148
Kinases,pAC50,3775,7.699,6.9474964
Kinases,pAC50,3776,6.921,6.6549397
Kinases,pAC50,3777,8.509,8.428466
Kinases,pAC50,3778,8.097,8.261372
Kinases,pAC50,3779,6.071,5.5785437
Kinases,pAC50,3780,5.71,5.4618506
Kinases,pAC50,3781,6.469,6.118126
Kinases,pAC50,3782,5.273,5.665574
Kinases,pAC50,3783,6.959,7.9187603
Kinases,pAC50,3784,6.538,6.445817
Kinases,pAC50,3785,5.229,5.424906
Kinases,pAC50,3786,6.357,6.1177163
Kinases,pAC50,3787,8.273,8.427437
Kinases,pAC50,3788,8.538,8.599441
Kinases,pAC50,3789,8.244,8.265392
Kinases,pAC50,3790,9.0,8.345416
Kinases,pAC50,3791,6.379,6.4790506
Kinases,pAC50,3792,6.241,6.477207
Kinases,pAC50,3793,8.387,7.764387
Kinases,pAC50,3794,7.539,7.890589
Kinases,pAC50,3795,6.59,6.9927177
Kinases,pAC50,3796,7.542,8.237306
Kinases,pAC50,3797,5.602,6.5121984
Kinases,pAC50,3798,4.983,3.963247
Kinases,pAC50,3799,7.071,7.1515837
Kinases,pAC50,3800,5.585,5.8391666
Kinases,pAC50,3801,5.481,6.166675
Kinases,pAC50,3802,5.921,5.903677
Kinases,pAC50,3803,8.409,8.650792
Kinases,pAC50,3804,8.377,8.858266
Kinases,pAC50,3805,7.959,7.698969
Kinases,pAC50,3806,7.131,7.076867
Kinases,pAC50,3807,7.26,7.1065187
Kinases,pAC50,3808,8.1,8.1100645
Kinases,pAC50,3809,9.1,9.42783
Kinases,pAC50,3810,9.2,9.569993
Kinases,pAC50,3811,7.557,7.289551
Kinases,pAC50,3812,7.902,7.791484
Kinases,pAC50,3813,6.415,6.103583
Kinases,pAC50,3814,7.187,6.7329025
Kinases,pAC50,3815,9.854,9.074971
Kinases,pAC50,3816,8.456,8.386014
Kinases,pAC50,3817,8.736,8.872556
Kinases,pAC50,3818,9.119,8.193157
Kinases,pAC50,3819,5.569,5.8571444
Kinases,pAC50,3820,7.357,7.498804
Kinases,pAC50,3821,9.222,7.8914046
Kinases,pAC50,3822,9.0,8.10603
Kinases,pAC50,3823,8.523,6.7225103
Kinases,pAC50,3824,7.495,6.893134
Kinases,pAC50,3825,8.328,8.242587
Kinases,pAC50,3826,6.196,7.6352715
Kinases,pAC50,3827,6.748,7.045698
Kinases,pAC50,3828,8.398,8.692491
Kinases,pAC50,3829,7.483,8.200097
Kinases,pAC50,3830,6.264,5.9242196
Kinases,pAC50,3831,6.757,6.115173
Kinases,pAC50,3832,5.997,5.7482634
Kinases,pAC50,3833,5.9,6.131021
Kinases,pAC50,3834,5.9,5.604697
Kinases,pAC50,3835,7.399,7.220169
Kinases,pAC50,3836,7.893,7.734766
Kinases,pAC50,3837,8.101,7.1977115
Kinases,pAC50,3838,5.9,6.078923
Kinases,pAC50,3839,6.938,6.461871
Kinases,pAC50,3840,6.796,6.1491065
Kinases,pAC50,3841,7.174,7.255398
Kinases,pAC50,3842,6.274,7.391495
Kinases,pAC50,3843,6.095,5.648124
Kinases,pAC50,3844,6.061,6.012439
Kinases,pAC50,3845,7.167,6.9265747
Kinases,pAC50,3846,6.889,6.5275803
Kinases,pAC50,3847,8.0,6.444672
Kinases,pAC50,3848,7.824,7.5545387
Kinases,pAC50,3849,7.18,8.009101
Kinases,pAC50,3850,6.58,6.3447266
Kinases,pAC50,3851,7.114,6.8021054
Kinases,pAC50,3852,5.241,5.6454926
Kinases,pAC50,3853,8.301,7.3714924
Kinases,pAC50,3854,7.268,7.528634
Kinases,pAC50,3855,8.824,7.6730027
Kinases,pAC50,3856,6.086,6.4023757
Kinases,pAC50,3857,6.244,6.5809364
Kinases,pAC50,3858,6.538,6.1498823
Kinases,pAC50,3859,6.77,6.1580544
Kinases,pAC50,3860,5.437,4.9516068
Kinases,pAC50,3861,5.301,6.490329
Kinases,pAC50,3862,5.301,6.1514454
Kinases,pAC50,3863,5.301,5.83055
Kinases,pAC50,3864,6.621,7.8417907
Kinases,pAC50,3865,6.377,6.981237
Kinases,pAC50,3866,6.487,7.961657
Kinases,pAC50,3867,7.783,8.3318815
Kinases,pAC50,3868,6.658,8.091026
Kinases,pAC50,3869,6.699,5.911299
Kinases,pAC50,3870,5.007,5.1066465
Kinases,pAC50,3871,5.513,6.524922
Kinases,pAC50,3872,6.288,6.2377605
Kinases,pAC50,3873,7.767,7.8775597
Kinases,pAC50,3874,6.821,6.8613353
Kinases,pAC50,3875,8.027,8.261631
Kinases,pAC50,3876,5.027,5.002014
Kinases,pAC50,3877,8.071,6.9752283
Kinases,pAC50,3878,8.161,7.166536
Kinases,pAC50,3879,6.86,6.530589
Kinases,pAC50,3880,7.42,7.1090918
Kinases,pAC50,3881,8.824,7.3845778
Kinases,pAC50,3882,7.553,7.451853
Kinases,pAC50,3883,6.638,6.1745186
Kinases,pAC50,3884,6.301,6.3441625
Kinases,pAC50,3885,7.721,7.2660465
Kinases,pAC50,3886,7.745,7.665389
Kinases,pAC50,3887,7.796,7.890455
Kinases,pAC50,3888,7.276,6.47705
Kinases,pAC50,3889,7.229,6.44173
Kinases,pAC50,3890,6.369,6.51151
Kinases,pAC50,3891,6.521,6.611617
Kinases,pAC50,3892,5.788,6.5436068
Kinases,pAC50,3893,4.775,4.972455
Kinases,pAC50,3894,6.022,7.0892153
Kinases,pAC50,3895,7.42,7.680606
Kinases,pAC50,3896,6.684,6.4679866
Kinases,pAC50,3897,5.06,5.248863
Kinases,pAC50,3898,6.2,5.128647
Kinases,pAC50,3899,6.025,5.6578183
Kinases,pAC50,3900,6.403,6.448966
Kinases,pAC50,3901,6.796,6.813615
Kinases,pAC50,3902,6.108,6.582744
Kinases,pAC50,3903,6.796,6.374551
Kinases,pAC50,3904,7.409,7.2031727
Kinases,pAC50,3905,7.721,6.399244
Kinases,pAC50,3906,6.959,7.62112
Kinases,pAC50,3907,7.824,7.4093065
Kinases,pAC50,3908,8.222,8.322157
Kinases,pAC50,3909,8.523,7.4829445
Kinases,pAC50,3910,6.252,5.860107
Kinases,pAC50,3911,5.904,6.0017323
Kinases,pAC50,3912,6.469,5.014878
Kinases,pAC50,3913,4.599,4.5236073
Kinases,pAC50,3914,5.057,4.9334297
Kinases,pAC50,3915,4.434,4.36426
Kinases,pAC50,3916,7.481,6.3947525
Kinases,pAC50,3917,7.921,5.9374714
Kinases,pAC50,3918,5.959,6.3278546
Kinases,pAC50,3919,6.444,7.364543
Kinases,pAC50,3920,6.658,6.3745017
Kinases,pAC50,3921,4.26,6.837821
Kinases,pAC50,3922,5.569,7.0400944
Kinases,pAC50,3923,7.721,7.242921
Kinases,pAC50,3924,4.921,5.0449414
Kinases,pAC50,3925,5.921,5.740861
Kinases,pAC50,3926,6.509,8.060092
Kinases,pAC50,3927,6.444,5.5026393
Kinases,pAC50,3928,6.367,6.3639708
Kinases,pAC50,3929,7.432,7.5291867
Kinases,pAC50,3930,5.081,5.7767277
Kinases,pAC50,3931,4.807,5.5380845
Kinases,pAC50,3932,7.18,7.734418
Kinases,pAC50,3933,6.947,6.3172617
Kinases,pAC50,3934,5.948,5.7239704
Kinases,pAC50,3935,6.943,6.7719803
Kinases,pAC50,3936,7.066,7.12028
Kinases,pAC50,3937,7.097,7.011404
Kinases,pAC50,3938,7.824,7.2325063
Kinases,pAC50,3939,7.347,7.005713
Kinases,pAC50,3940,5.509,5.8082466
Kinases,pAC50,3941,5.42,5.934618
Kinases,pAC50,3942,6.736,6.448836
Kinases,pAC50,3943,7.732,8.886815
Kinases,pAC50,3944,4.6,5.1980944
Kinases,pAC50,3945,4.699,6.15232
Kinases,pAC50,3946,6.458,6.8763657
Kinases,pAC50,3947,5.345,5.637126
Kinases,pAC50,3948,5.367,5.679158
Kinases,pAC50,3949,8.959,8.263385
Kinases,pAC50,3950,6.745,5.9216156
Kinases,pAC50,3951,5.427,5.9156694
Kinases,pAC50,3952,8.301,8.313838
Kinases,pAC50,3953,7.481,7.91703
Kinases,pAC50,3954,8.222,7.347245
Kinases,pAC50,3955,5.125,5.452071
Kinases,pAC50,3956,7.041,6.9485164
Kinases,pAC50,3957,6.046,6.6012974
Kinases,pAC50,3958,8.523,7.6759534
Kinases,pAC50,3959,5.286,6.5890455
Kinases,pAC50,3960,7.796,7.712201
Kinases,pAC50,3961,7.051,7.096757
Kinases,pAC50,3962,6.959,6.5582576
Kinases,pAC50,3963,7.252,7.350648
Kinases,pAC50,3964,5.102,5.5869155
Kinases,pAC50,3965,5.267,6.8510036
Kinases,pAC50,3966,8.111,8.148751
Kinases,pAC50,3967,7.244,6.960707
Kinases,pAC50,3968,6.26,7.3309345
Kinases,pAC50,3969,5.4,5.85386
Kinases,pAC50,3970,6.2,5.910244
Kinases,pAC50,3971,7.1,6.878002
Kinases,pAC50,3972,6.879,6.6077433
Kinases,pAC50,3973,6.28,6.8532143
Kinases,pAC50,3974,7.409,7.314122
Kinases,pAC50,3975,6.428,7.2055373
Kinases,pAC50,3976,6.149,6.756116
Kinases,pAC50,3977,6.799,6.595832
Kinases,pAC50,3978,5.337,6.242744
Kinases,pAC50,3979,6.523,6.695162
Kinases,pAC50,3980,5.923,6.559089
Kinases,pAC50,3981,6.393,6.566897
Kinases,pAC50,3982,6.24,6.1689444
Kinases,pAC50,3983,10.921,10.794795
Kinases,pAC50,3984,4.031,5.001519
Kinases,pAC50,3985,6.971,7.2251663
Kinases,pAC50,3986,5.181,6.0443497
Kinases,pAC50,3987,8.114,8.129215
Kinases,pAC50,3988,8.745,8.521344
Kinases,pAC50,3989,7.432,7.580523
Kinases,pAC50,3990,7.77,7.2528224
Kinases,pAC50,3991,6.66,6.9382496
Kinases,pAC50,3992,6.654,6.8746023
Kinases,pAC50,3993,6.194,6.4746537
Kinases,pAC50,3994,6.409,7.0734572
Kinases,pAC50,3995,6.161,6.9129643
Kinases,pAC50,3996,7.013,7.1107755
Kinases,pAC50,3997,6.398,6.3755355
Kinases,pAC50,3998,4.635,5.583143
Kinases,pAC50,3999,5.347,6.499862
Kinases,pAC50,4000,6.393,6.8418245
Kinases,pAC50,4001,6.051,6.0509634
Kinases,pAC50,4002,6.0,5.56444
Kinases,pAC50,4003,4.352,5.3404903
Kinases,pAC50,4004,5.886,6.291816
Kinases,pAC50,4005,6.493,5.823323
Kinases,pAC50,4006,6.312,6.5623574
Kinases,pAC50,4007,8.398,7.555723
Kinases,pAC50,4008,6.886,7.436453
Kinases,pAC50,4009,7.131,7.540674
Kinases,pAC50,4010,8.398,7.8217444
Kinases,pAC50,4011,5.727,6.439842
Kinases,pAC50,4012,8.398,8.30032
Kinases,pAC50,4013,9.0,8.903373
Kinases,pAC50,4014,6.971,7.593422
Kinases,pAC50,4015,5.16,7.2060146
Kinases,pAC50,4016,5.566,5.54495
Kinases,pAC50,4017,6.495,6.646927
Kinases,pAC50,4018,6.638,7.0899873
Kinases,pAC50,4019,6.308,6.7182894
Kinases,pAC50,4020,6.032,5.1591425
Kinases,pAC50,4021,5.752,5.288076
Kinases,pAC50,4022,4.78,5.852518
Kinases,pAC50,4023,7.046,4.6976995
Kinases,pAC50,4024,5.87,5.367856
Kinases,pAC50,4025,4.903,5.6399117
Kinases,pAC50,4026,6.18,5.4043264
Kinases,pAC50,4027,6.936,6.6714587
Kinases,pAC50,4028,5.312,6.1348534
Kinases,pAC50,4029,6.509,6.1562395
Kinases,pAC50,4030,6.644,7.1351643
Kinases,pAC50,4031,5.576,5.9825287
Kinases,pAC50,4032,6.716,6.848054
Kinases,pAC50,4033,7.678,5.494834
Kinases,pAC50,4034,6.561,6.5643926
Kinases,pAC50,4035,7.921,8.147926
Kinases,pAC50,4036,6.737,7.3471766
Kinases,pAC50,4037,5.965,6.38064
Kinases,pAC50,4038,7.567,6.9834604
Kinases,pAC50,4039,6.482,6.5724053
Kinases,pAC50,4040,7.583,7.508239
Kinases,pAC50,4041,7.68,7.3185863
Kinases,pAC50,4042,7.407,7.5486374
Kinases,pAC50,4043,7.656,7.2810736
Kinases,pAC50,4044,6.971,6.723083
Kinases,pAC50,4045,5.622,6.0842505
Kinases,pAC50,4046,7.386,7.385126
Kinases,pAC50,4047,7.483,7.5873036
Kinases,pAC50,4048,7.004,6.189347
Kinases,pAC50,4049,7.022,6.434421
Kinases,pAC50,4050,4.845,5.8047237
Kinases,pAC50,4051,4.839,5.529682
Kinases,pAC50,4052,5.149,5.7918077
Kinases,pAC50,4053,7.606,5.7125654
Kinases,pAC50,4054,5.724,6.950705
Kinases,pAC50,4055,7.473,6.5079174
Kinases,pAC50,4056,6.481,6.8579583
Kinases,pAC50,4057,6.0,6.513913
Kinases,pAC50,4058,8.104,8.122661
Kinases,pAC50,4059,7.201,7.2289305
Kinases,pAC50,4060,6.101,7.3552084
Kinases,pAC50,4061,6.951,7.1150894
Kinases,pAC50,4062,7.301,6.8312483
Kinases,pAC50,4063,5.201,5.2413797
Kinases,pAC50,4064,4.687,5.3682313
Kinases,pAC50,4065,4.873,5.222186
Kinases,pAC50,4066,6.432,6.527833
Kinases,pAC50,4067,5.599,6.7899365
Kinases,pAC50,4068,7.854,8.703942
Kinases,pAC50,4069,8.398,8.480389
Kinases,pAC50,4070,8.886,9.19682
Kinases,pAC50,4071,7.538,7.022411
Kinases,pAC50,4072,8.097,8.613847
Kinases,pAC50,4073,7.092,7.301016
Kinases,pAC50,4074,7.538,8.015531
Kinases,pAC50,4075,3.377,3.297313
Kinases,pAC50,4076,5.896,6.0930367
Kinases,pAC50,4077,6.863,7.4890137
Kinases,pAC50,4078,6.444,6.50438
Kinases,pAC50,4079,5.066,5.929762
Kinases,pAC50,4080,6.376,6.2879868
Kinases,pAC50,4081,5.569,6.748354
Kinases,pAC50,4082,4.569,5.7576294
Kinases,pAC50,4083,6.066,5.494339
Kinases,pAC50,4084,7.959,7.180461
Kinases,pAC50,4085,7.924,7.8010044
Kinases,pAC50,4086,5.499,7.04346
Kinases,pAC50,4087,7.307,8.498158
Kinases,pAC50,4088,8.056,8.396917
Kinases,pAC50,4089,7.12,7.21653
Kinases,pAC50,4090,6.936,6.8381996
Kinases,pAC50,4091,6.508,7.371531
Kinases,pAC50,4092,7.095,8.146031
Kinases,pAC50,4093,5.908,6.192081
Kinases,pAC50,4094,6.823,6.9110928
Kinases,pAC50,4095,6.984,6.840048
Kinases,pAC50,4096,6.506,7.1087675
Kinases,pAC50,4097,7.251,8.322417
Kinases,pAC50,4098,8.119,7.557089
Kinases,pAC50,4099,6.184,7.54119
Kinases,pAC50,4100,5.79,4.46469
Kinases,pAC50,4101,6.602,6.4209347
Kinases,pAC50,4102,6.481,6.6685877
Kinases,pAC50,4103,5.717,5.5330095
Kinases,pAC50,4104,6.481,5.7588263
Kinases,pAC50,4105,7.009,7.7765455
Kinases,pAC50,4106,7.098,7.115266
Kinases,pAC50,4107,7.208,7.8674946
Kinases,pAC50,4108,7.824,7.6975775
Kinases,pAC50,4109,5.3,5.478289
Kinases,pAC50,4110,7.497,7.3503084
Kinases,pAC50,4111,7.959,7.8977714
Kinases,pAC50,4112,7.31,7.2871084
Kinases,pAC50,4113,7.036,7.533169
Kinases,pAC50,4114,9.097,8.973191
Kinases,pAC50,4115,9.097,9.417206
Kinases,pAC50,4116,9.222,9.319637
Kinases,pAC50,4117,6.28,7.5697546
Kinases,pAC50,4118,7.229,7.6068597
Kinases,pAC50,4119,7.284,7.0627017
Kinases,pAC50,4120,7.131,7.4146004
Kinases,pAC50,4121,7.55,6.279542
Kinases,pAC50,4122,6.745,7.0691566
Kinases,pAC50,4123,8.409,7.837101
Kinases,pAC50,4124,7.303,7.4855328
Kinases,pAC50,4125,7.117,7.262244
Kinases,pAC50,4126,7.527,7.1446857
Kinases,pAC50,4127,7.311,7.9146547
Kinases,pAC50,4128,7.036,5.7302856
Kinases,pAC50,4129,5.801,6.1411905
Kinases,pAC50,4130,4.388,4.487233
Kinases,pAC50,4131,5.013,5.551017
Kinases,pAC50,4132,6.854,6.482486
Kinases,pAC50,4133,7.602,6.709732
Kinases,pAC50,4134,6.851,6.7972736
Kinases,pAC50,4135,3.772,3.634722
Kinases,pAC50,4136,3.729,3.801901
Kinases,pAC50,4137,4.145,3.88403
Kinases,pAC50,4138,6.604,6.994232
Kinases,pAC50,4139,7.921,7.419736
Kinases,pAC50,4140,7.48,6.4997416
Kinases,pAC50,4141,6.281,6.3777018
Kinases,pAC50,4142,5.695,4.7710915
Kinases,pAC50,4143,7.292,6.6476927
Kinases,pAC50,4144,7.202,6.512668
Kinases,pAC50,4145,8.561,8.489556
Kinases,pAC50,4146,7.454,7.783972
Kinases,pAC50,4147,6.833,6.6137247
Kinases,pAC50,4148,7.498,7.034663
Kinases,pAC50,4149,6.842,5.708335
Kinases,pAC50,4150,4.275,3.9032063
Kinases,pAC50,4151,4.807,4.094955
Kinases,pAC50,4152,6.432,6.624939
Kinases,pAC50,4153,8.496,7.8278027
Kinases,pAC50,4154,8.434,7.8669715
Kinases,pAC50,4155,8.066,7.764254
Kinases,pAC50,4156,8.658,8.662372
Kinases,pAC50,4157,5.3,5.056302
Kinases,pAC50,4158,5.4,4.5714884
Kinases,pAC50,4159,6.1,5.1800785
Kinases,pAC50,4160,5.2,4.6119475
Kinases,pAC50,4161,7.585,7.6463156
Kinases,pAC50,4162,8.745,9.160611
Kinases,pAC50,4163,8.569,7.9239316
Kinases,pAC50,4164,8.699,8.8101015
Kinases,pAC50,4165,6.516,6.9405537
Kinases,pAC50,4166,7.114,7.033531
Kinases,pAC50,4167,5.455,6.707197
Kinases,pAC50,4168,7.194,6.8506393
Kinases,pAC50,4169,7.638,8.009179
Kinases,pAC50,4170,7.678,7.4905148
Kinases,pAC50,4171,7.886,7.4521074
Kinases,pAC50,4172,5.003,7.078302
Kinases,pAC50,4173,7.352,7.1742525
Kinases,pAC50,4174,6.119,5.862241
Kinases,pAC50,4175,5.257,7.2414465
Kinases,pAC50,4176,5.675,7.040283
Kinases,pAC50,4177,7.815,6.941029
Kinases,pAC50,4178,6.81,7.580633
Kinases,pAC50,4179,5.394,5.945923
Kinases,pAC50,4180,7.921,7.267499
Kinases,pAC50,4181,5.712,5.136078
Kinases,pAC50,4182,5.463,5.1434917
Kinases,pAC50,4183,5.432,6.405793
Kinases,pAC50,4184,6.398,7.1227903
Kinases,pAC50,4185,5.539,6.4630795
Kinases,pAC50,4186,6.585,6.5049615
Kinases,pAC50,4187,7.187,7.578245
Kinases,pAC50,4188,7.0,7.07952
Kinases,pAC50,4189,6.268,4.463927
Kinases,pAC50,4190,7.161,6.4123487
Kinases,pAC50,4191,6.921,6.849825
Kinases,pAC50,4192,7.854,7.250509
Kinases,pAC50,4193,5.635,6.401251
Kinases,pAC50,4194,6.174,5.913983
Kinases,pAC50,4195,4.928,5.0003023
Kinases,pAC50,4196,8.495,7.215125
Kinases,pAC50,4197,7.301,6.1898675
Kinases,pAC50,4198,7.413,7.5679307
Kinases,pAC50,4199,6.983,7.6126337
Kinases,pAC50,4200,5.569,6.45768
Kinases,pAC50,4201,5.526,5.179748
Kinases,pAC50,4202,7.09,6.0292597
Kinases,pAC50,4203,6.901,6.7765036
Kinases,pAC50,4204,8.126,8.047479
Kinases,pAC50,4205,7.226,7.443021
Kinases,pAC50,4206,7.04,7.5051346
Kinases,pAC50,4207,6.305,6.3286448
Kinases,pAC50,4208,8.5,9.086767
Kinases,pAC50,4209,9.0,9.198222
Kinases,pAC50,4210,8.886,8.018686
Kinases,pAC50,4211,6.87,6.8238716
Kinases,pAC50,4212,4.854,5.2665863
Kinases,pAC50,4213,5.394,5.9112206
Kinases,pAC50,4214,7.618,7.8361583
Kinases,pAC50,4215,7.236,7.5590773
Kinases,pAC50,4216,9.097,9.049408
Kinases,pAC50,4217,5.319,5.0457096
Kinases,pAC50,4218,5.194,4.939575
Kinases,pAC50,4219,4.824,5.5927935
Kinases,pAC50,4220,6.873,6.5801144
Kinases,pAC50,4221,8.229,7.7229834
Kinases,pAC50,4222,8.284,7.259678
Kinases,pAC50,4223,8.602,8.376628
Kinases,pAC50,4224,7.886,7.789732
Kinases,pAC50,4225,6.921,7.5727196
Kinases,pAC50,4226,8.886,8.311944
Kinases,pAC50,4227,6.676,6.470684
Kinases,pAC50,4228,6.886,7.920371
Kinases,pAC50,4229,5.297,6.0436964
Kinases,pAC50,4230,6.306,5.191104
Kinases,pAC50,4231,5.124,7.298112
Kinases,pAC50,4232,7.268,6.8754883
Kinases,pAC50,4233,6.167,5.5925074
Kinases,pAC50,4234,5.1,5.2042894
Kinases,pAC50,4235,5.4,5.145137
Kinases,pAC50,4236,6.0,6.1626034
Kinases,pAC50,4237,5.6,6.0177326
Kinases,pAC50,4238,8.237,8.167233
Kinases,pAC50,4239,8.222,8.233434
Kinases,pAC50,4240,8.62,8.010333
Kinases,pAC50,4241,6.808,6.492746
Kinases,pAC50,4242,7.535,7.7045636
Kinases,pAC50,4243,5.13,5.9740334
Kinases,pAC50,4244,5.097,5.445427
Kinases,pAC50,4245,6.801,7.0025043
Kinases,pAC50,4246,7.268,7.7751346
Kinases,pAC50,4247,6.699,6.9557614
Kinases,pAC50,4248,7.076,5.4780917
Kinases,pAC50,4249,5.337,5.253655
Kinases,pAC50,4250,7.237,6.2508173
Kinases,pAC50,4251,7.481,6.739752
Kinases,pAC50,4252,6.959,6.4124203
Kinases,pAC50,4253,6.328,6.248369
Kinases,pAC50,4254,5.932,5.6303625
Kinases,pAC50,4255,5.854,6.5881834
Kinases,pAC50,4256,6.417,6.629201
Kinases,pAC50,4257,9.289,8.863988
Kinases,pAC50,4258,9.793,9.679078
Kinases,pAC50,4259,8.88,9.053264
Kinases,pAC50,4260,9.716,9.935985
Kinases,pAC50,4261,6.378,6.9649243
Kinases,pAC50,4262,5.886,6.140113
Kinases,pAC50,4263,8.398,7.1253805
Kinases,pAC50,4264,5.841,8.008485
Kinases,pAC50,4265,8.398,8.740985
Kinases,pAC50,4266,8.222,8.2282915
Kinases,pAC50,4267,7.77,7.3727975
Kinases,pAC50,4268,6.551,6.755825
Kinases,pAC50,4269,7.623,7.712745
Kinases,pAC50,4270,7.244,7.666607
Kinases,pAC50,4271,7.082,7.3775253
Kinases,pAC50,4272,9.022,8.864324
Kinases,pAC50,4273,4.796,6.1371303
Kinases,pAC50,4274,5.257,6.053837
Kinases,pAC50,4275,6.224,5.557886
Kinases,pAC50,4276,8.399,8.801397
Kinases,pAC50,4277,9.0,8.600614
Kinases,pAC50,4278,8.398,6.71904
Kinases,pAC50,4279,6.054,6.5688553
Kinases,pAC50,4280,4.538,3.8700173
Kinases,pAC50,4281,6.638,6.201847
Kinases,pAC50,4282,6.337,7.216879
Kinases,pAC50,4283,7.522,7.283546
Kinases,pAC50,4284,6.79,6.7862034
Kinases,pAC50,4285,6.154,6.4163446
Kinases,pAC50,4286,6.53,6.351553
Kinases,pAC50,4287,6.68,6.103515
Kinases,pAC50,4288,8.523,8.467652
Kinases,pAC50,4289,7.994,7.9427547
Kinases,pAC50,4290,8.31,7.4880767
Kinases,pAC50,4291,6.921,6.1126404
Kinases,pAC50,4292,8.328,7.6428633
Kinases,pAC50,4293,6.699,7.34341
Kinases,pAC50,4294,6.432,7.03738
Kinases,pAC50,4295,7.569,7.19136
Kinases,pAC50,4296,7.244,7.1266556
Kinases,pAC50,4297,5.854,6.636036
Kinases,pAC50,4298,6.408,6.6308446
Kinases,pAC50,4299,6.0,7.7722216
Kinases,pAC50,4300,7.368,7.219531
Kinases,pAC50,4301,6.595,6.9269347
Kinases,pAC50,4302,6.968,7.1191616
Kinases,pAC50,4303,7.351,7.094263
Kinases,pAC50,4304,7.598,7.582882
Kinases,pAC50,4305,7.419,7.00975
Kinases,pAC50,4306,7.721,7.9130917
Kinases,pAC50,4307,7.222,6.396775
Kinases,pAC50,4308,5.851,6.724243
Kinases,pAC50,4309,6.262,6.742386
Kinases,pAC50,4310,7.276,6.580609
Kinases,pAC50,4311,6.066,5.8344603
Kinases,pAC50,4312,7.194,7.1765504
Kinases,pAC50,4313,9.42,9.134989
Kinases,pAC50,4314,8.959,8.6847515
Kinases,pAC50,4315,9.699,8.920465
Kinases,pAC50,4316,8.721,8.729754
Kinases,pAC50,4317,7.994,8.841037
Kinases,pAC50,4318,5.458,6.1666307
Kinases,pAC50,4319,8.824,9.118689
Kinases,pAC50,4320,9.046,8.750461
Kinases,pAC50,4321,7.131,6.3458276
Kinases,pAC50,4322,6.022,7.118073
Kinases,pAC50,4323,5.518,6.4820485
Kinases,pAC50,4324,7.073,6.0370293
Kinases,pAC50,4325,8.695,7.9965353
Kinases,pAC50,4326,6.184,6.8051863
Kinases,pAC50,4327,5.943,7.9311185
Kinases,pAC50,4328,8.319,8.115975
Kinases,pAC50,4329,6.561,6.7199025
Kinases,pAC50,4330,6.509,6.6162853
Kinases,pAC50,4331,8.524,7.2734575
Kinases,pAC50,4332,6.783,7.1494846
Kinases,pAC50,4333,5.959,5.9011245
Kinases,pAC50,4334,9.137,7.145236
Kinases,pAC50,4335,7.643,8.4165945
Kinases,pAC50,4336,6.957,6.792722
Kinases,pAC50,4337,7.927,8.446506
Kinases,pAC50,4338,7.495,8.423147
Kinases,pAC50,4339,8.699,6.298506
Kinases,pAC50,4340,8.77,9.459231
Kinases,pAC50,4341,9.149,9.033474
Kinases,pAC50,4342,8.886,9.117724
Kinases,pAC50,4343,9.523,9.683525
Kinases,pAC50,4344,9.523,9.638094
Kinases,pAC50,4345,9.523,9.018622
Kinases,pAC50,4346,9.699,10.003004
Kinases,pAC50,4347,9.398,9.851511
Kinases,pAC50,4348,5.572,5.9910073
Kinases,pAC50,4349,8.027,6.9348335
Kinases,pAC50,4350,7.516,7.805962
Kinases,pAC50,4351,6.823,7.161519
Kinases,pAC50,4352,7.3,6.9566264
Kinases,pAC50,4353,4.456,6.2096605
Kinases,pAC50,4354,7.0,6.4827795
Kinases,pAC50,4355,5.215,5.6772985
Kinases,pAC50,4356,4.745,5.121563
Kinases,pAC50,4357,6.066,5.523384
Kinases,pAC50,4358,6.367,5.825341
Kinases,pAC50,4359,5.377,6.23877
Kinases,pAC50,4360,6.046,5.827951
Kinases,pAC50,4361,5.886,5.8279514
Kinases,pAC50,4362,6.347,5.9786196
Kinases,pAC50,4363,7.009,6.5571423
Kinases,pAC50,4364,5.456,6.72289
Kinases,pAC50,4365,7.215,6.7129545
Kinases,pAC50,4366,6.921,7.5358915
Kinases,pAC50,4367,7.481,7.5798798
Kinases,pAC50,4368,6.721,7.2930164
Kinases,pAC50,4369,8.509,7.176697
Kinases,pAC50,4370,6.066,5.7835264
Kinases,pAC50,4371,4.301,3.886698
Kinases,pAC50,4372,7.0,4.634943
Kinases,pAC50,4373,5.77,6.6224318
Kinases,pAC50,4374,6.602,6.6526184
Kinases,pAC50,4375,4.09,5.672057
Kinases,pAC50,4376,6.975,6.930528
Kinases,pAC50,4377,6.693,6.7254457
Kinases,pAC50,4378,7.602,6.836192
Kinases,pAC50,4379,3.939,3.7572117
Kinases,pAC50,4380,5.222,4.5842657
Kinases,pAC50,4381,5.275,5.5558767
Kinases,pAC50,4382,4.174,4.486359
Kinases,pAC50,4383,4.481,4.471114
Kinases,pAC50,4384,7.252,6.952856
Kinases,pAC50,4385,7.0,6.5147715
Kinases,pAC50,4386,6.796,6.1660857
Kinases,pAC50,4387,6.276,7.1210904
Kinases,pAC50,4388,5.357,5.842001
Kinases,pAC50,4389,5.824,6.3073997
Kinases,pAC50,4390,7.959,7.835245
Kinases,pAC50,4391,8.301,7.0158563
Kinases,pAC50,4392,7.921,7.56109
Kinases,pAC50,4393,7.658,7.041465
Kinases,pAC50,4394,7.824,7.1150866
Kinases,pAC50,4395,6.745,6.0719166
Kinases,pAC50,4396,6.745,6.3646374
Kinases,pAC50,4397,6.18,6.787416
Kinases,pAC50,4398,6.523,7.7542915
Kinases,pAC50,4399,7.658,7.2032266
Kinases,pAC50,4400,6.509,6.523511
Kinases,pAC50,4401,7.796,8.002986
Kinases,pAC50,4402,7.745,7.6722383
Kinases,pAC50,4403,7.509,7.6568804
Kinases,pAC50,4404,8.046,7.758037
Kinases,pAC50,4405,7.62,8.140729
Kinases,pAC50,4406,7.638,7.767437
Kinases,pAC50,4407,5.921,6.580132
Kinases,pAC50,4408,7.699,6.6189513
Kinases,pAC50,4409,6.523,6.5734444
Kinases,pAC50,4410,7.469,7.1533346
Kinases,pAC50,4411,5.788,5.509672
Kinases,pAC50,4412,6.0,6.128884
Kinases,pAC50,4413,5.726,6.0165906
Kinases,pAC50,4414,7.125,6.7531004
Kinases,pAC50,4415,7.456,6.7836437
Kinases,pAC50,4416,6.573,7.127625
Kinases,pAC50,4417,6.026,6.3593454
Kinases,pAC50,4418,6.577,6.681385
Kinases,pAC50,4419,5.876,5.80989
Kinases,pAC50,4420,8.0,8.131648
Kinases,pAC50,4421,5.481,5.752552
Kinases,pAC50,4422,5.585,6.0005608
Kinases,pAC50,4423,5.602,7.027814
Kinases,pAC50,4424,6.342,7.722183
Kinases,pAC50,4425,7.77,5.8939857
Kinases,pAC50,4426,7.699,7.081059
Kinases,pAC50,4427,6.301,6.2730274
Kinases,pAC50,4428,7.131,7.5175524
Kinases,pAC50,4429,7.022,6.81417
Kinases,pAC50,4430,7.252,7.560319
Kinases,pAC50,4431,9.523,8.730111
Kinases,pAC50,4432,6.678,7.1825953
Kinases,pAC50,4433,7.432,7.6577044
Kinases,pAC50,4434,6.602,6.9403543
Kinases,pAC50,4435,7.538,7.6117187
Kinases,pAC50,4436,6.377,6.7450027
Kinases,pAC50,4437,5.401,5.703444
Kinases,pAC50,4438,5.526,6.3550377
Kinases,pAC50,4439,8.523,7.2315044
Kinases,pAC50,4440,8.699,8.091931
Kinases,pAC50,4441,8.032,8.396866
Kinases,pAC50,4442,7.796,7.8084545
Kinases,pAC50,4443,7.77,7.6430435
Kinases,pAC50,4444,7.678,8.00837
Kinases,pAC50,4445,8.252,8.227649
Kinases,pAC50,4446,9.268,8.899631
Kinases,pAC50,4447,8.347,8.797608
Kinases,pAC50,4448,8.367,8.02307
Kinases,pAC50,4449,5.0,5.5661097
Kinases,pAC50,4450,5.63,5.4654846
Kinases,pAC50,4451,6.39,7.8719287
Kinases,pAC50,4452,9.481,8.267226
Kinases,pAC50,4453,7.796,7.40318
Kinases,pAC50,4454,7.0,7.2357016
Kinases,pAC50,4455,5.4,7.0466633
Kinases,pAC50,4456,5.6,7.018708
Kinases,pAC50,4457,7.8,8.028632
Kinases,pAC50,4458,7.5,7.5181503
Kinases,pAC50,4459,5.271,5.9986773
Kinases,pAC50,4460,8.523,8.340972
Kinases,pAC50,4461,3.155,4.5095177
Kinases,pAC50,4462,8.301,7.5089006
Kinases,pAC50,4463,6.886,7.3810816
Kinases,pAC50,4464,7.569,7.630131
Kinases,pAC50,4465,6.345,7.6985993
Kinases,pAC50,4466,3.0,4.6559796
Kinases,pAC50,4467,6.137,7.3517694
Kinases,pAC50,4468,5.706,6.701539
Kinases,pAC50,4469,9.0,8.698106
Kinases,pAC50,4470,6.244,5.923271
Kinases,pAC50,4471,6.585,6.8586082
Kinases,pAC50,4472,7.921,7.4588747
Kinases,pAC50,4473,7.721,7.986002
Kinases,pAC50,4474,6.996,7.122284
Kinases,pAC50,4475,6.889,7.0991006
Kinases,pAC50,4476,7.125,6.860486
Kinases,pAC50,4477,6.398,5.5758386
Kinases,pAC50,4478,7.013,5.463874
Kinases,pAC50,4479,5.824,5.7434387
Kinases,pAC50,4480,5.648,5.700277
Kinases,pAC50,4481,6.013,5.670386
Kinases,pAC50,4482,5.481,5.643978
Kinases,pAC50,4483,6.569,7.219511
Kinases,pAC50,4484,6.18,6.886001
Kinases,pAC50,4485,6.382,7.4636016
Kinases,pAC50,4486,4.912,5.003315
Kinases,pAC50,4487,4.319,4.517885
Kinases,pAC50,4488,5.28,4.613801
Kinases,pAC50,4489,4.766,4.26797
Kinases,pAC50,4490,4.689,5.4205933
Kinases,pAC50,4491,4.826,5.497108
Kinases,pAC50,4492,4.67,5.805975
Kinases,pAC50,4493,4.885,5.4864187
Kinases,pAC50,4494,4.818,4.7139893
Kinases,pAC50,4495,5.504,5.911158
Kinases,pAC50,4496,5.762,5.342793
Kinases,pAC50,4497,5.102,4.9592934
Kinases,pAC50,4498,5.211,4.968974
Kinases,pAC50,4499,5.054,5.784336
Kinases,pAC50,4500,4.943,3.9186943
Kinases,pAC50,4501,5.013,4.822386
Kinases,pAC50,4502,5.054,6.052457
Kinases,pAC50,4503,5.353,5.3855286
Kinases,pAC50,4504,4.964,5.32088
Kinases,pAC50,4505,5.084,4.9106903
Kinases,pAC50,4506,5.58,5.45597
Kinases,pAC50,4507,5.405,5.335659
Kinases,pAC50,4508,5.381,5.088464
Kinases,pAC50,4509,5.17,5.5690465
Kinases,pAC50,4510,8.0,7.7440386
Kinases,pAC50,4511,7.328,6.3474274
Kinases,pAC50,4512,7.194,6.570534
Kinases,pAC50,4513,7.284,7.1483407
Kinases,pAC50,4514,6.149,6.8925247
Kinases,pAC50,4515,8.13,7.212532
Kinases,pAC50,4516,8.824,5.384164
Kinases,pAC50,4517,7.42,7.374502
Kinases,pAC50,4518,5.886,6.3645124
Kinases,pAC50,4519,8.022,8.342537
Kinases,pAC50,4520,8.824,8.263241
Kinases,pAC50,4521,8.444,8.500981
Kinases,pAC50,4522,7.469,7.396599
Kinases,pAC50,4523,8.699,7.6570396
Kinases,pAC50,4524,8.367,8.392776
Kinases,pAC50,4525,8.74,8.434224
Kinases,pAC50,4526,8.17,5.937684
Kinases,pAC50,4527,8.479,7.8624187
Kinases,pAC50,4528,6.111,6.707788
Kinases,pAC50,4529,6.38,7.345171
Kinases,pAC50,4530,6.666,6.323551
Kinases,pAC50,4531,7.616,7.991233
Kinases,pAC50,4532,4.81,5.5682597
Kinases,pAC50,4533,5.161,6.1175065
Kinases,pAC50,4534,4.712,4.372347
Kinases,pAC50,4535,5.19,5.295389
Kinases,pAC50,4536,4.713,5.1219645
Kinases,pAC50,4537,4.654,4.8588123
Kinases,pAC50,4538,4.497,5.0800266
Kinases,pAC50,4539,4.467,5.5690184
Kinases,pAC50,4540,6.078,5.582061
Kinases,pAC50,4541,4.806,4.0203247
Kinases,pAC50,4542,4.601,4.592758
Kinases,pAC50,4543,4.852,5.618732
Kinases,pAC50,4544,5.605,5.123577
Kinases,pAC50,4545,5.401,4.7171164
Kinases,pAC50,4546,5.093,5.816588
Kinases,pAC50,4547,4.889,5.034729
Kinases,pAC50,4548,4.898,5.1669254
Kinases,pAC50,4549,4.534,5.283725
Kinases,pAC50,4550,7.728,6.707966
Kinases,pAC50,4551,8.432,5.369529
Kinases,pAC50,4552,8.409,5.2369194
Kinases,pAC50,4553,8.119,9.425245
Kinases,pAC50,4554,5.237,4.9676237
Kinases,pAC50,4555,8.523,7.3071313
Kinases,pAC50,4556,8.523,7.616588
Kinases,pAC50,4557,8.523,8.444957
Kinases,pAC50,4558,8.444,8.368793
Kinases,pAC50,4559,7.886,8.581924
Kinases,pAC50,4560,6.26,4.823911
Kinases,pAC50,4561,6.11,7.108567
Kinases,pAC50,4562,8.377,8.65165
Kinases,pAC50,4563,8.71,7.522452
Kinases,pAC50,4564,7.046,7.9030323
Kinases,pAC50,4565,7.582,7.531024
Kinases,pAC50,4566,7.796,7.5654974
Kinases,pAC50,4567,7.485,6.7243295
Kinases,pAC50,4568,7.511,6.611891
Kinases,pAC50,4569,8.553,7.991228
Kinases,pAC50,4570,8.658,8.657163
Kinases,pAC50,4571,8.921,9.003652
Kinases,pAC50,4572,8.824,8.434094
Kinases,pAC50,4573,7.914,8.286672
Kinases,pAC50,4574,7.947,8.109124
Kinases,pAC50,4575,7.158,7.871236
Kinases,pAC50,4576,6.359,6.5705914
Kinases,pAC50,4577,7.478,7.7285585
Kinases,pAC50,4578,7.47,7.3212113
Kinases,pAC50,4579,8.553,8.035919
Kinases,pAC50,4580,7.886,7.9495087
Kinases,pAC50,4581,7.69,7.6695395
Kinases,pAC50,4582,8.197,7.664486
Kinases,pAC50,4583,8.45,7.5030975
Kinases,pAC50,4584,7.642,6.6872587
Kinases,pAC50,4585,7.192,6.851634
Kinases,pAC50,4586,6.693,6.721403
Kinases,pAC50,4587,6.042,6.2646017
Kinases,pAC50,4588,7.261,7.532127
Kinases,pAC50,4589,6.959,6.6347713
Kinases,pAC50,4590,8.029,7.6739926
Kinases,pAC50,4591,7.437,7.59512
Kinases,pAC50,4592,6.52,5.671542
Kinases,pAC50,4593,7.249,7.1561747
Kinases,pAC50,4594,5.298,6.770115
Kinases,pAC50,4595,5.249,5.990369
Kinases,pAC50,4596,6.09,5.797531
Kinases,pAC50,4597,5.292,5.036448
Kinases,pAC50,4598,5.138,5.9398584
Kinases,pAC50,4599,7.699,5.784381
Kinases,pAC50,4600,6.072,5.6192784
Kinases,pAC50,4601,8.009,5.111686
Kinases,pAC50,4602,6.991,6.509018
Kinases,pAC50,4603,7.276,7.0570884
Kinases,pAC50,4604,5.413,6.56326
Kinases,pAC50,4605,7.292,6.773926
Kinases,pAC50,4606,7.084,6.559165
Kinases,pAC50,4607,7.413,6.694436
Kinases,pAC50,4608,6.363,6.7623777
Kinases,pAC50,4609,6.87,6.764943
Kinases,pAC50,4610,7.291,7.202544
Kinases,pAC50,4611,8.492,8.549229
Kinases,pAC50,4612,6.876,6.792309
Kinases,pAC50,4613,6.631,5.703705
Kinases,pAC50,4614,6.154,5.770304
Kinases,pAC50,4615,5.511,5.1787133
Kinases,pAC50,4616,7.424,6.9189105
Kinases,pAC50,4617,7.321,7.2817354
Kinases,pAC50,4618,7.007,7.3342338
Kinases,pAC50,4619,5.509,6.02292
Kinases,pAC50,4620,6.609,6.387928
Kinases,pAC50,4621,7.506,6.3366566
Kinases,pAC50,4622,6.09,5.830467
Kinases,pAC50,4623,6.037,6.8076243
Kinases,pAC50,4624,6.672,7.204299
Kinases,pAC50,4625,6.73,6.5878077
Kinases,pAC50,4626,7.747,8.062565
Kinases,pAC50,4627,7.682,8.850051
Kinases,pAC50,4628,8.535,7.827961
Kinases,pAC50,4629,7.684,7.653911
Kinases,pAC50,4630,6.726,6.659684
Kinases,pAC50,4631,8.328,7.941866
Kinases,pAC50,4632,7.695,7.375272
Kinases,pAC50,4633,6.721,6.7146316
Kinases,pAC50,4634,8.495,8.063374
Kinases,pAC50,4635,8.155,8.579562
Kinases,pAC50,4636,7.796,8.604858
Kinases,pAC50,4637,7.796,8.0008745
Kinases,pAC50,4638,6.305,5.883888
Kinases,pAC50,4639,8.222,8.776704
Kinases,pAC50,4640,7.569,8.917002
Kinases,pAC50,4641,7.699,8.343756
Kinases,pAC50,4642,8.824,5.0888777
Kinases,pAC50,4643,6.847,7.007395
Kinases,pAC50,4644,6.123,6.1766543
Kinases,pAC50,4645,7.921,7.6293077
Kinases,pAC50,4646,5.009,5.6959515
Kinases,pAC50,4647,5.047,6.479888
Kinases,pAC50,4648,7.046,6.033429
Kinases,pAC50,4649,6.328,6.904375
Kinases,pAC50,4650,5.83,6.501464
Kinases,pAC50,4651,8.523,8.928061
Kinases,pAC50,4652,9.699,9.7709
Kinases,pAC50,4653,9.699,9.313342
Kinases,pAC50,4654,7.071,8.11905
Kinases,pAC50,4655,8.301,9.692893
Kinases,pAC50,4656,7.456,6.6048665
Kinases,pAC50,4657,8.252,8.803781
Kinases,pAC50,4658,8.155,8.98374
Kinases,pAC50,4659,6.384,6.5288506
Kinases,pAC50,4660,6.395,6.522023
Kinases,pAC50,4661,6.404,6.5854683
Kinases,pAC50,4662,6.342,6.4291897
Kinases,pAC50,4663,7.432,7.30494
Kinases,pAC50,4664,6.268,6.192681
Kinases,pAC50,4665,6.201,6.516474
Kinases,pAC50,4666,6.602,6.8922396
Kinases,pAC50,4667,6.456,6.2298937
Kinases,pAC50,4668,7.818,7.9384823
Kinases,pAC50,4669,7.854,8.1830635
Kinases,pAC50,4670,8.495,8.05024
Kinases,pAC50,4671,8.959,7.871127
Kinases,pAC50,4672,7.033,6.183698
Kinases,pAC50,4673,5.481,7.2722588
Kinases,pAC50,4674,9.796,9.687349
Kinases,pAC50,4675,9.658,9.643034
Kinases,pAC50,4676,9.097,9.538139
Kinases,pAC50,4677,9.0,9.346517
Kinases,pAC50,4678,8.699,9.555625
Kinases,pAC50,4679,9.42,9.630767
Kinases,pAC50,4680,9.319,9.684964
Kinases,pAC50,4681,9.131,9.50442
Kinases,pAC50,4682,10.046,9.841328
Kinases,pAC50,4683,9.602,9.644563
Kinases,pAC50,4684,9.854,10.034339
Kinases,pAC50,4685,9.854,10.105342
Kinases,pAC50,4686,9.42,9.874252
Kinases,pAC50,4687,9.854,9.898289
Kinases,pAC50,4688,8.523,8.779776
Kinases,pAC50,4689,9.509,8.529744
Kinases,pAC50,4690,8.199,8.028476
Kinases,pAC50,4691,8.18,8.447853
Kinases,pAC50,4692,7.74,7.435031
Kinases,pAC50,4693,7.174,7.0430636
Kinases,pAC50,4694,7.633,7.6136856
Kinases,pAC50,4695,7.06,6.4229293
Kinases,pAC50,4696,7.377,7.278145
Kinases,pAC50,4697,7.379,6.8664846
Kinases,pAC50,4698,6.547,6.505301
Kinases,pAC50,4699,7.076,6.623884
Kinases,pAC50,4700,5.622,5.2544355
Kinases,pAC50,4701,5.009,5.2094812
Kinases,pAC50,4702,7.481,6.80677
Kinases,pAC50,4703,7.341,7.5712566
Kinases,pAC50,4704,7.893,8.12703
Kinases,pAC50,4705,7.366,8.015655
Kinases,pAC50,4706,7.62,7.5552344
Kinases,pAC50,4707,5.523,5.9846807
Kinases,pAC50,4708,8.242,8.681602
Kinases,pAC50,4709,8.585,7.8437557
Kinases,pAC50,4710,8.224,7.9934435
Kinases,pAC50,4711,7.588,7.9487176
Kinases,pAC50,4712,9.268,8.914163
Kinases,pAC50,4713,8.602,8.585099
Kinases,pAC50,4714,9.097,8.588225
Kinases,pAC50,4715,8.678,8.980937
Kinases,pAC50,4716,7.411,8.808248
Kinases,pAC50,4717,7.246,8.63977
Kinases,pAC50,4718,8.824,8.60495
Kinases,pAC50,4719,8.347,8.222287
Kinases,pAC50,4720,8.538,8.399436
Kinases,pAC50,4721,8.854,8.6174135
Kinases,pAC50,4722,7.886,7.5180902
Kinases,pAC50,4723,7.602,7.2068305
Kinases,pAC50,4724,7.602,7.671804
Kinases,pAC50,4725,7.149,6.856477
Kinases,pAC50,4726,7.268,7.1270823
Kinases,pAC50,4727,7.036,7.3810782
Kinases,pAC50,4728,6.812,7.4215436
Kinases,pAC50,4729,7.721,7.2970324
Kinases,pAC50,4730,7.26,7.664084
Kinases,pAC50,4731,7.658,7.305437
Kinases,pAC50,4732,7.066,7.1068745
Kinases,pAC50,4733,6.975,6.7867985
Kinases,pAC50,4734,6.423,7.1483707
Kinases,pAC50,4735,6.783,7.5782275
Kinases,pAC50,4736,5.523,5.4143887
Kinases,pAC50,4737,4.593,5.3600173
Kinases,pAC50,4738,4.982,5.465875
Kinases,pAC50,4739,4.759,6.430814
Kinases,pAC50,4740,5.126,5.5030646
Kinases,pAC50,4741,5.094,5.439298
Kinases,pAC50,4742,8.587,8.738164
Kinases,pAC50,4743,8.059,8.041465
Kinases,pAC50,4744,8.91,8.297441
Kinases,pAC50,4745,7.182,7.124683
Kinases,pAC50,4746,6.237,7.9863977
Kinases,pAC50,4747,5.851,6.467862
Kinases,pAC50,4748,7.194,6.467862
Kinases,pAC50,4749,9.036,8.723574
Kinases,pAC50,4750,5.743,7.171822
Kinases,pAC50,4751,5.793,6.778617
Kinases,pAC50,4752,8.398,8.270589
Kinases,pAC50,4753,8.244,6.9795256
Kinases,pAC50,4754,5.985,6.9795256
Kinases,pAC50,4755,8.056,8.486638
Kinases,pAC50,4756,6.701,6.6283617
Kinases,pAC50,4757,7.079,7.2377405
Kinases,pAC50,4758,6.328,7.550511
Kinases,pAC50,4759,7.013,7.515834
Kinases,pAC50,4760,7.135,7.904171
Kinases,pAC50,4761,8.721,8.243598
Kinases,pAC50,4762,7.775,8.413414
Kinases,pAC50,4763,8.387,8.707572
Kinases,pAC50,4764,8.276,8.261687
Kinases,pAC50,4765,7.733,7.9178715
Kinases,pAC50,4766,8.796,8.5579
Kinases,pAC50,4767,7.4,6.877989
Kinases,pAC50,4768,6.018,7.4352913
Kinases,pAC50,4769,8.854,8.387361
Kinases,pAC50,4770,6.977,6.6600285
Kinases,pAC50,4771,7.145,7.360772
Kinases,pAC50,4772,9.046,9.3425865
Kinases,pAC50,4773,9.0,8.487438
Kinases,pAC50,4774,7.818,8.662749
Kinases,pAC50,4775,9.155,8.851823
Kinases,pAC50,4776,8.387,8.374849
Kinases,pAC50,4777,8.854,8.376424
Kinases,pAC50,4778,7.631,7.982622
Kinases,pAC50,4779,9.097,8.639891
Kinases,pAC50,4780,9.222,7.868023
Kinases,pAC50,4781,9.222,9.32623
Kinases,pAC50,4782,9.523,9.517711
Kinases,pAC50,4783,9.097,9.16855
Kinases,pAC50,4784,9.222,7.259165
Kinases,pAC50,4785,9.301,9.082027
Kinases,pAC50,4786,9.398,9.27348
Kinases,pAC50,4787,8.081,7.5676208
Kinases,pAC50,4788,7.405,7.8426757
Kinases,pAC50,4789,6.144,7.682852
Kinases,pAC50,4790,8.027,7.7194285
Kinases,pAC50,4791,7.122,7.737872
Kinases,pAC50,4792,7.305,7.3856335
Kinases,pAC50,4793,7.32,7.34791
Kinases,pAC50,4794,7.524,7.34791
Kinases,pAC50,4795,7.854,7.717802
Kinases,pAC50,4796,6.239,7.6118755
Kinases,pAC50,4797,6.79,7.828209
Kinases,pAC50,4798,6.98,7.2009625
Kinases,pAC50,4799,7.686,7.5938983
Kinases,pAC50,4800,7.818,7.4627028
Kinases,pAC50,4801,7.833,8.347988
Kinases,pAC50,4802,8.26,8.293067
Kinases,pAC50,4803,7.873,8.124063
Kinases,pAC50,4804,7.564,7.9084487
Kinases,pAC50,4805,9.398,9.706362
Kinases,pAC50,4806,7.243,7.6159935
Kinases,pAC50,4807,9.398,9.050388
Kinases,pAC50,4808,8.921,7.871947
Kinases,pAC50,4809,9.301,8.687892
Kinases,pAC50,4810,8.921,8.663104
Kinases,pAC50,4811,8.553,9.0060005
Kinases,pAC50,4812,8.444,7.390636
Kinases,pAC50,4813,8.921,8.510898
Kinases,pAC50,4814,8.174,8.619856
Kinases,pAC50,4815,8.495,8.515105
Kinases,pAC50,4816,7.495,7.2703056
Kinases,pAC50,4817,9.046,9.190033
Kinases,pAC50,4818,9.222,8.251276
Kinases,pAC50,4819,8.699,8.332238
Kinases,pAC50,4820,8.137,8.535064
Kinases,pAC50,4821,8.252,8.438743
Kinases,pAC50,4822,6.896,8.99769
Kinases,pAC50,4823,7.86,7.409583
Kinases,pAC50,4824,8.585,8.455266
Kinases,pAC50,4825,7.206,7.5169773
Kinases,pAC50,4826,9.523,8.6404
Kinases,pAC50,4827,7.706,8.4094515
Kinases,pAC50,4828,8.796,9.411239
Kinases,pAC50,4829,6.996,7.743684
Kinases,pAC50,4830,9.301,9.718244
Kinases,pAC50,4831,9.301,9.5513315
Kinases,pAC50,4832,8.824,9.273048
Kinases,pAC50,4833,8.469,8.225313
Kinases,pAC50,4834,6.59,6.0297213
Kinases,pAC50,4835,5.653,6.303871
Kinases,pAC50,4836,6.418,6.2070765
Kinases,pAC50,4837,7.186,8.195575
Kinases,pAC50,4838,6.629,7.511315
Kinases,pAC50,4839,6.236,6.495167
Kinases,pAC50,4840,8.963,8.664443
Kinases,pAC50,4841,8.264,8.539195
Kinases,pAC50,4842,7.569,8.169591
Kinases,pAC50,4843,8.907,9.438738
Kinases,pAC50,4844,7.917,7.9038243
Kinases,pAC50,4845,7.038,7.5319767
Kinases,pAC50,4846,6.907,7.154567
Kinases,pAC50,4847,7.754,7.0184045
Kinases,pAC50,4848,6.695,7.9731946
Kinases,pAC50,4849,7.343,7.961434
Kinases,pAC50,4850,8.479,8.482444
Kinases,pAC50,4851,8.264,9.157853
Kinases,pAC50,4852,8.833,8.208306
Kinases,pAC50,4853,7.545,7.5419855
Kinases,pAC50,4854,8.818,7.8297586
Kinases,pAC50,4855,8.585,9.161817
Kinases,pAC50,4856,8.759,8.569135
Kinases,pAC50,4857,10.089,9.228959
Kinases,pAC50,4858,8.71,9.505696
Kinases,pAC50,4859,10.212,9.488118
Kinases,pAC50,4860,6.573,8.034816
Kinases,pAC50,4861,7.959,6.9802046
Kinases,pAC50,4862,10.678,10.634416
Kinases,pAC50,4863,10.366,10.159917
Kinases,pAC50,4864,6.507,7.0115767
Kinases,pAC50,4865,11.0,10.946223
Kinases,pAC50,4866,5.979,8.289144
Kinases,pAC50,4867,11.01,10.796037
Kinases,pAC50,4868,10.254,10.46085
Kinases,pAC50,4869,10.688,10.869851
Kinases,pAC50,4870,10.478,10.266507
Kinases,pAC50,4871,7.007,6.5472026
Kinases,pAC50,4872,9.788,10.730506
Kinases,pAC50,4873,9.316,9.208676
Kinases,pAC50,4874,7.032,8.468285
Kinases,pAC50,4875,7.155,7.5990047
Kinases,pAC50,4876,5.328,4.825119
Kinases,pAC50,4877,5.545,5.5209866
Kinases,pAC50,4878,5.488,5.9492507
Kinases,pAC50,4879,6.11,6.0246944
Kinases,pAC50,4880,5.423,6.605832
Kinases,pAC50,4881,5.959,5.7427726
Kinases,pAC50,4882,7.638,7.1799088
Kinases,pAC50,4883,7.721,7.3679905
Kinases,pAC50,4884,7.337,7.5246043
Kinases,pAC50,4885,9.0,8.143006
Kinases,pAC50,4886,8.523,8.250434
Kinases,pAC50,4887,7.337,9.150851
Kinases,pAC50,4888,8.523,8.759379
Kinases,pAC50,4889,6.26,6.0217013
Kinases,pAC50,4890,6.26,6.3555655
Kinases,pAC50,4891,6.26,6.5616927
Kinases,pAC50,4892,6.26,6.0909204
Kinases,pAC50,4893,6.26,6.2536206
Kinases,pAC50,4894,6.26,6.1346316
Kinases,pAC50,4895,6.26,6.581256
Kinases,pAC50,4896,7.52,7.1718264
Kinases,pAC50,4897,8.921,8.496543
Kinases,pAC50,4898,9.097,8.790213
Kinases,pAC50,4899,8.959,8.520126
Kinases,pAC50,4900,8.538,8.815316
Kinases,pAC50,4901,7.77,8.728793
Kinases,pAC50,4902,8.77,8.400598
Kinases,pAC50,4903,9.398,8.464961
Kinases,pAC50,4904,9.097,8.684828
Kinases,pAC50,4905,7.62,9.227
Kinases,pAC50,4906,9.301,9.250612
Kinases,pAC50,4907,6.886,8.440179
Kinases,pAC50,4908,8.796,8.217192
Kinases,pAC50,4909,8.62,8.397214
Kinases,pAC50,4910,8.854,8.256064
Kinases,pAC50,4911,9.0,9.134685
Kinases,pAC50,4912,9.097,8.780526
Kinases,pAC50,4913,7.959,8.178268
Kinases,pAC50,4914,9.155,9.075419
Kinases,pAC50,4915,8.222,7.302498
Kinases,pAC50,4916,9.119,8.483083
Kinases,pAC50,4917,7.886,7.850345
Kinases,pAC50,4918,7.357,7.454871
Kinases,pAC50,4919,8.469,7.819777
Kinases,pAC50,4920,8.004,7.518655
Kinases,pAC50,4921,7.292,7.7203827
Kinases,pAC50,4922,8.027,7.8483057
Kinases,pAC50,4923,6.203,6.092808
Kinases,pAC50,4924,9.606,9.676616
Kinases,pAC50,4925,9.719,8.639157
Kinases,pAC50,4926,9.533,9.06892
Kinases,pAC50,4927,6.485,6.72952
Kinases,pAC50,4928,6.539,6.770367
Kinases,pAC50,4929,7.587,7.492605
Kinases,pAC50,4930,7.751,7.933403
Kinases,pAC50,4931,8.058,7.4089775
Kinases,pAC50,4932,7.206,6.972589
Kinases,pAC50,4933,8.743,8.447867
Kinases,pAC50,4934,7.17,6.9963846
Kinases,pAC50,4935,8.467,8.415099
Kinases,pAC50,4936,7.987,8.054419
Kinases,pAC50,4937,7.863,8.111062
Kinases,pAC50,4938,8.759,8.708546
Kinases,pAC50,4939,7.421,7.996229
Kinases,pAC50,4940,7.151,7.0844793
Kinases,pAC50,4941,7.064,6.8268747
Kinases,pAC50,4942,7.4,7.106203
Kinases,pAC50,4943,7.062,6.801284
Kinases,pAC50,4944,6.668,6.240118
Kinases,pAC50,4945,6.943,6.657998
Kinases,pAC50,4946,6.055,6.156587
Kinases,pAC50,4947,7.335,7.154436
Kinases,pAC50,4948,6.703,7.4887047
Kinases,pAC50,4949,6.996,7.274416
Kinases,pAC50,4950,7.585,7.908418
Kinases,pAC50,4951,7.672,7.4924994
Kinases,pAC50,4952,8.529,7.630823
Kinases,pAC50,4953,7.556,7.390288
Kinases,pAC50,4954,7.418,7.6392517
Kinases,pAC50,4955,6.75,7.179215
Kinases,pAC50,4956,7.747,7.7742357
Kinases,pAC50,4957,7.544,7.5996256
Kinases,pAC50,4958,7.609,7.431323
Kinases,pAC50,4959,7.68,7.993369
Kinases,pAC50,4960,7.947,7.94118
Kinases,pAC50,4961,7.848,7.94118
Kinases,pAC50,4962,7.375,7.860405
Kinases,pAC50,4963,8.028,7.9530826
Kinases,pAC50,4964,8.024,8.1856165
Kinases,pAC50,4965,8.383,8.22501
Kinases,pAC50,4966,8.332,8.076759
Kinases,pAC50,4967,8.356,8.189038
Kinases,pAC50,4968,8.291,8.204306
Kinases,pAC50,4969,7.754,7.671463
Kinases,pAC50,4970,8.288,8.253493
Kinases,pAC50,4971,8.234,8.287586
Kinases,pAC50,4972,7.66,7.5339346
Kinases,pAC50,4973,7.932,7.6644745
Kinases,pAC50,4974,7.883,7.8002224
Kinases,pAC50,4975,7.796,7.834614
Kinases,pAC50,4976,8.079,7.9968987
Kinases,pAC50,4977,7.712,7.8209496
Kinases,pAC50,4978,6.903,7.8783407
Kinases,pAC50,4979,7.019,7.7321053
Kinases,pAC50,4980,6.177,6.7456284
Kinases,pAC50,4981,6.309,6.891443
Kinases,pAC50,4982,6.583,6.867253
Kinases,pAC50,4983,8.488,8.123294
Kinases,pAC50,4984,7.456,7.187267
Kinases,pAC50,4985,6.524,6.58471
Kinases,pAC50,4986,6.907,7.0159893
Kinases,pAC50,4987,6.445,6.5011497
Kinases,pAC50,4988,7.168,7.0044003
Kinases,pAC50,4989,6.893,6.800194
Kinases,pAC50,4990,8.983,8.638247
Kinases,pAC50,4991,7.991,7.9947157
Kinases,pAC50,4992,7.745,8.159371
Kinases,pAC50,4993,7.854,8.016948
Kinases,pAC50,4994,8.097,8.156064
Kinases,pAC50,4995,7.745,8.197099
Kinases,pAC50,4996,7.824,7.9862394
Kinases,pAC50,4997,7.77,8.225183
Kinases,pAC50,4998,7.959,8.034151
Kinases,pAC50,4999,6.836,6.256559
Kinases,pAC50,5000,6.674,6.427703
Kinases,pAC50,5001,6.623,7.0172997
Kinases,pAC50,5002,8.161,8.093393
Kinases,pAC50,5003,8.377,8.515176
Kinases,pAC50,5004,8.886,8.5318365
Kinases,pAC50,5005,9.046,9.109708
Kinases,pAC50,5006,8.444,8.839695
Kinases,pAC50,5007,8.292,8.335662
Kinases,pAC50,5008,4.654,5.9343114
Kinases,pAC50,5009,4.517,5.877639
Kinases,pAC50,5010,6.201,4.8986998
Kinases,pAC50,5011,7.959,7.5182667
Kinases,pAC50,5012,7.013,7.1047406
Kinases,pAC50,5013,7.347,7.2739825
Kinases,pAC50,5014,5.438,5.7450404
Kinases,pAC50,5015,7.602,7.5717344
Kinases,pAC50,5016,8.244,7.912117
Kinases,pAC50,5017,8.004,7.548581
Kinases,pAC50,5018,8.237,8.024149
Kinases,pAC50,5019,7.939,7.7710195
Kinases,pAC50,5020,8.409,7.988797
Kinases,pAC50,5021,8.108,8.286079
Kinases,pAC50,5022,7.848,8.379636
Kinases,pAC50,5023,7.81,7.8151865
Kinases,pAC50,5024,7.979,7.72803
Kinases,pAC50,5025,7.854,7.517371
Kinases,pAC50,5026,8.092,7.7368755
Kinases,pAC50,5027,6.363,7.05124
Kinases,pAC50,5028,7.202,7.1826735
Kinases,pAC50,5029,8.009,7.822706
Kinases,pAC50,5030,7.827,7.44331
Kinases,pAC50,5031,8.337,7.9878054
Kinases,pAC50,5032,8.108,8.237124
Kinases,pAC50,5033,8.31,8.375514
Kinases,pAC50,5034,8.301,8.215911
Kinases,pAC50,5035,7.896,7.97422
Kinases,pAC50,5036,7.991,8.188778
Kinases,pAC50,5037,7.827,8.028325
Kinases,pAC50,5038,7.936,8.322631
Kinases,pAC50,5039,8.394,9.181043
Kinases,pAC50,5040,8.465,8.359808
Kinases,pAC50,5041,8.602,8.705602
Kinases,pAC50,5042,8.156,8.982284
Kinases,pAC50,5043,6.213,6.573793
Kinases,pAC50,5044,7.056,7.4229293
Kinases,pAC50,5045,4.346,5.57156
Kinases,pAC50,5046,3.702,4.942518
Kinases,pAC50,5047,8.492,8.432303
Kinases,pAC50,5048,9.249,9.210694
Kinases,pAC50,5049,9.23,9.275529
Kinases,pAC50,5050,8.873,9.149904
Kinases,pAC50,5051,7.951,7.401805
Kinases,pAC50,5052,8.398,9.196149
Kinases,pAC50,5053,8.367,8.595988
Kinases,pAC50,5054,8.229,8.381178
Kinases,pAC50,5055,5.886,5.6812015
Kinases,pAC50,5056,9.398,8.737543
Kinases,pAC50,5057,8.721,8.617134
Kinases,pAC50,5058,9.523,9.012883
Kinases,pAC50,5059,8.638,8.941803
Kinases,pAC50,5060,9.886,9.387003
Kinases,pAC50,5061,9.886,9.624417
Kinases,pAC50,5062,9.097,8.881095
Kinases,pAC50,5063,9.319,9.426511
Kinases,pAC50,5064,9.301,8.58608
Kinases,pAC50,5065,9.444,8.644637
Kinases,pAC50,5066,9.027,8.562264
Kinases,pAC50,5067,9.276,9.1041765
Kinases,pAC50,5068,9.699,8.046771
Kinases,pAC50,5069,9.699,7.919508
Kinases,pAC50,5070,7.113,8.433003
Kinases,pAC50,5071,8.577,8.263294
Kinases,pAC50,5072,8.883,8.370267
Kinases,pAC50,5073,7.198,8.577609
Kinases,pAC50,5074,7.629,7.664676
Kinases,pAC50,5075,6.785,6.4973965
Kinases,pAC50,5076,8.943,8.581069
Kinases,pAC50,5077,8.097,7.867259
Kinases,pAC50,5078,8.399,7.6245623
Kinases,pAC50,5079,7.48,7.6000896
Kinases,pAC50,5080,7.896,8.500519
Kinases,pAC50,5081,7.469,7.78559
Kinases,pAC50,5082,6.345,7.377835
Kinases,pAC50,5083,8.126,7.8402386
Kinases,pAC50,5084,8.111,8.207092
Kinases,pAC50,5085,6.539,7.2081137
Kinases,pAC50,5086,5.186,7.802636
Kinases,pAC50,5087,5.921,8.476456
Kinases,pAC50,5088,9.398,8.770977
Kinases,pAC50,5089,7.963,7.2129736
Kinases,pAC50,5090,7.263,7.359394
Kinases,pAC50,5091,7.611,6.7972107
Kinases,pAC50,5092,6.113,6.690268
Kinases,pAC50,5093,5.824,5.5938396
Kinases,pAC50,5094,6.69,5.102476
Kinases,pAC50,5095,6.424,5.8076205
Kinases,pAC50,5096,6.122,5.365926
Kinases,pAC50,5097,5.955,6.1272798
Kinases,pAC50,5098,6.159,5.7775908
Kinases,pAC50,5099,6.34,6.2999816
Kinases,pAC50,5100,5.824,6.052722
Kinases,pAC50,5101,5.883,6.02373
Kinases,pAC50,5102,5.03,5.453535
Kinases,pAC50,5103,4.931,5.2112684
Kinases,pAC50,5104,5.783,5.6621013
Kinases,pAC50,5105,5.147,5.631666
Kinases,pAC50,5106,6.201,5.968604
Kinases,pAC50,5107,6.409,6.182704
Kinases,pAC50,5108,5.959,6.102604
Kinases,pAC50,5109,5.495,6.1956244
Kinases,pAC50,5110,5.886,5.928807
Kinases,pAC50,5111,7.824,7.041957
Kinases,pAC50,5112,7.097,6.383906
Kinases,pAC50,5113,5.658,6.1495113
Kinases,pAC50,5114,5.076,6.2676544
Kinases,pAC50,5115,7.26,6.759265
Kinases,pAC50,5116,6.26,6.449803
Kinases,pAC50,5117,6.26,6.8893294
Kinases,pAC50,5118,6.26,6.972225
Kinases,pAC50,5119,6.26,6.8843164
Kinases,pAC50,5120,6.26,6.731476
Kinases,pAC50,5121,7.26,7.1002803
Kinases,pAC50,5122,7.26,6.910791
Kinases,pAC50,5123,7.26,6.8577094
Kinases,pAC50,5124,7.26,7.4330397
Kinases,pAC50,5125,7.26,6.6151137
Kinases,pAC50,5126,7.26,6.928277
Kinases,pAC50,5127,6.26,6.4590855
Kinases,pAC50,5128,7.26,7.5564632
Kinases,pAC50,5129,6.26,6.821238
Kinases,pAC50,5130,6.26,6.9505696
Kinases,pAC50,5131,7.26,7.4720535
Kinases,pAC50,5132,7.26,6.713984
Kinases,pAC50,5133,7.26,7.051984
Kinases,pAC50,5134,7.26,7.247943
Kinases,pAC50,5135,6.26,7.105049
Kinases,pAC50,5136,6.26,7.342039
Kinases,pAC50,5137,7.26,6.767638
Kinases,pAC50,5138,7.26,7.4949045
Kinases,pAC50,5139,7.26,7.5109916
Kinases,pAC50,5140,7.26,7.269658
Kinases,pAC50,5141,5.409,6.4502306
Kinases,pAC50,5142,5.921,5.708856
Kinases,pAC50,5143,5.538,6.15588
Kinases,pAC50,5144,6.071,6.240483
Kinases,pAC50,5145,5.796,6.0192657
Kinases,pAC50,5146,6.553,6.457998
Kinases,pAC50,5147,6.0,5.5187464
Kinases,pAC50,5148,7.18,6.864771
Kinases,pAC50,5149,8.469,8.310376
Kinases,pAC50,5150,6.767,7.5001073
Kinases,pAC50,5151,8.569,8.397296
Kinases,pAC50,5152,8.824,9.276372
Kinases,pAC50,5153,6.053,6.2764244
Kinases,pAC50,5154,6.188,7.0118065
Kinases,pAC50,5155,6.983,7.0287657
Kinases,pAC50,5156,7.602,8.202157
Kinases,pAC50,5157,9.036,9.201373
Kinases,pAC50,5158,9.125,9.449368
Kinases,pAC50,5159,7.063,7.9894485
Kinases,pAC50,5160,8.631,8.364955
Kinases,pAC50,5161,7.951,8.087502
Kinases,pAC50,5162,9.349,8.659361
Kinases,pAC50,5163,8.893,9.049127
Kinases,pAC50,5164,9.326,8.704188
Kinases,pAC50,5165,8.138,8.285274
Kinases,pAC50,5166,8.638,8.753764
Kinases,pAC50,5167,9.609,9.334586
Kinases,pAC50,5168,9.174,9.357345
Kinases,pAC50,5169,8.569,8.499583
Kinases,pAC50,5170,9.025,8.349951
Kinases,pAC50,5171,9.213,8.940425
Kinases,pAC50,5172,8.388,8.004505
Kinases,pAC50,5173,8.452,8.193404
Kinases,pAC50,5174,8.289,8.049806
Kinases,pAC50,5175,8.14,8.295545
Kinases,pAC50,5176,8.235,7.441896
Kinases,pAC50,5177,8.192,8.695566
Kinases,pAC50,5178,8.854,9.219243
Kinases,pAC50,5179,9.102,9.252761
Kinases,pAC50,5180,9.064,9.194074
Kinases,pAC50,5181,8.726,9.018353
Kinases,pAC50,5182,8.903,9.002334
Kinases,pAC50,5183,9.044,9.3927145
Kinases,pAC50,5184,6.499,6.8938904
Kinases,pAC50,5185,7.638,7.4785676
Kinases,pAC50,5186,6.441,6.233863
Kinases,pAC50,5187,6.903,7.062751
Kinases,pAC50,5188,5.264,6.446849
Kinases,pAC50,5189,6.267,6.4391975
Kinases,pAC50,5190,6.287,7.370639
Kinases,pAC50,5191,7.041,7.5996
Kinases,pAC50,5192,7.921,6.918773
Kinases,pAC50,5193,7.409,7.2844253
Kinases,pAC50,5194,7.347,7.0929556
Kinases,pAC50,5195,7.42,7.353253
Kinases,pAC50,5196,3.903,4.222642
Kinases,pAC50,5197,3.903,4.5468698
Kinases,pAC50,5198,4.437,5.2471437
Kinases,pAC50,5199,5.9,6.318371
Kinases,pAC50,5200,6.45,5.7725854
Kinases,pAC50,5201,6.499,5.9280787
Kinases,pAC50,5202,6.345,5.769189
Kinases,pAC50,5203,4.899,5.465734
Kinases,pAC50,5204,4.817,5.835043
Kinases,pAC50,5205,8.796,7.7716336
Kinases,pAC50,5206,7.757,7.971313
Kinases,pAC50,5207,8.319,7.9941015
Kinases,pAC50,5208,5.523,5.8262253
Kinases,pAC50,5209,6.26,6.2244406
Kinases,pAC50,5210,6.26,6.3755856
Kinases,pAC50,5211,5.523,6.688531
Kinases,pAC50,5212,5.523,6.1546392
Kinases,pAC50,5213,6.26,6.4562864
Kinases,pAC50,5214,7.26,7.471306
Kinases,pAC50,5215,7.26,7.939892
Kinases,pAC50,5216,5.81,6.8634562
Kinases,pAC50,5217,7.26,8.075164
Kinases,pAC50,5218,7.26,6.7177525
Kinases,pAC50,5219,7.721,6.561309
Kinases,pAC50,5220,7.31,6.49495
Kinases,pAC50,5221,6.523,6.6272497
Kinases,pAC50,5222,5.319,5.9351273
Kinases,pAC50,5223,6.523,5.9892693
Kinases,pAC50,5224,3.943,4.8426666
Kinases,pAC50,5225,5.194,5.2488317
Kinases,pAC50,5226,4.319,4.8169565
Kinases,pAC50,5227,8.276,7.9696026
Kinases,pAC50,5228,9.046,8.53333
Kinases,pAC50,5229,5.845,6.7130814
Kinases,pAC50,5230,6.759,7.900877
Kinases,pAC50,5231,8.109,7.2795753
Kinases,pAC50,5232,5.956,7.9426117
Kinases,pAC50,5233,6.136,7.822405
Kinases,pAC50,5234,8.358,8.098828
Kinases,pAC50,5235,7.18,8.23091
Kinases,pAC50,5236,7.638,8.088955
Kinases,pAC50,5237,7.602,7.2564955
Kinases,pAC50,5238,8.642,7.879288
Kinases,pAC50,5239,6.055,6.6418242
Kinases,pAC50,5240,6.726,6.450453
Kinases,pAC50,5241,7.638,7.76497
Kinases,pAC50,5242,9.0,8.633023
Kinases,pAC50,5243,6.616,6.9080954
Kinases,pAC50,5244,7.31,7.2844768
Kinases,pAC50,5245,6.955,7.133286
Kinases,pAC50,5246,7.699,8.585097
Kinases,pAC50,5247,7.638,7.204418
Kinases,pAC50,5248,8.097,7.47877
Kinases,pAC50,5249,3.051,2.890878
Kinases,pAC50,5250,3.281,5.701989
Kinases,pAC50,5251,7.075,7.696986
Kinases,pAC50,5252,6.801,7.1021023
Kinases,pAC50,5253,6.585,5.467362
Kinases,pAC50,5254,6.759,6.5785365
Kinases,pAC50,5255,7.767,6.706169
Kinases,pAC50,5256,7.431,7.1018095
Kinases,pAC50,5257,6.69,7.827459
Kinases,pAC50,5258,6.996,7.4544907
Kinases,pAC50,5259,5.328,6.8569465
Kinases,pAC50,5260,7.155,7.088667
Kinases,pAC50,5261,8.745,8.070842
Kinases,pAC50,5262,8.638,8.241434
Kinases,pAC50,5263,8.456,8.791974
Kinases,pAC50,5264,7.187,7.4672394
Kinases,pAC50,5265,7.745,7.674507
Kinases,pAC50,5266,7.678,7.1851306
Kinases,pAC50,5267,7.553,6.7919855
Kinases,pAC50,5268,7.585,7.0357676
Kinases,pAC50,5269,6.959,7.6682143
Kinases,pAC50,5270,7.569,7.1300206
Kinases,pAC50,5271,6.886,6.618227
Kinases,pAC50,5272,7.328,7.4096937
Kinases,pAC50,5273,6.886,8.22475
Kinases,pAC50,5274,6.854,7.1754947
Kinases,pAC50,5275,8.097,7.07549
Kinases,pAC50,5276,6.959,7.4088955
Kinases,pAC50,5277,6.668,6.8609023
Kinases,pAC50,5278,7.328,7.6278634
Kinases,pAC50,5279,7.187,7.275883
Kinases,pAC50,5280,7.824,7.7806067
Kinases,pAC50,5281,7.143,7.5903635
Kinases,pAC50,5282,7.036,7.194997
Kinases,pAC50,5283,7.62,7.640109
Kinases,pAC50,5284,7.387,7.107385
Kinases,pAC50,5285,6.824,7.0917397
Kinases,pAC50,5286,6.921,7.699688
Kinases,pAC50,5287,5.939,7.88524
Kinases,pAC50,5288,8.301,7.842662
Kinases,pAC50,5289,8.301,7.902583
Kinases,pAC50,5290,7.26,7.17259
Kinases,pAC50,5291,7.26,6.6798935
Kinases,pAC50,5292,5.939,6.5655613
Kinases,pAC50,5293,7.26,6.7421303
Kinases,pAC50,5294,5.939,7.6642647
Kinases,pAC50,5295,5.939,7.052207
Kinases,pAC50,5296,7.26,7.2256846
Kinases,pAC50,5297,7.26,7.56178
Kinases,pAC50,5298,7.26,7.8209133
Kinases,pAC50,5299,8.301,7.9748015
Kinases,pAC50,5300,7.26,6.3907375
Kinases,pAC50,5301,5.939,6.764967
Kinases,pAC50,5302,8.301,6.9160595
Kinases,pAC50,5303,8.301,7.2338314
Kinases,pAC50,5304,5.939,7.456396
Kinases,pAC50,5305,5.939,7.607804
Kinases,pAC50,5306,7.26,7.3383646
Kinases,pAC50,5307,5.939,6.700613
Kinases,pAC50,5308,5.097,4.888896
Kinases,pAC50,5309,5.097,5.1222744
Kinases,pAC50,5310,5.097,4.9886265
Kinases,pAC50,5311,5.097,4.9102383
Kinases,pAC50,5312,5.097,5.3217545
Kinases,pAC50,5313,7.9,7.6528807
Kinases,pAC50,5314,6.172,7.5250697
Kinases,pAC50,5315,6.738,6.5071325
Kinases,pAC50,5316,8.562,7.555813
Kinases,pAC50,5317,6.48,6.6720552
Kinases,pAC50,5318,8.257,7.8616953
Kinases,pAC50,5319,7.304,7.6265626
Kinases,pAC50,5320,6.5,7.082405
Kinases,pAC50,5321,6.045,6.441358
Kinases,pAC50,5322,6.176,6.258875
Kinases,pAC50,5323,6.556,7.84139
Kinases,pAC50,5324,5.426,5.2739983
Kinases,pAC50,5325,7.0,5.8259516
Kinases,pAC50,5326,6.963,7.5977826
Kinases,pAC50,5327,5.523,5.935416
Kinases,pAC50,5328,5.523,6.4244413
Kinases,pAC50,5329,6.26,6.584059
Kinases,pAC50,5330,6.26,6.6001554
Kinases,pAC50,5331,6.26,6.0884333
Kinases,pAC50,5332,5.26,5.7035456
Kinases,pAC50,5333,5.26,6.464801
Kinases,pAC50,5334,6.26,5.745636
Kinases,pAC50,5335,6.26,6.0203743
Kinases,pAC50,5336,5.26,5.4981775
Kinases,pAC50,5337,7.26,6.2416925
Kinases,pAC50,5338,7.26,6.266298
Kinases,pAC50,5339,7.26,6.6762395
Kinases,pAC50,5340,5.26,6.1799803
Kinases,pAC50,5341,6.26,7.098598
Kinases,pAC50,5342,5.26,5.4832516
Kinases,pAC50,5343,5.26,6.0168457
Kinases,pAC50,5344,5.26,6.1562834
Kinases,pAC50,5345,7.26,6.963312
Kinases,pAC50,5346,6.26,6.829663
Kinases,pAC50,5347,7.26,7.13938
Kinases,pAC50,5348,7.26,6.667877
Kinases,pAC50,5349,4.186,5.222848
Kinases,pAC50,5350,4.761,4.5729213
Kinases,pAC50,5351,6.113,5.588646
Kinases,pAC50,5352,5.469,4.891876
Kinases,pAC50,5353,5.149,5.380803
Kinases,pAC50,5354,6.602,6.0517983
Kinases,pAC50,5355,6.337,5.547776
Kinases,pAC50,5356,8.509,8.515228
Kinases,pAC50,5357,8.237,8.508224
Kinases,pAC50,5358,8.097,8.222402
Kinases,pAC50,5359,8.377,8.126587
Kinases,pAC50,5360,8.538,8.620982
Kinases,pAC50,5361,6.824,6.5327883
Kinases,pAC50,5362,6.824,6.75993
Kinases,pAC50,5363,6.824,6.3431673
Kinases,pAC50,5364,6.204,7.053359
Kinases,pAC50,5365,6.824,6.1908884
Kinases,pAC50,5366,6.824,7.2487907
Kinases,pAC50,5367,6.824,6.433367
Kinases,pAC50,5368,6.824,7.100956
Kinases,pAC50,5369,5.678,5.61904
Kinases,pAC50,5370,5.212,6.5782948
Kinases,pAC50,5371,5.01,6.131607
Kinases,pAC50,5372,5.387,6.0471783
Kinases,pAC50,5373,5.357,5.2948146
Kinases,pAC50,5374,7.0,6.1451263
Kinases,pAC50,5375,7.721,8.629592
Kinases,pAC50,5376,8.77,7.4208326
Kinases,pAC50,5377,5.688,5.546321
Kinases,pAC50,5378,6.435,6.34175
Kinases,pAC50,5379,6.072,6.2195263
Kinases,pAC50,5380,5.943,6.6073637
Kinases,pAC50,5381,6.955,6.4084606
Kinases,pAC50,5382,5.529,4.5981483
Kinases,pAC50,5383,5.551,5.811693
Kinases,pAC50,5384,6.417,7.354537
Kinases,pAC50,5385,5.603,5.650064
Kinases,pAC50,5386,7.602,7.676914
Kinases,pAC50,5387,8.066,8.605357
Kinases,pAC50,5388,6.6,7.5999227
Kinases,pAC50,5389,9.161,8.507068
Kinases,pAC50,5390,7.991,7.977043
Kinases,pAC50,5391,9.409,8.757417
Kinases,pAC50,5392,6.084,5.4221573
Kinases,pAC50,5393,5.264,5.624098
Kinases,pAC50,5394,5.037,5.724024
Kinases,pAC50,5395,7.26,6.6784554
Kinases,pAC50,5396,5.26,6.4069605
Kinases,pAC50,5397,5.26,6.793577
Kinases,pAC50,5398,7.26,6.8867307
Kinases,pAC50,5399,5.26,6.490464
Kinases,pAC50,5400,6.125,5.359033
Kinases,pAC50,5401,7.3,6.955598
Kinases,pAC50,5402,7.801,7.2008896
Kinases,pAC50,5403,6.959,7.7122583
Kinases,pAC50,5404,7.35,7.789606
Kinases,pAC50,5405,7.821,7.5868826
Kinases,pAC50,5406,7.31,7.744931
Kinases,pAC50,5407,6.678,6.594881
Kinases,pAC50,5408,5.282,5.6528544
Kinases,pAC50,5409,5.301,5.782902
Kinases,pAC50,5410,5.523,5.699406
Kinases,pAC50,5411,5.523,5.7884016
Kinases,pAC50,5412,5.523,5.635762
Kinases,pAC50,5413,5.523,5.424637
Kinases,pAC50,5414,5.301,4.905044
Kinases,pAC50,5415,5.301,5.370238
Kinases,pAC50,5416,5.523,6.3551617
Kinases,pAC50,5417,5.523,6.4516077
Kinases,pAC50,5418,6.903,7.3047304
Kinases,pAC50,5419,7.159,6.4253283
Kinases,pAC50,5420,7.089,6.4935336
Kinases,pAC50,5421,6.951,6.627747
Kinases,pAC50,5422,6.2,6.631892
Kinases,pAC50,5423,7.314,7.105587
Kinases,pAC50,5424,5.967,5.6759367
Kinases,pAC50,5425,7.788,8.795506
Kinases,pAC50,5426,8.268,8.451072
Kinases,pAC50,5427,7.876,8.640653
Kinases,pAC50,5428,7.987,7.92187
Kinases,pAC50,5429,8.328,8.71235
Kinases,pAC50,5430,7.991,8.473836
Kinases,pAC50,5431,8.319,8.389812
Kinases,pAC50,5432,8.481,8.539607
Kinases,pAC50,5433,9.222,9.149821
Kinases,pAC50,5434,8.406,8.349581
Kinases,pAC50,5435,8.939,8.850537
Kinases,pAC50,5436,7.807,8.49818
Kinases,pAC50,5437,7.42,7.912074
Kinases,pAC50,5438,8.509,7.5141726
Kinases,pAC50,5439,5.523,6.629634
Kinases,pAC50,5440,5.365,5.471337
Kinases,pAC50,5441,5.0,4.8249674
Kinases,pAC50,5442,6.695,5.3241105
Kinases,pAC50,5443,6.529,5.675193
Kinases,pAC50,5444,6.26,6.2068553
Kinases,pAC50,5445,7.42,6.577915
Kinases,pAC50,5446,6.26,6.352246
Kinases,pAC50,5447,6.315,6.460318
Kinases,pAC50,5448,6.465,6.299767
Kinases,pAC50,5449,6.614,6.454052
Kinases,pAC50,5450,5.876,6.614891
Kinases,pAC50,5451,6.979,6.530835
Kinases,pAC50,5452,5.951,6.7512712
Kinases,pAC50,5453,6.28,7.168672
Kinases,pAC50,5454,8.444,8.48151
Kinases,pAC50,5455,5.892,6.561638
Kinases,pAC50,5456,6.313,6.0937786
Kinases,pAC50,5457,7.167,7.216153
Kinases,pAC50,5458,5.09,6.2587357
Kinases,pAC50,5459,5.05,5.877578
Kinases,pAC50,5460,5.552,5.405964
Kinases,pAC50,5461,7.268,7.4774494
Kinases,pAC50,5462,8.081,7.5065646
Kinases,pAC50,5463,7.921,8.275997
Kinases,pAC50,5464,8.959,8.77505
Kinases,pAC50,5465,9.102,8.976134
Kinases,pAC50,5466,9.0,9.306436
Kinases,pAC50,5467,8.959,9.535115
Kinases,pAC50,5468,7.721,8.115062
Kinases,pAC50,5469,5.921,7.7706532
Kinases,pAC50,5470,7.959,8.2641325
Kinases,pAC50,5471,9.658,10.000634
Kinases,pAC50,5472,8.886,8.827401
Kinases,pAC50,5473,7.77,8.301247
Kinases,pAC50,5474,7.886,7.8289757
Kinases,pAC50,5475,7.854,8.542104
Kinases,pAC50,5476,10.161,9.152656
Kinases,pAC50,5477,6.585,7.9611588
Kinases,pAC50,5478,8.886,9.034412
Kinases,pAC50,5479,7.62,8.1636915
Kinases,pAC50,5480,9.167,8.167381
Kinases,pAC50,5481,8.201,7.9540854
Kinases,pAC50,5482,9.538,9.071237
Kinases,pAC50,5483,8.155,8.668206
Kinases,pAC50,5484,9.167,8.842889
Kinases,pAC50,5485,8.432,9.027684
Kinases,pAC50,5486,8.553,8.935292
Kinases,pAC50,5487,9.0,8.943961
Kinases,pAC50,5488,8.921,9.072379
Kinases,pAC50,5489,2.886,3.0187624
Kinases,pAC50,5490,2.301,3.5968406
Kinases,pAC50,5491,3.699,3.1090767
Kinases,pAC50,5492,2.824,1.8737035
Kinases,pAC50,5493,2.31,2.8388817
Kinases,pAC50,5494,2.347,2.8696468
Kinases,pAC50,5495,2.071,2.3017902
Kinases,pAC50,5496,2.699,2.461262
Kinases,pAC50,5497,2.119,2.094959
Kinases,pAC50,5498,2.092,2.4669125
Kinases,pAC50,5499,2.745,2.4533927
Kinases,pAC50,5500,3.032,2.7798197
Kinases,pAC50,5501,7.252,7.409964
Kinases,pAC50,5502,7.319,7.1797457
Kinases,pAC50,5503,7.092,7.0920877
Kinases,pAC50,5504,7.62,7.1660995
Kinases,pAC50,5505,5.645,5.8918333
Kinases,pAC50,5506,8.42,8.239425
Kinases,pAC50,5507,9.244,8.908299
Kinases,pAC50,5508,7.495,7.9845066
Kinases,pAC50,5509,8.357,8.322137
Kinases,pAC50,5510,9.056,9.523552
Kinases,pAC50,5511,8.222,7.8829536
Kinases,pAC50,5512,10.699,8.896808
Kinases,pAC50,5513,10.638,8.998192
Kinases,pAC50,5514,8.81,8.396607
Kinases,pAC50,5515,9.18,8.625709
Kinases,pAC50,5516,10.444,8.68838
Kinases,pAC50,5517,9.333,9.570135
Kinases,pAC50,5518,10.102,9.740212
Kinases,pAC50,5519,8.53,8.968406
Kinases,pAC50,5520,9.955,9.096717
Kinases,pAC50,5521,8.046,8.539475
Kinases,pAC50,5522,8.558,9.143638
Kinases,pAC50,5523,9.775,9.620156
Kinases,pAC50,5524,8.585,8.719529
Kinases,pAC50,5525,8.0,7.007437
Kinases,pAC50,5526,5.447,6.0728655
Kinases,pAC50,5527,7.602,6.3363843
Kinases,pAC50,5528,7.886,8.169126
Kinases,pAC50,5529,6.125,6.2584434
Kinases,pAC50,5530,6.523,6.5810714
Kinases,pAC50,5531,6.125,6.823584
Kinases,pAC50,5532,6.523,6.533909
Kinases,pAC50,5533,6.523,6.8768396
Kinases,pAC50,5534,6.125,7.6057067
Kinases,pAC50,5535,6.523,6.5334864
Kinases,pAC50,5536,6.229,5.5455265
Kinases,pAC50,5537,5.469,5.6421785
Kinases,pAC50,5538,6.0,6.798435
Kinases,pAC50,5539,5.398,5.635886
Kinases,pAC50,5540,5.638,6.167876
Kinases,pAC50,5541,5.854,5.853506
Kinases,pAC50,5542,6.377,5.688836
Kinases,pAC50,5543,7.301,6.529049
Kinases,pAC50,5544,5.26,6.3334217
Kinases,pAC50,5545,6.26,6.4225063
Kinases,pAC50,5546,8.886,7.55235
Kinases,pAC50,5547,4.309,4.9334645
Kinases,pAC50,5548,6.526,5.267606
Kinases,pAC50,5549,8.013,7.5462894
Kinases,pAC50,5550,6.538,6.1109505
Kinases,pAC50,5551,7.42,7.109957
Kinases,pAC50,5552,5.854,7.824696
Kinases,pAC50,5553,8.495,7.36496
Kinases,pAC50,5554,7.959,7.9168897
Kinases,pAC50,5555,8.244,8.060168
Kinases,pAC50,5556,6.229,7.4060073
Kinases,pAC50,5557,9.108,8.428989
Kinases,pAC50,5558,8.509,7.429862
Kinases,pAC50,5559,6.62,7.3084264
Kinases,pAC50,5560,8.796,8.4731
Kinases,pAC50,5561,8.77,8.860393
Kinases,pAC50,5562,8.796,8.009156
Kinases,pAC50,5563,7.824,8.310916
Kinases,pAC50,5564,8.018,7.3994837
Kinases,pAC50,5565,6.623,6.5974474
Kinases,pAC50,5566,6.178,6.6702523
Kinases,pAC50,5567,5.785,6.8798676
Kinases,pAC50,5568,5.149,5.7550774
Kinases,pAC50,5569,7.419,6.811711
Kinases,pAC50,5570,6.307,6.878587
Kinases,pAC50,5571,5.353,7.865288
Kinases,pAC50,5572,7.089,7.5542283
Kinases,pAC50,5573,7.207,7.5009317
Kinases,pAC50,5574,7.975,7.657384
Kinases,pAC50,5575,5.967,6.535573
Kinases,pAC50,5576,7.775,7.4111557
Kinases,pAC50,5577,5.2,6.5140333
Kinases,pAC50,5578,6.754,6.432005
Kinases,pAC50,5579,5.203,5.8439884
Kinases,pAC50,5580,5.063,5.1572194
Kinases,pAC50,5581,8.434,7.636205
Kinases,pAC50,5582,7.488,7.756794
Kinases,pAC50,5583,7.291,6.600526
Kinases,pAC50,5584,6.493,6.8192463
Kinases,pAC50,5585,7.907,6.943741
Kinases,pAC50,5586,7.129,6.4628377
Kinases,pAC50,5587,8.206,8.481484
Kinases,pAC50,5588,8.74,8.305835
Kinases,pAC50,5589,9.469,8.011574
Kinases,pAC50,5590,9.071,8.893531
Kinases,pAC50,5591,7.382,8.550517
Kinases,pAC50,5592,6.86,6.919822
Kinases,pAC50,5593,7.9,7.2992635
Kinases,pAC50,5594,7.487,8.99412
Kinases,pAC50,5595,6.577,6.8963475
Kinases,pAC50,5596,5.757,6.754126
Kinases,pAC50,5597,6.055,7.480361
Kinases,pAC50,5598,7.048,7.63326
Kinases,pAC50,5599,5.827,7.093898
Kinases,pAC50,5600,5.658,6.2796645
Kinases,pAC50,5601,7.824,8.135978
Kinases,pAC50,5602,4.593,5.2748528
Kinases,pAC50,5603,4.593,5.336415
Kinases,pAC50,5604,6.26,5.788956
Kinases,pAC50,5605,4.593,5.39721
Kinases,pAC50,5606,6.26,6.402866
Kinases,pAC50,5607,6.26,5.7120357
Kinases,pAC50,5608,6.26,6.6258593
Kinases,pAC50,5609,6.26,5.5434103
Kinases,pAC50,5610,5.31,5.4727516
Kinases,pAC50,5611,5.971,5.9695435
Kinases,pAC50,5612,5.417,5.5237503
Kinases,pAC50,5613,6.105,6.1643205
Kinases,pAC50,5614,6.037,5.9377666
Kinases,pAC50,5615,5.083,5.5820446
Kinases,pAC50,5616,6.005,6.111229
Kinases,pAC50,5617,5.97,6.038865
Kinases,pAC50,5618,6.326,6.2137203
Kinases,pAC50,5619,5.972,5.8288846
Kinases,pAC50,5620,5.706,5.849842
Kinases,pAC50,5621,5.573,5.616395
Kinases,pAC50,5622,5.807,5.4895296
Kinases,pAC50,5623,5.77,5.6104584
Kinases,pAC50,5624,5.642,5.5573645
Kinases,pAC50,5625,10.523,8.728596
Kinases,pAC50,5626,8.545,7.9784236
Kinases,pAC50,5627,6.57,5.624408
Kinases,pAC50,5628,7.721,8.129348
Kinases,pAC50,5629,8.26,8.495488
Kinases,pAC50,5630,8.26,7.842975
Kinases,pAC50,5631,6.26,7.0811043
Kinases,pAC50,5632,9.409,7.04501
Kinases,pAC50,5633,8.208,6.744213
Kinases,pAC50,5634,4.796,7.5859985
Kinases,pAC50,5635,6.495,6.8692436
Kinases,pAC50,5636,5.004,7.2212768
Kinases,pAC50,5637,6.19,5.6304665
Kinases,pAC50,5638,6.26,6.048195
Kinases,pAC50,5639,6.26,5.4374294
Kinases,pAC50,5640,6.26,5.516651
Kinases,pAC50,5641,6.26,5.7401876
Kinases,pAC50,5642,6.26,6.7255354
Kinases,pAC50,5643,5.979,5.9956717
Kinases,pAC50,5644,5.979,6.24595
Kinases,pAC50,5645,6.26,7.373984
Kinases,pAC50,5646,6.26,5.858149
Kinases,pAC50,5647,6.26,5.9360056
Kinases,pAC50,5648,8.26,7.269803
Kinases,pAC50,5649,7.26,7.2013435
Kinases,pAC50,5650,7.26,7.9441705
Kinases,pAC50,5651,7.26,7.4897733
Kinases,pAC50,5652,7.26,8.187873
Kinases,pAC50,5653,8.26,8.31969
Kinases,pAC50,5654,8.26,8.276986
Kinases,pAC50,5655,6.26,6.3575478
Kinases,pAC50,5656,6.26,6.365322
Kinases,pAC50,5657,6.26,5.523378
Kinases,pAC50,5658,5.26,5.779356
Kinases,pAC50,5659,6.26,5.9245186
Kinases,pAC50,5660,6.26,6.3035755
Kinases,pAC50,5661,6.26,6.1720066
Kinases,pAC50,5662,6.26,6.2061863
Kinases,pAC50,5663,5.253,5.144548
Kinases,pAC50,5664,6.082,6.4882336
Kinases,pAC50,5665,6.648,7.3831186
Kinases,pAC50,5666,5.823,5.688204
Kinases,pAC50,5667,6.562,6.1980233
Kinases,pAC50,5668,6.833,7.4111853
Kinases,pAC50,5669,5.032,5.3950624
Kinases,pAC50,5670,5.912,5.3035603
Kinases,pAC50,5671,6.26,6.393042
Kinases,pAC50,5672,6.26,7.047286
Kinases,pAC50,5673,4.94,5.8901515
Kinases,pAC50,5674,6.26,7.0096025
Kinases,pAC50,5675,5.957,5.7760067
Kinases,pAC50,5676,5.555,5.5434875
Kinases,pAC50,5677,7.77,7.9711876
Kinases,pAC50,5678,5.728,7.3499846
Kinases,pAC50,5679,9.26,7.4752235
Kinases,pAC50,5680,6.28,7.8968477
Kinases,pAC50,5681,6.26,5.689421
Kinases,pAC50,5682,6.26,5.9608703
Kinases,pAC50,5683,6.26,6.1569557
Kinases,pAC50,5684,5.26,5.5508714
Kinases,pAC50,5685,5.26,5.374384
Kinases,pAC50,5686,6.565,7.9439445
Kinases,pAC50,5687,7.481,7.642618
Kinases,pAC50,5688,7.699,7.487652
Kinases,pAC50,5689,7.523,7.8166885
Kinases,pAC50,5690,8.523,6.3625383
Kinases,pAC50,5691,6.991,6.5232463
Kinases,pAC50,5692,6.917,7.899472
Kinases,pAC50,5693,7.886,8.046603
Kinases,pAC50,5694,7.569,7.4357834
Kinases,pAC50,5695,6.569,7.416581
Kinases,pAC50,5696,7.42,7.249874
Kinases,pAC50,5697,7.357,7.0890083
Kinases,pAC50,5698,8.201,7.5968957
Kinases,pAC50,5699,7.495,7.5022273
Kinases,pAC50,5700,6.745,7.539751
Kinases,pAC50,5701,6.301,7.5320396
Kinases,pAC50,5702,7.131,7.5023055
Kinases,pAC50,5703,6.208,6.9243016
Kinases,pAC50,5704,6.921,6.090253
Kinases,pAC50,5705,6.886,7.074947
Kinases,pAC50,5706,6.31,6.407914
Kinases,pAC50,5707,7.319,7.37335
Kinases,pAC50,5708,7.108,8.072288
Kinases,pAC50,5709,7.638,7.6994557
Kinases,pAC50,5710,7.222,8.473189
Kinases,pAC50,5711,8.187,7.812364
Kinases,pAC50,5712,8.071,8.108195
Kinases,pAC50,5713,8.509,8.328227
Kinases,pAC50,5714,5.921,6.1721964
Kinases,pAC50,5715,6.745,6.7916174
Kinases,pAC50,5716,6.854,7.977916
Kinases,pAC50,5717,7.959,8.335808
Kinases,pAC50,5718,7.538,8.206292
Kinases,pAC50,5719,6.638,7.3802295
Kinases,pAC50,5720,5.523,6.5040703
Kinases,pAC50,5721,8.538,7.748486
Kinases,pAC50,5722,7.658,8.564354
Kinases,pAC50,5723,8.357,8.37152
Kinases,pAC50,5724,6.658,8.492495
Kinases,pAC50,5725,7.959,7.6540604
Kinases,pAC50,5726,6.886,8.392732
Kinases,pAC50,5727,8.444,8.958598
Kinases,pAC50,5728,7.62,7.385475
Kinases,pAC50,5729,7.046,8.681518
Kinases,pAC50,5730,6.721,8.067343
Kinases,pAC50,5731,6.824,7.76443
Kinases,pAC50,5732,7.222,7.9650135
Kinases,pAC50,5733,7.854,7.4414015
Kinases,pAC50,5734,7.796,7.3276615
Kinases,pAC50,5735,8.553,7.7935987
Kinases,pAC50,5736,8.77,8.952951
Kinases,pAC50,5737,8.337,7.4164486
Kinases,pAC50,5738,8.222,7.683031
Kinases,pAC50,5739,7.824,8.033187
Kinases,pAC50,5740,8.367,7.7273483
Kinases,pAC50,5741,7.959,8.036268
Kinases,pAC50,5742,8.77,9.204207
Kinases,pAC50,5743,8.523,9.182035
Kinases,pAC50,5744,8.036,8.277049
Kinases,pAC50,5745,8.585,8.293805
Kinases,pAC50,5746,8.0,7.8246684
Kinases,pAC50,5747,8.62,8.531853
Kinases,pAC50,5748,8.046,7.781623
Kinases,pAC50,5749,8.174,8.034602
Kinases,pAC50,5750,6.959,8.01027
Kinases,pAC50,5751,8.194,8.168746
Kinases,pAC50,5752,6.824,7.673069
Kinases,pAC50,5753,7.678,7.531133
Kinases,pAC50,5754,7.432,7.737704
Kinases,pAC50,5755,8.538,7.9327054
Kinases,pAC50,5756,7.208,7.726346
Kinases,pAC50,5757,8.569,8.406663
Kinases,pAC50,5758,7.886,8.226964
Kinases,pAC50,5759,8.456,8.353298
Kinases,pAC50,5760,8.721,8.642022
Kinases,pAC50,5761,8.585,8.717355
Kinases,pAC50,5762,8.013,8.181214
Kinases,pAC50,5763,7.155,8.603686
Kinases,pAC50,5764,7.921,8.893088
Kinases,pAC50,5765,7.0,7.671386
Kinases,pAC50,5766,8.409,8.358836
Kinases,pAC50,5767,7.268,7.4083133
Kinases,pAC50,5768,8.886,8.89846
Kinases,pAC50,5769,7.244,7.9531803
Kinases,pAC50,5770,8.284,8.235215
Kinases,pAC50,5771,8.638,8.75773
Kinases,pAC50,5772,8.469,8.285425
Kinases,pAC50,5773,6.921,7.0771437
Kinases,pAC50,5774,8.328,8.446578
Kinases,pAC50,5775,8.569,8.262711
Kinases,pAC50,5776,6.959,8.417549
Kinases,pAC50,5777,8.678,8.767761
Kinases,pAC50,5778,8.523,7.8993382
Kinases,pAC50,5779,8.268,8.708225
Kinases,pAC50,5780,8.523,8.649306
Kinases,pAC50,5781,8.824,8.412151
Kinases,pAC50,5782,8.602,8.195971
Kinases,pAC50,5783,8.62,8.8560705
Kinases,pAC50,5784,7.149,8.687551
Kinases,pAC50,5785,7.164,7.794005
Kinases,pAC50,5786,6.0,6.6760173
Kinases,pAC50,5787,9.229,8.679498
Kinases,pAC50,5788,9.222,9.104337
Kinases,pAC50,5789,9.229,8.351018
Kinases,pAC50,5790,9.229,9.425949
Kinases,pAC50,5791,9.229,9.06813
Kinases,pAC50,5792,8.478,8.549602
Kinases,pAC50,5793,9.076,8.569737
Kinases,pAC50,5794,8.307,8.539861
Kinases,pAC50,5795,8.607,8.7348585
Kinases,pAC50,5796,8.227,8.853028
Kinases,pAC50,5797,8.947,8.788154
Kinases,pAC50,5798,8.582,8.819396
Kinases,pAC50,5799,8.903,9.02168
Kinases,pAC50,5800,8.83,9.129533
Kinases,pAC50,5801,8.747,8.789502
Kinases,pAC50,5802,8.738,8.976384
Kinases,pAC50,5803,8.646,8.834798
Kinases,pAC50,5804,8.456,8.737569
Kinases,pAC50,5805,8.9,9.020194
Kinases,pAC50,5806,9.039,8.665091
Kinases,pAC50,5807,8.712,8.434148
Kinases,pAC50,5808,9.18,9.379218
Kinases,pAC50,5809,6.824,6.939631
Kinases,pAC50,5810,9.42,8.968572
Kinases,pAC50,5811,9.564,10.612885
Kinases,pAC50,5812,6.014,6.177445
Kinases,pAC50,5813,6.395,6.015743
Kinases,pAC50,5814,6.26,6.473465
Kinases,pAC50,5815,7.796,8.173562
Kinases,pAC50,5816,7.276,7.844593
Kinases,pAC50,5817,8.357,7.6289396
Kinases,pAC50,5818,9.398,8.742457
Kinases,pAC50,5819,8.745,8.409293
Kinases,pAC50,5820,8.538,8.266503
Kinases,pAC50,5821,8.699,8.417603
Kinases,pAC50,5822,7.301,8.440686
Kinases,pAC50,5823,8.398,8.8195
Kinases,pAC50,5824,7.495,7.9203334
Kinases,pAC50,5825,7.561,6.9485946
Kinases,pAC50,5826,5.949,6.446379
Kinases,pAC50,5827,7.561,6.9150257
Kinases,pAC50,5828,5.949,6.5850925
Kinases,pAC50,5829,6.824,6.3952074
Kinases,pAC50,5830,7.561,7.2147484
Kinases,pAC50,5831,7.561,7.550767
Kinases,pAC50,5832,6.824,6.6868925
Kinases,pAC50,5833,7.561,7.370658
Kinases,pAC50,5834,7.561,7.208194
Kinases,pAC50,5835,6.824,6.843685
Kinases,pAC50,5836,7.009,6.8955417
Kinases,pAC50,5837,6.26,6.044174
Kinases,pAC50,5838,6.26,6.355325
Kinases,pAC50,5839,6.26,6.4302397
Kinases,pAC50,5840,7.42,6.8209977
Kinases,pAC50,5841,7.886,7.1184273
Kinases,pAC50,5842,9.319,7.814596
Kinases,pAC50,5843,9.036,7.796518
Kinases,pAC50,5844,8.824,8.705034
Kinases,pAC50,5845,9.0,8.378388
Kinases,pAC50,5846,7.77,7.330391
Kinases,pAC50,5847,8.699,7.9175634
Kinases,pAC50,5848,8.658,8.048732
Kinases,pAC50,5849,8.398,8.104024
Kinases,pAC50,5850,7.658,7.625678
Kinases,pAC50,5851,9.284,7.7853045
Kinases,pAC50,5852,4.056,4.6613674
Kinases,pAC50,5853,5.903,6.9166822
Kinases,pAC50,5854,7.529,7.4848046
Kinases,pAC50,5855,8.134,7.591018
Kinases,pAC50,5856,7.507,7.712075
Kinases,pAC50,5857,6.836,6.8694687
Kinases,pAC50,5858,7.041,6.5744405
Kinases,pAC50,5859,6.532,6.763033
Kinases,pAC50,5860,7.658,7.408771
Kinases,pAC50,5861,6.959,7.5268946
Kinases,pAC50,5862,8.175,7.77729
Kinases,pAC50,5863,7.495,8.785811
Kinases,pAC50,5864,6.28,8.259139
Kinases,pAC50,5865,5.704,5.8636923
Kinases,pAC50,5866,5.129,5.442523
Kinases,pAC50,5867,6.668,7.107686
Kinases,pAC50,5868,8.06,7.84685
Kinases,pAC50,5869,8.292,7.6912236
Kinases,pAC50,5870,6.26,7.058283
Kinases,pAC50,5871,4.297,4.2711816
Kinases,pAC50,5872,4.297,4.7581472
Kinases,pAC50,5873,8.553,8.734486
Kinases,pAC50,5874,8.921,8.444738
Kinases,pAC50,5875,9.42,9.280298
Kinases,pAC50,5876,9.046,8.637416
Kinases,pAC50,5877,9.292,9.1123495
Kinases,pAC50,5878,9.097,8.812773
Kinases,pAC50,5879,8.125,8.301124
Kinases,pAC50,5880,8.631,8.59998
Kinases,pAC50,5881,7.824,6.8783484
Kinases,pAC50,5882,6.152,6.683873
Kinases,pAC50,5883,6.928,7.4038615
Kinases,pAC50,5884,7.523,6.957061
Kinases,pAC50,5885,7.796,7.1517925
Kinases,pAC50,5886,6.854,6.5951734
Kinases,pAC50,5887,6.854,7.312621
Kinases,pAC50,5888,7.796,7.46343
Kinases,pAC50,5889,7.796,7.859699
Kinases,pAC50,5890,7.796,7.7222614
Kinases,pAC50,5891,7.796,8.2594385
Kinases,pAC50,5892,7.796,8.09956
Kinases,pAC50,5893,7.796,7.4446335
Kinases,pAC50,5894,7.796,7.718355
Kinases,pAC50,5895,7.796,7.545506
Kinases,pAC50,5896,6.854,7.7396216
Kinases,pAC50,5897,5.789,5.858728
Kinases,pAC50,5898,5.789,6.7580824
Kinases,pAC50,5899,5.789,6.4580994
Kinases,pAC50,5900,7.959,8.267169
Kinases,pAC50,5901,7.538,8.003832
Kinases,pAC50,5902,8.097,8.463353
Kinases,pAC50,5903,8.046,8.204223
Kinases,pAC50,5904,8.155,8.30498
Kinases,pAC50,5905,7.699,8.116311
Kinases,pAC50,5906,7.854,7.503883
Kinases,pAC50,5907,8.301,8.471996
Kinases,pAC50,5908,8.523,8.601953
Kinases,pAC50,5909,8.009,7.837981
Kinases,pAC50,5910,7.26,7.0204196
Kinases,pAC50,5911,8.26,7.716744
Kinases,pAC50,5912,7.26,7.6053944
Kinases,pAC50,5913,8.26,7.698488
Kinases,pAC50,5914,8.26,8.138119
Kinases,pAC50,5915,7.26,7.530289
Kinases,pAC50,5916,8.26,8.284064
Kinases,pAC50,5917,6.975,6.4465365
Kinases,pAC50,5918,5.514,5.3623924
Kinases,pAC50,5919,6.288,6.014798
Kinases,pAC50,5920,7.284,6.851857
Kinases,pAC50,5921,5.684,5.5082564
Kinases,pAC50,5922,8.387,7.160037
Kinases,pAC50,5923,5.959,6.8219557
Kinases,pAC50,5924,7.284,6.4967003
Kinases,pAC50,5925,7.456,6.761574
Kinases,pAC50,5926,5.825,6.267323
Kinases,pAC50,5927,6.735,6.8864093
Kinases,pAC50,5928,4.821,5.3348055
Kinases,pAC50,5929,9.0,8.489741
Kinases,pAC50,5930,8.553,7.7840495
Kinases,pAC50,5931,7.328,7.227084
Kinases,pAC50,5932,5.576,6.656472
Kinases,pAC50,5933,5.63,6.8240867
Kinases,pAC50,5934,6.503,6.246697
Kinases,pAC50,5935,9.481,9.453409
Kinases,pAC50,5936,9.292,9.606014
Kinases,pAC50,5937,9.201,9.5709915
Kinases,pAC50,5938,9.432,9.498726
Kinases,pAC50,5939,9.229,9.67636
Kinases,pAC50,5940,9.31,9.744016
Kinases,pAC50,5941,9.387,9.488827
Kinases,pAC50,5942,9.509,9.513639
Kinases,pAC50,5943,9.337,9.403718
Kinases,pAC50,5944,9.42,9.233197
Kinases,pAC50,5945,9.347,9.240039
Kinases,pAC50,5946,9.337,9.025547
Kinases,pAC50,5947,9.42,9.282176
Kinases,pAC50,5948,9.268,9.373178
Kinases,pAC50,5949,9.553,9.133153
Kinases,pAC50,5950,8.108,8.181139
Kinases,pAC50,5951,7.886,8.009437
Kinases,pAC50,5952,8.244,8.190045
Kinases,pAC50,5953,6.164,6.0261083
Kinases,pAC50,5954,6.06,6.3787413
Kinases,pAC50,5955,5.866,5.6941795
Kinases,pAC50,5956,5.223,4.5915465
Kinases,pAC50,5957,5.928,4.960863
Kinases,pAC50,5958,5.536,5.328767
Kinases,pAC50,5959,5.592,5.4569335
Kinases,pAC50,5960,5.347,4.9538918
Kinases,pAC50,5961,6.223,5.333709
Kinases,pAC50,5962,4.745,5.095381
Kinases,pAC50,5963,9.0,9.162344
Kinases,pAC50,5964,8.886,9.291939
Kinases,pAC50,5965,8.959,9.51736
Kinases,pAC50,5966,8.886,9.482839
Kinases,pAC50,5967,8.921,8.815844
Kinases,pAC50,5968,6.561,6.891775
Kinases,pAC50,5969,6.561,6.562029
Kinases,pAC50,5970,7.627,7.2045684
Kinases,pAC50,5971,6.9,6.935833
Kinases,pAC50,5972,5.854,6.6760616
Kinases,pAC50,5973,5.658,6.8980703
Kinases,pAC50,5974,5.921,6.102686
Kinases,pAC50,5975,5.481,5.889163
Kinases,pAC50,5976,6.602,5.29713
Kinases,pAC50,5977,9.569,7.05822
Kinases,pAC50,5978,7.796,7.2755957
Kinases,pAC50,5979,7.426,7.77067
Kinases,pAC50,5980,7.757,7.7235518
Kinases,pAC50,5981,7.757,7.348127
Kinases,pAC50,5982,7.125,7.387021
Kinases,pAC50,5983,6.886,8.3357525
Kinases,pAC50,5984,8.301,7.9984818
Kinases,pAC50,5985,7.268,8.365657
Kinases,pAC50,5986,4.851,6.5738096
Kinases,pAC50,5987,5.77,4.5640135
Kinases,pAC50,5988,5.337,5.5626287
Kinases,pAC50,5989,6.018,5.349654
Kinases,pAC50,5990,6.42,6.3022704
Kinases,pAC50,5991,6.495,6.098944
Kinases,pAC50,5992,5.26,5.698175
Kinases,pAC50,5993,5.26,5.394638
Kinases,pAC50,5994,5.26,5.0343137
Kinases,pAC50,5995,5.26,6.0593452
Kinases,pAC50,5996,6.699,6.4326687
Kinases,pAC50,5997,8.155,8.555444
Kinases,pAC50,5998,8.699,8.571448
Kinases,pAC50,5999,7.553,8.19402
Kinases,pAC50,6000,7.921,8.601973
Kinases,pAC50,6001,7.469,8.108812
Kinases,pAC50,6002,7.959,8.0265045
Kinases,pAC50,6003,8.699,8.338246
Kinases,pAC50,6004,7.824,8.095401
Kinases,pAC50,6005,8.699,8.216491
Kinases,pAC50,6006,7.921,8.164212
Kinases,pAC50,6007,8.155,8.351001
Kinases,pAC50,6008,7.174,7.6478977
Kinases,pAC50,6009,8.155,8.610868
Kinases,pAC50,6010,7.387,7.5713873
Kinases,pAC50,6011,8.301,7.597662
Kinases,pAC50,6012,8.046,7.9761324
Kinases,pAC50,6013,7.921,7.361027
Kinases,pAC50,6014,7.854,7.940798
Kinases,pAC50,6015,7.456,7.5871544
Kinases,pAC50,6016,8.046,8.372821
Kinases,pAC50,6017,8.097,9.043826
Kinases,pAC50,6018,8.097,8.160833
Kinases,pAC50,6019,8.097,8.273103
Kinases,pAC50,6020,8.301,8.586525
Kinases,pAC50,6021,5.4,8.465385
Kinases,pAC50,6022,7.432,7.620292
Kinases,pAC50,6023,6.74,7.1010103
Kinases,pAC50,6024,7.854,7.6831665
Kinases,pAC50,6025,8.699,8.493734
Kinases,pAC50,6026,7.222,7.93211
Kinases,pAC50,6027,7.824,8.098805
Kinases,pAC50,6028,7.796,8.356
Kinases,pAC50,6029,8.301,8.183713
Kinases,pAC50,6030,7.367,8.125184
Kinases,pAC50,6031,9.0,8.889755
Kinases,pAC50,6032,9.0,8.631402
Kinases,pAC50,6033,8.046,8.004516
Kinases,pAC50,6034,8.301,7.929948
Kinases,pAC50,6035,9.0,8.201625
Kinases,pAC50,6036,6.325,8.099964
Kinases,pAC50,6037,8.699,8.865191
Kinases,pAC50,6038,8.699,8.322653
Kinases,pAC50,6039,8.222,8.888821
Kinases,pAC50,6040,9.0,9.158517
Kinases,pAC50,6041,8.699,8.791813
Kinases,pAC50,6042,8.222,8.198856
Kinases,pAC50,6043,8.398,8.331551
Kinases,pAC50,6044,8.523,8.622472
Kinases,pAC50,6045,8.699,8.285705
Kinases,pAC50,6046,8.222,8.08082
Kinases,pAC50,6047,8.699,8.253331
Kinases,pAC50,6048,9.0,9.235364
Kinases,pAC50,6049,8.097,7.8831677
Kinases,pAC50,6050,7.886,7.8633847
Kinases,pAC50,6051,7.678,7.971452
Kinases,pAC50,6052,7.481,8.431033
Kinases,pAC50,6053,7.959,8.544261
Kinases,pAC50,6054,8.301,8.3151865
Kinases,pAC50,6055,8.699,8.739442
Kinases,pAC50,6056,8.523,8.642243
Kinases,pAC50,6057,8.301,8.03272
Kinases,pAC50,6058,8.699,8.819615
Kinases,pAC50,6059,8.699,8.697086
Kinases,pAC50,6060,8.523,8.983647
Kinases,pAC50,6061,7.824,7.816333
Kinases,pAC50,6062,8.523,8.982413
Kinases,pAC50,6063,8.155,8.578681
Kinases,pAC50,6064,8.523,8.769904
Kinases,pAC50,6065,7.509,8.051242
Kinases,pAC50,6066,8.398,8.774116
Kinases,pAC50,6067,8.523,8.52635
Kinases,pAC50,6068,8.699,8.737088
Kinases,pAC50,6069,8.523,8.792516
Kinases,pAC50,6070,8.699,8.782906
Kinases,pAC50,6071,9.0,8.86263
Kinases,pAC50,6072,8.046,8.317122
Kinases,pAC50,6073,9.0,9.070763
Kinases,pAC50,6074,7.886,8.287532
Kinases,pAC50,6075,8.398,8.540669
Kinases,pAC50,6076,7.77,7.8534336
Kinases,pAC50,6077,7.469,7.8115697
Kinases,pAC50,6078,8.398,8.21388
Kinases,pAC50,6079,7.697,7.3541183
Kinases,pAC50,6080,8.215,7.621907
Kinases,pAC50,6081,6.967,6.92191
Kinases,pAC50,6082,6.719,6.547136
Kinases,pAC50,6083,7.102,6.3209352
Kinases,pAC50,6084,6.481,6.648155
Kinases,pAC50,6085,7.231,7.363499
Kinases,pAC50,6086,7.738,6.44219
Kinases,pAC50,6087,8.796,8.686643
Kinases,pAC50,6088,3.699,3.5375128
Kinases,pAC50,6089,4.26,3.883729
Kinases,pAC50,6090,5.775,6.5007586
Kinases,pAC50,6091,7.084,7.0607104
Kinases,pAC50,6092,9.076,8.336914
Kinases,pAC50,6093,7.893,8.623893
Kinases,pAC50,6094,8.839,8.784494
Kinases,pAC50,6095,8.836,8.862725
Kinases,pAC50,6096,6.485,5.95357
Kinases,pAC50,6097,7.602,7.447012
Kinases,pAC50,6098,7.125,7.3444366
Kinases,pAC50,6099,3.796,3.7045019
Kinases,pAC50,6100,5.499,7.0241284
Kinases,pAC50,6101,5.748,5.838515
Kinases,pAC50,6102,5.888,5.1913285
Kinases,pAC50,6103,5.007,5.9053364
Kinases,pAC50,6104,5.764,5.414508
Kinases,pAC50,6105,5.223,5.4395857
Kinases,pAC50,6106,7.638,6.047076
Kinases,pAC50,6107,5.69,5.583333
Kinases,pAC50,6108,5.94,6.077114
Kinases,pAC50,6109,6.228,5.912486
Kinases,pAC50,6110,5.022,4.9389586
Kinases,pAC50,6111,4.836,6.198663
Kinases,pAC50,6112,7.502,6.5456653
Kinases,pAC50,6113,5.928,6.7777324
Kinases,pAC50,6114,6.959,6.7710733
Kinases,pAC50,6115,4.89,6.0786905
Kinases,pAC50,6116,5.573,6.081289
Kinases,pAC50,6117,6.81,7.843772
Kinases,pAC50,6118,5.105,6.3624077
Kinases,pAC50,6119,6.342,4.9944587
Kinases,pAC50,6120,5.679,5.581792
Kinases,pAC50,6121,6.099,6.413659
Kinases,pAC50,6122,7.959,7.818993
Kinases,pAC50,6123,6.523,7.920388
Kinases,pAC50,6124,9.301,7.594475
Kinases,pAC50,6125,8.553,8.7439375
Kinases,pAC50,6126,8.638,8.716838
Kinases,pAC50,6127,7.194,8.242519
Kinases,pAC50,6128,8.523,8.850966
Kinases,pAC50,6129,8.161,8.361596
Kinases,pAC50,6130,8.854,8.981914
Kinases,pAC50,6131,7.62,8.769515
Kinases,pAC50,6132,8.77,9.168546
Kinases,pAC50,6133,7.959,7.993657
Kinases,pAC50,6134,7.469,8.164588
Kinases,pAC50,6135,7.444,7.9142213
Kinases,pAC50,6136,7.284,8.210395
Kinases,pAC50,6137,7.26,7.592537
Kinases,pAC50,6138,7.097,7.9026165
Kinases,pAC50,6139,7.06,7.352087
Kinases,pAC50,6140,6.979,7.117319
Kinases,pAC50,6141,6.058,6.3099556
Kinases,pAC50,6142,6.051,6.2969403
Kinases,pAC50,6143,8.0,7.7935095
Kinases,pAC50,6144,7.42,7.507989
Kinases,pAC50,6145,6.064,6.1208296
Kinases,pAC50,6146,6.963,7.086694
Kinases,pAC50,6147,6.222,6.495867
Kinases,pAC50,6148,6.9,6.7876163
Kinases,pAC50,6149,6.058,6.134147
Kinases,pAC50,6150,8.222,7.238989
Kinases,pAC50,6151,7.745,7.583148
Kinases,pAC50,6152,7.164,7.925272
Kinases,pAC50,6153,7.143,7.1079345
Kinases,pAC50,6154,8.301,7.907179
Kinases,pAC50,6155,6.095,6.682252
Kinases,pAC50,6156,7.796,7.346315
Kinases,pAC50,6157,8.79,8.691759
Kinases,pAC50,6158,9.337,8.94874
Kinases,pAC50,6159,9.244,8.768325
Kinases,pAC50,6160,9.51,9.378259
Kinases,pAC50,6161,9.68,8.704067
Kinases,pAC50,6162,8.222,7.8973527
Kinases,pAC50,6163,7.638,7.808936
Kinases,pAC50,6164,8.0,7.5025697
Kinases,pAC50,6165,7.854,7.611191
Kinases,pAC50,6166,7.319,7.5127974
Kinases,pAC50,6167,7.921,7.8493547
Kinases,pAC50,6168,7.184,7.029243
Kinases,pAC50,6169,4.678,4.0859094
Kinases,pAC50,6170,4.523,4.3680744
Kinases,pAC50,6171,5.149,4.7924137
Kinases,pAC50,6172,4.599,4.8375716
Kinases,pAC50,6173,8.229,8.541274
Kinases,pAC50,6174,7.796,7.165263
Kinases,pAC50,6175,5.585,5.904501
Kinases,pAC50,6176,6.553,6.3803005
Kinases,pAC50,6177,6.495,5.94716
Kinases,pAC50,6178,8.658,8.237499
Kinases,pAC50,6179,8.585,8.079253
Kinases,pAC50,6180,8.62,8.2357855
Kinases,pAC50,6181,6.105,6.71237
Kinases,pAC50,6182,5.18,5.1172695
Kinases,pAC50,6183,5.114,4.713603
Kinases,pAC50,6184,6.009,6.139666
Kinases,pAC50,6185,6.077,5.823117
Kinases,pAC50,6186,6.337,6.201806
Kinases,pAC50,6187,5.648,6.2445173
Kinases,pAC50,6188,6.346,6.1070833
Kinases,pAC50,6189,5.217,5.5320888
Kinases,pAC50,6190,5.523,5.242864
Kinases,pAC50,6191,5.946,5.2384214
Kinases,pAC50,6192,5.518,5.11804
Kinases,pAC50,6193,5.281,5.293574
Kinases,pAC50,6194,5.531,5.6866937
Kinases,pAC50,6195,6.0,5.8509264
Kinases,pAC50,6196,7.215,7.1934004
Kinases,pAC50,6197,7.638,6.7569227
Kinases,pAC50,6198,8.578,8.752851
Kinases,pAC50,6199,6.214,6.261557
Kinases,pAC50,6200,6.289,6.262706
Kinases,pAC50,6201,6.695,6.931673
Kinases,pAC50,6202,6.742,6.799272
Kinases,pAC50,6203,7.174,7.8246875
Kinases,pAC50,6204,7.553,7.4352293
Kinases,pAC50,6205,8.398,7.989002
Kinases,pAC50,6206,7.292,6.6444025
Kinases,pAC50,6207,5.727,6.208183
Kinases,pAC50,6208,8.222,7.329708
Kinases,pAC50,6209,7.114,7.4750195
Kinases,pAC50,6210,7.86,7.308419
Kinases,pAC50,6211,8.31,7.789706
Kinases,pAC50,6212,7.004,7.3049664
Kinases,pAC50,6213,6.903,6.797625
Kinases,pAC50,6214,6.676,6.893771
Kinases,pAC50,6215,7.041,7.3473897
Kinases,pAC50,6216,6.569,7.386731
Kinases,pAC50,6217,6.65,7.581037
Kinases,pAC50,6218,5.824,6.300723
Kinases,pAC50,6219,6.706,7.2093606
Kinases,pAC50,6220,7.004,7.464418
Kinases,pAC50,6221,6.507,7.5105934
Kinases,pAC50,6222,6.592,7.896677
Kinases,pAC50,6223,6.539,6.228893
Kinases,pAC50,6224,8.222,7.786977
Kinases,pAC50,6225,8.301,8.01019
Kinases,pAC50,6226,4.187,4.4250264
Kinases,pAC50,6227,5.26,5.1684647
Kinases,pAC50,6228,5.26,5.44977
Kinases,pAC50,6229,6.26,4.9021206
Kinases,pAC50,6230,5.26,5.525602
Kinases,pAC50,6231,5.26,5.1668916
Kinases,pAC50,6232,6.26,5.690346
Kinases,pAC50,6233,6.26,7.1782346
Kinases,pAC50,6234,7.26,7.3982825
Kinases,pAC50,6235,7.26,7.474372
Kinases,pAC50,6236,6.26,6.982045
Kinases,pAC50,6237,7.26,7.3230114
Kinases,pAC50,6238,8.509,7.7808366
Kinases,pAC50,6239,7.056,7.386261
Kinases,pAC50,6240,7.187,7.4427266
Kinases,pAC50,6241,8.523,8.019473
Kinases,pAC50,6242,6.561,6.4762583
Kinases,pAC50,6243,6.561,7.4073715
Kinases,pAC50,6244,5.523,5.7827506
Kinases,pAC50,6245,5.523,5.514471
Kinases,pAC50,6246,4.793,5.986414
Kinases,pAC50,6247,6.437,6.417865
Kinases,pAC50,6248,6.514,5.4485807
Kinases,pAC50,6249,5.836,5.6491184
Kinases,pAC50,6250,9.028,6.3079348
Kinases,pAC50,6251,6.561,6.4924374
Kinases,pAC50,6252,5.561,6.2132816
Kinases,pAC50,6253,8.347,8.2473955
Kinases,pAC50,6254,7.26,6.35301
Kinases,pAC50,6255,7.125,7.5362306
Kinases,pAC50,6256,6.513,6.5371037
Kinases,pAC50,6257,6.479,6.6517076
Kinases,pAC50,6258,7.699,7.186779
Kinases,pAC50,6259,7.097,7.163785
Kinases,pAC50,6260,5.961,6.5631456
Kinases,pAC50,6261,8.31,7.409323
Kinases,pAC50,6262,6.58,6.8275995
Kinases,pAC50,6263,5.542,6.9260216
Kinases,pAC50,6264,7.796,6.710187
Kinases,pAC50,6265,6.127,6.729949
Kinases,pAC50,6266,9.398,8.528446
Kinases,pAC50,6267,7.854,8.774228
Kinases,pAC50,6268,8.569,8.74965
Kinases,pAC50,6269,9.0,8.749651
Kinases,pAC50,6270,8.523,8.592895
Kinases,pAC50,6271,8.523,8.355525
Kinases,pAC50,6272,6.979,6.9572473
Kinases,pAC50,6273,6.279,5.793455
Kinases,pAC50,6274,5.579,5.078637
Kinases,pAC50,6275,5.479,6.2331595
Kinases,pAC50,6276,5.379,5.2470737
Kinases,pAC50,6277,4.729,5.572461
Kinases,pAC50,6278,4.729,5.2845807
Kinases,pAC50,6279,4.629,5.179816
Kinases,pAC50,6280,7.279,6.814561
Kinases,pAC50,6281,8.347,6.9964314
Kinases,pAC50,6282,6.996,7.20673
Kinases,pAC50,6283,6.738,6.8145304
Kinases,pAC50,6284,6.889,6.6774826
Kinases,pAC50,6285,7.959,7.53862
Kinases,pAC50,6286,6.5,7.575473
Kinases,pAC50,6287,8.187,7.2780027
Kinases,pAC50,6288,7.78,7.246892
Kinases,pAC50,6289,7.369,7.5814753
Kinases,pAC50,6290,7.674,7.718862
Kinases,pAC50,6291,8.553,7.47248
Kinases,pAC50,6292,8.409,7.8531814
Kinases,pAC50,6293,7.244,7.5236797
Kinases,pAC50,6294,8.208,8.06136
Kinases,pAC50,6295,7.374,8.167971
Kinases,pAC50,6296,7.336,7.147958
Kinases,pAC50,6297,8.276,7.4863634
Kinases,pAC50,6298,9.398,9.18058
Kinases,pAC50,6299,9.523,8.816232
Kinases,pAC50,6300,5.495,8.227037
Kinases,pAC50,6301,9.699,9.370645
Kinases,pAC50,6302,9.097,8.970936
Kinases,pAC50,6303,8.469,7.51169
Kinases,pAC50,6304,8.796,8.367603
Kinases,pAC50,6305,5.343,6.1356153
Kinases,pAC50,6306,7.955,8.199177
Kinases,pAC50,6307,5.695,5.9568915
Kinases,pAC50,6308,7.264,6.7339997
Kinases,pAC50,6309,1.367,5.129075
Kinases,pAC50,6310,6.79,5.631688
Kinases,pAC50,6311,7.05,6.51175
Kinases,pAC50,6312,6.058,5.1783276
Kinases,pAC50,6313,7.066,6.5816746
Kinases,pAC50,6314,6.62,6.5895185
Kinases,pAC50,6315,6.208,6.0907207
Kinases,pAC50,6316,6.161,6.1293335
Kinases,pAC50,6317,5.782,6.1924
Kinases,pAC50,6318,5.163,6.382069
Kinases,pAC50,6319,9.149,7.7514696
Kinases,pAC50,6320,9.155,7.8748417
Kinases,pAC50,6321,8.602,8.367917
Kinases,pAC50,6322,6.799,7.8182926
Kinases,pAC50,6323,7.886,8.097671
Kinases,pAC50,6324,8.481,8.4469385
Kinases,pAC50,6325,7.857,8.430285
Kinases,pAC50,6326,7.133,7.6095505
Kinases,pAC50,6327,5.854,5.7104135
Kinases,pAC50,6328,6.752,5.8105564
Kinases,pAC50,6329,7.347,6.4807463
Kinases,pAC50,6330,6.785,6.171342
Kinases,pAC50,6331,5.814,6.406312
Kinases,pAC50,6332,6.465,6.6422396
Kinases,pAC50,6333,5.557,5.8151593
Kinases,pAC50,6334,5.997,6.3529253
Kinases,pAC50,6335,5.77,6.296768
Kinases,pAC50,6336,5.557,5.6818495
Kinases,pAC50,6337,6.194,5.9145164
Kinases,pAC50,6338,6.228,6.399687
Kinases,pAC50,6339,6.167,6.450483
Kinases,pAC50,6340,6.129,5.964117
Kinases,pAC50,6341,6.408,6.0472283
Kinases,pAC50,6342,6.408,5.8140593
Kinases,pAC50,6343,6.951,6.181754
Kinases,pAC50,6344,4.301,5.180311
Kinases,pAC50,6345,6.585,6.448389
Kinases,pAC50,6346,6.275,6.236601
Kinases,pAC50,6347,6.172,6.427758
Kinases,pAC50,6348,5.996,6.0731034
Kinases,pAC50,6349,5.637,5.966084
Kinases,pAC50,6350,6.467,6.6379414
Kinases,pAC50,6351,6.495,6.119108
Kinases,pAC50,6352,7.125,7.2146454
Kinases,pAC50,6353,7.377,7.371789
Kinases,pAC50,6354,6.604,6.7788286
Kinases,pAC50,6355,6.854,7.587745
Kinases,pAC50,6356,9.523,9.61554
Kinases,pAC50,6357,9.699,9.416505
Kinases,pAC50,6358,9.699,9.594115
Kinases,pAC50,6359,9.699,9.337947
Kinases,pAC50,6360,9.523,8.722114
Kinases,pAC50,6361,6.114,5.8073444
Kinases,pAC50,6362,7.0,6.533204
Kinases,pAC50,6363,5.495,5.8766117
Kinases,pAC50,6364,6.387,6.1776266
Kinases,pAC50,6365,6.62,6.849308
Kinases,pAC50,6366,7.222,6.7693706
Kinases,pAC50,6367,5.76,4.1289988
Kinases,pAC50,6368,8.092,8.178681
Kinases,pAC50,6369,8.0,7.6589007
Kinases,pAC50,6370,8.319,7.618021
Kinases,pAC50,6371,7.155,6.1521454
Kinases,pAC50,6372,4.26,6.8199525
Kinases,pAC50,6373,4.921,5.713725
Kinases,pAC50,6374,5.243,4.7025037
Kinases,pAC50,6375,9.0,8.315427
Kinases,pAC50,6376,5.538,5.378642
Kinases,pAC50,6377,5.824,5.378642
Kinases,pAC50,6378,5.745,5.378642
Kinases,pAC50,6379,4.959,5.412545
Kinases,pAC50,6380,4.721,5.082658
Kinases,pAC50,6381,4.714,5.0009456
Kinases,pAC50,6382,6.523,7.2450223
Kinases,pAC50,6383,4.155,4.556991
Kinases,pAC50,6384,4.523,4.477891
Kinases,pAC50,6385,4.046,4.5935507
Kinases,pAC50,6386,5.398,5.144436
Kinases,pAC50,6387,7.237,5.9505835
Kinases,pAC50,6388,2.91,3.199974
Kinases,pAC50,6389,3.38,3.3484495
Kinases,pAC50,6390,3.38,3.1900084
Kinases,pAC50,6391,4.041,3.6899164
Kinases,pAC50,6392,3.38,3.6646285
Kinases,pAC50,6393,4.029,5.0234556
Kinases,pAC50,6394,4.255,4.5825744
Kinases,pAC50,6395,4.003,3.9679906
Kinases,pAC50,6396,8.0,7.439598
Kinases,pAC50,6397,5.811,5.8679647
Kinases,pAC50,6398,5.707,6.1187954
Kinases,pAC50,6399,4.997,5.1671243
Kinases,pAC50,6400,5.779,5.5137873
Kinases,pAC50,6401,5.555,5.5478115
Kinases,pAC50,6402,4.503,5.1952143
Kinases,pAC50,6403,5.143,5.755014
Kinases,pAC50,6404,5.114,6.2685814
Kinases,pAC50,6405,8.097,5.22279
Kinases,pAC50,6406,6.398,6.7853127
Kinases,pAC50,6407,4.678,4.679125
Kinases,pAC50,6408,7.377,7.634755
Kinases,pAC50,6409,7.149,7.3385754
Kinases,pAC50,6410,4.699,4.6723948
Kinases,pAC50,6411,5.886,6.5458403
Kinases,pAC50,6412,6.402,7.1345835
Kinases,pAC50,6413,8.137,8.596587
Kinases,pAC50,6414,5.721,6.1719627
Kinases,pAC50,6415,5.003,4.878303
Kinases,pAC50,6416,5.866,6.8343782
Kinases,pAC50,6417,2.693,3.805053
Kinases,pAC50,6418,3.788,3.6987102
Kinases,pAC50,6419,5.153,4.568084
Kinases,pAC50,6420,3.896,3.3844368
Kinases,pAC50,6421,3.733,4.0138288
Kinases,pAC50,6422,6.22,7.6263657
Kinases,pAC50,6423,6.237,6.4716864
Kinases,pAC50,6424,8.0,7.927035
Kinases,pAC50,6425,7.208,7.150408
Kinases,pAC50,6426,6.959,6.503976
Kinases,pAC50,6427,5.602,5.8031363
Kinases,pAC50,6428,5.0,5.777363
Kinases,pAC50,6429,6.076,5.9739304
Kinases,pAC50,6430,5.921,5.9947605
Kinases,pAC50,6431,5.268,6.028549
Kinases,pAC50,6432,5.0,6.454817
Kinases,pAC50,6433,6.161,5.896508
Kinases,pAC50,6434,6.036,6.0692368
Kinases,pAC50,6435,5.77,5.4555645
Kinases,pAC50,6436,5.102,5.8584375
Kinases,pAC50,6437,6.387,5.8680468
Kinases,pAC50,6438,6.456,7.4660215
Kinases,pAC50,6439,5.921,6.324709
Kinases,pAC50,6440,6.569,6.9025164
Kinases,pAC50,6441,5.523,6.2549067
Kinases,pAC50,6442,7.921,7.9324303
Kinases,pAC50,6443,7.097,7.525188
Kinases,pAC50,6444,7.585,8.053613
Kinases,pAC50,6445,7.377,7.111638
Kinases,pAC50,6446,8.097,8.335147
Kinases,pAC50,6447,8.0,7.525287
Kinases,pAC50,6448,5.886,6.089115
Kinases,pAC50,6449,5.638,6.209432
Kinases,pAC50,6450,5.666,6.606658
Kinases,pAC50,6451,8.367,7.5444236
Kinases,pAC50,6452,8.155,7.666359
Kinases,pAC50,6453,6.255,7.66636
Kinases,pAC50,6454,7.398,6.48305
Kinases,pAC50,6455,5.018,5.306628
Kinases,pAC50,6456,7.337,7.16442
Kinases,pAC50,6457,7.678,7.7027597
Kinases,pAC50,6458,7.796,7.7344723
Kinases,pAC50,6459,7.638,7.382243
Kinases,pAC50,6460,8.0,7.9041243
Kinases,pAC50,6461,7.523,7.852055
Kinases,pAC50,6462,5.42,4.999025
Kinases,pAC50,6463,4.187,5.9535003
Kinases,pAC50,6464,7.538,7.5388393
Kinases,pAC50,6465,7.509,7.4540453
Kinases,pAC50,6466,6.939,7.3459177
Kinases,pAC50,6467,7.77,7.1788077
Kinases,pAC50,6468,6.963,7.40802
Kinases,pAC50,6469,7.721,8.015561
Kinases,pAC50,6470,7.886,7.4681253
Kinases,pAC50,6471,7.959,8.322015
Kinases,pAC50,6472,4.456,6.107888
Kinases,pAC50,6473,6.125,5.5677004
Kinases,pAC50,6474,5.959,5.533046
Kinases,pAC50,6475,5.244,5.8223457
Kinases,pAC50,6476,5.854,5.782058
Kinases,pAC50,6477,8.097,6.418331
Kinases,pAC50,6478,7.097,7.0959034
Kinases,pAC50,6479,4.699,5.653112
Kinases,pAC50,6480,6.656,6.626333
Kinases,pAC50,6481,4.17,6.4544106
Kinases,pAC50,6482,7.62,7.2304425
Kinases,pAC50,6483,3.917,4.3432026
Kinases,pAC50,6484,6.638,6.5786247
Kinases,pAC50,6485,6.854,6.498333
Kinases,pAC50,6486,6.076,5.4285083
Kinases,pAC50,6487,9.523,8.201291
Kinases,pAC50,6488,7.076,6.0033407
Kinases,pAC50,6489,5.409,5.39625
Kinases,pAC50,6490,5.097,5.292836
Kinases,pAC50,6491,6.398,5.9280233
Kinases,pAC50,6492,7.0,6.933471
Kinases,pAC50,6493,3.845,4.5635223
Kinases,pAC50,6494,6.991,6.523875
Kinases,pAC50,6495,6.678,6.932718
Kinases,pAC50,6496,6.745,7.271901
Kinases,pAC50,6497,6.538,6.4625916
Kinases,pAC50,6498,7.081,6.507647
Kinases,pAC50,6499,7.292,6.2775345
Kinases,pAC50,6500,7.301,3.9694927
Kinases,pAC50,6501,5.144,5.5623894
Kinases,pAC50,6502,7.31,6.457847
Kinases,pAC50,6503,6.523,6.021371
Kinases,pAC50,6504,4.979,5.237013
Kinases,pAC50,6505,8.523,6.992441
Kinases,pAC50,6506,5.79,5.4760876
Kinases,pAC50,6507,6.215,5.545803
Kinases,pAC50,6508,6.284,5.690837
Kinases,pAC50,6509,7.137,5.7408323
Kinases,pAC50,6510,7.796,5.3550825
Kinases,pAC50,6511,4.285,4.797139
Kinases,pAC50,6512,4.815,4.392969
Kinases,pAC50,6513,8.432,8.336743
Kinases,pAC50,6514,7.959,7.6656866
Kinases,pAC50,6515,8.495,8.409591
Kinases,pAC50,6516,5.569,5.4089665
Kinases,pAC50,6517,4.77,4.49587
Kinases,pAC50,6518,4.469,4.1523166
Kinases,pAC50,6519,7.745,8.260683
Kinases,pAC50,6520,5.509,5.350567
Kinases,pAC50,6521,4.656,5.7345467
Kinases,pAC50,6522,5.233,5.801296
Kinases,pAC50,6523,4.218,5.566622
Kinases,pAC50,6524,7.119,7.334586
Kinases,pAC50,6525,5.301,5.6031275
Kinases,pAC50,6526,7.638,7.7777963
Kinases,pAC50,6527,5.06,4.8992777
Kinases,pAC50,6528,4.821,5.015052
Kinases,pAC50,6529,4.0,2.9350047
Kinases,pAC50,6530,2.804,3.3817925
Kinases,pAC50,6531,4.155,3.2622273
Kinases,pAC50,6532,5.223,5.523631
Kinases,pAC50,6533,5.0,5.135179
Kinases,pAC50,6534,4.6,4.401841
Kinases,pAC50,6535,4.6,4.9485197
Kinases,pAC50,6536,5.959,6.0694413
Kinases,pAC50,6537,4.523,5.4205327
Kinases,pAC50,6538,7.337,7.2633715
Kinases,pAC50,6539,7.62,7.083133
Kinases,pAC50,6540,4.854,5.3074546
Kinases,pAC50,6541,5.0,5.0464325
Kinases,pAC50,6542,5.893,6.1742244
Kinases,pAC50,6543,6.161,4.819134
Kinases,pAC50,6544,4.509,5.037565
Kinases,pAC50,6545,4.504,5.331523
Kinases,pAC50,6546,5.155,4.814253
Kinases,pAC50,6547,6.0,6.826197
Kinases,pAC50,6548,5.602,5.9418664
Kinases,pAC50,6549,5.398,5.6753616
Kinases,pAC50,6550,7.092,6.947937
Kinases,pAC50,6551,8.046,6.6902514
Kinases,pAC50,6552,8.602,8.536285
Kinases,pAC50,6553,7.62,6.7245216
Kinases,pAC50,6554,7.686,7.33228
Kinases,pAC50,6555,9.699,9.420716
Kinases,pAC50,6556,8.824,8.103416
Kinases,pAC50,6557,7.328,7.580476
Kinases,pAC50,6558,7.886,6.7774124
Kinases,pAC50,6559,4.505,5.3142896
Kinases,pAC50,6560,8.658,7.5184016
Kinases,pAC50,6561,4.0,4.290983
Kinases,pAC50,6562,6.458,6.866915
Kinases,pAC50,6563,6.866,7.1964817
Kinases,pAC50,6564,4.796,4.5503483
Kinases,pAC50,6565,5.68,4.146707
Kinases,pAC50,6566,5.094,5.1019015
Kinases,pAC50,6567,6.097,6.1687064
Kinases,pAC50,6568,4.775,5.565604
Kinases,pAC50,6569,5.789,5.7911677
Kinases,pAC50,6570,5.616,6.10023
Kinases,pAC50,6571,7.959,6.418644
Kinases,pAC50,6572,6.301,6.4163303
Kinases,pAC50,6573,6.0,4.8538656
Kinases,pAC50,6574,5.523,5.4667044
Kinases,pAC50,6575,6.0,5.813693
Kinases,pAC50,6576,6.389,6.3039055
Kinases,pAC50,6577,5.301,5.067047
Kinases,pAC50,6578,6.754,5.537776
Kinases,pAC50,6579,5.699,5.691434
Kinases,pAC50,6580,5.699,5.9767632
Kinases,pAC50,6581,5.699,7.2054048
Kinases,pAC50,6582,5.602,5.142135
Kinases,pAC50,6583,5.699,6.4746428
Kinases,pAC50,6584,5.699,5.893197
Kinases,pAC50,6585,5.523,5.873187
Kinases,pAC50,6586,5.699,6.168904
Kinases,pAC50,6587,5.678,5.8583946
Kinases,pAC50,6588,6.523,6.486254
Kinases,pAC50,6589,4.222,4.552187
Kinases,pAC50,6590,4.143,4.545128
Kinases,pAC50,6591,5.658,6.5488596
Kinases,pAC50,6592,7.097,7.269202
Kinases,pAC50,6593,7.0,6.899738
Kinases,pAC50,6594,6.824,7.505356
Kinases,pAC50,6595,7.658,7.643301
Kinases,pAC50,6596,8.222,8.437831
Kinases,pAC50,6597,9.301,8.310397
Kinases,pAC50,6598,8.31,8.747239
Kinases,pAC50,6599,8.432,9.17591
Kinases,pAC50,6600,9.699,9.463436
Kinases,pAC50,6601,8.301,8.506226
Kinases,pAC50,6602,7.0,6.7799325
Kinases,pAC50,6603,6.979,7.4764643
Kinases,pAC50,6604,7.745,7.750221
Kinases,pAC50,6605,8.046,7.72042
Kinases,pAC50,6606,7.42,7.510922
Kinases,pAC50,6607,5.896,6.1477876
Kinases,pAC50,6608,5.515,6.743019
Kinases,pAC50,6609,5.311,6.1783714
Kinases,pAC50,6610,5.034,4.7378354
Kinases,pAC50,6611,8.523,8.701621
Kinases,pAC50,6612,8.469,7.1376
Kinases,pAC50,6613,5.861,5.6871576
Kinases,pAC50,6614,5.62,5.7799473
Kinases,pAC50,6615,6.824,5.5157356
Kinases,pAC50,6616,7.097,6.097744
Kinases,pAC50,6617,6.775,6.9253726
Kinases,pAC50,6618,8.602,8.430671
Kinases,pAC50,6619,8.553,8.594755
Kinases,pAC50,6620,7.721,8.124632
Kinases,pAC50,6621,7.42,7.9588256
Kinases,pAC50,6622,4.005,4.487832
Kinases,pAC50,6623,7.697,6.350854
Kinases,pAC50,6624,6.143,5.606189
Kinases,pAC50,6625,5.412,6.63692
Kinases,pAC50,6626,5.682,6.763358
Kinases,pAC50,6627,5.873,6.571785
Kinases,pAC50,6628,6.745,7.562094
Kinases,pAC50,6629,6.699,6.5717854
Kinases,pAC50,6630,6.276,6.67767
Kinases,pAC50,6631,7.167,7.71873
Kinases,pAC50,6632,5.155,5.1151834
Kinases,pAC50,6633,6.367,5.883466
Kinases,pAC50,6634,6.538,6.3519053
Kinases,pAC50,6635,6.638,6.7408366
Kinases,pAC50,6636,7.963,7.0762353
Kinases,pAC50,6637,5.886,6.073236
Kinases,pAC50,6638,8.097,7.767043
Kinases,pAC50,6639,7.432,7.594633
Kinases,pAC50,6640,5.022,4.097765
Kinases,pAC50,6641,4.62,4.496781
Kinases,pAC50,6642,4.114,3.9884055
Kinases,pAC50,6643,4.538,4.259948
Kinases,pAC50,6644,5.264,5.9456925
Kinases,pAC50,6645,5.257,5.8518705
Kinases,pAC50,6646,4.057,4.0581017
Kinases,pAC50,6647,6.435,6.726913
Kinases,pAC50,6648,7.089,7.260868
Kinases,pAC50,6649,8.155,7.386235
Kinases,pAC50,6650,3.863,3.8464053
Kinases,pAC50,6651,6.009,6.0080633
Kinases,pAC50,6652,5.32,5.083695
Kinases,pAC50,6653,5.078,5.270796
Kinases,pAC50,6654,4.971,4.946567
Kinases,pAC50,6655,5.642,5.3872466
Kinases,pAC50,6656,5.967,5.6455545
Kinases,pAC50,6657,5.854,7.0826106
Kinases,pAC50,6658,5.796,6.057601
Kinases,pAC50,6659,5.824,6.0486846
Kinases,pAC50,6660,5.796,6.094666
Kinases,pAC50,6661,5.921,6.193982
Kinases,pAC50,6662,5.721,5.764391
Kinases,pAC50,6663,5.276,5.3073616
Kinases,pAC50,6664,5.854,5.2589426
Kinases,pAC50,6665,6.523,5.759218
Kinases,pAC50,6666,5.26,5.9909916
Kinases,pAC50,6667,4.117,5.1674633
Kinases,pAC50,6668,4.387,5.5475187
Kinases,pAC50,6669,5.276,5.0786257
Kinases,pAC50,6670,6.167,4.7136
Kinases,pAC50,6671,5.041,5.5584316
Kinases,pAC50,6672,5.292,4.8270054
Kinases,pAC50,6673,5.387,5.104644
Kinases,pAC50,6674,4.796,4.894508
Kinases,pAC50,6675,5.097,4.8482256
Kinases,pAC50,6676,4.585,4.44948
Kinases,pAC50,6677,5.252,5.6823864
Kinases,pAC50,6678,5.854,5.682387
Kinases,pAC50,6679,4.032,4.096529
Kinases,pAC50,6680,6.951,6.6936197
Kinases,pAC50,6681,6.538,7.811879
Kinases,pAC50,6682,6.516,8.183285
Kinases,pAC50,6683,6.155,6.725171
Kinases,pAC50,6684,5.678,7.476178
Kinases,pAC50,6685,7.215,8.241614
Kinases,pAC50,6686,8.409,8.604331
Kinases,pAC50,6687,5.62,5.962162
Kinases,pAC50,6688,6.108,3.7553885
Kinases,pAC50,6689,7.027,7.6667857
Kinases,pAC50,6690,6.638,7.1860666
Kinases,pAC50,6691,7.886,7.324653
Kinases,pAC50,6692,7.481,7.339959
Kinases,pAC50,6693,6.676,7.370261
Kinases,pAC50,6694,7.081,6.969501
Kinases,pAC50,6695,5.91,6.1722503
Kinases,pAC50,6696,5.882,6.456546
Kinases,pAC50,6697,5.097,5.9145455
Kinases,pAC50,6698,8.469,8.983685
Kinases,pAC50,6699,7.62,7.763341
Kinases,pAC50,6700,6.699,5.905717
Kinases,pAC50,6701,6.0,6.4343815
Kinases,pAC50,6702,6.456,6.5747805
Kinases,pAC50,6703,6.301,6.789223
Kinases,pAC50,6704,6.301,6.5018096
Kinases,pAC50,6705,5.699,5.9759874
Kinases,pAC50,6706,6.0,6.7585864
Kinases,pAC50,6707,9.523,8.067756
Kinases,pAC50,6708,8.469,8.378421
Kinases,pAC50,6709,5.347,6.905261
Kinases,pAC50,6710,5.991,6.3453155
Kinases,pAC50,6711,6.523,6.5846443
Kinases,pAC50,6712,8.398,7.9644923
Kinases,pAC50,6713,5.066,5.945362
Kinases,pAC50,6714,7.658,7.2290745
Kinases,pAC50,6715,5.229,4.701531
Kinases,pAC50,6716,7.6,8.016225
Kinases,pAC50,6717,4.222,7.215316
Kinases,pAC50,6718,3.843,3.4313598
Kinases,pAC50,6719,2.863,3.8631608
Kinases,pAC50,6720,7.357,7.594382
Kinases,pAC50,6721,5.7,6.5654564
Kinases,pAC50,6722,6.4,5.8680468
Kinases,pAC50,6723,6.9,6.5654564
Kinases,pAC50,6724,7.0,7.2920847
Kinases,pAC50,6725,5.9,5.9194665
Kinases,pAC50,6726,6.1,5.6061544
Kinases,pAC50,6727,6.801,6.504353
Kinases,pAC50,6728,5.62,5.673585
Kinases,pAC50,6729,6.3,6.6760607
Kinases,pAC50,6730,4.7,5.3526177
Kinases,pAC50,6731,6.4,6.535759
Kinases,pAC50,6732,5.8,6.028171
Kinases,pAC50,6733,7.42,7.05492
Kinases,pAC50,6734,8.155,8.395956
Kinases,pAC50,6735,8.387,7.324472
Kinases,pAC50,6736,7.77,7.870428
Kinases,pAC50,6737,5.385,7.4350123
Kinases,pAC50,6738,5.652,6.656662
Kinases,pAC50,6739,5.398,6.137539
Kinases,pAC50,6740,6.62,6.126629
Kinases,pAC50,6741,4.298,5.1218147
Kinases,pAC50,6742,6.638,7.2262316
Kinases,pAC50,6743,4.215,5.2199965
Kinases,pAC50,6744,7.602,7.598049
Kinases,pAC50,6745,5.658,6.4404035
Kinases,pAC50,6746,5.31,6.1521416
Kinases,pAC50,6747,5.259,6.7128377
Kinases,pAC50,6748,5.548,6.9698
Kinases,pAC50,6749,6.644,6.6378965
Kinases,pAC50,6750,6.932,6.1822453
Kinases,pAC50,6751,6.31,6.3919115
Kinases,pAC50,6752,5.824,8.0747385
Kinases,pAC50,6753,8.886,8.522271
Kinases,pAC50,6754,5.544,6.5414557
Kinases,pAC50,6755,4.0,4.947796
Kinases,pAC50,6756,4.7,5.616277
Kinases,pAC50,6757,4.6,4.8001833
Kinases,pAC50,6758,6.921,6.1885614
Kinases,pAC50,6759,5.0,9.960042
Kinases,pAC50,6760,4.824,5.7043576
Kinases,pAC50,6761,5.097,5.6229324
Kinases,pAC50,6762,3.996,4.405095
Kinases,pAC50,6763,5.658,6.9605856
Kinases,pAC50,6764,7.252,7.000745
Kinases,pAC50,6765,7.027,7.30978
Kinases,pAC50,6766,7.721,8.27552
Kinases,pAC50,6767,5.409,5.569086
Kinases,pAC50,6768,4.959,4.845208
Kinases,pAC50,6769,4.745,5.2839603
Kinases,pAC50,6770,6.602,6.184109
Kinases,pAC50,6771,6.041,6.320296
Kinases,pAC50,6772,8.824,8.194303
Kinases,pAC50,6773,4.747,6.198078
Kinases,pAC50,6774,4.735,5.2970834
Kinases,pAC50,6775,4.842,4.963952
Kinases,pAC50,6776,5.959,4.7389812
Kinases,pAC50,6777,6.983,7.443676
Kinases,pAC50,6778,7.854,7.8394413
Kinases,pAC50,6779,7.131,7.1311197
Kinases,pAC50,6780,7.509,7.252409
Kinases,pAC50,6781,7.237,7.4353433
Kinases,pAC50,6782,5.339,6.444006
Kinases,pAC50,6783,5.928,5.887635
Kinases,pAC50,6784,7.131,6.4481144
Kinases,pAC50,6785,6.796,6.439914
Kinases,pAC50,6786,7.347,7.2610197
Kinases,pAC50,6787,6.215,6.225145
Kinases,pAC50,6788,6.959,6.6500044
Kinases,pAC50,6789,4.939,5.008569
Kinases,pAC50,6790,4.301,5.826009
Kinases,pAC50,6791,5.921,6.058318
Kinases,pAC50,6792,5.048,5.049613
Kinases,pAC50,6793,5.356,5.5948105
Kinases,pAC50,6794,5.098,6.085519
Kinases,pAC50,6795,6.638,7.516472
Kinases,pAC50,6796,7.319,6.9216766
Kinases,pAC50,6797,5.756,7.288458
Kinases,pAC50,6798,5.79,6.011456
Kinases,pAC50,6799,7.041,7.144919
Kinases,pAC50,6800,6.432,6.419929
Kinases,pAC50,6801,7.125,7.21406
Kinases,pAC50,6802,7.409,7.3078156
Kinases,pAC50,6803,5.365,5.268608
Kinases,pAC50,6804,5.4,5.4977007
Kinases,pAC50,6805,6.337,5.4934177
Kinases,pAC50,6806,5.738,5.6396804
Kinases,pAC50,6807,5.359,5.1076164
Kinases,pAC50,6808,6.149,6.756116
Kinases,pAC50,6809,4.975,5.7057734
Kinases,pAC50,6810,6.199,6.036868
Kinases,pAC50,6811,5.272,7.2839036
Kinases,pAC50,6812,5.883,6.7858677
Kinases,pAC50,6813,4.213,5.7120686
Kinases,pAC50,6814,5.572,6.333878
Kinases,pAC50,6815,5.682,5.609505
Kinases,pAC50,6816,9.359,8.715862
Kinases,pAC50,6817,6.481,6.0256577
Kinases,pAC50,6818,8.301,6.2255282
Kinases,pAC50,6819,6.583,6.4063845
Kinases,pAC50,6820,4.812,4.774146
Kinases,pAC50,6821,8.0,8.147805
Kinases,pAC50,6822,7.114,7.648746
Kinases,pAC50,6823,6.879,7.1771355
Kinases,pAC50,6824,6.873,7.1424475
Kinases,pAC50,6825,7.222,6.7044888
Kinases,pAC50,6826,6.64,6.657353
Kinases,pAC50,6827,7.276,6.4904814
Kinases,pAC50,6828,5.854,5.6876636
Kinases,pAC50,6829,5.824,5.9167204
Kinases,pAC50,6830,6.676,7.115363
Kinases,pAC50,6831,7.721,7.4878683
Kinases,pAC50,6832,6.693,7.341847
Kinases,pAC50,6833,6.87,6.5880594
Kinases,pAC50,6834,6.398,6.2944365
Kinases,pAC50,6835,6.693,6.2887006
Kinases,pAC50,6836,6.412,6.559988
Kinases,pAC50,6837,8.229,6.5828896
Kinases,pAC50,6838,6.932,7.2036595
Kinases,pAC50,6839,6.9,7.56553
Kinases,pAC50,6840,6.199,8.101655
Kinases,pAC50,6841,7.638,8.183559
Kinases,pAC50,6842,8.301,7.476508
Kinases,pAC50,6843,5.216,5.714694
Kinases,pAC50,6844,6.607,7.103498
Kinases,pAC50,6845,7.0,6.768555
Kinases,pAC50,6846,5.218,5.252852
Kinases,pAC50,6847,5.654,5.852639
Kinases,pAC50,6848,7.553,5.9495664
Kinases,pAC50,6849,7.796,7.2174377
Kinases,pAC50,6850,6.192,5.9847493
Kinases,pAC50,6851,5.315,5.6586313
Kinases,pAC50,6852,5.572,6.45169
Kinases,pAC50,6853,5.799,6.373004
Kinases,pAC50,6854,8.523,8.318051
Kinases,pAC50,6855,5.83,7.1174808
Kinases,pAC50,6856,6.251,7.7637753
Kinases,pAC50,6857,6.848,6.3066106
Kinases,pAC50,6858,5.276,6.157899
Kinases,pAC50,6859,6.314,6.4556074
Kinases,pAC50,6860,8.26,8.434959
Kinases,pAC50,6861,7.523,7.559152
Kinases,pAC50,6862,8.174,8.145693
Kinases,pAC50,6863,6.62,6.1381416
Kinases,pAC50,6864,6.161,5.436946
Kinases,pAC50,6865,7.745,8.006219
Kinases,pAC50,6866,6.444,7.136926
Kinases,pAC50,6867,5.569,5.8768177
Kinases,pAC50,6868,7.155,6.6209874
Kinases,pAC50,6869,6.638,6.634206
Kinases,pAC50,6870,5.194,5.076573
Kinases,pAC50,6871,6.252,6.8892794
Kinases,pAC50,6872,3.377,3.2748153
Kinases,pAC50,6873,2.959,3.05313
Kinases,pAC50,6874,6.801,6.429222
Kinases,pAC50,6875,7.092,7.4208245
Kinases,pAC50,6876,6.971,6.763234
Kinases,pAC50,6877,5.687,5.4900227
Kinases,pAC50,6878,8.387,6.173768
Kinases,pAC50,6879,5.476,5.0765085
Kinases,pAC50,6880,4.9,4.9454727
Kinases,pAC50,6881,9.097,9.02262
Kinases,pAC50,6882,9.301,9.957149
Kinases,pAC50,6883,10.0,9.606795
Kinases,pAC50,6884,7.585,7.666676
Kinases,pAC50,6885,7.131,7.4402533
Kinases,pAC50,6886,6.914,6.933964
Kinases,pAC50,6887,7.523,6.8629274
Kinases,pAC50,6888,4.569,5.6499934
Kinases,pAC50,6889,5.682,5.756944
Kinases,pAC50,6890,3.252,4.261157
Kinases,pAC50,6891,3.086,3.961499
Kinases,pAC50,6892,5.678,4.3121767
Kinases,pAC50,6893,5.569,5.691621
Kinases,pAC50,6894,4.432,5.20438
Kinases,pAC50,6895,5.398,5.743518
Kinases,pAC50,6896,5.328,5.7596035
Kinases,pAC50,6897,8.284,7.7519674
Kinases,pAC50,6898,6.777,7.370577
Kinases,pAC50,6899,6.701,7.370576
Kinases,pAC50,6900,6.319,6.5913696
Kinases,pAC50,6901,5.687,4.9728985
Kinases,pAC50,6902,8.509,8.095936
Kinases,pAC50,6903,5.6,5.770705
Kinases,pAC50,6904,8.036,7.8626213
Kinases,pAC50,6905,6.697,7.161216
Kinases,pAC50,6906,5.457,5.879083
Kinases,pAC50,6907,3.702,3.4722736
Kinases,pAC50,6908,9.409,6.2739844
Kinases,pAC50,6909,6.281,6.730732
Kinases,pAC50,6910,5.745,5.520985
Kinases,pAC50,6911,5.964,5.7273
Kinases,pAC50,6912,6.301,6.816407
Kinases,pAC50,6913,5.396,5.366811
Kinases,pAC50,6914,6.575,5.127856
Kinases,pAC50,6915,6.187,5.636889
Kinases,pAC50,6916,8.959,8.811007
Kinases,pAC50,6917,7.824,7.7660494
Kinases,pAC50,6918,6.857,6.7943606
Kinases,pAC50,6919,7.06,6.191971
Kinases,pAC50,6920,5.241,5.6755123
Kinases,pAC50,6921,5.635,6.377798
Kinases,pAC50,6922,7.252,7.0929675
Kinases,pAC50,6923,7.509,6.7975726
Kinases,pAC50,6924,8.886,9.150947
Kinases,pAC50,6925,8.886,8.735809
Kinases,pAC50,6926,8.102,8.489458
Kinases,pAC50,6927,7.523,7.7832174
Kinases,pAC50,6928,7.244,7.4308753
Kinases,pAC50,6929,8.071,8.909494
Kinases,pAC50,6930,6.893,6.65928
Kinases,pAC50,6931,5.786,6.9247236
Kinases,pAC50,6932,6.364,6.1369452
Kinases,pAC50,6933,5.516,5.62466
Kinases,pAC50,6934,5.288,5.442336
Kinases,pAC50,6935,6.3,5.933813
Kinases,pAC50,6936,8.201,6.3316336
Kinases,pAC50,6937,8.131,7.396059
Kinases,pAC50,6938,7.469,7.430374
Kinases,pAC50,6939,7.187,6.905507
Kinases,pAC50,6940,6.983,7.018683
Kinases,pAC50,6941,7.26,7.02425
Kinases,pAC50,6942,6.78,7.44659
Kinases,pAC50,6943,5.316,7.4711294
Kinases,pAC50,6944,6.886,6.932979
Kinases,pAC50,6945,4.903,5.7054625
Kinases,pAC50,6946,5.572,6.092216
Kinases,pAC50,6947,5.932,5.505097
Kinases,pAC50,6948,9.699,10.218543
Kinases,pAC50,6949,9.398,9.467754
Kinases,pAC50,6950,6.519,6.771536
Kinases,pAC50,6951,6.959,7.840167
Kinases,pAC50,6952,5.872,6.8076205
Kinases,pAC50,6953,9.387,9.685301
Kinases,pAC50,6954,8.398,8.956637
Kinases,pAC50,6955,9.097,8.779505
Kinases,pAC50,6956,3.439,4.586425
Kinases,pAC50,6957,7.086,6.637458
Kinases,pAC50,6958,7.357,6.950578
Kinases,pAC50,6959,6.366,6.205096
Kinases,pAC50,6960,6.154,6.412529
Kinases,pAC50,6961,6.804,6.9960184
Kinases,pAC50,6962,7.77,7.7961526
Kinases,pAC50,6963,7.347,6.5677814
Kinases,pAC50,6964,7.585,8.004545
Kinases,pAC50,6965,4.602,5.24895
Kinases,pAC50,6966,7.77,7.694359
Kinases,pAC50,6967,7.602,7.5500474
Kinases,pAC50,6968,7.658,7.234841
Kinases,pAC50,6969,7.569,6.9220724
Kinases,pAC50,6970,6.276,6.880064
Kinases,pAC50,6971,5.959,4.431554
Kinases,pAC50,6972,9.523,9.543906
Kinases,pAC50,6973,7.42,7.651951
Kinases,pAC50,6974,7.131,6.2846346
Kinases,pAC50,6975,6.432,6.7316704
Kinases,pAC50,6976,8.745,8.19129
Kinases,pAC50,6977,8.377,9.010351
Kinases,pAC50,6978,8.77,8.937867
Kinases,pAC50,6979,7.745,8.613833
Kinases,pAC50,6980,9.097,8.156788
Kinases,pAC50,6981,6.222,7.5556016
Kinases,pAC50,6982,6.102,5.974799
Kinases,pAC50,6983,5.583,5.938912
Kinases,pAC50,6984,8.638,8.847743
Kinases,pAC50,6985,8.854,8.7495775
Kinases,pAC50,6986,10.222,9.836919
Kinases,pAC50,6987,9.523,9.048344
Kinases,pAC50,6988,9.301,9.655863
Kinases,pAC50,6989,9.523,9.651872
Kinases,pAC50,6990,9.699,9.7713785
Kinases,pAC50,6991,8.284,6.430857
Kinases,pAC50,6992,4.75,4.211097
Kinases,pAC50,6993,6.375,5.972457
Kinases,pAC50,6994,4.716,4.650084
Kinases,pAC50,6995,4.553,5.176181
Kinases,pAC50,6996,4.249,5.116739
Kinases,pAC50,6997,4.668,5.379258
Kinases,pAC50,6998,4.286,4.2028112
Kinases,pAC50,6999,4.834,4.522485
Kinases,pAC50,7000,4.595,6.9865055
Kinases,pAC50,7001,5.418,4.26813
Kinases,pAC50,7002,4.419,4.9478655
Kinases,pAC50,7003,5.036,4.913288
Kinases,pAC50,7004,4.658,4.7485495
Kinases,pAC50,7005,5.305,5.301443
Kinases,pAC50,7006,4.947,4.972314
Kinases,pAC50,7007,4.575,5.1024675
Kinases,pAC50,7008,5.214,5.870039
Kinases,pAC50,7009,4.604,5.7638702
Kinases,pAC50,7010,4.671,6.2845726
Kinases,pAC50,7011,4.304,4.7825184
Kinases,pAC50,7012,4.191,5.2967806
Kinases,pAC50,7013,4.058,5.5074663
Kinases,pAC50,7014,4.861,5.0979853
Kinases,pAC50,7015,4.526,4.934395
Kinases,pAC50,7016,4.351,4.4932003
Kinases,pAC50,7017,5.64,5.5862303
Kinases,pAC50,7018,4.342,5.298181
Kinases,pAC50,7019,7.108,6.118
Kinases,pAC50,7020,5.107,5.346687
Kinases,pAC50,7021,6.937,4.4744716
Kinases,pAC50,7022,5.28,5.414438
Kinases,pAC50,7023,5.55,4.86434
Kinases,pAC50,7024,6.155,5.162155
Kinases,pAC50,7025,4.592,5.264834
Kinases,pAC50,7026,4.582,4.0338264
Kinases,pAC50,7027,6.523,7.1148787
Kinases,pAC50,7028,5.374,6.0286264
Kinases,pAC50,7029,7.917,7.591849
Kinases,pAC50,7030,6.481,5.6559334
Kinases,pAC50,7031,5.9,5.578232
Kinases,pAC50,7032,5.616,5.625477
Kinases,pAC50,7033,8.046,7.8734083
Kinases,pAC50,7034,5.746,5.8714056
Kinases,pAC50,7035,5.944,5.5522213
Kinases,pAC50,7036,5.494,5.829566
Kinases,pAC50,7037,6.951,6.616449
Kinases,pAC50,7038,6.289,6.1094007
Kinases,pAC50,7039,5.725,5.4453278
Kinases,pAC50,7040,5.465,5.800294
Kinases,pAC50,7041,5.505,5.4324713
Kinases,pAC50,7042,5.447,6.401794
Kinases,pAC50,7043,5.182,6.2499814
Kinases,pAC50,7044,5.225,5.47379
Kinases,pAC50,7045,6.091,6.012976
Kinases,pAC50,7046,6.164,5.839916
Kinases,pAC50,7047,6.592,6.087538
Kinases,pAC50,7048,6.337,6.1805186
Kinases,pAC50,7049,6.616,6.829238
Kinases,pAC50,7050,6.455,6.106455
Kinases,pAC50,7051,5.85,6.423527
Kinases,pAC50,7052,5.73,5.78902
Kinases,pAC50,7053,5.299,5.3311567
Kinases,pAC50,7054,5.26,5.378459
Kinases,pAC50,7055,5.26,5.2516913
Kinases,pAC50,7056,5.26,5.2438254
Kinases,pAC50,7057,5.26,5.3945456
Kinases,pAC50,7058,5.26,5.7068267
Kinases,pAC50,7059,5.26,5.2763367
Kinases,pAC50,7060,5.26,5.143318
Kinases,pAC50,7061,6.456,6.2980514
Kinases,pAC50,7062,7.097,7.510416
Kinases,pAC50,7063,8.0,7.3749065
Kinases,pAC50,7064,7.409,7.393014
Kinases,pAC50,7065,7.523,7.438021
Kinases,pAC50,7066,8.523,7.1313887
Kinases,pAC50,7067,6.936,6.838226
Kinases,pAC50,7068,7.292,7.3377237
Kinases,pAC50,7069,6.996,6.9308453
Kinases,pAC50,7070,7.051,7.1656
Kinases,pAC50,7071,7.959,7.7093315
Kinases,pAC50,7072,7.301,7.3058043
Kinases,pAC50,7073,7.62,7.480889
Kinases,pAC50,7074,7.102,6.664508
Kinases,pAC50,7075,7.208,7.3347764
Kinases,pAC50,7076,6.876,6.714697
Kinases,pAC50,7077,7.77,7.041546
Kinases,pAC50,7078,8.301,7.3786488
Kinases,pAC50,7079,7.638,7.673522
Kinases,pAC50,7080,7.824,7.727247
Kinases,pAC50,7081,7.215,6.99004
Kinases,pAC50,7082,7.06,6.8440638
Kinases,pAC50,7083,7.481,7.1712284
Kinases,pAC50,7084,6.678,6.6858253
Kinases,pAC50,7085,5.374,6.086279
Kinases,pAC50,7086,8.0,7.8667316
Kinases,pAC50,7087,6.932,7.0656934
Kinases,pAC50,7088,7.481,7.34663
Kinases,pAC50,7089,6.807,6.3805475
Kinases,pAC50,7090,7.137,7.129234
Kinases,pAC50,7091,6.273,5.6965866
Kinases,pAC50,7092,6.343,6.459092
Kinases,pAC50,7093,7.18,6.995628
Kinases,pAC50,7094,6.559,6.571975
Kinases,pAC50,7095,7.62,7.0630608
Kinases,pAC50,7096,7.208,6.964428
Kinases,pAC50,7097,7.432,7.0759516
Kinases,pAC50,7098,6.175,7.202788
Kinases,pAC50,7099,7.854,8.093615
Kinases,pAC50,7100,6.394,5.7731957
Kinases,pAC50,7101,5.745,5.9370737
Kinases,pAC50,7102,5.986,6.869818
Kinases,pAC50,7103,5.992,6.3453193
Kinases,pAC50,7104,7.174,6.9185104
Kinases,pAC50,7105,5.042,4.71937
Kinases,pAC50,7106,5.904,6.386343
Kinases,pAC50,7107,5.0,5.794711
Kinases,pAC50,7108,5.923,5.8275843
Kinases,pAC50,7109,6.347,6.086912
Kinases,pAC50,7110,9.0,7.9211
Kinases,pAC50,7111,9.0,8.054927
Kinases,pAC50,7112,7.824,7.853412
Kinases,pAC50,7113,7.42,7.058256
Kinases,pAC50,7114,7.215,6.969083
Kinases,pAC50,7115,7.215,7.814868
Kinases,pAC50,7116,7.26,7.814868
Kinases,pAC50,7117,7.509,7.9672384
Kinases,pAC50,7118,6.057,7.264637
Kinases,pAC50,7119,6.74,6.245393
Kinases,pAC50,7120,7.337,7.221405
Kinases,pAC50,7121,7.699,7.6007185
Kinases,pAC50,7122,6.457,6.40005
Kinases,pAC50,7123,5.487,7.3997493
Kinases,pAC50,7124,5.77,6.243024
Kinases,pAC50,7125,7.0,5.7398977
Kinases,pAC50,7126,5.301,5.582784
Kinases,pAC50,7127,6.377,5.996985
Kinases,pAC50,7128,6.444,5.704233
Kinases,pAC50,7129,6.602,5.831829
Kinases,pAC50,7130,5.409,5.8706875
Kinases,pAC50,7131,9.26,10.244456
NR,pAC50,0,6.706,7.466098
NR,pAC50,1,5.886,6.7243037
NR,pAC50,2,5.412,5.6049757
NR,pAC50,3,8.0,7.439326
NR,pAC50,4,8.569,8.184842
NR,pAC50,5,8.745,8.323279
NR,pAC50,6,8.155,8.607981
NR,pAC50,7,6.701,8.16402
NR,pAC50,8,7.638,8.145287
NR,pAC50,9,9.523,7.997702
NR,pAC50,10,7.721,7.7893443
NR,pAC50,11,7.222,7.4467654
NR,pAC50,12,7.495,7.1637635
NR,pAC50,13,7.252,7.3654685
NR,pAC50,14,7.009,6.941752
NR,pAC50,15,7.237,7.4219575
NR,pAC50,16,8.237,7.929277
NR,pAC50,17,7.523,8.184842
NR,pAC50,18,7.337,8.620019
NR,pAC50,19,7.602,7.959104
NR,pAC50,20,7.174,6.669632
NR,pAC50,21,9.0,8.823401
NR,pAC50,22,7.77,7.7962213
NR,pAC50,23,6.046,6.320895
NR,pAC50,24,9.699,7.75697
NR,pAC50,25,5.31,5.691964
NR,pAC50,26,6.602,5.8468943
NR,pAC50,27,4.538,6.105204
NR,pAC50,28,6.611,6.5813684
NR,pAC50,29,9.352,9.234263
NR,pAC50,30,8.032,7.993568
NR,pAC50,31,7.036,6.7872996
NR,pAC50,32,6.089,6.0807595
NR,pAC50,33,7.247,7.729241
NR,pAC50,34,6.753,6.030247
NR,pAC50,35,7.092,6.8661656
NR,pAC50,36,6.152,7.2847266
NR,pAC50,37,6.02,7.157073
NR,pAC50,38,6.796,7.130612
NR,pAC50,39,6.398,7.587005
NR,pAC50,40,6.527,6.6615806
NR,pAC50,41,7.432,7.635143
NR,pAC50,42,7.523,7.502685
NR,pAC50,43,7.276,7.1223483
NR,pAC50,44,6.602,6.4527164
NR,pAC50,45,8.131,7.9502273
NR,pAC50,46,8.77,8.545495
NR,pAC50,47,8.745,8.622409
NR,pAC50,48,6.066,6.500096
NR,pAC50,49,6.94,6.4090953
NR,pAC50,50,7.215,6.997338
NR,pAC50,51,6.979,7.2973657
NR,pAC50,52,6.569,7.03196
NR,pAC50,53,7.276,7.015414
NR,pAC50,54,8.398,8.325763
NR,pAC50,55,8.26,7.860406
NR,pAC50,56,7.699,7.408427
NR,pAC50,57,7.523,7.3472195
NR,pAC50,58,6.699,7.021864
NR,pAC50,59,6.839,6.786089
NR,pAC50,60,6.229,6.2578125
NR,pAC50,61,7.036,7.446028
NR,pAC50,62,5.967,6.1660275
NR,pAC50,63,5.616,5.6716504
NR,pAC50,64,8.174,7.187649
NR,pAC50,65,8.678,8.619251
NR,pAC50,66,8.041,8.246727
NR,pAC50,67,6.827,7.196672
NR,pAC50,68,7.886,7.6713614
NR,pAC50,69,8.523,8.1524935
NR,pAC50,70,5.745,4.9676633
NR,pAC50,71,6.31,6.4415374
NR,pAC50,72,6.409,6.5257463
NR,pAC50,73,7.284,7.313014
NR,pAC50,74,8.699,8.4250965
NR,pAC50,75,6.656,6.8982587
NR,pAC50,76,6.0,7.4650083
NR,pAC50,77,6.423,6.458617
NR,pAC50,78,6.921,6.9738255
NR,pAC50,79,5.315,6.6159205
NR,pAC50,80,7.638,7.517884
NR,pAC50,81,6.699,6.81039
NR,pAC50,82,6.469,5.764624
NR,pAC50,83,8.372,7.681455
NR,pAC50,84,6.094,5.6786747
NR,pAC50,85,5.916,5.6105027
NR,pAC50,86,7.775,6.540137
NR,pAC50,87,6.314,7.9716
NR,pAC50,88,7.9,7.9926314
NR,pAC50,89,5.9,5.880629
NR,pAC50,90,6.801,6.4377093
NR,pAC50,91,6.785,6.881946
NR,pAC50,92,4.523,4.368083
NR,pAC50,93,7.218,7.731548
NR,pAC50,94,7.194,7.4726896
NR,pAC50,95,5.811,6.2521424
NR,pAC50,96,8.301,7.686998
NR,pAC50,97,7.377,8.064894
NR,pAC50,98,6.475,6.0026565
NR,pAC50,99,5.556,5.557963
NR,pAC50,100,8.301,8.041367
NR,pAC50,101,5.532,5.492604
NR,pAC50,102,6.796,5.478037
NR,pAC50,103,5.796,5.5031796
NR,pAC50,104,5.229,5.8492265
NR,pAC50,105,8.105,7.7143927
NR,pAC50,106,8.301,8.198304
NR,pAC50,107,6.284,6.3161063
NR,pAC50,108,4.901,5.91123
NR,pAC50,109,7.509,6.126241
NR,pAC50,110,6.233,6.358534
NR,pAC50,111,8.046,7.667331
NR,pAC50,112,7.276,7.8231206
NR,pAC50,113,7.824,8.130188
NR,pAC50,114,7.678,7.4979954
NR,pAC50,115,5.611,5.6043143
NR,pAC50,116,7.886,7.7539887
NR,pAC50,117,7.721,7.10951
NR,pAC50,118,7.268,7.4058514
NR,pAC50,119,7.495,8.158708
NR,pAC50,120,7.569,7.8398805
NR,pAC50,121,6.807,7.198974
NR,pAC50,122,5.908,6.1239705
NR,pAC50,123,6.298,6.737065
NR,pAC50,124,7.143,6.565927
NR,pAC50,125,5.796,5.471355
NR,pAC50,126,7.538,7.5038314
NR,pAC50,127,6.547,7.4040127
NR,pAC50,128,7.553,7.2304597
NR,pAC50,129,6.441,7.103561
NR,pAC50,130,8.591,8.132384
NR,pAC50,131,6.206,7.222755
NR,pAC50,132,8.507,8.18506
NR,pAC50,133,6.78,6.7151194
NR,pAC50,134,7.046,6.730627
NR,pAC50,135,6.593,7.148412
NR,pAC50,136,7.284,7.969338
NR,pAC50,137,6.62,5.299664
NR,pAC50,138,5.569,5.719874
NR,pAC50,139,7.268,6.438622
NR,pAC50,140,5.959,6.950006
NR,pAC50,141,7.125,6.937773
NR,pAC50,142,7.244,8.09744
NR,pAC50,143,7.31,7.1610274
NR,pAC50,144,8.009,7.97391
NR,pAC50,145,6.009,7.7105207
NR,pAC50,146,6.425,5.984662
NR,pAC50,147,6.678,6.7559915
NR,pAC50,148,7.068,6.9049716
NR,pAC50,149,8.301,7.248608
NR,pAC50,150,7.638,7.7718787
NR,pAC50,151,7.699,7.1993403
NR,pAC50,152,7.796,7.5137134
NR,pAC50,153,7.959,7.5774713
NR,pAC50,154,8.481,7.8259826
NR,pAC50,155,7.201,7.043879
NR,pAC50,156,7.022,6.9746966
NR,pAC50,157,6.105,7.1976376
NR,pAC50,158,8.503,8.350784
NR,pAC50,159,6.636,7.227259
NR,pAC50,160,6.0,7.4650087
NR,pAC50,161,6.599,6.9849286
NR,pAC50,162,8.678,8.723658
NR,pAC50,163,9.0,8.813128
NR,pAC50,164,6.656,7.0482836
NR,pAC50,165,5.889,5.561267
NR,pAC50,166,7.678,7.2434216
NR,pAC50,167,7.102,7.4398913
NR,pAC50,168,8.824,8.709293
NR,pAC50,169,7.745,8.1748495
NR,pAC50,170,7.959,8.136001
NR,pAC50,171,7.721,7.681681
NR,pAC50,172,7.444,7.5224338
NR,pAC50,173,4.939,4.990281
NR,pAC50,174,7.839,8.242373
NR,pAC50,175,7.921,7.82758
NR,pAC50,176,6.275,7.732082
NR,pAC50,177,8.276,8.205943
NR,pAC50,178,6.949,7.029242
NR,pAC50,179,6.868,7.056227
NR,pAC50,180,5.481,5.4683185
NR,pAC50,181,7.509,7.6440597
NR,pAC50,182,7.678,7.6306076
NR,pAC50,183,8.538,7.8379784
NR,pAC50,184,7.398,8.10353
NR,pAC50,185,8.886,8.903646
NR,pAC50,186,4.558,6.191845
NR,pAC50,187,7.745,6.8973675
NR,pAC50,188,4.383,4.5548177
NR,pAC50,189,8.279,8.521389
NR,pAC50,190,8.273,8.679706
NR,pAC50,191,8.084,7.708591
NR,pAC50,192,5.494,5.7688546
NR,pAC50,193,8.085,8.58574
NR,pAC50,194,5.939,5.9118085
NR,pAC50,195,6.753,5.9727263
NR,pAC50,196,9.046,8.484676
NR,pAC50,197,8.658,7.5972943
NR,pAC50,198,7.638,7.8453474
NR,pAC50,199,7.469,7.5972524
NR,pAC50,200,7.222,7.484751
NR,pAC50,201,7.745,8.037062
NR,pAC50,202,7.658,7.7862678
NR,pAC50,203,7.824,8.105016
NR,pAC50,204,7.244,7.0813684
NR,pAC50,205,6.66,6.7993636
NR,pAC50,206,8.076,8.439071
NR,pAC50,207,7.506,8.081502
NR,pAC50,208,7.301,7.7297425
NR,pAC50,209,8.244,7.3316293
NR,pAC50,210,6.827,7.196671
NR,pAC50,211,7.509,6.1262417
NR,pAC50,212,8.377,8.622558
NR,pAC50,213,8.678,8.619252
NR,pAC50,214,8.252,8.258046
NR,pAC50,215,5.333,5.534414
NR,pAC50,216,6.022,6.9508185
NR,pAC50,217,7.229,6.81613
NR,pAC50,218,5.986,7.0296755
NR,pAC50,219,6.996,7.274999
NR,pAC50,220,5.994,6.525987
NR,pAC50,221,6.613,6.3500886
NR,pAC50,222,5.735,5.7903533
NR,pAC50,223,5.929,5.6608186
NR,pAC50,224,8.959,8.304925
NR,pAC50,225,4.294,6.8978724
NR,pAC50,226,6.585,7.4056096
NR,pAC50,227,8.824,7.3522167
NR,pAC50,228,8.553,8.050437
NR,pAC50,229,8.432,8.129329
NR,pAC50,230,5.745,7.621777
NR,pAC50,231,8.967,8.510892
NR,pAC50,232,7.596,8.537514
NR,pAC50,233,6.437,6.5675845
NR,pAC50,234,3.379,4.339901
NR,pAC50,235,7.114,6.707634
NR,pAC50,236,6.516,5.75604
NR,pAC50,237,5.208,6.394208
NR,pAC50,238,5.752,6.244865
NR,pAC50,239,7.824,7.949362
NR,pAC50,240,6.881,6.466862
NR,pAC50,241,6.489,6.333736
NR,pAC50,242,6.973,7.008264
NR,pAC50,243,7.699,7.713646
NR,pAC50,244,4.301,4.5138173
NR,pAC50,245,6.097,6.779287
NR,pAC50,246,6.58,6.4861207
NR,pAC50,247,6.451,6.80267
NR,pAC50,248,6.231,7.044662
NR,pAC50,249,6.764,6.8039603
NR,pAC50,250,7.668,7.6866117
NR,pAC50,251,6.58,6.7048783
NR,pAC50,252,5.96,5.630365
NR,pAC50,253,5.0,5.336903
NR,pAC50,254,5.994,6.2263136
NR,pAC50,255,6.509,6.012346
NR,pAC50,256,5.131,4.857615
NR,pAC50,257,5.398,5.1986094
NR,pAC50,258,4.896,4.0979714
NR,pAC50,259,4.483,4.829566
NR,pAC50,260,6.63,6.236755
NR,pAC50,261,4.581,4.5845947
NR,pAC50,262,4.544,4.3985133
NR,pAC50,263,6.469,6.2254224
NR,pAC50,264,6.387,6.3731174
NR,pAC50,265,6.112,5.8134494
NR,pAC50,266,4.88,5.1829677
NR,pAC50,267,4.602,4.9674835
NR,pAC50,268,7.745,7.205587
NR,pAC50,269,7.143,6.7661963
NR,pAC50,270,7.456,7.068272
NR,pAC50,271,6.425,6.7274947
NR,pAC50,272,7.497,7.81666
NR,pAC50,273,8.301,7.6948123
NR,pAC50,274,7.849,8.116895
NR,pAC50,275,8.319,8.484317
NR,pAC50,276,8.495,8.408754
NR,pAC50,277,7.927,7.5180135
NR,pAC50,278,6.37,7.8707175
NR,pAC50,279,4.31,4.502504
NR,pAC50,280,5.488,5.658428
NR,pAC50,281,6.225,5.4890113
NR,pAC50,282,5.24,6.01763
NR,pAC50,283,6.62,6.157367
NR,pAC50,284,6.125,6.30809
NR,pAC50,285,8.824,10.061812
NR,pAC50,286,7.585,8.227736
NR,pAC50,287,9.523,9.838927
NR,pAC50,288,8.808,9.512474
NR,pAC50,289,6.461,6.9430957
NR,pAC50,290,6.479,6.5086627
NR,pAC50,291,5.71,5.824796
NR,pAC50,292,5.045,5.545223
NR,pAC50,293,7.367,6.829148
NR,pAC50,294,7.301,6.5772667
NR,pAC50,295,6.77,7.2050066
NR,pAC50,296,6.854,7.3574667
NR,pAC50,297,5.424,6.457502
NR,pAC50,298,7.799,8.7911215
NR,pAC50,299,7.7,8.450941
NR,pAC50,300,8.798,9.561577
NR,pAC50,301,9.2,9.443561
NR,pAC50,302,7.699,7.6219974
NR,pAC50,303,6.896,7.53894
NR,pAC50,304,6.777,8.280684
NR,pAC50,305,4.897,4.8513236
NR,pAC50,306,9.721,9.669465
NR,pAC50,307,4.727,5.7844586
NR,pAC50,308,4.551,4.667526
NR,pAC50,309,6.477,6.5780425
NR,pAC50,310,5.3,5.5108027
NR,pAC50,311,5.848,5.470668
NR,pAC50,312,5.061,5.347598
NR,pAC50,313,5.018,5.8200927
NR,pAC50,314,7.268,7.434274
NR,pAC50,315,7.77,5.9358764
NR,pAC50,316,5.331,6.086518
NR,pAC50,317,7.111,7.163442
NR,pAC50,318,7.31,7.2940316
NR,pAC50,319,6.367,6.8819146
NR,pAC50,320,4.403,5.139979
NR,pAC50,321,6.398,6.5982666
NR,pAC50,322,6.068,5.7333283
NR,pAC50,323,6.348,6.9561534
NR,pAC50,324,6.357,5.404045
NR,pAC50,325,5.77,5.4704013
NR,pAC50,326,7.415,7.5192423
NR,pAC50,327,7.569,7.184995
NR,pAC50,328,7.218,7.3398547
NR,pAC50,329,7.523,7.1136975
NR,pAC50,330,7.699,7.7174478
NR,pAC50,331,7.921,7.341308
NR,pAC50,332,8.7,7.980021
NR,pAC50,333,8.045,7.9965005
NR,pAC50,334,7.9,7.5131216
NR,pAC50,335,7.9,8.145952
NR,pAC50,336,7.976,8.387974
NR,pAC50,337,6.725,6.8088574
NR,pAC50,338,8.409,8.33986
NR,pAC50,339,6.449,6.6347833
NR,pAC50,340,6.77,8.100051
NR,pAC50,341,7.027,7.4674478
NR,pAC50,342,8.26,7.4123654
NR,pAC50,343,6.011,6.9059243
NR,pAC50,344,7.912,7.6457796
NR,pAC50,345,7.77,7.8668623
NR,pAC50,346,7.301,7.4392467
NR,pAC50,347,7.544,7.175835
NR,pAC50,348,8.699,8.393175
NR,pAC50,349,8.678,8.217419
NR,pAC50,350,8.252,7.568873
NR,pAC50,351,7.333,7.5159507
NR,pAC50,352,7.187,7.965097
NR,pAC50,353,6.848,7.0471425
NR,pAC50,354,8.081,8.3999815
NR,pAC50,355,8.658,8.662013
NR,pAC50,356,8.155,8.352941
NR,pAC50,357,6.699,6.9895334
NR,pAC50,358,7.886,6.943932
NR,pAC50,359,9.301,9.105301
NR,pAC50,360,8.357,8.1183
NR,pAC50,361,6.747,7.2838616
NR,pAC50,362,8.678,9.131109
NR,pAC50,363,8.975,8.533638
NR,pAC50,364,6.45,6.656197
NR,pAC50,365,7.222,7.383021
NR,pAC50,366,7.49,7.9754567
NR,pAC50,367,8.233,7.97045
NR,pAC50,368,5.796,5.9667563
NR,pAC50,369,5.301,5.062188
NR,pAC50,370,5.699,5.5281067
NR,pAC50,371,6.955,7.235277
NR,pAC50,372,8.886,9.232184
NR,pAC50,373,7.311,7.610703
NR,pAC50,374,7.824,7.4210443
NR,pAC50,375,7.108,7.0203414
NR,pAC50,376,8.0,8.208382
NR,pAC50,377,8.305,8.391848
NR,pAC50,378,7.013,7.1350627
NR,pAC50,379,5.558,5.6615276
NR,pAC50,380,4.488,5.0894537
NR,pAC50,381,6.328,7.2513633
NR,pAC50,382,8.292,8.300998
NR,pAC50,383,7.798,7.244689
NR,pAC50,384,8.37,7.9533143
NR,pAC50,385,5.337,6.1383204
NR,pAC50,386,8.553,8.108793
NR,pAC50,387,5.629,6.218305
NR,pAC50,388,7.954,8.128388
NR,pAC50,389,10.046,9.886352
NR,pAC50,390,7.252,7.7567835
NR,pAC50,391,7.617,8.441205
NR,pAC50,392,8.432,7.8908286
NR,pAC50,393,7.585,7.999641
NR,pAC50,394,7.319,7.2350698
NR,pAC50,395,7.367,7.47648
NR,pAC50,396,8.538,8.147475
NR,pAC50,397,6.606,8.35492
NR,pAC50,398,7.455,7.376884
NR,pAC50,399,7.1,7.468206
NR,pAC50,400,7.268,6.9461365
NR,pAC50,401,8.292,8.455243
NR,pAC50,402,7.259,8.466686
NR,pAC50,403,5.602,5.6523614
NR,pAC50,404,7.425,7.295165
NR,pAC50,405,7.544,8.099441
NR,pAC50,406,7.237,7.255599
NR,pAC50,407,7.208,7.1536264
NR,pAC50,408,8.081,7.9965806
NR,pAC50,409,7.678,7.55521
NR,pAC50,410,7.699,7.737847
NR,pAC50,411,6.324,6.698265
NR,pAC50,412,7.509,7.3888183
NR,pAC50,413,6.161,6.5787597
NR,pAC50,414,6.301,6.5791936
NR,pAC50,415,6.596,7.982389
NR,pAC50,416,7.097,6.8871655
NR,pAC50,417,6.77,6.3226833
NR,pAC50,418,9.155,8.136008
NR,pAC50,419,8.638,8.081825
NR,pAC50,420,8.398,8.562259
NR,pAC50,421,8.301,8.408491
NR,pAC50,422,6.509,6.0972705
NR,pAC50,423,5.781,5.7402225
NR,pAC50,424,4.811,4.4260583
NR,pAC50,425,4.874,4.8522344
NR,pAC50,426,4.74,5.99918
NR,pAC50,427,4.567,4.9076247
NR,pAC50,428,4.633,6.45255
NR,pAC50,429,5.418,5.300838
NR,pAC50,430,4.747,4.357948
NR,pAC50,431,4.66,6.1686954
NR,pAC50,432,4.415,4.593312
NR,pAC50,433,7.097,5.6880193
NR,pAC50,434,5.79,6.4407487
NR,pAC50,435,5.292,5.196062
NR,pAC50,436,4.761,4.430715
NR,pAC50,437,4.897,3.884571
NR,pAC50,438,4.72,4.809853
NR,pAC50,439,4.942,3.6964185
NR,pAC50,440,4.762,5.2566934
NR,pAC50,441,4.483,4.597162
NR,pAC50,442,4.845,4.0574145
NR,pAC50,443,2.0,5.293598
NR,pAC50,444,4.894,5.161596
NR,pAC50,445,5.179,3.960858
NR,pAC50,446,3.77,3.9411778
NR,pAC50,447,6.863,6.9006896
NR,pAC50,448,6.684,6.652313
NR,pAC50,449,8.577,8.729107
NR,pAC50,450,9.367,8.82281
NR,pAC50,451,9.569,8.692441
NR,pAC50,452,9.301,9.147494
NR,pAC50,453,8.602,8.762742
NR,pAC50,454,6.987,6.6979713
NR,pAC50,455,9.222,8.974976
NR,pAC50,456,8.745,8.721732
NR,pAC50,457,8.921,8.7410555
NR,pAC50,458,5.622,6.904556
NR,pAC50,459,7.357,7.0194964
NR,pAC50,460,5.391,6.3574653
NR,pAC50,461,8.222,6.9277663
NR,pAC50,462,5.301,5.4152966
NR,pAC50,463,6.323,7.094909
NR,pAC50,464,6.149,7.0518146
NR,pAC50,465,7.658,7.4046445
NR,pAC50,466,8.0,6.510304
NR,pAC50,467,7.398,7.4444356
NR,pAC50,468,8.7,6.8257866
NR,pAC50,469,7.036,6.92611
NR,pAC50,470,5.578,6.30437
NR,pAC50,471,6.575,6.4149604
NR,pAC50,472,6.936,6.6395135
NR,pAC50,473,6.261,6.183637
NR,pAC50,474,7.284,7.042974
NR,pAC50,475,6.149,6.6581645
NR,pAC50,476,7.431,7.525019
NR,pAC50,477,5.231,4.87661
NR,pAC50,478,7.023,7.1573205
NR,pAC50,479,5.175,5.206844
NR,pAC50,480,6.174,6.885548
NR,pAC50,481,7.854,8.725215
NR,pAC50,482,8.036,7.556801
NR,pAC50,483,4.26,4.5626664
NR,pAC50,484,5.963,5.2080464
NR,pAC50,485,7.602,7.413444
NR,pAC50,486,6.312,5.8731785
NR,pAC50,487,5.381,5.8241925
NR,pAC50,488,5.483,5.313502
NR,pAC50,489,5.724,5.747535
NR,pAC50,490,5.502,5.2335496
NR,pAC50,491,6.947,6.7460823
NR,pAC50,492,5.395,6.7486396
NR,pAC50,493,6.64,6.7549825
NR,pAC50,494,6.002,6.3557477
NR,pAC50,495,6.469,5.9093237
NR,pAC50,496,6.407,6.1195035
NR,pAC50,497,7.328,7.012981
NR,pAC50,498,6.83,6.5912857
NR,pAC50,499,5.08,5.0897784
NR,pAC50,500,7.131,7.443794
NR,pAC50,501,8.154,7.1715913
NR,pAC50,502,6.311,7.072672
NR,pAC50,503,7.959,7.037921
NR,pAC50,504,7.998,8.105579
NR,pAC50,505,4.188,5.369807
NR,pAC50,506,6.194,6.5543046
NR,pAC50,507,8.646,8.645085
NR,pAC50,508,5.495,6.0161815
NR,pAC50,509,5.086,3.807831
NR,pAC50,510,4.5,4.6897154
NR,pAC50,511,9.0,9.743722
NR,pAC50,512,7.244,7.7376714
NR,pAC50,513,7.77,7.466654
NR,pAC50,514,9.0,8.230108
NR,pAC50,515,9.523,8.244912
NR,pAC50,516,6.638,6.654054
NR,pAC50,517,6.193,6.987073
NR,pAC50,518,6.81,7.886958
NR,pAC50,519,6.754,6.825513
NR,pAC50,520,6.996,6.886501
NR,pAC50,521,6.019,6.880708
NR,pAC50,522,6.959,7.961972
NR,pAC50,523,7.31,7.345456
NR,pAC50,524,6.678,7.2338605
NR,pAC50,525,5.574,5.896178
NR,pAC50,526,8.668,8.363271
NR,pAC50,527,7.242,6.9188514
NR,pAC50,528,5.742,5.6579695
NR,pAC50,529,6.928,6.7988944
NR,pAC50,530,6.456,6.823682
NR,pAC50,531,7.097,6.381878
NR,pAC50,532,5.301,5.363423
NR,pAC50,533,5.517,5.6681104
NR,pAC50,534,8.0,7.6948566
NR,pAC50,535,8.222,8.177186
NR,pAC50,536,5.98,5.826652
NR,pAC50,537,6.818,7.778237
NR,pAC50,538,8.022,8.137685
NR,pAC50,539,7.119,7.8592596
NR,pAC50,540,6.917,8.2139635
NR,pAC50,541,8.941,8.556686
NR,pAC50,542,8.886,8.767339
NR,pAC50,543,6.394,6.0206676
NR,pAC50,544,6.241,6.1187134
NR,pAC50,545,5.199,5.2606034
NR,pAC50,546,4.417,4.877972
NR,pAC50,547,7.0,7.7304482
NR,pAC50,548,6.509,6.1013274
NR,pAC50,549,6.101,5.7906833
NR,pAC50,550,6.189,6.1100965
NR,pAC50,551,6.058,5.98689
NR,pAC50,552,6.096,5.9494815
NR,pAC50,553,6.907,6.9036875
NR,pAC50,554,7.114,4.3919535
NR,pAC50,555,6.824,6.975004
NR,pAC50,556,9.523,9.697923
NR,pAC50,557,5.66,5.4779754
NR,pAC50,558,7.328,7.219711
NR,pAC50,559,6.268,5.992609
NR,pAC50,560,8.244,8.472306
NR,pAC50,561,6.398,7.3259344
NR,pAC50,562,3.317,4.928429
NR,pAC50,563,6.833,7.4884033
NR,pAC50,564,6.368,7.1281033
NR,pAC50,565,7.678,7.358769
NR,pAC50,566,6.658,6.388383
NR,pAC50,567,6.097,6.122647
NR,pAC50,568,4.315,4.939254
NR,pAC50,569,5.728,6.1110544
NR,pAC50,570,7.398,7.639649
NR,pAC50,571,6.058,6.2398887
NR,pAC50,572,6.114,6.2286906
NR,pAC50,573,7.678,6.9308043
NR,pAC50,574,9.155,9.287093
NR,pAC50,575,5.26,6.115501
NR,pAC50,576,6.569,6.6265626
NR,pAC50,577,5.909,5.5833554
NR,pAC50,578,5.915,5.536171
NR,pAC50,579,7.328,7.41272
NR,pAC50,580,7.79,6.494115
NR,pAC50,581,5.665,6.658323
NR,pAC50,582,6.9,7.124122
NR,pAC50,583,5.642,5.509178
NR,pAC50,584,4.123,5.237452
NR,pAC50,585,8.398,8.032495
NR,pAC50,586,6.435,6.945174
NR,pAC50,587,4.973,4.769192
NR,pAC50,588,5.325,5.266018
NR,pAC50,589,7.704,6.6234527
NR,pAC50,590,5.839,5.8101196
NR,pAC50,591,4.959,5.01955
NR,pAC50,592,6.078,6.8268046
NR,pAC50,593,6.143,6.446904
NR,pAC50,594,7.921,6.6985397
NR,pAC50,595,7.301,7.167851
NR,pAC50,596,6.194,6.3071265
NR,pAC50,597,4.62,4.460917
NR,pAC50,598,4.627,5.1230073
NR,pAC50,599,4.928,5.483731
NR,pAC50,600,4.569,5.1074357
NR,pAC50,601,5.62,5.949652
NR,pAC50,602,6.053,7.4102645
NR,pAC50,603,5.602,5.638483
NR,pAC50,604,7.179,7.3911343
NR,pAC50,605,8.523,8.473246
NR,pAC50,606,7.328,7.0293446
NR,pAC50,607,11.516,10.787041
NR,pAC50,608,6.9,6.644577
NR,pAC50,609,7.678,7.78862
NR,pAC50,610,6.292,6.24716
NR,pAC50,611,6.328,6.922072
NR,pAC50,612,6.056,5.4442163
NR,pAC50,613,6.509,6.5117917
NR,pAC50,614,6.721,6.5891066
NR,pAC50,615,7.538,7.334621
NR,pAC50,616,6.371,5.9009547
NR,pAC50,617,6.393,6.5925145
NR,pAC50,618,5.903,5.6436715
NR,pAC50,619,6.839,5.732919
NR,pAC50,620,6.745,7.2097373
NR,pAC50,621,7.337,7.623021
NR,pAC50,622,7.456,7.8832774
NR,pAC50,623,6.678,7.60978
NR,pAC50,624,7.523,7.0646415
NR,pAC50,625,8.097,8.353442
NR,pAC50,626,6.481,5.9949746
NR,pAC50,627,8.796,8.2890415
NR,pAC50,628,6.114,6.5741396
NR,pAC50,629,5.495,5.653595
NR,pAC50,630,5.658,6.008963
NR,pAC50,631,9.125,8.708939
NR,pAC50,632,7.903,9.111029
NR,pAC50,633,7.348,7.6047134
NR,pAC50,634,9.301,9.12878
NR,pAC50,635,8.143,7.385735
NR,pAC50,636,6.0,5.96276
NR,pAC50,637,8.301,8.176702
NR,pAC50,638,6.0,6.455059
NR,pAC50,639,6.276,6.006012
NR,pAC50,640,6.143,5.5078373
NR,pAC50,641,6.131,5.96262
NR,pAC50,642,5.69,5.629527
NR,pAC50,643,6.306,5.9019375
NR,pAC50,644,5.62,5.6734343
NR,pAC50,645,5.77,5.9038987
NR,pAC50,646,5.4,5.788627
NR,pAC50,647,7.131,7.20896
NR,pAC50,648,7.125,7.5133386
NR,pAC50,649,7.529,7.7656436
NR,pAC50,650,6.201,6.298983
NR,pAC50,651,5.658,5.911484
NR,pAC50,652,7.509,6.6576133
NR,pAC50,653,8.796,8.855578
NR,pAC50,654,6.409,6.1439233
NR,pAC50,655,6.553,6.470374
NR,pAC50,656,6.137,6.3100247
NR,pAC50,657,6.796,7.352383
NR,pAC50,658,7.143,7.5990043
NR,pAC50,659,5.105,5.060867
NR,pAC50,660,5.337,5.5229096
NR,pAC50,661,6.177,6.209027
NR,pAC50,662,6.705,7.0975733
NR,pAC50,663,7.648,7.9521976
NR,pAC50,664,7.602,7.968326
NR,pAC50,665,7.804,7.5975447
NR,pAC50,666,9.949,9.897216
NR,pAC50,667,9.328,9.840739
NR,pAC50,668,7.0,7.5660844
NR,pAC50,669,6.495,6.741712
NR,pAC50,670,4.886,4.3922977
NR,pAC50,671,7.426,8.030362
NR,pAC50,672,7.201,7.518044
NR,pAC50,673,8.481,8.56232
NR,pAC50,674,7.398,8.211003
NR,pAC50,675,9.0,8.8200445
NR,pAC50,676,7.301,7.8930516
NR,pAC50,677,7.903,7.4749236
NR,pAC50,678,8.0,7.643232
NR,pAC50,679,6.648,6.0217433
NR,pAC50,680,7.721,8.158119
NR,pAC50,681,6.289,5.6720347
NR,pAC50,682,7.201,7.193985
NR,pAC50,683,8.678,8.026082
NR,pAC50,684,5.0,6.2016006
NR,pAC50,685,6.303,6.424484
NR,pAC50,686,6.975,7.0999484
NR,pAC50,687,6.495,7.7679896
NR,pAC50,688,5.921,6.0398707
NR,pAC50,689,4.357,5.3243976
NR,pAC50,690,5.0,5.184731
NR,pAC50,691,5.195,4.8085713
NR,pAC50,692,5.319,4.703272
NR,pAC50,693,5.772,5.633754
NR,pAC50,694,5.84,5.966013
NR,pAC50,695,6.965,6.298116
NR,pAC50,696,5.707,6.125209
NR,pAC50,697,5.137,4.6718717
NR,pAC50,698,7.495,6.8501954
NR,pAC50,699,5.492,5.853107
NR,pAC50,700,4.976,5.3283134
NR,pAC50,701,5.745,5.7426033
NR,pAC50,702,6.523,6.3850274
NR,pAC50,703,6.131,6.3501744
NR,pAC50,704,5.569,6.2266374
NR,pAC50,705,4.357,5.34452
NR,pAC50,706,5.796,5.9036784
NR,pAC50,707,8.523,8.075137
NR,pAC50,708,6.721,5.773662
NR,pAC50,709,6.481,6.0424533
NR,pAC50,710,6.194,5.949843
NR,pAC50,711,4.636,5.633796
NR,pAC50,712,8.679,7.782641
NR,pAC50,713,5.787,6.312218
NR,pAC50,714,5.721,5.679478
NR,pAC50,715,7.959,6.4107776
NR,pAC50,716,5.2,5.797475
NR,pAC50,717,5.4,5.6083417
NR,pAC50,718,5.4,5.227446
NR,pAC50,719,5.4,5.6160064
NR,pAC50,720,5.2,4.996342
NR,pAC50,721,5.3,5.410568
NR,pAC50,722,5.734,5.539508
NR,pAC50,723,8.347,8.498696
NR,pAC50,724,6.306,6.4098344
NR,pAC50,725,6.757,6.7487144
NR,pAC50,726,5.67,7.1284537
NR,pAC50,727,4.967,5.5029
NR,pAC50,728,7.8,7.7817454
NR,pAC50,729,8.0,8.081811
NR,pAC50,730,6.7,7.006809
NR,pAC50,731,8.3,8.049533
NR,pAC50,732,7.678,7.4758725
NR,pAC50,733,6.801,6.255156
NR,pAC50,734,4.979,5.3742623
NR,pAC50,735,5.441,5.5589037
NR,pAC50,736,7.481,7.2016177
NR,pAC50,737,7.77,7.4559426
NR,pAC50,738,6.959,7.324574
NR,pAC50,739,7.301,7.817389
NR,pAC50,740,6.62,6.644917
NR,pAC50,741,7.167,7.914694
NR,pAC50,742,7.848,8.033428
NR,pAC50,743,8.495,8.490639
NR,pAC50,744,6.034,6.0317197
NR,pAC50,745,7.08,7.12332
NR,pAC50,746,4.495,5.3568387
NR,pAC50,747,6.695,6.357096
NR,pAC50,748,5.392,5.8114257
NR,pAC50,749,5.648,5.613903
NR,pAC50,750,6.118,7.4104085
NR,pAC50,751,7.824,7.640405
NR,pAC50,752,7.215,7.534469
NR,pAC50,753,6.721,6.768095
NR,pAC50,754,6.268,5.977842
NR,pAC50,755,7.553,7.524694
NR,pAC50,756,7.658,7.582927
NR,pAC50,757,6.432,5.6641765
NR,pAC50,758,7.152,7.0296855
NR,pAC50,759,7.757,7.1544366
NR,pAC50,760,7.569,7.6715717
NR,pAC50,761,6.241,6.8060308
NR,pAC50,762,2.25,2.25623
NR,pAC50,763,3.22,3.0515096
NR,pAC50,764,6.745,6.2411957
NR,pAC50,765,7.046,6.39516
NR,pAC50,766,7.602,8.619391
NR,pAC50,767,4.959,5.168306
NR,pAC50,768,5.046,5.0994716
NR,pAC50,769,5.0,5.019574
NR,pAC50,770,8.301,9.248967
NR,pAC50,771,5.69,6.1126237
NR,pAC50,772,5.854,6.2857137
NR,pAC50,773,6.799,6.733591
NR,pAC50,774,6.319,7.423051
NR,pAC50,775,6.796,6.8024693
NR,pAC50,776,7.347,7.195479
NR,pAC50,777,5.979,6.1149163
NR,pAC50,778,8.0,7.7842107
NR,pAC50,779,6.5,6.2906027
NR,pAC50,780,6.988,7.244903
NR,pAC50,781,7.319,7.3988786
NR,pAC50,782,4.25,5.5902042
NR,pAC50,783,5.094,6.5507655
NR,pAC50,784,6.638,6.507588
NR,pAC50,785,5.678,6.147921
NR,pAC50,786,7.155,7.224812
NR,pAC50,787,6.854,7.291595
NR,pAC50,788,6.301,5.905199
NR,pAC50,789,5.638,5.609762
NR,pAC50,790,7.469,6.4332767
NR,pAC50,791,7.174,7.4546914
NR,pAC50,792,7.143,7.872952
NR,pAC50,793,7.495,7.2595687
NR,pAC50,794,4.432,4.8139825
NR,pAC50,795,4.824,5.653322
NR,pAC50,796,5.659,5.3103724
NR,pAC50,797,5.627,5.865977
NR,pAC50,798,5.161,5.0605464
NR,pAC50,799,4.367,4.325352
NR,pAC50,800,5.252,5.1096582
NR,pAC50,801,5.678,5.590034
NR,pAC50,802,4.932,5.5491915
NR,pAC50,803,4.889,5.3664236
NR,pAC50,804,7.301,6.7071276
NR,pAC50,805,5.369,5.5993876
NR,pAC50,806,5.261,5.599387
NR,pAC50,807,7.398,6.7811017
NR,pAC50,808,5.699,5.78705
NR,pAC50,809,6.738,9.2715645
NR,pAC50,810,6.119,5.532568
NR,pAC50,811,5.26,5.279684
NR,pAC50,812,6.495,6.238155
NR,pAC50,813,5.688,5.6133013
NR,pAC50,814,8.699,8.275947
NR,pAC50,815,4.903,5.085435
NR,pAC50,816,9.0,8.55
NR,pAC50,817,9.222,8.8668785
NR,pAC50,818,9.523,9.09364
NR,pAC50,819,7.276,7.9626307
NR,pAC50,820,6.19,6.9898705
NR,pAC50,821,8.699,7.5090265
NR,pAC50,822,7.921,8.117406
NR,pAC50,823,7.959,6.9818416
NR,pAC50,824,7.495,7.8120484
NR,pAC50,825,9.939,8.075137
NR,pAC50,826,6.682,7.417892
NR,pAC50,827,6.607,7.882703
NR,pAC50,828,9.097,7.8153906
NR,pAC50,829,8.699,8.005503
NR,pAC50,830,7.456,6.820484
NR,pAC50,831,8.301,8.226196
NR,pAC50,832,6.652,7.628183
NR,pAC50,833,7.137,8.102263
NR,pAC50,834,7.237,6.723511
NR,pAC50,835,8.301,8.077734
NR,pAC50,836,9.0,8.497871
NR,pAC50,837,8.097,8.076123
NR,pAC50,838,7.959,6.2544436
NR,pAC50,839,8.071,7.957947
NR,pAC50,840,8.046,8.127154
NR,pAC50,841,6.83,6.655432
NR,pAC50,842,7.208,6.3209844
NR,pAC50,843,4.59,4.6703515
NR,pAC50,844,6.87,7.3803134
NR,pAC50,845,6.796,6.742782
NR,pAC50,846,6.991,6.5615373
NR,pAC50,847,5.838,5.214339
NR,pAC50,848,8.301,7.552136
NR,pAC50,849,6.155,6.3502
NR,pAC50,850,5.194,5.1968846
NR,pAC50,851,4.996,5.4932804
NR,pAC50,852,7.0,4.433267
NR,pAC50,853,2.46,2.6280131
NR,pAC50,854,5.699,5.649465
NR,pAC50,855,5.553,5.671182
NR,pAC50,856,5.745,5.2879663
NR,pAC50,857,5.398,5.4933553
NR,pAC50,858,5.155,5.5288215
NR,pAC50,859,5.784,5.423756
NR,pAC50,860,5.823,5.682513
NR,pAC50,861,7.658,8.285264
NR,pAC50,862,5.939,5.9485316
NR,pAC50,863,5.514,5.8444023
NR,pAC50,864,5.481,5.513545
NR,pAC50,865,5.888,5.9496093
NR,pAC50,866,6.699,6.755795
NR,pAC50,867,5.339,5.493383
NR,pAC50,868,4.602,4.7499304
NR,pAC50,869,6.433,6.58559
NR,pAC50,870,7.125,6.6708026
NR,pAC50,871,6.538,6.146766
NR,pAC50,872,6.38,6.563247
NR,pAC50,873,6.815,6.5421405
NR,pAC50,874,7.26,6.9092793
NR,pAC50,875,8.699,6.875694
NR,pAC50,876,6.423,7.4532714
NR,pAC50,877,6.333,5.9247255
NR,pAC50,878,6.538,7.1087356
NR,pAC50,879,5.892,5.1342893
NR,pAC50,880,6.415,7.0628195
NR,pAC50,881,5.656,5.9912896
NR,pAC50,882,6.9,6.934287
NR,pAC50,883,6.996,7.5150895
NR,pAC50,884,6.697,6.719838
NR,pAC50,885,7.347,6.7568297
NR,pAC50,886,7.638,7.1923766
NR,pAC50,887,6.093,6.6045847
NR,pAC50,888,5.733,5.7808976
NR,pAC50,889,6.051,5.895454
NR,pAC50,890,2.33,2.0731843
NR,pAC50,891,6.538,6.7370286
NR,pAC50,892,7.77,8.30726
NR,pAC50,893,5.573,5.6205454
NR,pAC50,894,6.131,6.921164
NR,pAC50,895,7.076,7.4228806
NR,pAC50,896,6.432,6.600538
NR,pAC50,897,5.069,5.6037297
NR,pAC50,898,5.674,6.3417654
NR,pAC50,899,4.886,4.9678698
NR,pAC50,900,4.398,5.2339387
NR,pAC50,901,9.0,9.04612
NR,pAC50,902,7.301,7.6862717
NR,pAC50,903,7.523,7.1097283
NR,pAC50,904,4.569,4.9431596
NR,pAC50,905,3.0,4.519962
NR,pAC50,906,5.857,5.7616515
NR,pAC50,907,5.398,5.511601
NR,pAC50,908,6.796,6.5633082
NR,pAC50,909,5.569,6.012571
NR,pAC50,910,5.83,5.528445
NR,pAC50,911,5.553,6.003394
NR,pAC50,912,4.276,4.9368258
NR,pAC50,913,6.367,6.943453
NR,pAC50,914,6.252,5.261519
NR,pAC50,915,5.793,5.5862966
NR,pAC50,916,4.551,4.7098565
NR,pAC50,917,8.699,7.4814224
NR,pAC50,918,5.804,6.91496
NR,pAC50,919,5.3,4.79713
NR,pAC50,920,6.064,5.9852676
NR,pAC50,921,7.444,6.733276
NR,pAC50,922,5.481,5.9854302
NR,pAC50,923,5.622,5.3398523
NR,pAC50,924,5.4,5.9881873
NR,pAC50,925,8.0,7.0870175
NR,pAC50,926,8.0,7.930404
NR,pAC50,927,5.244,7.1938233
NR,pAC50,928,6.051,6.4419713
NR,pAC50,929,7.161,6.1898685
NR,pAC50,930,5.724,6.1024995
NR,pAC50,931,8.222,7.215803
NR,pAC50,932,8.523,8.615867
NR,pAC50,933,5.3,5.492639
NR,pAC50,934,4.478,4.5118146
NR,pAC50,935,5.699,7.028498
NR,pAC50,936,8.155,8.364636
NR,pAC50,937,5.377,5.3211923
NR,pAC50,938,5.337,5.572334
NR,pAC50,939,6.201,6.35845
NR,pAC50,940,6.398,5.742356
NR,pAC50,941,4.724,5.100496
NR,pAC50,942,5.854,5.848639
NR,pAC50,943,5.959,5.957675
NR,pAC50,944,7.699,7.0575614
NR,pAC50,945,8.523,7.0835567
NR,pAC50,946,7.854,7.062819
NR,pAC50,947,5.625,6.267095
NR,pAC50,948,3.128,3.693858
NR,pAC50,949,6.569,5.95838
NR,pAC50,950,7.569,7.2865524
NR,pAC50,951,6.587,6.5348353
NR,pAC50,952,7.06,7.034227
NR,pAC50,953,6.955,6.969095
NR,pAC50,954,5.392,4.9916005
NR,pAC50,955,7.101,5.0076385
NR,pAC50,956,5.054,5.918705
NR,pAC50,957,6.44,7.7624736
NR,pAC50,958,4.432,6.2700267
NR,pAC50,959,6.889,6.906476
NR,pAC50,960,7.14,4.4005547
NR,pAC50,961,4.598,5.3518453
NR,pAC50,962,5.387,6.6548605
NR,pAC50,963,5.032,5.7773433
NR,pAC50,964,4.737,4.696672
NR,pAC50,965,4.699,4.2530417
NR,pAC50,966,7.697,7.764191
NR,pAC50,967,7.847,7.723396
NR,pAC50,968,7.904,7.8533616
NR,pAC50,969,7.432,7.448149
NR,pAC50,970,6.936,7.126929
NR,pAC50,971,8.222,7.930062
NR,pAC50,972,7.292,7.251167
NR,pAC50,973,6.48,6.8995547
NR,pAC50,974,7.409,7.3296814
NR,pAC50,975,6.417,6.624002
NR,pAC50,976,8.921,8.371594
NR,pAC50,977,6.86,7.6238675
NR,pAC50,978,5.716,5.4067655
NR,pAC50,979,8.824,7.0882173
NR,pAC50,980,6.153,6.644246
NR,pAC50,981,5.983,7.0744076
NR,pAC50,982,7.432,7.7614875
NR,pAC50,983,6.573,8.168262
NR,pAC50,984,8.796,8.6973505
NR,pAC50,985,8.097,7.0015397
NR,pAC50,986,8.959,8.481829
NR,pAC50,987,9.9,7.7129188
NR,pAC50,988,8.301,8.372241
NR,pAC50,989,6.247,7.151895
NR,pAC50,990,7.886,7.7208776
NR,pAC50,991,8.347,8.3285055
NR,pAC50,992,7.237,7.61781
NR,pAC50,993,6.975,5.848887
NR,pAC50,994,6.701,7.6707773
NR,pAC50,995,5.254,5.2911325
NR,pAC50,996,7.924,8.668294
NR,pAC50,997,7.06,6.847444
NR,pAC50,998,4.854,5.3657928
NR,pAC50,999,5.142,5.828795
NR,pAC50,1000,7.585,7.1903462
NR,pAC50,1001,4.769,5.460195
NR,pAC50,1002,7.569,7.4947705
NR,pAC50,1003,7.796,7.558428
NR,pAC50,1004,5.883,5.208267
NR,pAC50,1005,5.362,5.74668
NR,pAC50,1006,5.049,5.284684
NR,pAC50,1007,8.602,8.30783
NR,pAC50,1008,6.504,8.691926
NR,pAC50,1009,8.903,8.882491
NR,pAC50,1010,8.158,8.416699
NR,pAC50,1011,7.161,6.8487697
NR,pAC50,1012,8.398,8.4171295
NR,pAC50,1013,5.559,5.545176
NR,pAC50,1014,5.31,7.906558
NR,pAC50,1015,6.523,6.497167
NR,pAC50,1016,6.854,6.0903945
NR,pAC50,1017,5.886,6.312697
NR,pAC50,1018,5.31,5.9271235
NR,pAC50,1019,6.405,5.742556
NR,pAC50,1020,7.469,7.374623
NR,pAC50,1021,8.875,8.405431
NR,pAC50,1022,6.071,5.841789
NR,pAC50,1023,8.009,7.6440287
NR,pAC50,1024,4.666,4.579355
NR,pAC50,1025,5.06,4.7789617
NR,pAC50,1026,5.405,5.737824
NR,pAC50,1027,7.347,7.378776
NR,pAC50,1028,7.721,8.983251
NR,pAC50,1029,7.796,7.984074
NR,pAC50,1030,7.553,7.070539
NR,pAC50,1031,6.559,6.335748
NR,pAC50,1032,4.818,4.8071046
NR,pAC50,1033,7.42,7.002194
NR,pAC50,1034,6.009,6.371416
NR,pAC50,1035,7.252,7.5691857
NR,pAC50,1036,5.359,6.40631
NR,pAC50,1037,7.238,7.122495
NR,pAC50,1038,7.602,7.762733
NR,pAC50,1039,7.284,7.5432477
NR,pAC50,1040,8.896,7.758211
NR,pAC50,1041,7.194,7.221002
NR,pAC50,1042,8.071,8.234172
NR,pAC50,1043,6.544,6.099317
NR,pAC50,1044,6.514,7.0105977
NR,pAC50,1045,7.67,7.5738544
NR,pAC50,1046,7.695,8.270676
NR,pAC50,1047,7.638,7.421779
NR,pAC50,1048,6.291,7.236596
NR,pAC50,1049,5.375,5.5700583
NR,pAC50,1050,6.81,6.8123293
NR,pAC50,1051,5.756,6.062163
NR,pAC50,1052,7.347,8.135678
NR,pAC50,1053,7.921,7.498895
NR,pAC50,1054,8.24,7.3149734
NR,pAC50,1055,5.551,5.8658214
NR,pAC50,1056,7.238,4.1513314
NR,pAC50,1057,5.994,7.503529
NR,pAC50,1058,7.337,7.3400865
NR,pAC50,1059,3.356,5.4589715
NR,pAC50,1060,6.78,7.6015983
NR,pAC50,1061,6.714,6.450147
NR,pAC50,1062,5.936,6.5628896
NR,pAC50,1063,9.301,8.192821
NR,pAC50,1064,7.137,7.216807
NR,pAC50,1065,8.046,7.940516
NR,pAC50,1066,5.517,5.5249248
NR,pAC50,1067,8.301,7.821735
NR,pAC50,1068,6.616,7.5307126
NR,pAC50,1069,7.509,7.518729
NR,pAC50,1070,7.008,6.3481746
NR,pAC50,1071,6.582,7.862874
NR,pAC50,1072,4.905,4.9536195
NR,pAC50,1073,4.871,5.8257957
NR,pAC50,1074,6.939,6.8798757
NR,pAC50,1075,7.276,7.3734484
NR,pAC50,1076,6.538,6.4756207
NR,pAC50,1077,6.432,6.5847974
NR,pAC50,1078,5.387,6.083781
NR,pAC50,1079,5.42,5.511545
NR,pAC50,1080,6.387,7.1998534
NR,pAC50,1081,5.775,7.354094
NR,pAC50,1082,5.674,6.8699956
NR,pAC50,1083,4.495,5.808746
NR,pAC50,1084,6.42,5.851448
NR,pAC50,1085,5.636,7.078606
NR,pAC50,1086,5.022,5.1196494
NR,pAC50,1087,6.658,6.852073
NR,pAC50,1088,5.31,5.524251
NR,pAC50,1089,5.6,6.436478
NR,pAC50,1090,7.456,5.7055593
NR,pAC50,1091,8.0,8.163812
NR,pAC50,1092,8.155,7.879317
NR,pAC50,1093,6.963,7.034517
NR,pAC50,1094,5.854,6.1618714
NR,pAC50,1095,5.62,5.4597907
NR,pAC50,1096,6.018,5.3574376
NR,pAC50,1097,6.161,6.300122
NR,pAC50,1098,5.699,6.0205007
NR,pAC50,1099,5.569,5.8067384
NR,pAC50,1100,5.959,5.744498
NR,pAC50,1101,6.796,6.096478
NR,pAC50,1102,5.516,5.2059655
NR,pAC50,1103,9.0,7.826341
NR,pAC50,1104,6.301,5.8906703
NR,pAC50,1105,5.633,5.773847
NR,pAC50,1106,6.222,6.001202
NR,pAC50,1107,7.959,8.089406
NR,pAC50,1108,5.708,5.099383
NR,pAC50,1109,5.137,4.8211465
NR,pAC50,1110,6.342,6.7982745
NR,pAC50,1111,5.385,5.9089055
NR,pAC50,1112,5.845,5.82288
NR,pAC50,1113,7.523,6.6505713
NR,pAC50,1114,4.854,4.3523984
NR,pAC50,1115,4.367,4.72829
NR,pAC50,1116,4.244,4.2134886
NR,pAC50,1117,5.456,5.156422
NR,pAC50,1118,4.854,5.7697334
NR,pAC50,1119,5.276,7.359347
NR,pAC50,1120,6.815,7.996795
NR,pAC50,1121,7.469,7.5346045
NR,pAC50,1122,7.032,7.968657
NR,pAC50,1123,7.215,7.8489814
NR,pAC50,1124,7.854,7.664631
NR,pAC50,1125,5.222,6.0260644
NR,pAC50,1126,6.097,6.3496137
NR,pAC50,1127,8.377,8.15963
NR,pAC50,1128,8.824,8.677178
NR,pAC50,1129,8.678,7.4873056
NR,pAC50,1130,7.444,7.055531
NR,pAC50,1131,6.615,7.8692784
NR,pAC50,1132,8.301,8.65494
NR,pAC50,1133,8.824,8.257959
NR,pAC50,1134,6.602,6.618695
NR,pAC50,1135,6.684,6.010156
NR,pAC50,1136,5.493,6.391606
NR,pAC50,1137,8.097,8.224349
NR,pAC50,1138,8.678,7.875811
NR,pAC50,1139,5.222,6.7919936
NR,pAC50,1140,5.77,6.469705
NR,pAC50,1141,5.921,6.017162
NR,pAC50,1142,5.438,6.7468343
NR,pAC50,1143,6.79,6.5937257
NR,pAC50,1144,8.026,8.385419
NR,pAC50,1145,8.426,7.575863
NR,pAC50,1146,8.886,8.823657
NR,pAC50,1147,6.31,7.4676886
NR,pAC50,1148,8.77,8.674659
NR,pAC50,1149,9.0,8.676671
NR,pAC50,1150,5.9,6.5707707
NR,pAC50,1151,5.81,5.775952
NR,pAC50,1152,7.37,7.0464344
NR,pAC50,1153,8.328,7.5186286
NR,pAC50,1154,6.911,6.8735404
NR,pAC50,1155,8.097,6.8666897
NR,pAC50,1156,6.415,6.8142304
NR,pAC50,1157,5.77,7.3720307
NR,pAC50,1158,6.495,6.95368
NR,pAC50,1159,6.921,6.6484447
NR,pAC50,1160,5.959,7.15544
NR,pAC50,1161,6.498,5.25347
NR,pAC50,1162,6.927,6.682774
NR,pAC50,1163,8.959,7.6004963
NR,pAC50,1164,6.223,5.902912
NR,pAC50,1165,6.939,6.933084
NR,pAC50,1166,7.229,6.872627
NR,pAC50,1167,6.465,7.2779655
NR,pAC50,1168,5.873,6.9140954
NR,pAC50,1169,6.745,6.472545
NR,pAC50,1170,7.375,6.9262276
NR,pAC50,1171,7.951,7.486792
NR,pAC50,1172,8.06,6.657127
NR,pAC50,1173,7.197,7.037912
NR,pAC50,1174,6.489,6.3594065
NR,pAC50,1175,4.854,5.4248247
NR,pAC50,1176,6.237,5.882672
NR,pAC50,1177,6.347,6.123136
NR,pAC50,1178,5.588,6.0150332
NR,pAC50,1179,7.112,7.903482
NR,pAC50,1180,8.301,8.53832
NR,pAC50,1181,6.276,5.632428
NR,pAC50,1182,6.191,5.9836855
NR,pAC50,1183,6.42,5.8055415
NR,pAC50,1184,7.102,6.3351016
NR,pAC50,1185,6.523,6.080492
NR,pAC50,1186,5.585,5.320663
NR,pAC50,1187,5.754,6.0897408
NR,pAC50,1188,6.523,6.599661
NR,pAC50,1189,6.645,7.0932755
NR,pAC50,1190,6.495,5.7896442
NR,pAC50,1191,6.398,6.142198
NR,pAC50,1192,6.097,5.9048524
NR,pAC50,1193,6.481,6.0424533
NR,pAC50,1194,6.44,6.8960795
NR,pAC50,1195,7.386,7.7114716
NR,pAC50,1196,7.93,7.723969
NR,pAC50,1197,7.377,8.222871
NR,pAC50,1198,6.283,6.7146926
NR,pAC50,1199,6.481,5.810558
NR,pAC50,1200,5.775,6.7105803
NR,pAC50,1201,6.907,7.8685966
NR,pAC50,1202,7.0,7.561603
NR,pAC50,1203,6.686,6.9689617
NR,pAC50,1204,6.524,6.191991
NR,pAC50,1205,7.682,7.731006
NR,pAC50,1206,7.071,6.667848
NR,pAC50,1207,7.523,6.6740775
NR,pAC50,1208,7.516,7.438674
NR,pAC50,1209,7.0,6.497704
NR,pAC50,1210,5.959,6.008202
NR,pAC50,1211,7.854,5.977107
NR,pAC50,1212,5.457,4.780134
NR,pAC50,1213,6.509,6.8008924
NR,pAC50,1214,5.841,5.8373632
NR,pAC50,1215,6.187,6.2065654
NR,pAC50,1216,6.873,7.1060777
NR,pAC50,1217,6.523,6.0352707
NR,pAC50,1218,6.0,7.1953197
NR,pAC50,1219,8.585,8.058759
NR,pAC50,1220,8.959,8.993005
NR,pAC50,1221,6.523,7.0735884
NR,pAC50,1222,8.854,8.589776
NR,pAC50,1223,7.638,7.753066
NR,pAC50,1224,9.42,7.418562
NR,pAC50,1225,5.432,5.8676834
NR,pAC50,1226,4.917,5.4580073
NR,pAC50,1227,6.119,5.3139596
NR,pAC50,1228,7.539,6.6117787
NR,pAC50,1229,9.0,7.852345
NR,pAC50,1230,6.048,5.166531
NR,pAC50,1231,5.146,5.1232452
NR,pAC50,1232,7.328,7.5686555
NR,pAC50,1233,7.137,7.1568074
NR,pAC50,1234,9.222,9.362315
NR,pAC50,1235,9.155,9.285805
NR,pAC50,1236,6.158,5.691814
NR,pAC50,1237,8.276,9.168162
NR,pAC50,1238,7.745,7.8861957
NR,pAC50,1239,9.097,9.287667
NR,pAC50,1240,6.362,6.5092835
NR,pAC50,1241,7.032,7.1071115
NR,pAC50,1242,6.009,6.419586
NR,pAC50,1243,5.888,6.633513
NR,pAC50,1244,6.678,6.147701
NR,pAC50,1245,7.22,7.1501727
NR,pAC50,1246,6.417,6.624002
NR,pAC50,1247,7.796,7.7664537
NR,pAC50,1248,5.622,6.904556
NR,pAC50,1249,6.708,6.271869
NR,pAC50,1250,7.409,7.338344
NR,pAC50,1251,6.193,6.597624
NR,pAC50,1252,7.62,7.1865067
NR,pAC50,1253,5.549,6.1069455
NR,pAC50,1254,7.229,7.278134
NR,pAC50,1255,6.129,6.4377074
NR,pAC50,1256,5.538,6.093142
NR,pAC50,1257,5.301,5.406642
NR,pAC50,1258,9.398,8.527515
NR,pAC50,1259,8.638,8.752567
NR,pAC50,1260,6.921,6.5822783
NR,pAC50,1261,5.108,6.665644
NR,pAC50,1262,6.481,6.536324
NR,pAC50,1263,5.374,5.4798713
NR,pAC50,1264,5.517,5.522808
NR,pAC50,1265,7.629,7.4753466
NR,pAC50,1266,6.514,6.9227552
NR,pAC50,1267,7.647,7.7079535
NR,pAC50,1268,5.424,6.4270053
NR,pAC50,1269,7.293,7.2230096
NR,pAC50,1270,9.602,9.560929
NR,pAC50,1271,5.21,5.6716866
NR,pAC50,1272,8.323,8.2145405
NR,pAC50,1273,7.092,7.5443482
NR,pAC50,1274,7.469,7.5773616
NR,pAC50,1275,6.317,6.7125716
NR,pAC50,1276,6.81,6.6965694
NR,pAC50,1277,9.444,9.648938
NR,pAC50,1278,7.721,8.166099
NR,pAC50,1279,6.69,6.730339
NR,pAC50,1280,6.032,5.755858
NR,pAC50,1281,4.569,5.0217466
NR,pAC50,1282,5.886,5.9741187
NR,pAC50,1283,6.678,6.383755
NR,pAC50,1284,6.695,6.670711
NR,pAC50,1285,5.72,5.406709
NR,pAC50,1286,9.027,9.279979
NR,pAC50,1287,7.504,7.580361
NR,pAC50,1288,9.097,9.230769
NR,pAC50,1289,5.444,5.426958
NR,pAC50,1290,6.523,5.8586636
NR,pAC50,1291,5.864,6.047794
NR,pAC50,1292,7.252,6.938519
NR,pAC50,1293,8.046,7.702852
NR,pAC50,1294,7.839,7.6910176
NR,pAC50,1295,5.951,5.795044
NR,pAC50,1296,7.337,7.110623
NR,pAC50,1297,8.796,8.614324
NR,pAC50,1298,7.699,7.6713676
NR,pAC50,1299,6.218,6.623491
NR,pAC50,1300,5.097,5.311145
NR,pAC50,1301,6.699,6.170621
NR,pAC50,1302,4.745,5.9486103
NR,pAC50,1303,5.742,6.2253375
NR,pAC50,1304,8.854,8.659548
NR,pAC50,1305,5.0,6.544156
NR,pAC50,1306,6.936,7.524485
NR,pAC50,1307,6.076,6.040431
NR,pAC50,1308,6.18,6.6146936
NR,pAC50,1309,6.644,6.9577303
NR,pAC50,1310,7.699,7.7546926
NR,pAC50,1311,6.947,7.1056542
NR,pAC50,1312,5.359,5.593615
NR,pAC50,1313,7.276,7.539807
NR,pAC50,1314,6.284,6.186563
NR,pAC50,1315,6.714,6.4406104
NR,pAC50,1316,5.0,5.0052495
NR,pAC50,1317,8.915,8.807269
NR,pAC50,1318,9.699,9.6630335
NR,pAC50,1319,5.62,5.0101295
NR,pAC50,1320,7.77,8.041547
NR,pAC50,1321,6.469,7.302742
NR,pAC50,1322,8.103,7.8367248
NR,pAC50,1323,5.745,5.7346067
NR,pAC50,1324,7.469,7.6673336
NR,pAC50,1325,7.469,8.312317
NR,pAC50,1326,9.046,9.964147
NR,pAC50,1327,8.678,9.326946
NR,pAC50,1328,4.97,5.057689
NR,pAC50,1329,8.699,7.469664
NR,pAC50,1330,8.097,8.3215065
NR,pAC50,1331,6.097,5.8198953
NR,pAC50,1332,6.155,6.057156
NR,pAC50,1333,5.602,5.989348
NR,pAC50,1334,6.046,6.0443554
NR,pAC50,1335,8.523,8.816987
NR,pAC50,1336,5.3,4.893391
NR,pAC50,1337,4.886,6.3077636
NR,pAC50,1338,5.509,5.8870625
NR,pAC50,1339,5.046,5.20216
NR,pAC50,1340,6.0,5.8802886
NR,pAC50,1341,6.131,5.8252645
NR,pAC50,1342,6.292,7.852732
NR,pAC50,1343,6.252,7.852652
NR,pAC50,1344,8.398,8.371217
NR,pAC50,1345,8.824,8.407803
NR,pAC50,1346,7.31,7.801253
NR,pAC50,1347,6.174,6.0890346
NR,pAC50,1348,5.456,5.388436
NR,pAC50,1349,6.5,7.0605817
NR,pAC50,1350,5.481,6.390397
NR,pAC50,1351,6.854,6.7125535
NR,pAC50,1352,6.546,6.2363515
NR,pAC50,1353,6.143,6.27413
NR,pAC50,1354,8.015,8.155924
NR,pAC50,1355,8.28,8.292466
NR,pAC50,1356,8.155,8.364636
NR,pAC50,1357,7.62,7.49371
NR,pAC50,1358,6.936,6.7702837
NR,pAC50,1359,7.699,7.977141
NR,pAC50,1360,7.398,6.5267997
NR,pAC50,1361,7.699,6.917282
NR,pAC50,1362,7.951,7.0886507
NR,pAC50,1363,8.699,7.1596737
NR,pAC50,1364,8.444,7.846585
NR,pAC50,1365,8.638,8.446423
NR,pAC50,1366,6.499,7.0142126
NR,pAC50,1367,6.31,6.8792768
NR,pAC50,1368,6.1,7.069486
NR,pAC50,1369,5.222,6.86387
NR,pAC50,1370,6.0,5.996344
NR,pAC50,1371,4.854,5.6543593
NR,pAC50,1372,7.611,8.021573
NR,pAC50,1373,5.721,5.643138
NR,pAC50,1374,5.585,9.154529
NR,pAC50,1375,7.716,7.5852647
NR,pAC50,1376,6.788,7.9231663
NR,pAC50,1377,6.6,6.565045
NR,pAC50,1378,4.976,5.4398932
NR,pAC50,1379,4.345,5.2938714
NR,pAC50,1380,5.88,5.912452
NR,pAC50,1381,5.863,6.085171
NR,pAC50,1382,6.609,6.369733
NR,pAC50,1383,5.453,6.522625
NR,pAC50,1384,6.049,4.877976
NR,pAC50,1385,4.457,5.6047826
NR,pAC50,1386,5.384,4.73686
NR,pAC50,1387,4.893,4.957742
NR,pAC50,1388,5.2,5.3450513
NR,pAC50,1389,6.1,5.9294424
NR,pAC50,1390,7.658,6.7196746
NR,pAC50,1391,5.886,6.229708
NR,pAC50,1392,5.917,6.0116897
NR,pAC50,1393,8.097,6.530103
NR,pAC50,1394,3.963,4.5428405
NR,pAC50,1395,8.076,8.453656
NR,pAC50,1396,5.879,5.9268546
NR,pAC50,1397,4.921,5.023267
NR,pAC50,1398,4.527,4.9035683
NR,pAC50,1399,5.3,5.4441457
NR,pAC50,1400,9.42,9.294448
NR,pAC50,1401,8.057,8.566754
NR,pAC50,1402,7.015,6.9714465
NR,pAC50,1403,5.636,5.869034
NR,pAC50,1404,8.678,8.18524
NR,pAC50,1405,5.921,6.0255527
NR,pAC50,1406,7.699,7.521253
NR,pAC50,1407,7.155,7.3650947
NR,pAC50,1408,8.046,8.0882
NR,pAC50,1409,7.792,8.019685
NR,pAC50,1410,7.163,7.3305936
NR,pAC50,1411,7.159,7.6127744
NR,pAC50,1412,7.377,7.089517
NR,pAC50,1413,5.409,6.07585
NR,pAC50,1414,5.824,6.16707
NR,pAC50,1415,8.208,7.4630685
NR,pAC50,1416,8.319,7.9058323
NR,pAC50,1417,5.502,5.23355
NR,pAC50,1418,5.049,5.284684
NR,pAC50,1419,6.377,6.8285537
NR,pAC50,1420,6.745,6.4895554
NR,pAC50,1421,6.051,7.1393685
NR,pAC50,1422,5.886,6.249933
NR,pAC50,1423,6.0,6.197375
NR,pAC50,1424,5.854,6.168342
NR,pAC50,1425,5.842,5.8124833
NR,pAC50,1426,6.041,5.9654393
NR,pAC50,1427,5.398,5.216114
NR,pAC50,1428,7.076,6.782701
NR,pAC50,1429,4.14,4.087708
NR,pAC50,1430,6.606,6.636557
NR,pAC50,1431,9.4,8.6239395
NR,pAC50,1432,7.5,6.582376
NR,pAC50,1433,2.57,2.1186035
NR,pAC50,1434,2.98,1.9913781
NR,pAC50,1435,3.21,2.7273457
NR,pAC50,1436,2.51,2.0289047
NR,pAC50,1437,2.68,2.6375377
NR,pAC50,1438,1.53,1.1677573
NR,pAC50,1439,1.69,1.6407092
NR,pAC50,1440,2.49,2.7475312
NR,pAC50,1441,2.25,2.069221
NR,pAC50,1442,1.97,2.0273526
NR,pAC50,1443,2.47,2.2327328
NR,pAC50,1444,2.87,2.6920135
NR,pAC50,1445,5.097,5.1520057
NR,pAC50,1446,5.194,5.197193
NR,pAC50,1447,7.854,8.02047
NR,pAC50,1448,7.796,8.007002
NR,pAC50,1449,7.824,8.064101
NR,pAC50,1450,6.618,6.731116
NR,pAC50,1451,7.292,6.9145446
NR,pAC50,1452,7.174,7.4623575
NR,pAC50,1453,8.301,7.6948133
NR,pAC50,1454,7.466,7.678309
NR,pAC50,1455,7.845,8.116894
NR,pAC50,1456,7.943,8.234405
NR,pAC50,1457,6.306,5.9080796
NR,pAC50,1458,5.558,5.6316457
NR,pAC50,1459,5.488,5.626127
NR,pAC50,1460,8.194,8.495867
NR,pAC50,1461,7.638,7.686662
NR,pAC50,1462,6.638,6.8716674
NR,pAC50,1463,7.398,7.28964
NR,pAC50,1464,6.009,6.472704
NR,pAC50,1465,7.721,7.805833
NR,pAC50,1466,8.854,9.0360365
NR,pAC50,1467,5.027,4.919637
NR,pAC50,1468,6.633,6.674112
NR,pAC50,1469,8.393,8.023642
NR,pAC50,1470,7.854,7.0908885
NR,pAC50,1471,7.959,7.749442
NR,pAC50,1472,8.097,8.082534
NR,pAC50,1473,8.398,8.5461645
NR,pAC50,1474,6.959,6.2836876
NR,pAC50,1475,5.887,6.0416164
NR,pAC50,1476,5.167,5.3668356
NR,pAC50,1477,6.89,6.732088
NR,pAC50,1478,7.77,7.7745323
NR,pAC50,1479,6.973,7.385733
NR,pAC50,1480,6.561,7.054127
NR,pAC50,1481,8.058,7.5095634
NR,pAC50,1482,9.398,8.815948
NR,pAC50,1483,8.125,8.372589
NR,pAC50,1484,10.046,9.871609
NR,pAC50,1485,10.398,8.0976095
NR,pAC50,1486,10.301,9.255809
NR,pAC50,1487,7.041,6.8524737
NR,pAC50,1488,7.076,7.044208
NR,pAC50,1489,4.377,4.6313124
NR,pAC50,1490,4.585,4.410747
NR,pAC50,1491,7.367,7.462915
NR,pAC50,1492,7.71,7.581092
NR,pAC50,1493,7.347,7.871499
NR,pAC50,1494,8.611,8.279794
NR,pAC50,1495,7.842,8.207095
NR,pAC50,1496,5.99,6.207256
NR,pAC50,1497,6.233,7.5204616
NR,pAC50,1498,5.712,5.6780076
NR,pAC50,1499,5.821,5.583739
NR,pAC50,1500,5.225,4.9193664
NR,pAC50,1501,5.542,6.217689
NR,pAC50,1502,5.04,5.0698333
NR,pAC50,1503,7.886,8.270842
NR,pAC50,1504,9.377,9.372636
NR,pAC50,1505,4.768,4.8739514
NR,pAC50,1506,7.599,8.109414
NR,pAC50,1507,8.939,8.494268
NR,pAC50,1508,8.222,7.8897805
NR,pAC50,1509,4.886,4.699203
NR,pAC50,1510,7.398,7.0847173
NR,pAC50,1511,9.622,9.964639
NR,pAC50,1512,10.292,9.055762
NR,pAC50,1513,8.432,7.852716
NR,pAC50,1514,8.602,9.496882
NR,pAC50,1515,7.699,5.839001
NR,pAC50,1516,7.699,7.9321856
NR,pAC50,1517,7.081,7.089899
NR,pAC50,1518,6.523,6.9356313
NR,pAC50,1519,8.77,8.844085
NR,pAC50,1520,9.398,9.276444
NR,pAC50,1521,8.377,8.564611
NR,pAC50,1522,9.097,9.259549
NR,pAC50,1523,9.097,9.219813
NR,pAC50,1524,6.0,5.894466
NR,pAC50,1525,5.91,5.92353
NR,pAC50,1526,5.556,6.298228
NR,pAC50,1527,6.357,5.774629
NR,pAC50,1528,5.963,6.299344
NR,pAC50,1529,9.155,9.7586775
NR,pAC50,1530,9.155,8.556472
NR,pAC50,1531,5.31,5.809788
NR,pAC50,1532,8.699,8.6581335
NR,pAC50,1533,5.602,5.4721184
NR,pAC50,1534,6.455,6.186423
NR,pAC50,1535,5.626,5.774572
NR,pAC50,1536,3.602,4.4604793
NR,pAC50,1537,6.721,6.5440593
NR,pAC50,1538,5.062,5.2710757
NR,pAC50,1539,4.824,5.261411
NR,pAC50,1540,5.681,5.509503
NR,pAC50,1541,7.595,8.356918
NR,pAC50,1542,5.998,5.9672747
NR,pAC50,1543,7.208,7.564263
NR,pAC50,1544,7.446,7.255051
NR,pAC50,1545,5.854,5.739819
NR,pAC50,1546,4.678,6.6199384
NR,pAC50,1547,8.721,7.970677
NR,pAC50,1548,4.845,5.1311545
NR,pAC50,1549,5.041,6.2366853
NR,pAC50,1550,6.328,5.620362
NR,pAC50,1551,4.801,4.78728
NR,pAC50,1552,9.444,9.272005
NR,pAC50,1553,7.638,8.031186
NR,pAC50,1554,6.903,6.3315454
NR,pAC50,1555,6.695,5.9829326
NR,pAC50,1556,4.693,5.1627035
NR,pAC50,1557,4.9,4.9724097
NR,pAC50,1558,4.921,5.5490947
NR,pAC50,1559,4.78,5.0484853
NR,pAC50,1560,5.0,5.4523177
NR,pAC50,1561,9.0,9.173058
NR,pAC50,1562,10.097,9.49672
NR,pAC50,1563,5.593,5.970225
NR,pAC50,1564,4.045,4.213033
NR,pAC50,1565,5.481,6.2836013
NR,pAC50,1566,5.092,5.519878
NR,pAC50,1567,5.357,5.4236875
NR,pAC50,1568,6.051,5.6019044
NR,pAC50,1569,6.523,6.3408546
NR,pAC50,1570,5.174,5.14189
NR,pAC50,1571,4.785,6.169372
NR,pAC50,1572,5.547,5.980464
NR,pAC50,1573,7.022,6.9886937
NR,pAC50,1574,5.671,6.0609202
NR,pAC50,1575,5.018,4.922277
NR,pAC50,1576,6.041,5.617353
NR,pAC50,1577,6.502,6.925101
NR,pAC50,1578,6.636,6.302271
NR,pAC50,1579,6.939,6.699303
NR,pAC50,1580,7.056,7.197032
NR,pAC50,1581,7.658,7.9482923
NR,pAC50,1582,5.603,5.8501987
NR,pAC50,1583,4.691,6.500852
NR,pAC50,1584,5.21,5.0314317
NR,pAC50,1585,8.721,8.71814
NR,pAC50,1586,6.658,6.4165263
NR,pAC50,1587,6.237,6.1255226
NR,pAC50,1588,7.965,8.263853
NR,pAC50,1589,4.556,5.7944474
NR,pAC50,1590,6.664,6.535264
NR,pAC50,1591,6.499,6.400207
NR,pAC50,1592,7.77,7.8828816
NR,pAC50,1593,5.284,5.1418037
NR,pAC50,1594,6.554,6.1080933
NR,pAC50,1595,6.375,7.102871
NR,pAC50,1596,5.62,5.549671
NR,pAC50,1597,5.06,7.0942445
NR,pAC50,1598,5.064,5.3261266
NR,pAC50,1599,10.301,10.311995
NR,pAC50,1600,8.444,9.049091
NR,pAC50,1601,9.824,10.081956
NR,pAC50,1602,9.222,9.235232
NR,pAC50,1603,6.18,6.242143
NR,pAC50,1604,6.638,7.2276073
NR,pAC50,1605,8.097,7.322421
NR,pAC50,1606,7.796,6.8309045
NR,pAC50,1607,6.507,7.340862
NR,pAC50,1608,7.668,7.5819783
NR,pAC50,1609,6.0,5.2474732
NR,pAC50,1610,6.523,6.3721128
NR,pAC50,1611,5.796,6.299844
NR,pAC50,1612,6.232,6.250683
NR,pAC50,1613,5.091,6.690005
NR,pAC50,1614,8.83,8.945439
NR,pAC50,1615,9.004,8.898829
NR,pAC50,1616,5.886,5.5023026
NR,pAC50,1617,7.721,8.298913
NR,pAC50,1618,7.517,8.1512165
NR,pAC50,1619,7.662,8.95667
NR,pAC50,1620,7.708,8.266269
NR,pAC50,1621,6.997,7.833545
NR,pAC50,1622,7.051,6.7552276
NR,pAC50,1623,6.611,6.3580766
NR,pAC50,1624,6.063,5.542037
NR,pAC50,1625,5.799,5.7632594
NR,pAC50,1626,7.923,7.942676
NR,pAC50,1627,6.907,6.591397
NR,pAC50,1628,5.83,6.14813
NR,pAC50,1629,5.708,6.2389865
NR,pAC50,1630,6.699,6.0583835
NR,pAC50,1631,5.873,6.132772
NR,pAC50,1632,5.963,6.0293756
NR,pAC50,1633,5.79,5.773298
NR,pAC50,1634,5.432,5.947192
NR,pAC50,1635,5.79,6.127439
NR,pAC50,1636,5.845,6.243327
NR,pAC50,1637,6.0,5.388592
NR,pAC50,1638,5.854,5.790102
NR,pAC50,1639,8.208,6.1715107
NR,pAC50,1640,5.174,5.348101
NR,pAC50,1641,5.59,6.5503917
NR,pAC50,1642,8.393,8.715741
NR,pAC50,1643,9.149,8.019967
NR,pAC50,1644,7.409,8.098371
NR,pAC50,1645,6.426,8.61683
NR,pAC50,1646,7.369,6.6215415
NR,pAC50,1647,7.128,7.7027173
NR,pAC50,1648,7.433,7.1765647
NR,pAC50,1649,5.499,5.229444
NR,pAC50,1650,10.0,8.388249
NR,pAC50,1651,9.097,9.170524
NR,pAC50,1652,8.399,8.592244
NR,pAC50,1653,4.721,4.3909526
NR,pAC50,1654,6.167,5.813453
NR,pAC50,1655,7.0,6.7998567
NR,pAC50,1656,5.851,5.970651
NR,pAC50,1657,6.347,5.7599196
NR,pAC50,1658,4.687,4.6321244
NR,pAC50,1659,4.545,4.32533
NR,pAC50,1660,5.092,4.533343
NR,pAC50,1661,6.046,5.0619454
NR,pAC50,1662,8.757,8.66476
NR,pAC50,1663,6.509,6.5801587
NR,pAC50,1664,4.277,6.531633
NR,pAC50,1665,7.066,7.2204366
NR,pAC50,1666,6.703,7.2204366
NR,pAC50,1667,7.678,7.4078546
NR,pAC50,1668,6.481,6.7342153
NR,pAC50,1669,4.24,4.6706223
NR,pAC50,1670,4.535,4.6138844
NR,pAC50,1671,4.301,5.4286294
NR,pAC50,1672,4.301,3.566909
NR,pAC50,1673,4.395,3.920819
NR,pAC50,1674,4.748,3.7123046
NR,pAC50,1675,3.962,5.944219
NR,pAC50,1676,4.494,5.7250032
NR,pAC50,1677,4.301,5.0446725
NR,pAC50,1678,4.301,5.7235246
NR,pAC50,1679,4.301,5.5234637
NR,pAC50,1680,4.301,4.572617
NR,pAC50,1681,4.301,4.4905577
NR,pAC50,1682,4.301,4.6777015
NR,pAC50,1683,4.301,4.2852473
NR,pAC50,1684,4.301,4.7540812
NR,pAC50,1685,4.301,5.1617374
NR,pAC50,1686,4.301,4.1145387
NR,pAC50,1687,4.301,4.297274
NR,pAC50,1688,4.301,5.2247896
NR,pAC50,1689,7.638,4.6666913
NR,pAC50,1690,4.301,6.876299
NR,pAC50,1691,5.716,5.956007
NR,pAC50,1692,4.301,7.8318133
NR,pAC50,1693,4.523,5.674809
NR,pAC50,1694,4.171,3.9978263
NR,pAC50,1695,4.17,4.584393
NR,pAC50,1696,4.171,4.1203012
NR,pAC50,1697,4.17,4.1362615
NR,pAC50,1698,4.17,4.241469
NR,pAC50,1699,4.171,3.727455
NR,pAC50,1700,4.17,4.2225614
NR,pAC50,1701,4.171,3.951847
NR,pAC50,1702,4.17,3.7069104
NR,pAC50,1703,4.171,3.965809
NR,pAC50,1704,4.171,4.9604416
NR,pAC50,1705,4.171,4.4192486
NR,pAC50,1706,4.171,3.8079932
NR,pAC50,1707,7.377,7.805321
NR,pAC50,1708,6.048,8.701499
NR,pAC50,1709,9.099,9.073825
NR,pAC50,1710,6.804,6.062617
NR,pAC50,1711,6.377,6.511068
NR,pAC50,1712,7.032,7.4225984
NR,pAC50,1713,6.321,7.413792
NR,pAC50,1714,6.854,8.116683
NR,pAC50,1715,7.824,8.536489
NR,pAC50,1716,4.144,5.039894
NR,pAC50,1717,5.0,5.1506505
NR,pAC50,1718,7.721,8.07021
NR,pAC50,1719,7.824,7.7133117
NR,pAC50,1720,8.699,7.7320037
NR,pAC50,1721,7.62,7.8481874
NR,pAC50,1722,7.796,7.640802
NR,pAC50,1723,7.538,7.4532537
NR,pAC50,1724,7.409,8.223508
NR,pAC50,1725,7.796,7.9396615
NR,pAC50,1726,6.721,7.511774
NR,pAC50,1727,7.921,7.279302
NR,pAC50,1728,7.77,7.760702
NR,pAC50,1729,6.217,6.3406653
NR,pAC50,1730,7.77,7.565574
NR,pAC50,1731,7.149,7.1667576
NR,pAC50,1732,7.244,7.149607
NR,pAC50,1733,6.104,7.478119
NR,pAC50,1734,6.338,7.464147
NR,pAC50,1735,6.476,7.072286
NR,pAC50,1736,5.961,6.2996726
NR,pAC50,1737,8.222,8.331376
NR,pAC50,1738,8.222,7.2354674
NR,pAC50,1739,6.863,5.774513
NR,pAC50,1740,5.0,5.9276123
NR,pAC50,1741,6.652,7.2647176
NR,pAC50,1742,7.62,7.3412795
NR,pAC50,1743,8.222,8.065023
NR,pAC50,1744,9.699,9.084031
NR,pAC50,1745,8.62,8.47535
NR,pAC50,1746,5.77,6.098738
NR,pAC50,1747,7.699,8.506808
NR,pAC50,1748,8.174,8.250224
NR,pAC50,1749,8.699,7.9723344
NR,pAC50,1750,9.056,8.9969845
NR,pAC50,1751,8.201,8.372313
NR,pAC50,1752,9.337,9.237453
NR,pAC50,1753,9.194,9.868985
NR,pAC50,1754,9.367,8.0815325
NR,pAC50,1755,9.602,9.496037
NR,pAC50,1756,9.602,9.59672
NR,pAC50,1757,8.745,8.757188
NR,pAC50,1758,9.268,8.5576725
NR,pAC50,1759,6.721,6.536168
NR,pAC50,1760,7.377,6.9154286
NR,pAC50,1761,7.5,7.93006
NR,pAC50,1762,6.9,6.9400096
NR,pAC50,1763,7.3,7.877984
NR,pAC50,1764,7.347,8.177785
NR,pAC50,1765,8.886,8.384435
NR,pAC50,1766,8.721,8.650865
NR,pAC50,1767,6.561,6.600579
NR,pAC50,1768,6.561,6.7028756
NR,pAC50,1769,5.561,6.715793
NR,pAC50,1770,6.561,6.668166
NR,pAC50,1771,6.561,6.4123225
NR,pAC50,1772,6.561,6.412152
NR,pAC50,1773,6.561,6.457867
NR,pAC50,1774,6.561,6.5557775
NR,pAC50,1775,6.561,6.813687
NR,pAC50,1776,6.561,6.4733205
NR,pAC50,1777,5.561,5.304117
NR,pAC50,1778,6.561,6.8485823
NR,pAC50,1779,6.561,6.1710763
NR,pAC50,1780,6.561,6.526381
NR,pAC50,1781,6.561,6.8405123
NR,pAC50,1782,6.561,6.920151
NR,pAC50,1783,6.561,6.241155
NR,pAC50,1784,6.561,7.1821537
NR,pAC50,1785,5.561,6.218183
NR,pAC50,1786,6.561,6.9203725
NR,pAC50,1787,7.046,6.690653
NR,pAC50,1788,6.585,6.4834933
NR,pAC50,1789,6.027,7.4378037
NR,pAC50,1790,7.971,8.134179
NR,pAC50,1791,4.523,5.240416
NR,pAC50,1792,6.701,6.6249156
NR,pAC50,1793,5.939,5.890086
NR,pAC50,1794,6.658,6.4165263
NR,pAC50,1795,5.971,6.3680215
NR,pAC50,1796,6.717,6.6249156
NR,pAC50,1797,5.607,5.7478347
NR,pAC50,1798,6.188,6.4996705
NR,pAC50,1799,5.056,4.7628894
NR,pAC50,1800,5.674,5.7658076
NR,pAC50,1801,6.218,6.6499124
NR,pAC50,1802,6.547,6.907314
NR,pAC50,1803,6.441,6.175484
NR,pAC50,1804,7.26,7.1801777
NR,pAC50,1805,6.11,6.359698
NR,pAC50,1806,6.476,6.968536
NR,pAC50,1807,5.914,6.0910306
NR,pAC50,1808,7.602,7.8141007
NR,pAC50,1809,7.086,7.9749207
NR,pAC50,1810,7.06,7.447908
NR,pAC50,1811,8.398,8.119487
NR,pAC50,1812,7.495,6.9099755
NR,pAC50,1813,6.095,6.997321
NR,pAC50,1814,7.066,7.426685
NR,pAC50,1815,7.469,7.1286826
NR,pAC50,1816,8.398,8.444184
NR,pAC50,1817,6.222,5.4091215
NR,pAC50,1818,4.593,4.8436027
NR,pAC50,1819,6.796,7.7845635
NR,pAC50,1820,7.742,8.206092
NR,pAC50,1821,8.387,8.640937
NR,pAC50,1822,6.054,6.683815
NR,pAC50,1823,7.076,7.022373
NR,pAC50,1824,5.867,6.723006
NR,pAC50,1825,7.092,6.39269
NR,pAC50,1826,5.85,5.521093
NR,pAC50,1827,6.604,6.283179
NR,pAC50,1828,6.633,6.862869
NR,pAC50,1829,6.928,7.227034
NR,pAC50,1830,8.046,7.655462
NR,pAC50,1831,8.155,7.3210177
NR,pAC50,1832,6.991,6.6834984
NR,pAC50,1833,6.511,6.233375
NR,pAC50,1834,6.996,6.5519176
NR,pAC50,1835,7.18,7.8331676
NR,pAC50,1836,7.959,7.3248463
NR,pAC50,1837,8.0,7.6849184
NR,pAC50,1838,8.319,7.688357
NR,pAC50,1839,7.187,7.728168
NR,pAC50,1840,7.959,8.445548
NR,pAC50,1841,7.959,7.836181
NR,pAC50,1842,6.77,8.022595
NR,pAC50,1843,8.0,8.391738
NR,pAC50,1844,7.959,8.132718
NR,pAC50,1845,6.903,7.4093833
NR,pAC50,1846,6.204,5.549598
NR,pAC50,1847,6.204,5.951675
NR,pAC50,1848,5.26,5.9478345
NR,pAC50,1849,6.204,6.23652
NR,pAC50,1850,6.204,5.4361987
NR,pAC50,1851,6.903,6.3461633
NR,pAC50,1852,6.903,6.1772223
NR,pAC50,1853,6.903,6.814652
NR,pAC50,1854,5.26,5.7627883
NR,pAC50,1855,5.26,5.874909
NR,pAC50,1856,6.204,5.48928
NR,pAC50,1857,6.204,6.1540036
NR,pAC50,1858,6.204,6.3696437
NR,pAC50,1859,5.26,5.2864532
NR,pAC50,1860,5.176,5.917408
NR,pAC50,1861,6.799,6.8278584
NR,pAC50,1862,7.252,7.28087
NR,pAC50,1863,7.569,7.814074
NR,pAC50,1864,7.523,7.7874646
NR,pAC50,1865,7.114,6.887198
NR,pAC50,1866,8.658,8.571067
NR,pAC50,1867,8.638,8.173646
NR,pAC50,1868,6.523,6.82936
NR,pAC50,1869,6.785,7.379151
NR,pAC50,1870,7.268,7.7700305
NR,pAC50,1871,6.71,7.047901
NR,pAC50,1872,5.936,6.235995
NR,pAC50,1873,6.268,6.3030643
NR,pAC50,1874,7.432,7.2843065
NR,pAC50,1875,5.921,5.957152
NR,pAC50,1876,5.896,6.3048506
NR,pAC50,1877,6.827,6.8538766
NR,pAC50,1878,8.585,7.6771646
NR,pAC50,1879,6.31,6.183276
NR,pAC50,1880,7.174,7.5515137
NR,pAC50,1881,5.407,5.3818603
NR,pAC50,1882,6.463,6.14649
NR,pAC50,1883,8.745,8.337937
NR,pAC50,1884,7.959,8.550895
NR,pAC50,1885,5.879,6.0982256
NR,pAC50,1886,6.695,6.8151956
NR,pAC50,1887,6.848,8.236348
NR,pAC50,1888,8.444,7.3809137
NR,pAC50,1889,6.039,5.9438806
NR,pAC50,1890,7.222,7.4467654
NR,pAC50,1891,5.888,6.1053114
NR,pAC50,1892,6.31,7.002875
NR,pAC50,1893,6.0,7.080459
NR,pAC50,1894,6.0,6.63827
NR,pAC50,1895,7.495,7.4387727
NR,pAC50,1896,7.699,8.462058
NR,pAC50,1897,6.745,7.143061
NR,pAC50,1898,5.523,6.235101
NR,pAC50,1899,6.745,6.4733315
NR,pAC50,1900,6.921,8.253298
NR,pAC50,1901,5.178,6.039806
NR,pAC50,1902,6.06,6.3925257
NR,pAC50,1903,6.561,6.6111646
NR,pAC50,1904,7.398,7.355076
NR,pAC50,1905,7.721,8.283669
NR,pAC50,1906,5.478,7.177062
NR,pAC50,1907,7.409,6.9647765
NR,pAC50,1908,5.921,6.0116706
NR,pAC50,1909,4.747,4.8030005
NR,pAC50,1910,6.066,5.818319
NR,pAC50,1911,4.745,5.5566707
NR,pAC50,1912,8.222,8.552564
NR,pAC50,1913,6.602,7.04042
NR,pAC50,1914,8.301,7.6091027
NR,pAC50,1915,6.301,7.914202
NR,pAC50,1916,8.301,8.982711
NR,pAC50,1917,7.097,7.6575074
NR,pAC50,1918,5.77,6.2754893
NR,pAC50,1919,5.721,5.6810656
NR,pAC50,1920,5.328,5.4981494
NR,pAC50,1921,8.301,8.306701
NR,pAC50,1922,5.215,6.135388
NR,pAC50,1923,5.119,6.1588383
NR,pAC50,1924,9.222,9.484759
NR,pAC50,1925,9.2,8.528022
NR,pAC50,1926,9.699,9.33747
NR,pAC50,1927,5.396,5.5643463
NR,pAC50,1928,6.06,6.152374
NR,pAC50,1929,8.0,8.492942
NR,pAC50,1930,8.229,8.394466
NR,pAC50,1931,9.301,9.463665
NR,pAC50,1932,5.888,5.743464
NR,pAC50,1933,6.896,6.760653
NR,pAC50,1934,9.745,9.909028
NR,pAC50,1935,8.699,7.7024717
NR,pAC50,1936,8.301,8.764184
NR,pAC50,1937,6.106,6.1142497
NR,pAC50,1938,6.517,7.336613
NR,pAC50,1939,7.174,6.8108497
NR,pAC50,1940,6.305,8.07828
NR,pAC50,1941,8.222,7.887461
NR,pAC50,1942,8.699,8.713053
NR,pAC50,1943,5.301,5.7071147
NR,pAC50,1944,7.102,7.850083
NR,pAC50,1945,5.638,5.7267337
NR,pAC50,1946,8.222,9.019168
NR,pAC50,1947,9.638,9.699807
NR,pAC50,1948,9.886,9.813367
NR,pAC50,1949,6.583,7.6168447
NR,pAC50,1950,8.387,6.9154487
NR,pAC50,1951,7.678,7.9174323
NR,pAC50,1952,6.458,6.369661
NR,pAC50,1953,6.478,6.580088
NR,pAC50,1954,6.613,6.4939485
NR,pAC50,1955,6.196,3.6437585
NR,pAC50,1956,6.506,1.6180456
NR,pAC50,1957,6.762,6.3628597
NR,pAC50,1958,6.337,4.8328547
NR,pAC50,1959,6.18,6.871143
NR,pAC50,1960,4.252,4.1347995
NR,pAC50,1961,4.194,4.876924
NR,pAC50,1962,5.195,5.484991
NR,pAC50,1963,8.161,6.9940925
NR,pAC50,1964,8.67,5.468619
NR,pAC50,1965,4.17,4.176457
NR,pAC50,1966,4.17,4.0742564
NR,pAC50,1967,4.17,4.0719223
NR,pAC50,1968,4.17,3.782651
NR,pAC50,1969,4.171,4.929505
NR,pAC50,1970,4.17,4.3291717
NR,pAC50,1971,4.17,4.3002353
NR,pAC50,1972,4.17,4.215448
NR,pAC50,1973,4.17,4.8250175
NR,pAC50,1974,4.171,4.078339
NR,pAC50,1975,4.17,4.1078305
NR,pAC50,1976,4.171,4.655037
NR,pAC50,1977,4.171,4.092976
NR,pAC50,1978,4.17,4.252336
NR,pAC50,1979,4.171,4.188004
NR,pAC50,1980,4.171,3.8582225
NR,pAC50,1981,4.17,4.2482257
NR,pAC50,1982,4.17,4.0936317
NR,pAC50,1983,4.17,4.2732663
NR,pAC50,1984,4.17,4.690365
NR,pAC50,1985,4.17,4.0976944
NR,pAC50,1986,4.17,4.710611
NR,pAC50,1987,4.17,4.148925
NR,pAC50,1988,4.17,4.0902295
NR,pAC50,1989,4.17,4.596466
NR,pAC50,1990,4.17,4.259485
NR,pAC50,1991,4.17,4.3024907
NR,pAC50,1992,4.17,4.1814537
NR,pAC50,1993,4.17,4.0966067
NR,pAC50,1994,4.17,4.3481517
NR,pAC50,1995,4.171,3.8805392
NR,pAC50,1996,4.17,3.8686662
NR,pAC50,1997,4.17,4.889749
NR,pAC50,1998,4.17,4.6192045
NR,pAC50,1999,4.17,4.2618794
NR,pAC50,2000,4.171,4.044275
NR,pAC50,2001,4.171,4.145351
NR,pAC50,2002,4.171,4.768269
NR,pAC50,2003,4.171,4.2972555
NR,pAC50,2004,4.17,3.9187014
NR,pAC50,2005,5.745,6.0448737
NR,pAC50,2006,7.276,7.3133664
NR,pAC50,2007,7.367,7.3982167
NR,pAC50,2008,7.137,6.5453334
NR,pAC50,2009,8.438,6.816344
NR,pAC50,2010,9.155,8.884535
NR,pAC50,2011,8.097,8.016034
NR,pAC50,2012,6.301,6.348602
NR,pAC50,2013,7.796,7.3331842
NR,pAC50,2014,7.602,7.0161357
NR,pAC50,2015,5.943,5.959001
NR,pAC50,2016,6.188,5.665503
NR,pAC50,2017,7.553,6.7564683
NR,pAC50,2018,7.745,6.57091
NR,pAC50,2019,5.888,4.8281584
NR,pAC50,2020,5.809,6.2339435
NR,pAC50,2021,9.971,9.736989
NR,pAC50,2022,6.642,8.674314
NR,pAC50,2023,7.77,7.53479
NR,pAC50,2024,7.602,6.847119
NR,pAC50,2025,7.174,7.3505883
NR,pAC50,2026,6.648,6.7046313
NR,pAC50,2027,7.143,7.5113344
NR,pAC50,2028,5.699,5.4374785
NR,pAC50,2029,9.523,7.814956
NR,pAC50,2030,7.357,7.184225
NR,pAC50,2031,7.495,7.750936
NR,pAC50,2032,7.456,6.977972
NR,pAC50,2033,6.509,6.6241975
NR,pAC50,2034,7.377,7.308306
NR,pAC50,2035,7.854,7.4570527
NR,pAC50,2036,7.367,7.5898275
NR,pAC50,2037,8.092,7.9665256
NR,pAC50,2038,8.066,7.8884563
NR,pAC50,2039,6.456,7.3111043
NR,pAC50,2040,6.0,6.87369
NR,pAC50,2041,7.097,6.796353
NR,pAC50,2042,6.301,7.535249
NR,pAC50,2043,7.347,6.48301
NR,pAC50,2044,5.959,6.008202
NR,pAC50,2045,6.57,7.100468
NR,pAC50,2046,5.538,5.698428
NR,pAC50,2047,8.208,7.899501
NR,pAC50,2048,7.959,7.469836
NR,pAC50,2049,6.251,5.737473
NR,pAC50,2050,7.102,7.230675
NR,pAC50,2051,5.796,6.663252
NR,pAC50,2052,7.614,7.888082
NR,pAC50,2053,7.328,7.609422
NR,pAC50,2054,6.217,7.3699613
NR,pAC50,2055,8.301,8.641683
NR,pAC50,2056,7.886,8.17962
NR,pAC50,2057,8.398,8.627714
NR,pAC50,2058,6.936,7.51939
NR,pAC50,2059,7.854,7.4829407
NR,pAC50,2060,7.959,8.0145
NR,pAC50,2061,7.523,7.884008
NR,pAC50,2062,7.886,8.414571
NR,pAC50,2063,9.018,8.766028
NR,pAC50,2064,6.703,7.045336
NR,pAC50,2065,7.585,7.6225896
NR,pAC50,2066,6.005,5.981769
NR,pAC50,2067,6.036,5.828647
NR,pAC50,2068,6.004,5.849506
NR,pAC50,2069,6.241,5.912284
NR,pAC50,2070,6.991,7.279533
NR,pAC50,2071,6.678,6.552813
NR,pAC50,2072,5.585,5.5175996
NR,pAC50,2073,6.71,7.636784
NR,pAC50,2074,5.42,5.6239448
NR,pAC50,2075,4.714,4.8412127
NR,pAC50,2076,4.281,4.982314
NR,pAC50,2077,7.854,8.548789
NR,pAC50,2078,8.31,7.4123425
NR,pAC50,2079,5.301,5.5252137
NR,pAC50,2080,8.041,7.188686
NR,pAC50,2081,6.921,7.5278144
NR,pAC50,2082,9.301,8.4936
NR,pAC50,2083,8.523,8.323309
NR,pAC50,2084,8.745,8.865443
NR,pAC50,2085,8.387,8.582932
NR,pAC50,2086,9.0,9.636546
NR,pAC50,2087,6.721,6.7224116
NR,pAC50,2088,6.648,6.9120793
NR,pAC50,2089,6.714,6.818029
NR,pAC50,2090,6.31,7.605534
NR,pAC50,2091,5.375,5.527672
NR,pAC50,2092,5.788,5.5213523
NR,pAC50,2093,7.046,7.3411217
NR,pAC50,2094,8.347,8.273526
NR,pAC50,2095,8.268,8.1722
NR,pAC50,2096,9.18,8.443154
NR,pAC50,2097,9.367,9.2887745
NR,pAC50,2098,5.678,5.466028
NR,pAC50,2099,5.77,5.8178425
NR,pAC50,2100,4.806,4.5939603
NR,pAC50,2101,4.611,5.583648
NR,pAC50,2102,4.991,4.823559
Transporter,pAC50,0,6.622,7.3055387
Transporter,pAC50,1,7.642,6.5202227
Transporter,pAC50,2,8.027,7.720435
Transporter,pAC50,3,6.456,7.535325
Transporter,pAC50,4,7.427,6.790898
Transporter,pAC50,5,7.902,7.4475164
Transporter,pAC50,6,7.222,6.5376587
Transporter,pAC50,7,6.886,7.7107344
Transporter,pAC50,8,6.569,6.1953154
Transporter,pAC50,9,5.74,5.9178767
Transporter,pAC50,10,5.824,6.631463
Transporter,pAC50,11,7.215,7.379699
Transporter,pAC50,12,6.519,7.1104345
Transporter,pAC50,13,5.672,6.2874184
Transporter,pAC50,14,7.602,6.7760887
Transporter,pAC50,15,5.838,6.45492
Transporter,pAC50,16,6.172,6.7635937
Transporter,pAC50,17,7.066,5.781719
Transporter,pAC50,18,6.376,6.096407
Transporter,pAC50,19,5.06,5.2855177
Transporter,pAC50,20,8.046,6.851535
Transporter,pAC50,21,6.151,7.3884673
Transporter,pAC50,22,6.456,6.317951
Transporter,pAC50,23,5.405,4.7804337
Transporter,pAC50,24,5.629,5.474383
Transporter,pAC50,25,5.357,5.9277954
Transporter,pAC50,26,5.987,6.1122065
Transporter,pAC50,27,7.252,6.7894373
Transporter,pAC50,28,7.975,7.011986
Transporter,pAC50,29,6.62,6.105992
Transporter,pAC50,30,7.456,7.3955126
Transporter,pAC50,31,5.372,5.802059
Transporter,pAC50,32,5.735,5.477668
Transporter,pAC50,33,5.357,5.358411
Transporter,pAC50,34,5.812,5.5198812
Transporter,pAC50,35,8.568,7.6132193
Transporter,pAC50,36,5.854,5.9536743
Transporter,pAC50,37,7.495,7.034546
Transporter,pAC50,38,5.394,6.406604
Transporter,pAC50,39,6.733,5.0503683
Transporter,pAC50,40,6.388,6.388816
Transporter,pAC50,41,5.672,5.710628
Transporter,pAC50,42,9.959,8.384274
Transporter,pAC50,43,7.959,7.6837993
Transporter,pAC50,44,5.569,5.815894
Transporter,pAC50,45,6.812,6.259702
Transporter,pAC50,46,7.201,7.54344
Transporter,pAC50,47,6.636,7.237049
Transporter,pAC50,48,5.751,5.4551253
Transporter,pAC50,49,6.092,6.816308
Transporter,pAC50,50,6.329,6.458071
Transporter,pAC50,51,6.504,7.1393843
Transporter,pAC50,52,5.597,6.2095127
Transporter,pAC50,53,6.588,6.380221
Transporter,pAC50,54,7.352,6.7928133
Transporter,pAC50,55,5.636,5.719254
Transporter,pAC50,56,5.9,6.678036
Transporter,pAC50,57,6.807,6.7509375
Transporter,pAC50,58,6.506,6.5470448
Transporter,pAC50,59,6.959,7.014763
Transporter,pAC50,60,5.255,6.2567
Transporter,pAC50,61,4.975,5.5347567
Transporter,pAC50,62,5.071,5.5913258
Transporter,pAC50,63,7.292,6.401969
Transporter,pAC50,64,4.955,4.4438963
Transporter,pAC50,65,8.155,8.012091
Transporter,pAC50,66,8.027,7.9009314
Transporter,pAC50,67,8.398,7.993991
Transporter,pAC50,68,8.244,8.219468
Transporter,pAC50,69,6.134,6.605712
Transporter,pAC50,70,5.441,6.043856
Transporter,pAC50,71,6.633,7.070734
Transporter,pAC50,72,6.428,6.565665
Transporter,pAC50,73,8.485,8.114593
Transporter,pAC50,74,6.606,6.4458194
Transporter,pAC50,75,6.879,6.1166487
Transporter,pAC50,76,6.91,6.6023602
Transporter,pAC50,77,8.893,8.81415
Transporter,pAC50,78,6.857,7.011939
Transporter,pAC50,79,7.62,6.8155518
Transporter,pAC50,80,6.646,6.437578
Transporter,pAC50,81,7.721,8.26911
Transporter,pAC50,82,7.076,6.36975
Transporter,pAC50,83,6.955,6.005129
Transporter,pAC50,84,8.009,7.8539133
Transporter,pAC50,85,6.407,6.4077244
Transporter,pAC50,86,6.66,6.3738384
Transporter,pAC50,87,6.947,6.6777096
Transporter,pAC50,88,5.928,5.8706827
Transporter,pAC50,89,6.022,6.5220695
Transporter,pAC50,90,4.581,4.6999564
Transporter,pAC50,91,6.243,6.22268
Transporter,pAC50,92,5.395,5.558031
Transporter,pAC50,93,5.139,6.0063
Transporter,pAC50,94,9.222,9.2665205
Transporter,pAC50,95,5.928,6.482312
Transporter,pAC50,96,6.8,6.2061286
Transporter,pAC50,97,6.706,7.3614597
Transporter,pAC50,98,5.499,5.462048
Transporter,pAC50,99,5.81,6.0350275
Transporter,pAC50,100,7.377,7.5240355
Transporter,pAC50,101,7.7,7.9342375
Transporter,pAC50,102,8.181,7.8008666
Transporter,pAC50,103,5.909,5.637741
Transporter,pAC50,104,5.654,4.796769
Transporter,pAC50,105,5.833,5.3842006
Transporter,pAC50,106,7.721,7.2242146
Transporter,pAC50,107,5.554,6.0464034
Transporter,pAC50,108,5.384,5.64782
Transporter,pAC50,109,6.336,5.8093233
Transporter,pAC50,110,5.574,6.3101015
Transporter,pAC50,111,5.719,5.8376417
Transporter,pAC50,112,5.41,5.4113092
Transporter,pAC50,113,6.087,5.8446884
Transporter,pAC50,114,5.404,5.6400995
Transporter,pAC50,115,4.825,5.2976665
Transporter,pAC50,116,4.968,5.3415494
Transporter,pAC50,117,6.339,5.635436
Transporter,pAC50,118,6.097,7.0925646
Transporter,pAC50,119,5.521,6.152979
Transporter,pAC50,120,5.578,6.2205877
Transporter,pAC50,121,4.826,4.947288
Transporter,pAC50,122,4.73,6.4490876
Transporter,pAC50,123,5.576,6.2195964
Transporter,pAC50,124,6.611,6.0217285
Transporter,pAC50,125,6.0,6.59163
Transporter,pAC50,126,5.649,6.327175
Transporter,pAC50,127,5.351,5.028887
Transporter,pAC50,128,6.2,6.0010786
Transporter,pAC50,129,6.54,5.870017
Transporter,pAC50,130,4.78,4.5831804
Transporter,pAC50,131,6.145,7.3089542
Transporter,pAC50,132,6.658,8.2987995
Transporter,pAC50,133,7.013,6.918174
Transporter,pAC50,134,8.523,8.023712
Transporter,pAC50,135,6.51,6.461367
Transporter,pAC50,136,5.515,5.1859503
Transporter,pAC50,137,5.553,5.5754485
Transporter,pAC50,138,8.602,7.734236
Transporter,pAC50,139,6.283,7.2141924
Transporter,pAC50,140,7.658,7.040121
Transporter,pAC50,141,6.102,5.7531466
Transporter,pAC50,142,6.886,6.5239935
Transporter,pAC50,143,6.943,6.698885
Transporter,pAC50,144,5.613,6.7079663
Transporter,pAC50,145,5.804,6.4145575
Transporter,pAC50,146,5.161,5.7462263
Transporter,pAC50,147,6.136,6.786551
Transporter,pAC50,148,7.569,7.163686
Transporter,pAC50,149,7.036,7.0135007
Transporter,pAC50,150,5.139,6.240226
Transporter,pAC50,151,6.564,6.2945547
Transporter,pAC50,152,7.444,6.7374835
Transporter,pAC50,153,8.222,7.3338866
Transporter,pAC50,154,7.553,6.4872875
Transporter,pAC50,155,6.051,6.704438
Transporter,pAC50,156,7.959,7.8546195
Transporter,pAC50,157,9.301,8.863026
Transporter,pAC50,158,6.805,7.050119
Transporter,pAC50,159,6.119,5.9924984
Transporter,pAC50,160,6.509,6.562715
Transporter,pAC50,161,7.046,7.618309
Transporter,pAC50,162,6.886,7.548011
Transporter,pAC50,163,7.119,7.8702583
Transporter,pAC50,164,7.824,7.172122
Transporter,pAC50,165,5.327,6.514836
Transporter,pAC50,166,8.497,8.706009
Transporter,pAC50,167,8.0,8.766787
Transporter,pAC50,168,8.4,9.235048
Transporter,pAC50,169,8.8,8.91394
Transporter,pAC50,170,7.432,6.158735
Transporter,pAC50,171,7.678,7.8643594
Transporter,pAC50,172,5.118,5.691681
Transporter,pAC50,173,5.417,5.933523
Transporter,pAC50,174,8.569,8.530749
Transporter,pAC50,175,5.638,6.586586
Transporter,pAC50,176,8.409,8.091597
Transporter,pAC50,177,7.108,7.3681316
Transporter,pAC50,178,8.252,7.604604
Transporter,pAC50,179,7.481,7.7612853
Transporter,pAC50,180,8.201,7.9957275
Transporter,pAC50,181,5.097,6.579254
Transporter,pAC50,182,6.244,6.22023
Transporter,pAC50,183,7.472,7.5569882
Transporter,pAC50,184,6.886,7.1820126
Transporter,pAC50,185,8.481,8.856002
Transporter,pAC50,186,6.053,6.542239
Transporter,pAC50,187,5.095,5.407771
Transporter,pAC50,188,6.578,6.880389
Transporter,pAC50,189,5.273,6.553655
Transporter,pAC50,190,6.406,6.625084
Transporter,pAC50,191,6.924,6.451089
Transporter,pAC50,192,7.272,7.021363
Transporter,pAC50,193,6.463,6.9713106
Transporter,pAC50,194,6.358,6.134836
Transporter,pAC50,195,5.695,5.5193105
Transporter,pAC50,196,7.582,7.4017353
Transporter,pAC50,197,5.398,5.4416494
Transporter,pAC50,198,6.569,5.9566975
Transporter,pAC50,199,5.474,5.9960012
Transporter,pAC50,200,10.0,9.8395405
Transporter,pAC50,201,7.222,6.382509
Transporter,pAC50,202,8.097,8.120192
Transporter,pAC50,203,5.74,5.995034
Transporter,pAC50,204,7.921,7.7475276
Transporter,pAC50,205,8.77,8.495554
Transporter,pAC50,206,7.959,7.7583675
Transporter,pAC50,207,5.432,5.781207
Transporter,pAC50,208,8.081,7.5088997
Transporter,pAC50,209,4.067,3.8706589
Transporter,pAC50,210,5.299,5.2600255
Transporter,pAC50,211,4.173,3.7597003
Transporter,pAC50,212,5.523,5.6497498
Transporter,pAC50,213,5.019,6.411935
Transporter,pAC50,214,4.623,5.07662
Transporter,pAC50,215,6.187,6.3639917
Transporter,pAC50,216,5.939,6.1600685
Transporter,pAC50,217,7.208,7.7012663
Transporter,pAC50,218,6.721,7.182928
Transporter,pAC50,219,5.066,6.5173817
Transporter,pAC50,220,8.523,8.509157
Transporter,pAC50,221,6.334,6.759514
Transporter,pAC50,222,4.979,5.1638675
Transporter,pAC50,223,7.004,7.0544004
Transporter,pAC50,224,7.215,7.541973
Transporter,pAC50,225,5.721,5.5557423
Transporter,pAC50,226,7.824,7.798811
Transporter,pAC50,227,8.155,7.732504
Transporter,pAC50,228,5.699,6.09657
Transporter,pAC50,229,5.959,6.05508
Transporter,pAC50,230,5.886,6.9103527
Transporter,pAC50,231,5.886,5.1988297
Transporter,pAC50,232,6.699,6.949548
Transporter,pAC50,233,6.62,7.2058244
Transporter,pAC50,234,6.432,6.9537954
Transporter,pAC50,235,8.824,8.208743
Transporter,pAC50,236,6.112,5.794077
Transporter,pAC50,237,7.886,7.710247
Transporter,pAC50,238,5.959,7.085121
Transporter,pAC50,239,8.699,8.551647
Transporter,pAC50,240,6.668,7.651162
Transporter,pAC50,241,7.194,6.9877462
Transporter,pAC50,242,8.155,7.47199
Transporter,pAC50,243,8.155,8.268235
Transporter,pAC50,244,7.523,7.752629
Transporter,pAC50,245,7.041,7.3003526
Transporter,pAC50,246,8.097,7.653414
Transporter,pAC50,247,7.456,7.153825
Transporter,pAC50,248,7.73,7.4364786
Transporter,pAC50,249,6.447,6.269723
Transporter,pAC50,250,6.932,7.0408463
Transporter,pAC50,251,5.222,5.783973
Transporter,pAC50,252,4.759,5.598986
Transporter,pAC50,253,7.222,7.140486
Transporter,pAC50,254,6.139,6.1141624
Transporter,pAC50,255,6.635,6.905852
Transporter,pAC50,256,7.194,7.638063
Transporter,pAC50,257,6.77,8.124399
Transporter,pAC50,258,7.143,8.007819
Transporter,pAC50,259,8.337,8.4830475
Transporter,pAC50,260,7.398,6.602045
Transporter,pAC50,261,6.547,6.5162725
Transporter,pAC50,262,2.67,3.9933896
Transporter,pAC50,263,4.392,5.00725
Transporter,pAC50,264,5.366,3.9919176
Transporter,pAC50,265,7.114,7.595719
Transporter,pAC50,266,5.69,5.8067436
Transporter,pAC50,267,5.222,5.7338314
Transporter,pAC50,268,7.845,7.2288146
Transporter,pAC50,269,6.456,6.8230586
Transporter,pAC50,270,6.526,6.9984283
Transporter,pAC50,271,5.658,5.507704
Transporter,pAC50,272,6.412,5.7561126
Transporter,pAC50,273,6.444,5.957099
Transporter,pAC50,274,6.476,6.731173
Transporter,pAC50,275,6.066,6.4216557
Transporter,pAC50,276,5.965,6.232728
Transporter,pAC50,277,7.252,6.4875145
Transporter,pAC50,278,6.201,6.46906
Transporter,pAC50,279,6.137,5.438266
Transporter,pAC50,280,6.405,6.3413143
Transporter,pAC50,281,9.658,9.174562
Transporter,pAC50,282,9.42,9.174562
Transporter,pAC50,283,8.229,8.2908745
Transporter,pAC50,284,8.276,8.434849
Transporter,pAC50,285,8.167,8.417477
Transporter,pAC50,286,5.738,7.3293366
Transporter,pAC50,287,8.222,7.937744
Transporter,pAC50,288,9.0,8.072245
Transporter,pAC50,289,5.549,6.742398
Transporter,pAC50,290,6.697,6.0598803
Transporter,pAC50,291,6.186,6.338023
Transporter,pAC50,292,5.65,6.1632805
Transporter,pAC50,293,5.815,7.227169
Transporter,pAC50,294,6.481,5.412829
Transporter,pAC50,295,8.022,7.887425
Transporter,pAC50,296,5.585,5.946084
Transporter,pAC50,297,6.959,7.494399
Transporter,pAC50,298,7.638,7.518997
Transporter,pAC50,299,6.585,6.1961617
Transporter,pAC50,300,7.371,7.0479655
Transporter,pAC50,301,9.194,8.302493
Transporter,pAC50,302,7.991,7.605467
Transporter,pAC50,303,7.076,7.1890244
Transporter,pAC50,304,7.921,8.079011
Transporter,pAC50,305,7.148,6.9439516
Transporter,pAC50,306,7.377,7.875616
Transporter,pAC50,307,6.06,5.6651855
Transporter,pAC50,308,7.114,7.4038053
Transporter,pAC50,309,6.538,8.169598
Transporter,pAC50,310,7.638,7.314695
Transporter,pAC50,311,7.921,7.987356
Transporter,pAC50,312,7.523,7.705943
Transporter,pAC50,313,7.377,7.646904
Transporter,pAC50,314,7.337,7.6723156
Transporter,pAC50,315,7.42,7.2651954
Transporter,pAC50,316,6.102,5.8344483
Transporter,pAC50,317,8.081,8.138176
Transporter,pAC50,318,8.62,8.110687
Transporter,pAC50,319,8.77,8.416597
Transporter,pAC50,320,6.9,7.16239
Transporter,pAC50,321,7.9,8.32062
Transporter,pAC50,322,8.2,8.04838
Transporter,pAC50,323,8.3,7.613205
Transporter,pAC50,324,9.081,8.911602
Transporter,pAC50,325,6.854,7.173538
Transporter,pAC50,326,7.276,7.61505
Transporter,pAC50,327,8.244,7.9091244
Transporter,pAC50,328,7.119,7.5791564
Transporter,pAC50,329,5.77,5.389181
Transporter,pAC50,330,7.398,7.1704245
Transporter,pAC50,331,7.886,7.8928103
Transporter,pAC50,332,6.854,6.9600964
Transporter,pAC50,333,7.959,7.8223953
Transporter,pAC50,334,6.854,6.420759
Transporter,pAC50,335,7.408,7.8775206
Transporter,pAC50,336,6.975,7.2157993
Transporter,pAC50,337,7.143,7.86241
Transporter,pAC50,338,7.695,8.426309
Transporter,pAC50,339,6.319,6.4119816
Transporter,pAC50,340,5.718,6.4081197
Transporter,pAC50,341,6.292,6.8288336
Transporter,pAC50,342,6.387,6.778199
Transporter,pAC50,343,5.06,5.8090415
Transporter,pAC50,344,8.959,8.478714
Transporter,pAC50,345,8.137,8.191771
Transporter,pAC50,346,8.194,8.232682
Transporter,pAC50,347,8.066,8.240599
Transporter,pAC50,348,8.42,8.353799
Transporter,pAC50,349,8.678,8.144215
Transporter,pAC50,350,8.097,7.432107
Transporter,pAC50,351,6.146,6.8757896
Transporter,pAC50,352,7.523,7.9474583
Transporter,pAC50,353,4.793,5.8677006
Transporter,pAC50,354,8.208,8.25857
Transporter,pAC50,355,6.678,7.897665
Transporter,pAC50,356,5.319,6.4922867
Transporter,pAC50,357,8.046,8.060044
Transporter,pAC50,358,7.839,7.482072
Transporter,pAC50,359,7.569,7.250643
Transporter,pAC50,360,8.523,8.171341
Transporter,pAC50,361,8.328,7.4516487
Transporter,pAC50,362,7.824,8.254986
Transporter,pAC50,363,8.387,8.231241
Transporter,pAC50,364,6.469,6.151761
Transporter,pAC50,365,7.602,7.2438874
Transporter,pAC50,366,8.0,8.007807
Transporter,pAC50,367,6.854,7.581492
Transporter,pAC50,368,5.357,5.407565
Transporter,pAC50,369,6.495,7.5682755
Transporter,pAC50,370,8.097,7.2223315
Transporter,pAC50,371,5.28,6.0380554
Transporter,pAC50,372,4.35,4.261875
Transporter,pAC50,373,6.268,5.66131
Transporter,pAC50,374,6.263,5.9834485
Transporter,pAC50,375,5.967,5.5208993
Transporter,pAC50,376,6.854,7.035979
Transporter,pAC50,377,8.301,8.750721
Transporter,pAC50,378,7.77,7.6687984
Transporter,pAC50,379,6.81,6.511904
Transporter,pAC50,380,5.523,5.7969217
Transporter,pAC50,381,7.301,7.0981083
Transporter,pAC50,382,7.301,7.381249
Transporter,pAC50,383,5.574,5.5052447
Transporter,pAC50,384,7.959,7.104917
Transporter,pAC50,385,8.523,7.7326384
Transporter,pAC50,386,7.495,7.3334947
Transporter,pAC50,387,7.824,7.785918
Transporter,pAC50,388,6.854,6.9012737
Transporter,pAC50,389,6.538,6.260152
Transporter,pAC50,390,5.523,5.4178457
Transporter,pAC50,391,8.301,7.8336782
Transporter,pAC50,392,7.347,8.225595
Transporter,pAC50,393,8.301,7.78368
Transporter,pAC50,394,7.523,8.082417
Transporter,pAC50,395,5.553,5.6464233
Transporter,pAC50,396,6.097,6.228531
Transporter,pAC50,397,7.056,6.940758
Transporter,pAC50,398,7.377,8.016696
Transporter,pAC50,399,7.796,6.9788494
Transporter,pAC50,400,6.381,6.5854263
Transporter,pAC50,401,8.301,7.9495955
Transporter,pAC50,402,6.564,5.420816
Transporter,pAC50,403,7.387,7.3096504
Transporter,pAC50,404,5.87,5.799009
Transporter,pAC50,405,6.699,7.0703835
Transporter,pAC50,406,6.987,6.595686
Transporter,pAC50,407,6.854,6.531776
Transporter,pAC50,408,8.301,8.419796
Transporter,pAC50,409,7.658,7.546983
Transporter,pAC50,410,7.215,7.5245485
Transporter,pAC50,411,8.097,8.500141
Transporter,pAC50,412,7.757,8.102804
Transporter,pAC50,413,7.77,8.28606
Transporter,pAC50,414,8.097,7.806761
Transporter,pAC50,415,7.824,7.9106393
Transporter,pAC50,416,6.4,6.79834
Transporter,pAC50,417,8.046,8.133411
Transporter,pAC50,418,8.0,8.091736
Transporter,pAC50,419,7.284,6.672868
Transporter,pAC50,420,8.284,8.222965
Transporter,pAC50,421,6.575,6.375101
Transporter,pAC50,422,6.656,6.6660275
Transporter,pAC50,423,6.553,7.5540066
Transporter,pAC50,424,7.076,7.0275025
Transporter,pAC50,425,7.678,7.6433363
Transporter,pAC50,426,6.495,6.013091
Transporter,pAC50,427,7.174,7.2929697
Transporter,pAC50,428,6.269,6.859139
Transporter,pAC50,429,5.681,5.8727922
Transporter,pAC50,430,5.59,6.0476527
Transporter,pAC50,431,6.658,6.319468
Transporter,pAC50,432,7.155,6.8011265
Transporter,pAC50,433,5.084,6.4117184
Transporter,pAC50,434,6.344,6.2410345
Transporter,pAC50,435,5.886,6.3357973
Transporter,pAC50,436,6.389,6.9993505
Transporter,pAC50,437,6.943,7.1442475
Transporter,pAC50,438,7.347,7.2739534
Transporter,pAC50,439,5.792,6.966037
Transporter,pAC50,440,6.623,7.0132227
Transporter,pAC50,441,6.804,7.0873966
Transporter,pAC50,442,6.824,6.951346
Transporter,pAC50,443,8.699,7.468335
Transporter,pAC50,444,6.204,6.6057653
Transporter,pAC50,445,6.0,5.994158
Transporter,pAC50,446,9.125,8.430905
Transporter,pAC50,447,8.194,8.356688
Transporter,pAC50,448,6.041,7.163557
Transporter,pAC50,449,6.432,6.8255453
Transporter,pAC50,450,6.426,6.6465597
Transporter,pAC50,451,5.699,6.2453737
Transporter,pAC50,452,8.77,8.385546
Transporter,pAC50,453,4.439,5.5370245
Transporter,pAC50,454,7.097,6.5320907
Transporter,pAC50,455,6.328,6.577286
Transporter,pAC50,456,7.44,7.4724245
Transporter,pAC50,457,5.081,5.3356304
Transporter,pAC50,458,5.131,5.1046
Transporter,pAC50,459,5.347,4.632864
Transporter,pAC50,460,4.804,5.679477
Transporter,pAC50,461,6.561,6.302976
Transporter,pAC50,462,8.77,7.9963837
Transporter,pAC50,463,6.889,7.106017
Transporter,pAC50,464,7.42,7.7636633
Transporter,pAC50,465,6.391,7.156719
Transporter,pAC50,466,6.069,6.0248995
Transporter,pAC50,467,6.201,5.8787613
Transporter,pAC50,468,8.174,7.8545923
Transporter,pAC50,469,7.242,7.3282123
Transporter,pAC50,470,6.067,7.048718
Transporter,pAC50,471,6.772,7.238943
Transporter,pAC50,472,7.733,7.353606
Transporter,pAC50,473,7.583,7.938493
Transporter,pAC50,474,6.919,7.7399464
Transporter,pAC50,475,7.23,7.117118
Transporter,pAC50,476,4.174,4.935376
Transporter,pAC50,477,7.812,7.8421946
Transporter,pAC50,478,7.991,7.749342
Transporter,pAC50,479,6.569,6.568257
Transporter,pAC50,480,6.121,5.7470717
Transporter,pAC50,481,6.886,6.8606634
Transporter,pAC50,482,7.26,6.938721
Transporter,pAC50,483,8.481,8.036034
Transporter,pAC50,484,5.833,6.068488
Transporter,pAC50,485,7.328,6.488748
Transporter,pAC50,486,6.939,7.1839046
Transporter,pAC50,487,6.347,5.6596947
Transporter,pAC50,488,4.419,4.0228906
Transporter,pAC50,489,4.78,4.898076
Transporter,pAC50,490,5.298,5.364685
Transporter,pAC50,491,5.585,6.246827
Transporter,pAC50,492,6.658,6.9676347
Transporter,pAC50,493,5.678,6.5324726
Transporter,pAC50,494,5.456,5.7072983
Transporter,pAC50,495,4.62,5.3303022
Transporter,pAC50,496,5.222,5.7554493
Transporter,pAC50,497,5.602,5.7328825
Transporter,pAC50,498,6.495,6.4719877
Transporter,pAC50,499,4.959,4.739876
Transporter,pAC50,500,5.699,6.3876157
Transporter,pAC50,501,5.097,5.5886497
Transporter,pAC50,502,5.244,5.397549
Transporter,pAC50,503,6.319,5.986449
Transporter,pAC50,504,7.222,6.6265545
Transporter,pAC50,505,6.28,6.4346213
Transporter,pAC50,506,6.191,6.063206
Transporter,pAC50,507,5.237,5.450676
Transporter,pAC50,508,5.333,5.3049355
Transporter,pAC50,509,6.495,6.563011
Transporter,pAC50,510,8.28,7.9789505
Transporter,pAC50,511,6.14,6.129113
Transporter,pAC50,512,6.321,5.771353
Transporter,pAC50,513,6.204,5.724376
Transporter,pAC50,514,6.399,6.166174
Transporter,pAC50,515,6.059,6.1150923
Transporter,pAC50,516,6.168,5.726343
Transporter,pAC50,517,5.742,6.007058
Transporter,pAC50,518,6.398,7.414603
Transporter,pAC50,519,7.719,7.4406223
Transporter,pAC50,520,6.69,6.645897
Transporter,pAC50,521,5.364,5.902481
Transporter,pAC50,522,5.77,5.9000044
Transporter,pAC50,523,7.046,6.764138
Transporter,pAC50,524,5.347,5.448041
Transporter,pAC50,525,6.42,6.200642
Transporter,pAC50,526,5.154,5.2842445
Transporter,pAC50,527,7.0,6.216179
Transporter,pAC50,528,6.585,6.307704
Transporter,pAC50,529,9.0,9.208117
Transporter,pAC50,530,9.301,8.688725
Transporter,pAC50,531,9.0,8.306925
Transporter,pAC50,532,5.053,5.674123
Transporter,pAC50,533,8.699,8.8729725
Transporter,pAC50,534,7.377,7.456905
Transporter,pAC50,535,6.036,6.1195526
Transporter,pAC50,536,6.21,5.3862925
Transporter,pAC50,537,8.357,7.853894
Transporter,pAC50,538,8.367,8.06274
Transporter,pAC50,539,8.022,7.5662403
Transporter,pAC50,540,8.328,8.271865
Transporter,pAC50,541,5.932,5.9709535
Transporter,pAC50,542,5.721,5.461942
Transporter,pAC50,543,7.569,7.1866302
Transporter,pAC50,544,7.22,6.4399753
Transporter,pAC50,545,6.762,6.5278897
Transporter,pAC50,546,7.046,7.105048
Transporter,pAC50,547,7.275,6.4586854
Transporter,pAC50,548,5.456,5.503041
Transporter,pAC50,549,9.301,7.77623
Transporter,pAC50,550,9.638,8.641266
Transporter,pAC50,551,7.155,8.045095
Transporter,pAC50,552,6.921,7.988821
Transporter,pAC50,553,8.384,8.107571
Transporter,pAC50,554,5.967,5.9453816
Transporter,pAC50,555,5.377,6.1818123
Transporter,pAC50,556,7.125,6.7667494
Transporter,pAC50,557,5.745,5.97385
Transporter,pAC50,558,5.284,5.4734416
Transporter,pAC50,559,6.194,7.524628
Transporter,pAC50,560,5.67,6.04223
Transporter,pAC50,561,7.353,7.845042
Transporter,pAC50,562,7.603,7.158908
Transporter,pAC50,563,6.511,5.887494
Transporter,pAC50,564,6.658,6.4171677
Transporter,pAC50,565,5.729,4.91488
Transporter,pAC50,566,8.291,7.72536
Transporter,pAC50,567,6.131,6.451296
Transporter,pAC50,568,7.852,7.550865
Transporter,pAC50,569,4.87,5.34217
Transporter,pAC50,570,6.418,6.56284
Transporter,pAC50,571,8.378,8.319016
Transporter,pAC50,572,6.761,6.4600325
Transporter,pAC50,573,6.431,6.1104264
Transporter,pAC50,574,6.322,6.9434776
Transporter,pAC50,575,6.62,7.627091
Transporter,pAC50,576,7.009,5.9071846
Transporter,pAC50,577,7.161,6.8911552
Transporter,pAC50,578,8.627,8.115845
Transporter,pAC50,579,7.04,7.025112
Transporter,pAC50,580,7.357,7.3959045
Transporter,pAC50,581,6.77,6.4484606
Transporter,pAC50,582,5.0,5.197247
Transporter,pAC50,583,6.848,6.4729657
Transporter,pAC50,584,3.487,4.927334
Transporter,pAC50,585,3.519,4.225743
Transporter,pAC50,586,3.833,4.0277095
Transporter,pAC50,587,6.821,7.4593925
Transporter,pAC50,588,6.991,6.913371
Transporter,pAC50,589,7.469,8.578342
Transporter,pAC50,590,7.604,6.0458117
Transporter,pAC50,591,9.208,8.781133
Transporter,pAC50,592,7.708,7.6344247
Transporter,pAC50,593,5.569,5.3909745
Transporter,pAC50,594,5.409,6.2312703
Transporter,pAC50,595,6.019,6.5781565
Transporter,pAC50,596,6.721,5.502225
Transporter,pAC50,597,5.745,5.8916674
Transporter,pAC50,598,6.653,6.652703
Transporter,pAC50,599,5.42,5.6944656
Transporter,pAC50,600,2.477,2.3274016
Transporter,pAC50,601,1.982,0.8636488
Transporter,pAC50,602,7.225,7.3683414
Transporter,pAC50,603,8.921,8.030265
Transporter,pAC50,604,6.654,5.3693337
Transporter,pAC50,605,7.253,7.227066
Transporter,pAC50,606,6.41,7.062668
Transporter,pAC50,607,6.652,6.795104
Transporter,pAC50,608,6.896,6.993778
Transporter,pAC50,609,8.928,8.069732
Transporter,pAC50,610,7.959,7.7673817
Transporter,pAC50,611,6.263,6.1377068
Transporter,pAC50,612,9.02,8.51293
Transporter,pAC50,613,6.216,6.358072
Transporter,pAC50,614,8.04,8.54726
Transporter,pAC50,615,7.367,7.3793936
Transporter,pAC50,616,7.173,7.264406
Transporter,pAC50,617,8.633,8.243168
Transporter,pAC50,618,6.457,6.8679237
Transporter,pAC50,619,7.0,7.04662
Transporter,pAC50,620,9.229,9.412401
Transporter,pAC50,621,7.02,7.7928257
Transporter,pAC50,622,7.34,7.05328
Transporter,pAC50,623,6.668,6.6222405
Transporter,pAC50,624,7.926,7.9041443
Transporter,pAC50,625,9.125,9.292344
Transporter,pAC50,626,7.701,7.6784673
Transporter,pAC50,627,6.9,7.4106665
Transporter,pAC50,628,7.87,7.387009
Transporter,pAC50,629,7.886,7.742295
Transporter,pAC50,630,7.423,7.69344
Transporter,pAC50,631,8.639,8.84388
Transporter,pAC50,632,7.158,6.8175144
Transporter,pAC50,633,5.927,6.098016
Transporter,pAC50,634,6.824,7.0238276
Transporter,pAC50,635,7.884,6.6286893
Transporter,pAC50,636,6.178,6.783263
Transporter,pAC50,637,6.708,6.780157
Transporter,pAC50,638,6.565,5.7975345
Transporter,pAC50,639,6.602,6.452018
Transporter,pAC50,640,8.406,8.885591
Transporter,pAC50,641,8.73,8.843037
Transporter,pAC50,642,8.192,8.700279
Transporter,pAC50,643,7.638,7.6905746
Transporter,pAC50,644,7.246,7.8040814
Transporter,pAC50,645,5.684,5.413423
Transporter,pAC50,646,4.107,4.4970827
Transporter,pAC50,647,8.975,8.680174
Transporter,pAC50,648,7.383,7.91926
Transporter,pAC50,649,7.996,7.9455853
Transporter,pAC50,650,9.456,10.082279
Transporter,pAC50,651,7.638,7.7062855
Transporter,pAC50,652,7.565,7.399146
Transporter,pAC50,653,7.313,7.417178
Transporter,pAC50,654,5.255,5.433693
Transporter,pAC50,655,6.196,7.5246
Transporter,pAC50,656,6.675,5.8078537
Transporter,pAC50,657,10.114,9.086948
Transporter,pAC50,658,5.398,5.488858
Transporter,pAC50,659,5.31,5.33541
Transporter,pAC50,660,5.456,5.061228
Transporter,pAC50,661,5.516,5.855829
Transporter,pAC50,662,8.699,7.9508076
Transporter,pAC50,663,6.106,5.9333954
Transporter,pAC50,664,6.0,5.824424
Transporter,pAC50,665,6.678,6.647112
Transporter,pAC50,666,6.377,7.5343018
Transporter,pAC50,667,9.658,8.145757
Transporter,pAC50,668,8.377,7.7695875
Transporter,pAC50,669,7.164,7.241868
Transporter,pAC50,670,5.854,6.6461897
Transporter,pAC50,671,5.456,6.8238945
Transporter,pAC50,672,7.26,8.056101
Transporter,pAC50,673,6.959,6.7142553
Transporter,pAC50,674,6.638,6.5995736
Transporter,pAC50,675,6.31,6.511686
Transporter,pAC50,676,6.398,6.6484213
Transporter,pAC50,677,5.796,5.954883
Transporter,pAC50,678,6.292,5.9439607
Transporter,pAC50,679,6.886,6.4322214
Transporter,pAC50,680,5.26,5.1947412
Transporter,pAC50,681,5.032,5.5449076
Transporter,pAC50,682,5.77,5.877605
Transporter,pAC50,683,5.721,6.0901155
Transporter,pAC50,684,6.0,5.935012
Transporter,pAC50,685,6.523,5.8830853
Transporter,pAC50,686,4.699,5.2569485
Transporter,pAC50,687,5.337,5.49131
Transporter,pAC50,688,5.357,4.7348466
Transporter,pAC50,689,6.367,6.095452
Transporter,pAC50,690,5.585,5.86329
Transporter,pAC50,691,5.959,6.3198237
Transporter,pAC50,692,6.174,5.766472
Transporter,pAC50,693,8.236,8.171257
Transporter,pAC50,694,8.854,8.874014
Transporter,pAC50,695,9.523,9.4185295
Transporter,pAC50,696,7.959,8.7494335
Transporter,pAC50,697,9.699,9.109161
Transporter,pAC50,698,8.0,8.94537
Transporter,pAC50,699,8.921,9.073799
Transporter,pAC50,700,5.032,5.1470423
Transporter,pAC50,701,5.358,5.211049
Transporter,pAC50,702,5.304,5.729209
Transporter,pAC50,703,5.588,5.955193
Transporter,pAC50,704,5.883,6.0644417
Transporter,pAC50,705,6.062,6.0901823
Transporter,pAC50,706,5.235,5.442483
Transporter,pAC50,707,6.21,6.8716164
Transporter,pAC50,708,6.604,7.1777573
Transporter,pAC50,709,5.421,6.766654
Transporter,pAC50,710,5.971,5.243813
Transporter,pAC50,711,4.085,5.1270456
Transporter,pAC50,712,4.627,5.5157557
Transporter,pAC50,713,4.594,5.1573086
Transporter,pAC50,714,6.886,6.6272435
Transporter,pAC50,715,5.932,6.018224
Transporter,pAC50,716,6.592,6.6524906
Transporter,pAC50,717,6.075,5.568811
Transporter,pAC50,718,7.496,6.6192646
Transporter,pAC50,719,6.119,6.4671993
Transporter,pAC50,720,6.625,6.749168
Transporter,pAC50,721,6.951,7.064
Transporter,pAC50,722,5.955,5.6710186
Transporter,pAC50,723,6.476,6.3828344
Transporter,pAC50,724,4.697,6.706726
Transporter,pAC50,725,5.799,6.0787373
Transporter,pAC50,726,5.346,5.8155117
Transporter,pAC50,727,5.444,6.076436
Transporter,pAC50,728,5.658,6.37764
Transporter,pAC50,729,6.001,6.02008
Transporter,pAC50,730,8.208,8.469974
Transporter,pAC50,731,8.445,8.107563
Transporter,pAC50,732,5.222,5.506638
Transporter,pAC50,733,6.567,7.060416
Transporter,pAC50,734,6.635,6.7902966
Transporter,pAC50,735,5.857,5.84947
Transporter,pAC50,736,6.13,5.9869237
Transporter,pAC50,737,6.167,5.7818327
Transporter,pAC50,738,4.849,5.4102426
Transporter,pAC50,739,6.0,6.0946875
Transporter,pAC50,740,7.798,7.8512745
Transporter,pAC50,741,7.5,7.562541
Transporter,pAC50,742,7.399,7.2187104
Transporter,pAC50,743,4.367,4.247014
Transporter,pAC50,744,3.49,3.5673523
Transporter,pAC50,745,6.367,6.7324114
Transporter,pAC50,746,5.0,4.989725
Transporter,pAC50,747,8.699,8.498373
Transporter,pAC50,748,8.699,8.586157
Transporter,pAC50,749,8.155,7.699828
Transporter,pAC50,750,7.187,7.120366
Transporter,pAC50,751,6.081,6.7063603
Transporter,pAC50,752,6.77,6.7564287
Transporter,pAC50,753,6.036,6.494755
Transporter,pAC50,754,4.889,5.2603526
Transporter,pAC50,755,5.538,5.9244595
Transporter,pAC50,756,6.387,6.1078873
Transporter,pAC50,757,4.939,5.767132
Transporter,pAC50,758,5.041,5.2732716
Transporter,pAC50,759,4.959,5.1106977
Transporter,pAC50,760,7.398,6.9956355
Transporter,pAC50,761,5.86,6.331903
Transporter,pAC50,762,7.387,8.2889
Transporter,pAC50,763,7.149,7.3193955
Transporter,pAC50,764,4.357,4.4116797
Transporter,pAC50,765,5.06,5.380704
Transporter,pAC50,766,4.721,4.9895506
Transporter,pAC50,767,5.512,5.666011
Transporter,pAC50,768,8.284,8.772583
Transporter,pAC50,769,7.824,8.086394
Transporter,pAC50,770,8.119,8.212544
Transporter,pAC50,771,6.951,7.1254573
Transporter,pAC50,772,7.194,6.9780126
Transporter,pAC50,773,7.31,7.3236346
Transporter,pAC50,774,5.367,5.810506
Transporter,pAC50,775,8.081,7.544299
Transporter,pAC50,776,7.432,7.6098843
Transporter,pAC50,777,7.357,7.641302
Transporter,pAC50,778,6.77,6.8423305
Transporter,pAC50,779,6.495,7.6527605
Transporter,pAC50,780,7.119,7.387676
Transporter,pAC50,781,7.222,7.3333616
Transporter,pAC50,782,5.509,6.0039606
Transporter,pAC50,783,5.161,5.613223
Transporter,pAC50,784,5.553,5.902857
Transporter,pAC50,785,7.959,7.5935764
Transporter,pAC50,786,7.553,7.8090496
Transporter,pAC50,787,7.509,7.321122
Transporter,pAC50,788,7.252,7.3516254
Transporter,pAC50,789,5.155,5.484158
Transporter,pAC50,790,5.174,5.6788683
Transporter,pAC50,791,7.301,7.184142
Transporter,pAC50,792,6.648,6.395934
Transporter,pAC50,793,5.796,5.791277
Transporter,pAC50,794,6.824,6.389349
Transporter,pAC50,795,7.013,6.842613
Transporter,pAC50,796,8.73,8.340656
Transporter,pAC50,797,8.192,8.270902
Transporter,pAC50,798,8.406,8.320507
Transporter,pAC50,799,6.87,7.167927
Transporter,pAC50,800,6.924,7.047663
Transporter,pAC50,801,8.018,8.136322
Transporter,pAC50,802,8.638,8.66654
Transporter,pAC50,803,7.495,7.531313
Transporter,pAC50,804,7.959,7.8662643
Transporter,pAC50,805,4.721,4.9473877
Transporter,pAC50,806,4.075,4.9237027
Transporter,pAC50,807,6.155,5.9816685
Transporter,pAC50,808,5.824,5.6141334
Transporter,pAC50,809,5.959,5.9747076
Transporter,pAC50,810,5.301,5.538786
Transporter,pAC50,811,5.357,5.2939553
Transporter,pAC50,812,7.481,7.9220104
Transporter,pAC50,813,6.462,6.658078
Transporter,pAC50,814,5.585,5.5307007
Transporter,pAC50,815,7.585,7.564687
Transporter,pAC50,816,7.893,7.897733
Transporter,pAC50,817,8.36,7.999302
Transporter,pAC50,818,8.059,8.284452
Transporter,pAC50,819,8.008,8.160122
Transporter,pAC50,820,8.481,8.428311
Transporter,pAC50,821,7.071,7.500467
Transporter,pAC50,822,7.824,8.044569
Transporter,pAC50,823,7.061,7.0180645
Transporter,pAC50,824,6.59,7.2526236
Transporter,pAC50,825,7.9,8.042959
Transporter,pAC50,826,8.26,8.242169
Transporter,pAC50,827,6.752,7.4358954
Transporter,pAC50,828,5.921,6.890927
Transporter,pAC50,829,5.959,6.640008
Transporter,pAC50,830,7.108,8.209228
Transporter,pAC50,831,7.432,7.3150854
Transporter,pAC50,832,7.229,7.2212286
Transporter,pAC50,833,6.763,6.735483
Transporter,pAC50,834,6.262,6.547099
Transporter,pAC50,835,5.661,6.072071
Transporter,pAC50,836,6.325,6.196357
Transporter,pAC50,837,7.854,7.1058917
Transporter,pAC50,838,7.268,6.907072
Transporter,pAC50,839,7.036,7.1117573
Transporter,pAC50,840,7.301,6.8855553
Transporter,pAC50,841,6.6,6.275463
Transporter,pAC50,842,5.162,5.6001225
Transporter,pAC50,843,5.308,5.294083
Transporter,pAC50,844,5.302,5.890676
Transporter,pAC50,845,7.538,7.3364573
Transporter,pAC50,846,6.302,6.096872
Transporter,pAC50,847,7.409,7.579863
Transporter,pAC50,848,7.77,8.250799
Transporter,pAC50,849,8.013,8.165764
Transporter,pAC50,850,7.854,7.80833
Transporter,pAC50,851,9.6,9.320523
Transporter,pAC50,852,9.0,8.63857
Transporter,pAC50,853,5.678,5.73503
Transporter,pAC50,854,6.536,6.154239
Transporter,pAC50,855,6.961,7.4531364
Transporter,pAC50,856,5.542,6.1201034
Transporter,pAC50,857,5.973,5.6460814
Transporter,pAC50,858,4.796,5.510258
Transporter,pAC50,859,6.278,6.572664
Transporter,pAC50,860,6.26,5.627119
Transporter,pAC50,861,5.523,5.7444925
Transporter,pAC50,862,5.188,5.821704
Transporter,pAC50,863,6.761,6.5310955
Transporter,pAC50,864,6.948,7.142818
Transporter,pAC50,865,5.729,4.8808985
Transporter,pAC50,866,7.388,7.7059674
Transporter,pAC50,867,6.182,6.337094
Transporter,pAC50,868,5.761,5.8737936
Transporter,pAC50,869,7.87,8.027905
Transporter,pAC50,870,6.822,6.8987403
Transporter,pAC50,871,6.515,7.083572
Transporter,pAC50,872,6.0,6.551416
Transporter,pAC50,873,4.824,5.1499043
Transporter,pAC50,874,5.678,5.384759
Transporter,pAC50,875,8.824,9.059888
Transporter,pAC50,876,8.201,9.032299
Transporter,pAC50,877,6.939,6.7476063
Transporter,pAC50,878,6.14,5.853994
Transporter,pAC50,879,6.25,5.24583
Transporter,pAC50,880,5.8,5.7541795
Transporter,pAC50,881,6.247,6.0774965
Transporter,pAC50,882,5.125,5.648967
Transporter,pAC50,883,5.0,5.452578
Transporter,pAC50,884,6.542,7.4225774
Transporter,pAC50,885,6.255,7.0098343
Transporter,pAC50,886,6.06,6.235159
Transporter,pAC50,887,6.447,6.971184
Transporter,pAC50,888,5.301,5.0414877
Transporter,pAC50,889,8.5,8.557123
Transporter,pAC50,890,8.7,8.4438095
Transporter,pAC50,891,5.495,5.3092136
Transporter,pAC50,892,5.086,5.286071
Transporter,pAC50,893,4.044,4.064882
Transporter,pAC50,894,4.105,4.496885
Transporter,pAC50,895,6.77,6.6981645
Transporter,pAC50,896,5.754,6.3737106
Transporter,pAC50,897,7.921,7.927539
Transporter,pAC50,898,6.051,5.809907
Transporter,pAC50,899,5.753,6.0634966
Transporter,pAC50,900,8.097,8.037096
Transporter,pAC50,901,9.143,8.497582
Transporter,pAC50,902,8.0,8.174803
Transporter,pAC50,903,6.824,6.607421
Transporter,pAC50,904,5.951,6.077657
Transporter,pAC50,905,6.896,6.833696
Transporter,pAC50,906,6.046,5.773238
Transporter,pAC50,907,5.471,5.9254107
Transporter,pAC50,908,3.817,3.9264588
Transporter,pAC50,909,4.149,4.054529
Transporter,pAC50,910,3.927,4.036651
Transporter,pAC50,911,3.679,4.075137
Transporter,pAC50,912,5.699,5.522041
Transporter,pAC50,913,5.854,5.462434
Transporter,pAC50,914,4.36,4.3173194
Transporter,pAC50,915,7.678,8.23007
Transporter,pAC50,916,5.445,5.4757853
Transporter,pAC50,917,5.648,5.575058
Transporter,pAC50,918,5.785,5.9160767
Transporter,pAC50,919,5.688,5.5113344
Transporter,pAC50,920,5.959,5.887996
Transporter,pAC50,921,5.839,6.212082
Transporter,pAC50,922,5.873,6.179662
Transporter,pAC50,923,5.796,5.5509434
Transporter,pAC50,924,6.939,6.847782
Transporter,pAC50,925,5.625,5.9472346
Transporter,pAC50,926,6.517,6.310399
Transporter,pAC50,927,7.602,6.969702
Transporter,pAC50,928,8.77,9.580094
Transporter,pAC50,929,6.678,6.842046
Transporter,pAC50,930,7.919,7.5626574
Transporter,pAC50,931,8.174,8.2048645
Transporter,pAC50,932,8.302,7.545982
Transporter,pAC50,933,8.193,8.019682
Transporter,pAC50,934,7.927,7.513665
Transporter,pAC50,935,5.55,5.730851
Transporter,pAC50,936,6.759,6.8383093
Transporter,pAC50,937,4.5,5.6388564
Transporter,pAC50,938,5.34,5.079122
Transporter,pAC50,939,5.231,5.8210783
Transporter,pAC50,940,7.032,7.173518
Transporter,pAC50,941,5.287,5.597229
Transporter,pAC50,942,6.553,6.1465034
Transporter,pAC50,943,7.481,8.083353
Transporter,pAC50,944,6.839,6.0737157
Transporter,pAC50,945,6.274,6.608675
Transporter,pAC50,946,6.066,6.832201
Transporter,pAC50,947,7.337,6.344487
Transporter,pAC50,948,6.67,6.272464
Transporter,pAC50,949,6.907,6.305255
Transporter,pAC50,950,6.674,6.305256
Transporter,pAC50,951,6.222,6.058778
Transporter,pAC50,952,5.585,5.69883
Transporter,pAC50,953,4.921,5.348362
Transporter,pAC50,954,6.599,6.1841125
Transporter,pAC50,955,6.987,7.7594404
Transporter,pAC50,956,6.306,6.984133
Transporter,pAC50,957,7.081,6.8834496
Transporter,pAC50,958,7.481,7.3638678
Transporter,pAC50,959,6.815,5.8012714
Transporter,pAC50,960,5.694,7.267243
Transporter,pAC50,961,7.745,8.165544
Transporter,pAC50,962,8.658,7.808526
Transporter,pAC50,963,5.498,6.109876
Transporter,pAC50,964,7.788,7.796218
Transporter,pAC50,965,5.921,5.934237
Transporter,pAC50,966,9.092,9.022631
Transporter,pAC50,967,7.469,7.7152176
Transporter,pAC50,968,7.77,6.9299173
Transporter,pAC50,969,5.456,7.325425
Transporter,pAC50,970,6.022,6.5647335
Transporter,pAC50,971,6.963,6.8983335
Transporter,pAC50,972,5.86,6.549818
Transporter,pAC50,973,7.854,5.166529
Transporter,pAC50,974,4.169,5.5393057
Transporter,pAC50,975,7.481,8.2721
Transporter,pAC50,976,5.239,5.372426
Transporter,pAC50,977,5.079,5.338287
Transporter,pAC50,978,5.244,5.4821253
Transporter,pAC50,979,5.328,6.325249
Transporter,pAC50,980,5.699,6.960121
Transporter,pAC50,981,6.071,6.069686
Transporter,pAC50,982,7.066,6.9338226
Transporter,pAC50,983,6.431,6.550299
Transporter,pAC50,984,8.276,7.9498878
Transporter,pAC50,985,5.854,8.212819
Transporter,pAC50,986,6.394,6.5244265
Transporter,pAC50,987,7.143,7.2598305
Transporter,pAC50,988,7.004,7.1181684
Transporter,pAC50,989,7.602,6.8017254
Transporter,pAC50,990,4.971,6.6911306
Transporter,pAC50,991,6.27,7.17247
Transporter,pAC50,992,5.423,5.8382444
Transporter,pAC50,993,5.268,5.20139
Transporter,pAC50,994,5.658,6.5138063
Transporter,pAC50,995,4.602,5.307845
Transporter,pAC50,996,3.092,3.8256762
Transporter,pAC50,997,8.0,7.9006653
Transporter,pAC50,998,3.87,3.7753987
Transporter,pAC50,999,4.413,4.01021
Transporter,pAC50,1000,3.438,3.9383051
Transporter,pAC50,1001,5.276,4.7559295
Transporter,pAC50,1002,4.854,5.1533327
Transporter,pAC50,1003,4.145,4.2128863
Transporter,pAC50,1004,4.585,4.506796
Transporter,pAC50,1005,4.607,5.5935907
Transporter,pAC50,1006,4.835,4.524427
Transporter,pAC50,1007,4.855,5.088519
Transporter,pAC50,1008,8.174,7.697359
Transporter,pAC50,1009,8.319,7.5701075
Transporter,pAC50,1010,7.0,7.021852
Transporter,pAC50,1011,7.409,7.5983887
Transporter,pAC50,1012,7.237,7.468641
Transporter,pAC50,1013,6.799,6.771587
