target_uniprot,human_gene,soc_abbr,soc_name,community_module,association_class,evidence_grade,assignment_method,secondary_rank,visualization_score,direct_support_classes,direct_association_terms,direct_references,do_not_treat_as_direct_adr_evidence,within_target_network_rank,network_percentile,soc_candidate_rank,selection_basis,community_direct_seed_count,community_direct_pair_total,community_soc_fraction,community_soc_rank,dominant_diffusion_seed,strongest_direct_seed_neighbor,shortest_path_hops_to_direct_seed
O00408,PDE2A,CAR,Cardiac disorders,M1,network visualization secondary,visualization-only functional context,random walk + within-target specificity + community SOC enrichment,1.0,0.6813988095238095,,,,True,0.9375,0.1700680272108843,20.0,target top-2,7.0,24.0,0.2589285714285714,1.0,PDE3A,PDE3A,1.0
O00408,PDE2A,VAS,Vascular disorders,M1,network visualization secondary,visualization-only functional context,random walk + within-target specificity + community SOC enrichment,2.0,0.6265737410071942,,,,True,0.875,0.1294964028776978,47.0,target top-2,6.0,24.0,0.2232142857142857,0.9375,PDE3A,PDE3A,1.0
O14733,MAP2K7,HEP,Hepatobiliary disorders,M4,network visualization secondary,visualization-only functional context,random walk + within-target specificity + community SOC enrichment,1.0,0.7734291443850267,,,,True,1.0,0.5133689839572193,19.0,target top-2,2.0,33.0,0.0608108108108108,0.71875,AR,,2.0
O14733,MAP2K7,NER,Nervous system disorders,M4,network visualization secondary,visualization-only functional context,random walk + within-target specificity + community SOC enrichment,2.0,0.7125,,,,True,0.9375,0.3125,38.0,target top-2,5.0,33.0,0.1418918918918918,0.90625,GSK3A,GSK3B,1.0
O14965,AURKA,HEP,Hepatobiliary disorders,M4,network visualization secondary,visualization-only functional context,random walk + within-target specificity + community SOC enrichment,1.0,0.8857286096256685,,,,True,1.0,0.8342245989304813,9.0,target top-2,2.0,33.0,0.0608108108108108,0.71875,AR,AR,1.0
O14965,AURKA,REP,Reproductive system and breast disorders,M4,network visualization secondary,visualization-only functional context,random walk + within-target specificity + community SOC enrichment,2.0,0.6887019230769231,,,,True,0.9375,0.4945054945054945,20.0,target top-2,1.0,33.0,0.0337837837837837,0.46875,AR,AR,1.0
O43193,MLNR,BLO,Blood and lymphatic system disorders,M2,network visualization secondary,visualization-only functional context,random walk + within-target specificity + community SOC enrichment,1.0,0.8502777777777778,,,,True,1.0,0.8222222222222222,7.0,target top-2,1.0,33.0,0.0337837837837837,0.5625,UTS2R,EDNRB,1.0
O43193,MLNR,REN,Renal and urinary disorders,M2,network visualization secondary,visualization-only functional context,random walk + within-target specificity + community SOC enrichment,2.0,0.8462013473053892,,,,True,0.9375,0.6766467065868264,5.0,SOC minimum-15 + target top-2,7.0,33.0,0.1959459459459459,0.9375,UTS2R,AGTR2,1.0
O43613,HCRTR1,PSY,Psychiatric disorders,M3,network visualization secondary,visualization-only functional context,random walk + within-target specificity + community SOC enrichment,1.0,0.784375,,,,True,0.9375,0.5,13.0,SOC minimum-15 + target top-2,6.0,26.0,0.2083333333333333,0.9375,CNR1,CNR1,1.0
O43613,HCRTR1,SKI,Skin and subcutaneous tissue disorders,M3,network visualization secondary,visualization-only functional context,random walk + within-target specificity + community SOC enrichment,2.0,0.7601604278074867,,,,True,1.0,0.7433155080213903,10.0,SOC minimum-15 + target top-2,0.0,26.0,0.0083333333333333,0.25,SLC6A3,SLC6A3,1.0
O43614,HCRTR2,REP,Reproductive system and breast disorders,M8,network visualization secondary,visualization-only functional context,random walk + within-target specificity + community SOC enrichment,1.0,0.6581730769230769,,,,True,0.875,0.2197802197802197,22.0,target top-2,4.0,27.0,0.1370967741935483,0.9375,TACR2,,2.0
O43614,HCRTR2,END,Endocrine disorder,M8,network visualization secondary,visualization-only functional context,random walk + within-target specificity + community SOC enrichment,2.0,0.5871527777777777,,,,True,0.9375,0.2222222222222222,28.0,target top-2,1.0,27.0,0.0403225806451612,0.4375,GHSR,GHSR,1.0
O75116,ROCK2,IMM,Immune system disorders,M6,network visualization secondary,visualization-only functional context,random walk + within-target specificity + community SOC enrichment,1.0,0.753125,,,,True,0.9375,0.375,28.0,target top-2,17.0,93.0,0.1778350515463917,1.0,LCK,LCK,1.0
O75116,ROCK2,HEP,Hepatobiliary disorders,M6,network visualization secondary,visualization-only functional context,random walk + within-target specificity + community SOC enrichment,2.0,0.6440842245989304,,,,True,1.0,0.46524064171123,34.0,target top-2,0.0,93.0,0.0025773195876288,0.15625,AR,,2.0
O75899,GABBR2,NER,Nervous system disorders,M9,network visualization secondary,visualization-only functional context,random walk + within-target specificity + community SOC enrichment,1.0,0.913671875,,,,True,0.875,0.9140625,6.0,target top-2,7.0,39.0,0.1686046511627907,1.0,CALCRL,GABRA1,1.0
O75899,GABBR2,MET,Metabolism and nutrition disorders,M9,network visualization secondary,visualization-only functional context,random walk + within-target specificity + community SOC enrichment,2.0,0.8156249999999999,,,,True,1.0,0.9375,6.0,SOC minimum-15 + target top-2,0.0,39.0,0.005813953488372,0.1875,CALCRL,CALCRL,1.0
O75899,GABBR2,MUS,Musculoskeletal and connective tissue disorders,M9,network visualization secondary,visualization-only functional context,random walk + within-target specificity + community SOC enrichment,7.0,0.7656601123595506,,,,True,0.625,0.848314606741573,12.0,SOC minimum-15,6.0,39.0,0.1453488372093023,0.9375,GABRA1,GABRA1,1.0
O75899,GABBR2,CAR,Cardiac disorders,M9,network visualization secondary,visualization-only functional context,random walk + within-target specificity + community SOC enrichment,8.0,0.6998511904761904,,,,True,0.5625,0.8299319727891157,14.0,SOC minimum-15,4.0,39.0,0.0988372093023255,0.78125,CALCRL,CALCRL,1.0
P00519,ABL1,CAR,Cardiac disorders,M4,direct source-supported association,APSB literature only,source evidence mapped to SOC,,,APSB literature only,"Chronic dosing causes multiple toxicities e.g. fluid retention, cardio & GI toxicity.","I.B. Rhea, G.H. Oliveira. Cardiotoxicity of novel targeted chemotherapeutic agents. Current Treatment Options in Cardiovascular Medicine, 20 (7) (2018); M. Chaar, J. Kamta, S. Ait-Oudhia. Mechanisms, monitoring, and management of tyrosine kinase inhibitors-associated cardiovascular toxicities. Oncology Targets Therapy, 11 (2018)",False,,,,,,,,,,,
P00519,ABL1,GAS,Gastrointestinal disorders,M4,direct source-supported association,APSB literature only,source evidence mapped to SOC,,,APSB literature only,"Chronic dosing causes multiple toxicities e.g. fluid retention, cardio & GI toxicity.; Not assessed","I.B. Rhea, G.H. Oliveira. Cardiotoxicity of novel targeted chemotherapeutic agents. Current Treatment Options in Cardiovascular Medicine, 20 (7) (2018); M. Chaar, J. Kamta, S. Ait-Oudhia. Mechanisms, monitoring, and management of tyrosine kinase inhibitors-associated cardiovascular toxicities. Oncology Targets Therapy, 11 (2018)",False,,,,,,,,,,,
P00519,ABL1,VAS,Vascular disorders,M4,direct source-supported association,APSB literature only,source evidence mapped to SOC,,,APSB literature only,"Chronic dosing causes multiple toxicities e.g. fluid retention, cardio & GI toxicity.; Not assessed","I.B. Rhea, G.H. Oliveira. Cardiotoxicity of novel targeted chemotherapeutic agents. Current Treatment Options in Cardiovascular Medicine, 20 (7) (2018); M. Chaar, J. Kamta, S. Ait-Oudhia. Mechanisms, monitoring, and management of tyrosine kinase inhibitors-associated cardiovascular toxicities. Oncology Targets Therapy, 11 (2018)",False,,,,,,,,,,,
P00533,EGFR,HEP,Hepatobiliary disorders,M4,network visualization secondary,visualization-only functional context,random walk + within-target specificity + community SOC enrichment,1.0,0.9062667112299464,,,,True,0.9375,0.9732620320855616,5.0,target top-2,2.0,33.0,0.0608108108108108,0.71875,AR,AR,1.0
P00533,EGFR,END,Endocrine disorder,M4,network visualization secondary,visualization-only functional context,random walk + within-target specificity + community SOC enrichment,2.0,0.8859722222222222,,,,True,1.0,0.9777777777777776,2.0,SOC minimum-15 + target top-2,1.0,33.0,0.0337837837837837,0.46875,AR,NR3C1,1.0
P00533,EGFR,MET,Metabolism and nutrition disorders,M4,network visualization secondary,visualization-only functional context,random walk + within-target specificity + community SOC enrichment,3.0,0.8235795454545455,,,,True,0.875,0.9602272727272728,5.0,SOC minimum-15,1.0,33.0,0.0337837837837837,0.46875,AR,NR3C1,1.0
P00533,EGFR,VAS,Vascular disorders,M4,network visualization secondary,visualization-only functional context,random walk + within-target specificity + community SOC enrichment,4.0,0.8053732014388489,,,,True,0.6875,0.8992805755395683,15.0,SOC minimum-15,5.0,33.0,0.1418918918918918,0.90625,ABL1,ABL1,1.0
P01275,GCG,IMM,Immune system disorders,M6,network visualization secondary,visualization-only functional context,random walk + within-target specificity + community SOC enrichment,1.0,0.99375,,,,True,1.0,0.9821428571428572,1.0,target top-2,17.0,93.0,0.1778350515463917,1.0,PTGER2,ADORA2A,1.0
P01275,GCG,GAS,Gastrointestinal disorders,M6,network visualization secondary,visualization-only functional context,random walk + within-target specificity + community SOC enrichment,2.0,0.8976300335570471,,,,True,0.9375,0.9664429530201344,1.0,SOC minimum-15 + target top-2,8.0,93.0,0.0850515463917525,0.6875,PTGER2,ADRB1,1.0
P01275,GCG,MET,Metabolism and nutrition disorders,M6,network visualization secondary,visualization-only functional context,random walk + within-target specificity + community SOC enrichment,3.0,0.7982954545454546,,,,True,0.8125,0.9147727272727272,8.0,SOC minimum-15,5.0,93.0,0.0541237113402061,0.5625,ADRB1,ADRB1,1.0
P01275,GCG,SKI,Skin and subcutaneous tissue disorders,M6,network visualization secondary,visualization-only functional context,random walk + within-target specificity + community SOC enrichment,6.0,0.7600267379679144,,,,True,0.875,0.9572192513368984,11.0,SOC minimum-15,0.0,93.0,0.0025773195876288,0.15625,DRD1,DRD1,1.0
P01375,TNF,IMM,Immune system disorders,M6,direct source-supported association,APSB literature only,source evidence mapped to SOC,,,APSB literature only,Inflammation; ↑ pain; ↓ BP; ↓ Pain; lupus-like syndrome; sarcoidosis,"R.R. Clementine, J. Lyman, J. Zakem, J. Mallepalli, S. Lindsey, R. Quinet. Tumor necrosis factor-alpha antagonist-induced sarcoidosis. Journal of Clinical Rheumatology, 16 (2010); F. Nau Jr., B. Yu, D. Martin, C.D. Nichols. Serotonin 5-HT2A receptor activation blocks TNF-α mediated inflammation in vivo. PloS One, 8 (2013); L.R. Watkins, L.E. Goehler, J. Relton, M.T. Brewer, S.F. Maier. Mechanisms of tumor necrosis factor-α (TNF-α) hyperalgesia. Brain Research, 692 (1995); V.L. Williams, P.R. Cohen. TNF alpha antagonist-induced lupus-like syndrome: Report and review of the literature with implications for treatment with alternative TNF alpha antagonists. International Journal of Dermatology, 50 (2011)",False,,,,,,,,,,,
P01375,TNF,NER,Nervous system disorders,M6,direct source-supported association,APSB literature only,source evidence mapped to SOC,,,APSB literature only,Inflammation; ↑ pain; ↓ BP; ↓ Pain; lupus-like syndrome; sarcoidosis,"R.R. Clementine, J. Lyman, J. Zakem, J. Mallepalli, S. Lindsey, R. Quinet. Tumor necrosis factor-alpha antagonist-induced sarcoidosis. Journal of Clinical Rheumatology, 16 (2010); F. Nau Jr., B. Yu, D. Martin, C.D. Nichols. Serotonin 5-HT2A receptor activation blocks TNF-α mediated inflammation in vivo. PloS One, 8 (2013); L.R. Watkins, L.E. Goehler, J. Relton, M.T. Brewer, S.F. Maier. Mechanisms of tumor necrosis factor-α (TNF-α) hyperalgesia. Brain Research, 692 (1995); V.L. Williams, P.R. Cohen. TNF alpha antagonist-induced lupus-like syndrome: Report and review of the literature with implications for treatment with alternative TNF alpha antagonists. International Journal of Dermatology, 50 (2011)",False,,,,,,,,,,,
P01375,TNF,VAS,Vascular disorders,M6,direct source-supported association,APSB literature only,source evidence mapped to SOC,,,APSB literature only,Inflammation; ↑ pain; ↓ BP,"R.R. Clementine, J. Lyman, J. Zakem, J. Mallepalli, S. Lindsey, R. Quinet. Tumor necrosis factor-alpha antagonist-induced sarcoidosis. Journal of Clinical Rheumatology, 16 (2010); F. Nau Jr., B. Yu, D. Martin, C.D. Nichols. Serotonin 5-HT2A receptor activation blocks TNF-α mediated inflammation in vivo. PloS One, 8 (2013); L.R. Watkins, L.E. Goehler, J. Relton, M.T. Brewer, S.F. Maier. Mechanisms of tumor necrosis factor-α (TNF-α) hyperalgesia. Brain Research, 692 (1995); V.L. Williams, P.R. Cohen. TNF alpha antagonist-induced lupus-like syndrome: Report and review of the literature with implications for treatment with alternative TNF alpha antagonists. International Journal of Dermatology, 50 (2011)",False,,,,,,,,,,,
P02708,CHRNA1,CAR,Cardiac disorders,M9,direct source-supported association,APSB literature only,source evidence mapped to SOC,,,APSB literature only,Muscle relaxation; constipation; apnoea; ↓ in BP; ↓ in HR; Paralysis; analgesia; ↑ in HR; palpitations; nausea; abuse potential,"Kalamida, D. et al. Muscle and neuronal nicotinic acetylcholine receptors. FEBS J. 274, 3799–3845 (2007)",False,,,,,,,,,,,
P02708,CHRNA1,GAS,Gastrointestinal disorders,M9,direct source-supported association,APSB literature only,source evidence mapped to SOC,,,APSB literature only,Muscle relaxation; constipation; apnoea; ↓ in BP; ↓ in HR; Paralysis; analgesia; ↑ in HR; palpitations; nausea; abuse potential,"Kalamida, D. et al. Muscle and neuronal nicotinic acetylcholine receptors. FEBS J. 274, 3799–3845 (2007)",False,,,,,,,,,,,
P02708,CHRNA1,MUS,Musculoskeletal and connective tissue disorders,M9,direct source-supported association,APSB literature only,source evidence mapped to SOC,,,APSB literature only,Muscle relaxation; constipation; apnoea; ↓ in BP; ↓ in HR,"Kalamida, D. et al. Muscle and neuronal nicotinic acetylcholine receptors. FEBS J. 274, 3799–3845 (2007)",False,,,,,,,,,,,
P02708,CHRNA1,NER,Nervous system disorders,M9,direct source-supported association,APSB literature only,source evidence mapped to SOC,,,APSB literature only,Muscle relaxation; constipation; apnoea; ↓ in BP; ↓ in HR; Paralysis; analgesia; ↑ in HR; palpitations; nausea; abuse potential,"Kalamida, D. et al. Muscle and neuronal nicotinic acetylcholine receptors. FEBS J. 274, 3799–3845 (2007)",False,,,,,,,,,,,
P02708,CHRNA1,RES,"Respiratory, thoracic and mediastinal disorders",M9,direct source-supported association,APSB literature only,source evidence mapped to SOC,,,APSB literature only,Muscle relaxation; constipation; apnoea; ↓ in BP; ↓ in HR; Paralysis; analgesia; ↑ in HR; palpitations; nausea; abuse potential,"Kalamida, D. et al. Muscle and neuronal nicotinic acetylcholine receptors. FEBS J. 274, 3799–3845 (2007)",False,,,,,,,,,,,
P02708,CHRNA1,VAS,Vascular disorders,M9,direct source-supported association,APSB literature only,source evidence mapped to SOC,,,APSB literature only,Muscle relaxation; constipation; apnoea; ↓ in BP; ↓ in HR; Paralysis; analgesia; ↑ in HR; palpitations; nausea; abuse potential,"Kalamida, D. et al. Muscle and neuronal nicotinic acetylcholine receptors. FEBS J. 274, 3799–3845 (2007)",False,,,,,,,,,,,
P03372,ESR1,HEP,Hepatobiliary disorders,M4,network visualization secondary,visualization-only functional context,random walk + within-target specificity + community SOC enrichment,1.0,0.932520053475936,,,,True,1.0,0.9679144385026738,1.0,target top-2,2.0,33.0,0.0608108108108108,0.71875,AR,AR,1.0
P03372,ESR1,MET,Metabolism and nutrition disorders,M4,network visualization secondary,visualization-only functional context,random walk + within-target specificity + community SOC enrichment,2.0,0.8477272727272727,,,,True,0.9375,0.9488636363636364,3.0,SOC minimum-15 + target top-2,1.0,33.0,0.0337837837837837,0.46875,AR,NR3C1,1.0
P03372,ESR1,VAS,Vascular disorders,M4,network visualization secondary,visualization-only functional context,random walk + within-target specificity + community SOC enrichment,3.0,0.8259442446043166,,,,True,0.75,0.8776978417266187,11.0,SOC minimum-15,5.0,33.0,0.1418918918918918,0.90625,NR3C1,NR3C1,1.0
P03372,ESR1,END,Endocrine disorder,M4,network visualization secondary,visualization-only functional context,random walk + within-target specificity + community SOC enrichment,4.0,0.8180555555555555,,,,True,0.875,0.9444444444444444,7.0,SOC minimum-15,1.0,33.0,0.0337837837837837,0.46875,AR,NR3C1,1.0
P03956,MMP1,IMM,Immune system disorders,M6,network visualization secondary,visualization-only functional context,random walk + within-target specificity + community SOC enrichment,1.0,0.7572916666666667,,,,True,0.9375,0.3869047619047619,25.0,target top-2,17.0,93.0,0.1778350515463917,1.0,PTGS2,PTGS2,1.0
P03956,MMP1,HEP,Hepatobiliary disorders,M6,network visualization secondary,visualization-only functional context,random walk + within-target specificity + community SOC enrichment,2.0,0.6571858288770054,,,,True,1.0,0.5026737967914439,32.0,target top-2,0.0,93.0,0.0025773195876288,0.15625,AR,,2.0
P04150,NR3C1,CAR,Cardiac disorders,M5,direct source-supported association,APSB literature only,source evidence mapped to SOC,,,APSB literature only,Immunosuppression; hyperglycaemia; insulin resistance; muscle wasting; ↑ in body weight; osteoporosis; glaucoma; ↑ in BP; ↓ in plasma potassium and arrhythmia,"McMaster, A. & Ray, D. W. Drug insight: selective agonists and antagonists of the glucocorticoid receptor. Nature Clin. Pract. Endocrinol. Metab. 4, 91–101 (2008)",False,,,,,,,,,,,
P04150,NR3C1,END,Endocrine disorder,M5,direct source-supported association,APSB literature only,source evidence mapped to SOC,,,APSB literature only,Hypoglycaemia; Immunosuppression; hyperglycaemia; insulin resistance; muscle wasting; ↑ in body weight; osteoporosis; glaucoma; ↑ in BP; ↓ in plasma potassium and arrhythmia,"McMaster, A. & Ray, D. W. Drug insight: selective agonists and antagonists of the glucocorticoid receptor. Nature Clin. Pract. Endocrinol. Metab. 4, 91–101 (2008)",False,,,,,,,,,,,
P04150,NR3C1,EYE,Eye disorders,M5,direct source-supported association,SPD significant only,source evidence mapped to SOC,,,SPD significant only,Glaucoma,"Sutherland et al., Nature Communications 2023; literature association evaluated in SPD",False,,,,,,,,,,,
P04150,NR3C1,IMM,Immune system disorders,M5,direct source-supported association,APSB literature + SPD,source evidence mapped to SOC,,,APSB literature + SPD,Hypoglycaemia; Immunosuppression; hyperglycaemia; insulin resistance; muscle wasting; ↑ in body weight; osteoporosis; glaucoma; ↑ in BP; ↓ in plasma potassium and arrhythmia; Impaired healing,"McMaster, A. & Ray, D. W. Drug insight: selective agonists and antagonists of the glucocorticoid receptor. Nature Clin. Pract. Endocrinol. Metab. 4, 91–101 (2008); Sutherland et al., Nature Communications 2023; literature association evaluated in SPD",False,,,,,,,,,,,
P04150,NR3C1,MET,Metabolism and nutrition disorders,M5,direct source-supported association,SPD significant only,source evidence mapped to SOC,,,SPD significant only,Blood glucose increased; Insulin resistance; Weight increased,"Sutherland et al., Nature Communications 2023; literature association evaluated in SPD",False,,,,,,,,,,,
P04150,NR3C1,MUS,Musculoskeletal and connective tissue disorders,M5,direct source-supported association,APSB literature + SPD,source evidence mapped to SOC,,,APSB literature + SPD,Immunosuppression; hyperglycaemia; insulin resistance; muscle wasting; ↑ in body weight; osteoporosis; glaucoma; ↑ in BP; ↓ in plasma potassium and arrhythmia; Muscle atrophy; Osteoporosis,"McMaster, A. & Ray, D. W. Drug insight: selective agonists and antagonists of the glucocorticoid receptor. Nature Clin. Pract. Endocrinol. Metab. 4, 91–101 (2008); Sutherland et al., Nature Communications 2023; literature association evaluated in SPD",False,,,,,,,,,,,
P04150,NR3C1,NER,Nervous system disorders,M5,direct source-supported association,SPD significant only,source evidence mapped to SOC,,,SPD significant only,Glaucoma,"Sutherland et al., Nature Communications 2023; literature association evaluated in SPD",False,,,,,,,,,,,
P04150,NR3C1,VAS,Vascular disorders,M5,direct source-supported association,APSB literature only,source evidence mapped to SOC,,,APSB literature only,Immunosuppression; hyperglycaemia; insulin resistance; muscle wasting; ↑ in body weight; osteoporosis; glaucoma; ↑ in BP; ↓ in plasma potassium and arrhythmia,"McMaster, A. & Ray, D. W. Drug insight: selective agonists and antagonists of the glucocorticoid receptor. Nature Clin. Pract. Endocrinol. Metab. 4, 91–101 (2008)",False,,,,,,,,,,,
P04629,NTRK1,CAR,Cardiac disorders,M4,network visualization secondary,visualization-only functional context,random walk + within-target specificity + community SOC enrichment,1.0,0.8133928571428571,,,,True,0.875,0.7346938775510204,7.0,SOC minimum-15 + target top-2,4.0,33.0,0.1148648648648648,0.8125,P2RX3,ABL1,1.0
P04629,NTRK1,IMM,Immune system disorders,M4,network visualization secondary,visualization-only functional context,random walk + within-target specificity + community SOC enrichment,2.0,0.7854166666666667,,,,True,1.0,0.8690476190476191,15.0,target top-2,0.0,33.0,0.0067567567567567,0.15625,P2RX3,ADORA2A,1.0
P06213,INSR,END,Endocrine disorder,M5,network visualization secondary,visualization-only functional context,random walk + within-target specificity + community SOC enrichment,1.0,0.6900694444444444,,,,True,0.8125,0.3555555555555555,15.0,target top-2,7.0,46.0,0.145,1.0,NR3C1,NR3C1,1.0
P06213,INSR,MUS,Musculoskeletal and connective tissue disorders,M5,network visualization secondary,visualization-only functional context,random walk + within-target specificity + community SOC enrichment,2.0,0.6571980337078651,,,,True,0.9375,0.4044943820224719,22.0,target top-2,2.0,46.0,0.045,0.46875,NR3C1,NR3C1,1.0
P06239,LCK,IMM,Immune system disorders,M6,direct source-supported association,APSB literature only,source evidence mapped to SOC,,,APSB literature only,T cell activation; T cell inhibition; SCID-like immunodeficiency,"Goldman, F. D. et al. Defective expression of p56lck in an infant with severe combined immunodeficiency. J. Clin. Invest. 102, 421–429 (1998)",False,,,,,,,,,,,
P06401,PGR,HEP,Hepatobiliary disorders,M4,network visualization secondary,visualization-only functional context,random walk + within-target specificity + community SOC enrichment,1.0,0.9269050802139038,,,,True,1.0,0.9518716577540108,2.0,target top-2,2.0,33.0,0.0608108108108108,0.71875,AR,AR,1.0
P06401,PGR,END,Endocrine disorder,M4,network visualization secondary,visualization-only functional context,random walk + within-target specificity + community SOC enrichment,2.0,0.795625,,,,True,0.9375,0.8,8.0,SOC minimum-15 + target top-2,1.0,33.0,0.0337837837837837,0.46875,AR,AR,1.0
P06401,PGR,MET,Metabolism and nutrition disorders,M4,network visualization secondary,visualization-only functional context,random walk + within-target specificity + community SOC enrichment,3.0,0.7619318181818182,,,,True,0.875,0.7840909090909091,13.0,SOC minimum-15,1.0,33.0,0.0337837837837837,0.46875,AR,AR,1.0
P06401,PGR,MUS,Musculoskeletal and connective tissue disorders,M4,network visualization secondary,visualization-only functional context,random walk + within-target specificity + community SOC enrichment,4.0,0.7228581460674157,,,,True,0.8125,0.7528089887640449,14.0,SOC minimum-15,1.0,33.0,0.0337837837837837,0.46875,AR,AR,1.0
P07339,CTSD,REN,Renal and urinary disorders,M2,network visualization secondary,visualization-only functional context,random walk + within-target specificity + community SOC enrichment,1.0,0.6973989520958084,,,,True,0.9375,0.2514970059880239,23.0,target top-2,7.0,33.0,0.1959459459459459,0.9375,ACE,ACE,1.0
P07339,CTSD,VAS,Vascular disorders,M2,network visualization secondary,visualization-only functional context,random walk + within-target specificity + community SOC enrichment,2.0,0.6285746402877699,,,,True,0.8125,0.1798561151079136,46.0,target top-2,8.0,33.0,0.2229729729729729,1.0,ACE,ACE,1.0
P07550,ADRB2,CAR,Cardiac disorders,M5,direct source-supported association,APSB literature + SPD,source evidence mapped to SOC,,,APSB literature + SPD,↑ in HR; bronchodilation; peripheral vasodilation and skeletal muscle tremor; ↑ in glycogenolysis and glucagon release; Cardiac arrest; Cardiac failure; Electrocardiogram QT prolonged; Heart rate increased,"Cazzola, M., Matera, M. G. & Donner, C. F. Inhaled β2-adrenoceptor agonists: cardiovascular safety in patients with obstructive lung disease. Drugs 65, 1595–1610 (2005); Sutherland et al., Nature Communications 2023; literature association evaluated in SPD",False,,,,,,,,,,,
P07550,ADRB2,END,Endocrine disorder,M5,direct source-supported association,APSB literature only,source evidence mapped to SOC,,,APSB literature only,↑ in HR; bronchodilation; peripheral vasodilation and skeletal muscle tremor; ↑ in glycogenolysis and glucagon release,"Cazzola, M., Matera, M. G. & Donner, C. F. Inhaled β2-adrenoceptor agonists: cardiovascular safety in patients with obstructive lung disease. Drugs 65, 1595–1610 (2005)",False,,,,,,,,,,,
P07550,ADRB2,MET,Metabolism and nutrition disorders,M5,direct source-supported association,APSB literature only,source evidence mapped to SOC,,,APSB literature only,↑ in HR; bronchodilation; peripheral vasodilation and skeletal muscle tremor; ↑ in glycogenolysis and glucagon release,"Cazzola, M., Matera, M. G. & Donner, C. F. Inhaled β2-adrenoceptor agonists: cardiovascular safety in patients with obstructive lung disease. Drugs 65, 1595–1610 (2005)",False,,,,,,,,,,,
P07550,ADRB2,MUS,Musculoskeletal and connective tissue disorders,M5,direct source-supported association,APSB literature only,source evidence mapped to SOC,,,APSB literature only,↑ in HR; bronchodilation; peripheral vasodilation and skeletal muscle tremor; ↑ in glycogenolysis and glucagon release,"Cazzola, M., Matera, M. G. & Donner, C. F. Inhaled β2-adrenoceptor agonists: cardiovascular safety in patients with obstructive lung disease. Drugs 65, 1595–1610 (2005)",False,,,,,,,,,,,
P07550,ADRB2,NER,Nervous system disorders,M5,direct source-supported association,APSB literature + SPD,source evidence mapped to SOC,,,APSB literature + SPD,↑ in HR; bronchodilation; peripheral vasodilation and skeletal muscle tremor; ↑ in glycogenolysis and glucagon release; Tremor,"Cazzola, M., Matera, M. G. & Donner, C. F. Inhaled β2-adrenoceptor agonists: cardiovascular safety in patients with obstructive lung disease. Drugs 65, 1595–1610 (2005); Sutherland et al., Nature Communications 2023; literature association evaluated in SPD",False,,,,,,,,,,,
P07550,ADRB2,RES,"Respiratory, thoracic and mediastinal disorders",M5,direct source-supported association,APSB literature + SPD,source evidence mapped to SOC,,,APSB literature + SPD,↑ in HR; bronchodilation; peripheral vasodilation and skeletal muscle tremor; ↑ in glycogenolysis and glucagon release; ↓ in BP; Bronchospasm,"Cazzola, M., Matera, M. G. & Donner, C. F. Inhaled β2-adrenoceptor agonists: cardiovascular safety in patients with obstructive lung disease. Drugs 65, 1595–1610 (2005); Sutherland et al., Nature Communications 2023; literature association evaluated in SPD",False,,,,,,,,,,,
P07550,ADRB2,VAS,Vascular disorders,M5,direct source-supported association,APSB literature + SPD,source evidence mapped to SOC,,,APSB literature + SPD,↑ in HR; bronchodilation; peripheral vasodilation and skeletal muscle tremor; ↑ in glycogenolysis and glucagon release; ↓ in BP; Blood pressure decreased,"Cazzola, M., Matera, M. G. & Donner, C. F. Inhaled β2-adrenoceptor agonists: cardiovascular safety in patients with obstructive lung disease. Drugs 65, 1595–1610 (2005); Sutherland et al., Nature Communications 2023; literature association evaluated in SPD",False,,,,,,,,,,,
P07727,GLRA1,EYE,Eye disorders,M7,network visualization secondary,visualization-only functional context,random walk + within-target specificity + community SOC enrichment,1.0,0.7634887005649718,,,,True,1.0,0.5028248587570622,8.0,SOC minimum-15 + target top-2,2.0,23.0,0.0833333333333333,0.6875,CHRM2,CHRM2,1.0
P07727,GLRA1,RES,"Respiratory, thoracic and mediastinal disorders",M7,network visualization secondary,visualization-only functional context,random walk + within-target specificity + community SOC enrichment,2.0,0.6712949101796407,,,,True,0.875,0.2215568862275449,23.0,target top-2,5.0,23.0,0.1944444444444444,1.0,CHRM2,CHRM2,1.0
P07948,LYN,IMM,Immune system disorders,M6,network visualization secondary,visualization-only functional context,random walk + within-target specificity + community SOC enrichment,1.0,0.95625,,,,True,1.0,0.875,3.0,target top-2,17.0,93.0,0.1778350515463917,1.0,LCK,LCK,1.0
P07948,LYN,NER,Nervous system disorders,M6,network visualization secondary,visualization-only functional context,random walk + within-target specificity + community SOC enrichment,2.0,0.747265625,,,,True,0.8125,0.5546875,33.0,target top-2,14.0,93.0,0.1469072164948453,0.9375,PDE4D,TNF,1.0
P08172,CHRM2,CAR,Cardiac disorders,M7,direct source-supported association,APSB literature + SPD,source evidence mapped to SOC,,,APSB literature + SPD,↓ in HR; reflex; ↑ in BP; negative chronotropy and inotropy; ↓ in cardiac conduction (PR interval); ↓ in cardiac action potential duration; Atrioventricular conduction time shortened; Electrocardiogram PR shortened; Electrocardiogram QT shortened; Heart rate decreased; Heart rate increased; Tachycardia,"Jooste, E., Klafter, F., Hirshman, C. A. & Emala, C. W. A mechanism for rapacuronium-induced bronchospasm: M2 muscarinic receptor antagonism. Anesthesiology 98, 906–911 (2003); Sutherland et al., Nature Communications 2023; literature association evaluated in SPD",False,,,,,,,,,,,
P08172,CHRM2,EYE,Eye disorders,M7,direct source-supported association,SPD significant only,source evidence mapped to SOC,,,SPD significant only,Miosis; Vision blurred,"Sutherland et al., Nature Communications 2023; literature association evaluated in SPD",False,,,,,,,,,,,
P08172,CHRM2,GAS,Gastrointestinal disorders,M7,direct source-supported association,SPD significant only,source evidence mapped to SOC,,,SPD significant only,Salivary hypersecretion,"Sutherland et al., Nature Communications 2023; literature association evaluated in SPD",False,,,,,,,,,,,
P08172,CHRM2,NER,Nervous system disorders,M7,direct source-supported association,APSB literature + SPD,source evidence mapped to SOC,,,APSB literature + SPD,Tachycardia; bronchoconstriction; tremors; Tremor,"Jooste, E., Klafter, F., Hirshman, C. A. & Emala, C. W. A mechanism for rapacuronium-induced bronchospasm: M2 muscarinic receptor antagonism. Anesthesiology 98, 906–911 (2003); Sutherland et al., Nature Communications 2023; literature association evaluated in SPD",False,,,,,,,,,,,
P08172,CHRM2,RES,"Respiratory, thoracic and mediastinal disorders",M7,direct source-supported association,APSB literature + SPD,source evidence mapped to SOC,,,APSB literature + SPD,Tachycardia; bronchoconstriction; tremors; Respiratory rate increased,"Jooste, E., Klafter, F., Hirshman, C. A. & Emala, C. W. A mechanism for rapacuronium-induced bronchospasm: M2 muscarinic receptor antagonism. Anesthesiology 98, 906–911 (2003); Sutherland et al., Nature Communications 2023; literature association evaluated in SPD",False,,,,,,,,,,,
P08172,CHRM2,VAS,Vascular disorders,M7,direct source-supported association,APSB literature + SPD,source evidence mapped to SOC,,,APSB literature + SPD,Tachycardia; bronchoconstriction; tremors; ↓ in HR; reflex; ↑ in BP; negative chronotropy and inotropy; ↓ in cardiac conduction (PR interval); ↓ in cardiac action potential duration; Blood pressure increased,"Jooste, E., Klafter, F., Hirshman, C. A. & Emala, C. W. A mechanism for rapacuronium-induced bronchospasm: M2 muscarinic receptor antagonism. Anesthesiology 98, 906–911 (2003); Sutherland et al., Nature Communications 2023; literature association evaluated in SPD",False,,,,,,,,,,,
P08173,CHRM4,CAR,Cardiac disorders,M9,direct source-supported association,APSB literature only,source evidence mapped to SOC,,,APSB literature only,↑ Salivation; frothing; lacrimation; sweating; exhaustion; ptosis; muscle cramps; irritability; ↓ pupil diameter; blurred vision; ↓ BP; ↓ HR; catalepsy,"A. Fink-Jensen, L.S. Schmidt, D. Dencker, C. Schülein, J. Wess, G. Wörtwein, D.P.D. Woldbye Antipsychotic-induced catalpsy is attenuated in mice lacking the M4 muscarinic acetylcholine receptor.European Journal of Pharmacology, 656 (2011); J.L. Pauli, C.L. Foot Fatal muscarinic syndrome after eating wild mushrooms. The Medical Journal of Australia, 182 (2005)",False,,,,,,,,,,,
P08173,CHRM4,EYE,Eye disorders,M9,direct source-supported association,SPD significant only,source evidence mapped to SOC,,,SPD significant only,Miosis,"Sutherland et al., Nature Communications 2023; literature association evaluated in SPD",False,,,,,,,,,,,
P08173,CHRM4,MUS,Musculoskeletal and connective tissue disorders,M9,direct source-supported association,APSB literature only,source evidence mapped to SOC,,,APSB literature only,↑ Salivation; frothing; lacrimation; sweating; exhaustion; ptosis; muscle cramps; irritability; ↓ pupil diameter; blurred vision; ↓ BP; ↓ HR; catalepsy,"A. Fink-Jensen, L.S. Schmidt, D. Dencker, C. Schülein, J. Wess, G. Wörtwein, D.P.D. Woldbye Antipsychotic-induced catalpsy is attenuated in mice lacking the M4 muscarinic acetylcholine receptor.European Journal of Pharmacology, 656 (2011); J.L. Pauli, C.L. Foot Fatal muscarinic syndrome after eating wild mushrooms. The Medical Journal of Australia, 182 (2005)",False,,,,,,,,,,,
P08173,CHRM4,NER,Nervous system disorders,M9,direct source-supported association,APSB literature only,source evidence mapped to SOC,,,APSB literature only,Insufficient data; ↑ Salivation; frothing; lacrimation; sweating; exhaustion; ptosis; muscle cramps; irritability; ↓ pupil diameter; blurred vision; ↓ BP; ↓ HR; catalepsy,"A. Fink-Jensen, L.S. Schmidt, D. Dencker, C. Schülein, J. Wess, G. Wörtwein, D.P.D. Woldbye Antipsychotic-induced catalpsy is attenuated in mice lacking the M4 muscarinic acetylcholine receptor.European Journal of Pharmacology, 656 (2011); J.L. Pauli, C.L. Foot Fatal muscarinic syndrome after eating wild mushrooms. The Medical Journal of Australia, 182 (2005)",False,,,,,,,,,,,
P08173,CHRM4,VAS,Vascular disorders,M9,direct source-supported association,APSB literature only,source evidence mapped to SOC,,,APSB literature only,↑ Salivation; frothing; lacrimation; sweating; exhaustion; ptosis; muscle cramps; irritability; ↓ pupil diameter; blurred vision; ↓ BP; ↓ HR; catalepsy,"A. Fink-Jensen, L.S. Schmidt, D. Dencker, C. Schülein, J. Wess, G. Wörtwein, D.P.D. Woldbye Antipsychotic-induced catalpsy is attenuated in mice lacking the M4 muscarinic acetylcholine receptor.European Journal of Pharmacology, 656 (2011); J.L. Pauli, C.L. Foot Fatal muscarinic syndrome after eating wild mushrooms. The Medical Journal of Australia, 182 (2005)",False,,,,,,,,,,,
P08253,MMP2,HEP,Hepatobiliary disorders,M4,network visualization secondary,visualization-only functional context,random walk + within-target specificity + community SOC enrichment,1.0,0.8801136363636364,,,,True,1.0,0.8181818181818182,10.0,target top-2,2.0,33.0,0.0608108108108108,0.71875,AR,AR,1.0
P08253,MMP2,MET,Metabolism and nutrition disorders,M4,network visualization secondary,visualization-only functional context,random walk + within-target specificity + community SOC enrichment,2.0,0.7363636363636363,,,,True,0.9375,0.6306818181818182,14.0,target top-2,1.0,33.0,0.0337837837837837,0.46875,PTGS2,PTGS2,1.0
P08311,CTSG,REN,Renal and urinary disorders,M2,network visualization secondary,visualization-only functional context,random walk + within-target specificity + community SOC enrichment,1.0,0.7087574850299401,,,,True,1.0,0.2035928143712574,20.0,target top-2,7.0,33.0,0.1959459459459459,0.9375,ACE,AGTR2,1.0
P08311,CTSG,VAS,Vascular disorders,M2,network visualization secondary,visualization-only functional context,random walk + within-target specificity + community SOC enrichment,2.0,0.5496627697841727,,,,True,0.6875,0.1151079136690647,64.0,target top-2,8.0,33.0,0.2229729729729729,1.0,TNF,TNF,1.0
P08588,ADRB1,CAR,Cardiac disorders,M5,direct source-supported association,APSB literature + SPD,source evidence mapped to SOC,,,APSB literature + SPD,↑ in HR; ↑ in cardiac contractility; electrolyte disturbances; ↑ in renin release; relaxation of colon and oesophagus; lipolysis; ↓ in BP; ↓ in HR; ↓ in CO; Cardiac failure; Heart rate decreased; Ventricular fibrillation,"Lohse, M. J., Engelhardt, S. & Eschenhagen, T. What is the role of β-adrenergic signaling in heart failure? Circ. Res. 93, 896–906 (2003); Sutherland et al., Nature Communications 2023; literature association evaluated in SPD",False,,,,,,,,,,,
P08588,ADRB1,GAS,Gastrointestinal disorders,M5,direct source-supported association,APSB literature only,source evidence mapped to SOC,,,APSB literature only,↑ in HR; ↑ in cardiac contractility; electrolyte disturbances; ↑ in renin release; relaxation of colon and oesophagus; lipolysis; ↓ in BP; ↓ in HR; ↓ in CO,"Lohse, M. J., Engelhardt, S. & Eschenhagen, T. What is the role of β-adrenergic signaling in heart failure? Circ. Res. 93, 896–906 (2003)",False,,,,,,,,,,,
P08588,ADRB1,MET,Metabolism and nutrition disorders,M5,direct source-supported association,APSB literature only,source evidence mapped to SOC,,,APSB literature only,↑ in HR; ↑ in cardiac contractility; electrolyte disturbances; ↑ in renin release; relaxation of colon and oesophagus; lipolysis,"Lohse, M. J., Engelhardt, S. & Eschenhagen, T. What is the role of β-adrenergic signaling in heart failure? Circ. Res. 93, 896–906 (2003)",False,,,,,,,,,,,
P08588,ADRB1,RES,"Respiratory, thoracic and mediastinal disorders",M5,direct source-supported association,SPD significant only,source evidence mapped to SOC,,,SPD significant only,Bronchospasm,"Sutherland et al., Nature Communications 2023; literature association evaluated in SPD",False,,,,,,,,,,,
P08588,ADRB1,VAS,Vascular disorders,M5,direct source-supported association,APSB literature only,source evidence mapped to SOC,,,APSB literature only,↑ in HR; ↑ in cardiac contractility; electrolyte disturbances; ↑ in renin release; relaxation of colon and oesophagus; lipolysis; ↓ in BP; ↓ in HR; ↓ in CO,"Lohse, M. J., Engelhardt, S. & Eschenhagen, T. What is the role of β-adrenergic signaling in heart failure? Circ. Res. 93, 896–906 (2003)",False,,,,,,,,,,,
P08908,HTR1A,END,Endocrine disorder,M5,direct source-supported association,APSB literature + SPD,source evidence mapped to SOC,,,APSB literature + SPD,Potentially anxiogenic; ↓ in body temperature; reduced REM sleep; ↑ in ACTH; cortisol and growth hormone secretion; Blood growth hormone increased,"Lacivita, E., Leopoldo, M., Berardi, F. & Perrone, R. 5-HT1A receptor, an old target for new therapeutic agents. Curr. Top. Med. Chem. 8, 1024–1034 (2008); Sutherland et al., Nature Communications 2023; literature association evaluated in SPD",False,,,,,,,,,,,
P08908,HTR1A,EYE,Eye disorders,M5,direct source-supported association,SPD significant only,source evidence mapped to SOC,,,SPD significant only,Miosis; Mydriasis; Rapid eye movements sleep abnormal,"Sutherland et al., Nature Communications 2023; literature association evaluated in SPD",False,,,,,,,,,,,
P08908,HTR1A,MET,Metabolism and nutrition disorders,M5,direct source-supported association,SPD significant only,source evidence mapped to SOC,,,SPD significant only,Body temperature decreased,"Sutherland et al., Nature Communications 2023; literature association evaluated in SPD",False,,,,,,,,,,,
P08908,HTR1A,NER,Nervous system disorders,M5,direct source-supported association,APSB literature + SPD,source evidence mapped to SOC,,,APSB literature + SPD,"Potentially anxiogenic; ↓ in body temperature; reduced REM sleep; ↑ in ACTH; cortisol and growth hormone secretion; Decreased activity, Motor dysfunction; Dizziness; Hypersomnia; Motor dysfunction, Psychomotor hyperactivity; Stereotypy","Lacivita, E., Leopoldo, M., Berardi, F. & Perrone, R. 5-HT1A receptor, an old target for new therapeutic agents. Curr. Top. Med. Chem. 8, 1024–1034 (2008); Sutherland et al., Nature Communications 2023; literature association evaluated in SPD",False,,,,,,,,,,,
P08908,HTR1A,PSY,Psychiatric disorders,M5,direct source-supported association,SPD significant only,source evidence mapped to SOC,,,SPD significant only,Anxiety,"Sutherland et al., Nature Communications 2023; literature association evaluated in SPD",False,,,,,,,,,,,
P08912,CHRM5,NER,Nervous system disorders,M3,direct source-supported association,APSB literature only,source evidence mapped to SOC,,,APSB literature only,Insufficient data; ↑ Salivation,"J. Takeuchi, J. Fulton, Z.P. Jia, W. Abramov-Newerly, L. Jamot, M. Sud, ..., J. Yeomans. Increased drinking in mutant mice with truncated M5 muscarinic receptor genes. Pharmacology, Biochemistry, and Behavior, 72 (2002)",False,,,,,,,,,,,
P08913,ADRA2A,CAR,Cardiac disorders,M5,direct source-supported association,APSB literature + SPD,source evidence mapped to SOC,,,APSB literature + SPD,↓ in noradrenaline release and sympathetic neurotransmission; ↓ in BP; ↓ in HR; mydriasis; sedation; Heart rate decreased; Heart rate increased,"Philipp, M., Brede, M. & Hein, L. Physiological significance of α2-adrenergic receptor subtype diversity: one receptor is not enough. Am. J. Physiol. Regul. Integr. Comp. Physiol. 283, R287–R295 (2002); Sutherland et al., Nature Communications 2023; literature association evaluated in SPD",False,,,,,,,,,,,
P08913,ADRA2A,END,Endocrine disorder,M5,direct source-supported association,APSB literature only,source evidence mapped to SOC,,,APSB literature only,↑ in GI motility; ↑ in insulin secretion,"Philipp, M., Brede, M. & Hein, L. Physiological significance of α2-adrenergic receptor subtype diversity: one receptor is not enough. Am. J. Physiol. Regul. Integr. Comp. Physiol. 283, R287–R295 (2002)",False,,,,,,,,,,,
P08913,ADRA2A,EYE,Eye disorders,M5,direct source-supported association,APSB literature + SPD,source evidence mapped to SOC,,,APSB literature + SPD,↓ in noradrenaline release and sympathetic neurotransmission; ↓ in BP; ↓ in HR; mydriasis; sedation; Mydriasis,"Philipp, M., Brede, M. & Hein, L. Physiological significance of α2-adrenergic receptor subtype diversity: one receptor is not enough. Am. J. Physiol. Regul. Integr. Comp. Physiol. 283, R287–R295 (2002); Sutherland et al., Nature Communications 2023; literature association evaluated in SPD",False,,,,,,,,,,,
P08913,ADRA2A,GAS,Gastrointestinal disorders,M5,direct source-supported association,APSB literature only,source evidence mapped to SOC,,,APSB literature only,↑ in GI motility; ↑ in insulin secretion,"Philipp, M., Brede, M. & Hein, L. Physiological significance of α2-adrenergic receptor subtype diversity: one receptor is not enough. Am. J. Physiol. Regul. Integr. Comp. Physiol. 283, R287–R295 (2002)",False,,,,,,,,,,,
P08913,ADRA2A,MET,Metabolism and nutrition disorders,M5,direct source-supported association,SPD marginal only,source evidence mapped to SOC,,,SPD marginal only,Body temperature decreased,"Sutherland et al., Nature Communications 2023; literature association evaluated in SPD",False,,,,,,,,,,,
P08913,ADRA2A,NER,Nervous system disorders,M5,direct source-supported association,APSB literature + SPD,source evidence mapped to SOC,,,APSB literature + SPD,"↑ in GI motility; ↑ in insulin secretion; ↓ in noradrenaline release and sympathetic neurotransmission; ↓ in BP; ↓ in HR; mydriasis; sedation; Sedation, Somnolence","Philipp, M., Brede, M. & Hein, L. Physiological significance of α2-adrenergic receptor subtype diversity: one receptor is not enough. Am. J. Physiol. Regul. Integr. Comp. Physiol. 283, R287–R295 (2002); Sutherland et al., Nature Communications 2023; literature association evaluated in SPD",False,,,,,,,,,,,
P08913,ADRA2A,REN,Renal and urinary disorders,M5,direct source-supported association,APSB literature only,source evidence mapped to SOC,,,APSB literature only,↓ in noradrenaline release and sympathetic neurotransmission; ↓ in BP; ↓ in HR; mydriasis; sedation,"Philipp, M., Brede, M. & Hein, L. Physiological significance of α2-adrenergic receptor subtype diversity: one receptor is not enough. Am. J. Physiol. Regul. Integr. Comp. Physiol. 283, R287–R295 (2002)",False,,,,,,,,,,,
P08913,ADRA2A,VAS,Vascular disorders,M5,direct source-supported association,APSB literature only,source evidence mapped to SOC,,,APSB literature only,↑ in GI motility; ↑ in insulin secretion; ↓ in noradrenaline release and sympathetic neurotransmission; ↓ in BP; ↓ in HR; mydriasis; sedation,"Philipp, M., Brede, M. & Hein, L. Physiological significance of α2-adrenergic receptor subtype diversity: one receptor is not enough. Am. J. Physiol. Regul. Integr. Comp. Physiol. 283, R287–R295 (2002)",False,,,,,,,,,,,
P0DMS8,ADORA3,NER,Nervous system disorders,M7,direct source-supported association,APSB literature only,source evidence mapped to SOC,,,APSB literature only,"↑Convulsions; ↓Pain; ↓convulsions; ↓locomotor
activity; ↑bronchoconstriction","Z. Chen, K. Janes, C. Chen, T. Doyle, L. Bryant, D.K. Tosh, ..., D. Salvemini Controlling murine and rat chronic pain through A3 adenosine receptor activation FASEB Journal, 26 (2012), pp. 1855-1865; K.A. Jacobson, O. Nikodijević, D. Shi, C. Gallo-Rodriguez, M.E. Olah, G.L. Stiles, J.W. Daly A role for central A3-adenosine receptors. Mediation of behavioral depressant effects FEBS Letters, 336 (1993), pp. 57-60; E.G. Mikus, J. Szeredi, K. Boer, G. Tímári, M. Finet, P. Aranyi, A.-M. Galzin Evaluation of SSR161421, a novel orally active adenosine A3 receptor antagonist on pharmacology models European Journal of Pharmacology, 699 (2013), pp. 172-179;E.P.M. Vianna, A.T. Ferreira, F. Doná, E.A. Cavalheiro, M.J. da Silva Fernandes Modulation of seizures and synaptic plasticity by adenosinergic receptors in an experimental model of temporal lobe epilepsy induced by pilocarpine in rats Epilepsia, 46 (2005), pp. 166-173;D.K.J.E. Von Lubitz, M.F. Carter, S.I. Deutsch, R.C.-S. Lin, J. Mastropaolo, Y. Meshulam, K.A. Jacobson The effects of adenosine A3 receptor stimulation on seizures in mice European Journal of Pharmacology, 275 (1995), pp. 23-29",False,,,,,,,,,,,
P0DMS8,ADORA3,RES,"Respiratory, thoracic and mediastinal disorders",M7,direct source-supported association,APSB literature only,source evidence mapped to SOC,,,APSB literature only,"↑Convulsions; ↓Pain; ↓convulsions; ↓locomotor
activity; ↑bronchoconstriction","Z. Chen, K. Janes, C. Chen, T. Doyle, L. Bryant, D.K. Tosh, ..., D. Salvemini Controlling murine and rat chronic pain through A3 adenosine receptor activation FASEB Journal, 26 (2012), pp. 1855-1865; K.A. Jacobson, O. Nikodijević, D. Shi, C. Gallo-Rodriguez, M.E. Olah, G.L. Stiles, J.W. Daly A role for central A3-adenosine receptors. Mediation of behavioral depressant effects FEBS Letters, 336 (1993), pp. 57-60; E.G. Mikus, J. Szeredi, K. Boer, G. Tímári, M. Finet, P. Aranyi, A.-M. Galzin Evaluation of SSR161421, a novel orally active adenosine A3 receptor antagonist on pharmacology models European Journal of Pharmacology, 699 (2013), pp. 172-179;E.P.M. Vianna, A.T. Ferreira, F. Doná, E.A. Cavalheiro, M.J. da Silva Fernandes Modulation of seizures and synaptic plasticity by adenosinergic receptors in an experimental model of temporal lobe epilepsy induced by pilocarpine in rats Epilepsia, 46 (2005), pp. 166-173;D.K.J.E. Von Lubitz, M.F. Carter, S.I. Deutsch, R.C.-S. Lin, J. Mastropaolo, Y. Meshulam, K.A. Jacobson The effects of adenosine A3 receptor stimulation on seizures in mice European Journal of Pharmacology, 275 (1995), pp. 23-29",False,,,,,,,,,,,
P10275,AR,END,Endocrine disorder,M4,direct source-supported association,APSB literature only,source evidence mapped to SOC,,,APSB literature only,"↑ in prostate carcinoma; oedema; androgenicity in females; ↑ in muscle mass; ↑ in hostility; sleep apnoea; liver complications; ↓ in spermatogenesis; impotence; gynecomastia, mastodynia; ↑ in breast carcinoma","Mooradian, A. D., Morley, J. E. & Korenman, S. G. Biological actions of androgens. Endocr. Rev. 8, 1–28 (1987); Davison, S. L. & Bell, R. Androgen physiology. Semin. Reprod. Med. 24, 71–77 (2006)",False,,,,,,,,,,,
P10275,AR,HEP,Hepatobiliary disorders,M4,direct source-supported association,APSB literature only,source evidence mapped to SOC,,,APSB literature only,↑ in prostate carcinoma; oedema; androgenicity in females; ↑ in muscle mass; ↑ in hostility; sleep apnoea; liver complications,"Mooradian, A. D., Morley, J. E. & Korenman, S. G. Biological actions of androgens. Endocr. Rev. 8, 1–28 (1987); Davison, S. L. & Bell, R. Androgen physiology. Semin. Reprod. Med. 24, 71–77 (2006)",False,,,,,,,,,,,
P10275,AR,MET,Metabolism and nutrition disorders,M4,direct source-supported association,SPD significant only,source evidence mapped to SOC,,,SPD significant only,Insulin resistance,"Sutherland et al., Nature Communications 2023; literature association evaluated in SPD",False,,,,,,,,,,,
P10275,AR,MUS,Musculoskeletal and connective tissue disorders,M4,direct source-supported association,APSB literature + SPD,source evidence mapped to SOC,,,APSB literature + SPD,↑ in prostate carcinoma; oedema; androgenicity in females; ↑ in muscle mass; ↑ in hostility; sleep apnoea; liver complications; Osteoporosis,"Mooradian, A. D., Morley, J. E. & Korenman, S. G. Biological actions of androgens. Endocr. Rev. 8, 1–28 (1987); Davison, S. L. & Bell, R. Androgen physiology. Semin. Reprod. Med. 24, 71–77 (2006); Sutherland et al., Nature Communications 2023; literature association evaluated in SPD",False,,,,,,,,,,,
P10275,AR,NER,Nervous system disorders,M4,direct source-supported association,APSB literature only,source evidence mapped to SOC,,,APSB literature only,↑ in prostate carcinoma; oedema; androgenicity in females; ↑ in muscle mass; ↑ in hostility; sleep apnoea; liver complications,"Mooradian, A. D., Morley, J. E. & Korenman, S. G. Biological actions of androgens. Endocr. Rev. 8, 1–28 (1987); Davison, S. L. & Bell, R. Androgen physiology. Semin. Reprod. Med. 24, 71–77 (2006)",False,,,,,,,,,,,
P10275,AR,REP,Reproductive system and breast disorders,M4,direct source-supported association,APSB literature + SPD,source evidence mapped to SOC,,,APSB literature + SPD,"↓ in spermatogenesis; impotence; gynecomastia, mastodynia; ↑ in breast carcinoma; Breast cancer; Breast pain; Female sexual dysfunction; Sexual dysfunction","Mooradian, A. D., Morley, J. E. & Korenman, S. G. Biological actions of androgens. Endocr. Rev. 8, 1–28 (1987); Davison, S. L. & Bell, R. Androgen physiology. Semin. Reprod. Med. 24, 71–77 (2006); Sutherland et al., Nature Communications 2023; literature association evaluated in SPD",False,,,,,,,,,,,
P10275,AR,RES,"Respiratory, thoracic and mediastinal disorders",M4,direct source-supported association,SPD marginal only,source evidence mapped to SOC,,,SPD marginal only,Sleep apnoea syndrome,"Sutherland et al., Nature Communications 2023; literature association evaluated in SPD",False,,,,,,,,,,,
P10276,RARA,HEP,Hepatobiliary disorders,M4,network visualization secondary,visualization-only functional context,random walk + within-target specificity + community SOC enrichment,1.0,0.7809157754010696,,,,True,1.0,0.5347593582887701,16.0,target top-2,2.0,33.0,0.0608108108108108,0.71875,AR,,2.0
P10276,RARA,MET,Metabolism and nutrition disorders,M4,network visualization secondary,visualization-only functional context,random walk + within-target specificity + community SOC enrichment,2.0,0.6585227272727272,,,,True,0.875,0.4886363636363636,25.0,target top-2,1.0,33.0,0.0337837837837837,0.46875,PPARG,PPARG,1.0
P10721,KIT,HEP,Hepatobiliary disorders,M4,network visualization secondary,visualization-only functional context,random walk + within-target specificity + community SOC enrichment,1.0,0.8932152406417113,,,,True,1.0,0.8556149732620321,8.0,target top-2,2.0,33.0,0.0608108108108108,0.71875,AR,AR,1.0
P10721,KIT,BLO,Blood and lymphatic system disorders,M4,network visualization secondary,visualization-only functional context,random walk + within-target specificity + community SOC enrichment,2.0,0.7350694444444444,,,,True,0.9375,0.8055555555555556,23.0,target top-2,0.0,33.0,0.0067567567567567,0.15625,EDNRB,EDNRB,1.0
P11229,CHRM1,CAR,Cardiac disorders,M4,direct source-supported association,SPD significant only,source evidence mapped to SOC,,,SPD significant only,Heart rate increased; Tachycardia,"Sutherland et al., Nature Communications 2023; literature association evaluated in SPD",False,,,,,,,,,,,
P11229,CHRM1,EYE,Eye disorders,M4,direct source-supported association,SPD significant only,source evidence mapped to SOC,,,SPD significant only,Miosis; Vision blurred,"Sutherland et al., Nature Communications 2023; literature association evaluated in SPD",False,,,,,,,,,,,
P11229,CHRM1,GAS,Gastrointestinal disorders,M4,direct source-supported association,APSB literature + SPD,source evidence mapped to SOC,,,APSB literature + SPD,Proconvulsant; ↑ in gastric acid secretion; hypertension; tachycardia; hyperthermia; ↓ in cognitive function; ↓ in gastric acid secretion; blurred vision; Salivary hypersecretion,"Medina, A. et al. Effects of central muscarinic-1 receptor stimulation on blood pressure regulation. Hypertension 29, 828–834 (1997); Sutherland et al., Nature Communications 2023; literature association evaluated in SPD",False,,,,,,,,,,,
P11229,CHRM1,HEP,Hepatobiliary disorders,M4,direct source-supported association,SPD significant only,source evidence mapped to SOC,,,SPD significant only,"Hepatic congestion, Liver injury","Sutherland et al., Nature Communications 2023; literature association evaluated in SPD",False,,,,,,,,,,,
P11229,CHRM1,NER,Nervous system disorders,M4,direct source-supported association,APSB literature + SPD,source evidence mapped to SOC,,,APSB literature + SPD,"Proconvulsant; ↑ in gastric acid secretion; hypertension; tachycardia; hyperthermia; ↓ in cognitive function; ↓ in gastric acid secretion; blurred vision; Cognitive disorder; Decreased activity, Motor dysfunction; Motor dysfunction, Psychomotor hyperactivity","Medina, A. et al. Effects of central muscarinic-1 receptor stimulation on blood pressure regulation. Hypertension 29, 828–834 (1997); Sutherland et al., Nature Communications 2023; literature association evaluated in SPD",False,,,,,,,,,,,
P11229,CHRM1,PSY,Psychiatric disorders,M4,direct source-supported association,SPD significant only,source evidence mapped to SOC,,,SPD significant only,Irritability,"Sutherland et al., Nature Communications 2023; literature association evaluated in SPD",False,,,,,,,,,,,
P11229,CHRM1,RES,"Respiratory, thoracic and mediastinal disorders",M4,direct source-supported association,SPD marginal only,source evidence mapped to SOC,,,SPD marginal only,Increased bronchial secretion,"Sutherland et al., Nature Communications 2023; literature association evaluated in SPD",False,,,,,,,,,,,
P11229,CHRM1,VAS,Vascular disorders,M4,direct source-supported association,APSB literature only,source evidence mapped to SOC,,,APSB literature only,Proconvulsant; ↑ in gastric acid secretion; hypertension; tachycardia; hyperthermia; ↓ in cognitive function; ↓ in gastric acid secretion; blurred vision,"Medina, A. et al. Effects of central muscarinic-1 receptor stimulation on blood pressure regulation. Hypertension 29, 828–834 (1997)",False,,,,,,,,,,,
P12821,ACE,CAR,Cardiac disorders,M2,direct source-supported association,APSB literature only,source evidence mapped to SOC,,,APSB literature only,"↓ BP; ↑ urine excretion; ↑ urinary sodium excretion; proximal tubular degeneration; juxtaglomerular cell hyperplasia; interstitial cell infiltration; gastrointestinal hemorrhagic erosion/ulcer; ↓ bone marrow erythropoiesis; hepatocytic vacuolar degeneration
Developmental toxicity: ↑ risk spontaneous abortion","D.N. Harris, C.L. Heran, H.J. Goldenberg, J.P. High, R.J. Laffan, B. Rubin, ..., M.E. Goldberg. Effects of SQ 14,225, an orally active inhibitor of angiotensin-converting enzyme on blood pressure, heart rate and plasma renin activity of conscious normotensive dogs. European Journal of Pharmacology, 51 (1978); M.E. Moretti, D. Caprara, I. Drehuta, E. Yeung, S. Cheung, L. Federico, G. Koren. The fetal safety of angiotensin converting enzyme inhibitors and angiotensin II receptor blockers. Obstetrics and Gynecology International, 2012 (2012); S. Nishiyama, K. Kanno, H. Yoneda, K. Yano, I. Yamaguchi. Effects of the new angiotensin-converting enzyme inhibitor imidapril on renal hemodynamics and function in anesthetized dogs. Arzneimittel-Forschung, 42 (1992); K. Takase, T. Ikuse, H. Aono, A. Okahara. Toxicity study of the angiotensin converting enzyme inhibitor rentiapril in rats.Arzneimittel-Forschung, 45 (1995)",False,,,,,,,,,,,
P12821,ACE,GAS,Gastrointestinal disorders,M2,direct source-supported association,APSB literature only,source evidence mapped to SOC,,,APSB literature only,"↓ BP; ↑ urine excretion; ↑ urinary sodium excretion; proximal tubular degeneration; juxtaglomerular cell hyperplasia; interstitial cell infiltration; gastrointestinal hemorrhagic erosion/ulcer; ↓ bone marrow erythropoiesis; hepatocytic vacuolar degeneration
Developmental toxicity: ↑ risk spontaneous abortion","D.N. Harris, C.L. Heran, H.J. Goldenberg, J.P. High, R.J. Laffan, B. Rubin, ..., M.E. Goldberg. Effects of SQ 14,225, an orally active inhibitor of angiotensin-converting enzyme on blood pressure, heart rate and plasma renin activity of conscious normotensive dogs. European Journal of Pharmacology, 51 (1978); M.E. Moretti, D. Caprara, I. Drehuta, E. Yeung, S. Cheung, L. Federico, G. Koren. The fetal safety of angiotensin converting enzyme inhibitors and angiotensin II receptor blockers. Obstetrics and Gynecology International, 2012 (2012); S. Nishiyama, K. Kanno, H. Yoneda, K. Yano, I. Yamaguchi. Effects of the new angiotensin-converting enzyme inhibitor imidapril on renal hemodynamics and function in anesthetized dogs. Arzneimittel-Forschung, 42 (1992); K. Takase, T. Ikuse, H. Aono, A. Okahara. Toxicity study of the angiotensin converting enzyme inhibitor rentiapril in rats.Arzneimittel-Forschung, 45 (1995)",False,,,,,,,,,,,
P12821,ACE,REN,Renal and urinary disorders,M2,direct source-supported association,APSB literature only,source evidence mapped to SOC,,,APSB literature only,"Insufficient data; ↓ BP; ↑ urine excretion; ↑ urinary sodium excretion; proximal tubular degeneration; juxtaglomerular cell hyperplasia; interstitial cell infiltration; gastrointestinal hemorrhagic erosion/ulcer; ↓ bone marrow erythropoiesis; hepatocytic vacuolar degeneration
Developmental toxicity: ↑ risk spontaneous abortion","D.N. Harris, C.L. Heran, H.J. Goldenberg, J.P. High, R.J. Laffan, B. Rubin, ..., M.E. Goldberg. Effects of SQ 14,225, an orally active inhibitor of angiotensin-converting enzyme on blood pressure, heart rate and plasma renin activity of conscious normotensive dogs. European Journal of Pharmacology, 51 (1978); M.E. Moretti, D. Caprara, I. Drehuta, E. Yeung, S. Cheung, L. Federico, G. Koren. The fetal safety of angiotensin converting enzyme inhibitors and angiotensin II receptor blockers. Obstetrics and Gynecology International, 2012 (2012); S. Nishiyama, K. Kanno, H. Yoneda, K. Yano, I. Yamaguchi. Effects of the new angiotensin-converting enzyme inhibitor imidapril on renal hemodynamics and function in anesthetized dogs. Arzneimittel-Forschung, 42 (1992); K. Takase, T. Ikuse, H. Aono, A. Okahara. Toxicity study of the angiotensin converting enzyme inhibitor rentiapril in rats.Arzneimittel-Forschung, 45 (1995)",False,,,,,,,,,,,
P12821,ACE,VAS,Vascular disorders,M2,direct source-supported association,APSB literature only,source evidence mapped to SOC,,,APSB literature only,"Insufficient data; ↓ BP; ↑ urine excretion; ↑ urinary sodium excretion; proximal tubular degeneration; juxtaglomerular cell hyperplasia; interstitial cell infiltration; gastrointestinal hemorrhagic erosion/ulcer; ↓ bone marrow erythropoiesis; hepatocytic vacuolar degeneration
Developmental toxicity: ↑ risk spontaneous abortion","D.N. Harris, C.L. Heran, H.J. Goldenberg, J.P. High, R.J. Laffan, B. Rubin, ..., M.E. Goldberg. Effects of SQ 14,225, an orally active inhibitor of angiotensin-converting enzyme on blood pressure, heart rate and plasma renin activity of conscious normotensive dogs. European Journal of Pharmacology, 51 (1978); M.E. Moretti, D. Caprara, I. Drehuta, E. Yeung, S. Cheung, L. Federico, G. Koren. The fetal safety of angiotensin converting enzyme inhibitors and angiotensin II receptor blockers. Obstetrics and Gynecology International, 2012 (2012); S. Nishiyama, K. Kanno, H. Yoneda, K. Yano, I. Yamaguchi. Effects of the new angiotensin-converting enzyme inhibitor imidapril on renal hemodynamics and function in anesthetized dogs. Arzneimittel-Forschung, 42 (1992); K. Takase, T. Ikuse, H. Aono, A. Okahara. Toxicity study of the angiotensin converting enzyme inhibitor rentiapril in rats.Arzneimittel-Forschung, 45 (1995)",False,,,,,,,,,,,
P12931,SRC,IMM,Immune system disorders,M6,network visualization secondary,visualization-only functional context,random walk + within-target specificity + community SOC enrichment,1.0,0.8875,,,,True,0.75,1.0,8.0,target top-2,17.0,93.0,0.1778350515463917,1.0,CNR2,LCK,1.0
P12931,SRC,NER,Nervous system disorders,M6,network visualization secondary,visualization-only functional context,random walk + within-target specificity + community SOC enrichment,2.0,0.875,,,,True,0.75,1.0,9.0,target top-2,14.0,93.0,0.1469072164948453,0.9375,HTR4,AR,1.0
P12931,SRC,CAR,Cardiac disorders,M6,network visualization secondary,visualization-only functional context,random walk + within-target specificity + community SOC enrichment,3.0,0.85625,,,,True,0.75,1.0,4.0,SOC minimum-15,12.0,93.0,0.1262886597938144,0.84375,HTR4,ADRB2,1.0
P12931,SRC,END,Endocrine disorder,M6,network visualization secondary,visualization-only functional context,random walk + within-target specificity + community SOC enrichment,8.0,0.71875,,,,True,0.75,1.0,13.0,SOC minimum-15,0.0,93.0,0.0025773195876288,0.15625,AR,AR,1.0
P13945,ADRB3,MET,Metabolism and nutrition disorders,M5,network visualization secondary,visualization-only functional context,random walk + within-target specificity + community SOC enrichment,1.0,0.8974431818181818,,,,True,1.0,0.7784090909090909,2.0,SOC minimum-15 + target top-2,6.0,46.0,0.125,0.875,ADRB1,ADRB2,1.0
P13945,ADRB3,END,Endocrine disorder,M5,network visualization secondary,visualization-only functional context,random walk + within-target specificity + community SOC enrichment,2.0,0.8240972222222223,,,,True,0.9375,0.5777777777777777,6.0,SOC minimum-15 + target top-2,7.0,46.0,0.145,1.0,ADRB2,ADRB2,1.0
P14416,DRD2,CAR,Cardiac disorders,M5,direct source-supported association,APSB literature only,source evidence mapped to SOC,,,APSB literature only,↓ in HR; syncope; hallucinations; confusion; drowsiness; ↑ in sodium excretion; emesis; ↓ in pituitary hormone secretions,"Emilien, G. et al. Dopamine receptors — physiological understanding to therapeutic intervention potential. Pharmacol. Ther. 84, 133–156 (1999)",False,,,,,,,,,,,
P14416,DRD2,END,Endocrine disorder,M5,direct source-supported association,APSB literature only,source evidence mapped to SOC,,,APSB literature only,Orthostatic hypotension; drowsiness; ↑ in GI motility; ↓ in HR; syncope; hallucinations; confusion; drowsiness; ↑ in sodium excretion; emesis; ↓ in pituitary hormone secretions,"Emilien, G. et al. Dopamine receptors — physiological understanding to therapeutic intervention potential. Pharmacol. Ther. 84, 133–156 (1999)",False,,,,,,,,,,,
P14416,DRD2,GAS,Gastrointestinal disorders,M5,direct source-supported association,APSB literature + SPD,source evidence mapped to SOC,,,APSB literature + SPD,"Orthostatic hypotension; drowsiness; ↑ in GI motility; ↓ in HR; syncope; hallucinations; confusion; drowsiness; ↑ in sodium excretion; emesis; ↓ in pituitary hormone secretions; Constipation, Gastrointestinal disorder, Intestinal transit time decreased; Diarrhoea, Gastrointestinal disorder, Gastrointestinal hypermotility","Emilien, G. et al. Dopamine receptors — physiological understanding to therapeutic intervention potential. Pharmacol. Ther. 84, 133–156 (1999); Sutherland et al., Nature Communications 2023; literature association evaluated in SPD",False,,,,,,,,,,,
P14416,DRD2,MET,Metabolism and nutrition disorders,M5,direct source-supported association,SPD significant only,source evidence mapped to SOC,,,SPD significant only,Body temperature decreased,"Sutherland et al., Nature Communications 2023; literature association evaluated in SPD",False,,,,,,,,,,,
P14416,DRD2,NER,Nervous system disorders,M5,direct source-supported association,APSB literature + SPD,source evidence mapped to SOC,,,APSB literature + SPD,"Orthostatic hypotension; drowsiness; ↑ in GI motility; ↓ in HR; syncope; hallucinations; confusion; drowsiness; ↑ in sodium excretion; emesis; ↓ in pituitary hormone secretions; Decreased activity, Motor dysfunction; Motor dysfunction, Psychomotor hyperactivity; Somnolence; Stereotypy","Emilien, G. et al. Dopamine receptors — physiological understanding to therapeutic intervention potential. Pharmacol. Ther. 84, 133–156 (1999); Sutherland et al., Nature Communications 2023; literature association evaluated in SPD",False,,,,,,,,,,,
P14416,DRD2,PSY,Psychiatric disorders,M5,direct source-supported association,SPD significant only,source evidence mapped to SOC,,,SPD significant only,"Dependence, Drug abuse; Hallucination","Sutherland et al., Nature Communications 2023; literature association evaluated in SPD",False,,,,,,,,,,,
P14416,DRD2,REN,Renal and urinary disorders,M5,direct source-supported association,APSB literature only,source evidence mapped to SOC,,,APSB literature only,↓ in HR; syncope; hallucinations; confusion; drowsiness; ↑ in sodium excretion; emesis; ↓ in pituitary hormone secretions,"Emilien, G. et al. Dopamine receptors — physiological understanding to therapeutic intervention potential. Pharmacol. Ther. 84, 133–156 (1999)",False,,,,,,,,,,,
P14416,DRD2,VAS,Vascular disorders,M5,direct source-supported association,APSB literature + SPD,source evidence mapped to SOC,,,APSB literature + SPD,Orthostatic hypotension; drowsiness; ↑ in GI motility; ↓ in HR; syncope; hallucinations; confusion; drowsiness; ↑ in sodium excretion; emesis; ↓ in pituitary hormone secretions; Orthostatic hypotension; Syncope,"Emilien, G. et al. Dopamine receptors — physiological understanding to therapeutic intervention potential. Pharmacol. Ther. 84, 133–156 (1999); Sutherland et al., Nature Communications 2023; literature association evaluated in SPD",False,,,,,,,,,,,
P14780,MMP9,MET,Metabolism and nutrition disorders,M2,network visualization secondary,visualization-only functional context,random walk + within-target specificity + community SOC enrichment,1.0,0.8107954545454545,,,,True,0.9375,0.7897727272727273,7.0,SOC minimum-15 + target top-2,1.0,33.0,0.0337837837837837,0.5625,PTGS2,PTGS2,1.0
P14780,MMP9,REN,Renal and urinary disorders,M2,network visualization secondary,visualization-only functional context,random walk + within-target specificity + community SOC enrichment,2.0,0.8088136227544911,,,,True,0.8125,0.7305389221556886,8.0,target top-2,7.0,33.0,0.1959459459459459,0.9375,ACE,PTGS2,1.0
P14867,GABRA1,MUS,Musculoskeletal and connective tissue disorders,M9,direct source-supported association,APSB literature only,source evidence mapped to SOC,,,APSB literature only,Anxiolysis; muscle relaxation; ataxia; anticonvulsant; abuse potential; sedation; dizziness; depression; anterograde amnesia,"Lader, M. Effectiveness of benzodiazepines: do they work or not? Expert Rev. Neurother. 8, 1189–1191 (2008)",False,,,,,,,,,,,
P14867,GABRA1,NER,Nervous system disorders,M9,direct source-supported association,APSB literature + SPD,source evidence mapped to SOC,,,APSB literature + SPD,"Anxiolysis; muscle relaxation; ataxia; anticonvulsant; abuse potential; sedation; dizziness; depression; anterograde amnesia; Seizure (when used as a BZD antidote); Ataxia; Decreased activity, Motor dysfunction; Dizziness; Hypersomnia; Sedation, Somnolence; Seizure","Lader, M. Effectiveness of benzodiazepines: do they work or not? Expert Rev. Neurother. 8, 1189–1191 (2008); Sutherland et al., Nature Communications 2023; literature association evaluated in SPD",False,,,,,,,,,,,
P14867,GABRA1,PSY,Psychiatric disorders,M9,direct source-supported association,SPD significant only,source evidence mapped to SOC,,,SPD significant only,"Dependence, Drug abuse","Sutherland et al., Nature Communications 2023; literature association evaluated in SPD",False,,,,,,,,,,,
P17252,PRKCA,NER,Nervous system disorders,M3,network visualization secondary,visualization-only functional context,random walk + within-target specificity + community SOC enrichment,1.0,0.99453125,,,,True,1.0,0.984375,2.0,target top-2,11.0,26.0,0.375,1.0,KCNN1,CACNA1C,1.0
P17252,PRKCA,VAS,Vascular disorders,M3,network visualization secondary,visualization-only functional context,random walk + within-target specificity + community SOC enrichment,2.0,0.8390512589928059,,,,True,0.8125,0.8705035971223022,10.0,SOC minimum-15 + target top-2,2.0,26.0,0.075,0.84375,CACNA1C,CACNA1C,1.0
P17252,PRKCA,CAR,Cardiac disorders,M3,network visualization secondary,visualization-only functional context,random walk + within-target specificity + community SOC enrichment,3.0,0.830654761904762,,,,True,0.875,0.891156462585034,5.0,SOC minimum-15,1.0,26.0,0.0416666666666666,0.625,CACNA1C,CACNA1C,1.0
P17252,PRKCA,SKI,Skin and subcutaneous tissue disorders,M3,network visualization secondary,visualization-only functional context,random walk + within-target specificity + community SOC enrichment,4.0,0.8012867647058823,,,,True,0.9375,0.9411764705882352,6.0,SOC minimum-15,0.0,26.0,0.0083333333333333,0.25,SLC6A3,SLC6A3,1.0
P17948,FLT1,IMM,Immune system disorders,M6,network visualization secondary,visualization-only functional context,random walk + within-target specificity + community SOC enrichment,1.0,0.8114583333333334,,,,True,0.9375,0.5416666666666666,13.0,target top-2,17.0,93.0,0.1778350515463917,1.0,LCK,TNF,1.0
P17948,FLT1,BLO,Blood and lymphatic system disorders,M6,network visualization secondary,visualization-only functional context,random walk + within-target specificity + community SOC enrichment,2.0,0.7179166666666665,,,,True,0.875,0.5333333333333333,25.0,target top-2,8.0,93.0,0.0850515463917525,0.6875,PPARG,PPARG,1.0
P18089,ADRA2B,CAR,Cardiac disorders,M9,direct source-supported association,APSB literature + SPD,source evidence mapped to SOC,,,APSB literature + SPD,↑BP; ↑HR; cardiac ischemia; ↑heart failure; ↓pain; sedation; skeletal muscle tremor; Heart rate increased,"E. Kintsurashvili, C. Johns, I. Ignjacev, I. Gavras, H. Gavras Central α2B-adrenergic receptor antisense in plasmid vector prolongs reversal of salt-dependent hypertension. Journal of Hypertension, 21 (2003); R.E. Link, K. Desai, L. Hein, M.E. Stevens, A. Chruscinski, D. Bernstein, ..., B.K. Kobilka Cardiovascular regulation in mice lacking α2-adrenergic receptor subtypes b and c. Science, 273 (1996); S. Sawamura, W.S. Kingery, M.F. Davies, G.S. Agashe, J.D. Clark, B.K. Kobilka, ..., M. Maze Antinociceptive action of nitrous oxide is mediated by stimulation of noradrenergic neurons in the brainstem and activation of α2B adrenoceptors. The Journal of Neuroscience, 20 (2000); C.M. Tan, M.H. Wilson, L.B. MacMillan, B.K. Kobilka, L.E. Limbird Heterozygous alpha 2A-adrenergic receptor mice unveil unique therapeutic benefits of partial agonists. Proceedings of the National Academy of Sciences of the United States of America, 99 (2002); Sutherland et al., Nature Communications 2023; literature association evaluated in SPD",False,,,,,,,,,,,
P18089,ADRA2B,MUS,Musculoskeletal and connective tissue disorders,M9,direct source-supported association,APSB literature only,source evidence mapped to SOC,,,APSB literature only,↑BP; ↑HR; cardiac ischemia; ↑heart failure; ↓pain; sedation; skeletal muscle tremor,"E. Kintsurashvili, C. Johns, I. Ignjacev, I. Gavras, H. Gavras Central α2B-adrenergic receptor antisense in plasmid vector prolongs reversal of salt-dependent hypertension. Journal of Hypertension, 21 (2003); R.E. Link, K. Desai, L. Hein, M.E. Stevens, A. Chruscinski, D. Bernstein, ..., B.K. Kobilka Cardiovascular regulation in mice lacking α2-adrenergic receptor subtypes b and c. Science, 273 (1996); S. Sawamura, W.S. Kingery, M.F. Davies, G.S. Agashe, J.D. Clark, B.K. Kobilka, ..., M. Maze Antinociceptive action of nitrous oxide is mediated by stimulation of noradrenergic neurons in the brainstem and activation of α2B adrenoceptors. The Journal of Neuroscience, 20 (2000); C.M. Tan, M.H. Wilson, L.B. MacMillan, B.K. Kobilka, L.E. Limbird Heterozygous alpha 2A-adrenergic receptor mice unveil unique therapeutic benefits of partial agonists. Proceedings of the National Academy of Sciences of the United States of America, 99 (2002)",False,,,,,,,,,,,
P18089,ADRA2B,NER,Nervous system disorders,M9,direct source-supported association,APSB literature + SPD,source evidence mapped to SOC,,,APSB literature + SPD,"↑BP; ↑HR; cardiac ischemia; ↑heart failure; ↓pain; sedation; skeletal muscle tremor; ↓BP
Developmental toxicity: ↓survival; Sedation, Somnolence; Tremor","E. Kintsurashvili, C. Johns, I. Ignjacev, I. Gavras, H. Gavras Central α2B-adrenergic receptor antisense in plasmid vector prolongs reversal of salt-dependent hypertension. Journal of Hypertension, 21 (2003); R.E. Link, K. Desai, L. Hein, M.E. Stevens, A. Chruscinski, D. Bernstein, ..., B.K. Kobilka Cardiovascular regulation in mice lacking α2-adrenergic receptor subtypes b and c. Science, 273 (1996); S. Sawamura, W.S. Kingery, M.F. Davies, G.S. Agashe, J.D. Clark, B.K. Kobilka, ..., M. Maze Antinociceptive action of nitrous oxide is mediated by stimulation of noradrenergic neurons in the brainstem and activation of α2B adrenoceptors. The Journal of Neuroscience, 20 (2000); C.M. Tan, M.H. Wilson, L.B. MacMillan, B.K. Kobilka, L.E. Limbird Heterozygous alpha 2A-adrenergic receptor mice unveil unique therapeutic benefits of partial agonists. Proceedings of the National Academy of Sciences of the United States of America, 99 (2002); Sutherland et al., Nature Communications 2023; literature association evaluated in SPD",False,,,,,,,,,,,
P18089,ADRA2B,VAS,Vascular disorders,M9,direct source-supported association,APSB literature only,source evidence mapped to SOC,,,APSB literature only,"↑BP; ↑HR; cardiac ischemia; ↑heart failure; ↓pain; sedation; skeletal muscle tremor; ↓BP
Developmental toxicity: ↓survival","E. Kintsurashvili, C. Johns, I. Ignjacev, I. Gavras, H. Gavras Central α2B-adrenergic receptor antisense in plasmid vector prolongs reversal of salt-dependent hypertension. Journal of Hypertension, 21 (2003); R.E. Link, K. Desai, L. Hein, M.E. Stevens, A. Chruscinski, D. Bernstein, ..., B.K. Kobilka Cardiovascular regulation in mice lacking α2-adrenergic receptor subtypes b and c. Science, 273 (1996); S. Sawamura, W.S. Kingery, M.F. Davies, G.S. Agashe, J.D. Clark, B.K. Kobilka, ..., M. Maze Antinociceptive action of nitrous oxide is mediated by stimulation of noradrenergic neurons in the brainstem and activation of α2B adrenoceptors. The Journal of Neuroscience, 20 (2000); C.M. Tan, M.H. Wilson, L.B. MacMillan, B.K. Kobilka, L.E. Limbird Heterozygous alpha 2A-adrenergic receptor mice unveil unique therapeutic benefits of partial agonists. Proceedings of the National Academy of Sciences of the United States of America, 99 (2002)",False,,,,,,,,,,,
P18507,GABRG2,MUS,Musculoskeletal and connective tissue disorders,M9,network visualization secondary,visualization-only functional context,random walk + within-target specificity + community SOC enrichment,1.0,0.9180828651685392,,,,True,0.9375,0.8820224719101124,4.0,SOC minimum-15 + target top-2,6.0,39.0,0.1453488372093023,0.9375,GABRA1,GABRA1,1.0
P18507,GABRG2,PSY,Psychiatric disorders,M9,network visualization secondary,visualization-only functional context,random walk + within-target specificity + community SOC enrichment,2.0,0.9041666666666668,,,,True,1.0,0.9226190476190476,4.0,SOC minimum-15 + target top-2,3.0,39.0,0.0755813953488372,0.65625,SCN2A,GABRA1,1.0
P18507,GABRG2,RES,"Respiratory, thoracic and mediastinal disorders",M9,network visualization secondary,visualization-only functional context,random walk + within-target specificity + community SOC enrichment,4.0,0.8247005988023951,,,,True,0.875,0.8562874251497006,6.0,SOC minimum-15,3.0,39.0,0.0755813953488372,0.65625,SCN2A,SCN2A,1.0
P18507,GABRG2,SKI,Skin and subcutaneous tissue disorders,M9,network visualization secondary,visualization-only functional context,random walk + within-target specificity + community SOC enrichment,5.0,0.7613469251336898,,,,True,0.8125,0.8449197860962567,9.0,SOC minimum-15,2.0,39.0,0.0523255813953488,0.5,DRD1,DRD1,1.0
P18825,ADRA2C,MUS,Musculoskeletal and connective tissue disorders,M9,network visualization secondary,visualization-only functional context,random walk + within-target specificity + community SOC enrichment,1.0,0.8846558988764045,,,,True,0.9375,0.7865168539325843,5.0,SOC minimum-15 + target top-2,6.0,39.0,0.1453488372093023,0.9375,ADRA2B,ADRA2B,1.0
P18825,ADRA2C,SKI,Skin and subcutaneous tissue disorders,M9,network visualization secondary,visualization-only functional context,random walk + within-target specificity + community SOC enrichment,2.0,0.8513368983957219,,,,True,1.0,0.8609625668449198,4.0,SOC minimum-15 + target top-2,2.0,39.0,0.0523255813953488,0.5,SLC6A3,SLC6A3,1.0
P18825,ADRA2C,EYE,Eye disorders,M9,network visualization secondary,visualization-only functional context,random walk + within-target specificity + community SOC enrichment,4.0,0.7345515536723164,,,,True,0.8125,0.768361581920904,13.0,SOC minimum-15,2.0,39.0,0.0523255813953488,0.5,ADRA2A,ADRA2A,1.0
P19793,RXRA,BLO,Blood and lymphatic system disorders,M6,network visualization secondary,visualization-only functional context,random walk + within-target specificity + community SOC enrichment,1.0,0.8344444444444445,,,,True,1.0,0.7055555555555556,10.0,target top-2,8.0,93.0,0.0850515463917525,0.6875,PPARG,PPARG,1.0
P19793,RXRA,MET,Metabolism and nutrition disorders,M6,network visualization secondary,visualization-only functional context,random walk + within-target specificity + community SOC enrichment,2.0,0.7789772727272728,,,,True,0.9375,0.6988636363636364,10.0,SOC minimum-15 + target top-2,5.0,93.0,0.0541237113402061,0.5625,PPARG,PPARG,1.0
P20309,CHRM3,EYE,Eye disorders,M9,direct source-supported association,SPD significant only,source evidence mapped to SOC,,,SPD significant only,Accommodation disorder; Miosis; Mydriasis,"Sutherland et al., Nature Communications 2023; literature association evaluated in SPD",False,,,,,,,,,,,
P20309,CHRM3,GAS,Gastrointestinal disorders,M9,direct source-supported association,APSB literature + SPD,source evidence mapped to SOC,,,APSB literature + SPD,"Bronchoconstriction; ↑ in salivation; GI and urinary smooth muscle constriction; Constipation; blurred vision; pupil dilation; dry mouth; Constipation; Constipation, Gastrointestinal disorder, Gastrointestinal hypomotility; Constipation, Gastrointestinal disorder, Intestinal transit time decreased; Dry mouth","Krejsa, C. M. et al. Predicting ADME properties and side effects: the BioPrint approach. Curr. Opin. Drug Discov. Dev. 6, 470–480 (2003); Sutherland et al., Nature Communications 2023; literature association evaluated in SPD",False,,,,,,,,,,,
P20309,CHRM3,MUS,Musculoskeletal and connective tissue disorders,M9,direct source-supported association,APSB literature only,source evidence mapped to SOC,,,APSB literature only,Bronchoconstriction; ↑ in salivation; GI and urinary smooth muscle constriction,"Krejsa, C. M. et al. Predicting ADME properties and side effects: the BioPrint approach. Curr. Opin. Drug Discov. Dev. 6, 470–480 (2003)",False,,,,,,,,,,,
P20309,CHRM3,REN,Renal and urinary disorders,M9,direct source-supported association,APSB literature + SPD,source evidence mapped to SOC,,,APSB literature + SPD,Bronchoconstriction; ↑ in salivation; GI and urinary smooth muscle constriction; Bladder spasm,"Krejsa, C. M. et al. Predicting ADME properties and side effects: the BioPrint approach. Curr. Opin. Drug Discov. Dev. 6, 470–480 (2003); Sutherland et al., Nature Communications 2023; literature association evaluated in SPD",False,,,,,,,,,,,
P20309,CHRM3,RES,"Respiratory, thoracic and mediastinal disorders",M9,direct source-supported association,APSB literature + SPD,source evidence mapped to SOC,,,APSB literature + SPD,Bronchoconstriction; ↑ in salivation; GI and urinary smooth muscle constriction; Constipation; blurred vision; pupil dilation; dry mouth; Bronchospasm,"Krejsa, C. M. et al. Predicting ADME properties and side effects: the BioPrint approach. Curr. Opin. Drug Discov. Dev. 6, 470–480 (2003); Sutherland et al., Nature Communications 2023; literature association evaluated in SPD",False,,,,,,,,,,,
P21397,MAOA,GAS,Gastrointestinal disorders,M4,direct source-supported association,APSB literature only,source evidence mapped to SOC,,,APSB literature only,↑ in BP when combined with amines such as tyramine; DDI potential; dizziness; sleep disturbances; nausea,"Youdim, M. B. & Weinstock, M. Therapeutic applications of selective and non-selective inhibitors of monoamine oxidase A and B that do not cause significant tyramine potentiation. Neurotoxicology 25, 243–250 (2004)",False,,,,,,,,,,,
P21397,MAOA,NER,Nervous system disorders,M4,direct source-supported association,APSB literature only,source evidence mapped to SOC,,,APSB literature only,Insufficient information; ↑ in BP when combined with amines such as tyramine; DDI potential; dizziness; sleep disturbances; nausea,"Youdim, M. B. & Weinstock, M. Therapeutic applications of selective and non-selective inhibitors of monoamine oxidase A and B that do not cause significant tyramine potentiation. Neurotoxicology 25, 243–250 (2004)",False,,,,,,,,,,,
P21397,MAOA,VAS,Vascular disorders,M4,direct source-supported association,APSB literature only,source evidence mapped to SOC,,,APSB literature only,Insufficient information; ↑ in BP when combined with amines such as tyramine; DDI potential; dizziness; sleep disturbances; nausea,"Youdim, M. B. & Weinstock, M. Therapeutic applications of selective and non-selective inhibitors of monoamine oxidase A and B that do not cause significant tyramine potentiation. Neurotoxicology 25, 243–250 (2004)",False,,,,,,,,,,,
P21452,TACR2,GAS,Gastrointestinal disorders,M8,direct source-supported association,APSB literature only,source evidence mapped to SOC,,,APSB literature only,↑ Intestinal transit; ↑ urinary bladder contractions; bronchoconstriction; ↓ Intestinal transit; ↓ pain; ↓ inflammation; ↓ anxiety; testicular degeneration; delayed/absent sexual maturity,"B.P. Enright, M.W. Leach, G. Pelletier, F. LaBrie, B.S. McIntyre, P.E. Losco. Effects of an antagonist of neurokinin receptors 1, 2 and 3 on reproductive hormones in male beagle dogs. Birth Defects Research. Part B, Development and Reproductive Toxicology, 89 (2010); A. Floch, V. Fardin, I. Cavero. Characterization of NK1 and NK2 tachykinin receptors in guinea-pig and rat bronchopulmonary and vascular systems. British Journal of Pharmacology, 111 (1994); K.A. Sluka, M.A. Milton, W.D. Willis, K.N. Westlund. Differential roles of neurokinin 1 and neurokinin 2 receptors in the development and maintenance of heat hyperalgesia induced by acute inflammation. British Journal of Pharmacology, 120 (1997); A.K. Topaloglu, F. Reimann, M. Guclu, A.S. Yalin, L.D. Kotan, K.M. Porter, ..., R.K. Semple. TAC3 and TACR3 mutations in familial hypogonadotropic hypogonadism reveal a key role for Neurokinin B in the central control of reproduction. Nature Genetics, 41 (2009); D.M. Walsh, S.C. Stratton, F.J. Harvey, I.J. Beresford, R.M. Hagan. The anxiolytic-like activity of GR159897, a non-pepetide NK2 receptor antagonist, in rodent and primate models of anxiety. Psychopharmacology, 121 (1995)",False,,,,,,,,,,,
P21452,TACR2,IMM,Immune system disorders,M8,direct source-supported association,APSB literature only,source evidence mapped to SOC,,,APSB literature only,↑ Intestinal transit; ↑ urinary bladder contractions; bronchoconstriction; ↓ Intestinal transit; ↓ pain; ↓ inflammation; ↓ anxiety; testicular degeneration; delayed/absent sexual maturity,"B.P. Enright, M.W. Leach, G. Pelletier, F. LaBrie, B.S. McIntyre, P.E. Losco. Effects of an antagonist of neurokinin receptors 1, 2 and 3 on reproductive hormones in male beagle dogs. Birth Defects Research. Part B, Development and Reproductive Toxicology, 89 (2010); A. Floch, V. Fardin, I. Cavero. Characterization of NK1 and NK2 tachykinin receptors in guinea-pig and rat bronchopulmonary and vascular systems. British Journal of Pharmacology, 111 (1994); K.A. Sluka, M.A. Milton, W.D. Willis, K.N. Westlund. Differential roles of neurokinin 1 and neurokinin 2 receptors in the development and maintenance of heat hyperalgesia induced by acute inflammation. British Journal of Pharmacology, 120 (1997); A.K. Topaloglu, F. Reimann, M. Guclu, A.S. Yalin, L.D. Kotan, K.M. Porter, ..., R.K. Semple. TAC3 and TACR3 mutations in familial hypogonadotropic hypogonadism reveal a key role for Neurokinin B in the central control of reproduction. Nature Genetics, 41 (2009); D.M. Walsh, S.C. Stratton, F.J. Harvey, I.J. Beresford, R.M. Hagan. The anxiolytic-like activity of GR159897, a non-pepetide NK2 receptor antagonist, in rodent and primate models of anxiety. Psychopharmacology, 121 (1995)",False,,,,,,,,,,,
P21452,TACR2,NER,Nervous system disorders,M8,direct source-supported association,APSB literature only,source evidence mapped to SOC,,,APSB literature only,↓ Intestinal transit; ↓ pain; ↓ inflammation; ↓ anxiety; testicular degeneration; delayed/absent sexual maturity,"B.P. Enright, M.W. Leach, G. Pelletier, F. LaBrie, B.S. McIntyre, P.E. Losco. Effects of an antagonist of neurokinin receptors 1, 2 and 3 on reproductive hormones in male beagle dogs. Birth Defects Research. Part B, Development and Reproductive Toxicology, 89 (2010); A. Floch, V. Fardin, I. Cavero. Characterization of NK1 and NK2 tachykinin receptors in guinea-pig and rat bronchopulmonary and vascular systems. British Journal of Pharmacology, 111 (1994); K.A. Sluka, M.A. Milton, W.D. Willis, K.N. Westlund. Differential roles of neurokinin 1 and neurokinin 2 receptors in the development and maintenance of heat hyperalgesia induced by acute inflammation. British Journal of Pharmacology, 120 (1997); A.K. Topaloglu, F. Reimann, M. Guclu, A.S. Yalin, L.D. Kotan, K.M. Porter, ..., R.K. Semple. TAC3 and TACR3 mutations in familial hypogonadotropic hypogonadism reveal a key role for Neurokinin B in the central control of reproduction. Nature Genetics, 41 (2009); D.M. Walsh, S.C. Stratton, F.J. Harvey, I.J. Beresford, R.M. Hagan. The anxiolytic-like activity of GR159897, a non-pepetide NK2 receptor antagonist, in rodent and primate models of anxiety. Psychopharmacology, 121 (1995)",False,,,,,,,,,,,
P21452,TACR2,PSY,Psychiatric disorders,M8,direct source-supported association,APSB literature only,source evidence mapped to SOC,,,APSB literature only,↓ Intestinal transit; ↓ pain; ↓ inflammation; ↓ anxiety; testicular degeneration; delayed/absent sexual maturity,"B.P. Enright, M.W. Leach, G. Pelletier, F. LaBrie, B.S. McIntyre, P.E. Losco. Effects of an antagonist of neurokinin receptors 1, 2 and 3 on reproductive hormones in male beagle dogs. Birth Defects Research. Part B, Development and Reproductive Toxicology, 89 (2010); A. Floch, V. Fardin, I. Cavero. Characterization of NK1 and NK2 tachykinin receptors in guinea-pig and rat bronchopulmonary and vascular systems. British Journal of Pharmacology, 111 (1994); K.A. Sluka, M.A. Milton, W.D. Willis, K.N. Westlund. Differential roles of neurokinin 1 and neurokinin 2 receptors in the development and maintenance of heat hyperalgesia induced by acute inflammation. British Journal of Pharmacology, 120 (1997); A.K. Topaloglu, F. Reimann, M. Guclu, A.S. Yalin, L.D. Kotan, K.M. Porter, ..., R.K. Semple. TAC3 and TACR3 mutations in familial hypogonadotropic hypogonadism reveal a key role for Neurokinin B in the central control of reproduction. Nature Genetics, 41 (2009); D.M. Walsh, S.C. Stratton, F.J. Harvey, I.J. Beresford, R.M. Hagan. The anxiolytic-like activity of GR159897, a non-pepetide NK2 receptor antagonist, in rodent and primate models of anxiety. Psychopharmacology, 121 (1995)",False,,,,,,,,,,,
P21452,TACR2,REN,Renal and urinary disorders,M8,direct source-supported association,APSB literature only,source evidence mapped to SOC,,,APSB literature only,↑ Intestinal transit; ↑ urinary bladder contractions; bronchoconstriction,"B.P. Enright, M.W. Leach, G. Pelletier, F. LaBrie, B.S. McIntyre, P.E. Losco. Effects of an antagonist of neurokinin receptors 1, 2 and 3 on reproductive hormones in male beagle dogs. Birth Defects Research. Part B, Development and Reproductive Toxicology, 89 (2010); A. Floch, V. Fardin, I. Cavero. Characterization of NK1 and NK2 tachykinin receptors in guinea-pig and rat bronchopulmonary and vascular systems. British Journal of Pharmacology, 111 (1994); K.A. Sluka, M.A. Milton, W.D. Willis, K.N. Westlund. Differential roles of neurokinin 1 and neurokinin 2 receptors in the development and maintenance of heat hyperalgesia induced by acute inflammation. British Journal of Pharmacology, 120 (1997); A.K. Topaloglu, F. Reimann, M. Guclu, A.S. Yalin, L.D. Kotan, K.M. Porter, ..., R.K. Semple. TAC3 and TACR3 mutations in familial hypogonadotropic hypogonadism reveal a key role for Neurokinin B in the central control of reproduction. Nature Genetics, 41 (2009); D.M. Walsh, S.C. Stratton, F.J. Harvey, I.J. Beresford, R.M. Hagan. The anxiolytic-like activity of GR159897, a non-pepetide NK2 receptor antagonist, in rodent and primate models of anxiety. Psychopharmacology, 121 (1995)",False,,,,,,,,,,,
P21452,TACR2,REP,Reproductive system and breast disorders,M8,direct source-supported association,APSB literature only,source evidence mapped to SOC,,,APSB literature only,↓ Intestinal transit; ↓ pain; ↓ inflammation; ↓ anxiety; testicular degeneration; delayed/absent sexual maturity,"B.P. Enright, M.W. Leach, G. Pelletier, F. LaBrie, B.S. McIntyre, P.E. Losco. Effects of an antagonist of neurokinin receptors 1, 2 and 3 on reproductive hormones in male beagle dogs. Birth Defects Research. Part B, Development and Reproductive Toxicology, 89 (2010); A. Floch, V. Fardin, I. Cavero. Characterization of NK1 and NK2 tachykinin receptors in guinea-pig and rat bronchopulmonary and vascular systems. British Journal of Pharmacology, 111 (1994); K.A. Sluka, M.A. Milton, W.D. Willis, K.N. Westlund. Differential roles of neurokinin 1 and neurokinin 2 receptors in the development and maintenance of heat hyperalgesia induced by acute inflammation. British Journal of Pharmacology, 120 (1997); A.K. Topaloglu, F. Reimann, M. Guclu, A.S. Yalin, L.D. Kotan, K.M. Porter, ..., R.K. Semple. TAC3 and TACR3 mutations in familial hypogonadotropic hypogonadism reveal a key role for Neurokinin B in the central control of reproduction. Nature Genetics, 41 (2009); D.M. Walsh, S.C. Stratton, F.J. Harvey, I.J. Beresford, R.M. Hagan. The anxiolytic-like activity of GR159897, a non-pepetide NK2 receptor antagonist, in rodent and primate models of anxiety. Psychopharmacology, 121 (1995)",False,,,,,,,,,,,
P21452,TACR2,RES,"Respiratory, thoracic and mediastinal disorders",M8,direct source-supported association,APSB literature only,source evidence mapped to SOC,,,APSB literature only,↑ Intestinal transit; ↑ urinary bladder contractions; bronchoconstriction,"B.P. Enright, M.W. Leach, G. Pelletier, F. LaBrie, B.S. McIntyre, P.E. Losco. Effects of an antagonist of neurokinin receptors 1, 2 and 3 on reproductive hormones in male beagle dogs. Birth Defects Research. Part B, Development and Reproductive Toxicology, 89 (2010); A. Floch, V. Fardin, I. Cavero. Characterization of NK1 and NK2 tachykinin receptors in guinea-pig and rat bronchopulmonary and vascular systems. British Journal of Pharmacology, 111 (1994); K.A. Sluka, M.A. Milton, W.D. Willis, K.N. Westlund. Differential roles of neurokinin 1 and neurokinin 2 receptors in the development and maintenance of heat hyperalgesia induced by acute inflammation. British Journal of Pharmacology, 120 (1997); A.K. Topaloglu, F. Reimann, M. Guclu, A.S. Yalin, L.D. Kotan, K.M. Porter, ..., R.K. Semple. TAC3 and TACR3 mutations in familial hypogonadotropic hypogonadism reveal a key role for Neurokinin B in the central control of reproduction. Nature Genetics, 41 (2009); D.M. Walsh, S.C. Stratton, F.J. Harvey, I.J. Beresford, R.M. Hagan. The anxiolytic-like activity of GR159897, a non-pepetide NK2 receptor antagonist, in rodent and primate models of anxiety. Psychopharmacology, 121 (1995)",False,,,,,,,,,,,
P21554,CNR1,GAS,Gastrointestinal disorders,M3,direct source-supported association,APSB literature only,source evidence mapped to SOC,,,APSB literature only,↑ in weight loss; emesis; depression,"Le Foll, B., Gorelick, D. A. & Goldberg, S. R. The future of endocannabinoid-oriented clinical research after CB1 antagonists. Psychopharmacology (Berl.) 205, 171–174 (2009)",False,,,,,,,,,,,
P21554,CNR1,NER,Nervous system disorders,M3,direct source-supported association,APSB literature only,source evidence mapped to SOC,,,APSB literature only,Euphoria and dysphoria; anxiety; memory impairment and poor concentration; analgesia; hypothermia; ↑ in weight loss; emesis; depression,"Le Foll, B., Gorelick, D. A. & Goldberg, S. R. The future of endocannabinoid-oriented clinical research after CB1 antagonists. Psychopharmacology (Berl.) 205, 171–174 (2009)",False,,,,,,,,,,,
P21554,CNR1,PSY,Psychiatric disorders,M3,direct source-supported association,APSB literature + SPD,source evidence mapped to SOC,,,APSB literature + SPD,"Euphoria and dysphoria; anxiety; memory impairment and poor concentration; analgesia; hypothermia; Dependence, Drug abuse","Le Foll, B., Gorelick, D. A. & Goldberg, S. R. The future of endocannabinoid-oriented clinical research after CB1 antagonists. Psychopharmacology (Berl.) 205, 171–174 (2009); Sutherland et al., Nature Communications 2023; literature association evaluated in SPD",False,,,,,,,,,,,
P21728,DRD1,GAS,Gastrointestinal disorders,M9,direct source-supported association,APSB literature only,source evidence mapped to SOC,,,APSB literature only,Vascular relaxation; ↓ in BP; headaches; dizziness; nausea; natriuresis; abuse potential,"Peacock, L. & Gerlach, J. Aberrant behavioral effects of a dopamine D1 receptor antagonist and agonist in monkeys: evidence of uncharted dopamine D1 receptor actions. Biol. Psychiatry 50, 501–509 (2001)",False,,,,,,,,,,,
P21728,DRD1,NER,Nervous system disorders,M9,direct source-supported association,APSB literature + SPD,source evidence mapped to SOC,,,APSB literature + SPD,"Dyskinesia; parkinsonian symptoms (tremors); anti-emetic effects; depression; anxiety; suicidal intent; Vascular relaxation; ↓ in BP; headaches; dizziness; nausea; natriuresis; abuse potential; Coordination abnormal; Decreased activity, Motor dysfunction; Dyskinesia; Motor dysfunction, Psychomotor hyperactivity; Parkinsonism; Tremor","Peacock, L. & Gerlach, J. Aberrant behavioral effects of a dopamine D1 receptor antagonist and agonist in monkeys: evidence of uncharted dopamine D1 receptor actions. Biol. Psychiatry 50, 501–509 (2001); Sutherland et al., Nature Communications 2023; literature association evaluated in SPD",False,,,,,,,,,,,
P21728,DRD1,PSY,Psychiatric disorders,M9,direct source-supported association,APSB literature + SPD,source evidence mapped to SOC,,,APSB literature + SPD,"Dyskinesia; parkinsonian symptoms (tremors); anti-emetic effects; depression; anxiety; suicidal intent; Depression; Anxiety; Dependence, Drug abuse; Psychotic disorder; Suicidal ideation","Peacock, L. & Gerlach, J. Aberrant behavioral effects of a dopamine D1 receptor antagonist and agonist in monkeys: evidence of uncharted dopamine D1 receptor actions. Biol. Psychiatry 50, 501–509 (2001); Sutherland et al., Nature Communications 2023; literature association evaluated in SPD",False,,,,,,,,,,,
P21728,DRD1,REN,Renal and urinary disorders,M9,direct source-supported association,SPD marginal only,source evidence mapped to SOC,,,SPD marginal only,Urine output increased,"Sutherland et al., Nature Communications 2023; literature association evaluated in SPD",False,,,,,,,,,,,
P21728,DRD1,REP,Reproductive system and breast disorders,M9,direct source-supported association,SPD significant only,source evidence mapped to SOC,,,SPD significant only,"Disturbance in sexual arousal, Libido increased","Sutherland et al., Nature Communications 2023; literature association evaluated in SPD",False,,,,,,,,,,,
P21728,DRD1,SKI,Skin and subcutaneous tissue disorders,M9,direct source-supported association,APSB literature only,source evidence mapped to SOC,,,APSB literature only,Dyskinesia; parkinsonian symptoms (tremors); anti-emetic effects; depression; anxiety; suicidal intent,"Peacock, L. & Gerlach, J. Aberrant behavioral effects of a dopamine D1 receptor antagonist and agonist in monkeys: evidence of uncharted dopamine D1 receptor actions. Biol. Psychiatry 50, 501–509 (2001)",False,,,,,,,,,,,
P21728,DRD1,VAS,Vascular disorders,M9,direct source-supported association,APSB literature + SPD,source evidence mapped to SOC,,,APSB literature + SPD,Dyskinesia; parkinsonian symptoms (tremors); anti-emetic effects; depression; anxiety; suicidal intent; Vascular relaxation; ↓ in BP; headaches; dizziness; nausea; natriuresis; abuse potential; Hypotension,"Peacock, L. & Gerlach, J. Aberrant behavioral effects of a dopamine D1 receptor antagonist and agonist in monkeys: evidence of uncharted dopamine D1 receptor actions. Biol. Psychiatry 50, 501–509 (2001); Sutherland et al., Nature Communications 2023; literature association evaluated in SPD",False,,,,,,,,,,,
P21917,DRD4,NER,Nervous system disorders,M5,network visualization secondary,visualization-only functional context,random walk + within-target specificity + community SOC enrichment,1.0,0.900390625,,,,True,0.9375,0.8671875,7.0,target top-2,6.0,46.0,0.125,0.875,SLC6A4,DRD2,1.0
P21917,DRD4,END,Endocrine disorder,M5,network visualization secondary,visualization-only functional context,random walk + within-target specificity + community SOC enrichment,2.0,0.8970833333333332,,,,True,0.875,0.8666666666666667,1.0,SOC minimum-15 + target top-2,7.0,46.0,0.145,1.0,HTR3A,DRD2,1.0
P21917,DRD4,SKI,Skin and subcutaneous tissue disorders,M5,network visualization secondary,visualization-only functional context,random walk + within-target specificity + community SOC enrichment,4.0,0.8013034759358288,,,,True,1.0,0.9144385026737968,5.0,SOC minimum-15,0.0,46.0,0.005,0.15625,SLC6A3,SLC6A3,1.0
P21917,DRD4,CAR,Cardiac disorders,M5,network visualization secondary,visualization-only functional context,random walk + within-target specificity + community SOC enrichment,5.0,0.7724702380952382,,,,True,0.6875,0.8231292517006803,8.0,SOC minimum-15,6.0,46.0,0.125,0.875,AVPR1A,DRD2,1.0
P21918,DRD5,SKI,Skin and subcutaneous tissue disorders,M9,network visualization secondary,visualization-only functional context,random walk + within-target specificity + community SOC enrichment,1.0,0.881283422459893,,,,True,1.0,0.946524064171123,2.0,SOC minimum-15 + target top-2,2.0,39.0,0.0523255813953488,0.5,DRD1,DRD1,1.0
P21918,DRD5,PSY,Psychiatric disorders,M9,network visualization secondary,visualization-only functional context,random walk + within-target specificity + community SOC enrichment,2.0,0.8281249999999999,,,,True,0.9375,0.7857142857142857,11.0,SOC minimum-15 + target top-2,3.0,39.0,0.0755813953488372,0.65625,DRD1,DRD1,1.0
P21918,DRD5,MUS,Musculoskeletal and connective tissue disorders,M9,network visualization secondary,visualization-only functional context,random walk + within-target specificity + community SOC enrichment,3.0,0.7930126404494382,,,,True,0.8125,0.6853932584269663,10.0,SOC minimum-15,6.0,39.0,0.1453488372093023,0.9375,GABRA1,CHRNA4,1.0
P22002,CACNA1C,CAR,Cardiac disorders,M1,direct source-supported association,APSB literature only,source evidence mapped to SOC,,,APSB literature only,Vascular relaxation; ↓ in BP; ↓ in PR interval; possible shortening of QT interval of ECG,"Splawski, I. et al. Cav1.2 calcium channel dysfunction causes a multisystem disorder including arrhythmia and autism. Cell 119, 19–31 (2004)",False,,,,,,,,,,,
P22002,CACNA1C,NER,Nervous system disorders,M1,direct source-supported association,SPD significant only,source evidence mapped to SOC,,,SPD significant only,"Decreased activity, Motor dysfunction","Sutherland et al., Nature Communications 2023; literature association evaluated in SPD",False,,,,,,,,,,,
P22002,CACNA1C,VAS,Vascular disorders,M1,direct source-supported association,APSB literature only,source evidence mapped to SOC,,,APSB literature only,Insufficient information; Vascular relaxation; ↓ in BP; ↓ in PR interval; possible shortening of QT interval of ECG,"Splawski, I. et al. Cav1.2 calcium channel dysfunction causes a multisystem disorder including arrhythmia and autism. Cell 119, 19–31 (2004)",False,,,,,,,,,,,
P22303,ACHE,CAR,Cardiac disorders,M7,direct source-supported association,APSB literature only,source evidence mapped to SOC,,,APSB literature only,↓ in BP; ↓ in HR; ↑ in GI motility (↓ at high doses); bronchoconstriction; ↑ in respiratory secretions,"Moretto, A. Experimental and clinical toxicology of anticholinesterase agents. Toxicol. Lett. 102–103, 509–513 (1998)",False,,,,,,,,,,,
P22303,ACHE,GAS,Gastrointestinal disorders,M7,direct source-supported association,APSB literature + SPD,source evidence mapped to SOC,,,APSB literature + SPD,Insufficient information; ↓ in BP; ↓ in HR; ↑ in GI motility (↓ at high doses); bronchoconstriction; ↑ in respiratory secretions; Salivary hypersecretion,"Moretto, A. Experimental and clinical toxicology of anticholinesterase agents. Toxicol. Lett. 102–103, 509–513 (1998); Sutherland et al., Nature Communications 2023; literature association evaluated in SPD",False,,,,,,,,,,,
P22303,ACHE,NER,Nervous system disorders,M7,direct source-supported association,SPD significant only,source evidence mapped to SOC,,,SPD significant only,"Muscular weakness, Paresthesia","Sutherland et al., Nature Communications 2023; literature association evaluated in SPD",False,,,,,,,,,,,
P22303,ACHE,RES,"Respiratory, thoracic and mediastinal disorders",M7,direct source-supported association,APSB literature only,source evidence mapped to SOC,,,APSB literature only,Insufficient information; ↓ in BP; ↓ in HR; ↑ in GI motility (↓ at high doses); bronchoconstriction; ↑ in respiratory secretions,"Moretto, A. Experimental and clinical toxicology of anticholinesterase agents. Toxicol. Lett. 102–103, 509–513 (1998)",False,,,,,,,,,,,
P22303,ACHE,VAS,Vascular disorders,M7,direct source-supported association,APSB literature only,source evidence mapped to SOC,,,APSB literature only,Insufficient information; ↓ in BP; ↓ in HR; ↑ in GI motility (↓ at high doses); bronchoconstriction; ↑ in respiratory secretions,"Moretto, A. Experimental and clinical toxicology of anticholinesterase agents. Toxicol. Lett. 102–103, 509–513 (1998)",False,,,,,,,,,,,
P23219,PTGS1,BLO,Blood and lymphatic system disorders,M2,direct source-supported association,SPD significant only,source evidence mapped to SOC,,,SPD significant only,Gastric hemorrhage,"Sutherland et al., Nature Communications 2023; literature association evaluated in SPD",False,,,,,,,,,,,
P23219,PTGS1,GAS,Gastrointestinal disorders,M2,direct source-supported association,APSB literature + SPD,source evidence mapped to SOC,,,APSB literature + SPD,Gastric and pulmonary bleeding; dyspepsia; renal dysfunction; Insufficient information; Dyspepsia; Gastric hemorrhage,"Süleyman, H., Demircan, B. & Karagöz, Y. Anti-inflammatory and side effects of cyclooxygenase inhibitors. Pharmacol. Rep. 59, 247–258 (2007; Sutherland et al., Nature Communications 2023; literature association evaluated in SPD",False,,,,,,,,,,,
P23219,PTGS1,REN,Renal and urinary disorders,M2,direct source-supported association,APSB literature + SPD,source evidence mapped to SOC,,,APSB literature + SPD,Gastric and pulmonary bleeding; dyspepsia; renal dysfunction; Insufficient information; Renal impairment,"Süleyman, H., Demircan, B. & Karagöz, Y. Anti-inflammatory and side effects of cyclooxygenase inhibitors. Pharmacol. Rep. 59, 247–258 (2007; Sutherland et al., Nature Communications 2023; literature association evaluated in SPD",False,,,,,,,,,,,
P23219,PTGS1,RES,"Respiratory, thoracic and mediastinal disorders",M2,direct source-supported association,APSB literature only,source evidence mapped to SOC,,,APSB literature only,Gastric and pulmonary bleeding; dyspepsia; renal dysfunction; Insufficient information,"Süleyman, H., Demircan, B. & Karagöz, Y. Anti-inflammatory and side effects of cyclooxygenase inhibitors. Pharmacol. Rep. 59, 247–258 (2007",False,,,,,,,,,,,
P23975,SLC6A2,CAR,Cardiac disorders,M1,direct source-supported association,APSB literature + SPD,source evidence mapped to SOC,,,APSB literature + SPD,↑ in HR; ↑ in BP; ↑ in locomotor activity; constipation; abuse potential; Electrocardiogram QT prolonged,"Mayer, A. F. et al. Influences of norepinephrine transporter function on the distribution of sympathetic activity in humans. Hypertension 48, 120–126 (2006); Sutherland et al., Nature Communications 2023; literature association evaluated in SPD",False,,,,,,,,,,,
P23975,SLC6A2,EYE,Eye disorders,M1,direct source-supported association,SPD significant only,source evidence mapped to SOC,,,SPD significant only,Pupillary reflex impaired,"Sutherland et al., Nature Communications 2023; literature association evaluated in SPD",False,,,,,,,,,,,
P23975,SLC6A2,GAS,Gastrointestinal disorders,M1,direct source-supported association,SPD significant only,source evidence mapped to SOC,,,SPD significant only,Constipation,"Sutherland et al., Nature Communications 2023; literature association evaluated in SPD",False,,,,,,,,,,,
P23975,SLC6A2,NER,Nervous system disorders,M1,direct source-supported association,APSB literature + SPD,source evidence mapped to SOC,,,APSB literature + SPD,"Insufficient information; ↑ in HR; ↑ in BP; ↑ in locomotor activity; constipation; abuse potential; Decreased activity, Motor dysfunction; Motor dysfunction, Psychomotor hyperactivity","Mayer, A. F. et al. Influences of norepinephrine transporter function on the distribution of sympathetic activity in humans. Hypertension 48, 120–126 (2006); Sutherland et al., Nature Communications 2023; literature association evaluated in SPD",False,,,,,,,,,,,
P23975,SLC6A2,PSY,Psychiatric disorders,M1,direct source-supported association,SPD significant only,source evidence mapped to SOC,,,SPD significant only,"Dependence, Drug abuse","Sutherland et al., Nature Communications 2023; literature association evaluated in SPD",False,,,,,,,,,,,
P23975,SLC6A2,REN,Renal and urinary disorders,M1,direct source-supported association,SPD significant only,source evidence mapped to SOC,,,SPD significant only,Urinary hesitation,"Sutherland et al., Nature Communications 2023; literature association evaluated in SPD",False,,,,,,,,,,,
P23975,SLC6A2,VAS,Vascular disorders,M1,direct source-supported association,APSB literature only,source evidence mapped to SOC,,,APSB literature only,Insufficient information; ↑ in HR; ↑ in BP; ↑ in locomotor activity; constipation; abuse potential,"Mayer, A. F. et al. Influences of norepinephrine transporter function on the distribution of sympathetic activity in humans. Hypertension 48, 120–126 (2006)",False,,,,,,,,,,,
P23977,SLC6A3,NER,Nervous system disorders,M9,direct source-supported association,APSB literature + SPD,source evidence mapped to SOC,,,APSB literature + SPD,"Addictive psychostimulation; depression; parkinsonism; seizures; dystonia; dyskinesia; acne; Insufficient information; Coordination abnormal; Dyskinesia; Dystonia; Motor dysfunction, Psychomotor hyperactivity; Parkinsonism; Stereotypy","Bannon, M. J. The dopamine transporter: role in neurotoxicity and human disease. Toxicol. Appl. Pharmacol. 204, 355–360 (2005); Sutherland et al., Nature Communications 2023; literature association evaluated in SPD",False,,,,,,,,,,,
P23977,SLC6A3,PSY,Psychiatric disorders,M9,direct source-supported association,SPD significant only,source evidence mapped to SOC,,,SPD significant only,Psychotic disorder,"Sutherland et al., Nature Communications 2023; literature association evaluated in SPD",False,,,,,,,,,,,
P23977,SLC6A3,SKI,Skin and subcutaneous tissue disorders,M9,direct source-supported association,APSB literature only,source evidence mapped to SOC,,,APSB literature only,Addictive psychostimulation; depression; parkinsonism; seizures; dystonia; dyskinesia; acne,"Bannon, M. J. The dopamine transporter: role in neurotoxicity and human disease. Toxicol. Appl. Pharmacol. 204, 355–360 (2005)",False,,,,,,,,,,,
P24530,EDNRB,BLO,Blood and lymphatic system disorders,M6,direct source-supported association,APSB literature only,source evidence mapped to SOC,,,APSB literature only,"↑ BP; ↓ urine excretion; ↓ gastric emptying; ↓ intestinal transit; ↓ pain
Developmental toxicity: CV malformations; craniofacial abnormalities; ↓ → ↑ BP; ↑ → ↓ HR; pulmonary hypertension; left ventricular hypertrophy; bronchoconstriction; ↓ platelet aggregation; cell proliferation; glomerular & tubulointerstitial structural injury","J.G. Chichorro, A.R. Zampronio, D.A. Cabrini, C.R. Fanco, G.A. Rae. Mechanisms operated by endothelin ETA and ETB receptors in the trigeminal ganglion contribute to orofacial thermal hyperalgesia induced by infraorbital nerve constriction in rats.Neuropeptides, 43 (2009); D.E. Clouthier, K. Hosoda, J.A. Richardson, S.C. Williams, H. Yanagisawa, T. Kuwaki, ..., M. Yanagisawa. Cranial and cardiac neural crest defects in endothelin-A-receptor-deficient mice. Development, 125 (1998); R. Girchev, A. Bäcker, P. Markova, H.J. Kramer. Renal endothelin system and excretory function in Wistar-Kyoto and Long-Evans rats. Acta Physiologica, 186 (2006); J. Labonté, I. Brochu, J.C. Honoré, P. D'Orléans-Juste. Role of ETB and B2 receptors in the ex vivo platelet inhibitory properties of endothelin and bradykinin in the mouse. British Journal of Pharmacology, 132 (2001); T. Nagase, Y. Fukuchi, H. Matsui, T. Aoki, T. Matsuse, H. Orimo. In vivo effects of endothelin A- and B-receptor antagonists in guinea pigs. The American Journal of Physiology, 268 (1995)",False,,,,,,,,,,,
P24530,EDNRB,CAR,Cardiac disorders,M6,direct source-supported association,APSB literature only,source evidence mapped to SOC,,,APSB literature only,↓ → ↑ BP; ↑ → ↓ HR; pulmonary hypertension; left ventricular hypertrophy; bronchoconstriction; ↓ platelet aggregation; cell proliferation; glomerular & tubulointerstitial structural injury,"J.G. Chichorro, A.R. Zampronio, D.A. Cabrini, C.R. Fanco, G.A. Rae. Mechanisms operated by endothelin ETA and ETB receptors in the trigeminal ganglion contribute to orofacial thermal hyperalgesia induced by infraorbital nerve constriction in rats.Neuropeptides, 43 (2009); D.E. Clouthier, K. Hosoda, J.A. Richardson, S.C. Williams, H. Yanagisawa, T. Kuwaki, ..., M. Yanagisawa. Cranial and cardiac neural crest defects in endothelin-A-receptor-deficient mice. Development, 125 (1998); R. Girchev, A. Bäcker, P. Markova, H.J. Kramer. Renal endothelin system and excretory function in Wistar-Kyoto and Long-Evans rats. Acta Physiologica, 186 (2006); J. Labonté, I. Brochu, J.C. Honoré, P. D'Orléans-Juste. Role of ETB and B2 receptors in the ex vivo platelet inhibitory properties of endothelin and bradykinin in the mouse. British Journal of Pharmacology, 132 (2001); T. Nagase, Y. Fukuchi, H. Matsui, T. Aoki, T. Matsuse, H. Orimo. In vivo effects of endothelin A- and B-receptor antagonists in guinea pigs. The American Journal of Physiology, 268 (1995)",False,,,,,,,,,,,
P24530,EDNRB,GAS,Gastrointestinal disorders,M6,direct source-supported association,APSB literature only,source evidence mapped to SOC,,,APSB literature only,"↑ BP; ↓ urine excretion; ↓ gastric emptying; ↓ intestinal transit; ↓ pain
Developmental toxicity: CV malformations; craniofacial abnormalities; ↓ → ↑ BP; ↑ → ↓ HR; pulmonary hypertension; left ventricular hypertrophy; bronchoconstriction; ↓ platelet aggregation; cell proliferation; glomerular & tubulointerstitial structural injury","J.G. Chichorro, A.R. Zampronio, D.A. Cabrini, C.R. Fanco, G.A. Rae. Mechanisms operated by endothelin ETA and ETB receptors in the trigeminal ganglion contribute to orofacial thermal hyperalgesia induced by infraorbital nerve constriction in rats.Neuropeptides, 43 (2009); D.E. Clouthier, K. Hosoda, J.A. Richardson, S.C. Williams, H. Yanagisawa, T. Kuwaki, ..., M. Yanagisawa. Cranial and cardiac neural crest defects in endothelin-A-receptor-deficient mice. Development, 125 (1998); R. Girchev, A. Bäcker, P. Markova, H.J. Kramer. Renal endothelin system and excretory function in Wistar-Kyoto and Long-Evans rats. Acta Physiologica, 186 (2006); J. Labonté, I. Brochu, J.C. Honoré, P. D'Orléans-Juste. Role of ETB and B2 receptors in the ex vivo platelet inhibitory properties of endothelin and bradykinin in the mouse. British Journal of Pharmacology, 132 (2001); T. Nagase, Y. Fukuchi, H. Matsui, T. Aoki, T. Matsuse, H. Orimo. In vivo effects of endothelin A- and B-receptor antagonists in guinea pigs. The American Journal of Physiology, 268 (1995)",False,,,,,,,,,,,
P24530,EDNRB,NER,Nervous system disorders,M6,direct source-supported association,APSB literature only,source evidence mapped to SOC,,,APSB literature only,"↑ BP; ↓ urine excretion; ↓ gastric emptying; ↓ intestinal transit; ↓ pain
Developmental toxicity: CV malformations; craniofacial abnormalities","J.G. Chichorro, A.R. Zampronio, D.A. Cabrini, C.R. Fanco, G.A. Rae. Mechanisms operated by endothelin ETA and ETB receptors in the trigeminal ganglion contribute to orofacial thermal hyperalgesia induced by infraorbital nerve constriction in rats.Neuropeptides, 43 (2009); D.E. Clouthier, K. Hosoda, J.A. Richardson, S.C. Williams, H. Yanagisawa, T. Kuwaki, ..., M. Yanagisawa. Cranial and cardiac neural crest defects in endothelin-A-receptor-deficient mice. Development, 125 (1998); R. Girchev, A. Bäcker, P. Markova, H.J. Kramer. Renal endothelin system and excretory function in Wistar-Kyoto and Long-Evans rats. Acta Physiologica, 186 (2006); J. Labonté, I. Brochu, J.C. Honoré, P. D'Orléans-Juste. Role of ETB and B2 receptors in the ex vivo platelet inhibitory properties of endothelin and bradykinin in the mouse. British Journal of Pharmacology, 132 (2001); T. Nagase, Y. Fukuchi, H. Matsui, T. Aoki, T. Matsuse, H. Orimo. In vivo effects of endothelin A- and B-receptor antagonists in guinea pigs. The American Journal of Physiology, 268 (1995)",False,,,,,,,,,,,
P24530,EDNRB,REN,Renal and urinary disorders,M6,direct source-supported association,APSB literature only,source evidence mapped to SOC,,,APSB literature only,"↑ BP; ↓ urine excretion; ↓ gastric emptying; ↓ intestinal transit; ↓ pain
Developmental toxicity: CV malformations; craniofacial abnormalities; ↓ → ↑ BP; ↑ → ↓ HR; pulmonary hypertension; left ventricular hypertrophy; bronchoconstriction; ↓ platelet aggregation; cell proliferation; glomerular & tubulointerstitial structural injury","J.G. Chichorro, A.R. Zampronio, D.A. Cabrini, C.R. Fanco, G.A. Rae. Mechanisms operated by endothelin ETA and ETB receptors in the trigeminal ganglion contribute to orofacial thermal hyperalgesia induced by infraorbital nerve constriction in rats.Neuropeptides, 43 (2009); D.E. Clouthier, K. Hosoda, J.A. Richardson, S.C. Williams, H. Yanagisawa, T. Kuwaki, ..., M. Yanagisawa. Cranial and cardiac neural crest defects in endothelin-A-receptor-deficient mice. Development, 125 (1998); R. Girchev, A. Bäcker, P. Markova, H.J. Kramer. Renal endothelin system and excretory function in Wistar-Kyoto and Long-Evans rats. Acta Physiologica, 186 (2006); J. Labonté, I. Brochu, J.C. Honoré, P. D'Orléans-Juste. Role of ETB and B2 receptors in the ex vivo platelet inhibitory properties of endothelin and bradykinin in the mouse. British Journal of Pharmacology, 132 (2001); T. Nagase, Y. Fukuchi, H. Matsui, T. Aoki, T. Matsuse, H. Orimo. In vivo effects of endothelin A- and B-receptor antagonists in guinea pigs. The American Journal of Physiology, 268 (1995)",False,,,,,,,,,,,
P24530,EDNRB,RES,"Respiratory, thoracic and mediastinal disorders",M6,direct source-supported association,APSB literature only,source evidence mapped to SOC,,,APSB literature only,"↑ BP; ↓ urine excretion; ↓ gastric emptying; ↓ intestinal transit; ↓ pain
Developmental toxicity: CV malformations; craniofacial abnormalities; ↓ → ↑ BP; ↑ → ↓ HR; pulmonary hypertension; left ventricular hypertrophy; bronchoconstriction; ↓ platelet aggregation; cell proliferation; glomerular & tubulointerstitial structural injury","J.G. Chichorro, A.R. Zampronio, D.A. Cabrini, C.R. Fanco, G.A. Rae. Mechanisms operated by endothelin ETA and ETB receptors in the trigeminal ganglion contribute to orofacial thermal hyperalgesia induced by infraorbital nerve constriction in rats.Neuropeptides, 43 (2009); D.E. Clouthier, K. Hosoda, J.A. Richardson, S.C. Williams, H. Yanagisawa, T. Kuwaki, ..., M. Yanagisawa. Cranial and cardiac neural crest defects in endothelin-A-receptor-deficient mice. Development, 125 (1998); R. Girchev, A. Bäcker, P. Markova, H.J. Kramer. Renal endothelin system and excretory function in Wistar-Kyoto and Long-Evans rats. Acta Physiologica, 186 (2006); J. Labonté, I. Brochu, J.C. Honoré, P. D'Orléans-Juste. Role of ETB and B2 receptors in the ex vivo platelet inhibitory properties of endothelin and bradykinin in the mouse. British Journal of Pharmacology, 132 (2001); T. Nagase, Y. Fukuchi, H. Matsui, T. Aoki, T. Matsuse, H. Orimo. In vivo effects of endothelin A- and B-receptor antagonists in guinea pigs. The American Journal of Physiology, 268 (1995)",False,,,,,,,,,,,
P24530,EDNRB,VAS,Vascular disorders,M6,direct source-supported association,APSB literature only,source evidence mapped to SOC,,,APSB literature only,"↑ BP; ↓ urine excretion; ↓ gastric emptying; ↓ intestinal transit; ↓ pain
Developmental toxicity: CV malformations; craniofacial abnormalities; ↓ → ↑ BP; ↑ → ↓ HR; pulmonary hypertension; left ventricular hypertrophy; bronchoconstriction; ↓ platelet aggregation; cell proliferation; glomerular & tubulointerstitial structural injury","J.G. Chichorro, A.R. Zampronio, D.A. Cabrini, C.R. Fanco, G.A. Rae. Mechanisms operated by endothelin ETA and ETB receptors in the trigeminal ganglion contribute to orofacial thermal hyperalgesia induced by infraorbital nerve constriction in rats.Neuropeptides, 43 (2009); D.E. Clouthier, K. Hosoda, J.A. Richardson, S.C. Williams, H. Yanagisawa, T. Kuwaki, ..., M. Yanagisawa. Cranial and cardiac neural crest defects in endothelin-A-receptor-deficient mice. Development, 125 (1998); R. Girchev, A. Bäcker, P. Markova, H.J. Kramer. Renal endothelin system and excretory function in Wistar-Kyoto and Long-Evans rats. Acta Physiologica, 186 (2006); J. Labonté, I. Brochu, J.C. Honoré, P. D'Orléans-Juste. Role of ETB and B2 receptors in the ex vivo platelet inhibitory properties of endothelin and bradykinin in the mouse. British Journal of Pharmacology, 132 (2001); T. Nagase, Y. Fukuchi, H. Matsui, T. Aoki, T. Matsuse, H. Orimo. In vivo effects of endothelin A- and B-receptor antagonists in guinea pigs. The American Journal of Physiology, 268 (1995)",False,,,,,,,,,,,
P24941,CDK2,GAS,Gastrointestinal disorders,M4,direct source-supported association,APSB literature only,source evidence mapped to SOC,,,APSB literature only,"Neutropenia, GI toxicity; Not assessed","E. Beurel, S.F. Grieco, R.S. Jope. Glycogen synthase kinase-3 (GSK3): Regulation, actions, and diseases. Pharmacology & Therapeutics, 148 (2015)",False,,,,,,,,,,,
P25021,HRH2,CAR,Cardiac disorders,M4,direct source-supported association,SPD significant only,source evidence mapped to SOC,,,SPD significant only,Heart rate increased,"Sutherland et al., Nature Communications 2023; literature association evaluated in SPD",False,,,,,,,,,,,
P25021,HRH2,GAS,Gastrointestinal disorders,M4,direct source-supported association,APSB literature only,source evidence mapped to SOC,,,APSB literature only,↑ in gastric acid secretion; emesis; positive inotropy; ↓ in gastric acid secretion,"Hattori, Y. Cardiac histamine receptors: their pharmacological consequences and signal transduction pathways. Methods Find. Exp. Clin. Pharmacol. 21, 123–131 (1999)",False,,,,,,,,,,,
P25021,HRH2,VAS,Vascular disorders,M4,direct source-supported association,APSB literature only,source evidence mapped to SOC,,,APSB literature only,↑ in gastric acid secretion; emesis; positive inotropy; ↓ in gastric acid secretion,"Hattori, Y. Cardiac histamine receptors: their pharmacological consequences and signal transduction pathways. Methods Find. Exp. Clin. Pharmacol. 21, 123–131 (1999)",False,,,,,,,,,,,
P25024,CXCR1,END,Endocrine disorder,M5,network visualization secondary,visualization-only functional context,random walk + within-target specificity + community SOC enrichment,1.0,0.7813194444444445,,,,True,0.9375,0.4555555555555555,10.0,SOC minimum-15 + target top-2,7.0,46.0,0.145,1.0,ADRA2A,ADRA2A,1.0
P25024,CXCR1,EYE,Eye disorders,M5,network visualization secondary,visualization-only functional context,random walk + within-target specificity + community SOC enrichment,2.0,0.7391242937853107,,,,True,1.0,0.4689265536723164,12.0,SOC minimum-15 + target top-2,3.0,46.0,0.065,0.625,ADRA2A,ADRA2A,1.0
P25025,CXCR2,END,Endocrine disorder,M8,network visualization secondary,visualization-only functional context,random walk + within-target specificity + community SOC enrichment,1.0,0.7844444444444445,,,,True,1.0,0.7055555555555556,9.0,SOC minimum-15 + target top-2,1.0,27.0,0.0403225806451612,0.4375,ADRA1A,ADRA1A,1.0
P25025,CXCR2,IMM,Immune system disorders,M8,network visualization secondary,visualization-only functional context,random walk + within-target specificity + community SOC enrichment,2.0,0.778125,,,,True,0.9375,0.6428571428571429,17.0,target top-2,2.0,27.0,0.0725806451612903,0.65625,NPY1R,TNF,1.0
P25100,ADRA1D,REP,Reproductive system and breast disorders,M8,network visualization secondary,visualization-only functional context,random walk + within-target specificity + community SOC enrichment,1.0,0.966346153846154,,,,True,1.0,0.9395604395604396,1.0,target top-2,4.0,27.0,0.1370967741935483,0.9375,ADRA1A,ADRA1A,1.0
P25100,ADRA1D,END,Endocrine disorder,M8,network visualization secondary,visualization-only functional context,random walk + within-target specificity + community SOC enrichment,2.0,0.8340972222222222,,,,True,0.9375,0.9277777777777778,5.0,SOC minimum-15 + target top-2,1.0,27.0,0.0403225806451612,0.4375,ADRA1A,ADRA1A,1.0
P25100,ADRA1D,MUS,Musculoskeletal and connective tissue disorders,M8,network visualization secondary,visualization-only functional context,random walk + within-target specificity + community SOC enrichment,3.0,0.8037219101123595,,,,True,0.875,0.9213483146067416,9.0,SOC minimum-15,1.0,27.0,0.0403225806451612,0.4375,ADRA1A,ADRA1A,1.0
P25100,ADRA1D,EYE,Eye disorders,M8,network visualization secondary,visualization-only functional context,random walk + within-target specificity + community SOC enrichment,5.0,0.7655543785310736,,,,True,0.8125,0.8926553672316384,7.0,SOC minimum-15,1.0,27.0,0.0403225806451612,0.4375,ADRA1A,ADRA1A,1.0
P25101,EDNRA,VAS,Vascular disorders,M2,direct source-supported association,APSB literature only,source evidence mapped to SOC,,,APSB literature only,Teratogenicity; ↑ in BP; aldosterone secretion; osteoblast proliferation,"Palmer, M. J. Endothelin receptor antagonists: status and learning 20 years on. Prog. Med. Chem. 47, 203–237 (2009)",False,,,,,,,,,,,
P25103,TACR1,GAS,Gastrointestinal disorders,M8,direct source-supported association,APSB literature only,source evidence mapped to SOC,,,APSB literature only,Pain; inflammation; vomiting; ↓ gastric emptying; ↑ intestinal transit; bronchoconstriction; ↓ BP; ↓ Pain; ↓ inflammation; ↓ locomotor activity; ↓ anxiety; ↓ gonadotrophic hormones; testicular degeneration; delayed/absent sexual maturity,"F.-Y. Chang, S.-D. Lee, G.-H. Yeh, P.S. Wang. Rat gastrointestinal motor responses mediated via activation of neurokinin receptors. Journal of Gastroenterology and Hepatology, 14 (1999); N.A. Darmani, Y. Wang, J. Abad, A.P. Ray, G.R. Thrush, J. Ramirez. Utilization of the least shrew as a rapid and selective screening model for the antiemetic potential and brain penetration of substance P and NK1 receptor antagonists. Brain Research, 1214 (2008); B.P. Enright, M.W. Leach, G. Pelletier, F. LaBrie, B.S. McIntyre, P.E. Losco. Effects of an antagonist of neurokinin receptors 1, 2 and 3 on reproductive hormones in male beagle dogs. Birth Defects Research. Part B, Development and Reproductive Toxicology, 89 (2010); A. Floch, V. Fardin, I. Cavero. Characterization of NK1 and NK2 tachykinin receptors in guinea-pig and rat bronchopulmonary and vascular systems. British Journal of Pharmacology, 111 (1994); T. Wei, T.-Z. Guo, W.-W. Li, S. Hou, W.S. Kingery, J.D. Clark. Keratinocyte expression of inflammatory mediators plays a crucial role in substance P-induced acute and chronic pain. Journal of Neuroinflammation, 9 (2012); L.F. Vendruscolo, R.N. Takahashi, G.G. Brüske, A. Ramos. Evaluation of the anxiolytic-like effect of NKP608, a NK1-receptor antagonist, in two rat strains that differ in anxiety-related behaviors. Psychopharmacology, 170 (2003)",False,,,,,,,,,,,
P25103,TACR1,IMM,Immune system disorders,M8,direct source-supported association,APSB literature only,source evidence mapped to SOC,,,APSB literature only,Pain; inflammation; vomiting; ↓ gastric emptying; ↑ intestinal transit; bronchoconstriction; ↓ BP; ↓ Pain; ↓ inflammation; ↓ locomotor activity; ↓ anxiety; ↓ gonadotrophic hormones; testicular degeneration; delayed/absent sexual maturity,"F.-Y. Chang, S.-D. Lee, G.-H. Yeh, P.S. Wang. Rat gastrointestinal motor responses mediated via activation of neurokinin receptors. Journal of Gastroenterology and Hepatology, 14 (1999); N.A. Darmani, Y. Wang, J. Abad, A.P. Ray, G.R. Thrush, J. Ramirez. Utilization of the least shrew as a rapid and selective screening model for the antiemetic potential and brain penetration of substance P and NK1 receptor antagonists. Brain Research, 1214 (2008); B.P. Enright, M.W. Leach, G. Pelletier, F. LaBrie, B.S. McIntyre, P.E. Losco. Effects of an antagonist of neurokinin receptors 1, 2 and 3 on reproductive hormones in male beagle dogs. Birth Defects Research. Part B, Development and Reproductive Toxicology, 89 (2010); A. Floch, V. Fardin, I. Cavero. Characterization of NK1 and NK2 tachykinin receptors in guinea-pig and rat bronchopulmonary and vascular systems. British Journal of Pharmacology, 111 (1994); T. Wei, T.-Z. Guo, W.-W. Li, S. Hou, W.S. Kingery, J.D. Clark. Keratinocyte expression of inflammatory mediators plays a crucial role in substance P-induced acute and chronic pain. Journal of Neuroinflammation, 9 (2012); L.F. Vendruscolo, R.N. Takahashi, G.G. Brüske, A. Ramos. Evaluation of the anxiolytic-like effect of NKP608, a NK1-receptor antagonist, in two rat strains that differ in anxiety-related behaviors. Psychopharmacology, 170 (2003)",False,,,,,,,,,,,
P25103,TACR1,NER,Nervous system disorders,M8,direct source-supported association,APSB literature + SPD,source evidence mapped to SOC,,,APSB literature + SPD,"Pain; inflammation; vomiting; ↓ gastric emptying; ↑ intestinal transit; bronchoconstriction; ↓ BP; ↓ Pain; ↓ inflammation; ↓ locomotor activity; ↓ anxiety; ↓ gonadotrophic hormones; testicular degeneration; delayed/absent sexual maturity; Decreased activity, Motor dysfunction","F.-Y. Chang, S.-D. Lee, G.-H. Yeh, P.S. Wang. Rat gastrointestinal motor responses mediated via activation of neurokinin receptors. Journal of Gastroenterology and Hepatology, 14 (1999); N.A. Darmani, Y. Wang, J. Abad, A.P. Ray, G.R. Thrush, J. Ramirez. Utilization of the least shrew as a rapid and selective screening model for the antiemetic potential and brain penetration of substance P and NK1 receptor antagonists. Brain Research, 1214 (2008); B.P. Enright, M.W. Leach, G. Pelletier, F. LaBrie, B.S. McIntyre, P.E. Losco. Effects of an antagonist of neurokinin receptors 1, 2 and 3 on reproductive hormones in male beagle dogs. Birth Defects Research. Part B, Development and Reproductive Toxicology, 89 (2010); A. Floch, V. Fardin, I. Cavero. Characterization of NK1 and NK2 tachykinin receptors in guinea-pig and rat bronchopulmonary and vascular systems. British Journal of Pharmacology, 111 (1994); T. Wei, T.-Z. Guo, W.-W. Li, S. Hou, W.S. Kingery, J.D. Clark. Keratinocyte expression of inflammatory mediators plays a crucial role in substance P-induced acute and chronic pain. Journal of Neuroinflammation, 9 (2012); L.F. Vendruscolo, R.N. Takahashi, G.G. Brüske, A. Ramos. Evaluation of the anxiolytic-like effect of NKP608, a NK1-receptor antagonist, in two rat strains that differ in anxiety-related behaviors. Psychopharmacology, 170 (2003); Sutherland et al., Nature Communications 2023; literature association evaluated in SPD",False,,,,,,,,,,,
P25103,TACR1,PSY,Psychiatric disorders,M8,direct source-supported association,APSB literature only,source evidence mapped to SOC,,,APSB literature only,↓ Pain; ↓ inflammation; ↓ locomotor activity; ↓ anxiety; ↓ gonadotrophic hormones; testicular degeneration; delayed/absent sexual maturity,"F.-Y. Chang, S.-D. Lee, G.-H. Yeh, P.S. Wang. Rat gastrointestinal motor responses mediated via activation of neurokinin receptors. Journal of Gastroenterology and Hepatology, 14 (1999); N.A. Darmani, Y. Wang, J. Abad, A.P. Ray, G.R. Thrush, J. Ramirez. Utilization of the least shrew as a rapid and selective screening model for the antiemetic potential and brain penetration of substance P and NK1 receptor antagonists. Brain Research, 1214 (2008); B.P. Enright, M.W. Leach, G. Pelletier, F. LaBrie, B.S. McIntyre, P.E. Losco. Effects of an antagonist of neurokinin receptors 1, 2 and 3 on reproductive hormones in male beagle dogs. Birth Defects Research. Part B, Development and Reproductive Toxicology, 89 (2010); A. Floch, V. Fardin, I. Cavero. Characterization of NK1 and NK2 tachykinin receptors in guinea-pig and rat bronchopulmonary and vascular systems. British Journal of Pharmacology, 111 (1994); T. Wei, T.-Z. Guo, W.-W. Li, S. Hou, W.S. Kingery, J.D. Clark. Keratinocyte expression of inflammatory mediators plays a crucial role in substance P-induced acute and chronic pain. Journal of Neuroinflammation, 9 (2012); L.F. Vendruscolo, R.N. Takahashi, G.G. Brüske, A. Ramos. Evaluation of the anxiolytic-like effect of NKP608, a NK1-receptor antagonist, in two rat strains that differ in anxiety-related behaviors. Psychopharmacology, 170 (2003)",False,,,,,,,,,,,
P25103,TACR1,REP,Reproductive system and breast disorders,M8,direct source-supported association,APSB literature only,source evidence mapped to SOC,,,APSB literature only,↓ Pain; ↓ inflammation; ↓ locomotor activity; ↓ anxiety; ↓ gonadotrophic hormones; testicular degeneration; delayed/absent sexual maturity,"F.-Y. Chang, S.-D. Lee, G.-H. Yeh, P.S. Wang. Rat gastrointestinal motor responses mediated via activation of neurokinin receptors. Journal of Gastroenterology and Hepatology, 14 (1999); N.A. Darmani, Y. Wang, J. Abad, A.P. Ray, G.R. Thrush, J. Ramirez. Utilization of the least shrew as a rapid and selective screening model for the antiemetic potential and brain penetration of substance P and NK1 receptor antagonists. Brain Research, 1214 (2008); B.P. Enright, M.W. Leach, G. Pelletier, F. LaBrie, B.S. McIntyre, P.E. Losco. Effects of an antagonist of neurokinin receptors 1, 2 and 3 on reproductive hormones in male beagle dogs. Birth Defects Research. Part B, Development and Reproductive Toxicology, 89 (2010); A. Floch, V. Fardin, I. Cavero. Characterization of NK1 and NK2 tachykinin receptors in guinea-pig and rat bronchopulmonary and vascular systems. British Journal of Pharmacology, 111 (1994); T. Wei, T.-Z. Guo, W.-W. Li, S. Hou, W.S. Kingery, J.D. Clark. Keratinocyte expression of inflammatory mediators plays a crucial role in substance P-induced acute and chronic pain. Journal of Neuroinflammation, 9 (2012); L.F. Vendruscolo, R.N. Takahashi, G.G. Brüske, A. Ramos. Evaluation of the anxiolytic-like effect of NKP608, a NK1-receptor antagonist, in two rat strains that differ in anxiety-related behaviors. Psychopharmacology, 170 (2003)",False,,,,,,,,,,,
P25103,TACR1,RES,"Respiratory, thoracic and mediastinal disorders",M8,direct source-supported association,APSB literature only,source evidence mapped to SOC,,,APSB literature only,Pain; inflammation; vomiting; ↓ gastric emptying; ↑ intestinal transit; bronchoconstriction; ↓ BP,"F.-Y. Chang, S.-D. Lee, G.-H. Yeh, P.S. Wang. Rat gastrointestinal motor responses mediated via activation of neurokinin receptors. Journal of Gastroenterology and Hepatology, 14 (1999); N.A. Darmani, Y. Wang, J. Abad, A.P. Ray, G.R. Thrush, J. Ramirez. Utilization of the least shrew as a rapid and selective screening model for the antiemetic potential and brain penetration of substance P and NK1 receptor antagonists. Brain Research, 1214 (2008); B.P. Enright, M.W. Leach, G. Pelletier, F. LaBrie, B.S. McIntyre, P.E. Losco. Effects of an antagonist of neurokinin receptors 1, 2 and 3 on reproductive hormones in male beagle dogs. Birth Defects Research. Part B, Development and Reproductive Toxicology, 89 (2010); A. Floch, V. Fardin, I. Cavero. Characterization of NK1 and NK2 tachykinin receptors in guinea-pig and rat bronchopulmonary and vascular systems. British Journal of Pharmacology, 111 (1994); T. Wei, T.-Z. Guo, W.-W. Li, S. Hou, W.S. Kingery, J.D. Clark. Keratinocyte expression of inflammatory mediators plays a crucial role in substance P-induced acute and chronic pain. Journal of Neuroinflammation, 9 (2012); L.F. Vendruscolo, R.N. Takahashi, G.G. Brüske, A. Ramos. Evaluation of the anxiolytic-like effect of NKP608, a NK1-receptor antagonist, in two rat strains that differ in anxiety-related behaviors. Psychopharmacology, 170 (2003)",False,,,,,,,,,,,
P25103,TACR1,VAS,Vascular disorders,M8,direct source-supported association,APSB literature only,source evidence mapped to SOC,,,APSB literature only,Pain; inflammation; vomiting; ↓ gastric emptying; ↑ intestinal transit; bronchoconstriction; ↓ BP,"F.-Y. Chang, S.-D. Lee, G.-H. Yeh, P.S. Wang. Rat gastrointestinal motor responses mediated via activation of neurokinin receptors. Journal of Gastroenterology and Hepatology, 14 (1999); N.A. Darmani, Y. Wang, J. Abad, A.P. Ray, G.R. Thrush, J. Ramirez. Utilization of the least shrew as a rapid and selective screening model for the antiemetic potential and brain penetration of substance P and NK1 receptor antagonists. Brain Research, 1214 (2008); B.P. Enright, M.W. Leach, G. Pelletier, F. LaBrie, B.S. McIntyre, P.E. Losco. Effects of an antagonist of neurokinin receptors 1, 2 and 3 on reproductive hormones in male beagle dogs. Birth Defects Research. Part B, Development and Reproductive Toxicology, 89 (2010); A. Floch, V. Fardin, I. Cavero. Characterization of NK1 and NK2 tachykinin receptors in guinea-pig and rat bronchopulmonary and vascular systems. British Journal of Pharmacology, 111 (1994); T. Wei, T.-Z. Guo, W.-W. Li, S. Hou, W.S. Kingery, J.D. Clark. Keratinocyte expression of inflammatory mediators plays a crucial role in substance P-induced acute and chronic pain. Journal of Neuroinflammation, 9 (2012); L.F. Vendruscolo, R.N. Takahashi, G.G. Brüske, A. Ramos. Evaluation of the anxiolytic-like effect of NKP608, a NK1-receptor antagonist, in two rat strains that differ in anxiety-related behaviors. Psychopharmacology, 170 (2003)",False,,,,,,,,,,,
P25105,PTAFR,BLO,Blood and lymphatic system disorders,M6,direct source-supported association,APSB literature only,source evidence mapped to SOC,,,APSB literature only,Inflammation; pain; bronchoconstriction;↑airway responsiveness to antigens; platelet aggregation; ↓ cardiac contractility; ↓ BP; ↓ HR; ↓ urine excretion; ↓ urinary sodium excretion; ↓ Inflammation; ↓ pain,"M. Kagoshima, N. Tomomatsu, Y. Iwahisa, S. Yamaguchi, M. Matsuura, Y. Kawakami, M. Terasawa. Suppressive effects of Y-24180, a receptor antagonist to platelet activating factor (PAF), on antigen-induced asthmatic responses in guinea pigs. Inflammation Research, 46 (1997); E. Koch. Inhibition of platelet activating factor (PAF)-induced aggregation of human thrombocytes by ginkgolides: Considerations on possible bleeding complications after oral intake of Ginkgo biloba extracts. Phytomedicine, 12 (2005); D.M. Marotta, R. Costa, E.M. Motta, E.S. Fernandes, R. Medeiros, N.L. Quintão, ..., J.B. Calixto. Mechanisms underlying the nociceptive responses induced by platelet-activiting factor (PAF) in the rat paw. Biochemical Pharmacology, 77 (2009); N. Motoyama, K. Morita, T. Kitayama, S. Shiraishi, Y. Uezono, F. Nishimura, ..., T. Dohi. Pain-releasing action of platelet-activating factor (PAF) antagonists in neuropathic pain animal models and the mechanisms of action. European Journal of Pain, 17 (2013)",False,,,,,,,,,,,
P25105,PTAFR,CAR,Cardiac disorders,M6,direct source-supported association,APSB literature only,source evidence mapped to SOC,,,APSB literature only,Inflammation; pain; bronchoconstriction;↑airway responsiveness to antigens; platelet aggregation; ↓ cardiac contractility; ↓ BP; ↓ HR; ↓ urine excretion; ↓ urinary sodium excretion,"M. Kagoshima, N. Tomomatsu, Y. Iwahisa, S. Yamaguchi, M. Matsuura, Y. Kawakami, M. Terasawa. Suppressive effects of Y-24180, a receptor antagonist to platelet activating factor (PAF), on antigen-induced asthmatic responses in guinea pigs. Inflammation Research, 46 (1997); E. Koch. Inhibition of platelet activating factor (PAF)-induced aggregation of human thrombocytes by ginkgolides: Considerations on possible bleeding complications after oral intake of Ginkgo biloba extracts. Phytomedicine, 12 (2005); D.M. Marotta, R. Costa, E.M. Motta, E.S. Fernandes, R. Medeiros, N.L. Quintão, ..., J.B. Calixto. Mechanisms underlying the nociceptive responses induced by platelet-activiting factor (PAF) in the rat paw. Biochemical Pharmacology, 77 (2009); N. Motoyama, K. Morita, T. Kitayama, S. Shiraishi, Y. Uezono, F. Nishimura, ..., T. Dohi. Pain-releasing action of platelet-activating factor (PAF) antagonists in neuropathic pain animal models and the mechanisms of action. European Journal of Pain, 17 (2013)",False,,,,,,,,,,,
P25105,PTAFR,IMM,Immune system disorders,M6,direct source-supported association,APSB literature only,source evidence mapped to SOC,,,APSB literature only,Inflammation; pain; bronchoconstriction;↑airway responsiveness to antigens; platelet aggregation; ↓ cardiac contractility; ↓ BP; ↓ HR; ↓ urine excretion; ↓ urinary sodium excretion; ↓ Inflammation; ↓ pain,"M. Kagoshima, N. Tomomatsu, Y. Iwahisa, S. Yamaguchi, M. Matsuura, Y. Kawakami, M. Terasawa. Suppressive effects of Y-24180, a receptor antagonist to platelet activating factor (PAF), on antigen-induced asthmatic responses in guinea pigs. Inflammation Research, 46 (1997); E. Koch. Inhibition of platelet activating factor (PAF)-induced aggregation of human thrombocytes by ginkgolides: Considerations on possible bleeding complications after oral intake of Ginkgo biloba extracts. Phytomedicine, 12 (2005); D.M. Marotta, R. Costa, E.M. Motta, E.S. Fernandes, R. Medeiros, N.L. Quintão, ..., J.B. Calixto. Mechanisms underlying the nociceptive responses induced by platelet-activiting factor (PAF) in the rat paw. Biochemical Pharmacology, 77 (2009); N. Motoyama, K. Morita, T. Kitayama, S. Shiraishi, Y. Uezono, F. Nishimura, ..., T. Dohi. Pain-releasing action of platelet-activating factor (PAF) antagonists in neuropathic pain animal models and the mechanisms of action. European Journal of Pain, 17 (2013)",False,,,,,,,,,,,
P25105,PTAFR,NER,Nervous system disorders,M6,direct source-supported association,APSB literature only,source evidence mapped to SOC,,,APSB literature only,Inflammation; pain; bronchoconstriction;↑airway responsiveness to antigens; platelet aggregation; ↓ cardiac contractility; ↓ BP; ↓ HR; ↓ urine excretion; ↓ urinary sodium excretion; ↓ Inflammation; ↓ pain,"M. Kagoshima, N. Tomomatsu, Y. Iwahisa, S. Yamaguchi, M. Matsuura, Y. Kawakami, M. Terasawa. Suppressive effects of Y-24180, a receptor antagonist to platelet activating factor (PAF), on antigen-induced asthmatic responses in guinea pigs. Inflammation Research, 46 (1997); E. Koch. Inhibition of platelet activating factor (PAF)-induced aggregation of human thrombocytes by ginkgolides: Considerations on possible bleeding complications after oral intake of Ginkgo biloba extracts. Phytomedicine, 12 (2005); D.M. Marotta, R. Costa, E.M. Motta, E.S. Fernandes, R. Medeiros, N.L. Quintão, ..., J.B. Calixto. Mechanisms underlying the nociceptive responses induced by platelet-activiting factor (PAF) in the rat paw. Biochemical Pharmacology, 77 (2009); N. Motoyama, K. Morita, T. Kitayama, S. Shiraishi, Y. Uezono, F. Nishimura, ..., T. Dohi. Pain-releasing action of platelet-activating factor (PAF) antagonists in neuropathic pain animal models and the mechanisms of action. European Journal of Pain, 17 (2013)",False,,,,,,,,,,,
P25105,PTAFR,REN,Renal and urinary disorders,M6,direct source-supported association,APSB literature only,source evidence mapped to SOC,,,APSB literature only,Inflammation; pain; bronchoconstriction;↑airway responsiveness to antigens; platelet aggregation; ↓ cardiac contractility; ↓ BP; ↓ HR; ↓ urine excretion; ↓ urinary sodium excretion; ↓ Inflammation; ↓ pain,"M. Kagoshima, N. Tomomatsu, Y. Iwahisa, S. Yamaguchi, M. Matsuura, Y. Kawakami, M. Terasawa. Suppressive effects of Y-24180, a receptor antagonist to platelet activating factor (PAF), on antigen-induced asthmatic responses in guinea pigs. Inflammation Research, 46 (1997); E. Koch. Inhibition of platelet activating factor (PAF)-induced aggregation of human thrombocytes by ginkgolides: Considerations on possible bleeding complications after oral intake of Ginkgo biloba extracts. Phytomedicine, 12 (2005); D.M. Marotta, R. Costa, E.M. Motta, E.S. Fernandes, R. Medeiros, N.L. Quintão, ..., J.B. Calixto. Mechanisms underlying the nociceptive responses induced by platelet-activiting factor (PAF) in the rat paw. Biochemical Pharmacology, 77 (2009); N. Motoyama, K. Morita, T. Kitayama, S. Shiraishi, Y. Uezono, F. Nishimura, ..., T. Dohi. Pain-releasing action of platelet-activating factor (PAF) antagonists in neuropathic pain animal models and the mechanisms of action. European Journal of Pain, 17 (2013)",False,,,,,,,,,,,
P25105,PTAFR,RES,"Respiratory, thoracic and mediastinal disorders",M6,direct source-supported association,APSB literature only,source evidence mapped to SOC,,,APSB literature only,Inflammation; pain; bronchoconstriction;↑airway responsiveness to antigens; platelet aggregation; ↓ cardiac contractility; ↓ BP; ↓ HR; ↓ urine excretion; ↓ urinary sodium excretion; ↓ Inflammation; ↓ pain,"M. Kagoshima, N. Tomomatsu, Y. Iwahisa, S. Yamaguchi, M. Matsuura, Y. Kawakami, M. Terasawa. Suppressive effects of Y-24180, a receptor antagonist to platelet activating factor (PAF), on antigen-induced asthmatic responses in guinea pigs. Inflammation Research, 46 (1997); E. Koch. Inhibition of platelet activating factor (PAF)-induced aggregation of human thrombocytes by ginkgolides: Considerations on possible bleeding complications after oral intake of Ginkgo biloba extracts. Phytomedicine, 12 (2005); D.M. Marotta, R. Costa, E.M. Motta, E.S. Fernandes, R. Medeiros, N.L. Quintão, ..., J.B. Calixto. Mechanisms underlying the nociceptive responses induced by platelet-activiting factor (PAF) in the rat paw. Biochemical Pharmacology, 77 (2009); N. Motoyama, K. Morita, T. Kitayama, S. Shiraishi, Y. Uezono, F. Nishimura, ..., T. Dohi. Pain-releasing action of platelet-activating factor (PAF) antagonists in neuropathic pain animal models and the mechanisms of action. European Journal of Pain, 17 (2013)",False,,,,,,,,,,,
P25105,PTAFR,VAS,Vascular disorders,M6,direct source-supported association,APSB literature only,source evidence mapped to SOC,,,APSB literature only,Inflammation; pain; bronchoconstriction;↑airway responsiveness to antigens; platelet aggregation; ↓ cardiac contractility; ↓ BP; ↓ HR; ↓ urine excretion; ↓ urinary sodium excretion; ↓ Inflammation; ↓ pain,"M. Kagoshima, N. Tomomatsu, Y. Iwahisa, S. Yamaguchi, M. Matsuura, Y. Kawakami, M. Terasawa. Suppressive effects of Y-24180, a receptor antagonist to platelet activating factor (PAF), on antigen-induced asthmatic responses in guinea pigs. Inflammation Research, 46 (1997); E. Koch. Inhibition of platelet activating factor (PAF)-induced aggregation of human thrombocytes by ginkgolides: Considerations on possible bleeding complications after oral intake of Ginkgo biloba extracts. Phytomedicine, 12 (2005); D.M. Marotta, R. Costa, E.M. Motta, E.S. Fernandes, R. Medeiros, N.L. Quintão, ..., J.B. Calixto. Mechanisms underlying the nociceptive responses induced by platelet-activiting factor (PAF) in the rat paw. Biochemical Pharmacology, 77 (2009); N. Motoyama, K. Morita, T. Kitayama, S. Shiraishi, Y. Uezono, F. Nishimura, ..., T. Dohi. Pain-releasing action of platelet-activating factor (PAF) antagonists in neuropathic pain animal models and the mechanisms of action. European Journal of Pain, 17 (2013)",False,,,,,,,,,,,
P25929,NPY1R,GAS,Gastrointestinal disorders,M6,direct source-supported association,APSB literature only,source evidence mapped to SOC,,,APSB literature only,↓ Eating; ↓/↑Inflammation; ↓ pain,"I. Antal-Zimanyi, M.A. Bruce, K.L. LeBoulluec, L.G. Iben, G.K. Mattson, R.T. McGovern, ..., G.S. Poindexter. Pharmacological characterization and appetite suppressive properties of BMS-193885, a novel and selective neuropeptide Y1 receptor anatagonist. European Journal of Pharmacology, 590 (2008); M. Dimitrijević, S. Stanojević, V. Vujić, V. Kovacević-Jovanović, A. Beck-Sickinger, H. Demuth, S. von Hörsten. Effect of neuropeptide Y on inflammatory paw edema in the rat: Involvement of peripheral NPY Y1 and Y5 receptors and interaction with dipeptidyl-peptidase IV (CD26). Journal of Neuroimmunology, 129 (2002); J.L. Gibbs, C.M. Flores, K.M. Hargreaves. Attenuation of capsaicin-evoked mechanical allodynia by peripheral neuropeptide Y Y1 receptors. Pain, 124 (2006); S. Stanojević, V. Vujić, V. Kovačević-Jovanović, K. Mitić, D. Kosec, S. von Hörsten, M. Dimitrijević. Age-related effect of peptide YY (PYY) on paw edema in the rat: The function of Y1 receptors on inflammatory cells. Experimental Gerontology, 41 (2006)",False,,,,,,,,,,,
P25929,NPY1R,IMM,Immune system disorders,M6,direct source-supported association,APSB literature only,source evidence mapped to SOC,,,APSB literature only,↓ Eating; ↓/↑Inflammation; ↓ pain,"I. Antal-Zimanyi, M.A. Bruce, K.L. LeBoulluec, L.G. Iben, G.K. Mattson, R.T. McGovern, ..., G.S. Poindexter. Pharmacological characterization and appetite suppressive properties of BMS-193885, a novel and selective neuropeptide Y1 receptor anatagonist. European Journal of Pharmacology, 590 (2008); M. Dimitrijević, S. Stanojević, V. Vujić, V. Kovacević-Jovanović, A. Beck-Sickinger, H. Demuth, S. von Hörsten. Effect of neuropeptide Y on inflammatory paw edema in the rat: Involvement of peripheral NPY Y1 and Y5 receptors and interaction with dipeptidyl-peptidase IV (CD26). Journal of Neuroimmunology, 129 (2002); J.L. Gibbs, C.M. Flores, K.M. Hargreaves. Attenuation of capsaicin-evoked mechanical allodynia by peripheral neuropeptide Y Y1 receptors. Pain, 124 (2006); S. Stanojević, V. Vujić, V. Kovačević-Jovanović, K. Mitić, D. Kosec, S. von Hörsten, M. Dimitrijević. Age-related effect of peptide YY (PYY) on paw edema in the rat: The function of Y1 receptors on inflammatory cells. Experimental Gerontology, 41 (2006)",False,,,,,,,,,,,
P25929,NPY1R,NER,Nervous system disorders,M6,direct source-supported association,APSB literature only,source evidence mapped to SOC,,,APSB literature only,↓ Eating; ↓/↑Inflammation; ↓ pain,"I. Antal-Zimanyi, M.A. Bruce, K.L. LeBoulluec, L.G. Iben, G.K. Mattson, R.T. McGovern, ..., G.S. Poindexter. Pharmacological characterization and appetite suppressive properties of BMS-193885, a novel and selective neuropeptide Y1 receptor anatagonist. European Journal of Pharmacology, 590 (2008); M. Dimitrijević, S. Stanojević, V. Vujić, V. Kovacević-Jovanović, A. Beck-Sickinger, H. Demuth, S. von Hörsten. Effect of neuropeptide Y on inflammatory paw edema in the rat: Involvement of peripheral NPY Y1 and Y5 receptors and interaction with dipeptidyl-peptidase IV (CD26). Journal of Neuroimmunology, 129 (2002); J.L. Gibbs, C.M. Flores, K.M. Hargreaves. Attenuation of capsaicin-evoked mechanical allodynia by peripheral neuropeptide Y Y1 receptors. Pain, 124 (2006); S. Stanojević, V. Vujić, V. Kovačević-Jovanović, K. Mitić, D. Kosec, S. von Hörsten, M. Dimitrijević. Age-related effect of peptide YY (PYY) on paw edema in the rat: The function of Y1 receptors on inflammatory cells. Experimental Gerontology, 41 (2006)",False,,,,,,,,,,,
P27338,MAOB,NER,Nervous system disorders,M7,network visualization secondary,visualization-only functional context,random walk + within-target specificity + community SOC enrichment,1.0,0.961328125,,,,True,1.0,0.9609375,4.0,target top-2,4.0,23.0,0.1574074074074074,0.875,MAOA,MAOA,1.0
P27338,MAOB,PSY,Psychiatric disorders,M7,network visualization secondary,visualization-only functional context,random walk + within-target specificity + community SOC enrichment,2.0,0.8822916666666667,,,,True,0.9375,0.9583333333333334,5.0,SOC minimum-15 + target top-2,1.0,23.0,0.0462962962962962,0.625,TACR1,SLC6A4,1.0
P27338,MAOB,GAS,Gastrointestinal disorders,M7,network visualization secondary,visualization-only functional context,random walk + within-target specificity + community SOC enrichment,4.0,0.8061870805369128,,,,True,0.6875,0.9194630872483222,8.0,SOC minimum-15,4.0,23.0,0.1574074074074074,0.875,MAOA,MAOA,1.0
P27338,MAOB,EYE,Eye disorders,M7,network visualization secondary,visualization-only functional context,random walk + within-target specificity + community SOC enrichment,8.0,0.7050317796610168,,,,True,0.5625,0.8983050847457628,15.0,SOC minimum-15,2.0,23.0,0.0833333333333333,0.6875,HTR1A,HTR1A,1.0
P28222,HTR1B,NER,Nervous system disorders,M2,direct source-supported association,APSB literature only,source evidence mapped to SOC,,,APSB literature only,Cerebral and coronary artery vasoconstriction; ↑ in BP; ↑ in aggression,"Van de Kar, L. D. et al. ICV injection of the serotonin 5-HT1B agonist CP-93,129 increases the secretion of ACTH, prolactin, and renin and increases blood pressure by nonserotonergic mechanisms. Pharmacol. Biochem. Behav. 48, 429–436 (1994)",False,,,,,,,,,,,
P28222,HTR1B,VAS,Vascular disorders,M2,direct source-supported association,APSB literature only,source evidence mapped to SOC,,,APSB literature only,Cerebral and coronary artery vasoconstriction; ↑ in BP; ↑ in aggression,"Van de Kar, L. D. et al. ICV injection of the serotonin 5-HT1B agonist CP-93,129 increases the secretion of ACTH, prolactin, and renin and increases blood pressure by nonserotonergic mechanisms. Pharmacol. Biochem. Behav. 48, 429–436 (1994)",False,,,,,,,,,,,
P28223,HTR2A,BLO,Blood and lymphatic system disorders,M6,direct source-supported association,APSB literature only,source evidence mapped to SOC,,,APSB literature only,Smooth muscle contraction; platelet aggregation; potential memory impairments; hallucinations; schizophrenia; serotonin syndrome,"Sun-Edelstein, C., Tepper, S. J. & Shapiro, R. E. Drug-induced serotonin syndrome: a review. Expert Opin. Drug Saf. 7, 587–596 (2008)",False,,,,,,,,,,,
P28223,HTR2A,CAR,Cardiac disorders,M6,direct source-supported association,APSB literature + SPD,source evidence mapped to SOC,,,APSB literature + SPD,Smooth muscle contraction; platelet aggregation; potential memory impairments; hallucinations; schizophrenia; serotonin syndrome; Heart rate increased,"Sun-Edelstein, C., Tepper, S. J. & Shapiro, R. E. Drug-induced serotonin syndrome: a review. Expert Opin. Drug Saf. 7, 587–596 (2008); Sutherland et al., Nature Communications 2023; literature association evaluated in SPD",False,,,,,,,,,,,
P28223,HTR2A,EYE,Eye disorders,M6,direct source-supported association,SPD significant only,source evidence mapped to SOC,,,SPD significant only,Mydriasis,"Sutherland et al., Nature Communications 2023; literature association evaluated in SPD",False,,,,,,,,,,,
P28223,HTR2A,MUS,Musculoskeletal and connective tissue disorders,M6,direct source-supported association,APSB literature + SPD,source evidence mapped to SOC,,,APSB literature + SPD,Smooth muscle contraction; platelet aggregation; potential memory impairments; hallucinations; schizophrenia; serotonin syndrome; Muscle contractions involuntary,"Sun-Edelstein, C., Tepper, S. J. & Shapiro, R. E. Drug-induced serotonin syndrome: a review. Expert Opin. Drug Saf. 7, 587–596 (2008); Sutherland et al., Nature Communications 2023; literature association evaluated in SPD",False,,,,,,,,,,,
P28223,HTR2A,NER,Nervous system disorders,M6,direct source-supported association,APSB literature + SPD,source evidence mapped to SOC,,,APSB literature + SPD,Insufficient information; Smooth muscle contraction; platelet aggregation; potential memory impairments; hallucinations; schizophrenia; serotonin syndrome; Hyperreflexia; Hypersomnia; Myoclonus; Stereotypy,"Sun-Edelstein, C., Tepper, S. J. & Shapiro, R. E. Drug-induced serotonin syndrome: a review. Expert Opin. Drug Saf. 7, 587–596 (2008); Sutherland et al., Nature Communications 2023; literature association evaluated in SPD",False,,,,,,,,,,,
P28223,HTR2A,PSY,Psychiatric disorders,M6,direct source-supported association,SPD significant only,source evidence mapped to SOC,,,SPD significant only,"Agitation; Dependence, Drug abuse; Hallucination; Psychotic disorder; Schizophrenia","Sutherland et al., Nature Communications 2023; literature association evaluated in SPD",False,,,,,,,,,,,
P28223,HTR2A,VAS,Vascular disorders,M6,direct source-supported association,APSB literature only,source evidence mapped to SOC,,,APSB literature only,Insufficient information; Smooth muscle contraction; platelet aggregation; potential memory impairments; hallucinations; schizophrenia; serotonin syndrome,"Sun-Edelstein, C., Tepper, S. J. & Shapiro, R. E. Drug-induced serotonin syndrome: a review. Expert Opin. Drug Saf. 7, 587–596 (2008)",False,,,,,,,,,,,
P28335,HTR2C,NER,Nervous system disorders,M3,direct source-supported association,APSB literature + SPD,source evidence mapped to SOC,,,APSB literature + SPD,"↓ Anxiety; ↑ memory; drug abuse/dependence; ↓ convulsions; ↓ Eating; penile erection; ↑ anxiety; ↓ memory; ↓ locomotor activity; abnormal mouth movements; ↑ convulsions; Decreased activity, Motor dysfunction; Dyskinesia; Seizure","A. Beyeler, N. Kadiri, S. Navailles, M. Ben Boujema, F. Gonon, C. Le Moine, ..., P. De Deurwaerdère. Stimulation of serotonin2C receptors elicits abnormal oral movements by acting on pathways other than the sensorimotor one in the rat basal ganglia. Neuroscience, 169 (2010); K. Harada, M. Aota, T. Inoue, R. Matsuda, T. Mihara, T. Yamaji, ..., N. Matsuoka Anxiolytic activity of a novel potent serotonin 5-HT2C receptor antagonist FR260010: A comparison with diazepam and buspirone. European Journal of Pharmacology, 553 (2006); D.F. Manvich, H.L. Kimmel, D.A. Cooper, L.L. Howell The serotonin 2C receptor antagonist SB 242084 exhibits abuse-related effects typical of stimulants in squirrel monkeys. The Journal of Pharmacology and Experimental Therapeutics, 342 (2012); N. Pitsikas, N. Sakellaridis.The 5-HT2C receptor antagonist RO 60-0491 counteracts rats' retention deficits in a recognition memory task. Brain Research, 1054 (2005); Sutherland et al., Nature Communications 2023; literature association evaluated in SPD",False,,,,,,,,,,,
P28335,HTR2C,PSY,Psychiatric disorders,M3,direct source-supported association,APSB literature + SPD,source evidence mapped to SOC,,,APSB literature + SPD,"↓ Anxiety; ↑ memory; drug abuse/dependence; ↓ convulsions; ↓ Eating; penile erection; ↑ anxiety; ↓ memory; ↓ locomotor activity; abnormal mouth movements; ↑ convulsions; Anxiety; Dependence, Drug abuse","A. Beyeler, N. Kadiri, S. Navailles, M. Ben Boujema, F. Gonon, C. Le Moine, ..., P. De Deurwaerdère. Stimulation of serotonin2C receptors elicits abnormal oral movements by acting on pathways other than the sensorimotor one in the rat basal ganglia. Neuroscience, 169 (2010); K. Harada, M. Aota, T. Inoue, R. Matsuda, T. Mihara, T. Yamaji, ..., N. Matsuoka Anxiolytic activity of a novel potent serotonin 5-HT2C receptor antagonist FR260010: A comparison with diazepam and buspirone. European Journal of Pharmacology, 553 (2006); D.F. Manvich, H.L. Kimmel, D.A. Cooper, L.L. Howell The serotonin 2C receptor antagonist SB 242084 exhibits abuse-related effects typical of stimulants in squirrel monkeys. The Journal of Pharmacology and Experimental Therapeutics, 342 (2012); N. Pitsikas, N. Sakellaridis.The 5-HT2C receptor antagonist RO 60-0491 counteracts rats' retention deficits in a recognition memory task. Brain Research, 1054 (2005); Sutherland et al., Nature Communications 2023; literature association evaluated in SPD",False,,,,,,,,,,,
P28335,HTR2C,REP,Reproductive system and breast disorders,M3,direct source-supported association,SPD significant only,source evidence mapped to SOC,,,SPD significant only,Erection increased,"Sutherland et al., Nature Communications 2023; literature association evaluated in SPD",False,,,,,,,,,,,
P28482,MAPK1,HEP,Hepatobiliary disorders,M4,network visualization secondary,visualization-only functional context,random walk + within-target specificity + community SOC enrichment,1.0,0.9231617647058824,,,,True,1.0,0.9411764705882352,3.0,target top-2,2.0,33.0,0.0608108108108108,0.71875,AR,AR,1.0
P28482,MAPK1,NER,Nervous system disorders,M4,network visualization secondary,visualization-only functional context,random walk + within-target specificity + community SOC enrichment,2.0,0.773046875,,,,True,0.75,0.7265625,28.0,target top-2,5.0,33.0,0.1418918918918918,0.90625,GSK3A,GSK3B,1.0
P28482,MAPK1,MET,Metabolism and nutrition disorders,M4,network visualization secondary,visualization-only functional context,random walk + within-target specificity + community SOC enrichment,3.0,0.771875,,,,True,0.875,0.8125,12.0,SOC minimum-15,1.0,33.0,0.0337837837837837,0.46875,AR,PPARG,1.0
P28482,MAPK1,GAS,Gastrointestinal disorders,M4,network visualization secondary,visualization-only functional context,random walk + within-target specificity + community SOC enrichment,5.0,0.758368288590604,,,,True,0.6875,0.7114093959731543,10.0,SOC minimum-15,9.0,33.0,0.25,1.0,GSK3A,ABL1,1.0
P28564,HTR1B,NER,Nervous system disorders,M2,direct source-supported association,APSB literature only,source evidence mapped to SOC,,,APSB literature only,Cerebral and coronary artery vasoconstriction; ↑ in BP; ↑ in aggression,"Van de Kar, L. D. et al. ICV injection of the serotonin 5-HT1B agonist CP-93,129 increases the secretion of ACTH, prolactin, and renin and increases blood pressure by nonserotonergic mechanisms. Pharmacol. Biochem. Behav. 48, 429–436 (1994)",False,,,,,,,,,,,
P28564,HTR1B,VAS,Vascular disorders,M2,direct source-supported association,APSB literature only,source evidence mapped to SOC,,,APSB literature only,Cerebral and coronary artery vasoconstriction; ↑ in BP; ↑ in aggression,"Van de Kar, L. D. et al. ICV injection of the serotonin 5-HT1B agonist CP-93,129 increases the secretion of ACTH, prolactin, and renin and increases blood pressure by nonserotonergic mechanisms. Pharmacol. Biochem. Behav. 48, 429–436 (1994)",False,,,,,,,,,,,
P28572,SLC6A9,NER,Nervous system disorders,M6,network visualization secondary,visualization-only functional context,random walk + within-target specificity + community SOC enrichment,1.0,0.61484375,,,,True,0.9375,0.015625,54.0,target top-2,14.0,93.0,0.1469072164948453,0.9375,NR3C1,,2.0
P28572,SLC6A9,BLO,Blood and lymphatic system disorders,M6,network visualization secondary,visualization-only functional context,random walk + within-target specificity + community SOC enrichment,2.0,0.5933333333333333,,,,True,1.0,0.0166666666666666,35.0,target top-2,8.0,93.0,0.0850515463917525,0.6875,PPARG,,2.0
P29274,ADORA2A,BLO,Blood and lymphatic system disorders,M6,direct source-supported association,APSB literature only,source evidence mapped to SOC,,,APSB literature only,"Coronary vasodilation; ↓ in BP and reflex; ↑ in HR; ↓ in platelet aggregation and leukocyte activation; ↓ in locomotor activity; sleep induction; Potential for stimulation of platelet aggregation; ↑ in BP; nervousness (tremors, agitation); arousal; insomnia","Benarroch, E. E. Adenosine and its receptors: Multiple modulatory functions and potential therapeutic targets for neurologic disease. Neurology 70, 231–236 (2008)",False,,,,,,,,,,,
P29274,ADORA2A,CAR,Cardiac disorders,M6,direct source-supported association,APSB literature only,source evidence mapped to SOC,,,APSB literature only,Coronary vasodilation; ↓ in BP and reflex; ↑ in HR; ↓ in platelet aggregation and leukocyte activation; ↓ in locomotor activity; sleep induction,"Benarroch, E. E. Adenosine and its receptors: Multiple modulatory functions and potential therapeutic targets for neurologic disease. Neurology 70, 231–236 (2008)",False,,,,,,,,,,,
P29274,ADORA2A,IMM,Immune system disorders,M6,direct source-supported association,APSB literature only,source evidence mapped to SOC,,,APSB literature only,Coronary vasodilation; ↓ in BP and reflex; ↑ in HR; ↓ in platelet aggregation and leukocyte activation; ↓ in locomotor activity; sleep induction,"Benarroch, E. E. Adenosine and its receptors: Multiple modulatory functions and potential therapeutic targets for neurologic disease. Neurology 70, 231–236 (2008)",False,,,,,,,,,,,
P29274,ADORA2A,NER,Nervous system disorders,M6,direct source-supported association,APSB literature only,source evidence mapped to SOC,,,APSB literature only,"Coronary vasodilation; ↓ in BP and reflex; ↑ in HR; ↓ in platelet aggregation and leukocyte activation; ↓ in locomotor activity; sleep induction; Potential for stimulation of platelet aggregation; ↑ in BP; nervousness (tremors, agitation); arousal; insomnia","Benarroch, E. E. Adenosine and its receptors: Multiple modulatory functions and potential therapeutic targets for neurologic disease. Neurology 70, 231–236 (2008)",False,,,,,,,,,,,
P29274,ADORA2A,PSY,Psychiatric disorders,M6,direct source-supported association,APSB literature only,source evidence mapped to SOC,,,APSB literature only,"Potential for stimulation of platelet aggregation; ↑ in BP; nervousness (tremors, agitation); arousal; insomnia","Benarroch, E. E. Adenosine and its receptors: Multiple modulatory functions and potential therapeutic targets for neurologic disease. Neurology 70, 231–236 (2008)",False,,,,,,,,,,,
P29274,ADORA2A,VAS,Vascular disorders,M6,direct source-supported association,APSB literature only,source evidence mapped to SOC,,,APSB literature only,"Coronary vasodilation; ↓ in BP and reflex; ↑ in HR; ↓ in platelet aggregation and leukocyte activation; ↓ in locomotor activity; sleep induction; Potential for stimulation of platelet aggregation; ↑ in BP; nervousness (tremors, agitation); arousal; insomnia","Benarroch, E. E. Adenosine and its receptors: Multiple modulatory functions and potential therapeutic targets for neurologic disease. Neurology 70, 231–236 (2008)",False,,,,,,,,,,,
P29275,ADORA2B,IMM,Immune system disorders,M6,direct source-supported association,APSB literature only,source evidence mapped to SOC,,,APSB literature only,↑/↓Inflammation; ↑/↓Inflammation; ↓pain,"O.M. Abo-Salem, A.M. Hayallah, A. Bilkei-Gorzo, B. Filipek, A. Zimmer, C.E. Müller Antinociceptive effects of novel A2B adenosine receptor antagonists The Journal of Pharmacology and Experimental Therapeutics, 308 (2004);I. Feoktistov, I. Biaggioni Role of adenosine A2B receptors in inflammation Advances in Pharmacology, 61 (2011)",False,,,,,,,,,,,
P29275,ADORA2B,NER,Nervous system disorders,M6,direct source-supported association,APSB literature only,source evidence mapped to SOC,,,APSB literature only,↑/↓Inflammation; ↓pain,"O.M. Abo-Salem, A.M. Hayallah, A. Bilkei-Gorzo, B. Filipek, A. Zimmer, C.E. Müller Antinociceptive effects of novel A2B adenosine receptor antagonists The Journal of Pharmacology and Experimental Therapeutics, 308 (2004);I. Feoktistov, I. Biaggioni Role of adenosine A2B receptors in inflammation Advances in Pharmacology, 61 (2011)",False,,,,,,,,,,,
P29371,TACR3,REP,Reproductive system and breast disorders,M8,network visualization secondary,visualization-only functional context,random walk + within-target specificity + community SOC enrichment,1.0,0.8201923076923077,,,,True,1.0,0.521978021978022,8.0,target top-2,4.0,27.0,0.1370967741935483,0.9375,TACR1,TACR1,1.0
P29371,TACR3,RES,"Respiratory, thoracic and mediastinal disorders",M8,network visualization secondary,visualization-only functional context,random walk + within-target specificity + community SOC enrichment,2.0,0.6432447604790419,,,,True,0.9375,0.2574850299401197,32.0,target top-2,2.0,27.0,0.0725806451612903,0.65625,TACR1,AGTR1,1.0
P30411,BDKRB2,IMM,Immune system disorders,M6,direct source-supported association,APSB literature only,source evidence mapped to SOC,,,APSB literature only,↓ BP; bronchoconstriction; inflammation; ↑ urine excretion; ↑ urinary sodium excretion,"Q. Chen, L.P. Vera-Portocarrero, M.H. Ossipov, M. Vardanyan, J. Lai, F. Porreca.Attenuation of persistent experimental pancreatitis pain by a bradykinin B2 receptor antagonist. Pancreas, 39 (2010); R.L. Hébert, D. Regoli, H. Xiong, M.D. Breyer, G.E. Plante. Bradykinin B2 type receptor activation regulates fluid and electrolyte transport in the rabbit kidney. Peptides, 26 (2005); S.-H. Sivritas, D.W. Ploth, W.R. Fitzgibbon. Blockade of renal medullary bradykinin B2 receptors increases tubular sodium reabsorption in rats fed a normal-salt diet. American Journal of Physiology. Renal Physiology, 295 (2008); S.-H. Sivritas, D.W. Ploth, W.R. Fitzgibbon. Blockade of renal medullary bradykinin B2 receptors increases tubular sodium reabsorption in rats fed a normal-salt diet. American Journal of Physiology. Renal Physiology, 295 (2008)",False,,,,,,,,,,,
P30411,BDKRB2,NER,Nervous system disorders,M6,direct source-supported association,APSB literature only,source evidence mapped to SOC,,,APSB literature only,↓ BP; bronchoconstriction; inflammation; ↑ urine excretion; ↑ urinary sodium excretion; ↓ Pain; ↓ urinary sodium excretion,"Q. Chen, L.P. Vera-Portocarrero, M.H. Ossipov, M. Vardanyan, J. Lai, F. Porreca.Attenuation of persistent experimental pancreatitis pain by a bradykinin B2 receptor antagonist. Pancreas, 39 (2010); R.L. Hébert, D. Regoli, H. Xiong, M.D. Breyer, G.E. Plante. Bradykinin B2 type receptor activation regulates fluid and electrolyte transport in the rabbit kidney. Peptides, 26 (2005); S.-H. Sivritas, D.W. Ploth, W.R. Fitzgibbon. Blockade of renal medullary bradykinin B2 receptors increases tubular sodium reabsorption in rats fed a normal-salt diet. American Journal of Physiology. Renal Physiology, 295 (2008); S.-H. Sivritas, D.W. Ploth, W.R. Fitzgibbon. Blockade of renal medullary bradykinin B2 receptors increases tubular sodium reabsorption in rats fed a normal-salt diet. American Journal of Physiology. Renal Physiology, 295 (2008)",False,,,,,,,,,,,
P30411,BDKRB2,REN,Renal and urinary disorders,M6,direct source-supported association,APSB literature only,source evidence mapped to SOC,,,APSB literature only,↓ BP; bronchoconstriction; inflammation; ↑ urine excretion; ↑ urinary sodium excretion; ↓ Pain; ↓ urinary sodium excretion,"Q. Chen, L.P. Vera-Portocarrero, M.H. Ossipov, M. Vardanyan, J. Lai, F. Porreca.Attenuation of persistent experimental pancreatitis pain by a bradykinin B2 receptor antagonist. Pancreas, 39 (2010); R.L. Hébert, D. Regoli, H. Xiong, M.D. Breyer, G.E. Plante. Bradykinin B2 type receptor activation regulates fluid and electrolyte transport in the rabbit kidney. Peptides, 26 (2005); S.-H. Sivritas, D.W. Ploth, W.R. Fitzgibbon. Blockade of renal medullary bradykinin B2 receptors increases tubular sodium reabsorption in rats fed a normal-salt diet. American Journal of Physiology. Renal Physiology, 295 (2008); S.-H. Sivritas, D.W. Ploth, W.R. Fitzgibbon. Blockade of renal medullary bradykinin B2 receptors increases tubular sodium reabsorption in rats fed a normal-salt diet. American Journal of Physiology. Renal Physiology, 295 (2008)",False,,,,,,,,,,,
P30411,BDKRB2,RES,"Respiratory, thoracic and mediastinal disorders",M6,direct source-supported association,APSB literature only,source evidence mapped to SOC,,,APSB literature only,↓ BP; bronchoconstriction; inflammation; ↑ urine excretion; ↑ urinary sodium excretion; ↓ Pain; ↓ urinary sodium excretion,"Q. Chen, L.P. Vera-Portocarrero, M.H. Ossipov, M. Vardanyan, J. Lai, F. Porreca.Attenuation of persistent experimental pancreatitis pain by a bradykinin B2 receptor antagonist. Pancreas, 39 (2010); R.L. Hébert, D. Regoli, H. Xiong, M.D. Breyer, G.E. Plante. Bradykinin B2 type receptor activation regulates fluid and electrolyte transport in the rabbit kidney. Peptides, 26 (2005); S.-H. Sivritas, D.W. Ploth, W.R. Fitzgibbon. Blockade of renal medullary bradykinin B2 receptors increases tubular sodium reabsorption in rats fed a normal-salt diet. American Journal of Physiology. Renal Physiology, 295 (2008); S.-H. Sivritas, D.W. Ploth, W.R. Fitzgibbon. Blockade of renal medullary bradykinin B2 receptors increases tubular sodium reabsorption in rats fed a normal-salt diet. American Journal of Physiology. Renal Physiology, 295 (2008)",False,,,,,,,,,,,
P30411,BDKRB2,VAS,Vascular disorders,M6,direct source-supported association,APSB literature only,source evidence mapped to SOC,,,APSB literature only,↓ BP; bronchoconstriction; inflammation; ↑ urine excretion; ↑ urinary sodium excretion; ↓ Pain; ↓ urinary sodium excretion,"Q. Chen, L.P. Vera-Portocarrero, M.H. Ossipov, M. Vardanyan, J. Lai, F. Porreca.Attenuation of persistent experimental pancreatitis pain by a bradykinin B2 receptor antagonist. Pancreas, 39 (2010); R.L. Hébert, D. Regoli, H. Xiong, M.D. Breyer, G.E. Plante. Bradykinin B2 type receptor activation regulates fluid and electrolyte transport in the rabbit kidney. Peptides, 26 (2005); S.-H. Sivritas, D.W. Ploth, W.R. Fitzgibbon. Blockade of renal medullary bradykinin B2 receptors increases tubular sodium reabsorption in rats fed a normal-salt diet. American Journal of Physiology. Renal Physiology, 295 (2008); S.-H. Sivritas, D.W. Ploth, W.R. Fitzgibbon. Blockade of renal medullary bradykinin B2 receptors increases tubular sodium reabsorption in rats fed a normal-salt diet. American Journal of Physiology. Renal Physiology, 295 (2008)",False,,,,,,,,,,,
P30518,AVPR2,VAS,Vascular disorders,M2,network visualization secondary,visualization-only functional context,random walk + within-target specificity + community SOC enrichment,1.0,0.9294964028776976,,,,True,1.0,0.7985611510791367,2.0,SOC minimum-15 + target top-2,8.0,33.0,0.2229729729729729,1.0,AVPR1A,AVPR1A,1.0
P30518,AVPR2,REN,Renal and urinary disorders,M2,network visualization secondary,visualization-only functional context,random walk + within-target specificity + community SOC enrichment,2.0,0.8881175149700599,,,,True,0.9375,0.7964071856287425,3.0,SOC minimum-15 + target top-2,7.0,33.0,0.1959459459459459,0.9375,AVPR1A,AVPR1A,1.0
P30518,AVPR2,CAR,Cardiac disorders,M2,network visualization secondary,visualization-only functional context,random walk + within-target specificity + community SOC enrichment,4.0,0.7194940476190476,,,,True,0.6875,0.7074829931972789,11.0,SOC minimum-15,4.0,33.0,0.1148648648648648,0.8125,AVPR1A,AVPR1A,1.0
P30531,SLC6A1,PSY,Psychiatric disorders,M9,network visualization secondary,visualization-only functional context,random walk + within-target specificity + community SOC enrichment,1.0,0.8708333333333332,,,,True,1.0,0.8273809523809523,6.0,SOC minimum-15 + target top-2,3.0,39.0,0.0755813953488372,0.65625,SCN2A,GABRA1,1.0
P30531,SLC6A1,MUS,Musculoskeletal and connective tissue disorders,M9,network visualization secondary,visualization-only functional context,random walk + within-target specificity + community SOC enrichment,2.0,0.8466994382022471,,,,True,0.875,0.7584269662921348,6.0,SOC minimum-15 + target top-2,6.0,39.0,0.1453488372093023,0.9375,GABRA1,GABRA1,1.0
P30531,SLC6A1,SKI,Skin and subcutaneous tissue disorders,M9,network visualization secondary,visualization-only functional context,random walk + within-target specificity + community SOC enrichment,3.0,0.7988803475935828,,,,True,0.9375,0.7914438502673797,7.0,SOC minimum-15,2.0,39.0,0.0523255813953488,0.5,DRD1,DRD1,1.0
P30531,SLC6A1,CAR,Cardiac disorders,M9,network visualization secondary,visualization-only functional context,random walk + within-target specificity + community SOC enrichment,6.0,0.7061011904761905,,,,True,0.6875,0.6870748299319728,13.0,SOC minimum-15,4.0,39.0,0.0988372093023255,0.78125,SCN2A,SCN2A,1.0
P30536,TSPO,RES,"Respiratory, thoracic and mediastinal disorders",M7,network visualization secondary,visualization-only functional context,random walk + within-target specificity + community SOC enrichment,1.0,0.7362649700598802,,,,True,0.875,0.4071856287425149,15.0,target top-2,5.0,23.0,0.1944444444444444,1.0,ADORA3,ADORA3,1.0
P30536,TSPO,HEP,Hepatobiliary disorders,M7,network visualization secondary,visualization-only functional context,random walk + within-target specificity + community SOC enrichment,2.0,0.7127673796791444,,,,True,1.0,0.5721925133689839,24.0,target top-2,0.0,23.0,0.0092592592592592,0.3125,AR,AR,1.0
P30542,ADORA1,CAR,Cardiac disorders,M2,direct source-supported association,APSB literature only,source evidence mapped to SOC,,,APSB literature only,↓ Pain; ↓ HR; ↓ BP; AV block; cardiac arrhythmia; heart failure; death,"E. Bonizzoni, S. Milani, E. Ongini, C. Casati, A. Monopoli Modeling hemodynamic profiles by telemetry in the rat. A study with A1 and A2a adenosine agonists Hypertension, 25 (1995);E. Elzein, J. Zablocki A1 adenosine receptor agonists and their potential therapeutic applications Expert Opinion on Investigational Drugs, 17 (2008);S.B. Fishberger, D. Mehta, A.F. Rossi, M.N. Langan, S.O. Marx, J.A. Gomes Variable effects of adenosine on retrograde conduction in patients with atrioventricular nodal reentry tachycardia Pacing and Clinical Electrophysiology, 21 (1998);V. Rajaram, J. Joseph Role of adenosine antagonism in the cardio-renal syndrome: Pathophysiology and therapeutic potential Current Heart Failure Reports, 4 (2007)",False,,,,,,,,,,,
P30542,ADORA1,NER,Nervous system disorders,M2,direct source-supported association,APSB literature only,source evidence mapped to SOC,,,APSB literature only,Convulsions; ↑ urine excretion; ↑ urinary sodium excretion; ↓ Pain; ↓ HR; ↓ BP; AV block; cardiac arrhythmia; heart failure; death,"E. Bonizzoni, S. Milani, E. Ongini, C. Casati, A. Monopoli Modeling hemodynamic profiles by telemetry in the rat. A study with A1 and A2a adenosine agonists Hypertension, 25 (1995);E. Elzein, J. Zablocki A1 adenosine receptor agonists and their potential therapeutic applications Expert Opinion on Investigational Drugs, 17 (2008);S.B. Fishberger, D. Mehta, A.F. Rossi, M.N. Langan, S.O. Marx, J.A. Gomes Variable effects of adenosine on retrograde conduction in patients with atrioventricular nodal reentry tachycardia Pacing and Clinical Electrophysiology, 21 (1998);V. Rajaram, J. Joseph Role of adenosine antagonism in the cardio-renal syndrome: Pathophysiology and therapeutic potential Current Heart Failure Reports, 4 (2007)",False,,,,,,,,,,,
P30542,ADORA1,REN,Renal and urinary disorders,M2,direct source-supported association,APSB literature only,source evidence mapped to SOC,,,APSB literature only,Convulsions; ↑ urine excretion; ↑ urinary sodium excretion; ↓ Pain; ↓ HR; ↓ BP; AV block; cardiac arrhythmia; heart failure; death,"E. Bonizzoni, S. Milani, E. Ongini, C. Casati, A. Monopoli Modeling hemodynamic profiles by telemetry in the rat. A study with A1 and A2a adenosine agonists Hypertension, 25 (1995);E. Elzein, J. Zablocki A1 adenosine receptor agonists and their potential therapeutic applications Expert Opinion on Investigational Drugs, 17 (2008);S.B. Fishberger, D. Mehta, A.F. Rossi, M.N. Langan, S.O. Marx, J.A. Gomes Variable effects of adenosine on retrograde conduction in patients with atrioventricular nodal reentry tachycardia Pacing and Clinical Electrophysiology, 21 (1998);V. Rajaram, J. Joseph Role of adenosine antagonism in the cardio-renal syndrome: Pathophysiology and therapeutic potential Current Heart Failure Reports, 4 (2007)",False,,,,,,,,,,,
P30542,ADORA1,VAS,Vascular disorders,M2,direct source-supported association,APSB literature only,source evidence mapped to SOC,,,APSB literature only,↓ Pain; ↓ HR; ↓ BP; AV block; cardiac arrhythmia; heart failure; death,"E. Bonizzoni, S. Milani, E. Ongini, C. Casati, A. Monopoli Modeling hemodynamic profiles by telemetry in the rat. A study with A1 and A2a adenosine agonists Hypertension, 25 (1995);E. Elzein, J. Zablocki A1 adenosine receptor agonists and their potential therapeutic applications Expert Opinion on Investigational Drugs, 17 (2008);S.B. Fishberger, D. Mehta, A.F. Rossi, M.N. Langan, S.O. Marx, J.A. Gomes Variable effects of adenosine on retrograde conduction in patients with atrioventricular nodal reentry tachycardia Pacing and Clinical Electrophysiology, 21 (1998);V. Rajaram, J. Joseph Role of adenosine antagonism in the cardio-renal syndrome: Pathophysiology and therapeutic potential Current Heart Failure Reports, 4 (2007)",False,,,,,,,,,,,
P30543,ADORA2A,BLO,Blood and lymphatic system disorders,M6,direct source-supported association,APSB literature only,source evidence mapped to SOC,,,APSB literature only,"Coronary vasodilation; ↓ in BP and reflex; ↑ in HR; ↓ in platelet aggregation and leukocyte activation; ↓ in locomotor activity; sleep induction; Potential for stimulation of platelet aggregation; ↑ in BP; nervousness (tremors, agitation); arousal; insomnia","Benarroch, E. E. Adenosine and its receptors: Multiple modulatory functions and potential therapeutic targets for neurologic disease. Neurology 70, 231–236 (2008)",False,,,,,,,,,,,
P30543,ADORA2A,CAR,Cardiac disorders,M6,direct source-supported association,APSB literature only,source evidence mapped to SOC,,,APSB literature only,Coronary vasodilation; ↓ in BP and reflex; ↑ in HR; ↓ in platelet aggregation and leukocyte activation; ↓ in locomotor activity; sleep induction,"Benarroch, E. E. Adenosine and its receptors: Multiple modulatory functions and potential therapeutic targets for neurologic disease. Neurology 70, 231–236 (2008)",False,,,,,,,,,,,
P30543,ADORA2A,IMM,Immune system disorders,M6,direct source-supported association,APSB literature only,source evidence mapped to SOC,,,APSB literature only,Coronary vasodilation; ↓ in BP and reflex; ↑ in HR; ↓ in platelet aggregation and leukocyte activation; ↓ in locomotor activity; sleep induction,"Benarroch, E. E. Adenosine and its receptors: Multiple modulatory functions and potential therapeutic targets for neurologic disease. Neurology 70, 231–236 (2008)",False,,,,,,,,,,,
P30543,ADORA2A,NER,Nervous system disorders,M6,direct source-supported association,APSB literature only,source evidence mapped to SOC,,,APSB literature only,"Coronary vasodilation; ↓ in BP and reflex; ↑ in HR; ↓ in platelet aggregation and leukocyte activation; ↓ in locomotor activity; sleep induction; Potential for stimulation of platelet aggregation; ↑ in BP; nervousness (tremors, agitation); arousal; insomnia","Benarroch, E. E. Adenosine and its receptors: Multiple modulatory functions and potential therapeutic targets for neurologic disease. Neurology 70, 231–236 (2008)",False,,,,,,,,,,,
P30543,ADORA2A,PSY,Psychiatric disorders,M6,direct source-supported association,APSB literature only,source evidence mapped to SOC,,,APSB literature only,"Potential for stimulation of platelet aggregation; ↑ in BP; nervousness (tremors, agitation); arousal; insomnia","Benarroch, E. E. Adenosine and its receptors: Multiple modulatory functions and potential therapeutic targets for neurologic disease. Neurology 70, 231–236 (2008)",False,,,,,,,,,,,
P30543,ADORA2A,VAS,Vascular disorders,M6,direct source-supported association,APSB literature only,source evidence mapped to SOC,,,APSB literature only,"Coronary vasodilation; ↓ in BP and reflex; ↑ in HR; ↓ in platelet aggregation and leukocyte activation; ↓ in locomotor activity; sleep induction; Potential for stimulation of platelet aggregation; ↑ in BP; nervousness (tremors, agitation); arousal; insomnia","Benarroch, E. E. Adenosine and its receptors: Multiple modulatory functions and potential therapeutic targets for neurologic disease. Neurology 70, 231–236 (2008)",False,,,,,,,,,,,
P30556,AGTR1,NER,Nervous system disorders,M2,direct source-supported association,APSB literature only,source evidence mapped to SOC,,,APSB literature only,"↑ BP; ↓ urinary sodium excretion; ↑ pain; ↓ BP; ↓ pain; ↑/↓urine excretion; ↑/↓urinary sodium excretion
Developmental toxicity: death; oligoamnios; renal failure; ↓ BP; pulmonary hypoplasia; respiratory distress syndrome; persistent patent ductus arteriosus; hypocalvaria; limb defects; intrauterine growth retardation; cerebral complications","M. Bullo, S. Tschumi, B.S. Bucher, M.G. Bianchetti, G.D. Simonetti. Pregnancy outcome following exposure to angiotensin-converting enzyme inhibitors or angiotensin receptor antagonists: A systematic review.Hypertension, 60 (2012); L. Cervenka, C.-T. Wang, G. Navar. Effects of acute AT1 receptor blockade by candesartan on arterial pressure and renal function in rats.American Journal of Physiology. Renal Physiology, 274 (1998); L.G. Navar, L.M. Harrison-Bernard, J.D. Imig, L. Cervenka, K.D. Mitchell. Renal responses to AT1 receptor blockade. American Journal of Hypertension, 13 (2000); J. Pavel, Z. Oroszova, L. Hricova, N. Lukacova. Effect of subpressor dose of angiotensin II on pain-related behavior in relation with neuronal injury and activation of satellite glial cells in the rat dorsal root ganglia. Cellular and Molecular Neurobiology, 33 (2013); D.C. Chen. T, AT1 Angiotensin receptors — vascular and renal epithelial pathways for blood pressure regulation. Current Opinion in Pharmacology, 21 (2015)",False,,,,,,,,,,,
P30556,AGTR1,REN,Renal and urinary disorders,M2,direct source-supported association,APSB literature only,source evidence mapped to SOC,,,APSB literature only,"↑ BP; ↓ urinary sodium excretion; ↑ pain; ↓ BP; ↓ pain; ↑/↓urine excretion; ↑/↓urinary sodium excretion
Developmental toxicity: death; oligoamnios; renal failure; ↓ BP; pulmonary hypoplasia; respiratory distress syndrome; persistent patent ductus arteriosus; hypocalvaria; limb defects; intrauterine growth retardation; cerebral complications","M. Bullo, S. Tschumi, B.S. Bucher, M.G. Bianchetti, G.D. Simonetti. Pregnancy outcome following exposure to angiotensin-converting enzyme inhibitors or angiotensin receptor antagonists: A systematic review.Hypertension, 60 (2012); L. Cervenka, C.-T. Wang, G. Navar. Effects of acute AT1 receptor blockade by candesartan on arterial pressure and renal function in rats.American Journal of Physiology. Renal Physiology, 274 (1998); L.G. Navar, L.M. Harrison-Bernard, J.D. Imig, L. Cervenka, K.D. Mitchell. Renal responses to AT1 receptor blockade. American Journal of Hypertension, 13 (2000); J. Pavel, Z. Oroszova, L. Hricova, N. Lukacova. Effect of subpressor dose of angiotensin II on pain-related behavior in relation with neuronal injury and activation of satellite glial cells in the rat dorsal root ganglia. Cellular and Molecular Neurobiology, 33 (2013); D.C. Chen. T, AT1 Angiotensin receptors — vascular and renal epithelial pathways for blood pressure regulation. Current Opinion in Pharmacology, 21 (2015)",False,,,,,,,,,,,
P30556,AGTR1,RES,"Respiratory, thoracic and mediastinal disorders",M2,direct source-supported association,APSB literature + SPD,source evidence mapped to SOC,,,APSB literature + SPD,"↓ BP; ↓ pain; ↑/↓urine excretion; ↑/↓urinary sodium excretion
Developmental toxicity: death; oligoamnios; renal failure; ↓ BP; pulmonary hypoplasia; respiratory distress syndrome; persistent patent ductus arteriosus; hypocalvaria; limb defects; intrauterine growth retardation; cerebral complications; Respiratory distress","M. Bullo, S. Tschumi, B.S. Bucher, M.G. Bianchetti, G.D. Simonetti. Pregnancy outcome following exposure to angiotensin-converting enzyme inhibitors or angiotensin receptor antagonists: A systematic review.Hypertension, 60 (2012); L. Cervenka, C.-T. Wang, G. Navar. Effects of acute AT1 receptor blockade by candesartan on arterial pressure and renal function in rats.American Journal of Physiology. Renal Physiology, 274 (1998); L.G. Navar, L.M. Harrison-Bernard, J.D. Imig, L. Cervenka, K.D. Mitchell. Renal responses to AT1 receptor blockade. American Journal of Hypertension, 13 (2000); J. Pavel, Z. Oroszova, L. Hricova, N. Lukacova. Effect of subpressor dose of angiotensin II on pain-related behavior in relation with neuronal injury and activation of satellite glial cells in the rat dorsal root ganglia. Cellular and Molecular Neurobiology, 33 (2013); D.C. Chen. T, AT1 Angiotensin receptors — vascular and renal epithelial pathways for blood pressure regulation. Current Opinion in Pharmacology, 21 (2015); Sutherland et al., Nature Communications 2023; literature association evaluated in SPD",False,,,,,,,,,,,
P30556,AGTR1,VAS,Vascular disorders,M2,direct source-supported association,APSB literature only,source evidence mapped to SOC,,,APSB literature only,"↑ BP; ↓ urinary sodium excretion; ↑ pain; ↓ BP; ↓ pain; ↑/↓urine excretion; ↑/↓urinary sodium excretion
Developmental toxicity: death; oligoamnios; renal failure; ↓ BP; pulmonary hypoplasia; respiratory distress syndrome; persistent patent ductus arteriosus; hypocalvaria; limb defects; intrauterine growth retardation; cerebral complications","M. Bullo, S. Tschumi, B.S. Bucher, M.G. Bianchetti, G.D. Simonetti. Pregnancy outcome following exposure to angiotensin-converting enzyme inhibitors or angiotensin receptor antagonists: A systematic review.Hypertension, 60 (2012); L. Cervenka, C.-T. Wang, G. Navar. Effects of acute AT1 receptor blockade by candesartan on arterial pressure and renal function in rats.American Journal of Physiology. Renal Physiology, 274 (1998); L.G. Navar, L.M. Harrison-Bernard, J.D. Imig, L. Cervenka, K.D. Mitchell. Renal responses to AT1 receptor blockade. American Journal of Hypertension, 13 (2000); J. Pavel, Z. Oroszova, L. Hricova, N. Lukacova. Effect of subpressor dose of angiotensin II on pain-related behavior in relation with neuronal injury and activation of satellite glial cells in the rat dorsal root ganglia. Cellular and Molecular Neurobiology, 33 (2013); D.C. Chen. T, AT1 Angiotensin receptors — vascular and renal epithelial pathways for blood pressure regulation. Current Opinion in Pharmacology, 21 (2015)",False,,,,,,,,,,,
P30872,SSTR1,REP,Reproductive system and breast disorders,M8,network visualization secondary,visualization-only functional context,random walk + within-target specificity + community SOC enrichment,1.0,0.9355769230769232,,,,True,1.0,0.8516483516483516,5.0,target top-2,4.0,27.0,0.1370967741935483,0.9375,TACR2,TACR2,1.0
P30872,SSTR1,IMM,Immune system disorders,M8,network visualization secondary,visualization-only functional context,random walk + within-target specificity + community SOC enrichment,2.0,0.8364583333333333,,,,True,0.9375,0.8095238095238095,11.0,target top-2,2.0,27.0,0.0725806451612903,0.65625,TACR2,NPY1R,1.0
P30874,SSTR2,EYE,Eye disorders,M1,network visualization secondary,visualization-only functional context,random walk + within-target specificity + community SOC enrichment,1.0,0.8573799435028249,,,,True,1.0,0.7175141242937854,2.0,SOC minimum-15 + target top-2,2.0,24.0,0.0803571428571428,0.78125,OPRM1,OPRM1,1.0
P30874,SSTR2,NER,Nervous system disorders,M1,network visualization secondary,visualization-only functional context,random walk + within-target specificity + community SOC enrichment,2.0,0.8375,,,,True,0.9375,0.6875,14.0,target top-2,5.0,24.0,0.1875,0.875,NPY1R,DRD2,1.0
P30874,SSTR2,PSY,Psychiatric disorders,M1,network visualization secondary,visualization-only functional context,random walk + within-target specificity + community SOC enrichment,3.0,0.7520833333333333,,,,True,0.875,0.6488095238095238,17.0,SOC minimum-15,1.0,24.0,0.0446428571428571,0.65625,OPRM1,DRD2,1.0
P30968,GNRHR,HEP,Hepatobiliary disorders,M4,network visualization secondary,visualization-only functional context,random walk + within-target specificity + community SOC enrichment,1.0,0.8108622994652407,,,,True,1.0,0.6203208556149733,13.0,target top-2,2.0,33.0,0.0608108108108108,0.71875,AR,AR,1.0
P30968,GNRHR,REP,Reproductive system and breast disorders,M4,network visualization secondary,visualization-only functional context,random walk + within-target specificity + community SOC enrichment,2.0,0.6483173076923077,,,,True,0.9375,0.3791208791208791,25.0,target top-2,1.0,33.0,0.0337837837837837,0.46875,AR,AR,1.0
P30988,CALCR,BLO,Blood and lymphatic system disorders,M6,network visualization secondary,visualization-only functional context,random walk + within-target specificity + community SOC enrichment,1.0,0.92,,,,True,1.0,0.95,1.0,target top-2,8.0,93.0,0.0850515463917525,0.6875,CALCRL,CALCRL,1.0
P30988,CALCR,MET,Metabolism and nutrition disorders,M6,network visualization secondary,visualization-only functional context,random walk + within-target specificity + community SOC enrichment,2.0,0.8465909090909092,,,,True,0.9375,0.8920454545454546,4.0,SOC minimum-15 + target top-2,5.0,93.0,0.0541237113402061,0.5625,CALCRL,CALCRL,1.0
P30988,CALCR,GAS,Gastrointestinal disorders,M6,network visualization secondary,visualization-only functional context,random walk + within-target specificity + community SOC enrichment,3.0,0.7403104026845637,,,,True,0.875,0.5973154362416108,14.0,SOC minimum-15,8.0,93.0,0.0850515463917525,0.6875,CALCRL,CALCRL,1.0
P30989,NTSR1,BLO,Blood and lymphatic system disorders,M6,network visualization secondary,visualization-only functional context,random walk + within-target specificity + community SOC enrichment,1.0,0.8499999999999999,,,,True,1.0,0.75,9.0,target top-2,8.0,93.0,0.0850515463917525,0.6875,UTS2R,UTS2R,1.0
P30989,NTSR1,REN,Renal and urinary disorders,M6,network visualization secondary,visualization-only functional context,random walk + within-target specificity + community SOC enrichment,2.0,0.7857223053892215,,,,True,0.9375,0.6467065868263473,12.0,target top-2,8.0,93.0,0.0850515463917525,0.6875,UTS2R,AGTR2,1.0
P31391,SSTR4,NER,Nervous system disorders,M1,network visualization secondary,visualization-only functional context,random walk + within-target specificity + community SOC enrichment,1.0,0.8210937500000001,,,,True,0.9375,0.640625,17.0,target top-2,5.0,24.0,0.1875,0.875,OPRD1,OPRD1,1.0
P31391,SSTR4,IMM,Immune system disorders,M1,network visualization secondary,visualization-only functional context,random walk + within-target specificity + community SOC enrichment,2.0,0.7375,,,,True,1.0,0.6428571428571429,30.0,target top-2,0.0,24.0,0.0089285714285714,0.3125,NPY1R,NPY1R,1.0
P31645,SLC6A4,GAS,Gastrointestinal disorders,M8,direct source-supported association,APSB literature + SPD,source evidence mapped to SOC,,,APSB literature + SPD,"↑ in GI motility; ↓ in upper GI transit; ↓ in plasma renin; ↑ in other serotonin-mediated effects; insomnia; anxiety; nausea; sexual dysfunction; Constipation, Diarrhoea; Constipation, Gastrointestinal disorder, Intestinal transit time decreased; Diarrhoea, Gastrointestinal disorder, Gastrointestinal hypermotility","Stahl, S. M. Mechanism of action of serotonin selective reuptake inhibitors: serotonin receptors and pathways mediate therapeutic effects and side effects. J. Affect. Disord. 51, 215–235 (1998); Sutherland et al., Nature Communications 2023; literature association evaluated in SPD",False,,,,,,,,,,,
P31645,SLC6A4,NER,Nervous system disorders,M8,direct source-supported association,APSB literature + SPD,source evidence mapped to SOC,,,APSB literature + SPD,"Insufficient information; ↑ in GI motility; ↓ in upper GI transit; ↓ in plasma renin; ↑ in other serotonin-mediated effects; insomnia; anxiety; nausea; sexual dysfunction; Decreased activity, Motor dysfunction; Dizziness; Motor dysfunction, Psychomotor hyperactivity; Tremor","Stahl, S. M. Mechanism of action of serotonin selective reuptake inhibitors: serotonin receptors and pathways mediate therapeutic effects and side effects. J. Affect. Disord. 51, 215–235 (1998); Sutherland et al., Nature Communications 2023; literature association evaluated in SPD",False,,,,,,,,,,,
P31645,SLC6A4,PSY,Psychiatric disorders,M8,direct source-supported association,APSB literature + SPD,source evidence mapped to SOC,,,APSB literature + SPD,↑ in GI motility; ↓ in upper GI transit; ↓ in plasma renin; ↑ in other serotonin-mediated effects; insomnia; anxiety; nausea; sexual dysfunction; Anxiety; Insomnia,"Stahl, S. M. Mechanism of action of serotonin selective reuptake inhibitors: serotonin receptors and pathways mediate therapeutic effects and side effects. J. Affect. Disord. 51, 215–235 (1998); Sutherland et al., Nature Communications 2023; literature association evaluated in SPD",False,,,,,,,,,,,
P31645,SLC6A4,REP,Reproductive system and breast disorders,M8,direct source-supported association,APSB literature + SPD,source evidence mapped to SOC,,,APSB literature + SPD,↑ in GI motility; ↓ in upper GI transit; ↓ in plasma renin; ↑ in other serotonin-mediated effects; insomnia; anxiety; nausea; sexual dysfunction; Sexual dysfunction,"Stahl, S. M. Mechanism of action of serotonin selective reuptake inhibitors: serotonin receptors and pathways mediate therapeutic effects and side effects. J. Affect. Disord. 51, 215–235 (1998); Sutherland et al., Nature Communications 2023; literature association evaluated in SPD",False,,,,,,,,,,,
P31645,SLC6A4,VAS,Vascular disorders,M8,direct source-supported association,APSB literature only,source evidence mapped to SOC,,,APSB literature only,Insufficient information; ↑ in GI motility; ↓ in upper GI transit; ↓ in plasma renin; ↑ in other serotonin-mediated effects; insomnia; anxiety; nausea; sexual dysfunction,"Stahl, S. M. Mechanism of action of serotonin selective reuptake inhibitors: serotonin receptors and pathways mediate therapeutic effects and side effects. J. Affect. Disord. 51, 215–235 (1998)",False,,,,,,,,,,,
P31652,SLC6A4,GAS,Gastrointestinal disorders,M8,direct source-supported association,APSB literature + SPD,source evidence mapped to SOC,,,APSB literature + SPD,"↑ in GI motility; ↓ in upper GI transit; ↓ in plasma renin; ↑ in other serotonin-mediated effects; insomnia; anxiety; nausea; sexual dysfunction; Constipation, Diarrhoea; Constipation, Gastrointestinal disorder, Intestinal transit time decreased; Diarrhoea, Gastrointestinal disorder, Gastrointestinal hypermotility","Stahl, S. M. Mechanism of action of serotonin selective reuptake inhibitors: serotonin receptors and pathways mediate therapeutic effects and side effects. J. Affect. Disord. 51, 215–235 (1998); Sutherland et al., Nature Communications 2023; literature association evaluated in SPD",False,,,,,,,,,,,
P31652,SLC6A4,NER,Nervous system disorders,M8,direct source-supported association,APSB literature + SPD,source evidence mapped to SOC,,,APSB literature + SPD,"Insufficient information; ↑ in GI motility; ↓ in upper GI transit; ↓ in plasma renin; ↑ in other serotonin-mediated effects; insomnia; anxiety; nausea; sexual dysfunction; Decreased activity, Motor dysfunction; Dizziness; Motor dysfunction, Psychomotor hyperactivity; Tremor","Stahl, S. M. Mechanism of action of serotonin selective reuptake inhibitors: serotonin receptors and pathways mediate therapeutic effects and side effects. J. Affect. Disord. 51, 215–235 (1998); Sutherland et al., Nature Communications 2023; literature association evaluated in SPD",False,,,,,,,,,,,
P31652,SLC6A4,PSY,Psychiatric disorders,M8,direct source-supported association,APSB literature + SPD,source evidence mapped to SOC,,,APSB literature + SPD,↑ in GI motility; ↓ in upper GI transit; ↓ in plasma renin; ↑ in other serotonin-mediated effects; insomnia; anxiety; nausea; sexual dysfunction; Anxiety; Insomnia,"Stahl, S. M. Mechanism of action of serotonin selective reuptake inhibitors: serotonin receptors and pathways mediate therapeutic effects and side effects. J. Affect. Disord. 51, 215–235 (1998); Sutherland et al., Nature Communications 2023; literature association evaluated in SPD",False,,,,,,,,,,,
P31652,SLC6A4,REP,Reproductive system and breast disorders,M8,direct source-supported association,APSB literature + SPD,source evidence mapped to SOC,,,APSB literature + SPD,↑ in GI motility; ↓ in upper GI transit; ↓ in plasma renin; ↑ in other serotonin-mediated effects; insomnia; anxiety; nausea; sexual dysfunction; Sexual dysfunction,"Stahl, S. M. Mechanism of action of serotonin selective reuptake inhibitors: serotonin receptors and pathways mediate therapeutic effects and side effects. J. Affect. Disord. 51, 215–235 (1998); Sutherland et al., Nature Communications 2023; literature association evaluated in SPD",False,,,,,,,,,,,
P31652,SLC6A4,VAS,Vascular disorders,M8,direct source-supported association,APSB literature only,source evidence mapped to SOC,,,APSB literature only,Insufficient information; ↑ in GI motility; ↓ in upper GI transit; ↓ in plasma renin; ↑ in other serotonin-mediated effects; insomnia; anxiety; nausea; sexual dysfunction,"Stahl, S. M. Mechanism of action of serotonin selective reuptake inhibitors: serotonin receptors and pathways mediate therapeutic effects and side effects. J. Affect. Disord. 51, 215–235 (1998)",False,,,,,,,,,,,
P32238,CCKAR,GAS,Gastrointestinal disorders,M4,direct source-supported association,APSB literature only,source evidence mapped to SOC,,,APSB literature only,↑ in development of gallstones; ↓ in food intake; gallbladder contraction; pancreatic enzyme secretion; ↑ in GI motility; activation of dopamine-mediated behaviour,"Dufresne, M., Seva, C. & Fourmy, D. Cholecystokinin and gastrin receptors. Physiol. Rev. 86, 805–847 (2006)",False,,,,,,,,,,,
P32239,CCKBR,BLO,Blood and lymphatic system disorders,M6,network visualization secondary,visualization-only functional context,random walk + within-target specificity + community SOC enrichment,1.0,0.8266666666666667,,,,True,1.0,0.6833333333333333,11.0,target top-2,8.0,93.0,0.0850515463917525,0.6875,UTS2R,UTS2R,1.0
P32239,CCKBR,IMM,Immune system disorders,M6,network visualization secondary,visualization-only functional context,random walk + within-target specificity + community SOC enrichment,2.0,0.7708333333333333,,,,True,0.875,0.5059523809523809,21.0,target top-2,17.0,93.0,0.1778350515463917,1.0,UTS2R,BDKRB2,1.0
P32241,VIPR1,GAS,Gastrointestinal disorders,M6,direct source-supported association,APSB literature only,source evidence mapped to SOC,,,APSB literature only,Inflammation; ↑ GI transit; ↓ Inflammation; immunosuppression; ↓ GI transit,"M. Delgado, R.P. Gomariz, C. Martinez, C. Abad, J. Leceta. Anti-inflammatory properties of the type 1 and type 2 vasoactive intestinal peptide receptors: Role in lethal endotoxic shock. European Journal of Immunology, 30 (2000); M. Delgado, D. Pozo, D. Ganea. The significance of vasoactive intestinal peptide in immunomodulation. Pharmacological Reviews, 56 (2004); B.Y. De Winter, P. Robberecht, G.E. Boeckxstaens, J.G. De Man, T.G. Moreels, A.G. Herman, P.A. Pelckmans. Role of VIP1/PACAP receptors in postoperative ileus in rats. British Journal of Pharmacology, 124 (1998); N. El Zein, B. Badran, E. Sariban. The neuropeptide pituitary adenylate cyclase activating polypeptide modulates Ca2 + and pro-inflammatory functions in human monocytes through the G protein-coupled receptors VPAC-1 and formyl peptide receptor-like 1. Cell Calcium, 43 (2008)",False,,,,,,,,,,,
P32241,VIPR1,IMM,Immune system disorders,M6,direct source-supported association,APSB literature only,source evidence mapped to SOC,,,APSB literature only,Inflammation; ↑ GI transit; ↓ Inflammation; immunosuppression; ↓ GI transit,"M. Delgado, R.P. Gomariz, C. Martinez, C. Abad, J. Leceta. Anti-inflammatory properties of the type 1 and type 2 vasoactive intestinal peptide receptors: Role in lethal endotoxic shock. European Journal of Immunology, 30 (2000); M. Delgado, D. Pozo, D. Ganea. The significance of vasoactive intestinal peptide in immunomodulation. Pharmacological Reviews, 56 (2004); B.Y. De Winter, P. Robberecht, G.E. Boeckxstaens, J.G. De Man, T.G. Moreels, A.G. Herman, P.A. Pelckmans. Role of VIP1/PACAP receptors in postoperative ileus in rats. British Journal of Pharmacology, 124 (1998); N. El Zein, B. Badran, E. Sariban. The neuropeptide pituitary adenylate cyclase activating polypeptide modulates Ca2 + and pro-inflammatory functions in human monocytes through the G protein-coupled receptors VPAC-1 and formyl peptide receptor-like 1. Cell Calcium, 43 (2008)",False,,,,,,,,,,,
P32245,MC4R,PSY,Psychiatric disorders,M4,network visualization secondary,visualization-only functional context,random walk + within-target specificity + community SOC enrichment,1.0,0.6947916666666667,,,,True,0.9375,0.5119047619047619,22.0,target top-2,1.0,33.0,0.0337837837837837,0.46875,HTR2C,HTR2C,1.0
P32245,MC4R,SKI,Skin and subcutaneous tissue disorders,M4,network visualization secondary,visualization-only functional context,random walk + within-target specificity + community SOC enrichment,2.0,0.6890040106951871,,,,True,1.0,0.5935828877005348,17.0,SOC minimum-15 + target top-2,0.0,33.0,0.0067567567567567,0.15625,SLC6A3,,2.0
P32246,CCR1,BLO,Blood and lymphatic system disorders,M6,network visualization secondary,visualization-only functional context,random walk + within-target specificity + community SOC enrichment,1.0,0.9025,,,,True,1.0,0.9,2.0,target top-2,8.0,93.0,0.0850515463917525,0.6875,PTAFR,PTAFR,1.0
P32246,CCR1,IMM,Immune system disorders,M6,network visualization secondary,visualization-only functional context,random walk + within-target specificity + community SOC enrichment,2.0,0.8989583333333333,,,,True,0.9375,0.7916666666666666,6.0,target top-2,17.0,93.0,0.1778350515463917,1.0,PTAFR,PTAFR,1.0
P32247,BRS3,REN,Renal and urinary disorders,M2,network visualization secondary,visualization-only functional context,random walk + within-target specificity + community SOC enrichment,1.0,0.8629678143712575,,,,True,0.9375,0.7245508982035929,4.0,SOC minimum-15 + target top-2,7.0,33.0,0.1959459459459459,0.9375,UTS2R,AGTR2,1.0
P32247,BRS3,BLO,Blood and lymphatic system disorders,M2,network visualization secondary,visualization-only functional context,random walk + within-target specificity + community SOC enrichment,2.0,0.8541666666666667,,,,True,1.0,0.8333333333333334,6.0,target top-2,1.0,33.0,0.0337837837837837,0.5625,UTS2R,UTS2R,1.0
P32745,SSTR3,NER,Nervous system disorders,M1,network visualization secondary,visualization-only functional context,random walk + within-target specificity + community SOC enrichment,1.0,0.8246093750000001,,,,True,1.0,0.5703125,16.0,target top-2,5.0,24.0,0.1875,0.875,NPY1R,NPY1R,1.0
P32745,SSTR3,IMM,Immune system disorders,M1,network visualization secondary,visualization-only functional context,random walk + within-target specificity + community SOC enrichment,2.0,0.6822916666666666,,,,True,0.9375,0.5654761904761905,41.0,target top-2,0.0,24.0,0.0089285714285714,0.3125,NPY1R,NPY1R,1.0
P33032,MC5R,IMM,Immune system disorders,M6,network visualization secondary,visualization-only functional context,random walk + within-target specificity + community SOC enrichment,1.0,0.7166666666666666,,,,True,1.0,0.1904761904761904,34.0,target top-2,17.0,93.0,0.1778350515463917,1.0,ADORA2B,ADORA2B,1.0
P33032,MC5R,BLO,Blood and lymphatic system disorders,M6,network visualization secondary,visualization-only functional context,random walk + within-target specificity + community SOC enrichment,2.0,0.5876388888888888,,,,True,0.875,0.1611111111111111,36.0,target top-2,8.0,93.0,0.0850515463917525,0.6875,HTR4,,2.0
P34969,HTR7,IMM,Immune system disorders,M3,direct source-supported association,APSB literature only,source evidence mapped to SOC,,,APSB literature only,↑ Memory; ↓ sleep; ↓ body temperature; ↓/↑pain; ↓ inflammation; ↑/↓Memory; ↓ sleep; ↓ pain; ↓ anxiety,"A. Albayrak, Z. Halici, E. Cadirci, B. Polat, E. Karakus, Y. Bayir, ..., A. Dogrul. Inflammation and peripheral 5-HT7 receptors: The role of 5-HT7 receptors in carrageenan induced inflammation in rats. European Journal of Pharmacology, 715 (2013); T. Freret, E. Paizanis, G. Beaudet, A. Gusmao-Montaigne, G. Nee, F. Dauphin, ..., M. Boulouard Modulation of 5-HT7 receptor: Effect on object recognition performances in mice. Psychopharmacology, 231 (2014); J.M. Monti, M. Leopoldo, H. Jantos. Systemic administration and local microinjection into the central nervous system of the 5-HT7 receptor agonist LP-211 modify the sleep-wake cycle in the rat. Behavioural Brain Research, 259 (2014); H.I. Rocha-González, A. Meneses, S.M. Carlton, V. Granados-Soto.Pronociceptive role of peripheral and spinal 5-HT7 receptors in the formalin test. Pain, 117 (2005); D.R. Thomas, S. Melotto, M. Massagrande, A.D. Gribble, P. Jeffrey, A.J. Stevens, ..., I.T. Forbes. SB-656104-A, a novel selective 5-HT7 receptor antagonist, modulates REM sleep in rats. British Journal of Pharmacology, 139 (2003); F. Viguier, B. Michot, V. Kayser, J.F. Bernard, J.M. Vela, M. Hamon, S. Bourgoin. GABA, not opioids, mediates the anti-hyperalgesic effects of 5-HT7 receptor activation in rats suffering from neuropathic pain. Neuropharmacology, 63 (2012)",False,,,,,,,,,,,
P34969,HTR7,NER,Nervous system disorders,M3,direct source-supported association,APSB literature only,source evidence mapped to SOC,,,APSB literature only,↑ Memory; ↓ sleep; ↓ body temperature; ↓/↑pain; ↓ inflammation; ↑/↓Memory; ↓ sleep; ↓ pain; ↓ anxiety,"A. Albayrak, Z. Halici, E. Cadirci, B. Polat, E. Karakus, Y. Bayir, ..., A. Dogrul. Inflammation and peripheral 5-HT7 receptors: The role of 5-HT7 receptors in carrageenan induced inflammation in rats. European Journal of Pharmacology, 715 (2013); T. Freret, E. Paizanis, G. Beaudet, A. Gusmao-Montaigne, G. Nee, F. Dauphin, ..., M. Boulouard Modulation of 5-HT7 receptor: Effect on object recognition performances in mice. Psychopharmacology, 231 (2014); J.M. Monti, M. Leopoldo, H. Jantos. Systemic administration and local microinjection into the central nervous system of the 5-HT7 receptor agonist LP-211 modify the sleep-wake cycle in the rat. Behavioural Brain Research, 259 (2014); H.I. Rocha-González, A. Meneses, S.M. Carlton, V. Granados-Soto.Pronociceptive role of peripheral and spinal 5-HT7 receptors in the formalin test. Pain, 117 (2005); D.R. Thomas, S. Melotto, M. Massagrande, A.D. Gribble, P. Jeffrey, A.J. Stevens, ..., I.T. Forbes. SB-656104-A, a novel selective 5-HT7 receptor antagonist, modulates REM sleep in rats. British Journal of Pharmacology, 139 (2003); F. Viguier, B. Michot, V. Kayser, J.F. Bernard, J.M. Vela, M. Hamon, S. Bourgoin. GABA, not opioids, mediates the anti-hyperalgesic effects of 5-HT7 receptor activation in rats suffering from neuropathic pain. Neuropharmacology, 63 (2012)",False,,,,,,,,,,,
P34969,HTR7,PSY,Psychiatric disorders,M3,direct source-supported association,APSB literature only,source evidence mapped to SOC,,,APSB literature only,↑/↓Memory; ↓ sleep; ↓ pain; ↓ anxiety,"A. Albayrak, Z. Halici, E. Cadirci, B. Polat, E. Karakus, Y. Bayir, ..., A. Dogrul. Inflammation and peripheral 5-HT7 receptors: The role of 5-HT7 receptors in carrageenan induced inflammation in rats. European Journal of Pharmacology, 715 (2013); T. Freret, E. Paizanis, G. Beaudet, A. Gusmao-Montaigne, G. Nee, F. Dauphin, ..., M. Boulouard Modulation of 5-HT7 receptor: Effect on object recognition performances in mice. Psychopharmacology, 231 (2014); J.M. Monti, M. Leopoldo, H. Jantos. Systemic administration and local microinjection into the central nervous system of the 5-HT7 receptor agonist LP-211 modify the sleep-wake cycle in the rat. Behavioural Brain Research, 259 (2014); H.I. Rocha-González, A. Meneses, S.M. Carlton, V. Granados-Soto.Pronociceptive role of peripheral and spinal 5-HT7 receptors in the formalin test. Pain, 117 (2005); D.R. Thomas, S. Melotto, M. Massagrande, A.D. Gribble, P. Jeffrey, A.J. Stevens, ..., I.T. Forbes. SB-656104-A, a novel selective 5-HT7 receptor antagonist, modulates REM sleep in rats. British Journal of Pharmacology, 139 (2003); F. Viguier, B. Michot, V. Kayser, J.F. Bernard, J.M. Vela, M. Hamon, S. Bourgoin. GABA, not opioids, mediates the anti-hyperalgesic effects of 5-HT7 receptor activation in rats suffering from neuropathic pain. Neuropharmacology, 63 (2012)",False,,,,,,,,,,,
P34972,CNR2,IMM,Immune system disorders,M6,direct source-supported association,APSB literature only,source evidence mapped to SOC,,,APSB literature only,Insufficient information; ↑ in inflammation; ↓ in bone mass,"Basu, S. & Dittel, B. N. Unraveling the complexities of cannabinoid receptor 2 (CB2) immune regulation in health and disease. Immunol. Res. 51, 26–38 (2011)",False,,,,,,,,,,,
P34995,PTGER1,BLO,Blood and lymphatic system disorders,M2,network visualization secondary,visualization-only functional context,random walk + within-target specificity + community SOC enrichment,1.0,0.7463194444444444,,,,True,0.9375,0.6055555555555555,20.0,target top-2,1.0,33.0,0.0337837837837837,0.5625,PTGS1,PTGS1,1.0
P34995,PTGER1,RES,"Respiratory, thoracic and mediastinal disorders",M2,network visualization secondary,visualization-only functional context,random walk + within-target specificity + community SOC enrichment,2.0,0.726122754491018,,,,True,0.875,0.5389221556886228,17.0,target top-2,3.0,33.0,0.0878378378378378,0.71875,PTGS1,ADRB2,1.0
P34998,CRHR1,NER,Nervous system disorders,M9,network visualization secondary,visualization-only functional context,random walk + within-target specificity + community SOC enrichment,1.0,0.95,,,,True,0.9375,0.9375,5.0,target top-2,7.0,39.0,0.1686046511627907,1.0,HRH3,OPRM1,1.0
P34998,CRHR1,PSY,Psychiatric disorders,M9,network visualization secondary,visualization-only functional context,random walk + within-target specificity + community SOC enrichment,2.0,0.9104166666666664,,,,True,1.0,0.9404761904761904,3.0,SOC minimum-15 + target top-2,3.0,39.0,0.0755813953488372,0.65625,TACR1,OPRM1,1.0
P34998,CRHR1,EYE,Eye disorders,M9,network visualization secondary,visualization-only functional context,random walk + within-target specificity + community SOC enrichment,4.0,0.8200211864406779,,,,True,0.875,0.9322033898305084,4.0,SOC minimum-15,2.0,39.0,0.0523255813953488,0.5,CHRM3,OPRM1,1.0
P34998,CRHR1,GAS,Gastrointestinal disorders,M9,network visualization secondary,visualization-only functional context,random walk + within-target specificity + community SOC enrichment,8.0,0.7194421140939598,,,,True,0.5625,0.8859060402684564,16.0,SOC minimum-15,4.0,39.0,0.0988372093023255,0.78125,HRH3,OPRM1,1.0
P35346,SSTR5,NER,Nervous system disorders,M1,network visualization secondary,visualization-only functional context,random walk + within-target specificity + community SOC enrichment,1.0,0.779296875,,,,True,0.875,0.6015625,26.0,target top-2,5.0,24.0,0.1875,0.875,NPY1R,DRD2,1.0
P35346,SSTR5,RES,"Respiratory, thoracic and mediastinal disorders",M1,network visualization secondary,visualization-only functional context,random walk + within-target specificity + community SOC enrichment,2.0,0.7388473053892215,,,,True,1.0,0.6467065868263473,14.0,target top-2,0.0,24.0,0.0089285714285714,0.3125,BDKRB2,OPRM1,1.0
P35346,SSTR5,EYE,Eye disorders,M1,network visualization secondary,visualization-only functional context,random walk + within-target specificity + community SOC enrichment,3.0,0.7097281073446329,,,,True,0.8125,0.536723163841808,14.0,SOC minimum-15,2.0,24.0,0.0803571428571428,0.78125,OPRM1,OPRM1,1.0
P35348,ADRA1A,CAR,Cardiac disorders,M8,direct source-supported association,APSB literature + SPD,source evidence mapped to SOC,,,APSB literature + SPD,Smooth muscle contraction; ↑ in BP; cardiac positive ionotropy; potential for arrhythmia; mydriasis; ↓ in insulin release; ↓ in smooth muscle tone; orthostatic hypotension and ↑ in HR; dizziness; impact on various aspects of sexual function; Arrhythmia; Heart rate increased,"Michelotti, G. A., Price, D. T. & Schwinn, D. A. α1-adrenergic receptor regulation: basic science and clinical implications. Pharmacol. Ther. 88, 281–309 (2000); Sutherland et al., Nature Communications 2023; literature association evaluated in SPD",False,,,,,,,,,,,
P35348,ADRA1A,END,Endocrine disorder,M8,direct source-supported association,APSB literature only,source evidence mapped to SOC,,,APSB literature only,Smooth muscle contraction; ↑ in BP; cardiac positive ionotropy; potential for arrhythmia; mydriasis; ↓ in insulin release,"Michelotti, G. A., Price, D. T. & Schwinn, D. A. α1-adrenergic receptor regulation: basic science and clinical implications. Pharmacol. Ther. 88, 281–309 (2000)",False,,,,,,,,,,,
P35348,ADRA1A,EYE,Eye disorders,M8,direct source-supported association,APSB literature + SPD,source evidence mapped to SOC,,,APSB literature + SPD,Smooth muscle contraction; ↑ in BP; cardiac positive ionotropy; potential for arrhythmia; mydriasis; ↓ in insulin release; Mydriasis,"Michelotti, G. A., Price, D. T. & Schwinn, D. A. α1-adrenergic receptor regulation: basic science and clinical implications. Pharmacol. Ther. 88, 281–309 (2000); Sutherland et al., Nature Communications 2023; literature association evaluated in SPD",False,,,,,,,,,,,
P35348,ADRA1A,GAS,Gastrointestinal disorders,M8,direct source-supported association,APSB literature only,source evidence mapped to SOC,,,APSB literature only,Smooth muscle contraction; ↑ in BP; cardiac positive ionotropy; potential for arrhythmia; mydriasis; ↓ in insulin release; ↓ in smooth muscle tone; orthostatic hypotension and ↑ in HR; dizziness; impact on various aspects of sexual function,"Michelotti, G. A., Price, D. T. & Schwinn, D. A. α1-adrenergic receptor regulation: basic science and clinical implications. Pharmacol. Ther. 88, 281–309 (2000)",False,,,,,,,,,,,
P35348,ADRA1A,MUS,Musculoskeletal and connective tissue disorders,M8,direct source-supported association,APSB literature + SPD,source evidence mapped to SOC,,,APSB literature + SPD,Smooth muscle contraction; ↑ in BP; cardiac positive ionotropy; potential for arrhythmia; mydriasis; ↓ in insulin release; ↓ in smooth muscle tone; orthostatic hypotension and ↑ in HR; dizziness; impact on various aspects of sexual function; Muscle contractions involuntary,"Michelotti, G. A., Price, D. T. & Schwinn, D. A. α1-adrenergic receptor regulation: basic science and clinical implications. Pharmacol. Ther. 88, 281–309 (2000); Sutherland et al., Nature Communications 2023; literature association evaluated in SPD",False,,,,,,,,,,,
P35348,ADRA1A,NER,Nervous system disorders,M8,direct source-supported association,APSB literature + SPD,source evidence mapped to SOC,,,APSB literature + SPD,Smooth muscle contraction; ↑ in BP; cardiac positive ionotropy; potential for arrhythmia; mydriasis; ↓ in insulin release; ↓ in smooth muscle tone; orthostatic hypotension and ↑ in HR; dizziness; impact on various aspects of sexual function; Dizziness; Hypotonia,"Michelotti, G. A., Price, D. T. & Schwinn, D. A. α1-adrenergic receptor regulation: basic science and clinical implications. Pharmacol. Ther. 88, 281–309 (2000); Sutherland et al., Nature Communications 2023; literature association evaluated in SPD",False,,,,,,,,,,,
P35348,ADRA1A,REP,Reproductive system and breast disorders,M8,direct source-supported association,APSB literature + SPD,source evidence mapped to SOC,,,APSB literature + SPD,↓ in smooth muscle tone; orthostatic hypotension and ↑ in HR; dizziness; impact on various aspects of sexual function; Retrograde ejaculation; Sexual dysfunction,"Michelotti, G. A., Price, D. T. & Schwinn, D. A. α1-adrenergic receptor regulation: basic science and clinical implications. Pharmacol. Ther. 88, 281–309 (2000); Sutherland et al., Nature Communications 2023; literature association evaluated in SPD",False,,,,,,,,,,,
P35348,ADRA1A,VAS,Vascular disorders,M8,direct source-supported association,APSB literature + SPD,source evidence mapped to SOC,,,APSB literature + SPD,Smooth muscle contraction; ↑ in BP; cardiac positive ionotropy; potential for arrhythmia; mydriasis; ↓ in insulin release; ↓ in smooth muscle tone; orthostatic hypotension and ↑ in HR; dizziness; impact on various aspects of sexual function; Blood pressure decreased; Blood pressure increased; Orthostatic hypotension,"Michelotti, G. A., Price, D. T. & Schwinn, D. A. α1-adrenergic receptor regulation: basic science and clinical implications. Pharmacol. Ther. 88, 281–309 (2000); Sutherland et al., Nature Communications 2023; literature association evaluated in SPD",False,,,,,,,,,,,
P35354,PTGS2,CAR,Cardiac disorders,M6,direct source-supported association,APSB literature only,source evidence mapped to SOC,,,APSB literature only,Anti-inflammatory activity; anti-mitogenic effects; myocardial infarction; ↑ in BP; ischaemic stroke; atherothrombosis,"Grosser, T., Fries, S. & FitzGerald, G. A. Biological basis for the cardiovascular consequences of COX-2 inhibition: therapeutic challenges and opportunities. J. Clin. Invest. 116, 4–15 (2006)",False,,,,,,,,,,,
P35354,PTGS2,IMM,Immune system disorders,M6,direct source-supported association,APSB literature only,source evidence mapped to SOC,,,APSB literature only,Anti-inflammatory activity; anti-mitogenic effects; myocardial infarction; ↑ in BP; ischaemic stroke; atherothrombosis; Insufficient information,"Grosser, T., Fries, S. & FitzGerald, G. A. Biological basis for the cardiovascular consequences of COX-2 inhibition: therapeutic challenges and opportunities. J. Clin. Invest. 116, 4–15 (2006)",False,,,,,,,,,,,
P35354,PTGS2,MET,Metabolism and nutrition disorders,M6,direct source-supported association,SPD significant only,source evidence mapped to SOC,,,SPD significant only,"Urine analysis abnormal, Urine sodium decreased","Sutherland et al., Nature Communications 2023; literature association evaluated in SPD",False,,,,,,,,,,,
P35354,PTGS2,REN,Renal and urinary disorders,M6,direct source-supported association,SPD significant only,source evidence mapped to SOC,,,SPD significant only,"Urine analysis abnormal, Urine sodium decreased","Sutherland et al., Nature Communications 2023; literature association evaluated in SPD",False,,,,,,,,,,,
P35354,PTGS2,VAS,Vascular disorders,M6,direct source-supported association,APSB literature only,source evidence mapped to SOC,,,APSB literature only,Anti-inflammatory activity; anti-mitogenic effects; myocardial infarction; ↑ in BP; ischaemic stroke; atherothrombosis; Insufficient information,"Grosser, T., Fries, S. & FitzGerald, G. A. Biological basis for the cardiovascular consequences of COX-2 inhibition: therapeutic challenges and opportunities. J. Clin. Invest. 116, 4–15 (2006)",False,,,,,,,,,,,
P35367,HRH1,CAR,Cardiac disorders,M6,direct source-supported association,SPD significant only,source evidence mapped to SOC,,,SPD significant only,Arrhythmia; Electrocardiogram QT prolonged; Heart rate increased,"Sutherland et al., Nature Communications 2023; literature association evaluated in SPD",False,,,,,,,,,,,
P35367,HRH1,GAS,Gastrointestinal disorders,M6,direct source-supported association,SPD significant only,source evidence mapped to SOC,,,SPD significant only,"Constipation, Gastrointestinal disorder, Intestinal transit time decreased","Sutherland et al., Nature Communications 2023; literature association evaluated in SPD",False,,,,,,,,,,,
P35367,HRH1,IMM,Immune system disorders,M6,direct source-supported association,APSB literature only,source evidence mapped to SOC,,,APSB literature only,"Sedation; ↓ in allergic responses; ↑ in body weight; ↓ in BP; allergic responses of flare, flush and wheal; bronchoconstriction","Walsh, G. M. Emerging safety issues regarding long-term usage of H1 receptor antagonists. Expert Opin. Drug Saf. 1, 225–235 (2002)",False,,,,,,,,,,,
P35367,HRH1,MET,Metabolism and nutrition disorders,M6,direct source-supported association,SPD significant only,source evidence mapped to SOC,,,SPD significant only,Weight increased,"Sutherland et al., Nature Communications 2023; literature association evaluated in SPD",False,,,,,,,,,,,
P35367,HRH1,NER,Nervous system disorders,M6,direct source-supported association,APSB literature + SPD,source evidence mapped to SOC,,,APSB literature + SPD,"Sedation; ↓ in allergic responses; ↑ in body weight; Hypersomnia; Motor dysfunction, Psychomotor hyperactivity; Sedation, Somnolence; Seizure","Walsh, G. M. Emerging safety issues regarding long-term usage of H1 receptor antagonists. Expert Opin. Drug Saf. 1, 225–235 (2002); Sutherland et al., Nature Communications 2023; literature association evaluated in SPD",False,,,,,,,,,,,
P35367,HRH1,RES,"Respiratory, thoracic and mediastinal disorders",M6,direct source-supported association,APSB literature only,source evidence mapped to SOC,,,APSB literature only,"↓ in BP; allergic responses of flare, flush and wheal; bronchoconstriction","Walsh, G. M. Emerging safety issues regarding long-term usage of H1 receptor antagonists. Expert Opin. Drug Saf. 1, 225–235 (2002)",False,,,,,,,,,,,
P35367,HRH1,VAS,Vascular disorders,M6,direct source-supported association,APSB literature + SPD,source evidence mapped to SOC,,,APSB literature + SPD,"Sedation; ↓ in allergic responses; ↑ in body weight; ↓ in BP; allergic responses of flare, flush and wheal; bronchoconstriction; Blood pressure increased; Blood pressure decreased","Walsh, G. M. Emerging safety issues regarding long-term usage of H1 receptor antagonists. Expert Opin. Drug Saf. 1, 225–235 (2002); Sutherland et al., Nature Communications 2023; literature association evaluated in SPD",False,,,,,,,,,,,
P35368,ADRA1B,REP,Reproductive system and breast disorders,M8,network visualization secondary,visualization-only functional context,random walk + within-target specificity + community SOC enrichment,1.0,0.9586538461538462,,,,True,1.0,0.9175824175824177,2.0,target top-2,4.0,27.0,0.1370967741935483,0.9375,ADRA1A,ADRA1A,1.0
P35368,ADRA1B,MUS,Musculoskeletal and connective tissue disorders,M8,network visualization secondary,visualization-only functional context,random walk + within-target specificity + community SOC enrichment,2.0,0.8239817415730337,,,,True,0.9375,0.898876404494382,8.0,SOC minimum-15 + target top-2,1.0,27.0,0.0403225806451612,0.4375,ADRA1A,ADRA1A,1.0
P35368,ADRA1B,END,Endocrine disorder,M8,network visualization secondary,visualization-only functional context,random walk + within-target specificity + community SOC enrichment,3.0,0.7806944444444445,,,,True,0.875,0.8555555555555555,11.0,SOC minimum-15,1.0,27.0,0.0403225806451612,0.4375,ADRA1A,ADRA1A,1.0
P35368,ADRA1B,EYE,Eye disorders,M8,network visualization secondary,visualization-only functional context,random walk + within-target specificity + community SOC enrichment,5.0,0.751712570621469,,,,True,0.8125,0.8531073446327684,10.0,SOC minimum-15,1.0,27.0,0.0403225806451612,0.4375,ADRA1A,ADRA1A,1.0
P35372,OPRM1,EYE,Eye disorders,M7,direct source-supported association,SPD significant only,source evidence mapped to SOC,,,SPD significant only,Miosis; Mydriasis,"Sutherland et al., Nature Communications 2023; literature association evaluated in SPD",False,,,,,,,,,,,
P35372,OPRM1,GAS,Gastrointestinal disorders,M7,direct source-supported association,APSB literature + SPD,source evidence mapped to SOC,,,APSB literature + SPD,"Sedation; ↓ in GI motility; pupil constriction; abuse liability; respiratory depression; miosis; hypothermia; ↑ in GI motility; dyspepsia; flatulence; Constipation, Gastrointestinal disorder, Gastrointestinal hypomotility; Constipation, Gastrointestinal disorder, Intestinal transit time decreased","Trescot, A. M., Datta, S. & Lee, M. Opioid pharmacology. Pain Physician 11 (Suppl. 2), S133–S153 (2008); Sutherland et al., Nature Communications 2023; literature association evaluated in SPD",False,,,,,,,,,,,
P35372,OPRM1,NER,Nervous system disorders,M7,direct source-supported association,APSB literature + SPD,source evidence mapped to SOC,,,APSB literature + SPD,"Sedation; ↓ in GI motility; pupil constriction; abuse liability; respiratory depression; miosis; hypothermia; ↑ in GI motility; dyspepsia; flatulence; Sedation, Somnolence","Trescot, A. M., Datta, S. & Lee, M. Opioid pharmacology. Pain Physician 11 (Suppl. 2), S133–S153 (2008); Sutherland et al., Nature Communications 2023; literature association evaluated in SPD",False,,,,,,,,,,,
P35372,OPRM1,PSY,Psychiatric disorders,M7,direct source-supported association,SPD significant only,source evidence mapped to SOC,,,SPD significant only,"Dependence, Drug abuse; Respiratory depression","Sutherland et al., Nature Communications 2023; literature association evaluated in SPD",False,,,,,,,,,,,
P35372,OPRM1,RES,"Respiratory, thoracic and mediastinal disorders",M7,direct source-supported association,APSB literature + SPD,source evidence mapped to SOC,,,APSB literature + SPD,Sedation; ↓ in GI motility; pupil constriction; abuse liability; respiratory depression; miosis; hypothermia; Respiratory depression,"Trescot, A. M., Datta, S. & Lee, M. Opioid pharmacology. Pain Physician 11 (Suppl. 2), S133–S153 (2008); Sutherland et al., Nature Communications 2023; literature association evaluated in SPD",False,,,,,,,,,,,
P35372,OPRM1,VAS,Vascular disorders,M7,direct source-supported association,APSB literature only,source evidence mapped to SOC,,,APSB literature only,Sedation; ↓ in GI motility; pupil constriction; abuse liability; respiratory depression; miosis; hypothermia; ↑ in GI motility; dyspepsia; flatulence,"Trescot, A. M., Datta, S. & Lee, M. Opioid pharmacology. Pain Physician 11 (Suppl. 2), S133–S153 (2008)",False,,,,,,,,,,,
P35408,PTGER4,IMM,Immune system disorders,M6,network visualization secondary,visualization-only functional context,random walk + within-target specificity + community SOC enrichment,1.0,0.9604166666666668,,,,True,1.0,0.8869047619047619,2.0,target top-2,17.0,93.0,0.1778350515463917,1.0,PTGER2,PTGER2,1.0
P35408,PTGER4,BLO,Blood and lymphatic system disorders,M6,network visualization secondary,visualization-only functional context,random walk + within-target specificity + community SOC enrichment,2.0,0.7849305555555555,,,,True,0.9375,0.6444444444444445,19.0,target top-2,8.0,93.0,0.0850515463917525,0.6875,PTGS1,PTGS1,1.0
P35408,PTGER4,GAS,Gastrointestinal disorders,M6,network visualization secondary,visualization-only functional context,random walk + within-target specificity + community SOC enrichment,3.0,0.745008389261745,,,,True,0.875,0.610738255033557,12.0,SOC minimum-15,8.0,93.0,0.0850515463917525,0.6875,PTGER2,PTGER2,1.0
P35414,APLNR,RES,"Respiratory, thoracic and mediastinal disorders",M7,network visualization secondary,visualization-only functional context,random walk + within-target specificity + community SOC enrichment,1.0,0.8973053892215568,,,,True,1.0,0.7065868263473054,4.0,SOC minimum-15 + target top-2,5.0,23.0,0.1944444444444444,1.0,BDKRB2,AGTR1,1.0
P35414,APLNR,NER,Nervous system disorders,M7,network visualization secondary,visualization-only functional context,random walk + within-target specificity + community SOC enrichment,2.0,0.7765625,,,,True,0.875,0.59375,27.0,target top-2,4.0,23.0,0.1574074074074074,0.875,NPY1R,AGTR1,1.0
P35462,DRD3,SKI,Skin and subcutaneous tissue disorders,M9,network visualization secondary,visualization-only functional context,random walk + within-target specificity + community SOC enrichment,1.0,0.8868983957219251,,,,True,1.0,0.962566844919786,1.0,SOC minimum-15 + target top-2,2.0,39.0,0.0523255813953488,0.5,DRD1,DRD1,1.0
P35462,DRD3,PSY,Psychiatric disorders,M9,network visualization secondary,visualization-only functional context,random walk + within-target specificity + community SOC enrichment,2.0,0.8364583333333333,,,,True,0.9375,0.8095238095238095,10.0,SOC minimum-15 + target top-2,3.0,39.0,0.0755813953488372,0.65625,DRD1,DRD1,1.0
P35462,DRD3,VAS,Vascular disorders,M9,network visualization secondary,visualization-only functional context,random walk + within-target specificity + community SOC enrichment,3.0,0.7743705035971223,,,,True,0.75,0.7482014388489209,22.0,SOC minimum-15,5.0,39.0,0.1220930232558139,0.875,DRD1,DRD1,1.0
P35462,DRD3,MUS,Musculoskeletal and connective tissue disorders,M9,network visualization secondary,visualization-only functional context,random walk + within-target specificity + community SOC enrichment,6.0,0.7047050561797752,,,,True,0.625,0.6741573033707865,16.0,SOC minimum-15,6.0,39.0,0.1453488372093023,0.9375,CHRNA4,CHRNA4,1.0
P35968,KDR,BLO,Blood and lymphatic system disorders,M6,network visualization secondary,visualization-only functional context,random walk + within-target specificity + community SOC enrichment,1.0,0.8616666666666666,,,,True,1.0,0.7833333333333333,5.0,target top-2,8.0,93.0,0.0850515463917525,0.6875,EDNRB,PPARG,1.0
P35968,KDR,REN,Renal and urinary disorders,M6,network visualization secondary,visualization-only functional context,random walk + within-target specificity + community SOC enrichment,2.0,0.7659805389221557,,,,True,0.875,0.6706586826347305,14.0,target top-2,8.0,93.0,0.0850515463917525,0.6875,EDNRB,PPARG,1.0
P37231,PPARG,BLO,Blood and lymphatic system disorders,M6,direct source-supported association,APSB literature only,source evidence mapped to SOC,,,APSB literature only,↓ Urine excretion; ↓ urinary sodium excretion; ↑ water retention; ↑ plasma volume; ↑ body weight; ↑ heart weight; heart failure; ↓ inflammation; ↓ platelet aggregation; ↓ blood glucose,"S. Cuzzocrea, B. Pisano, L. Dugo, A. Ianaro, P. Maffia, N.S. Patel, ..., C. Thiemermann. Rosiglitazone, a ligand of the peroxisome proliferator-activated receptor-gamma, reduces acute inflammation. European Journal of Pharmacology, 483 (2004); X. He, Z. Zheng, X. Yang, Y. Lu, N. Chen, W. Chen. Tetramethylpyrazine attenuates PPAR-γ antagonist-deteriorated oxazolone-induced colitis in mice. Molecular Medicine Reports, 5 (2012); W. Liu, F. Lau, K. Liu, H.B. Wood, G. Zhou, Y. Chen, ..., P.T. Meinke. Benzimidazolones: A new class of selective peroxisome proliferator-activated receptor γ (PPARγ) modulators. Journal of Medicinal Chemistry, 54 (2011); S. Nazreen, M.S. Alam, H. Hamid, M.S. Yar, S. Shafi, A. Dhulap, ..., K.K. Pillai. Design, synthesis, in silico molecular docking and biological evaluation of novel oxadiazole based thiazolidine-2,4-diones bis-heterocycles as PPAR-γ agonists. European Journal of Medicinal Chemistry, 87 (2014); S. Shafi, et al.PPARgamma: Potential therapeutic target for ailments beyond diabetes and its natural agonism. Current Drug Targets (2019)",False,,,,,,,,,,,
P37231,PPARG,CAR,Cardiac disorders,M6,direct source-supported association,APSB literature only,source evidence mapped to SOC,,,APSB literature only,↓ Urine excretion; ↓ urinary sodium excretion; ↑ water retention; ↑ plasma volume; ↑ body weight; ↑ heart weight; heart failure; ↓ inflammation; ↓ platelet aggregation; ↓ blood glucose,"S. Cuzzocrea, B. Pisano, L. Dugo, A. Ianaro, P. Maffia, N.S. Patel, ..., C. Thiemermann. Rosiglitazone, a ligand of the peroxisome proliferator-activated receptor-gamma, reduces acute inflammation. European Journal of Pharmacology, 483 (2004); X. He, Z. Zheng, X. Yang, Y. Lu, N. Chen, W. Chen. Tetramethylpyrazine attenuates PPAR-γ antagonist-deteriorated oxazolone-induced colitis in mice. Molecular Medicine Reports, 5 (2012); W. Liu, F. Lau, K. Liu, H.B. Wood, G. Zhou, Y. Chen, ..., P.T. Meinke. Benzimidazolones: A new class of selective peroxisome proliferator-activated receptor γ (PPARγ) modulators. Journal of Medicinal Chemistry, 54 (2011); S. Nazreen, M.S. Alam, H. Hamid, M.S. Yar, S. Shafi, A. Dhulap, ..., K.K. Pillai. Design, synthesis, in silico molecular docking and biological evaluation of novel oxadiazole based thiazolidine-2,4-diones bis-heterocycles as PPAR-γ agonists. European Journal of Medicinal Chemistry, 87 (2014); S. Shafi, et al.PPARgamma: Potential therapeutic target for ailments beyond diabetes and its natural agonism. Current Drug Targets (2019)",False,,,,,,,,,,,
P37231,PPARG,IMM,Immune system disorders,M6,direct source-supported association,APSB literature only,source evidence mapped to SOC,,,APSB literature only,↑ Inflammation; ↓ Urine excretion; ↓ urinary sodium excretion; ↑ water retention; ↑ plasma volume; ↑ body weight; ↑ heart weight; heart failure; ↓ inflammation; ↓ platelet aggregation; ↓ blood glucose,"S. Cuzzocrea, B. Pisano, L. Dugo, A. Ianaro, P. Maffia, N.S. Patel, ..., C. Thiemermann. Rosiglitazone, a ligand of the peroxisome proliferator-activated receptor-gamma, reduces acute inflammation. European Journal of Pharmacology, 483 (2004); X. He, Z. Zheng, X. Yang, Y. Lu, N. Chen, W. Chen. Tetramethylpyrazine attenuates PPAR-γ antagonist-deteriorated oxazolone-induced colitis in mice. Molecular Medicine Reports, 5 (2012); W. Liu, F. Lau, K. Liu, H.B. Wood, G. Zhou, Y. Chen, ..., P.T. Meinke. Benzimidazolones: A new class of selective peroxisome proliferator-activated receptor γ (PPARγ) modulators. Journal of Medicinal Chemistry, 54 (2011); S. Nazreen, M.S. Alam, H. Hamid, M.S. Yar, S. Shafi, A. Dhulap, ..., K.K. Pillai. Design, synthesis, in silico molecular docking and biological evaluation of novel oxadiazole based thiazolidine-2,4-diones bis-heterocycles as PPAR-γ agonists. European Journal of Medicinal Chemistry, 87 (2014); S. Shafi, et al.PPARgamma: Potential therapeutic target for ailments beyond diabetes and its natural agonism. Current Drug Targets (2019)",False,,,,,,,,,,,
P37231,PPARG,MET,Metabolism and nutrition disorders,M6,direct source-supported association,APSB literature only,source evidence mapped to SOC,,,APSB literature only,↓ Urine excretion; ↓ urinary sodium excretion; ↑ water retention; ↑ plasma volume; ↑ body weight; ↑ heart weight; heart failure; ↓ inflammation; ↓ platelet aggregation; ↓ blood glucose,"S. Cuzzocrea, B. Pisano, L. Dugo, A. Ianaro, P. Maffia, N.S. Patel, ..., C. Thiemermann. Rosiglitazone, a ligand of the peroxisome proliferator-activated receptor-gamma, reduces acute inflammation. European Journal of Pharmacology, 483 (2004); X. He, Z. Zheng, X. Yang, Y. Lu, N. Chen, W. Chen. Tetramethylpyrazine attenuates PPAR-γ antagonist-deteriorated oxazolone-induced colitis in mice. Molecular Medicine Reports, 5 (2012); W. Liu, F. Lau, K. Liu, H.B. Wood, G. Zhou, Y. Chen, ..., P.T. Meinke. Benzimidazolones: A new class of selective peroxisome proliferator-activated receptor γ (PPARγ) modulators. Journal of Medicinal Chemistry, 54 (2011); S. Nazreen, M.S. Alam, H. Hamid, M.S. Yar, S. Shafi, A. Dhulap, ..., K.K. Pillai. Design, synthesis, in silico molecular docking and biological evaluation of novel oxadiazole based thiazolidine-2,4-diones bis-heterocycles as PPAR-γ agonists. European Journal of Medicinal Chemistry, 87 (2014); S. Shafi, et al.PPARgamma: Potential therapeutic target for ailments beyond diabetes and its natural agonism. Current Drug Targets (2019)",False,,,,,,,,,,,
P37231,PPARG,REN,Renal and urinary disorders,M6,direct source-supported association,APSB literature only,source evidence mapped to SOC,,,APSB literature only,↑ Inflammation; ↓ Urine excretion; ↓ urinary sodium excretion; ↑ water retention; ↑ plasma volume; ↑ body weight; ↑ heart weight; heart failure; ↓ inflammation; ↓ platelet aggregation; ↓ blood glucose,"S. Cuzzocrea, B. Pisano, L. Dugo, A. Ianaro, P. Maffia, N.S. Patel, ..., C. Thiemermann. Rosiglitazone, a ligand of the peroxisome proliferator-activated receptor-gamma, reduces acute inflammation. European Journal of Pharmacology, 483 (2004); X. He, Z. Zheng, X. Yang, Y. Lu, N. Chen, W. Chen. Tetramethylpyrazine attenuates PPAR-γ antagonist-deteriorated oxazolone-induced colitis in mice. Molecular Medicine Reports, 5 (2012); W. Liu, F. Lau, K. Liu, H.B. Wood, G. Zhou, Y. Chen, ..., P.T. Meinke. Benzimidazolones: A new class of selective peroxisome proliferator-activated receptor γ (PPARγ) modulators. Journal of Medicinal Chemistry, 54 (2011); S. Nazreen, M.S. Alam, H. Hamid, M.S. Yar, S. Shafi, A. Dhulap, ..., K.K. Pillai. Design, synthesis, in silico molecular docking and biological evaluation of novel oxadiazole based thiazolidine-2,4-diones bis-heterocycles as PPAR-γ agonists. European Journal of Medicinal Chemistry, 87 (2014); S. Shafi, et al.PPARgamma: Potential therapeutic target for ailments beyond diabetes and its natural agonism. Current Drug Targets (2019)",False,,,,,,,,,,,
P37231,PPARG,VAS,Vascular disorders,M6,direct source-supported association,APSB literature only,source evidence mapped to SOC,,,APSB literature only,↑ Inflammation; ↓ Urine excretion; ↓ urinary sodium excretion; ↑ water retention; ↑ plasma volume; ↑ body weight; ↑ heart weight; heart failure; ↓ inflammation; ↓ platelet aggregation; ↓ blood glucose,"S. Cuzzocrea, B. Pisano, L. Dugo, A. Ianaro, P. Maffia, N.S. Patel, ..., C. Thiemermann. Rosiglitazone, a ligand of the peroxisome proliferator-activated receptor-gamma, reduces acute inflammation. European Journal of Pharmacology, 483 (2004); X. He, Z. Zheng, X. Yang, Y. Lu, N. Chen, W. Chen. Tetramethylpyrazine attenuates PPAR-γ antagonist-deteriorated oxazolone-induced colitis in mice. Molecular Medicine Reports, 5 (2012); W. Liu, F. Lau, K. Liu, H.B. Wood, G. Zhou, Y. Chen, ..., P.T. Meinke. Benzimidazolones: A new class of selective peroxisome proliferator-activated receptor γ (PPARγ) modulators. Journal of Medicinal Chemistry, 54 (2011); S. Nazreen, M.S. Alam, H. Hamid, M.S. Yar, S. Shafi, A. Dhulap, ..., K.K. Pillai. Design, synthesis, in silico molecular docking and biological evaluation of novel oxadiazole based thiazolidine-2,4-diones bis-heterocycles as PPAR-γ agonists. European Journal of Medicinal Chemistry, 87 (2014); S. Shafi, et al.PPARgamma: Potential therapeutic target for ailments beyond diabetes and its natural agonism. Current Drug Targets (2019)",False,,,,,,,,,,,
P37288,AVPR1A,CAR,Cardiac disorders,M2,direct source-supported association,APSB literature only,source evidence mapped to SOC,,,APSB literature only,Water retention in body; ↑ in BP; ↓ in HR; myocardial fibrosis; cardiac hypertrophy; hyponatraemia,"Barrett, L. K., Singer, M. & Clapp, L. H. Vasopressin: mechanisms of action on the vasculature in health and in septic shock. Crit. Care Med. 35, 33–40 (2007)",False,,,,,,,,,,,
P37288,AVPR1A,REN,Renal and urinary disorders,M2,direct source-supported association,APSB literature only,source evidence mapped to SOC,,,APSB literature only,Insufficient information; Water retention in body; ↑ in BP; ↓ in HR; myocardial fibrosis; cardiac hypertrophy; hyponatraemia,"Barrett, L. K., Singer, M. & Clapp, L. H. Vasopressin: mechanisms of action on the vasculature in health and in septic shock. Crit. Care Med. 35, 33–40 (2007)",False,,,,,,,,,,,
P37288,AVPR1A,VAS,Vascular disorders,M2,direct source-supported association,APSB literature only,source evidence mapped to SOC,,,APSB literature only,Insufficient information; Water retention in body; ↑ in BP; ↓ in HR; myocardial fibrosis; cardiac hypertrophy; hyponatraemia,"Barrett, L. K., Singer, M. & Clapp, L. H. Vasopressin: mechanisms of action on the vasculature in health and in septic shock. Crit. Care Med. 35, 33–40 (2007)",False,,,,,,,,,,,
P41143,OPRD1,CAR,Cardiac disorders,M1,direct source-supported association,APSB literature only,source evidence mapped to SOC,,,APSB literature only,↑ in BP; ↑ in cardiac contractility,"Barron, B. A. Cardiac opioids. Proc. Soc. Exp. Biol. Med. 224, 1–7 (2000)",False,,,,,,,,,,,
P41143,OPRD1,NER,Nervous system disorders,M1,direct source-supported association,APSB literature only,source evidence mapped to SOC,,,APSB literature only,Analgesia; dysphoria; psychomimetic effects; cardiovascular effects; convulsion; ↑ in BP; ↑ in cardiac contractility,"Barron, B. A. Cardiac opioids. Proc. Soc. Exp. Biol. Med. 224, 1–7 (2000)",False,,,,,,,,,,,
P41143,OPRD1,VAS,Vascular disorders,M1,direct source-supported association,APSB literature only,source evidence mapped to SOC,,,APSB literature only,Analgesia; dysphoria; psychomimetic effects; cardiovascular effects; convulsion; ↑ in BP; ↑ in cardiac contractility,"Barron, B. A. Cardiac opioids. Proc. Soc. Exp. Biol. Med. 224, 1–7 (2000)",False,,,,,,,,,,,
P41145,OPRK1,CAR,Cardiac disorders,M2,direct source-supported association,SPD significant only,source evidence mapped to SOC,,,SPD significant only,Heart rate decreased; Heart rate increased; Tachycardia,"Sutherland et al., Nature Communications 2023; literature association evaluated in SPD",False,,,,,,,,,,,
P41145,OPRK1,GAS,Gastrointestinal disorders,M2,direct source-supported association,APSB literature + SPD,source evidence mapped to SOC,,,APSB literature + SPD,"Insufficient information; ↓ in GI motility; ↑ in urinary output; sedation and dysphoria; confusion; dizziness; ↓ in locomotion; tachycardia; Constipation, Gastrointestinal disorder, Gastrointestinal hypomotility; Constipation, Gastrointestinal disorder, Intestinal transit time decreased","Walsh, S. L. et al. Enadoline, a selective κ opioid agonist: comparison with butorphanol and hydromorphone in humans. Psychopharmacology (Berl.) 157, 151–162 (2001); Sutherland et al., Nature Communications 2023; literature association evaluated in SPD",False,,,,,,,,,,,
P41145,OPRK1,MET,Metabolism and nutrition disorders,M2,direct source-supported association,SPD significant only,source evidence mapped to SOC,,,SPD significant only,"Body temperature decreased; Decreased appetite, Hypophagia; Hyperphagia, Increased appetite","Sutherland et al., Nature Communications 2023; literature association evaluated in SPD",False,,,,,,,,,,,
P41145,OPRK1,NER,Nervous system disorders,M2,direct source-supported association,APSB literature + SPD,source evidence mapped to SOC,,,APSB literature + SPD,"Insufficient information; ↓ in GI motility; ↑ in urinary output; sedation and dysphoria; confusion; dizziness; ↓ in locomotion; tachycardia; Decreased activity, Motor dysfunction; Dizziness; Sedation, Somnolence; Seizure","Walsh, S. L. et al. Enadoline, a selective κ opioid agonist: comparison with butorphanol and hydromorphone in humans. Psychopharmacology (Berl.) 157, 151–162 (2001); Sutherland et al., Nature Communications 2023; literature association evaluated in SPD",False,,,,,,,,,,,
P41145,OPRK1,PSY,Psychiatric disorders,M2,direct source-supported association,SPD significant only,source evidence mapped to SOC,,,SPD significant only,"Anxiety; Dependence, Drug abuse; Hallucination","Sutherland et al., Nature Communications 2023; literature association evaluated in SPD",False,,,,,,,,,,,
P41145,OPRK1,REN,Renal and urinary disorders,M2,direct source-supported association,APSB literature only,source evidence mapped to SOC,,,APSB literature only,↓ in GI motility; ↑ in urinary output; sedation and dysphoria; confusion; dizziness; ↓ in locomotion; tachycardia,"Walsh, S. L. et al. Enadoline, a selective κ opioid agonist: comparison with butorphanol and hydromorphone in humans. Psychopharmacology (Berl.) 157, 151–162 (2001)",False,,,,,,,,,,,
P41145,OPRK1,VAS,Vascular disorders,M2,direct source-supported association,APSB literature only,source evidence mapped to SOC,,,APSB literature only,Insufficient information; ↓ in GI motility; ↑ in urinary output; sedation and dysphoria; confusion; dizziness; ↓ in locomotion; tachycardia,"Walsh, S. L. et al. Enadoline, a selective κ opioid agonist: comparison with butorphanol and hydromorphone in humans. Psychopharmacology (Berl.) 157, 151–162 (2001)",False,,,,,,,,,,,
P41146,OPRL1,REN,Renal and urinary disorders,M2,network visualization secondary,visualization-only functional context,random walk + within-target specificity + community SOC enrichment,1.0,0.9551833832335328,,,,True,0.9375,0.9880239520958084,1.0,SOC minimum-15 + target top-2,7.0,33.0,0.1959459459459459,0.9375,OPRK1,OPRK1,1.0
P41146,OPRL1,MET,Metabolism and nutrition disorders,M2,network visualization secondary,visualization-only functional context,random walk + within-target specificity + community SOC enrichment,2.0,0.9105113636363636,,,,True,1.0,0.9943181818181818,1.0,SOC minimum-15 + target top-2,1.0,33.0,0.0337837837837837,0.5625,OPRK1,OPRK1,1.0
P41146,OPRL1,GAS,Gastrointestinal disorders,M2,network visualization secondary,visualization-only functional context,random walk + within-target specificity + community SOC enrichment,5.0,0.835885067114094,,,,True,0.8125,0.9328859060402684,3.0,SOC minimum-15,3.0,33.0,0.0878378378378378,0.71875,OPRK1,OPRM1,1.0
P41146,OPRL1,CAR,Cardiac disorders,M2,network visualization secondary,visualization-only functional context,random walk + within-target specificity + community SOC enrichment,7.0,0.7294642857142857,,,,True,0.625,0.8163265306122449,10.0,SOC minimum-15,4.0,33.0,0.1148648648648648,0.8125,OPRK1,OPRK1,1.0
P41587,VIPR2,REP,Reproductive system and breast disorders,M8,network visualization secondary,visualization-only functional context,random walk + within-target specificity + community SOC enrichment,1.0,0.9484375,,,,True,0.96875,0.9285714285714286,4.0,target top-2,4.0,27.0,0.1370967741935483,0.9375,TACR2,TACR1,1.0
P41587,VIPR2,IMM,Immune system disorders,M8,network visualization secondary,visualization-only functional context,random walk + within-target specificity + community SOC enrichment,2.0,0.8921875,,,,True,0.96875,0.9285714285714286,7.0,target top-2,2.0,27.0,0.0725806451612903,0.65625,VIPR1,VIPR1,1.0
P41587,VIPR2,GAS,Gastrointestinal disorders,M8,network visualization secondary,visualization-only functional context,random walk + within-target specificity + community SOC enrichment,3.0,0.8302432885906039,,,,True,0.875,0.7114093959731543,4.0,SOC minimum-15,4.0,27.0,0.1370967741935483,0.9375,VIPR1,VIPR1,1.0
P41587,VIPR2,PSY,Psychiatric disorders,M8,network visualization secondary,visualization-only functional context,random walk + within-target specificity + community SOC enrichment,4.0,0.759375,,,,True,0.8125,0.6785714285714286,16.0,SOC minimum-15,3.0,27.0,0.1048387096774193,0.78125,TACR2,TACR1,1.0
P41594,GRM5,NER,Nervous system disorders,M9,network visualization secondary,visualization-only functional context,random walk + within-target specificity + community SOC enrichment,1.0,0.969140625,,,,True,0.9375,0.9921875,3.0,target top-2,7.0,39.0,0.1686046511627907,1.0,CHRM5,CHRM1,1.0
P41594,GRM5,MUS,Musculoskeletal and connective tissue disorders,M9,network visualization secondary,visualization-only functional context,random walk + within-target specificity + community SOC enrichment,2.0,0.927317415730337,,,,True,0.875,0.9887640449438202,2.0,SOC minimum-15 + target top-2,6.0,39.0,0.1453488372093023,0.9375,CHRM3,CHRM3,1.0
P41594,GRM5,EYE,Eye disorders,M9,network visualization secondary,visualization-only functional context,random walk + within-target specificity + community SOC enrichment,3.0,0.8980225988700564,,,,True,1.0,0.9943502824858758,1.0,SOC minimum-15,2.0,39.0,0.0523255813953488,0.5,CHRM3,CHRM1,1.0
P41594,GRM5,CAR,Cardiac disorders,M9,network visualization secondary,visualization-only functional context,random walk + within-target specificity + community SOC enrichment,9.0,0.7145833333333333,,,,True,0.5,0.9523809523809524,12.0,SOC minimum-15,4.0,39.0,0.0988372093023255,0.78125,CHRM1,CHRM1,1.0
P41595,HTR2B,CAR,Cardiac disorders,M7,direct source-supported association,APSB literature + SPD,source evidence mapped to SOC,,,APSB literature + SPD,"Possible cardiac effects, especially during embryonic development; Potential cardiac valvulopathy; pulmonary hypertension; Cardiac valve disease","Roth, B. L. Drugs and valvular heart disease. N. Engl. J. Med. 356, 6–9 (2007); Sutherland et al., Nature Communications 2023; literature association evaluated in SPD",False,,,,,,,,,,,
P41595,HTR2B,GAS,Gastrointestinal disorders,M7,direct source-supported association,SPD significant only,source evidence mapped to SOC,,,SPD significant only,"Constipation, Gastrointestinal disorder, Intestinal transit time decreased","Sutherland et al., Nature Communications 2023; literature association evaluated in SPD",False,,,,,,,,,,,
P41595,HTR2B,RES,"Respiratory, thoracic and mediastinal disorders",M7,direct source-supported association,APSB literature only,source evidence mapped to SOC,,,APSB literature only,"Possible cardiac effects, especially during embryonic development; Potential cardiac valvulopathy; pulmonary hypertension","Roth, B. L. Drugs and valvular heart disease. N. Engl. J. Med. 356, 6–9 (2007)",False,,,,,,,,,,,
P41595,HTR2B,VAS,Vascular disorders,M7,direct source-supported association,APSB literature only,source evidence mapped to SOC,,,APSB literature only,"Possible cardiac effects, especially during embryonic development; Potential cardiac valvulopathy; pulmonary hypertension","Roth, B. L. Drugs and valvular heart disease. N. Engl. J. Med. 356, 6–9 (2007)",False,,,,,,,,,,,
P41597,CCR2,IMM,Immune system disorders,M6,network visualization secondary,visualization-only functional context,random walk + within-target specificity + community SOC enrichment,1.0,0.9010416666666669,,,,True,0.9375,0.7976190476190477,5.0,target top-2,17.0,93.0,0.1778350515463917,1.0,PTAFR,TNF,1.0
P41597,CCR2,BLO,Blood and lymphatic system disorders,M6,network visualization secondary,visualization-only functional context,random walk + within-target specificity + community SOC enrichment,2.0,0.8927777777777777,,,,True,1.0,0.8722222222222222,3.0,target top-2,8.0,93.0,0.0850515463917525,0.6875,PTAFR,PTAFR,1.0
P41968,MC3R,SKI,Skin and subcutaneous tissue disorders,M4,network visualization secondary,visualization-only functional context,random walk + within-target specificity + community SOC enrichment,1.0,0.7152072192513369,,,,True,1.0,0.6684491978609626,15.0,SOC minimum-15 + target top-2,0.0,33.0,0.0067567567567567,0.15625,SLC6A3,SLC6A3,1.0
P41968,MC3R,PSY,Psychiatric disorders,M4,network visualization secondary,visualization-only functional context,random walk + within-target specificity + community SOC enrichment,2.0,0.634375,,,,True,0.9375,0.3392857142857143,30.0,target top-2,1.0,33.0,0.0337837837837837,0.46875,SLC6A3,SLC6A3,1.0
P42574,CASP3,HEP,Hepatobiliary disorders,M4,network visualization secondary,visualization-only functional context,random walk + within-target specificity + community SOC enrichment,1.0,0.919418449197861,,,,True,1.0,0.93048128342246,4.0,target top-2,2.0,33.0,0.0608108108108108,0.71875,AR,AR,1.0
P42574,CASP3,GAS,Gastrointestinal disorders,M4,network visualization secondary,visualization-only functional context,random walk + within-target specificity + community SOC enrichment,2.0,0.8123322147651006,,,,True,0.75,0.785234899328859,7.0,SOC minimum-15 + target top-2,9.0,33.0,0.25,1.0,GSK3A,CDK2,1.0
P42574,CASP3,MET,Metabolism and nutrition disorders,M4,network visualization secondary,visualization-only functional context,random walk + within-target specificity + community SOC enrichment,3.0,0.7877840909090909,,,,True,0.875,0.8579545454545454,9.0,SOC minimum-15,1.0,33.0,0.0337837837837837,0.46875,AR,PTGS2,1.0
P43088,PTGFR,REN,Renal and urinary disorders,M2,network visualization secondary,visualization-only functional context,random walk + within-target specificity + community SOC enrichment,1.0,0.6992234281437126,,,,True,0.84375,0.3772455089820359,22.0,target top-2,7.0,33.0,0.1959459459459459,0.9375,PTGS1,AGTR1,1.0
P43088,PTGFR,BLO,Blood and lymphatic system disorders,M2,network visualization secondary,visualization-only functional context,random walk + within-target specificity + community SOC enrichment,2.0,0.6763194444444445,,,,True,0.9375,0.4055555555555555,30.0,target top-2,1.0,33.0,0.0337837837837837,0.5625,PTGS1,PTGS1,1.0
P43115,PTGER3,BLO,Blood and lymphatic system disorders,M2,network visualization secondary,visualization-only functional context,random walk + within-target specificity + community SOC enrichment,1.0,0.7977777777777778,,,,True,1.0,0.6722222222222223,15.0,target top-2,1.0,33.0,0.0337837837837837,0.5625,PTGS1,PTGS1,1.0
P43115,PTGER3,REN,Renal and urinary disorders,M2,network visualization secondary,visualization-only functional context,random walk + within-target specificity + community SOC enrichment,2.0,0.7489146706586826,,,,True,0.875,0.4790419161676646,15.0,target top-2,7.0,33.0,0.1959459459459459,0.9375,PTGS1,AGTR2,1.0
P43116,PTGER2,GAS,Gastrointestinal disorders,M6,direct source-supported association,APSB literature only,source evidence mapped to SOC,,,APSB literature only,↑/↓Inflammation; ↓ uterine motility,"J. Jiang, Y. Quan, T. Ganesh, W.A. Pouliot, F.E. Dudek, R. Dingledine. Inhibtion of the prostaglandin receptor EP2 following status epilepticus reduces delayed mortality and brain inflammation. Proceedings of the National Academy of Sciences of the United States of America, 110 (2013); K. Kabashima, M. Nagamachi, T. Honda, C. Nishigori, Y. Miyachi, Y. Tokura, S. Narumiya. Prostaglandin E2 is required for ultraviolet B-induced skin inflammation via EP2 and EP4 receptors. Laboratory Investigation, 87 (2007); R. Torres, M. Serra-Pages, J. Plaza, A. Herrerias, C. Costa-Farré, A. Marco, ..., F. de Mora. Activation of the Prostaglandin E2 receptor EP2 prevents house dust mite-induced airway hyperresponsiveness and inflammation by restraining mast cells' activity. Clinical and Experimental Allergy, 45 (2015)",False,,,,,,,,,,,
P43116,PTGER2,IMM,Immune system disorders,M6,direct source-supported association,APSB literature only,source evidence mapped to SOC,,,APSB literature only,↑/↓Inflammation; ↓ uterine motility; ↓/↑Inflammation,"J. Jiang, Y. Quan, T. Ganesh, W.A. Pouliot, F.E. Dudek, R. Dingledine. Inhibtion of the prostaglandin receptor EP2 following status epilepticus reduces delayed mortality and brain inflammation. Proceedings of the National Academy of Sciences of the United States of America, 110 (2013); K. Kabashima, M. Nagamachi, T. Honda, C. Nishigori, Y. Miyachi, Y. Tokura, S. Narumiya. Prostaglandin E2 is required for ultraviolet B-induced skin inflammation via EP2 and EP4 receptors. Laboratory Investigation, 87 (2007); R. Torres, M. Serra-Pages, J. Plaza, A. Herrerias, C. Costa-Farré, A. Marco, ..., F. de Mora. Activation of the Prostaglandin E2 receptor EP2 prevents house dust mite-induced airway hyperresponsiveness and inflammation by restraining mast cells' activity. Clinical and Experimental Allergy, 45 (2015)",False,,,,,,,,,,,
P43403,ZAP70,IMM,Immune system disorders,M6,network visualization secondary,visualization-only functional context,random walk + within-target specificity + community SOC enrichment,1.0,0.8645833333333333,,,,True,1.0,0.6130952380952381,10.0,target top-2,17.0,93.0,0.1778350515463917,1.0,LCK,LCK,1.0
P43403,ZAP70,HEP,Hepatobiliary disorders,M6,network visualization secondary,visualization-only functional context,random walk + within-target specificity + community SOC enrichment,2.0,0.6421624331550803,,,,True,0.9375,0.5401069518716578,35.0,target top-2,0.0,93.0,0.0025773195876288,0.15625,AR,,2.0
P43681,CHRNA4,CAR,Cardiac disorders,M9,direct source-supported association,APSB literature only,source evidence mapped to SOC,,,APSB literature only,Muscle relaxation; constipation; apnoea; ↓ in BP; ↓ in HR; Paralysis; analgesia; ↑ in HR; palpitations; nausea; abuse potential,"Kalamida, D. et al. Muscle and neuronal nicotinic acetylcholine receptors. FEBS J. 274, 3799–3845 (2007)",False,,,,,,,,,,,
P43681,CHRNA4,GAS,Gastrointestinal disorders,M9,direct source-supported association,APSB literature only,source evidence mapped to SOC,,,APSB literature only,Muscle relaxation; constipation; apnoea; ↓ in BP; ↓ in HR; Paralysis; analgesia; ↑ in HR; palpitations; nausea; abuse potential,"Kalamida, D. et al. Muscle and neuronal nicotinic acetylcholine receptors. FEBS J. 274, 3799–3845 (2007)",False,,,,,,,,,,,
P43681,CHRNA4,MUS,Musculoskeletal and connective tissue disorders,M9,direct source-supported association,APSB literature only,source evidence mapped to SOC,,,APSB literature only,Muscle relaxation; constipation; apnoea; ↓ in BP; ↓ in HR,"Kalamida, D. et al. Muscle and neuronal nicotinic acetylcholine receptors. FEBS J. 274, 3799–3845 (2007)",False,,,,,,,,,,,
P43681,CHRNA4,NER,Nervous system disorders,M9,direct source-supported association,APSB literature only,source evidence mapped to SOC,,,APSB literature only,Muscle relaxation; constipation; apnoea; ↓ in BP; ↓ in HR; Paralysis; analgesia; ↑ in HR; palpitations; nausea; abuse potential,"Kalamida, D. et al. Muscle and neuronal nicotinic acetylcholine receptors. FEBS J. 274, 3799–3845 (2007)",False,,,,,,,,,,,
P43681,CHRNA4,RES,"Respiratory, thoracic and mediastinal disorders",M9,direct source-supported association,APSB literature only,source evidence mapped to SOC,,,APSB literature only,Muscle relaxation; constipation; apnoea; ↓ in BP; ↓ in HR; Paralysis; analgesia; ↑ in HR; palpitations; nausea; abuse potential,"Kalamida, D. et al. Muscle and neuronal nicotinic acetylcholine receptors. FEBS J. 274, 3799–3845 (2007)",False,,,,,,,,,,,
P43681,CHRNA4,VAS,Vascular disorders,M9,direct source-supported association,APSB literature only,source evidence mapped to SOC,,,APSB literature only,Muscle relaxation; constipation; apnoea; ↓ in BP; ↓ in HR; Paralysis; analgesia; ↑ in HR; palpitations; nausea; abuse potential,"Kalamida, D. et al. Muscle and neuronal nicotinic acetylcholine receptors. FEBS J. 274, 3799–3845 (2007)",False,,,,,,,,,,,
P46098,HTR3A,CAR,Cardiac disorders,M5,direct source-supported association,APSB literature only,source evidence mapped to SOC,,,APSB literature only,Emesis; gastric emptying; hyperglycaemia; possible ↑ in HR,"Goodin, S. & Cunningham, R. 5-HT3-receptor antagonists for the treatment of nausea and vomiting: a reappraisal of their side-effect profile. Oncologist 7, 424–436 (2002)",False,,,,,,,,,,,
P46098,HTR3A,END,Endocrine disorder,M5,direct source-supported association,APSB literature only,source evidence mapped to SOC,,,APSB literature only,Constipation; dizziness; Emesis; gastric emptying; hyperglycaemia; possible ↑ in HR,"Goodin, S. & Cunningham, R. 5-HT3-receptor antagonists for the treatment of nausea and vomiting: a reappraisal of their side-effect profile. Oncologist 7, 424–436 (2002)",False,,,,,,,,,,,
P46098,HTR3A,GAS,Gastrointestinal disorders,M5,direct source-supported association,APSB literature + SPD,source evidence mapped to SOC,,,APSB literature + SPD,"Constipation; dizziness; Emesis; gastric emptying; hyperglycaemia; possible ↑ in HR; Constipation; Constipation, Gastrointestinal disorder, Intestinal transit time decreased","Goodin, S. & Cunningham, R. 5-HT3-receptor antagonists for the treatment of nausea and vomiting: a reappraisal of their side-effect profile. Oncologist 7, 424–436 (2002); Sutherland et al., Nature Communications 2023; literature association evaluated in SPD",False,,,,,,,,,,,
P46098,HTR3A,NER,Nervous system disorders,M5,direct source-supported association,APSB literature only,source evidence mapped to SOC,,,APSB literature only,Constipation; dizziness,"Goodin, S. & Cunningham, R. 5-HT3-receptor antagonists for the treatment of nausea and vomiting: a reappraisal of their side-effect profile. Oncologist 7, 424–436 (2002)",False,,,,,,,,,,,
P46663,BDKRB1,REN,Renal and urinary disorders,M6,network visualization secondary,visualization-only functional context,random walk + within-target specificity + community SOC enrichment,1.0,0.9207335329341316,,,,True,1.0,0.9520958083832336,2.0,SOC minimum-15 + target top-2,8.0,93.0,0.0850515463917525,0.6875,BDKRB2,BDKRB2,1.0
P46663,BDKRB1,IMM,Immune system disorders,M6,network visualization secondary,visualization-only functional context,random walk + within-target specificity + community SOC enrichment,2.0,0.8822916666666667,,,,True,0.8125,0.9047619047619048,9.0,target top-2,17.0,93.0,0.1778350515463917,1.0,BDKRB2,BDKRB2,1.0
P46663,BDKRB1,RES,"Respiratory, thoracic and mediastinal disorders",M6,network visualization secondary,visualization-only functional context,random walk + within-target specificity + community SOC enrichment,4.0,0.8467252994011977,,,,True,0.9375,0.9281437125748504,5.0,SOC minimum-15,4.0,93.0,0.0438144329896907,0.5,BDKRB2,BDKRB2,1.0
P46663,BDKRB1,VAS,Vascular disorders,M6,network visualization secondary,visualization-only functional context,random walk + within-target specificity + community SOC enrichment,5.0,0.8209982014388488,,,,True,0.75,0.8992805755395683,12.0,SOC minimum-15,12.0,93.0,0.1262886597938144,0.84375,BDKRB2,BDKRB2,1.0
P47898,HTR5A,MUS,Musculoskeletal and connective tissue disorders,M9,network visualization secondary,visualization-only functional context,random walk + within-target specificity + community SOC enrichment,1.0,0.936376404494382,,,,True,1.0,0.8539325842696629,1.0,SOC minimum-15 + target top-2,6.0,39.0,0.1453488372093023,0.9375,CHRM4,HTR2A,1.0
P47898,HTR5A,NER,Nervous system disorders,M9,network visualization secondary,visualization-only functional context,random walk + within-target specificity + community SOC enrichment,2.0,0.8726562499999999,,,,True,0.875,0.796875,10.0,target top-2,7.0,39.0,0.1686046511627907,1.0,CHRM4,HTR1B,1.0
P47898,HTR5A,EYE,Eye disorders,M9,network visualization secondary,visualization-only functional context,random walk + within-target specificity + community SOC enrichment,3.0,0.8105755649717513,,,,True,0.9375,0.8248587570621468,5.0,SOC minimum-15,2.0,39.0,0.0523255813953488,0.5,CHRM4,HTR1A,1.0
P47901,AVPR1B,REN,Renal and urinary disorders,M2,network visualization secondary,visualization-only functional context,random walk + within-target specificity + community SOC enrichment,1.0,0.8366017964071857,,,,True,1.0,0.5688622754491018,6.0,SOC minimum-15 + target top-2,7.0,33.0,0.1959459459459459,0.9375,AVPR1A,AVPR1A,1.0
P47901,AVPR1B,CAR,Cardiac disorders,M2,network visualization secondary,visualization-only functional context,random walk + within-target specificity + community SOC enrichment,2.0,0.6757440476190476,,,,True,0.8125,0.4217687074829932,22.0,target top-2,4.0,33.0,0.1148648648648648,0.8125,AVPR1A,AVPR1A,1.0
P48039,MTNR1A,PSY,Psychiatric disorders,M3,network visualization secondary,visualization-only functional context,random walk + within-target specificity + community SOC enrichment,1.0,0.91875,,,,True,1.0,0.8035714285714286,1.0,SOC minimum-15 + target top-2,6.0,26.0,0.2083333333333333,0.9375,MTNR1B,MTNR1B,1.0
P48039,MTNR1A,NER,Nervous system disorders,M3,network visualization secondary,visualization-only functional context,random walk + within-target specificity + community SOC enrichment,2.0,0.8023437499999999,,,,True,0.9375,0.515625,20.0,target top-2,11.0,26.0,0.375,1.0,MTNR1B,MTNR1B,1.0
P48736,PIK3CG,VAS,Vascular disorders,M1,network visualization secondary,visualization-only functional context,random walk + within-target specificity + community SOC enrichment,1.0,0.8506744604316546,,,,True,0.875,0.7697841726618705,9.0,SOC minimum-15 + target top-2,6.0,24.0,0.2232142857142857,0.9375,PDE3A,CHRM2,1.0
P48736,PIK3CG,EYE,Eye disorders,M1,network visualization secondary,visualization-only functional context,random walk + within-target specificity + community SOC enrichment,2.0,0.8490289548022598,,,,True,0.9375,0.7740112994350282,3.0,SOC minimum-15 + target top-2,2.0,24.0,0.0803571428571428,0.78125,CHRM1,CHRM2,1.0
P48736,PIK3CG,CAR,Cardiac disorders,M1,network visualization secondary,visualization-only functional context,random walk + within-target specificity + community SOC enrichment,4.0,0.8299107142857143,,,,True,0.8125,0.7551020408163265,6.0,SOC minimum-15,7.0,24.0,0.2589285714285714,1.0,PDE3A,CHRM2,1.0
P49146,NPY2R,NER,Nervous system disorders,M1,network visualization secondary,visualization-only functional context,random walk + within-target specificity + community SOC enrichment,1.0,0.8402343750000001,,,,True,0.9375,0.6953125,13.0,target top-2,5.0,24.0,0.1875,0.875,NPY1R,OPRM1,1.0
P49146,NPY2R,IMM,Immune system disorders,M1,network visualization secondary,visualization-only functional context,random walk + within-target specificity + community SOC enrichment,2.0,0.7604166666666667,,,,True,1.0,0.7083333333333334,23.0,target top-2,0.0,24.0,0.0089285714285714,0.3125,NPY1R,NPY1R,1.0
P49146,NPY2R,SKI,Skin and subcutaneous tissue disorders,M1,network visualization secondary,visualization-only functional context,random walk + within-target specificity + community SOC enrichment,5.0,0.6920788770053475,,,,True,0.875,0.6737967914438503,16.0,SOC minimum-15,0.0,24.0,0.0089285714285714,0.3125,DRD1,,2.0
P49238,CX3CR1,END,Endocrine disorder,M5,network visualization secondary,visualization-only functional context,random walk + within-target specificity + community SOC enrichment,1.0,0.7192361111111112,,,,True,0.8125,0.4388888888888889,12.0,SOC minimum-15 + target top-2,7.0,46.0,0.145,1.0,NR3C1,NR3C1,1.0
P49238,CX3CR1,MUS,Musculoskeletal and connective tissue disorders,M5,network visualization secondary,visualization-only functional context,random walk + within-target specificity + community SOC enrichment,2.0,0.7069522471910112,,,,True,1.0,0.4662921348314606,15.0,SOC minimum-15 + target top-2,2.0,46.0,0.045,0.46875,NR3C1,NR3C1,1.0
P49286,MTNR1B,NER,Nervous system disorders,M3,direct source-supported association,APSB literature only,source evidence mapped to SOC,,,APSB literature only,↑ Sleep; nightmares; ↓ pain; ↓ anxiety; ↑ memory; ↓ BP; abdominal pain; ↓ Sleep; ↓ memory,"R. Arreola-Espino, H. Urquiza-Marín, M. Ambriz-Tututi, C.I. Araiza-Saldaña, N.L. Caram-Salas, H.I. Rocha-González, ..., V. Granados-Soto. Melatonin reduces formalin-induced nociception and tactile allodynia in diabetic rats. European Journal of Pharmacology, 577 (2007); B. Guardiola-Lemaître. Toxicology of melatonin. Journal of Biological Rhythms, 12 (1997); J. Larson, R.E. Jessen, T. Uz, A.D. Arslan, M. Kurtuncu, M. Imbesi, H. Manev. Impaired hippocampal long-term potentiation in melatonin MT2 receptor-deficient mice. Neuroscience Letters, 393 (2006); R. Ochoa-Sanchez, S. Comai, B. Lacoste, F.R. Bambico, S. Dominguez-Lopez, G. Spadoni, ..., G. Gobbi. Promotion of non-rapid eye movement sleep and activation of reticular thalamic neurons by a novel MT2 melatonin receptor ligand. The Journal of Neuroscience, 31 (2011); E.-J. Shin, Y.H. Chung, H.-L.T. Le, J.H. Jeong, D.-K. Dang, Y. Nam, ..., H.-C. Kim. Melatonin attenuates memory impairment induced by klotho gene deficiency via interactive signaling between MT2 receptor, ERK, and Nrf2-related antioxidant potential. The International Journal of Neuropsychopharmacology, 18 (2015)",False,,,,,,,,,,,
P49286,MTNR1B,PSY,Psychiatric disorders,M3,direct source-supported association,APSB literature only,source evidence mapped to SOC,,,APSB literature only,↑ Sleep; nightmares; ↓ pain; ↓ anxiety; ↑ memory; ↓ BP; abdominal pain,"R. Arreola-Espino, H. Urquiza-Marín, M. Ambriz-Tututi, C.I. Araiza-Saldaña, N.L. Caram-Salas, H.I. Rocha-González, ..., V. Granados-Soto. Melatonin reduces formalin-induced nociception and tactile allodynia in diabetic rats. European Journal of Pharmacology, 577 (2007); B. Guardiola-Lemaître. Toxicology of melatonin. Journal of Biological Rhythms, 12 (1997); J. Larson, R.E. Jessen, T. Uz, A.D. Arslan, M. Kurtuncu, M. Imbesi, H. Manev. Impaired hippocampal long-term potentiation in melatonin MT2 receptor-deficient mice. Neuroscience Letters, 393 (2006); R. Ochoa-Sanchez, S. Comai, B. Lacoste, F.R. Bambico, S. Dominguez-Lopez, G. Spadoni, ..., G. Gobbi. Promotion of non-rapid eye movement sleep and activation of reticular thalamic neurons by a novel MT2 melatonin receptor ligand. The Journal of Neuroscience, 31 (2011); E.-J. Shin, Y.H. Chung, H.-L.T. Le, J.H. Jeong, D.-K. Dang, Y. Nam, ..., H.-C. Kim. Melatonin attenuates memory impairment induced by klotho gene deficiency via interactive signaling between MT2 receptor, ERK, and Nrf2-related antioxidant potential. The International Journal of Neuropsychopharmacology, 18 (2015)",False,,,,,,,,,,,
P49286,MTNR1B,VAS,Vascular disorders,M3,direct source-supported association,APSB literature only,source evidence mapped to SOC,,,APSB literature only,↑ Sleep; nightmares; ↓ pain; ↓ anxiety; ↑ memory; ↓ BP; abdominal pain,"R. Arreola-Espino, H. Urquiza-Marín, M. Ambriz-Tututi, C.I. Araiza-Saldaña, N.L. Caram-Salas, H.I. Rocha-González, ..., V. Granados-Soto. Melatonin reduces formalin-induced nociception and tactile allodynia in diabetic rats. European Journal of Pharmacology, 577 (2007); B. Guardiola-Lemaître. Toxicology of melatonin. Journal of Biological Rhythms, 12 (1997); J. Larson, R.E. Jessen, T. Uz, A.D. Arslan, M. Kurtuncu, M. Imbesi, H. Manev. Impaired hippocampal long-term potentiation in melatonin MT2 receptor-deficient mice. Neuroscience Letters, 393 (2006); R. Ochoa-Sanchez, S. Comai, B. Lacoste, F.R. Bambico, S. Dominguez-Lopez, G. Spadoni, ..., G. Gobbi. Promotion of non-rapid eye movement sleep and activation of reticular thalamic neurons by a novel MT2 melatonin receptor ligand. The Journal of Neuroscience, 31 (2011); E.-J. Shin, Y.H. Chung, H.-L.T. Le, J.H. Jeong, D.-K. Dang, Y. Nam, ..., H.-C. Kim. Melatonin attenuates memory impairment induced by klotho gene deficiency via interactive signaling between MT2 receptor, ERK, and Nrf2-related antioxidant potential. The International Journal of Neuropsychopharmacology, 18 (2015)",False,,,,,,,,,,,
P49840,GSK3A,GAS,Gastrointestinal disorders,M4,direct source-supported association,APSB literature only,source evidence mapped to SOC,,,APSB literature only,"Neuronal, motor toxicity, malignancy, ↓ sperm motility","M. Freitas, S. J, C. Brothag, B. Regadas-Correia, M. Fardilha, S. Vijayaraghavan. Isoform-specific GSK3A activity is negatively correlated with human sperm motility. Molecular Human Reproduction, 25 (4) (2019)",False,,,,,,,,,,,
P49840,GSK3A,NER,Nervous system disorders,M4,direct source-supported association,APSB literature only,source evidence mapped to SOC,,,APSB literature only,"Neuronal, motor toxicity, malignancy, ↓ sperm motility; Not assessed","M. Freitas, S. J, C. Brothag, B. Regadas-Correia, M. Fardilha, S. Vijayaraghavan. Isoform-specific GSK3A activity is negatively correlated with human sperm motility. Molecular Human Reproduction, 25 (4) (2019)",False,,,,,,,,,,,
P49841,GSK3B,NER,Nervous system disorders,M3,direct source-supported association,APSB literature only,source evidence mapped to SOC,,,APSB literature only,"Neuronal, motor toxicity, malignancy; Not assessed","H. Robertson, J.D. Hayes, C. Sutherland. A partnership with the proteasome; the destructive nature of GSK3. Biochemical Pharmacology, 147 (2018); J. McCubrey, S. L, F. Bertrand, N. Davis. GSK-3 as potential target for therapeutic intervention in cancer. Oncotarget, 5 (10) (2014)",False,,,,,,,,,,,
P50052,AGTR2,NER,Nervous system disorders,M2,direct source-supported association,APSB literature only,source evidence mapped to SOC,,,APSB literature only,"↓ Pain
Developmental toxicity: death; oligoamnios; renal failure; ↓ BP; pulmonary hypoplasia; respiratory distress syndrome; persistent patent ductus arteriosus; hypocalvaria; limb defects; intrauterine growth retardation; cerebral complications","Q. Ali, T. Hussain. AT2 receptor non-peptide agonist C21 promotes natriuresis in obese Zucker rats. Hypertension Research, 35 (2012); M. Bullo, S. Tschumi, B.S. Bucher, M.G. Bianchetti, G.D. Simonetti. Pregnancy outcome following exposure to angiotensin-converting enzyme inhibitors or angiotensin receptor antagonists: A systematic review. Hypertension, 60 (2012); A. Quan. Fetopathy associated with exposure to angiotensin converting enzyme inhibitors and angiotensin receptor antagonists. Early Human Development, 82 (2006); M.T. Smith, B.D. Wyse, S.R. Edwards. Small molecule angiotensin II type 2 receptor (AT2R) antagonists as novel analgesics for neuropathic pain: Comparative pharmacokinectics, radioligand binding, and efficacy in rats. Pain Medicine, 14 (2013)",False,,,,,,,,,,,
P50052,AGTR2,REN,Renal and urinary disorders,M2,direct source-supported association,APSB literature only,source evidence mapped to SOC,,,APSB literature only,"↑ Urine excretion; ↑ urinary sodium excretion; ↓ Pain
Developmental toxicity: death; oligoamnios; renal failure; ↓ BP; pulmonary hypoplasia; respiratory distress syndrome; persistent patent ductus arteriosus; hypocalvaria; limb defects; intrauterine growth retardation; cerebral complications","Q. Ali, T. Hussain. AT2 receptor non-peptide agonist C21 promotes natriuresis in obese Zucker rats. Hypertension Research, 35 (2012); M. Bullo, S. Tschumi, B.S. Bucher, M.G. Bianchetti, G.D. Simonetti. Pregnancy outcome following exposure to angiotensin-converting enzyme inhibitors or angiotensin receptor antagonists: A systematic review. Hypertension, 60 (2012); A. Quan. Fetopathy associated with exposure to angiotensin converting enzyme inhibitors and angiotensin receptor antagonists. Early Human Development, 82 (2006); M.T. Smith, B.D. Wyse, S.R. Edwards. Small molecule angiotensin II type 2 receptor (AT2R) antagonists as novel analgesics for neuropathic pain: Comparative pharmacokinectics, radioligand binding, and efficacy in rats. Pain Medicine, 14 (2013)",False,,,,,,,,,,,
P50052,AGTR2,RES,"Respiratory, thoracic and mediastinal disorders",M2,direct source-supported association,APSB literature only,source evidence mapped to SOC,,,APSB literature only,"↓ Pain
Developmental toxicity: death; oligoamnios; renal failure; ↓ BP; pulmonary hypoplasia; respiratory distress syndrome; persistent patent ductus arteriosus; hypocalvaria; limb defects; intrauterine growth retardation; cerebral complications","Q. Ali, T. Hussain. AT2 receptor non-peptide agonist C21 promotes natriuresis in obese Zucker rats. Hypertension Research, 35 (2012); M. Bullo, S. Tschumi, B.S. Bucher, M.G. Bianchetti, G.D. Simonetti. Pregnancy outcome following exposure to angiotensin-converting enzyme inhibitors or angiotensin receptor antagonists: A systematic review. Hypertension, 60 (2012); A. Quan. Fetopathy associated with exposure to angiotensin converting enzyme inhibitors and angiotensin receptor antagonists. Early Human Development, 82 (2006); M.T. Smith, B.D. Wyse, S.R. Edwards. Small molecule angiotensin II type 2 receptor (AT2R) antagonists as novel analgesics for neuropathic pain: Comparative pharmacokinectics, radioligand binding, and efficacy in rats. Pain Medicine, 14 (2013)",False,,,,,,,,,,,
P50052,AGTR2,VAS,Vascular disorders,M2,direct source-supported association,APSB literature only,source evidence mapped to SOC,,,APSB literature only,"↓ Pain
Developmental toxicity: death; oligoamnios; renal failure; ↓ BP; pulmonary hypoplasia; respiratory distress syndrome; persistent patent ductus arteriosus; hypocalvaria; limb defects; intrauterine growth retardation; cerebral complications","Q. Ali, T. Hussain. AT2 receptor non-peptide agonist C21 promotes natriuresis in obese Zucker rats. Hypertension Research, 35 (2012); M. Bullo, S. Tschumi, B.S. Bucher, M.G. Bianchetti, G.D. Simonetti. Pregnancy outcome following exposure to angiotensin-converting enzyme inhibitors or angiotensin receptor antagonists: A systematic review. Hypertension, 60 (2012); A. Quan. Fetopathy associated with exposure to angiotensin converting enzyme inhibitors and angiotensin receptor antagonists. Early Human Development, 82 (2006); M.T. Smith, B.D. Wyse, S.R. Edwards. Small molecule angiotensin II type 2 receptor (AT2R) antagonists as novel analgesics for neuropathic pain: Comparative pharmacokinectics, radioligand binding, and efficacy in rats. Pain Medicine, 14 (2013)",False,,,,,,,,,,,
P50406,HTR6,PSY,Psychiatric disorders,M3,network visualization secondary,visualization-only functional context,random walk + within-target specificity + community SOC enrichment,1.0,0.915625,,,,True,0.9375,0.875,2.0,SOC minimum-15 + target top-2,6.0,26.0,0.2083333333333333,0.9375,HTR4,HTR7,1.0
P50406,HTR6,BLO,Blood and lymphatic system disorders,M3,network visualization secondary,visualization-only functional context,random walk + within-target specificity + community SOC enrichment,2.0,0.8169444444444445,,,,True,1.0,0.9055555555555556,13.0,target top-2,0.0,26.0,0.0083333333333333,0.25,HTR4,HTR4,1.0
P51681,CCR5,RES,"Respiratory, thoracic and mediastinal disorders",M7,network visualization secondary,visualization-only functional context,random walk + within-target specificity + community SOC enrichment,1.0,0.9559880239520956,,,,True,1.0,0.874251497005988,1.0,SOC minimum-15 + target top-2,5.0,23.0,0.1944444444444444,1.0,PTAFR,PTAFR,1.0
P51681,CCR5,BLO,Blood and lymphatic system disorders,M7,network visualization secondary,visualization-only functional context,random walk + within-target specificity + community SOC enrichment,2.0,0.7877083333333333,,,,True,0.9375,0.8666666666666667,17.0,target top-2,0.0,23.0,0.0092592592592592,0.3125,PTAFR,PTAFR,1.0
P51787,KCNQ1,CAR,Cardiac disorders,M4,direct source-supported association,APSB literature only,source evidence mapped to SOC,,,APSB literature only,"Long QT syndrome; potential hearing impairment, deafness and GI symptoms","Towart, R. et al. Blockade of the IKs potassium channel: An overlooked cardiovascular liability in drug safety screening? J. Pharmacol. Tox. Methods 60, 1–10 (2009)",False,,,,,,,,,,,
P51787,KCNQ1,GAS,Gastrointestinal disorders,M4,direct source-supported association,APSB literature only,source evidence mapped to SOC,,,APSB literature only,"Long QT syndrome; potential hearing impairment, deafness and GI symptoms","Towart, R. et al. Blockade of the IKs potassium channel: An overlooked cardiovascular liability in drug safety screening? J. Pharmacol. Tox. Methods 60, 1–10 (2009)",False,,,,,,,,,,,
P51787,KCNQ1,VAS,Vascular disorders,M4,direct source-supported association,APSB literature only,source evidence mapped to SOC,,,APSB literature only,"Atrial fibrillation; Long QT syndrome; potential hearing impairment, deafness and GI symptoms","Towart, R. et al. Blockade of the IKs potassium channel: An overlooked cardiovascular liability in drug safety screening? J. Pharmacol. Tox. Methods 60, 1–10 (2009)",False,,,,,,,,,,,
P55055,NR1H2,BLO,Blood and lymphatic system disorders,M6,network visualization secondary,visualization-only functional context,random walk + within-target specificity + community SOC enrichment,1.0,0.6847222222222222,,,,True,1.0,0.2777777777777778,29.0,target top-2,8.0,93.0,0.0850515463917525,0.6875,PPARG,PPARG,1.0
P55055,NR1H2,IMM,Immune system disorders,M6,network visualization secondary,visualization-only functional context,random walk + within-target specificity + community SOC enrichment,2.0,0.6354166666666666,,,,True,0.875,0.119047619047619,44.0,target top-2,17.0,93.0,0.1778350515463917,1.0,PPARG,PPARG,1.0
P56373,P2RX3,CAR,Cardiac disorders,M6,direct source-supported association,APSB literature only,source evidence mapped to SOC,,,APSB literature only,"↑ Pain; ↑ urine excretion; ↑ urinary sodium excretion; hemolysis
Chronic dosing: neurodegeneration","M. Jankowski, E. Szamocka, R. Kowalski, S. Angielski, M. Szczepańska-Konkel. The effects of P2X receptor agonists on renal sodium and water excretion in anesthetized rats. Acta Physiologica, 202 (2011);  G. Mesuret, T. Engel, E.V. Hessel, A. Sanz-Rodriguez, A. Jimenez-Pacheco, M.T. Miras-Portugal, ..., D.C. Henshall. P2X7 receptor inhibition interrupts the progression of seizures in immature rats and reduces hippocampal damage. CNS Neuroscience & Therapeutics, 20 (2014); J.-H. Park, G.-E. Lee, S.-D. Lee, T.T. Hien, S. Kim, J.W. Yang, ..., Y.-C. Kim. Discovery of novel 2,5-dioxoimidazolidine-based P2X7 receptor antagonists as constrained analogues of KN62. Journal of Medicinal Chemistry, 58 (2015); J.L. Saloman, M.K. Chung, J.Y. Ro. P2X3 and TRPV1 functionally interact and mediate sensitization of trigeminal sensory neurons. Neuroscience, 232 (2013); H.S. Seo, D.H. Roh, S.Y. Yoon, S.Y. Kang, J.Y. Moon, H.W. Kim, ..., J.H. Lee. Peripheral acid-sensing ion channels and P2X receptors contribute to mechanical allodynia in a rodent thrombus-induced ischemic pain model. The Journal of Pain, 11 (2010)",False,,,,,,,,,,,
P56373,P2RX3,IMM,Immune system disorders,M6,direct source-supported association,APSB literature only,source evidence mapped to SOC,,,APSB literature only,"↑ Pain; ↑ urine excretion; ↑ urinary sodium excretion; hemolysis
Chronic dosing: neurodegeneration; ↓ Pain; ↓ inflammation; ↓ convulsions","M. Jankowski, E. Szamocka, R. Kowalski, S. Angielski, M. Szczepańska-Konkel. The effects of P2X receptor agonists on renal sodium and water excretion in anesthetized rats. Acta Physiologica, 202 (2011);  G. Mesuret, T. Engel, E.V. Hessel, A. Sanz-Rodriguez, A. Jimenez-Pacheco, M.T. Miras-Portugal, ..., D.C. Henshall. P2X7 receptor inhibition interrupts the progression of seizures in immature rats and reduces hippocampal damage. CNS Neuroscience & Therapeutics, 20 (2014); J.-H. Park, G.-E. Lee, S.-D. Lee, T.T. Hien, S. Kim, J.W. Yang, ..., Y.-C. Kim. Discovery of novel 2,5-dioxoimidazolidine-based P2X7 receptor antagonists as constrained analogues of KN62. Journal of Medicinal Chemistry, 58 (2015); J.L. Saloman, M.K. Chung, J.Y. Ro. P2X3 and TRPV1 functionally interact and mediate sensitization of trigeminal sensory neurons. Neuroscience, 232 (2013); H.S. Seo, D.H. Roh, S.Y. Yoon, S.Y. Kang, J.Y. Moon, H.W. Kim, ..., J.H. Lee. Peripheral acid-sensing ion channels and P2X receptors contribute to mechanical allodynia in a rodent thrombus-induced ischemic pain model. The Journal of Pain, 11 (2010)",False,,,,,,,,,,,
P56373,P2RX3,NER,Nervous system disorders,M6,direct source-supported association,APSB literature only,source evidence mapped to SOC,,,APSB literature only,"↑ Pain; ↑ urine excretion; ↑ urinary sodium excretion; hemolysis
Chronic dosing: neurodegeneration; ↓ Pain; ↓ inflammation; ↓ convulsions","M. Jankowski, E. Szamocka, R. Kowalski, S. Angielski, M. Szczepańska-Konkel. The effects of P2X receptor agonists on renal sodium and water excretion in anesthetized rats. Acta Physiologica, 202 (2011);  G. Mesuret, T. Engel, E.V. Hessel, A. Sanz-Rodriguez, A. Jimenez-Pacheco, M.T. Miras-Portugal, ..., D.C. Henshall. P2X7 receptor inhibition interrupts the progression of seizures in immature rats and reduces hippocampal damage. CNS Neuroscience & Therapeutics, 20 (2014); J.-H. Park, G.-E. Lee, S.-D. Lee, T.T. Hien, S. Kim, J.W. Yang, ..., Y.-C. Kim. Discovery of novel 2,5-dioxoimidazolidine-based P2X7 receptor antagonists as constrained analogues of KN62. Journal of Medicinal Chemistry, 58 (2015); J.L. Saloman, M.K. Chung, J.Y. Ro. P2X3 and TRPV1 functionally interact and mediate sensitization of trigeminal sensory neurons. Neuroscience, 232 (2013); H.S. Seo, D.H. Roh, S.Y. Yoon, S.Y. Kang, J.Y. Moon, H.W. Kim, ..., J.H. Lee. Peripheral acid-sensing ion channels and P2X receptors contribute to mechanical allodynia in a rodent thrombus-induced ischemic pain model. The Journal of Pain, 11 (2010)",False,,,,,,,,,,,
P56373,P2RX3,REN,Renal and urinary disorders,M6,direct source-supported association,APSB literature only,source evidence mapped to SOC,,,APSB literature only,"↑ Pain; ↑ urine excretion; ↑ urinary sodium excretion; hemolysis
Chronic dosing: neurodegeneration; ↓ Pain; ↓ inflammation; ↓ convulsions","M. Jankowski, E. Szamocka, R. Kowalski, S. Angielski, M. Szczepańska-Konkel. The effects of P2X receptor agonists on renal sodium and water excretion in anesthetized rats. Acta Physiologica, 202 (2011);  G. Mesuret, T. Engel, E.V. Hessel, A. Sanz-Rodriguez, A. Jimenez-Pacheco, M.T. Miras-Portugal, ..., D.C. Henshall. P2X7 receptor inhibition interrupts the progression of seizures in immature rats and reduces hippocampal damage. CNS Neuroscience & Therapeutics, 20 (2014); J.-H. Park, G.-E. Lee, S.-D. Lee, T.T. Hien, S. Kim, J.W. Yang, ..., Y.-C. Kim. Discovery of novel 2,5-dioxoimidazolidine-based P2X7 receptor antagonists as constrained analogues of KN62. Journal of Medicinal Chemistry, 58 (2015); J.L. Saloman, M.K. Chung, J.Y. Ro. P2X3 and TRPV1 functionally interact and mediate sensitization of trigeminal sensory neurons. Neuroscience, 232 (2013); H.S. Seo, D.H. Roh, S.Y. Yoon, S.Y. Kang, J.Y. Moon, H.W. Kim, ..., J.H. Lee. Peripheral acid-sensing ion channels and P2X receptors contribute to mechanical allodynia in a rodent thrombus-induced ischemic pain model. The Journal of Pain, 11 (2010)",False,,,,,,,,,,,
P56817,BACE1,HEP,Hepatobiliary disorders,M4,network visualization secondary,visualization-only functional context,random walk + within-target specificity + community SOC enrichment,1.0,0.7827874331550803,,,,True,1.0,0.5401069518716578,15.0,target top-2,2.0,33.0,0.0608108108108108,0.71875,AR,,2.0
P56817,BACE1,NER,Nervous system disorders,M4,network visualization secondary,visualization-only functional context,random walk + within-target specificity + community SOC enrichment,2.0,0.76171875,,,,True,0.9375,0.453125,30.0,target top-2,5.0,33.0,0.1418918918918918,0.90625,GSK3A,GSK3B,1.0
P61073,CXCR4,VAS,Vascular disorders,M8,network visualization secondary,visualization-only functional context,random walk + within-target specificity + community SOC enrichment,1.0,0.8953911870503597,,,,True,0.9375,0.9064748201438848,5.0,SOC minimum-15 + target top-2,3.0,27.0,0.1048387096774193,0.78125,ADRA1A,ADRA1A,1.0
P61073,CXCR4,REP,Reproductive system and breast disorders,M8,network visualization secondary,visualization-only functional context,random walk + within-target specificity + community SOC enrichment,2.0,0.8947115384615385,,,,True,0.875,0.8956043956043956,7.0,target top-2,4.0,27.0,0.1370967741935483,0.9375,ADRA1A,ADRA1A,1.0
P61073,CXCR4,END,Endocrine disorder,M8,network visualization secondary,visualization-only functional context,random walk + within-target specificity + community SOC enrichment,3.0,0.8661111111111112,,,,True,1.0,0.9388888888888888,4.0,SOC minimum-15,1.0,27.0,0.0403225806451612,0.4375,ADRA1A,ADRA1A,1.0
P61073,CXCR4,CAR,Cardiac disorders,M8,network visualization secondary,visualization-only functional context,random walk + within-target specificity + community SOC enrichment,5.0,0.7626488095238095,,,,True,0.8125,0.8843537414965986,9.0,SOC minimum-15,1.0,27.0,0.0403225806451612,0.4375,ADRA1A,ADRA1A,1.0
P80457,XDH,RES,"Respiratory, thoracic and mediastinal disorders",M7,network visualization secondary,visualization-only functional context,random walk + within-target specificity + community SOC enrichment,1.0,0.7350486526946107,,,,True,0.9375,0.3233532934131736,16.0,target top-2,5.0,23.0,0.1944444444444444,1.0,ACHE,ACHE,1.0
P80457,XDH,GAS,Gastrointestinal disorders,M7,network visualization secondary,visualization-only functional context,random walk + within-target specificity + community SOC enrichment,2.0,0.6439807046979866,,,,True,0.8125,0.2953020134228188,32.0,target top-2,4.0,23.0,0.1574074074074074,0.875,ACHE,ACHE,1.0
Q01726,MC1R,BLO,Blood and lymphatic system disorders,M6,network visualization secondary,visualization-only functional context,random walk + within-target specificity + community SOC enrichment,1.0,0.71,,,,True,1.0,0.35,27.0,target top-2,8.0,93.0,0.0850515463917525,0.6875,EDNRB,EDNRB,1.0
Q01726,MC1R,IMM,Immune system disorders,M6,network visualization secondary,visualization-only functional context,random walk + within-target specificity + community SOC enrichment,2.0,0.6812499999999999,,,,True,0.875,0.25,42.0,target top-2,17.0,93.0,0.1778350515463917,1.0,ADORA2B,ADORA2B,1.0
Q01959,SLC6A3,NER,Nervous system disorders,M9,direct source-supported association,APSB literature + SPD,source evidence mapped to SOC,,,APSB literature + SPD,"Addictive psychostimulation; depression; parkinsonism; seizures; dystonia; dyskinesia; acne; Insufficient information; Coordination abnormal; Dyskinesia; Dystonia; Motor dysfunction, Psychomotor hyperactivity; Parkinsonism; Stereotypy","Bannon, M. J. The dopamine transporter: role in neurotoxicity and human disease. Toxicol. Appl. Pharmacol. 204, 355–360 (2005); Sutherland et al., Nature Communications 2023; literature association evaluated in SPD",False,,,,,,,,,,,
Q01959,SLC6A3,PSY,Psychiatric disorders,M9,direct source-supported association,SPD significant only,source evidence mapped to SOC,,,SPD significant only,Psychotic disorder,"Sutherland et al., Nature Communications 2023; literature association evaluated in SPD",False,,,,,,,,,,,
Q01959,SLC6A3,SKI,Skin and subcutaneous tissue disorders,M9,direct source-supported association,APSB literature only,source evidence mapped to SOC,,,APSB literature only,Addictive psychostimulation; depression; parkinsonism; seizures; dystonia; dyskinesia; acne,"Bannon, M. J. The dopamine transporter: role in neurotoxicity and human disease. Toxicol. Appl. Pharmacol. 204, 355–360 (2005)",False,,,,,,,,,,,
Q02294,CACNA1B,NER,Nervous system disorders,M1,network visualization secondary,visualization-only functional context,random walk + within-target specificity + community SOC enrichment,1.0,0.812109375,,,,True,0.875,0.6953125,18.0,target top-2,5.0,24.0,0.1875,0.875,PDE4D,CACNA1C,1.0
Q02294,CACNA1B,PSY,Psychiatric disorders,M1,network visualization secondary,visualization-only functional context,random walk + within-target specificity + community SOC enrichment,2.0,0.803125,,,,True,0.9375,0.7142857142857143,12.0,SOC minimum-15 + target top-2,1.0,24.0,0.0446428571428571,0.65625,SIGMAR1,DRD2,1.0
Q02294,CACNA1B,EYE,Eye disorders,M1,network visualization secondary,visualization-only functional context,random walk + within-target specificity + community SOC enrichment,4.0,0.7631179378531073,,,,True,0.8125,0.6892655367231638,9.0,SOC minimum-15,2.0,24.0,0.0803571428571428,0.78125,CHRM2,CHRM2,1.0
Q05397,PTK2,IMM,Immune system disorders,M6,network visualization secondary,visualization-only functional context,random walk + within-target specificity + community SOC enrichment,1.0,0.9052083333333334,,,,True,0.9375,0.8095238095238095,4.0,target top-2,17.0,93.0,0.1778350515463917,1.0,PTAFR,LCK,1.0
Q05397,PTK2,BLO,Blood and lymphatic system disorders,M6,network visualization secondary,visualization-only functional context,random walk + within-target specificity + community SOC enrichment,2.0,0.8713888888888888,,,,True,1.0,0.8111111111111111,4.0,target top-2,8.0,93.0,0.0850515463917525,0.6875,PTAFR,PTAFR,1.0
Q05586,GRIN1,CAR,Cardiac disorders,M1,direct source-supported association,APSB literature only,source evidence mapped to SOC,,,APSB literature only,Psychosis (schizophrenia-like); hallucinations; delirium and disoriented behaviour; seizures; neurotoxicity,"Murray, J. B. Phencyclidine (PCP): a dangerous drug, but useful in schizophrenia research. J. Psychol. 136, 319–327 (2002)",False,,,,,,,,,,,
Q05586,GRIN1,NER,Nervous system disorders,M1,direct source-supported association,APSB literature only,source evidence mapped to SOC,,,APSB literature only,Insufficient information; Psychosis (schizophrenia-like); hallucinations; delirium and disoriented behaviour; seizures; neurotoxicity,"Murray, J. B. Phencyclidine (PCP): a dangerous drug, but useful in schizophrenia research. J. Psychol. 136, 319–327 (2002)",False,,,,,,,,,,,
Q08499,PDE4D,GAS,Gastrointestinal disorders,M6,direct source-supported association,APSB literature only,source evidence mapped to SOC,,,APSB literature only,Anti-inflammatory activities; antidepressant-like activities; emesis; vasculitis and arteritis; possible thymus atrophy,"Giembycz, M. A. Can the anti-inflammatory potential of PDE4 inhibitors be realized: guarded optimism or wishful thinking? Br. J. Pharmacol. 155, 288–290 (2008); Spina, D. PDE4 inhibitors: current status. Br. J. Pharmacol. 155, 308–315 (2008)",False,,,,,,,,,,,
Q08499,PDE4D,IMM,Immune system disorders,M6,direct source-supported association,APSB literature only,source evidence mapped to SOC,,,APSB literature only,Anti-inflammatory activities; antidepressant-like activities; emesis; vasculitis and arteritis; possible thymus atrophy; Insufficient information,"Giembycz, M. A. Can the anti-inflammatory potential of PDE4 inhibitors be realized: guarded optimism or wishful thinking? Br. J. Pharmacol. 155, 288–290 (2008); Spina, D. PDE4 inhibitors: current status. Br. J. Pharmacol. 155, 308–315 (2008)",False,,,,,,,,,,,
Q08499,PDE4D,NER,Nervous system disorders,M6,direct source-supported association,APSB literature only,source evidence mapped to SOC,,,APSB literature only,Anti-inflammatory activities; antidepressant-like activities; emesis; vasculitis and arteritis; possible thymus atrophy; Insufficient information,"Giembycz, M. A. Can the anti-inflammatory potential of PDE4 inhibitors be realized: guarded optimism or wishful thinking? Br. J. Pharmacol. 155, 288–290 (2008); Spina, D. PDE4 inhibitors: current status. Br. J. Pharmacol. 155, 308–315 (2008)",False,,,,,,,,,,,
Q12809,KCNH2,CAR,Cardiac disorders,M1,direct source-supported association,APSB literature + SPD,source evidence mapped to SOC,,,APSB literature + SPD,Prolongation of QT interval of ECG; Electrocardiogram QT prolonged,"Curran, M. E. et al. A molecular basis for cardiac arrhythmia: HERG mutations cause long QT syndrome. Cell 80, 795–803 (1995); Sutherland et al., Nature Communications 2023; literature association evaluated in SPD",False,,,,,,,,,,,
Q12809,KCNH2,VAS,Vascular disorders,M1,direct source-supported association,APSB literature only,source evidence mapped to SOC,,,APSB literature only,Insufficient information; Prolongation of QT interval of ECG,"Curran, M. E. et al. A molecular basis for cardiac arrhythmia: HERG mutations cause long QT syndrome. Cell 80, 795–803 (1995)",False,,,,,,,,,,,
Q13315,ATM,HEP,Hepatobiliary disorders,M4,network visualization secondary,visualization-only functional context,random walk + within-target specificity + community SOC enrichment,1.0,0.8988302139037434,,,,True,1.0,0.8716577540106952,7.0,target top-2,2.0,33.0,0.0608108108108108,0.71875,AR,AR,1.0
Q13315,ATM,REP,Reproductive system and breast disorders,M4,network visualization secondary,visualization-only functional context,random walk + within-target specificity + community SOC enrichment,2.0,0.713701923076923,,,,True,0.9375,0.5659340659340659,18.0,target top-2,1.0,33.0,0.0337837837837837,0.46875,AR,AR,1.0
Q13370,PDE3B,CAR,Cardiac disorders,M1,network visualization secondary,visualization-only functional context,random walk + within-target specificity + community SOC enrichment,1.0,0.8738095238095238,,,,True,1.0,0.6394557823129252,3.0,SOC minimum-15 + target top-2,7.0,24.0,0.2589285714285714,1.0,PDE3A,PDE3A,1.0
Q13370,PDE3B,VAS,Vascular disorders,M1,network visualization secondary,visualization-only functional context,random walk + within-target specificity + community SOC enrichment,2.0,0.8158498201438849,,,,True,0.9375,0.5899280575539568,14.0,SOC minimum-15 + target top-2,6.0,24.0,0.2232142857142857,0.9375,PDE3A,PDE3A,1.0
Q13464,ROCK1,HEP,Hepatobiliary disorders,M4,network visualization secondary,visualization-only functional context,random walk + within-target specificity + community SOC enrichment,1.0,0.7921457219251338,,,,True,1.0,0.5668449197860963,14.0,target top-2,2.0,33.0,0.0608108108108108,0.71875,AR,,2.0
Q13464,ROCK1,IMM,Immune system disorders,M4,network visualization secondary,visualization-only functional context,random walk + within-target specificity + community SOC enrichment,2.0,0.590625,,,,True,0.9375,0.3928571428571428,49.0,target top-2,0.0,33.0,0.0067567567567567,0.15625,LCK,LCK,1.0
Q13639,HTR4,BLO,Blood and lymphatic system disorders,M6,direct source-supported association,APSB literature only,source evidence mapped to SOC,,,APSB literature only,↑ GI transit; diarrhea; ↑ gastric emptying; ↑ HR; ↑ QTc interval; ↓ BP; fainting; ↓ blood volume; ↑ memory,"N.A. Al-Wabel, S.M. Strauch, B.W. Keene, T. Nakayama, R.L. Hamlin Electrocardiographic and hemodynamic effects of cisapride alone and combined with erythromycin in anesthetized dogs. Cardiovascular Toxicology, 2 (2002); D.P. Becker, D.L. Flynn, A.E. Moormann, R. Nosal, C.I. Villamil, R. Loeffler, ..., D.C. Yang. Pyrrolizidine esters and amides as 5-HT4 receptor agonists and antagonists. Journal of Medicinal Chemistry, 49 (2006); Stimulation of 5-HT1A, 5-HT1B, 5-HT2A/2C, 5-HT3 and 5-HT4 receptors or 5-HT uptake inhibition: Short- and long-term memory. Behavioural Brain Research, 184 (2007)",False,,,,,,,,,,,
Q13639,HTR4,CAR,Cardiac disorders,M6,direct source-supported association,APSB literature only,source evidence mapped to SOC,,,APSB literature only,↑ GI transit; diarrhea; ↑ gastric emptying; ↑ HR; ↑ QTc interval; ↓ BP; fainting; ↓ blood volume; ↑ memory,"N.A. Al-Wabel, S.M. Strauch, B.W. Keene, T. Nakayama, R.L. Hamlin Electrocardiographic and hemodynamic effects of cisapride alone and combined with erythromycin in anesthetized dogs. Cardiovascular Toxicology, 2 (2002); D.P. Becker, D.L. Flynn, A.E. Moormann, R. Nosal, C.I. Villamil, R. Loeffler, ..., D.C. Yang. Pyrrolizidine esters and amides as 5-HT4 receptor agonists and antagonists. Journal of Medicinal Chemistry, 49 (2006); Stimulation of 5-HT1A, 5-HT1B, 5-HT2A/2C, 5-HT3 and 5-HT4 receptors or 5-HT uptake inhibition: Short- and long-term memory. Behavioural Brain Research, 184 (2007)",False,,,,,,,,,,,
Q13639,HTR4,GAS,Gastrointestinal disorders,M6,direct source-supported association,APSB literature only,source evidence mapped to SOC,,,APSB literature only,↑ GI transit; diarrhea; ↑ gastric emptying; ↑ HR; ↑ QTc interval; ↓ BP; fainting; ↓ blood volume; ↑ memory; ↓ GI transit; ↓ anxiety,"N.A. Al-Wabel, S.M. Strauch, B.W. Keene, T. Nakayama, R.L. Hamlin Electrocardiographic and hemodynamic effects of cisapride alone and combined with erythromycin in anesthetized dogs. Cardiovascular Toxicology, 2 (2002); D.P. Becker, D.L. Flynn, A.E. Moormann, R. Nosal, C.I. Villamil, R. Loeffler, ..., D.C. Yang. Pyrrolizidine esters and amides as 5-HT4 receptor agonists and antagonists. Journal of Medicinal Chemistry, 49 (2006); Stimulation of 5-HT1A, 5-HT1B, 5-HT2A/2C, 5-HT3 and 5-HT4 receptors or 5-HT uptake inhibition: Short- and long-term memory. Behavioural Brain Research, 184 (2007)",False,,,,,,,,,,,
Q13639,HTR4,NER,Nervous system disorders,M6,direct source-supported association,APSB literature only,source evidence mapped to SOC,,,APSB literature only,↑ GI transit; diarrhea; ↑ gastric emptying; ↑ HR; ↑ QTc interval; ↓ BP; fainting; ↓ blood volume; ↑ memory; ↓ GI transit; ↓ anxiety,"N.A. Al-Wabel, S.M. Strauch, B.W. Keene, T. Nakayama, R.L. Hamlin Electrocardiographic and hemodynamic effects of cisapride alone and combined with erythromycin in anesthetized dogs. Cardiovascular Toxicology, 2 (2002); D.P. Becker, D.L. Flynn, A.E. Moormann, R. Nosal, C.I. Villamil, R. Loeffler, ..., D.C. Yang. Pyrrolizidine esters and amides as 5-HT4 receptor agonists and antagonists. Journal of Medicinal Chemistry, 49 (2006); Stimulation of 5-HT1A, 5-HT1B, 5-HT2A/2C, 5-HT3 and 5-HT4 receptors or 5-HT uptake inhibition: Short- and long-term memory. Behavioural Brain Research, 184 (2007)",False,,,,,,,,,,,
Q13639,HTR4,PSY,Psychiatric disorders,M6,direct source-supported association,APSB literature only,source evidence mapped to SOC,,,APSB literature only,↓ GI transit; ↓ anxiety,"N.A. Al-Wabel, S.M. Strauch, B.W. Keene, T. Nakayama, R.L. Hamlin Electrocardiographic and hemodynamic effects of cisapride alone and combined with erythromycin in anesthetized dogs. Cardiovascular Toxicology, 2 (2002); D.P. Becker, D.L. Flynn, A.E. Moormann, R. Nosal, C.I. Villamil, R. Loeffler, ..., D.C. Yang. Pyrrolizidine esters and amides as 5-HT4 receptor agonists and antagonists. Journal of Medicinal Chemistry, 49 (2006); Stimulation of 5-HT1A, 5-HT1B, 5-HT2A/2C, 5-HT3 and 5-HT4 receptors or 5-HT uptake inhibition: Short- and long-term memory. Behavioural Brain Research, 184 (2007)",False,,,,,,,,,,,
Q13639,HTR4,VAS,Vascular disorders,M6,direct source-supported association,APSB literature only,source evidence mapped to SOC,,,APSB literature only,↑ GI transit; diarrhea; ↑ gastric emptying; ↑ HR; ↑ QTc interval; ↓ BP; fainting; ↓ blood volume; ↑ memory; ↓ GI transit; ↓ anxiety,"N.A. Al-Wabel, S.M. Strauch, B.W. Keene, T. Nakayama, R.L. Hamlin Electrocardiographic and hemodynamic effects of cisapride alone and combined with erythromycin in anesthetized dogs. Cardiovascular Toxicology, 2 (2002); D.P. Becker, D.L. Flynn, A.E. Moormann, R. Nosal, C.I. Villamil, R. Loeffler, ..., D.C. Yang. Pyrrolizidine esters and amides as 5-HT4 receptor agonists and antagonists. Journal of Medicinal Chemistry, 49 (2006); Stimulation of 5-HT1A, 5-HT1B, 5-HT2A/2C, 5-HT3 and 5-HT4 receptors or 5-HT uptake inhibition: Short- and long-term memory. Behavioural Brain Research, 184 (2007)",False,,,,,,,,,,,
Q13936,CACNA1C,CAR,Cardiac disorders,M1,direct source-supported association,APSB literature only,source evidence mapped to SOC,,,APSB literature only,Vascular relaxation; ↓ in BP; ↓ in PR interval; possible shortening of QT interval of ECG,"Splawski, I. et al. Cav1.2 calcium channel dysfunction causes a multisystem disorder including arrhythmia and autism. Cell 119, 19–31 (2004)",False,,,,,,,,,,,
Q13936,CACNA1C,NER,Nervous system disorders,M1,direct source-supported association,SPD significant only,source evidence mapped to SOC,,,SPD significant only,"Decreased activity, Motor dysfunction","Sutherland et al., Nature Communications 2023; literature association evaluated in SPD",False,,,,,,,,,,,
Q13936,CACNA1C,VAS,Vascular disorders,M1,direct source-supported association,APSB literature only,source evidence mapped to SOC,,,APSB literature only,Insufficient information; Vascular relaxation; ↓ in BP; ↓ in PR interval; possible shortening of QT interval of ECG,"Splawski, I. et al. Cav1.2 calcium channel dysfunction causes a multisystem disorder including arrhythmia and autism. Cell 119, 19–31 (2004)",False,,,,,,,,,,,
Q14432,PDE3A,CAR,Cardiac disorders,M1,direct source-supported association,APSB literature only,source evidence mapped to SOC,,,APSB literature only,↑ in cardiac contractility; ↑ in HR; ↓ in BP; thrombocytopaenia; ventricular arrhythmia,"Aguirre, S. A. et al. Cardiovascular effects in rats following exposure to a receptor tyrosine kinase inhibitor. Toxicol. Pathol. 38, 416–428 (2010); Absallem, E., Kasparian, C., Haddour, G., Boissel, J. P. & Nony, P. Phosphodiesterase III inhibitors for heart failure. Cochrane Database Syst. Rev. 2005, CD002230 (2005)",False,,,,,,,,,,,
Q14432,PDE3A,VAS,Vascular disorders,M1,direct source-supported association,APSB literature only,source evidence mapped to SOC,,,APSB literature only,Insufficient information; ↑ in cardiac contractility; ↑ in HR; ↓ in BP; thrombocytopaenia; ventricular arrhythmia,"Aguirre, S. A. et al. Cardiovascular effects in rats following exposure to a receptor tyrosine kinase inhibitor. Toxicol. Pathol. 38, 416–428 (2010); Absallem, E., Kasparian, C., Haddour, G., Boissel, J. P. & Nony, P. Phosphodiesterase III inhibitors for heart failure. Cochrane Database Syst. Rev. 2005, CD002230 (2005)",False,,,,,,,,,,,
Q14524,SCN5A,CAR,Cardiac disorders,M1,direct source-supported association,APSB literature + SPD,source evidence mapped to SOC,,,APSB literature + SPD,Slowed cardiac conduction; prolonged QRS interval of ECG; Electrocardiogram QRS complex prolonged; Arrhythmia; Heart rate decreased; Heart rate increased,"Smits, J. P. P. et al. Cardiac sodium channels and inherited electrophysiologic disorders: a pharmacogenetic overview. Exp. Opin. Pharmacother. 9, 537–549 (2008); Sutherland et al., Nature Communications 2023; literature association evaluated in SPD",False,,,,,,,,,,,
Q14524,SCN5A,EYE,Eye disorders,M1,direct source-supported association,SPD marginal only,source evidence mapped to SOC,,,SPD marginal only,Mydriasis,"Sutherland et al., Nature Communications 2023; literature association evaluated in SPD",False,,,,,,,,,,,
Q14524,SCN5A,GAS,Gastrointestinal disorders,M1,direct source-supported association,SPD significant only,source evidence mapped to SOC,,,SPD significant only,"Constipation, Gastrointestinal disorder, Intestinal transit time decreased","Sutherland et al., Nature Communications 2023; literature association evaluated in SPD",False,,,,,,,,,,,
Q14524,SCN5A,NER,Nervous system disorders,M1,direct source-supported association,SPD significant only,source evidence mapped to SOC,,,SPD significant only,"Decreased activity, Motor dysfunction","Sutherland et al., Nature Communications 2023; literature association evaluated in SPD",False,,,,,,,,,,,
Q14524,SCN5A,VAS,Vascular disorders,M1,direct source-supported association,APSB literature only,source evidence mapped to SOC,,,APSB literature only,Insufficient information; Slowed cardiac conduction; prolonged QRS interval of ECG,"Smits, J. P. P. et al. Cardiac sodium channels and inherited electrophysiologic disorders: a pharmacogenetic overview. Exp. Opin. Pharmacother. 9, 537–549 (2008)",False,,,,,,,,,,,
Q15118,PDK1,REP,Reproductive system and breast disorders,M4,network visualization secondary,visualization-only functional context,random walk + within-target specificity + community SOC enrichment,1.0,0.5367788461538461,,,,True,0.9375,0.0604395604395604,37.0,target top-2,1.0,33.0,0.0337837837837837,0.46875,SLC6A4,,2.0
Q15118,PDK1,SKI,Skin and subcutaneous tissue disorders,M4,network visualization secondary,visualization-only functional context,random walk + within-target specificity + community SOC enrichment,2.0,0.5111965240641712,,,,True,1.0,0.0855614973262032,36.0,target top-2,0.0,33.0,0.0067567567567567,0.15625,DRD1,,2.0
Q16539,MAPK14,HEP,Hepatobiliary disorders,M4,network visualization secondary,visualization-only functional context,random walk + within-target specificity + community SOC enrichment,1.0,0.8407586898395722,,,,True,0.9375,0.786096256684492,11.0,target top-2,2.0,33.0,0.0608108108108108,0.71875,AR,,2.0
Q16539,MAPK14,IMM,Immune system disorders,M4,network visualization secondary,visualization-only functional context,random walk + within-target specificity + community SOC enrichment,2.0,0.7729166666666667,,,,True,1.0,0.8333333333333334,20.0,target top-2,0.0,33.0,0.0067567567567567,0.15625,TACR2,TNF,1.0
Q16539,MAPK14,GAS,Gastrointestinal disorders,M4,network visualization secondary,visualization-only functional context,random walk + within-target specificity + community SOC enrichment,4.0,0.7278942953020133,,,,True,0.625,0.7046979865771812,15.0,SOC minimum-15,9.0,33.0,0.25,1.0,ABL1,ABL1,1.0
Q16602,CALCRL,BLO,Blood and lymphatic system disorders,M6,direct source-supported association,APSB literature only,source evidence mapped to SOC,,,APSB literature only,↓ BP; ↑ HR; ↑ cardiac contractility; facial flushing; ↑ pain; ↓ gastric emptying; ↓ blood calcium; ↓ blood phosphate; ↑ blood glucose; ↓ Pain; ↑ BP,"U. Arulmani, M.P. Schuijt, J.P.C. Heiligers, E.W. Willems, C.M. Villalón, P.R. Saxena. Effects of the calcitonin gene-related peptide (CGRP) receptor antagonist BIBN4096BS on a-CGRP-induced regional haemodynamic changes in anaesthetised rats. Basic & Clinical Pharmacology & Toxicology, 94 (2004); P.R. Gangula, P. Lanlua, S. Wimalawansa, S. Supowit, D. DiPette, C. Yallampalli. Regulation of calcitonin gene-related peptide expression in dorsal root ganglia of rats by female sex steroid hormones. Biology of Reproduction, 62 (2000); C. Gennari, J.A. Fischer. Cardiovascular action of calcitonin gene-related peptide in humans. Calcified Tissue International, 37 (1985); T. Katori, D.B. Hoover, J.L. Ardell, R.H. Helm, D.F. Belardi, C.G. Tocchetti, ..., N. Paolocci. Calcitonin gene-related peptide in vivo positive inotropy is attributable to regional sympatho-stimulation and is blunted in congestive heart failure. Circulation Research, 96 (2005); C.A. Massaad, B. Safieh-Garabedian, S. Poole, S.F. Atweh, S.J. Jabbur, N.E. Saadé. Involvement of substance P, CGRP and histamine in the hyperalgesia and cytokine upregulation induced by intraplantar injection of capsaicin in rats. Journal of Neuroimmunology, 153 (2004)",False,,,,,,,,,,,
Q16602,CALCRL,CAR,Cardiac disorders,M6,direct source-supported association,APSB literature only,source evidence mapped to SOC,,,APSB literature only,↓ BP; ↑ HR; ↑ cardiac contractility; facial flushing; ↑ pain; ↓ gastric emptying; ↓ blood calcium; ↓ blood phosphate; ↑ blood glucose,"U. Arulmani, M.P. Schuijt, J.P.C. Heiligers, E.W. Willems, C.M. Villalón, P.R. Saxena. Effects of the calcitonin gene-related peptide (CGRP) receptor antagonist BIBN4096BS on a-CGRP-induced regional haemodynamic changes in anaesthetised rats. Basic & Clinical Pharmacology & Toxicology, 94 (2004); P.R. Gangula, P. Lanlua, S. Wimalawansa, S. Supowit, D. DiPette, C. Yallampalli. Regulation of calcitonin gene-related peptide expression in dorsal root ganglia of rats by female sex steroid hormones. Biology of Reproduction, 62 (2000); C. Gennari, J.A. Fischer. Cardiovascular action of calcitonin gene-related peptide in humans. Calcified Tissue International, 37 (1985); T. Katori, D.B. Hoover, J.L. Ardell, R.H. Helm, D.F. Belardi, C.G. Tocchetti, ..., N. Paolocci. Calcitonin gene-related peptide in vivo positive inotropy is attributable to regional sympatho-stimulation and is blunted in congestive heart failure. Circulation Research, 96 (2005); C.A. Massaad, B. Safieh-Garabedian, S. Poole, S.F. Atweh, S.J. Jabbur, N.E. Saadé. Involvement of substance P, CGRP and histamine in the hyperalgesia and cytokine upregulation induced by intraplantar injection of capsaicin in rats. Journal of Neuroimmunology, 153 (2004)",False,,,,,,,,,,,
Q16602,CALCRL,GAS,Gastrointestinal disorders,M6,direct source-supported association,APSB literature only,source evidence mapped to SOC,,,APSB literature only,↓ BP; ↑ HR; ↑ cardiac contractility; facial flushing; ↑ pain; ↓ gastric emptying; ↓ blood calcium; ↓ blood phosphate; ↑ blood glucose; ↓ Pain; ↑ BP,"U. Arulmani, M.P. Schuijt, J.P.C. Heiligers, E.W. Willems, C.M. Villalón, P.R. Saxena. Effects of the calcitonin gene-related peptide (CGRP) receptor antagonist BIBN4096BS on a-CGRP-induced regional haemodynamic changes in anaesthetised rats. Basic & Clinical Pharmacology & Toxicology, 94 (2004); P.R. Gangula, P. Lanlua, S. Wimalawansa, S. Supowit, D. DiPette, C. Yallampalli. Regulation of calcitonin gene-related peptide expression in dorsal root ganglia of rats by female sex steroid hormones. Biology of Reproduction, 62 (2000); C. Gennari, J.A. Fischer. Cardiovascular action of calcitonin gene-related peptide in humans. Calcified Tissue International, 37 (1985); T. Katori, D.B. Hoover, J.L. Ardell, R.H. Helm, D.F. Belardi, C.G. Tocchetti, ..., N. Paolocci. Calcitonin gene-related peptide in vivo positive inotropy is attributable to regional sympatho-stimulation and is blunted in congestive heart failure. Circulation Research, 96 (2005); C.A. Massaad, B. Safieh-Garabedian, S. Poole, S.F. Atweh, S.J. Jabbur, N.E. Saadé. Involvement of substance P, CGRP and histamine in the hyperalgesia and cytokine upregulation induced by intraplantar injection of capsaicin in rats. Journal of Neuroimmunology, 153 (2004)",False,,,,,,,,,,,
Q16602,CALCRL,MET,Metabolism and nutrition disorders,M6,direct source-supported association,APSB literature only,source evidence mapped to SOC,,,APSB literature only,↓ BP; ↑ HR; ↑ cardiac contractility; facial flushing; ↑ pain; ↓ gastric emptying; ↓ blood calcium; ↓ blood phosphate; ↑ blood glucose,"U. Arulmani, M.P. Schuijt, J.P.C. Heiligers, E.W. Willems, C.M. Villalón, P.R. Saxena. Effects of the calcitonin gene-related peptide (CGRP) receptor antagonist BIBN4096BS on a-CGRP-induced regional haemodynamic changes in anaesthetised rats. Basic & Clinical Pharmacology & Toxicology, 94 (2004); P.R. Gangula, P. Lanlua, S. Wimalawansa, S. Supowit, D. DiPette, C. Yallampalli. Regulation of calcitonin gene-related peptide expression in dorsal root ganglia of rats by female sex steroid hormones. Biology of Reproduction, 62 (2000); C. Gennari, J.A. Fischer. Cardiovascular action of calcitonin gene-related peptide in humans. Calcified Tissue International, 37 (1985); T. Katori, D.B. Hoover, J.L. Ardell, R.H. Helm, D.F. Belardi, C.G. Tocchetti, ..., N. Paolocci. Calcitonin gene-related peptide in vivo positive inotropy is attributable to regional sympatho-stimulation and is blunted in congestive heart failure. Circulation Research, 96 (2005); C.A. Massaad, B. Safieh-Garabedian, S. Poole, S.F. Atweh, S.J. Jabbur, N.E. Saadé. Involvement of substance P, CGRP and histamine in the hyperalgesia and cytokine upregulation induced by intraplantar injection of capsaicin in rats. Journal of Neuroimmunology, 153 (2004)",False,,,,,,,,,,,
Q16602,CALCRL,NER,Nervous system disorders,M6,direct source-supported association,APSB literature only,source evidence mapped to SOC,,,APSB literature only,↓ BP; ↑ HR; ↑ cardiac contractility; facial flushing; ↑ pain; ↓ gastric emptying; ↓ blood calcium; ↓ blood phosphate; ↑ blood glucose; ↓ Pain; ↑ BP,"U. Arulmani, M.P. Schuijt, J.P.C. Heiligers, E.W. Willems, C.M. Villalón, P.R. Saxena. Effects of the calcitonin gene-related peptide (CGRP) receptor antagonist BIBN4096BS on a-CGRP-induced regional haemodynamic changes in anaesthetised rats. Basic & Clinical Pharmacology & Toxicology, 94 (2004); P.R. Gangula, P. Lanlua, S. Wimalawansa, S. Supowit, D. DiPette, C. Yallampalli. Regulation of calcitonin gene-related peptide expression in dorsal root ganglia of rats by female sex steroid hormones. Biology of Reproduction, 62 (2000); C. Gennari, J.A. Fischer. Cardiovascular action of calcitonin gene-related peptide in humans. Calcified Tissue International, 37 (1985); T. Katori, D.B. Hoover, J.L. Ardell, R.H. Helm, D.F. Belardi, C.G. Tocchetti, ..., N. Paolocci. Calcitonin gene-related peptide in vivo positive inotropy is attributable to regional sympatho-stimulation and is blunted in congestive heart failure. Circulation Research, 96 (2005); C.A. Massaad, B. Safieh-Garabedian, S. Poole, S.F. Atweh, S.J. Jabbur, N.E. Saadé. Involvement of substance P, CGRP and histamine in the hyperalgesia and cytokine upregulation induced by intraplantar injection of capsaicin in rats. Journal of Neuroimmunology, 153 (2004)",False,,,,,,,,,,,
Q16602,CALCRL,VAS,Vascular disorders,M6,direct source-supported association,APSB literature only,source evidence mapped to SOC,,,APSB literature only,↓ BP; ↑ HR; ↑ cardiac contractility; facial flushing; ↑ pain; ↓ gastric emptying; ↓ blood calcium; ↓ blood phosphate; ↑ blood glucose; ↓ Pain; ↑ BP,"U. Arulmani, M.P. Schuijt, J.P.C. Heiligers, E.W. Willems, C.M. Villalón, P.R. Saxena. Effects of the calcitonin gene-related peptide (CGRP) receptor antagonist BIBN4096BS on a-CGRP-induced regional haemodynamic changes in anaesthetised rats. Basic & Clinical Pharmacology & Toxicology, 94 (2004); P.R. Gangula, P. Lanlua, S. Wimalawansa, S. Supowit, D. DiPette, C. Yallampalli. Regulation of calcitonin gene-related peptide expression in dorsal root ganglia of rats by female sex steroid hormones. Biology of Reproduction, 62 (2000); C. Gennari, J.A. Fischer. Cardiovascular action of calcitonin gene-related peptide in humans. Calcified Tissue International, 37 (1985); T. Katori, D.B. Hoover, J.L. Ardell, R.H. Helm, D.F. Belardi, C.G. Tocchetti, ..., N. Paolocci. Calcitonin gene-related peptide in vivo positive inotropy is attributable to regional sympatho-stimulation and is blunted in congestive heart failure. Circulation Research, 96 (2005); C.A. Massaad, B. Safieh-Garabedian, S. Poole, S.F. Atweh, S.J. Jabbur, N.E. Saadé. Involvement of substance P, CGRP and histamine in the hyperalgesia and cytokine upregulation induced by intraplantar injection of capsaicin in rats. Journal of Neuroimmunology, 153 (2004)",False,,,,,,,,,,,
Q61224,HTR1D,NER,Nervous system disorders,M5,network visualization secondary,visualization-only functional context,random walk + within-target specificity + community SOC enrichment,1.0,0.8949218750000001,,,,True,0.9375,0.8515625,8.0,target top-2,6.0,46.0,0.125,0.875,HTR1B,HTR1B,1.0
Q61224,HTR1D,END,Endocrine disorder,M5,network visualization secondary,visualization-only functional context,random walk + within-target specificity + community SOC enrichment,2.0,0.8834722222222222,,,,True,0.875,0.8277777777777777,3.0,SOC minimum-15 + target top-2,7.0,46.0,0.145,1.0,HTR3A,HTR1A,1.0
Q61224,HTR1D,PSY,Psychiatric disorders,M5,network visualization secondary,visualization-only functional context,random walk + within-target specificity + community SOC enrichment,3.0,0.8479166666666667,,,,True,1.0,0.8690476190476191,8.0,SOC minimum-15,2.0,46.0,0.045,0.46875,HTR7,SLC6A4,1.0
Q61224,HTR1D,EYE,Eye disorders,M5,network visualization secondary,visualization-only functional context,random walk + within-target specificity + community SOC enrichment,5.0,0.7452683615819209,,,,True,0.75,0.807909604519774,11.0,SOC minimum-15,3.0,46.0,0.065,0.625,HTR1A,HTR1A,1.0
Q8TDR2,STK35,NER,Nervous system disorders,Unassigned,network visualization secondary,visualization-only functional context,global direct-SOC frequency fallback,1.0,1.0,,,,True,1.0,0.0078125,1.0,target top-2,0.0,0.0,0.0625,0.53125,ACHE,,
Q8TDR2,STK35,VAS,Vascular disorders,Unassigned,network visualization secondary,visualization-only functional context,global direct-SOC frequency fallback,2.0,0.9375,,,,True,0.9375,0.0071942446043165,1.0,SOC minimum-15 + target top-2,0.0,0.0,0.0625,0.53125,ABL1,,
Q8TDU6,GPBAR1,IMM,Immune system disorders,M6,network visualization secondary,visualization-only functional context,random walk + within-target specificity + community SOC enrichment,1.0,0.8208333333333333,,,,True,1.0,0.4880952380952381,12.0,target top-2,17.0,93.0,0.1778350515463917,1.0,CNR2,ADORA2B,1.0
Q8TDU6,GPBAR1,BLO,Blood and lymphatic system disorders,M6,network visualization secondary,visualization-only functional context,random walk + within-target specificity + community SOC enrichment,2.0,0.642986111111111,,,,True,0.9375,0.2388888888888889,32.0,target top-2,8.0,93.0,0.0850515463917525,0.6875,PPARG,PPARG,1.0
Q92731,ESR2,HEP,Hepatobiliary disorders,M4,network visualization secondary,visualization-only functional context,random walk + within-target specificity + community SOC enrichment,1.0,0.9044451871657756,,,,True,1.0,0.8877005347593583,6.0,target top-2,2.0,33.0,0.0608108108108108,0.71875,AR,AR,1.0
Q92731,ESR2,REP,Reproductive system and breast disorders,M4,network visualization secondary,visualization-only functional context,random walk + within-target specificity + community SOC enrichment,2.0,0.7694711538461538,,,,True,0.9375,0.7252747252747253,12.0,target top-2,1.0,33.0,0.0337837837837837,0.46875,AR,AR,1.0
Q92731,ESR2,SKI,Skin and subcutaneous tissue disorders,M4,network visualization secondary,visualization-only functional context,random walk + within-target specificity + community SOC enrichment,4.0,0.6739304812834224,,,,True,0.875,0.7112299465240641,18.0,SOC minimum-15,0.0,33.0,0.0067567567567567,0.15625,DRD1,DRD1,1.0
Q92847,GHSR,END,Endocrine disorder,M5,direct source-supported association,SPD marginal only,source evidence mapped to SOC,,,SPD marginal only,Blood growth hormone increased,"Sutherland et al., Nature Communications 2023; literature association evaluated in SPD",False,,,,,,,,,,,
Q92952,KCNN1,NER,Nervous system disorders,M3,direct source-supported association,APSB literature only,source evidence mapped to SOC,,,APSB literature only,↑ Atrial refractory period; convulsions; neurotoxicity; ↓ Convulsions; ataxia; ↓ locomotor activity,"N.J. Anderson, S. Slough, W.P. Watson. In vivo characterization of the small-conductance KCa (SK) channel activator 1-ethyl-2-benzimidazolinone (1-EBIO) as a potential anticonvulsant. European Journal of Pharmacology, 546 (2006); R.M. Empson, J.G. Jefferys. Ca2 + entry through L-type Ca2 + channels helps terminate epileptiform activity by activation of a Ca2 + dependent afterhyperpolarisation in hippocampal CA3. Neuroscience, 102 (2001); X.-Y. Qi, J.G. Diness, B.J.J.M. Brundel, X.-B. Zhou, P. Naud, C.-T. Wu, ..., S. Nattel. Role of small-conductance calcium-activated potassium channels in atrial electrophysiology and fibrillation in the dog. Circulation, 129 (2014); K.A. Vick 4th, M. Guidi, R.W. Stackman Jr. In vivo pharmacological manipulation of small conductance Ca2 +-activated K+ channels influences motor behavior, object memory and fear conditioning. Neuropharmacology, 58 (2010)",False,,,,,,,,,,,
Q96GD4,AURKB,HEP,Hepatobiliary disorders,M4,network visualization secondary,visualization-only functional context,random walk + within-target specificity + community SOC enrichment,1.0,0.7266377005347594,,,,True,1.0,0.3796791443850267,21.0,target top-2,2.0,33.0,0.0608108108108108,0.71875,AR,,2.0
Q96GD4,AURKB,GAS,Gastrointestinal disorders,M4,network visualization secondary,visualization-only functional context,random walk + within-target specificity + community SOC enrichment,2.0,0.6641568791946308,,,,True,0.9375,0.1208053691275167,26.0,target top-2,9.0,33.0,0.25,1.0,CDK2,CDK2,1.0
Q96LB1,MRGPRX2,REP,Reproductive system and breast disorders,M8,network visualization secondary,visualization-only functional context,random walk + within-target specificity + community SOC enrichment,1.0,0.8125,,,,True,1.0,0.5,9.0,target top-2,4.0,27.0,0.1370967741935483,0.9375,TACR1,TACR1,1.0
Q96LB1,MRGPRX2,RES,"Respiratory, thoracic and mediastinal disorders",M8,network visualization secondary,visualization-only functional context,random walk + within-target specificity + community SOC enrichment,2.0,0.6285741017964072,,,,True,0.9375,0.2155688622754491,34.0,target top-2,2.0,27.0,0.0725806451612903,0.65625,TACR1,TACR1,1.0
Q99250,SCN2A,CAR,Cardiac disorders,M3,direct source-supported association,APSB literature only,source evidence mapped to SOC,,,APSB literature only,↓ Locomotor activity; convulsions; dyspnea; ↑ HR; cardiac arrhythmia; ↓ Pain; agitation; ↓ sweating; ↑ pupil diameter; ↓/↑convulsions; ↓/↑HR; ↓ BP; ↓ cardiac contractility; ↓ cardiac conduction; ↑ QRS complex; cardiac arrhythmia; ↓ respiratory rate; ↓ GI transit; ↓ urine excretion; coma,"Y. Akada, S. Ogawa, K. Amano, Y. Fukudome, F. Yamasaki, M. Itoh, I. Yamamoto. Potent analgesic effects of a putative sodium channel blocker M58373 on formalin-induced and neuropathic pain in rats. European Journal of Pharmacology, 536 (2006); H. Chiao, S.W. Pelletier, H.K. Desai, W.R. Rebagay, R.W. Caldwell. Effects of diterpenoid alkaloids on cardiac sympathetic efferent and vagal afferent nerve activity. European Journal of Pharmacology, 283 (1995); A. Di Grande, C. Giuffrida, G. Narbone, C. Le Moli, F. Nigro, A. Di Mauro, ..., B. Alongi. Management of sodium-channel blocker poisoning: The role of hypertonic sodium salts. European Review for Medical and Pharmacological Sciences, 14 (2010); G. Sierra-Paredes, A. Núñez-Rodriguez, A. Vázquez-López, T. Oreiro-García, G. Sierra-Marcuño. Anticonvulsant effect of eslicarbazepine acetate (BIA 2-093) on seizures induced by microperfusion of picrotoxin in the hippocampus of freely moving rats. Epilepsy Research, 72 (2006)",False,,,,,,,,,,,
Q99250,SCN2A,GAS,Gastrointestinal disorders,M3,direct source-supported association,APSB literature only,source evidence mapped to SOC,,,APSB literature only,↓ Pain; agitation; ↓ sweating; ↑ pupil diameter; ↓/↑convulsions; ↓/↑HR; ↓ BP; ↓ cardiac contractility; ↓ cardiac conduction; ↑ QRS complex; cardiac arrhythmia; ↓ respiratory rate; ↓ GI transit; ↓ urine excretion; coma,"Y. Akada, S. Ogawa, K. Amano, Y. Fukudome, F. Yamasaki, M. Itoh, I. Yamamoto. Potent analgesic effects of a putative sodium channel blocker M58373 on formalin-induced and neuropathic pain in rats. European Journal of Pharmacology, 536 (2006); H. Chiao, S.W. Pelletier, H.K. Desai, W.R. Rebagay, R.W. Caldwell. Effects of diterpenoid alkaloids on cardiac sympathetic efferent and vagal afferent nerve activity. European Journal of Pharmacology, 283 (1995); A. Di Grande, C. Giuffrida, G. Narbone, C. Le Moli, F. Nigro, A. Di Mauro, ..., B. Alongi. Management of sodium-channel blocker poisoning: The role of hypertonic sodium salts. European Review for Medical and Pharmacological Sciences, 14 (2010); G. Sierra-Paredes, A. Núñez-Rodriguez, A. Vázquez-López, T. Oreiro-García, G. Sierra-Marcuño. Anticonvulsant effect of eslicarbazepine acetate (BIA 2-093) on seizures induced by microperfusion of picrotoxin in the hippocampus of freely moving rats. Epilepsy Research, 72 (2006)",False,,,,,,,,,,,
Q99250,SCN2A,NER,Nervous system disorders,M3,direct source-supported association,APSB literature only,source evidence mapped to SOC,,,APSB literature only,↓ Locomotor activity; convulsions; dyspnea; ↑ HR; cardiac arrhythmia; ↓ Pain; agitation; ↓ sweating; ↑ pupil diameter; ↓/↑convulsions; ↓/↑HR; ↓ BP; ↓ cardiac contractility; ↓ cardiac conduction; ↑ QRS complex; cardiac arrhythmia; ↓ respiratory rate; ↓ GI transit; ↓ urine excretion; coma,"Y. Akada, S. Ogawa, K. Amano, Y. Fukudome, F. Yamasaki, M. Itoh, I. Yamamoto. Potent analgesic effects of a putative sodium channel blocker M58373 on formalin-induced and neuropathic pain in rats. European Journal of Pharmacology, 536 (2006); H. Chiao, S.W. Pelletier, H.K. Desai, W.R. Rebagay, R.W. Caldwell. Effects of diterpenoid alkaloids on cardiac sympathetic efferent and vagal afferent nerve activity. European Journal of Pharmacology, 283 (1995); A. Di Grande, C. Giuffrida, G. Narbone, C. Le Moli, F. Nigro, A. Di Mauro, ..., B. Alongi. Management of sodium-channel blocker poisoning: The role of hypertonic sodium salts. European Review for Medical and Pharmacological Sciences, 14 (2010); G. Sierra-Paredes, A. Núñez-Rodriguez, A. Vázquez-López, T. Oreiro-García, G. Sierra-Marcuño. Anticonvulsant effect of eslicarbazepine acetate (BIA 2-093) on seizures induced by microperfusion of picrotoxin in the hippocampus of freely moving rats. Epilepsy Research, 72 (2006)",False,,,,,,,,,,,
Q99250,SCN2A,PSY,Psychiatric disorders,M3,direct source-supported association,APSB literature only,source evidence mapped to SOC,,,APSB literature only,↓ Pain; agitation; ↓ sweating; ↑ pupil diameter; ↓/↑convulsions; ↓/↑HR; ↓ BP; ↓ cardiac contractility; ↓ cardiac conduction; ↑ QRS complex; cardiac arrhythmia; ↓ respiratory rate; ↓ GI transit; ↓ urine excretion; coma,"Y. Akada, S. Ogawa, K. Amano, Y. Fukudome, F. Yamasaki, M. Itoh, I. Yamamoto. Potent analgesic effects of a putative sodium channel blocker M58373 on formalin-induced and neuropathic pain in rats. European Journal of Pharmacology, 536 (2006); H. Chiao, S.W. Pelletier, H.K. Desai, W.R. Rebagay, R.W. Caldwell. Effects of diterpenoid alkaloids on cardiac sympathetic efferent and vagal afferent nerve activity. European Journal of Pharmacology, 283 (1995); A. Di Grande, C. Giuffrida, G. Narbone, C. Le Moli, F. Nigro, A. Di Mauro, ..., B. Alongi. Management of sodium-channel blocker poisoning: The role of hypertonic sodium salts. European Review for Medical and Pharmacological Sciences, 14 (2010); G. Sierra-Paredes, A. Núñez-Rodriguez, A. Vázquez-López, T. Oreiro-García, G. Sierra-Marcuño. Anticonvulsant effect of eslicarbazepine acetate (BIA 2-093) on seizures induced by microperfusion of picrotoxin in the hippocampus of freely moving rats. Epilepsy Research, 72 (2006)",False,,,,,,,,,,,
Q99250,SCN2A,REN,Renal and urinary disorders,M3,direct source-supported association,APSB literature only,source evidence mapped to SOC,,,APSB literature only,↓ Pain; agitation; ↓ sweating; ↑ pupil diameter; ↓/↑convulsions; ↓/↑HR; ↓ BP; ↓ cardiac contractility; ↓ cardiac conduction; ↑ QRS complex; cardiac arrhythmia; ↓ respiratory rate; ↓ GI transit; ↓ urine excretion; coma,"Y. Akada, S. Ogawa, K. Amano, Y. Fukudome, F. Yamasaki, M. Itoh, I. Yamamoto. Potent analgesic effects of a putative sodium channel blocker M58373 on formalin-induced and neuropathic pain in rats. European Journal of Pharmacology, 536 (2006); H. Chiao, S.W. Pelletier, H.K. Desai, W.R. Rebagay, R.W. Caldwell. Effects of diterpenoid alkaloids on cardiac sympathetic efferent and vagal afferent nerve activity. European Journal of Pharmacology, 283 (1995); A. Di Grande, C. Giuffrida, G. Narbone, C. Le Moli, F. Nigro, A. Di Mauro, ..., B. Alongi. Management of sodium-channel blocker poisoning: The role of hypertonic sodium salts. European Review for Medical and Pharmacological Sciences, 14 (2010); G. Sierra-Paredes, A. Núñez-Rodriguez, A. Vázquez-López, T. Oreiro-García, G. Sierra-Marcuño. Anticonvulsant effect of eslicarbazepine acetate (BIA 2-093) on seizures induced by microperfusion of picrotoxin in the hippocampus of freely moving rats. Epilepsy Research, 72 (2006)",False,,,,,,,,,,,
Q99250,SCN2A,RES,"Respiratory, thoracic and mediastinal disorders",M3,direct source-supported association,APSB literature only,source evidence mapped to SOC,,,APSB literature only,↓ Locomotor activity; convulsions; dyspnea; ↑ HR; cardiac arrhythmia; ↓ Pain; agitation; ↓ sweating; ↑ pupil diameter; ↓/↑convulsions; ↓/↑HR; ↓ BP; ↓ cardiac contractility; ↓ cardiac conduction; ↑ QRS complex; cardiac arrhythmia; ↓ respiratory rate; ↓ GI transit; ↓ urine excretion; coma,"Y. Akada, S. Ogawa, K. Amano, Y. Fukudome, F. Yamasaki, M. Itoh, I. Yamamoto. Potent analgesic effects of a putative sodium channel blocker M58373 on formalin-induced and neuropathic pain in rats. European Journal of Pharmacology, 536 (2006); H. Chiao, S.W. Pelletier, H.K. Desai, W.R. Rebagay, R.W. Caldwell. Effects of diterpenoid alkaloids on cardiac sympathetic efferent and vagal afferent nerve activity. European Journal of Pharmacology, 283 (1995); A. Di Grande, C. Giuffrida, G. Narbone, C. Le Moli, F. Nigro, A. Di Mauro, ..., B. Alongi. Management of sodium-channel blocker poisoning: The role of hypertonic sodium salts. European Review for Medical and Pharmacological Sciences, 14 (2010); G. Sierra-Paredes, A. Núñez-Rodriguez, A. Vázquez-López, T. Oreiro-García, G. Sierra-Marcuño. Anticonvulsant effect of eslicarbazepine acetate (BIA 2-093) on seizures induced by microperfusion of picrotoxin in the hippocampus of freely moving rats. Epilepsy Research, 72 (2006)",False,,,,,,,,,,,
Q99250,SCN2A,VAS,Vascular disorders,M3,direct source-supported association,APSB literature only,source evidence mapped to SOC,,,APSB literature only,↓ Locomotor activity; convulsions; dyspnea; ↑ HR; cardiac arrhythmia; ↓ Pain; agitation; ↓ sweating; ↑ pupil diameter; ↓/↑convulsions; ↓/↑HR; ↓ BP; ↓ cardiac contractility; ↓ cardiac conduction; ↑ QRS complex; cardiac arrhythmia; ↓ respiratory rate; ↓ GI transit; ↓ urine excretion; coma,"Y. Akada, S. Ogawa, K. Amano, Y. Fukudome, F. Yamasaki, M. Itoh, I. Yamamoto. Potent analgesic effects of a putative sodium channel blocker M58373 on formalin-induced and neuropathic pain in rats. European Journal of Pharmacology, 536 (2006); H. Chiao, S.W. Pelletier, H.K. Desai, W.R. Rebagay, R.W. Caldwell. Effects of diterpenoid alkaloids on cardiac sympathetic efferent and vagal afferent nerve activity. European Journal of Pharmacology, 283 (1995); A. Di Grande, C. Giuffrida, G. Narbone, C. Le Moli, F. Nigro, A. Di Mauro, ..., B. Alongi. Management of sodium-channel blocker poisoning: The role of hypertonic sodium salts. European Review for Medical and Pharmacological Sciences, 14 (2010); G. Sierra-Paredes, A. Núñez-Rodriguez, A. Vázquez-López, T. Oreiro-García, G. Sierra-Marcuño. Anticonvulsant effect of eslicarbazepine acetate (BIA 2-093) on seizures induced by microperfusion of picrotoxin in the hippocampus of freely moving rats. Epilepsy Research, 72 (2006)",False,,,,,,,,,,,
Q99572,P2RX7,CAR,Cardiac disorders,M6,direct source-supported association,APSB literature only,source evidence mapped to SOC,,,APSB literature only,"↑ Pain; ↑ urine excretion; ↑ urinary sodium excretion; hemolysis
Chronic dosing: neurodegeneration","M. Jankowski, E. Szamocka, R. Kowalski, S. Angielski, M. Szczepańska-Konkel. The effects of P2X receptor agonists on renal sodium and water excretion in anesthetized rats. Acta Physiologica, 202 (2011);  G. Mesuret, T. Engel, E.V. Hessel, A. Sanz-Rodriguez, A. Jimenez-Pacheco, M.T. Miras-Portugal, ..., D.C. Henshall. P2X7 receptor inhibition interrupts the progression of seizures in immature rats and reduces hippocampal damage. CNS Neuroscience & Therapeutics, 20 (2014); J.-H. Park, G.-E. Lee, S.-D. Lee, T.T. Hien, S. Kim, J.W. Yang, ..., Y.-C. Kim. Discovery of novel 2,5-dioxoimidazolidine-based P2X7 receptor antagonists as constrained analogues of KN62. Journal of Medicinal Chemistry, 58 (2015); J.L. Saloman, M.K. Chung, J.Y. Ro. P2X3 and TRPV1 functionally interact and mediate sensitization of trigeminal sensory neurons. Neuroscience, 232 (2013); H.S. Seo, D.H. Roh, S.Y. Yoon, S.Y. Kang, J.Y. Moon, H.W. Kim, ..., J.H. Lee. Peripheral acid-sensing ion channels and P2X receptors contribute to mechanical allodynia in a rodent thrombus-induced ischemic pain model. The Journal of Pain, 11 (2010)",False,,,,,,,,,,,
Q99572,P2RX7,IMM,Immune system disorders,M6,direct source-supported association,APSB literature only,source evidence mapped to SOC,,,APSB literature only,"↑ Pain; ↑ urine excretion; ↑ urinary sodium excretion; hemolysis
Chronic dosing: neurodegeneration; ↓ Pain; ↓ inflammation; ↓ convulsions","M. Jankowski, E. Szamocka, R. Kowalski, S. Angielski, M. Szczepańska-Konkel. The effects of P2X receptor agonists on renal sodium and water excretion in anesthetized rats. Acta Physiologica, 202 (2011);  G. Mesuret, T. Engel, E.V. Hessel, A. Sanz-Rodriguez, A. Jimenez-Pacheco, M.T. Miras-Portugal, ..., D.C. Henshall. P2X7 receptor inhibition interrupts the progression of seizures in immature rats and reduces hippocampal damage. CNS Neuroscience & Therapeutics, 20 (2014); J.-H. Park, G.-E. Lee, S.-D. Lee, T.T. Hien, S. Kim, J.W. Yang, ..., Y.-C. Kim. Discovery of novel 2,5-dioxoimidazolidine-based P2X7 receptor antagonists as constrained analogues of KN62. Journal of Medicinal Chemistry, 58 (2015); J.L. Saloman, M.K. Chung, J.Y. Ro. P2X3 and TRPV1 functionally interact and mediate sensitization of trigeminal sensory neurons. Neuroscience, 232 (2013); H.S. Seo, D.H. Roh, S.Y. Yoon, S.Y. Kang, J.Y. Moon, H.W. Kim, ..., J.H. Lee. Peripheral acid-sensing ion channels and P2X receptors contribute to mechanical allodynia in a rodent thrombus-induced ischemic pain model. The Journal of Pain, 11 (2010)",False,,,,,,,,,,,
Q99572,P2RX7,NER,Nervous system disorders,M6,direct source-supported association,APSB literature only,source evidence mapped to SOC,,,APSB literature only,"↑ Pain; ↑ urine excretion; ↑ urinary sodium excretion; hemolysis
Chronic dosing: neurodegeneration; ↓ Pain; ↓ inflammation; ↓ convulsions","M. Jankowski, E. Szamocka, R. Kowalski, S. Angielski, M. Szczepańska-Konkel. The effects of P2X receptor agonists on renal sodium and water excretion in anesthetized rats. Acta Physiologica, 202 (2011);  G. Mesuret, T. Engel, E.V. Hessel, A. Sanz-Rodriguez, A. Jimenez-Pacheco, M.T. Miras-Portugal, ..., D.C. Henshall. P2X7 receptor inhibition interrupts the progression of seizures in immature rats and reduces hippocampal damage. CNS Neuroscience & Therapeutics, 20 (2014); J.-H. Park, G.-E. Lee, S.-D. Lee, T.T. Hien, S. Kim, J.W. Yang, ..., Y.-C. Kim. Discovery of novel 2,5-dioxoimidazolidine-based P2X7 receptor antagonists as constrained analogues of KN62. Journal of Medicinal Chemistry, 58 (2015); J.L. Saloman, M.K. Chung, J.Y. Ro. P2X3 and TRPV1 functionally interact and mediate sensitization of trigeminal sensory neurons. Neuroscience, 232 (2013); H.S. Seo, D.H. Roh, S.Y. Yoon, S.Y. Kang, J.Y. Moon, H.W. Kim, ..., J.H. Lee. Peripheral acid-sensing ion channels and P2X receptors contribute to mechanical allodynia in a rodent thrombus-induced ischemic pain model. The Journal of Pain, 11 (2010)",False,,,,,,,,,,,
Q99572,P2RX7,REN,Renal and urinary disorders,M6,direct source-supported association,APSB literature only,source evidence mapped to SOC,,,APSB literature only,"↑ Pain; ↑ urine excretion; ↑ urinary sodium excretion; hemolysis
Chronic dosing: neurodegeneration; ↓ Pain; ↓ inflammation; ↓ convulsions","M. Jankowski, E. Szamocka, R. Kowalski, S. Angielski, M. Szczepańska-Konkel. The effects of P2X receptor agonists on renal sodium and water excretion in anesthetized rats. Acta Physiologica, 202 (2011);  G. Mesuret, T. Engel, E.V. Hessel, A. Sanz-Rodriguez, A. Jimenez-Pacheco, M.T. Miras-Portugal, ..., D.C. Henshall. P2X7 receptor inhibition interrupts the progression of seizures in immature rats and reduces hippocampal damage. CNS Neuroscience & Therapeutics, 20 (2014); J.-H. Park, G.-E. Lee, S.-D. Lee, T.T. Hien, S. Kim, J.W. Yang, ..., Y.-C. Kim. Discovery of novel 2,5-dioxoimidazolidine-based P2X7 receptor antagonists as constrained analogues of KN62. Journal of Medicinal Chemistry, 58 (2015); J.L. Saloman, M.K. Chung, J.Y. Ro. P2X3 and TRPV1 functionally interact and mediate sensitization of trigeminal sensory neurons. Neuroscience, 232 (2013); H.S. Seo, D.H. Roh, S.Y. Yoon, S.Y. Kang, J.Y. Moon, H.W. Kim, ..., J.H. Lee. Peripheral acid-sensing ion channels and P2X receptors contribute to mechanical allodynia in a rodent thrombus-induced ischemic pain model. The Journal of Pain, 11 (2010)",False,,,,,,,,,,,
Q99720,SIGMAR1,NER,Nervous system disorders,M3,direct source-supported association,APSB literature only,source evidence mapped to SOC,,,APSB literature only,↓ Convulsions; ↑ memory; ↓ anxiety; hallucinations; drug abuse/dependence; ↓ Pain,"D. Fontanilla, M. Johannessen, A.R. Hajipour, N.V. Cozzi, M.B. Jackson, A.E. Ruoho. The hallucinogen N,N-dimethyltryptamine (DMT) is an endogenous sigma-1 receptor regulator. Science, 323 (2009); L. Guo, Y. Chen, R. Zhao, G. Wang, E. Friedman, A. Zhang, X. Zhen. Allosteric modulation of sigma-1 receptors elicits anti-seizure activities. British Journal of Pharmacology, 172 (2015); T. Hiranita, P.L. Soto, G. Tanda, J.L. Katz. Reinforcing effects of σ-receptor agonists in rats trained to self-administer cocaine. The Journal of Pharmacology and Experimental Therapeutics, 332 (2010); Y. Lan, Y. Chen, X. Cao, J. Zhang, J. Wang, X. Xu, ..., G. Zhang. Synthesis and biological evaluation of novel sigma-1 receptor antagonists based on pyrimidine scaffold as agents for treating neuropathic pain. Journal of Medicinal Chemistry, 57 (2014); T. Maurice, T.-P. Su, A. Privat. Sigma1 (σ1) receptor agonists and neurosteroids attenuate β25–35-amyloid peptide-induced amnesia in mice through a common mechanism. Neuroscience, 83 (1998)",False,,,,,,,,,,,
Q99720,SIGMAR1,PSY,Psychiatric disorders,M3,direct source-supported association,APSB literature only,source evidence mapped to SOC,,,APSB literature only,↓ Convulsions; ↑ memory; ↓ anxiety; hallucinations; drug abuse/dependence,"D. Fontanilla, M. Johannessen, A.R. Hajipour, N.V. Cozzi, M.B. Jackson, A.E. Ruoho. The hallucinogen N,N-dimethyltryptamine (DMT) is an endogenous sigma-1 receptor regulator. Science, 323 (2009); L. Guo, Y. Chen, R. Zhao, G. Wang, E. Friedman, A. Zhang, X. Zhen. Allosteric modulation of sigma-1 receptors elicits anti-seizure activities. British Journal of Pharmacology, 172 (2015); T. Hiranita, P.L. Soto, G. Tanda, J.L. Katz. Reinforcing effects of σ-receptor agonists in rats trained to self-administer cocaine. The Journal of Pharmacology and Experimental Therapeutics, 332 (2010); Y. Lan, Y. Chen, X. Cao, J. Zhang, J. Wang, X. Xu, ..., G. Zhang. Synthesis and biological evaluation of novel sigma-1 receptor antagonists based on pyrimidine scaffold as agents for treating neuropathic pain. Journal of Medicinal Chemistry, 57 (2014); T. Maurice, T.-P. Su, A. Privat. Sigma1 (σ1) receptor agonists and neurosteroids attenuate β25–35-amyloid peptide-induced amnesia in mice through a common mechanism. Neuroscience, 83 (1998)",False,,,,,,,,,,,
Q9BYF1,ACE2,REN,Renal and urinary disorders,M2,network visualization secondary,visualization-only functional context,random walk + within-target specificity + community SOC enrichment,1.0,0.7959019461077844,,,,True,0.9375,0.5329341317365269,10.0,target top-2,7.0,33.0,0.1959459459459459,0.9375,ACE,ACE,1.0
Q9BYF1,ACE2,HEP,Hepatobiliary disorders,M2,network visualization secondary,visualization-only functional context,random walk + within-target specificity + community SOC enrichment,2.0,0.7676470588235293,,,,True,1.0,0.7647058823529411,20.0,target top-2,0.0,33.0,0.0067567567567567,0.25,AR,AR,1.0
Q9GZV3,SLC5A7,MUS,Musculoskeletal and connective tissue disorders,M9,network visualization secondary,visualization-only functional context,random walk + within-target specificity + community SOC enrichment,1.0,0.9265449438202248,,,,True,1.0,0.8258426966292135,3.0,SOC minimum-15 + target top-2,6.0,39.0,0.1453488372093023,0.9375,CHRNA1,CHRNA1,1.0
Q9GZV3,SLC5A7,RES,"Respiratory, thoracic and mediastinal disorders",M9,network visualization secondary,visualization-only functional context,random walk + within-target specificity + community SOC enrichment,2.0,0.7920471556886227,,,,True,0.9375,0.6826347305389222,9.0,target top-2,3.0,39.0,0.0755813953488372,0.65625,CHRNA1,CHRM2,1.0
Q9GZV3,SLC5A7,SKI,Skin and subcutaneous tissue disorders,M9,network visualization secondary,visualization-only functional context,random walk + within-target specificity + community SOC enrichment,3.0,0.7220922459893048,,,,True,0.875,0.6524064171122995,14.0,SOC minimum-15,2.0,39.0,0.0523255813953488,0.5,SLC6A3,SLC6A3,1.0
Q9H2S1,KCNN2,NER,Nervous system disorders,M3,direct source-supported association,APSB literature only,source evidence mapped to SOC,,,APSB literature only,↑ Atrial refractory period; convulsions; neurotoxicity; ↓ Convulsions; ataxia; ↓ locomotor activity,"N.J. Anderson, S. Slough, W.P. Watson. In vivo characterization of the small-conductance KCa (SK) channel activator 1-ethyl-2-benzimidazolinone (1-EBIO) as a potential anticonvulsant. European Journal of Pharmacology, 546 (2006); R.M. Empson, J.G. Jefferys. Ca2 + entry through L-type Ca2 + channels helps terminate epileptiform activity by activation of a Ca2 + dependent afterhyperpolarisation in hippocampal CA3. Neuroscience, 102 (2001); X.-Y. Qi, J.G. Diness, B.J.J.M. Brundel, X.-B. Zhou, P. Naud, C.-T. Wu, ..., S. Nattel. Role of small-conductance calcium-activated potassium channels in atrial electrophysiology and fibrillation in the dog. Circulation, 129 (2014); K.A. Vick 4th, M. Guidi, R.W. Stackman Jr. In vivo pharmacological manipulation of small conductance Ca2 +-activated K+ channels influences motor behavior, object memory and fear conditioning. Neuropharmacology, 58 (2010)",False,,,,,,,,,,,
Q9H3N8,HRH4,RES,"Respiratory, thoracic and mediastinal disorders",M4,network visualization secondary,visualization-only functional context,random walk + within-target specificity + community SOC enrichment,1.0,0.6629116766467066,,,,True,1.0,0.1976047904191616,24.0,target top-2,2.0,33.0,0.0608108108108108,0.71875,HRH1,AGTR2,1.0
Q9H3N8,HRH4,NER,Nervous system disorders,M4,network visualization secondary,visualization-only functional context,random walk + within-target specificity + community SOC enrichment,2.0,0.61875,,,,True,0.875,0.125,53.0,target top-2,5.0,33.0,0.1418918918918918,0.90625,HRH1,AGTR2,1.0
Q9NS75,CYSLTR2,RES,"Respiratory, thoracic and mediastinal disorders",M8,network visualization secondary,visualization-only functional context,random walk + within-target specificity + community SOC enrichment,1.0,0.9291541916167664,,,,True,1.0,0.994011976047904,2.0,SOC minimum-15 + target top-2,2.0,27.0,0.0725806451612903,0.65625,TACR2,HTR2B,1.0
Q9NS75,CYSLTR2,REP,Reproductive system and breast disorders,M8,network visualization secondary,visualization-only functional context,random walk + within-target specificity + community SOC enrichment,2.0,0.927403846153846,,,,True,0.875,0.989010989010989,6.0,target top-2,4.0,27.0,0.1370967741935483,0.9375,TACR2,HTR2C,1.0
Q9NS75,CYSLTR2,VAS,Vascular disorders,M8,network visualization secondary,visualization-only functional context,random walk + within-target specificity + community SOC enrichment,3.0,0.9256070143884892,,,,True,0.9375,0.9928057553956836,3.0,SOC minimum-15,3.0,27.0,0.1048387096774193,0.78125,HRH2,HTR2A,1.0
Q9NS75,CYSLTR2,GAS,Gastrointestinal disorders,M8,network visualization secondary,visualization-only functional context,random walk + within-target specificity + community SOC enrichment,4.0,0.8398280201342282,,,,True,0.6875,0.9798657718120806,2.0,SOC minimum-15,4.0,27.0,0.1370967741935483,0.9375,HRH2,HTR2B,1.0
Q9UBS5,GABBR1,NER,Nervous system disorders,M9,network visualization secondary,visualization-only functional context,random walk + within-target specificity + community SOC enrichment,1.0,0.869921875,,,,True,0.875,0.7890625,11.0,target top-2,7.0,39.0,0.1686046511627907,1.0,CALCRL,GABRA1,1.0
Q9UBS5,GABBR1,BLO,Blood and lymphatic system disorders,M9,network visualization secondary,visualization-only functional context,random walk + within-target specificity + community SOC enrichment,2.0,0.8063888888888889,,,,True,1.0,0.9111111111111112,14.0,target top-2,0.0,39.0,0.005813953488372,0.1875,CALCRL,CALCRL,1.0
Q9UBS5,GABBR1,MUS,Musculoskeletal and connective tissue disorders,M9,network visualization secondary,visualization-only functional context,random walk + within-target specificity + community SOC enrichment,3.0,0.7865168539325843,,,,True,0.75,0.7471910112359551,11.0,SOC minimum-15,6.0,39.0,0.1453488372093023,0.9375,GABRA1,GABRA1,1.0
Q9UBS5,GABBR1,MET,Metabolism and nutrition disorders,M9,network visualization secondary,visualization-only functional context,random walk + within-target specificity + community SOC enrichment,4.0,0.7755681818181818,,,,True,0.9375,0.9034090909090908,11.0,SOC minimum-15,0.0,39.0,0.005813953488372,0.1875,CALCRL,CALCRL,1.0
Q9UDY8,MALT1,HEP,Hepatobiliary disorders,M4,network visualization secondary,visualization-only functional context,random walk + within-target specificity + community SOC enrichment,1.0,0.661129679144385,,,,True,1.0,0.1925133689839572,31.0,target top-2,2.0,33.0,0.0608108108108108,0.71875,AR,,2.0
Q9UDY8,MALT1,IMM,Immune system disorders,M4,network visualization secondary,visualization-only functional context,random walk + within-target specificity + community SOC enrichment,2.0,0.503125,,,,True,0.9375,0.1428571428571428,62.0,target top-2,0.0,33.0,0.0067567567567567,0.15625,TNF,TNF,1.0
Q9UGI6,KCNN3,NER,Nervous system disorders,M3,direct source-supported association,APSB literature only,source evidence mapped to SOC,,,APSB literature only,↑ Atrial refractory period; convulsions; neurotoxicity; ↓ Convulsions; ataxia; ↓ locomotor activity,"N.J. Anderson, S. Slough, W.P. Watson. In vivo characterization of the small-conductance KCa (SK) channel activator 1-ethyl-2-benzimidazolinone (1-EBIO) as a potential anticonvulsant. European Journal of Pharmacology, 546 (2006); R.M. Empson, J.G. Jefferys. Ca2 + entry through L-type Ca2 + channels helps terminate epileptiform activity by activation of a Ca2 + dependent afterhyperpolarisation in hippocampal CA3. Neuroscience, 102 (2001); X.-Y. Qi, J.G. Diness, B.J.J.M. Brundel, X.-B. Zhou, P. Naud, C.-T. Wu, ..., S. Nattel. Role of small-conductance calcium-activated potassium channels in atrial electrophysiology and fibrillation in the dog. Circulation, 129 (2014); K.A. Vick 4th, M. Guidi, R.W. Stackman Jr. In vivo pharmacological manipulation of small conductance Ca2 +-activated K+ channels influences motor behavior, object memory and fear conditioning. Neuropharmacology, 58 (2010)",False,,,,,,,,,,,
Q9UKP6,UTS2R,BLO,Blood and lymphatic system disorders,M6,direct source-supported association,APSB literature only,source evidence mapped to SOC,,,APSB literature only,↑ Urine excretion; ↑ urinary sodium excretion; ↓ blood glucose; ↓ inflammation; ↓ BP,"S.A. Douglas, D.J. Ashton, C.F. Sauermelch, R.W. Coatney, D.H. Ohlstein, M.R. Ruffolo, ..., R.N. Willette. Human urotensin-II is a potent vasoactive peptide: Pharmacological characterization in the rat, mouse, dog and primate. Journal of Cardiovascular Pharmacology, 36 (2000); D.Y. Liang, L.M. Liu, C.G. Ye, L. Zhao, F.P. Yu, D.Y. Gao, ..., Y.Y. Wang. Inhibition of UII/UTR system relieves acute inflammation of liver through preventing activation of NF-kappaB pathway in ALF mice. PloS One, 8 (2013); W. Song, A.E.S. Abdel-Razik, W. Lu, Z. Ao, D.G. Johns, S.A. Douglas, ..., N. Ashton. Urotensin II and renal function in the rat. Kidney International, 69 (2006); P. Tsoukas, E. Kane, A. Giaid. Potential clinical implications of the urotensin II receptor antagonists. Frontiers in Pharmacology, 2 (2011)",False,,,,,,,,,,,
Q9UKP6,UTS2R,CAR,Cardiac disorders,M6,direct source-supported association,APSB literature only,source evidence mapped to SOC,,,APSB literature only,↓ Cardiac contractility; ↓ BP; ↓ urine excretion; ↓ urinary sodium excretion; ↓ urinary potassium excretion,"S.A. Douglas, D.J. Ashton, C.F. Sauermelch, R.W. Coatney, D.H. Ohlstein, M.R. Ruffolo, ..., R.N. Willette. Human urotensin-II is a potent vasoactive peptide: Pharmacological characterization in the rat, mouse, dog and primate. Journal of Cardiovascular Pharmacology, 36 (2000); D.Y. Liang, L.M. Liu, C.G. Ye, L. Zhao, F.P. Yu, D.Y. Gao, ..., Y.Y. Wang. Inhibition of UII/UTR system relieves acute inflammation of liver through preventing activation of NF-kappaB pathway in ALF mice. PloS One, 8 (2013); W. Song, A.E.S. Abdel-Razik, W. Lu, Z. Ao, D.G. Johns, S.A. Douglas, ..., N. Ashton. Urotensin II and renal function in the rat. Kidney International, 69 (2006); P. Tsoukas, E. Kane, A. Giaid. Potential clinical implications of the urotensin II receptor antagonists. Frontiers in Pharmacology, 2 (2011)",False,,,,,,,,,,,
Q9UKP6,UTS2R,IMM,Immune system disorders,M6,direct source-supported association,APSB literature only,source evidence mapped to SOC,,,APSB literature only,↑ Urine excretion; ↑ urinary sodium excretion; ↓ blood glucose; ↓ inflammation; ↓ BP,"S.A. Douglas, D.J. Ashton, C.F. Sauermelch, R.W. Coatney, D.H. Ohlstein, M.R. Ruffolo, ..., R.N. Willette. Human urotensin-II is a potent vasoactive peptide: Pharmacological characterization in the rat, mouse, dog and primate. Journal of Cardiovascular Pharmacology, 36 (2000); D.Y. Liang, L.M. Liu, C.G. Ye, L. Zhao, F.P. Yu, D.Y. Gao, ..., Y.Y. Wang. Inhibition of UII/UTR system relieves acute inflammation of liver through preventing activation of NF-kappaB pathway in ALF mice. PloS One, 8 (2013); W. Song, A.E.S. Abdel-Razik, W. Lu, Z. Ao, D.G. Johns, S.A. Douglas, ..., N. Ashton. Urotensin II and renal function in the rat. Kidney International, 69 (2006); P. Tsoukas, E. Kane, A. Giaid. Potential clinical implications of the urotensin II receptor antagonists. Frontiers in Pharmacology, 2 (2011)",False,,,,,,,,,,,
Q9UKP6,UTS2R,MET,Metabolism and nutrition disorders,M6,direct source-supported association,APSB literature only,source evidence mapped to SOC,,,APSB literature only,↑ Urine excretion; ↑ urinary sodium excretion; ↓ blood glucose; ↓ inflammation; ↓ BP,"S.A. Douglas, D.J. Ashton, C.F. Sauermelch, R.W. Coatney, D.H. Ohlstein, M.R. Ruffolo, ..., R.N. Willette. Human urotensin-II is a potent vasoactive peptide: Pharmacological characterization in the rat, mouse, dog and primate. Journal of Cardiovascular Pharmacology, 36 (2000); D.Y. Liang, L.M. Liu, C.G. Ye, L. Zhao, F.P. Yu, D.Y. Gao, ..., Y.Y. Wang. Inhibition of UII/UTR system relieves acute inflammation of liver through preventing activation of NF-kappaB pathway in ALF mice. PloS One, 8 (2013); W. Song, A.E.S. Abdel-Razik, W. Lu, Z. Ao, D.G. Johns, S.A. Douglas, ..., N. Ashton. Urotensin II and renal function in the rat. Kidney International, 69 (2006); P. Tsoukas, E. Kane, A. Giaid. Potential clinical implications of the urotensin II receptor antagonists. Frontiers in Pharmacology, 2 (2011)",False,,,,,,,,,,,
Q9UKP6,UTS2R,REN,Renal and urinary disorders,M6,direct source-supported association,APSB literature only,source evidence mapped to SOC,,,APSB literature only,↑ Urine excretion; ↑ urinary sodium excretion; ↓ blood glucose; ↓ inflammation; ↓ BP; ↓ Cardiac contractility; ↓ BP; ↓ urine excretion; ↓ urinary sodium excretion; ↓ urinary potassium excretion,"S.A. Douglas, D.J. Ashton, C.F. Sauermelch, R.W. Coatney, D.H. Ohlstein, M.R. Ruffolo, ..., R.N. Willette. Human urotensin-II is a potent vasoactive peptide: Pharmacological characterization in the rat, mouse, dog and primate. Journal of Cardiovascular Pharmacology, 36 (2000); D.Y. Liang, L.M. Liu, C.G. Ye, L. Zhao, F.P. Yu, D.Y. Gao, ..., Y.Y. Wang. Inhibition of UII/UTR system relieves acute inflammation of liver through preventing activation of NF-kappaB pathway in ALF mice. PloS One, 8 (2013); W. Song, A.E.S. Abdel-Razik, W. Lu, Z. Ao, D.G. Johns, S.A. Douglas, ..., N. Ashton. Urotensin II and renal function in the rat. Kidney International, 69 (2006); P. Tsoukas, E. Kane, A. Giaid. Potential clinical implications of the urotensin II receptor antagonists. Frontiers in Pharmacology, 2 (2011)",False,,,,,,,,,,,
Q9UKP6,UTS2R,VAS,Vascular disorders,M6,direct source-supported association,APSB literature only,source evidence mapped to SOC,,,APSB literature only,↑ Urine excretion; ↑ urinary sodium excretion; ↓ blood glucose; ↓ inflammation; ↓ BP; ↓ Cardiac contractility; ↓ BP; ↓ urine excretion; ↓ urinary sodium excretion; ↓ urinary potassium excretion,"S.A. Douglas, D.J. Ashton, C.F. Sauermelch, R.W. Coatney, D.H. Ohlstein, M.R. Ruffolo, ..., R.N. Willette. Human urotensin-II is a potent vasoactive peptide: Pharmacological characterization in the rat, mouse, dog and primate. Journal of Cardiovascular Pharmacology, 36 (2000); D.Y. Liang, L.M. Liu, C.G. Ye, L. Zhao, F.P. Yu, D.Y. Gao, ..., Y.Y. Wang. Inhibition of UII/UTR system relieves acute inflammation of liver through preventing activation of NF-kappaB pathway in ALF mice. PloS One, 8 (2013); W. Song, A.E.S. Abdel-Razik, W. Lu, Z. Ao, D.G. Johns, S.A. Douglas, ..., N. Ashton. Urotensin II and renal function in the rat. Kidney International, 69 (2006); P. Tsoukas, E. Kane, A. Giaid. Potential clinical implications of the urotensin II receptor antagonists. Frontiers in Pharmacology, 2 (2011)",False,,,,,,,,,,,
Q9UQM7,CAMK2A,CAR,Cardiac disorders,M1,network visualization secondary,visualization-only functional context,random walk + within-target specificity + community SOC enrichment,1.0,0.9575892857142856,,,,True,0.9375,0.9591836734693876,1.0,SOC minimum-15 + target top-2,7.0,24.0,0.2589285714285714,1.0,PDE3A,SCN5A,1.0
Q9UQM7,CAMK2A,VAS,Vascular disorders,M1,network visualization secondary,visualization-only functional context,random walk + within-target specificity + community SOC enrichment,2.0,0.9161420863309352,,,,True,0.875,0.9568345323741008,4.0,SOC minimum-15 + target top-2,6.0,24.0,0.2232142857142857,0.9375,PDE3A,SCN5A,1.0
Q9UQM7,CAMK2A,EYE,Eye disorders,M1,network visualization secondary,visualization-only functional context,random walk + within-target specificity + community SOC enrichment,5.0,0.7943149717514124,,,,True,0.75,0.8587570621468926,6.0,SOC minimum-15,2.0,24.0,0.0803571428571428,0.78125,SCN5A,SCN5A,1.0
Q9UQM7,CAMK2A,GAS,Gastrointestinal disorders,M1,network visualization secondary,visualization-only functional context,random walk + within-target specificity + community SOC enrichment,6.0,0.7498531879194631,,,,True,0.6875,0.8120805369127517,11.0,SOC minimum-15,2.0,24.0,0.0803571428571428,0.78125,SCN5A,SCN5A,1.0
Q9Y271,CYSLTR1,REP,Reproductive system and breast disorders,M8,network visualization secondary,visualization-only functional context,random walk + within-target specificity + community SOC enrichment,1.0,0.9536057692307692,,,,True,0.9375,0.9835164835164836,3.0,target top-2,4.0,27.0,0.1370967741935483,0.9375,TACR2,HTR2C,1.0
Q9Y271,CYSLTR1,RES,"Respiratory, thoracic and mediastinal disorders",M8,network visualization secondary,visualization-only functional context,random walk + within-target specificity + community SOC enrichment,2.0,0.927058383233533,,,,True,1.0,0.9880239520958084,3.0,SOC minimum-15 + target top-2,2.0,27.0,0.0725806451612903,0.65625,TACR2,HRH1,1.0
Q9Y271,CYSLTR1,REN,Renal and urinary disorders,M8,network visualization secondary,visualization-only functional context,random walk + within-target specificity + community SOC enrichment,3.0,0.8228667664670658,,,,True,0.875,0.9760479041916168,7.0,SOC minimum-15,1.0,27.0,0.0403225806451612,0.4375,TACR2,PTAFR,1.0
Q9Y271,CYSLTR1,GAS,Gastrointestinal disorders,M8,network visualization secondary,visualization-only functional context,random walk + within-target specificity + community SOC enrichment,7.0,0.7694840604026845,,,,True,0.5625,0.9395973154362416,9.0,SOC minimum-15,4.0,27.0,0.1370967741935483,0.9375,TACR2,HRH1,1.0
Q9Y5N1,HRH3,GAS,Gastrointestinal disorders,M4,direct source-supported association,APSB literature only,source evidence mapped to SOC,,,APSB literature only,"↑Neurotransmitter release, ↑ wakefulness; ↓Neurotransmitter release, sedation","N.Z. Ghambari, J.-A. O; Arias-Montañoe, D. Reiner, S. Dastmalchi, H. Stark, M. Hamzeh-Mivehroudab. Histamine H3 receptor antagonists/inverse agonists: Where do they go? Pharmacology & Therapeutics, 2019 (2019)",False,,,,,,,,,,,
Q9Y5N1,HRH3,NER,Nervous system disorders,M4,direct source-supported association,APSB literature + SPD,source evidence mapped to SOC,,,APSB literature + SPD,"↑Neurotransmitter release, ↑ wakefulness; ↓Neurotransmitter release, sedation; Sedation, Somnolence","N.Z. Ghambari, J.-A. O; Arias-Montañoe, D. Reiner, S. Dastmalchi, H. Stark, M. Hamzeh-Mivehroudab. Histamine H3 receptor antagonists/inverse agonists: Where do they go? Pharmacology & Therapeutics, 2019 (2019); Sutherland et al., Nature Communications 2023; literature association evaluated in SPD",False,,,,,,,,,,,
P51787,KCNQ1,EAR,Ear and labyrinth disorders,M4,curated secondary association,APSB functional-effect term; secondary evidence,local APSB term mapped as secondary evidence,,,,potential hearing impairment; deafness,"Towart, R. et al. Blockade of the IKs potassium channel: An overlooked cardiovascular liability in drug safety screening? J. Pharmacol. Tox. Methods 60, 1-10 (2009)",True,,,,local APSB hearing-related term,,,,,,,
P43403,ZAP70,INF,Infections and infestations,M6,curated secondary association,APSB functional-effect term; secondary evidence,immunosuppression-mediated infection susceptibility,,,,Immunosuppression,"Chan, A. C. et al. ZAP-70: a 70 kDa protein-tyrosine kinase that associates with the TCR zeta chain. Cell 71, 649-662 (1992)",True,,,,local APSB immunosuppression term,,,,,,,
P32241,VIPR1,INF,Infections and infestations,M6,curated secondary association,APSB functional-effect term; secondary evidence,immunosuppression-mediated infection susceptibility,,,,immunosuppression,"Delgado, M. et al. The significance of vasoactive intestinal peptide in immunomodulation. Pharmacol. Rev. 56, 249-290 (2004)",True,,,,local APSB immunosuppression term,,,,,,,
P04150,NR3C1,INF,Infections and infestations,M5,curated secondary association,APSB functional-effect term; secondary evidence,immunosuppression-mediated infection susceptibility,,,,Immunosuppression,"McMaster, A. & Ray, D. W. Drug insight: selective agonists and antagonists of the glucocorticoid receptor. Nat. Clin. Pract. Endocrinol. Metab. 4, 91-101 (2008)",True,,,,local APSB immunosuppression term,,,,,,,
